scons: Reading SConscript files ...
SCons cache enabled... (path: "/Users/runner/work/PartyDeck/PartyDeck/godot/ios-host/build/scons-cache")
Building for platform "ios (simulator)", architecture "arm64", target "template_debug".
scons: done reading SConscript files.
scons: Building targets ...
[34mCompiling [1mplatform/ios/device_metrics.mm[22;23;24;29m ...[0m
[34mGenerating [1mcore/extension/gdextension_interface.gen.h[22;23;24;29m ...[0m
[34mGenerating [1mcore/object/gdvirtual.gen.h[22;23;24;29m ...[0m
[34mGenerating [1mservers/rendering/renderer_rd/shaders/blit.glsl.gen.h[22;23;24;29m ...[0m
[34mGenerating [1mdrivers/gles3/shaders/effects/copy.glsl.gen.h[22;23;24;29m ...[0m
[34mGenerating [1mdrivers/gles3/shaders/effects/cubemap_filter.glsl.gen.h[22;23;24;29m ...[0m
[34mGenerating [1mdrivers/gles3/shaders/feed.glsl.gen.h[22;23;24;29m ...[0m
[34mGenerating [1mdrivers/gles3/shaders/effects/glow.glsl.gen.h[22;23;24;29m ...[0m
[34mGenerating [1mdrivers/gles3/shaders/effects/post.glsl.gen.h[22;23;24;29m ...[0m
[34mGenerating [1mdrivers/gles3/shaders/canvas.glsl.gen.h[22;23;24;29m ...[0m
[34mGenerating [1mdrivers/gles3/shaders/canvas_occlusion.glsl.gen.h[22;23;24;29m ...[0m
[34mGenerating [1mdrivers/gles3/shaders/particles.glsl.gen.h[22;23;24;29m ...[0m
[34mGenerating [1mdrivers/gles3/shaders/scene.glsl.gen.h[22;23;24;29m ...[0m
[34mGenerating [1mdrivers/gles3/shaders/sky.glsl.gen.h[22;23;24;29m ...[0m
[34mGenerating [1mdrivers/gles3/shaders/tex_blit.glsl.gen.h[22;23;24;29m ...[0m
[34mGenerating [1mdrivers/gles3/shaders/skeleton.glsl.gen.h[22;23;24;29m ...[0m
[34mGenerating [1mdrivers/gles3/shaders/particles_copy.glsl.gen.h[22;23;24;29m ...[0m
[34mGenerating [1mdrivers/gles3/shaders/canvas_sdf.glsl.gen.h[22;23;24;29m ...[0m
[34mGenerating [1mservers/rendering/renderer_rd/shaders/environment/volumetric_fog.glsl.gen.h[22;23;24;29m ...[0m
[34mGenerating [1mservers/rendering/renderer_rd/shaders/environment/volumetric_fog_process.glsl.gen.h[22;23;24;29m ...[0m
[34mGenerating [1mservers/rendering/renderer_rd/shaders/canvas.glsl.gen.h[22;23;24;29m ...[0m
[34mGenerating [1mservers/rendering/renderer_rd/shaders/canvas_occlusion.glsl.gen.h[22;23;24;29m ...[0m
[34mGenerating [1mservers/rendering/renderer_rd/shaders/skeleton.glsl.gen.h[22;23;24;29m ...[0m
[34mGenerating [1mservers/rendering/renderer_rd/shaders/particles.glsl.gen.h[22;23;24;29m ...[0m
[34mGenerating [1mservers/rendering/renderer_rd/shaders/particles_copy.glsl.gen.h[22;23;24;29m ...[0m
[34mGenerating [1mservers/rendering/renderer_rd/shaders/canvas_sdf.glsl.gen.h[22;23;24;29m ...[0m
[34mGenerating [1mservers/rendering/renderer_rd/shaders/tex_blit.glsl.gen.h[22;23;24;29m ...[0m
[34mGenerating [1mservers/rendering/renderer_rd/shaders/environment/gi.glsl.gen.h[22;23;24;29m ...[0m
[34mGenerating [1mservers/rendering/renderer_rd/shaders/environment/sdfgi_debug.glsl.gen.h[22;23;24;29m ...[0m
[34mGenerating [1mservers/rendering/renderer_rd/shaders/environment/sdfgi_debug_probes.glsl.gen.h[22;23;24;29m ...[0m
[34mGenerating [1mservers/rendering/renderer_rd/shaders/environment/sdfgi_direct_light.glsl.gen.h[22;23;24;29m ...[0m
[34mGenerating [1mservers/rendering/renderer_rd/shaders/environment/sdfgi_integrate.glsl.gen.h[22;23;24;29m ...[0m
[34mGenerating [1mservers/rendering/renderer_rd/shaders/environment/sdfgi_preprocess.glsl.gen.h[22;23;24;29m ...[0m
[34mGenerating [1mservers/rendering/renderer_rd/shaders/environment/voxel_gi.glsl.gen.h[22;23;24;29m ...[0m
[34mGenerating [1mservers/rendering/renderer_rd/shaders/environment/voxel_gi_debug.glsl.gen.h[22;23;24;29m ...[0m
[34mGenerating [1mservers/rendering/renderer_rd/shaders/effects/bokeh_dof.glsl.gen.h[22;23;24;29m ...[0m
[34mGenerating [1mservers/rendering/renderer_rd/shaders/effects/bokeh_dof_raster.glsl.gen.h[22;23;24;29m ...[0m
[34mGenerating [1mservers/rendering/renderer_rd/shaders/effects/blur_raster.glsl.gen.h[22;23;24;29m ...[0m
[34mGenerating [1mservers/rendering/renderer_rd/shaders/effects/copy.glsl.gen.h[22;23;24;29m ...[0m
[34mGenerating [1mservers/rendering/renderer_rd/shaders/effects/copy_to_fb.glsl.gen.h[22;23;24;29m ...[0m
[34mGenerating [1mservers/rendering/renderer_rd/shaders/effects/cube_to_dp.glsl.gen.h[22;23;24;29m ...[0m
[34mGenerating [1mservers/rendering/renderer_rd/shaders/effects/cube_to_octmap.glsl.gen.h[22;23;24;29m ...[0m
[34mGenerating [1mservers/rendering/renderer_rd/shaders/effects/octmap_downsampler.glsl.gen.h[22;23;24;29m ...[0m
[34mGenerating [1mservers/rendering/renderer_rd/shaders/effects/octmap_downsampler_raster.glsl.gen.h[22;23;24;29m ...[0m
[34mGenerating [1mservers/rendering/renderer_rd/shaders/effects/octmap_filter.glsl.gen.h[22;23;24;29m ...[0m
[34mGenerating [1mservers/rendering/renderer_rd/shaders/effects/octmap_filter_raster.glsl.gen.h[22;23;24;29m ...[0m
[34mGenerating [1mservers/rendering/renderer_rd/shaders/effects/octmap_roughness.glsl.gen.h[22;23;24;29m ...[0m
[34mGenerating [1mservers/rendering/renderer_rd/shaders/effects/octmap_roughness_raster.glsl.gen.h[22;23;24;29m ...[0m
[34mGenerating [1mservers/rendering/renderer_rd/shaders/effects/specular_merge.glsl.gen.h[22;23;24;29m ...[0m
[34mGenerating [1mservers/rendering/renderer_rd/shaders/effects/motion_vectors.glsl.gen.h[22;23;24;29m ...[0m
[34mGenerating [1mservers/rendering/renderer_rd/shaders/effects/shadow_frustum.glsl.gen.h[22;23;24;29m ...[0m
[34mGenerating [1mservers/rendering/renderer_rd/shaders/effects/fsr_upscale.glsl.gen.h[22;23;24;29m ...[0m
[34mGenerating [1mservers/rendering/renderer_rd/shaders/effects/luminance_reduce.glsl.gen.h[22;23;24;29m ...[0m
[34mGenerating [1mservers/rendering/renderer_rd/shaders/effects/luminance_reduce_raster.glsl.gen.h[22;23;24;29m ...[0m
[34mGenerating [1mservers/rendering/renderer_rd/shaders/effects/resolve.glsl.gen.h[22;23;24;29m ...[0m
[34mGenerating [1mservers/rendering/renderer_rd/shaders/effects/resolve_raster.glsl.gen.h[22;23;24;29m ...[0m
[34mGenerating [1mservers/rendering/renderer_rd/shaders/effects/smaa_blending.glsl.gen.h[22;23;24;29m ...[0m
[34mGenerating [1mservers/rendering/renderer_rd/shaders/effects/smaa_edge_detection.glsl.gen.h[22;23;24;29m ...[0m
[34mGenerating [1mservers/rendering/renderer_rd/shaders/effects/smaa_weight_calculation.glsl.gen.h[22;23;24;29m ...[0m
[34mGenerating [1mservers/rendering/renderer_rd/shaders/effects/tonemap.glsl.gen.h[22;23;24;29m ...[0m
[34mGenerating [1mservers/rendering/renderer_rd/shaders/effects/tonemap_mobile.glsl.gen.h[22;23;24;29m ...[0m
[34mGenerating [1mservers/rendering/renderer_rd/shaders/effects/vrs.glsl.gen.h[22;23;24;29m ...[0m
[34mGenerating [1mservers/rendering/renderer_rd/shaders/environment/sky.glsl.gen.h[22;23;24;29m ...[0m
[34mGenerating [1mservers/rendering/renderer_rd/shaders/cluster_debug.glsl.gen.h[22;23;24;29m ...[0m
[34mGenerating [1mservers/rendering/renderer_rd/shaders/cluster_render.glsl.gen.h[22;23;24;29m ...[0m
[34mGenerating [1mservers/rendering/renderer_rd/shaders/cluster_store.glsl.gen.h[22;23;24;29m ...[0m
[34mCompiling [1mplatform/ios/display_layer_ios.mm[22;23;24;29m ...[0m
[34mCompiling [1mplatform/ios/display_server_ios.mm[22;23;24;29m ...[0m
[34mCompiling [1mplatform/ios/godot_view_ios.mm[22;23;24;29m ...[0m
[34mGenerating [1mcore/profiling/profiling.gen.h[22;23;24;29m ...[0m
[34mCompiling [1mplatform/ios/main_ios.mm[22;23;24;29m ...[0m
[34mCompiling [1mplatform/ios/os_ios.mm[22;23;24;29m ...[0m
[34mCompiling [1mmodules/camera/camera_apple.mm[22;23;24;29m ...[0m
[34mGenerating [1mcore/extension/gdextension_interface_dump.gen.h[22;23;24;29m ...[0m
[34mGenerating [1mmain/app_icon.gen.h[22;23;24;29m ...[0m
[34mGenerating [1mmain/splash.gen.h[22;23;24;29m ...[0m
[34mGenerating [1mmodules/modules_enabled.gen.h[22;23;24;29m ...[0m
[34mGenerating [1mcore/disabled_classes.gen.h[22;23;24;29m ...[0m
[34mGenerating [1mcore/version_generated.gen.h[22;23;24;29m ...[0m
[34mGenerating [1mcore/extension/ext_wrappers.gen.h[22;23;24;29m ...[0m
[34mCompiling [1mmain/main.cpp[22;23;24;29m ...[0m
[34mLinking Static Library [1mbin/libgodot_camera.ios.template_debug.arm64.simulator.a[22;23;24;29m ...[0m
[34mRanlib Library [1mbin/libgodot_camera.ios.template_debug.arm64.simulator.a[22;23;24;29m ...[0m
[34mLinking Static Library [1mbin/obj/platform/ios/libios.ios.template_debug.arm64.simulator.a[22;23;24;29m ...[0m
[34mRanlib Library [1mbin/obj/platform/ios/libios.ios.template_debug.arm64.simulator.a[22;23;24;29m ...[0m
[34mCompiling [1mmain/main_timer_sync.cpp[22;23;24;29m ...[0m
[34mCompiling [1mmain/performance.cpp[22;23;24;29m ...[0m
[34mCompiling [1mmain/steam_tracker.cpp[22;23;24;29m ...[0m
[34mGenerating [1mmodules/register_module_types.gen.cpp[22;23;24;29m ...[0m
[34mCompiling [1mmodules/register_module_types.gen.cpp[22;23;24;29m ...[0m
[34mLinking Static Library [1mbin/obj/modules/libmodules.ios.template_debug.arm64.simulator.a[22;23;24;29m ...[0m
[34mRanlib Library [1mbin/obj/modules/libmodules.ios.template_debug.arm64.simulator.a[22;23;24;29m ...[0m
[34mCompiling [1mthirdparty/harfbuzz/src/hb-aat-layout.cc[22;23;24;29m ...[0m
[34mLinking Static Library [1mbin/obj/main/libmain.ios.template_debug.arm64.simulator.a[22;23;24;29m ...[0m
ranlib: warning: 'libmain.ios.template_debug.arm64.simulator.a(steam_tracker.ios.template_debug.arm64.simulator.o)' has no symbols
[34mRanlib Library [1mbin/obj/main/libmain.ios.template_debug.arm64.simulator.a[22;23;24;29m ...[0m
ranlib: warning: 'libmain.ios.template_debug.arm64.simulator.a(steam_tracker.ios.template_debug.arm64.simulator.o)' has no symbols
[34mCompiling [1mthirdparty/harfbuzz/src/hb-aat-map.cc[22;23;24;29m ...[0m
[34mCompiling [1mthirdparty/harfbuzz/src/hb-blob.cc[22;23;24;29m ...[0m
[34mCompiling [1mthirdparty/harfbuzz/src/hb-buffer-serialize.cc[22;23;24;29m ...[0m
[34mCompiling [1mthirdparty/harfbuzz/src/hb-buffer-verify.cc[22;23;24;29m ...[0m
[34mCompiling [1mthirdparty/harfbuzz/src/hb-buffer.cc[22;23;24;29m ...[0m
[34mCompiling [1mthirdparty/harfbuzz/src/hb-common.cc[22;23;24;29m ...[0m
[34mCompiling [1mthirdparty/harfbuzz/src/hb-draw.cc[22;23;24;29m ...[0m
[34mCompiling [1mthirdparty/harfbuzz/src/hb-face-builder.cc[22;23;24;29m ...[0m
[34mCompiling [1mthirdparty/harfbuzz/src/hb-face.cc[22;23;24;29m ...[0m
[34mCompiling [1mthirdparty/harfbuzz/src/hb-fallback-shape.cc[22;23;24;29m ...[0m
[34mCompiling [1mthirdparty/harfbuzz/src/hb-font.cc[22;23;24;29m ...[0m
[34mCompiling [1mthirdparty/harfbuzz/src/hb-icu.cc[22;23;24;29m ...[0m
[34mCompiling [1mthirdparty/harfbuzz/src/hb-map.cc[22;23;24;29m ...[0m
[34mCompiling [1mthirdparty/harfbuzz/src/hb-number.cc[22;23;24;29m ...[0m
[34mCompiling [1mthirdparty/harfbuzz/src/hb-ot-cff1-table.cc[22;23;24;29m ...[0m
[34mCompiling [1mthirdparty/harfbuzz/src/hb-ot-cff2-table.cc[22;23;24;29m ...[0m
[34mCompiling [1mthirdparty/harfbuzz/src/hb-ot-color.cc[22;23;24;29m ...[0m
[34mCompiling [1mthirdparty/harfbuzz/src/hb-ot-face.cc[22;23;24;29m ...[0m
[34mCompiling [1mthirdparty/harfbuzz/src/hb-ot-font.cc[22;23;24;29m ...[0m
[34mCompiling [1mthirdparty/harfbuzz/src/hb-ot-layout.cc[22;23;24;29m ...[0m
[34mCompiling [1mthirdparty/harfbuzz/src/hb-ot-map.cc[22;23;24;29m ...[0m
[34mCompiling [1mthirdparty/harfbuzz/src/hb-ot-math.cc[22;23;24;29m ...[0m
[34mCompiling [1mthirdparty/harfbuzz/src/hb-ot-meta.cc[22;23;24;29m ...[0m
[34mCompiling [1mthirdparty/harfbuzz/src/hb-ot-metrics.cc[22;23;24;29m ...[0m
[34mCompiling [1mthirdparty/harfbuzz/src/hb-ot-name.cc[22;23;24;29m ...[0m
[34mCompiling [1mthirdparty/harfbuzz/src/hb-ot-shaper-arabic.cc[22;23;24;29m ...[0m
[34mCompiling [1mthirdparty/harfbuzz/src/hb-ot-shaper-default.cc[22;23;24;29m ...[0m
[34mCompiling [1mthirdparty/harfbuzz/src/hb-ot-shaper-hangul.cc[22;23;24;29m ...[0m
[34mCompiling [1mthirdparty/harfbuzz/src/hb-ot-shaper-hebrew.cc[22;23;24;29m ...[0m
[34mCompiling [1mthirdparty/harfbuzz/src/hb-ot-shaper-indic-table.cc[22;23;24;29m ...[0m
[34mCompiling [1mthirdparty/harfbuzz/src/hb-ot-shaper-indic.cc[22;23;24;29m ...[0m
[34mCompiling [1mthirdparty/harfbuzz/src/hb-ot-shaper-khmer.cc[22;23;24;29m ...[0m
[34mCompiling [1mthirdparty/harfbuzz/src/hb-ot-shaper-myanmar.cc[22;23;24;29m ...[0m
[34mCompiling [1mthirdparty/harfbuzz/src/hb-ot-shaper-syllabic.cc[22;23;24;29m ...[0m
[34mCompiling [1mthirdparty/harfbuzz/src/hb-ot-shaper-thai.cc[22;23;24;29m ...[0m
[34mCompiling [1mthirdparty/harfbuzz/src/hb-ot-shaper-use.cc[22;23;24;29m ...[0m
[34mCompiling [1mthirdparty/harfbuzz/src/hb-ot-shaper-vowel-constraints.cc[22;23;24;29m ...[0m
[34mCompiling [1mthirdparty/harfbuzz/src/hb-ot-shape-fallback.cc[22;23;24;29m ...[0m
[34mCompiling [1mthirdparty/harfbuzz/src/hb-ot-shape-normalize.cc[22;23;24;29m ...[0m
[34mCompiling [1mthirdparty/harfbuzz/src/hb-ot-shape.cc[22;23;24;29m ...[0m
[34mCompiling [1mthirdparty/harfbuzz/src/hb-ot-tag.cc[22;23;24;29m ...[0m
[34mCompiling [1mthirdparty/harfbuzz/src/hb-ot-var.cc[22;23;24;29m ...[0m
[34mCompiling [1mthirdparty/harfbuzz/src/hb-outline.cc[22;23;24;29m ...[0m
[34mCompiling [1mthirdparty/harfbuzz/src/hb-paint-bounded.cc[22;23;24;29m ...[0m
[34mCompiling [1mthirdparty/harfbuzz/src/hb-paint-extents.cc[22;23;24;29m ...[0m
[34mCompiling [1mthirdparty/harfbuzz/src/hb-paint.cc[22;23;24;29m ...[0m
[34mCompiling [1mthirdparty/harfbuzz/src/hb-set.cc[22;23;24;29m ...[0m
[34mCompiling [1mthirdparty/harfbuzz/src/hb-shape-plan.cc[22;23;24;29m ...[0m
[34mCompiling [1mthirdparty/harfbuzz/src/hb-shape.cc[22;23;24;29m ...[0m
[34mCompiling [1mthirdparty/harfbuzz/src/hb-shaper.cc[22;23;24;29m ...[0m
[34mCompiling [1mthirdparty/harfbuzz/src/hb-static.cc[22;23;24;29m ...[0m
[34mCompiling [1mthirdparty/harfbuzz/src/hb-style.cc[22;23;24;29m ...[0m
[34mCompiling [1mthirdparty/harfbuzz/src/hb-raster.cc[22;23;24;29m ...[0m
[34mCompiling [1mthirdparty/harfbuzz/src/hb-raster-draw.cc[22;23;24;29m ...[0m
[34mCompiling [1mthirdparty/harfbuzz/src/hb-raster-image.cc[22;23;24;29m ...[0m
[34mCompiling [1mthirdparty/harfbuzz/src/hb-raster-paint.cc[22;23;24;29m ...[0m
[34mCompiling [1mthirdparty/harfbuzz/src/hb-vector-draw.cc[22;23;24;29m ...[0m
[34mCompiling [1mthirdparty/harfbuzz/src/hb-vector-paint-svg.cc[22;23;24;29m ...[0m
[34mCompiling [1mthirdparty/harfbuzz/src/hb-vector-paint.cc[22;23;24;29m ...[0m
[34mCompiling [1mthirdparty/harfbuzz/src/hb-vector-path.cc[22;23;24;29m ...[0m
[34mCompiling [1mthirdparty/harfbuzz/src/hb-vector.cc[22;23;24;29m ...[0m
[34mCompiling [1mthirdparty/harfbuzz/src/hb-subset.cc[22;23;24;29m ...[0m
[34mCompiling [1mthirdparty/harfbuzz/src/hb-ucd.cc[22;23;24;29m ...[0m
[34mCompiling [1mthirdparty/harfbuzz/src/hb-unicode.cc[22;23;24;29m ...[0m
[34mCompiling [1mthirdparty/harfbuzz/src/hb-zlib.cc[22;23;24;29m ...[0m
[34mCompiling [1mthirdparty/harfbuzz/src/OT/Var/VARC/VARC.cc[22;23;24;29m ...[0m
[34mCompiling [1mthirdparty/harfbuzz/src/hb-ft.cc[22;23;24;29m ...[0m
[34mCompiling [1mthirdparty/harfbuzz/src/hb-graphite2.cc[22;23;24;29m ...[0m
[34mCompiling [1mthirdparty/graphite/src/gr_char_info.cpp[22;23;24;29m ...[0m
[34mCompiling [1mthirdparty/graphite/src/gr_face.cpp[22;23;24;29m ...[0m
[34mCompiling [1mthirdparty/graphite/src/gr_features.cpp[22;23;24;29m ...[0m
[34mLinking Static Library [1mbin/obj/modules/text_server_adv/libharfbuzz_builtin.ios.template_debug.arm64.simulator.a[22;23;24;29m ...[0m
ranlib: warning: 'libharfbuzz_builtin.ios.template_debug.arm64.simulator.a(hb-raster.ios.template_debug.arm64.simulator.o)' has no symbols
[34mRanlib Library [1mbin/obj/modules/text_server_adv/libharfbuzz_builtin.ios.template_debug.arm64.simulator.a[22;23;24;29m ...[0m
ranlib: warning: 'libharfbuzz_builtin.ios.template_debug.arm64.simulator.a(hb-raster.ios.template_debug.arm64.simulator.o)' has no symbols
[34mCompiling [1mthirdparty/graphite/src/gr_font.cpp[22;23;24;29m ...[0m
[34mCompiling [1mthirdparty/graphite/src/gr_logging.cpp[22;23;24;29m ...[0m
[34mCompiling [1mthirdparty/graphite/src/gr_segment.cpp[22;23;24;29m ...[0m
[34mCompiling [1mthirdparty/graphite/src/gr_slot.cpp[22;23;24;29m ...[0m
[34mCompiling [1mthirdparty/graphite/src/CmapCache.cpp[22;23;24;29m ...[0m
[34mCompiling [1mthirdparty/graphite/src/Code.cpp[22;23;24;29m ...[0m
[34mCompiling [1mthirdparty/graphite/src/Collider.cpp[22;23;24;29m ...[0m
[34mCompiling [1mthirdparty/graphite/src/Decompressor.cpp[22;23;24;29m ...[0m
[34mCompiling [1mthirdparty/graphite/src/Face.cpp[22;23;24;29m ...[0m
[34mCompiling [1mthirdparty/graphite/src/FeatureMap.cpp[22;23;24;29m ...[0m
[34mCompiling [1mthirdparty/graphite/src/Font.cpp[22;23;24;29m ...[0m
[34mCompiling [1mthirdparty/graphite/src/GlyphCache.cpp[22;23;24;29m ...[0m
[34mCompiling [1mthirdparty/graphite/src/GlyphFace.cpp[22;23;24;29m ...[0m
[34mCompiling [1mthirdparty/graphite/src/Intervals.cpp[22;23;24;29m ...[0m
[34mCompiling [1mthirdparty/graphite/src/Justifier.cpp[22;23;24;29m ...[0m
[34mCompiling [1mthirdparty/graphite/src/NameTable.cpp[22;23;24;29m ...[0m
[34mCompiling [1mthirdparty/graphite/src/Pass.cpp[22;23;24;29m ...[0m
[34mCompiling [1mthirdparty/graphite/src/Position.cpp[22;23;24;29m ...[0m
[34mCompiling [1mthirdparty/graphite/src/Segment.cpp[22;23;24;29m ...[0m
[34mCompiling [1mthirdparty/graphite/src/Silf.cpp[22;23;24;29m ...[0m
[34mCompiling [1mthirdparty/graphite/src/Slot.cpp[22;23;24;29m ...[0m
[34mCompiling [1mthirdparty/graphite/src/Sparse.cpp[22;23;24;29m ...[0m
[34mCompiling [1mthirdparty/graphite/src/TtfUtil.cpp[22;23;24;29m ...[0m
[34mCompiling [1mthirdparty/graphite/src/UtfCodec.cpp[22;23;24;29m ...[0m
[34mCompiling [1mthirdparty/graphite/src/FileFace.cpp[22;23;24;29m ...[0m
[34mCompiling [1mthirdparty/graphite/src/json.cpp[22;23;24;29m ...[0m
[34mCompiling [1mthirdparty/graphite/src/direct_machine.cpp[22;23;24;29m ...[0m
[34mCompiling [1mthirdparty/icu4c/common/appendable.cpp[22;23;24;29m ...[0m
[34mCompiling [1mthirdparty/icu4c/common/bmpset.cpp[22;23;24;29m ...[0m
[34mLinking Static Library [1mbin/obj/modules/text_server_adv/libgraphite_builtin.ios.template_debug.arm64.simulator.a[22;23;24;29m ...[0m
ranlib: warning: 'libgraphite_builtin.ios.template_debug.arm64.simulator.a(FileFace.ios.template_debug.arm64.simulator.o)' has no symbols
ranlib: warning: 'libgraphite_builtin.ios.template_debug.arm64.simulator.a(json.ios.template_debug.arm64.simulator.o)' has no symbols
[34mRanlib Library [1mbin/obj/modules/text_server_adv/libgraphite_builtin.ios.template_debug.arm64.simulator.a[22;23;24;29m ...[0m
ranlib: warning: 'libgraphite_builtin.ios.template_debug.arm64.simulator.a(FileFace.ios.template_debug.arm64.simulator.o)' has no symbols
ranlib: warning: 'libgraphite_builtin.ios.template_debug.arm64.simulator.a(json.ios.template_debug.arm64.simulator.o)' has no symbols
[34mCompiling [1mthirdparty/icu4c/common/brkeng.cpp[22;23;24;29m ...[0m
[34mCompiling [1mthirdparty/icu4c/common/brkiter.cpp[22;23;24;29m ...[0m
[34mCompiling [1mthirdparty/icu4c/common/bytesinkutil.cpp[22;23;24;29m ...[0m
[34mCompiling [1mthirdparty/icu4c/common/bytestream.cpp[22;23;24;29m ...[0m
[34mCompiling [1mthirdparty/icu4c/common/bytestrie.cpp[22;23;24;29m ...[0m
[34mCompiling [1mthirdparty/icu4c/common/bytestriebuilder.cpp[22;23;24;29m ...[0m
[34mCompiling [1mthirdparty/icu4c/common/bytestrieiterator.cpp[22;23;24;29m ...[0m
[34mCompiling [1mthirdparty/icu4c/common/caniter.cpp[22;23;24;29m ...[0m
[34mCompiling [1mthirdparty/icu4c/common/characterproperties.cpp[22;23;24;29m ...[0m
[34mCompiling [1mthirdparty/icu4c/common/chariter.cpp[22;23;24;29m ...[0m
[34mCompiling [1mthirdparty/icu4c/common/charstr.cpp[22;23;24;29m ...[0m
[34mCompiling [1mthirdparty/icu4c/common/cmemory.cpp[22;23;24;29m ...[0m
[34mCompiling [1mthirdparty/icu4c/common/cstr.cpp[22;23;24;29m ...[0m
[34mCompiling [1mthirdparty/icu4c/common/cstring.cpp[22;23;24;29m ...[0m
[34mCompiling [1mthirdparty/icu4c/common/cwchar.cpp[22;23;24;29m ...[0m
[34mCompiling [1mthirdparty/icu4c/common/dictbe.cpp[22;23;24;29m ...[0m
[34mCompiling [1mthirdparty/icu4c/common/dictionarydata.cpp[22;23;24;29m ...[0m
[34mCompiling [1mthirdparty/icu4c/common/dtintrv.cpp[22;23;24;29m ...[0m
[34mCompiling [1mthirdparty/icu4c/common/edits.cpp[22;23;24;29m ...[0m
[34mCompiling [1mthirdparty/icu4c/common/emojiprops.cpp[22;23;24;29m ...[0m
[34mCompiling [1mthirdparty/icu4c/common/errorcode.cpp[22;23;24;29m ...[0m
[34mCompiling [1mthirdparty/icu4c/common/filteredbrk.cpp[22;23;24;29m ...[0m
[34mCompiling [1mthirdparty/icu4c/common/filterednormalizer2.cpp[22;23;24;29m ...[0m
[34mCompiling [1mthirdparty/icu4c/common/fixedstring.cpp[22;23;24;29m ...[0m
[34mCompiling [1mthirdparty/icu4c/common/icudataver.cpp[22;23;24;29m ...[0m
[34mCompiling [1mthirdparty/icu4c/common/icuplug.cpp[22;23;24;29m ...[0m
[34mCompiling [1mthirdparty/icu4c/common/loadednormalizer2impl.cpp[22;23;24;29m ...[0m
[34mCompiling [1mthirdparty/icu4c/common/localebuilder.cpp[22;23;24;29m ...[0m
[34mCompiling [1mthirdparty/icu4c/common/localematcher.cpp[22;23;24;29m ...[0m
[34mCompiling [1mthirdparty/icu4c/common/localeprioritylist.cpp[22;23;24;29m ...[0m
[34mCompiling [1mthirdparty/icu4c/common/locavailable.cpp[22;23;24;29m ...[0m
[34mCompiling [1mthirdparty/icu4c/common/locbased.cpp[22;23;24;29m ...[0m
[34mCompiling [1mthirdparty/icu4c/common/locdispnames.cpp[22;23;24;29m ...[0m
[34mCompiling [1mthirdparty/icu4c/common/locdistance.cpp[22;23;24;29m ...[0m
[34mCompiling [1mthirdparty/icu4c/common/locdspnm.cpp[22;23;24;29m ...[0m
[34mCompiling [1mthirdparty/icu4c/common/locid.cpp[22;23;24;29m ...[0m
[34mCompiling [1mthirdparty/icu4c/common/loclikely.cpp[22;23;24;29m ...[0m
[34mCompiling [1mthirdparty/icu4c/common/loclikelysubtags.cpp[22;23;24;29m ...[0m
[34mCompiling [1mthirdparty/icu4c/common/locmap.cpp[22;23;24;29m ...[0m
[34mCompiling [1mthirdparty/icu4c/common/locresdata.cpp[22;23;24;29m ...[0m
[34mCompiling [1mthirdparty/icu4c/common/locutil.cpp[22;23;24;29m ...[0m
[34mCompiling [1mthirdparty/icu4c/common/lsr.cpp[22;23;24;29m ...[0m
[34mCompiling [1mthirdparty/icu4c/common/lstmbe.cpp[22;23;24;29m ...[0m
[34mCompiling [1mthirdparty/icu4c/common/messagepattern.cpp[22;23;24;29m ...[0m
[34mCompiling [1mthirdparty/icu4c/common/mlbe.cpp[22;23;24;29m ...[0m
[34mCompiling [1mthirdparty/icu4c/common/normalizer2.cpp[22;23;24;29m ...[0m
[34mCompiling [1mthirdparty/icu4c/common/normalizer2impl.cpp[22;23;24;29m ...[0m
[34mCompiling [1mthirdparty/icu4c/common/normlzr.cpp[22;23;24;29m ...[0m
[34mCompiling [1mthirdparty/icu4c/common/parsepos.cpp[22;23;24;29m ...[0m
[34mCompiling [1mthirdparty/icu4c/common/patternprops.cpp[22;23;24;29m ...[0m
[34mCompiling [1mthirdparty/icu4c/common/pluralmap.cpp[22;23;24;29m ...[0m
[34mCompiling [1mthirdparty/icu4c/common/propname.cpp[22;23;24;29m ...[0m
[34mCompiling [1mthirdparty/icu4c/common/propsvec.cpp[22;23;24;29m ...[0m
[34mCompiling [1mthirdparty/icu4c/common/punycode.cpp[22;23;24;29m ...[0m
[34mCompiling [1mthirdparty/icu4c/common/putil.cpp[22;23;24;29m ...[0m
[34mCompiling [1mthirdparty/icu4c/common/rbbi.cpp[22;23;24;29m ...[0m
[34mCompiling [1mthirdparty/icu4c/common/rbbi_cache.cpp[22;23;24;29m ...[0m
[34mCompiling [1mthirdparty/icu4c/common/rbbidata.cpp[22;23;24;29m ...[0m
[34mCompiling [1mthirdparty/icu4c/common/rbbinode.cpp[22;23;24;29m ...[0m
[34mCompiling [1mthirdparty/icu4c/common/rbbirb.cpp[22;23;24;29m ...[0m
[34mCompiling [1mthirdparty/icu4c/common/rbbiscan.cpp[22;23;24;29m ...[0m
[34mCompiling [1mthirdparty/icu4c/common/rbbisetb.cpp[22;23;24;29m ...[0m
[34mCompiling [1mthirdparty/icu4c/common/rbbistbl.cpp[22;23;24;29m ...[0m
[34mCompiling [1mthirdparty/icu4c/common/rbbitblb.cpp[22;23;24;29m ...[0m
[34mCompiling [1mthirdparty/icu4c/common/resbund.cpp[22;23;24;29m ...[0m
[34mCompiling [1mthirdparty/icu4c/common/resbund_cnv.cpp[22;23;24;29m ...[0m
[34mCompiling [1mthirdparty/icu4c/common/resource.cpp[22;23;24;29m ...[0m
[34mCompiling [1mthirdparty/icu4c/common/restrace.cpp[22;23;24;29m ...[0m
[34mCompiling [1mthirdparty/icu4c/common/ruleiter.cpp[22;23;24;29m ...[0m
[34mCompiling [1mthirdparty/icu4c/common/schriter.cpp[22;23;24;29m ...[0m
[34mCompiling [1mthirdparty/icu4c/common/serv.cpp[22;23;24;29m ...[0m
[34mCompiling [1mthirdparty/icu4c/common/servlk.cpp[22;23;24;29m ...[0m
[34mCompiling [1mthirdparty/icu4c/common/servlkf.cpp[22;23;24;29m ...[0m
[34mCompiling [1mthirdparty/icu4c/common/servls.cpp[22;23;24;29m ...[0m
[34mCompiling [1mthirdparty/icu4c/common/servnotf.cpp[22;23;24;29m ...[0m
[34mCompiling [1mthirdparty/icu4c/common/servrbf.cpp[22;23;24;29m ...[0m
[34mCompiling [1mthirdparty/icu4c/common/servslkf.cpp[22;23;24;29m ...[0m
[34mCompiling [1mthirdparty/icu4c/common/sharedobject.cpp[22;23;24;29m ...[0m
[34mCompiling [1mthirdparty/icu4c/common/simpleformatter.cpp[22;23;24;29m ...[0m
[34mCompiling [1mthirdparty/icu4c/common/static_unicode_sets.cpp[22;23;24;29m ...[0m
[34mCompiling [1mthirdparty/icu4c/common/stringpiece.cpp[22;23;24;29m ...[0m
[34mCompiling [1mthirdparty/icu4c/common/stringtriebuilder.cpp[22;23;24;29m ...[0m
[34mCompiling [1mthirdparty/icu4c/common/uarrsort.cpp[22;23;24;29m ...[0m
[34mCompiling [1mthirdparty/icu4c/common/ubidi.cpp[22;23;24;29m ...[0m
[34mCompiling [1mthirdparty/icu4c/common/ubidi_props.cpp[22;23;24;29m ...[0m
[34mCompiling [1mthirdparty/icu4c/common/ubidiln.cpp[22;23;24;29m ...[0m
[34mCompiling [1mthirdparty/icu4c/common/ubiditransform.cpp[22;23;24;29m ...[0m
[34mCompiling [1mthirdparty/icu4c/common/ubidiwrt.cpp[22;23;24;29m ...[0m
[34mCompiling [1mthirdparty/icu4c/common/ubrk.cpp[22;23;24;29m ...[0m
[34mCompiling [1mthirdparty/icu4c/common/ucase.cpp[22;23;24;29m ...[0m
[34mCompiling [1mthirdparty/icu4c/common/ucasemap.cpp[22;23;24;29m ...[0m
[34mCompiling [1mthirdparty/icu4c/common/ucasemap_titlecase_brkiter.cpp[22;23;24;29m ...[0m
[34mCompiling [1mthirdparty/icu4c/common/ucat.cpp[22;23;24;29m ...[0m
[34mCompiling [1mthirdparty/icu4c/common/uchar.cpp[22;23;24;29m ...[0m
[34mCompiling [1mthirdparty/icu4c/common/ucharstrie.cpp[22;23;24;29m ...[0m
[34mCompiling [1mthirdparty/icu4c/common/ucharstriebuilder.cpp[22;23;24;29m ...[0m
[34mCompiling [1mthirdparty/icu4c/common/ucharstrieiterator.cpp[22;23;24;29m ...[0m
[34mCompiling [1mthirdparty/icu4c/common/uchriter.cpp[22;23;24;29m ...[0m
[34mCompiling [1mthirdparty/icu4c/common/ucln_cmn.cpp[22;23;24;29m ...[0m
[34mCompiling [1mthirdparty/icu4c/common/ucmndata.cpp[22;23;24;29m ...[0m
[34mCompiling [1mthirdparty/icu4c/common/ucnv.cpp[22;23;24;29m ...[0m
[34mCompiling [1mthirdparty/icu4c/common/ucnv2022.cpp[22;23;24;29m ...[0m
[34mCompiling [1mthirdparty/icu4c/common/ucnv_bld.cpp[22;23;24;29m ...[0m
[34mCompiling [1mthirdparty/icu4c/common/ucnv_cb.cpp[22;23;24;29m ...[0m
[34mCompiling [1mthirdparty/icu4c/common/ucnv_cnv.cpp[22;23;24;29m ...[0m
[34mCompiling [1mthirdparty/icu4c/common/ucnv_ct.cpp[22;23;24;29m ...[0m
[34mCompiling [1mthirdparty/icu4c/common/ucnv_err.cpp[22;23;24;29m ...[0m
[34mCompiling [1mthirdparty/icu4c/common/ucnv_ext.cpp[22;23;24;29m ...[0m
[34mCompiling [1mthirdparty/icu4c/common/ucnv_io.cpp[22;23;24;29m ...[0m
[34mCompiling [1mthirdparty/icu4c/common/ucnv_lmb.cpp[22;23;24;29m ...[0m
[34mCompiling [1mthirdparty/icu4c/common/ucnv_set.cpp[22;23;24;29m ...[0m
[34mCompiling [1mthirdparty/icu4c/common/ucnv_u16.cpp[22;23;24;29m ...[0m
[34mCompiling [1mthirdparty/icu4c/common/ucnv_u32.cpp[22;23;24;29m ...[0m
[34mCompiling [1mthirdparty/icu4c/common/ucnv_u7.cpp[22;23;24;29m ...[0m
[34mCompiling [1mthirdparty/icu4c/common/ucnv_u8.cpp[22;23;24;29m ...[0m
[34mCompiling [1mthirdparty/icu4c/common/ucnvbocu.cpp[22;23;24;29m ...[0m
[34mCompiling [1mthirdparty/icu4c/common/ucnvdisp.cpp[22;23;24;29m ...[0m
[34mCompiling [1mthirdparty/icu4c/common/ucnvhz.cpp[22;23;24;29m ...[0m
[34mCompiling [1mthirdparty/icu4c/common/ucnvisci.cpp[22;23;24;29m ...[0m
[34mCompiling [1mthirdparty/icu4c/common/ucnvlat1.cpp[22;23;24;29m ...[0m
[34mCompiling [1mthirdparty/icu4c/common/ucnvmbcs.cpp[22;23;24;29m ...[0m
[34mCompiling [1mthirdparty/icu4c/common/ucnvscsu.cpp[22;23;24;29m ...[0m
[34mCompiling [1mthirdparty/icu4c/common/ucnvsel.cpp[22;23;24;29m ...[0m
[34mCompiling [1mthirdparty/icu4c/common/ucol_swp.cpp[22;23;24;29m ...[0m
[34mCompiling [1mthirdparty/icu4c/common/ucptrie.cpp[22;23;24;29m ...[0m
[34mCompiling [1mthirdparty/icu4c/common/ucurr.cpp[22;23;24;29m ...[0m
[34mCompiling [1mthirdparty/icu4c/common/udata.cpp[22;23;24;29m ...[0m
[34mCompiling [1mthirdparty/icu4c/common/udatamem.cpp[22;23;24;29m ...[0m
[34mCompiling [1mthirdparty/icu4c/common/udataswp.cpp[22;23;24;29m ...[0m
[34mCompiling [1mthirdparty/icu4c/common/uenum.cpp[22;23;24;29m ...[0m
[34mCompiling [1mthirdparty/icu4c/common/uhash.cpp[22;23;24;29m ...[0m
[34mCompiling [1mthirdparty/icu4c/common/uhash_us.cpp[22;23;24;29m ...[0m
[34mCompiling [1mthirdparty/icu4c/common/uidna.cpp[22;23;24;29m ...[0m
[34mCompiling [1mthirdparty/icu4c/common/uinit.cpp[22;23;24;29m ...[0m
[34mCompiling [1mthirdparty/icu4c/common/uinvchar.cpp[22;23;24;29m ...[0m
[34mCompiling [1mthirdparty/icu4c/common/uiter.cpp[22;23;24;29m ...[0m
[34mCompiling [1mthirdparty/icu4c/common/ulist.cpp[22;23;24;29m ...[0m
[34mCompiling [1mthirdparty/icu4c/common/uloc.cpp[22;23;24;29m ...[0m
[34mCompiling [1mthirdparty/icu4c/common/uloc_keytype.cpp[22;23;24;29m ...[0m
[34mCompiling [1mthirdparty/icu4c/common/uloc_tag.cpp[22;23;24;29m ...[0m
[34mCompiling [1mthirdparty/icu4c/common/ulocale.cpp[22;23;24;29m ...[0m
[34mCompiling [1mthirdparty/icu4c/common/ulocbuilder.cpp[22;23;24;29m ...[0m
[34mCompiling [1mthirdparty/icu4c/common/umapfile.cpp[22;23;24;29m ...[0m
[34mCompiling [1mthirdparty/icu4c/common/umath.cpp[22;23;24;29m ...[0m
[34mCompiling [1mthirdparty/icu4c/common/umutablecptrie.cpp[22;23;24;29m ...[0m
[34mCompiling [1mthirdparty/icu4c/common/umutex.cpp[22;23;24;29m ...[0m
[34mCompiling [1mthirdparty/icu4c/common/unames.cpp[22;23;24;29m ...[0m
[34mCompiling [1mthirdparty/icu4c/common/unifiedcache.cpp[22;23;24;29m ...[0m
[34mCompiling [1mthirdparty/icu4c/common/unifilt.cpp[22;23;24;29m ...[0m
[34mCompiling [1mthirdparty/icu4c/common/unifunct.cpp[22;23;24;29m ...[0m
[34mCompiling [1mthirdparty/icu4c/common/uniset.cpp[22;23;24;29m ...[0m
[34mCompiling [1mthirdparty/icu4c/common/uniset_closure.cpp[22;23;24;29m ...[0m
[34mCompiling [1mthirdparty/icu4c/common/uniset_props.cpp[22;23;24;29m ...[0m
[34mCompiling [1mthirdparty/icu4c/common/unisetspan.cpp[22;23;24;29m ...[0m
[34mCompiling [1mthirdparty/icu4c/common/unistr.cpp[22;23;24;29m ...[0m
[34mCompiling [1mthirdparty/icu4c/common/unistr_case.cpp[22;23;24;29m ...[0m
[34mCompiling [1mthirdparty/icu4c/common/unistr_case_locale.cpp[22;23;24;29m ...[0m
[34mCompiling [1mthirdparty/icu4c/common/unistr_cnv.cpp[22;23;24;29m ...[0m
[34mCompiling [1mthirdparty/icu4c/common/unistr_props.cpp[22;23;24;29m ...[0m
[34mCompiling [1mthirdparty/icu4c/common/unistr_titlecase_brkiter.cpp[22;23;24;29m ...[0m
[34mCompiling [1mthirdparty/icu4c/common/unorm.cpp[22;23;24;29m ...[0m
[34mCompiling [1mthirdparty/icu4c/common/unormcmp.cpp[22;23;24;29m ...[0m
[34mCompiling [1mthirdparty/icu4c/common/uobject.cpp[22;23;24;29m ...[0m
[34mCompiling [1mthirdparty/icu4c/common/uprops.cpp[22;23;24;29m ...[0m
[34mCompiling [1mthirdparty/icu4c/common/ures_cnv.cpp[22;23;24;29m ...[0m
[34mCompiling [1mthirdparty/icu4c/common/uresbund.cpp[22;23;24;29m ...[0m
[34mCompiling [1mthirdparty/icu4c/common/uresdata.cpp[22;23;24;29m ...[0m
[34mCompiling [1mthirdparty/icu4c/common/usc_impl.cpp[22;23;24;29m ...[0m
[34mCompiling [1mthirdparty/icu4c/common/uscript.cpp[22;23;24;29m ...[0m
[34mCompiling [1mthirdparty/icu4c/common/uscript_props.cpp[22;23;24;29m ...[0m
[34mCompiling [1mthirdparty/icu4c/common/uset.cpp[22;23;24;29m ...[0m
[34mCompiling [1mthirdparty/icu4c/common/uset_props.cpp[22;23;24;29m ...[0m
[34mCompiling [1mthirdparty/icu4c/common/usetiter.cpp[22;23;24;29m ...[0m
[34mCompiling [1mthirdparty/icu4c/common/usprep.cpp[22;23;24;29m ...[0m
[34mCompiling [1mthirdparty/icu4c/common/ustack.cpp[22;23;24;29m ...[0m
[34mCompiling [1mthirdparty/icu4c/common/ustr_cnv.cpp[22;23;24;29m ...[0m
[34mCompiling [1mthirdparty/icu4c/common/ustr_titlecase_brkiter.cpp[22;23;24;29m ...[0m
[34mCompiling [1mthirdparty/icu4c/common/ustr_wcs.cpp[22;23;24;29m ...[0m
[34mCompiling [1mthirdparty/icu4c/common/ustrcase.cpp[22;23;24;29m ...[0m
[34mCompiling [1mthirdparty/icu4c/common/ustrcase_locale.cpp[22;23;24;29m ...[0m
[34mCompiling [1mthirdparty/icu4c/common/ustrenum.cpp[22;23;24;29m ...[0m
[34mCompiling [1mthirdparty/icu4c/common/ustrfmt.cpp[22;23;24;29m ...[0m
[34mCompiling [1mthirdparty/icu4c/common/ustring.cpp[22;23;24;29m ...[0m
[34mCompiling [1mthirdparty/icu4c/common/ustrtrns.cpp[22;23;24;29m ...[0m
[34mCompiling [1mthirdparty/icu4c/common/utext.cpp[22;23;24;29m ...[0m
[34mCompiling [1mthirdparty/icu4c/common/utf_impl.cpp[22;23;24;29m ...[0m
[34mCompiling [1mthirdparty/icu4c/common/util.cpp[22;23;24;29m ...[0m
[34mCompiling [1mthirdparty/icu4c/common/util_props.cpp[22;23;24;29m ...[0m
[34mCompiling [1mthirdparty/icu4c/common/utrace.cpp[22;23;24;29m ...[0m
[34mCompiling [1mthirdparty/icu4c/common/utrie.cpp[22;23;24;29m ...[0m
[34mCompiling [1mthirdparty/icu4c/common/utrie2.cpp[22;23;24;29m ...[0m
[34mCompiling [1mthirdparty/icu4c/common/utrie2_builder.cpp[22;23;24;29m ...[0m
[34mCompiling [1mthirdparty/icu4c/common/utrie_swap.cpp[22;23;24;29m ...[0m
[34mCompiling [1mthirdparty/icu4c/common/uts46.cpp[22;23;24;29m ...[0m
[34mCompiling [1mthirdparty/icu4c/common/utypes.cpp[22;23;24;29m ...[0m
[34mCompiling [1mthirdparty/icu4c/common/uvector.cpp[22;23;24;29m ...[0m
[34mCompiling [1mthirdparty/icu4c/common/uvectr32.cpp[22;23;24;29m ...[0m
[34mCompiling [1mthirdparty/icu4c/common/uvectr64.cpp[22;23;24;29m ...[0m
[34mCompiling [1mthirdparty/icu4c/common/wintz.cpp[22;23;24;29m ...[0m
[34mCompiling [1mthirdparty/icu4c/i18n/scriptset.cpp[22;23;24;29m ...[0m
[34mCompiling [1mthirdparty/icu4c/i18n/ucln_in.cpp[22;23;24;29m ...[0m
[34mCompiling [1mthirdparty/icu4c/i18n/uspoof.cpp[22;23;24;29m ...[0m
[34mCompiling [1mthirdparty/icu4c/i18n/uspoof_impl.cpp[22;23;24;29m ...[0m
[34mCompiling [1mmodules/text_server_adv/icu_data/icudata_stub.cpp[22;23;24;29m ...[0m
[34mCompiling [1mthirdparty/ufbx/ufbx.c[22;23;24;29m ...[0m
[34mLinking Static Library [1mbin/obj/modules/text_server_adv/libicu_builtin.ios.template_debug.arm64.simulator.a[22;23;24;29m ...[0m
ranlib: warning: 'libicu_builtin.ios.template_debug.arm64.simulator.a(cwchar.ios.template_debug.arm64.simulator.o)' has no symbols
ranlib: warning: 'libicu_builtin.ios.template_debug.arm64.simulator.a(icuplug.ios.template_debug.arm64.simulator.o)' has no symbols
ranlib: warning: 'libicu_builtin.ios.template_debug.arm64.simulator.a(locdspnm.ios.template_debug.arm64.simulator.o)' has no symbols
ranlib: warning: 'libicu_builtin.ios.template_debug.arm64.simulator.a(locutil.ios.template_debug.arm64.simulator.o)' has no symbols
ranlib: warning: 'libicu_builtin.ios.template_debug.arm64.simulator.a(messagepattern.ios.template_debug.arm64.simulator.o)' has no symbols
ranlib: warning: 'libicu_builtin.ios.template_debug.arm64.simulator.a(punycode.ios.template_debug.arm64.simulator.o)' has no symbols
ranlib: warning: 'libicu_builtin.ios.template_debug.arm64.simulator.a(restrace.ios.template_debug.arm64.simulator.o)' has no symbols
ranlib: warning: 'libicu_builtin.ios.template_debug.arm64.simulator.a(serv.ios.template_debug.arm64.simulator.o)' has no symbols
ranlib: warning: 'libicu_builtin.ios.template_debug.arm64.simulator.a(servlk.ios.template_debug.arm64.simulator.o)' has no symbols
ranlib: warning: 'libicu_builtin.ios.template_debug.arm64.simulator.a(servlkf.ios.template_debug.arm64.simulator.o)' has no symbols
ranlib: warning: 'libicu_builtin.ios.template_debug.arm64.simulator.a(servls.ios.template_debug.arm64.simulator.o)' has no symbols
ranlib: warning: 'libicu_builtin.ios.template_debug.arm64.simulator.a(servnotf.ios.template_debug.arm64.simulator.o)' has no symbols
ranlib: warning: 'libicu_builtin.ios.template_debug.arm64.simulator.a(servrbf.ios.template_debug.arm64.simulator.o)' has no symbols
ranlib: warning: 'libicu_builtin.ios.template_debug.arm64.simulator.a(servslkf.ios.template_debug.arm64.simulator.o)' has no symbols
ranlib: warning: 'libicu_builtin.ios.template_debug.arm64.simulator.a(static_unicode_sets.ios.template_debug.arm64.simulator.o)' has no symbols
ranlib: warning: 'libicu_builtin.ios.template_debug.arm64.simulator.a(ucnv.ios.template_debug.arm64.simulator.o)' has no symbols
ranlib: warning: 'libicu_builtin.ios.template_debug.arm64.simulator.a(ucnv2022.ios.template_debug.arm64.simulator.o)' has no symbols
ranlib: warning: 'libicu_builtin.ios.template_debug.arm64.simulator.a(ucnv_bld.ios.template_debug.arm64.simulator.o)' has no symbols
ranlib: warning: 'libicu_builtin.ios.template_debug.arm64.simulator.a(ucnv_cb.ios.template_debug.arm64.simulator.o)' has no symbols
ranlib: warning: 'libicu_builtin.ios.template_debug.arm64.simulator.a(ucnv_cnv.ios.template_debug.arm64.simulator.o)' has no symbols
ranlib: warning: 'libicu_builtin.ios.template_debug.arm64.simulator.a(ucnv_ct.ios.template_debug.arm64.simulator.o)' has no symbols
ranlib: warning: 'libicu_builtin.ios.template_debug.arm64.simulator.a(ucnv_err.ios.template_debug.arm64.simulator.o)' has no symbols
ranlib: warning: 'libicu_builtin.ios.template_debug.arm64.simulator.a(ucnv_ext.ios.template_debug.arm64.simulator.o)' has no symbols
ranlib: warning: 'libicu_builtin.ios.template_debug.arm64.simulator.a(ucnv_io.ios.template_debug.arm64.simulator.o)' has no symbols
ranlib: warning: 'libicu_builtin.ios.template_debug.arm64.simulator.a(ucnv_lmb.ios.template_debug.arm64.simulator.o)' has no symbols
ranlib: warning: 'libicu_builtin.ios.template_debug.arm64.simulator.a(ucnv_set.ios.template_debug.arm64.simulator.o)' has no symbols
ranlib: warning: 'libicu_builtin.ios.template_debug.arm64.simulator.a(ucnv_u16.ios.template_debug.arm64.simulator.o)' has no symbols
ranlib: warning: 'libicu_builtin.ios.template_debug.arm64.simulator.a(ucnv_u32.ios.template_debug.arm64.simulator.o)' has no symbols
ranlib: warning: 'libicu_builtin.ios.template_debug.arm64.simulator.a(ucnv_u7.ios.template_debug.arm64.simulator.o)' has no symbols
ranlib: warning: 'libicu_builtin.ios.template_debug.arm64.simulator.a(ucnv_u8.ios.template_debug.arm64.simulator.o)' has no symbols
ranlib: warning: 'libicu_builtin.ios.template_debug.arm64.simulator.a(ucnvbocu.ios.template_debug.arm64.simulator.o)' has no symbols
ranlib: warning: 'libicu_builtin.ios.template_debug.arm64.simulator.a(ucnvdisp.ios.template_debug.arm64.simulator.o)' has no symbols
ranlib: warning: 'libicu_builtin.ios.template_debug.arm64.simulator.a(ucnvhz.ios.template_debug.arm64.simulator.o)' has no symbols
ranlib: warning: 'libicu_builtin.ios.template_debug.arm64.simulator.a(ucnvisci.ios.template_debug.arm64.simulator.o)' has no symbols
ranlib: warning: 'libicu_builtin.ios.template_debug.arm64.simulator.a(ucnvlat1.ios.template_debug.arm64.simulator.o)' has no symbols
ranlib: warning: 'libicu_builtin.ios.template_debug.arm64.simulator.a(ucnvmbcs.ios.template_debug.arm64.simulator.o)' has no symbols
ranlib: warning: 'libicu_builtin.ios.template_debug.arm64.simulator.a(ucnvscsu.ios.template_debug.arm64.simulator.o)' has no symbols
ranlib: warning: 'libicu_builtin.ios.template_debug.arm64.simulator.a(ucnvsel.ios.template_debug.arm64.simulator.o)' has no symbols
ranlib: warning: 'libicu_builtin.ios.template_debug.arm64.simulator.a(ucol_swp.ios.template_debug.arm64.simulator.o)' has no symbols
ranlib: warning: 'libicu_builtin.ios.template_debug.arm64.simulator.a(ucurr.ios.template_debug.arm64.simulator.o)' has no symbols
ranlib: warning: 'libicu_builtin.ios.template_debug.arm64.simulator.a(uidna.ios.template_debug.arm64.simulator.o)' has no symbols
ranlib: warning: 'libicu_builtin.ios.template_debug.arm64.simulator.a(unistr_cnv.ios.template_debug.arm64.simulator.o)' has no symbols
ranlib: warning: 'libicu_builtin.ios.template_debug.arm64.simulator.a(usprep.ios.template_debug.arm64.simulator.o)' has no symbols
ranlib: warning: 'libicu_builtin.ios.template_debug.arm64.simulator.a(ustr_cnv.ios.template_debug.arm64.simulator.o)' has no symbols
ranlib: warning: 'libicu_builtin.ios.template_debug.arm64.simulator.a(uts46.ios.template_debug.arm64.simulator.o)' has no symbols
ranlib: warning: 'libicu_builtin.ios.template_debug.arm64.simulator.a(wintz.ios.template_debug.arm64.simulator.o)' has no symbols
[34mRanlib Library [1mbin/obj/modules/text_server_adv/libicu_builtin.ios.template_debug.arm64.simulator.a[22;23;24;29m ...[0m
ranlib: warning: 'libicu_builtin.ios.template_debug.arm64.simulator.a(cwchar.ios.template_debug.arm64.simulator.o)' has no symbols
ranlib: warning: 'libicu_builtin.ios.template_debug.arm64.simulator.a(icuplug.ios.template_debug.arm64.simulator.o)' has no symbols
ranlib: warning: 'libicu_builtin.ios.template_debug.arm64.simulator.a(locdspnm.ios.template_debug.arm64.simulator.o)' has no symbols
ranlib: warning: 'libicu_builtin.ios.template_debug.arm64.simulator.a(locutil.ios.template_debug.arm64.simulator.o)' has no symbols
ranlib: warning: 'libicu_builtin.ios.template_debug.arm64.simulator.a(messagepattern.ios.template_debug.arm64.simulator.o)' has no symbols
ranlib: warning: 'libicu_builtin.ios.template_debug.arm64.simulator.a(punycode.ios.template_debug.arm64.simulator.o)' has no symbols
ranlib: warning: 'libicu_builtin.ios.template_debug.arm64.simulator.a(restrace.ios.template_debug.arm64.simulator.o)' has no symbols
ranlib: warning: 'libicu_builtin.ios.template_debug.arm64.simulator.a(serv.ios.template_debug.arm64.simulator.o)' has no symbols
ranlib: warning: 'libicu_builtin.ios.template_debug.arm64.simulator.a(servlk.ios.template_debug.arm64.simulator.o)' has no symbols
ranlib: warning: 'libicu_builtin.ios.template_debug.arm64.simulator.a(servlkf.ios.template_debug.arm64.simulator.o)' has no symbols
ranlib: warning: 'libicu_builtin.ios.template_debug.arm64.simulator.a(servls.ios.template_debug.arm64.simulator.o)' has no symbols
ranlib: warning: 'libicu_builtin.ios.template_debug.arm64.simulator.a(servnotf.ios.template_debug.arm64.simulator.o)' has no symbols
ranlib: warning: 'libicu_builtin.ios.template_debug.arm64.simulator.a(servrbf.ios.template_debug.arm64.simulator.o)' has no symbols
ranlib: warning: 'libicu_builtin.ios.template_debug.arm64.simulator.a(servslkf.ios.template_debug.arm64.simulator.o)' has no symbols
ranlib: warning: 'libicu_builtin.ios.template_debug.arm64.simulator.a(static_unicode_sets.ios.template_debug.arm64.simulator.o)' has no symbols
ranlib: warning: 'libicu_builtin.ios.template_debug.arm64.simulator.a(ucnv.ios.template_debug.arm64.simulator.o)' has no symbols
ranlib: warning: 'libicu_builtin.ios.template_debug.arm64.simulator.a(ucnv2022.ios.template_debug.arm64.simulator.o)' has no symbols
ranlib: warning: 'libicu_builtin.ios.template_debug.arm64.simulator.a(ucnv_bld.ios.template_debug.arm64.simulator.o)' has no symbols
ranlib: warning: 'libicu_builtin.ios.template_debug.arm64.simulator.a(ucnv_cb.ios.template_debug.arm64.simulator.o)' has no symbols
ranlib: warning: 'libicu_builtin.ios.template_debug.arm64.simulator.a(ucnv_cnv.ios.template_debug.arm64.simulator.o)' has no symbols
ranlib: warning: 'libicu_builtin.ios.template_debug.arm64.simulator.a(ucnv_ct.ios.template_debug.arm64.simulator.o)' has no symbols
ranlib: warning: 'libicu_builtin.ios.template_debug.arm64.simulator.a(ucnv_err.ios.template_debug.arm64.simulator.o)' has no symbols
ranlib: warning: 'libicu_builtin.ios.template_debug.arm64.simulator.a(ucnv_ext.ios.template_debug.arm64.simulator.o)' has no symbols
ranlib: warning: 'libicu_builtin.ios.template_debug.arm64.simulator.a(ucnv_io.ios.template_debug.arm64.simulator.o)' has no symbols
ranlib: warning: 'libicu_builtin.ios.template_debug.arm64.simulator.a(ucnv_lmb.ios.template_debug.arm64.simulator.o)' has no symbols
ranlib: warning: 'libicu_builtin.ios.template_debug.arm64.simulator.a(ucnv_set.ios.template_debug.arm64.simulator.o)' has no symbols
ranlib: warning: 'libicu_builtin.ios.template_debug.arm64.simulator.a(ucnv_u16.ios.template_debug.arm64.simulator.o)' has no symbols
ranlib: warning: 'libicu_builtin.ios.template_debug.arm64.simulator.a(ucnv_u32.ios.template_debug.arm64.simulator.o)' has no symbols
ranlib: warning: 'libicu_builtin.ios.template_debug.arm64.simulator.a(ucnv_u7.ios.template_debug.arm64.simulator.o)' has no symbols
ranlib: warning: 'libicu_builtin.ios.template_debug.arm64.simulator.a(ucnv_u8.ios.template_debug.arm64.simulator.o)' has no symbols
ranlib: warning: 'libicu_builtin.ios.template_debug.arm64.simulator.a(ucnvbocu.ios.template_debug.arm64.simulator.o)' has no symbols
ranlib: warning: 'libicu_builtin.ios.template_debug.arm64.simulator.a(ucnvdisp.ios.template_debug.arm64.simulator.o)' has no symbols
ranlib: warning: 'libicu_builtin.ios.template_debug.arm64.simulator.a(ucnvhz.ios.template_debug.arm64.simulator.o)' has no symbols
ranlib: warning: 'libicu_builtin.ios.template_debug.arm64.simulator.a(ucnvisci.ios.template_debug.arm64.simulator.o)' has no symbols
ranlib: warning: 'libicu_builtin.ios.template_debug.arm64.simulator.a(ucnvlat1.ios.template_debug.arm64.simulator.o)' has no symbols
ranlib: warning: 'libicu_builtin.ios.template_debug.arm64.simulator.a(ucnvmbcs.ios.template_debug.arm64.simulator.o)' has no symbols
ranlib: warning: 'libicu_builtin.ios.template_debug.arm64.simulator.a(ucnvscsu.ios.template_debug.arm64.simulator.o)' has no symbols
ranlib: warning: 'libicu_builtin.ios.template_debug.arm64.simulator.a(ucnvsel.ios.template_debug.arm64.simulator.o)' has no symbols
ranlib: warning: 'libicu_builtin.ios.template_debug.arm64.simulator.a(ucol_swp.ios.template_debug.arm64.simulator.o)' has no symbols
ranlib: warning: 'libicu_builtin.ios.template_debug.arm64.simulator.a(ucurr.ios.template_debug.arm64.simulator.o)' has no symbols
ranlib: warning: 'libicu_builtin.ios.template_debug.arm64.simulator.a(uidna.ios.template_debug.arm64.simulator.o)' has no symbols
ranlib: warning: 'libicu_builtin.ios.template_debug.arm64.simulator.a(unistr_cnv.ios.template_debug.arm64.simulator.o)' has no symbols
ranlib: warning: 'libicu_builtin.ios.template_debug.arm64.simulator.a(usprep.ios.template_debug.arm64.simulator.o)' has no symbols
ranlib: warning: 'libicu_builtin.ios.template_debug.arm64.simulator.a(ustr_cnv.ios.template_debug.arm64.simulator.o)' has no symbols
ranlib: warning: 'libicu_builtin.ios.template_debug.arm64.simulator.a(uts46.ios.template_debug.arm64.simulator.o)' has no symbols
ranlib: warning: 'libicu_builtin.ios.template_debug.arm64.simulator.a(wintz.ios.template_debug.arm64.simulator.o)' has no symbols
[34mCompiling [1mmodules/text_server_adv/thorvg_svg_in_ot.cpp[22;23;24;29m ...[0m
[34mCompiling [1mmodules/text_server_adv/script_iterator.cpp[22;23;24;29m ...[0m
[34mCompiling [1mmodules/text_server_adv/text_server_adv.cpp[22;23;24;29m ...[0m
[34mCompiling [1mmodules/text_server_adv/register_types.cpp[22;23;24;29m ...[0m
[34mCompiling [1mmodules/fbx/fbx_document.cpp[22;23;24;29m ...[0m
[34mCompiling [1mmodules/fbx/fbx_state.cpp[22;23;24;29m ...[0m
[34mLinking Static Library [1mbin/obj/modules/libmodule_text_server_adv.ios.template_debug.arm64.simulator.a[22;23;24;29m ...[0m
[34mRanlib Library [1mbin/obj/modules/libmodule_text_server_adv.ios.template_debug.arm64.simulator.a[22;23;24;29m ...[0m
[34mCompiling [1mmodules/fbx/register_types.cpp[22;23;24;29m ...[0m
[34mCompiling [1mmodules/gltf/gltf_document.cpp[22;23;24;29m ...[0m
[34mLinking Static Library [1mbin/obj/modules/libmodule_fbx.ios.template_debug.arm64.simulator.a[22;23;24;29m ...[0m
[34mRanlib Library [1mbin/obj/modules/libmodule_fbx.ios.template_debug.arm64.simulator.a[22;23;24;29m ...[0m
[34mCompiling [1mmodules/gltf/gltf_state.cpp[22;23;24;29m ...[0m
[34mCompiling [1mmodules/gltf/register_types.cpp[22;23;24;29m ...[0m
[34mCompiling [1mmodules/gltf/skin_tool.cpp[22;23;24;29m ...[0m
[34mCompiling [1mmodules/gltf/structures/gltf_accessor.cpp[22;23;24;29m ...[0m
[34mCompiling [1mmodules/gltf/structures/gltf_animation.cpp[22;23;24;29m ...[0m
[34mCompiling [1mmodules/gltf/structures/gltf_buffer_view.cpp[22;23;24;29m ...[0m
[34mCompiling [1mmodules/gltf/structures/gltf_camera.cpp[22;23;24;29m ...[0m
[34mCompiling [1mmodules/gltf/structures/gltf_mesh.cpp[22;23;24;29m ...[0m
[34mCompiling [1mmodules/gltf/structures/gltf_node.cpp[22;23;24;29m ...[0m
[34mCompiling [1mmodules/gltf/structures/gltf_object_model_property.cpp[22;23;24;29m ...[0m
[34mCompiling [1mmodules/gltf/structures/gltf_skeleton.cpp[22;23;24;29m ...[0m
[34mCompiling [1mmodules/gltf/structures/gltf_skin.cpp[22;23;24;29m ...[0m
[34mCompiling [1mmodules/gltf/structures/gltf_texture.cpp[22;23;24;29m ...[0m
[34mCompiling [1mmodules/gltf/structures/gltf_texture_sampler.cpp[22;23;24;29m ...[0m
[34mCompiling [1mmodules/gltf/extensions/gltf_document_extension.cpp[22;23;24;29m ...[0m
[34mCompiling [1mmodules/gltf/extensions/gltf_document_extension_convert_importer_mesh.cpp[22;23;24;29m ...[0m
[34mCompiling [1mmodules/gltf/extensions/gltf_document_extension_texture_ktx.cpp[22;23;24;29m ...[0m
[34mCompiling [1mmodules/gltf/extensions/gltf_document_extension_texture_webp.cpp[22;23;24;29m ...[0m
[34mCompiling [1mmodules/gltf/extensions/gltf_light.cpp[22;23;24;29m ...[0m
[34mCompiling [1mmodules/gltf/extensions/gltf_spec_gloss.cpp[22;23;24;29m ...[0m
[34mCompiling [1mmodules/gltf/extensions/physics/gltf_document_extension_physics.cpp[22;23;24;29m ...[0m
[34mCompiling [1mmodules/gltf/extensions/physics/gltf_physics_body.cpp[22;23;24;29m ...[0m
[34mCompiling [1mmodules/gltf/extensions/physics/gltf_physics_shape.cpp[22;23;24;29m ...[0m
[34mCompiling [1mthirdparty/libktx/lib/basis_transcode.cpp[22;23;24;29m ...[0m
[34mCompiling [1mthirdparty/libktx/lib/checkheader.c[22;23;24;29m ...[0m
[34mCompiling [1mthirdparty/libktx/lib/filestream.c[22;23;24;29m ...[0m
[34mCompiling [1mthirdparty/libktx/lib/hashlist.c[22;23;24;29m ...[0m
[34mCompiling [1mthirdparty/libktx/lib/memstream.c[22;23;24;29m ...[0m
[34mCompiling [1mthirdparty/libktx/lib/miniz_wrapper.cpp[22;23;24;29m ...[0m
[34mLinking Static Library [1mbin/obj/modules/libmodule_gltf.ios.template_debug.arm64.simulator.a[22;23;24;29m ...[0m
[34mRanlib Library [1mbin/obj/modules/libmodule_gltf.ios.template_debug.arm64.simulator.a[22;23;24;29m ...[0m
[34mCompiling [1mthirdparty/libktx/lib/swap.c[22;23;24;29m ...[0m
[34mCompiling [1mthirdparty/libktx/lib/texture.c[22;23;24;29m ...[0m
[34mCompiling [1mthirdparty/libktx/lib/texture1.c[22;23;24;29m ...[0m
[34mCompiling [1mthirdparty/libktx/lib/texture2.c[22;23;24;29m ...[0m
[34mCompiling [1mthirdparty/libktx/lib/vkformat_check.c[22;23;24;29m ...[0m
[34mCompiling [1mthirdparty/libktx/lib/vkformat_check_variant.c[22;23;24;29m ...[0m
[34mCompiling [1mthirdparty/libktx/lib/vkformat_typesize.c[22;23;24;29m ...[0m
[34mCompiling [1mthirdparty/libktx/external/dfdutils/createdfd.c[22;23;24;29m ...[0m
[34mCompiling [1mthirdparty/libktx/external/dfdutils/colourspaces.c[22;23;24;29m ...[0m
[34mCompiling [1mthirdparty/libktx/external/dfdutils/interpretdfd.c[22;23;24;29m ...[0m
[34mCompiling [1mthirdparty/libktx/external/dfdutils/printdfd.c[22;23;24;29m ...[0m
[34mCompiling [1mthirdparty/libktx/external/dfdutils/queries.c[22;23;24;29m ...[0m
[34mCompiling [1mthirdparty/libktx/external/dfdutils/vk2dfd.c[22;23;24;29m ...[0m
[34mCompiling [1mthirdparty/thorvg/src/common/tvgColor.cpp[22;23;24;29m ...[0m
[34mCompiling [1mmodules/ktx/texture_loader_ktx.cpp[22;23;24;29m ...[0m
[34mCompiling [1mmodules/ktx/register_types.cpp[22;23;24;29m ...[0m
[34mCompiling [1mthirdparty/thorvg/src/common/tvgCompressor.cpp[22;23;24;29m ...[0m
[34mLinking Static Library [1mbin/obj/modules/libmodule_ktx.ios.template_debug.arm64.simulator.a[22;23;24;29m ...[0m
[34mRanlib Library [1mbin/obj/modules/libmodule_ktx.ios.template_debug.arm64.simulator.a[22;23;24;29m ...[0m
[34mCompiling [1mthirdparty/thorvg/src/common/tvgMath.cpp[22;23;24;29m ...[0m
[34mCompiling [1mthirdparty/thorvg/src/common/tvgStr.cpp[22;23;24;29m ...[0m
[34mCompiling [1mthirdparty/thorvg/src/loaders/svg/tvgSvgCssStyle.cpp[22;23;24;29m ...[0m
[34mCompiling [1mthirdparty/thorvg/src/loaders/svg/tvgSvgLoader.cpp[22;23;24;29m ...[0m
[34mCompiling [1mthirdparty/thorvg/src/loaders/svg/tvgSvgPath.cpp[22;23;24;29m ...[0m
[34mCompiling [1mthirdparty/thorvg/src/loaders/svg/tvgSvgSceneBuilder.cpp[22;23;24;29m ...[0m
[34mCompiling [1mthirdparty/thorvg/src/loaders/svg/tvgSvgUtil.cpp[22;23;24;29m ...[0m
[34mCompiling [1mthirdparty/thorvg/src/loaders/svg/tvgXmlParser.cpp[22;23;24;29m ...[0m
[34mCompiling [1mthirdparty/thorvg/src/loaders/raw/tvgRawLoader.cpp[22;23;24;29m ...[0m
[34mCompiling [1mthirdparty/thorvg/src/loaders/external_png/tvgPngLoader.cpp[22;23;24;29m ...[0m
[34mCompiling [1mthirdparty/thorvg/src/renderer/tvgAccessor.cpp[22;23;24;29m ...[0m
[34mCompiling [1mthirdparty/thorvg/src/renderer/tvgCanvas.cpp[22;23;24;29m ...[0m
[34mCompiling [1mthirdparty/thorvg/src/renderer/tvgFill.cpp[22;23;24;29m ...[0m
[34mCompiling [1mthirdparty/thorvg/src/renderer/tvgInitializer.cpp[22;23;24;29m ...[0m
[34mCompiling [1mthirdparty/thorvg/src/renderer/tvgLoader.cpp[22;23;24;29m ...[0m
[34mCompiling [1mthirdparty/thorvg/src/renderer/tvgPaint.cpp[22;23;24;29m ...[0m
[34mCompiling [1mthirdparty/thorvg/src/renderer/tvgPicture.cpp[22;23;24;29m ...[0m
[34mCompiling [1mthirdparty/thorvg/src/renderer/tvgRender.cpp[22;23;24;29m ...[0m
[34mCompiling [1mthirdparty/thorvg/src/renderer/tvgScene.cpp[22;23;24;29m ...[0m
[34mCompiling [1mthirdparty/thorvg/src/renderer/tvgShape.cpp[22;23;24;29m ...[0m
[34mCompiling [1mthirdparty/thorvg/src/renderer/tvgTaskScheduler.cpp[22;23;24;29m ...[0m
[34mCompiling [1mthirdparty/thorvg/src/renderer/tvgText.cpp[22;23;24;29m ...[0m
[34mCompiling [1mthirdparty/thorvg/src/renderer/sw_engine/tvgSwFill.cpp[22;23;24;29m ...[0m
[34mCompiling [1mthirdparty/thorvg/src/renderer/sw_engine/tvgSwImage.cpp[22;23;24;29m ...[0m
[34mCompiling [1mthirdparty/thorvg/src/renderer/sw_engine/tvgSwMath.cpp[22;23;24;29m ...[0m
[34mCompiling [1mthirdparty/thorvg/src/renderer/sw_engine/tvgSwMemPool.cpp[22;23;24;29m ...[0m
[34mCompiling [1mthirdparty/thorvg/src/renderer/sw_engine/tvgSwPostEffect.cpp[22;23;24;29m ...[0m
[34mCompiling [1mthirdparty/thorvg/src/renderer/sw_engine/tvgSwRaster.cpp[22;23;24;29m ...[0m
[34mCompiling [1mthirdparty/thorvg/src/renderer/sw_engine/tvgSwRenderer.cpp[22;23;24;29m ...[0m
[34mCompiling [1mthirdparty/thorvg/src/renderer/sw_engine/tvgSwRle.cpp[22;23;24;29m ...[0m
[34mCompiling [1mthirdparty/thorvg/src/renderer/sw_engine/tvgSwShape.cpp[22;23;24;29m ...[0m
[34mCompiling [1mthirdparty/thorvg/src/renderer/sw_engine/tvgSwStroke.cpp[22;23;24;29m ...[0m
[34mCompiling [1mthirdparty/thorvg/src/loaders/external_webp/tvgWebpLoader.cpp[22;23;24;29m ...[0m
[34mCompiling [1mthirdparty/thorvg/src/loaders/external_jpg/tvgJpgLoader.cpp[22;23;24;29m ...[0m
[34mCompiling [1mthirdparty/libtheora/bitpack.c[22;23;24;29m ...[0m
[34mCompiling [1mthirdparty/libtheora/decinfo.c[22;23;24;29m ...[0m
[34mCompiling [1mthirdparty/libtheora/decode.c[22;23;24;29m ...[0m
[34mCompiling [1mmodules/svg/register_types.cpp[22;23;24;29m ...[0m
[34mCompiling [1mmodules/svg/image_loader_svg.cpp[22;23;24;29m ...[0m
[34mCompiling [1mthirdparty/libtheora/dequant.c[22;23;24;29m ...[0m
[34mCompiling [1mthirdparty/libtheora/fragment.c[22;23;24;29m ...[0m
[34mCompiling [1mthirdparty/libtheora/huffdec.c[22;23;24;29m ...[0m
[34mCompiling [1mthirdparty/libtheora/idct.c[22;23;24;29m ...[0m
[34mLinking Static Library [1mbin/obj/modules/libmodule_svg.ios.template_debug.arm64.simulator.a[22;23;24;29m ...[0m
[34mRanlib Library [1mbin/obj/modules/libmodule_svg.ios.template_debug.arm64.simulator.a[22;23;24;29m ...[0m
[34mCompiling [1mthirdparty/libtheora/info.c[22;23;24;29m ...[0m
[34mCompiling [1mthirdparty/libtheora/internal.c[22;23;24;29m ...[0m
[34mCompiling [1mthirdparty/libtheora/quant.c[22;23;24;29m ...[0m
[34mCompiling [1mthirdparty/libtheora/state.c[22;23;24;29m ...[0m
[34mCompiling [1mthirdparty/libvorbis/bitrate.c[22;23;24;29m ...[0m
[34mCompiling [1mthirdparty/libvorbis/block.c[22;23;24;29m ...[0m
[34mCompiling [1mmodules/theora/register_types.cpp[22;23;24;29m ...[0m
[34mCompiling [1mmodules/theora/video_stream_theora.cpp[22;23;24;29m ...[0m
[34mCompiling [1mthirdparty/libvorbis/codebook.c[22;23;24;29m ...[0m
[34mCompiling [1mthirdparty/libvorbis/envelope.c[22;23;24;29m ...[0m
[34mCompiling [1mthirdparty/libvorbis/floor0.c[22;23;24;29m ...[0m
[34mCompiling [1mthirdparty/libvorbis/floor1.c[22;23;24;29m ...[0m
[34mLinking Static Library [1mbin/obj/modules/libmodule_theora.ios.template_debug.arm64.simulator.a[22;23;24;29m ...[0m
[34mRanlib Library [1mbin/obj/modules/libmodule_theora.ios.template_debug.arm64.simulator.a[22;23;24;29m ...[0m
[34mCompiling [1mthirdparty/libvorbis/info.c[22;23;24;29m ...[0m
[34mCompiling [1mthirdparty/libvorbis/lookup.c[22;23;24;29m ...[0m
[34mCompiling [1mthirdparty/libvorbis/lpc.c[22;23;24;29m ...[0m
[34mCompiling [1mthirdparty/libvorbis/lsp.c[22;23;24;29m ...[0m
[34mCompiling [1mthirdparty/libvorbis/mapping0.c[22;23;24;29m ...[0m
[34mCompiling [1mthirdparty/libvorbis/mdct.c[22;23;24;29m ...[0m
[34mCompiling [1mthirdparty/libvorbis/psy.c[22;23;24;29m ...[0m
[34mCompiling [1mthirdparty/libvorbis/registry.c[22;23;24;29m ...[0m
[34mCompiling [1mthirdparty/libvorbis/res0.c[22;23;24;29m ...[0m
[34mCompiling [1mthirdparty/libvorbis/sharedbook.c[22;23;24;29m ...[0m
[34mCompiling [1mthirdparty/libvorbis/smallft.c[22;23;24;29m ...[0m
[34mCompiling [1mthirdparty/libvorbis/synthesis.c[22;23;24;29m ...[0m
[34mCompiling [1mthirdparty/libvorbis/vorbisfile.c[22;23;24;29m ...[0m
[34mCompiling [1mthirdparty/libvorbis/window.c[22;23;24;29m ...[0m
[34mCompiling [1mthirdparty/astcenc/astcenc_averages_and_directions.cpp[22;23;24;29m ...[0m
[34mCompiling [1mmodules/vorbis/register_types.cpp[22;23;24;29m ...[0m
[34mCompiling [1mmodules/vorbis/audio_stream_ogg_vorbis.cpp[22;23;24;29m ...[0m
[34mCompiling [1mmodules/vorbis/resource_importer_ogg_vorbis.cpp[22;23;24;29m ...[0m
[34mCompiling [1mthirdparty/astcenc/astcenc_block_sizes.cpp[22;23;24;29m ...[0m
[34mLinking Static Library [1mbin/obj/modules/libmodule_vorbis.ios.template_debug.arm64.simulator.a[22;23;24;29m ...[0m
ranlib: warning: 'libmodule_vorbis.ios.template_debug.arm64.simulator.a(lookup.ios.template_debug.arm64.simulator.o)' has no symbols
[34mRanlib Library [1mbin/obj/modules/libmodule_vorbis.ios.template_debug.arm64.simulator.a[22;23;24;29m ...[0m
ranlib: warning: 'libmodule_vorbis.ios.template_debug.arm64.simulator.a(lookup.ios.template_debug.arm64.simulator.o)' has no symbols
[34mCompiling [1mthirdparty/astcenc/astcenc_color_quantize.cpp[22;23;24;29m ...[0m
[34mCompiling [1mthirdparty/astcenc/astcenc_color_unquantize.cpp[22;23;24;29m ...[0m
[34mCompiling [1mthirdparty/astcenc/astcenc_compress_symbolic.cpp[22;23;24;29m ...[0m
[34mCompiling [1mthirdparty/astcenc/astcenc_compute_variance.cpp[22;23;24;29m ...[0m
[34mCompiling [1mthirdparty/astcenc/astcenc_decompress_symbolic.cpp[22;23;24;29m ...[0m
[34mCompiling [1mthirdparty/astcenc/astcenc_diagnostic_trace.cpp[22;23;24;29m ...[0m
[34mCompiling [1mthirdparty/astcenc/astcenc_entry.cpp[22;23;24;29m ...[0m
[34mCompiling [1mthirdparty/astcenc/astcenc_find_best_partitioning.cpp[22;23;24;29m ...[0m
[34mCompiling [1mthirdparty/astcenc/astcenc_ideal_endpoints_and_weights.cpp[22;23;24;29m ...[0m
[34mCompiling [1mthirdparty/astcenc/astcenc_image.cpp[22;23;24;29m ...[0m
[34mCompiling [1mthirdparty/astcenc/astcenc_integer_sequence.cpp[22;23;24;29m ...[0m
[34mCompiling [1mthirdparty/astcenc/astcenc_mathlib.cpp[22;23;24;29m ...[0m
[34mCompiling [1mthirdparty/astcenc/astcenc_mathlib_softfloat.cpp[22;23;24;29m ...[0m
[34mCompiling [1mthirdparty/astcenc/astcenc_partition_tables.cpp[22;23;24;29m ...[0m
[34mCompiling [1mthirdparty/astcenc/astcenc_percentile_tables.cpp[22;23;24;29m ...[0m
[34mCompiling [1mthirdparty/astcenc/astcenc_pick_best_endpoint_format.cpp[22;23;24;29m ...[0m
[34mCompiling [1mthirdparty/astcenc/astcenc_quantization.cpp[22;23;24;29m ...[0m
[34mCompiling [1mthirdparty/astcenc/astcenc_symbolic_physical.cpp[22;23;24;29m ...[0m
[34mCompiling [1mthirdparty/astcenc/astcenc_weight_align.cpp[22;23;24;29m ...[0m
[34mCompiling [1mthirdparty/astcenc/astcenc_weight_quant_xfer_tables.cpp[22;23;24;29m ...[0m
[34mCompiling [1mthirdparty/basis_universal/transcoder/basisu_transcoder.cpp[22;23;24;29m ...[0m
[34mCompiling [1mmodules/astcenc/register_types.cpp[22;23;24;29m ...[0m
[34mCompiling [1mmodules/astcenc/image_compress_astcenc.cpp[22;23;24;29m ...[0m
[34mLinking Static Library [1mbin/obj/modules/libmodule_astcenc.ios.template_debug.arm64.simulator.a[22;23;24;29m ...[0m
ranlib: warning: 'libmodule_astcenc.ios.template_debug.arm64.simulator.a(astcenc_averages_and_directions.ios.template_debug.arm64.simulator.o)' has no symbols
ranlib: warning: 'libmodule_astcenc.ios.template_debug.arm64.simulator.a(astcenc_color_quantize.ios.template_debug.arm64.simulator.o)' has no symbols
ranlib: warning: 'libmodule_astcenc.ios.template_debug.arm64.simulator.a(astcenc_compress_symbolic.ios.template_debug.arm64.simulator.o)' has no symbols
ranlib: warning: 'libmodule_astcenc.ios.template_debug.arm64.simulator.a(astcenc_compute_variance.ios.template_debug.arm64.simulator.o)' has no symbols
ranlib: warning: 'libmodule_astcenc.ios.template_debug.arm64.simulator.a(astcenc_diagnostic_trace.ios.template_debug.arm64.simulator.o)' has no symbols
ranlib: warning: 'libmodule_astcenc.ios.template_debug.arm64.simulator.a(astcenc_find_best_partitioning.ios.template_debug.arm64.simulator.o)' has no symbols
ranlib: warning: 'libmodule_astcenc.ios.template_debug.arm64.simulator.a(astcenc_ideal_endpoints_and_weights.ios.template_debug.arm64.simulator.o)' has no symbols
ranlib: warning: 'libmodule_astcenc.ios.template_debug.arm64.simulator.a(astcenc_pick_best_endpoint_format.ios.template_debug.arm64.simulator.o)' has no symbols
ranlib: warning: 'libmodule_astcenc.ios.template_debug.arm64.simulator.a(astcenc_weight_align.ios.template_debug.arm64.simulator.o)' has no symbols
[34mRanlib Library [1mbin/obj/modules/libmodule_astcenc.ios.template_debug.arm64.simulator.a[22;23;24;29m ...[0m
ranlib: warning: 'libmodule_astcenc.ios.template_debug.arm64.simulator.a(astcenc_averages_and_directions.ios.template_debug.arm64.simulator.o)' has no symbols
ranlib: warning: 'libmodule_astcenc.ios.template_debug.arm64.simulator.a(astcenc_color_quantize.ios.template_debug.arm64.simulator.o)' has no symbols
ranlib: warning: 'libmodule_astcenc.ios.template_debug.arm64.simulator.a(astcenc_compress_symbolic.ios.template_debug.arm64.simulator.o)' has no symbols
ranlib: warning: 'libmodule_astcenc.ios.template_debug.arm64.simulator.a(astcenc_compute_variance.ios.template_debug.arm64.simulator.o)' has no symbols
ranlib: warning: 'libmodule_astcenc.ios.template_debug.arm64.simulator.a(astcenc_diagnostic_trace.ios.template_debug.arm64.simulator.o)' has no symbols
ranlib: warning: 'libmodule_astcenc.ios.template_debug.arm64.simulator.a(astcenc_find_best_partitioning.ios.template_debug.arm64.simulator.o)' has no symbols
ranlib: warning: 'libmodule_astcenc.ios.template_debug.arm64.simulator.a(astcenc_ideal_endpoints_and_weights.ios.template_debug.arm64.simulator.o)' has no symbols
ranlib: warning: 'libmodule_astcenc.ios.template_debug.arm64.simulator.a(astcenc_pick_best_endpoint_format.ios.template_debug.arm64.simulator.o)' has no symbols
ranlib: warning: 'libmodule_astcenc.ios.template_debug.arm64.simulator.a(astcenc_weight_align.ios.template_debug.arm64.simulator.o)' has no symbols
[34mCompiling [1mmodules/bcdec/image_decompress_bcdec.cpp[22;23;24;29m ...[0m
[34mCompiling [1mmodules/bcdec/register_types.cpp[22;23;24;29m ...[0m
[34mLinking Static Library [1mbin/obj/modules/libmodule_bcdec.ios.template_debug.arm64.simulator.a[22;23;24;29m ...[0m
[34mRanlib Library [1mbin/obj/modules/libmodule_bcdec.ios.template_debug.arm64.simulator.a[22;23;24;29m ...[0m
[34mCompiling [1mmodules/bmp/image_loader_bmp.cpp[22;23;24;29m ...[0m
[34mCompiling [1mmodules/bmp/register_types.cpp[22;23;24;29m ...[0m
[34mLinking Static Library [1mbin/obj/modules/libmodule_bmp.ios.template_debug.arm64.simulator.a[22;23;24;29m ...[0m
[34mRanlib Library [1mbin/obj/modules/libmodule_bmp.ios.template_debug.arm64.simulator.a[22;23;24;29m ...[0m
[34mCompiling [1mmodules/camera/register_types.cpp[22;23;24;29m ...[0m
[34mLinking Static Library [1mbin/obj/modules/libmodule_camera.ios.template_debug.arm64.simulator.a[22;23;24;29m ...[0m
[34mRanlib Library [1mbin/obj/modules/libmodule_camera.ios.template_debug.arm64.simulator.a[22;23;24;29m ...[0m
[34mCompiling [1mthirdparty/manifold/src/boolean_result.cpp[22;23;24;29m ...[0m
[34mCompiling [1mmodules/basis_universal/register_types.cpp[22;23;24;29m ...[0m
[34mCompiling [1mmodules/basis_universal/image_compress_basisu.cpp[22;23;24;29m ...[0m
[34mCompiling [1mthirdparty/manifold/src/boolean3.cpp[22;23;24;29m ...[0m
[34mLinking Static Library [1mbin/obj/modules/libmodule_basis_universal.ios.template_debug.arm64.simulator.a[22;23;24;29m ...[0m
[34mRanlib Library [1mbin/obj/modules/libmodule_basis_universal.ios.template_debug.arm64.simulator.a[22;23;24;29m ...[0m
[34mCompiling [1mthirdparty/manifold/src/constructors.cpp[22;23;24;29m ...[0m
[34mCompiling [1mthirdparty/manifold/src/csg_tree.cpp[22;23;24;29m ...[0m
[34mCompiling [1mthirdparty/manifold/src/edge_op.cpp[22;23;24;29m ...[0m
[34mCompiling [1mthirdparty/manifold/src/face_op.cpp[22;23;24;29m ...[0m
[34mCompiling [1mthirdparty/manifold/src/impl.cpp[22;23;24;29m ...[0m
[34mCompiling [1mthirdparty/manifold/src/manifold.cpp[22;23;24;29m ...[0m
[34mCompiling [1mthirdparty/manifold/src/polygon.cpp[22;23;24;29m ...[0m
[34mCompiling [1mthirdparty/manifold/src/properties.cpp[22;23;24;29m ...[0m
[34mCompiling [1mthirdparty/manifold/src/quickhull.cpp[22;23;24;29m ...[0m
[34mCompiling [1mthirdparty/manifold/src/sdf.cpp[22;23;24;29m ...[0m
[34mCompiling [1mthirdparty/manifold/src/smoothing.cpp[22;23;24;29m ...[0m
[34mCompiling [1mthirdparty/manifold/src/sort.cpp[22;23;24;29m ...[0m
[34mCompiling [1mthirdparty/manifold/src/subdivision.cpp[22;23;24;29m ...[0m
[34mCompiling [1mthirdparty/manifold/src/tree2d.cpp[22;23;24;29m ...[0m
[34mCompiling [1mmodules/dds/image_saver_dds.cpp[22;23;24;29m ...[0m
[34mCompiling [1mmodules/csg/register_types.cpp[22;23;24;29m ...[0m
[34mCompiling [1mmodules/csg/csg_shape.cpp[22;23;24;29m ...[0m
[34mCompiling [1mmodules/csg/csg.cpp[22;23;24;29m ...[0m
[34mCompiling [1mmodules/dds/register_types.cpp[22;23;24;29m ...[0m
[34mCompiling [1mmodules/dds/texture_loader_dds.cpp[22;23;24;29m ...[0m
[34mLinking Static Library [1mbin/obj/modules/libmodule_dds.ios.template_debug.arm64.simulator.a[22;23;24;29m ...[0m
[34mRanlib Library [1mbin/obj/modules/libmodule_dds.ios.template_debug.arm64.simulator.a[22;23;24;29m ...[0m
[34mCompiling [1mthirdparty/enet/enet_godot.cpp[22;23;24;29m ...[0m
[34mCompiling [1mthirdparty/enet/callbacks.c[22;23;24;29m ...[0m
[34mLinking Static Library [1mbin/obj/modules/libmodule_csg.ios.template_debug.arm64.simulator.a[22;23;24;29m ...[0m
[34mRanlib Library [1mbin/obj/modules/libmodule_csg.ios.template_debug.arm64.simulator.a[22;23;24;29m ...[0m
[34mCompiling [1mthirdparty/enet/compress.c[22;23;24;29m ...[0m
[34mCompiling [1mthirdparty/enet/host.c[22;23;24;29m ...[0m
[34mCompiling [1mthirdparty/enet/list.c[22;23;24;29m ...[0m
[34mCompiling [1mthirdparty/enet/packet.c[22;23;24;29m ...[0m
[34mCompiling [1mthirdparty/enet/peer.c[22;23;24;29m ...[0m
[34mCompiling [1mthirdparty/enet/protocol.c[22;23;24;29m ...[0m
[34mCompiling [1mthirdparty/etcpak/DecodeRGB.cpp[22;23;24;29m ...[0m
[34mCompiling [1mmodules/enet/enet_connection.cpp[22;23;24;29m ...[0m
[34mCompiling [1mmodules/enet/enet_packet_peer.cpp[22;23;24;29m ...[0m
[34mCompiling [1mmodules/enet/enet_multiplayer_peer.cpp[22;23;24;29m ...[0m
[34mCompiling [1mmodules/enet/register_types.cpp[22;23;24;29m ...[0m
[34mCompiling [1mthirdparty/etcpak/Dither.cpp[22;23;24;29m ...[0m
[34mCompiling [1mthirdparty/etcpak/ProcessDxtc.cpp[22;23;24;29m ...[0m
[34mCompiling [1mthirdparty/etcpak/ProcessRGB.cpp[22;23;24;29m ...[0m
[34mLinking Static Library [1mbin/obj/modules/libmodule_enet.ios.template_debug.arm64.simulator.a[22;23;24;29m ...[0m
[34mRanlib Library [1mbin/obj/modules/libmodule_enet.ios.template_debug.arm64.simulator.a[22;23;24;29m ...[0m
[34mCompiling [1mthirdparty/etcpak/Tables.cpp[22;23;24;29m ...[0m
[34mCompiling [1mmodules/gdscript/gdscript.cpp[22;23;24;29m ...[0m
[34mCompiling [1mmodules/etcpak/register_types.cpp[22;23;24;29m ...[0m
[34mCompiling [1mmodules/etcpak/image_decompress_etcpak.cpp[22;23;24;29m ...[0m
[34mCompiling [1mmodules/etcpak/image_compress_etcpak.cpp[22;23;24;29m ...[0m
[34mLinking Static Library [1mbin/obj/modules/libmodule_etcpak.ios.template_debug.arm64.simulator.a[22;23;24;29m ...[0m
ranlib: warning: 'libmodule_etcpak.ios.template_debug.arm64.simulator.a(image_compress_etcpak.ios.template_debug.arm64.simulator.o)' has no symbols
[34mRanlib Library [1mbin/obj/modules/libmodule_etcpak.ios.template_debug.arm64.simulator.a[22;23;24;29m ...[0m
ranlib: warning: 'libmodule_etcpak.ios.template_debug.arm64.simulator.a(image_compress_etcpak.ios.template_debug.arm64.simulator.o)' has no symbols
[34mCompiling [1mmodules/gdscript/gdscript_analyzer.cpp[22;23;24;29m ...[0m
[34mCompiling [1mmodules/gdscript/gdscript_byte_codegen.cpp[22;23;24;29m ...[0m
[34mCompiling [1mmodules/gdscript/gdscript_cache.cpp[22;23;24;29m ...[0m
[34mCompiling [1mmodules/gdscript/gdscript_compiler.cpp[22;23;24;29m ...[0m
[34mCompiling [1mmodules/gdscript/gdscript_disassembler.cpp[22;23;24;29m ...[0m
[34mCompiling [1mmodules/gdscript/gdscript_editor.cpp[22;23;24;29m ...[0m
[34mCompiling [1mmodules/gdscript/gdscript_function.cpp[22;23;24;29m ...[0m
[34mCompiling [1mmodules/gdscript/gdscript_lambda_callable.cpp[22;23;24;29m ...[0m
[34mCompiling [1mmodules/gdscript/gdscript_parser.cpp[22;23;24;29m ...[0m
[34mCompiling [1mmodules/gdscript/gdscript_resource_format.cpp[22;23;24;29m ...[0m
[34mCompiling [1mmodules/gdscript/gdscript_rpc_callable.cpp[22;23;24;29m ...[0m
[34mCompiling [1mmodules/gdscript/gdscript_tokenizer.cpp[22;23;24;29m ...[0m
[34mCompiling [1mmodules/gdscript/gdscript_tokenizer_buffer.cpp[22;23;24;29m ...[0m
[34mCompiling [1mmodules/gdscript/gdscript_utility_callable.cpp[22;23;24;29m ...[0m
[34mCompiling [1mmodules/gdscript/gdscript_utility_functions.cpp[22;23;24;29m ...[0m
[34mCompiling [1mmodules/gdscript/gdscript_vm.cpp[22;23;24;29m ...[0m
[34mCompiling [1mmodules/gdscript/gdscript_warning.cpp[22;23;24;29m ...[0m
[34mCompiling [1mmodules/gdscript/register_types.cpp[22;23;24;29m ...[0m
[34mCompiling [1mmodules/godot_physics_2d/godot_area_2d.cpp[22;23;24;29m ...[0m
[34mCompiling [1mmodules/godot_physics_2d/godot_area_pair_2d.cpp[22;23;24;29m ...[0m
[34mCompiling [1mmodules/godot_physics_2d/godot_body_2d.cpp[22;23;24;29m ...[0m
[34mLinking Static Library [1mbin/obj/modules/libmodule_gdscript.ios.template_debug.arm64.simulator.a[22;23;24;29m ...[0m
[34mCompiling [1mmodules/godot_physics_2d/godot_body_direct_state_2d.cpp[22;23;24;29m ...[0m
[34mRanlib Library [1mbin/obj/modules/libmodule_gdscript.ios.template_debug.arm64.simulator.a[22;23;24;29m ...[0m
[34mCompiling [1mmodules/godot_physics_2d/godot_body_pair_2d.cpp[22;23;24;29m ...[0m
[34mCompiling [1mmodules/godot_physics_2d/godot_broad_phase_2d_bvh.cpp[22;23;24;29m ...[0m
[34mCompiling [1mmodules/godot_physics_2d/godot_collision_object_2d.cpp[22;23;24;29m ...[0m
[34mCompiling [1mmodules/godot_physics_2d/godot_collision_solver_2d.cpp[22;23;24;29m ...[0m
[34mCompiling [1mmodules/godot_physics_2d/godot_collision_solver_2d_sat.cpp[22;23;24;29m ...[0m
[34mCompiling [1mmodules/godot_physics_2d/godot_joints_2d.cpp[22;23;24;29m ...[0m
[34mCompiling [1mmodules/godot_physics_2d/godot_physics_server_2d.cpp[22;23;24;29m ...[0m
[34mCompiling [1mmodules/godot_physics_2d/godot_shape_2d.cpp[22;23;24;29m ...[0m
[34mCompiling [1mmodules/godot_physics_2d/godot_space_2d.cpp[22;23;24;29m ...[0m
[34mCompiling [1mmodules/godot_physics_2d/godot_step_2d.cpp[22;23;24;29m ...[0m
[34mCompiling [1mmodules/godot_physics_2d/register_types.cpp[22;23;24;29m ...[0m
[34mCompiling [1mmodules/godot_physics_3d/gjk_epa.cpp[22;23;24;29m ...[0m
[34mCompiling [1mmodules/godot_physics_3d/godot_area_3d.cpp[22;23;24;29m ...[0m
[34mCompiling [1mmodules/godot_physics_3d/godot_area_pair_3d.cpp[22;23;24;29m ...[0m
[34mCompiling [1mmodules/godot_physics_3d/godot_body_3d.cpp[22;23;24;29m ...[0m
[34mCompiling [1mmodules/godot_physics_3d/godot_body_direct_state_3d.cpp[22;23;24;29m ...[0m
[34mCompiling [1mmodules/godot_physics_3d/godot_body_pair_3d.cpp[22;23;24;29m ...[0m
[34mCompiling [1mmodules/godot_physics_3d/godot_broad_phase_3d_bvh.cpp[22;23;24;29m ...[0m
[34mCompiling [1mmodules/godot_physics_3d/godot_collision_object_3d.cpp[22;23;24;29m ...[0m
[34mCompiling [1mmodules/godot_physics_3d/godot_collision_solver_3d.cpp[22;23;24;29m ...[0m
[34mLinking Static Library [1mbin/obj/modules/libmodule_godot_physics_2d.ios.template_debug.arm64.simulator.a[22;23;24;29m ...[0m
[34mRanlib Library [1mbin/obj/modules/libmodule_godot_physics_2d.ios.template_debug.arm64.simulator.a[22;23;24;29m ...[0m
[34mCompiling [1mmodules/godot_physics_3d/godot_collision_solver_3d_sat.cpp[22;23;24;29m ...[0m
[34mCompiling [1mmodules/godot_physics_3d/godot_physics_server_3d.cpp[22;23;24;29m ...[0m
[34mCompiling [1mmodules/godot_physics_3d/godot_shape_3d.cpp[22;23;24;29m ...[0m
[34mCompiling [1mmodules/godot_physics_3d/godot_soft_body_3d.cpp[22;23;24;29m ...[0m
[34mCompiling [1mmodules/godot_physics_3d/godot_space_3d.cpp[22;23;24;29m ...[0m
[34mCompiling [1mmodules/godot_physics_3d/godot_step_3d.cpp[22;23;24;29m ...[0m
[34mCompiling [1mmodules/godot_physics_3d/register_types.cpp[22;23;24;29m ...[0m
[34mCompiling [1mmodules/godot_physics_3d/joints/godot_cone_twist_joint_3d.cpp[22;23;24;29m ...[0m
[34mCompiling [1mmodules/godot_physics_3d/joints/godot_generic_6dof_joint_3d.cpp[22;23;24;29m ...[0m
[34mCompiling [1mmodules/godot_physics_3d/joints/godot_hinge_joint_3d.cpp[22;23;24;29m ...[0m
[34mCompiling [1mmodules/godot_physics_3d/joints/godot_pin_joint_3d.cpp[22;23;24;29m ...[0m
[34mCompiling [1mmodules/godot_physics_3d/joints/godot_slider_joint_3d.cpp[22;23;24;29m ...[0m
[34mCompiling [1mmodules/gridmap/grid_map.cpp[22;23;24;29m ...[0m
[34mLinking Static Library [1mbin/obj/modules/libmodule_godot_physics_3d.ios.template_debug.arm64.simulator.a[22;23;24;29m ...[0m
[34mRanlib Library [1mbin/obj/modules/libmodule_godot_physics_3d.ios.template_debug.arm64.simulator.a[22;23;24;29m ...[0m
[34mCompiling [1mmodules/gridmap/register_types.cpp[22;23;24;29m ...[0m
[34mCompiling [1mmodules/hdr/image_loader_hdr.cpp[22;23;24;29m ...[0m
[34mCompiling [1mmodules/hdr/register_types.cpp[22;23;24;29m ...[0m
[34mLinking Static Library [1mbin/obj/modules/libmodule_hdr.ios.template_debug.arm64.simulator.a[22;23;24;29m ...[0m
[34mRanlib Library [1mbin/obj/modules/libmodule_hdr.ios.template_debug.arm64.simulator.a[22;23;24;29m ...[0m
[34mCompiling [1mmodules/interactive_music/audio_stream_interactive.cpp[22;23;24;29m ...[0m
[34mLinking Static Library [1mbin/obj/modules/libmodule_gridmap.ios.template_debug.arm64.simulator.a[22;23;24;29m ...[0m
[34mRanlib Library [1mbin/obj/modules/libmodule_gridmap.ios.template_debug.arm64.simulator.a[22;23;24;29m ...[0m
[34mCompiling [1mmodules/interactive_music/audio_stream_playlist.cpp[22;23;24;29m ...[0m
[34mCompiling [1mmodules/interactive_music/audio_stream_synchronized.cpp[22;23;24;29m ...[0m
[34mCompiling [1mmodules/interactive_music/register_types.cpp[22;23;24;29m ...[0m
[34mCompiling [1mthirdparty/jolt_physics/Jolt/RegisterTypes.cpp[22;23;24;29m ...[0m
[34mLinking Static Library [1mbin/obj/modules/libmodule_interactive_music.ios.template_debug.arm64.simulator.a[22;23;24;29m ...[0m
[34mRanlib Library [1mbin/obj/modules/libmodule_interactive_music.ios.template_debug.arm64.simulator.a[22;23;24;29m ...[0m
[34mCompiling [1mthirdparty/jolt_physics/Jolt/AABBTree/AABBTreeBuilder.cpp[22;23;24;29m ...[0m
[34mCompiling [1mthirdparty/jolt_physics/Jolt/Core/Color.cpp[22;23;24;29m ...[0m
[34mCompiling [1mthirdparty/jolt_physics/Jolt/Core/Factory.cpp[22;23;24;29m ...[0m
[34mCompiling [1mthirdparty/jolt_physics/Jolt/Core/IssueReporting.cpp[22;23;24;29m ...[0m
[34mCompiling [1mthirdparty/jolt_physics/Jolt/Core/JobSystemSingleThreaded.cpp[22;23;24;29m ...[0m
[34mCompiling [1mthirdparty/jolt_physics/Jolt/Core/JobSystemThreadPool.cpp[22;23;24;29m ...[0m
[34mCompiling [1mthirdparty/jolt_physics/Jolt/Core/JobSystemWithBarrier.cpp[22;23;24;29m ...[0m
[34mCompiling [1mthirdparty/jolt_physics/Jolt/Core/LinearCurve.cpp[22;23;24;29m ...[0m
[34mCompiling [1mthirdparty/jolt_physics/Jolt/Core/Memory.cpp[22;23;24;29m ...[0m
[34mCompiling [1mthirdparty/jolt_physics/Jolt/Core/Profiler.cpp[22;23;24;29m ...[0m
[34mCompiling [1mthirdparty/jolt_physics/Jolt/Core/RTTI.cpp[22;23;24;29m ...[0m
[34mCompiling [1mthirdparty/jolt_physics/Jolt/Core/Semaphore.cpp[22;23;24;29m ...[0m
[34mCompiling [1mthirdparty/jolt_physics/Jolt/Core/StringTools.cpp[22;23;24;29m ...[0m
[34mCompiling [1mthirdparty/jolt_physics/Jolt/Core/TickCounter.cpp[22;23;24;29m ...[0m
[34mCompiling [1mthirdparty/jolt_physics/Jolt/Geometry/ConvexHullBuilder.cpp[22;23;24;29m ...[0m
[34mCompiling [1mthirdparty/jolt_physics/Jolt/Geometry/ConvexHullBuilder2D.cpp[22;23;24;29m ...[0m
[34mCompiling [1mthirdparty/jolt_physics/Jolt/Geometry/Indexify.cpp[22;23;24;29m ...[0m
[34mCompiling [1mthirdparty/jolt_physics/Jolt/Geometry/OrientedBox.cpp[22;23;24;29m ...[0m
[34mCompiling [1mthirdparty/jolt_physics/Jolt/Math/Vec3.cpp[22;23;24;29m ...[0m
[34mCompiling [1mthirdparty/jolt_physics/Jolt/ObjectStream/SerializableObject.cpp[22;23;24;29m ...[0m
[34mCompiling [1mthirdparty/jolt_physics/Jolt/Physics/DeterminismLog.cpp[22;23;24;29m ...[0m
[34mCompiling [1mthirdparty/jolt_physics/Jolt/Physics/IslandBuilder.cpp[22;23;24;29m ...[0m
[34mCompiling [1mthirdparty/jolt_physics/Jolt/Physics/LargeIslandSplitter.cpp[22;23;24;29m ...[0m
[34mCompiling [1mthirdparty/jolt_physics/Jolt/Physics/PhysicsScene.cpp[22;23;24;29m ...[0m
[34mCompiling [1mthirdparty/jolt_physics/Jolt/Physics/PhysicsSystem.cpp[22;23;24;29m ...[0m
[34mCompiling [1mthirdparty/jolt_physics/Jolt/Physics/PhysicsUpdateContext.cpp[22;23;24;29m ...[0m
[34mCompiling [1mthirdparty/jolt_physics/Jolt/Physics/StateRecorderImpl.cpp[22;23;24;29m ...[0m
[34mCompiling [1mthirdparty/jolt_physics/Jolt/Physics/Body/Body.cpp[22;23;24;29m ...[0m
[34mCompiling [1mthirdparty/jolt_physics/Jolt/Physics/Body/BodyCreationSettings.cpp[22;23;24;29m ...[0m
[34mCompiling [1mthirdparty/jolt_physics/Jolt/Physics/Body/BodyInterface.cpp[22;23;24;29m ...[0m
[34mCompiling [1mthirdparty/jolt_physics/Jolt/Physics/Body/BodyManager.cpp[22;23;24;29m ...[0m
[34mCompiling [1mthirdparty/jolt_physics/Jolt/Physics/Body/MassProperties.cpp[22;23;24;29m ...[0m
[34mCompiling [1mthirdparty/jolt_physics/Jolt/Physics/Body/MotionProperties.cpp[22;23;24;29m ...[0m
[34mCompiling [1mthirdparty/jolt_physics/Jolt/Physics/Character/Character.cpp[22;23;24;29m ...[0m
[34mCompiling [1mthirdparty/jolt_physics/Jolt/Physics/Character/CharacterBase.cpp[22;23;24;29m ...[0m
[34mCompiling [1mthirdparty/jolt_physics/Jolt/Physics/Character/CharacterVirtual.cpp[22;23;24;29m ...[0m
[34mCompiling [1mthirdparty/jolt_physics/Jolt/Physics/Collision/CastConvexVsTriangles.cpp[22;23;24;29m ...[0m
[34mCompiling [1mthirdparty/jolt_physics/Jolt/Physics/Collision/CastSphereVsTriangles.cpp[22;23;24;29m ...[0m
[34mCompiling [1mthirdparty/jolt_physics/Jolt/Physics/Collision/CollideConvexVsTriangles.cpp[22;23;24;29m ...[0m
[34mCompiling [1mthirdparty/jolt_physics/Jolt/Physics/Collision/CollideSphereVsTriangles.cpp[22;23;24;29m ...[0m
[34mCompiling [1mthirdparty/jolt_physics/Jolt/Physics/Collision/CollisionDispatch.cpp[22;23;24;29m ...[0m
[34mCompiling [1mthirdparty/jolt_physics/Jolt/Physics/Collision/CollisionGroup.cpp[22;23;24;29m ...[0m
[34mCompiling [1mthirdparty/jolt_physics/Jolt/Physics/Collision/EstimateCollisionResponse.cpp[22;23;24;29m ...[0m
[34mCompiling [1mthirdparty/jolt_physics/Jolt/Physics/Collision/GroupFilter.cpp[22;23;24;29m ...[0m
[34mCompiling [1mthirdparty/jolt_physics/Jolt/Physics/Collision/GroupFilterTable.cpp[22;23;24;29m ...[0m
[34mCompiling [1mthirdparty/jolt_physics/Jolt/Physics/Collision/ManifoldBetweenTwoFaces.cpp[22;23;24;29m ...[0m
[34mCompiling [1mthirdparty/jolt_physics/Jolt/Physics/Collision/NarrowPhaseQuery.cpp[22;23;24;29m ...[0m
[34mCompiling [1mthirdparty/jolt_physics/Jolt/Physics/Collision/NarrowPhaseStats.cpp[22;23;24;29m ...[0m
[34mCompiling [1mthirdparty/jolt_physics/Jolt/Physics/Collision/PhysicsMaterial.cpp[22;23;24;29m ...[0m
[34mCompiling [1mthirdparty/jolt_physics/Jolt/Physics/Collision/PhysicsMaterialSimple.cpp[22;23;24;29m ...[0m
[34mCompiling [1mthirdparty/jolt_physics/Jolt/Physics/Collision/TransformedShape.cpp[22;23;24;29m ...[0m
[34mCompiling [1mthirdparty/jolt_physics/Jolt/Physics/Collision/BroadPhase/BroadPhase.cpp[22;23;24;29m ...[0m
[34mCompiling [1mthirdparty/jolt_physics/Jolt/Physics/Collision/BroadPhase/BroadPhaseBruteForce.cpp[22;23;24;29m ...[0m
[34mCompiling [1mthirdparty/jolt_physics/Jolt/Physics/Collision/BroadPhase/BroadPhaseQuadTree.cpp[22;23;24;29m ...[0m
[34mCompiling [1mthirdparty/jolt_physics/Jolt/Physics/Collision/BroadPhase/QuadTree.cpp[22;23;24;29m ...[0m
[34mCompiling [1mthirdparty/jolt_physics/Jolt/Physics/Collision/Shape/BoxShape.cpp[22;23;24;29m ...[0m
[34mCompiling [1mthirdparty/jolt_physics/Jolt/Physics/Collision/Shape/CapsuleShape.cpp[22;23;24;29m ...[0m
[34mCompiling [1mthirdparty/jolt_physics/Jolt/Physics/Collision/Shape/CompoundShape.cpp[22;23;24;29m ...[0m
[34mCompiling [1mthirdparty/jolt_physics/Jolt/Physics/Collision/Shape/ConvexHullShape.cpp[22;23;24;29m ...[0m
[34mCompiling [1mthirdparty/jolt_physics/Jolt/Physics/Collision/Shape/ConvexShape.cpp[22;23;24;29m ...[0m
[34mCompiling [1mthirdparty/jolt_physics/Jolt/Physics/Collision/Shape/CylinderShape.cpp[22;23;24;29m ...[0m
[34mCompiling [1mthirdparty/jolt_physics/Jolt/Physics/Collision/Shape/DecoratedShape.cpp[22;23;24;29m ...[0m
[34mCompiling [1mthirdparty/jolt_physics/Jolt/Physics/Collision/Shape/EmptyShape.cpp[22;23;24;29m ...[0m
[34mCompiling [1mthirdparty/jolt_physics/Jolt/Physics/Collision/Shape/HeightFieldShape.cpp[22;23;24;29m ...[0m
[34mCompiling [1mthirdparty/jolt_physics/Jolt/Physics/Collision/Shape/MeshShape.cpp[22;23;24;29m ...[0m
[34mCompiling [1mthirdparty/jolt_physics/Jolt/Physics/Collision/Shape/MutableCompoundShape.cpp[22;23;24;29m ...[0m
[34mCompiling [1mthirdparty/jolt_physics/Jolt/Physics/Collision/Shape/OffsetCenterOfMassShape.cpp[22;23;24;29m ...[0m
[34mCompiling [1mthirdparty/jolt_physics/Jolt/Physics/Collision/Shape/PlaneShape.cpp[22;23;24;29m ...[0m
[34mCompiling [1mthirdparty/jolt_physics/Jolt/Physics/Collision/Shape/RotatedTranslatedShape.cpp[22;23;24;29m ...[0m
[34mCompiling [1mthirdparty/jolt_physics/Jolt/Physics/Collision/Shape/ScaledShape.cpp[22;23;24;29m ...[0m
[34mCompiling [1mthirdparty/jolt_physics/Jolt/Physics/Collision/Shape/Shape.cpp[22;23;24;29m ...[0m
[34mCompiling [1mthirdparty/jolt_physics/Jolt/Physics/Collision/Shape/SphereShape.cpp[22;23;24;29m ...[0m
[34mCompiling [1mthirdparty/jolt_physics/Jolt/Physics/Collision/Shape/StaticCompoundShape.cpp[22;23;24;29m ...[0m
[34mCompiling [1mthirdparty/jolt_physics/Jolt/Physics/Collision/Shape/TaperedCapsuleShape.cpp[22;23;24;29m ...[0m
[34mCompiling [1mthirdparty/jolt_physics/Jolt/Physics/Collision/Shape/TaperedCylinderShape.cpp[22;23;24;29m ...[0m
[34mCompiling [1mthirdparty/jolt_physics/Jolt/Physics/Collision/Shape/TriangleShape.cpp[22;23;24;29m ...[0m
[34mCompiling [1mthirdparty/jolt_physics/Jolt/Physics/Constraints/ConeConstraint.cpp[22;23;24;29m ...[0m
[34mCompiling [1mthirdparty/jolt_physics/Jolt/Physics/Constraints/Constraint.cpp[22;23;24;29m ...[0m
[34mCompiling [1mthirdparty/jolt_physics/Jolt/Physics/Constraints/ConstraintManager.cpp[22;23;24;29m ...[0m
[34mCompiling [1mthirdparty/jolt_physics/Jolt/Physics/Constraints/ContactConstraintManager.cpp[22;23;24;29m ...[0m
[34mCompiling [1mthirdparty/jolt_physics/Jolt/Physics/Constraints/DistanceConstraint.cpp[22;23;24;29m ...[0m
[34mCompiling [1mthirdparty/jolt_physics/Jolt/Physics/Constraints/FixedConstraint.cpp[22;23;24;29m ...[0m
[34mCompiling [1mthirdparty/jolt_physics/Jolt/Physics/Constraints/GearConstraint.cpp[22;23;24;29m ...[0m
[34mCompiling [1mthirdparty/jolt_physics/Jolt/Physics/Constraints/HingeConstraint.cpp[22;23;24;29m ...[0m
[34mCompiling [1mthirdparty/jolt_physics/Jolt/Physics/Constraints/MotorSettings.cpp[22;23;24;29m ...[0m
[34mCompiling [1mthirdparty/jolt_physics/Jolt/Physics/Constraints/PathConstraint.cpp[22;23;24;29m ...[0m
[34mCompiling [1mthirdparty/jolt_physics/Jolt/Physics/Constraints/PathConstraintPath.cpp[22;23;24;29m ...[0m
[34mCompiling [1mthirdparty/jolt_physics/Jolt/Physics/Constraints/PathConstraintPathHermite.cpp[22;23;24;29m ...[0m
[34mCompiling [1mthirdparty/jolt_physics/Jolt/Physics/Constraints/PointConstraint.cpp[22;23;24;29m ...[0m
[34mCompiling [1mthirdparty/jolt_physics/Jolt/Physics/Constraints/PulleyConstraint.cpp[22;23;24;29m ...[0m
[34mCompiling [1mthirdparty/jolt_physics/Jolt/Physics/Constraints/RackAndPinionConstraint.cpp[22;23;24;29m ...[0m
[34mCompiling [1mthirdparty/jolt_physics/Jolt/Physics/Constraints/SixDOFConstraint.cpp[22;23;24;29m ...[0m
[34mCompiling [1mthirdparty/jolt_physics/Jolt/Physics/Constraints/SliderConstraint.cpp[22;23;24;29m ...[0m
[34mCompiling [1mthirdparty/jolt_physics/Jolt/Physics/Constraints/SpringSettings.cpp[22;23;24;29m ...[0m
[34mCompiling [1mthirdparty/jolt_physics/Jolt/Physics/Constraints/SwingTwistConstraint.cpp[22;23;24;29m ...[0m
[34mCompiling [1mthirdparty/jolt_physics/Jolt/Physics/Constraints/TwoBodyConstraint.cpp[22;23;24;29m ...[0m
[34mCompiling [1mthirdparty/jolt_physics/Jolt/Physics/Ragdoll/Ragdoll.cpp[22;23;24;29m ...[0m
[34mCompiling [1mthirdparty/jolt_physics/Jolt/Physics/SoftBody/SoftBodyCreationSettings.cpp[22;23;24;29m ...[0m
[34mCompiling [1mthirdparty/jolt_physics/Jolt/Physics/SoftBody/SoftBodyMotionProperties.cpp[22;23;24;29m ...[0m
[34mCompiling [1mthirdparty/jolt_physics/Jolt/Physics/SoftBody/SoftBodyShape.cpp[22;23;24;29m ...[0m
[34mCompiling [1mthirdparty/jolt_physics/Jolt/Physics/SoftBody/SoftBodySharedSettings.cpp[22;23;24;29m ...[0m
[34mCompiling [1mthirdparty/jolt_physics/Jolt/Physics/Vehicle/MotorcycleController.cpp[22;23;24;29m ...[0m
[34mCompiling [1mthirdparty/jolt_physics/Jolt/Physics/Vehicle/TrackedVehicleController.cpp[22;23;24;29m ...[0m
[34mCompiling [1mthirdparty/jolt_physics/Jolt/Physics/Vehicle/VehicleAntiRollBar.cpp[22;23;24;29m ...[0m
[34mCompiling [1mthirdparty/jolt_physics/Jolt/Physics/Vehicle/VehicleCollisionTester.cpp[22;23;24;29m ...[0m
[34mCompiling [1mthirdparty/jolt_physics/Jolt/Physics/Vehicle/VehicleConstraint.cpp[22;23;24;29m ...[0m
[34mCompiling [1mthirdparty/jolt_physics/Jolt/Physics/Vehicle/VehicleController.cpp[22;23;24;29m ...[0m
[34mCompiling [1mthirdparty/jolt_physics/Jolt/Physics/Vehicle/VehicleDifferential.cpp[22;23;24;29m ...[0m
[34mCompiling [1mthirdparty/jolt_physics/Jolt/Physics/Vehicle/VehicleEngine.cpp[22;23;24;29m ...[0m
[34mCompiling [1mthirdparty/jolt_physics/Jolt/Physics/Vehicle/VehicleTrack.cpp[22;23;24;29m ...[0m
[34mCompiling [1mthirdparty/jolt_physics/Jolt/Physics/Vehicle/VehicleTransmission.cpp[22;23;24;29m ...[0m
[34mCompiling [1mthirdparty/jolt_physics/Jolt/Physics/Vehicle/Wheel.cpp[22;23;24;29m ...[0m
[34mCompiling [1mthirdparty/jolt_physics/Jolt/Physics/Vehicle/WheeledVehicleController.cpp[22;23;24;29m ...[0m
[34mCompiling [1mthirdparty/jolt_physics/Jolt/Renderer/DebugRenderer.cpp[22;23;24;29m ...[0m
[34mCompiling [1mthirdparty/jolt_physics/Jolt/Renderer/DebugRendererPlayback.cpp[22;23;24;29m ...[0m
[34mCompiling [1mthirdparty/jolt_physics/Jolt/Renderer/DebugRendererRecorder.cpp[22;23;24;29m ...[0m
[34mCompiling [1mthirdparty/jolt_physics/Jolt/Renderer/DebugRendererSimple.cpp[22;23;24;29m ...[0m
[34mCompiling [1mthirdparty/jolt_physics/Jolt/Skeleton/SkeletalAnimation.cpp[22;23;24;29m ...[0m
[34mCompiling [1mthirdparty/jolt_physics/Jolt/Skeleton/Skeleton.cpp[22;23;24;29m ...[0m
[34mCompiling [1mthirdparty/jolt_physics/Jolt/Skeleton/SkeletonMapper.cpp[22;23;24;29m ...[0m
[34mCompiling [1mthirdparty/jolt_physics/Jolt/Skeleton/SkeletonPose.cpp[22;23;24;29m ...[0m
[34mCompiling [1mthirdparty/jolt_physics/Jolt/TriangleSplitter/TriangleSplitter.cpp[22;23;24;29m ...[0m
[34mCompiling [1mthirdparty/jolt_physics/Jolt/TriangleSplitter/TriangleSplitterBinning.cpp[22;23;24;29m ...[0m
[34mCompiling [1mthirdparty/jolt_physics/Jolt/TriangleSplitter/TriangleSplitterMean.cpp[22;23;24;29m ...[0m
[34mCompiling [1mthirdparty/libjpeg-turbo/src/jcapistd.c[22;23;24;29m ...[0m
[34mCompiling [1mthirdparty/libjpeg-turbo/src/jccoefct.c[22;23;24;29m ...[0m
[34mCompiling [1mthirdparty/libjpeg-turbo/src/jccolor.c[22;23;24;29m ...[0m
[34mCompiling [1mmodules/jolt_physics/objects/jolt_area_3d.cpp[22;23;24;29m ...[0m
[34mCompiling [1mmodules/jolt_physics/spaces/jolt_layers.cpp[22;23;24;29m ...[0m
[34mCompiling [1mmodules/jolt_physics/shapes/jolt_shape_3d.cpp[22;23;24;29m ...[0m
[34mCompiling [1mmodules/jolt_physics/shapes/jolt_convex_polygon_shape_3d.cpp[22;23;24;29m ...[0m
[34mCompiling [1mmodules/jolt_physics/objects/jolt_soft_body_3d.cpp[22;23;24;29m ...[0m
[34mCompiling [1mmodules/jolt_physics/joints/jolt_hinge_joint_3d.cpp[22;23;24;29m ...[0m
[34mCompiling [1mmodules/jolt_physics/jolt_project_settings.cpp[22;23;24;29m ...[0m
[34mCompiling [1mmodules/jolt_physics/shapes/jolt_custom_ray_shape.cpp[22;23;24;29m ...[0m
[34mCompiling [1mmodules/jolt_physics/spaces/jolt_contact_listener_3d.cpp[22;23;24;29m ...[0m
[34mCompiling [1mmodules/jolt_physics/shapes/jolt_height_map_shape_3d.cpp[22;23;24;29m ...[0m
[34mCompiling [1mmodules/jolt_physics/shapes/jolt_capsule_shape_3d.cpp[22;23;24;29m ...[0m
[34mCompiling [1mmodules/jolt_physics/objects/jolt_physics_direct_body_state_3d.cpp[22;23;24;29m ...[0m
[34mCompiling [1mmodules/jolt_physics/joints/jolt_cone_twist_joint_3d.cpp[22;23;24;29m ...[0m
[34mCompiling [1mmodules/jolt_physics/jolt_globals.cpp[22;23;24;29m ...[0m
[34mCompiling [1mmodules/jolt_physics/spaces/jolt_space_3d.cpp[22;23;24;29m ...[0m
[34mCompiling [1mmodules/jolt_physics/objects/jolt_body_3d.cpp[22;23;24;29m ...[0m
[34mCompiling [1mmodules/jolt_physics/spaces/jolt_motion_filter_3d.cpp[22;23;24;29m ...[0m
[34mCompiling [1mmodules/jolt_physics/shapes/jolt_shape_instance_3d.cpp[22;23;24;29m ...[0m
[34mCompiling [1mmodules/jolt_physics/shapes/jolt_custom_double_sided_shape.cpp[22;23;24;29m ...[0m
[34mCompiling [1mmodules/jolt_physics/misc/jolt_math_funcs.cpp[22;23;24;29m ...[0m
[34mCompiling [1mmodules/jolt_physics/joints/jolt_joint_3d.cpp[22;23;24;29m ...[0m
[34mCompiling [1mmodules/jolt_physics/register_types.cpp[22;23;24;29m ...[0m
[34mCompiling [1mmodules/jolt_physics/shapes/jolt_custom_user_data_shape.cpp[22;23;24;29m ...[0m
[34mCompiling [1mmodules/jolt_physics/spaces/jolt_physics_direct_space_state_3d.cpp[22;23;24;29m ...[0m
[34mCompiling [1mmodules/jolt_physics/shapes/jolt_sphere_shape_3d.cpp[22;23;24;29m ...[0m
[34mCompiling [1mmodules/jolt_physics/joints/jolt_pin_joint_3d.cpp[22;23;24;29m ...[0m
[34mCompiling [1mmodules/jolt_physics/spaces/jolt_query_filter_3d.cpp[22;23;24;29m ...[0m
[34mCompiling [1mmodules/jolt_physics/spaces/jolt_job_system.cpp[22;23;24;29m ...[0m
[34mCompiling [1mmodules/jolt_physics/shapes/jolt_separation_ray_shape_3d.cpp[22;23;24;29m ...[0m
[34mCompiling [1mmodules/jolt_physics/shapes/jolt_concave_polygon_shape_3d.cpp[22;23;24;29m ...[0m
[34mCompiling [1mmodules/jolt_physics/joints/jolt_slider_joint_3d.cpp[22;23;24;29m ...[0m
[34mCompiling [1mmodules/jolt_physics/objects/jolt_shaped_object_3d.cpp[22;23;24;29m ...[0m
[34mCompiling [1mmodules/jolt_physics/joints/jolt_generic_6dof_joint_3d.cpp[22;23;24;29m ...[0m
[34mCompiling [1mmodules/jolt_physics/jolt_physics_server_3d.cpp[22;23;24;29m ...[0m
[34mCompiling [1mmodules/jolt_physics/spaces/jolt_temp_allocator.cpp[22;23;24;29m ...[0m
[34mCompiling [1mmodules/jolt_physics/objects/jolt_group_filter.cpp[22;23;24;29m ...[0m
[34mCompiling [1mmodules/jolt_physics/shapes/jolt_custom_motion_shape.cpp[22;23;24;29m ...[0m
[34mCompiling [1mmodules/jolt_physics/spaces/jolt_body_activation_listener_3d.cpp[22;23;24;29m ...[0m
[34mCompiling [1mmodules/jolt_physics/shapes/jolt_world_boundary_shape_3d.cpp[22;23;24;29m ...[0m
[34mCompiling [1mmodules/jolt_physics/shapes/jolt_cylinder_shape_3d.cpp[22;23;24;29m ...[0m
[34mCompiling [1mmodules/jolt_physics/shapes/jolt_box_shape_3d.cpp[22;23;24;29m ...[0m
[34mCompiling [1mmodules/jolt_physics/objects/jolt_object_3d.cpp[22;23;24;29m ...[0m
[34mCompiling [1mthirdparty/libjpeg-turbo/src/jcdctmgr.c[22;23;24;29m ...[0m
[34mCompiling [1mthirdparty/libjpeg-turbo/src/jcmainct.c[22;23;24;29m ...[0m
[34mCompiling [1mthirdparty/libjpeg-turbo/src/jcprepct.c[22;23;24;29m ...[0m
[34mCompiling [1mthirdparty/libjpeg-turbo/src/jcsample.c[22;23;24;29m ...[0m
[34mCompiling [1mthirdparty/libjpeg-turbo/src/jdcoefct.c[22;23;24;29m ...[0m
[34mLinking Static Library [1mbin/obj/modules/libmodule_jolt_physics.ios.template_debug.arm64.simulator.a[22;23;24;29m ...[0m
[34mCompiling [1mthirdparty/libjpeg-turbo/src/jdcolor.c[22;23;24;29m ...[0m
[34mRanlib Library [1mbin/obj/modules/libmodule_jolt_physics.ios.template_debug.arm64.simulator.a[22;23;24;29m ...[0m
[34mCompiling [1mthirdparty/libjpeg-turbo/src/jdapistd.c[22;23;24;29m ...[0m
[34mCompiling [1mthirdparty/libjpeg-turbo/src/jddctmgr.c[22;23;24;29m ...[0m
[34mCompiling [1mthirdparty/libjpeg-turbo/src/jdmainct.c[22;23;24;29m ...[0m
[34mCompiling [1mthirdparty/libjpeg-turbo/src/jdmerge.c[22;23;24;29m ...[0m
[34mCompiling [1mthirdparty/libjpeg-turbo/src/jdpostct.c[22;23;24;29m ...[0m
[34mCompiling [1mthirdparty/libjpeg-turbo/src/jdsample.c[22;23;24;29m ...[0m
[34mCompiling [1mthirdparty/libjpeg-turbo/src/jfdctfst.c[22;23;24;29m ...[0m
[34mCompiling [1mthirdparty/libjpeg-turbo/src/jfdctint.c[22;23;24;29m ...[0m
[34mCompiling [1mthirdparty/libjpeg-turbo/src/jidctflt.c[22;23;24;29m ...[0m
[34mCompiling [1mthirdparty/libjpeg-turbo/src/jidctfst.c[22;23;24;29m ...[0m
[34mCompiling [1mthirdparty/libjpeg-turbo/src/jidctint.c[22;23;24;29m ...[0m
[34mCompiling [1mthirdparty/libjpeg-turbo/src/jidctred.c[22;23;24;29m ...[0m
[34mCompiling [1mthirdparty/libjpeg-turbo/src/jutils.c[22;23;24;29m ...[0m
[34mCompiling [1mthirdparty/libjpeg-turbo/src/jquant1.c[22;23;24;29m ...[0m
[34mCompiling [1mthirdparty/libjpeg-turbo/src/jquant2.c[22;23;24;29m ...[0m
[34mCompiling [1mthirdparty/libjpeg-turbo/src/jcapistd.c[22;23;24;29m ...[0m
[34mCompiling [1mthirdparty/libjpeg-turbo/src/jccoefct.c[22;23;24;29m ...[0m
[34mCompiling [1mthirdparty/libjpeg-turbo/src/jccolor.c[22;23;24;29m ...[0m
[34mCompiling [1mthirdparty/libjpeg-turbo/src/jcdctmgr.c[22;23;24;29m ...[0m
[34mCompiling [1mthirdparty/libjpeg-turbo/src/jcmainct.c[22;23;24;29m ...[0m
[34mCompiling [1mthirdparty/libjpeg-turbo/src/jcprepct.c[22;23;24;29m ...[0m
[34mCompiling [1mthirdparty/libjpeg-turbo/src/jcsample.c[22;23;24;29m ...[0m
[34mCompiling [1mthirdparty/libjpeg-turbo/src/jdcoefct.c[22;23;24;29m ...[0m
[34mCompiling [1mthirdparty/libjpeg-turbo/src/jdcolor.c[22;23;24;29m ...[0m
[34mCompiling [1mthirdparty/libjpeg-turbo/src/jdapistd.c[22;23;24;29m ...[0m
[34mCompiling [1mthirdparty/libjpeg-turbo/src/jddctmgr.c[22;23;24;29m ...[0m
[34mCompiling [1mthirdparty/libjpeg-turbo/src/jdmainct.c[22;23;24;29m ...[0m
[34mCompiling [1mthirdparty/libjpeg-turbo/src/jdmerge.c[22;23;24;29m ...[0m
[34mCompiling [1mthirdparty/libjpeg-turbo/src/jdpostct.c[22;23;24;29m ...[0m
[34mCompiling [1mthirdparty/libjpeg-turbo/src/jdsample.c[22;23;24;29m ...[0m
[34mCompiling [1mthirdparty/libjpeg-turbo/src/jfdctfst.c[22;23;24;29m ...[0m
[34mCompiling [1mthirdparty/libjpeg-turbo/src/jfdctint.c[22;23;24;29m ...[0m
[34mCompiling [1mthirdparty/libjpeg-turbo/src/jidctflt.c[22;23;24;29m ...[0m
[34mCompiling [1mthirdparty/libjpeg-turbo/src/jidctfst.c[22;23;24;29m ...[0m
[34mCompiling [1mthirdparty/libjpeg-turbo/src/jidctint.c[22;23;24;29m ...[0m
[34mCompiling [1mthirdparty/libjpeg-turbo/src/jidctred.c[22;23;24;29m ...[0m
[34mCompiling [1mthirdparty/libjpeg-turbo/src/jutils.c[22;23;24;29m ...[0m
[34mCompiling [1mthirdparty/libjpeg-turbo/src/jquant1.c[22;23;24;29m ...[0m
[34mCompiling [1mthirdparty/libjpeg-turbo/src/jquant2.c[22;23;24;29m ...[0m
[34mCompiling [1mthirdparty/libjpeg-turbo/src/jaricom.c[22;23;24;29m ...[0m
[34mCompiling [1mthirdparty/libjpeg-turbo/src/jcapimin.c[22;23;24;29m ...[0m
[34mCompiling [1mthirdparty/libjpeg-turbo/src/jcarith.c[22;23;24;29m ...[0m
[34mCompiling [1mthirdparty/libjpeg-turbo/src/jchuff.c[22;23;24;29m ...[0m
[34mCompiling [1mthirdparty/libjpeg-turbo/src/jcicc.c[22;23;24;29m ...[0m
[34mCompiling [1mthirdparty/libjpeg-turbo/src/jcinit.c[22;23;24;29m ...[0m
[34mCompiling [1mthirdparty/libjpeg-turbo/src/jcmarker.c[22;23;24;29m ...[0m
[34mCompiling [1mthirdparty/libjpeg-turbo/src/jcmaster.c[22;23;24;29m ...[0m
[34mCompiling [1mthirdparty/libjpeg-turbo/src/jcomapi.c[22;23;24;29m ...[0m
[34mCompiling [1mthirdparty/libjpeg-turbo/src/jcparam.c[22;23;24;29m ...[0m
[34mCompiling [1mthirdparty/libjpeg-turbo/src/jcphuff.c[22;23;24;29m ...[0m
[34mCompiling [1mthirdparty/libjpeg-turbo/src/jctrans.c[22;23;24;29m ...[0m
[34mCompiling [1mthirdparty/libjpeg-turbo/src/jdapimin.c[22;23;24;29m ...[0m
[34mCompiling [1mthirdparty/libjpeg-turbo/src/jdarith.c[22;23;24;29m ...[0m
[34mCompiling [1mthirdparty/libjpeg-turbo/src/jdatadst.c[22;23;24;29m ...[0m
[34mCompiling [1mthirdparty/libjpeg-turbo/src/jdatadst-tj.c[22;23;24;29m ...[0m
[34mCompiling [1mthirdparty/libjpeg-turbo/src/jdatasrc.c[22;23;24;29m ...[0m
[34mCompiling [1mthirdparty/libjpeg-turbo/src/jdatasrc-tj.c[22;23;24;29m ...[0m
[34mCompiling [1mthirdparty/libjpeg-turbo/src/jdhuff.c[22;23;24;29m ...[0m
[34mCompiling [1mthirdparty/libjpeg-turbo/src/jdicc.c[22;23;24;29m ...[0m
[34mCompiling [1mthirdparty/libjpeg-turbo/src/jdinput.c[22;23;24;29m ...[0m
[34mCompiling [1mthirdparty/libjpeg-turbo/src/jdmarker.c[22;23;24;29m ...[0m
[34mCompiling [1mthirdparty/libjpeg-turbo/src/jdmaster.c[22;23;24;29m ...[0m
[34mCompiling [1mthirdparty/libjpeg-turbo/src/jdphuff.c[22;23;24;29m ...[0m
[34mCompiling [1mthirdparty/libjpeg-turbo/src/jdtrans.c[22;23;24;29m ...[0m
[34mCompiling [1mthirdparty/libjpeg-turbo/src/jerror.c[22;23;24;29m ...[0m
[34mCompiling [1mthirdparty/libjpeg-turbo/src/jfdctflt.c[22;23;24;29m ...[0m
[34mCompiling [1mthirdparty/libjpeg-turbo/src/jmemmgr.c[22;23;24;29m ...[0m
[34mCompiling [1mthirdparty/libjpeg-turbo/src/jmemnobs.c[22;23;24;29m ...[0m
[34mCompiling [1mthirdparty/libjpeg-turbo/src/jpeg_nbits.c[22;23;24;29m ...[0m
[34mCompiling [1mthirdparty/libjpeg-turbo/src/transupp.c[22;23;24;29m ...[0m
[34mCompiling [1mthirdparty/libjpeg-turbo/src/turbojpeg.c[22;23;24;29m ...[0m
[34mCompiling [1mmodules/jsonrpc/jsonrpc.cpp[22;23;24;29m ...[0m
[34mCompiling [1mmodules/jpg/register_types.cpp[22;23;24;29m ...[0m
[34mCompiling [1mmodules/jpg/movie_writer_mjpeg.cpp[22;23;24;29m ...[0m
[34mCompiling [1mmodules/jpg/image_loader_libjpeg_turbo.cpp[22;23;24;29m ...[0m
[34mCompiling [1mmodules/jsonrpc/register_types.cpp[22;23;24;29m ...[0m
[34mLinking Static Library [1mbin/obj/modules/libmodule_jpg.ios.template_debug.arm64.simulator.a[22;23;24;29m ...[0m
ranlib: warning: 'libmodule_jpg.ios.template_debug.arm64.simulator.a(jpeg_nbits.ios.template_debug.arm64.simulator.o)' has no symbols
[34mRanlib Library [1mbin/obj/modules/libmodule_jpg.ios.template_debug.arm64.simulator.a[22;23;24;29m ...[0m
ranlib: warning: 'libmodule_jpg.ios.template_debug.arm64.simulator.a(jpeg_nbits.ios.template_debug.arm64.simulator.o)' has no symbols
[34mCompiling [1mthirdparty/mbedtls/library/aes.c[22;23;24;29m ...[0m
[34mLinking Static Library [1mbin/obj/modules/libmodule_jsonrpc.ios.template_debug.arm64.simulator.a[22;23;24;29m ...[0m
[34mRanlib Library [1mbin/obj/modules/libmodule_jsonrpc.ios.template_debug.arm64.simulator.a[22;23;24;29m ...[0m
[34mCompiling [1mthirdparty/mbedtls/library/aesce.c[22;23;24;29m ...[0m
[34mCompiling [1mthirdparty/mbedtls/library/aesni.c[22;23;24;29m ...[0m
[34mCompiling [1mthirdparty/mbedtls/library/aria.c[22;23;24;29m ...[0m
[34mCompiling [1mthirdparty/mbedtls/library/asn1parse.c[22;23;24;29m ...[0m
[34mCompiling [1mthirdparty/mbedtls/library/asn1write.c[22;23;24;29m ...[0m
[34mCompiling [1mthirdparty/mbedtls/library/base64.c[22;23;24;29m ...[0m
[34mCompiling [1mthirdparty/mbedtls/library/bignum.c[22;23;24;29m ...[0m
[34mCompiling [1mthirdparty/mbedtls/library/bignum_core.c[22;23;24;29m ...[0m
[34mCompiling [1mthirdparty/mbedtls/library/bignum_mod_raw.c[22;23;24;29m ...[0m
[34mCompiling [1mthirdparty/mbedtls/library/camellia.c[22;23;24;29m ...[0m
[34mCompiling [1mthirdparty/mbedtls/library/ccm.c[22;23;24;29m ...[0m
[34mCompiling [1mthirdparty/mbedtls/library/chacha20.c[22;23;24;29m ...[0m
[34mCompiling [1mthirdparty/mbedtls/library/chachapoly.c[22;23;24;29m ...[0m
[34mCompiling [1mthirdparty/mbedtls/library/cipher.c[22;23;24;29m ...[0m
[34mCompiling [1mthirdparty/mbedtls/library/cipher_wrap.c[22;23;24;29m ...[0m
[34mCompiling [1mthirdparty/mbedtls/library/cmac.c[22;23;24;29m ...[0m
[34mCompiling [1mthirdparty/mbedtls/library/constant_time.c[22;23;24;29m ...[0m
[34mCompiling [1mthirdparty/mbedtls/library/ctr_drbg.c[22;23;24;29m ...[0m
[34mCompiling [1mthirdparty/mbedtls/library/debug.c[22;23;24;29m ...[0m
[34mCompiling [1mthirdparty/mbedtls/library/des.c[22;23;24;29m ...[0m
[34mCompiling [1mthirdparty/mbedtls/library/dhm.c[22;23;24;29m ...[0m
[34mCompiling [1mthirdparty/mbedtls/library/ecdh.c[22;23;24;29m ...[0m
[34mCompiling [1mthirdparty/mbedtls/library/ecdsa.c[22;23;24;29m ...[0m
[34mCompiling [1mthirdparty/mbedtls/library/ecjpake.c[22;23;24;29m ...[0m
[34mCompiling [1mthirdparty/mbedtls/library/ecp.c[22;23;24;29m ...[0m
[34mCompiling [1mthirdparty/mbedtls/library/ecp_curves.c[22;23;24;29m ...[0m
[34mCompiling [1mthirdparty/mbedtls/library/entropy.c[22;23;24;29m ...[0m
[34mCompiling [1mthirdparty/mbedtls/library/entropy_poll.c[22;23;24;29m ...[0m
[34mCompiling [1mthirdparty/mbedtls/library/error.c[22;23;24;29m ...[0m
[34mCompiling [1mthirdparty/mbedtls/library/gcm.c[22;23;24;29m ...[0m
[34mCompiling [1mthirdparty/mbedtls/library/hkdf.c[22;23;24;29m ...[0m
[34mCompiling [1mthirdparty/mbedtls/library/hmac_drbg.c[22;23;24;29m ...[0m
[34mCompiling [1mthirdparty/mbedtls/library/md.c[22;23;24;29m ...[0m
[34mCompiling [1mthirdparty/mbedtls/library/md5.c[22;23;24;29m ...[0m
[34mCompiling [1mthirdparty/mbedtls/library/memory_buffer_alloc.c[22;23;24;29m ...[0m
[34mCompiling [1mthirdparty/mbedtls/library/mps_reader.c[22;23;24;29m ...[0m
[34mCompiling [1mthirdparty/mbedtls/library/mps_trace.c[22;23;24;29m ...[0m
[34mCompiling [1mthirdparty/mbedtls/library/net_sockets.c[22;23;24;29m ...[0m
[34mCompiling [1mthirdparty/mbedtls/library/nist_kw.c[22;23;24;29m ...[0m
[34mCompiling [1mthirdparty/mbedtls/library/oid.c[22;23;24;29m ...[0m
[34mCompiling [1mthirdparty/mbedtls/library/padlock.c[22;23;24;29m ...[0m
[34mCompiling [1mthirdparty/mbedtls/library/pem.c[22;23;24;29m ...[0m
[34mCompiling [1mthirdparty/mbedtls/library/pk.c[22;23;24;29m ...[0m
[34mCompiling [1mthirdparty/mbedtls/library/pk_ecc.c[22;23;24;29m ...[0m
[34mCompiling [1mthirdparty/mbedtls/library/pk_wrap.c[22;23;24;29m ...[0m
[34mCompiling [1mthirdparty/mbedtls/library/pkcs12.c[22;23;24;29m ...[0m
[34mCompiling [1mthirdparty/mbedtls/library/pkcs5.c[22;23;24;29m ...[0m
[34mCompiling [1mthirdparty/mbedtls/library/pkcs7.c[22;23;24;29m ...[0m
[34mCompiling [1mthirdparty/mbedtls/library/pkparse.c[22;23;24;29m ...[0m
[34mCompiling [1mthirdparty/mbedtls/library/pkwrite.c[22;23;24;29m ...[0m
[34mCompiling [1mthirdparty/mbedtls/library/platform.c[22;23;24;29m ...[0m
[34mCompiling [1mthirdparty/mbedtls/library/platform_util.c[22;23;24;29m ...[0m
[34mCompiling [1mthirdparty/mbedtls/library/poly1305.c[22;23;24;29m ...[0m
[34mCompiling [1mthirdparty/mbedtls/library/psa_crypto.c[22;23;24;29m ...[0m
[34mCompiling [1mthirdparty/mbedtls/library/psa_crypto_aead.c[22;23;24;29m ...[0m
[34mCompiling [1mthirdparty/mbedtls/library/psa_crypto_cipher.c[22;23;24;29m ...[0m
[34mCompiling [1mthirdparty/mbedtls/library/psa_crypto_client.c[22;23;24;29m ...[0m
[34mCompiling [1mthirdparty/mbedtls/library/psa_crypto_driver_wrappers_no_static.c[22;23;24;29m ...[0m
[34mCompiling [1mthirdparty/mbedtls/library/psa_crypto_ecp.c[22;23;24;29m ...[0m
[34mCompiling [1mthirdparty/mbedtls/library/psa_crypto_ffdh.c[22;23;24;29m ...[0m
[34mCompiling [1mthirdparty/mbedtls/library/psa_crypto_hash.c[22;23;24;29m ...[0m
[34mCompiling [1mthirdparty/mbedtls/library/psa_crypto_mac.c[22;23;24;29m ...[0m
[34mCompiling [1mthirdparty/mbedtls/library/psa_crypto_pake.c[22;23;24;29m ...[0m
[34mCompiling [1mthirdparty/mbedtls/library/psa_crypto_random.c[22;23;24;29m ...[0m
[34mCompiling [1mthirdparty/mbedtls/library/psa_crypto_rsa.c[22;23;24;29m ...[0m
[34mCompiling [1mthirdparty/mbedtls/library/psa_crypto_se.c[22;23;24;29m ...[0m
[34mCompiling [1mthirdparty/mbedtls/library/psa_crypto_slot_management.c[22;23;24;29m ...[0m
[34mCompiling [1mthirdparty/mbedtls/library/psa_crypto_storage.c[22;23;24;29m ...[0m
[34mCompiling [1mthirdparty/mbedtls/library/psa_its_file.c[22;23;24;29m ...[0m
[34mCompiling [1mthirdparty/mbedtls/library/psa_util.c[22;23;24;29m ...[0m
[34mCompiling [1mthirdparty/mbedtls/library/ripemd160.c[22;23;24;29m ...[0m
[34mCompiling [1mthirdparty/mbedtls/library/rsa.c[22;23;24;29m ...[0m
[34mCompiling [1mthirdparty/mbedtls/library/rsa_alt_helpers.c[22;23;24;29m ...[0m
[34mCompiling [1mthirdparty/mbedtls/library/sha1.c[22;23;24;29m ...[0m
[34mCompiling [1mthirdparty/mbedtls/library/sha3.c[22;23;24;29m ...[0m
[34mCompiling [1mthirdparty/mbedtls/library/sha256.c[22;23;24;29m ...[0m
[34mCompiling [1mthirdparty/mbedtls/library/sha512.c[22;23;24;29m ...[0m
[34mCompiling [1mthirdparty/mbedtls/library/ssl_cache.c[22;23;24;29m ...[0m
[34mCompiling [1mthirdparty/mbedtls/library/ssl_ciphersuites.c[22;23;24;29m ...[0m
[34mCompiling [1mthirdparty/mbedtls/library/ssl_client.c[22;23;24;29m ...[0m
[34mCompiling [1mthirdparty/mbedtls/library/ssl_cookie.c[22;23;24;29m ...[0m
[34mCompiling [1mthirdparty/mbedtls/library/ssl_debug_helpers_generated.c[22;23;24;29m ...[0m
[34mCompiling [1mthirdparty/mbedtls/library/ssl_msg.c[22;23;24;29m ...[0m
[34mCompiling [1mthirdparty/mbedtls/library/ssl_ticket.c[22;23;24;29m ...[0m
[34mCompiling [1mthirdparty/mbedtls/library/ssl_tls.c[22;23;24;29m ...[0m
[34mCompiling [1mthirdparty/mbedtls/library/ssl_tls12_client.c[22;23;24;29m ...[0m
[34mCompiling [1mthirdparty/mbedtls/library/ssl_tls12_server.c[22;23;24;29m ...[0m
[34mCompiling [1mthirdparty/mbedtls/library/ssl_tls13_client.c[22;23;24;29m ...[0m
[34mCompiling [1mthirdparty/mbedtls/library/ssl_tls13_generic.c[22;23;24;29m ...[0m
[34mCompiling [1mthirdparty/mbedtls/library/ssl_tls13_keys.c[22;23;24;29m ...[0m
[34mCompiling [1mthirdparty/mbedtls/library/ssl_tls13_server.c[22;23;24;29m ...[0m
[34mCompiling [1mthirdparty/mbedtls/library/threading.c[22;23;24;29m ...[0m
[34mCompiling [1mthirdparty/mbedtls/library/timing.c[22;23;24;29m ...[0m
[34mCompiling [1mthirdparty/mbedtls/library/version.c[22;23;24;29m ...[0m
[34mCompiling [1mthirdparty/mbedtls/library/version_features.c[22;23;24;29m ...[0m
[34mCompiling [1mthirdparty/mbedtls/library/x509.c[22;23;24;29m ...[0m
[34mCompiling [1mthirdparty/mbedtls/library/x509_create.c[22;23;24;29m ...[0m
[34mCompiling [1mthirdparty/mbedtls/library/x509_crl.c[22;23;24;29m ...[0m
[34mCompiling [1mthirdparty/mbedtls/library/x509_crt.c[22;23;24;29m ...[0m
[34mCompiling [1mthirdparty/mbedtls/library/x509_csr.c[22;23;24;29m ...[0m
[34mCompiling [1mthirdparty/mbedtls/library/x509write.c[22;23;24;29m ...[0m
[34mCompiling [1mthirdparty/mbedtls/library/x509write_crt.c[22;23;24;29m ...[0m
[34mCompiling [1mthirdparty/mbedtls/library/x509write_csr.c[22;23;24;29m ...[0m
[34mGenerating [1mcore/io/certs_compressed.gen.h[22;23;24;29m ...[0m
[34mCompiling [1mthirdparty/meshoptimizer/allocator.cpp[22;23;24;29m ...[0m
[34mCompiling [1mthirdparty/meshoptimizer/clusterizer.cpp[22;23;24;29m ...[0m
[34mCompiling [1mmodules/mbedtls/stream_peer_mbedtls.cpp[22;23;24;29m ...[0m
[34mCompiling [1mmodules/mbedtls/crypto_mbedtls.cpp[22;23;24;29m ...[0m
[34mCompiling [1mmodules/mbedtls/packet_peer_mbed_dtls.cpp[22;23;24;29m ...[0m
[34mCompiling [1mmodules/mbedtls/tls_context_mbedtls.cpp[22;23;24;29m ...[0m
[34mCompiling [1mmodules/mbedtls/register_types.cpp[22;23;24;29m ...[0m
[34mCompiling [1mmodules/mbedtls/dtls_server_mbedtls.cpp[22;23;24;29m ...[0m
[34mCompiling [1mthirdparty/meshoptimizer/indexanalyzer.cpp[22;23;24;29m ...[0m
[34mCompiling [1mthirdparty/meshoptimizer/indexcodec.cpp[22;23;24;29m ...[0m
[34mCompiling [1mthirdparty/meshoptimizer/indexgenerator.cpp[22;23;24;29m ...[0m
[34mCompiling [1mthirdparty/meshoptimizer/overdrawoptimizer.cpp[22;23;24;29m ...[0m
[34mCompiling [1mthirdparty/meshoptimizer/partition.cpp[22;23;24;29m ...[0m
[34mLinking Static Library [1mbin/obj/modules/libmodule_mbedtls.ios.template_debug.arm64.simulator.a[22;23;24;29m ...[0m
[34mCompiling [1mthirdparty/meshoptimizer/quantization.cpp[22;23;24;29m ...[0m
ranlib: warning: 'libmodule_mbedtls.ios.template_debug.arm64.simulator.a(aesce.ios.template_debug.arm64.simulator.o)' has no symbols
ranlib: warning: 'libmodule_mbedtls.ios.template_debug.arm64.simulator.a(aesni.ios.template_debug.arm64.simulator.o)' has no symbols
ranlib: warning: 'libmodule_mbedtls.ios.template_debug.arm64.simulator.a(bignum_mod_raw.ios.template_debug.arm64.simulator.o)' has no symbols
ranlib: warning: 'libmodule_mbedtls.ios.template_debug.arm64.simulator.a(des.ios.template_debug.arm64.simulator.o)' has no symbols
ranlib: warning: 'libmodule_mbedtls.ios.template_debug.arm64.simulator.a(dhm.ios.template_debug.arm64.simulator.o)' has no symbols
ranlib: warning: 'libmodule_mbedtls.ios.template_debug.arm64.simulator.a(entropy_poll.ios.template_debug.arm64.simulator.o)' has no symbols
ranlib: warning: 'libmodule_mbedtls.ios.template_debug.arm64.simulator.a(memory_buffer_alloc.ios.template_debug.arm64.simulator.o)' has no symbols
ranlib: warning: 'libmodule_mbedtls.ios.template_debug.arm64.simulator.a(mps_trace.ios.template_debug.arm64.simulator.o)' has no symbols
ranlib: warning: 'libmodule_mbedtls.ios.template_debug.arm64.simulator.a(padlock.ios.template_debug.arm64.simulator.o)' has no symbols
ranlib: warning: 'libmodule_mbedtls.ios.template_debug.arm64.simulator.a(psa_crypto_ffdh.ios.template_debug.arm64.simulator.o)' has no symbols
ranlib: warning: 'libmodule_mbedtls.ios.template_debug.arm64.simulator.a(psa_crypto_se.ios.template_debug.arm64.simulator.o)' has no symbols
[34mRanlib Library [1mbin/obj/modules/libmodule_mbedtls.ios.template_debug.arm64.simulator.a[22;23;24;29m ...[0m
ranlib: warning: 'libmodule_mbedtls.ios.template_debug.arm64.simulator.a(aesce.ios.template_debug.arm64.simulator.o)' has no symbols
ranlib: warning: 'libmodule_mbedtls.ios.template_debug.arm64.simulator.a(aesni.ios.template_debug.arm64.simulator.o)' has no symbols
ranlib: warning: 'libmodule_mbedtls.ios.template_debug.arm64.simulator.a(bignum_mod_raw.ios.template_debug.arm64.simulator.o)' has no symbols
ranlib: warning: 'libmodule_mbedtls.ios.template_debug.arm64.simulator.a(des.ios.template_debug.arm64.simulator.o)' has no symbols
ranlib: warning: 'libmodule_mbedtls.ios.template_debug.arm64.simulator.a(dhm.ios.template_debug.arm64.simulator.o)' has no symbols
ranlib: warning: 'libmodule_mbedtls.ios.template_debug.arm64.simulator.a(entropy_poll.ios.template_debug.arm64.simulator.o)' has no symbols
ranlib: warning: 'libmodule_mbedtls.ios.template_debug.arm64.simulator.a(memory_buffer_alloc.ios.template_debug.arm64.simulator.o)' has no symbols
ranlib: warning: 'libmodule_mbedtls.ios.template_debug.arm64.simulator.a(mps_trace.ios.template_debug.arm64.simulator.o)' has no symbols
ranlib: warning: 'libmodule_mbedtls.ios.template_debug.arm64.simulator.a(padlock.ios.template_debug.arm64.simulator.o)' has no symbols
ranlib: warning: 'libmodule_mbedtls.ios.template_debug.arm64.simulator.a(psa_crypto_ffdh.ios.template_debug.arm64.simulator.o)' has no symbols
ranlib: warning: 'libmodule_mbedtls.ios.template_debug.arm64.simulator.a(psa_crypto_se.ios.template_debug.arm64.simulator.o)' has no symbols
[34mCompiling [1mthirdparty/meshoptimizer/rasterizer.cpp[22;23;24;29m ...[0m
[34mCompiling [1mthirdparty/meshoptimizer/simplifier.cpp[22;23;24;29m ...[0m
[34mCompiling [1mthirdparty/meshoptimizer/spatialorder.cpp[22;23;24;29m ...[0m
[34mCompiling [1mthirdparty/meshoptimizer/stripifier.cpp[22;23;24;29m ...[0m
[34mCompiling [1mthirdparty/meshoptimizer/vcacheoptimizer.cpp[22;23;24;29m ...[0m
[34mCompiling [1mthirdparty/meshoptimizer/vertexcodec.cpp[22;23;24;29m ...[0m
[34mCompiling [1mthirdparty/meshoptimizer/vertexfilter.cpp[22;23;24;29m ...[0m
[34mCompiling [1mthirdparty/meshoptimizer/vfetchoptimizer.cpp[22;23;24;29m ...[0m
[34mCompiling [1mmodules/mobile_vr/mobile_vr_interface.cpp[22;23;24;29m ...[0m
[34mCompiling [1mmodules/meshoptimizer/register_types.cpp[22;23;24;29m ...[0m
[34mLinking Static Library [1mbin/obj/modules/libmodule_meshoptimizer.ios.template_debug.arm64.simulator.a[22;23;24;29m ...[0m
[34mRanlib Library [1mbin/obj/modules/libmodule_meshoptimizer.ios.template_debug.arm64.simulator.a[22;23;24;29m ...[0m
[34mCompiling [1mmodules/mobile_vr/register_types.cpp[22;23;24;29m ...[0m
[34mCompiling [1mmodules/mp3/audio_stream_mp3.cpp[22;23;24;29m ...[0m
[34mLinking Static Library [1mbin/obj/modules/libmodule_mobile_vr.ios.template_debug.arm64.simulator.a[22;23;24;29m ...[0m
[34mRanlib Library [1mbin/obj/modules/libmodule_mobile_vr.ios.template_debug.arm64.simulator.a[22;23;24;29m ...[0m
[34mCompiling [1mmodules/mp3/register_types.cpp[22;23;24;29m ...[0m
[34mCompiling [1mmodules/mp3/resource_importer_mp3.cpp[22;23;24;29m ...[0m
[34mCompiling [1mmodules/multiplayer/multiplayer_debugger.cpp[22;23;24;29m ...[0m
[34mLinking Static Library [1mbin/obj/modules/libmodule_mp3.ios.template_debug.arm64.simulator.a[22;23;24;29m ...[0m
[34mRanlib Library [1mbin/obj/modules/libmodule_mp3.ios.template_debug.arm64.simulator.a[22;23;24;29m ...[0m
[34mCompiling [1mmodules/multiplayer/multiplayer_spawner.cpp[22;23;24;29m ...[0m
[34mCompiling [1mmodules/multiplayer/multiplayer_synchronizer.cpp[22;23;24;29m ...[0m
[34mCompiling [1mmodules/multiplayer/register_types.cpp[22;23;24;29m ...[0m
[34mCompiling [1mmodules/multiplayer/scene_cache_interface.cpp[22;23;24;29m ...[0m
[34mCompiling [1mmodules/multiplayer/scene_multiplayer.cpp[22;23;24;29m ...[0m
[34mCompiling [1mmodules/multiplayer/scene_replication_config.cpp[22;23;24;29m ...[0m
[34mCompiling [1mmodules/multiplayer/scene_replication_interface.cpp[22;23;24;29m ...[0m
[34mCompiling [1mmodules/multiplayer/scene_rpc_interface.cpp[22;23;24;29m ...[0m
[34mCompiling [1mthirdparty/rvo2/rvo2_2d/Agent2d.cpp[22;23;24;29m ...[0m
[34mLinking Static Library [1mbin/obj/modules/libmodule_multiplayer.ios.template_debug.arm64.simulator.a[22;23;24;29m ...[0m
[34mRanlib Library [1mbin/obj/modules/libmodule_multiplayer.ios.template_debug.arm64.simulator.a[22;23;24;29m ...[0m
[34mCompiling [1mthirdparty/rvo2/rvo2_2d/Obstacle2d.cpp[22;23;24;29m ...[0m
[34mCompiling [1mthirdparty/rvo2/rvo2_2d/KdTree2d.cpp[22;23;24;29m ...[0m
[34mCompiling [1mthirdparty/rvo2/rvo2_2d/RVOSimulator2d.cpp[22;23;24;29m ...[0m
[34mCompiling [1mthirdparty/recastnavigation/Recast/Source/Recast.cpp[22;23;24;29m ...[0m
[34mCompiling [1mmodules/navigation_2d/2d/nav_region_builder_2d.cpp[22;23;24;29m ...[0m
[34mCompiling [1mmodules/navigation_2d/2d/nav_mesh_generator_2d.cpp[22;23;24;29m ...[0m
[34mCompiling [1mmodules/navigation_2d/2d/godot_navigation_server_2d.cpp[22;23;24;29m ...[0m
[34mCompiling [1mmodules/navigation_2d/triangle2.cpp[22;23;24;29m ...[0m
[34mCompiling [1mmodules/navigation_2d/nav_region_2d.cpp[22;23;24;29m ...[0m
[34mCompiling [1mmodules/navigation_2d/nav_map_2d.cpp[22;23;24;29m ...[0m
[34mCompiling [1mmodules/navigation_2d/nav_agent_2d.cpp[22;23;24;29m ...[0m
[34mCompiling [1mmodules/navigation_2d/2d/nav_mesh_queries_2d.cpp[22;23;24;29m ...[0m
[34mCompiling [1mmodules/navigation_2d/2d/nav_map_builder_2d.cpp[22;23;24;29m ...[0m
[34mCompiling [1mmodules/navigation_2d/register_types.cpp[22;23;24;29m ...[0m
[34mCompiling [1mmodules/navigation_2d/nav_link_2d.cpp[22;23;24;29m ...[0m
[34mCompiling [1mmodules/navigation_2d/nav_obstacle_2d.cpp[22;23;24;29m ...[0m
[34mCompiling [1mthirdparty/recastnavigation/Recast/Source/RecastAlloc.cpp[22;23;24;29m ...[0m
[34mCompiling [1mthirdparty/recastnavigation/Recast/Source/RecastArea.cpp[22;23;24;29m ...[0m
[34mCompiling [1mthirdparty/recastnavigation/Recast/Source/RecastAssert.cpp[22;23;24;29m ...[0m
[34mCompiling [1mthirdparty/recastnavigation/Recast/Source/RecastContour.cpp[22;23;24;29m ...[0m
[34mLinking Static Library [1mbin/obj/modules/libmodule_navigation_2d.ios.template_debug.arm64.simulator.a[22;23;24;29m ...[0m
[34mCompiling [1mthirdparty/recastnavigation/Recast/Source/RecastFilter.cpp[22;23;24;29m ...[0m
[34mRanlib Library [1mbin/obj/modules/libmodule_navigation_2d.ios.template_debug.arm64.simulator.a[22;23;24;29m ...[0m
[34mCompiling [1mthirdparty/recastnavigation/Recast/Source/RecastLayers.cpp[22;23;24;29m ...[0m
[34mCompiling [1mthirdparty/recastnavigation/Recast/Source/RecastMesh.cpp[22;23;24;29m ...[0m
[34mCompiling [1mthirdparty/recastnavigation/Recast/Source/RecastMeshDetail.cpp[22;23;24;29m ...[0m
[34mCompiling [1mthirdparty/recastnavigation/Recast/Source/RecastRasterization.cpp[22;23;24;29m ...[0m
[34mCompiling [1mthirdparty/recastnavigation/Recast/Source/RecastRegion.cpp[22;23;24;29m ...[0m
[34mCompiling [1mthirdparty/rvo2/rvo2_3d/Agent3d.cpp[22;23;24;29m ...[0m
[34mCompiling [1mthirdparty/rvo2/rvo2_3d/KdTree3d.cpp[22;23;24;29m ...[0m
[34mCompiling [1mthirdparty/rvo2/rvo2_3d/RVOSimulator3d.cpp[22;23;24;29m ...[0m
[34mCompiling [1mmodules/noise/fastnoise_lite.cpp[22;23;24;29m ...[0m
[34mCompiling [1mmodules/navigation_3d/3d/nav_map_builder_3d.cpp[22;23;24;29m ...[0m
[34mCompiling [1mmodules/navigation_3d/nav_link_3d.cpp[22;23;24;29m ...[0m
[34mCompiling [1mmodules/navigation_3d/3d/navigation_mesh_generator.cpp[22;23;24;29m ...[0m
[34mCompiling [1mmodules/navigation_3d/3d/nav_mesh_queries_3d.cpp[22;23;24;29m ...[0m
[34mCompiling [1mmodules/navigation_3d/3d/godot_navigation_server_3d.cpp[22;23;24;29m ...[0m
[34mCompiling [1mmodules/navigation_3d/register_types.cpp[22;23;24;29m ...[0m
[34mCompiling [1mmodules/navigation_3d/nav_region_3d.cpp[22;23;24;29m ...[0m
[34mCompiling [1mmodules/navigation_3d/nav_agent_3d.cpp[22;23;24;29m ...[0m
[34mCompiling [1mmodules/navigation_3d/nav_map_3d.cpp[22;23;24;29m ...[0m
[34mCompiling [1mmodules/navigation_3d/nav_obstacle_3d.cpp[22;23;24;29m ...[0m
[34mCompiling [1mmodules/navigation_3d/3d/nav_region_builder_3d.cpp[22;23;24;29m ...[0m
[34mCompiling [1mmodules/navigation_3d/3d/nav_mesh_generator_3d.cpp[22;23;24;29m ...[0m
[34mCompiling [1mmodules/noise/noise.cpp[22;23;24;29m ...[0m
[34mCompiling [1mmodules/noise/noise_texture_2d.cpp[22;23;24;29m ...[0m
[34mLinking Static Library [1mbin/obj/modules/libmodule_navigation_3d.ios.template_debug.arm64.simulator.a[22;23;24;29m ...[0m
ranlib: warning: 'libmodule_navigation_3d.ios.template_debug.arm64.simulator.a(RecastAssert.ios.template_debug.arm64.simulator.o)' has no symbols
[34mRanlib Library [1mbin/obj/modules/libmodule_navigation_3d.ios.template_debug.arm64.simulator.a[22;23;24;29m ...[0m
ranlib: warning: 'libmodule_navigation_3d.ios.template_debug.arm64.simulator.a(RecastAssert.ios.template_debug.arm64.simulator.o)' has no symbols
[34mCompiling [1mmodules/noise/noise_texture_3d.cpp[22;23;24;29m ...[0m
[34mCompiling [1mmodules/noise/register_types.cpp[22;23;24;29m ...[0m
[34mCompiling [1mmodules/objectdb_profiler/register_types.cpp[22;23;24;29m ...[0m
[34mCompiling [1mmodules/objectdb_profiler/snapshot_collector.cpp[22;23;24;29m ...[0m
[34mLinking Static Library [1mbin/obj/modules/libmodule_noise.ios.template_debug.arm64.simulator.a[22;23;24;29m ...[0m
[34mRanlib Library [1mbin/obj/modules/libmodule_noise.ios.template_debug.arm64.simulator.a[22;23;24;29m ...[0m
[34mCompiling [1mthirdparty/libogg/bitwise.c[22;23;24;29m ...[0m
[34mCompiling [1mthirdparty/libogg/framing.c[22;23;24;29m ...[0m
[34mCompiling [1mmodules/ogg/ogg_packet_sequence.cpp[22;23;24;29m ...[0m
[34mLinking Static Library [1mbin/obj/modules/libmodule_objectdb_profiler.ios.template_debug.arm64.simulator.a[22;23;24;29m ...[0m
[34mRanlib Library [1mbin/obj/modules/libmodule_objectdb_profiler.ios.template_debug.arm64.simulator.a[22;23;24;29m ...[0m
[34mCompiling [1mmodules/ogg/register_types.cpp[22;23;24;29m ...[0m
[34mCompiling [1mthirdparty/embree/common/sys/sysinfo.cpp[22;23;24;29m ...[0m
[34mLinking Static Library [1mbin/obj/modules/libmodule_ogg.ios.template_debug.arm64.simulator.a[22;23;24;29m ...[0m
[34mRanlib Library [1mbin/obj/modules/libmodule_ogg.ios.template_debug.arm64.simulator.a[22;23;24;29m ...[0m
[34mCompiling [1mthirdparty/embree/common/sys/alloc.cpp[22;23;24;29m ...[0m
[34mCompiling [1mthirdparty/embree/common/sys/estring.cpp[22;23;24;29m ...[0m
[34mCompiling [1mthirdparty/embree/common/sys/filename.cpp[22;23;24;29m ...[0m
[34mCompiling [1mthirdparty/embree/common/sys/library.cpp[22;23;24;29m ...[0m
[34mCompiling [1mthirdparty/embree/common/sys/thread.cpp[22;23;24;29m ...[0m
[34mCompiling [1mthirdparty/embree/common/sys/regression.cpp[22;23;24;29m ...[0m
[34mCompiling [1mthirdparty/embree/common/sys/mutex.cpp[22;23;24;29m ...[0m
[34mCompiling [1mthirdparty/embree/common/sys/condition.cpp[22;23;24;29m ...[0m
[34mCompiling [1mthirdparty/embree/common/sys/barrier.cpp[22;23;24;29m ...[0m
[34mCompiling [1mthirdparty/embree/common/math/constants.cpp[22;23;24;29m ...[0m
[34mCompiling [1mthirdparty/embree/common/simd/sse.cpp[22;23;24;29m ...[0m
[34mCompiling [1mthirdparty/embree/common/lexers/stringstream.cpp[22;23;24;29m ...[0m
[34mCompiling [1mthirdparty/embree/common/lexers/tokenstream.cpp[22;23;24;29m ...[0m
[34mCompiling [1mthirdparty/embree/common/tasking/taskschedulerinternal.cpp[22;23;24;29m ...[0m
[34mCompiling [1mthirdparty/embree/kernels/common/device.cpp[22;23;24;29m ...[0m
[34mCompiling [1mthirdparty/embree/kernels/common/stat.cpp[22;23;24;29m ...[0m
[34mCompiling [1mthirdparty/embree/kernels/common/acceln.cpp[22;23;24;29m ...[0m
[34mCompiling [1mthirdparty/embree/kernels/common/accelset.cpp[22;23;24;29m ...[0m
[34mCompiling [1mthirdparty/embree/kernels/common/state.cpp[22;23;24;29m ...[0m
[34mCompiling [1mthirdparty/embree/kernels/common/rtcore.cpp[22;23;24;29m ...[0m
[34mCompiling [1mthirdparty/embree/kernels/common/rtcore_builder.cpp[22;23;24;29m ...[0m
[34mCompiling [1mthirdparty/embree/kernels/common/scene.cpp[22;23;24;29m ...[0m
[34mCompiling [1mthirdparty/embree/kernels/common/scene_verify.cpp[22;23;24;29m ...[0m
[34mCompiling [1mthirdparty/embree/kernels/common/alloc.cpp[22;23;24;29m ...[0m
[34mCompiling [1mthirdparty/embree/kernels/common/geometry.cpp[22;23;24;29m ...[0m
[34mCompiling [1mthirdparty/embree/kernels/common/scene_triangle_mesh.cpp[22;23;24;29m ...[0m
[34mCompiling [1mthirdparty/embree/kernels/geometry/primitive4.cpp[22;23;24;29m ...[0m
[34mCompiling [1mthirdparty/embree/kernels/builders/primrefgen.cpp[22;23;24;29m ...[0m
[34mCompiling [1mthirdparty/embree/kernels/bvh/bvh.cpp[22;23;24;29m ...[0m
[34mCompiling [1mthirdparty/embree/kernels/bvh/bvh_statistics.cpp[22;23;24;29m ...[0m
[34mCompiling [1mthirdparty/embree/kernels/bvh/bvh4_factory.cpp[22;23;24;29m ...[0m
[34mCompiling [1mthirdparty/embree/kernels/bvh/bvh8_factory.cpp[22;23;24;29m ...[0m
[34mCompiling [1mthirdparty/embree/kernels/bvh/bvh_collider.cpp[22;23;24;29m ...[0m
[34mCompiling [1mthirdparty/embree/kernels/bvh/bvh_rotate.cpp[22;23;24;29m ...[0m
[34mCompiling [1mthirdparty/embree/kernels/bvh/bvh_refit.cpp[22;23;24;29m ...[0m
[34mCompiling [1mthirdparty/embree/kernels/bvh/bvh_builder.cpp[22;23;24;29m ...[0m
[34mCompiling [1mthirdparty/embree/kernels/bvh/bvh_builder_morton.cpp[22;23;24;29m ...[0m
[34mCompiling [1mthirdparty/embree/kernels/bvh/bvh_builder_sah.cpp[22;23;24;29m ...[0m
[34mCompiling [1mthirdparty/embree/kernels/bvh/bvh_builder_sah_spatial.cpp[22;23;24;29m ...[0m
[34mCompiling [1mthirdparty/embree/kernels/bvh/bvh_builder_sah_mb.cpp[22;23;24;29m ...[0m
[34mCompiling [1mthirdparty/embree/kernels/bvh/bvh_builder_twolevel.cpp[22;23;24;29m ...[0m
[34mCompiling [1mthirdparty/embree/kernels/bvh/bvh_intersector1_bvh4.cpp[22;23;24;29m ...[0m
[34mCompiling [1mthirdparty/embree/kernels/bvh/bvh_intersector_hybrid4_bvh4.cpp[22;23;24;29m ...[0m
[34mCompiling [1mthirdparty/pcre2/src/pcre2_auto_possess.c[22;23;24;29m ...[0m
[34mCompiling [1mthirdparty/pcre2/src/pcre2_chartables.c[22;23;24;29m ...[0m
[34mCompiling [1mthirdparty/pcre2/src/pcre2_chkdint.c[22;23;24;29m ...[0m
[34mCompiling [1mthirdparty/pcre2/src/pcre2_compile.c[22;23;24;29m ...[0m
[34mCompiling [1mthirdparty/pcre2/src/pcre2_compile_cgroup.c[22;23;24;29m ...[0m
[34mCompiling [1mthirdparty/pcre2/src/pcre2_compile_class.c[22;23;24;29m ...[0m
[34mCompiling [1mthirdparty/pcre2/src/pcre2_config.c[22;23;24;29m ...[0m
[34mCompiling [1mthirdparty/pcre2/src/pcre2_context.c[22;23;24;29m ...[0m
[34mCompiling [1mthirdparty/pcre2/src/pcre2_convert.c[22;23;24;29m ...[0m
[34mCompiling [1mthirdparty/pcre2/src/pcre2_dfa_match.c[22;23;24;29m ...[0m
[34mCompiling [1mthirdparty/pcre2/src/pcre2_error.c[22;23;24;29m ...[0m
[34mCompiling [1mthirdparty/pcre2/src/pcre2_extuni.c[22;23;24;29m ...[0m
[34mCompiling [1mmodules/raycast/static_raycaster_embree.cpp[22;23;24;29m ...[0m
[34mCompiling [1mmodules/raycast/lightmap_raycaster_embree.cpp[22;23;24;29m ...[0m
[34mCompiling [1mmodules/raycast/register_types.cpp[22;23;24;29m ...[0m
[34mCompiling [1mmodules/raycast/raycast_occlusion_cull.cpp[22;23;24;29m ...[0m
[34mCompiling [1mthirdparty/pcre2/src/pcre2_find_bracket.c[22;23;24;29m ...[0m
[34mCompiling [1mthirdparty/pcre2/src/pcre2_jit_compile.c[22;23;24;29m ...[0m
[34mCompiling [1mthirdparty/pcre2/src/pcre2_maketables.c[22;23;24;29m ...[0m
[34mCompiling [1mthirdparty/pcre2/src/pcre2_match.c[22;23;24;29m ...[0m
[34mLinking Static Library [1mbin/obj/modules/libmodule_raycast.ios.template_debug.arm64.simulator.a[22;23;24;29m ...[0m
ranlib: warning: 'libmodule_raycast.ios.template_debug.arm64.simulator.a(constants.ios.template_debug.arm64.simulator.o)' has no symbols
ranlib: warning: 'libmodule_raycast.ios.template_debug.arm64.simulator.a(bvh8_factory.ios.template_debug.arm64.simulator.o)' has no symbols
ranlib: warning: 'libmodule_raycast.ios.template_debug.arm64.simulator.a(lightmap_raycaster_embree.ios.template_debug.arm64.simulator.o)' has no symbols
ranlib: warning: 'libmodule_raycast.ios.template_debug.arm64.simulator.a(static_raycaster_embree.ios.template_debug.arm64.simulator.o)' has no symbols
[34mRanlib Library [1mbin/obj/modules/libmodule_raycast.ios.template_debug.arm64.simulator.a[22;23;24;29m ...[0m
ranlib: warning: 'libmodule_raycast.ios.template_debug.arm64.simulator.a(constants.ios.template_debug.arm64.simulator.o)' has no symbols
ranlib: warning: 'libmodule_raycast.ios.template_debug.arm64.simulator.a(bvh8_factory.ios.template_debug.arm64.simulator.o)' has no symbols
ranlib: warning: 'libmodule_raycast.ios.template_debug.arm64.simulator.a(lightmap_raycaster_embree.ios.template_debug.arm64.simulator.o)' has no symbols
ranlib: warning: 'libmodule_raycast.ios.template_debug.arm64.simulator.a(static_raycaster_embree.ios.template_debug.arm64.simulator.o)' has no symbols
[34mCompiling [1mthirdparty/pcre2/src/pcre2_match_data.c[22;23;24;29m ...[0m
[34mCompiling [1mthirdparty/pcre2/src/pcre2_match_next.c[22;23;24;29m ...[0m
[34mCompiling [1mthirdparty/pcre2/src/pcre2_newline.c[22;23;24;29m ...[0m
[34mCompiling [1mthirdparty/pcre2/src/pcre2_ord2utf.c[22;23;24;29m ...[0m
[34mCompiling [1mthirdparty/pcre2/src/pcre2_pattern_info.c[22;23;24;29m ...[0m
[34mCompiling [1mthirdparty/pcre2/src/pcre2_script_run.c[22;23;24;29m ...[0m
[34mCompiling [1mthirdparty/pcre2/src/pcre2_serialize.c[22;23;24;29m ...[0m
[34mCompiling [1mthirdparty/pcre2/src/pcre2_string_utils.c[22;23;24;29m ...[0m
[34mCompiling [1mthirdparty/pcre2/src/pcre2_study.c[22;23;24;29m ...[0m
[34mCompiling [1mthirdparty/pcre2/src/pcre2_substitute.c[22;23;24;29m ...[0m
[34mCompiling [1mthirdparty/pcre2/src/pcre2_substring.c[22;23;24;29m ...[0m
[34mCompiling [1mthirdparty/pcre2/src/pcre2_tables.c[22;23;24;29m ...[0m
[34mCompiling [1mthirdparty/pcre2/src/pcre2_ucd.c[22;23;24;29m ...[0m
[34mCompiling [1mthirdparty/pcre2/src/pcre2_valid_utf.c[22;23;24;29m ...[0m
[34mCompiling [1mthirdparty/pcre2/src/pcre2_xclass.c[22;23;24;29m ...[0m
[34mCompiling [1mthirdparty/pcre2/src/pcre2_auto_possess.c[22;23;24;29m ...[0m
[34mCompiling [1mthirdparty/pcre2/src/pcre2_chartables.c[22;23;24;29m ...[0m
[34mCompiling [1mthirdparty/pcre2/src/pcre2_chkdint.c[22;23;24;29m ...[0m
[34mCompiling [1mthirdparty/pcre2/src/pcre2_compile.c[22;23;24;29m ...[0m
[34mCompiling [1mthirdparty/pcre2/src/pcre2_compile_cgroup.c[22;23;24;29m ...[0m
[34mCompiling [1mthirdparty/pcre2/src/pcre2_compile_class.c[22;23;24;29m ...[0m
[34mCompiling [1mthirdparty/pcre2/src/pcre2_config.c[22;23;24;29m ...[0m
[34mCompiling [1mthirdparty/pcre2/src/pcre2_context.c[22;23;24;29m ...[0m
[34mCompiling [1mthirdparty/pcre2/src/pcre2_convert.c[22;23;24;29m ...[0m
[34mCompiling [1mthirdparty/pcre2/src/pcre2_dfa_match.c[22;23;24;29m ...[0m
[34mCompiling [1mthirdparty/pcre2/src/pcre2_error.c[22;23;24;29m ...[0m
[34mCompiling [1mthirdparty/pcre2/src/pcre2_extuni.c[22;23;24;29m ...[0m
[34mCompiling [1mthirdparty/pcre2/src/pcre2_find_bracket.c[22;23;24;29m ...[0m
[34mCompiling [1mthirdparty/pcre2/src/pcre2_jit_compile.c[22;23;24;29m ...[0m
[34mCompiling [1mthirdparty/pcre2/src/pcre2_maketables.c[22;23;24;29m ...[0m
[34mCompiling [1mthirdparty/pcre2/src/pcre2_match.c[22;23;24;29m ...[0m
[34mCompiling [1mthirdparty/pcre2/src/pcre2_match_data.c[22;23;24;29m ...[0m
[34mCompiling [1mthirdparty/pcre2/src/pcre2_match_next.c[22;23;24;29m ...[0m
[34mCompiling [1mthirdparty/pcre2/src/pcre2_newline.c[22;23;24;29m ...[0m
[34mCompiling [1mthirdparty/pcre2/src/pcre2_ord2utf.c[22;23;24;29m ...[0m
[34mCompiling [1mthirdparty/pcre2/src/pcre2_pattern_info.c[22;23;24;29m ...[0m
[34mCompiling [1mthirdparty/pcre2/src/pcre2_script_run.c[22;23;24;29m ...[0m
[34mCompiling [1mthirdparty/pcre2/src/pcre2_serialize.c[22;23;24;29m ...[0m
[34mCompiling [1mthirdparty/pcre2/src/pcre2_string_utils.c[22;23;24;29m ...[0m
[34mCompiling [1mthirdparty/pcre2/src/pcre2_study.c[22;23;24;29m ...[0m
[34mCompiling [1mthirdparty/pcre2/src/pcre2_substitute.c[22;23;24;29m ...[0m
[34mCompiling [1mthirdparty/pcre2/src/pcre2_substring.c[22;23;24;29m ...[0m
[34mCompiling [1mthirdparty/pcre2/src/pcre2_tables.c[22;23;24;29m ...[0m
[34mCompiling [1mthirdparty/pcre2/src/pcre2_ucd.c[22;23;24;29m ...[0m
[34mCompiling [1mthirdparty/pcre2/src/pcre2_valid_utf.c[22;23;24;29m ...[0m
[34mCompiling [1mthirdparty/pcre2/src/pcre2_xclass.c[22;23;24;29m ...[0m
[34mCompiling [1mmodules/tga/image_loader_tga.cpp[22;23;24;29m ...[0m
[34mCompiling [1mmodules/regex/register_types.cpp[22;23;24;29m ...[0m
[34mCompiling [1mmodules/regex/regex.cpp[22;23;24;29m ...[0m
[34mCompiling [1mmodules/tga/register_types.cpp[22;23;24;29m ...[0m
[34mLinking Static Library [1mbin/obj/modules/libmodule_tga.ios.template_debug.arm64.simulator.a[22;23;24;29m ...[0m
[34mRanlib Library [1mbin/obj/modules/libmodule_tga.ios.template_debug.arm64.simulator.a[22;23;24;29m ...[0m
[34mCompiling [1mthirdparty/tinyexr/tinyexr.cc[22;23;24;29m ...[0m
[34mLinking Static Library [1mbin/obj/modules/libmodule_regex.ios.template_debug.arm64.simulator.a[22;23;24;29m ...[0m
[34mRanlib Library [1mbin/obj/modules/libmodule_regex.ios.template_debug.arm64.simulator.a[22;23;24;29m ...[0m
[34mCompiling [1mthirdparty/miniupnpc/src/igd_desc_parse.c[22;23;24;29m ...[0m
[34mCompiling [1mthirdparty/miniupnpc/src/miniupnpc.c[22;23;24;29m ...[0m
[34mCompiling [1mthirdparty/miniupnpc/src/minixml.c[22;23;24;29m ...[0m
[34mCompiling [1mthirdparty/miniupnpc/src/minisoap.c[22;23;24;29m ...[0m
[34mCompiling [1mthirdparty/miniupnpc/src/minissdpc.c[22;23;24;29m ...[0m
[34mCompiling [1mthirdparty/miniupnpc/src/miniwget.c[22;23;24;29m ...[0m
[34mCompiling [1mthirdparty/miniupnpc/src/upnpcommands.c[22;23;24;29m ...[0m
[34mCompiling [1mthirdparty/miniupnpc/src/upnpdev.c[22;23;24;29m ...[0m
[34mCompiling [1mthirdparty/miniupnpc/src/upnpreplyparse.c[22;23;24;29m ...[0m
[34mCompiling [1mthirdparty/miniupnpc/src/connecthostport.c[22;23;24;29m ...[0m
[34mCompiling [1mthirdparty/miniupnpc/src/portlistingparse.c[22;23;24;29m ...[0m
[34mCompiling [1mthirdparty/miniupnpc/src/receivedata.c[22;23;24;29m ...[0m
[34mCompiling [1mthirdparty/miniupnpc/src/addr_is_reserved.c[22;23;24;29m ...[0m
[34mCompiling [1mmodules/upnp/register_types.cpp[22;23;24;29m ...[0m
[34mCompiling [1mmodules/upnp/upnp.cpp[22;23;24;29m ...[0m
[34mCompiling [1mmodules/upnp/upnp_device.cpp[22;23;24;29m ...[0m
[34mCompiling [1mmodules/tinyexr/image_loader_tinyexr.cpp[22;23;24;29m ...[0m
[34mCompiling [1mmodules/tinyexr/register_types.cpp[22;23;24;29m ...[0m
[34mCompiling [1mmodules/tinyexr/image_saver_tinyexr.cpp[22;23;24;29m ...[0m
[34mCompiling [1mmodules/upnp/upnp_device_miniupnp.cpp[22;23;24;29m ...[0m
[34mLinking Static Library [1mbin/obj/modules/libmodule_tinyexr.ios.template_debug.arm64.simulator.a[22;23;24;29m ...[0m
[34mRanlib Library [1mbin/obj/modules/libmodule_tinyexr.ios.template_debug.arm64.simulator.a[22;23;24;29m ...[0m
[34mCompiling [1mmodules/upnp/upnp_miniupnp.cpp[22;23;24;29m ...[0m
[34mCompiling [1mthirdparty/vhacd/src/vhacdManifoldMesh.cpp[22;23;24;29m ...[0m
[34mLinking Static Library [1mbin/obj/modules/libmodule_upnp.ios.template_debug.arm64.simulator.a[22;23;24;29m ...[0m
[34mRanlib Library [1mbin/obj/modules/libmodule_upnp.ios.template_debug.arm64.simulator.a[22;23;24;29m ...[0m
[34mCompiling [1mthirdparty/vhacd/src/FloatMath.cpp[22;23;24;29m ...[0m
[34mCompiling [1mthirdparty/vhacd/src/vhacdMesh.cpp[22;23;24;29m ...[0m
[34mCompiling [1mthirdparty/vhacd/src/vhacdICHull.cpp[22;23;24;29m ...[0m
[34mCompiling [1mthirdparty/vhacd/src/vhacdVolume.cpp[22;23;24;29m ...[0m
[34mCompiling [1mthirdparty/vhacd/src/VHACD-ASYNC.cpp[22;23;24;29m ...[0m
[34mCompiling [1mthirdparty/vhacd/src/btAlignedAllocator.cpp[22;23;24;29m ...[0m
[34mCompiling [1mthirdparty/vhacd/src/vhacdRaycastMesh.cpp[22;23;24;29m ...[0m
[34mCompiling [1mthirdparty/vhacd/src/VHACD.cpp[22;23;24;29m ...[0m
[34mCompiling [1mthirdparty/vhacd/src/btConvexHullComputer.cpp[22;23;24;29m ...[0m
[34mCompiling [1mmodules/visual_shader/register_types.cpp[22;23;24;29m ...[0m
[34mCompiling [1mmodules/vhacd/register_types.cpp[22;23;24;29m ...[0m
[34mLinking Static Library [1mbin/obj/modules/libmodule_vhacd.ios.template_debug.arm64.simulator.a[22;23;24;29m ...[0m
[34mRanlib Library [1mbin/obj/modules/libmodule_vhacd.ios.template_debug.arm64.simulator.a[22;23;24;29m ...[0m
[34mCompiling [1mmodules/visual_shader/visual_shader.cpp[22;23;24;29m ...[0m
[34mCompiling [1mmodules/visual_shader/vs_nodes/visual_shader_nodes.cpp[22;23;24;29m ...[0m
[34mCompiling [1mmodules/visual_shader/vs_nodes/visual_shader_particle_nodes.cpp[22;23;24;29m ...[0m
[34mCompiling [1mmodules/visual_shader/vs_nodes/visual_shader_sdf_nodes.cpp[22;23;24;29m ...[0m
[34mCompiling [1mthirdparty/libwebp/sharpyuv/sharpyuv.c[22;23;24;29m ...[0m
[34mCompiling [1mthirdparty/libwebp/sharpyuv/sharpyuv_cpu.c[22;23;24;29m ...[0m
[34mCompiling [1mthirdparty/libwebp/sharpyuv/sharpyuv_csp.c[22;23;24;29m ...[0m
[34mCompiling [1mthirdparty/libwebp/sharpyuv/sharpyuv_dsp.c[22;23;24;29m ...[0m
[34mCompiling [1mthirdparty/libwebp/sharpyuv/sharpyuv_gamma.c[22;23;24;29m ...[0m
[34mCompiling [1mthirdparty/libwebp/sharpyuv/sharpyuv_neon.c[22;23;24;29m ...[0m
[34mCompiling [1mthirdparty/libwebp/sharpyuv/sharpyuv_sse2.c[22;23;24;29m ...[0m
[34mCompiling [1mthirdparty/libwebp/src/dec/alpha_dec.c[22;23;24;29m ...[0m
[34mCompiling [1mthirdparty/libwebp/src/dec/buffer_dec.c[22;23;24;29m ...[0m
[34mCompiling [1mthirdparty/libwebp/src/dec/frame_dec.c[22;23;24;29m ...[0m
[34mLinking Static Library [1mbin/obj/modules/libmodule_visual_shader.ios.template_debug.arm64.simulator.a[22;23;24;29m ...[0m
[34mRanlib Library [1mbin/obj/modules/libmodule_visual_shader.ios.template_debug.arm64.simulator.a[22;23;24;29m ...[0m
[34mCompiling [1mthirdparty/libwebp/src/dec/idec_dec.c[22;23;24;29m ...[0m
[34mCompiling [1mthirdparty/libwebp/src/dec/io_dec.c[22;23;24;29m ...[0m
[34mCompiling [1mthirdparty/libwebp/src/dec/quant_dec.c[22;23;24;29m ...[0m
[34mCompiling [1mthirdparty/libwebp/src/dec/tree_dec.c[22;23;24;29m ...[0m
[34mCompiling [1mthirdparty/libwebp/src/dec/vp8_dec.c[22;23;24;29m ...[0m
[34mCompiling [1mthirdparty/libwebp/src/dec/vp8l_dec.c[22;23;24;29m ...[0m
[34mCompiling [1mthirdparty/libwebp/src/dec/webp_dec.c[22;23;24;29m ...[0m
[34mCompiling [1mthirdparty/libwebp/src/demux/anim_decode.c[22;23;24;29m ...[0m
[34mCompiling [1mthirdparty/libwebp/src/demux/demux.c[22;23;24;29m ...[0m
[34mCompiling [1mthirdparty/libwebp/src/dsp/alpha_processing.c[22;23;24;29m ...[0m
[34mCompiling [1mthirdparty/libwebp/src/dsp/alpha_processing_mips_dsp_r2.c[22;23;24;29m ...[0m
[34mCompiling [1mthirdparty/libwebp/src/dsp/alpha_processing_neon.c[22;23;24;29m ...[0m
[34mCompiling [1mthirdparty/libwebp/src/dsp/alpha_processing_sse2.c[22;23;24;29m ...[0m
[34mCompiling [1mthirdparty/libwebp/src/dsp/alpha_processing_sse41.c[22;23;24;29m ...[0m
[34mCompiling [1mthirdparty/libwebp/src/dsp/cost.c[22;23;24;29m ...[0m
[34mCompiling [1mthirdparty/libwebp/src/dsp/cost_mips32.c[22;23;24;29m ...[0m
[34mCompiling [1mthirdparty/libwebp/src/dsp/cost_mips_dsp_r2.c[22;23;24;29m ...[0m
[34mCompiling [1mthirdparty/libwebp/src/dsp/cost_neon.c[22;23;24;29m ...[0m
[34mCompiling [1mthirdparty/libwebp/src/dsp/cost_sse2.c[22;23;24;29m ...[0m
[34mCompiling [1mthirdparty/libwebp/src/dsp/cpu.c[22;23;24;29m ...[0m
[34mCompiling [1mthirdparty/libwebp/src/dsp/dec.c[22;23;24;29m ...[0m
[34mCompiling [1mthirdparty/libwebp/src/dsp/dec_clip_tables.c[22;23;24;29m ...[0m
[34mCompiling [1mthirdparty/libwebp/src/dsp/dec_mips32.c[22;23;24;29m ...[0m
[34mCompiling [1mthirdparty/libwebp/src/dsp/dec_mips_dsp_r2.c[22;23;24;29m ...[0m
[34mCompiling [1mthirdparty/libwebp/src/dsp/dec_msa.c[22;23;24;29m ...[0m
[34mCompiling [1mthirdparty/libwebp/src/dsp/dec_neon.c[22;23;24;29m ...[0m
[34mCompiling [1mthirdparty/libwebp/src/dsp/dec_sse2.c[22;23;24;29m ...[0m
[34mCompiling [1mthirdparty/libwebp/src/dsp/dec_sse41.c[22;23;24;29m ...[0m
[34mCompiling [1mthirdparty/libwebp/src/dsp/enc.c[22;23;24;29m ...[0m
[34mCompiling [1mthirdparty/libwebp/src/dsp/enc_mips32.c[22;23;24;29m ...[0m
[34mCompiling [1mthirdparty/libwebp/src/dsp/enc_mips_dsp_r2.c[22;23;24;29m ...[0m
[34mCompiling [1mthirdparty/libwebp/src/dsp/enc_msa.c[22;23;24;29m ...[0m
[34mCompiling [1mthirdparty/libwebp/src/dsp/enc_neon.c[22;23;24;29m ...[0m
[34mCompiling [1mthirdparty/libwebp/src/dsp/enc_sse2.c[22;23;24;29m ...[0m
[34mCompiling [1mthirdparty/libwebp/src/dsp/enc_sse41.c[22;23;24;29m ...[0m
[34mCompiling [1mthirdparty/libwebp/src/dsp/filters.c[22;23;24;29m ...[0m
[34mCompiling [1mthirdparty/libwebp/src/dsp/filters_mips_dsp_r2.c[22;23;24;29m ...[0m
[34mCompiling [1mthirdparty/libwebp/src/dsp/filters_msa.c[22;23;24;29m ...[0m
[34mCompiling [1mthirdparty/libwebp/src/dsp/filters_neon.c[22;23;24;29m ...[0m
[34mCompiling [1mthirdparty/libwebp/src/dsp/filters_sse2.c[22;23;24;29m ...[0m
[34mCompiling [1mthirdparty/libwebp/src/dsp/lossless.c[22;23;24;29m ...[0m
[34mCompiling [1mthirdparty/libwebp/src/dsp/lossless_avx2.c[22;23;24;29m ...[0m
[34mCompiling [1mthirdparty/libwebp/src/dsp/lossless_enc.c[22;23;24;29m ...[0m
[34mCompiling [1mthirdparty/libwebp/src/dsp/lossless_enc_avx2.c[22;23;24;29m ...[0m
[34mCompiling [1mthirdparty/libwebp/src/dsp/lossless_enc_mips32.c[22;23;24;29m ...[0m
[34mCompiling [1mthirdparty/libwebp/src/dsp/lossless_enc_mips_dsp_r2.c[22;23;24;29m ...[0m
[34mCompiling [1mthirdparty/libwebp/src/dsp/lossless_enc_msa.c[22;23;24;29m ...[0m
[34mCompiling [1mthirdparty/libwebp/src/dsp/lossless_enc_neon.c[22;23;24;29m ...[0m
[34mCompiling [1mthirdparty/libwebp/src/dsp/lossless_enc_sse2.c[22;23;24;29m ...[0m
[34mCompiling [1mthirdparty/libwebp/src/dsp/lossless_enc_sse41.c[22;23;24;29m ...[0m
[34mCompiling [1mthirdparty/libwebp/src/dsp/lossless_mips_dsp_r2.c[22;23;24;29m ...[0m
[34mCompiling [1mthirdparty/libwebp/src/dsp/lossless_msa.c[22;23;24;29m ...[0m
[34mCompiling [1mthirdparty/libwebp/src/dsp/lossless_neon.c[22;23;24;29m ...[0m
[34mCompiling [1mthirdparty/libwebp/src/dsp/lossless_sse2.c[22;23;24;29m ...[0m
[34mCompiling [1mthirdparty/libwebp/src/dsp/lossless_sse41.c[22;23;24;29m ...[0m
[34mCompiling [1mthirdparty/libwebp/src/dsp/rescaler.c[22;23;24;29m ...[0m
[34mCompiling [1mthirdparty/libwebp/src/dsp/rescaler_mips32.c[22;23;24;29m ...[0m
[34mCompiling [1mthirdparty/libwebp/src/dsp/rescaler_mips_dsp_r2.c[22;23;24;29m ...[0m
[34mCompiling [1mthirdparty/libwebp/src/dsp/rescaler_msa.c[22;23;24;29m ...[0m
[34mCompiling [1mthirdparty/libwebp/src/dsp/rescaler_neon.c[22;23;24;29m ...[0m
[34mCompiling [1mthirdparty/libwebp/src/dsp/rescaler_sse2.c[22;23;24;29m ...[0m
[34mCompiling [1mthirdparty/libwebp/src/dsp/ssim.c[22;23;24;29m ...[0m
[34mCompiling [1mthirdparty/libwebp/src/dsp/ssim_sse2.c[22;23;24;29m ...[0m
[34mCompiling [1mthirdparty/libwebp/src/dsp/upsampling.c[22;23;24;29m ...[0m
[34mCompiling [1mthirdparty/libwebp/src/dsp/upsampling_mips_dsp_r2.c[22;23;24;29m ...[0m
[34mCompiling [1mthirdparty/libwebp/src/dsp/upsampling_msa.c[22;23;24;29m ...[0m
[34mCompiling [1mthirdparty/libwebp/src/dsp/upsampling_neon.c[22;23;24;29m ...[0m
[34mCompiling [1mthirdparty/libwebp/src/dsp/upsampling_sse2.c[22;23;24;29m ...[0m
[34mCompiling [1mthirdparty/libwebp/src/dsp/upsampling_sse41.c[22;23;24;29m ...[0m
[34mCompiling [1mthirdparty/libwebp/src/dsp/yuv.c[22;23;24;29m ...[0m
[34mCompiling [1mthirdparty/libwebp/src/dsp/yuv_mips32.c[22;23;24;29m ...[0m
[34mCompiling [1mthirdparty/libwebp/src/dsp/yuv_mips_dsp_r2.c[22;23;24;29m ...[0m
[34mCompiling [1mthirdparty/libwebp/src/dsp/yuv_neon.c[22;23;24;29m ...[0m
[34mCompiling [1mthirdparty/libwebp/src/dsp/yuv_sse2.c[22;23;24;29m ...[0m
[34mCompiling [1mthirdparty/libwebp/src/dsp/yuv_sse41.c[22;23;24;29m ...[0m
[34mCompiling [1mthirdparty/libwebp/src/enc/alpha_enc.c[22;23;24;29m ...[0m
[34mCompiling [1mthirdparty/libwebp/src/enc/analysis_enc.c[22;23;24;29m ...[0m
[34mCompiling [1mthirdparty/libwebp/src/enc/backward_references_cost_enc.c[22;23;24;29m ...[0m
[34mCompiling [1mthirdparty/libwebp/src/enc/backward_references_enc.c[22;23;24;29m ...[0m
[34mCompiling [1mthirdparty/libwebp/src/enc/config_enc.c[22;23;24;29m ...[0m
[34mCompiling [1mthirdparty/libwebp/src/enc/cost_enc.c[22;23;24;29m ...[0m
[34mCompiling [1mthirdparty/libwebp/src/enc/filter_enc.c[22;23;24;29m ...[0m
[34mCompiling [1mthirdparty/libwebp/src/enc/frame_enc.c[22;23;24;29m ...[0m
[34mCompiling [1mthirdparty/libwebp/src/enc/histogram_enc.c[22;23;24;29m ...[0m
[34mCompiling [1mthirdparty/libwebp/src/enc/iterator_enc.c[22;23;24;29m ...[0m
[34mCompiling [1mthirdparty/libwebp/src/enc/near_lossless_enc.c[22;23;24;29m ...[0m
[34mCompiling [1mthirdparty/libwebp/src/enc/picture_csp_enc.c[22;23;24;29m ...[0m
[34mCompiling [1mthirdparty/libwebp/src/enc/picture_enc.c[22;23;24;29m ...[0m
[34mCompiling [1mthirdparty/libwebp/src/enc/picture_psnr_enc.c[22;23;24;29m ...[0m
[34mCompiling [1mthirdparty/libwebp/src/enc/picture_rescale_enc.c[22;23;24;29m ...[0m
[34mCompiling [1mthirdparty/libwebp/src/enc/picture_tools_enc.c[22;23;24;29m ...[0m
[34mCompiling [1mthirdparty/libwebp/src/enc/predictor_enc.c[22;23;24;29m ...[0m
[34mCompiling [1mthirdparty/libwebp/src/enc/quant_enc.c[22;23;24;29m ...[0m
[34mCompiling [1mthirdparty/libwebp/src/enc/syntax_enc.c[22;23;24;29m ...[0m
[34mCompiling [1mthirdparty/libwebp/src/enc/token_enc.c[22;23;24;29m ...[0m
[34mCompiling [1mthirdparty/libwebp/src/enc/tree_enc.c[22;23;24;29m ...[0m
[34mCompiling [1mthirdparty/libwebp/src/enc/vp8l_enc.c[22;23;24;29m ...[0m
[34mCompiling [1mthirdparty/libwebp/src/enc/webp_enc.c[22;23;24;29m ...[0m
[34mCompiling [1mthirdparty/libwebp/src/mux/anim_encode.c[22;23;24;29m ...[0m
[34mCompiling [1mthirdparty/libwebp/src/mux/muxedit.c[22;23;24;29m ...[0m
[34mCompiling [1mthirdparty/libwebp/src/mux/muxinternal.c[22;23;24;29m ...[0m
[34mCompiling [1mthirdparty/libwebp/src/mux/muxread.c[22;23;24;29m ...[0m
[34mCompiling [1mthirdparty/libwebp/src/utils/bit_reader_utils.c[22;23;24;29m ...[0m
[34mCompiling [1mthirdparty/libwebp/src/utils/bit_writer_utils.c[22;23;24;29m ...[0m
[34mCompiling [1mthirdparty/libwebp/src/utils/color_cache_utils.c[22;23;24;29m ...[0m
[34mCompiling [1mthirdparty/libwebp/src/utils/filters_utils.c[22;23;24;29m ...[0m
[34mCompiling [1mthirdparty/libwebp/src/utils/huffman_encode_utils.c[22;23;24;29m ...[0m
[34mCompiling [1mthirdparty/libwebp/src/utils/huffman_utils.c[22;23;24;29m ...[0m
[34mCompiling [1mthirdparty/libwebp/src/utils/palette.c[22;23;24;29m ...[0m
[34mCompiling [1mthirdparty/libwebp/src/utils/quant_levels_dec_utils.c[22;23;24;29m ...[0m
[34mCompiling [1mthirdparty/libwebp/src/utils/quant_levels_utils.c[22;23;24;29m ...[0m
[34mCompiling [1mthirdparty/libwebp/src/utils/random_utils.c[22;23;24;29m ...[0m
[34mCompiling [1mthirdparty/libwebp/src/utils/rescaler_utils.c[22;23;24;29m ...[0m
[34mCompiling [1mthirdparty/libwebp/src/utils/thread_utils.c[22;23;24;29m ...[0m
[34mCompiling [1mthirdparty/libwebp/src/utils/utils.c[22;23;24;29m ...[0m
[34mCompiling [1mmodules/webrtc/register_types.cpp[22;23;24;29m ...[0m
[34mCompiling [1mmodules/webp/image_loader_webp.cpp[22;23;24;29m ...[0m
[34mCompiling [1mmodules/webp/resource_saver_webp.cpp[22;23;24;29m ...[0m
[34mCompiling [1mmodules/webp/webp_common.cpp[22;23;24;29m ...[0m
[34mCompiling [1mmodules/webp/register_types.cpp[22;23;24;29m ...[0m
[34mCompiling [1mmodules/webrtc/webrtc_data_channel.cpp[22;23;24;29m ...[0m
[34mLinking Static Library [1mbin/obj/modules/libmodule_webp.ios.template_debug.arm64.simulator.a[22;23;24;29m ...[0m
[34mRanlib Library [1mbin/obj/modules/libmodule_webp.ios.template_debug.arm64.simulator.a[22;23;24;29m ...[0m
[34mCompiling [1mmodules/webrtc/webrtc_data_channel_extension.cpp[22;23;24;29m ...[0m
[34mCompiling [1mmodules/webrtc/webrtc_data_channel_js.cpp[22;23;24;29m ...[0m
[34mCompiling [1mmodules/webrtc/webrtc_multiplayer_peer.cpp[22;23;24;29m ...[0m
[34mCompiling [1mmodules/webrtc/webrtc_peer_connection.cpp[22;23;24;29m ...[0m
[34mCompiling [1mmodules/webrtc/webrtc_peer_connection_extension.cpp[22;23;24;29m ...[0m
[34mCompiling [1mmodules/webrtc/webrtc_peer_connection_js.cpp[22;23;24;29m ...[0m
[34mCompiling [1mthirdparty/wslay/wslay_net.c[22;23;24;29m ...[0m
[34mCompiling [1mthirdparty/wslay/wslay_event.c[22;23;24;29m ...[0m
[34mCompiling [1mthirdparty/wslay/wslay_queue.c[22;23;24;29m ...[0m
[34mLinking Static Library [1mbin/obj/modules/libmodule_webrtc.ios.template_debug.arm64.simulator.a[22;23;24;29m ...[0m
ranlib: warning: 'libmodule_webrtc.ios.template_debug.arm64.simulator.a(webrtc_data_channel_js.ios.template_debug.arm64.simulator.o)' has no symbols
ranlib: warning: 'libmodule_webrtc.ios.template_debug.arm64.simulator.a(webrtc_peer_connection_js.ios.template_debug.arm64.simulator.o)' has no symbols
[34mRanlib Library [1mbin/obj/modules/libmodule_webrtc.ios.template_debug.arm64.simulator.a[22;23;24;29m ...[0m
ranlib: warning: 'libmodule_webrtc.ios.template_debug.arm64.simulator.a(webrtc_data_channel_js.ios.template_debug.arm64.simulator.o)' has no symbols
ranlib: warning: 'libmodule_webrtc.ios.template_debug.arm64.simulator.a(webrtc_peer_connection_js.ios.template_debug.arm64.simulator.o)' has no symbols
[34mCompiling [1mthirdparty/wslay/wslay_frame.c[22;23;24;29m ...[0m
[34mCompiling [1mmodules/webxr/register_types.cpp[22;23;24;29m ...[0m
[34mCompiling [1mmodules/websocket/remote_debugger_peer_websocket.cpp[22;23;24;29m ...[0m
[34mCompiling [1mmodules/websocket/emws_peer.cpp[22;23;24;29m ...[0m
[34mCompiling [1mmodules/websocket/websocket_peer.cpp[22;23;24;29m ...[0m
[34mCompiling [1mmodules/websocket/register_types.cpp[22;23;24;29m ...[0m
[34mCompiling [1mmodules/websocket/wsl_peer.cpp[22;23;24;29m ...[0m
[34mCompiling [1mmodules/websocket/websocket_multiplayer_peer.cpp[22;23;24;29m ...[0m
[34mCompiling [1mmodules/webxr/webxr_interface.cpp[22;23;24;29m ...[0m
[34mLinking Static Library [1mbin/obj/modules/libmodule_websocket.ios.template_debug.arm64.simulator.a[22;23;24;29m ...[0m
ranlib: warning: 'libmodule_websocket.ios.template_debug.arm64.simulator.a(emws_peer.ios.template_debug.arm64.simulator.o)' has no symbols
[34mRanlib Library [1mbin/obj/modules/libmodule_websocket.ios.template_debug.arm64.simulator.a[22;23;24;29m ...[0m
ranlib: warning: 'libmodule_websocket.ios.template_debug.arm64.simulator.a(emws_peer.ios.template_debug.arm64.simulator.o)' has no symbols
[34mCompiling [1mmodules/webxr/webxr_interface_js.cpp[22;23;24;29m ...[0m
[34mCompiling [1mmodules/zip/register_types.cpp[22;23;24;29m ...[0m
[34mLinking Static Library [1mbin/obj/modules/libmodule_webxr.ios.template_debug.arm64.simulator.a[22;23;24;29m ...[0m
ranlib: warning: 'libmodule_webxr.ios.template_debug.arm64.simulator.a(webxr_interface_js.ios.template_debug.arm64.simulator.o)' has no symbols
[34mRanlib Library [1mbin/obj/modules/libmodule_webxr.ios.template_debug.arm64.simulator.a[22;23;24;29m ...[0m
ranlib: warning: 'libmodule_webxr.ios.template_debug.arm64.simulator.a(webxr_interface_js.ios.template_debug.arm64.simulator.o)' has no symbols
[34mCompiling [1mmodules/zip/zip_packer.cpp[22;23;24;29m ...[0m
[34mCompiling [1mmodules/zip/zip_reader.cpp[22;23;24;29m ...[0m
[34mCompiling [1m/Users/runner/work/PartyDeck/PartyDeck/godot/ios-host/build/module-snapshots/f62482039220018f6e686787d9b88570dc3bb819261ae710d021144429e341b9/modules/partydeck_ios_probe/AppleExportPlugins.mm[22;23;24;29m ...[0m
[34mCompiling [1m/Users/runner/work/PartyDeck/PartyDeck/godot/ios-host/build/module-snapshots/f62482039220018f6e686787d9b88570dc3bb819261ae710d021144429e341b9/modules/partydeck_ios_probe/PDGodotRuntime.mm[22;23;24;29m ...[0m
[34mLinking Static Library [1mbin/obj/modules/libmodule_zip.ios.template_debug.arm64.simulator.a[22;23;24;29m ...[0m
[34mRanlib Library [1mbin/obj/modules/libmodule_zip.ios.template_debug.arm64.simulator.a[22;23;24;29m ...[0m
[34mCompiling [1m/Users/runner/work/PartyDeck/PartyDeck/godot/ios-host/build/module-snapshots/f62482039220018f6e686787d9b88570dc3bb819261ae710d021144429e341b9/modules/partydeck_ios_probe/engine_surface_probe.mm[22;23;24;29m ...[0m
[34mGenerating [1mplatform/register_platform_apis.gen.cpp[22;23;24;29m ...[0m
[34mCompiling [1mplatform/register_platform_apis.gen.cpp[22;23;24;29m ...[0m
[34mCompiling [1mplatform/android/api/api.cpp[22;23;24;29m ...[0m
[1m/Users/runner/work/PartyDeck/PartyDeck/godot/ios-host/build/module-snapshots/f62482039220018f6e686787d9b88570dc3bb819261ae710d021144429e341b9/modules/partydeck_ios_probe/PDGodotRuntime.mm:572:84: [0m[0;1;35mwarning: [0m[1m'GDTOpenGLLayer' is deprecated: first deprecated in iOS 12.0 - OpenGLES is deprecated [-Wdeprecated-declarations,39][0m
  572 |         if (![self.runtime establishRenderContext] || ![self.renderingLayer isKindOfClass:GDTOpenGLLayer.class]) { return NO; }[0m
      | [0;1;32m                                                                                           ^
[0m[1m./platform/ios/display_layer_ios.h:55:12: [0m[0;1;36mnote: [0m'GDTOpenGLLayer' has been explicitly marked deprecated here [3][0m
   55 |  @interface GDTOpenGLLayer : CAEAGLLayer <GDTDisplayLayer>[0m
      | [0;1;32m            ^
[0m[1m/Users/runner/work/PartyDeck/PartyDeck/godot/ios-host/build/module-snapshots/f62482039220018f6e686787d9b88570dc3bb819261ae710d021144429e341b9/modules/partydeck_ios_probe/PDGodotRuntime.mm:573:2: [0m[0;1;35mwarning: [0m[1m'GDTOpenGLLayer' is deprecated: first deprecated in iOS 12.0 - OpenGLES is deprecated [-Wdeprecated-declarations,39][0m
  573 |         GDTOpenGLLayer *layer = (GDTOpenGLLayer *)self.renderingLayer;[0m
      | [0;1;32m         ^
[0m[1m./platform/ios/display_layer_ios.h:55:12: [0m[0;1;36mnote: [0m'GDTOpenGLLayer' has been explicitly marked deprecated here [3][0m
   55 |  @interface GDTOpenGLLayer : CAEAGLLayer <GDTDisplayLayer>[0m
      | [0;1;32m            ^
[0m[1m/Users/runner/work/PartyDeck/PartyDeck/godot/ios-host/build/module-snapshots/f62482039220018f6e686787d9b88570dc3bb819261ae710d021144429e341b9/modules/partydeck_ios_probe/PDGodotRuntime.mm:573:27: [0m[0;1;35mwarning: [0m[1m'GDTOpenGLLayer' is deprecated: first deprecated in iOS 12.0 - OpenGLES is deprecated [-Wdeprecated-declarations,39][0m
  573 |         GDTOpenGLLayer *layer = (GDTOpenGLLayer *)self.renderingLayer;[0m
      | [0;1;32m                                  ^
[0m[1m./platform/ios/display_layer_ios.h:55:12: [0m[0;1;36mnote: [0m'GDTOpenGLLayer' has been explicitly marked deprecated here [3][0m
   55 |  @interface GDTOpenGLLayer : CAEAGLLayer <GDTDisplayLayer>[0m
      | [0;1;32m            ^
[0m[34mCompiling [1mplatform/android/api/jni_singleton.cpp[22;23;24;29m ...[0m
[34mCompiling [1mplatform/ios/api/api.cpp[22;23;24;29m ...[0m
[34mCompiling [1mplatform/visionos/api/api.cpp[22;23;24;29m ...[0m
[34mCompiling [1mplatform/web/api/api.cpp[22;23;24;29m ...[0m
3 warnings generated.
[34mLinking Static Library [1mbin/obj/modules/libmodule_partydeck_ios_probe.ios.template_debug.arm64.simulator.a[22;23;24;29m ...[0m
[34mRanlib Library [1mbin/obj/modules/libmodule_partydeck_ios_probe.ios.template_debug.arm64.simulator.a[22;23;24;29m ...[0m
[34mCompiling [1mdrivers/unix/dir_access_unix.cpp[22;23;24;29m ...[0m
[34mLinking Static Library [1mbin/obj/platform/libplatform.ios.template_debug.arm64.simulator.a[22;23;24;29m ...[0m
[34mRanlib Library [1mbin/obj/platform/libplatform.ios.template_debug.arm64.simulator.a[22;23;24;29m ...[0m
[34mCompiling [1mdrivers/unix/file_access_unix.cpp[22;23;24;29m ...[0m
[34mCompiling [1mdrivers/unix/file_access_unix_pipe.cpp[22;23;24;29m ...[0m
[34mCompiling [1mdrivers/unix/ip_unix.cpp[22;23;24;29m ...[0m
[34mCompiling [1mdrivers/unix/net_socket_unix.cpp[22;23;24;29m ...[0m
[34mCompiling [1mdrivers/unix/os_unix.cpp[22;23;24;29m ...[0m
[34mCompiling [1mdrivers/unix/syslog_logger.cpp[22;23;24;29m ...[0m
[34mCompiling [1mdrivers/unix/thread_posix.cpp[22;23;24;29m ...[0m
[34mCompiling [1mdrivers/windows/dir_access_windows.cpp[22;23;24;29m ...[0m
[34mCompiling [1mdrivers/windows/file_access_windows.cpp[22;23;24;29m ...[0m
[34mCompiling [1mdrivers/windows/file_access_windows_pipe.cpp[22;23;24;29m ...[0m
[34mCompiling [1mdrivers/windows/ip_windows.cpp[22;23;24;29m ...[0m
[34mCompiling [1mdrivers/windows/net_socket_winsock.cpp[22;23;24;29m ...[0m
[34mCompiling [1mdrivers/windows/thread_windows.cpp[22;23;24;29m ...[0m
[34mCompiling [1mdrivers/alsa/audio_driver_alsa.cpp[22;23;24;29m ...[0m
[34mCompiling [1mdrivers/pulseaudio/audio_driver_pulseaudio.cpp[22;23;24;29m ...[0m
[34mCompiling [1mdrivers/apple/foundation_helpers.mm[22;23;24;29m ...[0m
[34mCompiling [1mdrivers/apple/os_log_logger.cpp[22;23;24;29m ...[0m
[34mCompiling [1mdrivers/apple/thread_apple.cpp[22;23;24;29m ...[0m
[34mCompiling [1mdrivers/coreaudio/audio_driver_coreaudio.mm[22;23;24;29m ...[0m
[34mCompiling [1mdrivers/apple_embedded/app_delegate_service.mm[22;23;24;29m ...[0m
[34mCompiling [1mdrivers/apple_embedded/apple_embedded.mm[22;23;24;29m ...[0m
[34mCompiling [1mdrivers/apple_embedded/display_server_apple_embedded.mm[22;23;24;29m ...[0m
[34mCompiling [1mdrivers/apple_embedded/godot_app_delegate.mm[22;23;24;29m ...[0m
[34mCompiling [1mdrivers/apple_embedded/godot_keyboard_input_view.mm[22;23;24;29m ...[0m
[34mCompiling [1mdrivers/apple_embedded/godot_view_apple_embedded.mm[22;23;24;29m ...[0m
[34mCompiling [1mdrivers/apple_embedded/godot_view_controller.mm[22;23;24;29m ...[0m
[34mCompiling [1mdrivers/apple_embedded/godot_view_renderer.mm[22;23;24;29m ...[0m
[34mCompiling [1mdrivers/apple_embedded/key_mapping_apple_embedded.mm[22;23;24;29m ...[0m
[34mCompiling [1mdrivers/apple_embedded/main_utilities.mm[22;23;24;29m ...[0m
[34mCompiling [1mdrivers/apple_embedded/os_apple_embedded.mm[22;23;24;29m ...[0m
[34mCompiling [1mdrivers/apple_embedded/rendering_context_driver_vulkan_apple_embedded.mm[22;23;24;29m ...[0m
[34mCompiling [1mdrivers/apple_embedded/tts_apple_embedded.mm[22;23;24;29m ...[0m
[34mCompiling [1mdrivers/apple_embedded/app.swift[22;23;24;29m ...[0m
[34mCompiling [1mdrivers/alsamidi/midi_driver_alsamidi.cpp[22;23;24;29m ...[0m
[34mCompiling [1mdrivers/winmidi/midi_driver_winmidi.cpp[22;23;24;29m ...[0m
[34mCompiling [1mdrivers/gles3/rasterizer_canvas_gles3.cpp[22;23;24;29m ...[0m
[34mCompiling [1mdrivers/gles3/rasterizer_gles3.cpp[22;23;24;29m ...[0m
[34mGenerating [1mservers/rendering/storage/ltc_lut.gen.h[22;23;24;29m ...[0m
[34mCompiling [1mdrivers/gles3/rasterizer_scene_gles3.cpp[22;23;24;29m ...[0m
[34mCompiling [1mdrivers/gles3/rasterizer_util_gles3.cpp[22;23;24;29m ...[0m
[34mCompiling [1mdrivers/gles3/shader_gles3.cpp[22;23;24;29m ...[0m
[34mCompiling [1mdrivers/gles3/storage/config.cpp[22;23;24;29m ...[0m
[34mCompiling [1mdrivers/gles3/storage/light_storage.cpp[22;23;24;29m ...[0m
[34mCompiling [1mdrivers/gles3/storage/material_storage.cpp[22;23;24;29m ...[0m
[34mCompiling [1mdrivers/gles3/storage/mesh_storage.cpp[22;23;24;29m ...[0m
[34mCompiling [1mdrivers/gles3/storage/particles_storage.cpp[22;23;24;29m ...[0m
[34mCompiling [1mdrivers/gles3/storage/render_scene_buffers_gles3.cpp[22;23;24;29m ...[0m
[34mCompiling [1mdrivers/gles3/storage/texture_storage.cpp[22;23;24;29m ...[0m
[34mCompiling [1mdrivers/gles3/storage/utilities.cpp[22;23;24;29m ...[0m
[34mCompiling [1mdrivers/gles3/effects/copy_effects.cpp[22;23;24;29m ...[0m
[34mCompiling [1mdrivers/gles3/effects/cubemap_filter.cpp[22;23;24;29m ...[0m
[34mCompiling [1mdrivers/gles3/effects/feed_effects.cpp[22;23;24;29m ...[0m
[34mCompiling [1mdrivers/gles3/effects/glow.cpp[22;23;24;29m ...[0m
[34mCompiling [1mdrivers/gles3/effects/post_effects.cpp[22;23;24;29m ...[0m
[34mCompiling [1mdrivers/gles3/environment/fog.cpp[22;23;24;29m ...[0m
[34mCompiling [1mdrivers/gles3/environment/gi.cpp[22;23;24;29m ...[0m
[34mCompiling [1mdrivers/egl/egl_manager.cpp[22;23;24;29m ...[0m
[34mCompiling [1mthirdparty/libpng/png.c[22;23;24;29m ...[0m
[34mCompiling [1mthirdparty/libpng/pngerror.c[22;23;24;29m ...[0m
[34mCompiling [1mthirdparty/libpng/pngget.c[22;23;24;29m ...[0m
[34mCompiling [1mthirdparty/libpng/pngmem.c[22;23;24;29m ...[0m
[34mCompiling [1mthirdparty/libpng/pngpread.c[22;23;24;29m ...[0m
[34mCompiling [1mthirdparty/libpng/pngread.c[22;23;24;29m ...[0m
[34mCompiling [1mthirdparty/libpng/pngrio.c[22;23;24;29m ...[0m
[34mCompiling [1mthirdparty/libpng/pngrtran.c[22;23;24;29m ...[0m
[34mCompiling [1mthirdparty/libpng/pngrutil.c[22;23;24;29m ...[0m
[34mCompiling [1mthirdparty/libpng/pngset.c[22;23;24;29m ...[0m
[34mCompiling [1mthirdparty/libpng/pngtrans.c[22;23;24;29m ...[0m
[34mCompiling [1mthirdparty/libpng/pngwio.c[22;23;24;29m ...[0m
[34mCompiling [1mthirdparty/libpng/pngwrite.c[22;23;24;29m ...[0m
[34mCompiling [1mthirdparty/libpng/pngwtran.c[22;23;24;29m ...[0m
[34mCompiling [1mthirdparty/libpng/pngwutil.c[22;23;24;29m ...[0m
[34mCompiling [1mthirdparty/libpng/arm/arm_init.c[22;23;24;29m ...[0m
[34mCompiling [1mthirdparty/libpng/arm/filter_neon_intrinsics.c[22;23;24;29m ...[0m
[34mCompiling [1mthirdparty/libpng/arm/palette_neon_intrinsics.c[22;23;24;29m ...[0m
[34mCompiling [1mdrivers/png/image_loader_png.cpp[22;23;24;29m ...[0m
[34mCompiling [1mdrivers/png/png_driver_common.cpp[22;23;24;29m ...[0m
[34mCompiling [1mdrivers/png/resource_saver_png.cpp[22;23;24;29m ...[0m
[34mCompiling [1mdrivers/register_driver_types.cpp[22;23;24;29m ...[0m
[34mCompiling [1mscene/property_list_helper.cpp[22;23;24;29m ...[0m
[34mCompiling [1mscene/property_utils.cpp[22;23;24;29m ...[0m
[34mCompiling [1mscene/register_scene_types.cpp[22;23;24;29m ...[0m
[34mCompiling [1mscene/main/canvas_item.cpp[22;23;24;29m ...[0m
[34mCompiling [1mscene/main/canvas_layer.cpp[22;23;24;29m ...[0m
[34mCompiling [1mscene/main/http_request.cpp[22;23;24;29m ...[0m
[34mCompiling [1mscene/main/instance_placeholder.cpp[22;23;24;29m ...[0m
[34mCompiling [1mscene/main/missing_node.cpp[22;23;24;29m ...[0m
[34mCompiling [1mscene/main/multiplayer_api.cpp[22;23;24;29m ...[0m
[34mCompiling [1mscene/main/multiplayer_peer.cpp[22;23;24;29m ...[0m
[34mCompiling [1mscene/main/node.cpp[22;23;24;29m ...[0m
[34mCompiling [1mscene/main/resource_preloader.cpp[22;23;24;29m ...[0m
[34mCompiling [1mscene/main/scene_tree.cpp[22;23;24;29m ...[0m
[34mCompiling [1mscene/main/scene_tree_fti.cpp[22;23;24;29m ...[0m
[34mCompiling [1mscene/main/scene_tree_fti_tests.cpp[22;23;24;29m ...[0m
[34mCompiling [1mscene/main/shader_globals_override.cpp[22;23;24;29m ...[0m
[34mCompiling [1mscene/main/status_indicator.cpp[22;23;24;29m ...[0m
[34mCompiling [1mscene/main/timer.cpp[22;23;24;29m ...[0m
[34mCompiling [1mscene/main/viewport.cpp[22;23;24;29m ...[0m
[34mCompiling [1mscene/main/window.cpp[22;23;24;29m ...[0m
[34mCompiling [1mscene/gui/aspect_ratio_container.cpp[22;23;24;29m ...[0m
[34mCompiling [1mscene/gui/base_button.cpp[22;23;24;29m ...[0m
[34mCompiling [1mscene/gui/box_container.cpp[22;23;24;29m ...[0m
[34mCompiling [1mscene/gui/button.cpp[22;23;24;29m ...[0m
[34mCompiling [1mscene/gui/center_container.cpp[22;23;24;29m ...[0m
[34mCompiling [1mscene/gui/check_box.cpp[22;23;24;29m ...[0m
[34mCompiling [1mscene/gui/check_button.cpp[22;23;24;29m ...[0m
[34mCompiling [1mscene/gui/code_edit.cpp[22;23;24;29m ...[0m
[34mLinking Static Library [1mbin/obj/drivers/libdrivers.ios.template_debug.arm64.simulator.a[22;23;24;29m ...[0m
ranlib: warning: 'libdrivers.ios.template_debug.arm64.simulator.a(dir_access_windows.ios.template_debug.arm64.simulator.o)' has no symbols
ranlib: warning: 'libdrivers.ios.template_debug.arm64.simulator.a(file_access_windows.ios.template_debug.arm64.simulator.o)' has no symbols
ranlib: warning: 'libdrivers.ios.template_debug.arm64.simulator.a(file_access_windows_pipe.ios.template_debug.arm64.simulator.o)' has no symbols
ranlib: warning: 'libdrivers.ios.template_debug.arm64.simulator.a(ip_windows.ios.template_debug.arm64.simulator.o)' has no symbols
ranlib: warning: 'libdrivers.ios.template_debug.arm64.simulator.a(net_socket_winsock.ios.template_debug.arm64.simulator.o)' has no symbols
ranlib: warning: 'libdrivers.ios.template_debug.arm64.simulator.a(thread_windows.ios.template_debug.arm64.simulator.o)' has no symbols
ranlib: warning: 'libdrivers.ios.template_debug.arm64.simulator.a(audio_driver_alsa.ios.template_debug.arm64.simulator.o)' has no symbols
ranlib: warning: 'libdrivers.ios.template_debug.arm64.simulator.a(audio_driver_pulseaudio.ios.template_debug.arm64.simulator.o)' has no symbols
ranlib: warning: 'libdrivers.ios.template_debug.arm64.simulator.a(rendering_context_driver_vulkan_apple_embedded.ios.template_debug.arm64.simulator.o)' has no symbols
ranlib: warning: 'libdrivers.ios.template_debug.arm64.simulator.a(midi_driver_alsamidi.ios.template_debug.arm64.simulator.o)' has no symbols
ranlib: warning: 'libdrivers.ios.template_debug.arm64.simulator.a(midi_driver_winmidi.ios.template_debug.arm64.simulator.o)' has no symbols
ranlib: warning: 'libdrivers.ios.template_debug.arm64.simulator.a(egl_manager.ios.template_debug.arm64.simulator.o)' has no symbols
[34mRanlib Library [1mbin/obj/drivers/libdrivers.ios.template_debug.arm64.simulator.a[22;23;24;29m ...[0m
ranlib: warning: 'libdrivers.ios.template_debug.arm64.simulator.a(dir_access_windows.ios.template_debug.arm64.simulator.o)' has no symbols
ranlib: warning: 'libdrivers.ios.template_debug.arm64.simulator.a(file_access_windows.ios.template_debug.arm64.simulator.o)' has no symbols
ranlib: warning: 'libdrivers.ios.template_debug.arm64.simulator.a(file_access_windows_pipe.ios.template_debug.arm64.simulator.o)' has no symbols
ranlib: warning: 'libdrivers.ios.template_debug.arm64.simulator.a(ip_windows.ios.template_debug.arm64.simulator.o)' has no symbols
ranlib: warning: 'libdrivers.ios.template_debug.arm64.simulator.a(net_socket_winsock.ios.template_debug.arm64.simulator.o)' has no symbols
ranlib: warning: 'libdrivers.ios.template_debug.arm64.simulator.a(thread_windows.ios.template_debug.arm64.simulator.o)' has no symbols
ranlib: warning: 'libdrivers.ios.template_debug.arm64.simulator.a(audio_driver_alsa.ios.template_debug.arm64.simulator.o)' has no symbols
ranlib: warning: 'libdrivers.ios.template_debug.arm64.simulator.a(audio_driver_pulseaudio.ios.template_debug.arm64.simulator.o)' has no symbols
ranlib: warning: 'libdrivers.ios.template_debug.arm64.simulator.a(rendering_context_driver_vulkan_apple_embedded.ios.template_debug.arm64.simulator.o)' has no symbols
ranlib: warning: 'libdrivers.ios.template_debug.arm64.simulator.a(midi_driver_alsamidi.ios.template_debug.arm64.simulator.o)' has no symbols
ranlib: warning: 'libdrivers.ios.template_debug.arm64.simulator.a(midi_driver_winmidi.ios.template_debug.arm64.simulator.o)' has no symbols
ranlib: warning: 'libdrivers.ios.template_debug.arm64.simulator.a(egl_manager.ios.template_debug.arm64.simulator.o)' has no symbols
[34mCompiling [1mscene/gui/color_mode.cpp[22;23;24;29m ...[0m
[34mCompiling [1mscene/gui/color_picker.cpp[22;23;24;29m ...[0m
[34mCompiling [1mscene/gui/color_picker_shape.cpp[22;23;24;29m ...[0m
[34mCompiling [1mscene/gui/color_rect.cpp[22;23;24;29m ...[0m
[34mCompiling [1mscene/gui/container.cpp[22;23;24;29m ...[0m
[34mCompiling [1mscene/gui/control.cpp[22;23;24;29m ...[0m
[34mCompiling [1mscene/gui/dialogs.cpp[22;23;24;29m ...[0m
[34mCompiling [1mscene/gui/file_dialog.cpp[22;23;24;29m ...[0m
[34mCompiling [1mscene/gui/flow_container.cpp[22;23;24;29m ...[0m
[34mCompiling [1mscene/gui/foldable_container.cpp[22;23;24;29m ...[0m
[34mCompiling [1mscene/gui/graph_edit.cpp[22;23;24;29m ...[0m
[34mCompiling [1mscene/gui/graph_edit_arranger.cpp[22;23;24;29m ...[0m
[34mCompiling [1mscene/gui/graph_element.cpp[22;23;24;29m ...[0m
[34mCompiling [1mscene/gui/graph_frame.cpp[22;23;24;29m ...[0m
[34mCompiling [1mscene/gui/graph_node.cpp[22;23;24;29m ...[0m
[34mCompiling [1mscene/gui/grid_container.cpp[22;23;24;29m ...[0m
[34mCompiling [1mscene/gui/item_list.cpp[22;23;24;29m ...[0m
[34mCompiling [1mscene/gui/label.cpp[22;23;24;29m ...[0m
[34mCompiling [1mscene/gui/line_edit.cpp[22;23;24;29m ...[0m
[34mCompiling [1mscene/gui/link_button.cpp[22;23;24;29m ...[0m
[34mCompiling [1mscene/gui/margin_container.cpp[22;23;24;29m ...[0m
[34mCompiling [1mscene/gui/menu_bar.cpp[22;23;24;29m ...[0m
[34mCompiling [1mscene/gui/menu_button.cpp[22;23;24;29m ...[0m
[34mCompiling [1mscene/gui/nine_patch_rect.cpp[22;23;24;29m ...[0m
[34mCompiling [1mscene/gui/option_button.cpp[22;23;24;29m ...[0m
[34mCompiling [1mscene/gui/panel.cpp[22;23;24;29m ...[0m
[34mCompiling [1mscene/gui/panel_container.cpp[22;23;24;29m ...[0m
[34mCompiling [1mscene/gui/popup.cpp[22;23;24;29m ...[0m
[34mCompiling [1mscene/gui/popup_menu.cpp[22;23;24;29m ...[0m
[34mCompiling [1mscene/gui/progress_bar.cpp[22;23;24;29m ...[0m
[34mCompiling [1mscene/gui/range.cpp[22;23;24;29m ...[0m
[34mCompiling [1mscene/gui/reference_rect.cpp[22;23;24;29m ...[0m
[34mCompiling [1mscene/gui/rich_text_effect.cpp[22;23;24;29m ...[0m
[34mCompiling [1mscene/gui/rich_text_label.cpp[22;23;24;29m ...[0m
[34mCompiling [1mscene/gui/scroll_bar.cpp[22;23;24;29m ...[0m
[34mCompiling [1mscene/gui/scroll_container.cpp[22;23;24;29m ...[0m
[34mCompiling [1mscene/gui/separator.cpp[22;23;24;29m ...[0m
[34mCompiling [1mscene/gui/slider.cpp[22;23;24;29m ...[0m
[34mCompiling [1mscene/gui/spin_box.cpp[22;23;24;29m ...[0m
[34mCompiling [1mscene/gui/split_container.cpp[22;23;24;29m ...[0m
[34mCompiling [1mscene/gui/subviewport_container.cpp[22;23;24;29m ...[0m
[34mCompiling [1mscene/gui/tab_bar.cpp[22;23;24;29m ...[0m
[34mCompiling [1mscene/gui/tab_container.cpp[22;23;24;29m ...[0m
[34mCompiling [1mscene/gui/text_edit.cpp[22;23;24;29m ...[0m
[34mCompiling [1mscene/gui/texture_button.cpp[22;23;24;29m ...[0m
[34mCompiling [1mscene/gui/texture_progress_bar.cpp[22;23;24;29m ...[0m
[34mCompiling [1mscene/gui/texture_rect.cpp[22;23;24;29m ...[0m
[34mCompiling [1mscene/gui/tree.cpp[22;23;24;29m ...[0m
[34mCompiling [1mscene/gui/video_stream_player.cpp[22;23;24;29m ...[0m
[34mCompiling [1mscene/gui/view_panner.cpp[22;23;24;29m ...[0m
[34mCompiling [1mscene/gui/virtual_joystick.cpp[22;23;24;29m ...[0m
[34mCompiling [1mscene/3d/aim_modifier_3d.cpp[22;23;24;29m ...[0m
[34mCompiling [1mscene/3d/audio_listener_3d.cpp[22;23;24;29m ...[0m
[34mCompiling [1mscene/3d/audio_stream_player_3d.cpp[22;23;24;29m ...[0m
[34mCompiling [1mscene/3d/bone_attachment_3d.cpp[22;23;24;29m ...[0m
[34mCompiling [1mscene/3d/bone_constraint_3d.cpp[22;23;24;29m ...[0m
[34mCompiling [1mscene/3d/bone_twist_disperser_3d.cpp[22;23;24;29m ...[0m
[34mCompiling [1mscene/3d/camera_3d.cpp[22;23;24;29m ...[0m
[34mCompiling [1mscene/3d/ccd_ik_3d.cpp[22;23;24;29m ...[0m
[34mCompiling [1mscene/3d/chain_ik_3d.cpp[22;23;24;29m ...[0m
[34mCompiling [1mscene/3d/convert_transform_modifier_3d.cpp[22;23;24;29m ...[0m
[34mCompiling [1mscene/3d/copy_transform_modifier_3d.cpp[22;23;24;29m ...[0m
[34mCompiling [1mscene/3d/cpu_particles_3d.cpp[22;23;24;29m ...[0m
[34mCompiling [1mscene/3d/decal.cpp[22;23;24;29m ...[0m
[34mCompiling [1mscene/3d/fabr_ik_3d.cpp[22;23;24;29m ...[0m
[34mCompiling [1mscene/3d/fog_volume.cpp[22;23;24;29m ...[0m
[34mCompiling [1mscene/3d/gpu_particles_3d.cpp[22;23;24;29m ...[0m
[34mCompiling [1mscene/3d/gpu_particles_collision_3d.cpp[22;23;24;29m ...[0m
[34mCompiling [1mscene/3d/ik_modifier_3d.cpp[22;23;24;29m ...[0m
[34mCompiling [1mscene/3d/importer_mesh_instance_3d.cpp[22;23;24;29m ...[0m
[34mCompiling [1mscene/3d/iterate_ik_3d.cpp[22;23;24;29m ...[0m
[34mCompiling [1mscene/3d/jacobian_ik_3d.cpp[22;23;24;29m ...[0m
[34mCompiling [1mscene/3d/label_3d.cpp[22;23;24;29m ...[0m
[34mCompiling [1mscene/3d/light_3d.cpp[22;23;24;29m ...[0m
[34mCompiling [1mscene/3d/lightmap_gi.cpp[22;23;24;29m ...[0m
[34mCompiling [1mscene/3d/lightmap_probe.cpp[22;23;24;29m ...[0m
[34mCompiling [1mscene/3d/lightmapper.cpp[22;23;24;29m ...[0m
[34mCompiling [1mscene/3d/limit_angular_velocity_modifier_3d.cpp[22;23;24;29m ...[0m
[34mCompiling [1mscene/3d/look_at_modifier_3d.cpp[22;23;24;29m ...[0m
[34mCompiling [1mscene/3d/marker_3d.cpp[22;23;24;29m ...[0m
[34mCompiling [1mscene/3d/mesh_instance_3d.cpp[22;23;24;29m ...[0m
[34mCompiling [1mscene/3d/modifier_bone_target_3d.cpp[22;23;24;29m ...[0m
[34mCompiling [1mscene/3d/multimesh_instance_3d.cpp[22;23;24;29m ...[0m
[34mCompiling [1mscene/3d/node_3d.cpp[22;23;24;29m ...[0m
[34mCompiling [1mscene/3d/occluder_instance_3d.cpp[22;23;24;29m ...[0m
[34mCompiling [1mscene/3d/path_3d.cpp[22;23;24;29m ...[0m
[34mCompiling [1mscene/3d/reflection_probe.cpp[22;23;24;29m ...[0m
[34mCompiling [1mscene/3d/remote_transform_3d.cpp[22;23;24;29m ...[0m
[34mCompiling [1mscene/3d/retarget_modifier_3d.cpp[22;23;24;29m ...[0m
[34mCompiling [1mscene/3d/skeleton_3d.cpp[22;23;24;29m ...[0m
[34mCompiling [1mscene/3d/skeleton_ik_3d.cpp[22;23;24;29m ...[0m
[34mCompiling [1mscene/3d/skeleton_modifier_3d.cpp[22;23;24;29m ...[0m
[34mCompiling [1mscene/3d/spline_ik_3d.cpp[22;23;24;29m ...[0m
[34mCompiling [1mscene/3d/spring_bone_collision_3d.cpp[22;23;24;29m ...[0m
[34mCompiling [1mscene/3d/spring_bone_collision_capsule_3d.cpp[22;23;24;29m ...[0m
[34mCompiling [1mscene/3d/spring_bone_collision_plane_3d.cpp[22;23;24;29m ...[0m
[34mCompiling [1mscene/3d/spring_bone_collision_sphere_3d.cpp[22;23;24;29m ...[0m
[34mCompiling [1mscene/3d/spring_bone_simulator_3d.cpp[22;23;24;29m ...[0m
[34mCompiling [1mscene/3d/sprite_3d.cpp[22;23;24;29m ...[0m
[34mCompiling [1mscene/3d/two_bone_ik_3d.cpp[22;23;24;29m ...[0m
[34mCompiling [1mscene/3d/velocity_tracker_3d.cpp[22;23;24;29m ...[0m
[34mCompiling [1mscene/3d/visible_on_screen_notifier_3d.cpp[22;23;24;29m ...[0m
[34mCompiling [1mscene/3d/visual_instance_3d.cpp[22;23;24;29m ...[0m
[34mCompiling [1mscene/3d/voxel_gi.cpp[22;23;24;29m ...[0m
[34mCompiling [1mscene/3d/voxelizer.cpp[22;23;24;29m ...[0m
[34mCompiling [1mscene/3d/world_environment.cpp[22;23;24;29m ...[0m
[34mCompiling [1mscene/3d/physics/animatable_body_3d.cpp[22;23;24;29m ...[0m
[34mCompiling [1mscene/3d/physics/area_3d.cpp[22;23;24;29m ...[0m
[34mCompiling [1mscene/3d/physics/character_body_3d.cpp[22;23;24;29m ...[0m
[34mCompiling [1mscene/3d/physics/collision_object_3d.cpp[22;23;24;29m ...[0m
[34mCompiling [1mscene/3d/physics/collision_polygon_3d.cpp[22;23;24;29m ...[0m
[34mCompiling [1mscene/3d/physics/collision_shape_3d.cpp[22;23;24;29m ...[0m
[34mCompiling [1mscene/3d/physics/kinematic_collision_3d.cpp[22;23;24;29m ...[0m
[34mCompiling [1mscene/3d/physics/physical_bone_3d.cpp[22;23;24;29m ...[0m
[34mCompiling [1mscene/3d/physics/physical_bone_simulator_3d.cpp[22;23;24;29m ...[0m
[34mCompiling [1mscene/3d/physics/physics_body_3d.cpp[22;23;24;29m ...[0m
[34mCompiling [1mscene/3d/physics/ray_cast_3d.cpp[22;23;24;29m ...[0m
[34mCompiling [1mscene/3d/physics/rigid_body_3d.cpp[22;23;24;29m ...[0m
[34mCompiling [1mscene/3d/physics/shape_cast_3d.cpp[22;23;24;29m ...[0m
[34mCompiling [1mscene/3d/physics/soft_body_3d.cpp[22;23;24;29m ...[0m
[34mCompiling [1mscene/3d/physics/spring_arm_3d.cpp[22;23;24;29m ...[0m
[34mCompiling [1mscene/3d/physics/static_body_3d.cpp[22;23;24;29m ...[0m
[34mCompiling [1mscene/3d/physics/vehicle_body_3d.cpp[22;23;24;29m ...[0m
[34mCompiling [1mscene/3d/physics/joints/cone_twist_joint_3d.cpp[22;23;24;29m ...[0m
[34mCompiling [1mscene/3d/physics/joints/generic_6dof_joint_3d.cpp[22;23;24;29m ...[0m
[34mCompiling [1mscene/3d/physics/joints/hinge_joint_3d.cpp[22;23;24;29m ...[0m
[34mCompiling [1mscene/3d/physics/joints/joint_3d.cpp[22;23;24;29m ...[0m
[34mCompiling [1mscene/3d/physics/joints/pin_joint_3d.cpp[22;23;24;29m ...[0m
[34mCompiling [1mscene/3d/physics/joints/slider_joint_3d.cpp[22;23;24;29m ...[0m
[34mCompiling [1mscene/3d/navigation/navigation_agent_3d.cpp[22;23;24;29m ...[0m
[34mCompiling [1mscene/3d/navigation/navigation_link_3d.cpp[22;23;24;29m ...[0m
[34mCompiling [1mscene/3d/navigation/navigation_obstacle_3d.cpp[22;23;24;29m ...[0m
[34mCompiling [1mscene/3d/navigation/navigation_region_3d.cpp[22;23;24;29m ...[0m
[34mCompiling [1mscene/3d/xr/xr_body_modifier_3d.cpp[22;23;24;29m ...[0m
[34mCompiling [1mscene/3d/xr/xr_face_modifier_3d.cpp[22;23;24;29m ...[0m
[34mCompiling [1mscene/3d/xr/xr_hand_modifier_3d.cpp[22;23;24;29m ...[0m
[34mCompiling [1mscene/3d/xr/xr_nodes.cpp[22;23;24;29m ...[0m
[34mCompiling [1mscene/2d/animated_sprite_2d.cpp[22;23;24;29m ...[0m
[34mCompiling [1mscene/2d/audio_listener_2d.cpp[22;23;24;29m ...[0m
[34mCompiling [1mscene/2d/audio_stream_player_2d.cpp[22;23;24;29m ...[0m
[34mCompiling [1mscene/2d/back_buffer_copy.cpp[22;23;24;29m ...[0m
[34mCompiling [1mscene/2d/camera_2d.cpp[22;23;24;29m ...[0m
[34mCompiling [1mscene/2d/canvas_group.cpp[22;23;24;29m ...[0m
[34mCompiling [1mscene/2d/canvas_modulate.cpp[22;23;24;29m ...[0m
[34mCompiling [1mscene/2d/cpu_particles_2d.cpp[22;23;24;29m ...[0m
[34mCompiling [1mscene/2d/gpu_particles_2d.cpp[22;23;24;29m ...[0m
[34mCompiling [1mscene/2d/light_2d.cpp[22;23;24;29m ...[0m
[34mCompiling [1mscene/2d/light_occluder_2d.cpp[22;23;24;29m ...[0m
[34mCompiling [1mscene/2d/line_2d.cpp[22;23;24;29m ...[0m
[34mCompiling [1mscene/2d/line_builder.cpp[22;23;24;29m ...[0m
[34mCompiling [1mscene/2d/marker_2d.cpp[22;23;24;29m ...[0m
[34mCompiling [1mscene/2d/mesh_instance_2d.cpp[22;23;24;29m ...[0m
[34mCompiling [1mscene/2d/multimesh_instance_2d.cpp[22;23;24;29m ...[0m
[34mCompiling [1mscene/2d/node_2d.cpp[22;23;24;29m ...[0m
[34mCompiling [1mscene/2d/parallax_2d.cpp[22;23;24;29m ...[0m
[34mCompiling [1mscene/2d/parallax_background.cpp[22;23;24;29m ...[0m
[34mCompiling [1mscene/2d/parallax_layer.cpp[22;23;24;29m ...[0m
[34mCompiling [1mscene/2d/path_2d.cpp[22;23;24;29m ...[0m
[34mCompiling [1mscene/2d/polygon_2d.cpp[22;23;24;29m ...[0m
[34mCompiling [1mscene/2d/remote_transform_2d.cpp[22;23;24;29m ...[0m
[34mCompiling [1mscene/2d/skeleton_2d.cpp[22;23;24;29m ...[0m
[34mCompiling [1mscene/2d/sprite_2d.cpp[22;23;24;29m ...[0m
[34mCompiling [1mscene/2d/tile_map.cpp[22;23;24;29m ...[0m
[34mCompiling [1mscene/2d/tile_map_layer.cpp[22;23;24;29m ...[0m
[34mCompiling [1mscene/2d/visible_on_screen_notifier_2d.cpp[22;23;24;29m ...[0m
[34mCompiling [1mscene/2d/physics/animatable_body_2d.cpp[22;23;24;29m ...[0m
[34mCompiling [1mscene/2d/physics/area_2d.cpp[22;23;24;29m ...[0m
[34mCompiling [1mscene/2d/physics/character_body_2d.cpp[22;23;24;29m ...[0m
[34mCompiling [1mscene/2d/physics/collision_object_2d.cpp[22;23;24;29m ...[0m
[34mCompiling [1mscene/2d/physics/collision_polygon_2d.cpp[22;23;24;29m ...[0m
[34mCompiling [1mscene/2d/physics/collision_shape_2d.cpp[22;23;24;29m ...[0m
[34mCompiling [1mscene/2d/physics/kinematic_collision_2d.cpp[22;23;24;29m ...[0m
[34mCompiling [1mscene/2d/physics/physical_bone_2d.cpp[22;23;24;29m ...[0m
[34mCompiling [1mscene/2d/physics/physics_body_2d.cpp[22;23;24;29m ...[0m
[34mCompiling [1mscene/2d/physics/ray_cast_2d.cpp[22;23;24;29m ...[0m
[34mCompiling [1mscene/2d/physics/rigid_body_2d.cpp[22;23;24;29m ...[0m
[34mCompiling [1mscene/2d/physics/shape_cast_2d.cpp[22;23;24;29m ...[0m
[34mCompiling [1mscene/2d/physics/static_body_2d.cpp[22;23;24;29m ...[0m
[34mCompiling [1mscene/2d/physics/touch_screen_button.cpp[22;23;24;29m ...[0m
[34mCompiling [1mscene/2d/physics/joints/damped_spring_joint_2d.cpp[22;23;24;29m ...[0m
[34mCompiling [1mscene/2d/physics/joints/groove_joint_2d.cpp[22;23;24;29m ...[0m
[34mCompiling [1mscene/2d/physics/joints/joint_2d.cpp[22;23;24;29m ...[0m
[34mCompiling [1mscene/2d/physics/joints/pin_joint_2d.cpp[22;23;24;29m ...[0m
[34mCompiling [1mscene/2d/navigation/navigation_agent_2d.cpp[22;23;24;29m ...[0m
[34mCompiling [1mscene/2d/navigation/navigation_link_2d.cpp[22;23;24;29m ...[0m
[34mCompiling [1mscene/2d/navigation/navigation_obstacle_2d.cpp[22;23;24;29m ...[0m
[34mCompiling [1mscene/2d/navigation/navigation_region_2d.cpp[22;23;24;29m ...[0m
[34mCompiling [1mscene/animation/animation_blend_space_1d.cpp[22;23;24;29m ...[0m
[34mCompiling [1mscene/animation/animation_blend_space_2d.cpp[22;23;24;29m ...[0m
[34mCompiling [1mscene/animation/animation_blend_tree.cpp[22;23;24;29m ...[0m
[34mCompiling [1mscene/animation/animation_mixer.cpp[22;23;24;29m ...[0m
[34mCompiling [1mscene/animation/animation_node_extension.cpp[22;23;24;29m ...[0m
[34mCompiling [1mscene/animation/animation_node_state_machine.cpp[22;23;24;29m ...[0m
[34mCompiling [1mscene/animation/animation_player.cpp[22;23;24;29m ...[0m
[34mCompiling [1mscene/animation/animation_tree.cpp[22;23;24;29m ...[0m
[34mCompiling [1mscene/animation/root_motion_view.cpp[22;23;24;29m ...[0m
[34mCompiling [1mscene/animation/tween.cpp[22;23;24;29m ...[0m
[34mCompiling [1mscene/audio/audio_stream_player.cpp[22;23;24;29m ...[0m
[34mCompiling [1mscene/audio/audio_stream_player_internal.cpp[22;23;24;29m ...[0m
[34mCompiling [1mthirdparty/misc/mikktspace.c[22;23;24;29m ...[0m
[34mCompiling [1mthirdparty/misc/qoa.c[22;23;24;29m ...[0m
[34mCompiling [1mscene/resources/animated_texture.cpp[22;23;24;29m ...[0m
[34mCompiling [1mscene/resources/animation.cpp[22;23;24;29m ...[0m
[34mCompiling [1mscene/resources/animation_library.cpp[22;23;24;29m ...[0m
[34mCompiling [1mscene/resources/atlas_texture.cpp[22;23;24;29m ...[0m
[34mCompiling [1mscene/resources/audio_stream_polyphonic.cpp[22;23;24;29m ...[0m
[34mCompiling [1mscene/resources/audio_stream_wav.cpp[22;23;24;29m ...[0m
[34mCompiling [1mscene/resources/bit_map.cpp[22;23;24;29m ...[0m
[34mCompiling [1mscene/resources/blit_material.cpp[22;23;24;29m ...[0m
[34mCompiling [1mscene/resources/bone_map.cpp[22;23;24;29m ...[0m
[34mCompiling [1mscene/resources/camera_attributes.cpp[22;23;24;29m ...[0m
[34mCompiling [1mscene/resources/camera_texture.cpp[22;23;24;29m ...[0m
[34mCompiling [1mscene/resources/canvas_item_material.cpp[22;23;24;29m ...[0m
[34mCompiling [1mscene/resources/color_palette.cpp[22;23;24;29m ...[0m
[34mCompiling [1mscene/resources/compositor.cpp[22;23;24;29m ...[0m
[34mCompiling [1mscene/resources/compressed_texture.cpp[22;23;24;29m ...[0m
[34mCompiling [1mscene/resources/compressed_texture_resource_format.cpp[22;23;24;29m ...[0m
[34mCompiling [1mscene/resources/curve.cpp[22;23;24;29m ...[0m
[34mCompiling [1mscene/resources/curve_texture.cpp[22;23;24;29m ...[0m
[34mCompiling [1mscene/resources/dpi_texture.cpp[22;23;24;29m ...[0m
[34mCompiling [1mscene/resources/drawable_texture_2d.cpp[22;23;24;29m ...[0m
[34mCompiling [1mscene/resources/environment.cpp[22;23;24;29m ...[0m
[34mCompiling [1mscene/resources/external_texture.cpp[22;23;24;29m ...[0m
[34mCompiling [1mscene/resources/font.cpp[22;23;24;29m ...[0m
[34mCompiling [1mscene/resources/gradient.cpp[22;23;24;29m ...[0m
[34mCompiling [1mscene/resources/gradient_texture.cpp[22;23;24;29m ...[0m
[34mCompiling [1mscene/resources/image_texture.cpp[22;23;24;29m ...[0m
[34mCompiling [1mscene/resources/immediate_mesh.cpp[22;23;24;29m ...[0m
[34mCompiling [1mscene/resources/label_settings.cpp[22;23;24;29m ...[0m
[34mCompiling [1mscene/resources/material.cpp[22;23;24;29m ...[0m
[34mCompiling [1mscene/resources/mesh.cpp[22;23;24;29m ...[0m
[34mCompiling [1mscene/resources/mesh_data_tool.cpp[22;23;24;29m ...[0m
[34mCompiling [1mscene/resources/mesh_texture.cpp[22;23;24;29m ...[0m
[34mCompiling [1mscene/resources/multimesh.cpp[22;23;24;29m ...[0m
[34mCompiling [1mscene/resources/navigation_mesh.cpp[22;23;24;29m ...[0m
[34mCompiling [1mscene/resources/packed_scene.cpp[22;23;24;29m ...[0m
[34mCompiling [1mscene/resources/particle_process_material.cpp[22;23;24;29m ...[0m
[34mCompiling [1mscene/resources/physics_material.cpp[22;23;24;29m ...[0m
[34mCompiling [1mscene/resources/placeholder_textures.cpp[22;23;24;29m ...[0m
[34mCompiling [1mscene/resources/portable_compressed_texture.cpp[22;23;24;29m ...[0m
[34mCompiling [1mscene/resources/resource_format_text.cpp[22;23;24;29m ...[0m
[34mCompiling [1mscene/resources/shader.cpp[22;23;24;29m ...[0m
[34mCompiling [1mscene/resources/shader_include.cpp[22;23;24;29m ...[0m
[34mCompiling [1mscene/resources/shader_include_resource_format.cpp[22;23;24;29m ...[0m
[34mCompiling [1mscene/resources/shader_resource_format.cpp[22;23;24;29m ...[0m
[34mCompiling [1mscene/resources/skeleton_profile.cpp[22;23;24;29m ...[0m
[34mCompiling [1mscene/resources/sky.cpp[22;23;24;29m ...[0m
[34mCompiling [1mscene/resources/sprite_frames.cpp[22;23;24;29m ...[0m
[34mCompiling [1mscene/resources/style_box.cpp[22;23;24;29m ...[0m
[34mCompiling [1mscene/resources/style_box_flat.cpp[22;23;24;29m ...[0m
[34mCompiling [1mscene/resources/style_box_line.cpp[22;23;24;29m ...[0m
[34mCompiling [1mscene/resources/style_box_texture.cpp[22;23;24;29m ...[0m
[34mCompiling [1mscene/resources/surface_tool.cpp[22;23;24;29m ...[0m
[34mCompiling [1mscene/resources/syntax_highlighter.cpp[22;23;24;29m ...[0m
[34mCompiling [1mscene/resources/text_file.cpp[22;23;24;29m ...[0m
[34mCompiling [1mscene/resources/text_line.cpp[22;23;24;29m ...[0m
[34mCompiling [1mscene/resources/text_paragraph.cpp[22;23;24;29m ...[0m
[34mCompiling [1mscene/resources/texture.cpp[22;23;24;29m ...[0m
[34mCompiling [1mscene/resources/texture_rd.cpp[22;23;24;29m ...[0m
[34mCompiling [1mscene/resources/theme.cpp[22;23;24;29m ...[0m
[34mCompiling [1mscene/resources/video_stream.cpp[22;23;24;29m ...[0m
[34mCompiling [1mscene/resources/world_2d.cpp[22;23;24;29m ...[0m
[34mCompiling [1mscene/resources/2d/tile_set.cpp[22;23;24;29m ...[0m
[34mCompiling [1mscene/resources/2d/capsule_shape_2d.cpp[22;23;24;29m ...[0m
[34mCompiling [1mscene/resources/2d/circle_shape_2d.cpp[22;23;24;29m ...[0m
[34mCompiling [1mscene/resources/2d/concave_polygon_shape_2d.cpp[22;23;24;29m ...[0m
[34mCompiling [1mscene/resources/2d/convex_polygon_shape_2d.cpp[22;23;24;29m ...[0m
[34mCompiling [1mscene/resources/2d/rectangle_shape_2d.cpp[22;23;24;29m ...[0m
[34mCompiling [1mscene/resources/2d/segment_shape_2d.cpp[22;23;24;29m ...[0m
[34mCompiling [1mscene/resources/2d/separation_ray_shape_2d.cpp[22;23;24;29m ...[0m
[34mCompiling [1mscene/resources/2d/shape_2d.cpp[22;23;24;29m ...[0m
[34mCompiling [1mscene/resources/2d/world_boundary_shape_2d.cpp[22;23;24;29m ...[0m
[34mCompiling [1mscene/resources/2d/navigation_mesh_source_geometry_data_2d.cpp[22;23;24;29m ...[0m
[34mCompiling [1mscene/resources/2d/navigation_polygon.cpp[22;23;24;29m ...[0m
[34mCompiling [1mscene/resources/2d/polygon_path_finder.cpp[22;23;24;29m ...[0m
[34mCompiling [1mscene/resources/2d/skeleton/skeleton_modification_2d.cpp[22;23;24;29m ...[0m
[34mCompiling [1mscene/resources/2d/skeleton/skeleton_modification_2d_ccdik.cpp[22;23;24;29m ...[0m
[34mCompiling [1mscene/resources/2d/skeleton/skeleton_modification_2d_fabrik.cpp[22;23;24;29m ...[0m
[34mCompiling [1mscene/resources/2d/skeleton/skeleton_modification_2d_lookat.cpp[22;23;24;29m ...[0m
[34mCompiling [1mscene/resources/2d/skeleton/skeleton_modification_2d_stackholder.cpp[22;23;24;29m ...[0m
[34mCompiling [1mscene/resources/2d/skeleton/skeleton_modification_2d_twoboneik.cpp[22;23;24;29m ...[0m
[34mCompiling [1mscene/resources/2d/skeleton/skeleton_modification_stack_2d.cpp[22;23;24;29m ...[0m
[34mCompiling [1mscene/resources/2d/skeleton/skeleton_modification_2d_jiggle.cpp[22;23;24;29m ...[0m
[34mCompiling [1mscene/resources/2d/skeleton/skeleton_modification_2d_physicalbones.cpp[22;23;24;29m ...[0m
[34mCompiling [1mscene/resources/3d/fog_material.cpp[22;23;24;29m ...[0m
[34mCompiling [1mscene/resources/3d/importer_mesh.cpp[22;23;24;29m ...[0m
[34mCompiling [1mscene/resources/3d/joint_limitation_3d.cpp[22;23;24;29m ...[0m
[34mCompiling [1mscene/resources/3d/joint_limitation_cone_3d.cpp[22;23;24;29m ...[0m
[34mCompiling [1mscene/resources/3d/mesh_library.cpp[22;23;24;29m ...[0m
[34mCompiling [1mscene/resources/3d/primitive_meshes.cpp[22;23;24;29m ...[0m
[34mCompiling [1mscene/resources/3d/skin.cpp[22;23;24;29m ...[0m
[34mCompiling [1mscene/resources/3d/sky_material.cpp[22;23;24;29m ...[0m
[34mCompiling [1mscene/resources/3d/world_3d.cpp[22;23;24;29m ...[0m
[34mCompiling [1mscene/resources/3d/box_shape_3d.cpp[22;23;24;29m ...[0m
[34mCompiling [1mscene/resources/3d/capsule_shape_3d.cpp[22;23;24;29m ...[0m
[34mCompiling [1mscene/resources/3d/concave_polygon_shape_3d.cpp[22;23;24;29m ...[0m
[34mCompiling [1mscene/resources/3d/convex_polygon_shape_3d.cpp[22;23;24;29m ...[0m
[34mCompiling [1mscene/resources/3d/cylinder_shape_3d.cpp[22;23;24;29m ...[0m
[34mCompiling [1mscene/resources/3d/height_map_shape_3d.cpp[22;23;24;29m ...[0m
[34mCompiling [1mscene/resources/3d/separation_ray_shape_3d.cpp[22;23;24;29m ...[0m
[34mCompiling [1mscene/resources/3d/shape_3d.cpp[22;23;24;29m ...[0m
[34mCompiling [1mscene/resources/3d/sphere_shape_3d.cpp[22;23;24;29m ...[0m
[34mCompiling [1mscene/resources/3d/world_boundary_shape_3d.cpp[22;23;24;29m ...[0m
[34mCompiling [1mscene/resources/3d/navigation_mesh_source_geometry_data_3d.cpp[22;23;24;29m ...[0m
[34mCompiling [1mscene/debugger/runtime_node_select.cpp[22;23;24;29m ...[0m
[34mCompiling [1mscene/debugger/scene_debugger.cpp[22;23;24;29m ...[0m
[34mCompiling [1mscene/debugger/scene_debugger_object.cpp[22;23;24;29m ...[0m
[34mCompiling [1mscene/debugger/view_3d_controller.cpp[22;23;24;29m ...[0m
[34mGenerating [1mscene/theme/default_font.gen.h[22;23;24;29m ...[0m
[34mGenerating [1mscene/theme/default_theme_icons.gen.h[22;23;24;29m ...[0m
[34mCompiling [1mscene/theme/default_theme.cpp[22;23;24;29m ...[0m
[34mCompiling [1mscene/theme/theme_db.cpp[22;23;24;29m ...[0m
[34mCompiling [1mscene/theme/theme_owner.cpp[22;23;24;29m ...[0m
[34mCompiling [1mservers/register_server_types.cpp[22;23;24;29m ...[0m
[34mLinking Static Library [1mbin/obj/scene/libscene.ios.template_debug.arm64.simulator.a[22;23;24;29m ...[0m
ranlib: warning: 'libscene.ios.template_debug.arm64.simulator.a(scene_tree_fti_tests.ios.template_debug.arm64.simulator.o)' has no symbols
[34mRanlib Library [1mbin/obj/scene/libscene.ios.template_debug.arm64.simulator.a[22;23;24;29m ...[0m
ranlib: warning: 'libscene.ios.template_debug.arm64.simulator.a(scene_tree_fti_tests.ios.template_debug.arm64.simulator.o)' has no symbols
[34mCompiling [1mservers/audio/audio_driver_dummy.cpp[22;23;24;29m ...[0m
[34mCompiling [1mservers/audio/audio_effect.cpp[22;23;24;29m ...[0m
[34mCompiling [1mservers/audio/audio_filter_sw.cpp[22;23;24;29m ...[0m
[34mCompiling [1mservers/audio/audio_rb_resampler.cpp[22;23;24;29m ...[0m
[34mCompiling [1mservers/audio/audio_server.cpp[22;23;24;29m ...[0m
[34mCompiling [1mservers/audio/audio_stream.cpp[22;23;24;29m ...[0m
[34mCompiling [1mservers/audio/effects/audio_effect_amplify.cpp[22;23;24;29m ...[0m
[34mCompiling [1mservers/audio/effects/audio_effect_capture.cpp[22;23;24;29m ...[0m
[34mCompiling [1mservers/audio/effects/audio_effect_chorus.cpp[22;23;24;29m ...[0m
[34mCompiling [1mservers/audio/effects/audio_effect_compressor.cpp[22;23;24;29m ...[0m
[34mCompiling [1mservers/audio/effects/audio_effect_delay.cpp[22;23;24;29m ...[0m
[34mCompiling [1mservers/audio/effects/audio_effect_distortion.cpp[22;23;24;29m ...[0m
[34mCompiling [1mservers/audio/effects/audio_effect_eq.cpp[22;23;24;29m ...[0m
[34mCompiling [1mservers/audio/effects/audio_effect_filter.cpp[22;23;24;29m ...[0m
[34mCompiling [1mservers/audio/effects/audio_effect_hard_limiter.cpp[22;23;24;29m ...[0m
[34mCompiling [1mservers/audio/effects/audio_effect_limiter.cpp[22;23;24;29m ...[0m
[34mCompiling [1mservers/audio/effects/audio_effect_panner.cpp[22;23;24;29m ...[0m
[34mCompiling [1mservers/audio/effects/audio_effect_phaser.cpp[22;23;24;29m ...[0m
[34mCompiling [1mservers/audio/effects/audio_effect_pitch_shift.cpp[22;23;24;29m ...[0m
[34mCompiling [1mservers/audio/effects/audio_effect_record.cpp[22;23;24;29m ...[0m
[34mCompiling [1mservers/audio/effects/audio_effect_reverb.cpp[22;23;24;29m ...[0m
[34mCompiling [1mservers/audio/effects/audio_effect_spectrum_analyzer.cpp[22;23;24;29m ...[0m
[34mCompiling [1mservers/audio/effects/audio_effect_stereo_enhance.cpp[22;23;24;29m ...[0m
[34mCompiling [1mservers/audio/effects/audio_stream_generator.cpp[22;23;24;29m ...[0m
[34mCompiling [1mservers/audio/effects/eq_filter.cpp[22;23;24;29m ...[0m
[34mCompiling [1mservers/audio/effects/reverb_filter.cpp[22;23;24;29m ...[0m
[34mCompiling [1mservers/camera/camera_feed.cpp[22;23;24;29m ...[0m
[34mCompiling [1mservers/camera/camera_server.cpp[22;23;24;29m ...[0m
[34mCompiling [1mservers/debugger/servers_debugger.cpp[22;23;24;29m ...[0m
[34mCompiling [1mservers/display/accessibility_server.cpp[22;23;24;29m ...[0m
[34mCompiling [1mservers/display/display_server.cpp[22;23;24;29m ...[0m
[34mCompiling [1mservers/display/display_server_headless.cpp[22;23;24;29m ...[0m
[34mCompiling [1mservers/display/native_menu.cpp[22;23;24;29m ...[0m
[34mCompiling [1mservers/movie_writer/movie_writer.cpp[22;23;24;29m ...[0m
[34mCompiling [1mservers/movie_writer/movie_writer_pngwav.cpp[22;23;24;29m ...[0m
[34mCompiling [1mservers/rendering/instance_uniforms.cpp[22;23;24;29m ...[0m
[34mCompiling [1mservers/rendering/renderer_canvas_cull.cpp[22;23;24;29m ...[0m
[34mCompiling [1mservers/rendering/renderer_canvas_render.cpp[22;23;24;29m ...[0m
[34mCompiling [1mservers/rendering/renderer_compositor.cpp[22;23;24;29m ...[0m
[34mCompiling [1mservers/rendering/renderer_geometry_instance.cpp[22;23;24;29m ...[0m
[34mCompiling [1mservers/rendering/renderer_scene_cull.cpp[22;23;24;29m ...[0m
[34mCompiling [1mservers/rendering/renderer_scene_occlusion_cull.cpp[22;23;24;29m ...[0m
[34mCompiling [1mservers/rendering/renderer_scene_render.cpp[22;23;24;29m ...[0m
[34mCompiling [1mservers/rendering/renderer_viewport.cpp[22;23;24;29m ...[0m
[34mCompiling [1mservers/rendering/rendering_context_driver.cpp[22;23;24;29m ...[0m
[34mCompiling [1mservers/rendering/rendering_device.cpp[22;23;24;29m ...[0m
[34mCompiling [1mservers/rendering/rendering_device_binds.cpp[22;23;24;29m ...[0m
[34mCompiling [1mservers/rendering/rendering_device_commons.cpp[22;23;24;29m ...[0m
[34mCompiling [1mservers/rendering/rendering_device_driver.cpp[22;23;24;29m ...[0m
[34mCompiling [1mservers/rendering/rendering_device_graph.cpp[22;23;24;29m ...[0m
[34mCompiling [1mservers/rendering/rendering_light_culler.cpp[22;23;24;29m ...[0m
[34mCompiling [1mservers/rendering/rendering_server.cpp[22;23;24;29m ...[0m
[34mCompiling [1mservers/rendering/rendering_server_default.cpp[22;23;24;29m ...[0m
[34mCompiling [1mservers/rendering/rendering_shader_container.cpp[22;23;24;29m ...[0m
[34mCompiling [1mservers/rendering/shader_compiler.cpp[22;23;24;29m ...[0m
[34mCompiling [1mservers/rendering/shader_expression.cpp[22;23;24;29m ...[0m
[34mCompiling [1mservers/rendering/shader_include_db.cpp[22;23;24;29m ...[0m
[34mCompiling [1mservers/rendering/shader_language.cpp[22;23;24;29m ...[0m
[34mCompiling [1mservers/rendering/shader_preprocessor.cpp[22;23;24;29m ...[0m
[34mCompiling [1mservers/rendering/shader_types.cpp[22;23;24;29m ...[0m
[34mCompiling [1mservers/rendering/shader_warnings.cpp[22;23;24;29m ...[0m
[34mCompiling [1mservers/rendering/dummy/rasterizer_dummy.cpp[22;23;24;29m ...[0m
[34mCompiling [1mservers/rendering/dummy/rasterizer_scene_dummy.cpp[22;23;24;29m ...[0m
[34mCompiling [1mservers/rendering/dummy/storage/light_storage.cpp[22;23;24;29m ...[0m
[34mCompiling [1mservers/rendering/dummy/storage/material_storage.cpp[22;23;24;29m ...[0m
[34mCompiling [1mservers/rendering/dummy/storage/mesh_storage.cpp[22;23;24;29m ...[0m
[34mCompiling [1mservers/rendering/dummy/storage/utilities.cpp[22;23;24;29m ...[0m
[34mCompiling [1mservers/rendering/renderer_rd/cluster_builder_rd.cpp[22;23;24;29m ...[0m
[34mCompiling [1mservers/rendering/renderer_rd/framebuffer_cache_rd.cpp[22;23;24;29m ...[0m
[34mCompiling [1mservers/rendering/renderer_rd/pipeline_cache_rd.cpp[22;23;24;29m ...[0m
[34mCompiling [1mservers/rendering/renderer_rd/renderer_canvas_render_rd.cpp[22;23;24;29m ...[0m
[34mGenerating [1mservers/rendering/renderer_rd/shaders/forward_clustered/best_fit_normal.glsl.gen.h[22;23;24;29m ...[0m
[34mGenerating [1mservers/rendering/renderer_rd/shaders/forward_clustered/integrate_dfg.glsl.gen.h[22;23;24;29m ...[0m
[34mGenerating [1mservers/rendering/renderer_rd/shaders/effects/fsr2/fsr2_accumulate_pass.glsl.gen.h[22;23;24;29m ...[0m
[34mGenerating [1mservers/rendering/renderer_rd/shaders/effects/fsr2/fsr2_autogen_reactive_pass.glsl.gen.h[22;23;24;29m ...[0m
[34mGenerating [1mservers/rendering/renderer_rd/shaders/effects/fsr2/fsr2_compute_luminance_pyramid_pass.glsl.gen.h[22;23;24;29m ...[0m
[34mGenerating [1mservers/rendering/renderer_rd/shaders/effects/fsr2/fsr2_depth_clip_pass.glsl.gen.h[22;23;24;29m ...[0m
[34mGenerating [1mservers/rendering/renderer_rd/shaders/effects/fsr2/fsr2_lock_pass.glsl.gen.h[22;23;24;29m ...[0m
[34mGenerating [1mservers/rendering/renderer_rd/shaders/effects/fsr2/fsr2_rcas_pass.glsl.gen.h[22;23;24;29m ...[0m
[34mGenerating [1mservers/rendering/renderer_rd/shaders/effects/fsr2/fsr2_reconstruct_previous_depth_pass.glsl.gen.h[22;23;24;29m ...[0m
[34mGenerating [1mservers/rendering/renderer_rd/shaders/effects/fsr2/fsr2_tcr_autogen_pass.glsl.gen.h[22;23;24;29m ...[0m
[34mGenerating [1mservers/rendering/renderer_rd/shaders/effects/motion_vectors_store.glsl.gen.h[22;23;24;29m ...[0m
[34mGenerating [1mservers/rendering/renderer_rd/shaders/effects/screen_space_reflection.glsl.gen.h[22;23;24;29m ...[0m
[34mGenerating [1mservers/rendering/renderer_rd/shaders/effects/screen_space_reflection_downsample.glsl.gen.h[22;23;24;29m ...[0m
[34mGenerating [1mservers/rendering/renderer_rd/shaders/effects/screen_space_reflection_filter.glsl.gen.h[22;23;24;29m ...[0m
[34mGenerating [1mservers/rendering/renderer_rd/shaders/effects/screen_space_reflection_hiz.glsl.gen.h[22;23;24;29m ...[0m
[34mGenerating [1mservers/rendering/renderer_rd/shaders/effects/screen_space_reflection_resolve.glsl.gen.h[22;23;24;29m ...[0m
[34mGenerating [1mservers/rendering/renderer_rd/shaders/effects/ss_effects_downsample.glsl.gen.h[22;23;24;29m ...[0m
[34mGenerating [1mservers/rendering/renderer_rd/shaders/effects/ssao.glsl.gen.h[22;23;24;29m ...[0m
[34mGenerating [1mservers/rendering/renderer_rd/shaders/effects/ssao_blur.glsl.gen.h[22;23;24;29m ...[0m
[34mGenerating [1mservers/rendering/renderer_rd/shaders/effects/ssao_importance_map.glsl.gen.h[22;23;24;29m ...[0m
[34mGenerating [1mservers/rendering/renderer_rd/shaders/effects/ssao_interleave.glsl.gen.h[22;23;24;29m ...[0m
[34mGenerating [1mservers/rendering/renderer_rd/shaders/effects/ssil.glsl.gen.h[22;23;24;29m ...[0m
[34mGenerating [1mservers/rendering/renderer_rd/shaders/effects/ssil_blur.glsl.gen.h[22;23;24;29m ...[0m
[34mGenerating [1mservers/rendering/renderer_rd/shaders/effects/ssil_importance_map.glsl.gen.h[22;23;24;29m ...[0m
[34mGenerating [1mservers/rendering/renderer_rd/shaders/effects/ssil_interleave.glsl.gen.h[22;23;24;29m ...[0m
[34mGenerating [1mservers/rendering/renderer_rd/shaders/effects/subsurface_scattering.glsl.gen.h[22;23;24;29m ...[0m
[34mGenerating [1mservers/rendering/renderer_rd/shaders/effects/taa_resolve.glsl.gen.h[22;23;24;29m ...[0m
[34mGenerating [1mservers/rendering/renderer_rd/shaders/forward_clustered/scene_forward_clustered.glsl.gen.h[22;23;24;29m ...[0m
[34mGenerating [1mservers/rendering/renderer_rd/shaders/forward_mobile/scene_forward_mobile.glsl.gen.h[22;23;24;29m ...[0m
[34mCompiling [1mservers/rendering/renderer_rd/renderer_compositor_rd.cpp[22;23;24;29m ...[0m
[34mGenerating [1mservers/rendering/renderer_rd/shaders/decal_data_inc.glsl.gen.h[22;23;24;29m ...[0m
[34mGenerating [1mservers/rendering/renderer_rd/shaders/light_data_inc.glsl.gen.h[22;23;24;29m ...[0m
[34mGenerating [1mservers/rendering/renderer_rd/shaders/scene_data_inc.glsl.gen.h[22;23;24;29m ...[0m
[34mCompiling [1mservers/rendering/renderer_rd/renderer_scene_render_rd.cpp[22;23;24;29m ...[0m
[34mCompiling [1mservers/rendering/renderer_rd/shader_rd.cpp[22;23;24;29m ...[0m
[34mCompiling [1mservers/rendering/renderer_rd/uniform_set_cache_rd.cpp[22;23;24;29m ...[0m
[34mCompiling [1mthirdparty/amd-fsr2/ffx_assert.cpp[22;23;24;29m ...[0m
[34mCompiling [1mthirdparty/amd-fsr2/ffx_fsr2.cpp[22;23;24;29m ...[0m
[34mGenerating [1mservers/rendering/renderer_rd/shaders/effects/roughness_limiter.glsl.gen.h[22;23;24;29m ...[0m
[34mGenerating [1mservers/rendering/renderer_rd/effects/smaa_area_tex.gen.h[22;23;24;29m ...[0m
[34mGenerating [1mservers/rendering/renderer_rd/effects/smaa_search_tex.gen.h[22;23;24;29m ...[0m
[34mGenerating [1mservers/rendering/renderer_rd/shaders/effects/sort.glsl.gen.h[22;23;24;29m ...[0m
[34mCompiling [1mservers/rendering/renderer_rd/environment/fog.cpp[22;23;24;29m ...[0m
[34mCompiling [1mservers/rendering/renderer_rd/effects/metal_fx.cpp[22;23;24;29m ...[0m
[34mCompiling [1mservers/rendering/renderer_rd/effects/debug_effects.cpp[22;23;24;29m ...[0m
[34mCompiling [1mservers/rendering/renderer_rd/effects/tone_mapper.cpp[22;23;24;29m ...[0m
[34mCompiling [1mservers/rendering/renderer_rd/effects/fsr2.cpp[22;23;24;29m ...[0m
[34mCompiling [1mservers/rendering/renderer_rd/effects/ss_effects.cpp[22;23;24;29m ...[0m
[34mCompiling [1mservers/rendering/renderer_rd/effects/smaa.cpp[22;23;24;29m ...[0m
[34mCompiling [1mservers/rendering/renderer_rd/effects/resolve.cpp[22;23;24;29m ...[0m
[34mCompiling [1mservers/rendering/renderer_rd/effects/luminance.cpp[22;23;24;29m ...[0m
[34mCompiling [1mservers/rendering/renderer_rd/effects/bokeh_dof.cpp[22;23;24;29m ...[0m
[34mCompiling [1mservers/rendering/renderer_rd/effects/fsr.cpp[22;23;24;29m ...[0m
[34mCompiling [1mservers/rendering/renderer_rd/effects/copy_effects.cpp[22;23;24;29m ...[0m
[34mCompiling [1mservers/rendering/renderer_rd/effects/vrs.cpp[22;23;24;29m ...[0m
[34mCompiling [1mservers/rendering/renderer_rd/effects/taa.cpp[22;23;24;29m ...[0m
[34mCompiling [1mservers/rendering/renderer_rd/effects/sort_effects.cpp[22;23;24;29m ...[0m
[34mCompiling [1mservers/rendering/renderer_rd/effects/roughness_limiter.cpp[22;23;24;29m ...[0m
[34mCompiling [1mservers/rendering/renderer_rd/effects/motion_vectors_store.cpp[22;23;24;29m ...[0m
[34mCompiling [1mservers/rendering/renderer_rd/environment/gi.cpp[22;23;24;29m ...[0m
[34mCompiling [1mservers/rendering/renderer_rd/environment/sky.cpp[22;23;24;29m ...[0m
[34mCompiling [1mservers/rendering/renderer_rd/forward_clustered/render_forward_clustered.cpp[22;23;24;29m ...[0m
[34mCompiling [1mservers/rendering/renderer_rd/forward_clustered/scene_shader_forward_clustered.cpp[22;23;24;29m ...[0m
[34mCompiling [1mservers/rendering/renderer_rd/forward_mobile/render_forward_mobile.cpp[22;23;24;29m ...[0m
[34mCompiling [1mservers/rendering/renderer_rd/forward_mobile/scene_shader_forward_mobile.cpp[22;23;24;29m ...[0m
[34mCompiling [1mthirdparty/spirv-reflect/spirv_reflect.c[22;23;24;29m ...[0m
[34mCompiling [1mservers/rendering/renderer_rd/storage_rd/light_storage.cpp[22;23;24;29m ...[0m
[34mCompiling [1mservers/rendering/renderer_rd/storage_rd/material_storage.cpp[22;23;24;29m ...[0m
[34mCompiling [1mservers/rendering/renderer_rd/storage_rd/mesh_storage.cpp[22;23;24;29m ...[0m
[34mCompiling [1mservers/rendering/renderer_rd/storage_rd/particles_storage.cpp[22;23;24;29m ...[0m
[34mCompiling [1mservers/rendering/renderer_rd/storage_rd/render_scene_buffers_rd.cpp[22;23;24;29m ...[0m
[34mCompiling [1mservers/rendering/renderer_rd/storage_rd/render_scene_data_rd.cpp[22;23;24;29m ...[0m
[34mCompiling [1mservers/rendering/renderer_rd/storage_rd/texture_storage.cpp[22;23;24;29m ...[0m
[34mCompiling [1mservers/rendering/renderer_rd/storage_rd/utilities.cpp[22;23;24;29m ...[0m
[34mCompiling [1mservers/rendering/storage/camera_attributes_storage.cpp[22;23;24;29m ...[0m
[34mCompiling [1mservers/rendering/storage/compositor_storage.cpp[22;23;24;29m ...[0m
[34mCompiling [1mservers/rendering/storage/environment_storage.cpp[22;23;24;29m ...[0m
[34mCompiling [1mservers/rendering/storage/mesh_storage.cpp[22;23;24;29m ...[0m
[34mCompiling [1mservers/rendering/storage/render_data.cpp[22;23;24;29m ...[0m
[34mCompiling [1mservers/rendering/storage/render_data_extension.cpp[22;23;24;29m ...[0m
[34mCompiling [1mservers/rendering/storage/render_scene_buffers.cpp[22;23;24;29m ...[0m
[34mCompiling [1mservers/rendering/storage/render_scene_data.cpp[22;23;24;29m ...[0m
[34mCompiling [1mservers/rendering/storage/utilities.cpp[22;23;24;29m ...[0m
[34mCompiling [1mservers/text/text_server.cpp[22;23;24;29m ...[0m
[34mCompiling [1mservers/text/text_server_extension.cpp[22;23;24;29m ...[0m
[34mCompiling [1mservers/navigation_2d/navigation_path_query_parameters_2d.cpp[22;23;24;29m ...[0m
[34mCompiling [1mservers/navigation_2d/navigation_path_query_result_2d.cpp[22;23;24;29m ...[0m
[34mCompiling [1mservers/navigation_2d/navigation_server_2d.cpp[22;23;24;29m ...[0m
[34mCompiling [1mservers/physics_2d/physics_server_2d.cpp[22;23;24;29m ...[0m
[34mCompiling [1mservers/physics_2d/physics_server_2d_extension.cpp[22;23;24;29m ...[0m
[34mCompiling [1mservers/physics_2d/physics_server_2d_wrap_mt.cpp[22;23;24;29m ...[0m
[34mCompiling [1mservers/navigation_3d/navigation_path_query_parameters_3d.cpp[22;23;24;29m ...[0m
[34mCompiling [1mservers/navigation_3d/navigation_path_query_result_3d.cpp[22;23;24;29m ...[0m
[34mCompiling [1mservers/navigation_3d/navigation_server_3d.cpp[22;23;24;29m ...[0m
[34mCompiling [1mservers/physics_3d/physics_server_3d.cpp[22;23;24;29m ...[0m
[34mCompiling [1mservers/physics_3d/physics_server_3d_extension.cpp[22;23;24;29m ...[0m
[34mCompiling [1mservers/physics_3d/physics_server_3d_wrap_mt.cpp[22;23;24;29m ...[0m
[34mCompiling [1mservers/xr/xr_body_tracker.cpp[22;23;24;29m ...[0m
[34mCompiling [1mservers/xr/xr_face_tracker.cpp[22;23;24;29m ...[0m
[34mCompiling [1mservers/xr/xr_hand_tracker.cpp[22;23;24;29m ...[0m
[34mCompiling [1mservers/xr/xr_interface.cpp[22;23;24;29m ...[0m
[34mCompiling [1mservers/xr/xr_interface_extension.cpp[22;23;24;29m ...[0m
[34mCompiling [1mservers/xr/xr_pose.cpp[22;23;24;29m ...[0m
[34mCompiling [1mservers/xr/xr_positional_tracker.cpp[22;23;24;29m ...[0m
[34mCompiling [1mservers/xr/xr_server.cpp[22;23;24;29m ...[0m
[34mCompiling [1mservers/xr/xr_tracker.cpp[22;23;24;29m ...[0m
[34mCompiling [1mservers/xr/xr_vrs.cpp[22;23;24;29m ...[0m
[34mCompiling [1mthirdparty/misc/fastlz.c[22;23;24;29m ...[0m
[34mCompiling [1mthirdparty/misc/r128.c[22;23;24;29m ...[0m
[34mCompiling [1mthirdparty/misc/smaz.c[22;23;24;29m ...[0m
[34mCompiling [1mthirdparty/misc/pcg.cpp[22;23;24;29m ...[0m
[34mCompiling [1mthirdparty/misc/polypartition.cpp[22;23;24;29m ...[0m
[34mLinking Static Library [1mbin/obj/servers/libservers.ios.template_debug.arm64.simulator.a[22;23;24;29m ...[0m
ranlib: warning: 'libservers.ios.template_debug.arm64.simulator.a(metal_fx.ios.template_debug.arm64.simulator.o)' has no symbols
[34mRanlib Library [1mbin/obj/servers/libservers.ios.template_debug.arm64.simulator.a[22;23;24;29m ...[0m
ranlib: warning: 'libservers.ios.template_debug.arm64.simulator.a(metal_fx.ios.template_debug.arm64.simulator.o)' has no symbols
[34mCompiling [1mthirdparty/misc/smolv.cpp[22;23;24;29m ...[0m
[34mCompiling [1mthirdparty/brotli/common/constants.c[22;23;24;29m ...[0m
[34mCompiling [1mthirdparty/brotli/common/context.c[22;23;24;29m ...[0m
[34mCompiling [1mthirdparty/brotli/common/dictionary.c[22;23;24;29m ...[0m
[34mCompiling [1mthirdparty/brotli/common/platform.c[22;23;24;29m ...[0m
[34mCompiling [1mthirdparty/brotli/common/shared_dictionary.c[22;23;24;29m ...[0m
[34mCompiling [1mthirdparty/brotli/common/transform.c[22;23;24;29m ...[0m
[34mCompiling [1mthirdparty/brotli/dec/bit_reader.c[22;23;24;29m ...[0m
[34mCompiling [1mthirdparty/brotli/dec/decode.c[22;23;24;29m ...[0m
[34mCompiling [1mthirdparty/brotli/dec/huffman.c[22;23;24;29m ...[0m
[34mCompiling [1mthirdparty/brotli/dec/prefix.c[22;23;24;29m ...[0m
[34mCompiling [1mthirdparty/brotli/dec/state.c[22;23;24;29m ...[0m
[34mCompiling [1mthirdparty/brotli/dec/static_init.c[22;23;24;29m ...[0m
[34mCompiling [1mthirdparty/clipper2/src/clipper.engine.cpp[22;23;24;29m ...[0m
[34mCompiling [1mthirdparty/clipper2/src/clipper.offset.cpp[22;23;24;29m ...[0m
[34mCompiling [1mthirdparty/clipper2/src/clipper.rectclip.cpp[22;23;24;29m ...[0m
[34mCompiling [1mthirdparty/zlib/adler32.c[22;23;24;29m ...[0m
[34mCompiling [1mthirdparty/zlib/compress.c[22;23;24;29m ...[0m
[34mCompiling [1mthirdparty/zlib/crc32.c[22;23;24;29m ...[0m
[34mCompiling [1mthirdparty/zlib/deflate.c[22;23;24;29m ...[0m
[34mCompiling [1mthirdparty/zlib/inffast.c[22;23;24;29m ...[0m
[34mCompiling [1mthirdparty/zlib/inflate.c[22;23;24;29m ...[0m
[34mCompiling [1mthirdparty/zlib/inftrees.c[22;23;24;29m ...[0m
[34mCompiling [1mthirdparty/zlib/trees.c[22;23;24;29m ...[0m
[34mCompiling [1mthirdparty/zlib/uncompr.c[22;23;24;29m ...[0m
[34mCompiling [1mthirdparty/zlib/zutil.c[22;23;24;29m ...[0m
[34mCompiling [1mthirdparty/minizip/ioapi.c[22;23;24;29m ...[0m
[34mCompiling [1mthirdparty/minizip/unzip.c[22;23;24;29m ...[0m
[34mCompiling [1mthirdparty/minizip/zip.c[22;23;24;29m ...[0m
[34mCompiling [1mthirdparty/zstd/common/debug.c[22;23;24;29m ...[0m
[34mCompiling [1mthirdparty/zstd/common/entropy_common.c[22;23;24;29m ...[0m
[34mCompiling [1mthirdparty/zstd/common/error_private.c[22;23;24;29m ...[0m
[34mCompiling [1mthirdparty/zstd/common/fse_decompress.c[22;23;24;29m ...[0m
[34mCompiling [1mthirdparty/zstd/common/pool.c[22;23;24;29m ...[0m
[34mCompiling [1mthirdparty/zstd/common/threading.c[22;23;24;29m ...[0m
[34mCompiling [1mthirdparty/zstd/common/xxhash.c[22;23;24;29m ...[0m
[34mCompiling [1mthirdparty/zstd/common/zstd_common.c[22;23;24;29m ...[0m
[34mCompiling [1mthirdparty/zstd/compress/fse_compress.c[22;23;24;29m ...[0m
[34mCompiling [1mthirdparty/zstd/compress/hist.c[22;23;24;29m ...[0m
[34mCompiling [1mthirdparty/zstd/compress/huf_compress.c[22;23;24;29m ...[0m
[34mCompiling [1mthirdparty/zstd/compress/zstd_compress.c[22;23;24;29m ...[0m
[34mCompiling [1mthirdparty/zstd/compress/zstd_double_fast.c[22;23;24;29m ...[0m
[34mCompiling [1mthirdparty/zstd/compress/zstd_fast.c[22;23;24;29m ...[0m
[34mCompiling [1mthirdparty/zstd/compress/zstd_lazy.c[22;23;24;29m ...[0m
[34mCompiling [1mthirdparty/zstd/compress/zstd_ldm.c[22;23;24;29m ...[0m
[34mCompiling [1mthirdparty/zstd/compress/zstd_opt.c[22;23;24;29m ...[0m
[34mCompiling [1mthirdparty/zstd/compress/zstd_preSplit.c[22;23;24;29m ...[0m
[34mCompiling [1mthirdparty/zstd/compress/zstdmt_compress.c[22;23;24;29m ...[0m
[34mCompiling [1mthirdparty/zstd/compress/zstd_compress_literals.c[22;23;24;29m ...[0m
[34mCompiling [1mthirdparty/zstd/compress/zstd_compress_sequences.c[22;23;24;29m ...[0m
[34mCompiling [1mthirdparty/zstd/compress/zstd_compress_superblock.c[22;23;24;29m ...[0m
[34mCompiling [1mthirdparty/zstd/decompress/huf_decompress.c[22;23;24;29m ...[0m
[34mCompiling [1mthirdparty/zstd/decompress/zstd_ddict.c[22;23;24;29m ...[0m
[34mCompiling [1mthirdparty/zstd/decompress/zstd_decompress_block.c[22;23;24;29m ...[0m
[34mCompiling [1mthirdparty/zstd/decompress/zstd_decompress.c[22;23;24;29m ...[0m
[34mCompiling [1mcore/core_bind.cpp[22;23;24;29m ...[0m
[34mCompiling [1mcore/core_constants.cpp[22;23;24;29m ...[0m
[34mCompiling [1mcore/doc_data.cpp[22;23;24;29m ...[0m
[34mCompiling [1mcore/register_core_types.cpp[22;23;24;29m ...[0m
[34mGenerating [1mcore/version_hash.gen.cpp[22;23;24;29m ...[0m
[34mCompiling [1mcore/version_hash.gen.cpp[22;23;24;29m ...[0m
[34mGenerating [1mcore/script_encryption_key.gen.cpp[22;23;24;29m ...[0m
[34mCompiling [1mcore/script_encryption_key.gen.cpp[22;23;24;29m ...[0m
[34mCompiling [1mcore/profiling/profiling.cpp[22;23;24;29m ...[0m
[34mCompiling [1mcore/os/keyboard.cpp[22;23;24;29m ...[0m
[34mCompiling [1mcore/os/main_loop.cpp[22;23;24;29m ...[0m
[34mCompiling [1mcore/os/memory.cpp[22;23;24;29m ...[0m
[34mCompiling [1mcore/os/midi_driver.cpp[22;23;24;29m ...[0m
[34mCompiling [1mcore/os/mutex.cpp[22;23;24;29m ...[0m
[34mCompiling [1mcore/os/os.cpp[22;23;24;29m ...[0m
[34mCompiling [1mcore/os/thread.cpp[22;23;24;29m ...[0m
[34mCompiling [1mcore/os/thread_safe.cpp[22;23;24;29m ...[0m
[34mCompiling [1mcore/os/time.cpp[22;23;24;29m ...[0m
[34mCompiling [1mcore/math/a_star.cpp[22;23;24;29m ...[0m
[34mCompiling [1mcore/math/a_star_grid_2d.cpp[22;23;24;29m ...[0m
[34mCompiling [1mcore/math/aabb.cpp[22;23;24;29m ...[0m
[34mCompiling [1mcore/math/basis.cpp[22;23;24;29m ...[0m
[34mCompiling [1mcore/math/color.cpp[22;23;24;29m ...[0m
[34mCompiling [1mcore/math/convex_hull.cpp[22;23;24;29m ...[0m
[34mCompiling [1mcore/math/dynamic_bvh.cpp[22;23;24;29m ...[0m
[34mCompiling [1mcore/math/expression.cpp[22;23;24;29m ...[0m
[34mCompiling [1mcore/math/face3.cpp[22;23;24;29m ...[0m
[34mCompiling [1mcore/math/geometry_2d.cpp[22;23;24;29m ...[0m
[34mCompiling [1mcore/math/geometry_3d.cpp[22;23;24;29m ...[0m
[34mCompiling [1mcore/math/math_fieldwise.cpp[22;23;24;29m ...[0m
[34mCompiling [1mcore/math/math_funcs.cpp[22;23;24;29m ...[0m
[34mCompiling [1mcore/math/plane.cpp[22;23;24;29m ...[0m
[34mCompiling [1mcore/math/projection.cpp[22;23;24;29m ...[0m
[34mCompiling [1mcore/math/quaternion.cpp[22;23;24;29m ...[0m
[34mCompiling [1mcore/math/quick_hull.cpp[22;23;24;29m ...[0m
[34mCompiling [1mcore/math/random_number_generator.cpp[22;23;24;29m ...[0m
[34mCompiling [1mcore/math/random_pcg.cpp[22;23;24;29m ...[0m
[34mCompiling [1mcore/math/rect2.cpp[22;23;24;29m ...[0m
[34mCompiling [1mcore/math/rect2i.cpp[22;23;24;29m ...[0m
[34mCompiling [1mcore/math/static_raycaster.cpp[22;23;24;29m ...[0m
[34mCompiling [1mcore/math/transform_2d.cpp[22;23;24;29m ...[0m
[34mCompiling [1mcore/math/transform_3d.cpp[22;23;24;29m ...[0m
[34mCompiling [1mcore/math/transform_interpolator.cpp[22;23;24;29m ...[0m
[34mCompiling [1mcore/math/triangle_mesh.cpp[22;23;24;29m ...[0m
[34mCompiling [1mcore/math/triangulate.cpp[22;23;24;29m ...[0m
[34mCompiling [1mcore/math/vector2.cpp[22;23;24;29m ...[0m
[34mCompiling [1mcore/math/vector2i.cpp[22;23;24;29m ...[0m
[34mCompiling [1mcore/math/vector3.cpp[22;23;24;29m ...[0m
[34mCompiling [1mcore/math/vector3i.cpp[22;23;24;29m ...[0m
[34mCompiling [1mcore/math/vector4.cpp[22;23;24;29m ...[0m
[34mCompiling [1mcore/math/vector4i.cpp[22;23;24;29m ...[0m
[34mCompiling [1mcore/crypto/aes_context.cpp[22;23;24;29m ...[0m
[34mCompiling [1mcore/crypto/crypto.cpp[22;23;24;29m ...[0m
[34mCompiling [1mcore/crypto/crypto_core.cpp[22;23;24;29m ...[0m
[34mCompiling [1mcore/crypto/crypto_resource_format.cpp[22;23;24;29m ...[0m
[34mCompiling [1mcore/crypto/hashing_context.cpp[22;23;24;29m ...[0m
[34mCompiling [1mcore/io/compression.cpp[22;23;24;29m ...[0m
[34mCompiling [1mcore/io/config_file.cpp[22;23;24;29m ...[0m
[34mCompiling [1mcore/io/delta_encoding.cpp[22;23;24;29m ...[0m
[34mCompiling [1mcore/io/dir_access.cpp[22;23;24;29m ...[0m
[34mCompiling [1mcore/io/dtls_server.cpp[22;23;24;29m ...[0m
[34mCompiling [1mcore/io/file_access.cpp[22;23;24;29m ...[0m
[34mCompiling [1mcore/io/file_access_compressed.cpp[22;23;24;29m ...[0m
[34mCompiling [1mcore/io/file_access_encrypted.cpp[22;23;24;29m ...[0m
[34mCompiling [1mcore/io/file_access_memory.cpp[22;23;24;29m ...[0m
[34mCompiling [1mcore/io/file_access_pack.cpp[22;23;24;29m ...[0m
[34mCompiling [1mcore/io/file_access_patched.cpp[22;23;24;29m ...[0m
[34mCompiling [1mcore/io/file_access_zip.cpp[22;23;24;29m ...[0m
[34mCompiling [1mcore/io/http_client.cpp[22;23;24;29m ...[0m
[34mCompiling [1mcore/io/http_client_tcp.cpp[22;23;24;29m ...[0m
[34mCompiling [1mcore/io/image.cpp[22;23;24;29m ...[0m
[34mCompiling [1mcore/io/image_loader.cpp[22;23;24;29m ...[0m
[34mCompiling [1mcore/io/image_resource_format.cpp[22;23;24;29m ...[0m
[34mCompiling [1mcore/io/ip.cpp[22;23;24;29m ...[0m
[34mCompiling [1mcore/io/ip_address.cpp[22;23;24;29m ...[0m
[34mCompiling [1mcore/io/json.cpp[22;23;24;29m ...[0m
[34mCompiling [1mcore/io/json_resource_format.cpp[22;23;24;29m ...[0m
[34mCompiling [1mcore/io/logger.cpp[22;23;24;29m ...[0m
[34mCompiling [1mcore/io/marshalls.cpp[22;23;24;29m ...[0m
[34mCompiling [1mcore/io/missing_resource.cpp[22;23;24;29m ...[0m
[34mCompiling [1mcore/io/net_socket.cpp[22;23;24;29m ...[0m
[34mCompiling [1mcore/io/packed_data_container.cpp[22;23;24;29m ...[0m
[34mCompiling [1mcore/io/packet_peer.cpp[22;23;24;29m ...[0m
[34mCompiling [1mcore/io/packet_peer_dtls.cpp[22;23;24;29m ...[0m
[34mCompiling [1mcore/io/packet_peer_udp.cpp[22;23;24;29m ...[0m
[34mCompiling [1mcore/io/pck_packer.cpp[22;23;24;29m ...[0m
[34mCompiling [1mcore/io/plist.cpp[22;23;24;29m ...[0m
[34mCompiling [1mcore/io/remote_filesystem_client.cpp[22;23;24;29m ...[0m
[34mCompiling [1mcore/io/resource.cpp[22;23;24;29m ...[0m
[34mCompiling [1mcore/io/resource_format_binary.cpp[22;23;24;29m ...[0m
[34mCompiling [1mcore/io/resource_importer.cpp[22;23;24;29m ...[0m
[34mCompiling [1mcore/io/resource_loader.cpp[22;23;24;29m ...[0m
[34mCompiling [1mcore/io/resource_saver.cpp[22;23;24;29m ...[0m
[34mCompiling [1mcore/io/resource_uid.cpp[22;23;24;29m ...[0m
[34mCompiling [1mcore/io/socket_server.cpp[22;23;24;29m ...[0m
[34mCompiling [1mcore/io/stream_peer.cpp[22;23;24;29m ...[0m
[34mCompiling [1mcore/io/stream_peer_gzip.cpp[22;23;24;29m ...[0m
[34mCompiling [1mcore/io/stream_peer_socket.cpp[22;23;24;29m ...[0m
[34mCompiling [1mcore/io/stream_peer_tcp.cpp[22;23;24;29m ...[0m
[34mCompiling [1mcore/io/stream_peer_tls.cpp[22;23;24;29m ...[0m
[34mCompiling [1mcore/io/stream_peer_uds.cpp[22;23;24;29m ...[0m
[34mCompiling [1mcore/io/tcp_server.cpp[22;23;24;29m ...[0m
[34mCompiling [1mcore/io/translation_loader_po.cpp[22;23;24;29m ...[0m
[34mCompiling [1mcore/io/udp_server.cpp[22;23;24;29m ...[0m
[34mCompiling [1mcore/io/uds_server.cpp[22;23;24;29m ...[0m
[34mCompiling [1mcore/io/xml_parser.cpp[22;23;24;29m ...[0m
[34mCompiling [1mcore/io/zip_io.cpp[22;23;24;29m ...[0m
[34mCompiling [1mcore/debugger/debugger_marshalls.cpp[22;23;24;29m ...[0m
[34mCompiling [1mcore/debugger/engine_debugger.cpp[22;23;24;29m ...[0m
[34mCompiling [1mcore/debugger/engine_profiler.cpp[22;23;24;29m ...[0m
[34mCompiling [1mcore/debugger/local_debugger.cpp[22;23;24;29m ...[0m
[34mCompiling [1mcore/debugger/remote_debugger.cpp[22;23;24;29m ...[0m
[34mCompiling [1mcore/debugger/remote_debugger_peer.cpp[22;23;24;29m ...[0m
[34mCompiling [1mcore/debugger/script_debugger.cpp[22;23;24;29m ...[0m
[34mCompiling [1mcore/input/input.cpp[22;23;24;29m ...[0m
[34mCompiling [1mcore/input/input_event.cpp[22;23;24;29m ...[0m
[34mCompiling [1mcore/input/input_event_codec.cpp[22;23;24;29m ...[0m
[34mCompiling [1mcore/input/input_map.cpp[22;23;24;29m ...[0m
[34mCompiling [1mcore/input/shortcut.cpp[22;23;24;29m ...[0m
[34mGenerating [1mcore/input/default_controller_mappings.gen.cpp[22;23;24;29m ...[0m
[34mCompiling [1mcore/input/default_controller_mappings.gen.cpp[22;23;24;29m ...[0m
[34mCompiling [1mcore/variant/array.cpp[22;23;24;29m ...[0m
[34mCompiling [1mcore/variant/callable.cpp[22;23;24;29m ...[0m
[34mCompiling [1mcore/variant/callable_bind.cpp[22;23;24;29m ...[0m
[34mCompiling [1mcore/variant/dictionary.cpp[22;23;24;29m ...[0m
[34mCompiling [1mcore/variant/variant.cpp[22;23;24;29m ...[0m
[34mCompiling [1mcore/variant/variant_call.cpp[22;23;24;29m ...[0m
[34mCompiling [1mcore/variant/variant_callable.cpp[22;23;24;29m ...[0m
[34mCompiling [1mcore/variant/variant_construct.cpp[22;23;24;29m ...[0m
[34mCompiling [1mcore/variant/variant_destruct.cpp[22;23;24;29m ...[0m
[34mCompiling [1mcore/variant/variant_op.cpp[22;23;24;29m ...[0m
[34mCompiling [1mcore/variant/variant_parser.cpp[22;23;24;29m ...[0m
[34mCompiling [1mcore/variant/variant_pools.cpp[22;23;24;29m ...[0m
[34mCompiling [1mcore/variant/variant_setget.cpp[22;23;24;29m ...[0m
[34mCompiling [1mcore/variant/variant_utility.cpp[22;23;24;29m ...[0m
[34mCompiling [1mcore/extension/extension_api_dump.cpp[22;23;24;29m ...[0m
[34mCompiling [1mcore/extension/gdextension.cpp[22;23;24;29m ...[0m
[34mCompiling [1mcore/extension/gdextension_function_loader.cpp[22;23;24;29m ...[0m
[34mCompiling [1mcore/extension/gdextension_interface.cpp[22;23;24;29m ...[0m
[34mCompiling [1mcore/extension/gdextension_interface_header_generator.cpp[22;23;24;29m ...[0m
[34mCompiling [1mcore/extension/gdextension_library_loader.cpp[22;23;24;29m ...[0m
[34mCompiling [1mcore/extension/gdextension_manager.cpp[22;23;24;29m ...[0m
[34mCompiling [1mcore/extension/gdextension_resource_format.cpp[22;23;24;29m ...[0m
[34mCompiling [1mcore/extension/gdextension_special_compat_hashes.cpp[22;23;24;29m ...[0m
[34mCompiling [1mcore/extension/godot_instance.cpp[22;23;24;29m ...[0m
[34mCompiling [1mcore/object/callable_mp.cpp[22;23;24;29m ...[0m
[34mCompiling [1mcore/object/class_db.cpp[22;23;24;29m ...[0m
[34mCompiling [1mcore/object/gdtype.cpp[22;23;24;29m ...[0m
[34mCompiling [1mcore/object/message_queue.cpp[22;23;24;29m ...[0m
[34mCompiling [1mcore/object/method_bind.cpp[22;23;24;29m ...[0m
[34mCompiling [1mcore/object/method_info.cpp[22;23;24;29m ...[0m
[34mCompiling [1mcore/object/object.cpp[22;23;24;29m ...[0m
[34mCompiling [1mcore/object/property_info.cpp[22;23;24;29m ...[0m
[34mCompiling [1mcore/object/ref_counted.cpp[22;23;24;29m ...[0m
[34mCompiling [1mcore/object/script_backtrace.cpp[22;23;24;29m ...[0m
[34mCompiling [1mcore/object/script_instance.cpp[22;23;24;29m ...[0m
[34mCompiling [1mcore/object/script_language.cpp[22;23;24;29m ...[0m
[34mCompiling [1mcore/object/script_language_extension.cpp[22;23;24;29m ...[0m
[34mCompiling [1mcore/object/undo_redo.cpp[22;23;24;29m ...[0m
[34mCompiling [1mcore/object/worker_thread_pool.cpp[22;23;24;29m ...[0m
[34mCompiling [1mcore/templates/a_hash_map.cpp[22;23;24;29m ...[0m
[34mCompiling [1mcore/templates/hashfuncs.cpp[22;23;24;29m ...[0m
[34mCompiling [1mcore/templates/interpolated_property.cpp[22;23;24;29m ...[0m
[34mCompiling [1mcore/string/char_range.cpp[22;23;24;29m ...[0m
[34mCompiling [1mcore/string/fuzzy_search.cpp[22;23;24;29m ...[0m
[34mCompiling [1mcore/string/node_path.cpp[22;23;24;29m ...[0m
[34mCompiling [1mcore/string/optimized_translation.cpp[22;23;24;29m ...[0m
[34mCompiling [1mcore/string/plural_rules.cpp[22;23;24;29m ...[0m
[34mCompiling [1mcore/string/print_string.cpp[22;23;24;29m ...[0m
[34mCompiling [1mcore/string/string_builder.cpp[22;23;24;29m ...[0m
[34mCompiling [1mcore/string/string_name.cpp[22;23;24;29m ...[0m
[34mCompiling [1mcore/string/translation.cpp[22;23;24;29m ...[0m
[34mCompiling [1mcore/string/translation_domain.cpp[22;23;24;29m ...[0m
[34mCompiling [1mcore/string/translation_server.cpp[22;23;24;29m ...[0m
[34mCompiling [1mcore/string/ustring.cpp[22;23;24;29m ...[0m
[34mGenerating [1mcore/authors.gen.h[22;23;24;29m ...[0m
[34mGenerating [1mcore/donors.gen.h[22;23;24;29m ...[0m
[34mGenerating [1mcore/license.gen.h[22;23;24;29m ...[0m
[34mCompiling [1mcore/config/engine.cpp[22;23;24;29m ...[0m
[34mCompiling [1mcore/config/project_settings.cpp[22;23;24;29m ...[0m
[34mCompiling [1mcore/error/error_list.cpp[22;23;24;29m ...[0m
[34mCompiling [1mcore/error/error_macros.cpp[22;23;24;29m ...[0m
[34mCompiling [1mthirdparty/freetype/src/autofit/autofit.c[22;23;24;29m ...[0m
[34mCompiling [1mthirdparty/freetype/src/base/ftbase.c[22;23;24;29m ...[0m
[34mLinking Static Library [1mbin/obj/core/libcore.ios.template_debug.arm64.simulator.a[22;23;24;29m ...[0m
[34mCompiling [1mthirdparty/freetype/src/base/ftbbox.c[22;23;24;29m ...[0m
ranlib: warning: 'libcore.ios.template_debug.arm64.simulator.a(threading.ios.template_debug.arm64.simulator.o)' has no symbols
ranlib: warning: 'libcore.ios.template_debug.arm64.simulator.a(thread.ios.template_debug.arm64.simulator.o)' has no symbols
ranlib: warning: 'libcore.ios.template_debug.arm64.simulator.a(gdextension_interface_header_generator.ios.template_debug.arm64.simulator.o)' has no symbols
[34mRanlib Library [1mbin/obj/core/libcore.ios.template_debug.arm64.simulator.a[22;23;24;29m ...[0m
ranlib: warning: 'libcore.ios.template_debug.arm64.simulator.a(threading.ios.template_debug.arm64.simulator.o)' has no symbols
ranlib: warning: 'libcore.ios.template_debug.arm64.simulator.a(thread.ios.template_debug.arm64.simulator.o)' has no symbols
ranlib: warning: 'libcore.ios.template_debug.arm64.simulator.a(gdextension_interface_header_generator.ios.template_debug.arm64.simulator.o)' has no symbols
[34mCompiling [1mthirdparty/freetype/src/base/ftbdf.c[22;23;24;29m ...[0m
[34mCompiling [1mthirdparty/freetype/src/base/ftbitmap.c[22;23;24;29m ...[0m
[34mCompiling [1mthirdparty/freetype/src/base/ftcid.c[22;23;24;29m ...[0m
[34mCompiling [1mthirdparty/freetype/src/base/ftdebug.c[22;23;24;29m ...[0m
[34mCompiling [1mthirdparty/freetype/src/base/ftfstype.c[22;23;24;29m ...[0m
[34mCompiling [1mthirdparty/freetype/src/base/ftgasp.c[22;23;24;29m ...[0m
[34mCompiling [1mthirdparty/freetype/src/base/ftglyph.c[22;23;24;29m ...[0m
[34mCompiling [1mthirdparty/freetype/src/base/ftgxval.c[22;23;24;29m ...[0m
[34mCompiling [1mthirdparty/freetype/src/base/ftinit.c[22;23;24;29m ...[0m
[34mCompiling [1mthirdparty/freetype/src/base/ftmm.c[22;23;24;29m ...[0m
[34mCompiling [1mthirdparty/freetype/src/base/ftotval.c[22;23;24;29m ...[0m
[34mCompiling [1mthirdparty/freetype/src/base/ftpatent.c[22;23;24;29m ...[0m
[34mCompiling [1mthirdparty/freetype/src/base/ftpfr.c[22;23;24;29m ...[0m
[34mCompiling [1mthirdparty/freetype/src/base/ftstroke.c[22;23;24;29m ...[0m
[34mCompiling [1mthirdparty/freetype/src/base/ftsynth.c[22;23;24;29m ...[0m
[34mCompiling [1mthirdparty/freetype/src/base/ftsystem.c[22;23;24;29m ...[0m
[34mCompiling [1mthirdparty/freetype/src/base/fttype1.c[22;23;24;29m ...[0m
[34mCompiling [1mthirdparty/freetype/src/base/ftwinfnt.c[22;23;24;29m ...[0m
[34mCompiling [1mthirdparty/freetype/src/bdf/bdf.c[22;23;24;29m ...[0m
[34mCompiling [1mthirdparty/freetype/src/bzip2/ftbzip2.c[22;23;24;29m ...[0m
[34mCompiling [1mthirdparty/freetype/src/cache/ftcache.c[22;23;24;29m ...[0m
[34mCompiling [1mthirdparty/freetype/src/cff/cff.c[22;23;24;29m ...[0m
[34mCompiling [1mthirdparty/freetype/src/cid/type1cid.c[22;23;24;29m ...[0m
[34mCompiling [1mthirdparty/freetype/src/gxvalid/gxvalid.c[22;23;24;29m ...[0m
[34mCompiling [1mthirdparty/freetype/src/gzip/ftgzip.c[22;23;24;29m ...[0m
[34mCompiling [1mthirdparty/freetype/src/lzw/ftlzw.c[22;23;24;29m ...[0m
[34mCompiling [1mthirdparty/freetype/src/otvalid/otvalid.c[22;23;24;29m ...[0m
[34mCompiling [1mthirdparty/freetype/src/pcf/pcf.c[22;23;24;29m ...[0m
[34mCompiling [1mthirdparty/freetype/src/pfr/pfr.c[22;23;24;29m ...[0m
[34mCompiling [1mthirdparty/freetype/src/psaux/psaux.c[22;23;24;29m ...[0m
[34mCompiling [1mthirdparty/freetype/src/pshinter/pshinter.c[22;23;24;29m ...[0m
[34mCompiling [1mthirdparty/freetype/src/psnames/psnames.c[22;23;24;29m ...[0m
[34mCompiling [1mthirdparty/freetype/src/raster/raster.c[22;23;24;29m ...[0m
[34mCompiling [1mthirdparty/freetype/src/sdf/sdf.c[22;23;24;29m ...[0m
[34mCompiling [1mthirdparty/freetype/src/svg/svg.c[22;23;24;29m ...[0m
[34mCompiling [1mthirdparty/freetype/src/smooth/smooth.c[22;23;24;29m ...[0m
[34mCompiling [1mthirdparty/freetype/src/truetype/truetype.c[22;23;24;29m ...[0m
[34mCompiling [1mthirdparty/freetype/src/type1/type1.c[22;23;24;29m ...[0m
[34mCompiling [1mthirdparty/freetype/src/type42/type42.c[22;23;24;29m ...[0m
[34mCompiling [1mthirdparty/freetype/src/winfonts/winfnt.c[22;23;24;29m ...[0m
[34mCompiling [1mthirdparty/freetype/src/sfnt/sfnt.c[22;23;24;29m ...[0m
[34mCompiling [1mthirdparty/msdfgen/core/Contour.cpp[22;23;24;29m ...[0m
[34mCompiling [1mthirdparty/msdfgen/core/DistanceMapping.cpp[22;23;24;29m ...[0m
[34mCompiling [1mthirdparty/msdfgen/core/EdgeHolder.cpp[22;23;24;29m ...[0m
[34mCompiling [1mthirdparty/msdfgen/core/MSDFErrorCorrection.cpp[22;23;24;29m ...[0m
[34mLinking Static Library [1mbin/obj/modules/freetype/libfreetype_builtin.ios.template_debug.arm64.simulator.a[22;23;24;29m ...[0m
[34mRanlib Library [1mbin/obj/modules/freetype/libfreetype_builtin.ios.template_debug.arm64.simulator.a[22;23;24;29m ...[0m
[34mCompiling [1mthirdparty/msdfgen/core/Projection.cpp[22;23;24;29m ...[0m
[34mCompiling [1mthirdparty/msdfgen/core/Scanline.cpp[22;23;24;29m ...[0m
[34mCompiling [1mthirdparty/msdfgen/core/Shape.cpp[22;23;24;29m ...[0m
[34mCompiling [1mthirdparty/msdfgen/core/contour-combiners.cpp[22;23;24;29m ...[0m
[34mCompiling [1mthirdparty/msdfgen/core/convergent-curve-ordering.cpp[22;23;24;29m ...[0m
[34mCompiling [1mthirdparty/msdfgen/core/edge-coloring.cpp[22;23;24;29m ...[0m
[34mCompiling [1mthirdparty/msdfgen/core/edge-segments.cpp[22;23;24;29m ...[0m
[34mCompiling [1mthirdparty/msdfgen/core/edge-selectors.cpp[22;23;24;29m ...[0m
[34mCompiling [1mthirdparty/msdfgen/core/equation-solver.cpp[22;23;24;29m ...[0m
[34mCompiling [1mthirdparty/msdfgen/core/msdf-error-correction.cpp[22;23;24;29m ...[0m
[34mCompiling [1mthirdparty/msdfgen/core/msdfgen.cpp[22;23;24;29m ...[0m
[34mCompiling [1mthirdparty/msdfgen/core/rasterization.cpp[22;23;24;29m ...[0m
[34mCompiling [1mthirdparty/msdfgen/core/render-sdf.cpp[22;23;24;29m ...[0m
[34mCompiling [1mthirdparty/msdfgen/core/sdf-error-estimation.cpp[22;23;24;29m ...[0m
[34mCompiling [1mthirdparty/msdfgen/core/shape-description.cpp[22;23;24;29m ...[0m
[34mGenerating [1mplatform/android/export/logo_svg.gen.h[22;23;24;29m ...[0m
[34mGenerating [1mplatform/android/export/run_icon_svg.gen.h[22;23;24;29m ...[0m
[34mGenerating [1mplatform/ios/export/logo_svg.gen.h[22;23;24;29m ...[0m
[34mGenerating [1mplatform/ios/export/run_icon_svg.gen.h[22;23;24;29m ...[0m
[34mGenerating [1mplatform/linuxbsd/export/logo_svg.gen.h[22;23;24;29m ...[0m
[34mGenerating [1mplatform/linuxbsd/export/run_icon_svg.gen.h[22;23;24;29m ...[0m
[34mGenerating [1mplatform/macos/export/logo_svg.gen.h[22;23;24;29m ...[0m
[34mLinking Static Library [1mbin/obj/modules/msdfgen/libmsdfgen_builtin.ios.template_debug.arm64.simulator.a[22;23;24;29m ...[0m
[34mGenerating [1mplatform/macos/export/run_icon_svg.gen.h[22;23;24;29m ...[0m
[34mGenerating [1mplatform/visionos/export/logo_svg.gen.h[22;23;24;29m ...[0m
[34mGenerating [1mplatform/visionos/export/run_icon_svg.gen.h[22;23;24;29m ...[0m
[34mGenerating [1mplatform/web/export/logo_svg.gen.h[22;23;24;29m ...[0m
[34mGenerating [1mplatform/web/export/run_icon_svg.gen.h[22;23;24;29m ...[0m
[34mGenerating [1mplatform/windows/export/logo_svg.gen.h[22;23;24;29m ...[0m
[34mGenerating [1mplatform/windows/export/run_icon_svg.gen.h[22;23;24;29m ...[0m
[34mRanlib Library [1mbin/obj/modules/msdfgen/libmsdfgen_builtin.ios.template_debug.arm64.simulator.a[22;23;24;29m ...[0m
[34mGenerating [1mbin/libgodot.ios.template_debug.arm64.simulator.a[22;23;24;29m ...[0m
/Applications/Xcode_26.4.1.app/Contents/Developer/Toolchains/XcodeDefault.xctoolchain/usr/bin/libtool -static -o "/Users/runner/work/PartyDeck/PartyDeck/godot/ios-host/build/engine-checkouts/engine.NtRs53/bin/libgodot.ios.template_debug.arm64.simulator.a" "/Users/runner/work/PartyDeck/PartyDeck/godot/ios-host/build/engine-checkouts/engine.NtRs53/bin/obj/platform/ios/libios.ios.template_debug.arm64.simulator.a" "/Users/runner/work/PartyDeck/PartyDeck/godot/ios-host/build/engine-checkouts/engine.NtRs53/bin/obj/main/libmain.ios.template_debug.arm64.simulator.a" "/Users/runner/work/PartyDeck/PartyDeck/godot/ios-host/build/engine-checkouts/engine.NtRs53/bin/obj/modules/libmodules.ios.template_debug.arm64.simulator.a" "/Users/runner/work/PartyDeck/PartyDeck/godot/ios-host/build/engine-checkouts/engine.NtRs53/bin/obj/modules/libmodule_text_server_adv.ios.template_debug.arm64.simulator.a" "/Users/runner/work/PartyDeck/PartyDeck/godot/ios-host/build/engine-checkouts/engine.NtRs53/bin/obj/modules/libmodule_fbx.ios.template_debug.arm64.simulator.a" "/Users/runner/work/PartyDeck/PartyDeck/godot/ios-host/build/engine-checkouts/engine.NtRs53/bin/obj/modules/libmodule_gltf.ios.template_debug.arm64.simulator.a" "/Users/runner/work/PartyDeck/PartyDeck/godot/ios-host/build/engine-checkouts/engine.NtRs53/bin/obj/modules/libmodule_ktx.ios.template_debug.arm64.simulator.a" "/Users/runner/work/PartyDeck/PartyDeck/godot/ios-host/build/engine-checkouts/engine.NtRs53/bin/obj/modules/libmodule_svg.ios.template_debug.arm64.simulator.a" "/Users/runner/work/PartyDeck/PartyDeck/godot/ios-host/build/engine-checkouts/engine.NtRs53/bin/obj/modules/libmodule_theora.ios.template_debug.arm64.simulator.a" "/Users/runner/work/PartyDeck/PartyDeck/godot/ios-host/build/engine-checkouts/engine.NtRs53/bin/obj/modules/libmodule_vorbis.ios.template_debug.arm64.simulator.a" "/Users/runner/work/PartyDeck/PartyDeck/godot/ios-host/build/engine-checkouts/engine.NtRs53/bin/obj/modules/libmodule_astcenc.ios.template_debug.arm64.simulator.a" "/Users/runner/work/PartyDeck/PartyDeck/godot/ios-host/build/engine-checkouts/engine.NtRs53/bin/obj/modules/libmodule_basis_universal.ios.template_debug.arm64.simulator.a" "/Users/runner/work/PartyDeck/PartyDeck/godot/ios-host/build/engine-checkouts/engine.NtRs53/bin/obj/modules/libmodule_bcdec.ios.template_debug.arm64.simulator.a" "/Users/runner/work/PartyDeck/PartyDeck/godot/ios-host/build/engine-checkouts/engine.NtRs53/bin/obj/modules/libmodule_bmp.ios.template_debug.arm64.simulator.a" "/Users/runner/work/PartyDeck/PartyDeck/godot/ios-host/build/engine-checkouts/engine.NtRs53/bin/obj/modules/libmodule_camera.ios.template_debug.arm64.simulator.a" "/Users/runner/work/PartyDeck/PartyDeck/godot/ios-host/build/engine-checkouts/engine.NtRs53/bin/obj/modules/libmodule_csg.ios.template_debug.arm64.simulator.a" "/Users/runner/work/PartyDeck/PartyDeck/godot/ios-host/build/engine-checkouts/engine.NtRs53/bin/obj/modules/libmodule_dds.ios.template_debug.arm64.simulator.a" "/Users/runner/work/PartyDeck/PartyDeck/godot/ios-host/build/engine-checkouts/engine.NtRs53/bin/obj/modules/libmodule_enet.ios.template_debug.arm64.simulator.a" "/Users/runner/work/PartyDeck/PartyDeck/godot/ios-host/build/engine-checkouts/engine.NtRs53/bin/obj/modules/libmodule_etcpak.ios.template_debug.arm64.simulator.a" "/Users/runner/work/PartyDeck/PartyDeck/godot/ios-host/build/engine-checkouts/engine.NtRs53/bin/obj/modules/libmodule_gdscript.ios.template_debug.arm64.simulator.a" "/Users/runner/work/PartyDeck/PartyDeck/godot/ios-host/build/engine-checkouts/engine.NtRs53/bin/obj/modules/libmodule_godot_physics_2d.ios.template_debug.arm64.simulator.a" "/Users/runner/work/PartyDeck/PartyDeck/godot/ios-host/build/engine-checkouts/engine.NtRs53/bin/obj/modules/libmodule_godot_physics_3d.ios.template_debug.arm64.simulator.a" "/Users/runner/work/PartyDeck/PartyDeck/godot/ios-host/build/engine-checkouts/engine.NtRs53/bin/obj/modules/libmodule_gridmap.ios.template_debug.arm64.simulator.a" "/Users/runner/work/PartyDeck/PartyDeck/godot/ios-host/build/engine-checkouts/engine.NtRs53/bin/obj/modules/libmodule_hdr.ios.template_debug.arm64.simulator.a" "/Users/runner/work/PartyDeck/PartyDeck/godot/ios-host/build/engine-checkouts/engine.NtRs53/bin/obj/modules/libmodule_interactive_music.ios.template_debug.arm64.simulator.a" "/Users/runner/work/PartyDeck/PartyDeck/godot/ios-host/build/engine-checkouts/engine.NtRs53/bin/obj/modules/libmodule_jolt_physics.ios.template_debug.arm64.simulator.a" "/Users/runner/work/PartyDeck/PartyDeck/godot/ios-host/build/engine-checkouts/engine.NtRs53/bin/obj/modules/libmodule_jpg.ios.template_debug.arm64.simulator.a" "/Users/runner/work/PartyDeck/PartyDeck/godot/ios-host/build/engine-checkouts/engine.NtRs53/bin/obj/modules/libmodule_jsonrpc.ios.template_debug.arm64.simulator.a" "/Users/runner/work/PartyDeck/PartyDeck/godot/ios-host/build/engine-checkouts/engine.NtRs53/bin/obj/modules/libmodule_mbedtls.ios.template_debug.arm64.simulator.a" "/Users/runner/work/PartyDeck/PartyDeck/godot/ios-host/build/engine-checkouts/engine.NtRs53/bin/obj/modules/libmodule_meshoptimizer.ios.template_debug.arm64.simulator.a" "/Users/runner/work/PartyDeck/PartyDeck/godot/ios-host/build/engine-checkouts/engine.NtRs53/bin/obj/modules/libmodule_mobile_vr.ios.template_debug.arm64.simulator.a" "/Users/runner/work/PartyDeck/PartyDeck/godot/ios-host/build/engine-checkouts/engine.NtRs53/bin/obj/modules/libmodule_mp3.ios.template_debug.arm64.simulator.a" "/Users/runner/work/PartyDeck/PartyDeck/godot/ios-host/build/engine-checkouts/engine.NtRs53/bin/obj/modules/libmodule_multiplayer.ios.template_debug.arm64.simulator.a" "/Users/runner/work/PartyDeck/PartyDeck/godot/ios-host/build/engine-checkouts/engine.NtRs53/bin/obj/modules/libmodule_navigation_2d.ios.template_debug.arm64.simulator.a" "/Users/runner/work/PartyDeck/PartyDeck/godot/ios-host/build/engine-checkouts/engine.NtRs53/bin/obj/modules/libmodule_navigation_3d.ios.template_debug.arm64.simulator.a" "/Users/runner/work/PartyDeck/PartyDeck/godot/ios-host/build/engine-checkouts/engine.NtRs53/bin/obj/modules/libmodule_noise.ios.template_debug.arm64.simulator.a" "/Users/runner/work/PartyDeck/PartyDeck/godot/ios-host/build/engine-checkouts/engine.NtRs53/bin/obj/modules/libmodule_objectdb_profiler.ios.template_debug.arm64.simulator.a" "/Users/runner/work/PartyDeck/PartyDeck/godot/ios-host/build/engine-checkouts/engine.NtRs53/bin/obj/modules/libmodule_ogg.ios.template_debug.arm64.simulator.a" "/Users/runner/work/PartyDeck/PartyDeck/godot/ios-host/build/engine-checkouts/engine.NtRs53/bin/obj/modules/libmodule_raycast.ios.template_debug.arm64.simulator.a" "/Users/runner/work/PartyDeck/PartyDeck/godot/ios-host/build/engine-checkouts/engine.NtRs53/bin/obj/modules/libmodule_regex.ios.template_debug.arm64.simulator.a" "/Users/runner/work/PartyDeck/PartyDeck/godot/ios-host/build/engine-checkouts/engine.NtRs53/bin/obj/modules/libmodule_tga.ios.template_debug.arm64.simulator.a" "/Users/runner/work/PartyDeck/PartyDeck/godot/ios-host/build/engine-checkouts/engine.NtRs53/bin/obj/modules/libmodule_tinyexr.ios.template_debug.arm64.simulator.a" "/Users/runner/work/PartyDeck/PartyDeck/godot/ios-host/build/engine-checkouts/engine.NtRs53/bin/obj/modules/libmodule_upnp.ios.template_debug.arm64.simulator.a" "/Users/runner/work/PartyDeck/PartyDeck/godot/ios-host/build/engine-checkouts/engine.NtRs53/bin/obj/modules/libmodule_vhacd.ios.template_debug.arm64.simulator.a" "/Users/runner/work/PartyDeck/PartyDeck/godot/ios-host/build/engine-checkouts/engine.NtRs53/bin/obj/modules/libmodule_visual_shader.ios.template_debug.arm64.simulator.a" "/Users/runner/work/PartyDeck/PartyDeck/godot/ios-host/build/engine-checkouts/engine.NtRs53/bin/obj/modules/libmodule_webp.ios.template_debug.arm64.simulator.a" "/Users/runner/work/PartyDeck/PartyDeck/godot/ios-host/build/engine-checkouts/engine.NtRs53/bin/obj/modules/libmodule_webrtc.ios.template_debug.arm64.simulator.a" "/Users/runner/work/PartyDeck/PartyDeck/godot/ios-host/build/engine-checkouts/engine.NtRs53/bin/obj/modules/libmodule_websocket.ios.template_debug.arm64.simulator.a" "/Users/runner/work/PartyDeck/PartyDeck/godot/ios-host/build/engine-checkouts/engine.NtRs53/bin/obj/modules/libmodule_webxr.ios.template_debug.arm64.simulator.a" "/Users/runner/work/PartyDeck/PartyDeck/godot/ios-host/build/engine-checkouts/engine.NtRs53/bin/obj/modules/libmodule_zip.ios.template_debug.arm64.simulator.a" "/Users/runner/work/PartyDeck/PartyDeck/godot/ios-host/build/engine-checkouts/engine.NtRs53/bin/obj/modules/libmodule_partydeck_ios_probe.ios.template_debug.arm64.simulator.a" "/Users/runner/work/PartyDeck/PartyDeck/godot/ios-host/build/engine-checkouts/engine.NtRs53/bin/obj/platform/libplatform.ios.template_debug.arm64.simulator.a" "/Users/runner/work/PartyDeck/PartyDeck/godot/ios-host/build/engine-checkouts/engine.NtRs53/bin/obj/drivers/libdrivers.ios.template_debug.arm64.simulator.a" "/Users/runner/work/PartyDeck/PartyDeck/godot/ios-host/build/engine-checkouts/engine.NtRs53/bin/obj/scene/libscene.ios.template_debug.arm64.simulator.a" "/Users/runner/work/PartyDeck/PartyDeck/godot/ios-host/build/engine-checkouts/engine.NtRs53/bin/obj/servers/libservers.ios.template_debug.arm64.simulator.a" "/Users/runner/work/PartyDeck/PartyDeck/godot/ios-host/build/engine-checkouts/engine.NtRs53/bin/obj/core/libcore.ios.template_debug.arm64.simulator.a" "/Users/runner/work/PartyDeck/PartyDeck/godot/ios-host/build/engine-checkouts/engine.NtRs53/bin/obj/modules/freetype/libfreetype_builtin.ios.template_debug.arm64.simulator.a" "/Users/runner/work/PartyDeck/PartyDeck/godot/ios-host/build/engine-checkouts/engine.NtRs53/bin/obj/modules/msdfgen/libmsdfgen_builtin.ios.template_debug.arm64.simulator.a" "/Users/runner/work/PartyDeck/PartyDeck/godot/ios-host/build/engine-checkouts/engine.NtRs53/bin/obj/modules/text_server_adv/libharfbuzz_builtin.ios.template_debug.arm64.simulator.a" "/Users/runner/work/PartyDeck/PartyDeck/godot/ios-host/build/engine-checkouts/engine.NtRs53/bin/obj/modules/text_server_adv/libgraphite_builtin.ios.template_debug.arm64.simulator.a" "/Users/runner/work/PartyDeck/PartyDeck/godot/ios-host/build/engine-checkouts/engine.NtRs53/bin/obj/modules/text_server_adv/libicu_builtin.ios.template_debug.arm64.simulator.a"
[34mGenerating [1mservers/rendering/renderer_rd/shaders/area_lights_inc.glsl.gen.h[22;23;24;29m ...[0m
[34mGenerating [1mservers/rendering/renderer_rd/shaders/canvas_uniforms_inc.glsl.gen.h[22;23;24;29m ...[0m
[34mGenerating [1mservers/rendering/renderer_rd/shaders/cluster_data_inc.glsl.gen.h[22;23;24;29m ...[0m
[34mGenerating [1mservers/rendering/renderer_rd/shaders/environment/voxel_gi_sdf.glsl.gen.h[22;23;24;29m ...[0m
[34mGenerating [1mservers/rendering/renderer_rd/shaders/giprobe_write.glsl.gen.h[22;23;24;29m ...[0m
[34mGenerating [1mservers/rendering/renderer_rd/shaders/half_inc.glsl.gen.h[22;23;24;29m ...[0m
[34mGenerating [1mservers/rendering/renderer_rd/shaders/oct_inc.glsl.gen.h[22;23;24;29m ...[0m
[34mGenerating [1mservers/rendering/renderer_rd/shaders/samplers_inc.glsl.gen.h[22;23;24;29m ...[0m
[34mGenerating [1mservers/rendering/renderer_rd/shaders/scene_forward_aa_inc.glsl.gen.h[22;23;24;29m ...[0m
[34mGenerating [1mservers/rendering/renderer_rd/shaders/scene_forward_gi_inc.glsl.gen.h[22;23;24;29m ...[0m
[34mGenerating [1mservers/rendering/renderer_rd/shaders/scene_forward_lights_inc.glsl.gen.h[22;23;24;29m ...[0m
[34mGenerating [1mservers/rendering/renderer_rd/shaders/scene_forward_vertex_lights_inc.glsl.gen.h[22;23;24;29m ...[0m
libtool: warning: 'libmain.ios.template_debug.arm64.simulator.a(steam_tracker.ios.template_debug.arm64.simulator.o)' has no symbols
libtool: warning: 'libmodule_vorbis.ios.template_debug.arm64.simulator.a(lookup.ios.template_debug.arm64.simulator.o)' has no symbols
libtool: warning: 'libmodule_astcenc.ios.template_debug.arm64.simulator.a(astcenc_averages_and_directions.ios.template_debug.arm64.simulator.o)' has no symbols
libtool: warning: 'libmodule_astcenc.ios.template_debug.arm64.simulator.a(astcenc_color_quantize.ios.template_debug.arm64.simulator.o)' has no symbols
libtool: warning: 'libmodule_astcenc.ios.template_debug.arm64.simulator.a(astcenc_compress_symbolic.ios.template_debug.arm64.simulator.o)' has no symbols
libtool: warning: 'libmodule_astcenc.ios.template_debug.arm64.simulator.a(astcenc_compute_variance.ios.template_debug.arm64.simulator.o)' has no symbols
libtool: warning: 'libmodule_astcenc.ios.template_debug.arm64.simulator.a(astcenc_diagnostic_trace.ios.template_debug.arm64.simulator.o)' has no symbols
libtool: warning: 'libmodule_astcenc.ios.template_debug.arm64.simulator.a(astcenc_find_best_partitioning.ios.template_debug.arm64.simulator.o)' has no symbols
libtool: warning: 'libmodule_astcenc.ios.template_debug.arm64.simulator.a(astcenc_ideal_endpoints_and_weights.ios.template_debug.arm64.simulator.o)' has no symbols
libtool: warning: 'libmodule_astcenc.ios.template_debug.arm64.simulator.a(astcenc_pick_best_endpoint_format.ios.template_debug.arm64.simulator.o)' has no symbols
libtool: warning: 'libmodule_astcenc.ios.template_debug.arm64.simulator.a(astcenc_weight_align.ios.template_debug.arm64.simulator.o)' has no symbols
libtool: warning: 'libmodule_etcpak.ios.template_debug.arm64.simulator.a(image_compress_etcpak.ios.template_debug.arm64.simulator.o)' has no symbols
libtool: warning: 'libmodule_jpg.ios.template_debug.arm64.simulator.a(jpeg_nbits.ios.template_debug.arm64.simulator.o)' has no symbols
libtool: warning: 'libmodule_mbedtls.ios.template_debug.arm64.simulator.a(aesce.ios.template_debug.arm64.simulator.o)' has no symbols
libtool: warning: 'libmodule_mbedtls.ios.template_debug.arm64.simulator.a(aesni.ios.template_debug.arm64.simulator.o)' has no symbols
libtool: warning: 'libmodule_mbedtls.ios.template_debug.arm64.simulator.a(bignum_mod_raw.ios.template_debug.arm64.simulator.o)' has no symbols
libtool: warning: 'libmodule_mbedtls.ios.template_debug.arm64.simulator.a(des.ios.template_debug.arm64.simulator.o)' has no symbols
libtool: warning: 'libmodule_mbedtls.ios.template_debug.arm64.simulator.a(dhm.ios.template_debug.arm64.simulator.o)' has no symbols
libtool: warning: 'libmodule_mbedtls.ios.template_debug.arm64.simulator.a(entropy_poll.ios.template_debug.arm64.simulator.o)' has no symbols
libtool: warning: 'libmodule_mbedtls.ios.template_debug.arm64.simulator.a(memory_buffer_alloc.ios.template_debug.arm64.simulator.o)' has no symbols
libtool: warning: 'libmodule_mbedtls.ios.template_debug.arm64.simulator.a(mps_trace.ios.template_debug.arm64.simulator.o)' has no symbols
libtool: warning: 'libmodule_mbedtls.ios.template_debug.arm64.simulator.a(padlock.ios.template_debug.arm64.simulator.o)' has no symbols
libtool: warning: 'libmodule_mbedtls.ios.template_debug.arm64.simulator.a(psa_crypto_ffdh.ios.template_debug.arm64.simulator.o)' has no symbols
libtool: warning: 'libmodule_mbedtls.ios.template_debug.arm64.simulator.a(psa_crypto_se.ios.template_debug.arm64.simulator.o)' has no symbols
libtool: warning: 'libmodule_navigation_3d.ios.template_debug.arm64.simulator.a(RecastAssert.ios.template_debug.arm64.simulator.o)' has no symbols
libtool: warning: 'libmodule_raycast.ios.template_debug.arm64.simulator.a(constants.ios.template_debug.arm64.simulator.o)' has no symbols
libtool: warning: 'libmodule_raycast.ios.template_debug.arm64.simulator.a(bvh8_factory.ios.template_debug.arm64.simulator.o)' has no symbols
libtool: warning: 'libmodule_raycast.ios.template_debug.arm64.simulator.a(lightmap_raycaster_embree.ios.template_debug.arm64.simulator.o)' has no symbols
libtool: warning: 'libmodule_raycast.ios.template_debug.arm64.simulator.a(static_raycaster_embree.ios.template_debug.arm64.simulator.o)' has no symbols
libtool: warning: 'libmodule_webrtc.ios.template_debug.arm64.simulator.a(webrtc_data_channel_js.ios.template_debug.arm64.simulator.o)' has no symbols
libtool: warning: 'libmodule_webrtc.ios.template_debug.arm64.simulator.a(webrtc_peer_connection_js.ios.template_debug.arm64.simulator.o)' has no symbols
libtool: warning: 'libmodule_websocket.ios.template_debug.arm64.simulator.a(emws_peer.ios.template_debug.arm64.simulator.o)' has no symbols
libtool: warning: 'libmodule_webxr.ios.template_debug.arm64.simulator.a(webxr_interface_js.ios.template_debug.arm64.simulator.o)' has no symbols
libtool: warning: 'libdrivers.ios.template_debug.arm64.simulator.a(dir_access_windows.ios.template_debug.arm64.simulator.o)' has no symbols
libtool: warning: 'libdrivers.ios.template_debug.arm64.simulator.a(file_access_windows.ios.template_debug.arm64.simulator.o)' has no symbols
libtool: warning: 'libdrivers.ios.template_debug.arm64.simulator.a(file_access_windows_pipe.ios.template_debug.arm64.simulator.o)' has no symbols
libtool: warning: 'libdrivers.ios.template_debug.arm64.simulator.a(ip_windows.ios.template_debug.arm64.simulator.o)' has no symbols
libtool: warning: 'libdrivers.ios.template_debug.arm64.simulator.a(net_socket_winsock.ios.template_debug.arm64.simulator.o)' has no symbols
libtool: warning: 'libdrivers.ios.template_debug.arm64.simulator.a(thread_windows.ios.template_debug.arm64.simulator.o)' has no symbols
libtool: warning: 'libdrivers.ios.template_debug.arm64.simulator.a(audio_driver_alsa.ios.template_debug.arm64.simulator.o)' has no symbols
libtool: warning: 'libdrivers.ios.template_debug.arm64.simulator.a(audio_driver_pulseaudio.ios.template_debug.arm64.simulator.o)' has no symbols
libtool: warning: 'libdrivers.ios.template_debug.arm64.simulator.a(rendering_context_driver_vulkan_apple_embedded.ios.template_debug.arm64.simulator.o)' has no symbols
libtool: warning: 'libdrivers.ios.template_debug.arm64.simulator.a(midi_driver_alsamidi.ios.template_debug.arm64.simulator.o)' has no symbols
libtool: warning: 'libdrivers.ios.template_debug.arm64.simulator.a(midi_driver_winmidi.ios.template_debug.arm64.simulator.o)' has no symbols
libtool: warning: 'libdrivers.ios.template_debug.arm64.simulator.a(egl_manager.ios.template_debug.arm64.simulator.o)' has no symbols
libtool: warning: 'libscene.ios.template_debug.arm64.simulator.a(scene_tree_fti_tests.ios.template_debug.arm64.simulator.o)' has no symbols
libtool: warning: 'libservers.ios.template_debug.arm64.simulator.a(metal_fx.ios.template_debug.arm64.simulator.o)' has no symbols
libtool: warning: 'libcore.ios.template_debug.arm64.simulator.a(threading.ios.template_debug.arm64.simulator.o)' has no symbols
libtool: warning: 'libcore.ios.template_debug.arm64.simulator.a(thread.ios.template_debug.arm64.simulator.o)' has no symbols
libtool: warning: 'libcore.ios.template_debug.arm64.simulator.a(gdextension_interface_header_generator.ios.template_debug.arm64.simulator.o)' has no symbols
libtool: warning: 'libharfbuzz_builtin.ios.template_debug.arm64.simulator.a(hb-raster.ios.template_debug.arm64.simulator.o)' has no symbols
libtool: warning: 'libgraphite_builtin.ios.template_debug.arm64.simulator.a(FileFace.ios.template_debug.arm64.simulator.o)' has no symbols
libtool: warning: 'libgraphite_builtin.ios.template_debug.arm64.simulator.a(json.ios.template_debug.arm64.simulator.o)' has no symbols
libtool: warning: 'libicu_builtin.ios.template_debug.arm64.simulator.a(cwchar.ios.template_debug.arm64.simulator.o)' has no symbols
libtool: warning: 'libicu_builtin.ios.template_debug.arm64.simulator.a(icuplug.ios.template_debug.arm64.simulator.o)' has no symbols
libtool: warning: 'libicu_builtin.ios.template_debug.arm64.simulator.a(locdspnm.ios.template_debug.arm64.simulator.o)' has no symbols
libtool: warning: 'libicu_builtin.ios.template_debug.arm64.simulator.a(locutil.ios.template_debug.arm64.simulator.o)' has no symbols
libtool: warning: 'libicu_builtin.ios.template_debug.arm64.simulator.a(messagepattern.ios.template_debug.arm64.simulator.o)' has no symbols
libtool: warning: 'libicu_builtin.ios.template_debug.arm64.simulator.a(punycode.ios.template_debug.arm64.simulator.o)' has no symbols
libtool: warning: 'libicu_builtin.ios.template_debug.arm64.simulator.a(restrace.ios.template_debug.arm64.simulator.o)' has no symbols
libtool: warning: 'libicu_builtin.ios.template_debug.arm64.simulator.a(serv.ios.template_debug.arm64.simulator.o)' has no symbols
libtool: warning: 'libicu_builtin.ios.template_debug.arm64.simulator.a(servlk.ios.template_debug.arm64.simulator.o)' has no symbols
libtool: warning: 'libicu_builtin.ios.template_debug.arm64.simulator.a(servlkf.ios.template_debug.arm64.simulator.o)' has no symbols
libtool: warning: 'libicu_builtin.ios.template_debug.arm64.simulator.a(servls.ios.template_debug.arm64.simulator.o)' has no symbols
libtool: warning: 'libicu_builtin.ios.template_debug.arm64.simulator.a(servnotf.ios.template_debug.arm64.simulator.o)' has no symbols
libtool: warning: 'libicu_builtin.ios.template_debug.arm64.simulator.a(servrbf.ios.template_debug.arm64.simulator.o)' has no symbols
libtool: warning: 'libicu_builtin.ios.template_debug.arm64.simulator.a(servslkf.ios.template_debug.arm64.simulator.o)' has no symbols
libtool: warning: 'libicu_builtin.ios.template_debug.arm64.simulator.a(static_unicode_sets.ios.template_debug.arm64.simulator.o)' has no symbols
libtool: warning: 'libicu_builtin.ios.template_debug.arm64.simulator.a(ucnv.ios.template_debug.arm64.simulator.o)' has no symbols
libtool: warning: 'libicu_builtin.ios.template_debug.arm64.simulator.a(ucnv2022.ios.template_debug.arm64.simulator.o)' has no symbols
libtool: warning: 'libicu_builtin.ios.template_debug.arm64.simulator.a(ucnv_bld.ios.template_debug.arm64.simulator.o)' has no symbols
libtool: warning: 'libicu_builtin.ios.template_debug.arm64.simulator.a(ucnv_cb.ios.template_debug.arm64.simulator.o)' has no symbols
libtool: warning: 'libicu_builtin.ios.template_debug.arm64.simulator.a(ucnv_cnv.ios.template_debug.arm64.simulator.o)' has no symbols
libtool: warning: 'libicu_builtin.ios.template_debug.arm64.simulator.a(ucnv_ct.ios.template_debug.arm64.simulator.o)' has no symbols
libtool: warning: 'libicu_builtin.ios.template_debug.arm64.simulator.a(ucnv_err.ios.template_debug.arm64.simulator.o)' has no symbols
libtool: warning: 'libicu_builtin.ios.template_debug.arm64.simulator.a(ucnv_ext.ios.template_debug.arm64.simulator.o)' has no symbols
libtool: warning: 'libicu_builtin.ios.template_debug.arm64.simulator.a(ucnv_io.ios.template_debug.arm64.simulator.o)' has no symbols
libtool: warning: 'libicu_builtin.ios.template_debug.arm64.simulator.a(ucnv_lmb.ios.template_debug.arm64.simulator.o)' has no symbols
libtool: warning: 'libicu_builtin.ios.template_debug.arm64.simulator.a(ucnv_set.ios.template_debug.arm64.simulator.o)' has no symbols
libtool: warning: 'libicu_builtin.ios.template_debug.arm64.simulator.a(ucnv_u16.ios.template_debug.arm64.simulator.o)' has no symbols
libtool: warning: 'libicu_builtin.ios.template_debug.arm64.simulator.a(ucnv_u32.ios.template_debug.arm64.simulator.o)' has no symbols
libtool: warning: 'libicu_builtin.ios.template_debug.arm64.simulator.a(ucnv_u7.ios.template_debug.arm64.simulator.o)' has no symbols
libtool: warning: 'libicu_builtin.ios.template_debug.arm64.simulator.a(ucnv_u8.ios.template_debug.arm64.simulator.o)' has no symbols
libtool: warning: 'libicu_builtin.ios.template_debug.arm64.simulator.a(ucnvbocu.ios.template_debug.arm64.simulator.o)' has no symbols
libtool: warning: 'libicu_builtin.ios.template_debug.arm64.simulator.a(ucnvdisp.ios.template_debug.arm64.simulator.o)' has no symbols
libtool: warning: 'libicu_builtin.ios.template_debug.arm64.simulator.a(ucnvhz.ios.template_debug.arm64.simulator.o)' has no symbols
libtool: warning: 'libicu_builtin.ios.template_debug.arm64.simulator.a(ucnvisci.ios.template_debug.arm64.simulator.o)' has no symbols
libtool: warning: 'libicu_builtin.ios.template_debug.arm64.simulator.a(ucnvlat1.ios.template_debug.arm64.simulator.o)' has no symbols
libtool: warning: 'libicu_builtin.ios.template_debug.arm64.simulator.a(ucnvmbcs.ios.template_debug.arm64.simulator.o)' has no symbols
libtool: warning: 'libicu_builtin.ios.template_debug.arm64.simulator.a(ucnvscsu.ios.template_debug.arm64.simulator.o)' has no symbols
libtool: warning: 'libicu_builtin.ios.template_debug.arm64.simulator.a(ucnvsel.ios.template_debug.arm64.simulator.o)' has no symbols
libtool: warning: 'libicu_builtin.ios.template_debug.arm64.simulator.a(ucol_swp.ios.template_debug.arm64.simulator.o)' has no symbols
libtool: warning: 'libicu_builtin.ios.template_debug.arm64.simulator.a(ucurr.ios.template_debug.arm64.simulator.o)' has no symbols
libtool: warning: 'libicu_builtin.ios.template_debug.arm64.simulator.a(uidna.ios.template_debug.arm64.simulator.o)' has no symbols
libtool: warning: 'libicu_builtin.ios.template_debug.arm64.simulator.a(unistr_cnv.ios.template_debug.arm64.simulator.o)' has no symbols
libtool: warning: 'libicu_builtin.ios.template_debug.arm64.simulator.a(usprep.ios.template_debug.arm64.simulator.o)' has no symbols
libtool: warning: 'libicu_builtin.ios.template_debug.arm64.simulator.a(ustr_cnv.ios.template_debug.arm64.simulator.o)' has no symbols
libtool: warning: 'libicu_builtin.ios.template_debug.arm64.simulator.a(uts46.ios.template_debug.arm64.simulator.o)' has no symbols
libtool: warning: 'libicu_builtin.ios.template_debug.arm64.simulator.a(wintz.ios.template_debug.arm64.simulator.o)' has no symbols
scons: done building targets.
[90m[1mINFO:[22;23;24;29m Time elapsed: 00:17:21.97[0m
