2026-09-10T10:10:37.9660620Z Current runner version: '2.337.0'
2026-09-10T10:10:37.9690550Z ##[group]Runner Image Provisioner
2026-09-10T10:10:37.9691220Z Hosted Compute Agent
2026-09-10T10:10:37.9691590Z Version: 20260828.587
2026-09-10T10:10:37.9691980Z Commit: abac92662cab4cc7352de4f9f9d2e2419aad9c29
2026-09-10T10:10:37.9692560Z Build Date: 2026-08-28T16:44:25Z
2026-09-10T10:10:37.9693000Z Worker ID: {920a59f0-77e2-443b-9fd4-3733762f3b71}
2026-09-10T10:10:37.9693450Z Azure Region: westus
2026-09-10T10:10:37.9693810Z ##[endgroup]
2026-09-10T10:10:37.9694740Z ##[group]Operating System
2026-09-10T10:10:37.9695190Z macOS
2026-09-10T10:10:37.9695660Z 26.6.2
2026-09-10T10:10:37.9696010Z 25G83
2026-09-10T10:10:37.9696970Z ##[endgroup]
2026-09-10T10:10:37.9697370Z ##[group]Runner Image
2026-09-10T10:10:37.9697830Z Image: macos-26-arm64
2026-09-10T10:10:37.9698280Z Version: 20260831.0337.3
2026-09-10T10:10:37.9699430Z Included Software: https://github.com/actions/runner-images/blob/macos-26-arm64/20260831.0337/images/macos/macos-26-arm64-Readme.md
2026-09-10T10:10:37.9701850Z Image Release: https://github.com/actions/runner-images/releases/tag/macos-26-arm64%2F20260831.0337
2026-09-10T10:10:37.9702550Z ##[endgroup]
2026-09-10T10:10:37.9704220Z ##[group]GITHUB_TOKEN Permissions
2026-09-10T10:10:37.9707580Z Contents: read
2026-09-10T10:10:37.9708010Z Metadata: read
2026-09-10T10:10:37.9708900Z ##[endgroup]
2026-09-10T10:10:37.9712070Z Secret source: Actions
2026-09-10T10:10:37.9714050Z Cache mode: write
2026-09-10T10:10:37.9715370Z Prepare workflow directory
2026-09-10T10:10:38.0237110Z Prepare all required actions
2026-09-10T10:10:38.0280870Z Getting action download info
2026-09-10T10:10:38.1869080Z Download action repository 'actions/checkout@3d3c42e5aac5ba805825da76410c181273ba90b1' (SHA:3d3c42e5aac5ba805825da76410c181273ba90b1)
2026-09-10T10:10:38.5824610Z Download action repository 'actions/download-artifact@3e5f45b2cfb9172054b4087a40e8e0b5a5461e7c' (SHA:3e5f45b2cfb9172054b4087a40e8e0b5a5461e7c)
2026-09-10T10:10:39.5081480Z Complete job name: Retained native engine / test
2026-09-10T10:10:39.5624880Z ##[group]Run actions/checkout@3d3c42e5aac5ba805825da76410c181273ba90b1
2026-09-10T10:10:39.5625570Z with:
2026-09-10T10:10:39.5625880Z   persist-credentials: false
2026-09-10T10:10:39.5626260Z   repository: Apdelrahman1911/PartyDeck
2026-09-10T10:10:39.5629020Z   token: ***
2026-09-10T10:10:39.5629330Z   ssh-strict: true
2026-09-10T10:10:39.5629630Z   ssh-user: git
2026-09-10T10:10:39.5629920Z   clean: true
2026-09-10T10:10:39.5630240Z   sparse-checkout-cone-mode: true
2026-09-10T10:10:39.5630590Z   fetch-depth: 1
2026-09-10T10:10:39.5630890Z   fetch-tags: false
2026-09-10T10:10:39.5631180Z   show-progress: true
2026-09-10T10:10:39.5631500Z   lfs: false
2026-09-10T10:10:39.5631780Z   submodules: false
2026-09-10T10:10:39.5632090Z   set-safe-directory: true
2026-09-10T10:10:39.5632430Z   allow-unsafe-pr-checkout: false
2026-09-10T10:10:39.5632870Z env:
2026-09-10T10:10:39.5633250Z   DEVELOPER_DIR: /Applications/Xcode_26.4.1.app/Contents/Developer
2026-09-10T10:10:39.5633770Z   PARTYDECK_RETAINED_CI_STAGE: test
2026-09-10T10:10:39.5634520Z   PARTYDECK_GODOT_RETAINED_FRAMEWORK: /Users/runner/work/PartyDeck/PartyDeck/godot/ios-host/build/framework-input/PartyDeckGodotBridge.framework
2026-09-10T10:10:39.5635660Z   PARTYDECK_GODOT_RETAINED_FRAMEWORK_RECEIPT: /Users/runner/work/PartyDeck/PartyDeck/godot/ios-host/build/evidence/authority-framework-result.json
2026-09-10T10:10:39.5636790Z   PARTYDECK_GODOT_RETAINED_PCK: /Users/runner/work/PartyDeck/PartyDeck/godot/ios-host/build/retained-inputs/renderer/partydeck-last-light.pck
2026-09-10T10:10:39.5637530Z ##[endgroup]
2026-09-10T10:10:40.0621570Z Syncing repository: Apdelrahman1911/PartyDeck
2026-09-10T10:10:40.0623170Z ##[group]Getting Git version info
2026-09-10T10:10:40.0623710Z Working directory is '/Users/runner/work/PartyDeck/PartyDeck'
2026-09-10T10:10:40.0624570Z [command]/opt/homebrew/bin/git version
2026-09-10T10:10:40.0920300Z git version 2.55.0
2026-09-10T10:10:40.1011060Z ##[endgroup]
2026-09-10T10:10:40.1016220Z Copying '/Users/runner/.gitconfig' to '/Users/runner/work/_temp/005c21c9-1826-43a7-8c5c-782a6ad15cbb/.gitconfig'
2026-09-10T10:10:40.1017420Z Temporarily overriding HOME='/Users/runner/work/_temp/005c21c9-1826-43a7-8c5c-782a6ad15cbb' before making global git config changes
2026-09-10T10:10:40.1018450Z Adding repository directory to the temporary git global config as a safe directory
2026-09-10T10:10:40.1019490Z [command]/opt/homebrew/bin/git config --global --add safe.directory /Users/runner/work/PartyDeck/PartyDeck
2026-09-10T10:10:40.1115890Z Deleting the contents of '/Users/runner/work/PartyDeck/PartyDeck'
2026-09-10T10:10:40.1118280Z ##[group]Determining repository object format
2026-09-10T10:10:40.1120880Z ##[endgroup]
2026-09-10T10:10:40.1122780Z ##[group]Initializing the repository
2026-09-10T10:10:40.1126680Z [command]/opt/homebrew/bin/git init /Users/runner/work/PartyDeck/PartyDeck
2026-09-10T10:10:40.1401080Z hint: Using 'master' as the name for the initial branch. This default branch name
2026-09-10T10:10:40.1403760Z hint: will change to "main" in Git 3.0. To configure the initial branch name
2026-09-10T10:10:40.1404970Z hint: to use in all of your new repositories, which will suppress this warning,
2026-09-10T10:10:40.1405700Z hint: call:
2026-09-10T10:10:40.1406200Z hint:
2026-09-10T10:10:40.1406830Z hint: 	git config --global init.defaultBranch <name>
2026-09-10T10:10:40.1407490Z hint:
2026-09-10T10:10:40.1408150Z hint: Names commonly chosen instead of 'master' are 'main', 'trunk' and
2026-09-10T10:10:40.1409030Z hint: 'development'. The just-created branch can be renamed via this command:
2026-09-10T10:10:40.1409750Z hint:
2026-09-10T10:10:40.1410250Z hint: 	git branch -m <name>
2026-09-10T10:10:40.1410710Z hint:
2026-09-10T10:10:40.1411250Z hint: Disable this message with "git config set advice.defaultBranchName false"
2026-09-10T10:10:40.1412280Z Initialized empty Git repository in /Users/runner/work/PartyDeck/PartyDeck/.git/
2026-09-10T10:10:40.1414860Z [command]/opt/homebrew/bin/git remote add origin https://github.com/Apdelrahman1911/PartyDeck
2026-09-10T10:10:40.1499120Z ##[endgroup]
2026-09-10T10:10:40.1502500Z ##[group]Disabling automatic garbage collection
2026-09-10T10:10:40.1503110Z [command]/opt/homebrew/bin/git config --local gc.auto 0
2026-09-10T10:10:40.1763610Z ##[endgroup]
2026-09-10T10:10:40.2160000Z ##[group]Setting up auth
2026-09-10T10:10:40.2262310Z Removing SSH command configuration
2026-09-10T10:10:40.2498320Z [command]/opt/homebrew/bin/git config --local --name-only --get-regexp core\.sshCommand
2026-09-10T10:10:40.2503730Z [command]/opt/homebrew/bin/git submodule foreach --recursive sh -c "git config --local --name-only --get-regexp 'core\.sshCommand' && git config --local --unset-all 'core.sshCommand' || :"
2026-09-10T10:10:40.3667130Z Removing HTTP extra header
2026-09-10T10:10:40.3671650Z [command]/opt/homebrew/bin/git config --local --name-only --get-regexp http\.https\:\/\/github\.com\/\.extraheader
2026-09-10T10:10:40.3743340Z [command]/opt/homebrew/bin/git submodule foreach --recursive sh -c "git config --local --name-only --get-regexp 'http\.https\:\/\/github\.com\/\.extraheader' && git config --local --unset-all 'http.https://github.com/.extraheader' || :"
2026-09-10T10:10:40.5119340Z Removing includeIf entries pointing to credentials config files
2026-09-10T10:10:40.5222870Z [command]/opt/homebrew/bin/git config --local --name-only --get-regexp ^includeIf\.gitdir:
2026-09-10T10:10:40.5535590Z [command]/opt/homebrew/bin/git submodule foreach --recursive git config --local --show-origin --name-only --get-regexp remote.origin.url
2026-09-10T10:10:40.7672230Z [command]/opt/homebrew/bin/git config --file /Users/runner/work/_temp/git-credentials-dc33570a-f5a7-4684-9e6a-79e331467967.config http.https://github.com/.extraheader AUTHORIZATION: basic ***
2026-09-10T10:10:40.7730610Z [command]/opt/homebrew/bin/git config --local includeIf.gitdir:/Users/runner/work/PartyDeck/PartyDeck/.git.path /Users/runner/work/_temp/git-credentials-dc33570a-f5a7-4684-9e6a-79e331467967.config
2026-09-10T10:10:40.7741360Z [command]/opt/homebrew/bin/git config --local includeIf.gitdir:/Users/runner/work/PartyDeck/PartyDeck/.git/worktrees/*.path /Users/runner/work/_temp/git-credentials-dc33570a-f5a7-4684-9e6a-79e331467967.config
2026-09-10T10:10:40.7751740Z [command]/opt/homebrew/bin/git config --local includeIf.gitdir:/github/workspace/.git.path /github/runner_temp/git-credentials-dc33570a-f5a7-4684-9e6a-79e331467967.config
2026-09-10T10:10:40.7790710Z [command]/opt/homebrew/bin/git config --local includeIf.gitdir:/github/workspace/.git/worktrees/*.path /github/runner_temp/git-credentials-dc33570a-f5a7-4684-9e6a-79e331467967.config
2026-09-10T10:10:40.7862910Z ##[endgroup]
2026-09-10T10:10:40.7864790Z ##[group]Fetching the repository
2026-09-10T10:10:40.7867840Z [command]/opt/homebrew/bin/git -c protocol.version=2 fetch --no-tags --prune --no-recurse-submodules --depth=1 origin +ea84bf49e799675c181545cc3511460b11e0e23d:refs/remotes/origin/main
2026-09-10T10:10:50.2040820Z From https://github.com/Apdelrahman1911/PartyDeck
2026-09-10T10:10:50.2047890Z  * [new ref]         ea84bf49e799675c181545cc3511460b11e0e23d -> origin/main
2026-09-10T10:10:50.2106290Z [command]/opt/homebrew/bin/git branch --list --remote origin/main
2026-09-10T10:10:50.2285540Z   origin/main
2026-09-10T10:10:50.2288680Z [command]/opt/homebrew/bin/git rev-parse refs/remotes/origin/main
2026-09-10T10:10:50.2397680Z ea84bf49e799675c181545cc3511460b11e0e23d
2026-09-10T10:10:50.2411100Z ##[endgroup]
2026-09-10T10:10:50.2417010Z ##[group]Determining the checkout info
2026-09-10T10:10:50.2418900Z ##[endgroup]
2026-09-10T10:10:50.2439590Z [command]/opt/homebrew/bin/git sparse-checkout disable
2026-09-10T10:10:50.2707270Z [command]/opt/homebrew/bin/git config --local --unset-all extensions.worktreeConfig
2026-09-10T10:10:50.2908220Z ##[group]Checking out the ref
2026-09-10T10:10:50.2911330Z [command]/opt/homebrew/bin/git checkout --progress --force -B main refs/remotes/origin/main
2026-09-10T10:10:51.4703840Z Updating files:  43% (2507/5718)
2026-09-10T10:10:51.4927620Z Updating files:  44% (2516/5718)
2026-09-10T10:10:51.5743870Z Updating files:  45% (2574/5718)
2026-09-10T10:10:51.6003240Z Updating files:  46% (2631/5718)
2026-09-10T10:10:51.7047360Z Updating files:  47% (2688/5718)
2026-09-10T10:10:51.7384160Z Updating files:  48% (2745/5718)
2026-09-10T10:10:51.7978380Z Updating files:  49% (2802/5718)
2026-09-10T10:10:51.8333100Z Updating files:  50% (2859/5718)
2026-09-10T10:10:51.8537880Z Updating files:  51% (2917/5718)
2026-09-10T10:10:51.9143420Z Updating files:  52% (2974/5718)
2026-09-10T10:10:51.9321300Z Updating files:  53% (3031/5718)
2026-09-10T10:10:51.9951520Z Updating files:  54% (3088/5718)
2026-09-10T10:10:52.0131060Z Updating files:  55% (3145/5718)
2026-09-10T10:10:52.0547560Z Updating files:  56% (3203/5718)
2026-09-10T10:10:52.0919180Z Updating files:  57% (3260/5718)
2026-09-10T10:10:52.1111960Z Updating files:  58% (3317/5718)
2026-09-10T10:10:52.1371420Z Updating files:  59% (3374/5718)
2026-09-10T10:10:52.1522970Z Updating files:  60% (3431/5718)
2026-09-10T10:10:52.1664790Z Updating files:  61% (3488/5718)
2026-09-10T10:10:52.1857640Z Updating files:  62% (3546/5718)
2026-09-10T10:10:52.2020230Z Updating files:  63% (3603/5718)
2026-09-10T10:10:52.2227190Z Updating files:  64% (3660/5718)
2026-09-10T10:10:52.2455100Z Updating files:  65% (3717/5718)
2026-09-10T10:10:52.2625130Z Updating files:  66% (3774/5718)
2026-09-10T10:10:52.4336990Z Updating files:  67% (3832/5718)
2026-09-10T10:10:52.4515420Z Updating files:  67% (3845/5718)
2026-09-10T10:10:52.4918430Z Updating files:  68% (3889/5718)
2026-09-10T10:10:52.8228150Z Updating files:  69% (3946/5718)
2026-09-10T10:10:52.8436670Z Updating files:  70% (4003/5718)
2026-09-10T10:10:53.1397980Z Updating files:  71% (4060/5718)
2026-09-10T10:10:53.2661820Z Updating files:  72% (4117/5718)
2026-09-10T10:10:53.3394290Z Updating files:  73% (4175/5718)
2026-09-10T10:10:53.3581540Z Updating files:  73% (4197/5718)
2026-09-10T10:10:53.3777660Z Updating files:  74% (4232/5718)
2026-09-10T10:10:53.4333470Z Updating files:  75% (4289/5718)
2026-09-10T10:10:53.4663320Z Updating files:  76% (4346/5718)
2026-09-10T10:10:53.4807170Z Updating files:  77% (4403/5718)
2026-09-10T10:10:53.7422900Z Updating files:  78% (4461/5718)
2026-09-10T10:10:53.7696570Z Updating files:  79% (4518/5718)
2026-09-10T10:10:53.7879480Z Updating files:  80% (4575/5718)
2026-09-10T10:10:53.8088670Z Updating files:  81% (4632/5718)
2026-09-10T10:10:53.8435890Z Updating files:  82% (4689/5718)
2026-09-10T10:10:53.8749290Z Updating files:  83% (4746/5718)
2026-09-10T10:10:53.8885730Z Updating files:  84% (4804/5718)
2026-09-10T10:10:53.8995720Z Updating files:  85% (4861/5718)
2026-09-10T10:10:53.9153280Z Updating files:  86% (4918/5718)
2026-09-10T10:10:53.9326680Z Updating files:  87% (4975/5718)
2026-09-10T10:10:53.9448260Z Updating files:  88% (5032/5718)
2026-09-10T10:10:53.9625630Z Updating files:  89% (5090/5718)
2026-09-10T10:10:53.9839400Z Updating files:  90% (5147/5718)
2026-09-10T10:10:54.0006240Z Updating files:  91% (5204/5718)
2026-09-10T10:10:54.0672930Z Updating files:  92% (5261/5718)
2026-09-10T10:10:54.0900170Z Updating files:  93% (5318/5718)
2026-09-10T10:10:54.1068750Z Updating files:  94% (5375/5718)
2026-09-10T10:10:54.1401200Z Updating files:  95% (5433/5718)
2026-09-10T10:10:54.1708720Z Updating files:  96% (5490/5718)
2026-09-10T10:10:54.1809630Z Updating files:  97% (5547/5718)
2026-09-10T10:10:54.1892650Z Updating files:  98% (5604/5718)
2026-09-10T10:10:54.1980180Z Updating files:  99% (5661/5718)
2026-09-10T10:10:54.1982390Z Updating files: 100% (5718/5718)
2026-09-10T10:10:54.1982920Z Updating files: 100% (5718/5718), done.
2026-09-10T10:10:54.2121730Z Switched to a new branch 'main'
2026-09-10T10:10:54.2136170Z branch 'main' set up to track 'origin/main'.
2026-09-10T10:10:54.2357110Z ##[endgroup]
2026-09-10T10:10:54.2689360Z [command]/opt/homebrew/bin/git log -1 --format=%H
2026-09-10T10:10:54.2822280Z ea84bf49e799675c181545cc3511460b11e0e23d
2026-09-10T10:10:54.2894920Z ##[group]Removing auth
2026-09-10T10:10:54.2902820Z Removing SSH command configuration
2026-09-10T10:10:54.2905390Z [command]/opt/homebrew/bin/git config --local --name-only --get-regexp core\.sshCommand
2026-09-10T10:10:54.3009150Z [command]/opt/homebrew/bin/git submodule foreach --recursive sh -c "git config --local --name-only --get-regexp 'core\.sshCommand' && git config --local --unset-all 'core.sshCommand' || :"
2026-09-10T10:10:54.4543860Z Removing HTTP extra header
2026-09-10T10:10:54.4547610Z [command]/opt/homebrew/bin/git config --local --name-only --get-regexp http\.https\:\/\/github\.com\/\.extraheader
2026-09-10T10:10:54.4634830Z [command]/opt/homebrew/bin/git submodule foreach --recursive sh -c "git config --local --name-only --get-regexp 'http\.https\:\/\/github\.com\/\.extraheader' && git config --local --unset-all 'http.https://github.com/.extraheader' || :"
2026-09-10T10:10:54.7514460Z Removing includeIf entries pointing to credentials config files
2026-09-10T10:10:54.7616970Z [command]/opt/homebrew/bin/git config --local --name-only --get-regexp ^includeIf\.gitdir:
2026-09-10T10:10:54.7722140Z includeif.gitdir:/Users/runner/work/PartyDeck/PartyDeck/.git.path
2026-09-10T10:10:54.7837050Z includeif.gitdir:/Users/runner/work/PartyDeck/PartyDeck/.git/worktrees/*.path
2026-09-10T10:10:54.7939840Z includeif.gitdir:/github/workspace/.git.path
2026-09-10T10:10:54.8049240Z includeif.gitdir:/github/workspace/.git/worktrees/*.path
2026-09-10T10:10:54.8272310Z [command]/opt/homebrew/bin/git config --local --get-all includeif.gitdir:/Users/runner/work/PartyDeck/PartyDeck/.git.path
2026-09-10T10:10:54.8319480Z /Users/runner/work/_temp/git-credentials-dc33570a-f5a7-4684-9e6a-79e331467967.config
2026-09-10T10:10:54.8322180Z [command]/opt/homebrew/bin/git config --local --unset includeif.gitdir:/Users/runner/work/PartyDeck/PartyDeck/.git.path \/Users\/runner\/work\/_temp\/git\-credentials\-dc33570a\-f5a7\-4684\-9e6a\-79e331467967\.config
2026-09-10T10:10:54.8331630Z [command]/opt/homebrew/bin/git config --local --get-all includeif.gitdir:/Users/runner/work/PartyDeck/PartyDeck/.git/worktrees/*.path
2026-09-10T10:10:54.8336160Z /Users/runner/work/_temp/git-credentials-dc33570a-f5a7-4684-9e6a-79e331467967.config
2026-09-10T10:10:54.8337920Z [command]/opt/homebrew/bin/git config --local --unset includeif.gitdir:/Users/runner/work/PartyDeck/PartyDeck/.git/worktrees/*.path \/Users\/runner\/work\/_temp\/git\-credentials\-dc33570a\-f5a7\-4684\-9e6a\-79e331467967\.config
2026-09-10T10:10:54.8340960Z [command]/opt/homebrew/bin/git config --local --get-all includeif.gitdir:/github/workspace/.git.path
2026-09-10T10:10:54.8341670Z /github/runner_temp/git-credentials-dc33570a-f5a7-4684-9e6a-79e331467967.config
2026-09-10T10:10:54.8343580Z [command]/opt/homebrew/bin/git config --local --unset includeif.gitdir:/github/workspace/.git.path \/github\/runner_temp\/git\-credentials\-dc33570a\-f5a7\-4684\-9e6a\-79e331467967\.config
2026-09-10T10:10:54.8427110Z [command]/opt/homebrew/bin/git config --local --get-all includeif.gitdir:/github/workspace/.git/worktrees/*.path
2026-09-10T10:10:54.8568770Z /github/runner_temp/git-credentials-dc33570a-f5a7-4684-9e6a-79e331467967.config
2026-09-10T10:10:54.8581160Z [command]/opt/homebrew/bin/git config --local --unset includeif.gitdir:/github/workspace/.git/worktrees/*.path \/github\/runner_temp\/git\-credentials\-dc33570a\-f5a7\-4684\-9e6a\-79e331467967\.config
2026-09-10T10:10:54.8869240Z [command]/opt/homebrew/bin/git submodule foreach --recursive git config --local --show-origin --name-only --get-regexp remote.origin.url
2026-09-10T10:10:55.1123220Z Removing credentials config '/Users/runner/work/_temp/git-credentials-dc33570a-f5a7-4684-9e6a-79e331467967.config'
2026-09-10T10:10:55.1158660Z ##[endgroup]
2026-09-10T10:10:55.1566050Z ##[group]Run mkdir -p godot/ios-host/build/evidence
2026-09-10T10:10:55.1566660Z [36;1mmkdir -p godot/ios-host/build/evidence[0m
2026-09-10T10:10:55.1566950Z [36;1mpython3 - <<'PY'[0m
2026-09-10T10:10:55.1567260Z [36;1mimport json[0m
2026-09-10T10:10:55.1567510Z [36;1mimport os[0m
2026-09-10T10:10:55.1567810Z [36;1mfrom pathlib import Path[0m
2026-09-10T10:10:55.1568070Z [36;1mimport platform[0m
2026-09-10T10:10:55.1568340Z [36;1mimport subprocess[0m
2026-09-10T10:10:55.1568640Z [36;1m[0m
2026-09-10T10:10:55.1568870Z [36;1mstage = os.environ['PARTYDECK_RETAINED_CI_STAGE'][0m
2026-09-10T10:10:55.1569390Z [36;1msource = subprocess.check_output(['git', 'rev-parse', 'HEAD'], text=True).strip()[0m
2026-09-10T10:10:55.1569920Z [36;1mcontext = {[0m
2026-09-10T10:10:55.1570190Z [36;1m    'source_commit': source,[0m
2026-09-10T10:10:55.1570520Z [36;1m    'expected_source_commit': os.environ['GITHUB_SHA'],[0m
2026-09-10T10:10:55.1571000Z [36;1m    'run_id': os.environ['GITHUB_RUN_ID'],[0m
2026-09-10T10:10:55.1571520Z [36;1m    'run_attempt': os.environ['GITHUB_RUN_ATTEMPT'],[0m
2026-09-10T10:10:55.1571920Z [36;1m    'workflow_ref': os.environ['GITHUB_WORKFLOW_REF'],[0m
2026-09-10T10:10:55.1572330Z [36;1m    'workflow_sha': os.environ['GITHUB_WORKFLOW_SHA'],[0m
2026-09-10T10:10:55.1572660Z [36;1m    'requested_stage': stage,[0m
2026-09-10T10:10:55.1573000Z [36;1m    'system': platform.system(),[0m
2026-09-10T10:10:55.1573340Z [36;1m    'machine': platform.machine(),[0m
2026-09-10T10:10:55.1573880Z [36;1m    'input_artifacts': ['godot-ios-host-renderer', 'godot-ios-host-engine', 'godot-ios-host-framework'],[0m
2026-09-10T10:10:55.1574580Z [36;1m    'input_scope': 'Named artifacts from this workflow run; no external run or repository fallback.',[0m
2026-09-10T10:10:55.1575010Z [36;1m}[0m
2026-09-10T10:10:55.1575560Z [36;1mPath('godot/ios-host/build/evidence/retained-ci-context.json').write_text(json.dumps(context, indent=2) + '\n')[0m
2026-09-10T10:10:55.1576240Z [36;1mif stage not in {'build', 'test'} or source != os.environ['GITHUB_SHA']:[0m
2026-09-10T10:10:55.1576840Z [36;1m    raise SystemExit('The retained stage and checked-out source revision must match this dispatch.')[0m
2026-09-10T10:10:55.1577390Z [36;1mif (context['system'], context['machine']) != ('Darwin', 'arm64'):[0m
2026-09-10T10:10:55.1578710Z [36;1m    raise SystemExit('The retained harness requires the ARM64 macOS runner.')[0m
2026-09-10T10:10:55.1579130Z [36;1mPY[0m
2026-09-10T10:10:55.1651440Z shell: /bin/bash --noprofile --norc -e -o pipefail {0}
2026-09-10T10:10:55.1651760Z env:
2026-09-10T10:10:55.1652180Z   DEVELOPER_DIR: /Applications/Xcode_26.4.1.app/Contents/Developer
2026-09-10T10:10:55.1652590Z   PARTYDECK_RETAINED_CI_STAGE: test
2026-09-10T10:10:55.1653180Z   PARTYDECK_GODOT_RETAINED_FRAMEWORK: /Users/runner/work/PartyDeck/PartyDeck/godot/ios-host/build/framework-input/PartyDeckGodotBridge.framework
2026-09-10T10:10:55.1654140Z   PARTYDECK_GODOT_RETAINED_FRAMEWORK_RECEIPT: /Users/runner/work/PartyDeck/PartyDeck/godot/ios-host/build/evidence/authority-framework-result.json
2026-09-10T10:10:55.1655010Z   PARTYDECK_GODOT_RETAINED_PCK: /Users/runner/work/PartyDeck/PartyDeck/godot/ios-host/build/retained-inputs/renderer/partydeck-last-light.pck
2026-09-10T10:10:55.1655750Z ##[endgroup]
2026-09-10T10:10:55.5840090Z ##[group]Run actions/download-artifact@3e5f45b2cfb9172054b4087a40e8e0b5a5461e7c
2026-09-10T10:10:55.5840570Z with:
2026-09-10T10:10:55.5840790Z   name: godot-ios-host-renderer
2026-09-10T10:10:55.5841070Z   path: godot/ios-host/build/retained-inputs/renderer
2026-09-10T10:10:55.5841430Z   digest-mismatch: error
2026-09-10T10:10:55.5841780Z   merge-multiple: false
2026-09-10T10:10:55.5842080Z   repository: Apdelrahman1911/PartyDeck
2026-09-10T10:10:55.5842360Z   run-id: 34464316979
2026-09-10T10:10:55.5842610Z   skip-decompress: false
2026-09-10T10:10:55.5842870Z env:
2026-09-10T10:10:55.5843170Z   DEVELOPER_DIR: /Applications/Xcode_26.4.1.app/Contents/Developer
2026-09-10T10:10:55.5843570Z   PARTYDECK_RETAINED_CI_STAGE: test
2026-09-10T10:10:55.5844130Z   PARTYDECK_GODOT_RETAINED_FRAMEWORK: /Users/runner/work/PartyDeck/PartyDeck/godot/ios-host/build/framework-input/PartyDeckGodotBridge.framework
2026-09-10T10:10:55.5845210Z   PARTYDECK_GODOT_RETAINED_FRAMEWORK_RECEIPT: /Users/runner/work/PartyDeck/PartyDeck/godot/ios-host/build/evidence/authority-framework-result.json
2026-09-10T10:10:55.5846050Z   PARTYDECK_GODOT_RETAINED_PCK: /Users/runner/work/PartyDeck/PartyDeck/godot/ios-host/build/retained-inputs/renderer/partydeck-last-light.pck
2026-09-10T10:10:55.5846570Z ##[endgroup]
2026-09-10T10:10:55.8790030Z Downloading single artifact
2026-09-10T10:10:56.0149500Z Preparing to download the following artifacts:
2026-09-10T10:10:56.0152440Z - godot-ios-host-renderer (ID: 10146851088, Size: 1106811, Expected Digest: sha256:71cb44dcf1efeac542754cd67aff547d066675ba8d3cf848d058c122342aa17f)
2026-09-10T10:10:56.2454890Z Redirecting to blob download url: https://productionresultssa15.blob.core.windows.net/actions-results/a4ec1949-634b-403b-abb8-9c4a226575e8/workflow-job-run-c07bb6d5-b7eb-5590-ac10-74a975d6d1d4/artifacts/abe4e4fed53669ad30eb4aad50b1db02c253f23fd16ccb6511ff1de3d43890fc.zip
2026-09-10T10:10:56.2552720Z Starting download of artifact to: /Users/runner/work/PartyDeck/PartyDeck/godot/ios-host/build/retained-inputs/renderer
2026-09-10T10:10:56.2644570Z (node:12063) [DEP0005] DeprecationWarning: Buffer() is deprecated due to security and usability issues. Please use the Buffer.alloc(), Buffer.allocUnsafe(), or Buffer.from() methods instead.
2026-09-10T10:10:56.2670270Z (Use `node --trace-deprecation ...` to show where the warning was created)
2026-09-10T10:10:56.3362910Z SHA256 digest of downloaded artifact is 71cb44dcf1efeac542754cd67aff547d066675ba8d3cf848d058c122342aa17f
2026-09-10T10:10:56.3396890Z Artifact download completed successfully.
2026-09-10T10:10:56.3398570Z Total of 1 artifact(s) downloaded
2026-09-10T10:10:56.3399370Z Download artifact has finished successfully
2026-09-10T10:10:56.3491930Z ##[group]Run actions/download-artifact@3e5f45b2cfb9172054b4087a40e8e0b5a5461e7c
2026-09-10T10:10:56.3492410Z with:
2026-09-10T10:10:56.3492600Z   name: godot-ios-host-engine
2026-09-10T10:10:56.3492870Z   path: godot/ios-host/build/retained-inputs/engine
2026-09-10T10:10:56.3493380Z   digest-mismatch: error
2026-09-10T10:10:56.3493600Z   merge-multiple: false
2026-09-10T10:10:56.3493830Z   repository: Apdelrahman1911/PartyDeck
2026-09-10T10:10:56.3494050Z   run-id: 34464316979
2026-09-10T10:10:56.3494240Z   skip-decompress: false
2026-09-10T10:10:56.3494510Z env:
2026-09-10T10:10:56.3494740Z   DEVELOPER_DIR: /Applications/Xcode_26.4.1.app/Contents/Developer
2026-09-10T10:10:56.3495060Z   PARTYDECK_RETAINED_CI_STAGE: test
2026-09-10T10:10:56.3495600Z   PARTYDECK_GODOT_RETAINED_FRAMEWORK: /Users/runner/work/PartyDeck/PartyDeck/godot/ios-host/build/framework-input/PartyDeckGodotBridge.framework
2026-09-10T10:10:56.3496670Z   PARTYDECK_GODOT_RETAINED_FRAMEWORK_RECEIPT: /Users/runner/work/PartyDeck/PartyDeck/godot/ios-host/build/evidence/authority-framework-result.json
2026-09-10T10:10:56.3497610Z   PARTYDECK_GODOT_RETAINED_PCK: /Users/runner/work/PartyDeck/PartyDeck/godot/ios-host/build/retained-inputs/renderer/partydeck-last-light.pck
2026-09-10T10:10:56.3498290Z ##[endgroup]
2026-09-10T10:10:56.5705840Z Downloading single artifact
2026-09-10T10:10:56.7095310Z Preparing to download the following artifacts:
2026-09-10T10:10:56.7196710Z - godot-ios-host-engine (ID: 10146930949, Size: 54535493, Expected Digest: sha256:0cb5b128998f9e452a2ab8b10a66c366b23eaafba4865c19653f92b8d4a5317e)
2026-09-10T10:10:56.8736160Z Redirecting to blob download url: https://productionresultssa15.blob.core.windows.net/actions-results/a4ec1949-634b-403b-abb8-9c4a226575e8/workflow-job-run-1320eda9-03c1-5914-8bc5-d8f933a4dc7a/artifacts/a522ade447722fe30fd7cf7a8ce99130f42ea723166f8d2ed5440f0e4b43c62f.zip
2026-09-10T10:10:56.8836130Z Starting download of artifact to: /Users/runner/work/PartyDeck/PartyDeck/godot/ios-host/build/retained-inputs/engine
2026-09-10T10:10:56.9241530Z (node:12066) [DEP0005] DeprecationWarning: Buffer() is deprecated due to security and usability issues. Please use the Buffer.alloc(), Buffer.allocUnsafe(), or Buffer.from() methods instead.
2026-09-10T10:10:56.9383070Z (Use `node --trace-deprecation ...` to show where the warning was created)
2026-09-10T10:10:58.4164550Z SHA256 digest of downloaded artifact is 0cb5b128998f9e452a2ab8b10a66c366b23eaafba4865c19653f92b8d4a5317e
2026-09-10T10:10:58.4207850Z Artifact download completed successfully.
2026-09-10T10:10:58.4208780Z Total of 1 artifact(s) downloaded
2026-09-10T10:10:58.4209560Z Download artifact has finished successfully
2026-09-10T10:10:58.4417960Z ##[group]Run actions/download-artifact@3e5f45b2cfb9172054b4087a40e8e0b5a5461e7c
2026-09-10T10:10:58.4419370Z with:
2026-09-10T10:10:58.4419960Z   name: godot-ios-host-framework
2026-09-10T10:10:58.4420770Z   path: godot/ios-host/build/retained-inputs/framework
2026-09-10T10:10:58.4421670Z   digest-mismatch: error
2026-09-10T10:10:58.4422400Z   merge-multiple: false
2026-09-10T10:10:58.4423160Z   repository: Apdelrahman1911/PartyDeck
2026-09-10T10:10:58.4423890Z   run-id: 34464316979
2026-09-10T10:10:58.4424570Z   skip-decompress: false
2026-09-10T10:10:58.4425270Z env:
2026-09-10T10:10:58.4426080Z   DEVELOPER_DIR: /Applications/Xcode_26.4.1.app/Contents/Developer
2026-09-10T10:10:58.4427110Z   PARTYDECK_RETAINED_CI_STAGE: test
2026-09-10T10:10:58.4428810Z   PARTYDECK_GODOT_RETAINED_FRAMEWORK: /Users/runner/work/PartyDeck/PartyDeck/godot/ios-host/build/framework-input/PartyDeckGodotBridge.framework
2026-09-10T10:10:58.4431840Z   PARTYDECK_GODOT_RETAINED_FRAMEWORK_RECEIPT: /Users/runner/work/PartyDeck/PartyDeck/godot/ios-host/build/evidence/authority-framework-result.json
2026-09-10T10:10:58.4434550Z   PARTYDECK_GODOT_RETAINED_PCK: /Users/runner/work/PartyDeck/PartyDeck/godot/ios-host/build/retained-inputs/renderer/partydeck-last-light.pck
2026-09-10T10:10:58.4436240Z ##[endgroup]
2026-09-10T10:10:58.7177020Z Downloading single artifact
2026-09-10T10:10:58.8462920Z Preparing to download the following artifacts:
2026-09-10T10:10:58.8542590Z - godot-ios-host-framework (ID: 10146971994, Size: 8511313, Expected Digest: sha256:aa48d549252445e0989679aac6c373ab6b77aa32a9e85b5bf9267020e4a5d884)
2026-09-10T10:10:58.9977600Z Redirecting to blob download url: https://productionresultssa15.blob.core.windows.net/actions-results/a4ec1949-634b-403b-abb8-9c4a226575e8/workflow-job-run-fb4e348e-3c80-5e29-94d0-d9ebb4ed7e71/artifacts/98f01df6d1c7dfef617850326596839e8be4758e3b7ca6582b49664ced5ddf6d.zip
2026-09-10T10:10:58.9979000Z Starting download of artifact to: /Users/runner/work/PartyDeck/PartyDeck/godot/ios-host/build/retained-inputs/framework
2026-09-10T10:10:59.0971650Z (node:12072) [DEP0005] DeprecationWarning: Buffer() is deprecated due to security and usability issues. Please use the Buffer.alloc(), Buffer.allocUnsafe(), or Buffer.from() methods instead.
2026-09-10T10:10:59.0972630Z (Use `node --trace-deprecation ...` to show where the warning was created)
2026-09-10T10:10:59.3316040Z SHA256 digest of downloaded artifact is aa48d549252445e0989679aac6c373ab6b77aa32a9e85b5bf9267020e4a5d884
2026-09-10T10:10:59.3396680Z Artifact download completed successfully.
2026-09-10T10:10:59.3424780Z Total of 1 artifact(s) downloaded
2026-09-10T10:10:59.3432380Z Download artifact has finished successfully
2026-09-10T10:10:59.3612290Z ##[group]Run python3 - <<'PY' 2>&1 | tee godot/ios-host/build/evidence/retained-ci-input-verification.log
2026-09-10T10:10:59.3613120Z [36;1mpython3 - <<'PY' 2>&1 | tee godot/ios-host/build/evidence/retained-ci-input-verification.log[0m
2026-09-10T10:10:59.3613660Z [36;1mimport hashlib[0m
2026-09-10T10:10:59.3613980Z [36;1mimport json[0m
2026-09-10T10:10:59.3614220Z [36;1mimport os[0m
2026-09-10T10:10:59.3614490Z [36;1mfrom pathlib import Path[0m
2026-09-10T10:10:59.3614850Z [36;1mimport shutil[0m
2026-09-10T10:10:59.3615250Z [36;1m[0m
2026-09-10T10:10:59.3615670Z [36;1mbuild = Path('godot/ios-host/build')[0m
2026-09-10T10:10:59.3616040Z [36;1mevidence = build / 'evidence'[0m
2026-09-10T10:10:59.3616410Z [36;1minputs = build / 'retained-inputs'[0m
2026-09-10T10:10:59.3616990Z [36;1mverification = {'archive_integrity_verified': False, 'source_commit': os.environ['GITHUB_SHA'], 'files': []}[0m
2026-09-10T10:10:59.3617530Z [36;1m[0m
2026-09-10T10:10:59.3617840Z [36;1mdef receipt(path):[0m
2026-09-10T10:10:59.3618060Z [36;1m    checksum = hashlib.sha256()[0m
2026-09-10T10:10:59.3618460Z [36;1m    with path.open('rb') as stream:[0m
2026-09-10T10:10:59.3618880Z [36;1m        for block in iter(lambda: stream.read(1048576), b''):[0m
2026-09-10T10:10:59.3619370Z [36;1m            checksum.update(block)[0m
2026-09-10T10:10:59.3620910Z [36;1m    return {'sha256': checksum.hexdigest(), 'bytes': path.stat().st_size}[0m
2026-09-10T10:10:59.3621320Z [36;1m[0m
2026-09-10T10:10:59.3621580Z [36;1mdef verify(path, expected):[0m
2026-09-10T10:10:59.3621870Z [36;1m    actual = receipt(path)[0m
2026-09-10T10:10:59.3622240Z [36;1m    if any(actual[key] != expected.get(key) for key in actual):[0m
2026-09-10T10:10:59.3622830Z [36;1m        raise ValueError(f'Downloaded input differs from its build receipt: {path}')[0m
2026-09-10T10:10:59.3623380Z [36;1m    verification['files'].append({'path': str(path), **actual})[0m
2026-09-10T10:10:59.3623810Z [36;1m[0m
2026-09-10T10:10:59.3624030Z [36;1mtry:[0m
2026-09-10T10:10:59.3624480Z [36;1m    for kind, name in [('engine', 'engine-source-commit.txt'), ('framework', 'authority-source-commit.txt')]:[0m
2026-09-10T10:10:59.3625050Z [36;1m        path = inputs / kind / 'evidence' / name[0m
2026-09-10T10:10:59.3625510Z [36;1m        if path.read_text().strip() != os.environ['GITHUB_SHA']:[0m
2026-09-10T10:10:59.3626050Z [36;1m            raise ValueError(f'Downloaded input uses a different source revision: {name}')[0m
2026-09-10T10:10:59.3626680Z [36;1m        verification['files'].append({'path': str(path), **receipt(path)})[0m
2026-09-10T10:10:59.3627120Z [36;1m    engine_receipt = inputs / 'engine/evidence/engine-artifact.json'[0m
2026-09-10T10:10:59.3627500Z [36;1m    engine = json.loads(engine_receipt.read_text())[0m
2026-09-10T10:10:59.3627780Z [36;1m    expected_engine = {[0m
2026-09-10T10:10:59.3628180Z [36;1m        'engine_commit': 'ed1daf0bf001b61586d9930840f2f1394092c079',[0m
2026-09-10T10:10:59.3629160Z [36;1m        'stage': 'engine_compile_only', 'platform': 'ios', 'target': 'template_debug',[0m
2026-09-10T10:10:59.3629640Z [36;1m        'configuration': 'Debug', 'simulator': True, 'architecture': 'arm64',[0m
2026-09-10T10:10:59.3630650Z [36;1m        'sdk': 'iphonesimulator', 'xcode_version': '26.4.1',[0m
2026-09-10T10:10:59.3631080Z [36;1m        'rendering_drivers': ['opengl3'], 'path_overrides_enabled': True,[0m
2026-09-10T10:10:59.3631410Z [36;1m    }[0m
2026-09-10T10:10:59.3631640Z [36;1m    for key, value in expected_engine.items():[0m
2026-09-10T10:10:59.3632070Z [36;1m        if type(engine.get(key)) is not type(value) or engine.get(key) != value:[0m
2026-09-10T10:10:59.3632620Z [36;1m            raise ValueError(f'The retained harness requires the reviewed Simulator/Debug engine: {key}')[0m
2026-09-10T10:10:59.3633130Z [36;1m    archives = [engine, *engine.get('auxiliary_archives', [])][0m
2026-09-10T10:10:59.3633460Z [36;1m    expected_archives = {[0m
2026-09-10T10:10:59.3634270Z [36;1m        'libpartydeck_godot_ios_probe.a': 'libgodot.ios.template_debug.arm64.simulator.a',[0m
2026-09-10T10:10:59.3634860Z [36;1m        'libpartydeck_godot_camera.a': 'libgodot_camera.ios.template_debug.arm64.simulator.a',[0m
2026-09-10T10:10:59.3635260Z [36;1m    }[0m
2026-09-10T10:10:59.3635590Z [36;1m    if len(archives) != 2 or {item.get('artifact') for item in archives} != set(expected_archives):[0m
2026-09-10T10:10:59.3636130Z [36;1m        raise ValueError('Both distinct Simulator native archives are required.')[0m
2026-09-10T10:10:59.3636540Z [36;1m    for archive in archives:[0m
2026-09-10T10:10:59.3636900Z [36;1m        if archive.get('upstream_archive') != expected_archives[archive['artifact']]:[0m
2026-09-10T10:10:59.3637430Z [36;1m            raise ValueError('A native archive has an unexpected platform/configuration name.')[0m
2026-09-10T10:10:59.3637910Z [36;1m        verify(inputs / 'engine/artifacts' / archive['artifact'], archive)[0m
2026-09-10T10:10:59.3638390Z [36;1m    framework_receipt = inputs / 'framework/evidence/authority-framework-result.json'[0m
2026-09-10T10:10:59.3638830Z [36;1m    framework = json.loads(framework_receipt.read_text())[0m
2026-09-10T10:10:59.3639200Z [36;1m    if (framework.get('stage') != 'authority_framework_compilation'[0m
2026-09-10T10:10:59.3639600Z [36;1m            or framework.get('target') != 'iosSimulatorArm64'[0m
2026-09-10T10:10:59.3639970Z [36;1m            or framework.get('configuration') != 'debugFramework'[0m
2026-09-10T10:10:59.3640370Z [36;1m            or not all(framework.get(key) is True for key in ([0m
2026-09-10T10:10:59.3640900Z [36;1m                'framework_compiled', 'expected_facade_declarations_present', 'swift_module_import_typechecked'))):[0m
2026-09-10T10:10:59.3641610Z [36;1m        raise ValueError('The successful ARM64 Simulator qualification framework is required.')[0m
2026-09-10T10:10:59.3642190Z [36;1m    if framework['archive']['name'] != 'PartyDeckGodotBridge-simulator.framework.tar.gz':[0m
2026-09-10T10:10:59.3642710Z [36;1m        raise ValueError('The framework receipt names an unexpected archive.')[0m
2026-09-10T10:10:59.3643530Z [36;1m    verify(inputs / 'framework/artifacts' / framework['archive']['name'], framework['archive'])[0m
2026-09-10T10:10:59.3644010Z [36;1m    for path in (engine_receipt, framework_receipt,[0m
2026-09-10T10:10:59.3644380Z [36;1m                 inputs / 'renderer/partydeck-last-light.pck',[0m
2026-09-10T10:10:59.3644810Z [36;1m                 inputs / 'renderer/partydeck-last-light.receipt.json'):[0m
2026-09-10T10:10:59.3645300Z [36;1m        verification['files'].append({'path': str(path), **receipt(path)})[0m
2026-09-10T10:10:59.3645680Z [36;1m    artifacts = build / 'artifacts'[0m
2026-09-10T10:10:59.3645940Z [36;1m    artifacts.mkdir(exist_ok=False)[0m
2026-09-10T10:10:59.3646190Z [36;1m    for archive in archives:[0m
2026-09-10T10:10:59.3646900Z [36;1m        source = inputs / 'engine/artifacts' / archive['artifact'][0m
2026-09-10T10:10:59.3647320Z [36;1m        destination = artifacts / archive['artifact'][0m
2026-09-10T10:10:59.3647620Z [36;1m        shutil.copy2(source, destination)[0m
2026-09-10T10:10:59.3647890Z [36;1m        verify(destination, archive)[0m
2026-09-10T10:10:59.3648240Z [36;1m    shutil.copy2(engine_receipt, evidence / 'engine-artifact.json')[0m
2026-09-10T10:10:59.3648720Z [36;1m    shutil.copy2(framework_receipt, evidence / 'authority-framework-result.json')[0m
2026-09-10T10:10:59.3649230Z [36;1m    verification['archive_integrity_verified'] = True[0m
2026-09-10T10:10:59.3649890Z [36;1m    verification['remaining_gate'] = 'The runner verifies current native modules/patches, framework files and exact-source PCK before any link or test.'[0m
2026-09-10T10:10:59.3650480Z [36;1mexcept Exception as error:[0m
2026-09-10T10:10:59.3650810Z [36;1m    verification['error'] = f'{type(error).__name__}: {error}'[0m
2026-09-10T10:10:59.3651120Z [36;1m    raise[0m
2026-09-10T10:10:59.3651520Z [36;1mfinally:[0m
2026-09-10T10:10:59.3651890Z [36;1m    (evidence / 'retained-ci-inputs.json').write_text(json.dumps(verification, indent=2) + '\n')[0m
2026-09-10T10:10:59.3652300Z [36;1mPY[0m
2026-09-10T10:10:59.3652490Z [36;1mmkdir godot/ios-host/build/framework-input[0m
2026-09-10T10:10:59.3653050Z [36;1mtar -xzf godot/ios-host/build/retained-inputs/framework/artifacts/PartyDeckGodotBridge-simulator.framework.tar.gz \[0m
2026-09-10T10:10:59.3653620Z [36;1m  -C godot/ios-host/build/framework-input \[0m
2026-09-10T10:10:59.3654030Z [36;1m  2>&1 | tee -a godot/ios-host/build/evidence/retained-ci-input-verification.log[0m
2026-09-10T10:10:59.3750840Z shell: /bin/bash --noprofile --norc -e -o pipefail {0}
2026-09-10T10:10:59.3751710Z env:
2026-09-10T10:10:59.3752430Z   DEVELOPER_DIR: /Applications/Xcode_26.4.1.app/Contents/Developer
2026-09-10T10:10:59.3753370Z   PARTYDECK_RETAINED_CI_STAGE: test
2026-09-10T10:10:59.3754840Z   PARTYDECK_GODOT_RETAINED_FRAMEWORK: /Users/runner/work/PartyDeck/PartyDeck/godot/ios-host/build/framework-input/PartyDeckGodotBridge.framework
2026-09-10T10:10:59.3757180Z   PARTYDECK_GODOT_RETAINED_FRAMEWORK_RECEIPT: /Users/runner/work/PartyDeck/PartyDeck/godot/ios-host/build/evidence/authority-framework-result.json
2026-09-10T10:10:59.3759470Z   PARTYDECK_GODOT_RETAINED_PCK: /Users/runner/work/PartyDeck/PartyDeck/godot/ios-host/build/retained-inputs/renderer/partydeck-last-light.pck
2026-09-10T10:10:59.3760860Z ##[endgroup]
2026-09-10T10:11:00.3779020Z ##[group]Run bash godot/ios-host/test-retained-host.sh "$PARTYDECK_RETAINED_CI_STAGE" \
2026-09-10T10:11:00.3779970Z [36;1mbash godot/ios-host/test-retained-host.sh "$PARTYDECK_RETAINED_CI_STAGE" \[0m
2026-09-10T10:11:00.3780480Z [36;1m  2>&1 | tee godot/ios-host/build/evidence/retained-ci-runner.log[0m
2026-09-10T10:11:00.3823410Z shell: /bin/bash --noprofile --norc -e -o pipefail {0}
2026-09-10T10:11:00.3823720Z env:
2026-09-10T10:11:00.3824150Z   DEVELOPER_DIR: /Applications/Xcode_26.4.1.app/Contents/Developer
2026-09-10T10:11:00.3824530Z   PARTYDECK_RETAINED_CI_STAGE: test
2026-09-10T10:11:00.3825120Z   PARTYDECK_GODOT_RETAINED_FRAMEWORK: /Users/runner/work/PartyDeck/PartyDeck/godot/ios-host/build/framework-input/PartyDeckGodotBridge.framework
2026-09-10T10:11:00.3826020Z   PARTYDECK_GODOT_RETAINED_FRAMEWORK_RECEIPT: /Users/runner/work/PartyDeck/PartyDeck/godot/ios-host/build/evidence/authority-framework-result.json
2026-09-10T10:11:00.3827040Z   PARTYDECK_GODOT_RETAINED_PCK: /Users/runner/work/PartyDeck/PartyDeck/godot/ios-host/build/retained-inputs/renderer/partydeck-last-light.pck
2026-09-10T10:11:00.3827680Z ##[endgroup]
2026-09-10T10:11:05.0193290Z PCK checks passed: 136 entries; SHA-256 a47392b4ca50e0433e1f42043b9473b08e9641d24117e251a4ab88e11027e3db
2026-09-10T10:11:05.0376000Z Prepared the real diagnostic scene and verified authority fixture.
2026-09-10T10:11:05.0457560Z Staged the receipt-matched Kotlin framework and verified shared renderer pack.
2026-09-10T10:11:05.1242890Z /Users/runner/work/PartyDeck/PartyDeck/godot/ios-host/RetainedHost/Info.plist: OK
2026-09-10T10:11:05.1245590Z /Users/runner/work/PartyDeck/PartyDeck/godot/ios-host/RetainedHost.xcodeproj/project.pbxproj: OK
2026-09-10T10:11:07.0128750Z Command line invocation:
2026-09-10T10:11:07.0166370Z     /Applications/Xcode_26.4.1.app/Contents/Developer/usr/bin/xcodebuild build -project /Users/runner/work/PartyDeck/PartyDeck/godot/ios-host/RetainedHost.xcodeproj -scheme RetainedHost -configuration Debug -destination "generic/platform=iOS Simulator" -derivedDataPath /Users/runner/work/PartyDeck/PartyDeck/godot/ios-host/build/retained-host-test/DerivedData CODE_SIGNING_ALLOWED=NO LD_MAP_FILE_PATH=/Users/runner/work/PartyDeck/PartyDeck/godot/ios-host/build/retained-host-test/evidence/RetainedHost-LinkMap.txt
2026-09-10T10:11:07.0173950Z 
2026-09-10T10:11:07.0186550Z Build settings from command line:
2026-09-10T10:11:07.0289230Z     CODE_SIGNING_ALLOWED = NO
2026-09-10T10:11:07.0392010Z     LD_MAP_FILE_PATH = /Users/runner/work/PartyDeck/PartyDeck/godot/ios-host/build/retained-host-test/evidence/RetainedHost-LinkMap.txt
2026-09-10T10:11:07.0494860Z 
2026-09-10T10:11:19.1481820Z ComputePackagePrebuildTargetDependencyGraph
2026-09-10T10:11:19.2788250Z 
2026-09-10T10:11:19.2889310Z Prepare packages
2026-09-10T10:11:19.2990110Z 
2026-09-10T10:11:19.3091150Z CreateBuildRequest
2026-09-10T10:11:19.3191890Z 
2026-09-10T10:11:19.3294440Z SendProjectDescription
2026-09-10T10:11:19.3395800Z 
2026-09-10T10:11:19.3498210Z CreateBuildOperation
2026-09-10T10:11:19.3531090Z 
2026-09-10T10:11:19.3531740Z ComputeTargetDependencyGraph
2026-09-10T10:11:19.3532360Z note: Building targets in dependency order
2026-09-10T10:11:19.3534480Z note: Target dependency graph (1 target)
2026-09-10T10:11:19.3534950Z     Target 'RetainedHost' in project 'RetainedHost' (no dependencies)
2026-09-10T10:11:19.3535280Z 
2026-09-10T10:11:19.3535450Z GatherProvisioningInputs
2026-09-10T10:11:19.3535640Z 
2026-09-10T10:11:19.3536050Z CreateBuildDescription
2026-09-10T10:11:19.3647740Z 
2026-09-10T10:11:19.3774290Z ExecuteExternalTool /Applications/Xcode_26.4.1.app/Contents/Developer/Toolchains/XcodeDefault.xctoolchain/usr/bin/swiftc --version
2026-09-10T10:11:21.4973900Z 
2026-09-10T10:11:21.5002640Z ExecuteExternalTool /Applications/Xcode_26.4.1.app/Contents/Developer/Toolchains/XcodeDefault.xctoolchain/usr/bin/clang -v -E -dM -isysroot /Applications/Xcode_26.4.1.app/Contents/Developer/Platforms/iPhoneSimulator.platform/Developer/SDKs/iPhoneSimulator26.4.sdk -x c -c /dev/null
2026-09-10T10:11:21.5044660Z 
2026-09-10T10:11:21.5119080Z ExecuteExternalTool /Applications/Xcode_26.4.1.app/Contents/Developer/Toolchains/XcodeDefault.xctoolchain/usr/bin/ld -version_details
2026-09-10T10:11:21.8334810Z 
2026-09-10T10:11:21.8583030Z Build description signature: d9682f26264a7610c00663f337c4f15d
2026-09-10T10:11:21.8587760Z Build description path: /Users/runner/work/PartyDeck/PartyDeck/godot/ios-host/build/retained-host-test/DerivedData/Build/Intermediates.noindex/XCBuildData/d9682f26264a7610c00663f337c4f15d.xcbuilddata
2026-09-10T10:11:21.8950320Z CreateBuildDirectory /Users/runner/work/PartyDeck/PartyDeck/godot/ios-host/build/retained-host-test/DerivedData/Build/Products
2026-09-10T10:11:21.9065130Z     cd /Users/runner/work/PartyDeck/PartyDeck/godot/ios-host/RetainedHost.xcodeproj
2026-09-10T10:11:21.9174260Z     builtin-create-build-directory /Users/runner/work/PartyDeck/PartyDeck/godot/ios-host/build/retained-host-test/DerivedData/Build/Products
2026-09-10T10:11:21.9308110Z 
2026-09-10T10:11:21.9413830Z CreateBuildDirectory /Users/runner/work/PartyDeck/PartyDeck/godot/ios-host/build/retained-host-test/DerivedData/Build/Intermediates.noindex
2026-09-10T10:11:21.9476990Z     cd /Users/runner/work/PartyDeck/PartyDeck/godot/ios-host/RetainedHost.xcodeproj
2026-09-10T10:11:21.9478420Z     builtin-create-build-directory /Users/runner/work/PartyDeck/PartyDeck/godot/ios-host/build/retained-host-test/DerivedData/Build/Intermediates.noindex
2026-09-10T10:11:21.9489750Z 
2026-09-10T10:11:21.9493850Z ClangStatCache /Applications/Xcode_26.4.1.app/Contents/Developer/Toolchains/XcodeDefault.xctoolchain/usr/bin/clang-stat-cache /Applications/Xcode_26.4.1.app/Contents/Developer/Platforms/iPhoneSimulator.platform/Developer/SDKs/iPhoneSimulator26.4.sdk /Users/runner/work/PartyDeck/PartyDeck/godot/ios-host/build/retained-host-test/DerivedData/SDKStatCaches.noindex/iphonesimulator26.4-23E252-688ef53f1462e2c8f657fdc38a81448f893e4a944e4cdd9af1f5077e1341bc52.sdkstatcache
2026-09-10T10:11:21.9509160Z     cd /Users/runner/work/PartyDeck/PartyDeck/godot/ios-host/RetainedHost.xcodeproj
2026-09-10T10:11:21.9523970Z     /Applications/Xcode_26.4.1.app/Contents/Developer/Toolchains/XcodeDefault.xctoolchain/usr/bin/clang-stat-cache /Applications/Xcode_26.4.1.app/Contents/Developer/Platforms/iPhoneSimulator.platform/Developer/SDKs/iPhoneSimulator26.4.sdk -o /Users/runner/work/PartyDeck/PartyDeck/godot/ios-host/build/retained-host-test/DerivedData/SDKStatCaches.noindex/iphonesimulator26.4-23E252-688ef53f1462e2c8f657fdc38a81448f893e4a944e4cdd9af1f5077e1341bc52.sdkstatcache
2026-09-10T10:11:26.7494030Z 
2026-09-10T10:11:26.7499500Z CreateBuildDirectory /Users/runner/work/PartyDeck/PartyDeck/godot/ios-host/build/retained-host-test/DerivedData/Build/Intermediates.noindex/SwiftExplicitPrecompiledModules
2026-09-10T10:11:26.7509330Z     cd /Users/runner/work/PartyDeck/PartyDeck/godot/ios-host/RetainedHost.xcodeproj
2026-09-10T10:11:26.7518450Z     builtin-create-build-directory /Users/runner/work/PartyDeck/PartyDeck/godot/ios-host/build/retained-host-test/DerivedData/Build/Intermediates.noindex/SwiftExplicitPrecompiledModules
2026-09-10T10:11:26.7535460Z 
2026-09-10T10:11:26.7562600Z WriteAuxiliaryFile /Users/runner/work/PartyDeck/PartyDeck/godot/ios-host/build/retained-host-test/DerivedData/Build/Intermediates.noindex/RetainedHost.build/Debug-iphonesimulator/RetainedHost-18bce220dfdb8dd8aa390b59ff9a8853-VFS-iphonesimulator/all-product-headers.yaml
2026-09-10T10:11:26.7572630Z     cd /Users/runner/work/PartyDeck/PartyDeck/godot/ios-host/RetainedHost.xcodeproj
2026-09-10T10:11:26.7604620Z     write-file /Users/runner/work/PartyDeck/PartyDeck/godot/ios-host/build/retained-host-test/DerivedData/Build/Intermediates.noindex/RetainedHost.build/Debug-iphonesimulator/RetainedHost-18bce220dfdb8dd8aa390b59ff9a8853-VFS-iphonesimulator/all-product-headers.yaml
2026-09-10T10:11:26.7619830Z 
2026-09-10T10:11:26.7650310Z CreateBuildDirectory /Users/runner/work/PartyDeck/PartyDeck/godot/ios-host/build/retained-host-test/DerivedData/Build/Products/Debug-iphonesimulator
2026-09-10T10:11:26.7654570Z     cd /Users/runner/work/PartyDeck/PartyDeck/godot/ios-host/RetainedHost.xcodeproj
2026-09-10T10:11:26.7659840Z     builtin-create-build-directory /Users/runner/work/PartyDeck/PartyDeck/godot/ios-host/build/retained-host-test/DerivedData/Build/Products/Debug-iphonesimulator
2026-09-10T10:11:26.7660780Z 
2026-09-10T10:11:26.7662190Z CreateBuildDirectory /Users/runner/work/PartyDeck/PartyDeck/godot/ios-host/build/retained-host-test/DerivedData/Build/Intermediates.noindex/ExplicitPrecompiledModules
2026-09-10T10:11:26.7664470Z     cd /Users/runner/work/PartyDeck/PartyDeck/godot/ios-host/RetainedHost.xcodeproj
2026-09-10T10:11:26.7666260Z     builtin-create-build-directory /Users/runner/work/PartyDeck/PartyDeck/godot/ios-host/build/retained-host-test/DerivedData/Build/Intermediates.noindex/ExplicitPrecompiledModules
2026-09-10T10:11:26.7667500Z 
2026-09-10T10:11:26.7672390Z CreateBuildDirectory /Users/runner/work/PartyDeck/PartyDeck/godot/ios-host/build/retained-host-test/DerivedData/Build/Intermediates.noindex/EagerLinkingTBDs/Debug-iphonesimulator
2026-09-10T10:11:26.7673460Z     cd /Users/runner/work/PartyDeck/PartyDeck/godot/ios-host/RetainedHost.xcodeproj
2026-09-10T10:11:26.7675300Z     builtin-create-build-directory /Users/runner/work/PartyDeck/PartyDeck/godot/ios-host/build/retained-host-test/DerivedData/Build/Intermediates.noindex/EagerLinkingTBDs/Debug-iphonesimulator
2026-09-10T10:11:26.7676760Z 
2026-09-10T10:11:26.7697280Z WriteAuxiliaryFile /Users/runner/work/PartyDeck/PartyDeck/godot/ios-host/build/retained-host-test/DerivedData/Build/Intermediates.noindex/RetainedHost.build/Debug-iphonesimulator/RetainedHost.build/RetainedHost.hmap (in target 'RetainedHost' from project 'RetainedHost')
2026-09-10T10:11:26.7698590Z     cd /Users/runner/work/PartyDeck/PartyDeck/godot/ios-host
2026-09-10T10:11:26.7700880Z     write-file /Users/runner/work/PartyDeck/PartyDeck/godot/ios-host/build/retained-host-test/DerivedData/Build/Intermediates.noindex/RetainedHost.build/Debug-iphonesimulator/RetainedHost.build/RetainedHost.hmap
2026-09-10T10:11:26.7701730Z 
2026-09-10T10:11:26.7718240Z WriteAuxiliaryFile /Users/runner/work/PartyDeck/PartyDeck/godot/ios-host/build/retained-host-test/DerivedData/Build/Intermediates.noindex/RetainedHost.build/Debug-iphonesimulator/RetainedHost.build/RetainedHost.DependencyStaticMetadataFileList (in target 'RetainedHost' from project 'RetainedHost')
2026-09-10T10:11:26.7722690Z     cd /Users/runner/work/PartyDeck/PartyDeck/godot/ios-host
2026-09-10T10:11:26.7730490Z     write-file /Users/runner/work/PartyDeck/PartyDeck/godot/ios-host/build/retained-host-test/DerivedData/Build/Intermediates.noindex/RetainedHost.build/Debug-iphonesimulator/RetainedHost.build/RetainedHost.DependencyStaticMetadataFileList
2026-09-10T10:11:26.7731730Z 
2026-09-10T10:11:26.7737070Z WriteAuxiliaryFile /Users/runner/work/PartyDeck/PartyDeck/godot/ios-host/build/retained-host-test/DerivedData/Build/Intermediates.noindex/RetainedHost.build/Debug-iphonesimulator/RetainedHost.build/RetainedHost.DependencyMetadataFileList (in target 'RetainedHost' from project 'RetainedHost')
2026-09-10T10:11:26.7742670Z     cd /Users/runner/work/PartyDeck/PartyDeck/godot/ios-host
2026-09-10T10:11:26.7751490Z     write-file /Users/runner/work/PartyDeck/PartyDeck/godot/ios-host/build/retained-host-test/DerivedData/Build/Intermediates.noindex/RetainedHost.build/Debug-iphonesimulator/RetainedHost.build/RetainedHost.DependencyMetadataFileList
2026-09-10T10:11:26.7752630Z 
2026-09-10T10:11:26.7755350Z WriteAuxiliaryFile /Users/runner/work/PartyDeck/PartyDeck/godot/ios-host/build/retained-host-test/DerivedData/Build/Intermediates.noindex/RetainedHost.build/Debug-iphonesimulator/RetainedHost.build/RetainedHost-project-headers.hmap (in target 'RetainedHost' from project 'RetainedHost')
2026-09-10T10:11:26.7756690Z     cd /Users/runner/work/PartyDeck/PartyDeck/godot/ios-host
2026-09-10T10:11:26.7760390Z     write-file /Users/runner/work/PartyDeck/PartyDeck/godot/ios-host/build/retained-host-test/DerivedData/Build/Intermediates.noindex/RetainedHost.build/Debug-iphonesimulator/RetainedHost.build/RetainedHost-project-headers.hmap
2026-09-10T10:11:26.7761970Z 
2026-09-10T10:11:26.7763040Z WriteAuxiliaryFile /Users/runner/work/PartyDeck/PartyDeck/godot/ios-host/build/retained-host-test/DerivedData/Build/Intermediates.noindex/RetainedHost.build/Debug-iphonesimulator/RetainedHost.build/RetainedHost-own-target-headers.hmap (in target 'RetainedHost' from project 'RetainedHost')
2026-09-10T10:11:26.7767980Z     cd /Users/runner/work/PartyDeck/PartyDeck/godot/ios-host
2026-09-10T10:11:26.7770700Z     write-file /Users/runner/work/PartyDeck/PartyDeck/godot/ios-host/build/retained-host-test/DerivedData/Build/Intermediates.noindex/RetainedHost.build/Debug-iphonesimulator/RetainedHost.build/RetainedHost-own-target-headers.hmap
2026-09-10T10:11:26.7771750Z 
2026-09-10T10:11:26.7772810Z WriteAuxiliaryFile /Users/runner/work/PartyDeck/PartyDeck/godot/ios-host/build/retained-host-test/DerivedData/Build/Intermediates.noindex/RetainedHost.build/Debug-iphonesimulator/RetainedHost.build/RetainedHost-generated-files.hmap (in target 'RetainedHost' from project 'RetainedHost')
2026-09-10T10:11:26.7781280Z     cd /Users/runner/work/PartyDeck/PartyDeck/godot/ios-host
2026-09-10T10:11:26.7783380Z     write-file /Users/runner/work/PartyDeck/PartyDeck/godot/ios-host/build/retained-host-test/DerivedData/Build/Intermediates.noindex/RetainedHost.build/Debug-iphonesimulator/RetainedHost.build/RetainedHost-generated-files.hmap
2026-09-10T10:11:26.7785740Z 
2026-09-10T10:11:26.7796920Z WriteAuxiliaryFile /Users/runner/work/PartyDeck/PartyDeck/godot/ios-host/build/retained-host-test/DerivedData/Build/Intermediates.noindex/RetainedHost.build/Debug-iphonesimulator/RetainedHost.build/RetainedHost-all-target-headers.hmap (in target 'RetainedHost' from project 'RetainedHost')
2026-09-10T10:11:26.7812690Z     cd /Users/runner/work/PartyDeck/PartyDeck/godot/ios-host
2026-09-10T10:11:26.7814450Z     write-file /Users/runner/work/PartyDeck/PartyDeck/godot/ios-host/build/retained-host-test/DerivedData/Build/Intermediates.noindex/RetainedHost.build/Debug-iphonesimulator/RetainedHost.build/RetainedHost-all-target-headers.hmap
2026-09-10T10:11:26.7815710Z 
2026-09-10T10:11:26.7822390Z WriteAuxiliaryFile /Users/runner/work/PartyDeck/PartyDeck/godot/ios-host/build/retained-host-test/DerivedData/Build/Intermediates.noindex/RetainedHost.build/Debug-iphonesimulator/RetainedHost.build/RetainedHost-all-non-framework-target-headers.hmap (in target 'RetainedHost' from project 'RetainedHost')
2026-09-10T10:11:26.7861540Z     cd /Users/runner/work/PartyDeck/PartyDeck/godot/ios-host
2026-09-10T10:11:26.7867530Z     write-file /Users/runner/work/PartyDeck/PartyDeck/godot/ios-host/build/retained-host-test/DerivedData/Build/Intermediates.noindex/RetainedHost.build/Debug-iphonesimulator/RetainedHost.build/RetainedHost-all-non-framework-target-headers.hmap
2026-09-10T10:11:26.7928650Z 
2026-09-10T10:11:26.7938200Z WriteAuxiliaryFile /Users/runner/work/PartyDeck/PartyDeck/godot/ios-host/build/retained-host-test/DerivedData/Build/Intermediates.noindex/RetainedHost.build/Debug-iphonesimulator/RetainedHost.build/Objects-normal/arm64/RetainedHost_const_extract_protocols.json (in target 'RetainedHost' from project 'RetainedHost')
2026-09-10T10:11:26.7940350Z     cd /Users/runner/work/PartyDeck/PartyDeck/godot/ios-host
2026-09-10T10:11:26.7942290Z     write-file /Users/runner/work/PartyDeck/PartyDeck/godot/ios-host/build/retained-host-test/DerivedData/Build/Intermediates.noindex/RetainedHost.build/Debug-iphonesimulator/RetainedHost.build/Objects-normal/arm64/RetainedHost_const_extract_protocols.json
2026-09-10T10:11:26.7949120Z 
2026-09-10T10:11:26.7950200Z WriteAuxiliaryFile /Users/runner/work/PartyDeck/PartyDeck/godot/ios-host/build/retained-host-test/DerivedData/Build/Intermediates.noindex/RetainedHost.build/Debug-iphonesimulator/RetainedHost.build/Objects-normal/arm64/RetainedHost.SwiftFileList (in target 'RetainedHost' from project 'RetainedHost')
2026-09-10T10:11:26.7977410Z     cd /Users/runner/work/PartyDeck/PartyDeck/godot/ios-host
2026-09-10T10:11:26.7984300Z     write-file /Users/runner/work/PartyDeck/PartyDeck/godot/ios-host/build/retained-host-test/DerivedData/Build/Intermediates.noindex/RetainedHost.build/Debug-iphonesimulator/RetainedHost.build/Objects-normal/arm64/RetainedHost.SwiftFileList
2026-09-10T10:11:26.8044230Z 
2026-09-10T10:11:26.8050580Z WriteAuxiliaryFile /Users/runner/work/PartyDeck/PartyDeck/godot/ios-host/build/retained-host-test/DerivedData/Build/Intermediates.noindex/RetainedHost.build/Debug-iphonesimulator/RetainedHost.build/Objects-normal/arm64/RetainedHost.SwiftConstValuesFileList (in target 'RetainedHost' from project 'RetainedHost')
2026-09-10T10:11:26.8115610Z     cd /Users/runner/work/PartyDeck/PartyDeck/godot/ios-host
2026-09-10T10:11:26.8171410Z     write-file /Users/runner/work/PartyDeck/PartyDeck/godot/ios-host/build/retained-host-test/DerivedData/Build/Intermediates.noindex/RetainedHost.build/Debug-iphonesimulator/RetainedHost.build/Objects-normal/arm64/RetainedHost.SwiftConstValuesFileList
2026-09-10T10:11:26.8177330Z 
2026-09-10T10:11:26.8214160Z WriteAuxiliaryFile /Users/runner/work/PartyDeck/PartyDeck/godot/ios-host/build/retained-host-test/DerivedData/Build/Intermediates.noindex/RetainedHost.build/Debug-iphonesimulator/RetainedHost.build/Objects-normal/arm64/RetainedHost.LinkFileList (in target 'RetainedHost' from project 'RetainedHost')
2026-09-10T10:11:26.8225310Z     cd /Users/runner/work/PartyDeck/PartyDeck/godot/ios-host
2026-09-10T10:11:26.8247940Z     write-file /Users/runner/work/PartyDeck/PartyDeck/godot/ios-host/build/retained-host-test/DerivedData/Build/Intermediates.noindex/RetainedHost.build/Debug-iphonesimulator/RetainedHost.build/Objects-normal/arm64/RetainedHost.LinkFileList
2026-09-10T10:11:26.8265300Z 
2026-09-10T10:11:26.8266640Z WriteAuxiliaryFile /Users/runner/work/PartyDeck/PartyDeck/godot/ios-host/build/retained-host-test/DerivedData/Build/Intermediates.noindex/RetainedHost.build/Debug-iphonesimulator/RetainedHost.build/Objects-normal/arm64/RetainedHost-OutputFileMap.json (in target 'RetainedHost' from project 'RetainedHost')
2026-09-10T10:11:26.8270960Z     cd /Users/runner/work/PartyDeck/PartyDeck/godot/ios-host
2026-09-10T10:11:26.8274310Z     write-file /Users/runner/work/PartyDeck/PartyDeck/godot/ios-host/build/retained-host-test/DerivedData/Build/Intermediates.noindex/RetainedHost.build/Debug-iphonesimulator/RetainedHost.build/Objects-normal/arm64/RetainedHost-OutputFileMap.json
2026-09-10T10:11:26.8275450Z 
2026-09-10T10:11:26.8277230Z MkDir /Users/runner/work/PartyDeck/PartyDeck/godot/ios-host/build/retained-host-test/DerivedData/Build/Products/Debug-iphonesimulator/RetainedHost.app (in target 'RetainedHost' from project 'RetainedHost')
2026-09-10T10:11:26.8278280Z     cd /Users/runner/work/PartyDeck/PartyDeck/godot/ios-host
2026-09-10T10:11:26.8280140Z     /bin/mkdir -p /Users/runner/work/PartyDeck/PartyDeck/godot/ios-host/build/retained-host-test/DerivedData/Build/Products/Debug-iphonesimulator/RetainedHost.app
2026-09-10T10:11:26.8312140Z 
2026-09-10T10:11:26.8317660Z ProcessInfoPlistFile /Users/runner/work/PartyDeck/PartyDeck/godot/ios-host/build/retained-host-test/DerivedData/Build/Products/Debug-iphonesimulator/RetainedHost.app/Info.plist /Users/runner/work/PartyDeck/PartyDeck/godot/ios-host/RetainedHost/Info.plist (in target 'RetainedHost' from project 'RetainedHost')
2026-09-10T10:11:26.8335490Z     cd /Users/runner/work/PartyDeck/PartyDeck/godot/ios-host
2026-09-10T10:11:26.8339190Z     builtin-infoPlistUtility /Users/runner/work/PartyDeck/PartyDeck/godot/ios-host/RetainedHost/Info.plist -producttype com.apple.product-type.application -genpkginfo /Users/runner/work/PartyDeck/PartyDeck/godot/ios-host/build/retained-host-test/DerivedData/Build/Products/Debug-iphonesimulator/RetainedHost.app/PkgInfo -expandbuildsettings -format binary -platform iphonesimulator -o /Users/runner/work/PartyDeck/PartyDeck/godot/ios-host/build/retained-host-test/DerivedData/Build/Products/Debug-iphonesimulator/RetainedHost.app/Info.plist
2026-09-10T10:11:26.8341390Z 
2026-09-10T10:11:26.8352100Z CpResource /Users/runner/work/PartyDeck/PartyDeck/godot/ios-host/build/retained-host-test/DerivedData/Build/Products/Debug-iphonesimulator/RetainedHost.app/ProbeResources /Users/runner/work/PartyDeck/PartyDeck/godot/ios-host/build/host-resources/ProbeResources (in target 'RetainedHost' from project 'RetainedHost')
2026-09-10T10:11:26.8358090Z     cd /Users/runner/work/PartyDeck/PartyDeck/godot/ios-host
2026-09-10T10:11:26.8367280Z     builtin-copy -exclude .DS_Store -exclude CVS -exclude .svn -exclude .git -exclude .hg -strip-unsigned-binaries -strip-deterministic -strip-tool /Applications/Xcode_26.4.1.app/Contents/Developer/Toolchains/XcodeDefault.xctoolchain/usr/bin/strip -resolve-src-symlinks /Users/runner/work/PartyDeck/PartyDeck/godot/ios-host/build/host-resources/ProbeResources /Users/runner/work/PartyDeck/PartyDeck/godot/ios-host/build/retained-host-test/DerivedData/Build/Products/Debug-iphonesimulator/RetainedHost.app
2026-09-10T10:11:26.8369360Z 
2026-09-10T10:11:26.8370060Z SwiftDriver RetainedHost normal arm64 com.apple.xcode.tools.swift.compiler (in target 'RetainedHost' from project 'RetainedHost')
2026-09-10T10:11:26.8371210Z     cd /Users/runner/work/PartyDeck/PartyDeck/godot/ios-host
2026-09-10T10:11:26.8390440Z     builtin-SwiftDriver -- /Applications/Xcode_26.4.1.app/Contents/Developer/Toolchains/XcodeDefault.xctoolchain/usr/bin/swiftc -module-name RetainedHost -Onone @/Users/runner/work/PartyDeck/PartyDeck/godot/ios-host/build/retained-host-test/DerivedData/Build/Intermediates.noindex/RetainedHost.build/Debug-iphonesimulator/RetainedHost.build/Objects-normal/arm64/RetainedHost.SwiftFileList -enable-experimental-feature DebugDescriptionMacro -sdk /Applications/Xcode_26.4.1.app/Contents/Developer/Platforms/iPhoneSimulator.platform/Developer/SDKs/iPhoneSimulator26.4.sdk -target arm64-apple-ios15.0-simulator -g -module-cache-path /Users/runner/work/PartyDeck/PartyDeck/godot/ios-host/build/retained-host-test/DerivedData/ModuleCache.noindex -Xfrontend -serialize-debugging-options -enable-testing -index-store-path /Users/runner/work/PartyDeck/PartyDeck/godot/ios-host/build/retained-host-test/DerivedData/Index.noindex/DataStore -swift-version 6 -I /Users/runner/work/PartyDeck/PartyDeck/godot/ios-host/build/retained-host-test/DerivedData/Build/Products/Debug-iphonesimulator -F /Users/runner/work/PartyDeck/PartyDeck/godot/ios-host/build/retained-host-test/DerivedData/Build/Products/Debug-iphonesimulator -F /Users/runner/work/PartyDeck/PartyDeck/godot/ios-host/build/artifacts -c -j3 -enable-batch-mode -incremental -Xcc -ivfsstatcache -Xcc /Users/runner/work/PartyDeck/PartyDeck/godot/ios-host/build/retained-host-test/DerivedData/SDKStatCaches.noindex/iphonesimulator26.4-23E252-688ef53f1462e2c8f657fdc38a81448f893e4a944e4cdd9af1f5077e1341bc52.sdkstatcache -output-file-map /Users/runner/work/PartyDeck/PartyDeck/godot/ios-host/build/retained-host-test/DerivedData/Build/Intermediates.noindex/RetainedHost.build/Debug-iphonesimulator/RetainedHost.build/Objects-normal/arm64/RetainedHost-OutputFileMap.json -use-frontend-parseable-output -save-temps -no-color-diagnostics -explicit-module-build -module-cache-path /Users/runner/work/PartyDeck/PartyDeck/godot/ios-host/build/retained-host-test/DerivedData/Build/Intermediates.noindex/SwiftExplicitPrecompiledModules -clang-scanner-module-cache-path /Users/runner/work/PartyDeck/PartyDeck/godot/ios-host/build/retained-host-test/DerivedData/ModuleCache.noindex -sdk-module-cache-path /Users/runner/work/PartyDeck/PartyDeck/godot/ios-host/build/retained-host-test/DerivedData/ModuleCache.noindex -serialize-diagnostics -emit-dependencies -emit-module -emit-module-path /Users/runner/work/PartyDeck/PartyDeck/godot/ios-host/build/retained-host-test/DerivedData/Build/Intermediates.noindex/RetainedHost.build/Debug-iphonesimulator/RetainedHost.build/Objects-normal/arm64/RetainedHost.swiftmodule -validate-clang-modules-once -clang-build-session-file /Users/runner/work/PartyDeck/PartyDeck/godot/ios-host/build/retained-host-test/DerivedData/ModuleCache.noindex/Session.modulevalidation -Xcc -I/Users/runner/work/PartyDeck/PartyDeck/godot/ios-host/build/retained-host-test/DerivedData/Build/Intermediates.noindex/RetainedHost.build/Debug-iphonesimulator/RetainedHost.build/swift-overrides.hmap -emit-const-values -Xfrontend -const-gather-protocols-file -Xfrontend /Users/runner/work/PartyDeck/PartyDeck/godot/ios-host/build/retained-host-test/DerivedData/Build/Intermediates.noindex/RetainedHost.build/Debug-iphonesimulator/RetainedHost.build/Objects-normal/arm64/RetainedHost_const_extract_protocols.json -Xcc -iquote -Xcc /Users/runner/work/PartyDeck/PartyDeck/godot/ios-host/build/retained-host-test/DerivedData/Build/Intermediates.noindex/RetainedHost.build/Debug-iphonesimulator/RetainedHost.build/RetainedHost-generated-files.hmap -Xcc -I/Users/runner/work/PartyDeck/PartyDeck/godot/ios-host/build/retained-host-test/DerivedData/Build/Intermediates.noindex/RetainedHost.build/Debug-iphonesimulator/RetainedHost.build/RetainedHost-own-target-headers.hmap -Xcc -I/Users/runner/work/PartyDeck/PartyDeck/godot/ios-host/build/retained-host-test/DerivedData/Build/Intermediates.noindex/RetainedHost.build/Debug-iphonesimulator/RetainedHost.build/RetainedHost-all-target-headers.hmap -Xcc -iquote -Xcc /Users/runner/work/PartyDeck/PartyDeck/godot/ios-host/build/retained-host-test/DerivedData/Build/Intermediates.noindex/RetainedHost.build/Debug-iphonesimulator/RetainedHost.build/RetainedHost-project-headers.hmap -Xcc -I/Users/runner/work/PartyDeck/PartyDeck/godot/ios-host/build/retained-host-test/DerivedData/Build/Products/Debug-iphonesimulator/include -Xcc -I/Users/runner/work/PartyDeck/PartyDeck/godot/ios-host/build/retained-host-test/DerivedData/Build/Intermediates.noindex/RetainedHost.build/Debug-iphonesimulator/RetainedHost.build/DerivedSources-normal/arm64 -Xcc -I/Users/runner/work/PartyDeck/PartyDeck/godot/ios-host/build/retained-host-test/DerivedData/Build/Intermediates.noindex/RetainedHost.build/Debug-iphonesimulator/RetainedHost.build/DerivedSources/arm64 -Xcc -I/Users/runner/work/PartyDeck/PartyDeck/godot/ios-host/build/retained-host-test/DerivedData/Build/Intermediates.noindex/RetainedHost.build/Debug-iphonesimulator/RetainedHost.build/DerivedSources -emit-objc-header -emit-objc-header-path /Users/runner/work/PartyDeck/PartyDeck/godot/ios-host/build/retained-host-test/DerivedData/Build/Intermediates.noindex/RetainedHost.build/Debug-iphonesimulator/RetainedHost.build/Objects-normal/arm64/RetainedHost-Swift.h -import-objc-header /Users/runner/work/PartyDeck/PartyDeck/godot/ios-host/modules/partydeck_ios_probe/PDGodotEngineOwner.h -working-directory /Users/runner/work/PartyDeck/PartyDeck/godot/ios-host -experimental-emit-module-separately -disable-cmo
2026-09-10T10:11:29.8102890Z 
2026-09-10T10:11:29.8498860Z SwiftExplicitDependencyGeneratePcm arm64 /Users/runner/work/PartyDeck/PartyDeck/godot/ios-host/build/retained-host-test/DerivedData/ModuleCache.noindex/SwiftShims-14Q5IAQOZY0I9PN019LOWC8LG.pcm
2026-09-10T10:11:30.1995750Z 
2026-09-10T10:11:30.2099000Z SwiftExplicitDependencyGeneratePcm arm64 /Users/runner/work/PartyDeck/PartyDeck/godot/ios-host/build/retained-host-test/DerivedData/ModuleCache.noindex/ptrauth-DZKRSUBNQ7RRRNQQGGNTK0M68.pcm
2026-09-10T10:11:30.2101270Z 
2026-09-10T10:11:30.2203090Z SwiftExplicitDependencyGeneratePcm arm64 /Users/runner/work/PartyDeck/PartyDeck/godot/ios-host/build/retained-host-test/DerivedData/ModuleCache.noindex/_Builtin_float-5NQTS1UDRJKV01JKZXLCB3MJM.pcm
2026-09-10T10:11:30.2303050Z 
2026-09-10T10:11:30.2355060Z SwiftExplicitDependencyGeneratePcm arm64 /Users/runner/work/PartyDeck/PartyDeck/godot/ios-host/build/retained-host-test/DerivedData/ModuleCache.noindex/_AvailabilityInternal-F1TKWQLCDNVDMG72L6Y38JYGS.pcm
2026-09-10T10:11:30.3997860Z 
2026-09-10T10:11:30.4141980Z SwiftExplicitDependencyGeneratePcm arm64 /Users/runner/work/PartyDeck/PartyDeck/godot/ios-host/build/retained-host-test/DerivedData/ModuleCache.noindex/_Builtin_stdbool-6MEMLN4HR5W1W773BC573438Q.pcm
2026-09-10T10:11:30.4245360Z 
2026-09-10T10:11:30.4251780Z SwiftExplicitDependencyGeneratePcm arm64 /Users/runner/work/PartyDeck/PartyDeck/godot/ios-host/build/retained-host-test/DerivedData/ModuleCache.noindex/DeveloperToolsSupport-D4OFX2X7SCBTZNXD41N9ZKFJ3.pcm
2026-09-10T10:11:30.4252740Z 
2026-09-10T10:11:30.4253480Z SwiftExplicitDependencyGeneratePcm arm64 /Users/runner/work/PartyDeck/PartyDeck/godot/ios-host/build/retained-host-test/DerivedData/ModuleCache.noindex/_Builtin_stddef-EFEH2I5LJTAJGFULFEWYT0DV7.pcm
2026-09-10T10:11:30.4254390Z 
2026-09-10T10:11:30.4255090Z SwiftExplicitDependencyGeneratePcm arm64 /Users/runner/work/PartyDeck/PartyDeck/godot/ios-host/build/retained-host-test/DerivedData/ModuleCache.noindex/_Builtin_stdarg-CTZ2JU4MPZCB5YTJ7HRK2JMPA.pcm
2026-09-10T10:11:30.4255890Z 
2026-09-10T10:11:30.4256680Z SwiftExplicitDependencyGeneratePcm arm64 /Users/runner/work/PartyDeck/PartyDeck/godot/ios-host/build/retained-host-test/DerivedData/ModuleCache.noindex/_SwiftConcurrencyShims-26NYI26AZ1FZINMPTJSR8462E.pcm
2026-09-10T10:11:30.4257530Z 
2026-09-10T10:11:30.4258220Z SwiftExplicitDependencyGeneratePcm arm64 /Users/runner/work/PartyDeck/PartyDeck/godot/ios-host/build/retained-host-test/DerivedData/ModuleCache.noindex/ptrcheck-BCFU3MJC9E73OAELF6UC16QJM.pcm
2026-09-10T10:11:30.4857800Z 
2026-09-10T10:11:30.4868830Z SwiftExplicitDependencyGeneratePcm arm64 /Users/runner/work/PartyDeck/PartyDeck/godot/ios-host/build/retained-host-test/DerivedData/ModuleCache.noindex/_DarwinFoundation1-F273SSNI0WWYUWTYL2PDXJW21.pcm
2026-09-10T10:11:30.6875340Z 
2026-09-10T10:11:30.6884460Z SwiftExplicitDependencyGeneratePcm arm64 /Users/runner/work/PartyDeck/PartyDeck/godot/ios-host/build/retained-host-test/DerivedData/ModuleCache.noindex/_DarwinFoundation2-ARTLXSU4HRYXJEHBXHMQGWS4E.pcm
2026-09-10T10:11:30.8842970Z 
2026-09-10T10:11:30.8855320Z SwiftExplicitDependencyGeneratePcm arm64 /Users/runner/work/PartyDeck/PartyDeck/godot/ios-host/build/retained-host-test/DerivedData/ModuleCache.noindex/_Builtin_limits-2T2UIJSVQZSX7TYWD262WGCG5.pcm
2026-09-10T10:11:30.8863060Z 
2026-09-10T10:11:30.8865200Z SwiftExplicitDependencyGeneratePcm arm64 /Users/runner/work/PartyDeck/PartyDeck/godot/ios-host/build/retained-host-test/DerivedData/ModuleCache.noindex/_Builtin_tgmath-F34VZBOKUK6P2OCCSB0HKFSUY.pcm
2026-09-10T10:11:31.0617250Z 
2026-09-10T10:11:31.0718900Z SwiftExplicitDependencyGeneratePcm arm64 /Users/runner/work/PartyDeck/PartyDeck/godot/ios-host/build/retained-host-test/DerivedData/ModuleCache.noindex/_Builtin_stdint-9Z66TOCPT1Y1AIMMLWPUR1B5I.pcm
2026-09-10T10:11:31.0821110Z 
2026-09-10T10:11:31.0969670Z SwiftExplicitDependencyGeneratePcm arm64 /Users/runner/work/PartyDeck/PartyDeck/godot/ios-host/build/retained-host-test/DerivedData/ModuleCache.noindex/sys_types-B4XBPJP32F43IUOFM91IQH13K.pcm
2026-09-10T10:11:31.1140290Z 
2026-09-10T10:11:31.1247100Z SwiftExplicitDependencyGeneratePcm arm64 /Users/runner/work/PartyDeck/PartyDeck/godot/ios-host/build/retained-host-test/DerivedData/ModuleCache.noindex/_Builtin_intrinsics-APAEY5CLDSDZQNSJHTZVVCAUK.pcm
2026-09-10T10:11:31.3953650Z 
2026-09-10T10:11:31.4074830Z SwiftExplicitDependencyGeneratePcm arm64 /Users/runner/work/PartyDeck/PartyDeck/godot/ios-host/build/retained-host-test/DerivedData/ModuleCache.noindex/_DarwinFoundation3-6A4UW5Z8CGG1A40JCMJ0VOU2W.pcm
2026-09-10T10:11:31.4179850Z 
2026-09-10T10:11:31.4282510Z SwiftExplicitDependencyGeneratePcm arm64 /Users/runner/work/PartyDeck/PartyDeck/godot/ios-host/build/retained-host-test/DerivedData/ModuleCache.noindex/_Builtin_stdatomic-5U6TU8RB9QRD8NIY1APK1B7ZO.pcm
2026-09-10T10:11:31.4387430Z 
2026-09-10T10:11:31.4508240Z SwiftExplicitDependencyGeneratePcm arm64 /Users/runner/work/PartyDeck/PartyDeck/godot/ios-host/build/retained-host-test/DerivedData/ModuleCache.noindex/_Builtin_inttypes-5Y9HKM65ISKD0XJRUWDL3T7AG.pcm
2026-09-10T10:11:31.4509230Z 
2026-09-10T10:11:31.4617190Z SwiftExplicitDependencyGeneratePcm arm64 /Users/runner/work/PartyDeck/PartyDeck/godot/ios-host/build/retained-host-test/DerivedData/ModuleCache.noindex/Darwin-4P7SDGYUREHEUC7P5X91X7AL3.pcm
2026-09-10T10:11:31.6714710Z 
2026-09-10T10:11:31.6850150Z SwiftExplicitDependencyGeneratePcm arm64 /Users/runner/work/PartyDeck/PartyDeck/godot/ios-host/build/retained-host-test/DerivedData/ModuleCache.noindex/simd-3OUNO8M4GD6XSJ3RQDIWLDYKQ.pcm
2026-09-10T10:11:31.9302960Z 
2026-09-10T10:11:31.9306660Z SwiftExplicitDependencyGeneratePcm arm64 /Users/runner/work/PartyDeck/PartyDeck/godot/ios-host/build/retained-host-test/DerivedData/ModuleCache.noindex/ObjectiveC-A7VRMP7FD55SD20G3EB08NB9B.pcm
2026-09-10T10:11:31.9310260Z 
2026-09-10T10:11:31.9412080Z SwiftExplicitDependencyGeneratePcm arm64 /Users/runner/work/PartyDeck/PartyDeck/godot/ios-host/build/retained-host-test/DerivedData/ModuleCache.noindex/MachO-2LGQCZP7PU25NNULOHXOR55SF.pcm
2026-09-10T10:11:31.9513330Z 
2026-09-10T10:11:31.9615830Z SwiftExplicitDependencyGeneratePcm arm64 /Users/runner/work/PartyDeck/PartyDeck/godot/ios-host/build/retained-host-test/DerivedData/ModuleCache.noindex/os_object-DUY43URKGT94VKE0XL56IZ87D.pcm
2026-09-10T10:11:31.9718220Z 
2026-09-10T10:11:31.9821430Z SwiftExplicitDependencyGeneratePcm arm64 /Users/runner/work/PartyDeck/PartyDeck/godot/ios-host/build/retained-host-test/DerivedData/ModuleCache.noindex/os_workgroup-4PYXTAQIIVM27BBPLU9OGTRUS.pcm
2026-09-10T10:11:32.0020100Z 
2026-09-10T10:11:32.0123000Z SwiftExplicitDependencyGeneratePcm arm64 /Users/runner/work/PartyDeck/PartyDeck/godot/ios-host/build/retained-host-test/DerivedData/ModuleCache.noindex/Spatial-3CRJIHV9FJW59E1K6090FY7JQ.pcm
2026-09-10T10:11:32.3715010Z 
2026-09-10T10:11:32.3817320Z SwiftExplicitDependencyGeneratePcm arm64 /Users/runner/work/PartyDeck/PartyDeck/godot/ios-host/build/retained-host-test/DerivedData/ModuleCache.noindex/Dispatch-6C88GRSZL6G6OVHG328RV9PAH.pcm
2026-09-10T10:11:32.3916970Z 
2026-09-10T10:11:32.4018960Z SwiftExplicitDependencyGeneratePcm arm64 /Users/runner/work/PartyDeck/PartyDeck/godot/ios-host/build/retained-host-test/DerivedData/ModuleCache.noindex/XPC-UTEEK14VDJ1YKCW03GGIVMVI.pcm
2026-09-10T10:11:32.4118590Z 
2026-09-10T10:11:32.4222260Z SwiftExplicitDependencyGeneratePcm arm64 /Users/runner/work/PartyDeck/PartyDeck/godot/ios-host/build/retained-host-test/DerivedData/ModuleCache.noindex/CoreFoundation-1CQSEP39QR6RYIWZGDYUYV07S.pcm
2026-09-10T10:11:32.4276650Z 
2026-09-10T10:11:32.4278360Z SwiftExplicitDependencyGeneratePcm arm64 /Users/runner/work/PartyDeck/PartyDeck/godot/ios-host/build/retained-host-test/DerivedData/ModuleCache.noindex/os-EBF43XR01Z2XJYT42GBO5F1T1.pcm
2026-09-10T10:11:32.4279830Z 
2026-09-10T10:11:32.4414020Z SwiftExplicitDependencyGeneratePcm arm64 /Users/runner/work/PartyDeck/PartyDeck/godot/ios-host/build/retained-host-test/DerivedData/ModuleCache.noindex/CoreGraphics-7AICPEUPS442WH3E46J7DJDLZ.pcm
2026-09-10T10:11:32.4997380Z 
2026-09-10T10:11:32.5125750Z SwiftExplicitDependencyGeneratePcm arm64 /Users/runner/work/PartyDeck/PartyDeck/godot/ios-host/build/retained-host-test/DerivedData/ModuleCache.noindex/Security-44PLCHP5PS4N6GX16EWJ02CCM.pcm
2026-09-10T10:11:32.5247360Z 
2026-09-10T10:11:32.5374340Z SwiftExplicitDependencyGeneratePcm arm64 /Users/runner/work/PartyDeck/PartyDeck/godot/ios-host/build/retained-host-test/DerivedData/ModuleCache.noindex/CFNetwork-AUATM2OOWJFVLDD5KN4FJORRK.pcm
2026-09-10T10:11:32.5479370Z 
2026-09-10T10:11:32.5582650Z SwiftExplicitDependencyGeneratePcm arm64 /Users/runner/work/PartyDeck/PartyDeck/godot/ios-host/build/retained-host-test/DerivedData/ModuleCache.noindex/Foundation-1YOTCB5UY4UV0TY58VQEYCRYY.pcm
2026-09-10T10:11:32.9741080Z 
2026-09-10T10:11:32.9867540Z SwiftExplicitDependencyGeneratePcm arm64 /Users/runner/work/PartyDeck/PartyDeck/godot/ios-host/build/retained-host-test/DerivedData/ModuleCache.noindex/ImageIO-9S1KZTBH30DJVFKA60C0I65TT.pcm
2026-09-10T10:11:32.9994100Z 
2026-09-10T10:11:33.0117730Z SwiftExplicitDependencyGeneratePcm arm64 /Users/runner/work/PartyDeck/PartyDeck/godot/ios-host/build/retained-host-test/DerivedData/ModuleCache.noindex/CoreText-C1QS9Z8MYETTP9L3TLNX35XT8.pcm
2026-09-10T10:11:33.0240790Z 
2026-09-10T10:11:33.0346270Z SwiftExplicitDependencyGeneratePcm arm64 /Users/runner/work/PartyDeck/PartyDeck/godot/ios-host/build/retained-host-test/DerivedData/ModuleCache.noindex/UserNotifications-4DBKSADYT1C6EJYV9BQWBX8HB.pcm
2026-09-10T10:11:33.1186780Z 
2026-09-10T10:11:33.1288440Z SwiftExplicitDependencyGeneratePcm arm64 /Users/runner/work/PartyDeck/PartyDeck/godot/ios-host/build/retained-host-test/DerivedData/Build/Intermediates.noindex/SwiftExplicitPrecompiledModules/PartyDeckGodotBridge-BMV6MDP1LNADXDM6PUR3JOOJE.pcm
2026-09-10T10:11:33.1611310Z 
2026-09-10T10:11:33.1733910Z SwiftExplicitDependencyGeneratePcm arm64 /Users/runner/work/PartyDeck/PartyDeck/godot/ios-host/build/retained-host-test/DerivedData/ModuleCache.noindex/Accessibility-DO7GWBMEX4YLO8UTHR6FOZNCH.pcm
2026-09-10T10:11:33.1835890Z 
2026-09-10T10:11:33.1960350Z SwiftExplicitDependencyGeneratePcm arm64 /Users/runner/work/PartyDeck/PartyDeck/godot/ios-host/build/retained-host-test/DerivedData/ModuleCache.noindex/DataDetection-AA8WYRYF04MCPFQ7G8V1CLJU7.pcm
2026-09-10T10:11:33.2072170Z 
2026-09-10T10:11:33.2253000Z SwiftExplicitDependencyGeneratePcm arm64 /Users/runner/work/PartyDeck/PartyDeck/godot/ios-host/build/retained-host-test/DerivedData/ModuleCache.noindex/OSLog-CTAQS9PZ0RH59GLY4CGCTVFVN.pcm
2026-09-10T10:11:33.2369860Z 
2026-09-10T10:11:33.2508350Z SwiftExplicitDependencyGeneratePcm arm64 /Users/runner/work/PartyDeck/PartyDeck/godot/ios-host/build/retained-host-test/DerivedData/ModuleCache.noindex/CoreTransferable-6X00O088KD1PIY2UD8Y2FQZXY.pcm
2026-09-10T10:11:33.2932430Z 
2026-09-10T10:11:33.3050450Z SwiftExplicitDependencyGeneratePcm arm64 /Users/runner/work/PartyDeck/PartyDeck/godot/ios-host/build/retained-host-test/DerivedData/ModuleCache.noindex/FileProvider-1UGPI6SBERRTHKMG8UX7BQYZO.pcm
2026-09-10T10:11:33.4110400Z 
2026-09-10T10:11:33.4251660Z SwiftExplicitDependencyGeneratePcm arm64 /Users/runner/work/PartyDeck/PartyDeck/godot/ios-host/build/retained-host-test/DerivedData/ModuleCache.noindex/Symbols-PPBXRT3BRP1383DZF8F4KMXI.pcm
2026-09-10T10:11:33.4386930Z 
2026-09-10T10:11:33.4516790Z SwiftExplicitDependencyGeneratePcm arm64 /Users/runner/work/PartyDeck/PartyDeck/godot/ios-host/build/retained-host-test/DerivedData/ModuleCache.noindex/CoreData-6BNQCY3YYP2M6814FCC1IM0SW.pcm
2026-09-10T10:11:33.4620490Z 
2026-09-10T10:11:33.4721960Z SwiftExplicitDependencyGeneratePcm arm64 /Users/runner/work/PartyDeck/PartyDeck/godot/ios-host/build/retained-host-test/DerivedData/ModuleCache.noindex/UIUtilities-AGSHB15219HLPXEQW3WWNY58Z.pcm
2026-09-10T10:11:33.4823210Z 
2026-09-10T10:11:33.4925220Z SwiftExplicitDependencyGeneratePcm arm64 /Users/runner/work/PartyDeck/PartyDeck/godot/ios-host/build/retained-host-test/DerivedData/ModuleCache.noindex/UniformTypeIdentifiers-A30XJENQMWFLAP98JT5VLSTPG.pcm
2026-09-10T10:11:33.5027490Z 
2026-09-10T10:11:33.5129160Z SwiftExplicitDependencyGeneratePcm arm64 /Users/runner/work/PartyDeck/PartyDeck/godot/ios-host/build/retained-host-test/DerivedData/ModuleCache.noindex/OpenGLES-7PJN97N7Q2FWMEZLXQ8A6H8DQ.pcm
2026-09-10T10:11:33.5637220Z 
2026-09-10T10:11:33.5739870Z SwiftExplicitDependencyGeneratePcm arm64 /Users/runner/work/PartyDeck/PartyDeck/godot/ios-host/build/retained-host-test/DerivedData/ModuleCache.noindex/IOSurface-395PW6P09QPB371EHRDD1U3CE.pcm
2026-09-10T10:11:33.5830790Z 
2026-09-10T10:11:33.5831780Z SwiftExplicitDependencyGeneratePcm arm64 /Users/runner/work/PartyDeck/PartyDeck/godot/ios-host/build/retained-host-test/DerivedData/ModuleCache.noindex/Metal-8AS2UR4OU6IZBMV88014WLZXY.pcm
2026-09-10T10:11:33.7149480Z 
2026-09-10T10:11:33.7152940Z SwiftExplicitDependencyGeneratePcm arm64 /Users/runner/work/PartyDeck/PartyDeck/godot/ios-host/build/retained-host-test/DerivedData/ModuleCache.noindex/CoreVideo-31XK4JHRXLFYYPKAL3I0Q159Z.pcm
2026-09-10T10:11:33.8144150Z 
2026-09-10T10:11:33.8147990Z SwiftExplicitDependencyGeneratePcm arm64 /Users/runner/work/PartyDeck/PartyDeck/godot/ios-host/build/retained-host-test/DerivedData/ModuleCache.noindex/CoreImage-5KPJ7IO3ZZ9NS7NT9QMRLKQYB.pcm
2026-09-10T10:11:33.9392310Z 
2026-09-10T10:11:33.9475280Z SwiftExplicitDependencyGeneratePcm arm64 /Users/runner/work/PartyDeck/PartyDeck/godot/ios-host/build/retained-host-test/DerivedData/ModuleCache.noindex/QuartzCore-ALXQV5CA0UNS4996HX0G15CFW.pcm
2026-09-10T10:11:33.9567000Z 
2026-09-10T10:11:33.9672610Z SwiftExplicitDependencyGeneratePcm arm64 /Users/runner/work/PartyDeck/PartyDeck/godot/ios-host/build/retained-host-test/DerivedData/ModuleCache.noindex/SwiftUICore-1KGAEEJV845JC8F4NSG7MWDHV.pcm
2026-09-10T10:11:33.9682830Z 
2026-09-10T10:11:33.9683590Z SwiftExplicitDependencyGeneratePcm arm64 /Users/runner/work/PartyDeck/PartyDeck/godot/ios-host/build/retained-host-test/DerivedData/ModuleCache.noindex/UIKit-7V12WK6XKW0H7DBQVWQQWR73V.pcm
2026-09-10T10:11:34.6595900Z 
2026-09-10T10:11:34.6698060Z SwiftExplicitDependencyGeneratePcm arm64 /Users/runner/work/PartyDeck/PartyDeck/godot/ios-host/build/retained-host-test/DerivedData/ModuleCache.noindex/SwiftUI-4008M678JWNWLYK0VFUL61DX5.pcm
2026-09-10T10:11:34.7188540Z 
2026-09-10T10:11:34.7191360Z SwiftGeneratePch normal arm64 Compiling\ bridging\ header (in target 'RetainedHost' from project 'RetainedHost')
2026-09-10T10:11:34.8554690Z 1 warning generated.
2026-09-10T10:11:34.8563610Z /Users/runner/work/PartyDeck/PartyDeck/godot/ios-host/modules/partydeck_ios_probe/PDGodotEngineOwner.h:1:9: warning: #pragma once in main file
2026-09-10T10:11:34.8691600Z  1 | #pragma once
2026-09-10T10:11:34.8817230Z    |         `- warning: #pragma once in main file
2026-09-10T10:11:34.8939040Z  2 | 
2026-09-10T10:11:34.9064970Z  3 | #import <Foundation/Foundation.h>
2026-09-10T10:11:34.9224600Z 
2026-09-10T10:11:34.9371820Z SwiftDriverJobDiscovery normal arm64 Compiling bridging header (in target 'RetainedHost' from project 'RetainedHost')
2026-09-10T10:11:34.9519200Z 
2026-09-10T10:11:34.9643660Z SwiftEmitModule normal arm64 Emitting\ module\ for\ RetainedHost (in target 'RetainedHost' from project 'RetainedHost')
2026-09-10T10:11:34.9744900Z 
2026-09-10T10:11:34.9871830Z EmitSwiftModule normal arm64 (in target 'RetainedHost' from project 'RetainedHost')
2026-09-10T10:11:34.9974420Z     cd /Users/runner/work/PartyDeck/PartyDeck/godot/ios-host
2026-09-10T10:11:35.0078050Z     
2026-09-10T10:11:35.6139090Z 
2026-09-10T10:11:35.6540850Z SwiftCompile normal arm64 Compiling\ RetainedModel.swift /Users/runner/work/PartyDeck/PartyDeck/godot/ios-host/RetainedHost/RetainedModel.swift (in target 'RetainedHost' from project 'RetainedHost')
2026-09-10T10:11:35.6670110Z SwiftCompile normal arm64 /Users/runner/work/PartyDeck/PartyDeck/godot/ios-host/RetainedHost/RetainedModel.swift (in target 'RetainedHost' from project 'RetainedHost')
2026-09-10T10:11:35.6786070Z     cd /Users/runner/work/PartyDeck/PartyDeck/godot/ios-host
2026-09-10T10:11:35.6932480Z     
2026-09-10T10:11:41.7189330Z 
2026-09-10T10:11:41.7318000Z SwiftCompile normal arm64 Compiling\ RetainedHostApp.swift /Users/runner/work/PartyDeck/PartyDeck/godot/ios-host/RetainedHost/RetainedHostApp.swift (in target 'RetainedHost' from project 'RetainedHost')
2026-09-10T10:11:41.7422540Z 
2026-09-10T10:11:41.7537090Z SwiftCompile normal arm64 /Users/runner/work/PartyDeck/PartyDeck/godot/ios-host/RetainedHost/RetainedHostApp.swift (in target 'RetainedHost' from project 'RetainedHost')
2026-09-10T10:11:41.7647480Z     cd /Users/runner/work/PartyDeck/PartyDeck/godot/ios-host
2026-09-10T10:11:41.7743320Z     
2026-09-10T10:11:41.7844400Z 
2026-09-10T10:11:41.7855500Z SwiftDriverJobDiscovery normal arm64 Emitting module for RetainedHost (in target 'RetainedHost' from project 'RetainedHost')
2026-09-10T10:11:41.7856200Z 
2026-09-10T10:11:41.7856910Z SwiftDriver\ Compilation\ Requirements RetainedHost normal arm64 com.apple.xcode.tools.swift.compiler (in target 'RetainedHost' from project 'RetainedHost')
2026-09-10T10:11:41.7857950Z     cd /Users/runner/work/PartyDeck/PartyDeck/godot/ios-host
2026-09-10T10:11:41.7938120Z     builtin-Swift-Compilation-Requirements -- /Applications/Xcode_26.4.1.app/Contents/Developer/Toolchains/XcodeDefault.xctoolchain/usr/bin/swiftc -module-name RetainedHost -Onone @/Users/runner/work/PartyDeck/PartyDeck/godot/ios-host/build/retained-host-test/DerivedData/Build/Intermediates.noindex/RetainedHost.build/Debug-iphonesimulator/RetainedHost.build/Objects-normal/arm64/RetainedHost.SwiftFileList -enable-experimental-feature DebugDescriptionMacro -sdk /Applications/Xcode_26.4.1.app/Contents/Developer/Platforms/iPhoneSimulator.platform/Developer/SDKs/iPhoneSimulator26.4.sdk -target arm64-apple-ios15.0-simulator -g -module-cache-path /Users/runner/work/PartyDeck/PartyDeck/godot/ios-host/build/retained-host-test/DerivedData/ModuleCache.noindex -Xfrontend -serialize-debugging-options -enable-testing -index-store-path /Users/runner/work/PartyDeck/PartyDeck/godot/ios-host/build/retained-host-test/DerivedData/Index.noindex/DataStore -swift-version 6 -I /Users/runner/work/PartyDeck/PartyDeck/godot/ios-host/build/retained-host-test/DerivedData/Build/Products/Debug-iphonesimulator -F /Users/runner/work/PartyDeck/PartyDeck/godot/ios-host/build/retained-host-test/DerivedData/Build/Products/Debug-iphonesimulator -F /Users/runner/work/PartyDeck/PartyDeck/godot/ios-host/build/artifacts -c -j3 -enable-batch-mode -incremental -Xcc -ivfsstatcache -Xcc /Users/runner/work/PartyDeck/PartyDeck/godot/ios-host/build/retained-host-test/DerivedData/SDKStatCaches.noindex/iphonesimulator26.4-23E252-688ef53f1462e2c8f657fdc38a81448f893e4a944e4cdd9af1f5077e1341bc52.sdkstatcache -output-file-map /Users/runner/work/PartyDeck/PartyDeck/godot/ios-host/build/retained-host-test/DerivedData/Build/Intermediates.noindex/RetainedHost.build/Debug-iphonesimulator/RetainedHost.build/Objects-normal/arm64/RetainedHost-OutputFileMap.json -use-frontend-parseable-output -save-temps -no-color-diagnostics -explicit-module-build -module-cache-path /Users/runner/work/PartyDeck/PartyDeck/godot/ios-host/build/retained-host-test/DerivedData/Build/Intermediates.noindex/SwiftExplicitPrecompiledModules -clang-scanner-module-cache-path /Users/runner/work/PartyDeck/PartyDeck/godot/ios-host/build/retained-host-test/DerivedData/ModuleCache.noindex -sdk-module-cache-path /Users/runner/work/PartyDeck/PartyDeck/godot/ios-host/build/retained-host-test/DerivedData/ModuleCache.noindex -serialize-diagnostics -emit-dependencies -emit-module -emit-module-path /Users/runner/work/PartyDeck/PartyDeck/godot/ios-host/build/retained-host-test/DerivedData/Build/Intermediates.noindex/RetainedHost.build/Debug-iphonesimulator/RetainedHost.build/Objects-normal/arm64/RetainedHost.swiftmodule -validate-clang-modules-once -clang-build-session-file /Users/runner/work/PartyDeck/PartyDeck/godot/ios-host/build/retained-host-test/DerivedData/ModuleCache.noindex/Session.modulevalidation -Xcc -I/Users/runner/work/PartyDeck/PartyDeck/godot/ios-host/build/retained-host-test/DerivedData/Build/Intermediates.noindex/RetainedHost.build/Debug-iphonesimulator/RetainedHost.build/swift-overrides.hmap -emit-const-values -Xfrontend -const-gather-protocols-file -Xfrontend /Users/runner/work/PartyDeck/PartyDeck/godot/ios-host/build/retained-host-test/DerivedData/Build/Intermediates.noindex/RetainedHost.build/Debug-iphonesimulator/RetainedHost.build/Objects-normal/arm64/RetainedHost_const_extract_protocols.json -Xcc -iquote -Xcc /Users/runner/work/PartyDeck/PartyDeck/godot/ios-host/build/retained-host-test/DerivedData/Build/Intermediates.noindex/RetainedHost.build/Debug-iphonesimulator/RetainedHost.build/RetainedHost-generated-files.hmap -Xcc -I/Users/runner/work/PartyDeck/PartyDeck/godot/ios-host/build/retained-host-test/DerivedData/Build/Intermediates.noindex/RetainedHost.build/Debug-iphonesimulator/RetainedHost.build/RetainedHost-own-target-headers.hmap -Xcc -I/Users/runner/work/PartyDeck/PartyDeck/godot/ios-host/build/retained-host-test/DerivedData/Build/Intermediates.noindex/RetainedHost.build/Debug-iphonesimulator/RetainedHost.build/RetainedHost-all-target-headers.hmap -Xcc -iquote -Xcc /Users/runner/work/PartyDeck/PartyDeck/godot/ios-host/build/retained-host-test/DerivedData/Build/Intermediates.noindex/RetainedHost.build/Debug-iphonesimulator/RetainedHost.build/RetainedHost-project-headers.hmap -Xcc -I/Users/runner/work/PartyDeck/PartyDeck/godot/ios-host/build/retained-host-test/DerivedData/Build/Products/Debug-iphonesimulator/include -Xcc -I/Users/runner/work/PartyDeck/PartyDeck/godot/ios-host/build/retained-host-test/DerivedData/Build/Intermediates.noindex/RetainedHost.build/Debug-iphonesimulator/RetainedHost.build/DerivedSources-normal/arm64 -Xcc -I/Users/runner/work/PartyDeck/PartyDeck/godot/ios-host/build/retained-host-test/DerivedData/Build/Intermediates.noindex/RetainedHost.build/Debug-iphonesimulator/RetainedHost.build/DerivedSources/arm64 -Xcc -I/Users/runner/work/PartyDeck/PartyDeck/godot/ios-host/build/retained-host-test/DerivedData/Build/Intermediates.noindex/RetainedHost.build/Debug-iphonesimulator/RetainedHost.build/DerivedSources -emit-objc-header -emit-objc-header-path /Users/runner/work/PartyDeck/PartyDeck/godot/ios-host/build/retained-host-test/DerivedData/Build/Intermediates.noindex/RetainedHost.build/Debug-iphonesimulator/RetainedHost.build/Objects-normal/arm64/RetainedHost-Swift.h -import-objc-header /Users/runner/work/PartyDeck/PartyDeck/godot/ios-host/modules/partydeck_ios_probe/PDGodotEngineOwner.h -working-directory /Users/runner/work/PartyDeck/PartyDeck/godot/ios-host -experimental-emit-module-separately -disable-cmo
2026-09-10T10:11:41.8038720Z 
2026-09-10T10:11:41.8043050Z SwiftMergeGeneratedHeaders /Users/runner/work/PartyDeck/PartyDeck/godot/ios-host/build/retained-host-test/DerivedData/Build/Intermediates.noindex/RetainedHost.build/Debug-iphonesimulator/RetainedHost.build/DerivedSources/RetainedHost-Swift.h /Users/runner/work/PartyDeck/PartyDeck/godot/ios-host/build/retained-host-test/DerivedData/Build/Intermediates.noindex/RetainedHost.build/Debug-iphonesimulator/RetainedHost.build/Objects-normal/arm64/RetainedHost-Swift.h (in target 'RetainedHost' from project 'RetainedHost')
2026-09-10T10:11:41.8048780Z     cd /Users/runner/work/PartyDeck/PartyDeck/godot/ios-host
2026-09-10T10:11:41.8053310Z     builtin-swiftHeaderTool -arch arm64 /Users/runner/work/PartyDeck/PartyDeck/godot/ios-host/build/retained-host-test/DerivedData/Build/Intermediates.noindex/RetainedHost.build/Debug-iphonesimulator/RetainedHost.build/Objects-normal/arm64/RetainedHost-Swift.h -o /Users/runner/work/PartyDeck/PartyDeck/godot/ios-host/build/retained-host-test/DerivedData/Build/Intermediates.noindex/RetainedHost.build/Debug-iphonesimulator/RetainedHost.build/DerivedSources/RetainedHost-Swift.h
2026-09-10T10:11:41.8067420Z 
2026-09-10T10:11:41.8071520Z Copy /Users/runner/work/PartyDeck/PartyDeck/godot/ios-host/build/retained-host-test/DerivedData/Build/Products/Debug-iphonesimulator/RetainedHost.swiftmodule/arm64-apple-ios-simulator.swiftmodule /Users/runner/work/PartyDeck/PartyDeck/godot/ios-host/build/retained-host-test/DerivedData/Build/Intermediates.noindex/RetainedHost.build/Debug-iphonesimulator/RetainedHost.build/Objects-normal/arm64/RetainedHost.swiftmodule (in target 'RetainedHost' from project 'RetainedHost')
2026-09-10T10:11:41.8074850Z     cd /Users/runner/work/PartyDeck/PartyDeck/godot/ios-host
2026-09-10T10:11:41.8077560Z     builtin-copy -exclude .DS_Store -exclude CVS -exclude .svn -exclude .git -exclude .hg -strip-unsigned-binaries -strip-deterministic -strip-tool /Applications/Xcode_26.4.1.app/Contents/Developer/Toolchains/XcodeDefault.xctoolchain/usr/bin/strip -resolve-src-symlinks -rename /Users/runner/work/PartyDeck/PartyDeck/godot/ios-host/build/retained-host-test/DerivedData/Build/Intermediates.noindex/RetainedHost.build/Debug-iphonesimulator/RetainedHost.build/Objects-normal/arm64/RetainedHost.swiftmodule /Users/runner/work/PartyDeck/PartyDeck/godot/ios-host/build/retained-host-test/DerivedData/Build/Products/Debug-iphonesimulator/RetainedHost.swiftmodule/arm64-apple-ios-simulator.swiftmodule
2026-09-10T10:11:41.8082560Z 
2026-09-10T10:11:41.8084910Z Copy /Users/runner/work/PartyDeck/PartyDeck/godot/ios-host/build/retained-host-test/DerivedData/Build/Products/Debug-iphonesimulator/RetainedHost.swiftmodule/arm64-apple-ios-simulator.swiftdoc /Users/runner/work/PartyDeck/PartyDeck/godot/ios-host/build/retained-host-test/DerivedData/Build/Intermediates.noindex/RetainedHost.build/Debug-iphonesimulator/RetainedHost.build/Objects-normal/arm64/RetainedHost.swiftdoc (in target 'RetainedHost' from project 'RetainedHost')
2026-09-10T10:11:41.8088640Z     cd /Users/runner/work/PartyDeck/PartyDeck/godot/ios-host
2026-09-10T10:11:41.8097970Z     builtin-copy -exclude .DS_Store -exclude CVS -exclude .svn -exclude .git -exclude .hg -strip-unsigned-binaries -strip-deterministic -strip-tool /Applications/Xcode_26.4.1.app/Contents/Developer/Toolchains/XcodeDefault.xctoolchain/usr/bin/strip -resolve-src-symlinks -rename /Users/runner/work/PartyDeck/PartyDeck/godot/ios-host/build/retained-host-test/DerivedData/Build/Intermediates.noindex/RetainedHost.build/Debug-iphonesimulator/RetainedHost.build/Objects-normal/arm64/RetainedHost.swiftdoc /Users/runner/work/PartyDeck/PartyDeck/godot/ios-host/build/retained-host-test/DerivedData/Build/Products/Debug-iphonesimulator/RetainedHost.swiftmodule/arm64-apple-ios-simulator.swiftdoc
2026-09-10T10:11:41.8100690Z 
2026-09-10T10:11:41.8102340Z Copy /Users/runner/work/PartyDeck/PartyDeck/godot/ios-host/build/retained-host-test/DerivedData/Build/Products/Debug-iphonesimulator/RetainedHost.swiftmodule/arm64-apple-ios-simulator.abi.json /Users/runner/work/PartyDeck/PartyDeck/godot/ios-host/build/retained-host-test/DerivedData/Build/Intermediates.noindex/RetainedHost.build/Debug-iphonesimulator/RetainedHost.build/Objects-normal/arm64/RetainedHost.abi.json (in target 'RetainedHost' from project 'RetainedHost')
2026-09-10T10:11:41.8104700Z     cd /Users/runner/work/PartyDeck/PartyDeck/godot/ios-host
2026-09-10T10:11:41.8107350Z     builtin-copy -exclude .DS_Store -exclude CVS -exclude .svn -exclude .git -exclude .hg -strip-unsigned-binaries -strip-deterministic -strip-tool /Applications/Xcode_26.4.1.app/Contents/Developer/Toolchains/XcodeDefault.xctoolchain/usr/bin/strip -resolve-src-symlinks -rename /Users/runner/work/PartyDeck/PartyDeck/godot/ios-host/build/retained-host-test/DerivedData/Build/Intermediates.noindex/RetainedHost.build/Debug-iphonesimulator/RetainedHost.build/Objects-normal/arm64/RetainedHost.abi.json /Users/runner/work/PartyDeck/PartyDeck/godot/ios-host/build/retained-host-test/DerivedData/Build/Products/Debug-iphonesimulator/RetainedHost.swiftmodule/arm64-apple-ios-simulator.abi.json
2026-09-10T10:11:41.8110230Z 
2026-09-10T10:11:41.8111910Z Copy /Users/runner/work/PartyDeck/PartyDeck/godot/ios-host/build/retained-host-test/DerivedData/Build/Products/Debug-iphonesimulator/RetainedHost.swiftmodule/Project/arm64-apple-ios-simulator.swiftsourceinfo /Users/runner/work/PartyDeck/PartyDeck/godot/ios-host/build/retained-host-test/DerivedData/Build/Intermediates.noindex/RetainedHost.build/Debug-iphonesimulator/RetainedHost.build/Objects-normal/arm64/RetainedHost.swiftsourceinfo (in target 'RetainedHost' from project 'RetainedHost')
2026-09-10T10:11:41.8113750Z     cd /Users/runner/work/PartyDeck/PartyDeck/godot/ios-host
2026-09-10T10:11:41.8116750Z     builtin-copy -exclude .DS_Store -exclude CVS -exclude .svn -exclude .git -exclude .hg -strip-unsigned-binaries -strip-deterministic -strip-tool /Applications/Xcode_26.4.1.app/Contents/Developer/Toolchains/XcodeDefault.xctoolchain/usr/bin/strip -resolve-src-symlinks -rename /Users/runner/work/PartyDeck/PartyDeck/godot/ios-host/build/retained-host-test/DerivedData/Build/Intermediates.noindex/RetainedHost.build/Debug-iphonesimulator/RetainedHost.build/Objects-normal/arm64/RetainedHost.swiftsourceinfo /Users/runner/work/PartyDeck/PartyDeck/godot/ios-host/build/retained-host-test/DerivedData/Build/Products/Debug-iphonesimulator/RetainedHost.swiftmodule/Project/arm64-apple-ios-simulator.swiftsourceinfo
2026-09-10T10:11:41.8119360Z 
2026-09-10T10:11:41.8119680Z SwiftDriverJobDiscovery normal arm64 Compiling RetainedHostApp.swift (in target 'RetainedHost' from project 'RetainedHost')
2026-09-10T10:11:41.8120180Z 
2026-09-10T10:11:41.8120590Z SwiftDriverJobDiscovery normal arm64 Compiling RetainedModel.swift (in target 'RetainedHost' from project 'RetainedHost')
2026-09-10T10:11:41.8121040Z 
2026-09-10T10:11:41.8121820Z SwiftDriver\ Compilation RetainedHost normal arm64 com.apple.xcode.tools.swift.compiler (in target 'RetainedHost' from project 'RetainedHost')
2026-09-10T10:11:41.8122520Z     cd /Users/runner/work/PartyDeck/PartyDeck/godot/ios-host
2026-09-10T10:11:41.8148830Z     builtin-Swift-Compilation -- /Applications/Xcode_26.4.1.app/Contents/Developer/Toolchains/XcodeDefault.xctoolchain/usr/bin/swiftc -module-name RetainedHost -Onone @/Users/runner/work/PartyDeck/PartyDeck/godot/ios-host/build/retained-host-test/DerivedData/Build/Intermediates.noindex/RetainedHost.build/Debug-iphonesimulator/RetainedHost.build/Objects-normal/arm64/RetainedHost.SwiftFileList -enable-experimental-feature DebugDescriptionMacro -sdk /Applications/Xcode_26.4.1.app/Contents/Developer/Platforms/iPhoneSimulator.platform/Developer/SDKs/iPhoneSimulator26.4.sdk -target arm64-apple-ios15.0-simulator -g -module-cache-path /Users/runner/work/PartyDeck/PartyDeck/godot/ios-host/build/retained-host-test/DerivedData/ModuleCache.noindex -Xfrontend -serialize-debugging-options -enable-testing -index-store-path /Users/runner/work/PartyDeck/PartyDeck/godot/ios-host/build/retained-host-test/DerivedData/Index.noindex/DataStore -swift-version 6 -I /Users/runner/work/PartyDeck/PartyDeck/godot/ios-host/build/retained-host-test/DerivedData/Build/Products/Debug-iphonesimulator -F /Users/runner/work/PartyDeck/PartyDeck/godot/ios-host/build/retained-host-test/DerivedData/Build/Products/Debug-iphonesimulator -F /Users/runner/work/PartyDeck/PartyDeck/godot/ios-host/build/artifacts -c -j3 -enable-batch-mode -incremental -Xcc -ivfsstatcache -Xcc /Users/runner/work/PartyDeck/PartyDeck/godot/ios-host/build/retained-host-test/DerivedData/SDKStatCaches.noindex/iphonesimulator26.4-23E252-688ef53f1462e2c8f657fdc38a81448f893e4a944e4cdd9af1f5077e1341bc52.sdkstatcache -output-file-map /Users/runner/work/PartyDeck/PartyDeck/godot/ios-host/build/retained-host-test/DerivedData/Build/Intermediates.noindex/RetainedHost.build/Debug-iphonesimulator/RetainedHost.build/Objects-normal/arm64/RetainedHost-OutputFileMap.json -use-frontend-parseable-output -save-temps -no-color-diagnostics -explicit-module-build -module-cache-path /Users/runner/work/PartyDeck/PartyDeck/godot/ios-host/build/retained-host-test/DerivedData/Build/Intermediates.noindex/SwiftExplicitPrecompiledModules -clang-scanner-module-cache-path /Users/runner/work/PartyDeck/PartyDeck/godot/ios-host/build/retained-host-test/DerivedData/ModuleCache.noindex -sdk-module-cache-path /Users/runner/work/PartyDeck/PartyDeck/godot/ios-host/build/retained-host-test/DerivedData/ModuleCache.noindex -serialize-diagnostics -emit-dependencies -emit-module -emit-module-path /Users/runner/work/PartyDeck/PartyDeck/godot/ios-host/build/retained-host-test/DerivedData/Build/Intermediates.noindex/RetainedHost.build/Debug-iphonesimulator/RetainedHost.build/Objects-normal/arm64/RetainedHost.swiftmodule -validate-clang-modules-once -clang-build-session-file /Users/runner/work/PartyDeck/PartyDeck/godot/ios-host/build/retained-host-test/DerivedData/ModuleCache.noindex/Session.modulevalidation -Xcc -I/Users/runner/work/PartyDeck/PartyDeck/godot/ios-host/build/retained-host-test/DerivedData/Build/Intermediates.noindex/RetainedHost.build/Debug-iphonesimulator/RetainedHost.build/swift-overrides.hmap -emit-const-values -Xfrontend -const-gather-protocols-file -Xfrontend /Users/runner/work/PartyDeck/PartyDeck/godot/ios-host/build/retained-host-test/DerivedData/Build/Intermediates.noindex/RetainedHost.build/Debug-iphonesimulator/RetainedHost.build/Objects-normal/arm64/RetainedHost_const_extract_protocols.json -Xcc -iquote -Xcc /Users/runner/work/PartyDeck/PartyDeck/godot/ios-host/build/retained-host-test/DerivedData/Build/Intermediates.noindex/RetainedHost.build/Debug-iphonesimulator/RetainedHost.build/RetainedHost-generated-files.hmap -Xcc -I/Users/runner/work/PartyDeck/PartyDeck/godot/ios-host/build/retained-host-test/DerivedData/Build/Intermediates.noindex/RetainedHost.build/Debug-iphonesimulator/RetainedHost.build/RetainedHost-own-target-headers.hmap -Xcc -I/Users/runner/work/PartyDeck/PartyDeck/godot/ios-host/build/retained-host-test/DerivedData/Build/Intermediates.noindex/RetainedHost.build/Debug-iphonesimulator/RetainedHost.build/RetainedHost-all-target-headers.hmap -Xcc -iquote -Xcc /Users/runner/work/PartyDeck/PartyDeck/godot/ios-host/build/retained-host-test/DerivedData/Build/Intermediates.noindex/RetainedHost.build/Debug-iphonesimulator/RetainedHost.build/RetainedHost-project-headers.hmap -Xcc -I/Users/runner/work/PartyDeck/PartyDeck/godot/ios-host/build/retained-host-test/DerivedData/Build/Products/Debug-iphonesimulator/include -Xcc -I/Users/runner/work/PartyDeck/PartyDeck/godot/ios-host/build/retained-host-test/DerivedData/Build/Intermediates.noindex/RetainedHost.build/Debug-iphonesimulator/RetainedHost.build/DerivedSources-normal/arm64 -Xcc -I/Users/runner/work/PartyDeck/PartyDeck/godot/ios-host/build/retained-host-test/DerivedData/Build/Intermediates.noindex/RetainedHost.build/Debug-iphonesimulator/RetainedHost.build/DerivedSources/arm64 -Xcc -I/Users/runner/work/PartyDeck/PartyDeck/godot/ios-host/build/retained-host-test/DerivedData/Build/Intermediates.noindex/RetainedHost.build/Debug-iphonesimulator/RetainedHost.build/DerivedSources -emit-objc-header -emit-objc-header-path /Users/runner/work/PartyDeck/PartyDeck/godot/ios-host/build/retained-host-test/DerivedData/Build/Intermediates.noindex/RetainedHost.build/Debug-iphonesimulator/RetainedHost.build/Objects-normal/arm64/RetainedHost-Swift.h -import-objc-header /Users/runner/work/PartyDeck/PartyDeck/godot/ios-host/modules/partydeck_ios_probe/PDGodotEngineOwner.h -working-directory /Users/runner/work/PartyDeck/PartyDeck/godot/ios-host -experimental-emit-module-separately -disable-cmo
2026-09-10T10:11:41.8168740Z 
2026-09-10T10:11:41.8169460Z Ld /Users/runner/work/PartyDeck/PartyDeck/godot/ios-host/build/retained-host-test/DerivedData/Build/Products/Debug-iphonesimulator/RetainedHost.app/RetainedHost normal (in target 'RetainedHost' from project 'RetainedHost')
2026-09-10T10:11:41.8170390Z     cd /Users/runner/work/PartyDeck/PartyDeck/godot/ios-host
2026-09-10T10:11:41.8191930Z     /Applications/Xcode_26.4.1.app/Contents/Developer/Toolchains/XcodeDefault.xctoolchain/usr/bin/clang -Xlinker -reproducible -target arm64-apple-ios15.0-simulator -isysroot /Applications/Xcode_26.4.1.app/Contents/Developer/Platforms/iPhoneSimulator.platform/Developer/SDKs/iPhoneSimulator26.4.sdk -Os -L/Users/runner/work/PartyDeck/PartyDeck/godot/ios-host/build/retained-host-test/DerivedData/Build/Intermediates.noindex/EagerLinkingTBDs/Debug-iphonesimulator -L/Users/runner/work/PartyDeck/PartyDeck/godot/ios-host/build/retained-host-test/DerivedData/Build/Products/Debug-iphonesimulator -L/Users/runner/work/PartyDeck/PartyDeck/godot/ios-host/build/artifacts -F/Users/runner/work/PartyDeck/PartyDeck/godot/ios-host/build/retained-host-test/DerivedData/Build/Intermediates.noindex/EagerLinkingTBDs/Debug-iphonesimulator -F/Users/runner/work/PartyDeck/PartyDeck/godot/ios-host/build/retained-host-test/DerivedData/Build/Products/Debug-iphonesimulator -F/Users/runner/work/PartyDeck/PartyDeck/godot/ios-host/build/artifacts -filelist /Users/runner/work/PartyDeck/PartyDeck/godot/ios-host/build/retained-host-test/DerivedData/Build/Intermediates.noindex/RetainedHost.build/Debug-iphonesimulator/RetainedHost.build/Objects-normal/arm64/RetainedHost.LinkFileList -Xlinker -rpath -Xlinker /usr/lib/swift -Xlinker -rpath -Xlinker @executable_path/Frameworks -Xlinker -map -Xlinker /Users/runner/work/PartyDeck/PartyDeck/godot/ios-host/build/retained-host-test/evidence/RetainedHost-LinkMap.txt -Xlinker -dead_strip -Xlinker -object_path_lto -Xlinker /Users/runner/work/PartyDeck/PartyDeck/godot/ios-host/build/retained-host-test/DerivedData/Build/Intermediates.noindex/RetainedHost.build/Debug-iphonesimulator/RetainedHost.build/Objects-normal/arm64/RetainedHost_lto.o -rdynamic -Xlinker -objc_abi_version -Xlinker 2 -Xlinker -dependency_info -Xlinker /Users/runner/work/PartyDeck/PartyDeck/godot/ios-host/build/retained-host-test/DerivedData/Build/Intermediates.noindex/RetainedHost.build/Debug-iphonesimulator/RetainedHost.build/Objects-normal/arm64/RetainedHost_dependency_info.dat -fobjc-link-runtime -L/Applications/Xcode_26.4.1.app/Contents/Developer/Toolchains/XcodeDefault.xctoolchain/usr/lib/swift/iphonesimulator -L/usr/lib/swift -Xlinker -add_ast_path -Xlinker /Users/runner/work/PartyDeck/PartyDeck/godot/ios-host/build/retained-host-test/DerivedData/Build/Intermediates.noindex/RetainedHost.build/Debug-iphonesimulator/RetainedHost.build/Objects-normal/arm64/RetainedHost.swiftmodule @/Users/runner/work/PartyDeck/PartyDeck/godot/ios-host/build/retained-host-test/DerivedData/Build/Intermediates.noindex/RetainedHost.build/Debug-iphonesimulator/RetainedHost.build/Objects-normal/arm64/RetainedHost-linker-args.resp -lc++ -lz -liconv -framework Security -lpartydeck_godot_ios_probe -lpartydeck_godot_camera -framework PartyDeckGodotBridge -o /Users/runner/work/PartyDeck/PartyDeck/godot/ios-host/build/retained-host-test/DerivedData/Build/Products/Debug-iphonesimulator/RetainedHost.app/RetainedHost
2026-09-10T10:11:47.9482780Z 
2026-09-10T10:11:47.9870560Z ExtractAppIntentsMetadata (in target 'RetainedHost' from project 'RetainedHost')
2026-09-10T10:11:47.9980140Z     cd /Users/runner/work/PartyDeck/PartyDeck/godot/ios-host
2026-09-10T10:11:48.0158060Z     /Applications/Xcode_26.4.1.app/Contents/Developer/Toolchains/XcodeDefault.xctoolchain/usr/bin/appintentsmetadataprocessor --toolchain-dir /var/run/com.apple.security.cryptexd/mnt/com.apple.MobileAsset.MetalToolchain-v17.5.188.0.GFlktL/Metal.xctoolchain --module-name RetainedHost --sdk-root /Applications/Xcode_26.4.1.app/Contents/Developer/Platforms/iPhoneSimulator.platform/Developer/SDKs/iPhoneSimulator26.4.sdk --xcode-version 17E202 --platform-family iOS --deployment-target 15.0 --bundle-identifier dev.partydeck.godot.iosretained --output /Users/runner/work/PartyDeck/PartyDeck/godot/ios-host/build/retained-host-test/DerivedData/Build/Products/Debug-iphonesimulator/RetainedHost.app --target-triple arm64-apple-ios15.0-simulator --binary-file /Users/runner/work/PartyDeck/PartyDeck/godot/ios-host/build/retained-host-test/DerivedData/Build/Products/Debug-iphonesimulator/RetainedHost.app/RetainedHost --dependency-file /Users/runner/work/PartyDeck/PartyDeck/godot/ios-host/build/retained-host-test/DerivedData/Build/Intermediates.noindex/RetainedHost.build/Debug-iphonesimulator/RetainedHost.build/Objects-normal/arm64/RetainedHost_dependency_info.dat --stringsdata-file /Users/runner/work/PartyDeck/PartyDeck/godot/ios-host/build/retained-host-test/DerivedData/Build/Intermediates.noindex/RetainedHost.build/Debug-iphonesimulator/RetainedHost.build/Objects-normal/arm64/ExtractedAppShortcutsMetadata.stringsdata --source-file-list /Users/runner/work/PartyDeck/PartyDeck/godot/ios-host/build/retained-host-test/DerivedData/Build/Intermediates.noindex/RetainedHost.build/Debug-iphonesimulator/RetainedHost.build/Objects-normal/arm64/RetainedHost.SwiftFileList --metadata-file-list /Users/runner/work/PartyDeck/PartyDeck/godot/ios-host/build/retained-host-test/DerivedData/Build/Intermediates.noindex/RetainedHost.build/Debug-iphonesimulator/RetainedHost.build/RetainedHost.DependencyMetadataFileList --static-metadata-file-list /Users/runner/work/PartyDeck/PartyDeck/godot/ios-host/build/retained-host-test/DerivedData/Build/Intermediates.noindex/RetainedHost.build/Debug-iphonesimulator/RetainedHost.build/RetainedHost.DependencyStaticMetadataFileList --swift-const-vals-list /Users/runner/work/PartyDeck/PartyDeck/godot/ios-host/build/retained-host-test/DerivedData/Build/Intermediates.noindex/RetainedHost.build/Debug-iphonesimulator/RetainedHost.build/Objects-normal/arm64/RetainedHost.SwiftConstValuesFileList --compile-time-extraction --deployment-aware-processing --validate-assistant-intents --no-app-shortcuts-localization
2026-09-10T10:11:48.4852800Z 2026-09-10 10:11:48.450 appintentsmetadataprocessor[13523:38767] Starting appintentsmetadataprocessor export
2026-09-10T10:11:48.4915140Z 2026-09-10 10:11:48.469 appintentsmetadataprocessor[13523:38767] warning: Metadata extraction skipped. No AppIntents.framework dependency found.
2026-09-10T10:11:48.5018980Z 
2026-09-10T10:11:48.5120870Z CopySwiftLibs /Users/runner/work/PartyDeck/PartyDeck/godot/ios-host/build/retained-host-test/DerivedData/Build/Products/Debug-iphonesimulator/RetainedHost.app (in target 'RetainedHost' from project 'RetainedHost')
2026-09-10T10:11:48.5262800Z     cd /Users/runner/work/PartyDeck/PartyDeck/godot/ios-host
2026-09-10T10:11:48.5308140Z     builtin-swiftStdLibTool --copy --verbose --scan-executable /Users/runner/work/PartyDeck/PartyDeck/godot/ios-host/build/retained-host-test/DerivedData/Build/Products/Debug-iphonesimulator/RetainedHost.app/RetainedHost --scan-folder /Users/runner/work/PartyDeck/PartyDeck/godot/ios-host/build/retained-host-test/DerivedData/Build/Products/Debug-iphonesimulator/RetainedHost.app/Frameworks --scan-folder /Users/runner/work/PartyDeck/PartyDeck/godot/ios-host/build/retained-host-test/DerivedData/Build/Products/Debug-iphonesimulator/RetainedHost.app/PlugIns --scan-folder /Users/runner/work/PartyDeck/PartyDeck/godot/ios-host/build/retained-host-test/DerivedData/Build/Products/Debug-iphonesimulator/RetainedHost.app/SystemExtensions --scan-folder /Users/runner/work/PartyDeck/PartyDeck/godot/ios-host/build/retained-host-test/DerivedData/Build/Products/Debug-iphonesimulator/RetainedHost.app/Extensions --scan-folder /Users/runner/work/PartyDeck/PartyDeck/godot/ios-host/build/artifacts/PartyDeckGodotBridge.framework --platform iphonesimulator --toolchain /var/run/com.apple.security.cryptexd/mnt/com.apple.MobileAsset.MetalToolchain-v17.5.188.0.GFlktL/Metal.xctoolchain --toolchain /Applications/Xcode_26.4.1.app/Contents/Developer/Toolchains/XcodeDefault.xctoolchain --destination /Users/runner/work/PartyDeck/PartyDeck/godot/ios-host/build/retained-host-test/DerivedData/Build/Products/Debug-iphonesimulator/RetainedHost.app/Frameworks --strip-bitcode --strip-bitcode-tool /Applications/Xcode_26.4.1.app/Contents/Developer/Toolchains/XcodeDefault.xctoolchain/usr/bin/bitcode_strip --emit-dependency-info /Users/runner/work/PartyDeck/PartyDeck/godot/ios-host/build/retained-host-test/DerivedData/Build/Intermediates.noindex/RetainedHost.build/Debug-iphonesimulator/RetainedHost.build/SwiftStdLibToolInputDependencies.dep --filter-for-swift-os --back-deploy-swift-span
2026-09-10T10:11:48.5433620Z Ignoring --strip-bitcode because --sign was not passed
2026-09-10T10:11:48.5535350Z 
2026-09-10T10:11:48.5671750Z AppIntentsSSUTraining (in target 'RetainedHost' from project 'RetainedHost')
2026-09-10T10:11:48.5778960Z     cd /Users/runner/work/PartyDeck/PartyDeck/godot/ios-host
2026-09-10T10:11:48.5885000Z     /Applications/Xcode_26.4.1.app/Contents/Developer/Toolchains/XcodeDefault.xctoolchain/usr/bin/appintentsnltrainingprocessor --infoplist-path /Users/runner/work/PartyDeck/PartyDeck/godot/ios-host/build/retained-host-test/DerivedData/Build/Products/Debug-iphonesimulator/RetainedHost.app/Info.plist --temp-dir-path /Users/runner/work/PartyDeck/PartyDeck/godot/ios-host/build/retained-host-test/DerivedData/Build/Intermediates.noindex/RetainedHost.build/Debug-iphonesimulator/RetainedHost.build/ssu --bundle-id dev.partydeck.godot.iosretained --product-path /Users/runner/work/PartyDeck/PartyDeck/godot/ios-host/build/retained-host-test/DerivedData/Build/Products/Debug-iphonesimulator/RetainedHost.app --extracted-metadata-path /Users/runner/work/PartyDeck/PartyDeck/godot/ios-host/build/retained-host-test/DerivedData/Build/Products/Debug-iphonesimulator/RetainedHost.app/Metadata.appintents --metadata-file-list /Users/runner/work/PartyDeck/PartyDeck/godot/ios-host/build/retained-host-test/DerivedData/Build/Intermediates.noindex/RetainedHost.build/Debug-iphonesimulator/RetainedHost.build/RetainedHost.DependencyMetadataFileList --source-file /Users/runner/work/PartyDeck/PartyDeck/godot/ios-host/build/retained-host-test/DerivedData/Build/Products/Debug-iphonesimulator/RetainedHost.app/Info.plist --archive-ssu-assets
2026-09-10T10:11:48.6031080Z 2026-09-10 10:11:48.539 appintentsnltrainingprocessor[13527:38774] Parsing options for appintentsnltrainingprocessor
2026-09-10T10:11:48.6037960Z 2026-09-10 10:11:48.541 appintentsnltrainingprocessor[13527:38774] Starting AppIntents SSU YAML Generation
2026-09-10T10:11:48.6155460Z 2026-09-10 10:11:48.549 appintentsnltrainingprocessor[13527:38774] No AppShortcuts found - Skipping.
2026-09-10T10:11:48.6189720Z 
2026-09-10T10:11:48.6191590Z RegisterExecutionPolicyException /Users/runner/work/PartyDeck/PartyDeck/godot/ios-host/build/retained-host-test/DerivedData/Build/Products/Debug-iphonesimulator/RetainedHost.app (in target 'RetainedHost' from project 'RetainedHost')
2026-09-10T10:11:48.6204490Z     cd /Users/runner/work/PartyDeck/PartyDeck/godot/ios-host
2026-09-10T10:11:48.6205590Z     builtin-RegisterExecutionPolicyException /Users/runner/work/PartyDeck/PartyDeck/godot/ios-host/build/retained-host-test/DerivedData/Build/Products/Debug-iphonesimulator/RetainedHost.app
2026-09-10T10:11:48.6206420Z 
2026-09-10T10:11:48.6207260Z Validate /Users/runner/work/PartyDeck/PartyDeck/godot/ios-host/build/retained-host-test/DerivedData/Build/Products/Debug-iphonesimulator/RetainedHost.app (in target 'RetainedHost' from project 'RetainedHost')
2026-09-10T10:11:48.6208600Z     cd /Users/runner/work/PartyDeck/PartyDeck/godot/ios-host
2026-09-10T10:11:48.6209790Z     builtin-validationUtility /Users/runner/work/PartyDeck/PartyDeck/godot/ios-host/build/retained-host-test/DerivedData/Build/Products/Debug-iphonesimulator/RetainedHost.app -shallow-bundle -infoplist-subpath Info.plist
2026-09-10T10:11:48.6211070Z 
2026-09-10T10:11:48.6211820Z Touch /Users/runner/work/PartyDeck/PartyDeck/godot/ios-host/build/retained-host-test/DerivedData/Build/Products/Debug-iphonesimulator/RetainedHost.app (in target 'RetainedHost' from project 'RetainedHost')
2026-09-10T10:11:48.6212740Z     cd /Users/runner/work/PartyDeck/PartyDeck/godot/ios-host
2026-09-10T10:11:48.6213560Z     /usr/bin/touch -c /Users/runner/work/PartyDeck/PartyDeck/godot/ios-host/build/retained-host-test/DerivedData/Build/Products/Debug-iphonesimulator/RetainedHost.app
2026-09-10T10:11:48.6387200Z 
2026-09-10T10:11:48.7291150Z ** BUILD SUCCEEDED **
2026-09-10T10:11:48.7392150Z 
2026-09-10T10:12:24.8212610Z Using iPhone 17 / iOS 26.4 (6762BD8F-E960-4E21-B8DB-9D43947B47AF)
2026-09-10T10:12:26.4854730Z Monitoring boot status for iPhone 17 (6762BD8F-E960-4E21-B8DB-9D43947B47AF).
2026-09-10T10:12:26.4855940Z Booting device...
2026-09-10T10:12:26.4856620Z [2026-09-10 10:12:26 +0000] Status=0, isTerminal=NO, Elapsed=00:00.
2026-09-10T10:12:26.4857470Z 	Booting
2026-09-10T10:12:26.4857690Z 
2026-09-10T10:12:31.5556380Z [2026-09-10 10:12:31 +0000] Status=1, isTerminal=NO, Elapsed=00:04.
2026-09-10T10:12:31.5567110Z 	Waiting on BackBoard
2026-09-10T10:12:31.8187190Z 
2026-09-10T10:12:34.9397800Z [2026-09-10 10:12:34 +0000] Status=2, isTerminal=NO, Elapsed=00:08.
2026-09-10T10:12:35.0202060Z 	Waiting on Data Migration
2026-09-10T10:12:35.1014930Z 		Reason:(null)
2026-09-10T10:12:35.1849620Z 		Migration Elapsed:00:02 seconds
2026-09-10T10:12:35.2665100Z 
2026-09-10T10:12:37.6497700Z [2026-09-10 10:12:37 +0000] Status=2, isTerminal=NO, Elapsed=00:10.
2026-09-10T10:12:37.7328870Z 	Waiting on Data Migration
2026-09-10T10:12:37.9808490Z 		Reason:Gathering plugins
2026-09-10T10:12:38.0635890Z 		Migration Elapsed:00:03 seconds
2026-09-10T10:12:38.1463540Z 
2026-09-10T10:12:38.2319390Z [2026-09-10 10:12:37 +0000] Status=2, isTerminal=NO, Elapsed=00:11.
2026-09-10T10:12:38.3938250Z 	Waiting on Data Migration
2026-09-10T10:12:38.4799950Z 		Reason:Running plugin com.apple.-0LaunchServicesMigrator (00LaunchServicesMigrator.migrator, user-agnostic)
2026-09-10T10:12:38.5607820Z 		Migration Elapsed:00:04 seconds
2026-09-10T10:12:38.6416860Z 
2026-09-10T10:12:38.7249320Z [2026-09-10 10:12:38 +0000] Status=2, isTerminal=NO, Elapsed=00:11.
2026-09-10T10:12:38.8108370Z 	Waiting on Data Migration
2026-09-10T10:12:38.8919120Z 		Reason:Running plugin com.apple.-0LaunchServicesMigrator (00LaunchServicesMigrator.migrator, user-agnostic)
2026-09-10T10:12:39.0561590Z 		Migration Elapsed:00:05 seconds
2026-09-10T10:12:39.1377460Z 
2026-09-10T10:12:39.2251820Z [2026-09-10 10:12:38 +0000] Status=2, isTerminal=NO, Elapsed=00:12.
2026-09-10T10:12:39.3083960Z 	Waiting on Data Migration
2026-09-10T10:12:39.3894340Z 		Reason:Running plugin com.apple.-0LaunchServicesMigrator (00LaunchServicesMigrator.migrator, user-agnostic)
2026-09-10T10:12:39.4724110Z 		Migration Elapsed:00:06 seconds
2026-09-10T10:12:39.5543670Z 
2026-09-10T10:12:39.9616260Z [2026-09-10 10:12:39 +0000] Status=2, isTerminal=NO, Elapsed=00:13.
2026-09-10T10:12:40.0426860Z 	Waiting on Data Migration
2026-09-10T10:12:40.0431640Z 		Reason:Running plugin com.apple.-0LaunchServicesMigrator (00LaunchServicesMigrator.migrator, user-agnostic)
2026-09-10T10:12:40.1242470Z 		Migration Elapsed:00:07 seconds
2026-09-10T10:12:40.1242740Z 
2026-09-10T10:12:40.9448860Z [2026-09-10 10:12:40 +0000] Status=2, isTerminal=NO, Elapsed=00:14.
2026-09-10T10:12:41.0285370Z 	Waiting on Data Migration
2026-09-10T10:12:41.1126870Z 		Reason:Running plugin com.apple.-0LaunchServicesMigrator (00LaunchServicesMigrator.migrator, user-agnostic)
2026-09-10T10:12:41.1914120Z 		Migration Elapsed:00:08 seconds
2026-09-10T10:12:41.2800820Z 
2026-09-10T10:12:42.0160530Z [2026-09-10 10:12:41 +0000] Status=2, isTerminal=NO, Elapsed=00:15.
2026-09-10T10:12:42.0981440Z 	Waiting on Data Migration
2026-09-10T10:12:42.1808000Z 		Reason:Running plugin com.apple.-0LaunchServicesMigrator (00LaunchServicesMigrator.migrator, user-agnostic)
2026-09-10T10:12:42.3442530Z 		Migration Elapsed:00:09 seconds
2026-09-10T10:12:42.4264150Z 
2026-09-10T10:12:45.0634090Z [2026-09-10 10:12:44 +0000] Status=2, isTerminal=NO, Elapsed=00:18.
2026-09-10T10:12:45.1471490Z 	Waiting on Data Migration
2026-09-10T10:12:45.3122500Z 		Reason:Running plugin com.apple.-0LaunchServicesMigrator (00LaunchServicesMigrator.migrator, user-agnostic)
2026-09-10T10:12:45.4748390Z 		Migration Elapsed:00:10 seconds
2026-09-10T10:12:45.6412860Z 
2026-09-10T10:12:45.7245240Z [2026-09-10 10:12:45 +0000] Status=2, isTerminal=NO, Elapsed=00:18.
2026-09-10T10:12:45.8067900Z 	Waiting on Data Migration
2026-09-10T10:12:45.8955610Z 		Reason:Running plugin com.apple.-0LaunchServicesMigrator (00LaunchServicesMigrator.migrator, user-agnostic)
2026-09-10T10:12:45.9782710Z 		Migration Elapsed:00:12 seconds
2026-09-10T10:12:46.0618060Z 
2026-09-10T10:12:46.2255820Z [2026-09-10 10:12:45 +0000] Status=2, isTerminal=NO, Elapsed=00:19.
2026-09-10T10:12:46.3117380Z 	Waiting on Data Migration
2026-09-10T10:12:46.3967100Z 		Reason:Running plugin com.apple.-0LaunchServicesMigrator (00LaunchServicesMigrator.migrator, user-agnostic)
2026-09-10T10:12:46.4763480Z 		Migration Elapsed:00:13 seconds
2026-09-10T10:12:46.6386570Z 
2026-09-10T10:12:46.9665850Z [2026-09-10 10:12:46 +0000] Status=2, isTerminal=NO, Elapsed=00:20.
2026-09-10T10:12:47.0474430Z 	Waiting on Data Migration
2026-09-10T10:12:47.1301430Z 		Reason:Running plugin com.apple.-0LaunchServicesMigrator (00LaunchServicesMigrator.migrator, user-agnostic)
2026-09-10T10:12:47.2107610Z 		Migration Elapsed:00:14 seconds
2026-09-10T10:12:47.3741860Z 
2026-09-10T10:12:48.2029430Z [2026-09-10 10:12:48 +0000] Status=2, isTerminal=NO, Elapsed=00:21.
2026-09-10T10:12:48.2832060Z 	Waiting on Data Migration
2026-09-10T10:12:48.3668460Z 		Reason:Running plugin com.apple.-0LaunchServicesMigrator (00LaunchServicesMigrator.migrator, user-agnostic)
2026-09-10T10:12:48.4483060Z 		Migration Elapsed:00:15 seconds
2026-09-10T10:12:48.4484520Z 
2026-09-10T10:12:49.7657520Z [2026-09-10 10:12:49 +0000] Status=2, isTerminal=NO, Elapsed=00:23.
2026-09-10T10:12:49.8477610Z 	Waiting on Data Migration
2026-09-10T10:12:49.9317950Z 		Reason:Running plugin com.apple.-0LaunchServicesMigrator (00LaunchServicesMigrator.migrator, user-agnostic)
2026-09-10T10:12:50.0150350Z 		Migration Elapsed:00:16 seconds
2026-09-10T10:12:50.0988970Z 
2026-09-10T10:12:50.8379420Z [2026-09-10 10:12:50 +0000] Status=2, isTerminal=NO, Elapsed=00:24.
2026-09-10T10:12:50.9243610Z 	Waiting on Data Migration
2026-09-10T10:12:51.0875200Z 		Reason:Running plugin com.apple.-0LaunchServicesMigrator (00LaunchServicesMigrator.migrator, user-agnostic)
2026-09-10T10:12:51.0877540Z 		Migration Elapsed:00:17 seconds
2026-09-10T10:12:51.1691100Z 
2026-09-10T10:12:51.2500080Z [2026-09-10 10:12:51 +0000] Status=2, isTerminal=NO, Elapsed=00:24.
2026-09-10T10:12:51.4114840Z 	Waiting on Data Migration
2026-09-10T10:12:51.4941730Z 		Reason:Running plugin com.apple.-0LaunchServicesMigrator (00LaunchServicesMigrator.migrator, user-agnostic)
2026-09-10T10:12:51.6564700Z 		Migration Elapsed:00:18 seconds
2026-09-10T10:12:51.7385320Z 
2026-09-10T10:12:52.5573550Z [2026-09-10 10:12:52 +0000] Status=2, isTerminal=NO, Elapsed=00:25.
2026-09-10T10:12:52.6395160Z 	Waiting on Data Migration
2026-09-10T10:12:52.8850950Z 		Reason:Running plugin com.apple.-0LaunchServicesMigrator (00LaunchServicesMigrator.migrator, user-agnostic)
2026-09-10T10:12:53.0516580Z 		Migration Elapsed:00:19 seconds
2026-09-10T10:12:53.3176840Z 
2026-09-10T10:12:53.5631840Z [2026-09-10 10:12:53 +0000] Status=2, isTerminal=NO, Elapsed=00:26.
2026-09-10T10:12:53.6447780Z 	Waiting on Data Migration
2026-09-10T10:12:53.8108900Z 		Reason:Running plugin com.apple.-0LaunchServicesMigrator (00LaunchServicesMigrator.migrator, user-agnostic)
2026-09-10T10:12:53.9735570Z 		Migration Elapsed:00:20 seconds
2026-09-10T10:12:54.1420990Z 
2026-09-10T10:12:54.7138960Z [2026-09-10 10:12:54 +0000] Status=2, isTerminal=NO, Elapsed=00:27.
2026-09-10T10:12:54.7159080Z 	Waiting on Data Migration
2026-09-10T10:12:54.8821070Z 		Reason:Running plugin com.apple.-0LaunchServicesMigrator (00LaunchServicesMigrator.migrator, user-agnostic)
2026-09-10T10:12:55.0461910Z 		Migration Elapsed:00:21 seconds
2026-09-10T10:12:55.2103690Z 
2026-09-10T10:12:55.4574730Z [2026-09-10 10:12:55 +0000] Status=2, isTerminal=NO, Elapsed=00:28.
2026-09-10T10:12:55.6211140Z 	Waiting on Data Migration
2026-09-10T10:12:55.7065190Z 		Reason:Running plugin com.apple.-0LaunchServicesMigrator (00LaunchServicesMigrator.migrator, user-agnostic)
2026-09-10T10:12:55.7868980Z 		Migration Elapsed:00:22 seconds
2026-09-10T10:12:55.8693450Z 
2026-09-10T10:12:55.9504270Z [2026-09-10 10:12:55 +0000] Status=2, isTerminal=NO, Elapsed=00:29.
2026-09-10T10:12:56.0342150Z 	Waiting on Data Migration
2026-09-10T10:12:56.1157200Z 		Reason:Running plugin com.apple.-0LaunchServicesMigrator (00LaunchServicesMigrator.migrator, user-agnostic)
2026-09-10T10:12:56.1959570Z 		Migration Elapsed:00:23 seconds
2026-09-10T10:12:56.3594370Z 
2026-09-10T10:12:57.3415720Z [2026-09-10 10:12:57 +0000] Status=2, isTerminal=NO, Elapsed=00:30.
2026-09-10T10:12:57.4231520Z 	Waiting on Data Migration
2026-09-10T10:12:57.5048150Z 		Reason:Running plugin com.apple.-0LaunchServicesMigrator (00LaunchServicesMigrator.migrator, user-agnostic)
2026-09-10T10:12:57.5863970Z 		Migration Elapsed:00:24 seconds
2026-09-10T10:12:57.5865610Z 
2026-09-10T10:12:57.9108570Z [2026-09-10 10:12:57 +0000] Status=2, isTerminal=NO, Elapsed=00:31.
2026-09-10T10:12:57.9956060Z 	Waiting on Data Migration
2026-09-10T10:12:58.0749160Z 		Reason:Running plugin com.apple.-0LaunchServicesMigrator (00LaunchServicesMigrator.migrator, user-agnostic)
2026-09-10T10:12:58.0752170Z 		Migration Elapsed:00:25 seconds
2026-09-10T10:12:58.1584350Z 
2026-09-10T10:12:59.1404060Z [2026-09-10 10:12:58 +0000] Status=2, isTerminal=NO, Elapsed=00:32.
2026-09-10T10:12:59.2222010Z 	Waiting on Data Migration
2026-09-10T10:12:59.3043180Z 		Reason:Running plugin com.apple.-0LaunchServicesMigrator (00LaunchServicesMigrator.migrator, user-agnostic)
2026-09-10T10:12:59.3841090Z 		Migration Elapsed:00:26 seconds
2026-09-10T10:12:59.4668910Z 
2026-09-10T10:13:00.3652410Z [2026-09-10 10:13:00 +0000] Status=2, isTerminal=NO, Elapsed=00:33.
2026-09-10T10:13:00.4480590Z 	Waiting on Data Migration
2026-09-10T10:13:00.6093760Z 		Reason:Running plugin com.apple.-0LaunchServicesMigrator (00LaunchServicesMigrator.migrator, user-agnostic)
2026-09-10T10:13:00.6905280Z 		Migration Elapsed:00:27 seconds
2026-09-10T10:13:00.7720230Z 
2026-09-10T10:13:00.9382040Z [2026-09-10 10:13:00 +0000] Status=2, isTerminal=NO, Elapsed=00:34.
2026-09-10T10:13:00.9384450Z 	Waiting on Data Migration
2026-09-10T10:13:01.0185240Z 		Reason:Running plugin com.apple.-0LaunchServicesMigrator (00LaunchServicesMigrator.migrator, user-agnostic)
2026-09-10T10:13:01.0998290Z 		Migration Elapsed:00:28 seconds
2026-09-10T10:13:01.3490470Z 
2026-09-10T10:13:02.0043470Z [2026-09-10 10:13:01 +0000] Status=2, isTerminal=NO, Elapsed=00:35.
2026-09-10T10:13:02.0855570Z 	Waiting on Data Migration
2026-09-10T10:13:02.1665790Z 		Reason:Running plugin com.apple.-0LaunchServicesMigrator (00LaunchServicesMigrator.migrator, user-agnostic)
2026-09-10T10:13:02.2486130Z 		Migration Elapsed:00:29 seconds
2026-09-10T10:13:02.2488320Z 
2026-09-10T10:13:03.0604630Z [2026-09-10 10:13:02 +0000] Status=2, isTerminal=NO, Elapsed=00:36.
2026-09-10T10:13:03.0607780Z 	Waiting on Data Migration
2026-09-10T10:13:03.1562500Z 		Reason:Running plugin com.apple.-0LaunchServicesMigrator (00LaunchServicesMigrator.migrator, user-agnostic)
2026-09-10T10:13:03.2404090Z 		Migration Elapsed:00:30 seconds
2026-09-10T10:13:03.3239710Z 
2026-09-10T10:13:03.9755490Z [2026-09-10 10:13:03 +0000] Status=2, isTerminal=NO, Elapsed=00:37.
2026-09-10T10:13:03.9757780Z 	Waiting on Data Migration
2026-09-10T10:13:04.1382030Z 		Reason:Running plugin com.apple.-0LaunchServicesMigrator (00LaunchServicesMigrator.migrator, user-agnostic)
2026-09-10T10:13:04.2226860Z 		Migration Elapsed:00:31 seconds
2026-09-10T10:13:04.3069820Z 
2026-09-10T10:13:05.6991350Z [2026-09-10 10:13:05 +0000] Status=2, isTerminal=NO, Elapsed=00:39.
2026-09-10T10:13:05.7794910Z 	Waiting on Data Migration
2026-09-10T10:13:05.9418730Z 		Reason:Running plugin com.apple.-0LaunchServicesMigrator (00LaunchServicesMigrator.migrator, user-agnostic)
2026-09-10T10:13:06.0251740Z 		Migration Elapsed:00:32 seconds
2026-09-10T10:13:06.1067260Z 
2026-09-10T10:13:06.1871960Z [2026-09-10 10:13:05 +0000] Status=2, isTerminal=NO, Elapsed=00:39.
2026-09-10T10:13:06.3498980Z 	Waiting on Data Migration
2026-09-10T10:13:06.5159970Z 		Reason:Running plugin com.apple.-0LaunchServicesMigrator (00LaunchServicesMigrator.migrator, user-agnostic)
2026-09-10T10:13:06.6782650Z 		Migration Elapsed:00:33 seconds
2026-09-10T10:13:06.7611030Z 
2026-09-10T10:13:07.0062460Z [2026-09-10 10:13:06 +0000] Status=2, isTerminal=NO, Elapsed=00:40.
2026-09-10T10:13:07.0893350Z 	Waiting on Data Migration
2026-09-10T10:13:07.1692500Z 		Reason:Running plugin com.apple.-0LaunchServicesMigrator (00LaunchServicesMigrator.migrator, user-agnostic)
2026-09-10T10:13:07.2547490Z 		Migration Elapsed:00:34 seconds
2026-09-10T10:13:07.3383070Z 
2026-09-10T10:13:07.9515770Z [2026-09-10 10:13:07 +0000] Status=2, isTerminal=NO, Elapsed=00:41.
2026-09-10T10:13:07.9517470Z 	Waiting on Data Migration
2026-09-10T10:13:08.0319130Z 		Reason:Running plugin com.apple.-0LaunchServicesMigrator (00LaunchServicesMigrator.migrator, user-agnostic)
2026-09-10T10:13:08.1989110Z 		Migration Elapsed:00:35 seconds
2026-09-10T10:13:08.2781120Z 
2026-09-10T10:13:08.9675440Z [2026-09-10 10:13:08 +0000] Status=2, isTerminal=NO, Elapsed=00:42.
2026-09-10T10:13:09.0420030Z 	Waiting on Data Migration
2026-09-10T10:13:09.2722570Z 		Reason:Running plugin com.apple.-0LaunchServicesMigrator (00LaunchServicesMigrator.migrator, user-agnostic)
2026-09-10T10:13:09.3128840Z 		Migration Elapsed:00:36 seconds
2026-09-10T10:13:09.3994560Z 
2026-09-10T10:13:10.1688190Z [2026-09-10 10:13:09 +0000] Status=2, isTerminal=NO, Elapsed=00:43.
2026-09-10T10:13:10.1814060Z 	Waiting on Data Migration
2026-09-10T10:13:10.1816620Z 		Reason:Running plugin com.apple.-0LaunchServicesMigrator (00LaunchServicesMigrator.migrator, user-agnostic)
2026-09-10T10:13:10.1919660Z 		Migration Elapsed:00:37 seconds
2026-09-10T10:13:10.2215120Z 
2026-09-10T10:13:10.8893770Z [2026-09-10 10:13:10 +0000] Status=2, isTerminal=NO, Elapsed=00:44.
2026-09-10T10:13:11.0555660Z 	Waiting on Data Migration
2026-09-10T10:13:11.0556480Z 		Reason:Running plugin com.apple.-0LaunchServicesMigrator (00LaunchServicesMigrator.migrator, user-agnostic)
2026-09-10T10:13:11.2256690Z 		Migration Elapsed:00:38 seconds
2026-09-10T10:13:11.4724520Z 
2026-09-10T10:13:11.9655920Z [2026-09-10 10:13:11 +0000] Status=2, isTerminal=NO, Elapsed=00:45.
2026-09-10T10:13:11.9657540Z 	Waiting on Data Migration
2026-09-10T10:13:12.0472570Z 		Reason:Running plugin com.apple.-0LaunchServicesMigrator (00LaunchServicesMigrator.migrator, user-agnostic)
2026-09-10T10:13:12.1334960Z 		Migration Elapsed:00:39 seconds
2026-09-10T10:13:12.3514980Z 
2026-09-10T10:13:12.9353820Z [2026-09-10 10:13:12 +0000] Status=2, isTerminal=NO, Elapsed=00:46.
2026-09-10T10:13:12.9358740Z 	Waiting on Data Migration
2026-09-10T10:13:13.1020680Z 		Reason:Running plugin com.apple.-0LaunchServicesMigrator (00LaunchServicesMigrator.migrator, user-agnostic)
2026-09-10T10:13:13.1837200Z 		Migration Elapsed:00:40 seconds
2026-09-10T10:13:13.2675710Z 
2026-09-10T10:13:13.9299710Z [2026-09-10 10:13:13 +0000] Status=2, isTerminal=NO, Elapsed=00:47.
2026-09-10T10:13:14.0141420Z 	Waiting on Data Migration
2026-09-10T10:13:14.0142470Z 		Reason:Running plugin com.apple.-0LaunchServicesMigrator (00LaunchServicesMigrator.migrator, user-agnostic)
2026-09-10T10:13:14.0951730Z 		Migration Elapsed:00:41 seconds
2026-09-10T10:13:14.1783370Z 
2026-09-10T10:13:14.9246400Z [2026-09-10 10:13:14 +0000] Status=2, isTerminal=NO, Elapsed=00:48.
2026-09-10T10:13:15.0067870Z 	Waiting on Data Migration
2026-09-10T10:13:15.0918710Z 		Reason:Running plugin com.apple.-0LaunchServicesMigrator (00LaunchServicesMigrator.migrator, user-agnostic)
2026-09-10T10:13:15.1772120Z 		Migration Elapsed:00:42 seconds
2026-09-10T10:13:15.2596460Z 
2026-09-10T10:13:16.0804480Z [2026-09-10 10:13:16 +0000] Status=2, isTerminal=NO, Elapsed=00:49.
2026-09-10T10:13:16.1638590Z 	Waiting on Data Migration
2026-09-10T10:13:16.2472260Z 		Reason:Running plugin com.apple.-0LaunchServicesMigrator (00LaunchServicesMigrator.migrator, user-agnostic)
2026-09-10T10:13:16.3305970Z 		Migration Elapsed:00:43 seconds
2026-09-10T10:13:16.4119360Z 
2026-09-10T10:13:16.9117190Z [2026-09-10 10:13:16 +0000] Status=2, isTerminal=NO, Elapsed=00:50.
2026-09-10T10:13:16.9118690Z 	Waiting on Data Migration
2026-09-10T10:13:16.9946730Z 		Reason:Running plugin com.apple.-0LaunchServicesMigrator (00LaunchServicesMigrator.migrator, user-agnostic)
2026-09-10T10:13:17.0773920Z 		Migration Elapsed:00:44 seconds
2026-09-10T10:13:17.2419310Z 
2026-09-10T10:13:17.8193930Z [2026-09-10 10:13:17 +0000] Status=2, isTerminal=NO, Elapsed=00:51.
2026-09-10T10:13:17.9081680Z 	Waiting on Data Migration
2026-09-10T10:13:17.9083330Z 		Reason:Running plugin com.apple.-0LaunchServicesMigrator (00LaunchServicesMigrator.migrator, user-agnostic)
2026-09-10T10:13:17.9945160Z 		Migration Elapsed:00:45 seconds
2026-09-10T10:13:18.0754910Z 
2026-09-10T10:13:18.8968990Z [2026-09-10 10:13:18 +0000] Status=2, isTerminal=NO, Elapsed=00:52.
2026-09-10T10:13:18.9783580Z 	Waiting on Data Migration
2026-09-10T10:13:19.0587960Z 		Reason:Running plugin com.apple.-0LaunchServicesMigrator (00LaunchServicesMigrator.migrator, user-agnostic)
2026-09-10T10:13:19.1402770Z 		Migration Elapsed:00:46 seconds
2026-09-10T10:13:19.1406260Z 
2026-09-10T10:13:20.2410530Z [2026-09-10 10:13:19 +0000] Status=2, isTerminal=NO, Elapsed=00:53.
2026-09-10T10:13:20.3227660Z 	Waiting on Data Migration
2026-09-10T10:13:20.5014470Z 		Reason:Running plugin com.apple.-0LaunchServicesMigrator (00LaunchServicesMigrator.migrator, user-agnostic)
2026-09-10T10:13:20.6630300Z 		Migration Elapsed:00:47 seconds
2026-09-10T10:13:20.6632110Z 
2026-09-10T10:13:20.8262760Z [2026-09-10 10:13:20 +0000] Status=2, isTerminal=NO, Elapsed=00:54.
2026-09-10T10:13:20.8281600Z 	Waiting on Data Migration
2026-09-10T10:13:20.9089360Z 		Reason:Running plugin com.apple.-0LaunchServicesMigrator (00LaunchServicesMigrator.migrator, user-agnostic)
2026-09-10T10:13:20.9897190Z 		Migration Elapsed:00:48 seconds
2026-09-10T10:13:21.0031410Z 
2026-09-10T10:13:21.9467150Z [2026-09-10 10:13:21 +0000] Status=2, isTerminal=NO, Elapsed=00:55.
2026-09-10T10:13:21.9475570Z 	Waiting on Data Migration
2026-09-10T10:13:22.1139420Z 		Reason:Running plugin com.apple.-0LaunchServicesMigrator (00LaunchServicesMigrator.migrator, user-agnostic)
2026-09-10T10:13:22.1951810Z 		Migration Elapsed:00:49 seconds
2026-09-10T10:13:22.2765130Z 
2026-09-10T10:13:22.9140690Z [2026-09-10 10:13:22 +0000] Status=2, isTerminal=NO, Elapsed=00:56.
2026-09-10T10:13:22.9367950Z 	Waiting on Data Migration
2026-09-10T10:13:22.9494010Z 		Reason:Running plugin com.apple.-0LaunchServicesMigrator (00LaunchServicesMigrator.migrator, user-agnostic)
2026-09-10T10:13:22.9734680Z 		Migration Elapsed:00:50 seconds
2026-09-10T10:13:23.0104540Z 
2026-09-10T10:13:23.8051310Z [2026-09-10 10:13:23 +0000] Status=2, isTerminal=NO, Elapsed=00:57.
2026-09-10T10:13:23.8340680Z 	Waiting on Data Migration
2026-09-10T10:13:23.8689550Z 		Reason:Running plugin com.apple.-0LaunchServicesMigrator (00LaunchServicesMigrator.migrator, user-agnostic)
2026-09-10T10:13:23.8918240Z 		Migration Elapsed:00:51 seconds
2026-09-10T10:13:23.9217950Z 
2026-09-10T10:13:24.8152200Z [2026-09-10 10:13:24 +0000] Status=2, isTerminal=NO, Elapsed=00:58.
2026-09-10T10:13:24.8295770Z 	Waiting on Data Migration
2026-09-10T10:13:24.8397440Z 		Reason:Running plugin com.apple.-0LaunchServicesMigrator (00LaunchServicesMigrator.migrator, user-agnostic)
2026-09-10T10:13:24.8507920Z 		Migration Elapsed:00:52 seconds
2026-09-10T10:13:24.8705650Z 
2026-09-10T10:13:25.7425110Z [2026-09-10 10:13:25 +0000] Status=2, isTerminal=NO, Elapsed=00:59.
2026-09-10T10:13:25.7538040Z 	Waiting on Data Migration
2026-09-10T10:13:25.7645770Z 		Reason:Running plugin com.apple.-0LaunchServicesMigrator (00LaunchServicesMigrator.migrator, user-agnostic)
2026-09-10T10:13:25.7767620Z 		Migration Elapsed:00:53 seconds
2026-09-10T10:13:25.7889810Z 
2026-09-10T10:13:26.7384440Z [2026-09-10 10:13:26 +0000] Status=2, isTerminal=NO, Elapsed=01:00.
2026-09-10T10:13:26.7497740Z 	Waiting on Data Migration
2026-09-10T10:13:26.7605970Z 		Reason:Running plugin com.apple.-0LaunchServicesMigrator (00LaunchServicesMigrator.migrator, user-agnostic)
2026-09-10T10:13:26.7608560Z 		Migration Elapsed:00:54 seconds
2026-09-10T10:13:26.7729520Z 
2026-09-10T10:13:27.8295420Z [2026-09-10 10:13:27 +0000] Status=2, isTerminal=NO, Elapsed=01:01.
2026-09-10T10:13:27.8436960Z 	Waiting on Data Migration
2026-09-10T10:13:27.8759130Z 		Reason:Running plugin com.apple.-0LaunchServicesMigrator (00LaunchServicesMigrator.migrator, user-agnostic)
2026-09-10T10:13:27.8888200Z 		Migration Elapsed:00:55 seconds
2026-09-10T10:13:27.9162040Z 
2026-09-10T10:13:28.8366000Z [2026-09-10 10:13:28 +0000] Status=2, isTerminal=NO, Elapsed=01:02.
2026-09-10T10:13:28.8541720Z 	Waiting on Data Migration
2026-09-10T10:13:28.8655820Z 		Reason:Running plugin com.apple.-0LaunchServicesMigrator (00LaunchServicesMigrator.migrator, user-agnostic)
2026-09-10T10:13:28.8827400Z 		Migration Elapsed:00:56 seconds
2026-09-10T10:13:28.9141380Z 
2026-09-10T10:13:29.7636150Z [2026-09-10 10:13:29 +0000] Status=2, isTerminal=NO, Elapsed=01:03.
2026-09-10T10:13:29.8485230Z 	Waiting on Data Migration
2026-09-10T10:13:29.8821860Z 		Reason:Running plugin com.apple.-0LaunchServicesMigrator (00LaunchServicesMigrator.migrator, user-agnostic)
2026-09-10T10:13:29.8983210Z 		Migration Elapsed:00:57 seconds
2026-09-10T10:13:29.9108640Z 
2026-09-10T10:13:30.7126700Z [2026-09-10 10:13:30 +0000] Status=2, isTerminal=NO, Elapsed=01:04.
2026-09-10T10:13:30.7240820Z 	Waiting on Data Migration
2026-09-10T10:13:30.7345450Z 		Reason:Running plugin com.apple.-0LaunchServicesMigrator (00LaunchServicesMigrator.migrator, user-agnostic)
2026-09-10T10:13:30.7457500Z 		Migration Elapsed:00:58 seconds
2026-09-10T10:13:30.7568330Z 
2026-09-10T10:13:31.7028200Z [2026-09-10 10:13:31 +0000] Status=2, isTerminal=NO, Elapsed=01:05.
2026-09-10T10:13:31.7131370Z 	Waiting on Data Migration
2026-09-10T10:13:31.7235230Z 		Reason:Running plugin com.apple.-0LaunchServicesMigrator (00LaunchServicesMigrator.migrator, user-agnostic)
2026-09-10T10:13:31.7342840Z 		Migration Elapsed:00:59 seconds
2026-09-10T10:13:31.7444310Z 
2026-09-10T10:13:32.6968730Z [2026-09-10 10:13:32 +0000] Status=2, isTerminal=NO, Elapsed=01:06.
2026-09-10T10:13:32.7064620Z 	Waiting on Data Migration
2026-09-10T10:13:32.7167910Z 		Reason:Running plugin com.apple.-0LaunchServicesMigrator (00LaunchServicesMigrator.migrator, user-agnostic)
2026-09-10T10:13:32.7271530Z 		Migration Elapsed:01:00 seconds
2026-09-10T10:13:32.7373440Z 
2026-09-10T10:13:33.6812870Z [2026-09-10 10:13:33 +0000] Status=2, isTerminal=NO, Elapsed=01:07.
2026-09-10T10:13:33.6874610Z 	Waiting on Data Migration
2026-09-10T10:13:33.6875960Z 		Reason:Running plugin com.apple.-0LaunchServicesMigrator (00LaunchServicesMigrator.migrator, user-agnostic)
2026-09-10T10:13:33.6876850Z 		Migration Elapsed:01:01 seconds
2026-09-10T10:13:33.6877240Z 
2026-09-10T10:13:34.6785360Z [2026-09-10 10:13:34 +0000] Status=2, isTerminal=NO, Elapsed=01:08.
2026-09-10T10:13:34.6890700Z 	Waiting on Data Migration
2026-09-10T10:13:34.6995560Z 		Reason:Running plugin com.apple.-0LaunchServicesMigrator (00LaunchServicesMigrator.migrator, user-agnostic)
2026-09-10T10:13:34.7094710Z 		Migration Elapsed:01:02 seconds
2026-09-10T10:13:34.7116600Z 
2026-09-10T10:13:35.6945560Z [2026-09-10 10:13:35 +0000] Status=2, isTerminal=NO, Elapsed=01:09.
2026-09-10T10:13:35.7354950Z 	Waiting on Data Migration
2026-09-10T10:13:35.7357870Z 		Reason:Running plugin com.apple.-0LaunchServicesMigrator (00LaunchServicesMigrator.migrator, user-agnostic)
2026-09-10T10:13:35.7466750Z 		Migration Elapsed:01:03 seconds
2026-09-10T10:13:35.7568770Z 
2026-09-10T10:13:36.6910490Z [2026-09-10 10:13:36 +0000] Status=2, isTerminal=NO, Elapsed=01:10.
2026-09-10T10:13:36.7328200Z 	Waiting on Data Migration
2026-09-10T10:13:36.7329510Z 		Reason:Running plugin com.apple.-0LaunchServicesMigrator (00LaunchServicesMigrator.migrator, user-agnostic)
2026-09-10T10:13:36.7432790Z 		Migration Elapsed:01:04 seconds
2026-09-10T10:13:36.7616860Z 
2026-09-10T10:13:37.7060970Z [2026-09-10 10:13:37 +0000] Status=2, isTerminal=NO, Elapsed=01:11.
2026-09-10T10:13:37.7163210Z 	Waiting on Data Migration
2026-09-10T10:13:37.7265560Z 		Reason:Running plugin com.apple.-0LaunchServicesMigrator (00LaunchServicesMigrator.migrator, user-agnostic)
2026-09-10T10:13:37.7366920Z 		Migration Elapsed:01:05 seconds
2026-09-10T10:13:37.7467560Z 
2026-09-10T10:13:38.7243150Z [2026-09-10 10:13:38 +0000] Status=2, isTerminal=NO, Elapsed=01:12.
2026-09-10T10:13:38.7564840Z 	Waiting on Data Migration
2026-09-10T10:13:38.7668100Z 		Reason:Running plugin com.apple.-0LaunchServicesMigrator (00LaunchServicesMigrator.migrator, user-agnostic)
2026-09-10T10:13:38.7668930Z 		Migration Elapsed:01:06 seconds
2026-09-10T10:13:38.7790960Z 
2026-09-10T10:13:39.6963080Z [2026-09-10 10:13:39 +0000] Status=2, isTerminal=NO, Elapsed=01:13.
2026-09-10T10:13:39.7009730Z 	Waiting on Data Migration
2026-09-10T10:13:39.7010610Z 		Reason:Running plugin com.apple.-0LaunchServicesMigrator (00LaunchServicesMigrator.migrator, user-agnostic)
2026-09-10T10:13:39.7011700Z 		Migration Elapsed:01:07 seconds
2026-09-10T10:13:39.7012080Z 
2026-09-10T10:13:40.6847660Z [2026-09-10 10:13:40 +0000] Status=2, isTerminal=NO, Elapsed=01:14.
2026-09-10T10:13:40.6950850Z 	Waiting on Data Migration
2026-09-10T10:13:40.7052360Z 		Reason:Running plugin com.apple.-0LaunchServicesMigrator (00LaunchServicesMigrator.migrator, user-agnostic)
2026-09-10T10:13:40.7155980Z 		Migration Elapsed:01:08 seconds
2026-09-10T10:13:40.7257030Z 
2026-09-10T10:13:41.7220220Z [2026-09-10 10:13:41 +0000] Status=2, isTerminal=NO, Elapsed=01:15.
2026-09-10T10:13:41.7324050Z 	Waiting on Data Migration
2026-09-10T10:13:41.7436730Z 		Reason:Running plugin com.apple.-0LaunchServicesMigrator (00LaunchServicesMigrator.migrator, user-agnostic)
2026-09-10T10:13:41.7538970Z 		Migration Elapsed:01:09 seconds
2026-09-10T10:13:41.7639860Z 
2026-09-10T10:13:42.7114070Z [2026-09-10 10:13:42 +0000] Status=2, isTerminal=NO, Elapsed=01:16.
2026-09-10T10:13:42.7453330Z 	Waiting on Data Migration
2026-09-10T10:13:42.7721860Z 		Reason:Running plugin com.apple.-0LaunchServicesMigrator (00LaunchServicesMigrator.migrator, user-agnostic)
2026-09-10T10:13:42.7825920Z 		Migration Elapsed:01:10 seconds
2026-09-10T10:13:42.7961600Z 
2026-09-10T10:13:43.6882460Z [2026-09-10 10:13:43 +0000] Status=2, isTerminal=NO, Elapsed=01:17.
2026-09-10T10:13:43.7217270Z 	Waiting on Data Migration
2026-09-10T10:13:43.7351940Z 		Reason:Running plugin com.apple.-0LaunchServicesMigrator (00LaunchServicesMigrator.migrator, user-agnostic)
2026-09-10T10:13:43.7498520Z 		Migration Elapsed:01:11 seconds
2026-09-10T10:13:43.7616700Z 
2026-09-10T10:13:48.0108570Z [2026-09-10 10:13:47 +0000] Status=2, isTerminal=NO, Elapsed=01:21.
2026-09-10T10:13:48.0928030Z 	Waiting on Data Migration
2026-09-10T10:13:48.7450600Z 		Reason:Running plugin com.apple.securityd.KeychainMigrator (KeychainMigrator.migrator, user-agnostic)
2026-09-10T10:13:48.9894930Z 		Migration Elapsed:01:12 seconds
2026-09-10T10:13:49.0704340Z 
2026-09-10T10:13:49.1513250Z [2026-09-10 10:13:48 +0000] Status=2, isTerminal=NO, Elapsed=01:22.
2026-09-10T10:13:49.2328070Z 	Waiting on Data Migration
2026-09-10T10:13:49.5752790Z 		Reason:Running plugin com.apple.managedconfiguration.migrator (MCProfile.migrator, user-agnostic)
2026-09-10T10:13:49.6621040Z 		Migration Elapsed:01:15 seconds
2026-09-10T10:13:49.7481450Z 
2026-09-10T10:13:50.6577180Z [2026-09-10 10:13:49 +0000] Status=2, isTerminal=NO, Elapsed=01:22.
2026-09-10T10:13:50.9079100Z 	Waiting on Data Migration
2026-09-10T10:13:51.0726360Z 		Reason:Running plugin com.apple.managedconfiguration.migrator (MCProfile.migrator, user-agnostic)
2026-09-10T10:13:51.2393560Z 		Migration Elapsed:01:16 seconds
2026-09-10T10:13:51.5653080Z 
2026-09-10T10:13:52.0658410Z [2026-09-10 10:13:50 +0000] Status=2, isTerminal=NO, Elapsed=01:24.
2026-09-10T10:13:52.1454460Z 	Waiting on Data Migration
2026-09-10T10:13:52.2281890Z 		Reason:Running plugin com.apple.MobileSafari.migrator (MobileSafari.migrator)
2026-09-10T10:13:52.3093490Z 		Migration Elapsed:01:17 seconds
2026-09-10T10:13:52.3978560Z 
2026-09-10T10:13:52.5618380Z [2026-09-10 10:13:51 +0000] Status=2, isTerminal=NO, Elapsed=01:24.
2026-09-10T10:13:52.6430890Z 	Waiting on Data Migration
2026-09-10T10:13:52.8065080Z 		Reason:Running plugin com.apple.locationd.migrator (CoreLocationMigrator.migrator)
2026-09-10T10:13:52.8913620Z 		Migration Elapsed:01:18 seconds
2026-09-10T10:13:52.9722570Z 
2026-09-10T10:13:53.0582910Z [2026-09-10 10:13:51 +0000] Status=2, isTerminal=NO, Elapsed=01:25.
2026-09-10T10:13:53.1432730Z 	Waiting on Data Migration
2026-09-10T10:13:53.2309340Z 		Reason:Running plugin com.apple.locationd.migrator (CoreLocationMigrator.migrator)
2026-09-10T10:13:53.3119530Z 		Migration Elapsed:01:19 seconds
2026-09-10T10:13:53.3942720Z 
2026-09-10T10:13:53.4757700Z [2026-09-10 10:13:52 +0000] Status=2, isTerminal=NO, Elapsed=01:26.
2026-09-10T10:13:53.6397350Z 	Waiting on Data Migration
2026-09-10T10:13:53.7219260Z 		Reason:Running plugin com.apple.locationd.migrator (CoreLocationMigrator.migrator)
2026-09-10T10:13:53.8024470Z 		Migration Elapsed:01:20 seconds
2026-09-10T10:13:53.8857450Z 
2026-09-10T10:13:53.9672690Z [2026-09-10 10:13:53 +0000] Status=2, isTerminal=NO, Elapsed=01:27.
2026-09-10T10:13:54.0514090Z 	Waiting on Data Migration
2026-09-10T10:13:54.1333790Z 		Reason:Running plugin com.apple.locationd.migrator (CoreLocationMigrator.migrator)
2026-09-10T10:13:54.2122270Z 		Migration Elapsed:01:21 seconds
2026-09-10T10:13:54.2960440Z 
2026-09-10T10:13:54.8667760Z [2026-09-10 10:13:54 +0000] Status=2, isTerminal=NO, Elapsed=01:28.
2026-09-10T10:13:54.9489590Z 	Waiting on Data Migration
2026-09-10T10:13:55.2055290Z 		Reason:Running plugin com.apple.locationd.migrator (CoreLocationMigrator.migrator)
2026-09-10T10:13:55.7150000Z 		Migration Elapsed:01:22 seconds
2026-09-10T10:13:56.7565530Z 
2026-09-10T10:13:56.8383310Z [2026-09-10 10:13:56 +0000] Status=2, isTerminal=NO, Elapsed=01:29.
2026-09-10T10:13:56.9186280Z 	Waiting on Data Migration
2026-09-10T10:13:57.0027440Z 		Reason:Running plugin com.apple.locationd.migrator (CoreLocationMigrator.migrator)
2026-09-10T10:13:57.0850090Z 		Migration Elapsed:01:23 seconds
2026-09-10T10:13:57.3885620Z 
2026-09-10T10:13:57.3888230Z [2026-09-10 10:13:57 +0000] Status=2, isTerminal=NO, Elapsed=01:30.
2026-09-10T10:13:57.6159750Z 	Waiting on Data Migration
2026-09-10T10:13:57.8890440Z 		Reason:Running plugin com.apple.locationd.migrator (CoreLocationMigrator.migrator)
2026-09-10T10:13:57.9734780Z 		Migration Elapsed:01:24 seconds
2026-09-10T10:13:58.2997580Z 
2026-09-10T10:13:58.4641260Z [2026-09-10 10:13:58 +0000] Status=2, isTerminal=NO, Elapsed=01:31.
2026-09-10T10:13:58.8007520Z 	Waiting on Data Migration
2026-09-10T10:13:58.9668550Z 		Reason:Running plugin com.apple.locationd.migrator (CoreLocationMigrator.migrator)
2026-09-10T10:13:59.4205720Z 		Migration Elapsed:01:25 seconds
2026-09-10T10:14:00.0296600Z 
2026-09-10T10:14:00.9845760Z [2026-09-10 10:14:00 +0000] Status=2, isTerminal=NO, Elapsed=01:34.
2026-09-10T10:14:01.0674310Z 	Waiting on Data Migration
2026-09-10T10:14:01.1516950Z 		Reason:Running plugin com.apple.locationd.migrator (CoreLocationMigrator.migrator)
2026-09-10T10:14:01.2305840Z 		Migration Elapsed:01:26 seconds
2026-09-10T10:14:01.5859370Z 
2026-09-10T10:14:02.7801720Z [2026-09-10 10:14:01 +0000] Status=2, isTerminal=NO, Elapsed=01:35.
2026-09-10T10:14:02.9034450Z 	Waiting on Data Migration
2026-09-10T10:14:03.1206750Z 		Reason:Running plugin com.apple.locationd.migrator (CoreLocationMigrator.migrator)
2026-09-10T10:14:03.4719220Z 		Migration Elapsed:01:28 seconds
2026-09-10T10:14:03.6368170Z 
2026-09-10T10:14:03.7691930Z [2026-09-10 10:14:03 +0000] Status=2, isTerminal=NO, Elapsed=01:37.
2026-09-10T10:14:04.0338760Z 	Waiting on Data Migration
2026-09-10T10:14:04.1570290Z 		Reason:Running plugin com.apple.locationd.migrator (CoreLocationMigrator.migrator)
2026-09-10T10:14:04.4453210Z 		Migration Elapsed:01:29 seconds
2026-09-10T10:14:04.5306210Z 
2026-09-10T10:14:05.6435520Z [2026-09-10 10:14:05 +0000] Status=2, isTerminal=NO, Elapsed=01:38.
2026-09-10T10:14:05.7238630Z 	Waiting on Data Migration
2026-09-10T10:14:05.8684660Z 		Reason:Running plugin com.apple.locationd.migrator (CoreLocationMigrator.migrator)
2026-09-10T10:14:05.8801890Z 		Migration Elapsed:01:31 seconds
2026-09-10T10:14:05.8910860Z 
2026-09-10T10:14:05.9042510Z [2026-09-10 10:14:05 +0000] Status=2, isTerminal=NO, Elapsed=01:39.
2026-09-10T10:14:05.9150390Z 	Waiting on Data Migration
2026-09-10T10:14:06.0416720Z 		Reason:Running plugin com.apple.locationd.migrator (CoreLocationMigrator.migrator)
2026-09-10T10:14:06.1389350Z 		Migration Elapsed:01:32 seconds
2026-09-10T10:14:06.2594760Z 
2026-09-10T10:14:08.0034810Z [2026-09-10 10:14:06 +0000] Status=2, isTerminal=NO, Elapsed=01:40.
2026-09-10T10:14:08.1675040Z 	Waiting on Data Migration
2026-09-10T10:14:08.2311960Z 		Reason:Running plugin com.apple.locationd.migrator (CoreLocationMigrator.migrator)
2026-09-10T10:14:08.6835580Z 		Migration Elapsed:01:33 seconds
2026-09-10T10:14:08.9288740Z 
2026-09-10T10:14:09.1732530Z [2026-09-10 10:14:07 +0000] Status=2, isTerminal=NO, Elapsed=01:40.
2026-09-10T10:14:09.2681160Z 	Waiting on Data Migration
2026-09-10T10:14:09.6023010Z 		Reason:Running plugin com.apple.locationd.migrator (CoreLocationMigrator.migrator)
2026-09-10T10:14:09.7677040Z 		Migration Elapsed:01:34 seconds
2026-09-10T10:14:09.9280800Z 
2026-09-10T10:14:10.0103960Z [2026-09-10 10:14:08 +0000] Status=2, isTerminal=NO, Elapsed=01:41.
2026-09-10T10:14:10.3325480Z 	Waiting on Data Migration
2026-09-10T10:14:10.4830400Z 		Reason:Running plugin com.apple.locationd.migrator (CoreLocationMigrator.migrator)
2026-09-10T10:14:10.5559090Z 		Migration Elapsed:01:35 seconds
2026-09-10T10:14:10.5698320Z 
2026-09-10T10:14:10.5827340Z [2026-09-10 10:14:09 +0000] Status=2, isTerminal=NO, Elapsed=01:42.
2026-09-10T10:14:10.5830640Z 	Waiting on Data Migration
2026-09-10T10:14:10.5955160Z 		Reason:Running plugin com.apple.locationd.migrator (CoreLocationMigrator.migrator)
2026-09-10T10:14:10.6074100Z 		Migration Elapsed:01:36 seconds
2026-09-10T10:14:10.6188790Z 
2026-09-10T10:14:10.6291470Z [2026-09-10 10:14:10 +0000] Status=2, isTerminal=NO, Elapsed=01:43.
2026-09-10T10:14:10.7397510Z 	Waiting on Data Migration
2026-09-10T10:14:10.7509010Z 		Reason:Running plugin com.apple.locationd.migrator (CoreLocationMigrator.migrator)
2026-09-10T10:14:10.7666780Z 		Migration Elapsed:01:37 seconds
2026-09-10T10:14:10.7818770Z 
2026-09-10T10:14:10.7994860Z [2026-09-10 10:14:10 +0000] Status=2, isTerminal=NO, Elapsed=01:44.
2026-09-10T10:14:10.8210640Z 	Waiting on Data Migration
2026-09-10T10:14:10.8419060Z 		Reason:Running plugin com.apple.locationd.migrator (CoreLocationMigrator.migrator)
2026-09-10T10:14:10.8523390Z 		Migration Elapsed:01:38 seconds
2026-09-10T10:14:10.8637510Z 
2026-09-10T10:14:11.8231760Z [2026-09-10 10:14:11 +0000] Status=2, isTerminal=NO, Elapsed=01:45.
2026-09-10T10:14:11.8831850Z 	Waiting on Data Migration
2026-09-10T10:14:12.2935990Z 		Reason:Running plugin com.apple.locationd.migrator (CoreLocationMigrator.migrator)
2026-09-10T10:14:12.3156110Z 		Migration Elapsed:01:39 seconds
2026-09-10T10:14:12.3362260Z 
2026-09-10T10:14:12.8769260Z [2026-09-10 10:14:12 +0000] Status=2, isTerminal=NO, Elapsed=01:46.
2026-09-10T10:14:12.9073810Z 	Waiting on Data Migration
2026-09-10T10:14:12.9086910Z 		Reason:Running plugin com.apple.locationd.migrator (CoreLocationMigrator.migrator)
2026-09-10T10:14:12.9191030Z 		Migration Elapsed:01:40 seconds
2026-09-10T10:14:12.9455740Z 
2026-09-10T10:14:13.7570560Z [2026-09-10 10:14:13 +0000] Status=2, isTerminal=NO, Elapsed=01:47.
2026-09-10T10:14:13.7673280Z 	Waiting on Data Migration
2026-09-10T10:14:13.7778260Z 		Reason:Running plugin com.apple.locationd.migrator (CoreLocationMigrator.migrator)
2026-09-10T10:14:13.7933900Z 		Migration Elapsed:01:41 seconds
2026-09-10T10:14:13.8045920Z 
2026-09-10T10:14:14.6994600Z [2026-09-10 10:14:14 +0000] Status=2, isTerminal=NO, Elapsed=01:48.
2026-09-10T10:14:14.7109390Z 	Waiting on Data Migration
2026-09-10T10:14:14.7216740Z 		Reason:Running plugin com.apple.locationd.migrator (CoreLocationMigrator.migrator)
2026-09-10T10:14:14.7357650Z 		Migration Elapsed:01:42 seconds
2026-09-10T10:14:14.7458590Z 
2026-09-10T10:14:15.7012510Z [2026-09-10 10:14:15 +0000] Status=2, isTerminal=NO, Elapsed=01:49.
2026-09-10T10:14:15.7116490Z 	Waiting on Data Migration
2026-09-10T10:14:15.7223560Z 		Reason:Running plugin com.apple.locationd.migrator (CoreLocationMigrator.migrator)
2026-09-10T10:14:15.7224220Z 		Migration Elapsed:01:43 seconds
2026-09-10T10:14:15.7325220Z 
2026-09-10T10:14:16.6834710Z [2026-09-10 10:14:16 +0000] Status=2, isTerminal=NO, Elapsed=01:50.
2026-09-10T10:14:16.6935860Z 	Waiting on Data Migration
2026-09-10T10:14:16.6985930Z 		Reason:Running plugin com.apple.locationd.migrator (CoreLocationMigrator.migrator)
2026-09-10T10:14:16.7088460Z 		Migration Elapsed:01:44 seconds
2026-09-10T10:14:16.7189990Z 
2026-09-10T10:14:17.6547710Z [2026-09-10 10:14:17 +0000] Status=2, isTerminal=NO, Elapsed=01:51.
2026-09-10T10:14:17.6641700Z 	Waiting on Data Migration
2026-09-10T10:14:17.6642500Z 		Reason:Running plugin com.apple.locationd.migrator (CoreLocationMigrator.migrator)
2026-09-10T10:14:17.6643610Z 		Migration Elapsed:01:45 seconds
2026-09-10T10:14:17.6644280Z 
2026-09-10T10:14:18.6715300Z [2026-09-10 10:14:18 +0000] Status=2, isTerminal=NO, Elapsed=01:52.
2026-09-10T10:14:18.6717410Z 	Waiting on Data Migration
2026-09-10T10:14:18.6718330Z 		Reason:Running plugin com.apple.locationd.migrator (CoreLocationMigrator.migrator)
2026-09-10T10:14:18.6719240Z 		Migration Elapsed:01:46 seconds
2026-09-10T10:14:18.6719520Z 
2026-09-10T10:14:19.6834500Z [2026-09-10 10:14:19 +0000] Status=2, isTerminal=NO, Elapsed=01:53.
2026-09-10T10:14:19.6836590Z 	Waiting on Data Migration
2026-09-10T10:14:19.6837700Z 		Reason:Running plugin com.apple.locationd.migrator (CoreLocationMigrator.migrator)
2026-09-10T10:14:19.6839680Z 		Migration Elapsed:01:47 seconds
2026-09-10T10:14:19.6840050Z 
2026-09-10T10:14:20.6642700Z [2026-09-10 10:14:20 +0000] Status=2, isTerminal=NO, Elapsed=01:54.
2026-09-10T10:14:20.6643260Z 	Waiting on Data Migration
2026-09-10T10:14:20.6655310Z 		Reason:Running plugin com.apple.locationd.migrator (CoreLocationMigrator.migrator)
2026-09-10T10:14:20.6656040Z 		Migration Elapsed:01:48 seconds
2026-09-10T10:14:20.6656250Z 
2026-09-10T10:14:21.7373250Z [2026-09-10 10:14:21 +0000] Status=2, isTerminal=NO, Elapsed=01:55.
2026-09-10T10:14:21.7510280Z 	Waiting on Data Migration
2026-09-10T10:14:21.7617860Z 		Reason:Running plugin com.apple.locationd.migrator (CoreLocationMigrator.migrator)
2026-09-10T10:14:21.7720870Z 		Migration Elapsed:01:49 seconds
2026-09-10T10:14:21.7820810Z 
2026-09-10T10:14:22.8285640Z [2026-09-10 10:14:22 +0000] Status=2, isTerminal=NO, Elapsed=01:56.
2026-09-10T10:14:22.8340770Z 	Waiting on Data Migration
2026-09-10T10:14:22.8348400Z 		Reason:Running plugin com.apple.locationd.migrator (CoreLocationMigrator.migrator)
2026-09-10T10:14:22.8349060Z 		Migration Elapsed:01:50 seconds
2026-09-10T10:14:22.8349380Z 
2026-09-10T10:14:23.8259560Z [2026-09-10 10:14:23 +0000] Status=2, isTerminal=NO, Elapsed=01:57.
2026-09-10T10:14:23.8260280Z 	Waiting on Data Migration
2026-09-10T10:14:23.8260790Z 		Reason:Running plugin com.apple.locationd.migrator (CoreLocationMigrator.migrator)
2026-09-10T10:14:23.8261270Z 		Migration Elapsed:01:51 seconds
2026-09-10T10:14:23.8261540Z 
2026-09-10T10:14:25.9699210Z [2026-09-10 10:14:25 +0000] Status=2, isTerminal=NO, Elapsed=01:59.
2026-09-10T10:14:26.0497770Z 	Waiting on Data Migration
2026-09-10T10:14:26.1409750Z 		Reason:Running plugin com.apple.locationd.migrator (CoreLocationMigrator.migrator)
2026-09-10T10:14:26.2172190Z 		Migration Elapsed:01:52 seconds
2026-09-10T10:14:26.2669090Z 
2026-09-10T10:14:26.2813400Z [2026-09-10 10:14:26 +0000] Status=2, isTerminal=NO, Elapsed=01:59.
2026-09-10T10:14:26.2966400Z 	Waiting on Data Migration
2026-09-10T10:14:26.3073710Z 		Reason:Running plugin com.apple.locationd.migrator (CoreLocationMigrator.migrator)
2026-09-10T10:14:26.3175690Z 		Migration Elapsed:01:53 seconds
2026-09-10T10:14:26.3279440Z 
2026-09-10T10:14:26.9557670Z [2026-09-10 10:14:26 +0000] Status=2, isTerminal=NO, Elapsed=02:00.
2026-09-10T10:14:26.9564230Z 	Waiting on Data Migration
2026-09-10T10:14:26.9566730Z 		Reason:Running plugin com.apple.locationd.migrator (CoreLocationMigrator.migrator)
2026-09-10T10:14:26.9567350Z 		Migration Elapsed:01:54 seconds
2026-09-10T10:14:26.9567710Z 
2026-09-10T10:14:27.7442860Z [2026-09-10 10:14:27 +0000] Status=2, isTerminal=NO, Elapsed=02:01.
2026-09-10T10:14:27.7505220Z 	Waiting on Data Migration
2026-09-10T10:14:27.7725730Z 		Reason:Running plugin com.apple.locationd.migrator (CoreLocationMigrator.migrator)
2026-09-10T10:14:27.8255530Z 		Migration Elapsed:01:55 seconds
2026-09-10T10:14:27.8288040Z 
2026-09-10T10:14:28.6896290Z [2026-09-10 10:14:28 +0000] Status=2, isTerminal=NO, Elapsed=02:02.
2026-09-10T10:14:28.6897120Z 	Waiting on Data Migration
2026-09-10T10:14:28.6898030Z 		Reason:Running plugin com.apple.locationd.migrator (CoreLocationMigrator.migrator)
2026-09-10T10:14:28.6898640Z 		Migration Elapsed:01:56 seconds
2026-09-10T10:14:28.6898900Z 
2026-09-10T10:14:29.6700420Z [2026-09-10 10:14:29 +0000] Status=2, isTerminal=NO, Elapsed=02:03.
2026-09-10T10:14:29.6707040Z 	Waiting on Data Migration
2026-09-10T10:14:29.6709700Z 		Reason:Running plugin com.apple.locationd.migrator (CoreLocationMigrator.migrator)
2026-09-10T10:14:29.6714340Z 		Migration Elapsed:01:57 seconds
2026-09-10T10:14:29.6715100Z 
2026-09-10T10:14:30.7398420Z [2026-09-10 10:14:30 +0000] Status=2, isTerminal=NO, Elapsed=02:04.
2026-09-10T10:14:30.7502110Z 	Waiting on Data Migration
2026-09-10T10:14:30.8299900Z 		Reason:Running plugin com.apple.locationd.migrator (CoreLocationMigrator.migrator)
2026-09-10T10:14:30.8766700Z 		Migration Elapsed:01:58 seconds
2026-09-10T10:14:30.8767510Z 
2026-09-10T10:14:31.6817390Z [2026-09-10 10:14:31 +0000] Status=2, isTerminal=NO, Elapsed=02:05.
2026-09-10T10:14:31.6818420Z 	Waiting on Data Migration
2026-09-10T10:14:31.6819150Z 		Reason:Running plugin com.apple.locationd.migrator (CoreLocationMigrator.migrator)
2026-09-10T10:14:31.6819770Z 		Migration Elapsed:01:59 seconds
2026-09-10T10:14:31.6820000Z 
2026-09-10T10:14:32.6946430Z [2026-09-10 10:14:32 +0000] Status=2, isTerminal=NO, Elapsed=02:06.
2026-09-10T10:14:32.7065300Z 	Waiting on Data Migration
2026-09-10T10:14:32.7409020Z 		Reason:Running plugin com.apple.locationd.migrator (CoreLocationMigrator.migrator)
2026-09-10T10:14:32.7413360Z 		Migration Elapsed:02:00 seconds
2026-09-10T10:14:32.7629810Z 
2026-09-10T10:14:33.6777440Z [2026-09-10 10:14:33 +0000] Status=2, isTerminal=NO, Elapsed=02:07.
2026-09-10T10:14:33.6877850Z 	Waiting on Data Migration
2026-09-10T10:14:33.6979660Z 		Reason:Running plugin com.apple.locationd.migrator (CoreLocationMigrator.migrator)
2026-09-10T10:14:33.7045440Z 		Migration Elapsed:02:01 seconds
2026-09-10T10:14:33.7062710Z 
2026-09-10T10:14:34.6737070Z [2026-09-10 10:14:34 +0000] Status=2, isTerminal=NO, Elapsed=02:08.
2026-09-10T10:14:34.6737790Z 	Waiting on Data Migration
2026-09-10T10:14:34.6738310Z 		Reason:Running plugin com.apple.locationd.migrator (CoreLocationMigrator.migrator)
2026-09-10T10:14:34.6738840Z 		Migration Elapsed:02:02 seconds
2026-09-10T10:14:34.6739110Z 
2026-09-10T10:14:35.6921010Z [2026-09-10 10:14:35 +0000] Status=2, isTerminal=NO, Elapsed=02:09.
2026-09-10T10:14:35.6922770Z 	Waiting on Data Migration
2026-09-10T10:14:35.6924050Z 		Reason:Running plugin com.apple.locationd.migrator (CoreLocationMigrator.migrator)
2026-09-10T10:14:35.6925650Z 		Migration Elapsed:02:03 seconds
2026-09-10T10:14:35.6926390Z 
2026-09-10T10:14:36.6694920Z [2026-09-10 10:14:36 +0000] Status=2, isTerminal=NO, Elapsed=02:10.
2026-09-10T10:14:36.6776810Z 	Waiting on Data Migration
2026-09-10T10:14:36.6832960Z 		Reason:Running plugin com.apple.locationd.migrator (CoreLocationMigrator.migrator)
2026-09-10T10:14:36.6935820Z 		Migration Elapsed:02:04 seconds
2026-09-10T10:14:36.7032860Z 
2026-09-10T10:14:37.6615060Z [2026-09-10 10:14:37 +0000] Status=2, isTerminal=NO, Elapsed=02:11.
2026-09-10T10:14:37.6615790Z 	Waiting on Data Migration
2026-09-10T10:14:37.6616340Z 		Reason:Running plugin com.apple.locationd.migrator (CoreLocationMigrator.migrator)
2026-09-10T10:14:37.6617130Z 		Migration Elapsed:02:05 seconds
2026-09-10T10:14:37.6617360Z 
2026-09-10T10:14:38.6576700Z [2026-09-10 10:14:38 +0000] Status=2, isTerminal=NO, Elapsed=02:12.
2026-09-10T10:14:38.6577850Z 	Waiting on Data Migration
2026-09-10T10:14:38.6580680Z 		Reason:Running plugin com.apple.locationd.migrator (CoreLocationMigrator.migrator)
2026-09-10T10:14:38.6649610Z 		Migration Elapsed:02:06 seconds
2026-09-10T10:14:38.6651750Z 
2026-09-10T10:14:40.4492030Z [2026-09-10 10:14:40 +0000] Status=2, isTerminal=NO, Elapsed=02:13.
2026-09-10T10:14:40.4541560Z 	Waiting on Data Migration
2026-09-10T10:14:40.4542980Z 		Reason:Running plugin com.apple.locationd.migrator (CoreLocationMigrator.migrator)
2026-09-10T10:14:40.4544690Z 		Migration Elapsed:02:07 seconds
2026-09-10T10:14:40.4545300Z 
2026-09-10T10:14:42.0532550Z [2026-09-10 10:14:41 +0000] Status=2, isTerminal=NO, Elapsed=02:15.
2026-09-10T10:14:42.0662680Z 	Waiting on Data Migration
2026-09-10T10:14:42.0757790Z 		Reason:Running plugin com.apple.managedconfiguration.mdm.migrator (MCMDM.migrator)
2026-09-10T10:14:42.1935310Z 		Migration Elapsed:02:08 seconds
2026-09-10T10:14:42.3696470Z 
2026-09-10T10:14:42.8305130Z [2026-09-10 10:14:42 +0000] Status=2, isTerminal=NO, Elapsed=02:16.
2026-09-10T10:14:42.9944630Z 	Waiting on Data Migration
2026-09-10T10:14:43.2697470Z 		Reason:Running plugin com.apple.CloudTabsMigrator.migrator (CloudTabsMigrator.migrator)
2026-09-10T10:14:43.4761650Z 		Migration Elapsed:02:09 seconds
2026-09-10T10:14:43.5558580Z 
2026-09-10T10:14:45.7692510Z [2026-09-10 10:14:45 +0000] Status=2, isTerminal=NO, Elapsed=02:19.
2026-09-10T10:14:45.7695980Z 	Waiting on Data Migration
2026-09-10T10:14:45.8522030Z 		Reason:Running plugin com.apple.PassbookDataMigrator (PassbookDataMigrator.migrator)
2026-09-10T10:14:45.9323140Z 		Migration Elapsed:02:10 seconds
2026-09-10T10:14:46.0159850Z 
2026-09-10T10:14:46.0969230Z [2026-09-10 10:14:45 +0000] Status=4, isTerminal=NO, Elapsed=02:19.
2026-09-10T10:14:46.1783650Z 	Waiting on System App
2026-09-10T10:14:46.3402820Z 
2026-09-10T10:14:46.9141900Z [2026-09-10 10:14:46 +0000] Status=4, isTerminal=NO, Elapsed=02:19.
2026-09-10T10:14:46.9960620Z 	Waiting on System App
2026-09-10T10:14:47.0773570Z 
2026-09-10T10:14:47.4048370Z [2026-09-10 10:14:47 +0000] Status=4, isTerminal=NO, Elapsed=02:20.
2026-09-10T10:14:47.4863690Z 	Waiting on System App
2026-09-10T10:14:47.5670410Z 
2026-09-10T10:14:47.7760330Z [2026-09-10 10:14:47 +0000] Status=4, isTerminal=NO, Elapsed=02:21.
2026-09-10T10:14:47.8278250Z 	Waiting on System App
2026-09-10T10:14:47.8380800Z 
2026-09-10T10:14:48.6999750Z [2026-09-10 10:14:48 +0000] Status=4, isTerminal=NO, Elapsed=02:22.
2026-09-10T10:14:48.7105110Z 	Waiting on System App
2026-09-10T10:14:48.7116880Z 
2026-09-10T10:14:51.0788320Z [2026-09-10 10:14:50 +0000] Status=4, isTerminal=NO, Elapsed=02:24.
2026-09-10T10:14:51.0789730Z 	Waiting on System App
2026-09-10T10:14:51.0790140Z 
2026-09-10T10:14:52.5606900Z [2026-09-10 10:14:51 +0000] Status=4, isTerminal=NO, Elapsed=02:25.
2026-09-10T10:14:52.6430940Z 	Waiting on System App
2026-09-10T10:14:52.7340310Z 
2026-09-10T10:14:57.9757380Z [2026-09-10 10:14:57 +0000] Status=4294967295, isTerminal=YES, Elapsed=02:30.
2026-09-10T10:14:58.2180590Z 	Finished
2026-09-10T10:14:58.3022620Z 
2026-09-10T10:15:14.7070380Z Command line invocation:
2026-09-10T10:15:14.7188900Z     /Applications/Xcode_26.4.1.app/Contents/Developer/usr/bin/xcodebuild test -project /Users/runner/work/PartyDeck/PartyDeck/godot/ios-host/RetainedHost.xcodeproj -scheme RetainedHost -configuration Debug -destination "platform=iOS Simulator,id=6762BD8F-E960-4E21-B8DB-9D43947B47AF" -derivedDataPath /Users/runner/work/PartyDeck/PartyDeck/godot/ios-host/build/retained-host-test/DerivedData -resultBundlePath /Users/runner/work/PartyDeck/PartyDeck/godot/ios-host/build/retained-host-test/artifacts/RetainedHost.xcresult -parallel-testing-enabled NO CODE_SIGNING_ALLOWED=NO LD_MAP_FILE_PATH=/Users/runner/work/PartyDeck/PartyDeck/godot/ios-host/build/retained-host-test/evidence/RetainedHost-LinkMap.txt
2026-09-10T10:15:14.7218180Z 
2026-09-10T10:15:14.7218780Z Build settings from command line:
2026-09-10T10:15:14.7219860Z     CODE_SIGNING_ALLOWED = NO
2026-09-10T10:15:14.7221800Z     LD_MAP_FILE_PATH = /Users/runner/work/PartyDeck/PartyDeck/godot/ios-host/build/retained-host-test/evidence/RetainedHost-LinkMap.txt
2026-09-10T10:15:14.7223370Z 
2026-09-10T10:15:22.8752530Z Writing result bundle at path:
2026-09-10T10:15:22.8760190Z 	/Users/runner/work/PartyDeck/PartyDeck/godot/ios-host/build/retained-host-test/artifacts/RetainedHost.xcresult
2026-09-10T10:15:22.8790460Z 
2026-09-10T10:15:31.7956690Z ComputePackagePrebuildTargetDependencyGraph
2026-09-10T10:15:31.9374900Z 
2026-09-10T10:15:31.9418550Z Prepare packages
2026-09-10T10:15:31.9432690Z 
2026-09-10T10:15:31.9464540Z CreateBuildRequest
2026-09-10T10:15:31.9571160Z 
2026-09-10T10:15:31.9612690Z SendProjectDescription
2026-09-10T10:15:31.9613180Z 
2026-09-10T10:15:31.9613850Z CreateBuildOperation
2026-09-10T10:15:31.9748250Z 
2026-09-10T10:15:31.9814800Z ComputeTargetDependencyGraph
2026-09-10T10:15:31.9964460Z note: Building targets in dependency order
2026-09-10T10:15:32.0011690Z note: Target dependency graph (2 targets)
2026-09-10T10:15:32.0012730Z     Target 'RetainedHostUITests' in project 'RetainedHost'
2026-09-10T10:15:32.0086280Z         ➜ Explicit dependency on target 'RetainedHost' in project 'RetainedHost'
2026-09-10T10:15:32.0128380Z     Target 'RetainedHost' in project 'RetainedHost' (no dependencies)
2026-09-10T10:15:32.0130060Z 
2026-09-10T10:15:32.0130320Z GatherProvisioningInputs
2026-09-10T10:15:32.0130620Z 
2026-09-10T10:15:32.0130940Z CreateBuildDescription
2026-09-10T10:15:32.0382790Z 
2026-09-10T10:15:32.0383840Z ExecuteExternalTool /Applications/Xcode_26.4.1.app/Contents/Developer/Toolchains/XcodeDefault.xctoolchain/usr/bin/swiftc --version
2026-09-10T10:15:33.5066830Z 
2026-09-10T10:15:33.5091130Z ExecuteExternalTool /Applications/Xcode_26.4.1.app/Contents/Developer/Toolchains/XcodeDefault.xctoolchain/usr/bin/clang -v -E -dM -isysroot /Applications/Xcode_26.4.1.app/Contents/Developer/Platforms/iPhoneSimulator.platform/Developer/SDKs/iPhoneSimulator26.4.sdk -x c -c /dev/null
2026-09-10T10:15:33.5094450Z 
2026-09-10T10:15:33.5296910Z ExecuteExternalTool /Applications/Xcode_26.4.1.app/Contents/Developer/Toolchains/XcodeDefault.xctoolchain/usr/bin/ld -version_details
2026-09-10T10:15:34.0733780Z 
2026-09-10T10:15:34.1038670Z Build description signature: 4af86e13582363ed8ff13b35f4ffeb79
2026-09-10T10:15:34.1138390Z Build description path: /Users/runner/work/PartyDeck/PartyDeck/godot/ios-host/build/retained-host-test/DerivedData/Build/Intermediates.noindex/XCBuildData/4af86e13582363ed8ff13b35f4ffeb79.xcbuilddata
2026-09-10T10:15:34.1702360Z ClangStatCache /Applications/Xcode_26.4.1.app/Contents/Developer/Toolchains/XcodeDefault.xctoolchain/usr/bin/clang-stat-cache /Applications/Xcode_26.4.1.app/Contents/Developer/Platforms/iPhoneSimulator.platform/Developer/SDKs/iPhoneSimulator26.4.sdk /Users/runner/work/PartyDeck/PartyDeck/godot/ios-host/build/retained-host-test/DerivedData/SDKStatCaches.noindex/iphonesimulator26.4-23E252-688ef53f1462e2c8f657fdc38a81448f893e4a944e4cdd9af1f5077e1341bc52.sdkstatcache
2026-09-10T10:15:34.1864550Z     cd /Users/runner/work/PartyDeck/PartyDeck/godot/ios-host/RetainedHost.xcodeproj
2026-09-10T10:15:34.1866930Z     /Applications/Xcode_26.4.1.app/Contents/Developer/Toolchains/XcodeDefault.xctoolchain/usr/bin/clang-stat-cache /Applications/Xcode_26.4.1.app/Contents/Developer/Platforms/iPhoneSimulator.platform/Developer/SDKs/iPhoneSimulator26.4.sdk -o /Users/runner/work/PartyDeck/PartyDeck/godot/ios-host/build/retained-host-test/DerivedData/SDKStatCaches.noindex/iphonesimulator26.4-23E252-688ef53f1462e2c8f657fdc38a81448f893e4a944e4cdd9af1f5077e1341bc52.sdkstatcache
2026-09-10T10:15:34.2478180Z 
2026-09-10T10:15:34.2515580Z ProcessInfoPlistFile /Users/runner/work/PartyDeck/PartyDeck/godot/ios-host/build/retained-host-test/DerivedData/Build/Products/Debug-iphonesimulator/RetainedHost.app/Info.plist /Users/runner/work/PartyDeck/PartyDeck/godot/ios-host/RetainedHost/Info.plist (in target 'RetainedHost' from project 'RetainedHost')
2026-09-10T10:15:34.2530030Z     cd /Users/runner/work/PartyDeck/PartyDeck/godot/ios-host
2026-09-10T10:15:34.2591240Z     builtin-infoPlistUtility /Users/runner/work/PartyDeck/PartyDeck/godot/ios-host/RetainedHost/Info.plist -producttype com.apple.product-type.application -genpkginfo /Users/runner/work/PartyDeck/PartyDeck/godot/ios-host/build/retained-host-test/DerivedData/Build/Products/Debug-iphonesimulator/RetainedHost.app/PkgInfo -expandbuildsettings -format binary -platform iphonesimulator -o /Users/runner/work/PartyDeck/PartyDeck/godot/ios-host/build/retained-host-test/DerivedData/Build/Products/Debug-iphonesimulator/RetainedHost.app/Info.plist
2026-09-10T10:15:34.2933660Z 
2026-09-10T10:15:34.3021440Z WriteAuxiliaryFile /Users/runner/work/PartyDeck/PartyDeck/godot/ios-host/build/retained-host-test/DerivedData/Build/Intermediates.noindex/RetainedHost.build/Debug-iphonesimulator/RetainedHostUITests.build/empty-RetainedHostUITests.plist (in target 'RetainedHostUITests' from project 'RetainedHost')
2026-09-10T10:15:34.3033130Z     cd /Users/runner/work/PartyDeck/PartyDeck/godot/ios-host
2026-09-10T10:15:34.3065880Z     write-file /Users/runner/work/PartyDeck/PartyDeck/godot/ios-host/build/retained-host-test/DerivedData/Build/Intermediates.noindex/RetainedHost.build/Debug-iphonesimulator/RetainedHostUITests.build/empty-RetainedHostUITests.plist
2026-09-10T10:15:34.3091100Z 
2026-09-10T10:15:34.3101770Z WriteAuxiliaryFile /Users/runner/work/PartyDeck/PartyDeck/godot/ios-host/build/retained-host-test/DerivedData/Build/Intermediates.noindex/RetainedHost.build/Debug-iphonesimulator/RetainedHostUITests.build/RetainedHostUITests.hmap (in target 'RetainedHostUITests' from project 'RetainedHost')
2026-09-10T10:15:34.3128470Z     cd /Users/runner/work/PartyDeck/PartyDeck/godot/ios-host
2026-09-10T10:15:34.3133470Z     write-file /Users/runner/work/PartyDeck/PartyDeck/godot/ios-host/build/retained-host-test/DerivedData/Build/Intermediates.noindex/RetainedHost.build/Debug-iphonesimulator/RetainedHostUITests.build/RetainedHostUITests.hmap
2026-09-10T10:15:34.3135060Z 
2026-09-10T10:15:34.3137010Z WriteAuxiliaryFile /Users/runner/work/PartyDeck/PartyDeck/godot/ios-host/build/retained-host-test/DerivedData/Build/Intermediates.noindex/RetainedHost.build/Debug-iphonesimulator/RetainedHostUITests.build/RetainedHostUITests.DependencyStaticMetadataFileList (in target 'RetainedHostUITests' from project 'RetainedHost')
2026-09-10T10:15:34.3140370Z     cd /Users/runner/work/PartyDeck/PartyDeck/godot/ios-host
2026-09-10T10:15:34.3142310Z     write-file /Users/runner/work/PartyDeck/PartyDeck/godot/ios-host/build/retained-host-test/DerivedData/Build/Intermediates.noindex/RetainedHost.build/Debug-iphonesimulator/RetainedHostUITests.build/RetainedHostUITests.DependencyStaticMetadataFileList
2026-09-10T10:15:34.3143560Z 
2026-09-10T10:15:34.3145850Z WriteAuxiliaryFile /Users/runner/work/PartyDeck/PartyDeck/godot/ios-host/build/retained-host-test/DerivedData/Build/Intermediates.noindex/RetainedHost.build/Debug-iphonesimulator/RetainedHostUITests.build/RetainedHostUITests.DependencyMetadataFileList (in target 'RetainedHostUITests' from project 'RetainedHost')
2026-09-10T10:15:34.3155990Z     cd /Users/runner/work/PartyDeck/PartyDeck/godot/ios-host
2026-09-10T10:15:34.3163980Z     write-file /Users/runner/work/PartyDeck/PartyDeck/godot/ios-host/build/retained-host-test/DerivedData/Build/Intermediates.noindex/RetainedHost.build/Debug-iphonesimulator/RetainedHostUITests.build/RetainedHostUITests.DependencyMetadataFileList
2026-09-10T10:15:34.3170510Z 
2026-09-10T10:15:34.3182300Z WriteAuxiliaryFile /Users/runner/work/PartyDeck/PartyDeck/godot/ios-host/build/retained-host-test/DerivedData/Build/Intermediates.noindex/RetainedHost.build/Debug-iphonesimulator/RetainedHostUITests.build/RetainedHostUITests-project-headers.hmap (in target 'RetainedHostUITests' from project 'RetainedHost')
2026-09-10T10:15:34.3190270Z     cd /Users/runner/work/PartyDeck/PartyDeck/godot/ios-host
2026-09-10T10:15:34.3193920Z     write-file /Users/runner/work/PartyDeck/PartyDeck/godot/ios-host/build/retained-host-test/DerivedData/Build/Intermediates.noindex/RetainedHost.build/Debug-iphonesimulator/RetainedHostUITests.build/RetainedHostUITests-project-headers.hmap
2026-09-10T10:15:34.3195820Z 
2026-09-10T10:15:34.3198750Z WriteAuxiliaryFile /Users/runner/work/PartyDeck/PartyDeck/godot/ios-host/build/retained-host-test/DerivedData/Build/Intermediates.noindex/RetainedHost.build/Debug-iphonesimulator/RetainedHostUITests.build/RetainedHostUITests-own-target-headers.hmap (in target 'RetainedHostUITests' from project 'RetainedHost')
2026-09-10T10:15:34.3201690Z     cd /Users/runner/work/PartyDeck/PartyDeck/godot/ios-host
2026-09-10T10:15:34.3204260Z     write-file /Users/runner/work/PartyDeck/PartyDeck/godot/ios-host/build/retained-host-test/DerivedData/Build/Intermediates.noindex/RetainedHost.build/Debug-iphonesimulator/RetainedHostUITests.build/RetainedHostUITests-own-target-headers.hmap
2026-09-10T10:15:34.3205170Z 
2026-09-10T10:15:34.3206970Z WriteAuxiliaryFile /Users/runner/work/PartyDeck/PartyDeck/godot/ios-host/build/retained-host-test/DerivedData/Build/Intermediates.noindex/RetainedHost.build/Debug-iphonesimulator/RetainedHostUITests.build/RetainedHostUITests-generated-files.hmap (in target 'RetainedHostUITests' from project 'RetainedHost')
2026-09-10T10:15:34.3209100Z     cd /Users/runner/work/PartyDeck/PartyDeck/godot/ios-host
2026-09-10T10:15:34.3210480Z     write-file /Users/runner/work/PartyDeck/PartyDeck/godot/ios-host/build/retained-host-test/DerivedData/Build/Intermediates.noindex/RetainedHost.build/Debug-iphonesimulator/RetainedHostUITests.build/RetainedHostUITests-generated-files.hmap
2026-09-10T10:15:34.3211370Z 
2026-09-10T10:15:34.3213570Z WriteAuxiliaryFile /Users/runner/work/PartyDeck/PartyDeck/godot/ios-host/build/retained-host-test/DerivedData/Build/Intermediates.noindex/RetainedHost.build/Debug-iphonesimulator/RetainedHostUITests.build/RetainedHostUITests-all-target-headers.hmap (in target 'RetainedHostUITests' from project 'RetainedHost')
2026-09-10T10:15:34.3215130Z     cd /Users/runner/work/PartyDeck/PartyDeck/godot/ios-host
2026-09-10T10:15:34.3216920Z     write-file /Users/runner/work/PartyDeck/PartyDeck/godot/ios-host/build/retained-host-test/DerivedData/Build/Intermediates.noindex/RetainedHost.build/Debug-iphonesimulator/RetainedHostUITests.build/RetainedHostUITests-all-target-headers.hmap
2026-09-10T10:15:34.3218240Z 
2026-09-10T10:15:34.3219510Z WriteAuxiliaryFile /Users/runner/work/PartyDeck/PartyDeck/godot/ios-host/build/retained-host-test/DerivedData/Build/Intermediates.noindex/RetainedHost.build/Debug-iphonesimulator/RetainedHostUITests.build/RetainedHostUITests-all-non-framework-target-headers.hmap (in target 'RetainedHostUITests' from project 'RetainedHost')
2026-09-10T10:15:34.3221330Z     cd /Users/runner/work/PartyDeck/PartyDeck/godot/ios-host
2026-09-10T10:15:34.3222850Z     write-file /Users/runner/work/PartyDeck/PartyDeck/godot/ios-host/build/retained-host-test/DerivedData/Build/Intermediates.noindex/RetainedHost.build/Debug-iphonesimulator/RetainedHostUITests.build/RetainedHostUITests-all-non-framework-target-headers.hmap
2026-09-10T10:15:34.3223940Z 
2026-09-10T10:15:34.3225520Z WriteAuxiliaryFile /Users/runner/work/PartyDeck/PartyDeck/godot/ios-host/build/retained-host-test/DerivedData/Build/Intermediates.noindex/RetainedHost.build/Debug-iphonesimulator/RetainedHostUITests.build/ProductTypeInfoPlistAdditions.plist (in target 'RetainedHostUITests' from project 'RetainedHost')
2026-09-10T10:15:34.3228480Z     cd /Users/runner/work/PartyDeck/PartyDeck/godot/ios-host
2026-09-10T10:15:34.3230350Z     write-file /Users/runner/work/PartyDeck/PartyDeck/godot/ios-host/build/retained-host-test/DerivedData/Build/Intermediates.noindex/RetainedHost.build/Debug-iphonesimulator/RetainedHostUITests.build/ProductTypeInfoPlistAdditions.plist
2026-09-10T10:15:34.3231970Z 
2026-09-10T10:15:34.3233180Z WriteAuxiliaryFile /Users/runner/work/PartyDeck/PartyDeck/godot/ios-host/build/retained-host-test/DerivedData/Build/Intermediates.noindex/RetainedHost.build/Debug-iphonesimulator/RetainedHostUITests.build/Objects-normal/arm64/RetainedHostUITests_const_extract_protocols.json (in target 'RetainedHostUITests' from project 'RetainedHost')
2026-09-10T10:15:34.3234970Z     cd /Users/runner/work/PartyDeck/PartyDeck/godot/ios-host
2026-09-10T10:15:34.3236550Z     write-file /Users/runner/work/PartyDeck/PartyDeck/godot/ios-host/build/retained-host-test/DerivedData/Build/Intermediates.noindex/RetainedHost.build/Debug-iphonesimulator/RetainedHostUITests.build/Objects-normal/arm64/RetainedHostUITests_const_extract_protocols.json
2026-09-10T10:15:34.3237710Z 
2026-09-10T10:15:34.3239060Z WriteAuxiliaryFile /Users/runner/work/PartyDeck/PartyDeck/godot/ios-host/build/retained-host-test/DerivedData/Build/Intermediates.noindex/RetainedHost.build/Debug-iphonesimulator/RetainedHostUITests.build/Objects-normal/arm64/RetainedHostUITests.SwiftFileList (in target 'RetainedHostUITests' from project 'RetainedHost')
2026-09-10T10:15:34.3240680Z     cd /Users/runner/work/PartyDeck/PartyDeck/godot/ios-host
2026-09-10T10:15:34.3242150Z     write-file /Users/runner/work/PartyDeck/PartyDeck/godot/ios-host/build/retained-host-test/DerivedData/Build/Intermediates.noindex/RetainedHost.build/Debug-iphonesimulator/RetainedHostUITests.build/Objects-normal/arm64/RetainedHostUITests.SwiftFileList
2026-09-10T10:15:34.3243740Z 
2026-09-10T10:15:34.3245330Z WriteAuxiliaryFile /Users/runner/work/PartyDeck/PartyDeck/godot/ios-host/build/retained-host-test/DerivedData/Build/Intermediates.noindex/RetainedHost.build/Debug-iphonesimulator/RetainedHostUITests.build/Objects-normal/arm64/RetainedHostUITests.SwiftConstValuesFileList (in target 'RetainedHostUITests' from project 'RetainedHost')
2026-09-10T10:15:34.3476760Z     cd /Users/runner/work/PartyDeck/PartyDeck/godot/ios-host
2026-09-10T10:15:34.3479310Z     write-file /Users/runner/work/PartyDeck/PartyDeck/godot/ios-host/build/retained-host-test/DerivedData/Build/Intermediates.noindex/RetainedHost.build/Debug-iphonesimulator/RetainedHostUITests.build/Objects-normal/arm64/RetainedHostUITests.SwiftConstValuesFileList
2026-09-10T10:15:34.3481180Z 
2026-09-10T10:15:34.3482540Z WriteAuxiliaryFile /Users/runner/work/PartyDeck/PartyDeck/godot/ios-host/build/retained-host-test/DerivedData/Build/Intermediates.noindex/RetainedHost.build/Debug-iphonesimulator/RetainedHostUITests.build/Objects-normal/arm64/RetainedHostUITests.LinkFileList (in target 'RetainedHostUITests' from project 'RetainedHost')
2026-09-10T10:15:34.3484090Z     cd /Users/runner/work/PartyDeck/PartyDeck/godot/ios-host
2026-09-10T10:15:34.3485420Z     write-file /Users/runner/work/PartyDeck/PartyDeck/godot/ios-host/build/retained-host-test/DerivedData/Build/Intermediates.noindex/RetainedHost.build/Debug-iphonesimulator/RetainedHostUITests.build/Objects-normal/arm64/RetainedHostUITests.LinkFileList
2026-09-10T10:15:34.3486570Z 
2026-09-10T10:15:34.3487680Z WriteAuxiliaryFile /Users/runner/work/PartyDeck/PartyDeck/godot/ios-host/build/retained-host-test/DerivedData/Build/Intermediates.noindex/RetainedHost.build/Debug-iphonesimulator/RetainedHostUITests.build/Objects-normal/arm64/RetainedHostUITests-OutputFileMap.json (in target 'RetainedHostUITests' from project 'RetainedHost')
2026-09-10T10:15:34.3489540Z     cd /Users/runner/work/PartyDeck/PartyDeck/godot/ios-host
2026-09-10T10:15:34.3490780Z     write-file /Users/runner/work/PartyDeck/PartyDeck/godot/ios-host/build/retained-host-test/DerivedData/Build/Intermediates.noindex/RetainedHost.build/Debug-iphonesimulator/RetainedHostUITests.build/Objects-normal/arm64/RetainedHostUITests-OutputFileMap.json
2026-09-10T10:15:34.3491980Z 
2026-09-10T10:15:34.3492980Z MkDir /Users/runner/work/PartyDeck/PartyDeck/godot/ios-host/build/retained-host-test/DerivedData/Build/Products/Debug-iphonesimulator/RetainedHostUITests-Runner.app/PlugIns/RetainedHostUITests.xctest (in target 'RetainedHostUITests' from project 'RetainedHost')
2026-09-10T10:15:34.3494140Z     cd /Users/runner/work/PartyDeck/PartyDeck/godot/ios-host
2026-09-10T10:15:34.3495740Z     /bin/mkdir -p /Users/runner/work/PartyDeck/PartyDeck/godot/ios-host/build/retained-host-test/DerivedData/Build/Products/Debug-iphonesimulator/RetainedHostUITests-Runner.app/PlugIns/RetainedHostUITests.xctest
2026-09-10T10:15:34.3496710Z 
2026-09-10T10:15:34.4275990Z CopySwiftLibs /Users/runner/work/PartyDeck/PartyDeck/godot/ios-host/build/retained-host-test/DerivedData/Build/Products/Debug-iphonesimulator/RetainedHost.app (in target 'RetainedHost' from project 'RetainedHost')
2026-09-10T10:15:34.4277180Z     cd /Users/runner/work/PartyDeck/PartyDeck/godot/ios-host
2026-09-10T10:15:34.4283980Z     builtin-swiftStdLibTool --copy --verbose --scan-executable /Users/runner/work/PartyDeck/PartyDeck/godot/ios-host/build/retained-host-test/DerivedData/Build/Products/Debug-iphonesimulator/RetainedHost.app/RetainedHost --scan-folder /Users/runner/work/PartyDeck/PartyDeck/godot/ios-host/build/retained-host-test/DerivedData/Build/Products/Debug-iphonesimulator/RetainedHost.app/Frameworks --scan-folder /Users/runner/work/PartyDeck/PartyDeck/godot/ios-host/build/retained-host-test/DerivedData/Build/Products/Debug-iphonesimulator/RetainedHost.app/PlugIns --scan-folder /Users/runner/work/PartyDeck/PartyDeck/godot/ios-host/build/retained-host-test/DerivedData/Build/Products/Debug-iphonesimulator/RetainedHost.app/SystemExtensions --scan-folder /Users/runner/work/PartyDeck/PartyDeck/godot/ios-host/build/retained-host-test/DerivedData/Build/Products/Debug-iphonesimulator/RetainedHost.app/Extensions --scan-folder /Users/runner/work/PartyDeck/PartyDeck/godot/ios-host/build/artifacts/PartyDeckGodotBridge.framework --platform iphonesimulator --toolchain /var/run/com.apple.security.cryptexd/mnt/com.apple.MobileAsset.MetalToolchain-v17.5.188.0.GFlktL/Metal.xctoolchain --toolchain /Applications/Xcode_26.4.1.app/Contents/Developer/Toolchains/XcodeDefault.xctoolchain --destination /Users/runner/work/PartyDeck/PartyDeck/godot/ios-host/build/retained-host-test/DerivedData/Build/Products/Debug-iphonesimulator/RetainedHost.app/Frameworks --strip-bitcode --strip-bitcode-tool /Applications/Xcode_26.4.1.app/Contents/Developer/Toolchains/XcodeDefault.xctoolchain/usr/bin/bitcode_strip --emit-dependency-info /Users/runner/work/PartyDeck/PartyDeck/godot/ios-host/build/retained-host-test/DerivedData/Build/Intermediates.noindex/RetainedHost.build/Debug-iphonesimulator/RetainedHost.build/SwiftStdLibToolInputDependencies.dep --filter-for-swift-os
2026-09-10T10:15:34.9978920Z Ignoring --strip-bitcode because --sign was not passed
2026-09-10T10:15:35.0080100Z 
2026-09-10T10:15:35.0181940Z SwiftDriver RetainedHostUITests normal arm64 com.apple.xcode.tools.swift.compiler (in target 'RetainedHostUITests' from project 'RetainedHost')
2026-09-10T10:15:35.0283460Z     cd /Users/runner/work/PartyDeck/PartyDeck/godot/ios-host
2026-09-10T10:15:35.0385620Z     builtin-SwiftDriver -- /Applications/Xcode_26.4.1.app/Contents/Developer/Toolchains/XcodeDefault.xctoolchain/usr/bin/swiftc -module-name RetainedHostUITests -Onone @/Users/runner/work/PartyDeck/PartyDeck/godot/ios-host/build/retained-host-test/DerivedData/Build/Intermediates.noindex/RetainedHost.build/Debug-iphonesimulator/RetainedHostUITests.build/Objects-normal/arm64/RetainedHostUITests.SwiftFileList -module-alias Testing\=_Testing_Unavailable -plugin-path /Applications/Xcode_26.4.1.app/Contents/Developer/Toolchains/XcodeDefault.xctoolchain/usr/lib/swift/host/plugins/testing -enable-experimental-feature DebugDescriptionMacro -sdk /Applications/Xcode_26.4.1.app/Contents/Developer/Platforms/iPhoneSimulator.platform/Developer/SDKs/iPhoneSimulator26.4.sdk -target arm64-apple-ios15.0-simulator -g -module-cache-path /Users/runner/work/PartyDeck/PartyDeck/godot/ios-host/build/retained-host-test/DerivedData/ModuleCache.noindex -Xfrontend -serialize-debugging-options -enable-testing -index-store-path /Users/runner/work/PartyDeck/PartyDeck/godot/ios-host/build/retained-host-test/DerivedData/Index.noindex/DataStore -swift-version 6 -I /Users/runner/work/PartyDeck/PartyDeck/godot/ios-host/build/retained-host-test/DerivedData/Build/Products/Debug-iphonesimulator -Isystem /Applications/Xcode_26.4.1.app/Contents/Developer/Platforms/iPhoneSimulator.platform/Developer/usr/lib -F /Users/runner/work/PartyDeck/PartyDeck/godot/ios-host/build/retained-host-test/DerivedData/Build/Products/Debug-iphonesimulator -F /Applications/Xcode_26.4.1.app/Contents/Developer/Platforms/iPhoneSimulator.platform/Developer/Library/Frameworks -F /Applications/Xcode_26.4.1.app/Contents/Developer/Platforms/iPhoneSimulator.platform/Developer/SDKs/iPhoneSimulator26.4.sdk/Developer/Library/Frameworks -parse-as-library -c -j3 -enable-batch-mode -incremental -Xcc -ivfsstatcache -Xcc /Users/runner/work/PartyDeck/PartyDeck/godot/ios-host/build/retained-host-test/DerivedData/SDKStatCaches.noindex/iphonesimulator26.4-23E252-688ef53f1462e2c8f657fdc38a81448f893e4a944e4cdd9af1f5077e1341bc52.sdkstatcache -output-file-map /Users/runner/work/PartyDeck/PartyDeck/godot/ios-host/build/retained-host-test/DerivedData/Build/Intermediates.noindex/RetainedHost.build/Debug-iphonesimulator/RetainedHostUITests.build/Objects-normal/arm64/RetainedHostUITests-OutputFileMap.json -use-frontend-parseable-output -save-temps -no-color-diagnostics -explicit-module-build -module-cache-path /Users/runner/work/PartyDeck/PartyDeck/godot/ios-host/build/retained-host-test/DerivedData/Build/Intermediates.noindex/SwiftExplicitPrecompiledModules -clang-scanner-module-cache-path /Users/runner/work/PartyDeck/PartyDeck/godot/ios-host/build/retained-host-test/DerivedData/ModuleCache.noindex -sdk-module-cache-path /Users/runner/work/PartyDeck/PartyDeck/godot/ios-host/build/retained-host-test/DerivedData/ModuleCache.noindex -serialize-diagnostics -emit-dependencies -emit-module -emit-module-path /Users/runner/work/PartyDeck/PartyDeck/godot/ios-host/build/retained-host-test/DerivedData/Build/Intermediates.noindex/RetainedHost.build/Debug-iphonesimulator/RetainedHostUITests.build/Objects-normal/arm64/RetainedHostUITests.swiftmodule -validate-clang-modules-once -clang-build-session-file /Users/runner/work/PartyDeck/PartyDeck/godot/ios-host/build/retained-host-test/DerivedData/ModuleCache.noindex/Session.modulevalidation -Xcc -I/Users/runner/work/PartyDeck/PartyDeck/godot/ios-host/build/retained-host-test/DerivedData/Build/Intermediates.noindex/RetainedHost.build/Debug-iphonesimulator/RetainedHostUITests.build/swift-overrides.hmap -emit-const-values -Xfrontend -const-gather-protocols-file -Xfrontend /Users/runner/work/PartyDeck/PartyDeck/godot/ios-host/build/retained-host-test/DerivedData/Build/Intermediates.noindex/RetainedHost.build/Debug-iphonesimulator/RetainedHostUITests.build/Objects-normal/arm64/RetainedHostUITests_const_extract_protocols.json -Xcc -iquote -Xcc /Users/runner/work/PartyDeck/PartyDeck/godot/ios-host/build/retained-host-test/DerivedData/Build/Intermediates.noindex/RetainedHost.build/Debug-iphonesimulator/RetainedHostUITests.build/RetainedHostUITests-generated-files.hmap -Xcc -I/Users/runner/work/PartyDeck/PartyDeck/godot/ios-host/build/retained-host-test/DerivedData/Build/Intermediates.noindex/RetainedHost.build/Debug-iphonesimulator/RetainedHostUITests.build/RetainedHostUITests-own-target-headers.hmap -Xcc -I/Users/runner/work/PartyDeck/PartyDeck/godot/ios-host/build/retained-host-test/DerivedData/Build/Intermediates.noindex/RetainedHost.build/Debug-iphonesimulator/RetainedHostUITests.build/RetainedHostUITests-all-target-headers.hmap -Xcc -iquote -Xcc /Users/runner/work/PartyDeck/PartyDeck/godot/ios-host/build/retained-host-test/DerivedData/Build/Intermediates.noindex/RetainedHost.build/Debug-iphonesimulator/RetainedHostUITests.build/RetainedHostUITests-project-headers.hmap -Xcc -I/Users/runner/work/PartyDeck/PartyDeck/godot/ios-host/build/retained-host-test/DerivedData/Build/Products/Debug-iphonesimulator/include -Xcc -I/Users/runner/work/PartyDeck/PartyDeck/godot/ios-host/build/retained-host-test/DerivedData/Build/Intermediates.noindex/RetainedHost.build/Debug-iphonesimulator/RetainedHostUITests.build/DerivedSources-normal/arm64 -Xcc -I/Users/runner/work/PartyDeck/PartyDeck/godot/ios-host/build/retained-host-test/DerivedData/Build/Intermediates.noindex/RetainedHost.build/Debug-iphonesimulator/RetainedHostUITests.build/DerivedSources/arm64 -Xcc -I/Users/runner/work/PartyDeck/PartyDeck/godot/ios-host/build/retained-host-test/DerivedData/Build/Intermediates.noindex/RetainedHost.build/Debug-iphonesimulator/RetainedHostUITests.build/DerivedSources -emit-objc-header -emit-objc-header-path /Users/runner/work/PartyDeck/PartyDeck/godot/ios-host/build/retained-host-test/DerivedData/Build/Intermediates.noindex/RetainedHost.build/Debug-iphonesimulator/RetainedHostUITests.build/Objects-normal/arm64/RetainedHostUITests-Swift.h -working-directory /Users/runner/work/PartyDeck/PartyDeck/godot/ios-host -experimental-emit-module-separately -disable-cmo
2026-09-10T10:15:40.8649260Z 
2026-09-10T10:15:40.8654380Z ProcessInfoPlistFile /Users/runner/work/PartyDeck/PartyDeck/godot/ios-host/build/retained-host-test/DerivedData/Build/Products/Debug-iphonesimulator/RetainedHostUITests-Runner.app/PlugIns/RetainedHostUITests.xctest/Info.plist /Users/runner/work/PartyDeck/PartyDeck/godot/ios-host/build/retained-host-test/DerivedData/Build/Intermediates.noindex/RetainedHost.build/Debug-iphonesimulator/RetainedHostUITests.build/empty-RetainedHostUITests.plist (in target 'RetainedHostUITests' from project 'RetainedHost')
2026-09-10T10:15:40.8664690Z     cd /Users/runner/work/PartyDeck/PartyDeck/godot/ios-host
2026-09-10T10:15:40.8668650Z     builtin-infoPlistUtility /Users/runner/work/PartyDeck/PartyDeck/godot/ios-host/build/retained-host-test/DerivedData/Build/Intermediates.noindex/RetainedHost.build/Debug-iphonesimulator/RetainedHostUITests.build/empty-RetainedHostUITests.plist -producttype com.apple.product-type.bundle.ui-testing -expandbuildsettings -format binary -platform iphonesimulator -additionalcontentfile /Users/runner/work/PartyDeck/PartyDeck/godot/ios-host/build/retained-host-test/DerivedData/Build/Intermediates.noindex/RetainedHost.build/Debug-iphonesimulator/RetainedHostUITests.build/ProductTypeInfoPlistAdditions.plist -o /Users/runner/work/PartyDeck/PartyDeck/godot/ios-host/build/retained-host-test/DerivedData/Build/Products/Debug-iphonesimulator/RetainedHostUITests-Runner.app/PlugIns/RetainedHostUITests.xctest/Info.plist
2026-09-10T10:15:40.8672680Z 
2026-09-10T10:15:40.8677960Z SwiftExplicitDependencyGeneratePcm arm64 /Users/runner/work/PartyDeck/PartyDeck/godot/ios-host/build/retained-host-test/DerivedData/Build/Intermediates.noindex/SwiftExplicitPrecompiledModules/XCUIAutomation-97NLKBTVB8SF6GGNWKXBK34WF.pcm
2026-09-10T10:15:41.8098910Z 
2026-09-10T10:15:41.8109800Z SwiftExplicitDependencyCompileModuleFromInterface arm64 /Users/runner/work/PartyDeck/PartyDeck/godot/ios-host/build/retained-host-test/DerivedData/Build/Intermediates.noindex/SwiftExplicitPrecompiledModules/XCUIAutomation-CAYKS4DYONI9.swiftmodule
2026-09-10T10:15:43.0412370Z 
2026-09-10T10:15:43.0492450Z SwiftExplicitDependencyGeneratePcm arm64 /Users/runner/work/PartyDeck/PartyDeck/godot/ios-host/build/retained-host-test/DerivedData/Build/Intermediates.noindex/SwiftExplicitPrecompiledModules/XCTest-VM4ARC36LCGJZ5Y7W50YEQO4.pcm
2026-09-10T10:15:43.0509350Z 
2026-09-10T10:15:43.0520190Z SwiftExplicitDependencyCompileModuleFromInterface arm64 /Users/runner/work/PartyDeck/PartyDeck/godot/ios-host/build/retained-host-test/DerivedData/Build/Intermediates.noindex/SwiftExplicitPrecompiledModules/XCTest-1KGJORLKIERWY.swiftmodule
2026-09-10T10:15:43.5091950Z 
2026-09-10T10:15:43.5107460Z SwiftEmitModule normal arm64 Emitting\ module\ for\ RetainedHostUITests (in target 'RetainedHostUITests' from project 'RetainedHost')
2026-09-10T10:15:43.6176080Z 
2026-09-10T10:15:43.6211160Z SwiftCompile normal arm64 /Users/runner/work/PartyDeck/PartyDeck/godot/ios-host/RetainedHostUITests/RetainedHostUITests.swift (in target 'RetainedHostUITests' from project 'RetainedHost')
2026-09-10T10:15:43.6223470Z     cd /Users/runner/work/PartyDeck/PartyDeck/godot/ios-host
2026-09-10T10:15:43.6372260Z     
2026-09-10T10:15:47.2547830Z 
2026-09-10T10:15:47.2651220Z SwiftCompile normal arm64 Compiling\ RetainedHostUITests.swift /Users/runner/work/PartyDeck/PartyDeck/godot/ios-host/RetainedHostUITests/RetainedHostUITests.swift (in target 'RetainedHostUITests' from project 'RetainedHost')
2026-09-10T10:15:47.2796610Z SwiftCompile normal arm64 /Users/runner/work/PartyDeck/PartyDeck/godot/ios-host/RetainedHostUITests/RetainedHostUITests.swift (in target 'RetainedHostUITests' from project 'RetainedHost')
2026-09-10T10:15:47.2916400Z     cd /Users/runner/work/PartyDeck/PartyDeck/godot/ios-host
2026-09-10T10:15:47.3086970Z     
2026-09-10T10:15:51.2109930Z 
2026-09-10T10:15:51.2653720Z SwiftDriverJobDiscovery normal arm64 Emitting module for RetainedHostUITests (in target 'RetainedHostUITests' from project 'RetainedHost')
2026-09-10T10:15:51.2663090Z 
2026-09-10T10:15:51.2663880Z SwiftDriver\ Compilation\ Requirements RetainedHostUITests normal arm64 com.apple.xcode.tools.swift.compiler (in target 'RetainedHostUITests' from project 'RetainedHost')
2026-09-10T10:15:51.2665200Z     cd /Users/runner/work/PartyDeck/PartyDeck/godot/ios-host
2026-09-10T10:15:51.2701660Z     builtin-Swift-Compilation-Requirements -- /Applications/Xcode_26.4.1.app/Contents/Developer/Toolchains/XcodeDefault.xctoolchain/usr/bin/swiftc -module-name RetainedHostUITests -Onone @/Users/runner/work/PartyDeck/PartyDeck/godot/ios-host/build/retained-host-test/DerivedData/Build/Intermediates.noindex/RetainedHost.build/Debug-iphonesimulator/RetainedHostUITests.build/Objects-normal/arm64/RetainedHostUITests.SwiftFileList -module-alias Testing\=_Testing_Unavailable -plugin-path /Applications/Xcode_26.4.1.app/Contents/Developer/Toolchains/XcodeDefault.xctoolchain/usr/lib/swift/host/plugins/testing -enable-experimental-feature DebugDescriptionMacro -sdk /Applications/Xcode_26.4.1.app/Contents/Developer/Platforms/iPhoneSimulator.platform/Developer/SDKs/iPhoneSimulator26.4.sdk -target arm64-apple-ios15.0-simulator -g -module-cache-path /Users/runner/work/PartyDeck/PartyDeck/godot/ios-host/build/retained-host-test/DerivedData/ModuleCache.noindex -Xfrontend -serialize-debugging-options -enable-testing -index-store-path /Users/runner/work/PartyDeck/PartyDeck/godot/ios-host/build/retained-host-test/DerivedData/Index.noindex/DataStore -swift-version 6 -I /Users/runner/work/PartyDeck/PartyDeck/godot/ios-host/build/retained-host-test/DerivedData/Build/Products/Debug-iphonesimulator -Isystem /Applications/Xcode_26.4.1.app/Contents/Developer/Platforms/iPhoneSimulator.platform/Developer/usr/lib -F /Users/runner/work/PartyDeck/PartyDeck/godot/ios-host/build/retained-host-test/DerivedData/Build/Products/Debug-iphonesimulator -F /Applications/Xcode_26.4.1.app/Contents/Developer/Platforms/iPhoneSimulator.platform/Developer/Library/Frameworks -F /Applications/Xcode_26.4.1.app/Contents/Developer/Platforms/iPhoneSimulator.platform/Developer/SDKs/iPhoneSimulator26.4.sdk/Developer/Library/Frameworks -parse-as-library -c -j3 -enable-batch-mode -incremental -Xcc -ivfsstatcache -Xcc /Users/runner/work/PartyDeck/PartyDeck/godot/ios-host/build/retained-host-test/DerivedData/SDKStatCaches.noindex/iphonesimulator26.4-23E252-688ef53f1462e2c8f657fdc38a81448f893e4a944e4cdd9af1f5077e1341bc52.sdkstatcache -output-file-map /Users/runner/work/PartyDeck/PartyDeck/godot/ios-host/build/retained-host-test/DerivedData/Build/Intermediates.noindex/RetainedHost.build/Debug-iphonesimulator/RetainedHostUITests.build/Objects-normal/arm64/RetainedHostUITests-OutputFileMap.json -use-frontend-parseable-output -save-temps -no-color-diagnostics -explicit-module-build -module-cache-path /Users/runner/work/PartyDeck/PartyDeck/godot/ios-host/build/retained-host-test/DerivedData/Build/Intermediates.noindex/SwiftExplicitPrecompiledModules -clang-scanner-module-cache-path /Users/runner/work/PartyDeck/PartyDeck/godot/ios-host/build/retained-host-test/DerivedData/ModuleCache.noindex -sdk-module-cache-path /Users/runner/work/PartyDeck/PartyDeck/godot/ios-host/build/retained-host-test/DerivedData/ModuleCache.noindex -serialize-diagnostics -emit-dependencies -emit-module -emit-module-path /Users/runner/work/PartyDeck/PartyDeck/godot/ios-host/build/retained-host-test/DerivedData/Build/Intermediates.noindex/RetainedHost.build/Debug-iphonesimulator/RetainedHostUITests.build/Objects-normal/arm64/RetainedHostUITests.swiftmodule -validate-clang-modules-once -clang-build-session-file /Users/runner/work/PartyDeck/PartyDeck/godot/ios-host/build/retained-host-test/DerivedData/ModuleCache.noindex/Session.modulevalidation -Xcc -I/Users/runner/work/PartyDeck/PartyDeck/godot/ios-host/build/retained-host-test/DerivedData/Build/Intermediates.noindex/RetainedHost.build/Debug-iphonesimulator/RetainedHostUITests.build/swift-overrides.hmap -emit-const-values -Xfrontend -const-gather-protocols-file -Xfrontend /Users/runner/work/PartyDeck/PartyDeck/godot/ios-host/build/retained-host-test/DerivedData/Build/Intermediates.noindex/RetainedHost.build/Debug-iphonesimulator/RetainedHostUITests.build/Objects-normal/arm64/RetainedHostUITests_const_extract_protocols.json -Xcc -iquote -Xcc /Users/runner/work/PartyDeck/PartyDeck/godot/ios-host/build/retained-host-test/DerivedData/Build/Intermediates.noindex/RetainedHost.build/Debug-iphonesimulator/RetainedHostUITests.build/RetainedHostUITests-generated-files.hmap -Xcc -I/Users/runner/work/PartyDeck/PartyDeck/godot/ios-host/build/retained-host-test/DerivedData/Build/Intermediates.noindex/RetainedHost.build/Debug-iphonesimulator/RetainedHostUITests.build/RetainedHostUITests-own-target-headers.hmap -Xcc -I/Users/runner/work/PartyDeck/PartyDeck/godot/ios-host/build/retained-host-test/DerivedData/Build/Intermediates.noindex/RetainedHost.build/Debug-iphonesimulator/RetainedHostUITests.build/RetainedHostUITests-all-target-headers.hmap -Xcc -iquote -Xcc /Users/runner/work/PartyDeck/PartyDeck/godot/ios-host/build/retained-host-test/DerivedData/Build/Intermediates.noindex/RetainedHost.build/Debug-iphonesimulator/RetainedHostUITests.build/RetainedHostUITests-project-headers.hmap -Xcc -I/Users/runner/work/PartyDeck/PartyDeck/godot/ios-host/build/retained-host-test/DerivedData/Build/Products/Debug-iphonesimulator/include -Xcc -I/Users/runner/work/PartyDeck/PartyDeck/godot/ios-host/build/retained-host-test/DerivedData/Build/Intermediates.noindex/RetainedHost.build/Debug-iphonesimulator/RetainedHostUITests.build/DerivedSources-normal/arm64 -Xcc -I/Users/runner/work/PartyDeck/PartyDeck/godot/ios-host/build/retained-host-test/DerivedData/Build/Intermediates.noindex/RetainedHost.build/Debug-iphonesimulator/RetainedHostUITests.build/DerivedSources/arm64 -Xcc -I/Users/runner/work/PartyDeck/PartyDeck/godot/ios-host/build/retained-host-test/DerivedData/Build/Intermediates.noindex/RetainedHost.build/Debug-iphonesimulator/RetainedHostUITests.build/DerivedSources -emit-objc-header -emit-objc-header-path /Users/runner/work/PartyDeck/PartyDeck/godot/ios-host/build/retained-host-test/DerivedData/Build/Intermediates.noindex/RetainedHost.build/Debug-iphonesimulator/RetainedHostUITests.build/Objects-normal/arm64/RetainedHostUITests-Swift.h -working-directory /Users/runner/work/PartyDeck/PartyDeck/godot/ios-host -experimental-emit-module-separately -disable-cmo
2026-09-10T10:15:51.2747680Z 
2026-09-10T10:15:51.2750650Z SwiftMergeGeneratedHeaders /Users/runner/work/PartyDeck/PartyDeck/godot/ios-host/build/retained-host-test/DerivedData/Build/Intermediates.noindex/RetainedHost.build/Debug-iphonesimulator/RetainedHostUITests.build/DerivedSources/RetainedHostUITests-Swift.h /Users/runner/work/PartyDeck/PartyDeck/godot/ios-host/build/retained-host-test/DerivedData/Build/Intermediates.noindex/RetainedHost.build/Debug-iphonesimulator/RetainedHostUITests.build/Objects-normal/arm64/RetainedHostUITests-Swift.h (in target 'RetainedHostUITests' from project 'RetainedHost')
2026-09-10T10:15:51.2766460Z     cd /Users/runner/work/PartyDeck/PartyDeck/godot/ios-host
2026-09-10T10:15:51.2772570Z     builtin-swiftHeaderTool -arch arm64 /Users/runner/work/PartyDeck/PartyDeck/godot/ios-host/build/retained-host-test/DerivedData/Build/Intermediates.noindex/RetainedHost.build/Debug-iphonesimulator/RetainedHostUITests.build/Objects-normal/arm64/RetainedHostUITests-Swift.h -o /Users/runner/work/PartyDeck/PartyDeck/godot/ios-host/build/retained-host-test/DerivedData/Build/Intermediates.noindex/RetainedHost.build/Debug-iphonesimulator/RetainedHostUITests.build/DerivedSources/RetainedHostUITests-Swift.h
2026-09-10T10:15:51.2804500Z 
2026-09-10T10:15:51.2809320Z Copy /Users/runner/work/PartyDeck/PartyDeck/godot/ios-host/build/retained-host-test/DerivedData/Build/Products/Debug-iphonesimulator/RetainedHostUITests.swiftmodule/arm64-apple-ios-simulator.swiftmodule /Users/runner/work/PartyDeck/PartyDeck/godot/ios-host/build/retained-host-test/DerivedData/Build/Intermediates.noindex/RetainedHost.build/Debug-iphonesimulator/RetainedHostUITests.build/Objects-normal/arm64/RetainedHostUITests.swiftmodule (in target 'RetainedHostUITests' from project 'RetainedHost')
2026-09-10T10:15:51.2816310Z     cd /Users/runner/work/PartyDeck/PartyDeck/godot/ios-host
2026-09-10T10:15:51.2819880Z     builtin-copy -exclude .DS_Store -exclude CVS -exclude .svn -exclude .git -exclude .hg -strip-unsigned-binaries -strip-deterministic -strip-tool /Applications/Xcode_26.4.1.app/Contents/Developer/Toolchains/XcodeDefault.xctoolchain/usr/bin/strip -resolve-src-symlinks -rename /Users/runner/work/PartyDeck/PartyDeck/godot/ios-host/build/retained-host-test/DerivedData/Build/Intermediates.noindex/RetainedHost.build/Debug-iphonesimulator/RetainedHostUITests.build/Objects-normal/arm64/RetainedHostUITests.swiftmodule /Users/runner/work/PartyDeck/PartyDeck/godot/ios-host/build/retained-host-test/DerivedData/Build/Products/Debug-iphonesimulator/RetainedHostUITests.swiftmodule/arm64-apple-ios-simulator.swiftmodule
2026-09-10T10:15:51.2823800Z 
2026-09-10T10:15:51.2825790Z Copy /Users/runner/work/PartyDeck/PartyDeck/godot/ios-host/build/retained-host-test/DerivedData/Build/Products/Debug-iphonesimulator/RetainedHostUITests.swiftmodule/arm64-apple-ios-simulator.swiftdoc /Users/runner/work/PartyDeck/PartyDeck/godot/ios-host/build/retained-host-test/DerivedData/Build/Intermediates.noindex/RetainedHost.build/Debug-iphonesimulator/RetainedHostUITests.build/Objects-normal/arm64/RetainedHostUITests.swiftdoc (in target 'RetainedHostUITests' from project 'RetainedHost')
2026-09-10T10:15:51.2827970Z     cd /Users/runner/work/PartyDeck/PartyDeck/godot/ios-host
2026-09-10T10:15:51.2831060Z     builtin-copy -exclude .DS_Store -exclude CVS -exclude .svn -exclude .git -exclude .hg -strip-unsigned-binaries -strip-deterministic -strip-tool /Applications/Xcode_26.4.1.app/Contents/Developer/Toolchains/XcodeDefault.xctoolchain/usr/bin/strip -resolve-src-symlinks -rename /Users/runner/work/PartyDeck/PartyDeck/godot/ios-host/build/retained-host-test/DerivedData/Build/Intermediates.noindex/RetainedHost.build/Debug-iphonesimulator/RetainedHostUITests.build/Objects-normal/arm64/RetainedHostUITests.swiftdoc /Users/runner/work/PartyDeck/PartyDeck/godot/ios-host/build/retained-host-test/DerivedData/Build/Products/Debug-iphonesimulator/RetainedHostUITests.swiftmodule/arm64-apple-ios-simulator.swiftdoc
2026-09-10T10:15:51.2833370Z 
2026-09-10T10:15:51.2835100Z Copy /Users/runner/work/PartyDeck/PartyDeck/godot/ios-host/build/retained-host-test/DerivedData/Build/Products/Debug-iphonesimulator/RetainedHostUITests.swiftmodule/arm64-apple-ios-simulator.abi.json /Users/runner/work/PartyDeck/PartyDeck/godot/ios-host/build/retained-host-test/DerivedData/Build/Intermediates.noindex/RetainedHost.build/Debug-iphonesimulator/RetainedHostUITests.build/Objects-normal/arm64/RetainedHostUITests.abi.json (in target 'RetainedHostUITests' from project 'RetainedHost')
2026-09-10T10:15:51.2837910Z     cd /Users/runner/work/PartyDeck/PartyDeck/godot/ios-host
2026-09-10T10:15:51.2841090Z     builtin-copy -exclude .DS_Store -exclude CVS -exclude .svn -exclude .git -exclude .hg -strip-unsigned-binaries -strip-deterministic -strip-tool /Applications/Xcode_26.4.1.app/Contents/Developer/Toolchains/XcodeDefault.xctoolchain/usr/bin/strip -resolve-src-symlinks -rename /Users/runner/work/PartyDeck/PartyDeck/godot/ios-host/build/retained-host-test/DerivedData/Build/Intermediates.noindex/RetainedHost.build/Debug-iphonesimulator/RetainedHostUITests.build/Objects-normal/arm64/RetainedHostUITests.abi.json /Users/runner/work/PartyDeck/PartyDeck/godot/ios-host/build/retained-host-test/DerivedData/Build/Products/Debug-iphonesimulator/RetainedHostUITests.swiftmodule/arm64-apple-ios-simulator.abi.json
2026-09-10T10:15:51.2843750Z 
2026-09-10T10:15:51.2848300Z Copy /Users/runner/work/PartyDeck/PartyDeck/godot/ios-host/build/retained-host-test/DerivedData/Build/Products/Debug-iphonesimulator/RetainedHostUITests.swiftmodule/Project/arm64-apple-ios-simulator.swiftsourceinfo /Users/runner/work/PartyDeck/PartyDeck/godot/ios-host/build/retained-host-test/DerivedData/Build/Intermediates.noindex/RetainedHost.build/Debug-iphonesimulator/RetainedHostUITests.build/Objects-normal/arm64/RetainedHostUITests.swiftsourceinfo (in target 'RetainedHostUITests' from project 'RetainedHost')
2026-09-10T10:15:51.2854280Z     cd /Users/runner/work/PartyDeck/PartyDeck/godot/ios-host
2026-09-10T10:15:51.2861870Z     builtin-copy -exclude .DS_Store -exclude CVS -exclude .svn -exclude .git -exclude .hg -strip-unsigned-binaries -strip-deterministic -strip-tool /Applications/Xcode_26.4.1.app/Contents/Developer/Toolchains/XcodeDefault.xctoolchain/usr/bin/strip -resolve-src-symlinks -rename /Users/runner/work/PartyDeck/PartyDeck/godot/ios-host/build/retained-host-test/DerivedData/Build/Intermediates.noindex/RetainedHost.build/Debug-iphonesimulator/RetainedHostUITests.build/Objects-normal/arm64/RetainedHostUITests.swiftsourceinfo /Users/runner/work/PartyDeck/PartyDeck/godot/ios-host/build/retained-host-test/DerivedData/Build/Products/Debug-iphonesimulator/RetainedHostUITests.swiftmodule/Project/arm64-apple-ios-simulator.swiftsourceinfo
2026-09-10T10:15:51.2869240Z 
2026-09-10T10:15:51.2870460Z SwiftDriverJobDiscovery normal arm64 Compiling RetainedHostUITests.swift (in target 'RetainedHostUITests' from project 'RetainedHost')
2026-09-10T10:15:51.2873930Z 
2026-09-10T10:15:51.2877910Z SwiftDriver\ Compilation RetainedHostUITests normal arm64 com.apple.xcode.tools.swift.compiler (in target 'RetainedHostUITests' from project 'RetainedHost')
2026-09-10T10:15:51.2888870Z     cd /Users/runner/work/PartyDeck/PartyDeck/godot/ios-host
2026-09-10T10:15:51.2915620Z     builtin-Swift-Compilation -- /Applications/Xcode_26.4.1.app/Contents/Developer/Toolchains/XcodeDefault.xctoolchain/usr/bin/swiftc -module-name RetainedHostUITests -Onone @/Users/runner/work/PartyDeck/PartyDeck/godot/ios-host/build/retained-host-test/DerivedData/Build/Intermediates.noindex/RetainedHost.build/Debug-iphonesimulator/RetainedHostUITests.build/Objects-normal/arm64/RetainedHostUITests.SwiftFileList -module-alias Testing\=_Testing_Unavailable -plugin-path /Applications/Xcode_26.4.1.app/Contents/Developer/Toolchains/XcodeDefault.xctoolchain/usr/lib/swift/host/plugins/testing -enable-experimental-feature DebugDescriptionMacro -sdk /Applications/Xcode_26.4.1.app/Contents/Developer/Platforms/iPhoneSimulator.platform/Developer/SDKs/iPhoneSimulator26.4.sdk -target arm64-apple-ios15.0-simulator -g -module-cache-path /Users/runner/work/PartyDeck/PartyDeck/godot/ios-host/build/retained-host-test/DerivedData/ModuleCache.noindex -Xfrontend -serialize-debugging-options -enable-testing -index-store-path /Users/runner/work/PartyDeck/PartyDeck/godot/ios-host/build/retained-host-test/DerivedData/Index.noindex/DataStore -swift-version 6 -I /Users/runner/work/PartyDeck/PartyDeck/godot/ios-host/build/retained-host-test/DerivedData/Build/Products/Debug-iphonesimulator -Isystem /Applications/Xcode_26.4.1.app/Contents/Developer/Platforms/iPhoneSimulator.platform/Developer/usr/lib -F /Users/runner/work/PartyDeck/PartyDeck/godot/ios-host/build/retained-host-test/DerivedData/Build/Products/Debug-iphonesimulator -F /Applications/Xcode_26.4.1.app/Contents/Developer/Platforms/iPhoneSimulator.platform/Developer/Library/Frameworks -F /Applications/Xcode_26.4.1.app/Contents/Developer/Platforms/iPhoneSimulator.platform/Developer/SDKs/iPhoneSimulator26.4.sdk/Developer/Library/Frameworks -parse-as-library -c -j3 -enable-batch-mode -incremental -Xcc -ivfsstatcache -Xcc /Users/runner/work/PartyDeck/PartyDeck/godot/ios-host/build/retained-host-test/DerivedData/SDKStatCaches.noindex/iphonesimulator26.4-23E252-688ef53f1462e2c8f657fdc38a81448f893e4a944e4cdd9af1f5077e1341bc52.sdkstatcache -output-file-map /Users/runner/work/PartyDeck/PartyDeck/godot/ios-host/build/retained-host-test/DerivedData/Build/Intermediates.noindex/RetainedHost.build/Debug-iphonesimulator/RetainedHostUITests.build/Objects-normal/arm64/RetainedHostUITests-OutputFileMap.json -use-frontend-parseable-output -save-temps -no-color-diagnostics -explicit-module-build -module-cache-path /Users/runner/work/PartyDeck/PartyDeck/godot/ios-host/build/retained-host-test/DerivedData/Build/Intermediates.noindex/SwiftExplicitPrecompiledModules -clang-scanner-module-cache-path /Users/runner/work/PartyDeck/PartyDeck/godot/ios-host/build/retained-host-test/DerivedData/ModuleCache.noindex -sdk-module-cache-path /Users/runner/work/PartyDeck/PartyDeck/godot/ios-host/build/retained-host-test/DerivedData/ModuleCache.noindex -serialize-diagnostics -emit-dependencies -emit-module -emit-module-path /Users/runner/work/PartyDeck/PartyDeck/godot/ios-host/build/retained-host-test/DerivedData/Build/Intermediates.noindex/RetainedHost.build/Debug-iphonesimulator/RetainedHostUITests.build/Objects-normal/arm64/RetainedHostUITests.swiftmodule -validate-clang-modules-once -clang-build-session-file /Users/runner/work/PartyDeck/PartyDeck/godot/ios-host/build/retained-host-test/DerivedData/ModuleCache.noindex/Session.modulevalidation -Xcc -I/Users/runner/work/PartyDeck/PartyDeck/godot/ios-host/build/retained-host-test/DerivedData/Build/Intermediates.noindex/RetainedHost.build/Debug-iphonesimulator/RetainedHostUITests.build/swift-overrides.hmap -emit-const-values -Xfrontend -const-gather-protocols-file -Xfrontend /Users/runner/work/PartyDeck/PartyDeck/godot/ios-host/build/retained-host-test/DerivedData/Build/Intermediates.noindex/RetainedHost.build/Debug-iphonesimulator/RetainedHostUITests.build/Objects-normal/arm64/RetainedHostUITests_const_extract_protocols.json -Xcc -iquote -Xcc /Users/runner/work/PartyDeck/PartyDeck/godot/ios-host/build/retained-host-test/DerivedData/Build/Intermediates.noindex/RetainedHost.build/Debug-iphonesimulator/RetainedHostUITests.build/RetainedHostUITests-generated-files.hmap -Xcc -I/Users/runner/work/PartyDeck/PartyDeck/godot/ios-host/build/retained-host-test/DerivedData/Build/Intermediates.noindex/RetainedHost.build/Debug-iphonesimulator/RetainedHostUITests.build/RetainedHostUITests-own-target-headers.hmap -Xcc -I/Users/runner/work/PartyDeck/PartyDeck/godot/ios-host/build/retained-host-test/DerivedData/Build/Intermediates.noindex/RetainedHost.build/Debug-iphonesimulator/RetainedHostUITests.build/RetainedHostUITests-all-target-headers.hmap -Xcc -iquote -Xcc /Users/runner/work/PartyDeck/PartyDeck/godot/ios-host/build/retained-host-test/DerivedData/Build/Intermediates.noindex/RetainedHost.build/Debug-iphonesimulator/RetainedHostUITests.build/RetainedHostUITests-project-headers.hmap -Xcc -I/Users/runner/work/PartyDeck/PartyDeck/godot/ios-host/build/retained-host-test/DerivedData/Build/Products/Debug-iphonesimulator/include -Xcc -I/Users/runner/work/PartyDeck/PartyDeck/godot/ios-host/build/retained-host-test/DerivedData/Build/Intermediates.noindex/RetainedHost.build/Debug-iphonesimulator/RetainedHostUITests.build/DerivedSources-normal/arm64 -Xcc -I/Users/runner/work/PartyDeck/PartyDeck/godot/ios-host/build/retained-host-test/DerivedData/Build/Intermediates.noindex/RetainedHost.build/Debug-iphonesimulator/RetainedHostUITests.build/DerivedSources/arm64 -Xcc -I/Users/runner/work/PartyDeck/PartyDeck/godot/ios-host/build/retained-host-test/DerivedData/Build/Intermediates.noindex/RetainedHost.build/Debug-iphonesimulator/RetainedHostUITests.build/DerivedSources -emit-objc-header -emit-objc-header-path /Users/runner/work/PartyDeck/PartyDeck/godot/ios-host/build/retained-host-test/DerivedData/Build/Intermediates.noindex/RetainedHost.build/Debug-iphonesimulator/RetainedHostUITests.build/Objects-normal/arm64/RetainedHostUITests-Swift.h -working-directory /Users/runner/work/PartyDeck/PartyDeck/godot/ios-host -experimental-emit-module-separately -disable-cmo
2026-09-10T10:15:51.2948270Z 
2026-09-10T10:15:51.2949500Z Ld /Users/runner/work/PartyDeck/PartyDeck/godot/ios-host/build/retained-host-test/DerivedData/Build/Products/Debug-iphonesimulator/RetainedHostUITests-Runner.app/PlugIns/RetainedHostUITests.xctest/RetainedHostUITests normal (in target 'RetainedHostUITests' from project 'RetainedHost')
2026-09-10T10:15:51.2970660Z     cd /Users/runner/work/PartyDeck/PartyDeck/godot/ios-host
2026-09-10T10:15:51.3037770Z     /Applications/Xcode_26.4.1.app/Contents/Developer/Toolchains/XcodeDefault.xctoolchain/usr/bin/clang -Xlinker -reproducible -target arm64-apple-ios15.0-simulator -bundle -isysroot /Applications/Xcode_26.4.1.app/Contents/Developer/Platforms/iPhoneSimulator.platform/Developer/SDKs/iPhoneSimulator26.4.sdk -Os -L/Users/runner/work/PartyDeck/PartyDeck/godot/ios-host/build/retained-host-test/DerivedData/Build/Intermediates.noindex/EagerLinkingTBDs/Debug-iphonesimulator -L/Users/runner/work/PartyDeck/PartyDeck/godot/ios-host/build/retained-host-test/DerivedData/Build/Products/Debug-iphonesimulator -L/Applications/Xcode_26.4.1.app/Contents/Developer/Platforms/iPhoneSimulator.platform/Developer/usr/lib -F/Users/runner/work/PartyDeck/PartyDeck/godot/ios-host/build/retained-host-test/DerivedData/Build/Intermediates.noindex/EagerLinkingTBDs/Debug-iphonesimulator -F/Users/runner/work/PartyDeck/PartyDeck/godot/ios-host/build/retained-host-test/DerivedData/Build/Products/Debug-iphonesimulator -iframework /Applications/Xcode_26.4.1.app/Contents/Developer/Platforms/iPhoneSimulator.platform/Developer/Library/Frameworks -iframework /Applications/Xcode_26.4.1.app/Contents/Developer/Platforms/iPhoneSimulator.platform/Developer/SDKs/iPhoneSimulator26.4.sdk/Developer/Library/Frameworks -filelist /Users/runner/work/PartyDeck/PartyDeck/godot/ios-host/build/retained-host-test/DerivedData/Build/Intermediates.noindex/RetainedHost.build/Debug-iphonesimulator/RetainedHostUITests.build/Objects-normal/arm64/RetainedHostUITests.LinkFileList -Xlinker -rpath -Xlinker /usr/lib/swift -Xlinker -rpath -Xlinker @loader_path/Frameworks -Xlinker -rpath -Xlinker @executable_path/Frameworks -Xlinker -dead_strip -Xlinker -object_path_lto -Xlinker /Users/runner/work/PartyDeck/PartyDeck/godot/ios-host/build/retained-host-test/DerivedData/Build/Intermediates.noindex/RetainedHost.build/Debug-iphonesimulator/RetainedHostUITests.build/Objects-normal/arm64/RetainedHostUITests_lto.o -rdynamic -Xlinker -objc_abi_version -Xlinker 2 -Xlinker -dependency_info -Xlinker /Users/runner/work/PartyDeck/PartyDeck/godot/ios-host/build/retained-host-test/DerivedData/Build/Intermediates.noindex/RetainedHost.build/Debug-iphonesimulator/RetainedHostUITests.build/Objects-normal/arm64/RetainedHostUITests_dependency_info.dat -fobjc-link-runtime -L/Applications/Xcode_26.4.1.app/Contents/Developer/Toolchains/XcodeDefault.xctoolchain/usr/lib/swift/iphonesimulator -L/usr/lib/swift -Xlinker -add_ast_path -Xlinker /Users/runner/work/PartyDeck/PartyDeck/godot/ios-host/build/retained-host-test/DerivedData/Build/Intermediates.noindex/RetainedHost.build/Debug-iphonesimulator/RetainedHostUITests.build/Objects-normal/arm64/RetainedHostUITests.swiftmodule @/Users/runner/work/PartyDeck/PartyDeck/godot/ios-host/build/retained-host-test/DerivedData/Build/Intermediates.noindex/RetainedHost.build/Debug-iphonesimulator/RetainedHostUITests.build/Objects-normal/arm64/RetainedHostUITests-linker-args.resp -Xlinker -needed_framework -Xlinker XCTest -framework XCTest -Xlinker -needed-lXCTestSwiftSupport -lXCTestSwiftSupport -o /Users/runner/work/PartyDeck/PartyDeck/godot/ios-host/build/retained-host-test/DerivedData/Build/Products/Debug-iphonesimulator/RetainedHostUITests-Runner.app/PlugIns/RetainedHostUITests.xctest/RetainedHostUITests
2026-09-10T10:15:52.1494250Z 
2026-09-10T10:15:52.1570190Z ExtractAppIntentsMetadata (in target 'RetainedHostUITests' from project 'RetainedHost')
2026-09-10T10:15:52.1575360Z     cd /Users/runner/work/PartyDeck/PartyDeck/godot/ios-host
2026-09-10T10:15:52.1603440Z     /Applications/Xcode_26.4.1.app/Contents/Developer/Toolchains/XcodeDefault.xctoolchain/usr/bin/appintentsmetadataprocessor --toolchain-dir /var/run/com.apple.security.cryptexd/mnt/com.apple.MobileAsset.MetalToolchain-v17.5.188.0.GFlktL/Metal.xctoolchain --module-name RetainedHostUITests --sdk-root /Applications/Xcode_26.4.1.app/Contents/Developer/Platforms/iPhoneSimulator.platform/Developer/SDKs/iPhoneSimulator26.4.sdk --xcode-version 17E202 --platform-family iOS --deployment-target 15.0 --bundle-identifier dev.partydeck.godot.iosretained.UITests --output /Users/runner/work/PartyDeck/PartyDeck/godot/ios-host/build/retained-host-test/DerivedData/Build/Products/Debug-iphonesimulator/RetainedHostUITests-Runner.app/PlugIns/RetainedHostUITests.xctest --target-triple arm64-apple-ios15.0-simulator --binary-file /Users/runner/work/PartyDeck/PartyDeck/godot/ios-host/build/retained-host-test/DerivedData/Build/Products/Debug-iphonesimulator/RetainedHostUITests-Runner.app/PlugIns/RetainedHostUITests.xctest/RetainedHostUITests --dependency-file /Users/runner/work/PartyDeck/PartyDeck/godot/ios-host/build/retained-host-test/DerivedData/Build/Intermediates.noindex/RetainedHost.build/Debug-iphonesimulator/RetainedHostUITests.build/Objects-normal/arm64/RetainedHostUITests_dependency_info.dat --stringsdata-file /Users/runner/work/PartyDeck/PartyDeck/godot/ios-host/build/retained-host-test/DerivedData/Build/Intermediates.noindex/RetainedHost.build/Debug-iphonesimulator/RetainedHostUITests.build/Objects-normal/arm64/ExtractedAppShortcutsMetadata.stringsdata --source-file-list /Users/runner/work/PartyDeck/PartyDeck/godot/ios-host/build/retained-host-test/DerivedData/Build/Intermediates.noindex/RetainedHost.build/Debug-iphonesimulator/RetainedHostUITests.build/Objects-normal/arm64/RetainedHostUITests.SwiftFileList --metadata-file-list /Users/runner/work/PartyDeck/PartyDeck/godot/ios-host/build/retained-host-test/DerivedData/Build/Intermediates.noindex/RetainedHost.build/Debug-iphonesimulator/RetainedHostUITests.build/RetainedHostUITests.DependencyMetadataFileList --static-metadata-file-list /Users/runner/work/PartyDeck/PartyDeck/godot/ios-host/build/retained-host-test/DerivedData/Build/Intermediates.noindex/RetainedHost.build/Debug-iphonesimulator/RetainedHostUITests.build/RetainedHostUITests.DependencyStaticMetadataFileList --swift-const-vals-list /Users/runner/work/PartyDeck/PartyDeck/godot/ios-host/build/retained-host-test/DerivedData/Build/Intermediates.noindex/RetainedHost.build/Debug-iphonesimulator/RetainedHostUITests.build/Objects-normal/arm64/RetainedHostUITests.SwiftConstValuesFileList --compile-time-extraction --deployment-aware-processing --validate-assistant-intents --no-app-shortcuts-localization
2026-09-10T10:15:52.5692060Z 2026-09-10 10:15:52.547 appintentsmetadataprocessor[19207:56208] Starting appintentsmetadataprocessor export
2026-09-10T10:15:52.5707750Z 2026-09-10 10:15:52.562 appintentsmetadataprocessor[19207:56208] warning: Metadata extraction skipped. No AppIntents.framework dependency found.
2026-09-10T10:15:52.5709750Z 
2026-09-10T10:15:52.5716440Z CopySwiftLibs /Users/runner/work/PartyDeck/PartyDeck/godot/ios-host/build/retained-host-test/DerivedData/Build/Products/Debug-iphonesimulator/RetainedHostUITests-Runner.app/PlugIns/RetainedHostUITests.xctest (in target 'RetainedHostUITests' from project 'RetainedHost')
2026-09-10T10:15:52.5770300Z     cd /Users/runner/work/PartyDeck/PartyDeck/godot/ios-host
2026-09-10T10:15:52.5779980Z     builtin-swiftStdLibTool --copy --verbose --scan-executable /Users/runner/work/PartyDeck/PartyDeck/godot/ios-host/build/retained-host-test/DerivedData/Build/Products/Debug-iphonesimulator/RetainedHostUITests-Runner.app/PlugIns/RetainedHostUITests.xctest/RetainedHostUITests --scan-folder /Users/runner/work/PartyDeck/PartyDeck/godot/ios-host/build/retained-host-test/DerivedData/Build/Products/Debug-iphonesimulator/RetainedHostUITests-Runner.app/PlugIns/RetainedHostUITests.xctest/Frameworks --scan-folder /Users/runner/work/PartyDeck/PartyDeck/godot/ios-host/build/retained-host-test/DerivedData/Build/Products/Debug-iphonesimulator/RetainedHostUITests-Runner.app/PlugIns/RetainedHostUITests.xctest/PlugIns --scan-folder /Users/runner/work/PartyDeck/PartyDeck/godot/ios-host/build/retained-host-test/DerivedData/Build/Products/Debug-iphonesimulator/RetainedHostUITests-Runner.app/PlugIns/RetainedHostUITests.xctest/SystemExtensions --scan-folder /Users/runner/work/PartyDeck/PartyDeck/godot/ios-host/build/retained-host-test/DerivedData/Build/Products/Debug-iphonesimulator/RetainedHostUITests-Runner.app/PlugIns/RetainedHostUITests.xctest/Extensions --platform iphonesimulator --toolchain /var/run/com.apple.security.cryptexd/mnt/com.apple.MobileAsset.MetalToolchain-v17.5.188.0.GFlktL/Metal.xctoolchain --toolchain /Applications/Xcode_26.4.1.app/Contents/Developer/Toolchains/XcodeDefault.xctoolchain --destination /Users/runner/work/PartyDeck/PartyDeck/godot/ios-host/build/retained-host-test/DerivedData/Build/Products/Debug-iphonesimulator/RetainedHostUITests-Runner.app/PlugIns/RetainedHostUITests.xctest/Frameworks --strip-bitcode --scan-executable /Applications/Xcode_26.4.1.app/Contents/Developer/Platforms/iPhoneSimulator.platform/Developer/usr/lib/libXCTestSwiftSupport.dylib --strip-bitcode-tool /Applications/Xcode_26.4.1.app/Contents/Developer/Toolchains/XcodeDefault.xctoolchain/usr/bin/bitcode_strip --emit-dependency-info /Users/runner/work/PartyDeck/PartyDeck/godot/ios-host/build/retained-host-test/DerivedData/Build/Intermediates.noindex/RetainedHost.build/Debug-iphonesimulator/RetainedHostUITests.build/SwiftStdLibToolInputDependencies.dep --filter-for-swift-os
2026-09-10T10:15:52.5902690Z Ignoring --strip-bitcode because --sign was not passed
2026-09-10T10:15:52.5904370Z 
2026-09-10T10:15:52.5905020Z AppIntentsSSUTraining (in target 'RetainedHostUITests' from project 'RetainedHost')
2026-09-10T10:15:52.5906560Z     cd /Users/runner/work/PartyDeck/PartyDeck/godot/ios-host
2026-09-10T10:15:52.5914130Z     /Applications/Xcode_26.4.1.app/Contents/Developer/Toolchains/XcodeDefault.xctoolchain/usr/bin/appintentsnltrainingprocessor --infoplist-path /Users/runner/work/PartyDeck/PartyDeck/godot/ios-host/build/retained-host-test/DerivedData/Build/Products/Debug-iphonesimulator/RetainedHostUITests-Runner.app/PlugIns/RetainedHostUITests.xctest/Info.plist --temp-dir-path /Users/runner/work/PartyDeck/PartyDeck/godot/ios-host/build/retained-host-test/DerivedData/Build/Intermediates.noindex/RetainedHost.build/Debug-iphonesimulator/RetainedHostUITests.build/ssu --bundle-id dev.partydeck.godot.iosretained.UITests --product-path /Users/runner/work/PartyDeck/PartyDeck/godot/ios-host/build/retained-host-test/DerivedData/Build/Products/Debug-iphonesimulator/RetainedHostUITests-Runner.app/PlugIns/RetainedHostUITests.xctest --extracted-metadata-path /Users/runner/work/PartyDeck/PartyDeck/godot/ios-host/build/retained-host-test/DerivedData/Build/Products/Debug-iphonesimulator/RetainedHostUITests-Runner.app/PlugIns/RetainedHostUITests.xctest/Metadata.appintents --metadata-file-list /Users/runner/work/PartyDeck/PartyDeck/godot/ios-host/build/retained-host-test/DerivedData/Build/Intermediates.noindex/RetainedHost.build/Debug-iphonesimulator/RetainedHostUITests.build/RetainedHostUITests.DependencyMetadataFileList --source-file /Users/runner/work/PartyDeck/PartyDeck/godot/ios-host/build/retained-host-test/DerivedData/Build/Products/Debug-iphonesimulator/RetainedHostUITests-Runner.app/PlugIns/RetainedHostUITests.xctest/Info.plist --archive-ssu-assets
2026-09-10T10:15:52.7538530Z 2026-09-10 10:15:52.740 appintentsnltrainingprocessor[19208:56213] Parsing options for appintentsnltrainingprocessor
2026-09-10T10:15:52.7555680Z 2026-09-10 10:15:52.741 appintentsnltrainingprocessor[19208:56213] Starting AppIntents SSU YAML Generation
2026-09-10T10:15:52.7557370Z 2026-09-10 10:15:52.752 appintentsnltrainingprocessor[19208:56213] No AppShortcuts found - Skipping.
2026-09-10T10:15:52.7558250Z 
2026-09-10T10:15:52.7559390Z MkDir /Users/runner/work/PartyDeck/PartyDeck/godot/ios-host/build/retained-host-test/DerivedData/Build/Products/Debug-iphonesimulator/RetainedHostUITests-Runner.app (in target 'RetainedHostUITests' from project 'RetainedHost')
2026-09-10T10:15:52.7563800Z     cd /Users/runner/work/PartyDeck/PartyDeck/godot/ios-host
2026-09-10T10:15:52.7566730Z     /bin/mkdir -p /Users/runner/work/PartyDeck/PartyDeck/godot/ios-host/build/retained-host-test/DerivedData/Build/Products/Debug-iphonesimulator/RetainedHostUITests-Runner.app
2026-09-10T10:15:52.7568760Z 
2026-09-10T10:15:52.7571600Z CopyPlistFile /Users/runner/work/PartyDeck/PartyDeck/godot/ios-host/build/retained-host-test/DerivedData/Build/Products/Debug-iphonesimulator/RetainedHostUITests-Runner.app/Info.plist /Applications/Xcode_26.4.1.app/Contents/Developer/Platforms/iPhoneSimulator.platform/Developer/Library/Xcode/Agents/XCTRunner.app/Info.plist (in target 'RetainedHostUITests' from project 'RetainedHost')
2026-09-10T10:15:52.7674110Z     cd /Users/runner/work/PartyDeck/PartyDeck/godot/ios-host
2026-09-10T10:15:52.7767290Z     builtin-copyPlist --validate --convert xml1 --macro-expansion WRAPPEDPRODUCTNAME RetainedHostUITests-Runner --macro-expansion WRAPPEDPRODUCTBUNDLEIDENTIFIER dev.partydeck.godot.iosretained.UITests.xctrunner --macro-expansion TESTPRODUCTNAME RetainedHostUITests --macro-expansion TESTPRODUCTBUNDLEIDENTIFIER dev.partydeck.godot.iosretained.UITests --copy-value UIDeviceFamily /Users/runner/work/PartyDeck/PartyDeck/godot/ios-host/build/retained-host-test/DerivedData/Build/Products/Debug-iphonesimulator/RetainedHostUITests-Runner.app/PlugIns/RetainedHostUITests.xctest/Info.plist --outdir /Users/runner/work/PartyDeck/PartyDeck/godot/ios-host/build/retained-host-test/DerivedData/Build/Products/Debug-iphonesimulator/RetainedHostUITests-Runner.app -- /Applications/Xcode_26.4.1.app/Contents/Developer/Platforms/iPhoneSimulator.platform/Developer/Library/Xcode/Agents/XCTRunner.app/Info.plist
2026-09-10T10:15:52.7770430Z 
2026-09-10T10:15:52.7772080Z CopyAndPreserveArchs /Users/runner/work/PartyDeck/PartyDeck/godot/ios-host/build/retained-host-test/DerivedData/Build/Products/Debug-iphonesimulator/RetainedHostUITests-Runner.app/RetainedHostUITests-Runner (in target 'RetainedHostUITests' from project 'RetainedHost')
2026-09-10T10:15:52.7775150Z     cd /Users/runner/work/PartyDeck/PartyDeck/godot/ios-host
2026-09-10T10:15:52.7779440Z     /Applications/Xcode_26.4.1.app/Contents/Developer/Toolchains/XcodeDefault.xctoolchain/usr/bin/lipo /Applications/Xcode_26.4.1.app/Contents/Developer/Platforms/iPhoneSimulator.platform/Developer/Library/Xcode/Agents/XCTRunner.app/XCTRunner -output /Users/runner/work/PartyDeck/PartyDeck/godot/ios-host/build/retained-host-test/DerivedData/Build/Products/Debug-iphonesimulator/RetainedHostUITests-Runner.app/RetainedHostUITests-Runner -extract arm64
2026-09-10T10:15:52.7784260Z 
2026-09-10T10:15:52.7786530Z Copy /Users/runner/work/PartyDeck/PartyDeck/godot/ios-host/build/retained-host-test/DerivedData/Build/Products/Debug-iphonesimulator/RetainedHostUITests-Runner.app/PkgInfo /Applications/Xcode_26.4.1.app/Contents/Developer/Platforms/iPhoneSimulator.platform/Developer/Library/Xcode/Agents/XCTRunner.app/PkgInfo (in target 'RetainedHostUITests' from project 'RetainedHost')
2026-09-10T10:15:52.7789270Z     cd /Users/runner/work/PartyDeck/PartyDeck/godot/ios-host
2026-09-10T10:15:52.7793890Z     builtin-copy -exclude .DS_Store -exclude CVS -exclude .svn -exclude .git -exclude .hg -strip-unsigned-binaries -strip-deterministic -strip-tool /Applications/Xcode_26.4.1.app/Contents/Developer/Toolchains/XcodeDefault.xctoolchain/usr/bin/strip -resolve-src-symlinks /Applications/Xcode_26.4.1.app/Contents/Developer/Platforms/iPhoneSimulator.platform/Developer/Library/Xcode/Agents/XCTRunner.app/PkgInfo /Users/runner/work/PartyDeck/PartyDeck/godot/ios-host/build/retained-host-test/DerivedData/Build/Products/Debug-iphonesimulator/RetainedHostUITests-Runner.app
2026-09-10T10:15:52.7796420Z 
2026-09-10T10:15:52.7799350Z Copy /Users/runner/work/PartyDeck/PartyDeck/godot/ios-host/build/retained-host-test/DerivedData/Build/Products/Debug-iphonesimulator/RetainedHostUITests-Runner.app/Frameworks/libXCTestSwiftSupport.dylib /Applications/Xcode_26.4.1.app/Contents/Developer/Platforms/iPhoneSimulator.platform/Developer/usr/lib/libXCTestSwiftSupport.dylib (in target 'RetainedHostUITests' from project 'RetainedHost')
2026-09-10T10:15:52.7804400Z     cd /Users/runner/work/PartyDeck/PartyDeck/godot/ios-host
2026-09-10T10:15:52.7810790Z     builtin-copy -exclude .DS_Store -exclude CVS -exclude .svn -exclude .git -exclude .hg -exclude Headers -exclude PrivateHeaders -exclude Modules -exclude \*.tbd -strip-unsigned-binaries -strip-deterministic -strip-tool /Applications/Xcode_26.4.1.app/Contents/Developer/Toolchains/XcodeDefault.xctoolchain/usr/bin/strip -resolve-src-symlinks /Applications/Xcode_26.4.1.app/Contents/Developer/Platforms/iPhoneSimulator.platform/Developer/usr/lib/libXCTestSwiftSupport.dylib /Users/runner/work/PartyDeck/PartyDeck/godot/ios-host/build/retained-host-test/DerivedData/Build/Products/Debug-iphonesimulator/RetainedHostUITests-Runner.app/Frameworks
2026-09-10T10:15:52.8355530Z warning: not stripping binary because it is signed: /Applications/Xcode_26.4.1.app/Contents/Developer/Platforms/iPhoneSimulator.platform/Developer/usr/lib/libXCTestSwiftSupport.dylib (in target 'RetainedHostUITests' from project 'RetainedHost')
2026-09-10T10:15:52.8531830Z 
2026-09-10T10:15:52.8640950Z Copy /Users/runner/work/PartyDeck/PartyDeck/godot/ios-host/build/retained-host-test/DerivedData/Build/Products/Debug-iphonesimulator/RetainedHostUITests-Runner.app/Frameworks/XCUnit.framework /Applications/Xcode_26.4.1.app/Contents/Developer/Platforms/iPhoneSimulator.platform/Developer/Library/PrivateFrameworks/XCUnit.framework (in target 'RetainedHostUITests' from project 'RetainedHost')
2026-09-10T10:15:52.8746260Z     cd /Users/runner/work/PartyDeck/PartyDeck/godot/ios-host
2026-09-10T10:15:52.8765410Z     builtin-copy -exclude .DS_Store -exclude CVS -exclude .svn -exclude .git -exclude .hg -exclude Headers -exclude PrivateHeaders -exclude Modules -exclude \*.tbd -strip-unsigned-binaries -strip-deterministic -strip-tool /Applications/Xcode_26.4.1.app/Contents/Developer/Toolchains/XcodeDefault.xctoolchain/usr/bin/strip -resolve-src-symlinks /Applications/Xcode_26.4.1.app/Contents/Developer/Platforms/iPhoneSimulator.platform/Developer/Library/PrivateFrameworks/XCUnit.framework /Users/runner/work/PartyDeck/PartyDeck/godot/ios-host/build/retained-host-test/DerivedData/Build/Products/Debug-iphonesimulator/RetainedHostUITests-Runner.app/Frameworks
2026-09-10T10:15:52.8887660Z warning: not stripping binary because it is signed: /Applications/Xcode_26.4.1.app/Contents/Developer/Platforms/iPhoneSimulator.platform/Developer/Library/PrivateFrameworks/XCUnit.framework/XCUnit (in target 'RetainedHostUITests' from project 'RetainedHost')
2026-09-10T10:15:52.9074330Z 
2026-09-10T10:15:52.9115020Z Copy /Users/runner/work/PartyDeck/PartyDeck/godot/ios-host/build/retained-host-test/DerivedData/Build/Products/Debug-iphonesimulator/RetainedHostUITests-Runner.app/Frameworks/XCUIAutomation.framework /Applications/Xcode_26.4.1.app/Contents/Developer/Platforms/iPhoneSimulator.platform/Developer/Library/Frameworks/XCUIAutomation.framework (in target 'RetainedHostUITests' from project 'RetainedHost')
2026-09-10T10:15:52.9116950Z     cd /Users/runner/work/PartyDeck/PartyDeck/godot/ios-host
2026-09-10T10:15:52.9120250Z     builtin-copy -exclude .DS_Store -exclude CVS -exclude .svn -exclude .git -exclude .hg -exclude Headers -exclude PrivateHeaders -exclude Modules -exclude \*.tbd -strip-unsigned-binaries -strip-deterministic -strip-tool /Applications/Xcode_26.4.1.app/Contents/Developer/Toolchains/XcodeDefault.xctoolchain/usr/bin/strip -resolve-src-symlinks /Applications/Xcode_26.4.1.app/Contents/Developer/Platforms/iPhoneSimulator.platform/Developer/Library/Frameworks/XCUIAutomation.framework /Users/runner/work/PartyDeck/PartyDeck/godot/ios-host/build/retained-host-test/DerivedData/Build/Products/Debug-iphonesimulator/RetainedHostUITests-Runner.app/Frameworks
2026-09-10T10:15:52.9131140Z warning: not stripping binary because it is signed: /Applications/Xcode_26.4.1.app/Contents/Developer/Platforms/iPhoneSimulator.platform/Developer/Library/Frameworks/XCUIAutomation.framework/XCUIAutomation (in target 'RetainedHostUITests' from project 'RetainedHost')
2026-09-10T10:15:52.9133640Z 
2026-09-10T10:15:52.9140520Z Copy /Users/runner/work/PartyDeck/PartyDeck/godot/ios-host/build/retained-host-test/DerivedData/Build/Products/Debug-iphonesimulator/RetainedHostUITests-Runner.app/Frameworks/XCTestSupport.framework /Applications/Xcode_26.4.1.app/Contents/Developer/Platforms/iPhoneSimulator.platform/Developer/Library/PrivateFrameworks/XCTestSupport.framework (in target 'RetainedHostUITests' from project 'RetainedHost')
2026-09-10T10:15:52.9146900Z     cd /Users/runner/work/PartyDeck/PartyDeck/godot/ios-host
2026-09-10T10:15:52.9149810Z     builtin-copy -exclude .DS_Store -exclude CVS -exclude .svn -exclude .git -exclude .hg -exclude Headers -exclude PrivateHeaders -exclude Modules -exclude \*.tbd -strip-unsigned-binaries -strip-deterministic -strip-tool /Applications/Xcode_26.4.1.app/Contents/Developer/Toolchains/XcodeDefault.xctoolchain/usr/bin/strip -resolve-src-symlinks /Applications/Xcode_26.4.1.app/Contents/Developer/Platforms/iPhoneSimulator.platform/Developer/Library/PrivateFrameworks/XCTestSupport.framework /Users/runner/work/PartyDeck/PartyDeck/godot/ios-host/build/retained-host-test/DerivedData/Build/Products/Debug-iphonesimulator/RetainedHostUITests-Runner.app/Frameworks
2026-09-10T10:15:52.9153120Z warning: not stripping binary because it is signed: /Applications/Xcode_26.4.1.app/Contents/Developer/Platforms/iPhoneSimulator.platform/Developer/Library/PrivateFrameworks/XCTestSupport.framework/XCTestSupport (in target 'RetainedHostUITests' from project 'RetainedHost')
2026-09-10T10:15:52.9154850Z 
2026-09-10T10:15:52.9156460Z Copy /Users/runner/work/PartyDeck/PartyDeck/godot/ios-host/build/retained-host-test/DerivedData/Build/Products/Debug-iphonesimulator/RetainedHostUITests-Runner.app/Frameworks/XCTestCore.framework /Applications/Xcode_26.4.1.app/Contents/Developer/Platforms/iPhoneSimulator.platform/Developer/Library/PrivateFrameworks/XCTestCore.framework (in target 'RetainedHostUITests' from project 'RetainedHost')
2026-09-10T10:15:52.9158190Z     cd /Users/runner/work/PartyDeck/PartyDeck/godot/ios-host
2026-09-10T10:15:52.9161050Z     builtin-copy -exclude .DS_Store -exclude CVS -exclude .svn -exclude .git -exclude .hg -exclude Headers -exclude PrivateHeaders -exclude Modules -exclude \*.tbd -strip-unsigned-binaries -strip-deterministic -strip-tool /Applications/Xcode_26.4.1.app/Contents/Developer/Toolchains/XcodeDefault.xctoolchain/usr/bin/strip -resolve-src-symlinks /Applications/Xcode_26.4.1.app/Contents/Developer/Platforms/iPhoneSimulator.platform/Developer/Library/PrivateFrameworks/XCTestCore.framework /Users/runner/work/PartyDeck/PartyDeck/godot/ios-host/build/retained-host-test/DerivedData/Build/Products/Debug-iphonesimulator/RetainedHostUITests-Runner.app/Frameworks
2026-09-10T10:15:52.9164950Z warning: not stripping binary because it is signed: /Applications/Xcode_26.4.1.app/Contents/Developer/Platforms/iPhoneSimulator.platform/Developer/Library/PrivateFrameworks/XCTestCore.framework/XCTestCore (in target 'RetainedHostUITests' from project 'RetainedHost')
2026-09-10T10:15:52.9166740Z 
2026-09-10T10:15:52.9168180Z Copy /Users/runner/work/PartyDeck/PartyDeck/godot/ios-host/build/retained-host-test/DerivedData/Build/Products/Debug-iphonesimulator/RetainedHostUITests-Runner.app/Frameworks/XCTest.framework /Applications/Xcode_26.4.1.app/Contents/Developer/Platforms/iPhoneSimulator.platform/Developer/Library/Frameworks/XCTest.framework (in target 'RetainedHostUITests' from project 'RetainedHost')
2026-09-10T10:15:52.9170850Z     cd /Users/runner/work/PartyDeck/PartyDeck/godot/ios-host
2026-09-10T10:15:52.9173570Z     builtin-copy -exclude .DS_Store -exclude CVS -exclude .svn -exclude .git -exclude .hg -exclude Headers -exclude PrivateHeaders -exclude Modules -exclude \*.tbd -strip-unsigned-binaries -strip-deterministic -strip-tool /Applications/Xcode_26.4.1.app/Contents/Developer/Toolchains/XcodeDefault.xctoolchain/usr/bin/strip -resolve-src-symlinks /Applications/Xcode_26.4.1.app/Contents/Developer/Platforms/iPhoneSimulator.platform/Developer/Library/Frameworks/XCTest.framework /Users/runner/work/PartyDeck/PartyDeck/godot/ios-host/build/retained-host-test/DerivedData/Build/Products/Debug-iphonesimulator/RetainedHostUITests-Runner.app/Frameworks
2026-09-10T10:15:52.9179060Z warning: not stripping binary because it is signed: /Applications/Xcode_26.4.1.app/Contents/Developer/Platforms/iPhoneSimulator.platform/Developer/Library/Frameworks/XCTest.framework/XCTest (in target 'RetainedHostUITests' from project 'RetainedHost')
2026-09-10T10:15:52.9189770Z 
2026-09-10T10:15:52.9191880Z Copy /Users/runner/work/PartyDeck/PartyDeck/godot/ios-host/build/retained-host-test/DerivedData/Build/Products/Debug-iphonesimulator/RetainedHostUITests-Runner.app/Frameworks/XCTAutomationSupport.framework /Applications/Xcode_26.4.1.app/Contents/Developer/Platforms/iPhoneSimulator.platform/Developer/Library/PrivateFrameworks/XCTAutomationSupport.framework (in target 'RetainedHostUITests' from project 'RetainedHost')
2026-09-10T10:15:52.9193910Z     cd /Users/runner/work/PartyDeck/PartyDeck/godot/ios-host
2026-09-10T10:15:52.9197100Z     builtin-copy -exclude .DS_Store -exclude CVS -exclude .svn -exclude .git -exclude .hg -exclude Headers -exclude PrivateHeaders -exclude Modules -exclude \*.tbd -strip-unsigned-binaries -strip-deterministic -strip-tool /Applications/Xcode_26.4.1.app/Contents/Developer/Toolchains/XcodeDefault.xctoolchain/usr/bin/strip -resolve-src-symlinks /Applications/Xcode_26.4.1.app/Contents/Developer/Platforms/iPhoneSimulator.platform/Developer/Library/PrivateFrameworks/XCTAutomationSupport.framework /Users/runner/work/PartyDeck/PartyDeck/godot/ios-host/build/retained-host-test/DerivedData/Build/Products/Debug-iphonesimulator/RetainedHostUITests-Runner.app/Frameworks
2026-09-10T10:15:52.9203520Z warning: not stripping binary because it is signed: /Applications/Xcode_26.4.1.app/Contents/Developer/Platforms/iPhoneSimulator.platform/Developer/Library/PrivateFrameworks/XCTAutomationSupport.framework/XCTAutomationSupport (in target 'RetainedHostUITests' from project 'RetainedHost')
2026-09-10T10:15:52.9204920Z 
2026-09-10T10:15:52.9206230Z Copy /Users/runner/work/PartyDeck/PartyDeck/godot/ios-host/build/retained-host-test/DerivedData/Build/Products/Debug-iphonesimulator/RetainedHostUITests-Runner.app/Frameworks/Testing.framework /Applications/Xcode_26.4.1.app/Contents/Developer/Platforms/iPhoneSimulator.platform/Developer/Library/Frameworks/Testing.framework (in target 'RetainedHostUITests' from project 'RetainedHost')
2026-09-10T10:15:52.9210400Z     cd /Users/runner/work/PartyDeck/PartyDeck/godot/ios-host
2026-09-10T10:15:52.9213480Z     builtin-copy -exclude .DS_Store -exclude CVS -exclude .svn -exclude .git -exclude .hg -exclude Headers -exclude PrivateHeaders -exclude Modules -exclude \*.tbd -strip-unsigned-binaries -strip-deterministic -strip-tool /Applications/Xcode_26.4.1.app/Contents/Developer/Toolchains/XcodeDefault.xctoolchain/usr/bin/strip -resolve-src-symlinks /Applications/Xcode_26.4.1.app/Contents/Developer/Platforms/iPhoneSimulator.platform/Developer/Library/Frameworks/Testing.framework /Users/runner/work/PartyDeck/PartyDeck/godot/ios-host/build/retained-host-test/DerivedData/Build/Products/Debug-iphonesimulator/RetainedHostUITests-Runner.app/Frameworks
2026-09-10T10:15:52.9628180Z warning: not stripping binary because it is signed: /Applications/Xcode_26.4.1.app/Contents/Developer/Platforms/iPhoneSimulator.platform/Developer/Library/Frameworks/Testing.framework/Testing (in target 'RetainedHostUITests' from project 'RetainedHost')
2026-09-10T10:15:52.9653730Z 
2026-09-10T10:15:52.9656180Z RegisterExecutionPolicyException /Users/runner/work/PartyDeck/PartyDeck/godot/ios-host/build/retained-host-test/DerivedData/Build/Products/Debug-iphonesimulator/RetainedHostUITests-Runner.app/PlugIns/RetainedHostUITests.xctest (in target 'RetainedHostUITests' from project 'RetainedHost')
2026-09-10T10:15:52.9661450Z     cd /Users/runner/work/PartyDeck/PartyDeck/godot/ios-host
2026-09-10T10:15:52.9669690Z     builtin-RegisterExecutionPolicyException /Users/runner/work/PartyDeck/PartyDeck/godot/ios-host/build/retained-host-test/DerivedData/Build/Products/Debug-iphonesimulator/RetainedHostUITests-Runner.app/PlugIns/RetainedHostUITests.xctest
2026-09-10T10:15:52.9672260Z 
2026-09-10T10:15:52.9673070Z Touch /Users/runner/work/PartyDeck/PartyDeck/godot/ios-host/build/retained-host-test/DerivedData/Build/Products/Debug-iphonesimulator/RetainedHostUITests-Runner.app/PlugIns/RetainedHostUITests.xctest (in target 'RetainedHostUITests' from project 'RetainedHost')
2026-09-10T10:15:52.9674720Z     cd /Users/runner/work/PartyDeck/PartyDeck/godot/ios-host
2026-09-10T10:15:52.9675710Z     /usr/bin/touch -c /Users/runner/work/PartyDeck/PartyDeck/godot/ios-host/build/retained-host-test/DerivedData/Build/Products/Debug-iphonesimulator/RetainedHostUITests-Runner.app/PlugIns/RetainedHostUITests.xctest
2026-09-10T10:15:52.9792190Z 
2026-09-10T10:18:12.9755240Z 2026-09-10 10:18:12.625379+0000 RetainedHostUITests-Runner[23183:67303] [Default] Running tests...
2026-09-10T10:18:19.0867410Z objc[23183]: Class UIAccessibilityLoaderWebShared is implemented in both /Library/Developer/CoreSimulator/Volumes/iOS_23E254a/Library/Developer/CoreSimulator/Profiles/Runtimes/iOS 26.4.simruntime/Contents/Resources/RuntimeRoot/System/Library/AccessibilityBundles/WebCore.axbundle/WebCore (0x105b40310) and /Library/Developer/CoreSimulator/Volumes/iOS_23E254a/Library/Developer/CoreSimulator/Profiles/Runtimes/iOS 26.4.simruntime/Contents/Resources/RuntimeRoot/System/Library/AccessibilityBundles/WebKit.axbundle/WebKit (0x106c64398). This may cause spurious casting failures and mysterious crashes. One of the duplicates must be removed or renamed.
2026-09-10T10:18:27.4964060Z     t =      nans Interface orientation changed to Portrait
2026-09-10T10:18:28.7950200Z Test Suite 'All tests' started at 2026-09-10 10:18:27.002.
2026-09-10T10:18:28.8201010Z Test Suite 'RetainedHostUITests.xctest' started at 2026-09-10 10:18:27.003.
2026-09-10T10:18:28.8476980Z Test Suite 'RetainedHostUITests' started at 2026-09-10 10:18:27.003.
2026-09-10T10:18:29.0317740Z Test Case '-[RetainedHostUITests.RetainedHostUITests testActiveAndDormantBackgroundTransitionsStayConcealed]' started.
2026-09-10T10:18:29.0319360Z     t =     0.00s Start Test at 2026-09-10 10:18:27.004
2026-09-10T10:18:29.0727300Z     t =     1.11s Set Up
2026-09-10T10:18:29.1057150Z     t =     1.16s Open dev.partydeck.godot.iosretained
2026-09-10T10:18:29.1223240Z     t =     1.16s     Launch dev.partydeck.godot.iosretained
2026-09-10T10:18:43.5127980Z 2026-09-10 10:18:43.437 xcodebuild[16997:50625] [MT] IDELaunchParametersSnapshot: The operation couldn’t be completed. (DebuggerLLDB.DebuggerVersionStore.StoreError error 0.)
2026-09-10T10:18:43.5130170Z 2026-09-10 10:18:43.441 xcodebuild[16997:50625] [MT] IDELaunchParametersSnapshot: no debugger version
2026-09-10T10:18:50.7051390Z     t =    23.52s         Setting up automation session
2026-09-10T10:18:54.6910540Z     t =    27.62s         Wait for dev.partydeck.godot.iosretained to idle
2026-09-10T10:18:56.5780470Z     t =    29.53s Waiting 15.0s for "retained-shell" Any to exist
2026-09-10T10:18:57.5628220Z     t =    30.54s     Checking `Expect predicate `existsNoRetry == 1` for object "retained-shell" Any`
2026-09-10T10:18:57.5713330Z     t =    30.54s         Checking existence of `"retained-shell" Any`
2026-09-10T10:18:57.7093660Z     t =    30.68s Waiting 15.0s for "start-2d" Any to exist
2026-09-10T10:18:58.7548170Z     t =    31.72s     Checking `Expect predicate `existsNoRetry == 1` for object "start-2d" Any`
2026-09-10T10:18:58.7657720Z     t =    31.73s         Checking existence of `"start-2d" Any`
2026-09-10T10:18:58.7863890Z     t =    31.77s Find the "start-2d" Any
2026-09-10T10:18:58.8339600Z     t =    31.82s Tap "start-2d" Button
2026-09-10T10:18:58.8513970Z     t =    31.82s     Wait for dev.partydeck.godot.iosretained to idle
2026-09-10T10:18:58.8618230Z     t =    31.83s     Find the "start-2d" Button
2026-09-10T10:18:58.8746900Z     t =    31.87s     Check for interrupting elements affecting "start-2d" Button
2026-09-10T10:18:59.0076820Z     t =    31.99s     Synthesize event
2026-09-10T10:18:59.5008370Z     t =    32.48s     Wait for dev.partydeck.godot.iosretained to idle
2026-09-10T10:19:01.9099160Z     t =    34.87s Find the "retained-metrics" Any
2026-09-10T10:19:02.3644590Z     t =    35.22s Find the "retained-metrics" Any
2026-09-10T10:19:04.9920790Z     t =    37.93s Find the "retained-metrics" Any
2026-09-10T10:19:05.7381350Z     t =    38.67s Find the "retained-metrics" Any
2026-09-10T10:19:05.9727610Z     t =    38.96s Find the "retained-metrics" Any
2026-09-10T10:19:06.0444240Z     t =    39.02s Find the "retained-metrics" Any
2026-09-10T10:19:06.1246430Z     t =    39.09s Find the "retained-metrics" Any
2026-09-10T10:19:06.3777960Z     t =    39.36s Find the "retained-metrics" Any
2026-09-10T10:19:06.5708940Z     t =    39.52s Find the "godot-surface" Any
2026-09-10T10:19:06.8049910Z     t =    39.79s Find the "godot-surface" Other
2026-09-10T10:19:07.1460930Z     t =    39.98s Find the "godot-surface" Other
2026-09-10T10:19:07.6036050Z     t =    40.56s Added attachment named 'Measured real touch target'
2026-09-10T10:19:07.6153370Z     t =    40.56s Press "godot-surface" Other[0.50, 0.66] for 0.1 seconds, then drag to "godot-surface" Other[0.50, 0.55] with velocity of 73.00 pixels per second, and then hold for 0.3 seconds 
2026-09-10T10:19:07.6381700Z     t =    40.56s     Wait for dev.partydeck.godot.iosretained to idle
2026-09-10T10:19:07.6531800Z     t =    40.56s     Find the "godot-surface" Other
2026-09-10T10:19:08.8794480Z     t =    41.15s     Check for interrupting elements affecting "godot-surface" Other
2026-09-10T10:19:10.3835580Z     t =    43.35s     Synthesize event
2026-09-10T10:19:10.3900090Z     t =    43.35s         Find the "godot-surface" Other
2026-09-10T10:19:10.6319490Z     t =    43.61s         Find the "godot-surface" Other
2026-09-10T10:19:10.6905100Z     t =    43.66s         Find the "godot-surface" Other
2026-09-10T10:19:10.7934300Z     t =    43.77s         Find the "godot-surface" Other
2026-09-10T10:19:10.8860010Z     t =    43.88s         Find the "godot-surface" Other
2026-09-10T10:19:12.6691910Z     t =    45.66s     Wait for dev.partydeck.godot.iosretained to idle
2026-09-10T10:19:12.6848400Z     t =    45.66s Find the "retained-metrics" Any
2026-09-10T10:19:12.7157170Z     t =    45.71s Find the "retained-metrics" Any
2026-09-10T10:19:12.9413440Z     t =    45.91s Find the "retained-metrics" Any
2026-09-10T10:19:12.9880620Z     t =    45.97s Find the "retained-metrics" Any
2026-09-10T10:19:13.3162850Z     t =    46.28s Find the "retained-metrics" Any
2026-09-10T10:19:13.8987490Z     t =    46.89s Find the "retained-metrics" Any
2026-09-10T10:19:14.0599580Z     t =    47.04s Find the "godot-surface" Any
2026-09-10T10:19:14.3088750Z     t =    47.27s Find the "godot-surface" Other
2026-09-10T10:19:14.5817370Z     t =    47.54s Find the "godot-surface" Other
2026-09-10T10:19:14.7613410Z     t =    47.72s Added attachment named 'Measured real touch target'
2026-09-10T10:19:14.7719040Z     t =    47.72s Find the "retained-metrics" Any
2026-09-10T10:19:14.8757280Z     t =    47.85s Tap "godot-surface" Other[0.49, 0.73]
2026-09-10T10:19:14.8876270Z     t =    47.85s     Wait for dev.partydeck.godot.iosretained to idle
2026-09-10T10:19:14.9036970Z     t =    47.86s     Find the "godot-surface" Other
2026-09-10T10:19:15.0112440Z     t =    47.98s     Check for interrupting elements affecting "godot-surface" Other
2026-09-10T10:19:15.0833150Z     t =    48.07s     Synthesize event
2026-09-10T10:19:15.0941650Z     t =    48.07s         Find the "godot-surface" Other
2026-09-10T10:19:15.2398340Z     t =    48.21s         Find the "godot-surface" Other
2026-09-10T10:19:15.3322890Z     t =    48.31s         Find the "godot-surface" Other
2026-09-10T10:19:16.3634650Z     t =    48.73s     Wait for dev.partydeck.godot.iosretained to idle
2026-09-10T10:19:16.3755310Z     t =    49.12s Find the "retained-metrics" Any
2026-09-10T10:19:16.8476540Z     t =    49.79s Find the "retained-metrics" Any
2026-09-10T10:19:17.8541500Z     t =    50.67s Find the "retained-metrics" Any
2026-09-10T10:19:18.0401000Z     t =    51.01s Find the "retained-metrics" Any
2026-09-10T10:19:18.1536050Z     t =    51.12s Find the "retained-metrics" Any
2026-09-10T10:19:18.5180870Z     t =    51.50s Find the "retained-metrics" Any
2026-09-10T10:19:18.8259760Z     t =    51.79s Find the "retained-metrics" Any
2026-09-10T10:19:19.0875310Z     t =    52.05s Find the "godot-surface" Any
2026-09-10T10:19:19.2615550Z     t =    52.25s Find the "godot-surface" Other
2026-09-10T10:19:19.4443500Z     t =    52.31s Find the "godot-surface" Other
2026-09-10T10:19:19.5751880Z     t =    52.56s Added attachment named 'Measured real touch target'
2026-09-10T10:19:19.5875890Z     t =    52.56s Find the "retained-metrics" Any
2026-09-10T10:19:19.7588170Z     t =    52.72s Tap "godot-surface" Other[0.18, 0.60]
2026-09-10T10:19:19.7692750Z     t =    52.72s     Wait for dev.partydeck.godot.iosretained to idle
2026-09-10T10:19:19.7794860Z     t =    52.73s     Find the "godot-surface" Other
2026-09-10T10:19:19.9901730Z     t =    52.98s     Check for interrupting elements affecting "godot-surface" Other
2026-09-10T10:19:20.0662260Z     t =    53.05s     Synthesize event
2026-09-10T10:19:20.0808200Z     t =    53.05s         Find the "godot-surface" Other
2026-09-10T10:19:20.2279610Z     t =    53.20s         Find the "godot-surface" Other
2026-09-10T10:19:20.3531110Z     t =    53.33s         Find the "godot-surface" Other
2026-09-10T10:19:21.0018030Z     t =    53.83s     Wait for dev.partydeck.godot.iosretained to idle
2026-09-10T10:19:21.0595110Z     t =    53.97s Find the "retained-metrics" Any
2026-09-10T10:19:21.8073680Z     t =    54.56s Find the "retained-metrics" Any
2026-09-10T10:19:22.1326870Z     t =    55.12s Find the "retained-metrics" Any
2026-09-10T10:19:22.2595190Z     t =    55.24s Find the Target Application 'dev.partydeck.godot.iosretained'
2026-09-10T10:19:22.5592720Z     t =    55.54s Added attachment named 'Real reveal and card selection'
2026-09-10T10:19:22.5899070Z     t =    55.54s Find the "retained-metrics" Any
2026-09-10T10:19:22.7915380Z     t =    55.77s Added attachment named 'Real reveal and card selection measurements'
2026-09-10T10:19:22.8022760Z     t =    55.78s Find the "retained-metrics" Any
2026-09-10T10:19:22.9637410Z     t =    55.94s Tap "cycle-focus" Any
2026-09-10T10:19:22.9749600Z     t =    55.94s     Wait for dev.partydeck.godot.iosretained to idle
2026-09-10T10:19:22.9884840Z     t =    55.95s     Find the "cycle-focus" Any
2026-09-10T10:19:23.0995210Z     t =    56.09s     Check for interrupting elements affecting "cycle-focus" Button
2026-09-10T10:19:23.1956030Z     t =    56.15s     Synthesize event
2026-09-10T10:19:23.6486630Z     t =    56.54s     Wait for dev.partydeck.godot.iosretained to idle
2026-09-10T10:19:23.6752100Z     t =    56.57s Find the "retained-metrics" Any
2026-09-10T10:19:24.1799380Z     t =    57.07s Find the "retained-metrics" Any
2026-09-10T10:19:24.4202570Z     t =    57.40s Find the Target Application 'dev.partydeck.godot.iosretained'
2026-09-10T10:19:24.6148750Z     t =    57.57s Added attachment named 'Coalesced native foreground loss and regain returned concealed'
2026-09-10T10:19:24.6256320Z     t =    57.58s Find the "retained-metrics" Any
2026-09-10T10:19:24.8101410Z     t =    57.76s Added attachment named 'Coalesced native foreground loss and regain returned concealed measurements'
2026-09-10T10:19:24.8247890Z     t =    57.76s Find the "retained-metrics" Any
2026-09-10T10:19:24.9812100Z     t =    57.97s Find the "retained-metrics" Any
2026-09-10T10:19:25.1357380Z     t =    58.11s Find the "godot-surface" Any
2026-09-10T10:19:25.4050080Z     t =    58.38s Find the "godot-surface" Other
2026-09-10T10:19:25.6310540Z     t =    58.60s Find the "godot-surface" Other
2026-09-10T10:19:25.9727940Z     t =    58.87s Added attachment named 'Measured real touch target'
2026-09-10T10:19:25.9837860Z     t =    58.87s Find the "retained-metrics" Any
2026-09-10T10:19:26.1828630Z     t =    59.15s Tap "godot-surface" Other[0.49, 0.66]
2026-09-10T10:19:26.1946400Z     t =    59.15s     Wait for dev.partydeck.godot.iosretained to idle
2026-09-10T10:19:26.2059350Z     t =    59.16s     Find the "godot-surface" Other
2026-09-10T10:19:26.2692580Z     t =    59.24s     Check for interrupting elements affecting "godot-surface" Other
2026-09-10T10:19:26.3422180Z     t =    59.30s     Synthesize event
2026-09-10T10:19:26.3540650Z     t =    59.31s         Find the "godot-surface" Other
2026-09-10T10:19:26.5644780Z     t =    59.56s         Find the "godot-surface" Other
2026-09-10T10:19:26.6817130Z     t =    59.66s         Find the "godot-surface" Other
2026-09-10T10:19:27.2080230Z     t =    60.14s     Wait for dev.partydeck.godot.iosretained to idle
2026-09-10T10:19:27.2892870Z     t =    60.26s Find the "retained-metrics" Any
2026-09-10T10:19:27.6018960Z     t =    60.55s Find the "retained-metrics" Any
2026-09-10T10:19:27.8388060Z     t =    60.81s Find the "retained-metrics" Any
2026-09-10T10:19:27.9146030Z     t =    60.90s Find the "retained-metrics" Any
2026-09-10T10:19:27.9724120Z     t =    60.96s Find the "retained-metrics" Any
2026-09-10T10:19:28.2428590Z     t =    61.23s Find the "retained-metrics" Any
2026-09-10T10:19:28.4674010Z     t =    61.45s Find the "retained-metrics" Any
2026-09-10T10:19:28.7001760Z     t =    61.67s Find the "godot-surface" Any
2026-09-10T10:19:28.9048270Z     t =    61.90s Find the "godot-surface" Other
2026-09-10T10:19:29.0436360Z     t =    62.03s Find the "godot-surface" Other
2026-09-10T10:19:29.1374100Z     t =    62.13s Added attachment named 'Measured real touch target'
2026-09-10T10:19:29.1488460Z     t =    62.13s Find the "retained-metrics" Any
2026-09-10T10:19:29.2571920Z     t =    62.24s Tap "godot-surface" Other[0.18, 0.60]
2026-09-10T10:19:29.2766150Z     t =    62.24s     Wait for dev.partydeck.godot.iosretained to idle
2026-09-10T10:19:29.2900120Z     t =    62.25s     Find the "godot-surface" Other
2026-09-10T10:19:29.4388020Z     t =    62.39s     Check for interrupting elements affecting "godot-surface" Other
2026-09-10T10:19:29.5464000Z     t =    62.51s     Synthesize event
2026-09-10T10:19:29.5584070Z     t =    62.52s         Find the "godot-surface" Other
2026-09-10T10:19:29.6767320Z     t =    62.66s         Find the "godot-surface" Other
2026-09-10T10:19:29.8664880Z     t =    62.85s         Find the "godot-surface" Other
2026-09-10T10:19:30.2661260Z     t =    63.23s     Wait for dev.partydeck.godot.iosretained to idle
2026-09-10T10:19:30.3259300Z     t =    63.30s Find the "retained-metrics" Any
2026-09-10T10:19:30.6155670Z     t =    63.60s Find the "retained-metrics" Any
2026-09-10T10:19:30.7677150Z     t =    63.75s Find the Target Application 'dev.partydeck.godot.iosretained'
2026-09-10T10:19:31.0350390Z     t =    63.95s Added attachment named 'Real reveal and card selection'
2026-09-10T10:19:31.0486260Z     t =    63.95s Find the "retained-metrics" Any
2026-09-10T10:19:31.4789660Z     t =    64.42s Added attachment named 'Real reveal and card selection measurements'
2026-09-10T10:19:31.4896410Z     t =    64.42s Find the "retained-metrics" Any
2026-09-10T10:19:31.7471180Z     t =    64.69s Tap "pause-table" Any
2026-09-10T10:19:31.7880240Z     t =    64.69s     Wait for dev.partydeck.godot.iosretained to idle
2026-09-10T10:19:31.7987240Z     t =    64.73s     Find the "pause-table" Any
2026-09-10T10:19:31.9753380Z     t =    64.93s     Check for interrupting elements affecting "pause-table" Button
2026-09-10T10:19:32.1645820Z     t =    65.14s     Synthesize event
2026-09-10T10:19:32.5557720Z     t =    65.49s     Wait for dev.partydeck.godot.iosretained to idle
2026-09-10T10:19:32.5890180Z     t =    65.55s Find the "retained-metrics" Any
2026-09-10T10:19:32.8870130Z     t =    65.84s Find the "retained-metrics" Any
2026-09-10T10:19:33.2544450Z     t =    66.22s Find the "retained-metrics" Any
2026-09-10T10:19:33.7202770Z     t =    66.70s Find the "retained-metrics" Any
2026-09-10T10:19:34.1315000Z     t =    67.07s Find the "retained-metrics" Any
2026-09-10T10:19:34.7459720Z     t =    67.72s Find the "retained-metrics" Any
2026-09-10T10:19:35.0818460Z     t =    68.04s Tap "pause-table" Any
2026-09-10T10:19:35.0922770Z     t =    68.04s     Wait for dev.partydeck.godot.iosretained to idle
2026-09-10T10:19:35.1043110Z     t =    68.05s     Find the "pause-table" Any
2026-09-10T10:19:35.3317680Z     t =    68.28s     Check for interrupting elements affecting "pause-table" Button
2026-09-10T10:19:35.4393390Z     t =    68.40s     Synthesize event
2026-09-10T10:19:35.7646130Z     t =    68.74s     Wait for dev.partydeck.godot.iosretained to idle
2026-09-10T10:19:35.9170690Z     t =    68.86s Find the "retained-metrics" Any
2026-09-10T10:19:36.4026610Z     t =    69.34s Find the "retained-metrics" Any
2026-09-10T10:19:36.9476550Z     t =    69.93s Find the "retained-metrics" Any
2026-09-10T10:19:37.3226940Z     t =    70.29s Find the "retained-metrics" Any
2026-09-10T10:19:37.6014960Z     t =    70.59s Find the "retained-metrics" Any
2026-09-10T10:19:37.8297970Z     t =    70.82s Find the "godot-surface" Any
2026-09-10T10:19:38.0753960Z     t =    71.01s Find the "godot-surface" Other
2026-09-10T10:19:38.2487180Z     t =    71.23s Find the "godot-surface" Other
2026-09-10T10:19:38.3488700Z     t =    71.33s Added attachment named 'Measured real touch target'
2026-09-10T10:19:38.3595760Z     t =    71.33s Find the "retained-metrics" Any
2026-09-10T10:19:38.4448330Z     t =    71.43s Tap "godot-surface" Other[0.49, 0.66]
2026-09-10T10:19:38.4554220Z     t =    71.43s     Wait for dev.partydeck.godot.iosretained to idle
2026-09-10T10:19:38.4712620Z     t =    71.43s     Find the "godot-surface" Other
2026-09-10T10:19:38.6001500Z     t =    71.56s     Check for interrupting elements affecting "godot-surface" Other
2026-09-10T10:19:38.6520300Z     t =    71.64s     Synthesize event
2026-09-10T10:19:38.6654480Z     t =    71.65s         Find the "godot-surface" Other
2026-09-10T10:19:38.7740540Z     t =    71.75s         Find the "godot-surface" Other
2026-09-10T10:19:39.0389460Z     t =    71.98s         Find the "godot-surface" Other
2026-09-10T10:19:39.4695050Z     t =    72.45s     Wait for dev.partydeck.godot.iosretained to idle
2026-09-10T10:19:39.5871420Z     t =    72.54s Find the "retained-metrics" Any
2026-09-10T10:19:39.9611190Z     t =    72.95s Find the "retained-metrics" Any
2026-09-10T10:19:40.3479960Z     t =    73.21s Find the "retained-metrics" Any
2026-09-10T10:19:40.4621300Z     t =    73.45s Find the "retained-metrics" Any
2026-09-10T10:19:40.6482390Z     t =    73.62s Find the "retained-metrics" Any
2026-09-10T10:19:40.9600320Z     t =    73.93s Find the "retained-metrics" Any
2026-09-10T10:19:41.1102300Z     t =    74.10s Find the "godot-surface" Any
2026-09-10T10:19:41.2244570Z     t =    74.20s Find the "godot-surface" Other
2026-09-10T10:19:41.3510920Z     t =    74.30s Find the "godot-surface" Other
2026-09-10T10:19:41.5756300Z     t =    74.55s Added attachment named 'Measured real touch target'
2026-09-10T10:19:41.5861050Z     t =    74.55s Find the "retained-metrics" Any
2026-09-10T10:19:41.6439120Z     t =    74.62s Tap "godot-surface" Other[0.18, 0.60]
2026-09-10T10:19:41.6718650Z     t =    74.62s     Wait for dev.partydeck.godot.iosretained to idle
2026-09-10T10:19:41.6839910Z     t =    74.63s     Find the "godot-surface" Other
2026-09-10T10:19:41.8491890Z     t =    74.82s     Check for interrupting elements affecting "godot-surface" Other
2026-09-10T10:19:41.9502030Z     t =    74.93s     Synthesize event
2026-09-10T10:19:41.9622980Z     t =    74.93s         Find the "godot-surface" Other
2026-09-10T10:19:42.1361870Z     t =    75.12s         Find the "godot-surface" Other
2026-09-10T10:19:42.4439800Z     t =    75.42s         Find the "godot-surface" Other
2026-09-10T10:19:43.1312050Z     t =    75.94s     Wait for dev.partydeck.godot.iosretained to idle
2026-09-10T10:19:43.1427730Z     t =    76.07s Find the "retained-metrics" Any
2026-09-10T10:19:43.4292980Z     t =    76.40s Find the "retained-metrics" Any
2026-09-10T10:19:43.4986060Z     t =    76.49s Find the Target Application 'dev.partydeck.godot.iosretained'
2026-09-10T10:19:43.6887710Z     t =    76.66s Added attachment named 'Real reveal and card selection'
2026-09-10T10:19:43.7006370Z     t =    76.67s Find the "retained-metrics" Any
2026-09-10T10:19:43.7714490Z     t =    76.76s Added attachment named 'Real reveal and card selection measurements'
2026-09-10T10:19:43.7825220Z     t =    76.76s Find the "retained-metrics" Any
2026-09-10T10:19:43.8906060Z     t =    76.84s Pressing Home button
2026-09-10T10:19:44.3543220Z     t =    77.32s Find the Application 'com.apple.springboard'
2026-09-10T10:19:46.2599420Z     t =    78.87s Checking existence of `"Safari" Icon`
2026-09-10T10:19:46.4074390Z     t =    79.20s Find the "Safari" Icon
2026-09-10T10:19:46.7437580Z     t =    79.59s Find the "Safari" Icon
2026-09-10T10:19:46.7781870Z     t =    79.76s Find the "Safari" Icon
2026-09-10T10:19:47.1118300Z     t =    79.96s Checking existence of `"Messages" Icon`
2026-09-10T10:19:47.2228970Z     t =    80.19s Find the "Messages" Icon
2026-09-10T10:19:47.6648860Z     t =    80.52s Find the "Messages" Icon
2026-09-10T10:19:47.7630270Z     t =    80.68s Find the "Messages" Icon
2026-09-10T10:19:47.8889070Z     t =    80.80s Get number of matches for: Descendants matching type Alert
2026-09-10T10:19:47.9276840Z     t =    80.85s Added attachment named 'Actual Home state and dock observation'
2026-09-10T10:19:47.9386640Z     t =    80.85s Requesting snapshot of accessibility hierarchy for app with pid 14516
2026-09-10T10:19:48.6258940Z     t =    81.62s Requesting snapshot of accessibility hierarchy for app with pid 14516
2026-09-10T10:19:48.7340690Z     t =    81.72s Added attachment named 'Actual SpringBoard hierarchy'
2026-09-10T10:19:49.0224650Z     t =    81.99s Added attachment named 'Actual Home screen'
2026-09-10T10:19:49.0329570Z     t =    81.99s Open dev.partydeck.godot.iosretained
2026-09-10T10:19:49.0628860Z     t =    81.99s     Activate dev.partydeck.godot.iosretained
2026-09-10T10:19:49.1706380Z     t =    82.07s         Wait for dev.partydeck.godot.iosretained to idle
2026-09-10T10:19:49.1832980Z     t =    82.11s Find the "retained-metrics" Any
2026-09-10T10:19:50.1030050Z     t =    83.08s Find the "retained-metrics" Any
2026-09-10T10:19:50.3820720Z     t =    83.37s Find the "retained-metrics" Any
2026-09-10T10:19:50.5979180Z     t =    83.59s Find the "retained-metrics" Any
2026-09-10T10:19:50.6399590Z     t =    83.62s Find the Target Application 'dev.partydeck.godot.iosretained'
2026-09-10T10:19:50.8358290Z     t =    83.82s Added attachment named 'Real background and resume kept the same authority concealed'
2026-09-10T10:19:50.8462400Z     t =    83.82s Find the "retained-metrics" Any
2026-09-10T10:19:50.9169030Z     t =    83.90s Added attachment named 'Real background and resume kept the same authority concealed measurements'
2026-09-10T10:19:50.9277430Z     t =    83.90s Find the "retained-metrics" Any
2026-09-10T10:19:50.9821770Z     t =    83.97s Find the "retained-metrics" Any
2026-09-10T10:19:51.2366700Z     t =    84.22s Find the "retained-metrics" Any
2026-09-10T10:19:51.4479550Z     t =    84.43s Find the "retained-metrics" Any
2026-09-10T10:19:51.6878510Z     t =    84.67s Find the "retained-metrics" Any
2026-09-10T10:19:51.7513080Z     t =    84.74s Find the "godot-surface" Any
2026-09-10T10:19:51.8520070Z     t =    84.83s Find the "godot-surface" Other
2026-09-10T10:19:51.9454090Z     t =    84.91s Find the "godot-surface" Other
2026-09-10T10:19:52.0293830Z     t =    85.00s Added attachment named 'Measured real touch target'
2026-09-10T10:19:52.0497500Z     t =    85.00s Find the "retained-metrics" Any
2026-09-10T10:19:52.3023700Z     t =    85.28s Tap "godot-surface" Other[0.15, 0.06]
2026-09-10T10:19:52.3126510Z     t =    85.28s     Wait for dev.partydeck.godot.iosretained to idle
2026-09-10T10:19:52.3229990Z     t =    85.28s     Find the "godot-surface" Other
2026-09-10T10:19:52.5563220Z     t =    85.52s     Check for interrupting elements affecting "godot-surface" Other
2026-09-10T10:19:52.6840480Z     t =    85.67s     Synthesize event
2026-09-10T10:19:52.7128620Z     t =    85.67s         Find the "godot-surface" Other
2026-09-10T10:19:52.8423030Z     t =    85.82s         Find the "godot-surface" Other
2026-09-10T10:19:52.9736780Z     t =    85.94s         Find the "godot-surface" Other
2026-09-10T10:19:53.5346030Z     t =    86.43s     Wait for dev.partydeck.godot.iosretained to idle
2026-09-10T10:19:53.5455940Z     t =    86.48s Find the "retained-metrics" Any
2026-09-10T10:19:53.9781240Z     t =    86.93s Find the "retained-metrics" Any
2026-09-10T10:19:54.3380690Z     t =    87.30s Find the "retained-metrics" Any
2026-09-10T10:19:54.6640380Z     t =    87.63s Checking existence of `"retained-shell" Any`
2026-09-10T10:19:54.8730140Z     t =    87.81s Checking existence of `"godot-surface" Any`
2026-09-10T10:19:55.3394210Z     t =    88.31s Find the Target Application 'dev.partydeck.godot.iosretained'
2026-09-10T10:19:55.5160220Z     t =    88.49s Added attachment named 'Whole recipient scene retired; retained services dormant'
2026-09-10T10:19:55.5272090Z     t =    88.49s Find the "retained-metrics" Any
2026-09-10T10:19:55.8650060Z     t =    88.82s Added attachment named 'Whole recipient scene retired; retained services dormant measurements'
2026-09-10T10:19:55.8769830Z     t =    88.83s Tap "host-counter-button" Any
2026-09-10T10:19:55.8904760Z     t =    88.83s     Wait for dev.partydeck.godot.iosretained to idle
2026-09-10T10:19:55.9060830Z     t =    88.83s     Find the "host-counter-button" Any
2026-09-10T10:19:55.9897940Z     t =    88.96s     Check for interrupting elements affecting "host-counter-button" Button
2026-09-10T10:19:56.1291170Z     t =    89.10s     Synthesize event
2026-09-10T10:19:56.5055150Z     t =    89.42s     Wait for dev.partydeck.godot.iosretained to idle
2026-09-10T10:19:56.5164280Z     t =    89.43s Find the "retained-metrics" Any
2026-09-10T10:19:56.7343660Z     t =    89.71s Find the "retained-metrics" Any
2026-09-10T10:19:56.8768740Z     t =    89.84s Find the "retained-metrics" Any
2026-09-10T10:19:57.2466840Z     t =    90.21s Find the "retained-metrics" Any
2026-09-10T10:19:57.4338750Z     t =    90.40s Added attachment named 'Measured dormant shell interval'
2026-09-10T10:19:57.4443710Z     t =    90.40s Pressing Home button
2026-09-10T10:19:59.1981230Z     t =    90.87s Find the Application 'com.apple.springboard'
2026-09-10T10:19:59.1988250Z     t =    91.08s Checking existence of `"Safari" Icon`
2026-09-10T10:19:59.2140820Z     t =    91.42s Find the "Safari" Icon
2026-09-10T10:19:59.2882510Z     t =    91.82s Find the "Safari" Icon
2026-09-10T10:19:59.3222090Z     t =    91.97s Find the "Safari" Icon
2026-09-10T10:19:59.3436840Z     t =    92.12s Checking existence of `"Messages" Icon`
2026-09-10T10:19:59.3588160Z     t =    92.23s Find the "Messages" Icon
2026-09-10T10:19:59.7880120Z     t =    92.38s Find the "Messages" Icon
2026-09-10T10:19:59.8104220Z     t =    92.49s Find the "Messages" Icon
2026-09-10T10:19:59.8245350Z     t =    92.63s Get number of matches for: Descendants matching type Alert
2026-09-10T10:19:59.8515840Z     t =    92.70s Added attachment named 'Actual Home state and dock observation'
2026-09-10T10:19:59.8836890Z     t =    92.70s Requesting snapshot of accessibility hierarchy for app with pid 14516
2026-09-10T10:20:00.6283150Z     t =    93.44s Requesting snapshot of accessibility hierarchy for app with pid 14516
2026-09-10T10:20:00.6408790Z     t =    93.52s Added attachment named 'Actual SpringBoard hierarchy'
2026-09-10T10:20:01.2846140Z     t =    93.79s Added attachment named 'Actual Home screen'
2026-09-10T10:20:01.3024440Z     t =    93.79s Open dev.partydeck.godot.iosretained
2026-09-10T10:20:01.3343370Z     t =    93.79s     Activate dev.partydeck.godot.iosretained
2026-09-10T10:20:01.3605100Z     t =    94.03s         Wait for dev.partydeck.godot.iosretained to idle
2026-09-10T10:20:01.4894450Z     t =    94.10s Find the "retained-metrics" Any
2026-09-10T10:20:01.9089060Z     t =    94.90s Tap "host-counter-button" Any
2026-09-10T10:20:01.9201460Z     t =    94.90s     Wait for dev.partydeck.godot.iosretained to idle
2026-09-10T10:20:01.9341940Z     t =    94.90s     Find the "host-counter-button" Any
2026-09-10T10:20:01.9752850Z     t =    94.96s     Check for interrupting elements affecting "host-counter-button" Button
2026-09-10T10:20:02.1448320Z     t =    95.10s     Synthesize event
2026-09-10T10:20:02.4614870Z     t =    95.43s     Wait for dev.partydeck.godot.iosretained to idle
2026-09-10T10:20:02.4726060Z     t =    95.44s Find the "retained-metrics" Any
2026-09-10T10:20:02.7404370Z     t =    95.72s Find the "retained-metrics" Any
2026-09-10T10:20:02.8338400Z     t =    95.82s Find the "retained-metrics" Any
2026-09-10T10:20:03.0949480Z     t =    96.07s Find the "retained-metrics" Any
2026-09-10T10:20:03.6577370Z     t =    96.61s Added attachment named 'Measured dormant shell interval'
2026-09-10T10:20:03.6698410Z     t =    96.61s Waiting 15.0s for "start-3d" Any to exist
2026-09-10T10:20:04.6756980Z     t =    97.66s     Checking `Expect predicate `existsNoRetry == 1` for object "start-3d" Any`
2026-09-10T10:20:04.6912910Z     t =    97.68s         Checking existence of `"start-3d" Any`
2026-09-10T10:20:04.7681150Z     t =    97.75s Find the "start-3d" Any
2026-09-10T10:20:04.8064360Z     t =    97.79s Tap "start-3d" Button
2026-09-10T10:20:04.8203320Z     t =    97.79s     Wait for dev.partydeck.godot.iosretained to idle
2026-09-10T10:20:04.8396170Z     t =    97.80s     Find the "start-3d" Button
2026-09-10T10:20:04.9335960Z     t =    97.91s     Check for interrupting elements affecting "start-3d" Button
2026-09-10T10:20:05.0563240Z     t =    98.03s     Synthesize event
2026-09-10T10:20:05.3926370Z     t =    98.37s     Wait for dev.partydeck.godot.iosretained to idle
2026-09-10T10:20:06.4876470Z     t =    99.41s Find the "retained-metrics" Any
2026-09-10T10:20:21.9436490Z     t =   114.79s Find the "retained-metrics" Any
2026-09-10T10:20:34.0569540Z     t =   126.75s Find the "retained-metrics" Any
2026-09-10T10:20:45.3460100Z     t =   138.33s Find the "retained-metrics" Any
2026-09-10T10:20:57.1974050Z     t =   150.17s Find the "retained-metrics" Any
2026-09-10T10:20:57.2902960Z     t =   150.27s Find the "godot-surface" Any
2026-09-10T10:21:38.3445700Z     t =   190.91s Find the "godot-surface" Other
2026-09-10T10:21:41.6042880Z     t =   194.58s Find the "godot-surface" Other
2026-09-10T10:21:45.3711730Z     t =   198.34s Added attachment named 'Measured real touch target'
2026-09-10T10:21:45.3714100Z     t =   198.35s Find the "retained-metrics" Any
2026-09-10T10:21:45.4238350Z     t =   198.41s Tap "godot-surface" Other[0.11, 0.07]
2026-09-10T10:21:45.4345640Z     t =   198.41s     Wait for dev.partydeck.godot.iosretained to idle
2026-09-10T10:21:45.4449780Z     t =   198.41s     Find the "godot-surface" Other
2026-09-10T10:21:45.4770150Z     t =   198.46s     Check for interrupting elements affecting "godot-surface" Other
2026-09-10T10:21:45.5459640Z     t =   198.53s     Synthesize event
2026-09-10T10:21:45.5529320Z     t =   198.54s         Find the "godot-surface" Other
2026-09-10T10:21:45.5946070Z     t =   198.59s         Find the "godot-surface" Other
2026-09-10T10:21:45.6418460Z     t =   198.63s         Find the "godot-surface" Other
2026-09-10T10:21:46.0539830Z     t =   199.00s     Wait for dev.partydeck.godot.iosretained to idle
2026-09-10T10:21:47.7085490Z     t =   200.66s Find the "retained-metrics" Any
2026-09-10T10:21:48.2658670Z     t =   201.25s Find the "retained-metrics" Any
2026-09-10T10:21:48.6326830Z     t =   201.60s Find the "retained-metrics" Any
2026-09-10T10:21:48.9075560Z     t =   201.87s Find the "retained-metrics" Any
2026-09-10T10:21:49.5325690Z     t =   202.52s Find the "retained-metrics" Any
2026-09-10T10:21:49.6134210Z     t =   202.59s Checking existence of `"retained-shell" Any`
2026-09-10T10:21:49.7064480Z     t =   202.67s Checking existence of `"godot-surface" Any`
2026-09-10T10:21:49.8147670Z     t =   202.77s Find the Target Application 'dev.partydeck.godot.iosretained'
2026-09-10T10:21:49.9944680Z     t =   202.95s Added attachment named 'Whole recipient scene retired; retained services dormant'
2026-09-10T10:21:50.0047950Z     t =   202.96s Find the "retained-metrics" Any
2026-09-10T10:21:50.0786080Z     t =   203.06s Added attachment named 'Whole recipient scene retired; retained services dormant measurements'
2026-09-10T10:21:50.1913600Z     t =   203.06s Find the Target Application 'dev.partydeck.godot.iosretained'
2026-09-10T10:21:50.2703410Z     t =   203.21s Added attachment named 'Dormant application lifecycle did not restart the engine services'
2026-09-10T10:21:50.2811070Z     t =   203.21s Find the "retained-metrics" Any
2026-09-10T10:21:50.6430740Z     t =   203.59s Added attachment named 'Dormant application lifecycle did not restart the engine services measurements'
2026-09-10T10:21:50.6472460Z     t =   203.60s Tear Down
2026-09-10T10:21:51.2473570Z Test Case '-[RetainedHostUITests.RetainedHostUITests testActiveAndDormantBackgroundTransitionsStayConcealed]' passed (204.179 seconds).
2026-09-10T10:21:51.2529000Z Test Case '-[RetainedHostUITests.RetainedHostUITests testRepeated2DAnd3DKeepOneDormantEngine]' started.
2026-09-10T10:21:51.2645060Z     t =     0.00s Start Test at 2026-09-10 10:21:51.192
2026-09-10T10:21:52.2157550Z     t =     0.14s Set Up
2026-09-10T10:21:52.2165550Z     t =     0.14s Open dev.partydeck.godot.iosretained
2026-09-10T10:21:52.2170200Z     t =     0.14s     Launch dev.partydeck.godot.iosretained
2026-09-10T10:21:52.2171550Z     t =     0.14s         Terminate dev.partydeck.godot.iosretained:24334
2026-09-10T10:21:53.4654520Z 2026-09-10 10:21:53.459 xcodebuild[16997:50625] [MT] IDELaunchParametersSnapshot: The operation couldn’t be completed. (DebuggerLLDB.DebuggerVersionStore.StoreError error 0.)
2026-09-10T10:21:53.4660040Z 2026-09-10 10:21:53.459 xcodebuild[16997:50625] [MT] IDELaunchParametersSnapshot: no debugger version
2026-09-10T10:21:55.2108770Z     t =     3.82s         Setting up automation session
2026-09-10T10:21:58.0807330Z     t =     6.87s         Wait for dev.partydeck.godot.iosretained to idle
2026-09-10T10:21:59.9063980Z     t =     8.72s Waiting 15.0s for "retained-shell" Any to exist
2026-09-10T10:22:00.9557890Z     t =     9.75s     Checking `Expect predicate `existsNoRetry == 1` for object "retained-shell" Any`
2026-09-10T10:22:00.9562750Z     t =     9.76s         Checking existence of `"retained-shell" Any`
2026-09-10T10:22:01.0196810Z     t =     9.83s Waiting 15.0s for "start-2d" Any to exist
2026-09-10T10:22:02.0884530Z     t =    10.89s     Checking `Expect predicate `existsNoRetry == 1` for object "start-2d" Any`
2026-09-10T10:22:02.0974800Z     t =    10.89s         Checking existence of `"start-2d" Any`
2026-09-10T10:22:02.1384550Z     t =    10.95s Find the "start-2d" Any
2026-09-10T10:22:02.1799800Z     t =    10.97s Tap "start-2d" Button
2026-09-10T10:22:02.1821930Z     t =    10.97s     Wait for dev.partydeck.godot.iosretained to idle
2026-09-10T10:22:02.1828250Z     t =    10.98s     Find the "start-2d" Button
2026-09-10T10:22:02.2036090Z     t =    11.01s     Check for interrupting elements affecting "start-2d" Button
2026-09-10T10:22:02.2864760Z     t =    11.07s     Synthesize event
2026-09-10T10:22:02.5920700Z     t =    11.40s     Wait for dev.partydeck.godot.iosretained to idle
2026-09-10T10:22:03.6978250Z     t =    12.48s Find the "retained-metrics" Any
2026-09-10T10:22:03.9648670Z     t =    12.77s Find the "retained-metrics" Any
2026-09-10T10:22:06.8731750Z     t =    15.51s Find the "retained-metrics" Any
2026-09-10T10:22:07.1578800Z     t =    15.96s Find the "retained-metrics" Any
2026-09-10T10:22:07.2843070Z     t =    16.06s Find the Target Application 'dev.partydeck.godot.iosretained'
2026-09-10T10:22:07.4700100Z     t =    16.27s Added attachment named 'Entry 1: fresh concealed 2d'
2026-09-10T10:22:07.4704840Z     t =    16.27s Find the "retained-metrics" Any
2026-09-10T10:22:07.5535430Z     t =    16.36s Added attachment named 'Entry 1: fresh concealed 2d measurements'
2026-09-10T10:22:07.5753610Z     t =    16.36s Find the "retained-metrics" Any
2026-09-10T10:22:07.7221520Z     t =    16.52s Find the "retained-metrics" Any
2026-09-10T10:22:07.9772710Z     t =    16.77s Find the "retained-metrics" Any
2026-09-10T10:22:08.2214520Z     t =    17.03s Find the "retained-metrics" Any
2026-09-10T10:22:08.3109850Z     t =    17.11s Find the "godot-surface" Any
2026-09-10T10:22:08.3932640Z     t =    17.20s Find the "godot-surface" Other
2026-09-10T10:22:08.4481480Z     t =    17.25s Find the "godot-surface" Other
2026-09-10T10:22:08.5290030Z     t =    17.33s Added attachment named 'Measured real touch target'
2026-09-10T10:22:08.5307170Z     t =    17.33s Press "godot-surface" Other[0.50, 0.66] for 0.1 seconds, then drag to "godot-surface" Other[0.50, 0.55] with velocity of 73.00 pixels per second, and then hold for 0.3 seconds 
2026-09-10T10:22:08.5336280Z     t =    17.33s     Wait for dev.partydeck.godot.iosretained to idle
2026-09-10T10:22:08.5342890Z     t =    17.34s     Find the "godot-surface" Other
2026-09-10T10:22:08.5886840Z     t =    17.39s     Check for interrupting elements affecting "godot-surface" Other
2026-09-10T10:22:08.6558500Z     t =    17.46s     Synthesize event
2026-09-10T10:22:08.6583460Z     t =    17.47s         Find the "godot-surface" Other
2026-09-10T10:22:08.7791600Z     t =    17.56s         Find the "godot-surface" Other
2026-09-10T10:22:08.8761490Z     t =    17.67s         Find the "godot-surface" Other
2026-09-10T10:22:08.9359890Z     t =    17.73s         Find the "godot-surface" Other
2026-09-10T10:22:08.9835990Z     t =    17.78s         Find the "godot-surface" Other
2026-09-10T10:22:10.7836160Z     t =    19.56s     Wait for dev.partydeck.godot.iosretained to idle
2026-09-10T10:22:10.7912320Z     t =    19.56s Find the "retained-metrics" Any
2026-09-10T10:22:10.9056130Z     t =    19.69s Find the "retained-metrics" Any
2026-09-10T10:22:11.1322580Z     t =    19.93s Find the "retained-metrics" Any
2026-09-10T10:22:11.1953240Z     t =    20.00s Find the "godot-surface" Any
2026-09-10T10:22:11.2924210Z     t =    20.09s Find the "godot-surface" Other
2026-09-10T10:22:11.3451590Z     t =    20.15s Find the "godot-surface" Other
2026-09-10T10:22:11.4102030Z     t =    20.21s Added attachment named 'Measured real touch target'
2026-09-10T10:22:11.4283080Z     t =    20.21s Find the "retained-metrics" Any
2026-09-10T10:22:11.5572010Z     t =    20.33s Tap "godot-surface" Other[0.49, 0.73]
2026-09-10T10:22:11.5681280Z     t =    20.33s     Wait for dev.partydeck.godot.iosretained to idle
2026-09-10T10:22:11.5787690Z     t =    20.33s     Find the "godot-surface" Other
2026-09-10T10:22:11.6246930Z     t =    20.42s     Check for interrupting elements affecting "godot-surface" Other
2026-09-10T10:22:11.6716080Z     t =    20.48s     Synthesize event
2026-09-10T10:22:11.6801850Z     t =    20.48s         Find the "godot-surface" Other
2026-09-10T10:22:11.7298250Z     t =    20.53s         Find the "godot-surface" Other
2026-09-10T10:22:11.7926060Z     t =    20.60s         Find the "godot-surface" Other
2026-09-10T10:22:12.7194660Z     t =    20.98s     Wait for dev.partydeck.godot.iosretained to idle
2026-09-10T10:22:12.7301980Z     t =    21.39s Find the "retained-metrics" Any
2026-09-10T10:22:13.0623000Z     t =    21.86s Find the "retained-metrics" Any
2026-09-10T10:22:13.1678510Z     t =    21.96s Find the "retained-metrics" Any
2026-09-10T10:22:13.3887840Z     t =    22.19s Find the "retained-metrics" Any
2026-09-10T10:22:13.6280610Z     t =    22.43s Find the "retained-metrics" Any
2026-09-10T10:22:13.6833690Z     t =    22.49s Find the "godot-surface" Any
2026-09-10T10:22:13.7280980Z     t =    22.54s Find the "godot-surface" Other
2026-09-10T10:22:13.7741420Z     t =    22.58s Find the "godot-surface" Other
2026-09-10T10:22:13.8412020Z     t =    22.63s Added attachment named 'Measured real touch target'
2026-09-10T10:22:13.8489060Z     t =    22.63s Find the "retained-metrics" Any
2026-09-10T10:22:13.9174280Z     t =    22.72s Tap "godot-surface" Other[0.18, 0.60]
2026-09-10T10:22:13.9220680Z     t =    22.72s     Wait for dev.partydeck.godot.iosretained to idle
2026-09-10T10:22:13.9229470Z     t =    22.72s     Find the "godot-surface" Other
2026-09-10T10:22:13.9733080Z     t =    22.77s     Check for interrupting elements affecting "godot-surface" Other
2026-09-10T10:22:14.0243910Z     t =    22.83s     Synthesize event
2026-09-10T10:22:14.0301950Z     t =    22.83s         Find the "godot-surface" Other
2026-09-10T10:22:14.0877540Z     t =    22.90s         Find the "godot-surface" Other
2026-09-10T10:22:14.1630450Z     t =    22.96s         Find the "godot-surface" Other
2026-09-10T10:22:14.5277380Z     t =    23.32s     Wait for dev.partydeck.godot.iosretained to idle
2026-09-10T10:22:14.5817700Z     t =    23.38s Find the "retained-metrics" Any
2026-09-10T10:22:14.8385600Z     t =    23.62s Find the "retained-metrics" Any
2026-09-10T10:22:15.0662500Z     t =    23.87s Find the "retained-metrics" Any
2026-09-10T10:22:15.1222590Z     t =    23.93s Find the Target Application 'dev.partydeck.godot.iosretained'
2026-09-10T10:22:15.3403420Z     t =    24.14s Added attachment named 'Real reveal and card selection'
2026-09-10T10:22:15.3512410Z     t =    24.14s Find the "retained-metrics" Any
2026-09-10T10:22:15.3990070Z     t =    24.21s Added attachment named 'Real reveal and card selection measurements'
2026-09-10T10:22:15.4031200Z     t =    24.21s Find the "retained-metrics" Any
2026-09-10T10:22:15.4441780Z     t =    24.25s Find the "retained-metrics" Any
2026-09-10T10:22:15.6606320Z     t =    24.44s Find the "retained-metrics" Any
2026-09-10T10:22:15.7238600Z     t =    24.52s Find the "godot-surface" Any
2026-09-10T10:22:15.8218390Z     t =    24.59s Find the "godot-surface" Other
2026-09-10T10:22:15.8949320Z     t =    24.69s Find the "godot-surface" Other
2026-09-10T10:22:15.9975270Z     t =    24.79s Added attachment named 'Measured real touch target'
2026-09-10T10:22:16.0099540Z     t =    24.80s Find the "retained-metrics" Any
2026-09-10T10:22:16.0652220Z     t =    24.86s Tap "godot-surface" Other[0.50, 0.84]
2026-09-10T10:22:16.0763000Z     t =    24.86s     Wait for dev.partydeck.godot.iosretained to idle
2026-09-10T10:22:16.0872330Z     t =    24.86s     Find the "godot-surface" Other
2026-09-10T10:22:16.1617130Z     t =    24.93s     Check for interrupting elements affecting "godot-surface" Other
2026-09-10T10:22:16.3396570Z     t =    25.10s     Synthesize event
2026-09-10T10:22:16.3582710Z     t =    25.10s         Find the "godot-surface" Other
2026-09-10T10:22:16.3985920Z     t =    25.20s         Find the "godot-surface" Other
2026-09-10T10:22:16.4503260Z     t =    25.26s         Find the "godot-surface" Other
2026-09-10T10:22:16.8142720Z     t =    25.61s     Wait for dev.partydeck.godot.iosretained to idle
2026-09-10T10:22:16.9124730Z     t =    25.72s Find the "retained-metrics" Any
2026-09-10T10:22:17.1092810Z     t =    25.91s Find the "retained-metrics" Any
2026-09-10T10:22:17.3328080Z     t =    26.14s Find the "retained-metrics" Any
2026-09-10T10:22:17.5325500Z     t =    26.33s Find the "retained-metrics" Any
2026-09-10T10:22:17.7293390Z     t =    26.54s Find the "retained-metrics" Any
2026-09-10T10:22:17.7626410Z     t =    26.57s Find the Target Application 'dev.partydeck.godot.iosretained'
2026-09-10T10:22:17.9351310Z     t =    26.75s Added attachment named 'Real play accepted by the Kotlin authority'
2026-09-10T10:22:17.9380580Z     t =    26.75s Find the "retained-metrics" Any
2026-09-10T10:22:17.9916100Z     t =    26.80s Added attachment named 'Real play accepted by the Kotlin authority measurements'
2026-09-10T10:22:17.9921840Z     t =    26.80s Find the "retained-metrics" Any
2026-09-10T10:22:18.0208990Z     t =    26.83s Find the "retained-metrics" Any
2026-09-10T10:22:18.2406410Z     t =    27.05s Find the "retained-metrics" Any
2026-09-10T10:22:18.4446240Z     t =    27.25s Find the "retained-metrics" Any
2026-09-10T10:22:18.4798170Z     t =    27.29s Find the "godot-surface" Any
2026-09-10T10:22:18.5437710Z     t =    27.35s Find the "godot-surface" Other
2026-09-10T10:22:18.5707940Z     t =    27.38s Find the "godot-surface" Other
2026-09-10T10:22:18.6218340Z     t =    27.43s Added attachment named 'Measured real touch target'
2026-09-10T10:22:18.6235090Z     t =    27.43s Find the "retained-metrics" Any
2026-09-10T10:22:18.6567620Z     t =    27.46s Tap "godot-surface" Other[0.15, 0.06]
2026-09-10T10:22:18.6872690Z     t =    27.46s     Wait for dev.partydeck.godot.iosretained to idle
2026-09-10T10:22:18.6886540Z     t =    27.47s     Find the "godot-surface" Other
2026-09-10T10:22:18.6891330Z     t =    27.50s     Check for interrupting elements affecting "godot-surface" Other
2026-09-10T10:22:18.7294740Z     t =    27.54s     Synthesize event
2026-09-10T10:22:18.7405590Z     t =    27.54s         Find the "godot-surface" Other
2026-09-10T10:22:18.9370030Z     t =    27.70s         Find the "godot-surface" Other
2026-09-10T10:22:18.9703560Z     t =    27.78s         Find the "godot-surface" Other
2026-09-10T10:22:19.3044720Z     t =    28.11s     Wait for dev.partydeck.godot.iosretained to idle
2026-09-10T10:22:19.3154430Z     t =    28.11s Find the "retained-metrics" Any
2026-09-10T10:22:19.5044980Z     t =    28.31s Find the "retained-metrics" Any
2026-09-10T10:22:19.6945570Z     t =    28.50s Find the "retained-metrics" Any
2026-09-10T10:22:19.8863170Z     t =    28.70s Find the "retained-metrics" Any
2026-09-10T10:22:20.0987320Z     t =    28.89s Find the "retained-metrics" Any
2026-09-10T10:22:20.1467950Z     t =    28.95s Checking existence of `"retained-shell" Any`
2026-09-10T10:22:20.1645120Z     t =    28.97s Checking existence of `"godot-surface" Any`
2026-09-10T10:22:20.2258450Z     t =    29.03s Find the Target Application 'dev.partydeck.godot.iosretained'
2026-09-10T10:22:20.4022080Z     t =    29.21s Added attachment named 'Whole recipient scene retired; retained services dormant'
2026-09-10T10:22:20.4026790Z     t =    29.21s Find the "retained-metrics" Any
2026-09-10T10:22:20.4587530Z     t =    29.27s Added attachment named 'Whole recipient scene retired; retained services dormant measurements'
2026-09-10T10:22:20.4632360Z     t =    29.27s Tap "host-counter-button" Any
2026-09-10T10:22:20.4636120Z     t =    29.27s     Wait for dev.partydeck.godot.iosretained to idle
2026-09-10T10:22:20.4638380Z     t =    29.27s     Find the "host-counter-button" Any
2026-09-10T10:22:20.4955420Z     t =    29.30s     Check for interrupting elements affecting "host-counter-button" Button
2026-09-10T10:22:20.5368240Z     t =    29.34s     Synthesize event
2026-09-10T10:22:20.8577690Z     t =    29.66s     Wait for dev.partydeck.godot.iosretained to idle
2026-09-10T10:22:20.8695250Z     t =    29.66s Find the "retained-metrics" Any
2026-09-10T10:22:20.9362320Z     t =    29.75s Find the "retained-metrics" Any
2026-09-10T10:22:20.9828230Z     t =    29.79s Find the "retained-metrics" Any
2026-09-10T10:22:21.1711050Z     t =    29.98s Find the "retained-metrics" Any
2026-09-10T10:22:21.2120370Z     t =    30.02s Added attachment named 'Measured dormant shell interval'
2026-09-10T10:22:21.2123090Z     t =    30.02s Waiting 15.0s for "start-3d" Any to exist
2026-09-10T10:22:22.2605360Z     t =    31.07s     Checking `Expect predicate `existsNoRetry == 1` for object "start-3d" Any`
2026-09-10T10:22:22.2668380Z     t =    31.07s         Checking existence of `"start-3d" Any`
2026-09-10T10:22:22.3137060Z     t =    31.12s Find the "start-3d" Any
2026-09-10T10:22:22.3924950Z     t =    31.19s Tap "start-3d" Button
2026-09-10T10:22:22.4026580Z     t =    31.19s     Wait for dev.partydeck.godot.iosretained to idle
2026-09-10T10:22:22.4164060Z     t =    31.20s     Find the "start-3d" Button
2026-09-10T10:22:22.4523180Z     t =    31.26s     Check for interrupting elements affecting "start-3d" Button
2026-09-10T10:22:22.4813010Z     t =    31.29s     Synthesize event
2026-09-10T10:22:22.7806080Z     t =    31.59s     Wait for dev.partydeck.godot.iosretained to idle
2026-09-10T10:22:23.9649820Z     t =    32.75s Find the "retained-metrics" Any
2026-09-10T10:22:38.1260580Z     t =    46.35s Find the "retained-metrics" Any
2026-09-10T10:23:03.8723560Z     t =    71.59s Find the "retained-metrics" Any
2026-09-10T10:23:15.7409630Z     t =    84.29s Find the "retained-metrics" Any
2026-09-10T10:23:27.8102420Z     t =    96.08s Find the Target Application 'dev.partydeck.godot.iosretained'
2026-09-10T10:23:52.5036090Z     t =   120.78s Added attachment named 'Entry 2: fresh concealed 3d'
2026-09-10T10:23:52.5934290Z     t =   120.78s Find the "retained-metrics" Any
2026-09-10T10:23:57.3347240Z     t =   125.73s Added attachment named 'Entry 2: fresh concealed 3d measurements'
2026-09-10T10:23:57.4161330Z     t =   125.73s Find the "retained-metrics" Any
2026-09-10T10:24:03.6107090Z     t =   130.54s Find the "retained-metrics" Any
2026-09-10T10:24:07.2040610Z     t =   135.19s Find the "godot-surface" Any
2026-09-10T10:24:12.7192860Z     t =   141.50s Find the "godot-surface" Other
2026-09-10T10:24:13.0203470Z     t =   141.82s Find the "godot-surface" Other
2026-09-10T10:24:13.3535200Z     t =   142.12s Added attachment named 'Measured real touch target'
2026-09-10T10:24:13.3647310Z     t =   142.12s Find the "retained-metrics" Any
2026-09-10T10:24:13.6263820Z     t =   142.39s Tap "godot-surface" Other[0.58, 0.07]
2026-09-10T10:24:13.6394660Z     t =   142.39s     Wait for dev.partydeck.godot.iosretained to idle
2026-09-10T10:24:13.6534070Z     t =   142.40s     Find the "godot-surface" Other
2026-09-10T10:24:13.9074540Z     t =   142.63s     Check for interrupting elements affecting "godot-surface" Other
2026-09-10T10:24:14.0587530Z     t =   142.83s     Synthesize event
2026-09-10T10:24:14.0723930Z     t =   142.84s         Find the "godot-surface" Other
2026-09-10T10:24:14.3677010Z     t =   143.14s         Find the "godot-surface" Other
2026-09-10T10:24:14.7274790Z     t =   143.48s         Find the "godot-surface" Other
2026-09-10T10:24:16.4700600Z     t =   144.23s     Wait for dev.partydeck.godot.iosretained to idle
2026-09-10T10:24:16.4853580Z     t =   144.91s Find the "retained-metrics" Any
2026-09-10T10:24:18.4880660Z     t =   146.71s Find the "retained-metrics" Any
2026-09-10T10:24:19.9528540Z     t =   148.60s Find the "retained-metrics" Any
2026-09-10T10:24:21.7040330Z     t =   150.19s Find the "retained-metrics" Any
2026-09-10T10:24:23.2044080Z     t =   151.91s Find the "godot-surface" Any
2026-09-10T10:24:27.6902540Z     t =   156.44s Find the "godot-surface" Other
2026-09-10T10:24:30.1192370Z     t =   158.62s Find the "godot-surface" Other
2026-09-10T10:24:31.1132550Z     t =   159.91s Added attachment named 'Measured real touch target'
2026-09-10T10:24:31.1236390Z     t =   159.91s Find the "retained-metrics" Any
2026-09-10T10:24:31.5850560Z     t =   160.34s Tap "godot-surface" Other[0.17, 0.65]
2026-09-10T10:24:31.5959390Z     t =   160.34s     Wait for dev.partydeck.godot.iosretained to idle
2026-09-10T10:24:31.6333440Z     t =   160.36s     Find the "godot-surface" Other
2026-09-10T10:24:31.9832830Z     t =   160.70s     Check for interrupting elements affecting "godot-surface" Other
2026-09-10T10:24:32.1301600Z     t =   160.87s     Synthesize event
2026-09-10T10:24:32.1653600Z     t =   160.91s         Find the "godot-surface" Other
2026-09-10T10:24:32.5616760Z     t =   161.33s         Find the "godot-surface" Other
2026-09-10T10:24:32.9217900Z     t =   161.69s         Find the "godot-surface" Other
2026-09-10T10:24:34.0256320Z     t =   162.35s     Wait for dev.partydeck.godot.iosretained to idle
2026-09-10T10:24:34.2704220Z     t =   163.04s Find the "retained-metrics" Any
2026-09-10T10:24:35.9229290Z     t =   164.64s Find the "retained-metrics" Any
2026-09-10T10:24:36.7849520Z     t =   165.55s Find the Target Application 'dev.partydeck.godot.iosretained'
2026-09-10T10:24:39.9959300Z     t =   168.66s Added attachment named 'Real reveal and card selection'
2026-09-10T10:24:40.0059630Z     t =   168.66s Find the "retained-metrics" Any
2026-09-10T10:24:40.7449580Z     t =   169.50s Added attachment named 'Real reveal and card selection measurements'
2026-09-10T10:24:40.7454990Z     t =   169.50s Find the "retained-metrics" Any
2026-09-10T10:24:41.7231030Z     t =   170.53s Find the "retained-metrics" Any
2026-09-10T10:24:42.7634770Z     t =   171.56s Find the "godot-surface" Any
2026-09-10T10:24:47.6523140Z     t =   176.43s Find the "godot-surface" Other
2026-09-10T10:24:47.7807040Z     t =   176.56s Find the "godot-surface" Other
2026-09-10T10:24:47.8882630Z     t =   176.66s Added attachment named 'Measured real touch target'
2026-09-10T10:24:47.8987670Z     t =   176.66s Find the "retained-metrics" Any
2026-09-10T10:24:47.9937510Z     t =   176.77s Tap "godot-surface" Other[0.50, 0.88]
2026-09-10T10:24:48.0046540Z     t =   176.77s     Wait for dev.partydeck.godot.iosretained to idle
2026-09-10T10:24:48.0150350Z     t =   176.77s     Find the "godot-surface" Other
2026-09-10T10:24:48.1647070Z     t =   176.94s     Check for interrupting elements affecting "godot-surface" Other
2026-09-10T10:24:48.2414900Z     t =   177.04s     Synthesize event
2026-09-10T10:24:48.2531260Z     t =   177.04s         Find the "godot-surface" Other
2026-09-10T10:24:48.4218980Z     t =   177.22s         Find the "godot-surface" Other
2026-09-10T10:24:48.5870510Z     t =   177.36s         Find the "godot-surface" Other
2026-09-10T10:24:49.0157000Z     t =   177.78s     Wait for dev.partydeck.godot.iosretained to idle
2026-09-10T10:24:49.8490260Z     t =   178.60s Find the "retained-metrics" Any
2026-09-10T10:24:51.2049490Z     t =   179.93s Find the "retained-metrics" Any
2026-09-10T10:24:51.8600190Z     t =   180.66s Find the "retained-metrics" Any
2026-09-10T10:24:52.6883020Z     t =   181.41s Find the "retained-metrics" Any
2026-09-10T10:24:53.4782990Z     t =   182.24s Find the "retained-metrics" Any
2026-09-10T10:24:53.9262440Z     t =   182.73s Find the Target Application 'dev.partydeck.godot.iosretained'
2026-09-10T10:24:55.3969260Z     t =   184.16s Added attachment named 'Real play accepted by the Kotlin authority'
2026-09-10T10:24:55.4104400Z     t =   184.16s Find the "retained-metrics" Any
2026-09-10T10:24:56.0101870Z     t =   184.81s Added attachment named 'Real play accepted by the Kotlin authority measurements'
2026-09-10T10:24:56.0120680Z     t =   184.81s Find the "retained-metrics" Any
2026-09-10T10:24:56.7292130Z     t =   185.49s Find the "retained-metrics" Any
2026-09-10T10:24:57.4897570Z     t =   186.26s Find the "godot-surface" Any
2026-09-10T10:24:59.4590600Z     t =   188.26s Find the "godot-surface" Other
2026-09-10T10:24:59.5637550Z     t =   188.36s Find the "godot-surface" Other
2026-09-10T10:24:59.6303370Z     t =   188.43s Added attachment named 'Measured real touch target'
2026-09-10T10:24:59.6392690Z     t =   188.43s Find the "retained-metrics" Any
2026-09-10T10:24:59.7385780Z     t =   188.52s Tap "godot-surface" Other[0.11, 0.07]
2026-09-10T10:24:59.7405030Z     t =   188.52s     Wait for dev.partydeck.godot.iosretained to idle
2026-09-10T10:24:59.7441050Z     t =   188.53s     Find the "godot-surface" Other
2026-09-10T10:24:59.8008270Z     t =   188.60s     Check for interrupting elements affecting "godot-surface" Other
2026-09-10T10:24:59.8898070Z     t =   188.65s     Synthesize event
2026-09-10T10:24:59.9002090Z     t =   188.66s         Find the "godot-surface" Other
2026-09-10T10:24:59.9508330Z     t =   188.76s         Find the "godot-surface" Other
2026-09-10T10:25:00.0988990Z     t =   188.87s         Find the "godot-surface" Other
2026-09-10T10:25:00.5037790Z     t =   189.28s     Wait for dev.partydeck.godot.iosretained to idle
2026-09-10T10:25:01.0461450Z     t =   189.74s Find the "retained-metrics" Any
2026-09-10T10:25:01.3383090Z     t =   190.14s Find the "retained-metrics" Any
2026-09-10T10:25:01.5482370Z     t =   190.35s Find the "retained-metrics" Any
2026-09-10T10:25:01.7626730Z     t =   190.57s Find the "retained-metrics" Any
2026-09-10T10:25:02.0816150Z     t =   190.87s Find the "retained-metrics" Any
2026-09-10T10:25:02.1178600Z     t =   190.93s Checking existence of `"retained-shell" Any`
2026-09-10T10:25:02.1462530Z     t =   190.95s Checking existence of `"godot-surface" Any`
2026-09-10T10:25:02.2229380Z     t =   191.03s Find the Target Application 'dev.partydeck.godot.iosretained'
2026-09-10T10:25:02.3796760Z     t =   191.19s Added attachment named 'Whole recipient scene retired; retained services dormant'
2026-09-10T10:25:02.3925260Z     t =   191.19s Find the "retained-metrics" Any
2026-09-10T10:25:02.4481400Z     t =   191.26s Added attachment named 'Whole recipient scene retired; retained services dormant measurements'
2026-09-10T10:25:02.4635950Z     t =   191.26s Tap "host-counter-button" Any
2026-09-10T10:25:02.4744500Z     t =   191.26s     Wait for dev.partydeck.godot.iosretained to idle
2026-09-10T10:25:02.4768090Z     t =   191.27s     Find the "host-counter-button" Any
2026-09-10T10:25:02.5140330Z     t =   191.32s     Check for interrupting elements affecting "host-counter-button" Button
2026-09-10T10:25:02.5565800Z     t =   191.36s     Synthesize event
2026-09-10T10:25:02.9987170Z     t =   191.78s     Wait for dev.partydeck.godot.iosretained to idle
2026-09-10T10:25:03.0082610Z     t =   191.78s Find the "retained-metrics" Any
2026-09-10T10:25:03.0524410Z     t =   191.85s Find the "retained-metrics" Any
2026-09-10T10:25:03.0899060Z     t =   191.90s Find the "retained-metrics" Any
2026-09-10T10:25:03.2950850Z     t =   192.10s Find the "retained-metrics" Any
2026-09-10T10:25:03.3635050Z     t =   192.17s Added attachment named 'Measured dormant shell interval'
2026-09-10T10:25:03.3636930Z     t =   192.17s Waiting 15.0s for "start-2d" Any to exist
2026-09-10T10:25:04.3945970Z     t =   193.20s     Checking `Expect predicate `existsNoRetry == 1` for object "start-2d" Any`
2026-09-10T10:25:04.3965620Z     t =   193.21s         Checking existence of `"start-2d" Any`
2026-09-10T10:25:04.4546590Z     t =   193.24s Find the "start-2d" Any
2026-09-10T10:25:04.4951940Z     t =   193.30s Tap "start-2d" Button
2026-09-10T10:25:04.5019570Z     t =   193.30s     Wait for dev.partydeck.godot.iosretained to idle
2026-09-10T10:25:04.5020510Z     t =   193.30s     Find the "start-2d" Button
2026-09-10T10:25:04.5579430Z     t =   193.35s     Check for interrupting elements affecting "start-2d" Button
2026-09-10T10:25:04.6088890Z     t =   193.40s     Synthesize event
2026-09-10T10:25:04.9404010Z     t =   193.73s     Wait for dev.partydeck.godot.iosretained to idle
2026-09-10T10:25:05.5966010Z     t =   194.29s Find the "retained-metrics" Any
2026-09-10T10:25:05.8869160Z     t =   194.69s Find the "retained-metrics" Any
2026-09-10T10:25:06.1791100Z     t =   194.98s Find the "retained-metrics" Any
2026-09-10T10:25:06.2346150Z     t =   195.04s Find the Target Application 'dev.partydeck.godot.iosretained'
2026-09-10T10:25:06.4121630Z     t =   195.22s Added attachment named 'Entry 3: fresh concealed 2d'
2026-09-10T10:25:06.4240020Z     t =   195.22s Find the "retained-metrics" Any
2026-09-10T10:25:06.5102580Z     t =   195.32s Added attachment named 'Entry 3: fresh concealed 2d measurements'
2026-09-10T10:25:06.5204620Z     t =   195.32s Find the "retained-metrics" Any
2026-09-10T10:25:06.5550530Z     t =   195.36s Find the "retained-metrics" Any
2026-09-10T10:25:06.7660960Z     t =   195.57s Find the "retained-metrics" Any
2026-09-10T10:25:07.0082280Z     t =   195.82s Find the "retained-metrics" Any
2026-09-10T10:25:07.2041150Z     t =   196.01s Find the "retained-metrics" Any
2026-09-10T10:25:07.2493110Z     t =   196.06s Find the "godot-surface" Any
2026-09-10T10:25:07.3276810Z     t =   196.14s Find the "godot-surface" Other
2026-09-10T10:25:07.3774070Z     t =   196.18s Find the "godot-surface" Other
2026-09-10T10:25:07.4806380Z     t =   196.27s Added attachment named 'Measured real touch target'
2026-09-10T10:25:07.4907510Z     t =   196.27s Press "godot-surface" Other[0.50, 0.66] for 0.1 seconds, then drag to "godot-surface" Other[0.50, 0.55] with velocity of 73.00 pixels per second, and then hold for 0.3 seconds 
2026-09-10T10:25:07.4925980Z     t =   196.27s     Wait for dev.partydeck.godot.iosretained to idle
2026-09-10T10:25:07.4944560Z     t =   196.27s     Find the "godot-surface" Other
2026-09-10T10:25:07.5277550Z     t =   196.33s     Check for interrupting elements affecting "godot-surface" Other
2026-09-10T10:25:07.5763670Z     t =   196.38s     Synthesize event
2026-09-10T10:25:07.5795660Z     t =   196.39s         Find the "godot-surface" Other
2026-09-10T10:25:07.6538250Z     t =   196.46s         Find the "godot-surface" Other
2026-09-10T10:25:07.7063240Z     t =   196.51s         Find the "godot-surface" Other
2026-09-10T10:25:07.7587510Z     t =   196.57s         Find the "godot-surface" Other
2026-09-10T10:25:07.8243370Z     t =   196.63s         Find the "godot-surface" Other
2026-09-10T10:25:09.5860490Z     t =   198.39s     Wait for dev.partydeck.godot.iosretained to idle
2026-09-10T10:25:09.5996170Z     t =   198.39s Find the "retained-metrics" Any
2026-09-10T10:25:09.7087330Z     t =   198.51s Find the "retained-metrics" Any
2026-09-10T10:25:09.7718660Z     t =   198.58s Find the "retained-metrics" Any
2026-09-10T10:25:09.9904880Z     t =   198.79s Find the "retained-metrics" Any
2026-09-10T10:25:10.2550260Z     t =   199.06s Find the "retained-metrics" Any
2026-09-10T10:25:10.4811950Z     t =   199.29s Find the "retained-metrics" Any
2026-09-10T10:25:10.5639830Z     t =   199.37s Find the "godot-surface" Any
2026-09-10T10:25:10.6315160Z     t =   199.43s Find the "godot-surface" Other
2026-09-10T10:25:10.7139940Z     t =   199.51s Find the "godot-surface" Other
2026-09-10T10:25:10.7843220Z     t =   199.59s Added attachment named 'Measured real touch target'
2026-09-10T10:25:10.7950790Z     t =   199.59s Find the "retained-metrics" Any
2026-09-10T10:25:10.8713880Z     t =   199.67s Tap "godot-surface" Other[0.49, 0.73]
2026-09-10T10:25:10.8727760Z     t =   199.67s     Wait for dev.partydeck.godot.iosretained to idle
2026-09-10T10:25:10.8836010Z     t =   199.67s     Find the "godot-surface" Other
2026-09-10T10:25:10.9184790Z     t =   199.72s     Check for interrupting elements affecting "godot-surface" Other
2026-09-10T10:25:11.0039650Z     t =   199.78s     Synthesize event
2026-09-10T10:25:11.0113140Z     t =   199.78s         Find the "godot-surface" Other
2026-09-10T10:25:11.0632310Z     t =   199.87s         Find the "godot-surface" Other
2026-09-10T10:25:11.1371120Z     t =   199.93s         Find the "godot-surface" Other
2026-09-10T10:25:11.6938380Z     t =   200.45s     Wait for dev.partydeck.godot.iosretained to idle
2026-09-10T10:25:11.7526480Z     t =   200.53s Find the "retained-metrics" Any
2026-09-10T10:25:12.1198760Z     t =   200.92s Find the "retained-metrics" Any
2026-09-10T10:25:12.4411040Z     t =   201.22s Find the "retained-metrics" Any
2026-09-10T10:25:12.5496510Z     t =   201.35s Find the "retained-metrics" Any
2026-09-10T10:25:12.7565470Z     t =   201.56s Find the "retained-metrics" Any
2026-09-10T10:25:12.8634430Z     t =   201.67s Find the "retained-metrics" Any
2026-09-10T10:25:13.0729620Z     t =   201.88s Find the "retained-metrics" Any
2026-09-10T10:25:13.2865190Z     t =   202.09s Find the "retained-metrics" Any
2026-09-10T10:25:13.3653690Z     t =   202.17s Find the "godot-surface" Any
2026-09-10T10:25:13.4452680Z     t =   202.24s Find the "godot-surface" Other
2026-09-10T10:25:13.5282500Z     t =   202.33s Find the "godot-surface" Other
2026-09-10T10:25:13.5762380Z     t =   202.38s Added attachment named 'Measured real touch target'
2026-09-10T10:25:13.5805830Z     t =   202.38s Find the "retained-metrics" Any
2026-09-10T10:25:13.6224010Z     t =   202.43s Tap "godot-surface" Other[0.18, 0.60]
2026-09-10T10:25:13.6250420Z     t =   202.43s     Wait for dev.partydeck.godot.iosretained to idle
2026-09-10T10:25:13.6251880Z     t =   202.43s     Find the "godot-surface" Other
2026-09-10T10:25:13.6767730Z     t =   202.48s     Check for interrupting elements affecting "godot-surface" Other
2026-09-10T10:25:13.7347810Z     t =   202.54s     Synthesize event
2026-09-10T10:25:13.7385690Z     t =   202.55s         Find the "godot-surface" Other
2026-09-10T10:25:13.7822190Z     t =   202.59s         Find the "godot-surface" Other
2026-09-10T10:25:13.8391360Z     t =   202.65s         Find the "godot-surface" Other
2026-09-10T10:25:14.1677660Z     t =   202.98s     Wait for dev.partydeck.godot.iosretained to idle
2026-09-10T10:25:14.2619140Z     t =   203.07s Find the "retained-metrics" Any
2026-09-10T10:25:14.4834770Z     t =   203.29s Find the "retained-metrics" Any
2026-09-10T10:25:14.6840520Z     t =   203.49s Find the "retained-metrics" Any
2026-09-10T10:25:14.7597080Z     t =   203.57s Find the Target Application 'dev.partydeck.godot.iosretained'
2026-09-10T10:25:14.9166700Z     t =   203.73s Added attachment named 'Real reveal and card selection'
2026-09-10T10:25:14.9212030Z     t =   203.73s Find the "retained-metrics" Any
2026-09-10T10:25:14.9747270Z     t =   203.78s Added attachment named 'Real reveal and card selection measurements'
2026-09-10T10:25:14.9772330Z     t =   203.78s Find the "retained-metrics" Any
2026-09-10T10:25:15.0181550Z     t =   203.83s Find the "retained-metrics" Any
2026-09-10T10:25:15.2419310Z     t =   204.05s Find the "retained-metrics" Any
2026-09-10T10:25:15.4415370Z     t =   204.25s Find the "retained-metrics" Any
2026-09-10T10:25:15.4811150Z     t =   204.29s Find the "godot-surface" Any
2026-09-10T10:25:15.5521100Z     t =   204.36s Find the "godot-surface" Other
2026-09-10T10:25:15.5921790Z     t =   204.40s Find the "godot-surface" Other
2026-09-10T10:25:15.6397430Z     t =   204.44s Added attachment named 'Measured real touch target'
2026-09-10T10:25:15.6500810Z     t =   204.44s Find the "retained-metrics" Any
2026-09-10T10:25:15.6955190Z     t =   204.50s Tap "godot-surface" Other[0.50, 0.84]
2026-09-10T10:25:15.6975470Z     t =   204.50s     Wait for dev.partydeck.godot.iosretained to idle
2026-09-10T10:25:15.6995690Z     t =   204.50s     Find the "godot-surface" Other
2026-09-10T10:25:15.7334090Z     t =   204.54s     Check for interrupting elements affecting "godot-surface" Other
2026-09-10T10:25:15.7622120Z     t =   204.57s     Synthesize event
2026-09-10T10:25:15.7758950Z     t =   204.58s         Find the "godot-surface" Other
2026-09-10T10:25:15.8680490Z     t =   204.68s         Find the "godot-surface" Other
2026-09-10T10:25:15.9198140Z     t =   204.73s         Find the "godot-surface" Other
2026-09-10T10:25:16.2491880Z     t =   205.06s     Wait for dev.partydeck.godot.iosretained to idle
2026-09-10T10:25:16.3585880Z     t =   205.15s Find the "retained-metrics" Any
2026-09-10T10:25:16.5565140Z     t =   205.36s Find the "retained-metrics" Any
2026-09-10T10:25:16.7738210Z     t =   205.57s Find the "retained-metrics" Any
2026-09-10T10:25:17.0129270Z     t =   205.82s Find the "retained-metrics" Any
2026-09-10T10:25:17.2118820Z     t =   206.02s Find the "retained-metrics" Any
2026-09-10T10:25:17.2697460Z     t =   206.08s Find the Target Application 'dev.partydeck.godot.iosretained'
2026-09-10T10:25:17.4319620Z     t =   206.24s Added attachment named 'Real play accepted by the Kotlin authority'
2026-09-10T10:25:17.4324100Z     t =   206.24s Find the "retained-metrics" Any
2026-09-10T10:25:17.4870010Z     t =   206.28s Added attachment named 'Real play accepted by the Kotlin authority measurements'
2026-09-10T10:25:17.4927410Z     t =   206.29s Find the "retained-metrics" Any
2026-09-10T10:25:17.5296430Z     t =   206.33s Find the "retained-metrics" Any
2026-09-10T10:25:17.7299780Z     t =   206.54s Find the "retained-metrics" Any
2026-09-10T10:25:17.7700570Z     t =   206.58s Find the "godot-surface" Any
2026-09-10T10:25:17.8268540Z     t =   206.64s Find the "godot-surface" Other
2026-09-10T10:25:17.8619090Z     t =   206.67s Find the "godot-surface" Other
2026-09-10T10:25:17.9183620Z     t =   206.73s Added attachment named 'Measured real touch target'
2026-09-10T10:25:17.9194400Z     t =   206.73s Find the "retained-metrics" Any
2026-09-10T10:25:17.9699340Z     t =   206.78s Tap "godot-surface" Other[0.15, 0.06]
2026-09-10T10:25:17.9701570Z     t =   206.78s     Wait for dev.partydeck.godot.iosretained to idle
2026-09-10T10:25:17.9702900Z     t =   206.78s     Find the "godot-surface" Other
2026-09-10T10:25:18.0018910Z     t =   206.81s     Check for interrupting elements affecting "godot-surface" Other
2026-09-10T10:25:18.0448150Z     t =   206.85s     Synthesize event
2026-09-10T10:25:18.0449340Z     t =   206.85s         Find the "godot-surface" Other
2026-09-10T10:25:18.0996870Z     t =   206.91s         Find the "godot-surface" Other
2026-09-10T10:25:18.1633480Z     t =   206.97s         Find the "godot-surface" Other
2026-09-10T10:25:18.4971230Z     t =   207.31s     Wait for dev.partydeck.godot.iosretained to idle
2026-09-10T10:25:18.5085160Z     t =   207.31s Find the "retained-metrics" Any
2026-09-10T10:25:18.6968880Z     t =   207.51s Find the "retained-metrics" Any
2026-09-10T10:25:18.9016680Z     t =   207.71s Find the "retained-metrics" Any
2026-09-10T10:25:19.1230430Z     t =   207.92s Find the "retained-metrics" Any
2026-09-10T10:25:19.1508970Z     t =   207.96s Checking existence of `"retained-shell" Any`
2026-09-10T10:25:19.1753270Z     t =   207.98s Checking existence of `"godot-surface" Any`
2026-09-10T10:25:19.2190260Z     t =   208.03s Find the Target Application 'dev.partydeck.godot.iosretained'
2026-09-10T10:25:19.3759940Z     t =   208.18s Added attachment named 'Whole recipient scene retired; retained services dormant'
2026-09-10T10:25:19.3760550Z     t =   208.18s Find the "retained-metrics" Any
2026-09-10T10:25:19.4011030Z     t =   208.21s Added attachment named 'Whole recipient scene retired; retained services dormant measurements'
2026-09-10T10:25:19.4129490Z     t =   208.21s Tap "host-counter-button" Any
2026-09-10T10:25:19.4299810Z     t =   208.21s     Wait for dev.partydeck.godot.iosretained to idle
2026-09-10T10:25:19.4404240Z     t =   208.22s     Find the "host-counter-button" Any
2026-09-10T10:25:19.4469030Z     t =   208.26s     Check for interrupting elements affecting "host-counter-button" Button
2026-09-10T10:25:19.4746890Z     t =   208.29s     Synthesize event
2026-09-10T10:25:19.7828070Z     t =   208.59s     Wait for dev.partydeck.godot.iosretained to idle
2026-09-10T10:25:19.7881430Z     t =   208.59s Find the "retained-metrics" Any
2026-09-10T10:25:19.8166180Z     t =   208.63s Find the "retained-metrics" Any
2026-09-10T10:25:19.8545890Z     t =   208.66s Find the "retained-metrics" Any
2026-09-10T10:25:20.0448210Z     t =   208.85s Find the "retained-metrics" Any
2026-09-10T10:25:20.2535310Z     t =   209.05s Find the "retained-metrics" Any
2026-09-10T10:25:20.2937340Z     t =   209.10s Added attachment named 'Measured dormant shell interval'
2026-09-10T10:25:20.2939500Z     t =   209.10s Waiting 15.0s for "start-3d" Any to exist
2026-09-10T10:25:21.3313860Z     t =   210.14s     Checking `Expect predicate `existsNoRetry == 1` for object "start-3d" Any`
2026-09-10T10:25:21.3421190Z     t =   210.14s         Checking existence of `"start-3d" Any`
2026-09-10T10:25:21.4185760Z     t =   210.20s Find the "start-3d" Any
2026-09-10T10:25:21.4523800Z     t =   210.25s Tap "start-3d" Button
2026-09-10T10:25:21.4527040Z     t =   210.25s     Wait for dev.partydeck.godot.iosretained to idle
2026-09-10T10:25:21.4528450Z     t =   210.26s     Find the "start-3d" Button
2026-09-10T10:25:21.4915870Z     t =   210.30s     Check for interrupting elements affecting "start-3d" Button
2026-09-10T10:25:21.5317050Z     t =   210.34s     Synthesize event
2026-09-10T10:25:22.3970500Z     t =   210.70s     Wait for dev.partydeck.godot.iosretained to idle
2026-09-10T10:25:25.5543810Z     t =   214.30s Find the "retained-metrics" Any
2026-09-10T10:25:26.8811170Z     t =   215.66s Find the "retained-metrics" Any
2026-09-10T10:25:27.6545750Z     t =   216.45s Find the Target Application 'dev.partydeck.godot.iosretained'
2026-09-10T10:25:28.9246740Z     t =   217.67s Added attachment named 'Entry 4: fresh concealed 3d'
2026-09-10T10:25:28.9318360Z     t =   217.67s Find the "retained-metrics" Any
2026-09-10T10:25:29.7640810Z     t =   218.55s Added attachment named 'Entry 4: fresh concealed 3d measurements'
2026-09-10T10:25:29.7750280Z     t =   218.55s Find the "retained-metrics" Any
2026-09-10T10:25:29.8592890Z     t =   218.65s Find the "retained-metrics" Any
2026-09-10T10:25:31.0143200Z     t =   219.81s Find the "retained-metrics" Any
2026-09-10T10:25:31.9534810Z     t =   220.75s Find the "godot-surface" Any
2026-09-10T10:25:37.0367280Z     t =   225.80s Find the "godot-surface" Other
2026-09-10T10:25:37.1031830Z     t =   225.91s Find the "godot-surface" Other
2026-09-10T10:25:37.2102760Z     t =   226.01s Added attachment named 'Measured real touch target'
2026-09-10T10:25:37.2219220Z     t =   226.01s Find the "retained-metrics" Any
2026-09-10T10:25:37.3444190Z     t =   226.14s Tap "godot-surface" Other[0.58, 0.07]
2026-09-10T10:25:37.3568230Z     t =   226.14s     Wait for dev.partydeck.godot.iosretained to idle
2026-09-10T10:25:37.3756090Z     t =   226.15s     Find the "godot-surface" Other
2026-09-10T10:25:37.5133810Z     t =   226.27s     Check for interrupting elements affecting "godot-surface" Other
2026-09-10T10:25:37.5911470Z     t =   226.38s     Synthesize event
2026-09-10T10:25:37.6019570Z     t =   226.39s         Find the "godot-surface" Other
2026-09-10T10:25:37.7308760Z     t =   226.52s         Find the "godot-surface" Other
2026-09-10T10:25:37.8386810Z     t =   226.62s         Find the "godot-surface" Other
2026-09-10T10:25:38.4203880Z     t =   227.06s     Wait for dev.partydeck.godot.iosretained to idle
2026-09-10T10:25:39.0999610Z     t =   227.80s Find the "retained-metrics" Any
2026-09-10T10:25:40.2718400Z     t =   229.06s Find the "retained-metrics" Any
2026-09-10T10:25:41.3408560Z     t =   230.09s Find the "retained-metrics" Any
2026-09-10T10:25:42.3469340Z     t =   231.10s Find the "retained-metrics" Any
2026-09-10T10:25:43.6238870Z     t =   232.41s Find the "retained-metrics" Any
2026-09-10T10:25:44.9260990Z     t =   233.60s Find the "godot-surface" Any
2026-09-10T10:25:49.5060520Z     t =   238.25s Find the "godot-surface" Other
2026-09-10T10:25:51.4278970Z     t =   240.14s Find the "godot-surface" Other
2026-09-10T10:25:52.3950700Z     t =   241.16s Added attachment named 'Measured real touch target'
2026-09-10T10:25:52.4322760Z     t =   241.16s Find the "retained-metrics" Any
2026-09-10T10:25:53.0094790Z     t =   241.74s Tap "godot-surface" Other[0.17, 0.65]
2026-09-10T10:25:53.0574840Z     t =   241.74s     Wait for dev.partydeck.godot.iosretained to idle
2026-09-10T10:25:53.0676220Z     t =   241.74s     Find the "godot-surface" Other
2026-09-10T10:25:53.3355600Z     t =   242.11s     Check for interrupting elements affecting "godot-surface" Other
2026-09-10T10:25:53.8081500Z     t =   242.56s     Synthesize event
2026-09-10T10:25:53.8219170Z     t =   242.57s         Find the "godot-surface" Other
2026-09-10T10:25:54.6460490Z     t =   243.41s         Find the "godot-surface" Other
2026-09-10T10:25:54.9645260Z     t =   243.73s         Find the "godot-surface" Other
2026-09-10T10:25:56.1667690Z     t =   244.68s     Wait for dev.partydeck.godot.iosretained to idle
2026-09-10T10:25:58.4911680Z     t =   247.18s Find the "retained-metrics" Any
2026-09-10T10:26:00.4430700Z     t =   249.14s Find the Target Application 'dev.partydeck.godot.iosretained'
2026-09-10T10:26:03.7665790Z     t =   251.69s Added attachment named 'Real reveal and card selection'
2026-09-10T10:26:03.8045680Z     t =   251.70s Find the "retained-metrics" Any
2026-09-10T10:26:05.2089000Z     t =   253.66s Added attachment named 'Real reveal and card selection measurements'
2026-09-10T10:26:05.2246510Z     t =   253.66s Find the "retained-metrics" Any
2026-09-10T10:26:06.1665500Z     t =   254.89s Find the "retained-metrics" Any
2026-09-10T10:26:07.1223460Z     t =   255.91s Find the "godot-surface" Any
2026-09-10T10:26:09.1802110Z     t =   257.98s Find the "godot-surface" Other
2026-09-10T10:26:09.9341150Z     t =   258.74s Find the "godot-surface" Other
2026-09-10T10:26:10.0307870Z     t =   258.82s Added attachment named 'Measured real touch target'
2026-09-10T10:26:10.0411410Z     t =   258.82s Find the "retained-metrics" Any
2026-09-10T10:26:10.1307660Z     t =   258.93s Tap "godot-surface" Other[0.50, 0.88]
2026-09-10T10:26:10.1432810Z     t =   258.93s     Wait for dev.partydeck.godot.iosretained to idle
2026-09-10T10:26:10.1513790Z     t =   258.94s     Find the "godot-surface" Other
2026-09-10T10:26:10.2100920Z     t =   258.99s     Check for interrupting elements affecting "godot-surface" Other
2026-09-10T10:26:10.2645580Z     t =   259.06s     Synthesize event
2026-09-10T10:26:10.2661860Z     t =   259.07s         Find the "godot-surface" Other
2026-09-10T10:26:10.3167600Z     t =   259.11s         Find the "godot-surface" Other
2026-09-10T10:26:10.3769700Z     t =   259.18s         Find the "godot-surface" Other
2026-09-10T10:26:10.7501600Z     t =   259.54s     Wait for dev.partydeck.godot.iosretained to idle
2026-09-10T10:26:11.8613000Z     t =   260.66s Find the "retained-metrics" Any
2026-09-10T10:26:12.6842240Z     t =   261.48s Find the "retained-metrics" Any
2026-09-10T10:26:13.3106940Z     t =   262.12s Find the "retained-metrics" Any
2026-09-10T10:26:13.9435300Z     t =   262.75s Find the "retained-metrics" Any
2026-09-10T10:26:14.5366580Z     t =   263.26s Find the Target Application 'dev.partydeck.godot.iosretained'
2026-09-10T10:26:15.1675010Z     t =   263.97s Added attachment named 'Real play accepted by the Kotlin authority'
2026-09-10T10:26:15.1680720Z     t =   263.98s Find the "retained-metrics" Any
2026-09-10T10:26:15.6688500Z     t =   264.46s Added attachment named 'Real play accepted by the Kotlin authority measurements'
2026-09-10T10:26:15.6693960Z     t =   264.46s Find the "retained-metrics" Any
2026-09-10T10:26:16.2874110Z     t =   265.09s Find the "retained-metrics" Any
2026-09-10T10:26:16.3591080Z     t =   265.16s Find the "godot-surface" Any
2026-09-10T10:26:17.6401990Z     t =   266.45s Find the "godot-surface" Other
2026-09-10T10:26:18.8060230Z     t =   267.61s Find the "godot-surface" Other
2026-09-10T10:26:19.9460240Z     t =   268.74s Added attachment named 'Measured real touch target'
2026-09-10T10:26:19.9579730Z     t =   268.74s Find the "retained-metrics" Any
2026-09-10T10:26:19.9993780Z     t =   268.80s Tap "godot-surface" Other[0.11, 0.07]
2026-09-10T10:26:20.0004370Z     t =   268.80s     Wait for dev.partydeck.godot.iosretained to idle
2026-09-10T10:26:20.0117460Z     t =   268.82s     Find the "godot-surface" Other
2026-09-10T10:26:20.0755280Z     t =   268.88s     Check for interrupting elements affecting "godot-surface" Other
2026-09-10T10:26:20.1453130Z     t =   268.95s     Synthesize event
2026-09-10T10:26:20.1482150Z     t =   268.95s         Find the "godot-surface" Other
2026-09-10T10:26:20.2413690Z     t =   269.04s         Find the "godot-surface" Other
2026-09-10T10:26:20.3037480Z     t =   269.11s         Find the "godot-surface" Other
2026-09-10T10:26:20.6549110Z     t =   269.46s     Wait for dev.partydeck.godot.iosretained to idle
2026-09-10T10:26:21.0060320Z     t =   269.81s Find the "retained-metrics" Any
2026-09-10T10:26:21.2466090Z     t =   270.05s Find the "retained-metrics" Any
2026-09-10T10:26:21.4639340Z     t =   270.27s Find the "retained-metrics" Any
2026-09-10T10:26:21.6806700Z     t =   270.49s Find the "retained-metrics" Any
2026-09-10T10:26:21.9043620Z     t =   270.70s Find the "retained-metrics" Any
2026-09-10T10:26:21.9555390Z     t =   270.75s Checking existence of `"retained-shell" Any`
2026-09-10T10:26:21.9801150Z     t =   270.79s Checking existence of `"godot-surface" Any`
2026-09-10T10:26:22.0356500Z     t =   270.84s Find the Target Application 'dev.partydeck.godot.iosretained'
2026-09-10T10:26:22.1932710Z     t =   270.99s Added attachment named 'Whole recipient scene retired; retained services dormant'
2026-09-10T10:26:22.2043410Z     t =   270.99s Find the "retained-metrics" Any
2026-09-10T10:26:22.2552430Z     t =   271.04s Added attachment named 'Whole recipient scene retired; retained services dormant measurements'
2026-09-10T10:26:22.2674680Z     t =   271.05s Tap "host-counter-button" Any
2026-09-10T10:26:22.2704990Z     t =   271.05s     Wait for dev.partydeck.godot.iosretained to idle
2026-09-10T10:26:22.2720570Z     t =   271.06s     Find the "host-counter-button" Any
2026-09-10T10:26:22.3101690Z     t =   271.09s     Check for interrupting elements affecting "host-counter-button" Button
2026-09-10T10:26:22.3425290Z     t =   271.15s     Synthesize event
2026-09-10T10:26:22.6739260Z     t =   271.47s     Wait for dev.partydeck.godot.iosretained to idle
2026-09-10T10:26:22.6853470Z     t =   271.47s Find the "retained-metrics" Any
2026-09-10T10:26:22.7363520Z     t =   271.54s Find the "retained-metrics" Any
2026-09-10T10:26:22.7923870Z     t =   271.60s Find the "retained-metrics" Any
2026-09-10T10:26:23.0068700Z     t =   271.82s Find the "retained-metrics" Any
2026-09-10T10:26:23.0817770Z     t =   271.88s Added attachment named 'Measured dormant shell interval'
2026-09-10T10:26:23.0921470Z     t =   271.88s Find the Target Application 'dev.partydeck.godot.iosretained'
2026-09-10T10:26:23.2704400Z     t =   272.08s Added attachment named 'Four completed real entries in one retained engine process'
2026-09-10T10:26:23.2809990Z     t =   272.08s Find the "retained-metrics" Any
2026-09-10T10:26:23.3327110Z     t =   272.14s Added attachment named 'Four completed real entries in one retained engine process measurements'
2026-09-10T10:26:23.3368580Z     t =   272.15s Tear Down
2026-09-10T10:26:23.7263640Z Test Case '-[RetainedHostUITests.RetainedHostUITests testRepeated2DAnd3DKeepOneDormantEngine]' passed (272.514 seconds).
2026-09-10T10:26:23.7285160Z Test Case '-[RetainedHostUITests.RetainedHostUITests testStaleFirstReadyAndCloseCompletionReentry]' started.
2026-09-10T10:26:23.7291050Z     t =     0.00s Start Test at 2026-09-10 10:26:23.710
2026-09-10T10:26:24.1700350Z     t =     0.12s Set Up
2026-09-10T10:26:24.1701900Z     t =     0.12s Open dev.partydeck.godot.iosretained
2026-09-10T10:26:24.1706060Z     t =     0.13s     Launch dev.partydeck.godot.iosretained
2026-09-10T10:26:24.1710920Z     t =     0.13s         Terminate dev.partydeck.godot.iosretained:30060
2026-09-10T10:26:26.0079390Z 2026-09-10 10:26:26.006 xcodebuild[16997:50625] [MT] IDELaunchParametersSnapshot: The operation couldn’t be completed. (DebuggerLLDB.DebuggerVersionStore.StoreError error 0.)
2026-09-10T10:26:26.0090700Z 2026-09-10 10:26:26.006 xcodebuild[16997:50625] [MT] IDELaunchParametersSnapshot: no debugger version
2026-09-10T10:26:28.0213540Z     t =     4.31s         Setting up automation session
2026-09-10T10:26:30.4009320Z     t =     6.53s         Wait for dev.partydeck.godot.iosretained to idle
2026-09-10T10:26:32.2093570Z     t =     8.46s Waiting 15.0s for "retained-shell" Any to exist
2026-09-10T10:26:33.2153510Z     t =     9.50s     Checking `Expect predicate `existsNoRetry == 1` for object "retained-shell" Any`
2026-09-10T10:26:33.2228010Z     t =     9.50s         Checking existence of `"retained-shell" Any`
2026-09-10T10:26:33.3010530Z     t =     9.58s Waiting 15.0s for "start-2d" Any to exist
2026-09-10T10:26:34.3316060Z     t =    10.62s     Checking `Expect predicate `existsNoRetry == 1` for object "start-2d" Any`
2026-09-10T10:26:34.3322240Z     t =    10.62s         Checking existence of `"start-2d" Any`
2026-09-10T10:26:34.3756580Z     t =    10.66s Find the "start-2d" Any
2026-09-10T10:26:34.4211120Z     t =    10.70s Tap "start-2d" Button
2026-09-10T10:26:34.4215840Z     t =    10.70s     Wait for dev.partydeck.godot.iosretained to idle
2026-09-10T10:26:34.4219010Z     t =    10.71s     Find the "start-2d" Button
2026-09-10T10:26:34.4712740Z     t =    10.73s     Check for interrupting elements affecting "start-2d" Button
2026-09-10T10:26:34.5161830Z     t =    10.80s     Synthesize event
2026-09-10T10:26:34.8361300Z     t =    11.11s     Wait for dev.partydeck.godot.iosretained to idle
2026-09-10T10:26:36.4820860Z     t =    12.15s Find the "retained-metrics" Any
2026-09-10T10:26:38.0881980Z     t =    14.37s Find the "retained-metrics" Any
2026-09-10T10:26:38.7802660Z     t =    14.85s Find the "retained-metrics" Any
2026-09-10T10:26:39.1981610Z     t =    15.49s Find the "retained-metrics" Any
2026-09-10T10:26:39.2380170Z     t =    15.52s Find the "retained-metrics" Any
2026-09-10T10:26:39.2963120Z     t =    15.58s Tap "switch-table" Any
2026-09-10T10:26:39.2997840Z     t =    15.58s     Wait for dev.partydeck.godot.iosretained to idle
2026-09-10T10:26:39.3011980Z     t =    15.59s     Find the "switch-table" Any
2026-09-10T10:26:39.3236350Z     t =    15.61s     Check for interrupting elements affecting "switch-table" Button
2026-09-10T10:26:39.3602110Z     t =    15.65s     Synthesize event
2026-09-10T10:26:39.6811780Z     t =    15.97s     Wait for dev.partydeck.godot.iosretained to idle
2026-09-10T10:26:39.6872350Z     t =    15.97s Find the "retained-metrics" Any
2026-09-10T10:26:39.8818660Z     t =    16.17s Find the "retained-metrics" Any
2026-09-10T10:26:40.0973960Z     t =    16.39s Find the "retained-metrics" Any
2026-09-10T10:26:40.3015410Z     t =    16.58s Find the "retained-metrics" Any
2026-09-10T10:26:41.6633870Z     t =    17.95s Find the "retained-metrics" Any
2026-09-10T10:26:55.2692680Z     t =    31.52s Find the Target Application 'dev.partydeck.godot.iosretained'
2026-09-10T10:27:26.9398580Z     t =    63.04s Added attachment named 'Failed retained observation'
2026-09-10T10:27:26.9508180Z     t =    63.04s Find the "retained-metrics" Any
2026-09-10T10:27:37.6392420Z     t =    73.55s Added attachment named 'Failed retained observation measurements'
2026-09-10T10:27:41.7139980Z /Users/runner/work/PartyDeck/PartyDeck/godot/ios-host/RetainedHostUITests/RetainedHostUITests.swift:516: error: -[RetainedHostUITests.RetainedHostUITests testStaleFirstReadyAndCloseCompletionReentry] : failed - Observe current renderer diagnostics for the retained presentation.
2026-09-10T10:27:41.7141600Z     t =    74.33s Tear Down
2026-09-10T10:27:42.1057320Z Test Case '-[RetainedHostUITests.RetainedHostUITests testStaleFirstReadyAndCloseCompletionReentry]' failed (74.765 seconds).
2026-09-10T10:27:42.3561580Z 2026-09-10 10:27:38.475117+0000 RetainedHostUITests-Runner[23183:67303] [Default] Flushing outgoing messages to the IDE with timeout 600.00s
2026-09-10T10:27:42.4775840Z 2026-09-10 10:27:38.812303+0000 RetainedHostUITests-Runner[23183:97105] [Default] Received confirmation that IDE processed remaining outgoing messages
2026-09-10T10:27:56.8526620Z 2026-09-10 10:27:56.841388+0000 RetainedHostUITests-Runner[40327:109795] [Default] Running tests...
2026-09-10T10:27:57.0641100Z 2026-09-10 10:27:57.021744+0000 RetainedHostUITests-Runner[40327:110025] [General] Failed to send CA Event for app launch measurements for ca_event_type: 0 event_name: com.apple.app_launch_measurement.FirstFramePresentationMetric
2026-09-10T10:27:58.0906910Z     t =      nans Interface orientation changed to Portrait
2026-09-10T10:27:59.9313820Z 
2026-09-10T10:27:59.9315320Z Restarting after unexpected exit, crash, or test timeout; summary will include totals from previous launches.
2026-09-10T10:27:59.9316160Z 
2026-09-10T10:28:00.2426020Z Test Suite 'Selected tests' started at 2026-09-10 10:28:00.194.
2026-09-10T10:28:00.2800420Z Test Suite 'RetainedHostUITests.xctest' started at 2026-09-10 10:28:00.195.
2026-09-10T10:28:00.3517570Z Test Suite 'RetainedHostUITests' started at 2026-09-10 10:28:00.195.
2026-09-10T10:28:00.4866060Z Test Suite 'RetainedHostUITests' passed at 2026-09-10 10:28:00.196.
2026-09-10T10:28:00.4867380Z 	 Executed 0 tests, with 0 failures (0 unexpected) in 0.000 (0.000) seconds
2026-09-10T10:28:00.4868260Z Test Suite 'RetainedHostUITests.xctest' passed at 2026-09-10 10:28:00.196.
2026-09-10T10:28:00.4868880Z 	 Executed 0 tests, with 0 failures (0 unexpected) in 0.000 (0.001) seconds
2026-09-10T10:28:00.4869510Z Test Suite 'Selected tests' passed at 2026-09-10 10:28:00.196.
2026-09-10T10:28:00.4870090Z 	 Executed 0 tests, with 0 failures (0 unexpected) in 0.000 (0.003) seconds
2026-09-10T10:28:00.4871210Z 2026-09-10 10:28:00.274299+0000 RetainedHostUITests-Runner[40327:110026] [General] Failed to send CA Event for app launch measurements for ca_event_type: 1 event_name: com.apple.app_launch_measurement.ExtendedLaunchMetrics
2026-09-10T10:28:36.9918270Z 2026-09-10 10:28:36.981 xcodebuild[16997:50625] [MT] IDETestOperationsObserverDebug: 763.925 elapsed -- Testing started completed.
2026-09-10T10:28:36.9940960Z 2026-09-10 10:28:36.981 xcodebuild[16997:50625] [MT] IDETestOperationsObserverDebug: 0.000 sec, +0.000 sec -- start
2026-09-10T10:28:36.9942810Z 2026-09-10 10:28:36.981 xcodebuild[16997:50625] [MT] IDETestOperationsObserverDebug: 763.926 sec, +763.926 sec -- end
2026-09-10T10:28:37.2686430Z 
2026-09-10T10:28:37.2688760Z Test session results, code coverage, and logs:
2026-09-10T10:28:37.2692310Z 	/Users/runner/work/PartyDeck/PartyDeck/godot/ios-host/build/retained-host-test/artifacts/RetainedHost.xcresult
2026-09-10T10:28:37.2693930Z 
2026-09-10T10:28:37.2694220Z ** TEST FAILED **
2026-09-10T10:28:37.2694630Z 
2026-09-10T10:28:46.2904870Z Testing started
2026-09-10T10:29:01.1921670Z {
2026-09-10T10:29:01.1924140Z   "stage": "retained_engine_lifecycle_execution",
2026-09-10T10:29:01.1926320Z   "qualified": false,
2026-09-10T10:29:01.1927710Z   "problems": [
2026-09-10T10:29:01.1929830Z     "The three actual retained-engine XCTest cases did not each finish with a pass.",
2026-09-10T10:29:01.1930620Z     "The native runner or evidence export returned exit code 65."
2026-09-10T10:29:01.1931460Z   ]
2026-09-10T10:29:01.1932150Z }
2026-09-10T10:29:01.2824670Z ##[error]Process completed with exit code 1.
2026-09-10T10:29:01.3677550Z ##[group]Run python3 - <<'PY'
2026-09-10T10:29:01.3679550Z [36;1mpython3 - <<'PY'[0m
2026-09-10T10:29:01.3680510Z [36;1mimport hashlib[0m
2026-09-10T10:29:01.3681100Z [36;1mimport json[0m
2026-09-10T10:29:01.3681330Z [36;1mimport os[0m
2026-09-10T10:29:01.3681710Z [36;1mfrom pathlib import Path[0m
2026-09-10T10:29:01.3682130Z [36;1mimport tarfile[0m
2026-09-10T10:29:01.3682590Z [36;1m[0m
2026-09-10T10:29:01.3682860Z [36;1mbuild = Path('godot/ios-host/build')[0m
2026-09-10T10:29:01.3683420Z [36;1mdestination = build / 'retained-ci-preserved'[0m
2026-09-10T10:29:01.3683880Z [36;1mdestination.mkdir(parents=True, exist_ok=False)[0m
2026-09-10T10:29:01.3684470Z [36;1mstage = os.environ['PARTYDECK_RETAINED_CI_STAGE'][0m
2026-09-10T10:29:01.3685140Z [36;1mpaths = [build / 'retained-inputs', build / 'evidence', build / 'host-resources'][0m
2026-09-10T10:29:01.3685680Z [36;1mif stage in {'build', 'test'}:[0m
2026-09-10T10:29:01.3686470Z [36;1m    paths += [build / f'retained-host-{stage}/evidence', build / f'retained-host-{stage}/artifacts'][0m
2026-09-10T10:29:01.3687130Z [36;1mpresent = [path for path in paths if path.exists()][0m
2026-09-10T10:29:01.3687730Z [36;1marchive = destination / 'retained-host-evidence.tar.gz'[0m
2026-09-10T10:29:01.3688170Z [36;1mwith tarfile.open(archive, 'x:gz') as output:[0m
2026-09-10T10:29:01.3688790Z [36;1m    for path in present:[0m
2026-09-10T10:29:01.3689260Z [36;1m        output.add(path, arcname=path.relative_to(build).as_posix())[0m
2026-09-10T10:29:01.3689790Z [36;1mdigest = hashlib.sha256()[0m
2026-09-10T10:29:01.3690110Z [36;1mwith archive.open('rb') as stream:[0m
2026-09-10T10:29:01.3714220Z [36;1m    for block in iter(lambda: stream.read(1048576), b''):[0m
2026-09-10T10:29:01.3715420Z [36;1m        digest.update(block)[0m
2026-09-10T10:29:01.3716870Z [36;1mpreservation = {[0m
2026-09-10T10:29:01.3717760Z [36;1m    'source_commit': os.environ['GITHUB_SHA'],[0m
2026-09-10T10:29:01.3720160Z [36;1m    'run_id': os.environ['GITHUB_RUN_ID'], 'run_attempt': os.environ['GITHUB_RUN_ATTEMPT'],[0m
2026-09-10T10:29:01.3721080Z [36;1m    'requested_stage': stage,[0m
2026-09-10T10:29:01.3722440Z [36;1m    'included_directories': [path.relative_to(build).as_posix() for path in present],[0m
2026-09-10T10:29:01.3723780Z [36;1m    'unavailable_directories': [path.relative_to(build).as_posix() for path in paths if not path.exists()],[0m
2026-09-10T10:29:01.3726470Z [36;1m    'archive': {'name': archive.name, 'bytes': archive.stat().st_size, 'sha256': digest.hexdigest()},[0m
2026-09-10T10:29:01.3729270Z [36;1m    'scope': 'Original downloaded inputs, staging receipts/resources, and all available harness evidence/artifacts, including complete XCResult contents and hidden files. Packaging makes no qualification claim.',[0m
2026-09-10T10:29:01.3732050Z [36;1m}[0m
2026-09-10T10:29:01.3732550Z [36;1m(destination / 'preservation.json').write_text(json.dumps(preservation, indent=2) + '\n')[0m
2026-09-10T10:29:01.3737070Z [36;1mPY[0m
2026-09-10T10:29:01.7710460Z shell: /bin/bash --noprofile --norc -e -o pipefail {0}
2026-09-10T10:29:01.7712100Z env:
2026-09-10T10:29:01.7713510Z   DEVELOPER_DIR: /Applications/Xcode_26.4.1.app/Contents/Developer
2026-09-10T10:29:01.7714460Z   PARTYDECK_RETAINED_CI_STAGE: test
2026-09-10T10:29:01.7716160Z   PARTYDECK_GODOT_RETAINED_FRAMEWORK: /Users/runner/work/PartyDeck/PartyDeck/godot/ios-host/build/framework-input/PartyDeckGodotBridge.framework
2026-09-10T10:29:01.7718900Z   PARTYDECK_GODOT_RETAINED_FRAMEWORK_RECEIPT: /Users/runner/work/PartyDeck/PartyDeck/godot/ios-host/build/evidence/authority-framework-result.json
2026-09-10T10:29:01.7721650Z   PARTYDECK_GODOT_RETAINED_PCK: /Users/runner/work/PartyDeck/PartyDeck/godot/ios-host/build/retained-inputs/renderer/partydeck-last-light.pck
2026-09-10T10:29:01.7724000Z ##[endgroup]
2026-09-10T10:29:42.6679050Z Prepare all required actions
2026-09-10T10:29:42.6684590Z Getting action download info
2026-09-10T10:29:42.8683810Z Download action repository 'actions/upload-artifact@043fb46d1a93c77aae656e7c1c64a875d1fc6a0a' (SHA:043fb46d1a93c77aae656e7c1c64a875d1fc6a0a)
2026-09-10T10:29:43.2490700Z ##[group]Run ./.github/actions/upload-artifact
2026-09-10T10:29:43.2491090Z with:
2026-09-10T10:29:43.2491390Z   name: godot-ios-retained-host-test-attempt-1
2026-09-10T10:29:43.2492300Z   path: godot/ios-host/build/retained-ci-preserved/**
godot/ios-host/build/evidence/retained-ci-*.json
godot/ios-host/build/evidence/retained-ci-*.log
godot/ios-host/build/retained-host-*/evidence/**
godot/ios-host/build/retained-host-*/artifacts/**

2026-09-10T10:29:43.2493160Z   retention-days: 14
2026-09-10T10:29:43.2493360Z   if-no-files-found: error
2026-09-10T10:29:43.2534930Z env:
2026-09-10T10:29:43.2536340Z   DEVELOPER_DIR: /Applications/Xcode_26.4.1.app/Contents/Developer
2026-09-10T10:29:43.2537590Z   PARTYDECK_RETAINED_CI_STAGE: test
2026-09-10T10:29:43.2539190Z   PARTYDECK_GODOT_RETAINED_FRAMEWORK: /Users/runner/work/PartyDeck/PartyDeck/godot/ios-host/build/framework-input/PartyDeckGodotBridge.framework
2026-09-10T10:29:43.2541600Z   PARTYDECK_GODOT_RETAINED_FRAMEWORK_RECEIPT: /Users/runner/work/PartyDeck/PartyDeck/godot/ios-host/build/evidence/authority-framework-result.json
2026-09-10T10:29:43.2544080Z   PARTYDECK_GODOT_RETAINED_PCK: /Users/runner/work/PartyDeck/PartyDeck/godot/ios-host/build/retained-inputs/renderer/partydeck-last-light.pck
2026-09-10T10:29:43.2545750Z ##[endgroup]
2026-09-10T10:29:43.3072990Z ##[start-action display=Upload artifact;id=__self.first]
2026-09-10T10:29:43.3510970Z ##[group]Run actions/upload-artifact@043fb46d1a93c77aae656e7c1c64a875d1fc6a0a
2026-09-10T10:29:43.3512220Z with:
2026-09-10T10:29:43.3524250Z   name: godot-ios-retained-host-test-attempt-1
2026-09-10T10:29:43.3526720Z   path: godot/ios-host/build/retained-ci-preserved/**
godot/ios-host/build/evidence/retained-ci-*.json
godot/ios-host/build/evidence/retained-ci-*.log
godot/ios-host/build/retained-host-*/evidence/**
godot/ios-host/build/retained-host-*/artifacts/**

2026-09-10T10:29:43.3529360Z   retention-days: 14
2026-09-10T10:29:43.3529870Z   if-no-files-found: error
2026-09-10T10:29:43.3530390Z   compression-level: 6
2026-09-10T10:29:43.3530920Z   overwrite: false
2026-09-10T10:29:43.3531440Z   include-hidden-files: false
2026-09-10T10:29:43.3531990Z   archive: true
2026-09-10T10:29:43.3532430Z env:
2026-09-10T10:29:43.3533050Z   DEVELOPER_DIR: /Applications/Xcode_26.4.1.app/Contents/Developer
2026-09-10T10:29:43.3533850Z   PARTYDECK_RETAINED_CI_STAGE: test
2026-09-10T10:29:43.3535330Z   PARTYDECK_GODOT_RETAINED_FRAMEWORK: /Users/runner/work/PartyDeck/PartyDeck/godot/ios-host/build/framework-input/PartyDeckGodotBridge.framework
2026-09-10T10:29:43.3536260Z   PARTYDECK_GODOT_RETAINED_FRAMEWORK_RECEIPT: /Users/runner/work/PartyDeck/PartyDeck/godot/ios-host/build/evidence/authority-framework-result.json
2026-09-10T10:29:43.3537100Z   PARTYDECK_GODOT_RETAINED_PCK: /Users/runner/work/PartyDeck/PartyDeck/godot/ios-host/build/retained-inputs/renderer/partydeck-last-light.pck
2026-09-10T10:29:43.3537620Z ##[endgroup]
2026-09-10T10:29:45.0894700Z With the provided path, there will be 1801 files uploaded
2026-09-10T10:29:45.0895130Z Artifact name is valid!
2026-09-10T10:29:45.0895660Z Root directory input is valid!
2026-09-10T10:29:45.2897290Z Uploading artifact: godot-ios-retained-host-test-attempt-1.zip
2026-09-10T10:29:45.3156940Z Beginning upload of artifact content to blob storage
2026-09-10T10:29:46.0282510Z Uploaded bytes 8388608
2026-09-10T10:29:46.4844550Z Uploaded bytes 16777216
2026-09-10T10:29:46.7864660Z Uploaded bytes 25165824
2026-09-10T10:29:47.2377690Z Uploaded bytes 33554432
2026-09-10T10:29:47.6909880Z Uploaded bytes 41943040
2026-09-10T10:29:48.1442810Z Uploaded bytes 50331648
2026-09-10T10:29:48.4825420Z Uploaded bytes 58720256
2026-09-10T10:29:48.9230690Z Uploaded bytes 67108864
2026-09-10T10:29:49.3963710Z Uploaded bytes 75497472
2026-09-10T10:29:49.7556640Z Uploaded bytes 83886080
2026-09-10T10:29:50.0210860Z Uploaded bytes 92274688
2026-09-10T10:29:50.4531690Z Uploaded bytes 100663296
2026-09-10T10:29:50.8661900Z Uploaded bytes 109051904
2026-09-10T10:29:51.2701980Z Uploaded bytes 117440512
2026-09-10T10:29:51.5246110Z Uploaded bytes 125829120
2026-09-10T10:29:51.8991320Z Uploaded bytes 134217728
2026-09-10T10:29:52.3083570Z Uploaded bytes 142606336
2026-09-10T10:29:52.6061610Z Uploaded bytes 150994944
2026-09-10T10:29:53.0259910Z Uploaded bytes 159383552
2026-09-10T10:29:53.3423470Z Uploaded bytes 167772160
2026-09-10T10:29:53.7171250Z Uploaded bytes 176160768
2026-09-10T10:29:54.0137110Z Uploaded bytes 184549376
2026-09-10T10:29:54.3323200Z Uploaded bytes 192937984
2026-09-10T10:29:54.7864330Z Uploaded bytes 201326592
2026-09-10T10:29:55.0334220Z Uploaded bytes 209715200
2026-09-10T10:29:55.3163280Z Uploaded bytes 218103808
2026-09-10T10:29:55.7532080Z Uploaded bytes 226492416
2026-09-10T10:29:56.2712180Z Uploaded bytes 234881024
2026-09-10T10:29:57.1648150Z Uploaded bytes 243269632
2026-09-10T10:29:57.7483990Z Uploaded bytes 251658240
2026-09-10T10:29:58.3294560Z Uploaded bytes 260046848
2026-09-10T10:29:59.0429600Z Uploaded bytes 268435456
2026-09-10T10:29:59.4192880Z Uploaded bytes 276824064
2026-09-10T10:30:00.0828580Z Uploaded bytes 285212672
2026-09-10T10:30:00.9184930Z Uploaded bytes 293601280
2026-09-10T10:30:01.7404940Z Uploaded bytes 301989888
2026-09-10T10:30:02.6934510Z Uploaded bytes 310378496
2026-09-10T10:30:03.2812170Z Uploaded bytes 318767104
2026-09-10T10:30:03.8462090Z Uploaded bytes 327155712
2026-09-10T10:30:05.5409120Z Uploaded bytes 335544320
2026-09-10T10:30:06.4182430Z Uploaded bytes 343932928
2026-09-10T10:30:08.2727510Z Uploaded bytes 352321536
2026-09-10T10:30:10.4434560Z Uploaded bytes 359670821
2026-09-10T10:30:10.4628800Z Finished uploading artifact content to blob storage!
2026-09-10T10:30:10.4633960Z SHA256 digest of uploaded artifact is 88fabd060256bcb8163a71112f32226985d4314f4bf1a6f5cd09fb7682572593
2026-09-10T10:30:10.4641340Z Finalizing artifact upload
2026-09-10T10:30:10.7629000Z Artifact godot-ios-retained-host-test-attempt-1 successfully finalized. Artifact ID 10147672239
2026-09-10T10:30:10.7630130Z Artifact godot-ios-retained-host-test-attempt-1 has been successfully uploaded! Final size is 359670821 bytes. Artifact ID is 10147672239
2026-09-10T10:30:10.7642380Z Artifact download URL: https://github.com/Apdelrahman1911/PartyDeck/actions/runs/34464316979/artifacts/10147672239
2026-09-10T10:30:10.7808930Z ##[end-action id=__self.first;outcome=success;conclusion=success;duration_ms=27473]
2026-09-10T10:30:10.7825640Z ##[start-action display=Wait before the single upload retry;id=__self.__run]
2026-09-10T10:30:10.7929230Z ##[end-action id=__self.__run;outcome=skipped;conclusion=skipped;duration_ms=0]
2026-09-10T10:30:10.7932700Z ##[start-action display=Retry artifact upload;id=__self.retry]
2026-09-10T10:30:10.8081320Z ##[end-action id=__self.retry;outcome=skipped;conclusion=skipped;duration_ms=0]
2026-09-10T10:30:10.8089890Z ##[start-action display=Require a successful upload attempt;id=__self.__run_2]
2026-09-10T10:30:10.8115370Z ##[end-action id=__self.__run_2;outcome=skipped;conclusion=skipped;duration_ms=0]
2026-09-10T10:30:10.8962450Z Post job cleanup.
2026-09-10T10:30:11.2281230Z [command]/opt/homebrew/bin/git version
2026-09-10T10:30:11.3248480Z git version 2.55.0
2026-09-10T10:30:11.3521520Z Copying '/Users/runner/.gitconfig' to '/Users/runner/work/_temp/7eee2d2e-445c-467c-8df0-bce7b318c3ef/.gitconfig'
2026-09-10T10:30:11.3746270Z Temporarily overriding HOME='/Users/runner/work/_temp/7eee2d2e-445c-467c-8df0-bce7b318c3ef' before making global git config changes
2026-09-10T10:30:11.3747040Z Adding repository directory to the temporary git global config as a safe directory
2026-09-10T10:30:11.3856600Z [command]/opt/homebrew/bin/git config --global --add safe.directory /Users/runner/work/PartyDeck/PartyDeck
2026-09-10T10:30:11.4310400Z Removing SSH command configuration
2026-09-10T10:30:11.4415590Z [command]/opt/homebrew/bin/git config --local --name-only --get-regexp core\.sshCommand
2026-09-10T10:30:11.4802160Z [command]/opt/homebrew/bin/git submodule foreach --recursive sh -c "git config --local --name-only --get-regexp 'core\.sshCommand' && git config --local --unset-all 'core.sshCommand' || :"
2026-09-10T10:30:11.8124520Z Removing HTTP extra header
2026-09-10T10:30:11.8225750Z [command]/opt/homebrew/bin/git config --local --name-only --get-regexp http\.https\:\/\/github\.com\/\.extraheader
2026-09-10T10:30:11.8622970Z [command]/opt/homebrew/bin/git submodule foreach --recursive sh -c "git config --local --name-only --get-regexp 'http\.https\:\/\/github\.com\/\.extraheader' && git config --local --unset-all 'http.https://github.com/.extraheader' || :"
2026-09-10T10:30:12.2047490Z Removing includeIf entries pointing to credentials config files
2026-09-10T10:30:12.2160790Z [command]/opt/homebrew/bin/git config --local --name-only --get-regexp ^includeIf\.gitdir:
2026-09-10T10:30:12.2674710Z [command]/opt/homebrew/bin/git submodule foreach --recursive git config --local --show-origin --name-only --get-regexp remote.origin.url
2026-09-10T10:30:12.6063060Z Cleaning up orphan processes
2026-09-10T10:30:18.4316780Z Terminate orphan process: pid (23254) (DTServiceHub)
