2026-09-10T10:10:36.9615700Z Current runner version: '2.337.0'
2026-09-10T10:10:36.9636730Z ##[group]Runner Image Provisioner
2026-09-10T10:10:36.9637450Z Hosted Compute Agent
2026-09-10T10:10:36.9637910Z Version: 20260828.587
2026-09-10T10:10:36.9638410Z Commit: abac92662cab4cc7352de4f9f9d2e2419aad9c29
2026-09-10T10:10:36.9638880Z Build Date: 2026-08-28T16:44:25Z
2026-09-10T10:10:36.9639310Z Worker ID: {39712aab-da2d-49e1-bb94-bac672b14d57}
2026-09-10T10:10:36.9639770Z Azure Region: westus
2026-09-10T10:10:36.9640130Z ##[endgroup]
2026-09-10T10:10:36.9641180Z ##[group]Operating System
2026-09-10T10:10:36.9641650Z macOS
2026-09-10T10:10:36.9642200Z 26.6.2
2026-09-10T10:10:36.9642540Z 25G83
2026-09-10T10:10:36.9642850Z ##[endgroup]
2026-09-10T10:10:36.9643250Z ##[group]Runner Image
2026-09-10T10:10:36.9643980Z Image: macos-26-arm64
2026-09-10T10:10:36.9644450Z Version: 20260831.0337.3
2026-09-10T10:10:36.9645490Z Included Software: https://github.com/actions/runner-images/blob/macos-26-arm64/20260831.0337/images/macos/macos-26-arm64-Readme.md
2026-09-10T10:10:36.9646630Z Image Release: https://github.com/actions/runner-images/releases/tag/macos-26-arm64%2F20260831.0337
2026-09-10T10:10:36.9647290Z ##[endgroup]
2026-09-10T10:10:36.9648080Z ##[group]GITHUB_TOKEN Permissions
2026-09-10T10:10:36.9651750Z Contents: read
2026-09-10T10:10:36.9652970Z Metadata: read
2026-09-10T10:10:36.9653960Z ##[endgroup]
2026-09-10T10:10:36.9659410Z Secret source: Actions
2026-09-10T10:10:36.9660410Z Cache mode: write
2026-09-10T10:10:36.9663080Z Prepare workflow directory
2026-09-10T10:10:37.0392900Z Prepare all required actions
2026-09-10T10:10:37.0440430Z Getting action download info
2026-09-10T10:10:37.3179770Z Download action repository 'actions/checkout@3d3c42e5aac5ba805825da76410c181273ba90b1' (SHA:3d3c42e5aac5ba805825da76410c181273ba90b1)
2026-09-10T10:10:37.9931990Z Download action repository 'actions/download-artifact@3e5f45b2cfb9172054b4087a40e8e0b5a5461e7c' (SHA:3e5f45b2cfb9172054b4087a40e8e0b5a5461e7c)
2026-09-10T10:10:38.4948990Z Complete job name: Link the Swift caller and exercise native gameplay
2026-09-10T10:10:38.5298620Z ##[group]Run actions/checkout@3d3c42e5aac5ba805825da76410c181273ba90b1
2026-09-10T10:10:38.5299420Z with:
2026-09-10T10:10:38.5299790Z   persist-credentials: false
2026-09-10T10:10:38.5300380Z   repository: Apdelrahman1911/PartyDeck
2026-09-10T10:10:38.5302990Z   token: ***
2026-09-10T10:10:38.5303340Z   ssh-strict: true
2026-09-10T10:10:38.5303680Z   ssh-user: git
2026-09-10T10:10:38.5304020Z   clean: true
2026-09-10T10:10:38.5304370Z   sparse-checkout-cone-mode: true
2026-09-10T10:10:38.5304810Z   fetch-depth: 1
2026-09-10T10:10:38.5305150Z   fetch-tags: false
2026-09-10T10:10:38.5338780Z   show-progress: true
2026-09-10T10:10:38.5339230Z   lfs: false
2026-09-10T10:10:38.5339600Z   submodules: false
2026-09-10T10:10:38.5339940Z   set-safe-directory: true
2026-09-10T10:10:38.5340320Z   allow-unsafe-pr-checkout: false
2026-09-10T10:10:38.5341150Z env:
2026-09-10T10:10:38.5341560Z   DEVELOPER_DIR: /Applications/Xcode_26.4.1.app/Contents/Developer
2026-09-10T10:10:38.5342580Z   PARTYDECK_GODOT_AUTHORITY_FRAMEWORK: /Users/runner/work/PartyDeck/PartyDeck/godot/ios-host/build/framework-input/PartyDeckGodotBridge.framework
2026-09-10T10:10:38.5343420Z ##[endgroup]
2026-09-10T10:10:38.8893280Z Syncing repository: Apdelrahman1911/PartyDeck
2026-09-10T10:10:38.8895140Z ##[group]Getting Git version info
2026-09-10T10:10:38.8895850Z Working directory is '/Users/runner/work/PartyDeck/PartyDeck'
2026-09-10T10:10:38.8897130Z [command]/opt/homebrew/bin/git version
2026-09-10T10:10:38.9167730Z git version 2.55.0
2026-09-10T10:10:38.9182400Z ##[endgroup]
2026-09-10T10:10:38.9189050Z Copying '/Users/runner/.gitconfig' to '/Users/runner/work/_temp/25a22e59-f55d-441e-9820-7fbb0c57ca2d/.gitconfig'
2026-09-10T10:10:38.9196140Z Temporarily overriding HOME='/Users/runner/work/_temp/25a22e59-f55d-441e-9820-7fbb0c57ca2d' before making global git config changes
2026-09-10T10:10:38.9197490Z Adding repository directory to the temporary git global config as a safe directory
2026-09-10T10:10:38.9199800Z [command]/opt/homebrew/bin/git config --global --add safe.directory /Users/runner/work/PartyDeck/PartyDeck
2026-09-10T10:10:38.9328100Z Deleting the contents of '/Users/runner/work/PartyDeck/PartyDeck'
2026-09-10T10:10:38.9330340Z ##[group]Determining repository object format
2026-09-10T10:10:38.9331230Z ##[endgroup]
2026-09-10T10:10:38.9331830Z ##[group]Initializing the repository
2026-09-10T10:10:38.9334740Z [command]/opt/homebrew/bin/git init /Users/runner/work/PartyDeck/PartyDeck
2026-09-10T10:10:38.9518620Z hint: Using 'master' as the name for the initial branch. This default branch name
2026-09-10T10:10:38.9519810Z hint: will change to "main" in Git 3.0. To configure the initial branch name
2026-09-10T10:10:38.9520700Z hint: to use in all of your new repositories, which will suppress this warning,
2026-09-10T10:10:38.9521430Z hint: call:
2026-09-10T10:10:38.9521780Z hint:
2026-09-10T10:10:38.9522320Z hint: 	git config --global init.defaultBranch <name>
2026-09-10T10:10:38.9522980Z hint:
2026-09-10T10:10:38.9523490Z hint: Names commonly chosen instead of 'master' are 'main', 'trunk' and
2026-09-10T10:10:38.9524300Z hint: 'development'. The just-created branch can be renamed via this command:
2026-09-10T10:10:38.9524960Z hint:
2026-09-10T10:10:38.9525360Z hint: 	git branch -m <name>
2026-09-10T10:10:38.9525800Z hint:
2026-09-10T10:10:38.9526320Z hint: Disable this message with "git config set advice.defaultBranchName false"
2026-09-10T10:10:38.9527180Z Initialized empty Git repository in /Users/runner/work/PartyDeck/PartyDeck/.git/
2026-09-10T10:10:38.9529080Z [command]/opt/homebrew/bin/git remote add origin https://github.com/Apdelrahman1911/PartyDeck
2026-09-10T10:10:38.9599790Z ##[endgroup]
2026-09-10T10:10:38.9600560Z ##[group]Disabling automatic garbage collection
2026-09-10T10:10:38.9603210Z [command]/opt/homebrew/bin/git config --local gc.auto 0
2026-09-10T10:10:38.9659610Z ##[endgroup]
2026-09-10T10:10:38.9660380Z ##[group]Setting up auth
2026-09-10T10:10:38.9660900Z Removing SSH command configuration
2026-09-10T10:10:38.9664150Z [command]/opt/homebrew/bin/git config --local --name-only --get-regexp core\.sshCommand
2026-09-10T10:10:38.9717890Z [command]/opt/homebrew/bin/git submodule foreach --recursive sh -c "git config --local --name-only --get-regexp 'core\.sshCommand' && git config --local --unset-all 'core.sshCommand' || :"
2026-09-10T10:10:39.0505760Z Removing HTTP extra header
2026-09-10T10:10:39.0509520Z [command]/opt/homebrew/bin/git config --local --name-only --get-regexp http\.https\:\/\/github\.com\/\.extraheader
2026-09-10T10:10:39.0562340Z [command]/opt/homebrew/bin/git submodule foreach --recursive sh -c "git config --local --name-only --get-regexp 'http\.https\:\/\/github\.com\/\.extraheader' && git config --local --unset-all 'http.https://github.com/.extraheader' || :"
2026-09-10T10:10:39.1366770Z Removing includeIf entries pointing to credentials config files
2026-09-10T10:10:39.1369480Z [command]/opt/homebrew/bin/git config --local --name-only --get-regexp ^includeIf\.gitdir:
2026-09-10T10:10:39.1424820Z [command]/opt/homebrew/bin/git submodule foreach --recursive git config --local --show-origin --name-only --get-regexp remote.origin.url
2026-09-10T10:10:39.2513790Z [command]/opt/homebrew/bin/git config --file /Users/runner/work/_temp/git-credentials-a8b4335f-ecc3-434c-a2cf-bb4bafa431b2.config http.https://github.com/.extraheader AUTHORIZATION: basic ***
2026-09-10T10:10:39.2516740Z [command]/opt/homebrew/bin/git config --local includeIf.gitdir:/Users/runner/work/PartyDeck/PartyDeck/.git.path /Users/runner/work/_temp/git-credentials-a8b4335f-ecc3-434c-a2cf-bb4bafa431b2.config
2026-09-10T10:10:39.2519280Z [command]/opt/homebrew/bin/git config --local includeIf.gitdir:/Users/runner/work/PartyDeck/PartyDeck/.git/worktrees/*.path /Users/runner/work/_temp/git-credentials-a8b4335f-ecc3-434c-a2cf-bb4bafa431b2.config
2026-09-10T10:10:39.2521970Z [command]/opt/homebrew/bin/git config --local includeIf.gitdir:/github/workspace/.git.path /github/runner_temp/git-credentials-a8b4335f-ecc3-434c-a2cf-bb4bafa431b2.config
2026-09-10T10:10:39.2549410Z [command]/opt/homebrew/bin/git config --local includeIf.gitdir:/github/workspace/.git/worktrees/*.path /github/runner_temp/git-credentials-a8b4335f-ecc3-434c-a2cf-bb4bafa431b2.config
2026-09-10T10:10:39.2601270Z ##[endgroup]
2026-09-10T10:10:39.2601880Z ##[group]Fetching the repository
2026-09-10T10:10:39.2605780Z [command]/opt/homebrew/bin/git -c protocol.version=2 fetch --no-tags --prune --no-recurse-submodules --depth=1 origin +ea84bf49e799675c181545cc3511460b11e0e23d:refs/remotes/origin/main
2026-09-10T10:10:49.1671650Z From https://github.com/Apdelrahman1911/PartyDeck
2026-09-10T10:10:49.1672630Z  * [new ref]         ea84bf49e799675c181545cc3511460b11e0e23d -> origin/main
2026-09-10T10:10:49.1699330Z [command]/opt/homebrew/bin/git branch --list --remote origin/main
2026-09-10T10:10:49.1868070Z   origin/main
2026-09-10T10:10:49.1877910Z [command]/opt/homebrew/bin/git rev-parse refs/remotes/origin/main
2026-09-10T10:10:49.1969700Z ea84bf49e799675c181545cc3511460b11e0e23d
2026-09-10T10:10:49.1974810Z ##[endgroup]
2026-09-10T10:10:49.1975500Z ##[group]Determining the checkout info
2026-09-10T10:10:49.1977100Z ##[endgroup]
2026-09-10T10:10:49.1991700Z [command]/opt/homebrew/bin/git sparse-checkout disable
2026-09-10T10:10:49.2105770Z [command]/opt/homebrew/bin/git config --local --unset-all extensions.worktreeConfig
2026-09-10T10:10:49.2179230Z ##[group]Checking out the ref
2026-09-10T10:10:49.2182030Z [command]/opt/homebrew/bin/git checkout --progress --force -B main refs/remotes/origin/main
2026-09-10T10:10:50.3459880Z Updating files:  54% (3093/5718)
2026-09-10T10:10:50.3769010Z Updating files:  55% (3145/5718)
2026-09-10T10:10:50.4058370Z Updating files:  56% (3203/5718)
2026-09-10T10:10:50.4349960Z Updating files:  57% (3260/5718)
2026-09-10T10:10:50.4539280Z Updating files:  58% (3317/5718)
2026-09-10T10:10:50.4697740Z Updating files:  59% (3374/5718)
2026-09-10T10:10:50.4818330Z Updating files:  60% (3431/5718)
2026-09-10T10:10:50.4943510Z Updating files:  61% (3488/5718)
2026-09-10T10:10:50.5048080Z Updating files:  62% (3546/5718)
2026-09-10T10:10:50.5161510Z Updating files:  63% (3603/5718)
2026-09-10T10:10:50.5367900Z Updating files:  64% (3660/5718)
2026-09-10T10:10:50.5492920Z Updating files:  65% (3717/5718)
2026-09-10T10:10:50.5609250Z Updating files:  66% (3774/5718)
2026-09-10T10:10:50.6671270Z Updating files:  67% (3832/5718)
2026-09-10T10:10:50.7121770Z Updating files:  68% (3889/5718)
2026-09-10T10:10:51.0734050Z Updating files:  69% (3946/5718)
2026-09-10T10:10:51.0865640Z Updating files:  70% (4003/5718)
2026-09-10T10:10:51.3066300Z Updating files:  71% (4060/5718)
2026-09-10T10:10:51.3396520Z Updating files:  71% (4101/5718)
2026-09-10T10:10:51.4864440Z Updating files:  72% (4117/5718)
2026-09-10T10:10:51.5791410Z Updating files:  73% (4175/5718)
2026-09-10T10:10:51.5970380Z Updating files:  74% (4232/5718)
2026-09-10T10:10:51.6622220Z Updating files:  75% (4289/5718)
2026-09-10T10:10:51.7247840Z Updating files:  76% (4346/5718)
2026-09-10T10:10:51.7638460Z Updating files:  77% (4403/5718)
2026-09-10T10:10:52.0906010Z Updating files:  78% (4461/5718)
2026-09-10T10:10:52.1059820Z Updating files:  79% (4518/5718)
2026-09-10T10:10:52.1197440Z Updating files:  80% (4575/5718)
2026-09-10T10:10:52.1349950Z Updating files:  81% (4632/5718)
2026-09-10T10:10:52.1542340Z Updating files:  82% (4689/5718)
2026-09-10T10:10:52.1874140Z Updating files:  83% (4746/5718)
2026-09-10T10:10:52.2012790Z Updating files:  84% (4804/5718)
2026-09-10T10:10:52.2130720Z Updating files:  85% (4861/5718)
2026-09-10T10:10:52.2289570Z Updating files:  86% (4918/5718)
2026-09-10T10:10:52.2342120Z Updating files:  87% (4975/5718)
2026-09-10T10:10:52.2452940Z Updating files:  87% (4999/5718)
2026-09-10T10:10:52.2572520Z Updating files:  88% (5032/5718)
2026-09-10T10:10:52.2744850Z Updating files:  89% (5090/5718)
2026-09-10T10:10:52.2844770Z Updating files:  90% (5147/5718)
2026-09-10T10:10:52.2946590Z Updating files:  91% (5204/5718)
2026-09-10T10:10:52.3340710Z Updating files:  92% (5261/5718)
2026-09-10T10:10:52.3426140Z Updating files:  93% (5318/5718)
2026-09-10T10:10:52.3504710Z Updating files:  94% (5375/5718)
2026-09-10T10:10:52.3603680Z Updating files:  95% (5433/5718)
2026-09-10T10:10:52.3681290Z Updating files:  96% (5490/5718)
2026-09-10T10:10:52.3738390Z Updating files:  97% (5547/5718)
2026-09-10T10:10:52.3813440Z Updating files:  98% (5604/5718)
2026-09-10T10:10:52.3894550Z Updating files:  99% (5661/5718)
2026-09-10T10:10:52.3895130Z Updating files: 100% (5718/5718)
2026-09-10T10:10:52.3895480Z Updating files: 100% (5718/5718), done.
2026-09-10T10:10:52.4004340Z Switched to a new branch 'main'
2026-09-10T10:10:52.4013530Z branch 'main' set up to track 'origin/main'.
2026-09-10T10:10:52.4169070Z ##[endgroup]
2026-09-10T10:10:52.4325940Z [command]/opt/homebrew/bin/git log -1 --format=%H
2026-09-10T10:10:52.4420880Z ea84bf49e799675c181545cc3511460b11e0e23d
2026-09-10T10:10:52.4433580Z ##[group]Removing auth
2026-09-10T10:10:52.4433840Z Removing SSH command configuration
2026-09-10T10:10:52.4436920Z [command]/opt/homebrew/bin/git config --local --name-only --get-regexp core\.sshCommand
2026-09-10T10:10:52.4509100Z [command]/opt/homebrew/bin/git submodule foreach --recursive sh -c "git config --local --name-only --get-regexp 'core\.sshCommand' && git config --local --unset-all 'core.sshCommand' || :"
2026-09-10T10:10:52.5518810Z Removing HTTP extra header
2026-09-10T10:10:52.5520800Z [command]/opt/homebrew/bin/git config --local --name-only --get-regexp http\.https\:\/\/github\.com\/\.extraheader
2026-09-10T10:10:52.5594590Z [command]/opt/homebrew/bin/git submodule foreach --recursive sh -c "git config --local --name-only --get-regexp 'http\.https\:\/\/github\.com\/\.extraheader' && git config --local --unset-all 'http.https://github.com/.extraheader' || :"
2026-09-10T10:10:52.6888390Z Removing includeIf entries pointing to credentials config files
2026-09-10T10:10:52.6989880Z [command]/opt/homebrew/bin/git config --local --name-only --get-regexp ^includeIf\.gitdir:
2026-09-10T10:10:52.7096240Z includeif.gitdir:/Users/runner/work/PartyDeck/PartyDeck/.git.path
2026-09-10T10:10:52.7192700Z includeif.gitdir:/Users/runner/work/PartyDeck/PartyDeck/.git/worktrees/*.path
2026-09-10T10:10:52.7284830Z includeif.gitdir:/github/workspace/.git.path
2026-09-10T10:10:52.7372620Z includeif.gitdir:/github/workspace/.git/worktrees/*.path
2026-09-10T10:10:52.7378030Z [command]/opt/homebrew/bin/git config --local --get-all includeif.gitdir:/Users/runner/work/PartyDeck/PartyDeck/.git.path
2026-09-10T10:10:52.7379020Z /Users/runner/work/_temp/git-credentials-a8b4335f-ecc3-434c-a2cf-bb4bafa431b2.config
2026-09-10T10:10:52.7382190Z [command]/opt/homebrew/bin/git config --local --unset includeif.gitdir:/Users/runner/work/PartyDeck/PartyDeck/.git.path \/Users\/runner\/work\/_temp\/git\-credentials\-a8b4335f\-ecc3\-434c\-a2cf\-bb4bafa431b2\.config
2026-09-10T10:10:52.7384180Z [command]/opt/homebrew/bin/git config --local --get-all includeif.gitdir:/Users/runner/work/PartyDeck/PartyDeck/.git/worktrees/*.path
2026-09-10T10:10:52.7390830Z /Users/runner/work/_temp/git-credentials-a8b4335f-ecc3-434c-a2cf-bb4bafa431b2.config
2026-09-10T10:10:52.7392580Z [command]/opt/homebrew/bin/git config --local --unset includeif.gitdir:/Users/runner/work/PartyDeck/PartyDeck/.git/worktrees/*.path \/Users\/runner\/work\/_temp\/git\-credentials\-a8b4335f\-ecc3\-434c\-a2cf\-bb4bafa431b2\.config
2026-09-10T10:10:52.7395610Z [command]/opt/homebrew/bin/git config --local --get-all includeif.gitdir:/github/workspace/.git.path
2026-09-10T10:10:52.7396210Z /github/runner_temp/git-credentials-a8b4335f-ecc3-434c-a2cf-bb4bafa431b2.config
2026-09-10T10:10:52.7398190Z [command]/opt/homebrew/bin/git config --local --unset includeif.gitdir:/github/workspace/.git.path \/github\/runner_temp\/git\-credentials\-a8b4335f\-ecc3\-434c\-a2cf\-bb4bafa431b2\.config
2026-09-10T10:10:52.7400100Z [command]/opt/homebrew/bin/git config --local --get-all includeif.gitdir:/github/workspace/.git/worktrees/*.path
2026-09-10T10:10:52.7448720Z /github/runner_temp/git-credentials-a8b4335f-ecc3-434c-a2cf-bb4bafa431b2.config
2026-09-10T10:10:52.7505420Z [command]/opt/homebrew/bin/git config --local --unset includeif.gitdir:/github/workspace/.git/worktrees/*.path \/github\/runner_temp\/git\-credentials\-a8b4335f\-ecc3\-434c\-a2cf\-bb4bafa431b2\.config
2026-09-10T10:10:52.7547440Z [command]/opt/homebrew/bin/git submodule foreach --recursive git config --local --show-origin --name-only --get-regexp remote.origin.url
2026-09-10T10:10:52.8323580Z Removing credentials config '/Users/runner/work/_temp/git-credentials-a8b4335f-ecc3-434c-a2cf-bb4bafa431b2.config'
2026-09-10T10:10:52.8335120Z ##[endgroup]
2026-09-10T10:10:52.8596110Z ##[group]Run actions/download-artifact@3e5f45b2cfb9172054b4087a40e8e0b5a5461e7c
2026-09-10T10:10:52.8596520Z with:
2026-09-10T10:10:52.8596760Z   name: godot-ios-host-renderer
2026-09-10T10:10:52.8597040Z   path: godot/qualification/build/renderer
2026-09-10T10:10:52.8597360Z   merge-multiple: false
2026-09-10T10:10:52.8597610Z   repository: Apdelrahman1911/PartyDeck
2026-09-10T10:10:52.8597940Z   run-id: 34464316979
2026-09-10T10:10:52.8598190Z   skip-decompress: false
2026-09-10T10:10:52.8598400Z   digest-mismatch: error
2026-09-10T10:10:52.8598590Z env:
2026-09-10T10:10:52.8598800Z   DEVELOPER_DIR: /Applications/Xcode_26.4.1.app/Contents/Developer
2026-09-10T10:10:52.8599380Z   PARTYDECK_GODOT_AUTHORITY_FRAMEWORK: /Users/runner/work/PartyDeck/PartyDeck/godot/ios-host/build/framework-input/PartyDeckGodotBridge.framework
2026-09-10T10:10:52.8599880Z ##[endgroup]
2026-09-10T10:10:53.0123950Z Downloading single artifact
2026-09-10T10:10:53.1935030Z Preparing to download the following artifacts:
2026-09-10T10:10:53.1936220Z - godot-ios-host-renderer (ID: 10146851088, Size: 1106811, Expected Digest: sha256:71cb44dcf1efeac542754cd67aff547d066675ba8d3cf848d058c122342aa17f)
2026-09-10T10:10:53.5793730Z Redirecting to blob download url: https://productionresultssa15.blob.core.windows.net/actions-results/a4ec1949-634b-403b-abb8-9c4a226575e8/workflow-job-run-c07bb6d5-b7eb-5590-ac10-74a975d6d1d4/artifacts/abe4e4fed53669ad30eb4aad50b1db02c253f23fd16ccb6511ff1de3d43890fc.zip
2026-09-10T10:10:53.5896920Z Starting download of artifact to: /Users/runner/work/PartyDeck/PartyDeck/godot/qualification/build/renderer
2026-09-10T10:10:53.7229910Z (node:4438) [DEP0005] DeprecationWarning: Buffer() is deprecated due to security and usability issues. Please use the Buffer.alloc(), Buffer.allocUnsafe(), or Buffer.from() methods instead.
2026-09-10T10:10:53.7239920Z (Use `node --trace-deprecation ...` to show where the warning was created)
2026-09-10T10:10:53.9496330Z SHA256 digest of downloaded artifact is 71cb44dcf1efeac542754cd67aff547d066675ba8d3cf848d058c122342aa17f
2026-09-10T10:10:53.9496960Z Artifact download completed successfully.
2026-09-10T10:10:53.9497270Z Total of 1 artifact(s) downloaded
2026-09-10T10:10:53.9500830Z Download artifact has finished successfully
2026-09-10T10:10:53.9606080Z ##[group]Run actions/download-artifact@3e5f45b2cfb9172054b4087a40e8e0b5a5461e7c
2026-09-10T10:10:53.9606470Z with:
2026-09-10T10:10:53.9606640Z   name: godot-ios-host-engine
2026-09-10T10:10:53.9606840Z   path: godot/ios-host/build
2026-09-10T10:10:53.9607020Z   merge-multiple: false
2026-09-10T10:10:53.9607210Z   repository: Apdelrahman1911/PartyDeck
2026-09-10T10:10:53.9607410Z   run-id: 34464316979
2026-09-10T10:10:53.9607580Z   skip-decompress: false
2026-09-10T10:10:53.9607780Z   digest-mismatch: error
2026-09-10T10:10:53.9607950Z env:
2026-09-10T10:10:53.9608160Z   DEVELOPER_DIR: /Applications/Xcode_26.4.1.app/Contents/Developer
2026-09-10T10:10:53.9608770Z   PARTYDECK_GODOT_AUTHORITY_FRAMEWORK: /Users/runner/work/PartyDeck/PartyDeck/godot/ios-host/build/framework-input/PartyDeckGodotBridge.framework
2026-09-10T10:10:53.9609310Z ##[endgroup]
2026-09-10T10:10:54.0673650Z Downloading single artifact
2026-09-10T10:10:54.2563430Z Preparing to download the following artifacts:
2026-09-10T10:10:54.2585350Z - godot-ios-host-engine (ID: 10146930949, Size: 54535493, Expected Digest: sha256:0cb5b128998f9e452a2ab8b10a66c366b23eaafba4865c19653f92b8d4a5317e)
2026-09-10T10:10:54.5675140Z Redirecting to blob download url: https://productionresultssa15.blob.core.windows.net/actions-results/a4ec1949-634b-403b-abb8-9c4a226575e8/workflow-job-run-1320eda9-03c1-5914-8bc5-d8f933a4dc7a/artifacts/a522ade447722fe30fd7cf7a8ce99130f42ea723166f8d2ed5440f0e4b43c62f.zip
2026-09-10T10:10:54.5678710Z Starting download of artifact to: /Users/runner/work/PartyDeck/PartyDeck/godot/ios-host/build
2026-09-10T10:10:54.7526570Z (node:4440) [DEP0005] DeprecationWarning: Buffer() is deprecated due to security and usability issues. Please use the Buffer.alloc(), Buffer.allocUnsafe(), or Buffer.from() methods instead.
2026-09-10T10:10:54.7626700Z (Use `node --trace-deprecation ...` to show where the warning was created)
2026-09-10T10:10:56.9334770Z SHA256 digest of downloaded artifact is 0cb5b128998f9e452a2ab8b10a66c366b23eaafba4865c19653f92b8d4a5317e
2026-09-10T10:10:56.9437590Z Artifact download completed successfully.
2026-09-10T10:10:56.9481660Z Total of 1 artifact(s) downloaded
2026-09-10T10:10:56.9488910Z Download artifact has finished successfully
2026-09-10T10:10:56.9566080Z ##[group]Run actions/download-artifact@3e5f45b2cfb9172054b4087a40e8e0b5a5461e7c
2026-09-10T10:10:56.9566530Z with:
2026-09-10T10:10:56.9566790Z   name: godot-ios-host-framework
2026-09-10T10:10:56.9567040Z   path: godot/ios-host/build
2026-09-10T10:10:56.9567310Z   merge-multiple: false
2026-09-10T10:10:56.9567540Z   repository: Apdelrahman1911/PartyDeck
2026-09-10T10:10:56.9567830Z   run-id: 34464316979
2026-09-10T10:10:56.9568140Z   skip-decompress: false
2026-09-10T10:10:56.9568450Z   digest-mismatch: error
2026-09-10T10:10:56.9568750Z env:
2026-09-10T10:10:56.9569100Z   DEVELOPER_DIR: /Applications/Xcode_26.4.1.app/Contents/Developer
2026-09-10T10:10:56.9570000Z   PARTYDECK_GODOT_AUTHORITY_FRAMEWORK: /Users/runner/work/PartyDeck/PartyDeck/godot/ios-host/build/framework-input/PartyDeckGodotBridge.framework
2026-09-10T10:10:56.9570730Z ##[endgroup]
2026-09-10T10:10:57.1020440Z Downloading single artifact
2026-09-10T10:10:57.3030320Z Preparing to download the following artifacts:
2026-09-10T10:10:57.3131340Z - godot-ios-host-framework (ID: 10146971994, Size: 8511313, Expected Digest: sha256:aa48d549252445e0989679aac6c373ab6b77aa32a9e85b5bf9267020e4a5d884)
2026-09-10T10:10:57.5668900Z Redirecting to blob download url: https://productionresultssa15.blob.core.windows.net/actions-results/a4ec1949-634b-403b-abb8-9c4a226575e8/workflow-job-run-fb4e348e-3c80-5e29-94d0-d9ebb4ed7e71/artifacts/98f01df6d1c7dfef617850326596839e8be4758e3b7ca6582b49664ced5ddf6d.zip
2026-09-10T10:10:57.5670310Z Starting download of artifact to: /Users/runner/work/PartyDeck/PartyDeck/godot/ios-host/build
2026-09-10T10:10:57.7894280Z (node:4548) [DEP0005] DeprecationWarning: Buffer() is deprecated due to security and usability issues. Please use the Buffer.alloc(), Buffer.allocUnsafe(), or Buffer.from() methods instead.
2026-09-10T10:10:57.7998960Z (Use `node --trace-deprecation ...` to show where the warning was created)
2026-09-10T10:10:58.3594200Z SHA256 digest of downloaded artifact is aa48d549252445e0989679aac6c373ab6b77aa32a9e85b5bf9267020e4a5d884
2026-09-10T10:10:58.3698110Z Artifact download completed successfully.
2026-09-10T10:10:58.3730280Z Total of 1 artifact(s) downloaded
2026-09-10T10:10:58.3731150Z Download artifact has finished successfully
2026-09-10T10:10:58.3783840Z ##[group]Run python3 -B godot/tools/renderer.py check-pack \
2026-09-10T10:10:58.3784350Z [36;1mpython3 -B godot/tools/renderer.py check-pack \[0m
2026-09-10T10:10:58.3784860Z [36;1m  --pack godot/qualification/build/renderer/partydeck-last-light.pck[0m
2026-09-10T10:10:58.3785220Z [36;1mpython3 - <<'PY'[0m
2026-09-10T10:10:58.3785450Z [36;1mimport hashlib[0m
2026-09-10T10:10:58.3785650Z [36;1mimport json[0m
2026-09-10T10:10:58.3785870Z [36;1mimport os[0m
2026-09-10T10:10:58.3786090Z [36;1mfrom pathlib import Path[0m
2026-09-10T10:10:58.3786430Z [36;1m[0m
2026-09-10T10:10:58.3787180Z [36;1mbuild = Path('godot/ios-host/build')[0m
2026-09-10T10:10:58.3787470Z [36;1mevidence = build / 'evidence'[0m
2026-09-10T10:10:58.3787750Z [36;1martifacts = build / 'artifacts'[0m
2026-09-10T10:10:58.3788160Z [36;1mfor name in ('engine-source-commit.txt', 'authority-source-commit.txt'):[0m
2026-09-10T10:10:58.3788730Z [36;1m    if (evidence / name).read_text().strip() != os.environ['GITHUB_SHA']:[0m
2026-09-10T10:10:58.3789370Z [36;1m        raise SystemExit(f'Downloaded input uses a different source revision: {name}')[0m
2026-09-10T10:10:58.3789840Z [36;1m[0m
2026-09-10T10:10:58.3790040Z [36;1mdef verify(path, receipt):[0m
2026-09-10T10:10:58.3790320Z [36;1m    digest = hashlib.sha256()[0m
2026-09-10T10:10:58.3790600Z [36;1m    with path.open('rb') as stream:[0m
2026-09-10T10:10:58.3790930Z [36;1m        for block in iter(lambda: stream.read(1048576), b''):[0m
2026-09-10T10:10:58.3791320Z [36;1m            digest.update(block)[0m
2026-09-10T10:10:58.3791800Z [36;1m    if path.stat().st_size != receipt['bytes'] or digest.hexdigest() != receipt['sha256']:[0m
2026-09-10T10:10:58.3792380Z [36;1m        raise SystemExit(f'Downloaded input does not match its build receipt: {path}')[0m
2026-09-10T10:10:58.3792800Z [36;1m[0m
2026-09-10T10:10:58.3793150Z [36;1mengine = json.loads((evidence / 'engine-artifact.json').read_text())[0m
2026-09-10T10:10:58.3793690Z [36;1mif engine['engine_commit'] != 'ed1daf0bf001b61586d9930840f2f1394092c079':[0m
2026-09-10T10:10:58.3794250Z [36;1m    raise SystemExit('The engine source differs from the verified pin.')[0m
2026-09-10T10:10:58.3794720Z [36;1mif engine.get('path_overrides_enabled') is not True:[0m
2026-09-10T10:10:58.3795160Z [36;1m    raise SystemExit('The native engine must accept the host-owned resource path.')[0m
2026-09-10T10:10:58.3795610Z [36;1mverify(artifacts / engine['artifact'], engine)[0m
2026-09-10T10:10:58.3795950Z [36;1mfor archive in engine['auxiliary_archives']:[0m
2026-09-10T10:10:58.3796300Z [36;1m    verify(artifacts / archive['artifact'], archive)[0m
2026-09-10T10:10:58.3796830Z [36;1mframework = json.loads((evidence / 'authority-framework-result.json').read_text())[0m
2026-09-10T10:10:58.3797370Z [36;1mverify(artifacts / framework['archive']['name'], framework['archive'])[0m
2026-09-10T10:10:58.3797900Z [36;1mprint('Downloaded engine and framework match their source revision and build receipts.')[0m
2026-09-10T10:10:58.3798310Z [36;1mPY[0m
2026-09-10T10:10:58.3798600Z [36;1mmkdir -p godot/ios-host/build/framework-input[0m
2026-09-10T10:10:58.3799220Z [36;1mtar -xzf godot/ios-host/build/artifacts/PartyDeckGodotBridge-simulator.framework.tar.gz \[0m
2026-09-10T10:10:58.3799710Z [36;1m  -C godot/ios-host/build/framework-input[0m
2026-09-10T10:10:58.3856890Z shell: /bin/bash -e {0}
2026-09-10T10:10:58.3857150Z env:
2026-09-10T10:10:58.3857450Z   DEVELOPER_DIR: /Applications/Xcode_26.4.1.app/Contents/Developer
2026-09-10T10:10:58.3858170Z   PARTYDECK_GODOT_AUTHORITY_FRAMEWORK: /Users/runner/work/PartyDeck/PartyDeck/godot/ios-host/build/framework-input/PartyDeckGodotBridge.framework
2026-09-10T10:10:58.3858760Z ##[endgroup]
2026-09-10T10:10:58.7324070Z PCK checks passed: 136 entries; SHA-256 a47392b4ca50e0433e1f42043b9473b08e9641d24117e251a4ab88e11027e3db
2026-09-10T10:10:58.9017800Z Downloaded engine and framework match their source revision and build receipts.
2026-09-10T10:10:58.9652280Z ##[group]Run bash godot/ios-host/test-authority-host.sh test
2026-09-10T10:10:58.9662100Z [36;1mbash godot/ios-host/test-authority-host.sh test[0m
2026-09-10T10:10:58.9692920Z shell: /bin/bash -e {0}
2026-09-10T10:10:58.9693140Z env:
2026-09-10T10:10:58.9693370Z   DEVELOPER_DIR: /Applications/Xcode_26.4.1.app/Contents/Developer
2026-09-10T10:10:58.9693970Z   PARTYDECK_GODOT_AUTHORITY_FRAMEWORK: /Users/runner/work/PartyDeck/PartyDeck/godot/ios-host/build/framework-input/PartyDeckGodotBridge.framework
2026-09-10T10:10:58.9694470Z ##[endgroup]
2026-09-10T10:11:02.9480510Z PCK checks passed: 136 entries; SHA-256 a47392b4ca50e0433e1f42043b9473b08e9641d24117e251a4ab88e11027e3db
2026-09-10T10:11:02.9637340Z Prepared the real diagnostic scene and verified authority fixture.
2026-09-10T10:11:02.9752960Z Staged the receipt-matched Kotlin framework and verified shared renderer pack.
2026-09-10T10:11:03.0136150Z /Users/runner/work/PartyDeck/PartyDeck/godot/ios-host/AuthorityHost/Info.plist: OK
2026-09-10T10:11:03.0148720Z /Users/runner/work/PartyDeck/PartyDeck/godot/ios-host/AuthorityHost.xcodeproj/project.pbxproj: OK
2026-09-10T10:11:05.0306760Z Command line invocation:
2026-09-10T10:11:05.0413640Z     /Applications/Xcode_26.4.1.app/Contents/Developer/usr/bin/xcodebuild build -project /Users/runner/work/PartyDeck/PartyDeck/godot/ios-host/AuthorityHost.xcodeproj -scheme AuthorityHost -configuration Debug -destination "generic/platform=iOS Simulator" -derivedDataPath /Users/runner/work/PartyDeck/PartyDeck/godot/ios-host/build/AuthorityDerivedData CODE_SIGNING_ALLOWED=NO
2026-09-10T10:11:05.0585900Z 
2026-09-10T10:11:05.0687730Z Build settings from command line:
2026-09-10T10:11:05.0698340Z     CODE_SIGNING_ALLOWED = NO
2026-09-10T10:11:05.0698730Z 
2026-09-10T10:11:13.9439540Z ComputePackagePrebuildTargetDependencyGraph
2026-09-10T10:11:14.0774860Z 
2026-09-10T10:11:14.0876200Z Prepare packages
2026-09-10T10:11:14.0976470Z 
2026-09-10T10:11:14.1077850Z CreateBuildRequest
2026-09-10T10:11:14.1177850Z 
2026-09-10T10:11:14.1279320Z SendProjectDescription
2026-09-10T10:11:14.1380500Z 
2026-09-10T10:11:14.1481120Z CreateBuildOperation
2026-09-10T10:11:14.1581840Z 
2026-09-10T10:11:14.1684260Z ComputeTargetDependencyGraph
2026-09-10T10:11:14.1790330Z note: Building targets in dependency order
2026-09-10T10:11:14.1895300Z note: Target dependency graph (1 target)
2026-09-10T10:11:14.1993700Z     Target 'AuthorityHost' in project 'AuthorityHost' (no dependencies)
2026-09-10T10:11:14.2095240Z 
2026-09-10T10:11:14.2196290Z GatherProvisioningInputs
2026-09-10T10:11:14.2302160Z 
2026-09-10T10:11:14.2403160Z CreateBuildDescription
2026-09-10T10:11:14.2504400Z 
2026-09-10T10:11:14.2607300Z ExecuteExternalTool /Applications/Xcode_26.4.1.app/Contents/Developer/Toolchains/XcodeDefault.xctoolchain/usr/bin/swiftc --version
2026-09-10T10:11:15.5083470Z 
2026-09-10T10:11:15.5187350Z ExecuteExternalTool /Applications/Xcode_26.4.1.app/Contents/Developer/Toolchains/XcodeDefault.xctoolchain/usr/bin/clang -v -E -dM -isysroot /Applications/Xcode_26.4.1.app/Contents/Developer/Platforms/iPhoneSimulator.platform/Developer/SDKs/iPhoneSimulator26.4.sdk -x c -c /dev/null
2026-09-10T10:11:15.5291110Z 
2026-09-10T10:11:15.5392680Z ExecuteExternalTool /Applications/Xcode_26.4.1.app/Contents/Developer/Toolchains/XcodeDefault.xctoolchain/usr/bin/ld -version_details
2026-09-10T10:11:15.7366750Z 
2026-09-10T10:11:15.7632540Z Build description signature: 5ff7606e41b6aa25a5e137af9bbf8ad4
2026-09-10T10:11:15.7670430Z Build description path: /Users/runner/work/PartyDeck/PartyDeck/godot/ios-host/build/AuthorityDerivedData/Build/Intermediates.noindex/XCBuildData/5ff7606e41b6aa25a5e137af9bbf8ad4.xcbuilddata
2026-09-10T10:11:15.8008590Z CreateBuildDirectory /Users/runner/work/PartyDeck/PartyDeck/godot/ios-host/build/AuthorityDerivedData/Build/Products
2026-09-10T10:11:15.8110520Z     cd /Users/runner/work/PartyDeck/PartyDeck/godot/ios-host/AuthorityHost.xcodeproj
2026-09-10T10:11:15.8114940Z     builtin-create-build-directory /Users/runner/work/PartyDeck/PartyDeck/godot/ios-host/build/AuthorityDerivedData/Build/Products
2026-09-10T10:11:15.8145410Z 
2026-09-10T10:11:15.8146150Z CreateBuildDirectory /Users/runner/work/PartyDeck/PartyDeck/godot/ios-host/build/AuthorityDerivedData/Build/Intermediates.noindex
2026-09-10T10:11:15.8147130Z     cd /Users/runner/work/PartyDeck/PartyDeck/godot/ios-host/AuthorityHost.xcodeproj
2026-09-10T10:11:15.8148710Z     builtin-create-build-directory /Users/runner/work/PartyDeck/PartyDeck/godot/ios-host/build/AuthorityDerivedData/Build/Intermediates.noindex
2026-09-10T10:11:15.8149390Z 
2026-09-10T10:11:15.8153160Z ClangStatCache /Applications/Xcode_26.4.1.app/Contents/Developer/Toolchains/XcodeDefault.xctoolchain/usr/bin/clang-stat-cache /Applications/Xcode_26.4.1.app/Contents/Developer/Platforms/iPhoneSimulator.platform/Developer/SDKs/iPhoneSimulator26.4.sdk /Users/runner/work/PartyDeck/PartyDeck/godot/ios-host/build/AuthorityDerivedData/SDKStatCaches.noindex/iphonesimulator26.4-23E252-688ef53f1462e2c8f657fdc38a81448f893e4a944e4cdd9af1f5077e1341bc52.sdkstatcache
2026-09-10T10:11:15.8164340Z     cd /Users/runner/work/PartyDeck/PartyDeck/godot/ios-host/AuthorityHost.xcodeproj
2026-09-10T10:11:15.8167080Z     /Applications/Xcode_26.4.1.app/Contents/Developer/Toolchains/XcodeDefault.xctoolchain/usr/bin/clang-stat-cache /Applications/Xcode_26.4.1.app/Contents/Developer/Platforms/iPhoneSimulator.platform/Developer/SDKs/iPhoneSimulator26.4.sdk -o /Users/runner/work/PartyDeck/PartyDeck/godot/ios-host/build/AuthorityDerivedData/SDKStatCaches.noindex/iphonesimulator26.4-23E252-688ef53f1462e2c8f657fdc38a81448f893e4a944e4cdd9af1f5077e1341bc52.sdkstatcache
2026-09-10T10:11:19.3017100Z 
2026-09-10T10:11:19.3018790Z CreateBuildDirectory /Users/runner/work/PartyDeck/PartyDeck/godot/ios-host/build/AuthorityDerivedData/Build/Products/Debug-iphonesimulator
2026-09-10T10:11:19.3021140Z     cd /Users/runner/work/PartyDeck/PartyDeck/godot/ios-host/AuthorityHost.xcodeproj
2026-09-10T10:11:19.3023590Z     builtin-create-build-directory /Users/runner/work/PartyDeck/PartyDeck/godot/ios-host/build/AuthorityDerivedData/Build/Products/Debug-iphonesimulator
2026-09-10T10:11:19.3025160Z 
2026-09-10T10:11:19.3028840Z WriteAuxiliaryFile /Users/runner/work/PartyDeck/PartyDeck/godot/ios-host/build/AuthorityDerivedData/Build/Intermediates.noindex/AuthorityHost.build/Debug-iphonesimulator/AuthorityHost-b4c428f7ad649c3791a38bf7cf53b8f0-VFS-iphonesimulator/all-product-headers.yaml
2026-09-10T10:11:19.3030660Z     cd /Users/runner/work/PartyDeck/PartyDeck/godot/ios-host/AuthorityHost.xcodeproj
2026-09-10T10:11:19.3032050Z     write-file /Users/runner/work/PartyDeck/PartyDeck/godot/ios-host/build/AuthorityDerivedData/Build/Intermediates.noindex/AuthorityHost.build/Debug-iphonesimulator/AuthorityHost-b4c428f7ad649c3791a38bf7cf53b8f0-VFS-iphonesimulator/all-product-headers.yaml
2026-09-10T10:11:19.3033410Z 
2026-09-10T10:11:19.3034010Z CreateBuildDirectory /Users/runner/work/PartyDeck/PartyDeck/godot/ios-host/build/AuthorityDerivedData/Build/Intermediates.noindex/SwiftExplicitPrecompiledModules
2026-09-10T10:11:19.3035210Z     cd /Users/runner/work/PartyDeck/PartyDeck/godot/ios-host/AuthorityHost.xcodeproj
2026-09-10T10:11:19.3036410Z     builtin-create-build-directory /Users/runner/work/PartyDeck/PartyDeck/godot/ios-host/build/AuthorityDerivedData/Build/Intermediates.noindex/SwiftExplicitPrecompiledModules
2026-09-10T10:11:19.3037170Z 
2026-09-10T10:11:19.3037690Z CreateBuildDirectory /Users/runner/work/PartyDeck/PartyDeck/godot/ios-host/build/AuthorityDerivedData/Build/Intermediates.noindex/ExplicitPrecompiledModules
2026-09-10T10:11:19.3039680Z     cd /Users/runner/work/PartyDeck/PartyDeck/godot/ios-host/AuthorityHost.xcodeproj
2026-09-10T10:11:19.3041350Z     builtin-create-build-directory /Users/runner/work/PartyDeck/PartyDeck/godot/ios-host/build/AuthorityDerivedData/Build/Intermediates.noindex/ExplicitPrecompiledModules
2026-09-10T10:11:19.3042460Z 
2026-09-10T10:11:19.3046170Z CreateBuildDirectory /Users/runner/work/PartyDeck/PartyDeck/godot/ios-host/build/AuthorityDerivedData/Build/Intermediates.noindex/EagerLinkingTBDs/Debug-iphonesimulator
2026-09-10T10:11:19.3047140Z     cd /Users/runner/work/PartyDeck/PartyDeck/godot/ios-host/AuthorityHost.xcodeproj
2026-09-10T10:11:19.3048110Z     builtin-create-build-directory /Users/runner/work/PartyDeck/PartyDeck/godot/ios-host/build/AuthorityDerivedData/Build/Intermediates.noindex/EagerLinkingTBDs/Debug-iphonesimulator
2026-09-10T10:11:19.3048870Z 
2026-09-10T10:11:19.3049900Z WriteAuxiliaryFile /Users/runner/work/PartyDeck/PartyDeck/godot/ios-host/build/AuthorityDerivedData/Build/Intermediates.noindex/AuthorityHost.build/Debug-iphonesimulator/AuthorityHost.build/Objects-normal/arm64/AuthorityHost_const_extract_protocols.json (in target 'AuthorityHost' from project 'AuthorityHost')
2026-09-10T10:11:19.3054090Z     cd /Users/runner/work/PartyDeck/PartyDeck/godot/ios-host
2026-09-10T10:11:19.3057480Z     write-file /Users/runner/work/PartyDeck/PartyDeck/godot/ios-host/build/AuthorityDerivedData/Build/Intermediates.noindex/AuthorityHost.build/Debug-iphonesimulator/AuthorityHost.build/Objects-normal/arm64/AuthorityHost_const_extract_protocols.json
2026-09-10T10:11:19.3058420Z 
2026-09-10T10:11:19.3059510Z WriteAuxiliaryFile /Users/runner/work/PartyDeck/PartyDeck/godot/ios-host/build/AuthorityDerivedData/Build/Intermediates.noindex/AuthorityHost.build/Debug-iphonesimulator/AuthorityHost.build/Objects-normal/arm64/AuthorityHost.SwiftFileList (in target 'AuthorityHost' from project 'AuthorityHost')
2026-09-10T10:11:19.3060690Z     cd /Users/runner/work/PartyDeck/PartyDeck/godot/ios-host
2026-09-10T10:11:19.3061770Z     write-file /Users/runner/work/PartyDeck/PartyDeck/godot/ios-host/build/AuthorityDerivedData/Build/Intermediates.noindex/AuthorityHost.build/Debug-iphonesimulator/AuthorityHost.build/Objects-normal/arm64/AuthorityHost.SwiftFileList
2026-09-10T10:11:19.3062810Z 
2026-09-10T10:11:19.3063940Z WriteAuxiliaryFile /Users/runner/work/PartyDeck/PartyDeck/godot/ios-host/build/AuthorityDerivedData/Build/Intermediates.noindex/AuthorityHost.build/Debug-iphonesimulator/AuthorityHost.build/Objects-normal/arm64/AuthorityHost.SwiftConstValuesFileList (in target 'AuthorityHost' from project 'AuthorityHost')
2026-09-10T10:11:19.3065310Z     cd /Users/runner/work/PartyDeck/PartyDeck/godot/ios-host
2026-09-10T10:11:19.3066350Z     write-file /Users/runner/work/PartyDeck/PartyDeck/godot/ios-host/build/AuthorityDerivedData/Build/Intermediates.noindex/AuthorityHost.build/Debug-iphonesimulator/AuthorityHost.build/Objects-normal/arm64/AuthorityHost.SwiftConstValuesFileList
2026-09-10T10:11:19.3067190Z 
2026-09-10T10:11:19.3068720Z WriteAuxiliaryFile /Users/runner/work/PartyDeck/PartyDeck/godot/ios-host/build/AuthorityDerivedData/Build/Intermediates.noindex/AuthorityHost.build/Debug-iphonesimulator/AuthorityHost.build/Objects-normal/arm64/AuthorityHost.LinkFileList (in target 'AuthorityHost' from project 'AuthorityHost')
2026-09-10T10:11:19.3069950Z     cd /Users/runner/work/PartyDeck/PartyDeck/godot/ios-host
2026-09-10T10:11:19.3070950Z     write-file /Users/runner/work/PartyDeck/PartyDeck/godot/ios-host/build/AuthorityDerivedData/Build/Intermediates.noindex/AuthorityHost.build/Debug-iphonesimulator/AuthorityHost.build/Objects-normal/arm64/AuthorityHost.LinkFileList
2026-09-10T10:11:19.3071790Z 
2026-09-10T10:11:19.3072820Z WriteAuxiliaryFile /Users/runner/work/PartyDeck/PartyDeck/godot/ios-host/build/AuthorityDerivedData/Build/Intermediates.noindex/AuthorityHost.build/Debug-iphonesimulator/AuthorityHost.build/Objects-normal/arm64/AuthorityHost-OutputFileMap.json (in target 'AuthorityHost' from project 'AuthorityHost')
2026-09-10T10:11:19.3074020Z     cd /Users/runner/work/PartyDeck/PartyDeck/godot/ios-host
2026-09-10T10:11:19.3074980Z     write-file /Users/runner/work/PartyDeck/PartyDeck/godot/ios-host/build/AuthorityDerivedData/Build/Intermediates.noindex/AuthorityHost.build/Debug-iphonesimulator/AuthorityHost.build/Objects-normal/arm64/AuthorityHost-OutputFileMap.json
2026-09-10T10:11:19.3075920Z 
2026-09-10T10:11:19.3077290Z WriteAuxiliaryFile /Users/runner/work/PartyDeck/PartyDeck/godot/ios-host/build/AuthorityDerivedData/Build/Intermediates.noindex/AuthorityHost.build/Debug-iphonesimulator/AuthorityHost.build/AuthorityHost.hmap (in target 'AuthorityHost' from project 'AuthorityHost')
2026-09-10T10:11:19.3078450Z     cd /Users/runner/work/PartyDeck/PartyDeck/godot/ios-host
2026-09-10T10:11:19.3079380Z     write-file /Users/runner/work/PartyDeck/PartyDeck/godot/ios-host/build/AuthorityDerivedData/Build/Intermediates.noindex/AuthorityHost.build/Debug-iphonesimulator/AuthorityHost.build/AuthorityHost.hmap
2026-09-10T10:11:19.3080070Z 
2026-09-10T10:11:19.3080990Z WriteAuxiliaryFile /Users/runner/work/PartyDeck/PartyDeck/godot/ios-host/build/AuthorityDerivedData/Build/Intermediates.noindex/AuthorityHost.build/Debug-iphonesimulator/AuthorityHost.build/AuthorityHost.DependencyStaticMetadataFileList (in target 'AuthorityHost' from project 'AuthorityHost')
2026-09-10T10:11:19.3082390Z     cd /Users/runner/work/PartyDeck/PartyDeck/godot/ios-host
2026-09-10T10:11:19.3083440Z     write-file /Users/runner/work/PartyDeck/PartyDeck/godot/ios-host/build/AuthorityDerivedData/Build/Intermediates.noindex/AuthorityHost.build/Debug-iphonesimulator/AuthorityHost.build/AuthorityHost.DependencyStaticMetadataFileList
2026-09-10T10:11:19.3084290Z 
2026-09-10T10:11:19.3085190Z WriteAuxiliaryFile /Users/runner/work/PartyDeck/PartyDeck/godot/ios-host/build/AuthorityDerivedData/Build/Intermediates.noindex/AuthorityHost.build/Debug-iphonesimulator/AuthorityHost.build/AuthorityHost.DependencyMetadataFileList (in target 'AuthorityHost' from project 'AuthorityHost')
2026-09-10T10:11:19.3086460Z     cd /Users/runner/work/PartyDeck/PartyDeck/godot/ios-host
2026-09-10T10:11:19.3087430Z     write-file /Users/runner/work/PartyDeck/PartyDeck/godot/ios-host/build/AuthorityDerivedData/Build/Intermediates.noindex/AuthorityHost.build/Debug-iphonesimulator/AuthorityHost.build/AuthorityHost.DependencyMetadataFileList
2026-09-10T10:11:19.3089310Z 
2026-09-10T10:11:19.3090260Z WriteAuxiliaryFile /Users/runner/work/PartyDeck/PartyDeck/godot/ios-host/build/AuthorityDerivedData/Build/Intermediates.noindex/AuthorityHost.build/Debug-iphonesimulator/AuthorityHost.build/AuthorityHost-project-headers.hmap (in target 'AuthorityHost' from project 'AuthorityHost')
2026-09-10T10:11:19.3091420Z     cd /Users/runner/work/PartyDeck/PartyDeck/godot/ios-host
2026-09-10T10:11:19.3092630Z     write-file /Users/runner/work/PartyDeck/PartyDeck/godot/ios-host/build/AuthorityDerivedData/Build/Intermediates.noindex/AuthorityHost.build/Debug-iphonesimulator/AuthorityHost.build/AuthorityHost-project-headers.hmap
2026-09-10T10:11:19.3093540Z 
2026-09-10T10:11:19.3094590Z WriteAuxiliaryFile /Users/runner/work/PartyDeck/PartyDeck/godot/ios-host/build/AuthorityDerivedData/Build/Intermediates.noindex/AuthorityHost.build/Debug-iphonesimulator/AuthorityHost.build/AuthorityHost-own-target-headers.hmap (in target 'AuthorityHost' from project 'AuthorityHost')
2026-09-10T10:11:19.3095780Z     cd /Users/runner/work/PartyDeck/PartyDeck/godot/ios-host
2026-09-10T10:11:19.3098030Z     write-file /Users/runner/work/PartyDeck/PartyDeck/godot/ios-host/build/AuthorityDerivedData/Build/Intermediates.noindex/AuthorityHost.build/Debug-iphonesimulator/AuthorityHost.build/AuthorityHost-own-target-headers.hmap
2026-09-10T10:11:19.3098870Z 
2026-09-10T10:11:19.3099790Z WriteAuxiliaryFile /Users/runner/work/PartyDeck/PartyDeck/godot/ios-host/build/AuthorityDerivedData/Build/Intermediates.noindex/AuthorityHost.build/Debug-iphonesimulator/AuthorityHost.build/AuthorityHost-generated-files.hmap (in target 'AuthorityHost' from project 'AuthorityHost')
2026-09-10T10:11:19.3101330Z     cd /Users/runner/work/PartyDeck/PartyDeck/godot/ios-host
2026-09-10T10:11:19.3102440Z     write-file /Users/runner/work/PartyDeck/PartyDeck/godot/ios-host/build/AuthorityDerivedData/Build/Intermediates.noindex/AuthorityHost.build/Debug-iphonesimulator/AuthorityHost.build/AuthorityHost-generated-files.hmap
2026-09-10T10:11:19.3103260Z 
2026-09-10T10:11:19.3104550Z WriteAuxiliaryFile /Users/runner/work/PartyDeck/PartyDeck/godot/ios-host/build/AuthorityDerivedData/Build/Intermediates.noindex/AuthorityHost.build/Debug-iphonesimulator/AuthorityHost.build/AuthorityHost-all-target-headers.hmap (in target 'AuthorityHost' from project 'AuthorityHost')
2026-09-10T10:11:19.3105790Z     cd /Users/runner/work/PartyDeck/PartyDeck/godot/ios-host
2026-09-10T10:11:19.3106920Z     write-file /Users/runner/work/PartyDeck/PartyDeck/godot/ios-host/build/AuthorityDerivedData/Build/Intermediates.noindex/AuthorityHost.build/Debug-iphonesimulator/AuthorityHost.build/AuthorityHost-all-target-headers.hmap
2026-09-10T10:11:19.3107790Z 
2026-09-10T10:11:19.3109070Z WriteAuxiliaryFile /Users/runner/work/PartyDeck/PartyDeck/godot/ios-host/build/AuthorityDerivedData/Build/Intermediates.noindex/AuthorityHost.build/Debug-iphonesimulator/AuthorityHost.build/AuthorityHost-all-non-framework-target-headers.hmap (in target 'AuthorityHost' from project 'AuthorityHost')
2026-09-10T10:11:19.3110450Z     cd /Users/runner/work/PartyDeck/PartyDeck/godot/ios-host
2026-09-10T10:11:19.3112130Z     write-file /Users/runner/work/PartyDeck/PartyDeck/godot/ios-host/build/AuthorityDerivedData/Build/Intermediates.noindex/AuthorityHost.build/Debug-iphonesimulator/AuthorityHost.build/AuthorityHost-all-non-framework-target-headers.hmap
2026-09-10T10:11:19.3112900Z 
2026-09-10T10:11:19.3113570Z MkDir /Users/runner/work/PartyDeck/PartyDeck/godot/ios-host/build/AuthorityDerivedData/Build/Products/Debug-iphonesimulator/AuthorityHost.app (in target 'AuthorityHost' from project 'AuthorityHost')
2026-09-10T10:11:19.3114470Z     cd /Users/runner/work/PartyDeck/PartyDeck/godot/ios-host
2026-09-10T10:11:19.3115570Z     /bin/mkdir -p /Users/runner/work/PartyDeck/PartyDeck/godot/ios-host/build/AuthorityDerivedData/Build/Products/Debug-iphonesimulator/AuthorityHost.app
2026-09-10T10:11:19.3116130Z 
2026-09-10T10:11:19.3117230Z ProcessInfoPlistFile /Users/runner/work/PartyDeck/PartyDeck/godot/ios-host/build/AuthorityDerivedData/Build/Products/Debug-iphonesimulator/AuthorityHost.app/Info.plist /Users/runner/work/PartyDeck/PartyDeck/godot/ios-host/AuthorityHost/Info.plist (in target 'AuthorityHost' from project 'AuthorityHost')
2026-09-10T10:11:19.3118570Z     cd /Users/runner/work/PartyDeck/PartyDeck/godot/ios-host
2026-09-10T10:11:19.3120480Z     builtin-infoPlistUtility /Users/runner/work/PartyDeck/PartyDeck/godot/ios-host/AuthorityHost/Info.plist -producttype com.apple.product-type.application -genpkginfo /Users/runner/work/PartyDeck/PartyDeck/godot/ios-host/build/AuthorityDerivedData/Build/Products/Debug-iphonesimulator/AuthorityHost.app/PkgInfo -expandbuildsettings -format binary -platform iphonesimulator -o /Users/runner/work/PartyDeck/PartyDeck/godot/ios-host/build/AuthorityDerivedData/Build/Products/Debug-iphonesimulator/AuthorityHost.app/Info.plist
2026-09-10T10:11:19.3122260Z 
2026-09-10T10:11:19.3123200Z CpResource /Users/runner/work/PartyDeck/PartyDeck/godot/ios-host/build/AuthorityDerivedData/Build/Products/Debug-iphonesimulator/AuthorityHost.app/ProbeResources /Users/runner/work/PartyDeck/PartyDeck/godot/ios-host/build/host-resources/ProbeResources (in target 'AuthorityHost' from project 'AuthorityHost')
2026-09-10T10:11:19.3124360Z     cd /Users/runner/work/PartyDeck/PartyDeck/godot/ios-host
2026-09-10T10:11:19.3126160Z     builtin-copy -exclude .DS_Store -exclude CVS -exclude .svn -exclude .git -exclude .hg -strip-unsigned-binaries -strip-deterministic -strip-tool /Applications/Xcode_26.4.1.app/Contents/Developer/Toolchains/XcodeDefault.xctoolchain/usr/bin/strip -resolve-src-symlinks /Users/runner/work/PartyDeck/PartyDeck/godot/ios-host/build/host-resources/ProbeResources /Users/runner/work/PartyDeck/PartyDeck/godot/ios-host/build/AuthorityDerivedData/Build/Products/Debug-iphonesimulator/AuthorityHost.app
2026-09-10T10:11:19.3127920Z 
2026-09-10T10:11:19.3128430Z SwiftDriver AuthorityHost normal arm64 com.apple.xcode.tools.swift.compiler (in target 'AuthorityHost' from project 'AuthorityHost')
2026-09-10T10:11:19.3129540Z     cd /Users/runner/work/PartyDeck/PartyDeck/godot/ios-host
2026-09-10T10:11:19.3148680Z     builtin-SwiftDriver -- /Applications/Xcode_26.4.1.app/Contents/Developer/Toolchains/XcodeDefault.xctoolchain/usr/bin/swiftc -module-name AuthorityHost -Onone @/Users/runner/work/PartyDeck/PartyDeck/godot/ios-host/build/AuthorityDerivedData/Build/Intermediates.noindex/AuthorityHost.build/Debug-iphonesimulator/AuthorityHost.build/Objects-normal/arm64/AuthorityHost.SwiftFileList -enable-experimental-feature DebugDescriptionMacro -sdk /Applications/Xcode_26.4.1.app/Contents/Developer/Platforms/iPhoneSimulator.platform/Developer/SDKs/iPhoneSimulator26.4.sdk -target arm64-apple-ios15.0-simulator -g -module-cache-path /Users/runner/work/PartyDeck/PartyDeck/godot/ios-host/build/AuthorityDerivedData/ModuleCache.noindex -Xfrontend -serialize-debugging-options -enable-testing -index-store-path /Users/runner/work/PartyDeck/PartyDeck/godot/ios-host/build/AuthorityDerivedData/Index.noindex/DataStore -swift-version 6 -I /Users/runner/work/PartyDeck/PartyDeck/godot/ios-host/build/AuthorityDerivedData/Build/Products/Debug-iphonesimulator -F /Users/runner/work/PartyDeck/PartyDeck/godot/ios-host/build/AuthorityDerivedData/Build/Products/Debug-iphonesimulator -F /Users/runner/work/PartyDeck/PartyDeck/godot/ios-host/build/artifacts -c -j3 -enable-batch-mode -incremental -Xcc -ivfsstatcache -Xcc /Users/runner/work/PartyDeck/PartyDeck/godot/ios-host/build/AuthorityDerivedData/SDKStatCaches.noindex/iphonesimulator26.4-23E252-688ef53f1462e2c8f657fdc38a81448f893e4a944e4cdd9af1f5077e1341bc52.sdkstatcache -output-file-map /Users/runner/work/PartyDeck/PartyDeck/godot/ios-host/build/AuthorityDerivedData/Build/Intermediates.noindex/AuthorityHost.build/Debug-iphonesimulator/AuthorityHost.build/Objects-normal/arm64/AuthorityHost-OutputFileMap.json -use-frontend-parseable-output -save-temps -no-color-diagnostics -explicit-module-build -module-cache-path /Users/runner/work/PartyDeck/PartyDeck/godot/ios-host/build/AuthorityDerivedData/Build/Intermediates.noindex/SwiftExplicitPrecompiledModules -clang-scanner-module-cache-path /Users/runner/work/PartyDeck/PartyDeck/godot/ios-host/build/AuthorityDerivedData/ModuleCache.noindex -sdk-module-cache-path /Users/runner/work/PartyDeck/PartyDeck/godot/ios-host/build/AuthorityDerivedData/ModuleCache.noindex -serialize-diagnostics -emit-dependencies -emit-module -emit-module-path /Users/runner/work/PartyDeck/PartyDeck/godot/ios-host/build/AuthorityDerivedData/Build/Intermediates.noindex/AuthorityHost.build/Debug-iphonesimulator/AuthorityHost.build/Objects-normal/arm64/AuthorityHost.swiftmodule -validate-clang-modules-once -clang-build-session-file /Users/runner/work/PartyDeck/PartyDeck/godot/ios-host/build/AuthorityDerivedData/ModuleCache.noindex/Session.modulevalidation -Xcc -I/Users/runner/work/PartyDeck/PartyDeck/godot/ios-host/build/AuthorityDerivedData/Build/Intermediates.noindex/AuthorityHost.build/Debug-iphonesimulator/AuthorityHost.build/swift-overrides.hmap -emit-const-values -Xfrontend -const-gather-protocols-file -Xfrontend /Users/runner/work/PartyDeck/PartyDeck/godot/ios-host/build/AuthorityDerivedData/Build/Intermediates.noindex/AuthorityHost.build/Debug-iphonesimulator/AuthorityHost.build/Objects-normal/arm64/AuthorityHost_const_extract_protocols.json -Xcc -iquote -Xcc /Users/runner/work/PartyDeck/PartyDeck/godot/ios-host/build/AuthorityDerivedData/Build/Intermediates.noindex/AuthorityHost.build/Debug-iphonesimulator/AuthorityHost.build/AuthorityHost-generated-files.hmap -Xcc -I/Users/runner/work/PartyDeck/PartyDeck/godot/ios-host/build/AuthorityDerivedData/Build/Intermediates.noindex/AuthorityHost.build/Debug-iphonesimulator/AuthorityHost.build/AuthorityHost-own-target-headers.hmap -Xcc -I/Users/runner/work/PartyDeck/PartyDeck/godot/ios-host/build/AuthorityDerivedData/Build/Intermediates.noindex/AuthorityHost.build/Debug-iphonesimulator/AuthorityHost.build/AuthorityHost-all-target-headers.hmap -Xcc -iquote -Xcc /Users/runner/work/PartyDeck/PartyDeck/godot/ios-host/build/AuthorityDerivedData/Build/Intermediates.noindex/AuthorityHost.build/Debug-iphonesimulator/AuthorityHost.build/AuthorityHost-project-headers.hmap -Xcc -I/Users/runner/work/PartyDeck/PartyDeck/godot/ios-host/build/AuthorityDerivedData/Build/Products/Debug-iphonesimulator/include -Xcc -I/Users/runner/work/PartyDeck/PartyDeck/godot/ios-host/build/AuthorityDerivedData/Build/Intermediates.noindex/AuthorityHost.build/Debug-iphonesimulator/AuthorityHost.build/DerivedSources-normal/arm64 -Xcc -I/Users/runner/work/PartyDeck/PartyDeck/godot/ios-host/build/AuthorityDerivedData/Build/Intermediates.noindex/AuthorityHost.build/Debug-iphonesimulator/AuthorityHost.build/DerivedSources/arm64 -Xcc -I/Users/runner/work/PartyDeck/PartyDeck/godot/ios-host/build/AuthorityDerivedData/Build/Intermediates.noindex/AuthorityHost.build/Debug-iphonesimulator/AuthorityHost.build/DerivedSources -emit-objc-header -emit-objc-header-path /Users/runner/work/PartyDeck/PartyDeck/godot/ios-host/build/AuthorityDerivedData/Build/Intermediates.noindex/AuthorityHost.build/Debug-iphonesimulator/AuthorityHost.build/Objects-normal/arm64/AuthorityHost-Swift.h -import-objc-header /Users/runner/work/PartyDeck/PartyDeck/godot/ios-host/modules/partydeck_ios_probe/PDGodotRuntime.h -working-directory /Users/runner/work/PartyDeck/PartyDeck/godot/ios-host -experimental-emit-module-separately -disable-cmo
2026-09-10T10:11:22.2879580Z 
2026-09-10T10:11:22.3299120Z SwiftExplicitDependencyGeneratePcm arm64 /Users/runner/work/PartyDeck/PartyDeck/godot/ios-host/build/AuthorityDerivedData/ModuleCache.noindex/SwiftShims-6FPCAIGS56BT445V6HLT533EM.pcm
2026-09-10T10:11:22.6037710Z 
2026-09-10T10:11:22.6139340Z SwiftExplicitDependencyGeneratePcm arm64 /Users/runner/work/PartyDeck/PartyDeck/godot/ios-host/build/AuthorityDerivedData/ModuleCache.noindex/DeveloperToolsSupport-E2PWYK8AX1K7ITQOVSUOVEX7G.pcm
2026-09-10T10:11:22.6238730Z 
2026-09-10T10:11:22.6333060Z SwiftExplicitDependencyGeneratePcm arm64 /Users/runner/work/PartyDeck/PartyDeck/godot/ios-host/build/AuthorityDerivedData/ModuleCache.noindex/_Builtin_stdbool-49EYHK4IRC9MP3P6G0FDCV516.pcm
2026-09-10T10:11:22.6435420Z 
2026-09-10T10:11:22.6436530Z SwiftExplicitDependencyGeneratePcm arm64 /Users/runner/work/PartyDeck/PartyDeck/godot/ios-host/build/AuthorityDerivedData/ModuleCache.noindex/ptrauth-7N6RZ765HVSSUTP7MLZEQVO2K.pcm
2026-09-10T10:11:22.6537970Z 
2026-09-10T10:11:22.6639450Z SwiftExplicitDependencyGeneratePcm arm64 /Users/runner/work/PartyDeck/PartyDeck/godot/ios-host/build/AuthorityDerivedData/ModuleCache.noindex/ptrcheck-30PP2RUG2M475V9MC4F9HLA4L.pcm
2026-09-10T10:11:22.6740990Z 
2026-09-10T10:11:22.6763370Z SwiftExplicitDependencyGeneratePcm arm64 /Users/runner/work/PartyDeck/PartyDeck/godot/ios-host/build/AuthorityDerivedData/ModuleCache.noindex/_Builtin_stddef-4F8IHUK3TNKBIFND2M7PO0ZDC.pcm
2026-09-10T10:11:22.6776280Z 
2026-09-10T10:11:22.6878540Z SwiftExplicitDependencyGeneratePcm arm64 /Users/runner/work/PartyDeck/PartyDeck/godot/ios-host/build/AuthorityDerivedData/ModuleCache.noindex/_AvailabilityInternal-BEBBU1MPKRHBYV8DO4H2AQKE8.pcm
2026-09-10T10:11:22.6979620Z 
2026-09-10T10:11:22.7080800Z SwiftExplicitDependencyGeneratePcm arm64 /Users/runner/work/PartyDeck/PartyDeck/godot/ios-host/build/AuthorityDerivedData/ModuleCache.noindex/_SwiftConcurrencyShims-AEH287OYH6VKW1S8JL1L6FLQT.pcm
2026-09-10T10:11:22.7125200Z 
2026-09-10T10:11:22.7126220Z SwiftExplicitDependencyGeneratePcm arm64 /Users/runner/work/PartyDeck/PartyDeck/godot/ios-host/build/AuthorityDerivedData/ModuleCache.noindex/_Builtin_stdarg-D0TGYFZZ45D00S53IQCFPC4VI.pcm
2026-09-10T10:11:22.7127140Z 
2026-09-10T10:11:22.7127830Z SwiftExplicitDependencyGeneratePcm arm64 /Users/runner/work/PartyDeck/PartyDeck/godot/ios-host/build/AuthorityDerivedData/ModuleCache.noindex/_Builtin_float-7R156UBEGENSZ8HXW73EFF5E6.pcm
2026-09-10T10:11:22.7370720Z 
2026-09-10T10:11:22.7371650Z SwiftExplicitDependencyGeneratePcm arm64 /Users/runner/work/PartyDeck/PartyDeck/godot/ios-host/build/AuthorityDerivedData/ModuleCache.noindex/_DarwinFoundation1-6UAR7F93DJKO0APEKRW1ONJHE.pcm
2026-09-10T10:11:22.7833990Z 
2026-09-10T10:11:22.7942970Z SwiftExplicitDependencyGeneratePcm arm64 /Users/runner/work/PartyDeck/PartyDeck/godot/ios-host/build/AuthorityDerivedData/ModuleCache.noindex/_Builtin_limits-5QG4OKZPFDY0UQ9S9NPFCXG7C.pcm
2026-09-10T10:11:22.8443900Z 
2026-09-10T10:11:22.8498400Z SwiftExplicitDependencyGeneratePcm arm64 /Users/runner/work/PartyDeck/PartyDeck/godot/ios-host/build/AuthorityDerivedData/ModuleCache.noindex/_DarwinFoundation2-EJEV85DO7ZECS56R9VMD8BCK2.pcm
2026-09-10T10:11:22.9046000Z 
2026-09-10T10:11:22.9247910Z SwiftExplicitDependencyGeneratePcm arm64 /Users/runner/work/PartyDeck/PartyDeck/godot/ios-host/build/AuthorityDerivedData/ModuleCache.noindex/_Builtin_stdint-A2VMJWMV550WFXUR14KLUWWE8.pcm
2026-09-10T10:11:22.9651320Z 
2026-09-10T10:11:22.9761000Z SwiftExplicitDependencyGeneratePcm arm64 /Users/runner/work/PartyDeck/PartyDeck/godot/ios-host/build/AuthorityDerivedData/ModuleCache.noindex/_Builtin_tgmath-DBZ32VBZW9O2RYR7NP926WUFS.pcm
2026-09-10T10:11:22.9864020Z 
2026-09-10T10:11:22.9965510Z SwiftExplicitDependencyGeneratePcm arm64 /Users/runner/work/PartyDeck/PartyDeck/godot/ios-host/build/AuthorityDerivedData/ModuleCache.noindex/sys_types-EGSRRMUG38FJ9RY81GYH7CGC1.pcm
2026-09-10T10:11:23.0020460Z 
2026-09-10T10:11:23.0140760Z SwiftExplicitDependencyGeneratePcm arm64 /Users/runner/work/PartyDeck/PartyDeck/godot/ios-host/build/AuthorityDerivedData/ModuleCache.noindex/_DarwinFoundation3-9337Q35GW8SN953CD1VCRPV5L.pcm
2026-09-10T10:11:23.0669650Z 
2026-09-10T10:11:23.0773660Z SwiftExplicitDependencyGeneratePcm arm64 /Users/runner/work/PartyDeck/PartyDeck/godot/ios-host/build/AuthorityDerivedData/ModuleCache.noindex/_Builtin_stdatomic-8RL8LN6L0YKOK5XFEKTWCYAJV.pcm
2026-09-10T10:11:23.0809150Z 
2026-09-10T10:11:23.0914010Z SwiftExplicitDependencyGeneratePcm arm64 /Users/runner/work/PartyDeck/PartyDeck/godot/ios-host/build/AuthorityDerivedData/ModuleCache.noindex/_Builtin_intrinsics-224BRWN8RQXPURR5PB41HXBFW.pcm
2026-09-10T10:11:23.2798580Z 
2026-09-10T10:11:23.2801980Z SwiftExplicitDependencyGeneratePcm arm64 /Users/runner/work/PartyDeck/PartyDeck/godot/ios-host/build/AuthorityDerivedData/ModuleCache.noindex/_Builtin_inttypes-2GELRP7CSWDISV624KUI1ES6V.pcm
2026-09-10T10:11:23.2802940Z 
2026-09-10T10:11:23.2803960Z SwiftExplicitDependencyGeneratePcm arm64 /Users/runner/work/PartyDeck/PartyDeck/godot/ios-host/build/AuthorityDerivedData/ModuleCache.noindex/Darwin-5JE96NVK5NJJA3EXQAY3UX726.pcm
2026-09-10T10:11:23.4927200Z 
2026-09-10T10:11:23.4935800Z SwiftExplicitDependencyGeneratePcm arm64 /Users/runner/work/PartyDeck/PartyDeck/godot/ios-host/build/AuthorityDerivedData/ModuleCache.noindex/simd-5GU4P9FO0I68QGO0B91HWEHJ6.pcm
2026-09-10T10:11:23.8013260Z 
2026-09-10T10:11:23.8014880Z SwiftExplicitDependencyGeneratePcm arm64 /Users/runner/work/PartyDeck/PartyDeck/godot/ios-host/build/AuthorityDerivedData/ModuleCache.noindex/ObjectiveC-D8AUY0V056XHX3V6U4JIGHAWD.pcm
2026-09-10T10:11:23.8015940Z 
2026-09-10T10:11:23.8016810Z SwiftExplicitDependencyGeneratePcm arm64 /Users/runner/work/PartyDeck/PartyDeck/godot/ios-host/build/AuthorityDerivedData/ModuleCache.noindex/MachO-1T9I6HV3RRGV92ME3IWYCM8GB.pcm
2026-09-10T10:11:23.8017670Z 
2026-09-10T10:11:23.8018520Z SwiftExplicitDependencyGeneratePcm arm64 /Users/runner/work/PartyDeck/PartyDeck/godot/ios-host/build/AuthorityDerivedData/ModuleCache.noindex/os_object-7T1KW2JUNEYKF75E9HEP2I1W3.pcm
2026-09-10T10:11:23.8019480Z 
2026-09-10T10:11:23.8020300Z SwiftExplicitDependencyGeneratePcm arm64 /Users/runner/work/PartyDeck/PartyDeck/godot/ios-host/build/AuthorityDerivedData/ModuleCache.noindex/os_workgroup-CG6TWZY3RUIXMHWDLM185PNTX.pcm
2026-09-10T10:11:23.8021550Z 
2026-09-10T10:11:23.8022670Z SwiftExplicitDependencyGeneratePcm arm64 /Users/runner/work/PartyDeck/PartyDeck/godot/ios-host/build/AuthorityDerivedData/ModuleCache.noindex/Dispatch-3ZV4BBQOXS61SXJ0OT738O6PE.pcm
2026-09-10T10:11:23.8384120Z 
2026-09-10T10:11:23.8388510Z SwiftExplicitDependencyGeneratePcm arm64 /Users/runner/work/PartyDeck/PartyDeck/godot/ios-host/build/AuthorityDerivedData/ModuleCache.noindex/Spatial-A7FI9U15GUHMRK7HCVK79YMVI.pcm
2026-09-10T10:11:24.0245060Z 
2026-09-10T10:11:24.0330420Z SwiftExplicitDependencyGeneratePcm arm64 /Users/runner/work/PartyDeck/PartyDeck/godot/ios-host/build/AuthorityDerivedData/ModuleCache.noindex/XPC-BJL4PRU2X4IG4ZGLFWWYWHQO2.pcm
2026-09-10T10:11:24.0431850Z 
2026-09-10T10:11:24.0535320Z SwiftExplicitDependencyGeneratePcm arm64 /Users/runner/work/PartyDeck/PartyDeck/godot/ios-host/build/AuthorityDerivedData/ModuleCache.noindex/CoreFoundation-D2743MYN0R1SQVFY0XCLGB3HK.pcm
2026-09-10T10:11:24.0543230Z 
2026-09-10T10:11:24.0544000Z SwiftExplicitDependencyGeneratePcm arm64 /Users/runner/work/PartyDeck/PartyDeck/godot/ios-host/build/AuthorityDerivedData/ModuleCache.noindex/os-7W7BK4D404SDRD4O5BZGMFDYC.pcm
2026-09-10T10:11:24.0545370Z 
2026-09-10T10:11:24.0546140Z SwiftExplicitDependencyGeneratePcm arm64 /Users/runner/work/PartyDeck/PartyDeck/godot/ios-host/build/AuthorityDerivedData/ModuleCache.noindex/Security-AA0KZRRMHZSUFXSDWAUAFM1CN.pcm
2026-09-10T10:11:24.0547070Z 
2026-09-10T10:11:24.0547900Z SwiftExplicitDependencyGeneratePcm arm64 /Users/runner/work/PartyDeck/PartyDeck/godot/ios-host/build/AuthorityDerivedData/ModuleCache.noindex/CoreGraphics-A9T86VIOMFH2QC8H9XAHCUXYU.pcm
2026-09-10T10:11:24.0919050Z 
2026-09-10T10:11:24.0925440Z SwiftExplicitDependencyGeneratePcm arm64 /Users/runner/work/PartyDeck/PartyDeck/godot/ios-host/build/AuthorityDerivedData/ModuleCache.noindex/CFNetwork-6PD8SU7LN2QFIKWBKAWQ9R3NP.pcm
2026-09-10T10:11:24.0969070Z 
2026-09-10T10:11:24.1087130Z SwiftExplicitDependencyGeneratePcm arm64 /Users/runner/work/PartyDeck/PartyDeck/godot/ios-host/build/AuthorityDerivedData/ModuleCache.noindex/CoreText-73XGYVKFAQX8RV7S66IZX54NX.pcm
2026-09-10T10:11:24.1934800Z 
2026-09-10T10:11:24.1936170Z SwiftExplicitDependencyGeneratePcm arm64 /Users/runner/work/PartyDeck/PartyDeck/godot/ios-host/build/AuthorityDerivedData/ModuleCache.noindex/ImageIO-CFYEU4QNMLPIUO42Q6W3UJHWJ.pcm
2026-09-10T10:11:24.1937060Z 
2026-09-10T10:11:24.1937680Z SwiftExplicitDependencyGeneratePcm arm64 /Users/runner/work/PartyDeck/PartyDeck/godot/ios-host/build/AuthorityDerivedData/ModuleCache.noindex/Foundation-BSBKBV2GVWNOWDET44XE2H80V.pcm
2026-09-10T10:11:24.4297150Z 
2026-09-10T10:11:24.4300800Z SwiftExplicitDependencyGeneratePcm arm64 /Users/runner/work/PartyDeck/PartyDeck/godot/ios-host/build/AuthorityDerivedData/ModuleCache.noindex/CoreTransferable-6SY7TD0INOYYU509ZBGA28K35.pcm
2026-09-10T10:11:24.4955430Z 
2026-09-10T10:11:24.5091940Z SwiftExplicitDependencyGeneratePcm arm64 /Users/runner/work/PartyDeck/PartyDeck/godot/ios-host/build/AuthorityDerivedData/ModuleCache.noindex/Symbols-6KH4Y1YK5Y9N573ZH8IG22ZGD.pcm
2026-09-10T10:11:24.5094080Z 
2026-09-10T10:11:24.5095480Z SwiftExplicitDependencyGeneratePcm arm64 /Users/runner/work/PartyDeck/PartyDeck/godot/ios-host/build/AuthorityDerivedData/ModuleCache.noindex/IOSurface-4R4INYOOM234MVWJRJINN6PQP.pcm
2026-09-10T10:11:24.5130830Z 
2026-09-10T10:11:24.5239920Z SwiftExplicitDependencyGeneratePcm arm64 /Users/runner/work/PartyDeck/PartyDeck/godot/ios-host/build/AuthorityDerivedData/ModuleCache.noindex/CoreData-1YEWHLFIM529C77TOFX3HJSN9.pcm
2026-09-10T10:11:24.6077040Z 
2026-09-10T10:11:24.6147920Z SwiftExplicitDependencyGeneratePcm arm64 /Users/runner/work/PartyDeck/PartyDeck/godot/ios-host/build/AuthorityDerivedData/ModuleCache.noindex/FileProvider-9PBQ9E1ARGHUUV0K12DQ7YMJ2.pcm
2026-09-10T10:11:24.6221500Z 
2026-09-10T10:11:24.6316700Z SwiftExplicitDependencyGeneratePcm arm64 /Users/runner/work/PartyDeck/PartyDeck/godot/ios-host/build/AuthorityDerivedData/ModuleCache.noindex/DataDetection-CLPYJOPEHAI6CY9IW4CNJ63EN.pcm
2026-09-10T10:11:24.6418990Z 
2026-09-10T10:11:24.6452200Z SwiftExplicitDependencyGeneratePcm arm64 /Users/runner/work/PartyDeck/PartyDeck/godot/ios-host/build/AuthorityDerivedData/ModuleCache.noindex/Metal-8F9DNCZ4AFZFGDZ2ITGPK5D5S.pcm
2026-09-10T10:11:24.7554780Z 
2026-09-10T10:11:24.7659730Z SwiftExplicitDependencyGeneratePcm arm64 /Users/runner/work/PartyDeck/PartyDeck/godot/ios-host/build/AuthorityDerivedData/ModuleCache.noindex/OpenGLES-2LQQMGCJ0RFBV4T810GMJHS3N.pcm
2026-09-10T10:11:24.7755890Z 
2026-09-10T10:11:24.7869420Z SwiftExplicitDependencyGeneratePcm arm64 /Users/runner/work/PartyDeck/PartyDeck/godot/ios-host/build/AuthorityDerivedData/ModuleCache.noindex/UniformTypeIdentifiers-DD2DQ3QHNLWW0HOYVFDKGHX7Y.pcm
2026-09-10T10:11:24.7970860Z 
2026-09-10T10:11:24.8101980Z SwiftExplicitDependencyGeneratePcm arm64 /Users/runner/work/PartyDeck/PartyDeck/godot/ios-host/build/AuthorityDerivedData/ModuleCache.noindex/UIUtilities-3ICQ8ECVWZ46DE5DASSBC8TBX.pcm
2026-09-10T10:11:24.8161410Z 
2026-09-10T10:11:24.8268500Z SwiftExplicitDependencyGeneratePcm arm64 /Users/runner/work/PartyDeck/PartyDeck/godot/ios-host/build/AuthorityDerivedData/ModuleCache.noindex/Accessibility-8RBOZFC3HCWWQYPY2NXX1PX4S.pcm
2026-09-10T10:11:24.8324610Z 
2026-09-10T10:11:24.8325690Z SwiftExplicitDependencyGeneratePcm arm64 /Users/runner/work/PartyDeck/PartyDeck/godot/ios-host/build/AuthorityDerivedData/ModuleCache.noindex/OSLog-DF55TYIQV5OVWV2F2X9M2FUBL.pcm
2026-09-10T10:11:24.8326580Z 
2026-09-10T10:11:24.8327470Z SwiftExplicitDependencyGeneratePcm arm64 /Users/runner/work/PartyDeck/PartyDeck/godot/ios-host/build/AuthorityDerivedData/Build/Intermediates.noindex/SwiftExplicitPrecompiledModules/PartyDeckGodotBridge-L339C2T1JPH39Z4VSHH9N7GW.pcm
2026-09-10T10:11:24.8328380Z 
2026-09-10T10:11:24.8328940Z SwiftExplicitDependencyGeneratePcm arm64 /Users/runner/work/PartyDeck/PartyDeck/godot/ios-host/build/AuthorityDerivedData/ModuleCache.noindex/CoreVideo-51O6SXYEBWG89W99LNAITLXFO.pcm
2026-09-10T10:11:24.8549750Z 
2026-09-10T10:11:24.8553980Z SwiftExplicitDependencyGeneratePcm arm64 /Users/runner/work/PartyDeck/PartyDeck/godot/ios-host/build/AuthorityDerivedData/ModuleCache.noindex/UserNotifications-4VLMY777NHP5KTF08N8QY5OJI.pcm
2026-09-10T10:11:24.8861670Z 
2026-09-10T10:11:24.8862550Z SwiftExplicitDependencyGeneratePcm arm64 /Users/runner/work/PartyDeck/PartyDeck/godot/ios-host/build/AuthorityDerivedData/ModuleCache.noindex/CoreImage-CXZFC378QQIAZL59IX80YXFDE.pcm
2026-09-10T10:11:24.9803720Z 
2026-09-10T10:11:24.9806070Z SwiftExplicitDependencyGeneratePcm arm64 /Users/runner/work/PartyDeck/PartyDeck/godot/ios-host/build/AuthorityDerivedData/ModuleCache.noindex/QuartzCore-EH9REY27W516LZSS0OQ5PE831.pcm
2026-09-10T10:11:24.9806860Z 
2026-09-10T10:11:24.9807510Z SwiftExplicitDependencyGeneratePcm arm64 /Users/runner/work/PartyDeck/PartyDeck/godot/ios-host/build/AuthorityDerivedData/ModuleCache.noindex/SwiftUICore-13128GPCZ10L02J8R6YZED93P.pcm
2026-09-10T10:11:25.0222910Z 
2026-09-10T10:11:25.0224060Z SwiftExplicitDependencyGeneratePcm arm64 /Users/runner/work/PartyDeck/PartyDeck/godot/ios-host/build/AuthorityDerivedData/ModuleCache.noindex/UIKit-54JOQQHPIBW5R00EYWH2D9859.pcm
2026-09-10T10:11:25.8643250Z 
2026-09-10T10:11:25.8646720Z SwiftExplicitDependencyGeneratePcm arm64 /Users/runner/work/PartyDeck/PartyDeck/godot/ios-host/build/AuthorityDerivedData/ModuleCache.noindex/SwiftUI-8ZFI2NWCDB8WTDEWH71PBP4K1.pcm
2026-09-10T10:11:25.9325680Z 
2026-09-10T10:11:25.9358610Z SwiftGeneratePch normal arm64 Compiling\ bridging\ header (in target 'AuthorityHost' from project 'AuthorityHost')
2026-09-10T10:11:26.0510070Z 1 warning generated.
2026-09-10T10:11:26.0515640Z /Users/runner/work/PartyDeck/PartyDeck/godot/ios-host/modules/partydeck_ios_probe/PDGodotRuntime.h:1:9: warning: #pragma once in main file
2026-09-10T10:11:26.0516580Z  1 | #pragma once
2026-09-10T10:11:26.0518620Z    |         `- warning: #pragma once in main file
2026-09-10T10:11:26.0520130Z  2 | 
2026-09-10T10:11:26.0521160Z  3 | #import <Foundation/Foundation.h>
2026-09-10T10:11:26.0521370Z 
2026-09-10T10:11:26.0521850Z SwiftDriverJobDiscovery normal arm64 Compiling bridging header (in target 'AuthorityHost' from project 'AuthorityHost')
2026-09-10T10:11:26.0522360Z 
2026-09-10T10:11:26.0522830Z SwiftEmitModule normal arm64 Emitting\ module\ for\ AuthorityHost (in target 'AuthorityHost' from project 'AuthorityHost')
2026-09-10T10:11:26.0905600Z 
2026-09-10T10:11:26.0907190Z EmitSwiftModule normal arm64 (in target 'AuthorityHost' from project 'AuthorityHost')
2026-09-10T10:11:26.0908190Z     cd /Users/runner/work/PartyDeck/PartyDeck/godot/ios-host
2026-09-10T10:11:26.0908520Z     
2026-09-10T10:11:26.7116910Z 
2026-09-10T10:11:26.7144600Z SwiftCompile normal arm64 Compiling\ AuthorityModel.swift /Users/runner/work/PartyDeck/PartyDeck/godot/ios-host/AuthorityHost/AuthorityModel.swift (in target 'AuthorityHost' from project 'AuthorityHost')
2026-09-10T10:11:26.7186020Z SwiftCompile normal arm64 /Users/runner/work/PartyDeck/PartyDeck/godot/ios-host/AuthorityHost/AuthorityModel.swift (in target 'AuthorityHost' from project 'AuthorityHost')
2026-09-10T10:11:26.7188070Z     cd /Users/runner/work/PartyDeck/PartyDeck/godot/ios-host
2026-09-10T10:11:26.7193330Z     
2026-09-10T10:11:28.9363370Z 
2026-09-10T10:11:28.9526600Z SwiftCompile normal arm64 Compiling\ AuthorityHostApp.swift /Users/runner/work/PartyDeck/PartyDeck/godot/ios-host/AuthorityHost/AuthorityHostApp.swift (in target 'AuthorityHost' from project 'AuthorityHost')
2026-09-10T10:11:28.9533000Z SwiftCompile normal arm64 /Users/runner/work/PartyDeck/PartyDeck/godot/ios-host/AuthorityHost/AuthorityHostApp.swift (in target 'AuthorityHost' from project 'AuthorityHost')
2026-09-10T10:11:28.9537610Z     cd /Users/runner/work/PartyDeck/PartyDeck/godot/ios-host
2026-09-10T10:11:28.9538920Z     
2026-09-10T10:11:30.6619120Z 
2026-09-10T10:11:30.6693740Z SwiftDriverJobDiscovery normal arm64 Emitting module for AuthorityHost (in target 'AuthorityHost' from project 'AuthorityHost')
2026-09-10T10:11:30.6696320Z 
2026-09-10T10:11:30.6697170Z SwiftDriver\ Compilation\ Requirements AuthorityHost normal arm64 com.apple.xcode.tools.swift.compiler (in target 'AuthorityHost' from project 'AuthorityHost')
2026-09-10T10:11:30.6698140Z     cd /Users/runner/work/PartyDeck/PartyDeck/godot/ios-host
2026-09-10T10:11:30.6757560Z     builtin-Swift-Compilation-Requirements -- /Applications/Xcode_26.4.1.app/Contents/Developer/Toolchains/XcodeDefault.xctoolchain/usr/bin/swiftc -module-name AuthorityHost -Onone @/Users/runner/work/PartyDeck/PartyDeck/godot/ios-host/build/AuthorityDerivedData/Build/Intermediates.noindex/AuthorityHost.build/Debug-iphonesimulator/AuthorityHost.build/Objects-normal/arm64/AuthorityHost.SwiftFileList -enable-experimental-feature DebugDescriptionMacro -sdk /Applications/Xcode_26.4.1.app/Contents/Developer/Platforms/iPhoneSimulator.platform/Developer/SDKs/iPhoneSimulator26.4.sdk -target arm64-apple-ios15.0-simulator -g -module-cache-path /Users/runner/work/PartyDeck/PartyDeck/godot/ios-host/build/AuthorityDerivedData/ModuleCache.noindex -Xfrontend -serialize-debugging-options -enable-testing -index-store-path /Users/runner/work/PartyDeck/PartyDeck/godot/ios-host/build/AuthorityDerivedData/Index.noindex/DataStore -swift-version 6 -I /Users/runner/work/PartyDeck/PartyDeck/godot/ios-host/build/AuthorityDerivedData/Build/Products/Debug-iphonesimulator -F /Users/runner/work/PartyDeck/PartyDeck/godot/ios-host/build/AuthorityDerivedData/Build/Products/Debug-iphonesimulator -F /Users/runner/work/PartyDeck/PartyDeck/godot/ios-host/build/artifacts -c -j3 -enable-batch-mode -incremental -Xcc -ivfsstatcache -Xcc /Users/runner/work/PartyDeck/PartyDeck/godot/ios-host/build/AuthorityDerivedData/SDKStatCaches.noindex/iphonesimulator26.4-23E252-688ef53f1462e2c8f657fdc38a81448f893e4a944e4cdd9af1f5077e1341bc52.sdkstatcache -output-file-map /Users/runner/work/PartyDeck/PartyDeck/godot/ios-host/build/AuthorityDerivedData/Build/Intermediates.noindex/AuthorityHost.build/Debug-iphonesimulator/AuthorityHost.build/Objects-normal/arm64/AuthorityHost-OutputFileMap.json -use-frontend-parseable-output -save-temps -no-color-diagnostics -explicit-module-build -module-cache-path /Users/runner/work/PartyDeck/PartyDeck/godot/ios-host/build/AuthorityDerivedData/Build/Intermediates.noindex/SwiftExplicitPrecompiledModules -clang-scanner-module-cache-path /Users/runner/work/PartyDeck/PartyDeck/godot/ios-host/build/AuthorityDerivedData/ModuleCache.noindex -sdk-module-cache-path /Users/runner/work/PartyDeck/PartyDeck/godot/ios-host/build/AuthorityDerivedData/ModuleCache.noindex -serialize-diagnostics -emit-dependencies -emit-module -emit-module-path /Users/runner/work/PartyDeck/PartyDeck/godot/ios-host/build/AuthorityDerivedData/Build/Intermediates.noindex/AuthorityHost.build/Debug-iphonesimulator/AuthorityHost.build/Objects-normal/arm64/AuthorityHost.swiftmodule -validate-clang-modules-once -clang-build-session-file /Users/runner/work/PartyDeck/PartyDeck/godot/ios-host/build/AuthorityDerivedData/ModuleCache.noindex/Session.modulevalidation -Xcc -I/Users/runner/work/PartyDeck/PartyDeck/godot/ios-host/build/AuthorityDerivedData/Build/Intermediates.noindex/AuthorityHost.build/Debug-iphonesimulator/AuthorityHost.build/swift-overrides.hmap -emit-const-values -Xfrontend -const-gather-protocols-file -Xfrontend /Users/runner/work/PartyDeck/PartyDeck/godot/ios-host/build/AuthorityDerivedData/Build/Intermediates.noindex/AuthorityHost.build/Debug-iphonesimulator/AuthorityHost.build/Objects-normal/arm64/AuthorityHost_const_extract_protocols.json -Xcc -iquote -Xcc /Users/runner/work/PartyDeck/PartyDeck/godot/ios-host/build/AuthorityDerivedData/Build/Intermediates.noindex/AuthorityHost.build/Debug-iphonesimulator/AuthorityHost.build/AuthorityHost-generated-files.hmap -Xcc -I/Users/runner/work/PartyDeck/PartyDeck/godot/ios-host/build/AuthorityDerivedData/Build/Intermediates.noindex/AuthorityHost.build/Debug-iphonesimulator/AuthorityHost.build/AuthorityHost-own-target-headers.hmap -Xcc -I/Users/runner/work/PartyDeck/PartyDeck/godot/ios-host/build/AuthorityDerivedData/Build/Intermediates.noindex/AuthorityHost.build/Debug-iphonesimulator/AuthorityHost.build/AuthorityHost-all-target-headers.hmap -Xcc -iquote -Xcc /Users/runner/work/PartyDeck/PartyDeck/godot/ios-host/build/AuthorityDerivedData/Build/Intermediates.noindex/AuthorityHost.build/Debug-iphonesimulator/AuthorityHost.build/AuthorityHost-project-headers.hmap -Xcc -I/Users/runner/work/PartyDeck/PartyDeck/godot/ios-host/build/AuthorityDerivedData/Build/Products/Debug-iphonesimulator/include -Xcc -I/Users/runner/work/PartyDeck/PartyDeck/godot/ios-host/build/AuthorityDerivedData/Build/Intermediates.noindex/AuthorityHost.build/Debug-iphonesimulator/AuthorityHost.build/DerivedSources-normal/arm64 -Xcc -I/Users/runner/work/PartyDeck/PartyDeck/godot/ios-host/build/AuthorityDerivedData/Build/Intermediates.noindex/AuthorityHost.build/Debug-iphonesimulator/AuthorityHost.build/DerivedSources/arm64 -Xcc -I/Users/runner/work/PartyDeck/PartyDeck/godot/ios-host/build/AuthorityDerivedData/Build/Intermediates.noindex/AuthorityHost.build/Debug-iphonesimulator/AuthorityHost.build/DerivedSources -emit-objc-header -emit-objc-header-path /Users/runner/work/PartyDeck/PartyDeck/godot/ios-host/build/AuthorityDerivedData/Build/Intermediates.noindex/AuthorityHost.build/Debug-iphonesimulator/AuthorityHost.build/Objects-normal/arm64/AuthorityHost-Swift.h -import-objc-header /Users/runner/work/PartyDeck/PartyDeck/godot/ios-host/modules/partydeck_ios_probe/PDGodotRuntime.h -working-directory /Users/runner/work/PartyDeck/PartyDeck/godot/ios-host -experimental-emit-module-separately -disable-cmo
2026-09-10T10:11:30.6780850Z 
2026-09-10T10:11:30.6782700Z SwiftMergeGeneratedHeaders /Users/runner/work/PartyDeck/PartyDeck/godot/ios-host/build/AuthorityDerivedData/Build/Intermediates.noindex/AuthorityHost.build/Debug-iphonesimulator/AuthorityHost.build/DerivedSources/AuthorityHost-Swift.h /Users/runner/work/PartyDeck/PartyDeck/godot/ios-host/build/AuthorityDerivedData/Build/Intermediates.noindex/AuthorityHost.build/Debug-iphonesimulator/AuthorityHost.build/Objects-normal/arm64/AuthorityHost-Swift.h (in target 'AuthorityHost' from project 'AuthorityHost')
2026-09-10T10:11:30.6784670Z     cd /Users/runner/work/PartyDeck/PartyDeck/godot/ios-host
2026-09-10T10:11:30.6787190Z     builtin-swiftHeaderTool -arch arm64 /Users/runner/work/PartyDeck/PartyDeck/godot/ios-host/build/AuthorityDerivedData/Build/Intermediates.noindex/AuthorityHost.build/Debug-iphonesimulator/AuthorityHost.build/Objects-normal/arm64/AuthorityHost-Swift.h -o /Users/runner/work/PartyDeck/PartyDeck/godot/ios-host/build/AuthorityDerivedData/Build/Intermediates.noindex/AuthorityHost.build/Debug-iphonesimulator/AuthorityHost.build/DerivedSources/AuthorityHost-Swift.h
2026-09-10T10:11:30.6789100Z 
2026-09-10T10:11:30.6790670Z Copy /Users/runner/work/PartyDeck/PartyDeck/godot/ios-host/build/AuthorityDerivedData/Build/Products/Debug-iphonesimulator/AuthorityHost.swiftmodule/arm64-apple-ios-simulator.swiftmodule /Users/runner/work/PartyDeck/PartyDeck/godot/ios-host/build/AuthorityDerivedData/Build/Intermediates.noindex/AuthorityHost.build/Debug-iphonesimulator/AuthorityHost.build/Objects-normal/arm64/AuthorityHost.swiftmodule (in target 'AuthorityHost' from project 'AuthorityHost')
2026-09-10T10:11:30.6792620Z     cd /Users/runner/work/PartyDeck/PartyDeck/godot/ios-host
2026-09-10T10:11:30.6795250Z     builtin-copy -exclude .DS_Store -exclude CVS -exclude .svn -exclude .git -exclude .hg -strip-unsigned-binaries -strip-deterministic -strip-tool /Applications/Xcode_26.4.1.app/Contents/Developer/Toolchains/XcodeDefault.xctoolchain/usr/bin/strip -resolve-src-symlinks -rename /Users/runner/work/PartyDeck/PartyDeck/godot/ios-host/build/AuthorityDerivedData/Build/Intermediates.noindex/AuthorityHost.build/Debug-iphonesimulator/AuthorityHost.build/Objects-normal/arm64/AuthorityHost.swiftmodule /Users/runner/work/PartyDeck/PartyDeck/godot/ios-host/build/AuthorityDerivedData/Build/Products/Debug-iphonesimulator/AuthorityHost.swiftmodule/arm64-apple-ios-simulator.swiftmodule
2026-09-10T10:11:30.6797880Z 
2026-09-10T10:11:30.6799350Z Copy /Users/runner/work/PartyDeck/PartyDeck/godot/ios-host/build/AuthorityDerivedData/Build/Products/Debug-iphonesimulator/AuthorityHost.swiftmodule/arm64-apple-ios-simulator.swiftdoc /Users/runner/work/PartyDeck/PartyDeck/godot/ios-host/build/AuthorityDerivedData/Build/Intermediates.noindex/AuthorityHost.build/Debug-iphonesimulator/AuthorityHost.build/Objects-normal/arm64/AuthorityHost.swiftdoc (in target 'AuthorityHost' from project 'AuthorityHost')
2026-09-10T10:11:30.6801120Z     cd /Users/runner/work/PartyDeck/PartyDeck/godot/ios-host
2026-09-10T10:11:30.6808990Z     builtin-copy -exclude .DS_Store -exclude CVS -exclude .svn -exclude .git -exclude .hg -strip-unsigned-binaries -strip-deterministic -strip-tool /Applications/Xcode_26.4.1.app/Contents/Developer/Toolchains/XcodeDefault.xctoolchain/usr/bin/strip -resolve-src-symlinks -rename /Users/runner/work/PartyDeck/PartyDeck/godot/ios-host/build/AuthorityDerivedData/Build/Intermediates.noindex/AuthorityHost.build/Debug-iphonesimulator/AuthorityHost.build/Objects-normal/arm64/AuthorityHost.swiftdoc /Users/runner/work/PartyDeck/PartyDeck/godot/ios-host/build/AuthorityDerivedData/Build/Products/Debug-iphonesimulator/AuthorityHost.swiftmodule/arm64-apple-ios-simulator.swiftdoc
2026-09-10T10:11:30.6815070Z 
2026-09-10T10:11:30.6819260Z Copy /Users/runner/work/PartyDeck/PartyDeck/godot/ios-host/build/AuthorityDerivedData/Build/Products/Debug-iphonesimulator/AuthorityHost.swiftmodule/arm64-apple-ios-simulator.abi.json /Users/runner/work/PartyDeck/PartyDeck/godot/ios-host/build/AuthorityDerivedData/Build/Intermediates.noindex/AuthorityHost.build/Debug-iphonesimulator/AuthorityHost.build/Objects-normal/arm64/AuthorityHost.abi.json (in target 'AuthorityHost' from project 'AuthorityHost')
2026-09-10T10:11:30.6829390Z     cd /Users/runner/work/PartyDeck/PartyDeck/godot/ios-host
2026-09-10T10:11:30.6835100Z     builtin-copy -exclude .DS_Store -exclude CVS -exclude .svn -exclude .git -exclude .hg -strip-unsigned-binaries -strip-deterministic -strip-tool /Applications/Xcode_26.4.1.app/Contents/Developer/Toolchains/XcodeDefault.xctoolchain/usr/bin/strip -resolve-src-symlinks -rename /Users/runner/work/PartyDeck/PartyDeck/godot/ios-host/build/AuthorityDerivedData/Build/Intermediates.noindex/AuthorityHost.build/Debug-iphonesimulator/AuthorityHost.build/Objects-normal/arm64/AuthorityHost.abi.json /Users/runner/work/PartyDeck/PartyDeck/godot/ios-host/build/AuthorityDerivedData/Build/Products/Debug-iphonesimulator/AuthorityHost.swiftmodule/arm64-apple-ios-simulator.abi.json
2026-09-10T10:11:30.6841470Z 
2026-09-10T10:11:30.6847580Z Copy /Users/runner/work/PartyDeck/PartyDeck/godot/ios-host/build/AuthorityDerivedData/Build/Products/Debug-iphonesimulator/AuthorityHost.swiftmodule/Project/arm64-apple-ios-simulator.swiftsourceinfo /Users/runner/work/PartyDeck/PartyDeck/godot/ios-host/build/AuthorityDerivedData/Build/Intermediates.noindex/AuthorityHost.build/Debug-iphonesimulator/AuthorityHost.build/Objects-normal/arm64/AuthorityHost.swiftsourceinfo (in target 'AuthorityHost' from project 'AuthorityHost')
2026-09-10T10:11:30.6853220Z     cd /Users/runner/work/PartyDeck/PartyDeck/godot/ios-host
2026-09-10T10:11:30.6861370Z     builtin-copy -exclude .DS_Store -exclude CVS -exclude .svn -exclude .git -exclude .hg -strip-unsigned-binaries -strip-deterministic -strip-tool /Applications/Xcode_26.4.1.app/Contents/Developer/Toolchains/XcodeDefault.xctoolchain/usr/bin/strip -resolve-src-symlinks -rename /Users/runner/work/PartyDeck/PartyDeck/godot/ios-host/build/AuthorityDerivedData/Build/Intermediates.noindex/AuthorityHost.build/Debug-iphonesimulator/AuthorityHost.build/Objects-normal/arm64/AuthorityHost.swiftsourceinfo /Users/runner/work/PartyDeck/PartyDeck/godot/ios-host/build/AuthorityDerivedData/Build/Products/Debug-iphonesimulator/AuthorityHost.swiftmodule/Project/arm64-apple-ios-simulator.swiftsourceinfo
2026-09-10T10:11:30.6871320Z 
2026-09-10T10:11:30.6872460Z SwiftDriverJobDiscovery normal arm64 Compiling AuthorityModel.swift (in target 'AuthorityHost' from project 'AuthorityHost')
2026-09-10T10:11:30.6873000Z 
2026-09-10T10:11:30.6873420Z SwiftDriverJobDiscovery normal arm64 Compiling AuthorityHostApp.swift (in target 'AuthorityHost' from project 'AuthorityHost')
2026-09-10T10:11:30.6873950Z 
2026-09-10T10:11:30.6874340Z SwiftDriver\ Compilation AuthorityHost normal arm64 com.apple.xcode.tools.swift.compiler (in target 'AuthorityHost' from project 'AuthorityHost')
2026-09-10T10:11:30.6875060Z     cd /Users/runner/work/PartyDeck/PartyDeck/godot/ios-host
2026-09-10T10:11:30.6898410Z     builtin-Swift-Compilation -- /Applications/Xcode_26.4.1.app/Contents/Developer/Toolchains/XcodeDefault.xctoolchain/usr/bin/swiftc -module-name AuthorityHost -Onone @/Users/runner/work/PartyDeck/PartyDeck/godot/ios-host/build/AuthorityDerivedData/Build/Intermediates.noindex/AuthorityHost.build/Debug-iphonesimulator/AuthorityHost.build/Objects-normal/arm64/AuthorityHost.SwiftFileList -enable-experimental-feature DebugDescriptionMacro -sdk /Applications/Xcode_26.4.1.app/Contents/Developer/Platforms/iPhoneSimulator.platform/Developer/SDKs/iPhoneSimulator26.4.sdk -target arm64-apple-ios15.0-simulator -g -module-cache-path /Users/runner/work/PartyDeck/PartyDeck/godot/ios-host/build/AuthorityDerivedData/ModuleCache.noindex -Xfrontend -serialize-debugging-options -enable-testing -index-store-path /Users/runner/work/PartyDeck/PartyDeck/godot/ios-host/build/AuthorityDerivedData/Index.noindex/DataStore -swift-version 6 -I /Users/runner/work/PartyDeck/PartyDeck/godot/ios-host/build/AuthorityDerivedData/Build/Products/Debug-iphonesimulator -F /Users/runner/work/PartyDeck/PartyDeck/godot/ios-host/build/AuthorityDerivedData/Build/Products/Debug-iphonesimulator -F /Users/runner/work/PartyDeck/PartyDeck/godot/ios-host/build/artifacts -c -j3 -enable-batch-mode -incremental -Xcc -ivfsstatcache -Xcc /Users/runner/work/PartyDeck/PartyDeck/godot/ios-host/build/AuthorityDerivedData/SDKStatCaches.noindex/iphonesimulator26.4-23E252-688ef53f1462e2c8f657fdc38a81448f893e4a944e4cdd9af1f5077e1341bc52.sdkstatcache -output-file-map /Users/runner/work/PartyDeck/PartyDeck/godot/ios-host/build/AuthorityDerivedData/Build/Intermediates.noindex/AuthorityHost.build/Debug-iphonesimulator/AuthorityHost.build/Objects-normal/arm64/AuthorityHost-OutputFileMap.json -use-frontend-parseable-output -save-temps -no-color-diagnostics -explicit-module-build -module-cache-path /Users/runner/work/PartyDeck/PartyDeck/godot/ios-host/build/AuthorityDerivedData/Build/Intermediates.noindex/SwiftExplicitPrecompiledModules -clang-scanner-module-cache-path /Users/runner/work/PartyDeck/PartyDeck/godot/ios-host/build/AuthorityDerivedData/ModuleCache.noindex -sdk-module-cache-path /Users/runner/work/PartyDeck/PartyDeck/godot/ios-host/build/AuthorityDerivedData/ModuleCache.noindex -serialize-diagnostics -emit-dependencies -emit-module -emit-module-path /Users/runner/work/PartyDeck/PartyDeck/godot/ios-host/build/AuthorityDerivedData/Build/Intermediates.noindex/AuthorityHost.build/Debug-iphonesimulator/AuthorityHost.build/Objects-normal/arm64/AuthorityHost.swiftmodule -validate-clang-modules-once -clang-build-session-file /Users/runner/work/PartyDeck/PartyDeck/godot/ios-host/build/AuthorityDerivedData/ModuleCache.noindex/Session.modulevalidation -Xcc -I/Users/runner/work/PartyDeck/PartyDeck/godot/ios-host/build/AuthorityDerivedData/Build/Intermediates.noindex/AuthorityHost.build/Debug-iphonesimulator/AuthorityHost.build/swift-overrides.hmap -emit-const-values -Xfrontend -const-gather-protocols-file -Xfrontend /Users/runner/work/PartyDeck/PartyDeck/godot/ios-host/build/AuthorityDerivedData/Build/Intermediates.noindex/AuthorityHost.build/Debug-iphonesimulator/AuthorityHost.build/Objects-normal/arm64/AuthorityHost_const_extract_protocols.json -Xcc -iquote -Xcc /Users/runner/work/PartyDeck/PartyDeck/godot/ios-host/build/AuthorityDerivedData/Build/Intermediates.noindex/AuthorityHost.build/Debug-iphonesimulator/AuthorityHost.build/AuthorityHost-generated-files.hmap -Xcc -I/Users/runner/work/PartyDeck/PartyDeck/godot/ios-host/build/AuthorityDerivedData/Build/Intermediates.noindex/AuthorityHost.build/Debug-iphonesimulator/AuthorityHost.build/AuthorityHost-own-target-headers.hmap -Xcc -I/Users/runner/work/PartyDeck/PartyDeck/godot/ios-host/build/AuthorityDerivedData/Build/Intermediates.noindex/AuthorityHost.build/Debug-iphonesimulator/AuthorityHost.build/AuthorityHost-all-target-headers.hmap -Xcc -iquote -Xcc /Users/runner/work/PartyDeck/PartyDeck/godot/ios-host/build/AuthorityDerivedData/Build/Intermediates.noindex/AuthorityHost.build/Debug-iphonesimulator/AuthorityHost.build/AuthorityHost-project-headers.hmap -Xcc -I/Users/runner/work/PartyDeck/PartyDeck/godot/ios-host/build/AuthorityDerivedData/Build/Products/Debug-iphonesimulator/include -Xcc -I/Users/runner/work/PartyDeck/PartyDeck/godot/ios-host/build/AuthorityDerivedData/Build/Intermediates.noindex/AuthorityHost.build/Debug-iphonesimulator/AuthorityHost.build/DerivedSources-normal/arm64 -Xcc -I/Users/runner/work/PartyDeck/PartyDeck/godot/ios-host/build/AuthorityDerivedData/Build/Intermediates.noindex/AuthorityHost.build/Debug-iphonesimulator/AuthorityHost.build/DerivedSources/arm64 -Xcc -I/Users/runner/work/PartyDeck/PartyDeck/godot/ios-host/build/AuthorityDerivedData/Build/Intermediates.noindex/AuthorityHost.build/Debug-iphonesimulator/AuthorityHost.build/DerivedSources -emit-objc-header -emit-objc-header-path /Users/runner/work/PartyDeck/PartyDeck/godot/ios-host/build/AuthorityDerivedData/Build/Intermediates.noindex/AuthorityHost.build/Debug-iphonesimulator/AuthorityHost.build/Objects-normal/arm64/AuthorityHost-Swift.h -import-objc-header /Users/runner/work/PartyDeck/PartyDeck/godot/ios-host/modules/partydeck_ios_probe/PDGodotRuntime.h -working-directory /Users/runner/work/PartyDeck/PartyDeck/godot/ios-host -experimental-emit-module-separately -disable-cmo
2026-09-10T10:11:30.6930710Z 
2026-09-10T10:11:30.6932840Z Ld /Users/runner/work/PartyDeck/PartyDeck/godot/ios-host/build/AuthorityDerivedData/Build/Products/Debug-iphonesimulator/AuthorityHost.app/AuthorityHost normal (in target 'AuthorityHost' from project 'AuthorityHost')
2026-09-10T10:11:30.6935490Z     cd /Users/runner/work/PartyDeck/PartyDeck/godot/ios-host
2026-09-10T10:11:30.6950020Z     /Applications/Xcode_26.4.1.app/Contents/Developer/Toolchains/XcodeDefault.xctoolchain/usr/bin/clang -Xlinker -reproducible -target arm64-apple-ios15.0-simulator -isysroot /Applications/Xcode_26.4.1.app/Contents/Developer/Platforms/iPhoneSimulator.platform/Developer/SDKs/iPhoneSimulator26.4.sdk -Os -L/Users/runner/work/PartyDeck/PartyDeck/godot/ios-host/build/AuthorityDerivedData/Build/Intermediates.noindex/EagerLinkingTBDs/Debug-iphonesimulator -L/Users/runner/work/PartyDeck/PartyDeck/godot/ios-host/build/AuthorityDerivedData/Build/Products/Debug-iphonesimulator -L/Users/runner/work/PartyDeck/PartyDeck/godot/ios-host/build/artifacts -F/Users/runner/work/PartyDeck/PartyDeck/godot/ios-host/build/AuthorityDerivedData/Build/Intermediates.noindex/EagerLinkingTBDs/Debug-iphonesimulator -F/Users/runner/work/PartyDeck/PartyDeck/godot/ios-host/build/AuthorityDerivedData/Build/Products/Debug-iphonesimulator -F/Users/runner/work/PartyDeck/PartyDeck/godot/ios-host/build/artifacts -filelist /Users/runner/work/PartyDeck/PartyDeck/godot/ios-host/build/AuthorityDerivedData/Build/Intermediates.noindex/AuthorityHost.build/Debug-iphonesimulator/AuthorityHost.build/Objects-normal/arm64/AuthorityHost.LinkFileList -Xlinker -rpath -Xlinker /usr/lib/swift -Xlinker -rpath -Xlinker @executable_path/Frameworks -Xlinker -map -Xlinker /Users/runner/work/PartyDeck/PartyDeck/godot/ios-host/build/evidence/authority-host-LinkMap-Debug-arm64.txt -Xlinker -dead_strip -Xlinker -object_path_lto -Xlinker /Users/runner/work/PartyDeck/PartyDeck/godot/ios-host/build/AuthorityDerivedData/Build/Intermediates.noindex/AuthorityHost.build/Debug-iphonesimulator/AuthorityHost.build/Objects-normal/arm64/AuthorityHost_lto.o -rdynamic -Xlinker -objc_abi_version -Xlinker 2 -Xlinker -dependency_info -Xlinker /Users/runner/work/PartyDeck/PartyDeck/godot/ios-host/build/AuthorityDerivedData/Build/Intermediates.noindex/AuthorityHost.build/Debug-iphonesimulator/AuthorityHost.build/Objects-normal/arm64/AuthorityHost_dependency_info.dat -fobjc-link-runtime -L/Applications/Xcode_26.4.1.app/Contents/Developer/Toolchains/XcodeDefault.xctoolchain/usr/lib/swift/iphonesimulator -L/usr/lib/swift -Xlinker -add_ast_path -Xlinker /Users/runner/work/PartyDeck/PartyDeck/godot/ios-host/build/AuthorityDerivedData/Build/Intermediates.noindex/AuthorityHost.build/Debug-iphonesimulator/AuthorityHost.build/Objects-normal/arm64/AuthorityHost.swiftmodule @/Users/runner/work/PartyDeck/PartyDeck/godot/ios-host/build/AuthorityDerivedData/Build/Intermediates.noindex/AuthorityHost.build/Debug-iphonesimulator/AuthorityHost.build/Objects-normal/arm64/AuthorityHost-linker-args.resp -lc++ -lz -liconv -framework Security -lpartydeck_godot_ios_probe -lpartydeck_godot_camera -framework PartyDeckGodotBridge -o /Users/runner/work/PartyDeck/PartyDeck/godot/ios-host/build/AuthorityDerivedData/Build/Products/Debug-iphonesimulator/AuthorityHost.app/AuthorityHost
2026-09-10T10:11:36.5310910Z 
2026-09-10T10:11:36.5417150Z CopySwiftLibs /Users/runner/work/PartyDeck/PartyDeck/godot/ios-host/build/AuthorityDerivedData/Build/Products/Debug-iphonesimulator/AuthorityHost.app (in target 'AuthorityHost' from project 'AuthorityHost')
2026-09-10T10:11:36.5516170Z     cd /Users/runner/work/PartyDeck/PartyDeck/godot/ios-host
2026-09-10T10:11:36.5662790Z     builtin-swiftStdLibTool --copy --verbose --scan-executable /Users/runner/work/PartyDeck/PartyDeck/godot/ios-host/build/AuthorityDerivedData/Build/Products/Debug-iphonesimulator/AuthorityHost.app/AuthorityHost --scan-folder /Users/runner/work/PartyDeck/PartyDeck/godot/ios-host/build/AuthorityDerivedData/Build/Products/Debug-iphonesimulator/AuthorityHost.app/Frameworks --scan-folder /Users/runner/work/PartyDeck/PartyDeck/godot/ios-host/build/AuthorityDerivedData/Build/Products/Debug-iphonesimulator/AuthorityHost.app/PlugIns --scan-folder /Users/runner/work/PartyDeck/PartyDeck/godot/ios-host/build/AuthorityDerivedData/Build/Products/Debug-iphonesimulator/AuthorityHost.app/SystemExtensions --scan-folder /Users/runner/work/PartyDeck/PartyDeck/godot/ios-host/build/AuthorityDerivedData/Build/Products/Debug-iphonesimulator/AuthorityHost.app/Extensions --scan-folder /Users/runner/work/PartyDeck/PartyDeck/godot/ios-host/build/artifacts/PartyDeckGodotBridge.framework --platform iphonesimulator --toolchain /var/run/com.apple.security.cryptexd/mnt/com.apple.MobileAsset.MetalToolchain-v17.5.188.0.ZfHsjO/Metal.xctoolchain --toolchain /Applications/Xcode_26.4.1.app/Contents/Developer/Toolchains/XcodeDefault.xctoolchain --destination /Users/runner/work/PartyDeck/PartyDeck/godot/ios-host/build/AuthorityDerivedData/Build/Products/Debug-iphonesimulator/AuthorityHost.app/Frameworks --strip-bitcode --strip-bitcode-tool /Applications/Xcode_26.4.1.app/Contents/Developer/Toolchains/XcodeDefault.xctoolchain/usr/bin/bitcode_strip --emit-dependency-info /Users/runner/work/PartyDeck/PartyDeck/godot/ios-host/build/AuthorityDerivedData/Build/Intermediates.noindex/AuthorityHost.build/Debug-iphonesimulator/AuthorityHost.build/SwiftStdLibToolInputDependencies.dep --filter-for-swift-os --back-deploy-swift-span
2026-09-10T10:11:36.7123920Z Ignoring --strip-bitcode because --sign was not passed
2026-09-10T10:11:36.7128060Z 
2026-09-10T10:11:36.7128420Z ExtractAppIntentsMetadata (in target 'AuthorityHost' from project 'AuthorityHost')
2026-09-10T10:11:36.7128910Z     cd /Users/runner/work/PartyDeck/PartyDeck/godot/ios-host
2026-09-10T10:11:36.7138870Z     /Applications/Xcode_26.4.1.app/Contents/Developer/Toolchains/XcodeDefault.xctoolchain/usr/bin/appintentsmetadataprocessor --toolchain-dir /var/run/com.apple.security.cryptexd/mnt/com.apple.MobileAsset.MetalToolchain-v17.5.188.0.ZfHsjO/Metal.xctoolchain --module-name AuthorityHost --sdk-root /Applications/Xcode_26.4.1.app/Contents/Developer/Platforms/iPhoneSimulator.platform/Developer/SDKs/iPhoneSimulator26.4.sdk --xcode-version 17E202 --platform-family iOS --deployment-target 15.0 --bundle-identifier dev.partydeck.godot.iosauthority --output /Users/runner/work/PartyDeck/PartyDeck/godot/ios-host/build/AuthorityDerivedData/Build/Products/Debug-iphonesimulator/AuthorityHost.app --target-triple arm64-apple-ios15.0-simulator --binary-file /Users/runner/work/PartyDeck/PartyDeck/godot/ios-host/build/AuthorityDerivedData/Build/Products/Debug-iphonesimulator/AuthorityHost.app/AuthorityHost --dependency-file /Users/runner/work/PartyDeck/PartyDeck/godot/ios-host/build/AuthorityDerivedData/Build/Intermediates.noindex/AuthorityHost.build/Debug-iphonesimulator/AuthorityHost.build/Objects-normal/arm64/AuthorityHost_dependency_info.dat --stringsdata-file /Users/runner/work/PartyDeck/PartyDeck/godot/ios-host/build/AuthorityDerivedData/Build/Intermediates.noindex/AuthorityHost.build/Debug-iphonesimulator/AuthorityHost.build/Objects-normal/arm64/ExtractedAppShortcutsMetadata.stringsdata --source-file-list /Users/runner/work/PartyDeck/PartyDeck/godot/ios-host/build/AuthorityDerivedData/Build/Intermediates.noindex/AuthorityHost.build/Debug-iphonesimulator/AuthorityHost.build/Objects-normal/arm64/AuthorityHost.SwiftFileList --metadata-file-list /Users/runner/work/PartyDeck/PartyDeck/godot/ios-host/build/AuthorityDerivedData/Build/Intermediates.noindex/AuthorityHost.build/Debug-iphonesimulator/AuthorityHost.build/AuthorityHost.DependencyMetadataFileList --static-metadata-file-list /Users/runner/work/PartyDeck/PartyDeck/godot/ios-host/build/AuthorityDerivedData/Build/Intermediates.noindex/AuthorityHost.build/Debug-iphonesimulator/AuthorityHost.build/AuthorityHost.DependencyStaticMetadataFileList --swift-const-vals-list /Users/runner/work/PartyDeck/PartyDeck/godot/ios-host/build/AuthorityDerivedData/Build/Intermediates.noindex/AuthorityHost.build/Debug-iphonesimulator/AuthorityHost.build/Objects-normal/arm64/AuthorityHost.SwiftConstValuesFileList --compile-time-extraction --deployment-aware-processing --validate-assistant-intents --no-app-shortcuts-localization
2026-09-10T10:11:36.9315710Z 2026-09-10 10:11:36.893 appintentsmetadataprocessor[5886:20858] Starting appintentsmetadataprocessor export
2026-09-10T10:11:36.9320500Z 2026-09-10 10:11:36.918 appintentsmetadataprocessor[5886:20858] warning: Metadata extraction skipped. No AppIntents.framework dependency found.
2026-09-10T10:11:36.9327590Z 
2026-09-10T10:11:36.9376170Z AppIntentsSSUTraining (in target 'AuthorityHost' from project 'AuthorityHost')
2026-09-10T10:11:36.9376970Z     cd /Users/runner/work/PartyDeck/PartyDeck/godot/ios-host
2026-09-10T10:11:36.9390080Z     /Applications/Xcode_26.4.1.app/Contents/Developer/Toolchains/XcodeDefault.xctoolchain/usr/bin/appintentsnltrainingprocessor --infoplist-path /Users/runner/work/PartyDeck/PartyDeck/godot/ios-host/build/AuthorityDerivedData/Build/Products/Debug-iphonesimulator/AuthorityHost.app/Info.plist --temp-dir-path /Users/runner/work/PartyDeck/PartyDeck/godot/ios-host/build/AuthorityDerivedData/Build/Intermediates.noindex/AuthorityHost.build/Debug-iphonesimulator/AuthorityHost.build/ssu --bundle-id dev.partydeck.godot.iosauthority --product-path /Users/runner/work/PartyDeck/PartyDeck/godot/ios-host/build/AuthorityDerivedData/Build/Products/Debug-iphonesimulator/AuthorityHost.app --extracted-metadata-path /Users/runner/work/PartyDeck/PartyDeck/godot/ios-host/build/AuthorityDerivedData/Build/Products/Debug-iphonesimulator/AuthorityHost.app/Metadata.appintents --metadata-file-list /Users/runner/work/PartyDeck/PartyDeck/godot/ios-host/build/AuthorityDerivedData/Build/Intermediates.noindex/AuthorityHost.build/Debug-iphonesimulator/AuthorityHost.build/AuthorityHost.DependencyMetadataFileList --source-file /Users/runner/work/PartyDeck/PartyDeck/godot/ios-host/build/AuthorityDerivedData/Build/Products/Debug-iphonesimulator/AuthorityHost.app/Info.plist --archive-ssu-assets
2026-09-10T10:11:37.0489020Z 2026-09-10 10:11:37.006 appintentsnltrainingprocessor[5888:20873] Parsing options for appintentsnltrainingprocessor
2026-09-10T10:11:37.0528490Z 2026-09-10 10:11:37.007 appintentsnltrainingprocessor[5888:20873] Starting AppIntents SSU YAML Generation
2026-09-10T10:11:37.0531900Z 2026-09-10 10:11:37.046 appintentsnltrainingprocessor[5888:20873] No AppShortcuts found - Skipping.
2026-09-10T10:11:37.0532910Z 
2026-09-10T10:11:37.0535760Z RegisterExecutionPolicyException /Users/runner/work/PartyDeck/PartyDeck/godot/ios-host/build/AuthorityDerivedData/Build/Products/Debug-iphonesimulator/AuthorityHost.app (in target 'AuthorityHost' from project 'AuthorityHost')
2026-09-10T10:11:37.0575730Z     cd /Users/runner/work/PartyDeck/PartyDeck/godot/ios-host
2026-09-10T10:11:37.0589440Z     builtin-RegisterExecutionPolicyException /Users/runner/work/PartyDeck/PartyDeck/godot/ios-host/build/AuthorityDerivedData/Build/Products/Debug-iphonesimulator/AuthorityHost.app
2026-09-10T10:11:37.1323010Z 
2026-09-10T10:11:37.1328630Z Validate /Users/runner/work/PartyDeck/PartyDeck/godot/ios-host/build/AuthorityDerivedData/Build/Products/Debug-iphonesimulator/AuthorityHost.app (in target 'AuthorityHost' from project 'AuthorityHost')
2026-09-10T10:11:37.1330910Z     cd /Users/runner/work/PartyDeck/PartyDeck/godot/ios-host
2026-09-10T10:11:37.1331850Z     builtin-validationUtility /Users/runner/work/PartyDeck/PartyDeck/godot/ios-host/build/AuthorityDerivedData/Build/Products/Debug-iphonesimulator/AuthorityHost.app -shallow-bundle -infoplist-subpath Info.plist
2026-09-10T10:11:37.1357650Z 
2026-09-10T10:11:37.1363750Z Touch /Users/runner/work/PartyDeck/PartyDeck/godot/ios-host/build/AuthorityDerivedData/Build/Products/Debug-iphonesimulator/AuthorityHost.app (in target 'AuthorityHost' from project 'AuthorityHost')
2026-09-10T10:11:37.1366630Z     cd /Users/runner/work/PartyDeck/PartyDeck/godot/ios-host
2026-09-10T10:11:37.1368840Z     /usr/bin/touch -c /Users/runner/work/PartyDeck/PartyDeck/godot/ios-host/build/AuthorityDerivedData/Build/Products/Debug-iphonesimulator/AuthorityHost.app
2026-09-10T10:11:37.1400970Z 
2026-09-10T10:11:37.2918910Z ** BUILD SUCCEEDED **
2026-09-10T10:11:37.2981390Z 
2026-09-10T10:11:43.3067100Z Recorded the linked Swift owner.
2026-09-10T10:11:50.4471520Z Using iPhone 17 / iOS 26.4 (6762BD8F-E960-4E21-B8DB-9D43947B47AF)
2026-09-10T10:11:53.0014930Z Monitoring boot status for iPhone 17 (6762BD8F-E960-4E21-B8DB-9D43947B47AF).
2026-09-10T10:11:53.0020800Z Booting device...
2026-09-10T10:11:53.0022060Z [2026-09-10 10:11:52 +0000] Status=0, isTerminal=NO, Elapsed=00:00.
2026-09-10T10:11:53.0025850Z 	Booting
2026-09-10T10:11:53.0026610Z 
2026-09-10T10:12:01.7739190Z [2026-09-10 10:12:01 +0000] Status=1, isTerminal=NO, Elapsed=00:08.
2026-09-10T10:12:02.0426150Z 	Waiting on BackBoard
2026-09-10T10:12:02.3153750Z 
2026-09-10T10:12:08.0592790Z [2026-09-10 10:12:07 +0000] Status=2, isTerminal=NO, Elapsed=00:14.
2026-09-10T10:12:08.0602170Z 	Waiting on Data Migration
2026-09-10T10:12:08.1400870Z 		Reason:(null)
2026-09-10T10:12:08.2239300Z 		Migration Elapsed:00:03 seconds
2026-09-10T10:12:08.3060400Z 
2026-09-10T10:12:09.3735010Z [2026-09-10 10:12:08 +0000] Status=2, isTerminal=NO, Elapsed=00:15.
2026-09-10T10:12:09.5148350Z 	Waiting on Data Migration
2026-09-10T10:12:10.2688030Z 		Reason:Gathering plugins
2026-09-10T10:12:11.2640210Z 		Migration Elapsed:00:05 seconds
2026-09-10T10:12:11.3485830Z 
2026-09-10T10:12:11.4309610Z [2026-09-10 10:12:10 +0000] Status=2, isTerminal=NO, Elapsed=00:17.
2026-09-10T10:12:11.5940900Z 	Waiting on Data Migration
2026-09-10T10:12:11.8514950Z 		Reason:Running plugin com.apple.MobileContainerManager.ContainerMigrator (ContainerMigrator.migrator, user-agnostic)
2026-09-10T10:12:11.9356790Z 		Migration Elapsed:00:05 seconds
2026-09-10T10:12:12.0172200Z 
2026-09-10T10:12:12.1825390Z [2026-09-10 10:12:11 +0000] Status=2, isTerminal=NO, Elapsed=00:18.
2026-09-10T10:12:12.2692880Z 	Waiting on Data Migration
2026-09-10T10:12:12.3545280Z 		Reason:Running plugin com.apple.-0LaunchServicesMigrator (00LaunchServicesMigrator.migrator, user-agnostic)
2026-09-10T10:12:12.4431590Z 		Migration Elapsed:00:07 seconds
2026-09-10T10:12:12.5261440Z 
2026-09-10T10:12:12.6082800Z [2026-09-10 10:12:11 +0000] Status=2, isTerminal=NO, Elapsed=00:18.
2026-09-10T10:12:12.7722270Z 	Waiting on Data Migration
2026-09-10T10:12:12.8546590Z 		Reason:Running plugin com.apple.-0LaunchServicesMigrator (00LaunchServicesMigrator.migrator, user-agnostic)
2026-09-10T10:12:12.9409550Z 		Migration Elapsed:00:07 seconds
2026-09-10T10:12:13.2695460Z 
2026-09-10T10:12:13.4360180Z [2026-09-10 10:12:12 +0000] Status=2, isTerminal=NO, Elapsed=00:19.
2026-09-10T10:12:13.6837840Z 	Waiting on Data Migration
2026-09-10T10:12:13.7668910Z 		Reason:Running plugin com.apple.-0LaunchServicesMigrator (00LaunchServicesMigrator.migrator, user-agnostic)
2026-09-10T10:12:13.7673040Z 		Migration Elapsed:00:08 seconds
2026-09-10T10:12:13.9355420Z 
2026-09-10T10:12:14.0213570Z [2026-09-10 10:12:13 +0000] Status=2, isTerminal=NO, Elapsed=00:20.
2026-09-10T10:12:14.1035180Z 	Waiting on Data Migration
2026-09-10T10:12:14.1869080Z 		Reason:Running plugin com.apple.-0LaunchServicesMigrator (00LaunchServicesMigrator.migrator, user-agnostic)
2026-09-10T10:12:14.2693280Z 		Migration Elapsed:00:09 seconds
2026-09-10T10:12:14.4345300Z 
2026-09-10T10:12:14.5972930Z [2026-09-10 10:12:14 +0000] Status=2, isTerminal=NO, Elapsed=00:21.
2026-09-10T10:12:14.7587610Z 	Waiting on Data Migration
2026-09-10T10:12:14.8411170Z 		Reason:Running plugin com.apple.-0LaunchServicesMigrator (00LaunchServicesMigrator.migrator, user-agnostic)
2026-09-10T10:12:14.9214870Z 		Migration Elapsed:00:10 seconds
2026-09-10T10:12:15.0882270Z 
2026-09-10T10:12:16.4467380Z [2026-09-10 10:12:16 +0000] Status=2, isTerminal=NO, Elapsed=00:23.
2026-09-10T10:12:16.5319820Z 	Waiting on Data Migration
2026-09-10T10:12:16.8678760Z 		Reason:Running plugin com.apple.-0LaunchServicesMigrator (00LaunchServicesMigrator.migrator, user-agnostic)
2026-09-10T10:12:17.0349080Z 		Migration Elapsed:00:11 seconds
2026-09-10T10:12:17.2276100Z 
2026-09-10T10:12:18.8801780Z [2026-09-10 10:12:18 +0000] Status=2, isTerminal=NO, Elapsed=00:25.
2026-09-10T10:12:18.9647870Z 	Waiting on Data Migration
2026-09-10T10:12:19.1294310Z 		Reason:Running plugin com.apple.-0LaunchServicesMigrator (00LaunchServicesMigrator.migrator, user-agnostic)
2026-09-10T10:12:19.2108530Z 		Migration Elapsed:00:12 seconds
2026-09-10T10:12:19.3777090Z 
2026-09-10T10:12:19.6312510Z [2026-09-10 10:12:19 +0000] Status=2, isTerminal=NO, Elapsed=00:26.
2026-09-10T10:12:19.8044720Z 	Waiting on Data Migration
2026-09-10T10:12:20.3085580Z 		Reason:Running plugin com.apple.-0LaunchServicesMigrator (00LaunchServicesMigrator.migrator, user-agnostic)
2026-09-10T10:12:20.4731540Z 		Migration Elapsed:00:15 seconds
2026-09-10T10:12:20.6366840Z 
2026-09-10T10:12:20.7991850Z [2026-09-10 10:12:19 +0000] Status=2, isTerminal=NO, Elapsed=00:26.
2026-09-10T10:12:21.0448910Z 	Waiting on Data Migration
2026-09-10T10:12:21.0451620Z 		Reason:Running plugin com.apple.-0LaunchServicesMigrator (00LaunchServicesMigrator.migrator, user-agnostic)
2026-09-10T10:12:21.0456330Z 		Migration Elapsed:00:15 seconds
2026-09-10T10:12:21.1298650Z 
2026-09-10T10:12:21.2932460Z [2026-09-10 10:12:20 +0000] Status=2, isTerminal=NO, Elapsed=00:27.
2026-09-10T10:12:21.7087350Z 	Waiting on Data Migration
2026-09-10T10:12:22.2021250Z 		Reason:Running plugin com.apple.-0LaunchServicesMigrator (00LaunchServicesMigrator.migrator, user-agnostic)
2026-09-10T10:12:22.2805010Z 		Migration Elapsed:00:16 seconds
2026-09-10T10:12:22.6079020Z 
2026-09-10T10:12:22.6079240Z [2026-09-10 10:12:21 +0000] Status=2, isTerminal=NO, Elapsed=00:28.
2026-09-10T10:12:22.6079700Z 	Waiting on Data Migration
2026-09-10T10:12:22.6084120Z 		Reason:Running plugin com.apple.-0LaunchServicesMigrator (00LaunchServicesMigrator.migrator, user-agnostic)
2026-09-10T10:12:22.6084870Z 		Migration Elapsed:00:17 seconds
2026-09-10T10:12:22.6085200Z 
2026-09-10T10:12:22.6085360Z [2026-09-10 10:12:22 +0000] Status=2, isTerminal=NO, Elapsed=00:29.
2026-09-10T10:12:22.6085780Z 	Waiting on Data Migration
2026-09-10T10:12:22.6086360Z 		Reason:Running plugin com.apple.-0LaunchServicesMigrator (00LaunchServicesMigrator.migrator, user-agnostic)
2026-09-10T10:12:22.6086990Z 		Migration Elapsed:00:18 seconds
2026-09-10T10:12:22.6087270Z 
2026-09-10T10:12:23.6699870Z [2026-09-10 10:12:23 +0000] Status=2, isTerminal=NO, Elapsed=00:30.
2026-09-10T10:12:23.7514760Z 	Waiting on Data Migration
2026-09-10T10:12:23.7547690Z 		Reason:Running plugin com.apple.-0LaunchServicesMigrator (00LaunchServicesMigrator.migrator, user-agnostic)
2026-09-10T10:12:23.8380940Z 		Migration Elapsed:00:19 seconds
2026-09-10T10:12:23.9219050Z 
2026-09-10T10:12:25.0760170Z [2026-09-10 10:12:24 +0000] Status=2, isTerminal=NO, Elapsed=00:31.
2026-09-10T10:12:25.2418450Z 	Waiting on Data Migration
2026-09-10T10:12:25.3227240Z 		Reason:Running plugin com.apple.-0LaunchServicesMigrator (00LaunchServicesMigrator.migrator, user-agnostic)
2026-09-10T10:12:25.5716370Z 		Migration Elapsed:00:20 seconds
2026-09-10T10:12:26.0622090Z 
2026-09-10T10:12:26.1436700Z [2026-09-10 10:12:25 +0000] Status=2, isTerminal=NO, Elapsed=00:32.
2026-09-10T10:12:26.2302300Z 	Waiting on Data Migration
2026-09-10T10:12:26.3123270Z 		Reason:Running plugin com.apple.-0LaunchServicesMigrator (00LaunchServicesMigrator.migrator, user-agnostic)
2026-09-10T10:12:26.3936650Z 		Migration Elapsed:00:21 seconds
2026-09-10T10:12:26.4781950Z 
2026-09-10T10:12:26.6421300Z [2026-09-10 10:12:26 +0000] Status=2, isTerminal=NO, Elapsed=00:33.
2026-09-10T10:12:26.7237940Z 	Waiting on Data Migration
2026-09-10T10:12:26.7242380Z 		Reason:Running plugin com.apple.-0LaunchServicesMigrator (00LaunchServicesMigrator.migrator, user-agnostic)
2026-09-10T10:12:26.8054780Z 		Migration Elapsed:00:22 seconds
2026-09-10T10:12:26.9700260Z 
2026-09-10T10:12:28.0488580Z [2026-09-10 10:12:27 +0000] Status=2, isTerminal=NO, Elapsed=00:34.
2026-09-10T10:12:28.0498630Z 	Waiting on Data Migration
2026-09-10T10:12:28.1313250Z 		Reason:Running plugin com.apple.-0LaunchServicesMigrator (00LaunchServicesMigrator.migrator, user-agnostic)
2026-09-10T10:12:28.9573040Z 		Migration Elapsed:00:23 seconds
2026-09-10T10:12:29.0399090Z 
2026-09-10T10:12:29.0399900Z [2026-09-10 10:12:28 +0000] Status=2, isTerminal=NO, Elapsed=00:35.
2026-09-10T10:12:29.1207890Z 	Waiting on Data Migration
2026-09-10T10:12:29.2041990Z 		Reason:Running plugin com.apple.-0LaunchServicesMigrator (00LaunchServicesMigrator.migrator, user-agnostic)
2026-09-10T10:12:29.2840780Z 		Migration Elapsed:00:24 seconds
2026-09-10T10:12:29.3646160Z 
2026-09-10T10:12:29.9255080Z [2026-09-10 10:12:29 +0000] Status=2, isTerminal=NO, Elapsed=00:36.
2026-09-10T10:12:29.9256120Z 	Waiting on Data Migration
2026-09-10T10:12:30.0943490Z 		Reason:Running plugin com.apple.-0LaunchServicesMigrator (00LaunchServicesMigrator.migrator, user-agnostic)
2026-09-10T10:12:30.3398270Z 		Migration Elapsed:00:25 seconds
2026-09-10T10:12:30.4201260Z 
2026-09-10T10:12:30.6690770Z [2026-09-10 10:12:30 +0000] Status=2, isTerminal=NO, Elapsed=00:37.
2026-09-10T10:12:30.7546000Z 	Waiting on Data Migration
2026-09-10T10:12:30.8366730Z 		Reason:Running plugin com.apple.-0LaunchServicesMigrator (00LaunchServicesMigrator.migrator, user-agnostic)
2026-09-10T10:12:30.9183990Z 		Migration Elapsed:00:26 seconds
2026-09-10T10:12:31.0007450Z 
2026-09-10T10:12:31.6660810Z [2026-09-10 10:12:31 +0000] Status=2, isTerminal=NO, Elapsed=00:38.
2026-09-10T10:12:31.9088890Z 	Waiting on Data Migration
2026-09-10T10:12:31.9905600Z 		Reason:Running plugin com.apple.-0LaunchServicesMigrator (00LaunchServicesMigrator.migrator, user-agnostic)
2026-09-10T10:12:32.0720680Z 		Migration Elapsed:00:27 seconds
2026-09-10T10:12:32.0721060Z 
2026-09-10T10:12:32.3998910Z [2026-09-10 10:12:32 +0000] Status=2, isTerminal=NO, Elapsed=00:39.
2026-09-10T10:12:32.4812760Z 	Waiting on Data Migration
2026-09-10T10:12:32.5630990Z 		Reason:Running plugin com.apple.-0LaunchServicesMigrator (00LaunchServicesMigrator.migrator, user-agnostic)
2026-09-10T10:12:32.5632090Z 		Migration Elapsed:00:28 seconds
2026-09-10T10:12:32.6446090Z 
2026-09-10T10:12:33.8897390Z [2026-09-10 10:12:33 +0000] Status=2, isTerminal=NO, Elapsed=00:40.
2026-09-10T10:12:34.7881540Z 	Waiting on Data Migration
2026-09-10T10:12:34.8042100Z 		Reason:Running plugin com.apple.-0LaunchServicesMigrator (00LaunchServicesMigrator.migrator, user-agnostic)
2026-09-10T10:12:34.8404170Z 		Migration Elapsed:00:29 seconds
2026-09-10T10:12:34.9235310Z 
2026-09-10T10:12:35.8097340Z [2026-09-10 10:12:34 +0000] Status=2, isTerminal=NO, Elapsed=00:41.
2026-09-10T10:12:36.3948800Z 	Waiting on Data Migration
2026-09-10T10:12:36.4161820Z 		Reason:Running plugin com.apple.-0LaunchServicesMigrator (00LaunchServicesMigrator.migrator, user-agnostic)
2026-09-10T10:12:36.4286350Z 		Migration Elapsed:00:30 seconds
2026-09-10T10:12:36.4702070Z 
2026-09-10T10:12:36.4827310Z [2026-09-10 10:12:35 +0000] Status=2, isTerminal=NO, Elapsed=00:42.
2026-09-10T10:12:36.5118160Z 	Waiting on Data Migration
2026-09-10T10:12:36.5257950Z 		Reason:Running plugin com.apple.-0LaunchServicesMigrator (00LaunchServicesMigrator.migrator, user-agnostic)
2026-09-10T10:12:36.5528690Z 		Migration Elapsed:00:31 seconds
2026-09-10T10:12:36.7098340Z 
2026-09-10T10:12:36.7241810Z [2026-09-10 10:12:36 +0000] Status=2, isTerminal=NO, Elapsed=00:43.
2026-09-10T10:12:36.8711390Z 	Waiting on Data Migration
2026-09-10T10:12:36.9711860Z 		Reason:Running plugin com.apple.-0LaunchServicesMigrator (00LaunchServicesMigrator.migrator, user-agnostic)
2026-09-10T10:12:37.2640880Z 		Migration Elapsed:00:32 seconds
2026-09-10T10:12:37.4113080Z 
2026-09-10T10:12:37.4352250Z [2026-09-10 10:12:37 +0000] Status=2, isTerminal=NO, Elapsed=00:44.
2026-09-10T10:12:37.5121920Z 	Waiting on Data Migration
2026-09-10T10:12:37.5348140Z 		Reason:Running plugin com.apple.-0LaunchServicesMigrator (00LaunchServicesMigrator.migrator, user-agnostic)
2026-09-10T10:12:37.5511000Z 		Migration Elapsed:00:33 seconds
2026-09-10T10:12:37.5702970Z 
2026-09-10T10:12:38.4971600Z [2026-09-10 10:12:38 +0000] Status=2, isTerminal=NO, Elapsed=00:45.
2026-09-10T10:12:38.6882080Z 	Waiting on Data Migration
2026-09-10T10:12:38.9151380Z 		Reason:Running plugin com.apple.-0LaunchServicesMigrator (00LaunchServicesMigrator.migrator, user-agnostic)
2026-09-10T10:12:39.0262560Z 		Migration Elapsed:00:34 seconds
2026-09-10T10:12:39.0582190Z 
2026-09-10T10:12:39.4233420Z [2026-09-10 10:12:39 +0000] Status=2, isTerminal=NO, Elapsed=00:46.
2026-09-10T10:12:39.5577750Z 	Waiting on Data Migration
2026-09-10T10:12:39.6136190Z 		Reason:Running plugin com.apple.-0LaunchServicesMigrator (00LaunchServicesMigrator.migrator, user-agnostic)
2026-09-10T10:12:39.6269620Z 		Migration Elapsed:00:35 seconds
2026-09-10T10:12:39.6474470Z 
2026-09-10T10:12:40.8903130Z [2026-09-10 10:12:40 +0000] Status=2, isTerminal=NO, Elapsed=00:47.
2026-09-10T10:12:41.0134410Z 	Waiting on Data Migration
2026-09-10T10:12:41.0380290Z 		Reason:Running plugin com.apple.-0LaunchServicesMigrator (00LaunchServicesMigrator.migrator, user-agnostic)
2026-09-10T10:12:41.0626900Z 		Migration Elapsed:00:36 seconds
2026-09-10T10:12:41.0897500Z 
2026-09-10T10:12:41.7001230Z [2026-09-10 10:12:41 +0000] Status=2, isTerminal=NO, Elapsed=00:48.
2026-09-10T10:12:41.7215460Z 	Waiting on Data Migration
2026-09-10T10:12:41.7708200Z 		Reason:Running plugin com.apple.-0LaunchServicesMigrator (00LaunchServicesMigrator.migrator, user-agnostic)
2026-09-10T10:12:41.8001030Z 		Migration Elapsed:00:37 seconds
2026-09-10T10:12:41.8138460Z 
2026-09-10T10:12:42.8388170Z [2026-09-10 10:12:42 +0000] Status=2, isTerminal=NO, Elapsed=00:49.
2026-09-10T10:12:42.9936780Z 	Waiting on Data Migration
2026-09-10T10:12:42.9937320Z 		Reason:Running plugin com.apple.-0LaunchServicesMigrator (00LaunchServicesMigrator.migrator, user-agnostic)
2026-09-10T10:12:42.9938140Z 		Migration Elapsed:00:38 seconds
2026-09-10T10:12:42.9938340Z 
2026-09-10T10:12:43.4804660Z [2026-09-10 10:12:43 +0000] Status=2, isTerminal=NO, Elapsed=00:50.
2026-09-10T10:12:43.5584730Z 	Waiting on Data Migration
2026-09-10T10:12:43.6848440Z 		Reason:Running plugin com.apple.-0LaunchServicesMigrator (00LaunchServicesMigrator.migrator, user-agnostic)
2026-09-10T10:12:43.7124720Z 		Migration Elapsed:00:39 seconds
2026-09-10T10:12:43.8305950Z 
2026-09-10T10:12:44.3733150Z [2026-09-10 10:12:44 +0000] Status=2, isTerminal=NO, Elapsed=00:51.
2026-09-10T10:12:44.4940590Z 	Waiting on Data Migration
2026-09-10T10:12:44.5106510Z 		Reason:Running plugin com.apple.-0LaunchServicesMigrator (00LaunchServicesMigrator.migrator, user-agnostic)
2026-09-10T10:12:44.5253920Z 		Migration Elapsed:00:40 seconds
2026-09-10T10:12:44.5372180Z 
2026-09-10T10:12:45.4355980Z [2026-09-10 10:12:45 +0000] Status=2, isTerminal=NO, Elapsed=00:52.
2026-09-10T10:12:45.4842500Z 	Waiting on Data Migration
2026-09-10T10:12:45.5544480Z 		Reason:Running plugin com.apple.-0LaunchServicesMigrator (00LaunchServicesMigrator.migrator, user-agnostic)
2026-09-10T10:12:45.6519740Z 		Migration Elapsed:00:41 seconds
2026-09-10T10:12:45.6558980Z 
2026-09-10T10:12:46.3433420Z [2026-09-10 10:12:46 +0000] Status=2, isTerminal=NO, Elapsed=00:53.
2026-09-10T10:12:46.3842170Z 	Waiting on Data Migration
2026-09-10T10:12:46.4036150Z 		Reason:Running plugin com.apple.-0LaunchServicesMigrator (00LaunchServicesMigrator.migrator, user-agnostic)
2026-09-10T10:12:46.4189360Z 		Migration Elapsed:00:42 seconds
2026-09-10T10:12:46.4403220Z 
2026-09-10T10:12:47.8789240Z [2026-09-10 10:12:47 +0000] Status=2, isTerminal=NO, Elapsed=00:54.
2026-09-10T10:12:48.0965700Z 	Waiting on Data Migration
2026-09-10T10:12:48.2132340Z 		Reason:Running plugin com.apple.-0LaunchServicesMigrator (00LaunchServicesMigrator.migrator, user-agnostic)
2026-09-10T10:12:48.4094500Z 		Migration Elapsed:00:43 seconds
2026-09-10T10:12:48.5032660Z 
2026-09-10T10:12:48.6062120Z [2026-09-10 10:12:48 +0000] Status=2, isTerminal=NO, Elapsed=00:55.
2026-09-10T10:12:48.8206150Z 	Waiting on Data Migration
2026-09-10T10:12:48.8751030Z 		Reason:Running plugin com.apple.-0LaunchServicesMigrator (00LaunchServicesMigrator.migrator, user-agnostic)
2026-09-10T10:12:48.9020940Z 		Migration Elapsed:00:44 seconds
2026-09-10T10:12:48.9481730Z 
2026-09-10T10:12:49.4993610Z [2026-09-10 10:12:49 +0000] Status=2, isTerminal=NO, Elapsed=00:56.
2026-09-10T10:12:49.5345030Z 	Waiting on Data Migration
2026-09-10T10:12:49.5789960Z 		Reason:Running plugin com.apple.-0LaunchServicesMigrator (00LaunchServicesMigrator.migrator, user-agnostic)
2026-09-10T10:12:49.5913680Z 		Migration Elapsed:00:45 seconds
2026-09-10T10:12:49.6041350Z 
2026-09-10T10:12:50.5863260Z [2026-09-10 10:12:50 +0000] Status=2, isTerminal=NO, Elapsed=00:57.
2026-09-10T10:12:51.2081050Z 	Waiting on Data Migration
2026-09-10T10:12:51.3388730Z 		Reason:Running plugin com.apple.-0LaunchServicesMigrator (00LaunchServicesMigrator.migrator, user-agnostic)
2026-09-10T10:12:52.1837670Z 		Migration Elapsed:00:46 seconds
2026-09-10T10:12:52.1839010Z 
2026-09-10T10:12:52.6846910Z [2026-09-10 10:12:51 +0000] Status=2, isTerminal=NO, Elapsed=00:58.
2026-09-10T10:12:52.9226890Z 	Waiting on Data Migration
2026-09-10T10:12:52.9391610Z 		Reason:Running plugin com.apple.-0LaunchServicesMigrator (00LaunchServicesMigrator.migrator, user-agnostic)
2026-09-10T10:12:52.9392480Z 		Migration Elapsed:00:47 seconds
2026-09-10T10:12:52.9587690Z 
2026-09-10T10:12:52.9779430Z [2026-09-10 10:12:52 +0000] Status=2, isTerminal=NO, Elapsed=00:59.
2026-09-10T10:12:53.0335010Z 	Waiting on Data Migration
2026-09-10T10:12:53.0467910Z 		Reason:Running plugin com.apple.-0LaunchServicesMigrator (00LaunchServicesMigrator.migrator, user-agnostic)
2026-09-10T10:12:53.0862280Z 		Migration Elapsed:00:48 seconds
2026-09-10T10:12:53.0975320Z 
2026-09-10T10:12:53.3654490Z [2026-09-10 10:12:53 +0000] Status=2, isTerminal=NO, Elapsed=01:00.
2026-09-10T10:12:53.3758430Z 	Waiting on Data Migration
2026-09-10T10:12:53.3863670Z 		Reason:Running plugin com.apple.-0LaunchServicesMigrator (00LaunchServicesMigrator.migrator, user-agnostic)
2026-09-10T10:12:53.3866120Z 		Migration Elapsed:00:49 seconds
2026-09-10T10:12:53.3971510Z 
2026-09-10T10:12:54.3369560Z [2026-09-10 10:12:54 +0000] Status=2, isTerminal=NO, Elapsed=01:01.
2026-09-10T10:12:54.3538790Z 	Waiting on Data Migration
2026-09-10T10:12:54.3672750Z 		Reason:Running plugin com.apple.-0LaunchServicesMigrator (00LaunchServicesMigrator.migrator, user-agnostic)
2026-09-10T10:12:54.3819490Z 		Migration Elapsed:00:50 seconds
2026-09-10T10:12:54.3952920Z 
2026-09-10T10:12:55.3546190Z [2026-09-10 10:12:55 +0000] Status=2, isTerminal=NO, Elapsed=01:02.
2026-09-10T10:12:55.3919260Z 	Waiting on Data Migration
2026-09-10T10:12:55.4188900Z 		Reason:Running plugin com.apple.-0LaunchServicesMigrator (00LaunchServicesMigrator.migrator, user-agnostic)
2026-09-10T10:12:55.4441600Z 		Migration Elapsed:00:51 seconds
2026-09-10T10:12:55.4602980Z 
2026-09-10T10:12:56.4092910Z [2026-09-10 10:12:56 +0000] Status=2, isTerminal=NO, Elapsed=01:03.
2026-09-10T10:12:56.4096530Z 	Waiting on Data Migration
2026-09-10T10:12:56.4192470Z 		Reason:Running plugin com.apple.-0LaunchServicesMigrator (00LaunchServicesMigrator.migrator, user-agnostic)
2026-09-10T10:12:56.4321640Z 		Migration Elapsed:00:52 seconds
2026-09-10T10:12:56.5156330Z 
2026-09-10T10:12:57.3240650Z [2026-09-10 10:12:57 +0000] Status=2, isTerminal=NO, Elapsed=01:04.
2026-09-10T10:12:57.3329830Z 	Waiting on Data Migration
2026-09-10T10:12:57.3330930Z 		Reason:Running plugin com.apple.-0LaunchServicesMigrator (00LaunchServicesMigrator.migrator, user-agnostic)
2026-09-10T10:12:57.3331730Z 		Migration Elapsed:00:53 seconds
2026-09-10T10:12:57.3332150Z 
2026-09-10T10:13:01.7127430Z [2026-09-10 10:13:01 +0000] Status=2, isTerminal=NO, Elapsed=01:08.
2026-09-10T10:13:01.7905050Z 	Waiting on Data Migration
2026-09-10T10:13:01.7906430Z 		Reason:Running plugin com.apple.securityd.KeychainMigrator (KeychainMigrator.migrator, user-agnostic)
2026-09-10T10:13:01.8716270Z 		Migration Elapsed:00:54 seconds
2026-09-10T10:13:01.8716820Z 
2026-09-10T10:13:03.5258030Z [2026-09-10 10:13:03 +0000] Status=2, isTerminal=NO, Elapsed=01:10.
2026-09-10T10:13:03.5258810Z 	Waiting on Data Migration
2026-09-10T10:13:03.5833890Z 		Reason:Running plugin com.apple.managedconfiguration.migrator (MCProfile.migrator, user-agnostic)
2026-09-10T10:13:03.6620960Z 		Migration Elapsed:00:58 seconds
2026-09-10T10:13:03.7442640Z 
2026-09-10T10:13:11.0378550Z [2026-09-10 10:13:10 +0000] Status=2, isTerminal=NO, Elapsed=01:17.
2026-09-10T10:13:11.3813950Z 	Waiting on Data Migration
2026-09-10T10:13:11.4635990Z 		Reason:Running plugin com.apple.managedconfiguration.migrator (MCProfile.migrator, user-agnostic)
2026-09-10T10:13:11.5439370Z 		Migration Elapsed:00:59 seconds
2026-09-10T10:13:11.7108040Z 
2026-09-10T10:13:14.1918420Z [2026-09-10 10:13:13 +0000] Status=2, isTerminal=NO, Elapsed=01:20.
2026-09-10T10:13:14.1923400Z 	Waiting on Data Migration
2026-09-10T10:13:14.1924950Z 		Reason:Running plugin com.apple.MobileSafari.migrator (MobileSafari.migrator)
2026-09-10T10:13:14.1926060Z 		Migration Elapsed:01:06 seconds
2026-09-10T10:13:14.1942810Z 
2026-09-10T10:13:15.7530280Z [2026-09-10 10:13:15 +0000] Status=2, isTerminal=NO, Elapsed=01:22.
2026-09-10T10:13:15.8331670Z 	Waiting on Data Migration
2026-09-10T10:13:15.9140570Z 		Reason:Running plugin com.apple.message.LegacyAccountsMigrator (LegacyMessageAccountsMigrator.migrator)
2026-09-10T10:13:15.9149830Z 		Migration Elapsed:01:10 seconds
2026-09-10T10:13:15.9977260Z 
2026-09-10T10:13:16.0802430Z [2026-09-10 10:13:15 +0000] Status=2, isTerminal=NO, Elapsed=01:22.
2026-09-10T10:13:16.1592250Z 	Waiting on Data Migration
2026-09-10T10:13:16.2426250Z 		Reason:Running plugin com.apple.locationd.migrator (CoreLocationMigrator.migrator)
2026-09-10T10:13:16.8979080Z 		Migration Elapsed:01:12 seconds
2026-09-10T10:13:16.8993420Z 
2026-09-10T10:13:16.9824620Z [2026-09-10 10:13:16 +0000] Status=2, isTerminal=NO, Elapsed=01:23.
2026-09-10T10:13:17.2313820Z 	Waiting on Data Migration
2026-09-10T10:13:17.3097160Z 		Reason:Running plugin com.apple.locationd.migrator (CoreLocationMigrator.migrator)
2026-09-10T10:13:17.3098320Z 		Migration Elapsed:01:12 seconds
2026-09-10T10:13:17.3910430Z 
2026-09-10T10:13:17.6395260Z [2026-09-10 10:13:17 +0000] Status=2, isTerminal=NO, Elapsed=01:24.
2026-09-10T10:13:17.7201410Z 	Waiting on Data Migration
2026-09-10T10:13:17.8012150Z 		Reason:Running plugin com.apple.locationd.migrator (CoreLocationMigrator.migrator)
2026-09-10T10:13:17.8837230Z 		Migration Elapsed:01:13 seconds
2026-09-10T10:13:17.9651080Z 
2026-09-10T10:13:18.5401520Z [2026-09-10 10:13:18 +0000] Status=2, isTerminal=NO, Elapsed=01:25.
2026-09-10T10:13:18.7032180Z 	Waiting on Data Migration
2026-09-10T10:13:18.7824550Z 		Reason:Running plugin com.apple.locationd.migrator (CoreLocationMigrator.migrator)
2026-09-10T10:13:18.8650000Z 		Migration Elapsed:01:14 seconds
2026-09-10T10:13:18.9466670Z 
2026-09-10T10:13:19.6019110Z [2026-09-10 10:13:19 +0000] Status=2, isTerminal=NO, Elapsed=01:26.
2026-09-10T10:13:19.6829990Z 	Waiting on Data Migration
2026-09-10T10:13:19.7651850Z 		Reason:Running plugin com.apple.locationd.migrator (CoreLocationMigrator.migrator)
2026-09-10T10:13:19.8446830Z 		Migration Elapsed:01:15 seconds
2026-09-10T10:13:19.9278820Z 
2026-09-10T10:13:20.4968150Z [2026-09-10 10:13:20 +0000] Status=2, isTerminal=NO, Elapsed=01:27.
2026-09-10T10:13:20.4971780Z 	Waiting on Data Migration
2026-09-10T10:13:20.5787170Z 		Reason:Running plugin com.apple.locationd.migrator (CoreLocationMigrator.migrator)
2026-09-10T10:13:20.6592380Z 		Migration Elapsed:01:16 seconds
2026-09-10T10:13:20.7421600Z 
2026-09-10T10:13:21.4286940Z [2026-09-10 10:13:21 +0000] Status=2, isTerminal=NO, Elapsed=01:28.
2026-09-10T10:13:21.4394000Z 	Waiting on Data Migration
2026-09-10T10:13:21.4499000Z 		Reason:Running plugin com.apple.locationd.migrator (CoreLocationMigrator.migrator)
2026-09-10T10:13:21.5332890Z 		Migration Elapsed:01:17 seconds
2026-09-10T10:13:21.6677830Z 
2026-09-10T10:13:23.1976590Z [2026-09-10 10:13:23 +0000] Status=2, isTerminal=NO, Elapsed=01:30.
2026-09-10T10:13:23.1994530Z 	Waiting on Data Migration
2026-09-10T10:13:23.2781050Z 		Reason:Running plugin com.apple.locationd.migrator (CoreLocationMigrator.migrator)
2026-09-10T10:13:23.3602440Z 		Migration Elapsed:01:18 seconds
2026-09-10T10:13:23.4465930Z 
2026-09-10T10:13:25.6220490Z [2026-09-10 10:13:25 +0000] Status=2, isTerminal=NO, Elapsed=01:32.
2026-09-10T10:13:25.7037640Z 	Waiting on Data Migration
2026-09-10T10:13:25.7038190Z 		Reason:Running plugin com.apple.locationd.migrator (CoreLocationMigrator.migrator)
2026-09-10T10:13:25.7861450Z 		Migration Elapsed:01:19 seconds
2026-09-10T10:13:25.8876870Z 
2026-09-10T10:13:26.6344410Z [2026-09-10 10:13:26 +0000] Status=2, isTerminal=NO, Elapsed=01:33.
2026-09-10T10:13:27.1884490Z 	Waiting on Data Migration
2026-09-10T10:13:27.5280160Z 		Reason:Running plugin com.apple.locationd.migrator (CoreLocationMigrator.migrator)
2026-09-10T10:13:27.6080290Z 		Migration Elapsed:01:21 seconds
2026-09-10T10:13:28.1878830Z 
2026-09-10T10:13:28.2738400Z [2026-09-10 10:13:27 +0000] Status=2, isTerminal=NO, Elapsed=01:34.
2026-09-10T10:13:28.6028440Z 	Waiting on Data Migration
2026-09-10T10:13:28.8471300Z 		Reason:Running plugin com.apple.locationd.migrator (CoreLocationMigrator.migrator)
2026-09-10T10:13:29.1740610Z 		Migration Elapsed:01:22 seconds
2026-09-10T10:13:29.4735020Z 
2026-09-10T10:13:29.5588000Z [2026-09-10 10:13:28 +0000] Status=2, isTerminal=NO, Elapsed=01:35.
2026-09-10T10:13:29.7165090Z 	Waiting on Data Migration
2026-09-10T10:13:29.8413200Z 		Reason:Running plugin com.apple.locationd.migrator (CoreLocationMigrator.migrator)
2026-09-10T10:13:29.9260600Z 		Migration Elapsed:01:23 seconds
2026-09-10T10:13:30.1041340Z 
2026-09-10T10:13:30.6708950Z [2026-09-10 10:13:29 +0000] Status=2, isTerminal=NO, Elapsed=01:36.
2026-09-10T10:13:30.7903000Z 	Waiting on Data Migration
2026-09-10T10:13:30.9539840Z 		Reason:Running plugin com.apple.locationd.migrator (CoreLocationMigrator.migrator)
2026-09-10T10:13:31.0393950Z 		Migration Elapsed:01:25 seconds
2026-09-10T10:13:31.2345700Z 
2026-09-10T10:13:31.4323340Z [2026-09-10 10:13:29 +0000] Status=2, isTerminal=NO, Elapsed=01:36.
2026-09-10T10:13:31.6271270Z 	Waiting on Data Migration
2026-09-10T10:13:31.7072210Z 		Reason:Running plugin com.apple.locationd.migrator (CoreLocationMigrator.migrator)
2026-09-10T10:13:31.7896790Z 		Migration Elapsed:01:25 seconds
2026-09-10T10:13:31.9549240Z 
2026-09-10T10:13:32.1345140Z [2026-09-10 10:13:31 +0000] Status=2, isTerminal=NO, Elapsed=01:38.
2026-09-10T10:13:32.1636640Z 	Waiting on Data Migration
2026-09-10T10:13:32.1745100Z 		Reason:Running plugin com.apple.locationd.migrator (CoreLocationMigrator.migrator)
2026-09-10T10:13:32.1929350Z 		Migration Elapsed:01:26 seconds
2026-09-10T10:13:32.2057700Z 
2026-09-10T10:13:32.2184470Z [2026-09-10 10:13:31 +0000] Status=2, isTerminal=NO, Elapsed=01:38.
2026-09-10T10:13:32.2311410Z 	Waiting on Data Migration
2026-09-10T10:13:32.2416930Z 		Reason:Running plugin com.apple.locationd.migrator (CoreLocationMigrator.migrator)
2026-09-10T10:13:32.2546900Z 		Migration Elapsed:01:28 seconds
2026-09-10T10:13:32.2650150Z 
2026-09-10T10:13:32.6215670Z [2026-09-10 10:13:32 +0000] Status=2, isTerminal=NO, Elapsed=01:39.
2026-09-10T10:13:32.6350190Z 	Waiting on Data Migration
2026-09-10T10:13:32.6592340Z 		Reason:Running plugin com.apple.locationd.migrator (CoreLocationMigrator.migrator)
2026-09-10T10:13:32.6715420Z 		Migration Elapsed:01:28 seconds
2026-09-10T10:13:32.6855550Z 
2026-09-10T10:13:33.5313960Z [2026-09-10 10:13:33 +0000] Status=2, isTerminal=NO, Elapsed=01:40.
2026-09-10T10:13:33.5315160Z 	Waiting on Data Migration
2026-09-10T10:13:33.5715190Z 		Reason:Running plugin com.apple.locationd.migrator (CoreLocationMigrator.migrator)
2026-09-10T10:13:33.5981500Z 		Migration Elapsed:01:29 seconds
2026-09-10T10:13:33.6248890Z 
2026-09-10T10:13:34.4293920Z [2026-09-10 10:13:34 +0000] Status=2, isTerminal=NO, Elapsed=01:41.
2026-09-10T10:13:34.4408720Z 	Waiting on Data Migration
2026-09-10T10:13:34.4518190Z 		Reason:Running plugin com.apple.locationd.migrator (CoreLocationMigrator.migrator)
2026-09-10T10:13:34.4650140Z 		Migration Elapsed:01:30 seconds
2026-09-10T10:13:34.4808490Z 
2026-09-10T10:13:35.3501700Z [2026-09-10 10:13:35 +0000] Status=2, isTerminal=NO, Elapsed=01:42.
2026-09-10T10:13:35.3625850Z 	Waiting on Data Migration
2026-09-10T10:13:35.3739460Z 		Reason:Running plugin com.apple.locationd.migrator (CoreLocationMigrator.migrator)
2026-09-10T10:13:35.3841790Z 		Migration Elapsed:01:31 seconds
2026-09-10T10:13:35.3947380Z 
2026-09-10T10:13:36.3462430Z [2026-09-10 10:13:36 +0000] Status=2, isTerminal=NO, Elapsed=01:43.
2026-09-10T10:13:36.3485180Z 	Waiting on Data Migration
2026-09-10T10:13:36.3488290Z 		Reason:Running plugin com.apple.locationd.migrator (CoreLocationMigrator.migrator)
2026-09-10T10:13:36.3489150Z 		Migration Elapsed:01:32 seconds
2026-09-10T10:13:36.3489480Z 
2026-09-10T10:13:37.3543890Z [2026-09-10 10:13:37 +0000] Status=2, isTerminal=NO, Elapsed=01:44.
2026-09-10T10:13:37.3589790Z 	Waiting on Data Migration
2026-09-10T10:13:37.3607070Z 		Reason:Running plugin com.apple.locationd.migrator (CoreLocationMigrator.migrator)
2026-09-10T10:13:37.4449110Z 		Migration Elapsed:01:33 seconds
2026-09-10T10:13:37.4709150Z 
2026-09-10T10:13:38.3297610Z [2026-09-10 10:13:38 +0000] Status=2, isTerminal=NO, Elapsed=01:45.
2026-09-10T10:13:38.3317280Z 	Waiting on Data Migration
2026-09-10T10:13:38.3318640Z 		Reason:Running plugin com.apple.locationd.migrator (CoreLocationMigrator.migrator)
2026-09-10T10:13:38.3319540Z 		Migration Elapsed:01:34 seconds
2026-09-10T10:13:38.3319800Z 
2026-09-10T10:13:39.3652020Z [2026-09-10 10:13:39 +0000] Status=2, isTerminal=NO, Elapsed=01:46.
2026-09-10T10:13:39.3977460Z 	Waiting on Data Migration
2026-09-10T10:13:39.4099360Z 		Reason:Running plugin com.apple.locationd.migrator (CoreLocationMigrator.migrator)
2026-09-10T10:13:39.4201140Z 		Migration Elapsed:01:35 seconds
2026-09-10T10:13:39.4210130Z 
2026-09-10T10:13:40.4833490Z [2026-09-10 10:13:40 +0000] Status=2, isTerminal=NO, Elapsed=01:47.
2026-09-10T10:13:40.4938010Z 	Waiting on Data Migration
2026-09-10T10:13:40.5039930Z 		Reason:Running plugin com.apple.locationd.migrator (CoreLocationMigrator.migrator)
2026-09-10T10:13:40.5105530Z 		Migration Elapsed:01:36 seconds
2026-09-10T10:13:40.5124290Z 
2026-09-10T10:13:41.5931480Z [2026-09-10 10:13:41 +0000] Status=2, isTerminal=NO, Elapsed=01:48.
2026-09-10T10:13:41.5991370Z 	Waiting on Data Migration
2026-09-10T10:13:41.5993220Z 		Reason:Running plugin com.apple.locationd.migrator (CoreLocationMigrator.migrator)
2026-09-10T10:13:41.6011950Z 		Migration Elapsed:01:37 seconds
2026-09-10T10:13:41.6012690Z 
2026-09-10T10:13:42.3360940Z [2026-09-10 10:13:42 +0000] Status=2, isTerminal=NO, Elapsed=01:49.
2026-09-10T10:13:42.3469460Z 	Waiting on Data Migration
2026-09-10T10:13:42.3482010Z 		Reason:Running plugin com.apple.locationd.migrator (CoreLocationMigrator.migrator)
2026-09-10T10:13:42.3482690Z 		Migration Elapsed:01:38 seconds
2026-09-10T10:13:42.3483030Z 
2026-09-10T10:13:43.4845570Z [2026-09-10 10:13:43 +0000] Status=2, isTerminal=NO, Elapsed=01:50.
2026-09-10T10:13:43.5248700Z 	Waiting on Data Migration
2026-09-10T10:13:43.5254360Z 		Reason:Running plugin com.apple.locationd.migrator (CoreLocationMigrator.migrator)
2026-09-10T10:13:43.5356830Z 		Migration Elapsed:01:39 seconds
2026-09-10T10:13:43.5458730Z 
2026-09-10T10:13:44.3537570Z [2026-09-10 10:13:44 +0000] Status=2, isTerminal=NO, Elapsed=01:51.
2026-09-10T10:13:44.3538700Z 	Waiting on Data Migration
2026-09-10T10:13:44.3539410Z 		Reason:Running plugin com.apple.locationd.migrator (CoreLocationMigrator.migrator)
2026-09-10T10:13:44.3540260Z 		Migration Elapsed:01:40 seconds
2026-09-10T10:13:44.3540620Z 
2026-09-10T10:13:45.3296580Z [2026-09-10 10:13:45 +0000] Status=2, isTerminal=NO, Elapsed=01:52.
2026-09-10T10:13:45.3298380Z 	Waiting on Data Migration
2026-09-10T10:13:45.3298980Z 		Reason:Running plugin com.apple.locationd.migrator (CoreLocationMigrator.migrator)
2026-09-10T10:13:45.3299610Z 		Migration Elapsed:01:41 seconds
2026-09-10T10:13:45.3300140Z 
2026-09-10T10:13:46.3520620Z [2026-09-10 10:13:46 +0000] Status=2, isTerminal=NO, Elapsed=01:53.
2026-09-10T10:13:46.3524550Z 	Waiting on Data Migration
2026-09-10T10:13:46.3525160Z 		Reason:Running plugin com.apple.locationd.migrator (CoreLocationMigrator.migrator)
2026-09-10T10:13:46.3525660Z 		Migration Elapsed:01:42 seconds
2026-09-10T10:13:46.3525880Z 
2026-09-10T10:13:47.3596060Z [2026-09-10 10:13:47 +0000] Status=2, isTerminal=NO, Elapsed=01:54.
2026-09-10T10:13:47.3597080Z 	Waiting on Data Migration
2026-09-10T10:13:47.3597610Z 		Reason:Running plugin com.apple.locationd.migrator (CoreLocationMigrator.migrator)
2026-09-10T10:13:47.3598030Z 		Migration Elapsed:01:43 seconds
2026-09-10T10:13:47.3598240Z 
2026-09-10T10:13:48.3695790Z [2026-09-10 10:13:48 +0000] Status=2, isTerminal=NO, Elapsed=01:55.
2026-09-10T10:13:48.3698830Z 	Waiting on Data Migration
2026-09-10T10:13:48.3699430Z 		Reason:Running plugin com.apple.locationd.migrator (CoreLocationMigrator.migrator)
2026-09-10T10:13:48.3700420Z 		Migration Elapsed:01:44 seconds
2026-09-10T10:13:48.3700820Z 
2026-09-10T10:13:49.3666460Z [2026-09-10 10:13:49 +0000] Status=2, isTerminal=NO, Elapsed=01:56.
2026-09-10T10:13:49.3674680Z 	Waiting on Data Migration
2026-09-10T10:13:49.3684360Z 		Reason:Running plugin com.apple.locationd.migrator (CoreLocationMigrator.migrator)
2026-09-10T10:13:49.3687850Z 		Migration Elapsed:01:45 seconds
2026-09-10T10:13:49.3688490Z 
2026-09-10T10:13:50.5015120Z [2026-09-10 10:13:50 +0000] Status=2, isTerminal=NO, Elapsed=01:57.
2026-09-10T10:13:50.5098120Z 	Waiting on Data Migration
2026-09-10T10:13:50.5168350Z 		Reason:Running plugin com.apple.locationd.migrator (CoreLocationMigrator.migrator)
2026-09-10T10:13:50.5192890Z 		Migration Elapsed:01:46 seconds
2026-09-10T10:13:50.5543590Z 
2026-09-10T10:13:51.5151050Z [2026-09-10 10:13:51 +0000] Status=2, isTerminal=NO, Elapsed=01:58.
2026-09-10T10:13:51.5631850Z 	Waiting on Data Migration
2026-09-10T10:13:51.6303890Z 		Reason:Running plugin com.apple.locationd.migrator (CoreLocationMigrator.migrator)
2026-09-10T10:13:51.6635410Z 		Migration Elapsed:01:47 seconds
2026-09-10T10:13:51.6756060Z 
2026-09-10T10:13:52.3476140Z [2026-09-10 10:13:52 +0000] Status=2, isTerminal=NO, Elapsed=01:59.
2026-09-10T10:13:52.3496180Z 	Waiting on Data Migration
2026-09-10T10:13:52.3507520Z 		Reason:Running plugin com.apple.locationd.migrator (CoreLocationMigrator.migrator)
2026-09-10T10:13:52.3517000Z 		Migration Elapsed:01:48 seconds
2026-09-10T10:13:52.3524360Z 
2026-09-10T10:13:53.4119350Z [2026-09-10 10:13:53 +0000] Status=2, isTerminal=NO, Elapsed=02:00.
2026-09-10T10:13:53.4313020Z 	Waiting on Data Migration
2026-09-10T10:13:53.4345690Z 		Reason:Running plugin com.apple.locationd.migrator (CoreLocationMigrator.migrator)
2026-09-10T10:13:53.4346840Z 		Migration Elapsed:01:49 seconds
2026-09-10T10:13:53.4347150Z 
2026-09-10T10:13:54.3976080Z [2026-09-10 10:13:54 +0000] Status=2, isTerminal=NO, Elapsed=02:01.
2026-09-10T10:13:54.4079940Z 	Waiting on Data Migration
2026-09-10T10:13:54.4101130Z 		Reason:Running plugin com.apple.locationd.migrator (CoreLocationMigrator.migrator)
2026-09-10T10:13:54.4113290Z 		Migration Elapsed:01:50 seconds
2026-09-10T10:13:54.4152330Z 
2026-09-10T10:13:55.3502360Z [2026-09-10 10:13:55 +0000] Status=2, isTerminal=NO, Elapsed=02:02.
2026-09-10T10:13:55.3503480Z 	Waiting on Data Migration
2026-09-10T10:13:55.3504760Z 		Reason:Running plugin com.apple.locationd.migrator (CoreLocationMigrator.migrator)
2026-09-10T10:13:55.3505580Z 		Migration Elapsed:01:51 seconds
2026-09-10T10:13:55.3506160Z 
2026-09-10T10:13:56.3405320Z [2026-09-10 10:13:56 +0000] Status=2, isTerminal=NO, Elapsed=02:03.
2026-09-10T10:13:56.3406220Z 	Waiting on Data Migration
2026-09-10T10:13:56.3407180Z 		Reason:Running plugin com.apple.locationd.migrator (CoreLocationMigrator.migrator)
2026-09-10T10:13:56.3412430Z 		Migration Elapsed:01:52 seconds
2026-09-10T10:13:56.3417010Z 
2026-09-10T10:13:57.3063530Z [2026-09-10 10:13:57 +0000] Status=2, isTerminal=NO, Elapsed=02:04.
2026-09-10T10:13:57.3069470Z 	Waiting on Data Migration
2026-09-10T10:13:57.3074630Z 		Reason:Running plugin com.apple.locationd.migrator (CoreLocationMigrator.migrator)
2026-09-10T10:13:57.3076840Z 		Migration Elapsed:01:53 seconds
2026-09-10T10:13:57.3078580Z 
2026-09-10T10:13:58.4142250Z [2026-09-10 10:13:58 +0000] Status=2, isTerminal=NO, Elapsed=02:05.
2026-09-10T10:13:58.4198660Z 	Waiting on Data Migration
2026-09-10T10:13:58.4204020Z 		Reason:Running plugin com.apple.locationd.migrator (CoreLocationMigrator.migrator)
2026-09-10T10:13:58.4205870Z 		Migration Elapsed:01:54 seconds
2026-09-10T10:13:58.4206670Z 
2026-09-10T10:13:59.3651410Z [2026-09-10 10:13:59 +0000] Status=2, isTerminal=NO, Elapsed=02:06.
2026-09-10T10:13:59.3653850Z 	Waiting on Data Migration
2026-09-10T10:13:59.3656050Z 		Reason:Running plugin com.apple.locationd.migrator (CoreLocationMigrator.migrator)
2026-09-10T10:13:59.3657880Z 		Migration Elapsed:01:55 seconds
2026-09-10T10:13:59.3658900Z 
2026-09-10T10:14:00.3432490Z [2026-09-10 10:14:00 +0000] Status=2, isTerminal=NO, Elapsed=02:07.
2026-09-10T10:14:00.3435100Z 	Waiting on Data Migration
2026-09-10T10:14:00.3451820Z 		Reason:Running plugin com.apple.locationd.migrator (CoreLocationMigrator.migrator)
2026-09-10T10:14:00.3456220Z 		Migration Elapsed:01:56 seconds
2026-09-10T10:14:00.3456620Z 
2026-09-10T10:14:01.3121750Z [2026-09-10 10:14:01 +0000] Status=2, isTerminal=NO, Elapsed=02:08.
2026-09-10T10:14:01.3175700Z 	Waiting on Data Migration
2026-09-10T10:14:01.3505710Z 		Reason:Running plugin com.apple.locationd.migrator (CoreLocationMigrator.migrator)
2026-09-10T10:14:01.3529360Z 		Migration Elapsed:01:57 seconds
2026-09-10T10:14:01.3725280Z 
2026-09-10T10:14:02.3354720Z [2026-09-10 10:14:02 +0000] Status=2, isTerminal=NO, Elapsed=02:09.
2026-09-10T10:14:02.3363630Z 	Waiting on Data Migration
2026-09-10T10:14:02.3364940Z 		Reason:Running plugin com.apple.locationd.migrator (CoreLocationMigrator.migrator)
2026-09-10T10:14:02.3366170Z 		Migration Elapsed:01:58 seconds
2026-09-10T10:14:02.3366690Z 
2026-09-10T10:14:03.3347740Z [2026-09-10 10:14:03 +0000] Status=2, isTerminal=NO, Elapsed=02:10.
2026-09-10T10:14:03.3451160Z 	Waiting on Data Migration
2026-09-10T10:14:03.3553170Z 		Reason:Running plugin com.apple.locationd.migrator (CoreLocationMigrator.migrator)
2026-09-10T10:14:03.3657580Z 		Migration Elapsed:01:59 seconds
2026-09-10T10:14:03.3759740Z 
2026-09-10T10:14:04.3526440Z [2026-09-10 10:14:04 +0000] Status=2, isTerminal=NO, Elapsed=02:11.
2026-09-10T10:14:04.3629380Z 	Waiting on Data Migration
2026-09-10T10:14:04.3731380Z 		Reason:Running plugin com.apple.locationd.migrator (CoreLocationMigrator.migrator)
2026-09-10T10:14:04.3833850Z 		Migration Elapsed:02:00 seconds
2026-09-10T10:14:04.3933310Z 
2026-09-10T10:14:05.3329810Z [2026-09-10 10:14:05 +0000] Status=2, isTerminal=NO, Elapsed=02:12.
2026-09-10T10:14:05.3434790Z 	Waiting on Data Migration
2026-09-10T10:14:05.3595530Z 		Reason:Running plugin com.apple.locationd.migrator (CoreLocationMigrator.migrator)
2026-09-10T10:14:05.3897850Z 		Migration Elapsed:02:01 seconds
2026-09-10T10:14:05.4277310Z 
2026-09-10T10:14:06.2987900Z [2026-09-10 10:14:06 +0000] Status=2, isTerminal=NO, Elapsed=02:13.
2026-09-10T10:14:06.3017350Z 	Waiting on Data Migration
2026-09-10T10:14:06.3029480Z 		Reason:Running plugin com.apple.locationd.migrator (CoreLocationMigrator.migrator)
2026-09-10T10:14:06.3033530Z 		Migration Elapsed:02:02 seconds
2026-09-10T10:14:06.3033890Z 
2026-09-10T10:14:07.3258550Z [2026-09-10 10:14:07 +0000] Status=2, isTerminal=NO, Elapsed=02:14.
2026-09-10T10:14:07.3311980Z 	Waiting on Data Migration
2026-09-10T10:14:07.3373000Z 		Reason:Running plugin com.apple.locationd.migrator (CoreLocationMigrator.migrator)
2026-09-10T10:14:07.3374810Z 		Migration Elapsed:02:03 seconds
2026-09-10T10:14:07.3384800Z 
2026-09-10T10:14:08.3048540Z [2026-09-10 10:14:08 +0000] Status=2, isTerminal=NO, Elapsed=02:15.
2026-09-10T10:14:08.3049630Z 	Waiting on Data Migration
2026-09-10T10:14:08.3050550Z 		Reason:Running plugin com.apple.locationd.migrator (CoreLocationMigrator.migrator)
2026-09-10T10:14:08.3062900Z 		Migration Elapsed:02:04 seconds
2026-09-10T10:14:08.3063260Z 
2026-09-10T10:14:09.3334700Z [2026-09-10 10:14:09 +0000] Status=2, isTerminal=NO, Elapsed=02:16.
2026-09-10T10:14:09.3336000Z 	Waiting on Data Migration
2026-09-10T10:14:09.3338300Z 		Reason:Running plugin com.apple.locationd.migrator (CoreLocationMigrator.migrator)
2026-09-10T10:14:09.3339950Z 		Migration Elapsed:02:05 seconds
2026-09-10T10:14:09.3340530Z 
2026-09-10T10:14:10.3531190Z [2026-09-10 10:14:10 +0000] Status=2, isTerminal=NO, Elapsed=02:17.
2026-09-10T10:14:10.3549980Z 	Waiting on Data Migration
2026-09-10T10:14:10.3651320Z 		Reason:Running plugin com.apple.locationd.migrator (CoreLocationMigrator.migrator)
2026-09-10T10:14:10.3753580Z 		Migration Elapsed:02:06 seconds
2026-09-10T10:14:10.3856080Z 
2026-09-10T10:14:11.3218620Z [2026-09-10 10:14:11 +0000] Status=2, isTerminal=NO, Elapsed=02:18.
2026-09-10T10:14:11.3220090Z 	Waiting on Data Migration
2026-09-10T10:14:11.3220650Z 		Reason:Running plugin com.apple.locationd.migrator (CoreLocationMigrator.migrator)
2026-09-10T10:14:11.3232100Z 		Migration Elapsed:02:07 seconds
2026-09-10T10:14:11.3233770Z 
2026-09-10T10:14:12.3165230Z [2026-09-10 10:14:12 +0000] Status=2, isTerminal=NO, Elapsed=02:19.
2026-09-10T10:14:12.3166200Z 	Waiting on Data Migration
2026-09-10T10:14:12.3166880Z 		Reason:Running plugin com.apple.locationd.migrator (CoreLocationMigrator.migrator)
2026-09-10T10:14:12.3168020Z 		Migration Elapsed:02:08 seconds
2026-09-10T10:14:12.3168460Z 
2026-09-10T10:14:13.3103170Z [2026-09-10 10:14:13 +0000] Status=2, isTerminal=NO, Elapsed=02:20.
2026-09-10T10:14:13.3108380Z 	Waiting on Data Migration
2026-09-10T10:14:13.3109910Z 		Reason:Running plugin com.apple.locationd.migrator (CoreLocationMigrator.migrator)
2026-09-10T10:14:13.3119410Z 		Migration Elapsed:02:09 seconds
2026-09-10T10:14:13.3119760Z 
2026-09-10T10:14:14.3150130Z [2026-09-10 10:14:14 +0000] Status=2, isTerminal=NO, Elapsed=02:21.
2026-09-10T10:14:14.3153750Z 	Waiting on Data Migration
2026-09-10T10:14:14.3156360Z 		Reason:Running plugin com.apple.locationd.migrator (CoreLocationMigrator.migrator)
2026-09-10T10:14:14.3157210Z 		Migration Elapsed:02:10 seconds
2026-09-10T10:14:14.3157560Z 
2026-09-10T10:14:15.3474070Z [2026-09-10 10:14:15 +0000] Status=2, isTerminal=NO, Elapsed=02:22.
2026-09-10T10:14:15.3474870Z 	Waiting on Data Migration
2026-09-10T10:14:15.3475490Z 		Reason:Running plugin com.apple.locationd.migrator (CoreLocationMigrator.migrator)
2026-09-10T10:14:15.3476250Z 		Migration Elapsed:02:11 seconds
2026-09-10T10:14:15.3476480Z 
2026-09-10T10:14:16.3240970Z [2026-09-10 10:14:16 +0000] Status=2, isTerminal=NO, Elapsed=02:23.
2026-09-10T10:14:16.3244500Z 	Waiting on Data Migration
2026-09-10T10:14:16.3253590Z 		Reason:Running plugin com.apple.locationd.migrator (CoreLocationMigrator.migrator)
2026-09-10T10:14:16.3254440Z 		Migration Elapsed:02:12 seconds
2026-09-10T10:14:16.3254700Z 
2026-09-10T10:14:17.2981730Z [2026-09-10 10:14:17 +0000] Status=2, isTerminal=NO, Elapsed=02:24.
2026-09-10T10:14:17.2982240Z 	Waiting on Data Migration
2026-09-10T10:14:17.2983110Z 		Reason:Running plugin com.apple.locationd.migrator (CoreLocationMigrator.migrator)
2026-09-10T10:14:17.2983750Z 		Migration Elapsed:02:13 seconds
2026-09-10T10:14:17.2984070Z 
2026-09-10T10:14:18.3188550Z [2026-09-10 10:14:18 +0000] Status=2, isTerminal=NO, Elapsed=02:25.
2026-09-10T10:14:18.3189510Z 	Waiting on Data Migration
2026-09-10T10:14:18.3190280Z 		Reason:Running plugin com.apple.locationd.migrator (CoreLocationMigrator.migrator)
2026-09-10T10:14:18.3190880Z 		Migration Elapsed:02:14 seconds
2026-09-10T10:14:18.3191120Z 
2026-09-10T10:14:19.3016780Z [2026-09-10 10:14:19 +0000] Status=2, isTerminal=NO, Elapsed=02:26.
2026-09-10T10:14:19.3018090Z 	Waiting on Data Migration
2026-09-10T10:14:19.3018830Z 		Reason:Running plugin com.apple.locationd.migrator (CoreLocationMigrator.migrator)
2026-09-10T10:14:19.3030160Z 		Migration Elapsed:02:15 seconds
2026-09-10T10:14:19.3030540Z 
2026-09-10T10:14:20.3341860Z [2026-09-10 10:14:20 +0000] Status=2, isTerminal=NO, Elapsed=02:27.
2026-09-10T10:14:20.3434470Z 	Waiting on Data Migration
2026-09-10T10:14:20.3491570Z 		Reason:Running plugin com.apple.locationd.migrator (CoreLocationMigrator.migrator)
2026-09-10T10:14:20.3492200Z 		Migration Elapsed:02:16 seconds
2026-09-10T10:14:20.3492440Z 
2026-09-10T10:14:21.3367780Z [2026-09-10 10:14:21 +0000] Status=2, isTerminal=NO, Elapsed=02:28.
2026-09-10T10:14:21.3467680Z 	Waiting on Data Migration
2026-09-10T10:14:21.3575950Z 		Reason:Running plugin com.apple.locationd.migrator (CoreLocationMigrator.migrator)
2026-09-10T10:14:21.3941490Z 		Migration Elapsed:02:17 seconds
2026-09-10T10:14:21.3941870Z 
2026-09-10T10:14:22.3591000Z [2026-09-10 10:14:22 +0000] Status=2, isTerminal=NO, Elapsed=02:29.
2026-09-10T10:14:22.3715130Z 	Waiting on Data Migration
2026-09-10T10:14:22.3816840Z 		Reason:Running plugin com.apple.locationd.migrator (CoreLocationMigrator.migrator)
2026-09-10T10:14:22.3920920Z 		Migration Elapsed:02:18 seconds
2026-09-10T10:14:22.4041400Z 
2026-09-10T10:14:23.3166470Z [2026-09-10 10:14:23 +0000] Status=2, isTerminal=NO, Elapsed=02:30.
2026-09-10T10:14:23.3270160Z 	Waiting on Data Migration
2026-09-10T10:14:23.3375760Z 		Reason:Running plugin com.apple.locationd.migrator (CoreLocationMigrator.migrator)
2026-09-10T10:14:23.3378320Z 		Migration Elapsed:02:19 seconds
2026-09-10T10:14:23.3378840Z 
2026-09-10T10:14:24.3081460Z [2026-09-10 10:14:24 +0000] Status=2, isTerminal=NO, Elapsed=02:31.
2026-09-10T10:14:24.3179390Z 	Waiting on Data Migration
2026-09-10T10:14:24.3280840Z 		Reason:Running plugin com.apple.locationd.migrator (CoreLocationMigrator.migrator)
2026-09-10T10:14:24.3381950Z 		Migration Elapsed:02:20 seconds
2026-09-10T10:14:24.3493440Z 
2026-09-10T10:14:25.2982290Z [2026-09-10 10:14:25 +0000] Status=2, isTerminal=NO, Elapsed=02:32.
2026-09-10T10:14:25.3083760Z 	Waiting on Data Migration
2026-09-10T10:14:25.3184640Z 		Reason:Running plugin com.apple.locationd.migrator (CoreLocationMigrator.migrator)
2026-09-10T10:14:25.3285840Z 		Migration Elapsed:02:21 seconds
2026-09-10T10:14:25.3387500Z 
2026-09-10T10:14:26.3475830Z [2026-09-10 10:14:26 +0000] Status=2, isTerminal=NO, Elapsed=02:33.
2026-09-10T10:14:26.3578040Z 	Waiting on Data Migration
2026-09-10T10:14:26.3748730Z 		Reason:Running plugin com.apple.locationd.migrator (CoreLocationMigrator.migrator)
2026-09-10T10:14:26.3851010Z 		Migration Elapsed:02:22 seconds
2026-09-10T10:14:26.4101450Z 
2026-09-10T10:14:27.3070160Z [2026-09-10 10:14:27 +0000] Status=2, isTerminal=NO, Elapsed=02:34.
2026-09-10T10:14:27.3105750Z 	Waiting on Data Migration
2026-09-10T10:14:27.3107410Z 		Reason:Running plugin com.apple.locationd.migrator (CoreLocationMigrator.migrator)
2026-09-10T10:14:27.3111660Z 		Migration Elapsed:02:23 seconds
2026-09-10T10:14:27.3117390Z 
2026-09-10T10:14:28.3314850Z [2026-09-10 10:14:28 +0000] Status=2, isTerminal=NO, Elapsed=02:35.
2026-09-10T10:14:28.3315380Z 	Waiting on Data Migration
2026-09-10T10:14:28.3315830Z 		Reason:Running plugin com.apple.locationd.migrator (CoreLocationMigrator.migrator)
2026-09-10T10:14:28.3316300Z 		Migration Elapsed:02:24 seconds
2026-09-10T10:14:28.3316640Z 
2026-09-10T10:14:29.3106710Z [2026-09-10 10:14:29 +0000] Status=2, isTerminal=NO, Elapsed=02:36.
2026-09-10T10:14:29.3218180Z 	Waiting on Data Migration
2026-09-10T10:14:29.3239220Z 		Reason:Running plugin com.apple.locationd.migrator (CoreLocationMigrator.migrator)
2026-09-10T10:14:29.3239840Z 		Migration Elapsed:02:25 seconds
2026-09-10T10:14:29.3240050Z 
2026-09-10T10:14:30.3075920Z [2026-09-10 10:14:30 +0000] Status=2, isTerminal=NO, Elapsed=02:37.
2026-09-10T10:14:30.3076640Z 	Waiting on Data Migration
2026-09-10T10:14:30.3077210Z 		Reason:Running plugin com.apple.locationd.migrator (CoreLocationMigrator.migrator)
2026-09-10T10:14:30.3077920Z 		Migration Elapsed:02:26 seconds
2026-09-10T10:14:30.3078060Z 
2026-09-10T10:14:31.3090150Z [2026-09-10 10:14:31 +0000] Status=2, isTerminal=NO, Elapsed=02:38.
2026-09-10T10:14:31.3092630Z 	Waiting on Data Migration
2026-09-10T10:14:31.3093350Z 		Reason:Running plugin com.apple.locationd.migrator (CoreLocationMigrator.migrator)
2026-09-10T10:14:31.3093970Z 		Migration Elapsed:02:27 seconds
2026-09-10T10:14:31.3094220Z 
2026-09-10T10:14:32.4674710Z [2026-09-10 10:14:32 +0000] Status=2, isTerminal=NO, Elapsed=02:39.
2026-09-10T10:14:32.4780810Z 	Waiting on Data Migration
2026-09-10T10:14:32.4926310Z 		Reason:Running plugin com.apple.locationd.migrator (CoreLocationMigrator.migrator)
2026-09-10T10:14:32.4958360Z 		Migration Elapsed:02:28 seconds
2026-09-10T10:14:32.4980770Z 
2026-09-10T10:14:33.3338580Z [2026-09-10 10:14:33 +0000] Status=2, isTerminal=NO, Elapsed=02:40.
2026-09-10T10:14:33.3343700Z 	Waiting on Data Migration
2026-09-10T10:14:33.3344400Z 		Reason:Running plugin com.apple.locationd.migrator (CoreLocationMigrator.migrator)
2026-09-10T10:14:33.3344970Z 		Migration Elapsed:02:29 seconds
2026-09-10T10:14:33.3345270Z 
2026-09-10T10:14:34.2967620Z [2026-09-10 10:14:34 +0000] Status=2, isTerminal=NO, Elapsed=02:41.
2026-09-10T10:14:34.2974370Z 	Waiting on Data Migration
2026-09-10T10:14:34.2982910Z 		Reason:Running plugin com.apple.locationd.migrator (CoreLocationMigrator.migrator)
2026-09-10T10:14:34.2991090Z 		Migration Elapsed:02:30 seconds
2026-09-10T10:14:34.2991470Z 
2026-09-10T10:14:35.3342740Z [2026-09-10 10:14:35 +0000] Status=2, isTerminal=NO, Elapsed=02:42.
2026-09-10T10:14:35.3357560Z 	Waiting on Data Migration
2026-09-10T10:14:35.3358360Z 		Reason:Running plugin com.apple.locationd.migrator (CoreLocationMigrator.migrator)
2026-09-10T10:14:35.3359020Z 		Migration Elapsed:02:31 seconds
2026-09-10T10:14:35.3359420Z 
2026-09-10T10:14:36.3111380Z [2026-09-10 10:14:36 +0000] Status=2, isTerminal=NO, Elapsed=02:43.
2026-09-10T10:14:36.3112000Z 	Waiting on Data Migration
2026-09-10T10:14:36.3113270Z 		Reason:Running plugin com.apple.locationd.migrator (CoreLocationMigrator.migrator)
2026-09-10T10:14:36.3113710Z 		Migration Elapsed:02:32 seconds
2026-09-10T10:14:36.3113920Z 
2026-09-10T10:14:37.3305250Z [2026-09-10 10:14:37 +0000] Status=2, isTerminal=NO, Elapsed=02:44.
2026-09-10T10:14:37.3305960Z 	Waiting on Data Migration
2026-09-10T10:14:37.3309860Z 		Reason:Running plugin com.apple.locationd.migrator (CoreLocationMigrator.migrator)
2026-09-10T10:14:37.3310330Z 		Migration Elapsed:02:33 seconds
2026-09-10T10:14:37.3310550Z 
2026-09-10T10:14:38.3363630Z [2026-09-10 10:14:38 +0000] Status=2, isTerminal=NO, Elapsed=02:45.
2026-09-10T10:14:38.3364600Z 	Waiting on Data Migration
2026-09-10T10:14:38.3365760Z 		Reason:Running plugin com.apple.locationd.migrator (CoreLocationMigrator.migrator)
2026-09-10T10:14:38.3366720Z 		Migration Elapsed:02:34 seconds
2026-09-10T10:14:38.3367100Z 
2026-09-10T10:14:39.3409510Z [2026-09-10 10:14:39 +0000] Status=2, isTerminal=NO, Elapsed=02:46.
2026-09-10T10:14:39.3410220Z 	Waiting on Data Migration
2026-09-10T10:14:39.3410660Z 		Reason:Running plugin com.apple.locationd.migrator (CoreLocationMigrator.migrator)
2026-09-10T10:14:39.3411170Z 		Migration Elapsed:02:35 seconds
2026-09-10T10:14:39.3411390Z 
2026-09-10T10:14:40.3063080Z [2026-09-10 10:14:40 +0000] Status=2, isTerminal=NO, Elapsed=02:47.
2026-09-10T10:14:40.3063620Z 	Waiting on Data Migration
2026-09-10T10:14:40.3064170Z 		Reason:Running plugin com.apple.locationd.migrator (CoreLocationMigrator.migrator)
2026-09-10T10:14:40.3064740Z 		Migration Elapsed:02:36 seconds
2026-09-10T10:14:40.3064980Z 
2026-09-10T10:14:41.3070730Z [2026-09-10 10:14:41 +0000] Status=2, isTerminal=NO, Elapsed=02:48.
2026-09-10T10:14:41.3072150Z 	Waiting on Data Migration
2026-09-10T10:14:41.3072700Z 		Reason:Running plugin com.apple.locationd.migrator (CoreLocationMigrator.migrator)
2026-09-10T10:14:42.3523120Z 		Migration Elapsed:02:37 seconds
2026-09-10T10:14:42.3524060Z 
2026-09-10T10:14:42.3524580Z [2026-09-10 10:14:42 +0000] Status=2, isTerminal=NO, Elapsed=02:49.
2026-09-10T10:14:42.3525530Z 	Waiting on Data Migration
2026-09-10T10:14:42.3526550Z 		Reason:Running plugin com.apple.locationd.migrator (CoreLocationMigrator.migrator)
2026-09-10T10:14:42.3527680Z 		Migration Elapsed:02:38 seconds
2026-09-10T10:14:42.3528040Z 
2026-09-10T10:14:44.1847620Z [2026-09-10 10:14:44 +0000] Status=2, isTerminal=NO, Elapsed=02:51.
2026-09-10T10:14:44.2656110Z 	Waiting on Data Migration
2026-09-10T10:14:44.2676830Z 		Reason:Running plugin com.apple.locationd.migrator (CoreLocationMigrator.migrator)
2026-09-10T10:14:44.3472180Z 		Migration Elapsed:02:39 seconds
2026-09-10T10:14:44.4278640Z 
2026-09-10T10:14:45.2442940Z [2026-09-10 10:14:45 +0000] Status=2, isTerminal=NO, Elapsed=02:52.
2026-09-10T10:14:45.2443650Z 	Waiting on Data Migration
2026-09-10T10:14:45.4927770Z 		Reason:Running plugin com.apple.locationd.migrator (CoreLocationMigrator.migrator)
2026-09-10T10:14:45.5705180Z 		Migration Elapsed:02:40 seconds
2026-09-10T10:14:45.6568900Z 
2026-09-10T10:14:46.6502600Z [2026-09-10 10:14:46 +0000] Status=2, isTerminal=NO, Elapsed=02:53.
2026-09-10T10:14:46.7331630Z 	Waiting on Data Migration
2026-09-10T10:14:46.8150320Z 		Reason:Running plugin com.apple.locationd.migrator (CoreLocationMigrator.migrator)
2026-09-10T10:14:46.8975960Z 		Migration Elapsed:02:41 seconds
2026-09-10T10:14:46.9794130Z 
2026-09-10T10:14:47.9662420Z [2026-09-10 10:14:47 +0000] Status=2, isTerminal=NO, Elapsed=02:54.
2026-09-10T10:14:48.0460500Z 	Waiting on Data Migration
2026-09-10T10:14:48.1292370Z 		Reason:Running plugin com.apple.CloudTabsMigrator.migrator (CloudTabsMigrator.migrator)
2026-09-10T10:14:48.2086620Z 		Migration Elapsed:02:42 seconds
2026-09-10T10:14:48.2907710Z 
2026-09-10T10:14:49.5134600Z [2026-09-10 10:14:49 +0000] Status=2, isTerminal=NO, Elapsed=02:56.
2026-09-10T10:14:49.5966040Z 	Waiting on Data Migration
2026-09-10T10:14:49.7801590Z 		Reason:Running plugin com.apple.message.AccountsMigrator (MessageAccountsMigrator.migrator)
2026-09-10T10:14:49.7819920Z 		Migration Elapsed:02:44 seconds
2026-09-10T10:14:49.9529310Z 
2026-09-10T10:14:50.7726180Z [2026-09-10 10:14:50 +0000] Status=4, isTerminal=NO, Elapsed=02:57.
2026-09-10T10:14:50.7727070Z 	Waiting on System App
2026-09-10T10:14:50.8539390Z 
2026-09-10T10:14:51.0973800Z [2026-09-10 10:14:51 +0000] Status=4, isTerminal=NO, Elapsed=02:57.
2026-09-10T10:14:51.1801170Z 	Waiting on System App
2026-09-10T10:14:51.1805140Z 
2026-09-10T10:14:52.4881810Z [2026-09-10 10:14:52 +0000] Status=4, isTerminal=NO, Elapsed=02:59.
2026-09-10T10:14:52.5716510Z 	Waiting on System App
2026-09-10T10:14:52.5717030Z 
2026-09-10T10:14:52.8139010Z [2026-09-10 10:14:52 +0000] Status=4, isTerminal=NO, Elapsed=02:59.
2026-09-10T10:14:52.8946350Z 	Waiting on System App
2026-09-10T10:14:52.8946710Z 
2026-09-10T10:14:53.7272120Z [2026-09-10 10:14:53 +0000] Status=4, isTerminal=NO, Elapsed=03:00.
2026-09-10T10:14:53.9299900Z 	Waiting on System App
2026-09-10T10:14:54.2359520Z 
2026-09-10T10:14:54.6060110Z [2026-09-10 10:14:54 +0000] Status=4, isTerminal=NO, Elapsed=03:01.
2026-09-10T10:14:54.6060720Z 	Waiting on System App
2026-09-10T10:14:54.6195860Z 
2026-09-10T10:14:55.9870840Z [2026-09-10 10:14:55 +0000] Status=4, isTerminal=NO, Elapsed=03:02.
2026-09-10T10:14:56.0714860Z 	Waiting on System App
2026-09-10T10:14:56.0715190Z 
2026-09-10T10:14:59.9140230Z [2026-09-10 10:14:59 +0000] Status=4, isTerminal=NO, Elapsed=03:06.
2026-09-10T10:15:00.0362740Z 	Waiting on System App
2026-09-10T10:15:00.0372830Z 
2026-09-10T10:15:03.2830180Z [2026-09-10 10:15:03 +0000] Status=4294967295, isTerminal=YES, Elapsed=03:09.
2026-09-10T10:15:03.3189240Z 	Finished
2026-09-10T10:15:03.3362620Z 
2026-09-10T10:15:52.3589010Z Command line invocation:
2026-09-10T10:15:52.3602260Z     /Applications/Xcode_26.4.1.app/Contents/Developer/usr/bin/xcodebuild test -project /Users/runner/work/PartyDeck/PartyDeck/godot/ios-host/AuthorityHost.xcodeproj -scheme AuthorityHost -configuration Debug -destination "platform=iOS Simulator,id=6762BD8F-E960-4E21-B8DB-9D43947B47AF" -derivedDataPath /Users/runner/work/PartyDeck/PartyDeck/godot/ios-host/build/AuthorityDerivedData -resultBundlePath /Users/runner/work/PartyDeck/PartyDeck/godot/ios-host/build/artifacts/AuthorityHost.xcresult -parallel-testing-enabled NO CODE_SIGNING_ALLOWED=NO
2026-09-10T10:15:52.3614310Z 
2026-09-10T10:15:52.3614430Z Build settings from command line:
2026-09-10T10:15:52.3614920Z     CODE_SIGNING_ALLOWED = NO
2026-09-10T10:15:52.3615270Z 
2026-09-10T10:16:02.0419690Z Writing result bundle at path:
2026-09-10T10:16:02.0541410Z 	/Users/runner/work/PartyDeck/PartyDeck/godot/ios-host/build/artifacts/AuthorityHost.xcresult
2026-09-10T10:16:02.0688390Z 
2026-09-10T10:16:12.7409100Z ComputePackagePrebuildTargetDependencyGraph
2026-09-10T10:16:13.3406890Z 
2026-09-10T10:16:13.3534310Z Prepare packages
2026-09-10T10:16:13.3647380Z 
2026-09-10T10:16:13.3748610Z CreateBuildRequest
2026-09-10T10:16:13.3851700Z 
2026-09-10T10:16:13.3955120Z SendProjectDescription
2026-09-10T10:16:13.5477790Z 
2026-09-10T10:16:13.5606450Z CreateBuildOperation
2026-09-10T10:16:13.5707550Z 
2026-09-10T10:16:13.6014960Z ComputeTargetDependencyGraph
2026-09-10T10:16:13.8121290Z note: Building targets in dependency order
2026-09-10T10:16:13.8232520Z note: Target dependency graph (2 targets)
2026-09-10T10:16:13.8341410Z     Target 'AuthorityHostUITests' in project 'AuthorityHost'
2026-09-10T10:16:13.8526950Z         ➜ Explicit dependency on target 'AuthorityHost' in project 'AuthorityHost'
2026-09-10T10:16:13.8575470Z     Target 'AuthorityHost' in project 'AuthorityHost' (no dependencies)
2026-09-10T10:16:13.8680810Z 
2026-09-10T10:16:13.8841010Z GatherProvisioningInputs
2026-09-10T10:16:13.9006980Z 
2026-09-10T10:16:13.9109930Z CreateBuildDescription
2026-09-10T10:16:14.0143890Z 
2026-09-10T10:16:14.0289910Z ExecuteExternalTool /Applications/Xcode_26.4.1.app/Contents/Developer/Toolchains/XcodeDefault.xctoolchain/usr/bin/swiftc --version
2026-09-10T10:16:16.3501360Z 
2026-09-10T10:16:16.3619180Z ExecuteExternalTool /Applications/Xcode_26.4.1.app/Contents/Developer/Toolchains/XcodeDefault.xctoolchain/usr/bin/clang -v -E -dM -isysroot /Applications/Xcode_26.4.1.app/Contents/Developer/Platforms/iPhoneSimulator.platform/Developer/SDKs/iPhoneSimulator26.4.sdk -x c -c /dev/null
2026-09-10T10:16:16.3744480Z 
2026-09-10T10:16:16.3847790Z ExecuteExternalTool /Applications/Xcode_26.4.1.app/Contents/Developer/Toolchains/XcodeDefault.xctoolchain/usr/bin/ld -version_details
2026-09-10T10:16:16.9197470Z 
2026-09-10T10:16:16.9717530Z Build description signature: c4e5b4330337ee43cde0e5cd7c5c3f8b
2026-09-10T10:16:16.9856250Z Build description path: /Users/runner/work/PartyDeck/PartyDeck/godot/ios-host/build/AuthorityDerivedData/Build/Intermediates.noindex/XCBuildData/c4e5b4330337ee43cde0e5cd7c5c3f8b.xcbuilddata
2026-09-10T10:16:17.3321640Z ClangStatCache /Applications/Xcode_26.4.1.app/Contents/Developer/Toolchains/XcodeDefault.xctoolchain/usr/bin/clang-stat-cache /Applications/Xcode_26.4.1.app/Contents/Developer/Platforms/iPhoneSimulator.platform/Developer/SDKs/iPhoneSimulator26.4.sdk /Users/runner/work/PartyDeck/PartyDeck/godot/ios-host/build/AuthorityDerivedData/SDKStatCaches.noindex/iphonesimulator26.4-23E252-688ef53f1462e2c8f657fdc38a81448f893e4a944e4cdd9af1f5077e1341bc52.sdkstatcache
2026-09-10T10:16:17.3388590Z     cd /Users/runner/work/PartyDeck/PartyDeck/godot/ios-host/AuthorityHost.xcodeproj
2026-09-10T10:16:17.3508520Z     /Applications/Xcode_26.4.1.app/Contents/Developer/Toolchains/XcodeDefault.xctoolchain/usr/bin/clang-stat-cache /Applications/Xcode_26.4.1.app/Contents/Developer/Platforms/iPhoneSimulator.platform/Developer/SDKs/iPhoneSimulator26.4.sdk -o /Users/runner/work/PartyDeck/PartyDeck/godot/ios-host/build/AuthorityDerivedData/SDKStatCaches.noindex/iphonesimulator26.4-23E252-688ef53f1462e2c8f657fdc38a81448f893e4a944e4cdd9af1f5077e1341bc52.sdkstatcache
2026-09-10T10:16:17.3739150Z 
2026-09-10T10:16:17.3843560Z ProcessInfoPlistFile /Users/runner/work/PartyDeck/PartyDeck/godot/ios-host/build/AuthorityDerivedData/Build/Products/Debug-iphonesimulator/AuthorityHost.app/Info.plist /Users/runner/work/PartyDeck/PartyDeck/godot/ios-host/AuthorityHost/Info.plist (in target 'AuthorityHost' from project 'AuthorityHost')
2026-09-10T10:16:17.3857480Z     cd /Users/runner/work/PartyDeck/PartyDeck/godot/ios-host
2026-09-10T10:16:17.3862320Z     builtin-infoPlistUtility /Users/runner/work/PartyDeck/PartyDeck/godot/ios-host/AuthorityHost/Info.plist -producttype com.apple.product-type.application -genpkginfo /Users/runner/work/PartyDeck/PartyDeck/godot/ios-host/build/AuthorityDerivedData/Build/Products/Debug-iphonesimulator/AuthorityHost.app/PkgInfo -expandbuildsettings -format binary -platform iphonesimulator -o /Users/runner/work/PartyDeck/PartyDeck/godot/ios-host/build/AuthorityDerivedData/Build/Products/Debug-iphonesimulator/AuthorityHost.app/Info.plist
2026-09-10T10:16:17.3866050Z 
2026-09-10T10:16:18.0819470Z WriteAuxiliaryFile /Users/runner/work/PartyDeck/PartyDeck/godot/ios-host/build/AuthorityDerivedData/Build/Intermediates.noindex/AuthorityHost.build/Debug-iphonesimulator/AuthorityHostUITests.build/empty-AuthorityHostUITests.plist (in target 'AuthorityHostUITests' from project 'AuthorityHost')
2026-09-10T10:16:18.0926500Z     cd /Users/runner/work/PartyDeck/PartyDeck/godot/ios-host
2026-09-10T10:16:18.1046780Z     write-file /Users/runner/work/PartyDeck/PartyDeck/godot/ios-host/build/AuthorityDerivedData/Build/Intermediates.noindex/AuthorityHost.build/Debug-iphonesimulator/AuthorityHostUITests.build/empty-AuthorityHostUITests.plist
2026-09-10T10:16:18.1050280Z 
2026-09-10T10:16:18.1161970Z WriteAuxiliaryFile /Users/runner/work/PartyDeck/PartyDeck/godot/ios-host/build/AuthorityDerivedData/Build/Intermediates.noindex/AuthorityHost.build/Debug-iphonesimulator/AuthorityHostUITests.build/ProductTypeInfoPlistAdditions.plist (in target 'AuthorityHostUITests' from project 'AuthorityHost')
2026-09-10T10:16:18.1294140Z     cd /Users/runner/work/PartyDeck/PartyDeck/godot/ios-host
2026-09-10T10:16:18.1403290Z     write-file /Users/runner/work/PartyDeck/PartyDeck/godot/ios-host/build/AuthorityDerivedData/Build/Intermediates.noindex/AuthorityHost.build/Debug-iphonesimulator/AuthorityHostUITests.build/ProductTypeInfoPlistAdditions.plist
2026-09-10T10:16:18.1488990Z 
2026-09-10T10:16:18.1491030Z WriteAuxiliaryFile /Users/runner/work/PartyDeck/PartyDeck/godot/ios-host/build/AuthorityDerivedData/Build/Intermediates.noindex/AuthorityHost.build/Debug-iphonesimulator/AuthorityHostUITests.build/Objects-normal/arm64/AuthorityHostUITests_const_extract_protocols.json (in target 'AuthorityHostUITests' from project 'AuthorityHost')
2026-09-10T10:16:18.1492630Z     cd /Users/runner/work/PartyDeck/PartyDeck/godot/ios-host
2026-09-10T10:16:18.1494470Z     write-file /Users/runner/work/PartyDeck/PartyDeck/godot/ios-host/build/AuthorityDerivedData/Build/Intermediates.noindex/AuthorityHost.build/Debug-iphonesimulator/AuthorityHostUITests.build/Objects-normal/arm64/AuthorityHostUITests_const_extract_protocols.json
2026-09-10T10:16:18.1506090Z 
2026-09-10T10:16:18.1507980Z WriteAuxiliaryFile /Users/runner/work/PartyDeck/PartyDeck/godot/ios-host/build/AuthorityDerivedData/Build/Intermediates.noindex/AuthorityHost.build/Debug-iphonesimulator/AuthorityHostUITests.build/Objects-normal/arm64/AuthorityHostUITests.SwiftFileList (in target 'AuthorityHostUITests' from project 'AuthorityHost')
2026-09-10T10:16:18.1509860Z     cd /Users/runner/work/PartyDeck/PartyDeck/godot/ios-host
2026-09-10T10:16:18.1513100Z     write-file /Users/runner/work/PartyDeck/PartyDeck/godot/ios-host/build/AuthorityDerivedData/Build/Intermediates.noindex/AuthorityHost.build/Debug-iphonesimulator/AuthorityHostUITests.build/Objects-normal/arm64/AuthorityHostUITests.SwiftFileList
2026-09-10T10:16:18.1514270Z 
2026-09-10T10:16:18.1516780Z WriteAuxiliaryFile /Users/runner/work/PartyDeck/PartyDeck/godot/ios-host/build/AuthorityDerivedData/Build/Intermediates.noindex/AuthorityHost.build/Debug-iphonesimulator/AuthorityHostUITests.build/Objects-normal/arm64/AuthorityHostUITests.SwiftConstValuesFileList (in target 'AuthorityHostUITests' from project 'AuthorityHost')
2026-09-10T10:16:18.1518660Z     cd /Users/runner/work/PartyDeck/PartyDeck/godot/ios-host
2026-09-10T10:16:18.1521740Z     write-file /Users/runner/work/PartyDeck/PartyDeck/godot/ios-host/build/AuthorityDerivedData/Build/Intermediates.noindex/AuthorityHost.build/Debug-iphonesimulator/AuthorityHostUITests.build/Objects-normal/arm64/AuthorityHostUITests.SwiftConstValuesFileList
2026-09-10T10:16:18.1531240Z 
2026-09-10T10:16:18.1532410Z WriteAuxiliaryFile /Users/runner/work/PartyDeck/PartyDeck/godot/ios-host/build/AuthorityDerivedData/Build/Intermediates.noindex/AuthorityHost.build/Debug-iphonesimulator/AuthorityHostUITests.build/Objects-normal/arm64/AuthorityHostUITests.LinkFileList (in target 'AuthorityHostUITests' from project 'AuthorityHost')
2026-09-10T10:16:18.1534160Z     cd /Users/runner/work/PartyDeck/PartyDeck/godot/ios-host
2026-09-10T10:16:18.1535630Z     write-file /Users/runner/work/PartyDeck/PartyDeck/godot/ios-host/build/AuthorityDerivedData/Build/Intermediates.noindex/AuthorityHost.build/Debug-iphonesimulator/AuthorityHostUITests.build/Objects-normal/arm64/AuthorityHostUITests.LinkFileList
2026-09-10T10:16:18.1536890Z 
2026-09-10T10:16:18.1538640Z WriteAuxiliaryFile /Users/runner/work/PartyDeck/PartyDeck/godot/ios-host/build/AuthorityDerivedData/Build/Intermediates.noindex/AuthorityHost.build/Debug-iphonesimulator/AuthorityHostUITests.build/Objects-normal/arm64/AuthorityHostUITests-OutputFileMap.json (in target 'AuthorityHostUITests' from project 'AuthorityHost')
2026-09-10T10:16:18.1543130Z     cd /Users/runner/work/PartyDeck/PartyDeck/godot/ios-host
2026-09-10T10:16:18.1545180Z     write-file /Users/runner/work/PartyDeck/PartyDeck/godot/ios-host/build/AuthorityDerivedData/Build/Intermediates.noindex/AuthorityHost.build/Debug-iphonesimulator/AuthorityHostUITests.build/Objects-normal/arm64/AuthorityHostUITests-OutputFileMap.json
2026-09-10T10:16:18.1546260Z 
2026-09-10T10:16:18.1547910Z WriteAuxiliaryFile /Users/runner/work/PartyDeck/PartyDeck/godot/ios-host/build/AuthorityDerivedData/Build/Intermediates.noindex/AuthorityHost.build/Debug-iphonesimulator/AuthorityHostUITests.build/AuthorityHostUITests.hmap (in target 'AuthorityHostUITests' from project 'AuthorityHost')
2026-09-10T10:16:18.1553310Z     cd /Users/runner/work/PartyDeck/PartyDeck/godot/ios-host
2026-09-10T10:16:18.1556770Z     write-file /Users/runner/work/PartyDeck/PartyDeck/godot/ios-host/build/AuthorityDerivedData/Build/Intermediates.noindex/AuthorityHost.build/Debug-iphonesimulator/AuthorityHostUITests.build/AuthorityHostUITests.hmap
2026-09-10T10:16:18.1559730Z 
2026-09-10T10:16:18.1564450Z WriteAuxiliaryFile /Users/runner/work/PartyDeck/PartyDeck/godot/ios-host/build/AuthorityDerivedData/Build/Intermediates.noindex/AuthorityHost.build/Debug-iphonesimulator/AuthorityHostUITests.build/AuthorityHostUITests.DependencyStaticMetadataFileList (in target 'AuthorityHostUITests' from project 'AuthorityHost')
2026-09-10T10:16:18.1566980Z     cd /Users/runner/work/PartyDeck/PartyDeck/godot/ios-host
2026-09-10T10:16:18.1571370Z     write-file /Users/runner/work/PartyDeck/PartyDeck/godot/ios-host/build/AuthorityDerivedData/Build/Intermediates.noindex/AuthorityHost.build/Debug-iphonesimulator/AuthorityHostUITests.build/AuthorityHostUITests.DependencyStaticMetadataFileList
2026-09-10T10:16:18.1647250Z 
2026-09-10T10:16:18.1657490Z WriteAuxiliaryFile /Users/runner/work/PartyDeck/PartyDeck/godot/ios-host/build/AuthorityDerivedData/Build/Intermediates.noindex/AuthorityHost.build/Debug-iphonesimulator/AuthorityHostUITests.build/AuthorityHostUITests.DependencyMetadataFileList (in target 'AuthorityHostUITests' from project 'AuthorityHost')
2026-09-10T10:16:18.1662820Z     cd /Users/runner/work/PartyDeck/PartyDeck/godot/ios-host
2026-09-10T10:16:18.1667660Z     write-file /Users/runner/work/PartyDeck/PartyDeck/godot/ios-host/build/AuthorityDerivedData/Build/Intermediates.noindex/AuthorityHost.build/Debug-iphonesimulator/AuthorityHostUITests.build/AuthorityHostUITests.DependencyMetadataFileList
2026-09-10T10:16:18.2030540Z 
2026-09-10T10:16:18.2207150Z WriteAuxiliaryFile /Users/runner/work/PartyDeck/PartyDeck/godot/ios-host/build/AuthorityDerivedData/Build/Intermediates.noindex/AuthorityHost.build/Debug-iphonesimulator/AuthorityHostUITests.build/AuthorityHostUITests-project-headers.hmap (in target 'AuthorityHostUITests' from project 'AuthorityHost')
2026-09-10T10:16:18.2438790Z     cd /Users/runner/work/PartyDeck/PartyDeck/godot/ios-host
2026-09-10T10:16:18.2806440Z     write-file /Users/runner/work/PartyDeck/PartyDeck/godot/ios-host/build/AuthorityDerivedData/Build/Intermediates.noindex/AuthorityHost.build/Debug-iphonesimulator/AuthorityHostUITests.build/AuthorityHostUITests-project-headers.hmap
2026-09-10T10:16:18.2808090Z 
2026-09-10T10:16:18.2809230Z WriteAuxiliaryFile /Users/runner/work/PartyDeck/PartyDeck/godot/ios-host/build/AuthorityDerivedData/Build/Intermediates.noindex/AuthorityHost.build/Debug-iphonesimulator/AuthorityHostUITests.build/AuthorityHostUITests-own-target-headers.hmap (in target 'AuthorityHostUITests' from project 'AuthorityHost')
2026-09-10T10:16:18.2811000Z     cd /Users/runner/work/PartyDeck/PartyDeck/godot/ios-host
2026-09-10T10:16:18.2813430Z     write-file /Users/runner/work/PartyDeck/PartyDeck/godot/ios-host/build/AuthorityDerivedData/Build/Intermediates.noindex/AuthorityHost.build/Debug-iphonesimulator/AuthorityHostUITests.build/AuthorityHostUITests-own-target-headers.hmap
2026-09-10T10:16:18.2814220Z 
2026-09-10T10:16:18.2815470Z WriteAuxiliaryFile /Users/runner/work/PartyDeck/PartyDeck/godot/ios-host/build/AuthorityDerivedData/Build/Intermediates.noindex/AuthorityHost.build/Debug-iphonesimulator/AuthorityHostUITests.build/AuthorityHostUITests-generated-files.hmap (in target 'AuthorityHostUITests' from project 'AuthorityHost')
2026-09-10T10:16:18.2817380Z     cd /Users/runner/work/PartyDeck/PartyDeck/godot/ios-host
2026-09-10T10:16:18.2819000Z     write-file /Users/runner/work/PartyDeck/PartyDeck/godot/ios-host/build/AuthorityDerivedData/Build/Intermediates.noindex/AuthorityHost.build/Debug-iphonesimulator/AuthorityHostUITests.build/AuthorityHostUITests-generated-files.hmap
2026-09-10T10:16:18.2820540Z 
2026-09-10T10:16:18.2926910Z WriteAuxiliaryFile /Users/runner/work/PartyDeck/PartyDeck/godot/ios-host/build/AuthorityDerivedData/Build/Intermediates.noindex/AuthorityHost.build/Debug-iphonesimulator/AuthorityHostUITests.build/AuthorityHostUITests-all-target-headers.hmap (in target 'AuthorityHostUITests' from project 'AuthorityHost')
2026-09-10T10:16:18.2931770Z     cd /Users/runner/work/PartyDeck/PartyDeck/godot/ios-host
2026-09-10T10:16:18.3041970Z     write-file /Users/runner/work/PartyDeck/PartyDeck/godot/ios-host/build/AuthorityDerivedData/Build/Intermediates.noindex/AuthorityHost.build/Debug-iphonesimulator/AuthorityHostUITests.build/AuthorityHostUITests-all-target-headers.hmap
2026-09-10T10:16:18.3180290Z 
2026-09-10T10:16:18.3316620Z WriteAuxiliaryFile /Users/runner/work/PartyDeck/PartyDeck/godot/ios-host/build/AuthorityDerivedData/Build/Intermediates.noindex/AuthorityHost.build/Debug-iphonesimulator/AuthorityHostUITests.build/AuthorityHostUITests-all-non-framework-target-headers.hmap (in target 'AuthorityHostUITests' from project 'AuthorityHost')
2026-09-10T10:16:18.3422180Z     cd /Users/runner/work/PartyDeck/PartyDeck/godot/ios-host
2026-09-10T10:16:18.3557600Z     write-file /Users/runner/work/PartyDeck/PartyDeck/godot/ios-host/build/AuthorityDerivedData/Build/Intermediates.noindex/AuthorityHost.build/Debug-iphonesimulator/AuthorityHostUITests.build/AuthorityHostUITests-all-non-framework-target-headers.hmap
2026-09-10T10:16:18.3686230Z 
2026-09-10T10:16:18.3800050Z MkDir /Users/runner/work/PartyDeck/PartyDeck/godot/ios-host/build/AuthorityDerivedData/Build/Products/Debug-iphonesimulator/AuthorityHostUITests-Runner.app/PlugIns/AuthorityHostUITests.xctest (in target 'AuthorityHostUITests' from project 'AuthorityHost')
2026-09-10T10:16:18.3967480Z     cd /Users/runner/work/PartyDeck/PartyDeck/godot/ios-host
2026-09-10T10:16:18.4100760Z     /bin/mkdir -p /Users/runner/work/PartyDeck/PartyDeck/godot/ios-host/build/AuthorityDerivedData/Build/Products/Debug-iphonesimulator/AuthorityHostUITests-Runner.app/PlugIns/AuthorityHostUITests.xctest
2026-09-10T10:16:18.4203640Z 
2026-09-10T10:16:18.4345840Z CopySwiftLibs /Users/runner/work/PartyDeck/PartyDeck/godot/ios-host/build/AuthorityDerivedData/Build/Products/Debug-iphonesimulator/AuthorityHost.app (in target 'AuthorityHost' from project 'AuthorityHost')
2026-09-10T10:16:18.4468060Z     cd /Users/runner/work/PartyDeck/PartyDeck/godot/ios-host
2026-09-10T10:16:18.4573370Z     builtin-swiftStdLibTool --copy --verbose --scan-executable /Users/runner/work/PartyDeck/PartyDeck/godot/ios-host/build/AuthorityDerivedData/Build/Products/Debug-iphonesimulator/AuthorityHost.app/AuthorityHost --scan-folder /Users/runner/work/PartyDeck/PartyDeck/godot/ios-host/build/AuthorityDerivedData/Build/Products/Debug-iphonesimulator/AuthorityHost.app/Frameworks --scan-folder /Users/runner/work/PartyDeck/PartyDeck/godot/ios-host/build/AuthorityDerivedData/Build/Products/Debug-iphonesimulator/AuthorityHost.app/PlugIns --scan-folder /Users/runner/work/PartyDeck/PartyDeck/godot/ios-host/build/AuthorityDerivedData/Build/Products/Debug-iphonesimulator/AuthorityHost.app/SystemExtensions --scan-folder /Users/runner/work/PartyDeck/PartyDeck/godot/ios-host/build/AuthorityDerivedData/Build/Products/Debug-iphonesimulator/AuthorityHost.app/Extensions --scan-folder /Users/runner/work/PartyDeck/PartyDeck/godot/ios-host/build/artifacts/PartyDeckGodotBridge.framework --platform iphonesimulator --toolchain /var/run/com.apple.security.cryptexd/mnt/com.apple.MobileAsset.MetalToolchain-v17.5.188.0.ZfHsjO/Metal.xctoolchain --toolchain /Applications/Xcode_26.4.1.app/Contents/Developer/Toolchains/XcodeDefault.xctoolchain --destination /Users/runner/work/PartyDeck/PartyDeck/godot/ios-host/build/AuthorityDerivedData/Build/Products/Debug-iphonesimulator/AuthorityHost.app/Frameworks --strip-bitcode --strip-bitcode-tool /Applications/Xcode_26.4.1.app/Contents/Developer/Toolchains/XcodeDefault.xctoolchain/usr/bin/bitcode_strip --emit-dependency-info /Users/runner/work/PartyDeck/PartyDeck/godot/ios-host/build/AuthorityDerivedData/Build/Intermediates.noindex/AuthorityHost.build/Debug-iphonesimulator/AuthorityHost.build/SwiftStdLibToolInputDependencies.dep --filter-for-swift-os
2026-09-10T10:16:19.4901560Z Ignoring --strip-bitcode because --sign was not passed
2026-09-10T10:16:19.5736250Z 
2026-09-10T10:16:19.5860320Z SwiftDriver AuthorityHostUITests normal arm64 com.apple.xcode.tools.swift.compiler (in target 'AuthorityHostUITests' from project 'AuthorityHost')
2026-09-10T10:16:19.5888070Z     cd /Users/runner/work/PartyDeck/PartyDeck/godot/ios-host
2026-09-10T10:16:19.6094470Z     builtin-SwiftDriver -- /Applications/Xcode_26.4.1.app/Contents/Developer/Toolchains/XcodeDefault.xctoolchain/usr/bin/swiftc -module-name AuthorityHostUITests -Onone @/Users/runner/work/PartyDeck/PartyDeck/godot/ios-host/build/AuthorityDerivedData/Build/Intermediates.noindex/AuthorityHost.build/Debug-iphonesimulator/AuthorityHostUITests.build/Objects-normal/arm64/AuthorityHostUITests.SwiftFileList -module-alias Testing\=_Testing_Unavailable -plugin-path /Applications/Xcode_26.4.1.app/Contents/Developer/Toolchains/XcodeDefault.xctoolchain/usr/lib/swift/host/plugins/testing -enable-experimental-feature DebugDescriptionMacro -sdk /Applications/Xcode_26.4.1.app/Contents/Developer/Platforms/iPhoneSimulator.platform/Developer/SDKs/iPhoneSimulator26.4.sdk -target arm64-apple-ios15.0-simulator -g -module-cache-path /Users/runner/work/PartyDeck/PartyDeck/godot/ios-host/build/AuthorityDerivedData/ModuleCache.noindex -Xfrontend -serialize-debugging-options -enable-testing -index-store-path /Users/runner/work/PartyDeck/PartyDeck/godot/ios-host/build/AuthorityDerivedData/Index.noindex/DataStore -swift-version 6 -I /Users/runner/work/PartyDeck/PartyDeck/godot/ios-host/build/AuthorityDerivedData/Build/Products/Debug-iphonesimulator -Isystem /Applications/Xcode_26.4.1.app/Contents/Developer/Platforms/iPhoneSimulator.platform/Developer/usr/lib -F /Users/runner/work/PartyDeck/PartyDeck/godot/ios-host/build/AuthorityDerivedData/Build/Products/Debug-iphonesimulator -F /Applications/Xcode_26.4.1.app/Contents/Developer/Platforms/iPhoneSimulator.platform/Developer/Library/Frameworks -F /Applications/Xcode_26.4.1.app/Contents/Developer/Platforms/iPhoneSimulator.platform/Developer/SDKs/iPhoneSimulator26.4.sdk/Developer/Library/Frameworks -parse-as-library -c -j3 -enable-batch-mode -incremental -Xcc -ivfsstatcache -Xcc /Users/runner/work/PartyDeck/PartyDeck/godot/ios-host/build/AuthorityDerivedData/SDKStatCaches.noindex/iphonesimulator26.4-23E252-688ef53f1462e2c8f657fdc38a81448f893e4a944e4cdd9af1f5077e1341bc52.sdkstatcache -output-file-map /Users/runner/work/PartyDeck/PartyDeck/godot/ios-host/build/AuthorityDerivedData/Build/Intermediates.noindex/AuthorityHost.build/Debug-iphonesimulator/AuthorityHostUITests.build/Objects-normal/arm64/AuthorityHostUITests-OutputFileMap.json -use-frontend-parseable-output -save-temps -no-color-diagnostics -explicit-module-build -module-cache-path /Users/runner/work/PartyDeck/PartyDeck/godot/ios-host/build/AuthorityDerivedData/Build/Intermediates.noindex/SwiftExplicitPrecompiledModules -clang-scanner-module-cache-path /Users/runner/work/PartyDeck/PartyDeck/godot/ios-host/build/AuthorityDerivedData/ModuleCache.noindex -sdk-module-cache-path /Users/runner/work/PartyDeck/PartyDeck/godot/ios-host/build/AuthorityDerivedData/ModuleCache.noindex -serialize-diagnostics -emit-dependencies -emit-module -emit-module-path /Users/runner/work/PartyDeck/PartyDeck/godot/ios-host/build/AuthorityDerivedData/Build/Intermediates.noindex/AuthorityHost.build/Debug-iphonesimulator/AuthorityHostUITests.build/Objects-normal/arm64/AuthorityHostUITests.swiftmodule -validate-clang-modules-once -clang-build-session-file /Users/runner/work/PartyDeck/PartyDeck/godot/ios-host/build/AuthorityDerivedData/ModuleCache.noindex/Session.modulevalidation -Xcc -I/Users/runner/work/PartyDeck/PartyDeck/godot/ios-host/build/AuthorityDerivedData/Build/Intermediates.noindex/AuthorityHost.build/Debug-iphonesimulator/AuthorityHostUITests.build/swift-overrides.hmap -emit-const-values -Xfrontend -const-gather-protocols-file -Xfrontend /Users/runner/work/PartyDeck/PartyDeck/godot/ios-host/build/AuthorityDerivedData/Build/Intermediates.noindex/AuthorityHost.build/Debug-iphonesimulator/AuthorityHostUITests.build/Objects-normal/arm64/AuthorityHostUITests_const_extract_protocols.json -Xcc -iquote -Xcc /Users/runner/work/PartyDeck/PartyDeck/godot/ios-host/build/AuthorityDerivedData/Build/Intermediates.noindex/AuthorityHost.build/Debug-iphonesimulator/AuthorityHostUITests.build/AuthorityHostUITests-generated-files.hmap -Xcc -I/Users/runner/work/PartyDeck/PartyDeck/godot/ios-host/build/AuthorityDerivedData/Build/Intermediates.noindex/AuthorityHost.build/Debug-iphonesimulator/AuthorityHostUITests.build/AuthorityHostUITests-own-target-headers.hmap -Xcc -I/Users/runner/work/PartyDeck/PartyDeck/godot/ios-host/build/AuthorityDerivedData/Build/Intermediates.noindex/AuthorityHost.build/Debug-iphonesimulator/AuthorityHostUITests.build/AuthorityHostUITests-all-target-headers.hmap -Xcc -iquote -Xcc /Users/runner/work/PartyDeck/PartyDeck/godot/ios-host/build/AuthorityDerivedData/Build/Intermediates.noindex/AuthorityHost.build/Debug-iphonesimulator/AuthorityHostUITests.build/AuthorityHostUITests-project-headers.hmap -Xcc -I/Users/runner/work/PartyDeck/PartyDeck/godot/ios-host/build/AuthorityDerivedData/Build/Products/Debug-iphonesimulator/include -Xcc -I/Users/runner/work/PartyDeck/PartyDeck/godot/ios-host/build/AuthorityDerivedData/Build/Intermediates.noindex/AuthorityHost.build/Debug-iphonesimulator/AuthorityHostUITests.build/DerivedSources-normal/arm64 -Xcc -I/Users/runner/work/PartyDeck/PartyDeck/godot/ios-host/build/AuthorityDerivedData/Build/Intermediates.noindex/AuthorityHost.build/Debug-iphonesimulator/AuthorityHostUITests.build/DerivedSources/arm64 -Xcc -I/Users/runner/work/PartyDeck/PartyDeck/godot/ios-host/build/AuthorityDerivedData/Build/Intermediates.noindex/AuthorityHost.build/Debug-iphonesimulator/AuthorityHostUITests.build/DerivedSources -emit-objc-header -emit-objc-header-path /Users/runner/work/PartyDeck/PartyDeck/godot/ios-host/build/AuthorityDerivedData/Build/Intermediates.noindex/AuthorityHost.build/Debug-iphonesimulator/AuthorityHostUITests.build/Objects-normal/arm64/AuthorityHostUITests-Swift.h -working-directory /Users/runner/work/PartyDeck/PartyDeck/godot/ios-host -experimental-emit-module-separately -disable-cmo
2026-09-10T10:16:26.8024420Z 
2026-09-10T10:16:26.8108570Z ProcessInfoPlistFile /Users/runner/work/PartyDeck/PartyDeck/godot/ios-host/build/AuthorityDerivedData/Build/Products/Debug-iphonesimulator/AuthorityHostUITests-Runner.app/PlugIns/AuthorityHostUITests.xctest/Info.plist /Users/runner/work/PartyDeck/PartyDeck/godot/ios-host/build/AuthorityDerivedData/Build/Intermediates.noindex/AuthorityHost.build/Debug-iphonesimulator/AuthorityHostUITests.build/empty-AuthorityHostUITests.plist (in target 'AuthorityHostUITests' from project 'AuthorityHost')
2026-09-10T10:16:26.8215920Z     cd /Users/runner/work/PartyDeck/PartyDeck/godot/ios-host
2026-09-10T10:16:26.8348580Z     builtin-infoPlistUtility /Users/runner/work/PartyDeck/PartyDeck/godot/ios-host/build/AuthorityDerivedData/Build/Intermediates.noindex/AuthorityHost.build/Debug-iphonesimulator/AuthorityHostUITests.build/empty-AuthorityHostUITests.plist -producttype com.apple.product-type.bundle.ui-testing -expandbuildsettings -format binary -platform iphonesimulator -additionalcontentfile /Users/runner/work/PartyDeck/PartyDeck/godot/ios-host/build/AuthorityDerivedData/Build/Intermediates.noindex/AuthorityHost.build/Debug-iphonesimulator/AuthorityHostUITests.build/ProductTypeInfoPlistAdditions.plist -o /Users/runner/work/PartyDeck/PartyDeck/godot/ios-host/build/AuthorityDerivedData/Build/Products/Debug-iphonesimulator/AuthorityHostUITests-Runner.app/PlugIns/AuthorityHostUITests.xctest/Info.plist
2026-09-10T10:16:26.8462970Z 
2026-09-10T10:16:26.8610450Z SwiftExplicitDependencyGeneratePcm arm64 /Users/runner/work/PartyDeck/PartyDeck/godot/ios-host/build/AuthorityDerivedData/Build/Intermediates.noindex/SwiftExplicitPrecompiledModules/XCUIAutomation-DXGLS9980XC8NG8FXUOMDCDC.pcm
2026-09-10T10:16:28.0007600Z 
2026-09-10T10:16:28.0109550Z SwiftExplicitDependencyCompileModuleFromInterface arm64 /Users/runner/work/PartyDeck/PartyDeck/godot/ios-host/build/AuthorityDerivedData/Build/Intermediates.noindex/SwiftExplicitPrecompiledModules/XCUIAutomation-3KB0CIR861DYG.swiftmodule
2026-09-10T10:16:28.8049740Z 
2026-09-10T10:16:28.8064590Z SwiftExplicitDependencyGeneratePcm arm64 /Users/runner/work/PartyDeck/PartyDeck/godot/ios-host/build/AuthorityDerivedData/Build/Intermediates.noindex/SwiftExplicitPrecompiledModules/XCTest-44VDEG2599N0GQ5B6SV5IL26V.pcm
2026-09-10T10:16:28.8078520Z 
2026-09-10T10:16:28.8101140Z SwiftExplicitDependencyCompileModuleFromInterface arm64 /Users/runner/work/PartyDeck/PartyDeck/godot/ios-host/build/AuthorityDerivedData/Build/Intermediates.noindex/SwiftExplicitPrecompiledModules/XCTest-5QCV1YYK5JJM.swiftmodule
2026-09-10T10:16:29.4304190Z 
2026-09-10T10:16:29.4405530Z SwiftEmitModule normal arm64 Emitting\ module\ for\ AuthorityHostUITests (in target 'AuthorityHostUITests' from project 'AuthorityHost')
2026-09-10T10:16:29.4943130Z 
2026-09-10T10:16:29.5049770Z SwiftCompile normal arm64 /Users/runner/work/PartyDeck/PartyDeck/godot/ios-host/AuthorityHostUITests/AuthorityHostUITests.swift (in target 'AuthorityHostUITests' from project 'AuthorityHost')
2026-09-10T10:16:29.5153140Z     cd /Users/runner/work/PartyDeck/PartyDeck/godot/ios-host
2026-09-10T10:16:29.5338630Z     
2026-09-10T10:16:30.7064410Z 
2026-09-10T10:16:30.7201210Z SwiftCompile normal arm64 Compiling\ AuthorityHostUITests.swift /Users/runner/work/PartyDeck/PartyDeck/godot/ios-host/AuthorityHostUITests/AuthorityHostUITests.swift (in target 'AuthorityHostUITests' from project 'AuthorityHost')
2026-09-10T10:16:30.7322600Z SwiftCompile normal arm64 /Users/runner/work/PartyDeck/PartyDeck/godot/ios-host/AuthorityHostUITests/AuthorityHostUITests.swift (in target 'AuthorityHostUITests' from project 'AuthorityHost')
2026-09-10T10:16:30.7447140Z     cd /Users/runner/work/PartyDeck/PartyDeck/godot/ios-host
2026-09-10T10:16:30.7792140Z     
2026-09-10T10:16:35.9660990Z 
2026-09-10T10:16:35.9768390Z SwiftDriverJobDiscovery normal arm64 Emitting module for AuthorityHostUITests (in target 'AuthorityHostUITests' from project 'AuthorityHost')
2026-09-10T10:16:35.9870550Z 
2026-09-10T10:16:35.9975550Z SwiftDriver\ Compilation\ Requirements AuthorityHostUITests normal arm64 com.apple.xcode.tools.swift.compiler (in target 'AuthorityHostUITests' from project 'AuthorityHost')
2026-09-10T10:16:36.0074830Z     cd /Users/runner/work/PartyDeck/PartyDeck/godot/ios-host
2026-09-10T10:16:36.0235750Z     builtin-Swift-Compilation-Requirements -- /Applications/Xcode_26.4.1.app/Contents/Developer/Toolchains/XcodeDefault.xctoolchain/usr/bin/swiftc -module-name AuthorityHostUITests -Onone @/Users/runner/work/PartyDeck/PartyDeck/godot/ios-host/build/AuthorityDerivedData/Build/Intermediates.noindex/AuthorityHost.build/Debug-iphonesimulator/AuthorityHostUITests.build/Objects-normal/arm64/AuthorityHostUITests.SwiftFileList -module-alias Testing\=_Testing_Unavailable -plugin-path /Applications/Xcode_26.4.1.app/Contents/Developer/Toolchains/XcodeDefault.xctoolchain/usr/lib/swift/host/plugins/testing -enable-experimental-feature DebugDescriptionMacro -sdk /Applications/Xcode_26.4.1.app/Contents/Developer/Platforms/iPhoneSimulator.platform/Developer/SDKs/iPhoneSimulator26.4.sdk -target arm64-apple-ios15.0-simulator -g -module-cache-path /Users/runner/work/PartyDeck/PartyDeck/godot/ios-host/build/AuthorityDerivedData/ModuleCache.noindex -Xfrontend -serialize-debugging-options -enable-testing -index-store-path /Users/runner/work/PartyDeck/PartyDeck/godot/ios-host/build/AuthorityDerivedData/Index.noindex/DataStore -swift-version 6 -I /Users/runner/work/PartyDeck/PartyDeck/godot/ios-host/build/AuthorityDerivedData/Build/Products/Debug-iphonesimulator -Isystem /Applications/Xcode_26.4.1.app/Contents/Developer/Platforms/iPhoneSimulator.platform/Developer/usr/lib -F /Users/runner/work/PartyDeck/PartyDeck/godot/ios-host/build/AuthorityDerivedData/Build/Products/Debug-iphonesimulator -F /Applications/Xcode_26.4.1.app/Contents/Developer/Platforms/iPhoneSimulator.platform/Developer/Library/Frameworks -F /Applications/Xcode_26.4.1.app/Contents/Developer/Platforms/iPhoneSimulator.platform/Developer/SDKs/iPhoneSimulator26.4.sdk/Developer/Library/Frameworks -parse-as-library -c -j3 -enable-batch-mode -incremental -Xcc -ivfsstatcache -Xcc /Users/runner/work/PartyDeck/PartyDeck/godot/ios-host/build/AuthorityDerivedData/SDKStatCaches.noindex/iphonesimulator26.4-23E252-688ef53f1462e2c8f657fdc38a81448f893e4a944e4cdd9af1f5077e1341bc52.sdkstatcache -output-file-map /Users/runner/work/PartyDeck/PartyDeck/godot/ios-host/build/AuthorityDerivedData/Build/Intermediates.noindex/AuthorityHost.build/Debug-iphonesimulator/AuthorityHostUITests.build/Objects-normal/arm64/AuthorityHostUITests-OutputFileMap.json -use-frontend-parseable-output -save-temps -no-color-diagnostics -explicit-module-build -module-cache-path /Users/runner/work/PartyDeck/PartyDeck/godot/ios-host/build/AuthorityDerivedData/Build/Intermediates.noindex/SwiftExplicitPrecompiledModules -clang-scanner-module-cache-path /Users/runner/work/PartyDeck/PartyDeck/godot/ios-host/build/AuthorityDerivedData/ModuleCache.noindex -sdk-module-cache-path /Users/runner/work/PartyDeck/PartyDeck/godot/ios-host/build/AuthorityDerivedData/ModuleCache.noindex -serialize-diagnostics -emit-dependencies -emit-module -emit-module-path /Users/runner/work/PartyDeck/PartyDeck/godot/ios-host/build/AuthorityDerivedData/Build/Intermediates.noindex/AuthorityHost.build/Debug-iphonesimulator/AuthorityHostUITests.build/Objects-normal/arm64/AuthorityHostUITests.swiftmodule -validate-clang-modules-once -clang-build-session-file /Users/runner/work/PartyDeck/PartyDeck/godot/ios-host/build/AuthorityDerivedData/ModuleCache.noindex/Session.modulevalidation -Xcc -I/Users/runner/work/PartyDeck/PartyDeck/godot/ios-host/build/AuthorityDerivedData/Build/Intermediates.noindex/AuthorityHost.build/Debug-iphonesimulator/AuthorityHostUITests.build/swift-overrides.hmap -emit-const-values -Xfrontend -const-gather-protocols-file -Xfrontend /Users/runner/work/PartyDeck/PartyDeck/godot/ios-host/build/AuthorityDerivedData/Build/Intermediates.noindex/AuthorityHost.build/Debug-iphonesimulator/AuthorityHostUITests.build/Objects-normal/arm64/AuthorityHostUITests_const_extract_protocols.json -Xcc -iquote -Xcc /Users/runner/work/PartyDeck/PartyDeck/godot/ios-host/build/AuthorityDerivedData/Build/Intermediates.noindex/AuthorityHost.build/Debug-iphonesimulator/AuthorityHostUITests.build/AuthorityHostUITests-generated-files.hmap -Xcc -I/Users/runner/work/PartyDeck/PartyDeck/godot/ios-host/build/AuthorityDerivedData/Build/Intermediates.noindex/AuthorityHost.build/Debug-iphonesimulator/AuthorityHostUITests.build/AuthorityHostUITests-own-target-headers.hmap -Xcc -I/Users/runner/work/PartyDeck/PartyDeck/godot/ios-host/build/AuthorityDerivedData/Build/Intermediates.noindex/AuthorityHost.build/Debug-iphonesimulator/AuthorityHostUITests.build/AuthorityHostUITests-all-target-headers.hmap -Xcc -iquote -Xcc /Users/runner/work/PartyDeck/PartyDeck/godot/ios-host/build/AuthorityDerivedData/Build/Intermediates.noindex/AuthorityHost.build/Debug-iphonesimulator/AuthorityHostUITests.build/AuthorityHostUITests-project-headers.hmap -Xcc -I/Users/runner/work/PartyDeck/PartyDeck/godot/ios-host/build/AuthorityDerivedData/Build/Products/Debug-iphonesimulator/include -Xcc -I/Users/runner/work/PartyDeck/PartyDeck/godot/ios-host/build/AuthorityDerivedData/Build/Intermediates.noindex/AuthorityHost.build/Debug-iphonesimulator/AuthorityHostUITests.build/DerivedSources-normal/arm64 -Xcc -I/Users/runner/work/PartyDeck/PartyDeck/godot/ios-host/build/AuthorityDerivedData/Build/Intermediates.noindex/AuthorityHost.build/Debug-iphonesimulator/AuthorityHostUITests.build/DerivedSources/arm64 -Xcc -I/Users/runner/work/PartyDeck/PartyDeck/godot/ios-host/build/AuthorityDerivedData/Build/Intermediates.noindex/AuthorityHost.build/Debug-iphonesimulator/AuthorityHostUITests.build/DerivedSources -emit-objc-header -emit-objc-header-path /Users/runner/work/PartyDeck/PartyDeck/godot/ios-host/build/AuthorityDerivedData/Build/Intermediates.noindex/AuthorityHost.build/Debug-iphonesimulator/AuthorityHostUITests.build/Objects-normal/arm64/AuthorityHostUITests-Swift.h -working-directory /Users/runner/work/PartyDeck/PartyDeck/godot/ios-host -experimental-emit-module-separately -disable-cmo
2026-09-10T10:16:36.0268240Z 
2026-09-10T10:16:36.0372730Z SwiftMergeGeneratedHeaders /Users/runner/work/PartyDeck/PartyDeck/godot/ios-host/build/AuthorityDerivedData/Build/Intermediates.noindex/AuthorityHost.build/Debug-iphonesimulator/AuthorityHostUITests.build/DerivedSources/AuthorityHostUITests-Swift.h /Users/runner/work/PartyDeck/PartyDeck/godot/ios-host/build/AuthorityDerivedData/Build/Intermediates.noindex/AuthorityHost.build/Debug-iphonesimulator/AuthorityHostUITests.build/Objects-normal/arm64/AuthorityHostUITests-Swift.h (in target 'AuthorityHostUITests' from project 'AuthorityHost')
2026-09-10T10:16:36.0488860Z     cd /Users/runner/work/PartyDeck/PartyDeck/godot/ios-host
2026-09-10T10:16:36.0702920Z     builtin-swiftHeaderTool -arch arm64 /Users/runner/work/PartyDeck/PartyDeck/godot/ios-host/build/AuthorityDerivedData/Build/Intermediates.noindex/AuthorityHost.build/Debug-iphonesimulator/AuthorityHostUITests.build/Objects-normal/arm64/AuthorityHostUITests-Swift.h -o /Users/runner/work/PartyDeck/PartyDeck/godot/ios-host/build/AuthorityDerivedData/Build/Intermediates.noindex/AuthorityHost.build/Debug-iphonesimulator/AuthorityHostUITests.build/DerivedSources/AuthorityHostUITests-Swift.h
2026-09-10T10:16:36.0822110Z 
2026-09-10T10:16:36.0907150Z Copy /Users/runner/work/PartyDeck/PartyDeck/godot/ios-host/build/AuthorityDerivedData/Build/Products/Debug-iphonesimulator/AuthorityHostUITests.swiftmodule/arm64-apple-ios-simulator.swiftmodule /Users/runner/work/PartyDeck/PartyDeck/godot/ios-host/build/AuthorityDerivedData/Build/Intermediates.noindex/AuthorityHost.build/Debug-iphonesimulator/AuthorityHostUITests.build/Objects-normal/arm64/AuthorityHostUITests.swiftmodule (in target 'AuthorityHostUITests' from project 'AuthorityHost')
2026-09-10T10:16:36.1014520Z     cd /Users/runner/work/PartyDeck/PartyDeck/godot/ios-host
2026-09-10T10:16:36.1123910Z     builtin-copy -exclude .DS_Store -exclude CVS -exclude .svn -exclude .git -exclude .hg -strip-unsigned-binaries -strip-deterministic -strip-tool /Applications/Xcode_26.4.1.app/Contents/Developer/Toolchains/XcodeDefault.xctoolchain/usr/bin/strip -resolve-src-symlinks -rename /Users/runner/work/PartyDeck/PartyDeck/godot/ios-host/build/AuthorityDerivedData/Build/Intermediates.noindex/AuthorityHost.build/Debug-iphonesimulator/AuthorityHostUITests.build/Objects-normal/arm64/AuthorityHostUITests.swiftmodule /Users/runner/work/PartyDeck/PartyDeck/godot/ios-host/build/AuthorityDerivedData/Build/Products/Debug-iphonesimulator/AuthorityHostUITests.swiftmodule/arm64-apple-ios-simulator.swiftmodule
2026-09-10T10:16:36.1218860Z 
2026-09-10T10:16:36.1327850Z Copy /Users/runner/work/PartyDeck/PartyDeck/godot/ios-host/build/AuthorityDerivedData/Build/Products/Debug-iphonesimulator/AuthorityHostUITests.swiftmodule/arm64-apple-ios-simulator.swiftdoc /Users/runner/work/PartyDeck/PartyDeck/godot/ios-host/build/AuthorityDerivedData/Build/Intermediates.noindex/AuthorityHost.build/Debug-iphonesimulator/AuthorityHostUITests.build/Objects-normal/arm64/AuthorityHostUITests.swiftdoc (in target 'AuthorityHostUITests' from project 'AuthorityHost')
2026-09-10T10:16:36.1436990Z     cd /Users/runner/work/PartyDeck/PartyDeck/godot/ios-host
2026-09-10T10:16:36.1544710Z     builtin-copy -exclude .DS_Store -exclude CVS -exclude .svn -exclude .git -exclude .hg -strip-unsigned-binaries -strip-deterministic -strip-tool /Applications/Xcode_26.4.1.app/Contents/Developer/Toolchains/XcodeDefault.xctoolchain/usr/bin/strip -resolve-src-symlinks -rename /Users/runner/work/PartyDeck/PartyDeck/godot/ios-host/build/AuthorityDerivedData/Build/Intermediates.noindex/AuthorityHost.build/Debug-iphonesimulator/AuthorityHostUITests.build/Objects-normal/arm64/AuthorityHostUITests.swiftdoc /Users/runner/work/PartyDeck/PartyDeck/godot/ios-host/build/AuthorityDerivedData/Build/Products/Debug-iphonesimulator/AuthorityHostUITests.swiftmodule/arm64-apple-ios-simulator.swiftdoc
2026-09-10T10:16:36.1673060Z 
2026-09-10T10:16:36.1895060Z Copy /Users/runner/work/PartyDeck/PartyDeck/godot/ios-host/build/AuthorityDerivedData/Build/Products/Debug-iphonesimulator/AuthorityHostUITests.swiftmodule/arm64-apple-ios-simulator.abi.json /Users/runner/work/PartyDeck/PartyDeck/godot/ios-host/build/AuthorityDerivedData/Build/Intermediates.noindex/AuthorityHost.build/Debug-iphonesimulator/AuthorityHostUITests.build/Objects-normal/arm64/AuthorityHostUITests.abi.json (in target 'AuthorityHostUITests' from project 'AuthorityHost')
2026-09-10T10:16:36.2051950Z     cd /Users/runner/work/PartyDeck/PartyDeck/godot/ios-host
2026-09-10T10:16:36.2059610Z     builtin-copy -exclude .DS_Store -exclude CVS -exclude .svn -exclude .git -exclude .hg -strip-unsigned-binaries -strip-deterministic -strip-tool /Applications/Xcode_26.4.1.app/Contents/Developer/Toolchains/XcodeDefault.xctoolchain/usr/bin/strip -resolve-src-symlinks -rename /Users/runner/work/PartyDeck/PartyDeck/godot/ios-host/build/AuthorityDerivedData/Build/Intermediates.noindex/AuthorityHost.build/Debug-iphonesimulator/AuthorityHostUITests.build/Objects-normal/arm64/AuthorityHostUITests.abi.json /Users/runner/work/PartyDeck/PartyDeck/godot/ios-host/build/AuthorityDerivedData/Build/Products/Debug-iphonesimulator/AuthorityHostUITests.swiftmodule/arm64-apple-ios-simulator.abi.json
2026-09-10T10:16:36.2167420Z 
2026-09-10T10:16:36.2272700Z Copy /Users/runner/work/PartyDeck/PartyDeck/godot/ios-host/build/AuthorityDerivedData/Build/Products/Debug-iphonesimulator/AuthorityHostUITests.swiftmodule/Project/arm64-apple-ios-simulator.swiftsourceinfo /Users/runner/work/PartyDeck/PartyDeck/godot/ios-host/build/AuthorityDerivedData/Build/Intermediates.noindex/AuthorityHost.build/Debug-iphonesimulator/AuthorityHostUITests.build/Objects-normal/arm64/AuthorityHostUITests.swiftsourceinfo (in target 'AuthorityHostUITests' from project 'AuthorityHost')
2026-09-10T10:16:36.2380160Z     cd /Users/runner/work/PartyDeck/PartyDeck/godot/ios-host
2026-09-10T10:16:36.2481070Z     builtin-copy -exclude .DS_Store -exclude CVS -exclude .svn -exclude .git -exclude .hg -strip-unsigned-binaries -strip-deterministic -strip-tool /Applications/Xcode_26.4.1.app/Contents/Developer/Toolchains/XcodeDefault.xctoolchain/usr/bin/strip -resolve-src-symlinks -rename /Users/runner/work/PartyDeck/PartyDeck/godot/ios-host/build/AuthorityDerivedData/Build/Intermediates.noindex/AuthorityHost.build/Debug-iphonesimulator/AuthorityHostUITests.build/Objects-normal/arm64/AuthorityHostUITests.swiftsourceinfo /Users/runner/work/PartyDeck/PartyDeck/godot/ios-host/build/AuthorityDerivedData/Build/Products/Debug-iphonesimulator/AuthorityHostUITests.swiftmodule/Project/arm64-apple-ios-simulator.swiftsourceinfo
2026-09-10T10:16:36.2579130Z 
2026-09-10T10:16:36.2683030Z SwiftDriverJobDiscovery normal arm64 Compiling AuthorityHostUITests.swift (in target 'AuthorityHostUITests' from project 'AuthorityHost')
2026-09-10T10:16:36.2784800Z 
2026-09-10T10:16:36.3252120Z SwiftDriver\ Compilation AuthorityHostUITests normal arm64 com.apple.xcode.tools.swift.compiler (in target 'AuthorityHostUITests' from project 'AuthorityHost')
2026-09-10T10:16:36.3254740Z     cd /Users/runner/work/PartyDeck/PartyDeck/godot/ios-host
2026-09-10T10:16:36.3390960Z     builtin-Swift-Compilation -- /Applications/Xcode_26.4.1.app/Contents/Developer/Toolchains/XcodeDefault.xctoolchain/usr/bin/swiftc -module-name AuthorityHostUITests -Onone @/Users/runner/work/PartyDeck/PartyDeck/godot/ios-host/build/AuthorityDerivedData/Build/Intermediates.noindex/AuthorityHost.build/Debug-iphonesimulator/AuthorityHostUITests.build/Objects-normal/arm64/AuthorityHostUITests.SwiftFileList -module-alias Testing\=_Testing_Unavailable -plugin-path /Applications/Xcode_26.4.1.app/Contents/Developer/Toolchains/XcodeDefault.xctoolchain/usr/lib/swift/host/plugins/testing -enable-experimental-feature DebugDescriptionMacro -sdk /Applications/Xcode_26.4.1.app/Contents/Developer/Platforms/iPhoneSimulator.platform/Developer/SDKs/iPhoneSimulator26.4.sdk -target arm64-apple-ios15.0-simulator -g -module-cache-path /Users/runner/work/PartyDeck/PartyDeck/godot/ios-host/build/AuthorityDerivedData/ModuleCache.noindex -Xfrontend -serialize-debugging-options -enable-testing -index-store-path /Users/runner/work/PartyDeck/PartyDeck/godot/ios-host/build/AuthorityDerivedData/Index.noindex/DataStore -swift-version 6 -I /Users/runner/work/PartyDeck/PartyDeck/godot/ios-host/build/AuthorityDerivedData/Build/Products/Debug-iphonesimulator -Isystem /Applications/Xcode_26.4.1.app/Contents/Developer/Platforms/iPhoneSimulator.platform/Developer/usr/lib -F /Users/runner/work/PartyDeck/PartyDeck/godot/ios-host/build/AuthorityDerivedData/Build/Products/Debug-iphonesimulator -F /Applications/Xcode_26.4.1.app/Contents/Developer/Platforms/iPhoneSimulator.platform/Developer/Library/Frameworks -F /Applications/Xcode_26.4.1.app/Contents/Developer/Platforms/iPhoneSimulator.platform/Developer/SDKs/iPhoneSimulator26.4.sdk/Developer/Library/Frameworks -parse-as-library -c -j3 -enable-batch-mode -incremental -Xcc -ivfsstatcache -Xcc /Users/runner/work/PartyDeck/PartyDeck/godot/ios-host/build/AuthorityDerivedData/SDKStatCaches.noindex/iphonesimulator26.4-23E252-688ef53f1462e2c8f657fdc38a81448f893e4a944e4cdd9af1f5077e1341bc52.sdkstatcache -output-file-map /Users/runner/work/PartyDeck/PartyDeck/godot/ios-host/build/AuthorityDerivedData/Build/Intermediates.noindex/AuthorityHost.build/Debug-iphonesimulator/AuthorityHostUITests.build/Objects-normal/arm64/AuthorityHostUITests-OutputFileMap.json -use-frontend-parseable-output -save-temps -no-color-diagnostics -explicit-module-build -module-cache-path /Users/runner/work/PartyDeck/PartyDeck/godot/ios-host/build/AuthorityDerivedData/Build/Intermediates.noindex/SwiftExplicitPrecompiledModules -clang-scanner-module-cache-path /Users/runner/work/PartyDeck/PartyDeck/godot/ios-host/build/AuthorityDerivedData/ModuleCache.noindex -sdk-module-cache-path /Users/runner/work/PartyDeck/PartyDeck/godot/ios-host/build/AuthorityDerivedData/ModuleCache.noindex -serialize-diagnostics -emit-dependencies -emit-module -emit-module-path /Users/runner/work/PartyDeck/PartyDeck/godot/ios-host/build/AuthorityDerivedData/Build/Intermediates.noindex/AuthorityHost.build/Debug-iphonesimulator/AuthorityHostUITests.build/Objects-normal/arm64/AuthorityHostUITests.swiftmodule -validate-clang-modules-once -clang-build-session-file /Users/runner/work/PartyDeck/PartyDeck/godot/ios-host/build/AuthorityDerivedData/ModuleCache.noindex/Session.modulevalidation -Xcc -I/Users/runner/work/PartyDeck/PartyDeck/godot/ios-host/build/AuthorityDerivedData/Build/Intermediates.noindex/AuthorityHost.build/Debug-iphonesimulator/AuthorityHostUITests.build/swift-overrides.hmap -emit-const-values -Xfrontend -const-gather-protocols-file -Xfrontend /Users/runner/work/PartyDeck/PartyDeck/godot/ios-host/build/AuthorityDerivedData/Build/Intermediates.noindex/AuthorityHost.build/Debug-iphonesimulator/AuthorityHostUITests.build/Objects-normal/arm64/AuthorityHostUITests_const_extract_protocols.json -Xcc -iquote -Xcc /Users/runner/work/PartyDeck/PartyDeck/godot/ios-host/build/AuthorityDerivedData/Build/Intermediates.noindex/AuthorityHost.build/Debug-iphonesimulator/AuthorityHostUITests.build/AuthorityHostUITests-generated-files.hmap -Xcc -I/Users/runner/work/PartyDeck/PartyDeck/godot/ios-host/build/AuthorityDerivedData/Build/Intermediates.noindex/AuthorityHost.build/Debug-iphonesimulator/AuthorityHostUITests.build/AuthorityHostUITests-own-target-headers.hmap -Xcc -I/Users/runner/work/PartyDeck/PartyDeck/godot/ios-host/build/AuthorityDerivedData/Build/Intermediates.noindex/AuthorityHost.build/Debug-iphonesimulator/AuthorityHostUITests.build/AuthorityHostUITests-all-target-headers.hmap -Xcc -iquote -Xcc /Users/runner/work/PartyDeck/PartyDeck/godot/ios-host/build/AuthorityDerivedData/Build/Intermediates.noindex/AuthorityHost.build/Debug-iphonesimulator/AuthorityHostUITests.build/AuthorityHostUITests-project-headers.hmap -Xcc -I/Users/runner/work/PartyDeck/PartyDeck/godot/ios-host/build/AuthorityDerivedData/Build/Products/Debug-iphonesimulator/include -Xcc -I/Users/runner/work/PartyDeck/PartyDeck/godot/ios-host/build/AuthorityDerivedData/Build/Intermediates.noindex/AuthorityHost.build/Debug-iphonesimulator/AuthorityHostUITests.build/DerivedSources-normal/arm64 -Xcc -I/Users/runner/work/PartyDeck/PartyDeck/godot/ios-host/build/AuthorityDerivedData/Build/Intermediates.noindex/AuthorityHost.build/Debug-iphonesimulator/AuthorityHostUITests.build/DerivedSources/arm64 -Xcc -I/Users/runner/work/PartyDeck/PartyDeck/godot/ios-host/build/AuthorityDerivedData/Build/Intermediates.noindex/AuthorityHost.build/Debug-iphonesimulator/AuthorityHostUITests.build/DerivedSources -emit-objc-header -emit-objc-header-path /Users/runner/work/PartyDeck/PartyDeck/godot/ios-host/build/AuthorityDerivedData/Build/Intermediates.noindex/AuthorityHost.build/Debug-iphonesimulator/AuthorityHostUITests.build/Objects-normal/arm64/AuthorityHostUITests-Swift.h -working-directory /Users/runner/work/PartyDeck/PartyDeck/godot/ios-host -experimental-emit-module-separately -disable-cmo
2026-09-10T10:16:36.3516230Z 
2026-09-10T10:16:36.3665680Z Ld /Users/runner/work/PartyDeck/PartyDeck/godot/ios-host/build/AuthorityDerivedData/Build/Products/Debug-iphonesimulator/AuthorityHostUITests-Runner.app/PlugIns/AuthorityHostUITests.xctest/AuthorityHostUITests normal (in target 'AuthorityHostUITests' from project 'AuthorityHost')
2026-09-10T10:16:36.3998220Z     cd /Users/runner/work/PartyDeck/PartyDeck/godot/ios-host
2026-09-10T10:16:36.4139830Z     /Applications/Xcode_26.4.1.app/Contents/Developer/Toolchains/XcodeDefault.xctoolchain/usr/bin/clang -Xlinker -reproducible -target arm64-apple-ios15.0-simulator -bundle -isysroot /Applications/Xcode_26.4.1.app/Contents/Developer/Platforms/iPhoneSimulator.platform/Developer/SDKs/iPhoneSimulator26.4.sdk -Os -L/Users/runner/work/PartyDeck/PartyDeck/godot/ios-host/build/AuthorityDerivedData/Build/Intermediates.noindex/EagerLinkingTBDs/Debug-iphonesimulator -L/Users/runner/work/PartyDeck/PartyDeck/godot/ios-host/build/AuthorityDerivedData/Build/Products/Debug-iphonesimulator -L/Applications/Xcode_26.4.1.app/Contents/Developer/Platforms/iPhoneSimulator.platform/Developer/usr/lib -F/Users/runner/work/PartyDeck/PartyDeck/godot/ios-host/build/AuthorityDerivedData/Build/Intermediates.noindex/EagerLinkingTBDs/Debug-iphonesimulator -F/Users/runner/work/PartyDeck/PartyDeck/godot/ios-host/build/AuthorityDerivedData/Build/Products/Debug-iphonesimulator -iframework /Applications/Xcode_26.4.1.app/Contents/Developer/Platforms/iPhoneSimulator.platform/Developer/Library/Frameworks -iframework /Applications/Xcode_26.4.1.app/Contents/Developer/Platforms/iPhoneSimulator.platform/Developer/SDKs/iPhoneSimulator26.4.sdk/Developer/Library/Frameworks -filelist /Users/runner/work/PartyDeck/PartyDeck/godot/ios-host/build/AuthorityDerivedData/Build/Intermediates.noindex/AuthorityHost.build/Debug-iphonesimulator/AuthorityHostUITests.build/Objects-normal/arm64/AuthorityHostUITests.LinkFileList -Xlinker -rpath -Xlinker /usr/lib/swift -Xlinker -rpath -Xlinker @loader_path/Frameworks -Xlinker -rpath -Xlinker @executable_path/Frameworks -Xlinker -dead_strip -Xlinker -object_path_lto -Xlinker /Users/runner/work/PartyDeck/PartyDeck/godot/ios-host/build/AuthorityDerivedData/Build/Intermediates.noindex/AuthorityHost.build/Debug-iphonesimulator/AuthorityHostUITests.build/Objects-normal/arm64/AuthorityHostUITests_lto.o -rdynamic -Xlinker -objc_abi_version -Xlinker 2 -Xlinker -dependency_info -Xlinker /Users/runner/work/PartyDeck/PartyDeck/godot/ios-host/build/AuthorityDerivedData/Build/Intermediates.noindex/AuthorityHost.build/Debug-iphonesimulator/AuthorityHostUITests.build/Objects-normal/arm64/AuthorityHostUITests_dependency_info.dat -fobjc-link-runtime -L/Applications/Xcode_26.4.1.app/Contents/Developer/Toolchains/XcodeDefault.xctoolchain/usr/lib/swift/iphonesimulator -L/usr/lib/swift -Xlinker -add_ast_path -Xlinker /Users/runner/work/PartyDeck/PartyDeck/godot/ios-host/build/AuthorityDerivedData/Build/Intermediates.noindex/AuthorityHost.build/Debug-iphonesimulator/AuthorityHostUITests.build/Objects-normal/arm64/AuthorityHostUITests.swiftmodule @/Users/runner/work/PartyDeck/PartyDeck/godot/ios-host/build/AuthorityDerivedData/Build/Intermediates.noindex/AuthorityHost.build/Debug-iphonesimulator/AuthorityHostUITests.build/Objects-normal/arm64/AuthorityHostUITests-linker-args.resp -Xlinker -needed_framework -Xlinker XCTest -framework XCTest -Xlinker -needed-lXCTestSwiftSupport -lXCTestSwiftSupport -o /Users/runner/work/PartyDeck/PartyDeck/godot/ios-host/build/AuthorityDerivedData/Build/Products/Debug-iphonesimulator/AuthorityHostUITests-Runner.app/PlugIns/AuthorityHostUITests.xctest/AuthorityHostUITests
2026-09-10T10:16:36.9835060Z 
2026-09-10T10:16:36.9941770Z ExtractAppIntentsMetadata (in target 'AuthorityHostUITests' from project 'AuthorityHost')
2026-09-10T10:16:37.0048140Z     cd /Users/runner/work/PartyDeck/PartyDeck/godot/ios-host
2026-09-10T10:16:37.0199230Z     /Applications/Xcode_26.4.1.app/Contents/Developer/Toolchains/XcodeDefault.xctoolchain/usr/bin/appintentsmetadataprocessor --toolchain-dir /var/run/com.apple.security.cryptexd/mnt/com.apple.MobileAsset.MetalToolchain-v17.5.188.0.ZfHsjO/Metal.xctoolchain --module-name AuthorityHostUITests --sdk-root /Applications/Xcode_26.4.1.app/Contents/Developer/Platforms/iPhoneSimulator.platform/Developer/SDKs/iPhoneSimulator26.4.sdk --xcode-version 17E202 --platform-family iOS --deployment-target 15.0 --bundle-identifier dev.partydeck.godot.iosauthority.UITests --output /Users/runner/work/PartyDeck/PartyDeck/godot/ios-host/build/AuthorityDerivedData/Build/Products/Debug-iphonesimulator/AuthorityHostUITests-Runner.app/PlugIns/AuthorityHostUITests.xctest --target-triple arm64-apple-ios15.0-simulator --binary-file /Users/runner/work/PartyDeck/PartyDeck/godot/ios-host/build/AuthorityDerivedData/Build/Products/Debug-iphonesimulator/AuthorityHostUITests-Runner.app/PlugIns/AuthorityHostUITests.xctest/AuthorityHostUITests --dependency-file /Users/runner/work/PartyDeck/PartyDeck/godot/ios-host/build/AuthorityDerivedData/Build/Intermediates.noindex/AuthorityHost.build/Debug-iphonesimulator/AuthorityHostUITests.build/Objects-normal/arm64/AuthorityHostUITests_dependency_info.dat --stringsdata-file /Users/runner/work/PartyDeck/PartyDeck/godot/ios-host/build/AuthorityDerivedData/Build/Intermediates.noindex/AuthorityHost.build/Debug-iphonesimulator/AuthorityHostUITests.build/Objects-normal/arm64/ExtractedAppShortcutsMetadata.stringsdata --source-file-list /Users/runner/work/PartyDeck/PartyDeck/godot/ios-host/build/AuthorityDerivedData/Build/Intermediates.noindex/AuthorityHost.build/Debug-iphonesimulator/AuthorityHostUITests.build/Objects-normal/arm64/AuthorityHostUITests.SwiftFileList --metadata-file-list /Users/runner/work/PartyDeck/PartyDeck/godot/ios-host/build/AuthorityDerivedData/Build/Intermediates.noindex/AuthorityHost.build/Debug-iphonesimulator/AuthorityHostUITests.build/AuthorityHostUITests.DependencyMetadataFileList --static-metadata-file-list /Users/runner/work/PartyDeck/PartyDeck/godot/ios-host/build/AuthorityDerivedData/Build/Intermediates.noindex/AuthorityHost.build/Debug-iphonesimulator/AuthorityHostUITests.build/AuthorityHostUITests.DependencyStaticMetadataFileList --swift-const-vals-list /Users/runner/work/PartyDeck/PartyDeck/godot/ios-host/build/AuthorityDerivedData/Build/Intermediates.noindex/AuthorityHost.build/Debug-iphonesimulator/AuthorityHostUITests.build/Objects-normal/arm64/AuthorityHostUITests.SwiftConstValuesFileList --compile-time-extraction --deployment-aware-processing --validate-assistant-intents --no-app-shortcuts-localization
2026-09-10T10:16:37.2420690Z 2026-09-10 10:16:37.213 appintentsmetadataprocessor[12878:42414] Starting appintentsmetadataprocessor export
2026-09-10T10:16:37.2520660Z 2026-09-10 10:16:37.235 appintentsmetadataprocessor[12878:42414] warning: Metadata extraction skipped. No AppIntents.framework dependency found.
2026-09-10T10:16:37.2620560Z 
2026-09-10T10:16:37.2722430Z CopySwiftLibs /Users/runner/work/PartyDeck/PartyDeck/godot/ios-host/build/AuthorityDerivedData/Build/Products/Debug-iphonesimulator/AuthorityHostUITests-Runner.app/PlugIns/AuthorityHostUITests.xctest (in target 'AuthorityHostUITests' from project 'AuthorityHost')
2026-09-10T10:16:37.2827370Z     cd /Users/runner/work/PartyDeck/PartyDeck/godot/ios-host
2026-09-10T10:16:37.3019100Z     builtin-swiftStdLibTool --copy --verbose --scan-executable /Users/runner/work/PartyDeck/PartyDeck/godot/ios-host/build/AuthorityDerivedData/Build/Products/Debug-iphonesimulator/AuthorityHostUITests-Runner.app/PlugIns/AuthorityHostUITests.xctest/AuthorityHostUITests --scan-folder /Users/runner/work/PartyDeck/PartyDeck/godot/ios-host/build/AuthorityDerivedData/Build/Products/Debug-iphonesimulator/AuthorityHostUITests-Runner.app/PlugIns/AuthorityHostUITests.xctest/Frameworks --scan-folder /Users/runner/work/PartyDeck/PartyDeck/godot/ios-host/build/AuthorityDerivedData/Build/Products/Debug-iphonesimulator/AuthorityHostUITests-Runner.app/PlugIns/AuthorityHostUITests.xctest/PlugIns --scan-folder /Users/runner/work/PartyDeck/PartyDeck/godot/ios-host/build/AuthorityDerivedData/Build/Products/Debug-iphonesimulator/AuthorityHostUITests-Runner.app/PlugIns/AuthorityHostUITests.xctest/SystemExtensions --scan-folder /Users/runner/work/PartyDeck/PartyDeck/godot/ios-host/build/AuthorityDerivedData/Build/Products/Debug-iphonesimulator/AuthorityHostUITests-Runner.app/PlugIns/AuthorityHostUITests.xctest/Extensions --platform iphonesimulator --toolchain /var/run/com.apple.security.cryptexd/mnt/com.apple.MobileAsset.MetalToolchain-v17.5.188.0.ZfHsjO/Metal.xctoolchain --toolchain /Applications/Xcode_26.4.1.app/Contents/Developer/Toolchains/XcodeDefault.xctoolchain --destination /Users/runner/work/PartyDeck/PartyDeck/godot/ios-host/build/AuthorityDerivedData/Build/Products/Debug-iphonesimulator/AuthorityHostUITests-Runner.app/PlugIns/AuthorityHostUITests.xctest/Frameworks --strip-bitcode --scan-executable /Applications/Xcode_26.4.1.app/Contents/Developer/Platforms/iPhoneSimulator.platform/Developer/usr/lib/libXCTestSwiftSupport.dylib --strip-bitcode-tool /Applications/Xcode_26.4.1.app/Contents/Developer/Toolchains/XcodeDefault.xctoolchain/usr/bin/bitcode_strip --emit-dependency-info /Users/runner/work/PartyDeck/PartyDeck/godot/ios-host/build/AuthorityDerivedData/Build/Intermediates.noindex/AuthorityHost.build/Debug-iphonesimulator/AuthorityHostUITests.build/SwiftStdLibToolInputDependencies.dep --filter-for-swift-os
2026-09-10T10:16:37.3108240Z Ignoring --strip-bitcode because --sign was not passed
2026-09-10T10:16:37.3212680Z 
2026-09-10T10:16:37.3317060Z AppIntentsSSUTraining (in target 'AuthorityHostUITests' from project 'AuthorityHost')
2026-09-10T10:16:37.3420990Z     cd /Users/runner/work/PartyDeck/PartyDeck/godot/ios-host
2026-09-10T10:16:37.3534260Z     /Applications/Xcode_26.4.1.app/Contents/Developer/Toolchains/XcodeDefault.xctoolchain/usr/bin/appintentsnltrainingprocessor --infoplist-path /Users/runner/work/PartyDeck/PartyDeck/godot/ios-host/build/AuthorityDerivedData/Build/Products/Debug-iphonesimulator/AuthorityHostUITests-Runner.app/PlugIns/AuthorityHostUITests.xctest/Info.plist --temp-dir-path /Users/runner/work/PartyDeck/PartyDeck/godot/ios-host/build/AuthorityDerivedData/Build/Intermediates.noindex/AuthorityHost.build/Debug-iphonesimulator/AuthorityHostUITests.build/ssu --bundle-id dev.partydeck.godot.iosauthority.UITests --product-path /Users/runner/work/PartyDeck/PartyDeck/godot/ios-host/build/AuthorityDerivedData/Build/Products/Debug-iphonesimulator/AuthorityHostUITests-Runner.app/PlugIns/AuthorityHostUITests.xctest --extracted-metadata-path /Users/runner/work/PartyDeck/PartyDeck/godot/ios-host/build/AuthorityDerivedData/Build/Products/Debug-iphonesimulator/AuthorityHostUITests-Runner.app/PlugIns/AuthorityHostUITests.xctest/Metadata.appintents --metadata-file-list /Users/runner/work/PartyDeck/PartyDeck/godot/ios-host/build/AuthorityDerivedData/Build/Intermediates.noindex/AuthorityHost.build/Debug-iphonesimulator/AuthorityHostUITests.build/AuthorityHostUITests.DependencyMetadataFileList --source-file /Users/runner/work/PartyDeck/PartyDeck/godot/ios-host/build/AuthorityDerivedData/Build/Products/Debug-iphonesimulator/AuthorityHostUITests-Runner.app/PlugIns/AuthorityHostUITests.xctest/Info.plist --archive-ssu-assets
2026-09-10T10:16:37.3623550Z 2026-09-10 10:16:37.343 appintentsnltrainingprocessor[12901:42464] Parsing options for appintentsnltrainingprocessor
2026-09-10T10:16:37.3739940Z 2026-09-10 10:16:37.346 appintentsnltrainingprocessor[12901:42464] Starting AppIntents SSU YAML Generation
2026-09-10T10:16:37.3858410Z 2026-09-10 10:16:37.356 appintentsnltrainingprocessor[12901:42464] No AppShortcuts found - Skipping.
2026-09-10T10:16:37.3960350Z 
2026-09-10T10:16:37.4315770Z MkDir /Users/runner/work/PartyDeck/PartyDeck/godot/ios-host/build/AuthorityDerivedData/Build/Products/Debug-iphonesimulator/AuthorityHostUITests-Runner.app (in target 'AuthorityHostUITests' from project 'AuthorityHost')
2026-09-10T10:16:37.4433250Z     cd /Users/runner/work/PartyDeck/PartyDeck/godot/ios-host
2026-09-10T10:16:37.4537240Z     /bin/mkdir -p /Users/runner/work/PartyDeck/PartyDeck/godot/ios-host/build/AuthorityDerivedData/Build/Products/Debug-iphonesimulator/AuthorityHostUITests-Runner.app
2026-09-10T10:16:37.4639340Z 
2026-09-10T10:16:37.4741680Z CopyAndPreserveArchs /Users/runner/work/PartyDeck/PartyDeck/godot/ios-host/build/AuthorityDerivedData/Build/Products/Debug-iphonesimulator/AuthorityHostUITests-Runner.app/AuthorityHostUITests-Runner (in target 'AuthorityHostUITests' from project 'AuthorityHost')
2026-09-10T10:16:37.4854490Z     cd /Users/runner/work/PartyDeck/PartyDeck/godot/ios-host
2026-09-10T10:16:37.4962810Z     /Applications/Xcode_26.4.1.app/Contents/Developer/Toolchains/XcodeDefault.xctoolchain/usr/bin/lipo /Applications/Xcode_26.4.1.app/Contents/Developer/Platforms/iPhoneSimulator.platform/Developer/Library/Xcode/Agents/XCTRunner.app/XCTRunner -output /Users/runner/work/PartyDeck/PartyDeck/godot/ios-host/build/AuthorityDerivedData/Build/Products/Debug-iphonesimulator/AuthorityHostUITests-Runner.app/AuthorityHostUITests-Runner -extract arm64
2026-09-10T10:16:37.5071340Z 
2026-09-10T10:16:37.5179230Z CopyPlistFile /Users/runner/work/PartyDeck/PartyDeck/godot/ios-host/build/AuthorityDerivedData/Build/Products/Debug-iphonesimulator/AuthorityHostUITests-Runner.app/Info.plist /Applications/Xcode_26.4.1.app/Contents/Developer/Platforms/iPhoneSimulator.platform/Developer/Library/Xcode/Agents/XCTRunner.app/Info.plist (in target 'AuthorityHostUITests' from project 'AuthorityHost')
2026-09-10T10:16:37.5318120Z     cd /Users/runner/work/PartyDeck/PartyDeck/godot/ios-host
2026-09-10T10:16:37.5577010Z     builtin-copyPlist --validate --convert xml1 --macro-expansion WRAPPEDPRODUCTNAME AuthorityHostUITests-Runner --macro-expansion WRAPPEDPRODUCTBUNDLEIDENTIFIER dev.partydeck.godot.iosauthority.UITests.xctrunner --macro-expansion TESTPRODUCTNAME AuthorityHostUITests --macro-expansion TESTPRODUCTBUNDLEIDENTIFIER dev.partydeck.godot.iosauthority.UITests --copy-value UIDeviceFamily /Users/runner/work/PartyDeck/PartyDeck/godot/ios-host/build/AuthorityDerivedData/Build/Products/Debug-iphonesimulator/AuthorityHostUITests-Runner.app/PlugIns/AuthorityHostUITests.xctest/Info.plist --outdir /Users/runner/work/PartyDeck/PartyDeck/godot/ios-host/build/AuthorityDerivedData/Build/Products/Debug-iphonesimulator/AuthorityHostUITests-Runner.app -- /Applications/Xcode_26.4.1.app/Contents/Developer/Platforms/iPhoneSimulator.platform/Developer/Library/Xcode/Agents/XCTRunner.app/Info.plist
2026-09-10T10:16:37.5689820Z 
2026-09-10T10:16:37.5799930Z Copy /Users/runner/work/PartyDeck/PartyDeck/godot/ios-host/build/AuthorityDerivedData/Build/Products/Debug-iphonesimulator/AuthorityHostUITests-Runner.app/PkgInfo /Applications/Xcode_26.4.1.app/Contents/Developer/Platforms/iPhoneSimulator.platform/Developer/Library/Xcode/Agents/XCTRunner.app/PkgInfo (in target 'AuthorityHostUITests' from project 'AuthorityHost')
2026-09-10T10:16:37.5805250Z     cd /Users/runner/work/PartyDeck/PartyDeck/godot/ios-host
2026-09-10T10:16:37.6019720Z     builtin-copy -exclude .DS_Store -exclude CVS -exclude .svn -exclude .git -exclude .hg -strip-unsigned-binaries -strip-deterministic -strip-tool /Applications/Xcode_26.4.1.app/Contents/Developer/Toolchains/XcodeDefault.xctoolchain/usr/bin/strip -resolve-src-symlinks /Applications/Xcode_26.4.1.app/Contents/Developer/Platforms/iPhoneSimulator.platform/Developer/Library/Xcode/Agents/XCTRunner.app/PkgInfo /Users/runner/work/PartyDeck/PartyDeck/godot/ios-host/build/AuthorityDerivedData/Build/Products/Debug-iphonesimulator/AuthorityHostUITests-Runner.app
2026-09-10T10:16:37.6061170Z 
2026-09-10T10:16:37.6268630Z Copy /Users/runner/work/PartyDeck/PartyDeck/godot/ios-host/build/AuthorityDerivedData/Build/Products/Debug-iphonesimulator/AuthorityHostUITests-Runner.app/Frameworks/libXCTestSwiftSupport.dylib /Applications/Xcode_26.4.1.app/Contents/Developer/Platforms/iPhoneSimulator.platform/Developer/usr/lib/libXCTestSwiftSupport.dylib (in target 'AuthorityHostUITests' from project 'AuthorityHost')
2026-09-10T10:16:37.6271460Z     cd /Users/runner/work/PartyDeck/PartyDeck/godot/ios-host
2026-09-10T10:16:37.6378930Z     builtin-copy -exclude .DS_Store -exclude CVS -exclude .svn -exclude .git -exclude .hg -exclude Headers -exclude PrivateHeaders -exclude Modules -exclude \*.tbd -strip-unsigned-binaries -strip-deterministic -strip-tool /Applications/Xcode_26.4.1.app/Contents/Developer/Toolchains/XcodeDefault.xctoolchain/usr/bin/strip -resolve-src-symlinks /Applications/Xcode_26.4.1.app/Contents/Developer/Platforms/iPhoneSimulator.platform/Developer/usr/lib/libXCTestSwiftSupport.dylib /Users/runner/work/PartyDeck/PartyDeck/godot/ios-host/build/AuthorityDerivedData/Build/Products/Debug-iphonesimulator/AuthorityHostUITests-Runner.app/Frameworks
2026-09-10T10:16:37.6490420Z warning: not stripping binary because it is signed: /Applications/Xcode_26.4.1.app/Contents/Developer/Platforms/iPhoneSimulator.platform/Developer/usr/lib/libXCTestSwiftSupport.dylib (in target 'AuthorityHostUITests' from project 'AuthorityHost')
2026-09-10T10:16:37.6592420Z 
2026-09-10T10:16:37.6790960Z Copy /Users/runner/work/PartyDeck/PartyDeck/godot/ios-host/build/AuthorityDerivedData/Build/Products/Debug-iphonesimulator/AuthorityHostUITests-Runner.app/Frameworks/XCUnit.framework /Applications/Xcode_26.4.1.app/Contents/Developer/Platforms/iPhoneSimulator.platform/Developer/Library/PrivateFrameworks/XCUnit.framework (in target 'AuthorityHostUITests' from project 'AuthorityHost')
2026-09-10T10:16:37.6899090Z     cd /Users/runner/work/PartyDeck/PartyDeck/godot/ios-host
2026-09-10T10:16:37.7004460Z     builtin-copy -exclude .DS_Store -exclude CVS -exclude .svn -exclude .git -exclude .hg -exclude Headers -exclude PrivateHeaders -exclude Modules -exclude \*.tbd -strip-unsigned-binaries -strip-deterministic -strip-tool /Applications/Xcode_26.4.1.app/Contents/Developer/Toolchains/XcodeDefault.xctoolchain/usr/bin/strip -resolve-src-symlinks /Applications/Xcode_26.4.1.app/Contents/Developer/Platforms/iPhoneSimulator.platform/Developer/Library/PrivateFrameworks/XCUnit.framework /Users/runner/work/PartyDeck/PartyDeck/godot/ios-host/build/AuthorityDerivedData/Build/Products/Debug-iphonesimulator/AuthorityHostUITests-Runner.app/Frameworks
2026-09-10T10:16:37.7112220Z warning: not stripping binary because it is signed: /Applications/Xcode_26.4.1.app/Contents/Developer/Platforms/iPhoneSimulator.platform/Developer/Library/PrivateFrameworks/XCUnit.framework/XCUnit (in target 'AuthorityHostUITests' from project 'AuthorityHost')
2026-09-10T10:16:37.7214740Z 
2026-09-10T10:16:37.7316990Z Copy /Users/runner/work/PartyDeck/PartyDeck/godot/ios-host/build/AuthorityDerivedData/Build/Products/Debug-iphonesimulator/AuthorityHostUITests-Runner.app/Frameworks/XCUIAutomation.framework /Applications/Xcode_26.4.1.app/Contents/Developer/Platforms/iPhoneSimulator.platform/Developer/Library/Frameworks/XCUIAutomation.framework (in target 'AuthorityHostUITests' from project 'AuthorityHost')
2026-09-10T10:16:37.7422220Z     cd /Users/runner/work/PartyDeck/PartyDeck/godot/ios-host
2026-09-10T10:16:37.7525920Z     builtin-copy -exclude .DS_Store -exclude CVS -exclude .svn -exclude .git -exclude .hg -exclude Headers -exclude PrivateHeaders -exclude Modules -exclude \*.tbd -strip-unsigned-binaries -strip-deterministic -strip-tool /Applications/Xcode_26.4.1.app/Contents/Developer/Toolchains/XcodeDefault.xctoolchain/usr/bin/strip -resolve-src-symlinks /Applications/Xcode_26.4.1.app/Contents/Developer/Platforms/iPhoneSimulator.platform/Developer/Library/Frameworks/XCUIAutomation.framework /Users/runner/work/PartyDeck/PartyDeck/godot/ios-host/build/AuthorityDerivedData/Build/Products/Debug-iphonesimulator/AuthorityHostUITests-Runner.app/Frameworks
2026-09-10T10:16:37.7631240Z warning: not stripping binary because it is signed: /Applications/Xcode_26.4.1.app/Contents/Developer/Platforms/iPhoneSimulator.platform/Developer/Library/Frameworks/XCUIAutomation.framework/XCUIAutomation (in target 'AuthorityHostUITests' from project 'AuthorityHost')
2026-09-10T10:16:37.7740600Z 
2026-09-10T10:16:37.7827270Z Copy /Users/runner/work/PartyDeck/PartyDeck/godot/ios-host/build/AuthorityDerivedData/Build/Products/Debug-iphonesimulator/AuthorityHostUITests-Runner.app/Frameworks/XCTestSupport.framework /Applications/Xcode_26.4.1.app/Contents/Developer/Platforms/iPhoneSimulator.platform/Developer/Library/PrivateFrameworks/XCTestSupport.framework (in target 'AuthorityHostUITests' from project 'AuthorityHost')
2026-09-10T10:16:37.7942120Z     cd /Users/runner/work/PartyDeck/PartyDeck/godot/ios-host
2026-09-10T10:16:37.8219830Z     builtin-copy -exclude .DS_Store -exclude CVS -exclude .svn -exclude .git -exclude .hg -exclude Headers -exclude PrivateHeaders -exclude Modules -exclude \*.tbd -strip-unsigned-binaries -strip-deterministic -strip-tool /Applications/Xcode_26.4.1.app/Contents/Developer/Toolchains/XcodeDefault.xctoolchain/usr/bin/strip -resolve-src-symlinks /Applications/Xcode_26.4.1.app/Contents/Developer/Platforms/iPhoneSimulator.platform/Developer/Library/PrivateFrameworks/XCTestSupport.framework /Users/runner/work/PartyDeck/PartyDeck/godot/ios-host/build/AuthorityDerivedData/Build/Products/Debug-iphonesimulator/AuthorityHostUITests-Runner.app/Frameworks
2026-09-10T10:16:37.8664970Z warning: not stripping binary because it is signed: /Applications/Xcode_26.4.1.app/Contents/Developer/Platforms/iPhoneSimulator.platform/Developer/Library/PrivateFrameworks/XCTestSupport.framework/XCTestSupport (in target 'AuthorityHostUITests' from project 'AuthorityHost')
2026-09-10T10:16:37.8797730Z 
2026-09-10T10:16:37.8959340Z Copy /Users/runner/work/PartyDeck/PartyDeck/godot/ios-host/build/AuthorityDerivedData/Build/Products/Debug-iphonesimulator/AuthorityHostUITests-Runner.app/Frameworks/XCTestCore.framework /Applications/Xcode_26.4.1.app/Contents/Developer/Platforms/iPhoneSimulator.platform/Developer/Library/PrivateFrameworks/XCTestCore.framework (in target 'AuthorityHostUITests' from project 'AuthorityHost')
2026-09-10T10:16:37.9091570Z     cd /Users/runner/work/PartyDeck/PartyDeck/godot/ios-host
2026-09-10T10:16:37.9963400Z     builtin-copy -exclude .DS_Store -exclude CVS -exclude .svn -exclude .git -exclude .hg -exclude Headers -exclude PrivateHeaders -exclude Modules -exclude \*.tbd -strip-unsigned-binaries -strip-deterministic -strip-tool /Applications/Xcode_26.4.1.app/Contents/Developer/Toolchains/XcodeDefault.xctoolchain/usr/bin/strip -resolve-src-symlinks /Applications/Xcode_26.4.1.app/Contents/Developer/Platforms/iPhoneSimulator.platform/Developer/Library/PrivateFrameworks/XCTestCore.framework /Users/runner/work/PartyDeck/PartyDeck/godot/ios-host/build/AuthorityDerivedData/Build/Products/Debug-iphonesimulator/AuthorityHostUITests-Runner.app/Frameworks
2026-09-10T10:16:38.0073180Z warning: not stripping binary because it is signed: /Applications/Xcode_26.4.1.app/Contents/Developer/Platforms/iPhoneSimulator.platform/Developer/Library/PrivateFrameworks/XCTestCore.framework/XCTestCore (in target 'AuthorityHostUITests' from project 'AuthorityHost')
2026-09-10T10:16:38.0082580Z 
2026-09-10T10:16:38.0203490Z Copy /Users/runner/work/PartyDeck/PartyDeck/godot/ios-host/build/AuthorityDerivedData/Build/Products/Debug-iphonesimulator/AuthorityHostUITests-Runner.app/Frameworks/XCTest.framework /Applications/Xcode_26.4.1.app/Contents/Developer/Platforms/iPhoneSimulator.platform/Developer/Library/Frameworks/XCTest.framework (in target 'AuthorityHostUITests' from project 'AuthorityHost')
2026-09-10T10:16:38.0317160Z     cd /Users/runner/work/PartyDeck/PartyDeck/godot/ios-host
2026-09-10T10:16:38.0432290Z     builtin-copy -exclude .DS_Store -exclude CVS -exclude .svn -exclude .git -exclude .hg -exclude Headers -exclude PrivateHeaders -exclude Modules -exclude \*.tbd -strip-unsigned-binaries -strip-deterministic -strip-tool /Applications/Xcode_26.4.1.app/Contents/Developer/Toolchains/XcodeDefault.xctoolchain/usr/bin/strip -resolve-src-symlinks /Applications/Xcode_26.4.1.app/Contents/Developer/Platforms/iPhoneSimulator.platform/Developer/Library/Frameworks/XCTest.framework /Users/runner/work/PartyDeck/PartyDeck/godot/ios-host/build/AuthorityDerivedData/Build/Products/Debug-iphonesimulator/AuthorityHostUITests-Runner.app/Frameworks
2026-09-10T10:16:38.0549220Z warning: not stripping binary because it is signed: /Applications/Xcode_26.4.1.app/Contents/Developer/Platforms/iPhoneSimulator.platform/Developer/Library/Frameworks/XCTest.framework/XCTest (in target 'AuthorityHostUITests' from project 'AuthorityHost')
2026-09-10T10:16:38.0966030Z 
2026-09-10T10:16:38.1069110Z Copy /Users/runner/work/PartyDeck/PartyDeck/godot/ios-host/build/AuthorityDerivedData/Build/Products/Debug-iphonesimulator/AuthorityHostUITests-Runner.app/Frameworks/XCTAutomationSupport.framework /Applications/Xcode_26.4.1.app/Contents/Developer/Platforms/iPhoneSimulator.platform/Developer/Library/PrivateFrameworks/XCTAutomationSupport.framework (in target 'AuthorityHostUITests' from project 'AuthorityHost')
2026-09-10T10:16:38.1167590Z     cd /Users/runner/work/PartyDeck/PartyDeck/godot/ios-host
2026-09-10T10:16:38.1270160Z     builtin-copy -exclude .DS_Store -exclude CVS -exclude .svn -exclude .git -exclude .hg -exclude Headers -exclude PrivateHeaders -exclude Modules -exclude \*.tbd -strip-unsigned-binaries -strip-deterministic -strip-tool /Applications/Xcode_26.4.1.app/Contents/Developer/Toolchains/XcodeDefault.xctoolchain/usr/bin/strip -resolve-src-symlinks /Applications/Xcode_26.4.1.app/Contents/Developer/Platforms/iPhoneSimulator.platform/Developer/Library/PrivateFrameworks/XCTAutomationSupport.framework /Users/runner/work/PartyDeck/PartyDeck/godot/ios-host/build/AuthorityDerivedData/Build/Products/Debug-iphonesimulator/AuthorityHostUITests-Runner.app/Frameworks
2026-09-10T10:16:38.1376770Z warning: not stripping binary because it is signed: /Applications/Xcode_26.4.1.app/Contents/Developer/Platforms/iPhoneSimulator.platform/Developer/Library/PrivateFrameworks/XCTAutomationSupport.framework/XCTAutomationSupport (in target 'AuthorityHostUITests' from project 'AuthorityHost')
2026-09-10T10:16:38.1484530Z 
2026-09-10T10:16:38.1588600Z Copy /Users/runner/work/PartyDeck/PartyDeck/godot/ios-host/build/AuthorityDerivedData/Build/Products/Debug-iphonesimulator/AuthorityHostUITests-Runner.app/Frameworks/Testing.framework /Applications/Xcode_26.4.1.app/Contents/Developer/Platforms/iPhoneSimulator.platform/Developer/Library/Frameworks/Testing.framework (in target 'AuthorityHostUITests' from project 'AuthorityHost')
2026-09-10T10:16:38.1692070Z     cd /Users/runner/work/PartyDeck/PartyDeck/godot/ios-host
2026-09-10T10:16:38.1808470Z     builtin-copy -exclude .DS_Store -exclude CVS -exclude .svn -exclude .git -exclude .hg -exclude Headers -exclude PrivateHeaders -exclude Modules -exclude \*.tbd -strip-unsigned-binaries -strip-deterministic -strip-tool /Applications/Xcode_26.4.1.app/Contents/Developer/Toolchains/XcodeDefault.xctoolchain/usr/bin/strip -resolve-src-symlinks /Applications/Xcode_26.4.1.app/Contents/Developer/Platforms/iPhoneSimulator.platform/Developer/Library/Frameworks/Testing.framework /Users/runner/work/PartyDeck/PartyDeck/godot/ios-host/build/AuthorityDerivedData/Build/Products/Debug-iphonesimulator/AuthorityHostUITests-Runner.app/Frameworks
2026-09-10T10:16:38.1910320Z warning: not stripping binary because it is signed: /Applications/Xcode_26.4.1.app/Contents/Developer/Platforms/iPhoneSimulator.platform/Developer/Library/Frameworks/Testing.framework/Testing (in target 'AuthorityHostUITests' from project 'AuthorityHost')
2026-09-10T10:16:38.2025050Z 
2026-09-10T10:16:38.2129930Z RegisterExecutionPolicyException /Users/runner/work/PartyDeck/PartyDeck/godot/ios-host/build/AuthorityDerivedData/Build/Products/Debug-iphonesimulator/AuthorityHostUITests-Runner.app/PlugIns/AuthorityHostUITests.xctest (in target 'AuthorityHostUITests' from project 'AuthorityHost')
2026-09-10T10:16:38.2295280Z     cd /Users/runner/work/PartyDeck/PartyDeck/godot/ios-host
2026-09-10T10:16:38.2397900Z     builtin-RegisterExecutionPolicyException /Users/runner/work/PartyDeck/PartyDeck/godot/ios-host/build/AuthorityDerivedData/Build/Products/Debug-iphonesimulator/AuthorityHostUITests-Runner.app/PlugIns/AuthorityHostUITests.xctest
2026-09-10T10:16:38.2499560Z 
2026-09-10T10:16:38.2605340Z Touch /Users/runner/work/PartyDeck/PartyDeck/godot/ios-host/build/AuthorityDerivedData/Build/Products/Debug-iphonesimulator/AuthorityHostUITests-Runner.app/PlugIns/AuthorityHostUITests.xctest (in target 'AuthorityHostUITests' from project 'AuthorityHost')
2026-09-10T10:16:38.2708080Z     cd /Users/runner/work/PartyDeck/PartyDeck/godot/ios-host
2026-09-10T10:16:38.2815420Z     /usr/bin/touch -c /Users/runner/work/PartyDeck/PartyDeck/godot/ios-host/build/AuthorityDerivedData/Build/Products/Debug-iphonesimulator/AuthorityHostUITests-Runner.app/PlugIns/AuthorityHostUITests.xctest
2026-09-10T10:16:38.2964200Z 
2026-09-10T10:17:19.6567080Z 2026-09-10 10:17:19.514669+0000 AuthorityHostUITests-Runner[14135:46179] [Default] Running tests...
2026-09-10T10:17:19.7116980Z 2026-09-10 10:17:19.639717+0000 AuthorityHostUITests-Runner[14135:46863] [General] Failed to send CA Event for app launch measurements for ca_event_type: 0 event_name: com.apple.app_launch_measurement.FirstFramePresentationMetric
2026-09-10T10:17:19.7222070Z 2026-09-10 10:17:19.684494+0000 AuthorityHostUITests-Runner[14135:46863] [General] Failed to send CA Event for app launch measurements for ca_event_type: 1 event_name: com.apple.app_launch_measurement.ExtendedLaunchMetrics
2026-09-10T10:17:25.1253590Z objc[14135]: Class UIAccessibilityLoaderWebShared is implemented in both /Library/Developer/CoreSimulator/Volumes/iOS_23E254a/Library/Developer/CoreSimulator/Profiles/Runtimes/iOS 26.4.simruntime/Contents/Resources/RuntimeRoot/System/Library/AccessibilityBundles/WebCore.axbundle/WebCore (0x105f84310) and /Library/Developer/CoreSimulator/Volumes/iOS_23E254a/Library/Developer/CoreSimulator/Profiles/Runtimes/iOS 26.4.simruntime/Contents/Resources/RuntimeRoot/System/Library/AccessibilityBundles/WebKit.axbundle/WebKit (0x10707c398). This may cause spurious casting failures and mysterious crashes. One of the duplicates must be removed or renamed.
2026-09-10T10:17:29.9687900Z     t =      nans Interface orientation changed to Portrait
2026-09-10T10:17:30.2201280Z Test Suite 'All tests' started at 2026-09-10 10:17:30.093.
2026-09-10T10:17:30.2228090Z Test Suite 'AuthorityHostUITests.xctest' started at 2026-09-10 10:17:30.105.
2026-09-10T10:17:30.2425080Z Test Suite 'AuthorityHostUITests' started at 2026-09-10 10:17:30.106.
2026-09-10T10:17:30.2537370Z Test Case '-[AuthorityHostUITests.AuthorityHostUITests testReferenceMatchIn2DAt200Percent]' started.
2026-09-10T10:17:30.2762080Z     t =     0.00s Start Test at 2026-09-10 10:17:30.108
2026-09-10T10:17:31.3042420Z     t =     1.15s Set Up
2026-09-10T10:17:32.6934820Z 2026-09-10 10:17:32.636 xcodebuild[10326:35899] [MT] IDELaunchParametersSnapshot: The operation couldn’t be completed. (DebuggerLLDB.DebuggerVersionStore.StoreError error 0.)
2026-09-10T10:17:32.6935940Z 2026-09-10 10:17:32.636 xcodebuild[10326:35899] [MT] IDELaunchParametersSnapshot: no debugger version
2026-09-10T10:17:32.8461840Z     t =     1.18s Open dev.partydeck.godot.iosauthority
2026-09-10T10:17:32.8805910Z     t =     1.18s     Launch dev.partydeck.godot.iosauthority
2026-09-10T10:17:38.3488380Z     t =     7.54s         Setting up automation session
2026-09-10T10:17:40.5895410Z     t =    10.45s         Wait for dev.partydeck.godot.iosauthority to idle
2026-09-10T10:17:42.7222460Z     t =    12.61s Waiting 15.0s for "start-2d" Any to exist
2026-09-10T10:17:43.8599300Z     t =    13.68s     Checking `Expect predicate `existsNoRetry == 1` for object "start-2d" Any`
2026-09-10T10:17:43.8602200Z     t =    13.68s         Checking existence of `"start-2d" Any`
2026-09-10T10:17:43.9834840Z     t =    13.85s Tap "start-2d" Any
2026-09-10T10:17:43.9937430Z     t =    13.85s     Wait for dev.partydeck.godot.iosauthority to idle
2026-09-10T10:17:44.0039600Z     t =    13.86s     Find the "start-2d" Any
2026-09-10T10:17:44.0262560Z     t =    13.91s     Check for interrupting elements affecting "start-2d" Button
2026-09-10T10:17:44.2245930Z     t =    14.10s     Synthesize event
2026-09-10T10:17:44.7081370Z     t =    14.58s     Wait for dev.partydeck.godot.iosauthority to idle
2026-09-10T10:17:46.6776080Z     t =    16.49s Find the "authority-metrics" Any
2026-09-10T10:17:50.4554220Z     t =    20.27s Find the "authority-metrics" Any
2026-09-10T10:17:51.0518720Z     t =    20.90s Find the "authority-metrics" Any
2026-09-10T10:17:51.3733120Z     t =    21.24s Find the "authority-metrics" Any
2026-09-10T10:17:51.4912820Z     t =    21.37s Find the "godot-surface" Any
2026-09-10T10:17:51.5905520Z     t =    21.47s Find the "godot-surface" Other
2026-09-10T10:17:51.6568630Z     t =    21.55s Find the "godot-surface" Other
2026-09-10T10:17:51.7204770Z     t =    21.61s Find the Target Application 'dev.partydeck.godot.iosauthority'
2026-09-10T10:17:51.7542660Z     t =    21.63s Find the "godot-surface" Other
2026-09-10T10:17:51.8471920Z     t =    21.73s Find the "authority-metrics" Any
2026-09-10T10:17:51.9422640Z     t =    21.82s Find the Target Application 'dev.partydeck.godot.iosauthority'
2026-09-10T10:17:52.2741470Z     t =    22.15s Added attachment named '01 concealed 2d text 2'
2026-09-10T10:17:52.2917590Z     t =    22.15s Find the "authority-metrics" Any
2026-09-10T10:17:52.3242710Z     t =    22.22s Added attachment named '01 concealed 2d text 2 measurements'
2026-09-10T10:17:52.3349480Z     t =    22.22s Find the "authority-metrics" Any
2026-09-10T10:17:52.3664370Z     t =    22.25s Find the "authority-metrics" Any
2026-09-10T10:17:52.4370600Z     t =    22.32s Find the "godot-surface" Any
2026-09-10T10:17:52.4893810Z     t =    22.38s Find the "godot-surface" Other
2026-09-10T10:17:52.5562180Z     t =    22.45s Find the "godot-surface" Other
2026-09-10T10:17:52.6033590Z     t =    22.48s Find the Target Application 'dev.partydeck.godot.iosauthority'
2026-09-10T10:17:52.6131140Z     t =    22.49s Find the "godot-surface" Other
2026-09-10T10:17:52.6607450Z     t =    22.55s Added attachment named 'Observed control before input: reveal'
2026-09-10T10:17:52.6711430Z     t =    22.55s Find the "authority-metrics" Any
2026-09-10T10:17:52.7015960Z     t =    22.58s Added attachment named 'Actual native touch geometry: reveal'
2026-09-10T10:17:52.7118170Z     t =    22.59s Tap "godot-surface" Any[0.49, 0.82]
2026-09-10T10:17:52.7226510Z     t =    22.59s     Wait for dev.partydeck.godot.iosauthority to idle
2026-09-10T10:17:52.7227270Z     t =    22.59s     Find the "godot-surface" Any
2026-09-10T10:17:52.7428370Z     t =    22.63s     Check for interrupting elements affecting "godot-surface" Other
2026-09-10T10:17:52.8249430Z     t =    22.71s     Synthesize event
2026-09-10T10:17:52.8354790Z     t =    22.71s         Find the "godot-surface" Other
2026-09-10T10:17:52.8789340Z     t =    22.76s         Find the "godot-surface" Other
2026-09-10T10:17:52.9575340Z     t =    22.84s         Find the "godot-surface" Other
2026-09-10T10:17:53.7004480Z     t =    23.31s     Wait for dev.partydeck.godot.iosauthority to idle
2026-09-10T10:17:54.5232200Z     t =    24.33s Find the "authority-metrics" Any
2026-09-10T10:17:55.5648450Z     t =    25.43s Find the "authority-metrics" Any
2026-09-10T10:17:55.8030200Z     t =    25.56s Find the "authority-metrics" Any
2026-09-10T10:17:55.9050340Z     t =    25.79s Find the "authority-metrics" Any
2026-09-10T10:17:56.1163340Z     t =    26.00s Find the "authority-metrics" Any
2026-09-10T10:17:56.1773330Z     t =    26.07s Find the "godot-surface" Any
2026-09-10T10:17:56.2522370Z     t =    26.14s Find the "godot-surface" Other
2026-09-10T10:17:56.3594470Z     t =    26.24s Find the "godot-surface" Other
2026-09-10T10:17:56.4321250Z     t =    26.32s Find the Target Application 'dev.partydeck.godot.iosauthority'
2026-09-10T10:17:56.4441480Z     t =    26.33s Find the "godot-surface" Other
2026-09-10T10:17:56.5057570Z     t =    26.40s Added attachment named 'Observed control before input: card'
2026-09-10T10:17:56.5159460Z     t =    26.40s Find the "authority-metrics" Any
2026-09-10T10:17:56.5708210Z     t =    26.46s Added attachment named 'Actual native touch geometry: card'
2026-09-10T10:17:56.5815210Z     t =    26.46s Tap "godot-surface" Any[0.24, 0.74]
2026-09-10T10:17:56.5955660Z     t =    26.46s     Wait for dev.partydeck.godot.iosauthority to idle
2026-09-10T10:17:56.6065150Z     t =    26.47s     Find the "godot-surface" Any
2026-09-10T10:17:56.6706560Z     t =    26.54s     Check for interrupting elements affecting "godot-surface" Other
2026-09-10T10:17:56.7043130Z     t =    26.59s     Synthesize event
2026-09-10T10:17:56.7143930Z     t =    26.59s         Find the "godot-surface" Other
2026-09-10T10:17:56.7460760Z     t =    26.63s         Find the "godot-surface" Other
2026-09-10T10:17:56.8150380Z     t =    26.69s         Find the "godot-surface" Other
2026-09-10T10:17:57.1854100Z     t =    27.05s     Wait for dev.partydeck.godot.iosauthority to idle
2026-09-10T10:17:57.3697940Z     t =    27.25s Find the "authority-metrics" Any
2026-09-10T10:17:57.6096360Z     t =    27.49s Find the "authority-metrics" Any
2026-09-10T10:17:57.7003410Z     t =    27.58s Find the Target Application 'dev.partydeck.godot.iosauthority'
2026-09-10T10:17:57.8897750Z     t =    27.77s Added attachment named '02 revealed and selected 2d text 2'
2026-09-10T10:17:57.9002340Z     t =    27.77s Find the "authority-metrics" Any
2026-09-10T10:17:57.9717080Z     t =    27.84s Added attachment named '02 revealed and selected 2d text 2 measurements'
2026-09-10T10:17:57.9821120Z     t =    27.84s Find the "authority-metrics" Any
2026-09-10T10:17:58.0129980Z     t =    27.90s Find the "authority-metrics" Any
2026-09-10T10:17:58.2101960Z     t =    28.09s Find the "authority-metrics" Any
2026-09-10T10:17:58.4386390Z     t =    28.29s Find the "authority-metrics" Any
2026-09-10T10:17:58.8769520Z     t =    28.75s Find the "authority-metrics" Any
2026-09-10T10:17:59.1076540Z     t =    28.99s Find the "authority-metrics" Any
2026-09-10T10:17:59.1902410Z     t =    29.06s Find the "godot-surface" Any
2026-09-10T10:17:59.3968280Z     t =    29.17s Find the "godot-surface" Other
2026-09-10T10:17:59.9200700Z     t =    29.79s Find the "godot-surface" Other
2026-09-10T10:18:00.1884960Z     t =    30.08s Find the Target Application 'dev.partydeck.godot.iosauthority'
2026-09-10T10:18:00.2100080Z     t =    30.09s Find the "godot-surface" Other
2026-09-10T10:18:00.2581490Z     t =    30.13s Added attachment named 'Observed control before input: hide'
2026-09-10T10:18:00.2635950Z     t =    30.13s Find the "authority-metrics" Any
2026-09-10T10:18:00.3002930Z     t =    30.18s Added attachment named 'Actual native touch geometry: hide'
2026-09-10T10:18:00.3104430Z     t =    30.18s Tap "godot-surface" Any[0.77, 0.07]
2026-09-10T10:18:00.3221830Z     t =    30.18s     Wait for dev.partydeck.godot.iosauthority to idle
2026-09-10T10:18:00.3315890Z     t =    30.19s     Find the "godot-surface" Any
2026-09-10T10:18:00.3479700Z     t =    30.22s     Check for interrupting elements affecting "godot-surface" Other
2026-09-10T10:18:00.3965830Z     t =    30.28s     Synthesize event
2026-09-10T10:18:00.4067140Z     t =    30.28s         Find the "godot-surface" Other
2026-09-10T10:18:00.4377900Z     t =    30.32s         Find the "godot-surface" Other
2026-09-10T10:18:00.5118950Z     t =    30.40s         Find the "godot-surface" Other
2026-09-10T10:18:00.8965610Z     t =    30.76s     Wait for dev.partydeck.godot.iosauthority to idle
2026-09-10T10:18:01.1219440Z     t =    30.96s Find the "authority-metrics" Any
2026-09-10T10:18:01.3743780Z     t =    31.26s Find the "authority-metrics" Any
2026-09-10T10:18:01.4255540Z     t =    31.31s Find the Target Application 'dev.partydeck.godot.iosauthority'
2026-09-10T10:18:01.6159260Z     t =    31.48s Added attachment named '03 private bindings cleared 2d text 2'
2026-09-10T10:18:01.6267450Z     t =    31.48s Find the "authority-metrics" Any
2026-09-10T10:18:01.6443470Z     t =    31.53s Added attachment named '03 private bindings cleared 2d text 2 measurements'
2026-09-10T10:18:01.6448730Z     t =    31.53s Find the "authority-metrics" Any
2026-09-10T10:18:01.6860110Z     t =    31.58s Find the "authority-metrics" Any
2026-09-10T10:18:01.9022430Z     t =    31.79s Find the "authority-metrics" Any
2026-09-10T10:18:02.1198280Z     t =    31.99s Find the "authority-metrics" Any
2026-09-10T10:18:02.1567710Z     t =    32.05s Find the "godot-surface" Any
2026-09-10T10:18:02.2444210Z     t =    32.12s Find the "godot-surface" Other
2026-09-10T10:18:02.2812030Z     t =    32.17s Find the "godot-surface" Other
2026-09-10T10:18:02.3206390Z     t =    32.21s Find the Target Application 'dev.partydeck.godot.iosauthority'
2026-09-10T10:18:02.3484540Z     t =    32.23s Find the "godot-surface" Other
2026-09-10T10:18:02.4047140Z     t =    32.29s Added attachment named 'Observed control before input: reveal'
2026-09-10T10:18:02.4066730Z     t =    32.29s Find the "authority-metrics" Any
2026-09-10T10:18:02.4658300Z     t =    32.35s Added attachment named 'Actual native touch geometry: reveal'
2026-09-10T10:18:02.4663930Z     t =    32.35s Tap "godot-surface" Any[0.49, 0.76]
2026-09-10T10:18:02.4664660Z     t =    32.35s     Wait for dev.partydeck.godot.iosauthority to idle
2026-09-10T10:18:02.4675790Z     t =    32.36s     Find the "godot-surface" Any
2026-09-10T10:18:02.5055700Z     t =    32.39s     Check for interrupting elements affecting "godot-surface" Other
2026-09-10T10:18:02.5450960Z     t =    32.44s     Synthesize event
2026-09-10T10:18:02.5558780Z     t =    32.44s         Find the "godot-surface" Other
2026-09-10T10:18:02.5950650Z     t =    32.49s         Find the "godot-surface" Other
2026-09-10T10:18:02.6347030Z     t =    32.53s         Find the "godot-surface" Other
2026-09-10T10:18:02.9986720Z     t =    32.89s     Wait for dev.partydeck.godot.iosauthority to idle
2026-09-10T10:18:03.1808590Z     t =    33.04s Find the "authority-metrics" Any
2026-09-10T10:18:03.4120000Z     t =    33.30s Find the "authority-metrics" Any
2026-09-10T10:18:03.6189090Z     t =    33.50s Find the "authority-metrics" Any
2026-09-10T10:18:03.8047610Z     t =    33.70s Find the "authority-metrics" Any
2026-09-10T10:18:03.9137840Z     t =    33.80s Find the "authority-metrics" Any
2026-09-10T10:18:03.9484270Z     t =    33.84s Find the "authority-metrics" Any
2026-09-10T10:18:04.1695380Z     t =    34.06s Find the "authority-metrics" Any
2026-09-10T10:18:04.3840830Z     t =    34.27s Find the "authority-metrics" Any
2026-09-10T10:18:04.4353230Z     t =    34.33s Find the "godot-surface" Any
2026-09-10T10:18:04.5083220Z     t =    34.38s Find the "godot-surface" Other
2026-09-10T10:18:04.5592000Z     t =    34.45s Find the "godot-surface" Other
2026-09-10T10:18:04.5885000Z     t =    34.48s Find the Target Application 'dev.partydeck.godot.iosauthority'
2026-09-10T10:18:04.6176450Z     t =    34.49s Find the "godot-surface" Other
2026-09-10T10:18:04.6491210Z     t =    34.54s Added attachment named 'Observed control before input: card'
2026-09-10T10:18:04.6512100Z     t =    34.54s Find the "authority-metrics" Any
2026-09-10T10:18:04.6874410Z     t =    34.58s Added attachment named 'Actual native touch geometry: card'
2026-09-10T10:18:04.6990510Z     t =    34.58s Tap "godot-surface" Any[0.24, 0.74]
2026-09-10T10:18:04.6993680Z     t =    34.58s     Wait for dev.partydeck.godot.iosauthority to idle
2026-09-10T10:18:04.7062590Z     t =    34.59s     Find the "godot-surface" Any
2026-09-10T10:18:04.7700460Z     t =    34.66s     Check for interrupting elements affecting "godot-surface" Other
2026-09-10T10:18:04.8658020Z     t =    34.74s     Synthesize event
2026-09-10T10:18:04.8728710Z     t =    34.76s         Find the "godot-surface" Other
2026-09-10T10:18:04.9315130Z     t =    34.82s         Find the "godot-surface" Other
2026-09-10T10:18:05.0085480Z     t =    34.89s         Find the "godot-surface" Other
2026-09-10T10:18:05.3561280Z     t =    35.24s     Wait for dev.partydeck.godot.iosauthority to idle
2026-09-10T10:18:05.4956930Z     t =    35.36s Find the "authority-metrics" Any
2026-09-10T10:18:05.7459550Z     t =    35.61s Find the "authority-metrics" Any
2026-09-10T10:18:07.4458510Z     t =    37.32s Find the "authority-metrics" Any
2026-09-10T10:18:07.5058180Z     t =    37.39s Find the "authority-metrics" Any
2026-09-10T10:18:07.5466250Z     t =    37.43s Tap "pause-table" Any
2026-09-10T10:18:07.5570950Z     t =    37.43s     Wait for dev.partydeck.godot.iosauthority to idle
2026-09-10T10:18:07.5676000Z     t =    37.43s     Find the "pause-table" Any
2026-09-10T10:18:07.7126000Z     t =    37.47s     Check for interrupting elements affecting "pause-table" Button
2026-09-10T10:18:07.9121560Z     t =    37.79s     Synthesize event
2026-09-10T10:18:08.2397290Z     t =    38.12s     Wait for dev.partydeck.godot.iosauthority to idle
2026-09-10T10:18:08.4425060Z     t =    38.23s Find the "authority-metrics" Any
2026-09-10T10:18:08.7377050Z     t =    38.61s Find the "authority-metrics" Any
2026-09-10T10:18:09.0164310Z     t =    38.89s Find the "authority-metrics" Any
2026-09-10T10:18:09.8715500Z     t =    39.74s Find the "authority-metrics" Any
2026-09-10T10:18:10.0023680Z     t =    39.89s Find the Target Application 'dev.partydeck.godot.iosauthority'
2026-09-10T10:18:10.3931550Z     t =    40.12s Added attachment named 'Native cover with paused private bindings cleared'
2026-09-10T10:18:10.4057460Z     t =    40.12s Find the "authority-metrics" Any
2026-09-10T10:18:10.4693970Z     t =    40.36s Added attachment named 'Native cover with paused private bindings cleared measurements'
2026-09-10T10:18:10.4924520Z     t =    40.36s Tap "pause-table" Any
2026-09-10T10:18:10.5026890Z     t =    40.36s     Wait for dev.partydeck.godot.iosauthority to idle
2026-09-10T10:18:10.5131910Z     t =    40.36s     Find the "pause-table" Any
2026-09-10T10:18:10.5446610Z     t =    40.42s     Check for interrupting elements affecting "pause-table" Button
2026-09-10T10:18:10.6008510Z     t =    40.47s     Synthesize event
2026-09-10T10:18:10.9580630Z     t =    40.79s     Wait for dev.partydeck.godot.iosauthority to idle
2026-09-10T10:18:10.9692170Z     t =    40.81s Find the "authority-metrics" Any
2026-09-10T10:18:11.1801860Z     t =    41.07s Find the "authority-metrics" Any
2026-09-10T10:18:11.4904420Z     t =    41.30s Find the "authority-metrics" Any
2026-09-10T10:18:11.5886870Z     t =    41.48s Find the "authority-metrics" Any
2026-09-10T10:18:11.6771870Z     t =    41.56s Find the "authority-metrics" Any
2026-09-10T10:18:11.9300660Z     t =    41.82s Find the "authority-metrics" Any
2026-09-10T10:18:12.1366150Z     t =    42.01s Find the "authority-metrics" Any
2026-09-10T10:18:12.1773190Z     t =    42.06s Find the "godot-surface" Any
2026-09-10T10:18:12.2200570Z     t =    42.11s Find the "godot-surface" Other
2026-09-10T10:18:12.2741190Z     t =    42.16s Find the "godot-surface" Other
2026-09-10T10:18:12.3081290Z     t =    42.20s Find the Target Application 'dev.partydeck.godot.iosauthority'
2026-09-10T10:18:12.3251380Z     t =    42.21s Find the "godot-surface" Other
2026-09-10T10:18:12.3795650Z     t =    42.27s Added attachment named 'Observed control before input: reveal'
2026-09-10T10:18:12.3904630Z     t =    42.27s Find the "authority-metrics" Any
2026-09-10T10:18:12.4128930Z     t =    42.30s Added attachment named 'Actual native touch geometry: reveal'
2026-09-10T10:18:12.4231330Z     t =    42.30s Tap "godot-surface" Any[0.49, 0.76]
2026-09-10T10:18:12.4310340Z     t =    42.30s     Wait for dev.partydeck.godot.iosauthority to idle
2026-09-10T10:18:12.4425980Z     t =    42.30s     Find the "godot-surface" Any
2026-09-10T10:18:12.4500360Z     t =    42.33s     Check for interrupting elements affecting "godot-surface" Other
2026-09-10T10:18:12.5001990Z     t =    42.38s     Synthesize event
2026-09-10T10:18:12.5104020Z     t =    42.39s         Find the "godot-surface" Other
2026-09-10T10:18:12.5304480Z     t =    42.42s         Find the "godot-surface" Other
2026-09-10T10:18:12.5711870Z     t =    42.46s         Find the "godot-surface" Other
2026-09-10T10:18:12.9198460Z     t =    42.80s     Wait for dev.partydeck.godot.iosauthority to idle
2026-09-10T10:18:13.0433160Z     t =    42.93s Find the "authority-metrics" Any
2026-09-10T10:18:13.2728080Z     t =    43.16s Find the "authority-metrics" Any
2026-09-10T10:18:13.4716820Z     t =    43.36s Find the "authority-metrics" Any
2026-09-10T10:18:13.5447580Z     t =    43.43s Find the "authority-metrics" Any
2026-09-10T10:18:13.5777510Z     t =    43.47s Find the "authority-metrics" Any
2026-09-10T10:18:13.7803460Z     t =    43.67s Find the "authority-metrics" Any
2026-09-10T10:18:13.9810060Z     t =    43.87s Find the "authority-metrics" Any
2026-09-10T10:18:14.1979730Z     t =    44.09s Find the "authority-metrics" Any
2026-09-10T10:18:14.3097710Z     t =    44.20s Find the "godot-surface" Any
2026-09-10T10:18:14.3610580Z     t =    44.25s Find the "godot-surface" Other
2026-09-10T10:18:14.4254310Z     t =    44.30s Find the "godot-surface" Other
2026-09-10T10:18:14.4650990Z     t =    44.36s Find the Target Application 'dev.partydeck.godot.iosauthority'
2026-09-10T10:18:14.4757020Z     t =    44.37s Find the "godot-surface" Other
2026-09-10T10:18:14.5245460Z     t =    44.41s Added attachment named 'Observed control before input: card'
2026-09-10T10:18:14.5390700Z     t =    44.41s Find the "authority-metrics" Any
2026-09-10T10:18:14.5773710Z     t =    44.47s Added attachment named 'Actual native touch geometry: card'
2026-09-10T10:18:14.5808220Z     t =    44.47s Tap "godot-surface" Any[0.24, 0.74]
2026-09-10T10:18:14.5818480Z     t =    44.47s     Wait for dev.partydeck.godot.iosauthority to idle
2026-09-10T10:18:14.5869310Z     t =    44.47s     Find the "godot-surface" Any
2026-09-10T10:18:14.6145910Z     t =    44.51s     Check for interrupting elements affecting "godot-surface" Other
2026-09-10T10:18:14.6669850Z     t =    44.56s     Synthesize event
2026-09-10T10:18:14.6713820Z     t =    44.56s         Find the "godot-surface" Other
2026-09-10T10:18:14.7184570Z     t =    44.61s         Find the "godot-surface" Other
2026-09-10T10:18:14.7704850Z     t =    44.65s         Find the "godot-surface" Other
2026-09-10T10:18:15.1278490Z     t =    45.00s     Wait for dev.partydeck.godot.iosauthority to idle
2026-09-10T10:18:15.2969880Z     t =    45.16s Find the "authority-metrics" Any
2026-09-10T10:18:15.5592760Z     t =    45.40s Find the "authority-metrics" Any
2026-09-10T10:18:15.6025140Z     t =    45.49s Find the "authority-metrics" Any
2026-09-10T10:18:15.6698860Z     t =    45.54s Pressing Home button
2026-09-10T10:18:16.3138480Z     t =    46.14s Find the Application 'com.apple.springboard'
2026-09-10T10:18:17.9129060Z     t =    47.42s Checking existence of `"Safari" Icon`
2026-09-10T10:18:18.1505680Z     t =    47.98s Find the "Safari" Icon
2026-09-10T10:18:19.4259740Z     t =    48.81s Find the "Safari" Icon
2026-09-10T10:18:19.4365330Z     t =    48.99s Find the "Safari" Icon
2026-09-10T10:18:19.4587970Z     t =    49.18s Find the "Safari" Icon
2026-09-10T10:18:19.4682590Z     t =    49.31s Checking existence of `"Messages" Icon`
2026-09-10T10:18:19.5773350Z     t =    49.43s Find the "Messages" Icon
2026-09-10T10:18:19.6986840Z     t =    49.56s Find the "Messages" Icon
2026-09-10T10:18:19.8125810Z     t =    49.69s Find the "Messages" Icon
2026-09-10T10:18:19.9388350Z     t =    49.79s Find the "Messages" Icon
2026-09-10T10:18:19.9989760Z     t =    49.89s Get number of matches for: Descendants matching type Alert
2026-09-10T10:18:20.0500450Z     t =    49.94s Requesting snapshot of accessibility hierarchy for app with pid 6311
2026-09-10T10:18:20.7953180Z     t =    50.66s Requesting snapshot of accessibility hierarchy for app with pid 6311
2026-09-10T10:18:20.9303560Z     t =    50.79s Added attachment named 'Actual SpringBoard accessibility hierarchy after Home'
2026-09-10T10:18:20.9318870Z     t =    50.79s Added attachment named 'Actual Home and application state observation'
2026-09-10T10:18:21.2374270Z     t =    51.12s Added attachment named 'Actual Home screen before game reactivation'
2026-09-10T10:18:21.2410730Z     t =    51.13s Open dev.partydeck.godot.iosauthority
2026-09-10T10:18:21.2413090Z     t =    51.13s     Activate dev.partydeck.godot.iosauthority
2026-09-10T10:18:21.4053330Z     t =    51.28s         Wait for dev.partydeck.godot.iosauthority to idle
2026-09-10T10:18:21.4614590Z     t =    51.28s Find the "authority-metrics" Any
2026-09-10T10:18:22.1943720Z     t =    51.94s Find the "authority-metrics" Any
2026-09-10T10:18:22.4368220Z     t =    52.32s Find the "authority-metrics" Any
2026-09-10T10:18:22.6719180Z     t =    52.52s Find the "authority-metrics" Any
2026-09-10T10:18:22.9777810Z     t =    52.78s Find the Target Application 'dev.partydeck.godot.iosauthority'
2026-09-10T10:18:23.1734210Z     t =    53.04s Added attachment named 'Same authority resumed with concealed cards'
2026-09-10T10:18:23.1735690Z     t =    53.04s Find the "authority-metrics" Any
2026-09-10T10:18:23.2576740Z     t =    53.12s Added attachment named 'Same authority resumed with concealed cards measurements'
2026-09-10T10:18:23.2578730Z     t =    53.12s Find the "authority-metrics" Any
2026-09-10T10:18:23.4272870Z     t =    53.32s Find the "authority-metrics" Any
2026-09-10T10:18:23.6418090Z     t =    53.52s Find the "authority-metrics" Any
2026-09-10T10:18:23.6857730Z     t =    53.57s Find the "godot-surface" Any
2026-09-10T10:18:23.7697650Z     t =    53.65s Find the "godot-surface" Other
2026-09-10T10:18:23.8146700Z     t =    53.71s Find the "godot-surface" Other
2026-09-10T10:18:23.8814820Z     t =    53.77s Find the Target Application 'dev.partydeck.godot.iosauthority'
2026-09-10T10:18:23.8902340Z     t =    53.78s Find the "godot-surface" Other
2026-09-10T10:18:23.9507340Z     t =    53.84s Added attachment named 'Observed control before input: reveal'
2026-09-10T10:18:23.9569220Z     t =    53.84s Find the "authority-metrics" Any
2026-09-10T10:18:24.0126730Z     t =    53.90s Added attachment named 'Actual native touch geometry: reveal'
2026-09-10T10:18:24.0241370Z     t =    53.90s Tap "godot-surface" Any[0.49, 0.76]
2026-09-10T10:18:24.0245950Z     t =    53.90s     Wait for dev.partydeck.godot.iosauthority to idle
2026-09-10T10:18:24.0354300Z     t =    53.90s     Find the "godot-surface" Any
2026-09-10T10:18:24.0558070Z     t =    53.95s     Check for interrupting elements affecting "godot-surface" Other
2026-09-10T10:18:24.1090010Z     t =    53.99s     Synthesize event
2026-09-10T10:18:24.1187150Z     t =    54.00s         Find the "godot-surface" Other
2026-09-10T10:18:24.1612410Z     t =    54.05s         Find the "godot-surface" Other
2026-09-10T10:18:24.2272190Z     t =    54.11s         Find the "godot-surface" Other
2026-09-10T10:18:24.5754250Z     t =    54.45s     Wait for dev.partydeck.godot.iosauthority to idle
2026-09-10T10:18:24.7352960Z     t =    54.59s Find the "authority-metrics" Any
2026-09-10T10:18:24.9298080Z     t =    54.82s Find the "authority-metrics" Any
2026-09-10T10:18:24.9856570Z     t =    54.88s Find the "authority-metrics" Any
2026-09-10T10:18:25.0253360Z     t =    54.92s Find the "authority-metrics" Any
2026-09-10T10:18:25.2151490Z     t =    55.11s Find the "authority-metrics" Any
2026-09-10T10:18:25.4048970Z     t =    55.29s Find the "authority-metrics" Any
2026-09-10T10:18:25.6357670Z     t =    55.52s Find the "authority-metrics" Any
2026-09-10T10:18:25.6918430Z     t =    55.58s Find the "godot-surface" Any
2026-09-10T10:18:25.7348240Z     t =    55.63s Find the "godot-surface" Other
2026-09-10T10:18:25.7804990Z     t =    55.67s Find the "godot-surface" Other
2026-09-10T10:18:25.8392150Z     t =    55.73s Find the Target Application 'dev.partydeck.godot.iosauthority'
2026-09-10T10:18:25.8557720Z     t =    55.75s Find the "godot-surface" Other
2026-09-10T10:18:25.8934800Z     t =    55.78s Added attachment named 'Observed control before input: card'
2026-09-10T10:18:25.8952720Z     t =    55.78s Find the "authority-metrics" Any
2026-09-10T10:18:25.9690800Z     t =    55.85s Added attachment named 'Actual native touch geometry: card'
2026-09-10T10:18:25.9698870Z     t =    55.85s Tap "godot-surface" Any[0.24, 0.74]
2026-09-10T10:18:25.9718680Z     t =    55.85s     Wait for dev.partydeck.godot.iosauthority to idle
2026-09-10T10:18:25.9733610Z     t =    55.86s     Find the "godot-surface" Any
2026-09-10T10:18:25.9961180Z     t =    55.89s     Check for interrupting elements affecting "godot-surface" Other
2026-09-10T10:18:26.0542150Z     t =    55.94s     Synthesize event
2026-09-10T10:18:26.0554380Z     t =    55.95s         Find the "godot-surface" Other
2026-09-10T10:18:26.0983480Z     t =    55.99s         Find the "godot-surface" Other
2026-09-10T10:18:26.1492670Z     t =    56.03s         Find the "godot-surface" Other
2026-09-10T10:18:26.4815730Z     t =    56.37s     Wait for dev.partydeck.godot.iosauthority to idle
2026-09-10T10:18:26.5939730Z     t =    56.47s Find the "authority-metrics" Any
2026-09-10T10:18:26.7967420Z     t =    56.68s Find the "authority-metrics" Any
2026-09-10T10:18:27.0039150Z     t =    56.89s Find the "authority-metrics" Any
2026-09-10T10:18:27.0635630Z     t =    56.95s Find the "authority-metrics" Any
2026-09-10T10:18:27.1145870Z     t =    57.00s Find the "authority-metrics" Any
2026-09-10T10:18:27.3307250Z     t =    57.22s Find the "authority-metrics" Any
2026-09-10T10:18:27.5339720Z     t =    57.42s Find the "authority-metrics" Any
2026-09-10T10:18:27.7362140Z     t =    57.63s Find the "authority-metrics" Any
2026-09-10T10:18:27.8010090Z     t =    57.69s Find the "godot-surface" Any
2026-09-10T10:18:27.8603110Z     t =    57.75s Find the "godot-surface" Other
2026-09-10T10:18:27.9496160Z     t =    57.83s Find the "godot-surface" Other
2026-09-10T10:18:28.0234380Z     t =    57.89s Find the Target Application 'dev.partydeck.godot.iosauthority'
2026-09-10T10:18:28.0331460Z     t =    57.92s Find the "godot-surface" Other
2026-09-10T10:18:28.0796700Z     t =    57.96s Added attachment named 'Observed control before input: play'
2026-09-10T10:18:28.0914190Z     t =    57.96s Added attachment named 'Measured scroll gesture: play'
2026-09-10T10:18:28.1001630Z     t =    57.96s Press "godot-surface" Any[0.50, 0.85] for 0.1 seconds, then drag to "godot-surface" Any[0.50, 0.57] with velocity of 180.00 pixels per second, and then hold for 0.3 seconds 
2026-09-10T10:18:28.1110080Z     t =    57.96s     Wait for dev.partydeck.godot.iosauthority to idle
2026-09-10T10:18:28.1111420Z     t =    57.97s     Find the "godot-surface" Any
2026-09-10T10:18:28.1397260Z     t =    58.01s     Check for interrupting elements affecting "godot-surface" Other
2026-09-10T10:18:28.1753200Z     t =    58.06s     Synthesize event
2026-09-10T10:18:28.1842430Z     t =    58.07s         Find the "godot-surface" Other
2026-09-10T10:18:28.2193190Z     t =    58.11s         Find the "godot-surface" Other
2026-09-10T10:18:28.2825650Z     t =    58.17s         Find the "godot-surface" Other
2026-09-10T10:18:28.3255370Z     t =    58.22s         Find the "godot-surface" Other
2026-09-10T10:18:28.4063810Z     t =    58.30s         Find the "godot-surface" Other
2026-09-10T10:18:30.2249130Z     t =    60.10s     Wait for dev.partydeck.godot.iosauthority to idle
2026-09-10T10:18:30.2366630Z     t =    60.10s Find the "authority-metrics" Any
2026-09-10T10:18:30.3334730Z     t =    60.20s Find the "authority-metrics" Any
2026-09-10T10:18:30.5637060Z     t =    60.44s Find the "authority-metrics" Any
2026-09-10T10:18:30.6570690Z     t =    60.54s Find the "authority-metrics" Any
2026-09-10T10:18:30.8849430Z     t =    60.77s Find the "authority-metrics" Any
2026-09-10T10:18:31.1581720Z     t =    61.05s Find the "authority-metrics" Any
2026-09-10T10:18:31.3550820Z     t =    61.23s Find the "authority-metrics" Any
2026-09-10T10:18:31.4347080Z     t =    61.31s Find the "godot-surface" Any
2026-09-10T10:18:31.5533880Z     t =    61.44s Find the "godot-surface" Other
2026-09-10T10:18:31.6040310Z     t =    61.49s Find the "godot-surface" Other
2026-09-10T10:18:31.6345750Z     t =    61.52s Find the Target Application 'dev.partydeck.godot.iosauthority'
2026-09-10T10:18:31.6451280Z     t =    61.54s Find the "godot-surface" Other
2026-09-10T10:18:31.7063740Z     t =    61.58s Added attachment named 'Observed control before input: play'
2026-09-10T10:18:31.7064640Z     t =    61.58s Find the "authority-metrics" Any
2026-09-10T10:18:31.7434190Z     t =    61.63s Added attachment named 'Actual native touch geometry: play'
2026-09-10T10:18:31.7456320Z     t =    61.63s Tap "godot-surface" Any[0.49, 0.91]
2026-09-10T10:18:31.7458410Z     t =    61.63s     Wait for dev.partydeck.godot.iosauthority to idle
2026-09-10T10:18:31.7476520Z     t =    61.63s     Find the "godot-surface" Any
2026-09-10T10:18:31.7813790Z     t =    61.66s     Check for interrupting elements affecting "godot-surface" Other
2026-09-10T10:18:31.8621970Z     t =    61.75s     Synthesize event
2026-09-10T10:18:31.8909620Z     t =    61.76s         Find the "godot-surface" Other
2026-09-10T10:18:31.9704130Z     t =    61.84s         Find the "godot-surface" Other
2026-09-10T10:18:32.0365620Z     t =    61.92s         Find the "godot-surface" Other
2026-09-10T10:18:32.4620350Z     t =    62.29s     Wait for dev.partydeck.godot.iosauthority to idle
2026-09-10T10:18:32.5531320Z     t =    62.42s Find the "authority-metrics" Any
2026-09-10T10:18:33.1022980Z     t =    62.92s Find the "authority-metrics" Any
2026-09-10T10:18:33.3221940Z     t =    63.21s Find the "authority-metrics" Any
2026-09-10T10:18:33.4237230Z     t =    63.28s Find the Target Application 'dev.partydeck.godot.iosauthority'
2026-09-10T10:18:33.6092810Z     t =    63.49s Added attachment named '04 actual viewer play 2d text 2'
2026-09-10T10:18:33.6194920Z     t =    63.49s Find the "authority-metrics" Any
2026-09-10T10:18:33.6515330Z     t =    63.54s Added attachment named '04 actual viewer play 2d text 2 measurements'
2026-09-10T10:18:33.6517040Z     t =    63.54s Find the Target Application 'dev.partydeck.godot.iosauthority'
2026-09-10T10:18:33.8288130Z     t =    63.72s Added attachment named '05 public outcome 2d text 2'
2026-09-10T10:18:33.8312760Z     t =    63.72s Find the "authority-metrics" Any
2026-09-10T10:18:33.8833610Z     t =    63.78s Added attachment named '05 public outcome 2d text 2 measurements'
2026-09-10T10:18:33.8940100Z     t =    63.78s Find the "authority-metrics" Any
2026-09-10T10:18:33.9198000Z     t =    63.81s Find the "authority-metrics" Any
2026-09-10T10:18:34.1105050Z     t =    64.00s Find the "authority-metrics" Any
2026-09-10T10:18:34.3250310Z     t =    64.21s Find the "authority-metrics" Any
2026-09-10T10:18:34.5369300Z     t =    64.43s Find the "authority-metrics" Any
2026-09-10T10:18:34.7520830Z     t =    64.63s Find the "authority-metrics" Any
2026-09-10T10:18:34.7952610Z     t =    64.68s Find the "godot-surface" Any
2026-09-10T10:18:34.8625100Z     t =    64.74s Find the "godot-surface" Other
2026-09-10T10:18:34.9341130Z     t =    64.82s Find the "godot-surface" Other
2026-09-10T10:18:34.9758050Z     t =    64.86s Find the Target Application 'dev.partydeck.godot.iosauthority'
2026-09-10T10:18:34.9889070Z     t =    64.88s Find the "godot-surface" Other
2026-09-10T10:18:35.0861370Z     t =    64.97s Added attachment named 'Observed control before input: next_round'
2026-09-10T10:18:35.0892640Z     t =    64.97s Added attachment named 'Measured scroll gesture: next_round'
2026-09-10T10:18:35.0998120Z     t =    64.98s Press "godot-surface" Any[0.50, 0.85] for 0.1 seconds, then drag to "godot-surface" Any[0.50, 0.54] with velocity of 180.00 pixels per second, and then hold for 0.3 seconds 
2026-09-10T10:18:35.1106690Z     t =    64.98s     Wait for dev.partydeck.godot.iosauthority to idle
2026-09-10T10:18:35.1215310Z     t =    64.99s     Find the "godot-surface" Any
2026-09-10T10:18:35.1596320Z     t =    65.03s     Check for interrupting elements affecting "godot-surface" Other
2026-09-10T10:18:35.2029860Z     t =    65.08s     Synthesize event
2026-09-10T10:18:35.2107980Z     t =    65.09s         Find the "godot-surface" Other
2026-09-10T10:18:35.2433470Z     t =    65.13s         Find the "godot-surface" Other
2026-09-10T10:18:35.3185860Z     t =    65.21s         Find the "godot-surface" Other
2026-09-10T10:18:35.4966460Z     t =    65.38s         Find the "godot-surface" Other
2026-09-10T10:18:35.5850840Z     t =    65.47s         Find the "godot-surface" Other
2026-09-10T10:18:37.5358170Z     t =    67.42s     Wait for dev.partydeck.godot.iosauthority to idle
2026-09-10T10:18:37.5615930Z     t =    67.43s Find the "authority-metrics" Any
2026-09-10T10:18:37.6236580Z     t =    67.51s Find the "authority-metrics" Any
2026-09-10T10:18:37.8253650Z     t =    67.71s Find the "authority-metrics" Any
2026-09-10T10:18:38.0335610Z     t =    67.92s Find the "authority-metrics" Any
2026-09-10T10:18:38.2971110Z     t =    68.18s Find the "authority-metrics" Any
2026-09-10T10:18:38.3620520Z     t =    68.24s Find the "godot-surface" Any
2026-09-10T10:18:38.4099440Z     t =    68.30s Find the "godot-surface" Other
2026-09-10T10:18:38.4430550Z     t =    68.34s Find the "godot-surface" Other
2026-09-10T10:18:38.4995580Z     t =    68.39s Find the Target Application 'dev.partydeck.godot.iosauthority'
2026-09-10T10:18:38.5123590Z     t =    68.40s Find the "godot-surface" Other
2026-09-10T10:18:38.5447610Z     t =    68.44s Added attachment named 'Observed control before input: next_round'
2026-09-10T10:18:38.5484250Z     t =    68.44s Find the "authority-metrics" Any
2026-09-10T10:18:38.5917920Z     t =    68.47s Added attachment named 'Actual native touch geometry: next_round'
2026-09-10T10:18:38.5982340Z     t =    68.47s Tap "godot-surface" Any[0.49, 0.93]
2026-09-10T10:18:38.6091080Z     t =    68.47s     Wait for dev.partydeck.godot.iosauthority to idle
2026-09-10T10:18:38.6194800Z     t =    68.47s     Find the "godot-surface" Any
2026-09-10T10:18:38.6338430Z     t =    68.52s     Check for interrupting elements affecting "godot-surface" Other
2026-09-10T10:18:38.6752470Z     t =    68.56s     Synthesize event
2026-09-10T10:18:38.6766740Z     t =    68.56s         Find the "godot-surface" Other
2026-09-10T10:18:38.7291340Z     t =    68.62s         Find the "godot-surface" Other
2026-09-10T10:18:38.7678810Z     t =    68.66s         Find the "godot-surface" Other
2026-09-10T10:18:39.1137410Z     t =    69.00s     Wait for dev.partydeck.godot.iosauthority to idle
2026-09-10T10:18:39.2201700Z     t =    69.10s Find the "authority-metrics" Any
2026-09-10T10:18:39.5766480Z     t =    69.45s Find the "authority-metrics" Any
2026-09-10T10:18:39.6204420Z     t =    69.51s Find the "authority-metrics" Any
2026-09-10T10:18:39.6555410Z     t =    69.54s Find the "authority-metrics" Any
2026-09-10T10:18:39.8651370Z     t =    69.75s Find the "authority-metrics" Any
2026-09-10T10:18:40.0622560Z     t =    69.95s Find the "authority-metrics" Any
2026-09-10T10:18:40.0889030Z     t =    69.98s Find the "authority-metrics" Any
2026-09-10T10:18:40.2855660Z     t =    70.17s Find the "authority-metrics" Any
2026-09-10T10:18:40.4883250Z     t =    70.38s Find the "authority-metrics" Any
2026-09-10T10:18:40.7146720Z     t =    70.61s Find the "authority-metrics" Any
2026-09-10T10:18:40.9368680Z     t =    70.83s Find the "authority-metrics" Any
2026-09-10T10:18:40.9953930Z     t =    70.88s Find the "godot-surface" Any
2026-09-10T10:18:41.0660690Z     t =    70.95s Find the "godot-surface" Other
2026-09-10T10:18:41.1363340Z     t =    71.02s Find the "godot-surface" Other
2026-09-10T10:18:41.1915110Z     t =    71.08s Find the Target Application 'dev.partydeck.godot.iosauthority'
2026-09-10T10:18:41.2387520Z     t =    71.10s Find the "godot-surface" Other
2026-09-10T10:18:41.3541890Z     t =    71.21s Added attachment named 'Observed control before input: next_round'
2026-09-10T10:18:41.3643570Z     t =    71.21s Added attachment named 'Measured scroll gesture: next_round'
2026-09-10T10:18:41.3746740Z     t =    71.21s Press "godot-surface" Any[0.50, 0.85] for 0.1 seconds, then drag to "godot-surface" Any[0.50, 0.69] with velocity of 111.00 pixels per second, and then hold for 0.3 seconds 
2026-09-10T10:18:41.3864770Z     t =    71.21s     Wait for dev.partydeck.godot.iosauthority to idle
2026-09-10T10:18:41.3954780Z     t =    71.22s     Find the "godot-surface" Any
2026-09-10T10:18:41.4282250Z     t =    71.31s     Check for interrupting elements affecting "godot-surface" Other
2026-09-10T10:18:41.6871040Z     t =    71.57s     Synthesize event
2026-09-10T10:18:41.6976350Z     t =    71.57s         Find the "godot-surface" Other
2026-09-10T10:18:41.7422820Z     t =    71.62s         Find the "godot-surface" Other
2026-09-10T10:18:41.8322150Z     t =    71.71s         Find the "godot-surface" Other
2026-09-10T10:18:41.9028010Z     t =    71.79s         Find the "godot-surface" Other
2026-09-10T10:18:41.9840750Z     t =    71.85s         Find the "godot-surface" Other
2026-09-10T10:18:44.0250760Z     t =    73.89s     Wait for dev.partydeck.godot.iosauthority to idle
2026-09-10T10:18:44.0356480Z     t =    73.90s Find the "authority-metrics" Any
2026-09-10T10:18:44.1019530Z     t =    73.99s Find the "authority-metrics" Any
2026-09-10T10:18:44.1957890Z     t =    74.06s Find the "authority-metrics" Any
2026-09-10T10:18:44.4194560Z     t =    74.29s Find the "authority-metrics" Any
2026-09-10T10:18:44.6682140Z     t =    74.55s Find the "authority-metrics" Any
2026-09-10T10:18:44.8925450Z     t =    74.77s Find the "authority-metrics" Any
2026-09-10T10:18:44.9616770Z     t =    74.84s Find the "godot-surface" Any
2026-09-10T10:18:45.0567290Z     t =    74.94s Find the "godot-surface" Other
2026-09-10T10:18:45.1522380Z     t =    75.03s Find the "godot-surface" Other
2026-09-10T10:18:45.2082690Z     t =    75.09s Find the Target Application 'dev.partydeck.godot.iosauthority'
2026-09-10T10:18:45.2188330Z     t =    75.11s Find the "godot-surface" Other
2026-09-10T10:18:45.3177550Z     t =    75.20s Added attachment named 'Observed control before input: next_round'
2026-09-10T10:18:45.3284240Z     t =    75.20s Find the "authority-metrics" Any
2026-09-10T10:18:45.4093530Z     t =    75.29s Added attachment named 'Actual native touch geometry: next_round'
2026-09-10T10:18:45.4205120Z     t =    75.29s Tap "godot-surface" Any[0.49, 0.92]
2026-09-10T10:18:45.4310010Z     t =    75.29s     Wait for dev.partydeck.godot.iosauthority to idle
2026-09-10T10:18:45.4421590Z     t =    75.29s     Find the "godot-surface" Any
2026-09-10T10:18:45.4992150Z     t =    75.35s     Check for interrupting elements affecting "godot-surface" Other
2026-09-10T10:18:45.5950000Z     t =    75.48s     Synthesize event
2026-09-10T10:18:45.6296260Z     t =    75.48s         Find the "godot-surface" Other
2026-09-10T10:18:45.7091150Z     t =    75.58s         Find the "godot-surface" Other
2026-09-10T10:18:45.7900930Z     t =    75.67s         Find the "godot-surface" Other
2026-09-10T10:18:46.1761810Z     t =    76.06s     Wait for dev.partydeck.godot.iosauthority to idle
2026-09-10T10:18:46.2677160Z     t =    76.12s Find the "authority-metrics" Any
2026-09-10T10:18:46.4994570Z     t =    76.36s Find the "authority-metrics" Any
2026-09-10T10:18:46.5952770Z     t =    76.47s Find the "authority-metrics" Any
2026-09-10T10:18:46.6906770Z     t =    76.58s Find the "authority-metrics" Any
2026-09-10T10:18:46.9353490Z     t =    76.82s Find the "authority-metrics" Any
2026-09-10T10:18:47.1624380Z     t =    77.05s Find the "authority-metrics" Any
2026-09-10T10:18:47.2385010Z     t =    77.12s Find the "authority-metrics" Any
2026-09-10T10:18:47.4325410Z     t =    77.32s Find the "authority-metrics" Any
2026-09-10T10:18:47.6521730Z     t =    77.53s Find the "authority-metrics" Any
2026-09-10T10:18:47.7206160Z     t =    77.61s Find the "godot-surface" Any
2026-09-10T10:18:47.8108650Z     t =    77.70s Find the "godot-surface" Other
2026-09-10T10:18:47.8854780Z     t =    77.77s Find the "godot-surface" Other
2026-09-10T10:18:47.9724720Z     t =    77.85s Find the Target Application 'dev.partydeck.godot.iosauthority'
2026-09-10T10:18:47.9868610Z     t =    77.87s Find the "godot-surface" Other
2026-09-10T10:18:48.0675680Z     t =    77.95s Added attachment named 'Observed control before input: next_round'
2026-09-10T10:18:48.0777090Z     t =    77.95s Find the "authority-metrics" Any
2026-09-10T10:18:48.1577570Z     t =    78.04s Added attachment named 'Actual native touch geometry: next_round'
2026-09-10T10:18:48.1682240Z     t =    78.04s Tap "godot-surface" Any[0.49, 0.85]
2026-09-10T10:18:48.1787550Z     t =    78.04s     Wait for dev.partydeck.godot.iosauthority to idle
2026-09-10T10:18:48.1901280Z     t =    78.04s     Find the "godot-surface" Any
2026-09-10T10:18:48.2668140Z     t =    78.14s     Check for interrupting elements affecting "godot-surface" Other
2026-09-10T10:18:48.3336210Z     t =    78.21s     Synthesize event
2026-09-10T10:18:48.3551810Z     t =    78.21s         Find the "godot-surface" Other
2026-09-10T10:18:48.4275820Z     t =    78.30s         Find the "godot-surface" Other
2026-09-10T10:18:48.4979060Z     t =    78.38s         Find the "godot-surface" Other
2026-09-10T10:18:48.8281420Z     t =    78.72s     Wait for dev.partydeck.godot.iosauthority to idle
2026-09-10T10:18:48.8771590Z     t =    78.75s Find the "authority-metrics" Any
2026-09-10T10:18:49.0706350Z     t =    78.96s Find the "authority-metrics" Any
2026-09-10T10:18:49.2957760Z     t =    79.19s Find the "authority-metrics" Any
2026-09-10T10:18:49.3284470Z     t =    79.22s Find the "authority-metrics" Any
2026-09-10T10:18:49.3951790Z     t =    79.29s Find the "authority-metrics" Any
2026-09-10T10:18:49.6310230Z     t =    79.50s Find the "authority-metrics" Any
2026-09-10T10:18:49.7253600Z     t =    79.62s Find the "authority-metrics" Any
2026-09-10T10:18:49.9180090Z     t =    79.81s Find the "authority-metrics" Any
2026-09-10T10:18:50.1346760Z     t =    80.02s Find the "authority-metrics" Any
2026-09-10T10:18:50.3799320Z     t =    80.27s Find the "authority-metrics" Any
2026-09-10T10:18:50.4235620Z     t =    80.32s Find the "godot-surface" Any
2026-09-10T10:18:50.5032590Z     t =    80.39s Find the "godot-surface" Other
2026-09-10T10:18:50.5419140Z     t =    80.43s Find the "godot-surface" Other
2026-09-10T10:18:50.6012930Z     t =    80.49s Find the Target Application 'dev.partydeck.godot.iosauthority'
2026-09-10T10:18:50.6328090Z     t =    80.52s Find the "godot-surface" Other
2026-09-10T10:18:50.6968240Z     t =    80.57s Added attachment named 'Observed control before input: reveal'
2026-09-10T10:18:50.6977000Z     t =    80.57s Added attachment named 'Measured scroll gesture: reveal'
2026-09-10T10:18:50.7065530Z     t =    80.57s Press "godot-surface" Any[0.50, 0.85] for 0.1 seconds, then drag to "godot-surface" Any[0.50, 0.78] with velocity of 60.00 pixels per second, and then hold for 0.3 seconds 
2026-09-10T10:18:50.7076270Z     t =    80.57s     Wait for dev.partydeck.godot.iosauthority to idle
2026-09-10T10:18:50.7090420Z     t =    80.58s     Find the "godot-surface" Any
2026-09-10T10:18:50.7465800Z     t =    80.64s     Check for interrupting elements affecting "godot-surface" Other
2026-09-10T10:18:50.7994870Z     t =    80.69s     Synthesize event
2026-09-10T10:18:50.8044740Z     t =    80.70s         Find the "godot-surface" Other
2026-09-10T10:18:50.8771830Z     t =    80.77s         Find the "godot-surface" Other
2026-09-10T10:18:50.9193050Z     t =    80.81s         Find the "godot-surface" Other
2026-09-10T10:18:50.9914890Z     t =    80.88s         Find the "godot-surface" Other
2026-09-10T10:18:51.0266790Z     t =    80.92s         Find the "godot-surface" Other
2026-09-10T10:18:52.5170390Z     t =    82.39s     Wait for dev.partydeck.godot.iosauthority to idle
2026-09-10T10:18:52.5275020Z     t =    82.39s Find the "authority-metrics" Any
2026-09-10T10:18:52.5650320Z     t =    82.46s Find the "authority-metrics" Any
2026-09-10T10:18:52.7716120Z     t =    82.66s Find the "authority-metrics" Any
2026-09-10T10:18:52.9553310Z     t =    82.85s Find the "authority-metrics" Any
2026-09-10T10:18:53.1778230Z     t =    83.06s Find the "authority-metrics" Any
2026-09-10T10:18:53.4621800Z     t =    83.34s Find the "godot-surface" Any
2026-09-10T10:18:53.5454380Z     t =    83.44s Find the "godot-surface" Other
2026-09-10T10:18:53.5929680Z     t =    83.48s Find the "godot-surface" Other
2026-09-10T10:18:53.6798990Z     t =    83.57s Find the Target Application 'dev.partydeck.godot.iosauthority'
2026-09-10T10:18:53.6965210Z     t =    83.59s Find the "godot-surface" Other
2026-09-10T10:18:53.7896760Z     t =    83.64s Added attachment named 'Observed control before input: reveal'
2026-09-10T10:18:53.7901640Z     t =    83.64s Find the "authority-metrics" Any
2026-09-10T10:18:53.8448920Z     t =    83.73s Added attachment named 'Actual native touch geometry: reveal'
2026-09-10T10:18:53.8514320Z     t =    83.73s Tap "godot-surface" Any[0.49, 0.92]
2026-09-10T10:18:53.8515460Z     t =    83.73s     Wait for dev.partydeck.godot.iosauthority to idle
2026-09-10T10:18:53.8516090Z     t =    83.74s     Find the "godot-surface" Any
2026-09-10T10:18:53.8804810Z     t =    83.77s     Check for interrupting elements affecting "godot-surface" Other
2026-09-10T10:18:53.9294130Z     t =    83.82s     Synthesize event
2026-09-10T10:18:53.9330010Z     t =    83.83s         Find the "godot-surface" Other
2026-09-10T10:18:53.9685700Z     t =    83.86s         Find the "godot-surface" Other
2026-09-10T10:18:54.0205940Z     t =    83.90s         Find the "godot-surface" Other
2026-09-10T10:18:54.3498350Z     t =    84.24s     Wait for dev.partydeck.godot.iosauthority to idle
2026-09-10T10:18:55.1539520Z     t =    85.03s Find the "authority-metrics" Any
2026-09-10T10:18:55.2087680Z     t =    85.10s Find the "authority-metrics" Any
2026-09-10T10:18:55.2622020Z     t =    85.16s Find the "authority-metrics" Any
2026-09-10T10:18:55.4808380Z     t =    85.36s Find the "authority-metrics" Any
2026-09-10T10:18:55.5324490Z     t =    85.42s Find the "authority-metrics" Any
2026-09-10T10:18:55.7203400Z     t =    85.61s Find the "authority-metrics" Any
2026-09-10T10:18:55.9493770Z     t =    85.84s Find the "authority-metrics" Any
2026-09-10T10:18:56.1550480Z     t =    86.04s Find the "authority-metrics" Any
2026-09-10T10:19:04.0094180Z     t =    93.74s Find the "godot-surface" Any
2026-09-10T10:19:07.8054410Z     t =    97.65s Find the "godot-surface" Other
2026-09-10T10:19:08.6243270Z     t =    98.48s Find the "godot-surface" Other
2026-09-10T10:19:09.4301910Z     t =    99.20s Find the Target Application 'dev.partydeck.godot.iosauthority'
2026-09-10T10:19:09.7149230Z     t =    99.52s Find the "godot-surface" Other
2026-09-10T10:19:23.8641210Z     t =   112.99s Added attachment named 'Observed control before input: card'
2026-09-10T10:19:23.8651940Z     t =   113.00s Find the "authority-metrics" Any
2026-09-10T10:19:24.0734200Z     t =   113.95s Added attachment named 'Actual native touch geometry: card'
2026-09-10T10:19:24.0852230Z     t =   113.95s Tap "godot-surface" Any[0.24, 0.74]
2026-09-10T10:19:24.1006730Z     t =   113.95s     Wait for dev.partydeck.godot.iosauthority to idle
2026-09-10T10:19:24.1114760Z     t =   113.96s     Find the "godot-surface" Any
2026-09-10T10:19:24.2354250Z     t =   114.08s     Check for interrupting elements affecting "godot-surface" Other
2026-09-10T10:19:24.3271190Z     t =   114.19s     Synthesize event
2026-09-10T10:19:24.3398640Z     t =   114.20s         Find the "godot-surface" Other
2026-09-10T10:19:24.6709780Z     t =   114.51s         Find the "godot-surface" Other
2026-09-10T10:19:24.8391420Z     t =   114.71s         Find the "godot-surface" Other
2026-09-10T10:19:25.4282420Z     t =   115.28s     Wait for dev.partydeck.godot.iosauthority to idle
2026-09-10T10:19:25.6496560Z     t =   115.44s Find the "authority-metrics" Any
2026-09-10T10:19:26.2088440Z     t =   116.08s Find the "authority-metrics" Any
2026-09-10T10:19:26.5148730Z     t =   116.40s Find the "authority-metrics" Any
2026-09-10T10:19:27.2945240Z     t =   117.17s Find the "authority-metrics" Any
2026-09-10T10:19:28.3423330Z     t =   118.22s Find the "authority-metrics" Any
2026-09-10T10:19:28.6657090Z     t =   118.51s Find the "authority-metrics" Any
2026-09-10T10:19:28.9745590Z     t =   118.84s Find the "authority-metrics" Any
2026-09-10T10:19:29.0380230Z     t =   118.92s Find the "godot-surface" Any
2026-09-10T10:19:29.1409850Z     t =   119.03s Find the "godot-surface" Other
2026-09-10T10:19:29.2336610Z     t =   119.12s Find the "godot-surface" Other
2026-09-10T10:19:29.2909130Z     t =   119.18s Find the Target Application 'dev.partydeck.godot.iosauthority'
2026-09-10T10:19:29.3137870Z     t =   119.19s Find the "godot-surface" Other
2026-09-10T10:19:29.4477230Z     t =   119.33s Added attachment named 'Observed control before input: play'
2026-09-10T10:19:29.4583190Z     t =   119.33s Added attachment named 'Measured scroll gesture: play'
2026-09-10T10:19:29.4692150Z     t =   119.33s Press "godot-surface" Any[0.50, 0.85] for 0.1 seconds, then drag to "godot-surface" Any[0.50, 0.57] with velocity of 180.00 pixels per second, and then hold for 0.3 seconds 
2026-09-10T10:19:29.4801980Z     t =   119.33s     Wait for dev.partydeck.godot.iosauthority to idle
2026-09-10T10:19:29.4935970Z     t =   119.34s     Find the "godot-surface" Any
2026-09-10T10:19:29.5392650Z     t =   119.42s     Check for interrupting elements affecting "godot-surface" Other
2026-09-10T10:19:29.6564280Z     t =   119.53s     Synthesize event
2026-09-10T10:19:29.6670700Z     t =   119.54s         Find the "godot-surface" Other
2026-09-10T10:19:29.7605140Z     t =   119.64s         Find the "godot-surface" Other
2026-09-10T10:19:29.8358580Z     t =   119.71s         Find the "godot-surface" Other
2026-09-10T10:19:29.9025950Z     t =   119.79s         Find the "godot-surface" Other
2026-09-10T10:19:30.0304020Z     t =   119.91s         Find the "godot-surface" Other
2026-09-10T10:19:31.9898060Z     t =   121.76s     Wait for dev.partydeck.godot.iosauthority to idle
2026-09-10T10:19:32.0173050Z     t =   121.81s Find the "authority-metrics" Any
2026-09-10T10:19:32.1896460Z     t =   122.07s Find the "authority-metrics" Any
2026-09-10T10:19:32.4873840Z     t =   122.35s Find the "authority-metrics" Any
2026-09-10T10:19:32.6187330Z     t =   122.50s Find the "authority-metrics" Any
2026-09-10T10:19:32.8919620Z     t =   122.77s Find the "authority-metrics" Any
2026-09-10T10:19:33.1136660Z     t =   122.99s Find the "authority-metrics" Any
2026-09-10T10:19:33.2058920Z     t =   123.09s Find the "godot-surface" Any
2026-09-10T10:19:33.3482240Z     t =   123.21s Find the "godot-surface" Other
2026-09-10T10:19:33.4519360Z     t =   123.32s Find the "godot-surface" Other
2026-09-10T10:19:33.5181110Z     t =   123.40s Find the Target Application 'dev.partydeck.godot.iosauthority'
2026-09-10T10:19:33.5183420Z     t =   123.41s Find the "godot-surface" Other
2026-09-10T10:19:33.5794630Z     t =   123.46s Added attachment named 'Observed control before input: play'
2026-09-10T10:19:33.5895850Z     t =   123.46s Find the "authority-metrics" Any
2026-09-10T10:19:33.6227990Z     t =   123.51s Added attachment named 'Actual native touch geometry: play'
2026-09-10T10:19:33.6339610Z     t =   123.51s Tap "godot-surface" Any[0.49, 0.91]
2026-09-10T10:19:33.6459000Z     t =   123.51s     Wait for dev.partydeck.godot.iosauthority to idle
2026-09-10T10:19:33.6502930Z     t =   123.51s     Find the "godot-surface" Any
2026-09-10T10:19:33.6856260Z     t =   123.57s     Check for interrupting elements affecting "godot-surface" Other
2026-09-10T10:19:33.7165750Z     t =   123.61s     Synthesize event
2026-09-10T10:19:33.7270370Z     t =   123.61s         Find the "godot-surface" Other
2026-09-10T10:19:33.7903270Z     t =   123.68s         Find the "godot-surface" Other
2026-09-10T10:19:33.8310710Z     t =   123.72s         Find the "godot-surface" Other
2026-09-10T10:19:34.2397640Z     t =   124.11s     Wait for dev.partydeck.godot.iosauthority to idle
2026-09-10T10:19:34.3736010Z     t =   124.26s Find the "authority-metrics" Any
2026-09-10T10:19:34.6190340Z     t =   124.46s Find the "authority-metrics" Any
2026-09-10T10:19:34.8406320Z     t =   124.72s Find the "authority-metrics" Any
2026-09-10T10:19:35.0361130Z     t =   124.93s Find the "authority-metrics" Any
2026-09-10T10:19:35.0941630Z     t =   124.99s Find the "authority-metrics" Any
2026-09-10T10:19:35.1732490Z     t =   125.02s Find the "authority-metrics" Any
2026-09-10T10:19:35.3579730Z     t =   125.24s Find the "authority-metrics" Any
2026-09-10T10:19:35.5862620Z     t =   125.47s Find the "authority-metrics" Any
2026-09-10T10:19:35.7959810Z     t =   125.68s Find the "authority-metrics" Any
2026-09-10T10:19:35.8344570Z     t =   125.73s Find the "godot-surface" Any
2026-09-10T10:19:35.9128750Z     t =   125.80s Find the "godot-surface" Other
2026-09-10T10:19:35.9533600Z     t =   125.84s Find the "godot-surface" Other
2026-09-10T10:19:36.0132630Z     t =   125.88s Find the Target Application 'dev.partydeck.godot.iosauthority'
2026-09-10T10:19:36.0245340Z     t =   125.92s Find the "godot-surface" Other
2026-09-10T10:19:36.0698280Z     t =   125.96s Added attachment named 'Observed control before input: next_round'
2026-09-10T10:19:36.0816050Z     t =   125.96s Added attachment named 'Measured scroll gesture: next_round'
2026-09-10T10:19:36.0817870Z     t =   125.97s Press "godot-surface" Any[0.50, 0.85] for 0.1 seconds, then drag to "godot-surface" Any[0.50, 0.54] with velocity of 180.00 pixels per second, and then hold for 0.3 seconds 
2026-09-10T10:19:36.0861960Z     t =   125.97s     Wait for dev.partydeck.godot.iosauthority to idle
2026-09-10T10:19:36.0879950Z     t =   125.97s     Find the "godot-surface" Any
2026-09-10T10:19:36.1466290Z     t =   126.03s     Check for interrupting elements affecting "godot-surface" Other
2026-09-10T10:19:36.1941540Z     t =   126.08s     Synthesize event
2026-09-10T10:19:36.2048790Z     t =   126.09s         Find the "godot-surface" Other
2026-09-10T10:19:36.2520180Z     t =   126.14s         Find the "godot-surface" Other
2026-09-10T10:19:36.3019210Z     t =   126.19s         Find the "godot-surface" Other
2026-09-10T10:19:36.3822830Z     t =   126.27s         Find the "godot-surface" Other
2026-09-10T10:19:36.4610430Z     t =   126.35s         Find the "godot-surface" Other
2026-09-10T10:19:39.0639550Z     t =   128.36s     Wait for dev.partydeck.godot.iosauthority to idle
2026-09-10T10:19:39.0642330Z     t =   128.56s Find the "authority-metrics" Any
2026-09-10T10:19:46.3941970Z     t =   134.29s Find the "authority-metrics" Any
2026-09-10T10:19:47.9051480Z     t =   137.78s Find the "godot-surface" Any
2026-09-10T10:19:48.0833900Z     t =   137.97s Find the "godot-surface" Other
2026-09-10T10:19:48.2272830Z     t =   138.07s Find the "godot-surface" Other
2026-09-10T10:19:48.4235730Z     t =   138.30s Find the Target Application 'dev.partydeck.godot.iosauthority'
2026-09-10T10:19:48.4717320Z     t =   138.33s Find the "godot-surface" Other
2026-09-10T10:19:48.6018860Z     t =   138.48s Added attachment named 'Observed control before input: next_round'
2026-09-10T10:19:48.6142230Z     t =   138.48s Added attachment named 'Measured scroll gesture: next_round'
2026-09-10T10:19:48.6306760Z     t =   138.49s Press "godot-surface" Any[0.50, 0.85] for 0.1 seconds, then drag to "godot-surface" Any[0.50, 0.76] with velocity of 60.00 pixels per second, and then hold for 0.3 seconds 
2026-09-10T10:19:48.6337410Z     t =   138.49s     Wait for dev.partydeck.godot.iosauthority to idle
2026-09-10T10:19:48.6503000Z     t =   138.49s     Find the "godot-surface" Any
2026-09-10T10:19:48.7402930Z     t =   138.61s     Check for interrupting elements affecting "godot-surface" Other
2026-09-10T10:19:48.9176020Z     t =   138.79s     Synthesize event
2026-09-10T10:19:48.9508320Z     t =   138.81s         Find the "godot-surface" Other
2026-09-10T10:19:49.1776470Z     t =   139.06s         Find the "godot-surface" Other
2026-09-10T10:19:49.4184260Z     t =   139.30s         Find the "godot-surface" Other
2026-09-10T10:19:49.6011120Z     t =   139.47s         Find the "godot-surface" Other
2026-09-10T10:19:49.7535230Z     t =   139.63s         Find the "godot-surface" Other
2026-09-10T10:19:51.6436990Z     t =   141.49s     Wait for dev.partydeck.godot.iosauthority to idle
2026-09-10T10:19:51.6551120Z     t =   141.49s Find the "authority-metrics" Any
2026-09-10T10:19:51.7716630Z     t =   141.65s Find the "authority-metrics" Any
2026-09-10T10:19:51.9152990Z     t =   141.78s Find the "authority-metrics" Any
2026-09-10T10:19:52.1970840Z     t =   142.08s Find the "authority-metrics" Any
2026-09-10T10:19:52.6042000Z     t =   142.31s Find the "authority-metrics" Any
2026-09-10T10:20:13.4604840Z     t =   160.75s Find the "godot-surface" Any
2026-09-10T10:20:17.5812380Z     t =   167.45s Find the "godot-surface" Other
2026-09-10T10:20:18.3862740Z     t =   168.24s Find the "godot-surface" Other
2026-09-10T10:20:18.6360580Z     t =   168.51s Find the Target Application 'dev.partydeck.godot.iosauthority'
2026-09-10T10:20:19.5865080Z     t =   169.06s Find the "godot-surface" Other
2026-09-10T10:20:19.8659870Z     t =   169.73s Added attachment named 'Observed control before input: next_round'
2026-09-10T10:20:19.8763080Z     t =   169.73s Find the "authority-metrics" Any
2026-09-10T10:20:19.9182010Z     t =   169.81s Added attachment named 'Actual native touch geometry: next_round'
2026-09-10T10:20:19.9303980Z     t =   169.81s Tap "godot-surface" Any[0.49, 0.92]
2026-09-10T10:20:20.1506080Z     t =   169.81s     Wait for dev.partydeck.godot.iosauthority to idle
2026-09-10T10:20:20.4964650Z     t =   169.82s     Find the "godot-surface" Any
2026-09-10T10:20:21.4986500Z     t =   171.32s     Check for interrupting elements affecting "godot-surface" Other
2026-09-10T10:20:21.8000980Z     t =   171.59s     Synthesize event
2026-09-10T10:20:21.8115270Z     t =   171.68s         Find the "godot-surface" Other
2026-09-10T10:20:22.0282970Z     t =   171.91s         Find the "godot-surface" Other
2026-09-10T10:20:22.6831710Z     t =   172.56s         Find the "godot-surface" Other
2026-09-10T10:20:23.8515480Z     t =   173.67s     Wait for dev.partydeck.godot.iosauthority to idle
2026-09-10T10:20:24.1546880Z     t =   173.98s Find the "authority-metrics" Any
2026-09-10T10:20:24.6194370Z     t =   174.50s Find the "authority-metrics" Any
2026-09-10T10:20:24.7044710Z     t =   174.59s Find the "authority-metrics" Any
2026-09-10T10:20:24.7895780Z     t =   174.67s Find the "authority-metrics" Any
2026-09-10T10:20:25.0402050Z     t =   174.93s Find the "authority-metrics" Any
2026-09-10T10:20:25.1367960Z     t =   175.02s Find the "authority-metrics" Any
2026-09-10T10:20:25.4122650Z     t =   175.28s Find the "authority-metrics" Any
2026-09-10T10:20:25.6248660Z     t =   175.51s Find the "authority-metrics" Any
2026-09-10T10:20:25.8446730Z     t =   175.72s Find the "authority-metrics" Any
2026-09-10T10:20:25.9206780Z     t =   175.80s Find the "godot-surface" Any
2026-09-10T10:20:26.0112510Z     t =   175.90s Find the "godot-surface" Other
2026-09-10T10:20:26.0955080Z     t =   175.97s Find the "godot-surface" Other
2026-09-10T10:20:26.1925600Z     t =   176.07s Find the Target Application 'dev.partydeck.godot.iosauthority'
2026-09-10T10:20:26.2037260Z     t =   176.08s Find the "godot-surface" Other
2026-09-10T10:20:26.2936740Z     t =   176.17s Added attachment named 'Observed control before input: next_round'
2026-09-10T10:20:26.3040000Z     t =   176.17s Added attachment named 'Measured scroll gesture: next_round'
2026-09-10T10:20:26.3147010Z     t =   176.17s Press "godot-surface" Any[0.50, 0.85] for 0.1 seconds, then drag to "godot-surface" Any[0.50, 0.72] with velocity of 86.00 pixels per second, and then hold for 0.3 seconds 
2026-09-10T10:20:26.3256210Z     t =   176.17s     Wait for dev.partydeck.godot.iosauthority to idle
2026-09-10T10:20:26.3364000Z     t =   176.18s     Find the "godot-surface" Any
2026-09-10T10:20:26.3596790Z     t =   176.24s     Check for interrupting elements affecting "godot-surface" Other
2026-09-10T10:20:26.4280290Z     t =   176.31s     Synthesize event
2026-09-10T10:20:26.4391410Z     t =   176.32s         Find the "godot-surface" Other
2026-09-10T10:20:26.5046530Z     t =   176.39s         Find the "godot-surface" Other
2026-09-10T10:20:26.5811380Z     t =   176.45s         Find the "godot-surface" Other
2026-09-10T10:20:26.6416100Z     t =   176.52s         Find the "godot-surface" Other
2026-09-10T10:20:26.7189200Z     t =   176.60s         Find the "godot-surface" Other
2026-09-10T10:20:28.4993620Z     t =   178.39s     Wait for dev.partydeck.godot.iosauthority to idle
2026-09-10T10:20:28.5291650Z     t =   178.39s Find the "authority-metrics" Any
2026-09-10T10:20:28.6114800Z     t =   178.50s Find the "authority-metrics" Any
2026-09-10T10:20:28.8422530Z     t =   178.73s Find the "authority-metrics" Any
2026-09-10T10:20:29.0923560Z     t =   178.98s Find the "authority-metrics" Any
2026-09-10T10:20:29.2094170Z     t =   179.10s Find the "godot-surface" Any
2026-09-10T10:20:29.3055710Z     t =   179.17s Find the "godot-surface" Other
2026-09-10T10:20:29.3711490Z     t =   179.25s Find the "godot-surface" Other
2026-09-10T10:20:29.4499150Z     t =   179.33s Find the Target Application 'dev.partydeck.godot.iosauthority'
2026-09-10T10:20:29.4752380Z     t =   179.35s Find the "godot-surface" Other
2026-09-10T10:20:29.5659040Z     t =   179.45s Added attachment named 'Observed control before input: next_round'
2026-09-10T10:20:29.5770280Z     t =   179.45s Find the "authority-metrics" Any
2026-09-10T10:20:29.6703270Z     t =   179.53s Added attachment named 'Actual native touch geometry: next_round'
2026-09-10T10:20:29.6817390Z     t =   179.53s Tap "godot-surface" Any[0.49, 0.92]
2026-09-10T10:20:29.7038610Z     t =   179.53s     Wait for dev.partydeck.godot.iosauthority to idle
2026-09-10T10:20:29.7155440Z     t =   179.55s     Find the "godot-surface" Any
2026-09-10T10:20:29.7566470Z     t =   179.63s     Check for interrupting elements affecting "godot-surface" Other
2026-09-10T10:20:29.8308990Z     t =   179.71s     Synthesize event
2026-09-10T10:20:29.8416040Z     t =   179.72s         Find the "godot-surface" Other
2026-09-10T10:20:29.9115260Z     t =   179.78s         Find the "godot-surface" Other
2026-09-10T10:20:29.9720370Z     t =   179.85s         Find the "godot-surface" Other
2026-09-10T10:20:30.3963050Z     t =   180.25s     Wait for dev.partydeck.godot.iosauthority to idle
2026-09-10T10:20:30.3977540Z     t =   180.27s Find the "authority-metrics" Any
2026-09-10T10:20:30.5863280Z     t =   180.47s Find the "authority-metrics" Any
2026-09-10T10:20:30.7996160Z     t =   180.68s Find the "authority-metrics" Any
2026-09-10T10:20:30.8440630Z     t =   180.74s Find the "authority-metrics" Any
2026-09-10T10:20:30.8908080Z     t =   180.78s Find the "authority-metrics" Any
2026-09-10T10:20:31.1047430Z     t =   181.00s Find the "authority-metrics" Any
2026-09-10T10:20:31.3587770Z     t =   181.22s Find the "authority-metrics" Any
2026-09-10T10:20:31.8897100Z     t =   181.77s Find the "authority-metrics" Any
2026-09-10T10:20:32.0223250Z     t =   181.90s Find the "godot-surface" Any
2026-09-10T10:20:32.1283230Z     t =   182.01s Find the "godot-surface" Other
2026-09-10T10:20:32.3454100Z     t =   182.16s Find the "godot-surface" Other
2026-09-10T10:20:33.1042370Z     t =   182.98s Find the Target Application 'dev.partydeck.godot.iosauthority'
2026-09-10T10:20:33.1289550Z     t =   183.00s Find the "godot-surface" Other
2026-09-10T10:20:33.2835680Z     t =   183.16s Added attachment named 'Observed control before input: next_round'
2026-09-10T10:20:33.3134320Z     t =   183.16s Find the "authority-metrics" Any
2026-09-10T10:20:33.4810780Z     t =   183.35s Added attachment named 'Actual native touch geometry: next_round'
2026-09-10T10:20:33.4824330Z     t =   183.35s Tap "godot-surface" Any[0.49, 0.85]
2026-09-10T10:20:33.4825400Z     t =   183.35s     Wait for dev.partydeck.godot.iosauthority to idle
2026-09-10T10:20:33.4826090Z     t =   183.36s     Find the "godot-surface" Any
2026-09-10T10:20:33.5546100Z     t =   183.44s     Check for interrupting elements affecting "godot-surface" Other
2026-09-10T10:20:33.5980060Z     t =   183.48s     Synthesize event
2026-09-10T10:20:33.6134910Z     t =   183.49s         Find the "godot-surface" Other
2026-09-10T10:20:33.6873650Z     t =   183.57s         Find the "godot-surface" Other
2026-09-10T10:20:33.7459950Z     t =   183.62s         Find the "godot-surface" Other
2026-09-10T10:20:34.6710500Z     t =   184.10s     Wait for dev.partydeck.godot.iosauthority to idle
2026-09-10T10:20:34.6833060Z     t =   184.25s Find the "authority-metrics" Any
2026-09-10T10:20:34.7908360Z     t =   184.68s Find the "authority-metrics" Any
2026-09-10T10:20:34.9526560Z     t =   184.84s Find the "authority-metrics" Any
2026-09-10T10:20:35.2410510Z     t =   185.09s Find the "authority-metrics" Any
2026-09-10T10:20:35.3101650Z     t =   185.19s Find the "godot-surface" Any
2026-09-10T10:20:35.5125710Z     t =   185.34s Find the "godot-surface" Other
2026-09-10T10:20:35.6566720Z     t =   185.49s Find the "godot-surface" Other
2026-09-10T10:20:35.7928840Z     t =   185.61s Find the Target Application 'dev.partydeck.godot.iosauthority'
2026-09-10T10:20:35.8037560Z     t =   185.69s Find the "godot-surface" Other
2026-09-10T10:20:36.1045540Z     t =   185.89s Added attachment named 'Observed control before input: next_round'
2026-09-10T10:20:36.1150220Z     t =   185.89s Find the "authority-metrics" Any
2026-09-10T10:20:36.3103600Z     t =   186.16s Added attachment named 'Actual native touch geometry: next_round'
2026-09-10T10:20:36.3207440Z     t =   186.16s Tap "godot-surface" Any[0.49, 0.85]
2026-09-10T10:20:36.4050560Z     t =   186.16s     Wait for dev.partydeck.godot.iosauthority to idle
2026-09-10T10:20:36.4051500Z     t =   186.17s     Find the "godot-surface" Any
2026-09-10T10:20:36.4052540Z     t =   186.27s     Check for interrupting elements affecting "godot-surface" Other
2026-09-10T10:20:36.5056640Z     t =   186.38s     Synthesize event
2026-09-10T10:20:36.5168010Z     t =   186.39s         Find the "godot-surface" Other
2026-09-10T10:20:36.6242800Z     t =   186.45s         Find the "godot-surface" Other
2026-09-10T10:20:36.6555260Z     t =   186.55s         Find the "godot-surface" Other
2026-09-10T10:20:36.9808450Z     t =   186.87s     Wait for dev.partydeck.godot.iosauthority to idle
2026-09-10T10:20:37.0629520Z     t =   186.94s Find the "authority-metrics" Any
2026-09-10T10:20:37.4132990Z     t =   187.30s Find the "authority-metrics" Any
2026-09-10T10:20:37.6295930Z     t =   187.52s Find the "authority-metrics" Any
2026-09-10T10:20:37.6873030Z     t =   187.58s Find the "authority-metrics" Any
2026-09-10T10:20:37.7355610Z     t =   187.62s Find the "authority-metrics" Any
2026-09-10T10:20:38.1951010Z     t =   187.83s Find the "authority-metrics" Any
2026-09-10T10:20:38.3871230Z     t =   188.27s Find the "godot-surface" Any
2026-09-10T10:20:38.6751300Z     t =   188.56s Find the "godot-surface" Other
2026-09-10T10:20:38.7082470Z     t =   188.59s Find the "godot-surface" Other
2026-09-10T10:20:38.7701810Z     t =   188.65s Find the Target Application 'dev.partydeck.godot.iosauthority'
2026-09-10T10:20:38.7811430Z     t =   188.67s Find the "godot-surface" Other
2026-09-10T10:20:38.8580660Z     t =   188.74s Added attachment named 'Observed control before input: next_round'
2026-09-10T10:20:38.8686630Z     t =   188.74s Find the "authority-metrics" Any
2026-09-10T10:20:38.9709640Z     t =   188.79s Added attachment named 'Actual native touch geometry: next_round'
2026-09-10T10:20:38.9713000Z     t =   188.79s Tap "godot-surface" Any[0.49, 0.85]
2026-09-10T10:20:38.9734370Z     t =   188.79s     Wait for dev.partydeck.godot.iosauthority to idle
2026-09-10T10:20:38.9734790Z     t =   188.79s     Find the "godot-surface" Any
2026-09-10T10:20:38.9738610Z     t =   188.86s     Check for interrupting elements affecting "godot-surface" Other
2026-09-10T10:20:39.0059690Z     t =   188.90s     Synthesize event
2026-09-10T10:20:39.0143650Z     t =   188.90s         Find the "godot-surface" Other
2026-09-10T10:20:39.0602680Z     t =   188.95s         Find the "godot-surface" Other
2026-09-10T10:20:39.0930210Z     t =   188.99s         Find the "godot-surface" Other
2026-09-10T10:20:39.4227790Z     t =   189.31s     Wait for dev.partydeck.godot.iosauthority to idle
2026-09-10T10:20:39.4318080Z     t =   189.31s Find the "authority-metrics" Any
2026-09-10T10:20:39.4669070Z     t =   189.35s Find the "authority-metrics" Any
2026-09-10T10:20:39.6537300Z     t =   189.55s Find the "authority-metrics" Any
2026-09-10T10:20:39.8514060Z     t =   189.74s Find the "authority-metrics" Any
2026-09-10T10:20:40.0470530Z     t =   189.94s Find the "authority-metrics" Any
2026-09-10T10:20:40.2502120Z     t =   190.14s Find the "authority-metrics" Any
2026-09-10T10:20:40.4768910Z     t =   190.34s Find the "authority-metrics" Any
2026-09-10T10:20:40.5020580Z     t =   190.39s Find the "authority-metrics" Any
2026-09-10T10:20:40.7087860Z     t =   190.59s Find the "authority-metrics" Any
2026-09-10T10:20:40.9233940Z     t =   190.80s Find the "authority-metrics" Any
2026-09-10T10:20:41.1282170Z     t =   191.01s Find the "authority-metrics" Any
2026-09-10T10:20:41.1596200Z     t =   191.05s Find the "godot-surface" Any
2026-09-10T10:20:41.2229190Z     t =   191.10s Find the "godot-surface" Other
2026-09-10T10:20:41.2624440Z     t =   191.15s Find the "godot-surface" Other
2026-09-10T10:20:41.3197530Z     t =   191.19s Find the Target Application 'dev.partydeck.godot.iosauthority'
2026-09-10T10:20:41.3398470Z     t =   191.23s Find the "godot-surface" Other
2026-09-10T10:20:41.3919670Z     t =   191.28s Added attachment named 'Observed control before input: next_round'
2026-09-10T10:20:41.3920870Z     t =   191.28s Find the "authority-metrics" Any
2026-09-10T10:20:41.4542150Z     t =   191.34s Added attachment named 'Actual native touch geometry: next_round'
2026-09-10T10:20:41.4608250Z     t =   191.35s Tap "godot-surface" Any[0.49, 0.81]
2026-09-10T10:20:41.4609300Z     t =   191.35s     Wait for dev.partydeck.godot.iosauthority to idle
2026-09-10T10:20:41.4614720Z     t =   191.35s     Find the "godot-surface" Any
2026-09-10T10:20:41.4994070Z     t =   191.39s     Check for interrupting elements affecting "godot-surface" Other
2026-09-10T10:20:41.5615290Z     t =   191.44s     Synthesize event
2026-09-10T10:20:41.5620380Z     t =   191.45s         Find the "godot-surface" Other
2026-09-10T10:20:41.5903670Z     t =   191.48s         Find the "godot-surface" Other
2026-09-10T10:20:41.6590660Z     t =   191.54s         Find the "godot-surface" Other
2026-09-10T10:20:41.9899870Z     t =   191.87s     Wait for dev.partydeck.godot.iosauthority to idle
2026-09-10T10:20:42.0286380Z     t =   191.92s Find the "authority-metrics" Any
2026-09-10T10:20:42.2571720Z     t =   192.12s Find the "authority-metrics" Any
2026-09-10T10:20:42.2919390Z     t =   192.18s Find the "authority-metrics" Any
2026-09-10T10:20:42.3329640Z     t =   192.22s Find the "authority-metrics" Any
2026-09-10T10:20:42.5568520Z     t =   192.45s Find the "authority-metrics" Any
2026-09-10T10:20:42.7937730Z     t =   192.67s Find the "authority-metrics" Any
2026-09-10T10:20:42.9852390Z     t =   192.87s Find the "authority-metrics" Any
2026-09-10T10:20:43.0263660Z     t =   192.92s Find the "authority-metrics" Any
2026-09-10T10:20:43.2198430Z     t =   193.11s Find the "authority-metrics" Any
2026-09-10T10:20:43.4172690Z     t =   193.31s Find the "authority-metrics" Any
2026-09-10T10:20:43.6263780Z     t =   193.51s Find the "authority-metrics" Any
2026-09-10T10:20:43.9295620Z     t =   193.81s Find the "godot-surface" Any
2026-09-10T10:20:44.0999280Z     t =   193.99s Find the "godot-surface" Other
2026-09-10T10:20:44.1579590Z     t =   194.05s Find the "godot-surface" Other
2026-09-10T10:20:44.2442290Z     t =   194.11s Find the Target Application 'dev.partydeck.godot.iosauthority'
2026-09-10T10:20:44.2516300Z     t =   194.13s Find the "godot-surface" Other
2026-09-10T10:20:44.2865660Z     t =   194.18s Added attachment named 'Observed control before input: next_round'
2026-09-10T10:20:44.2896760Z     t =   194.18s Find the "authority-metrics" Any
2026-09-10T10:20:44.3356580Z     t =   194.21s Added attachment named 'Actual native touch geometry: next_round'
2026-09-10T10:20:44.3389390Z     t =   194.21s Tap "godot-surface" Any[0.49, 0.81]
2026-09-10T10:20:44.3391320Z     t =   194.21s     Wait for dev.partydeck.godot.iosauthority to idle
2026-09-10T10:20:44.3399820Z     t =   194.21s     Find the "godot-surface" Any
2026-09-10T10:20:44.3834940Z     t =   194.27s     Check for interrupting elements affecting "godot-surface" Other
2026-09-10T10:20:44.4173000Z     t =   194.30s     Synthesize event
2026-09-10T10:20:44.4228330Z     t =   194.31s         Find the "godot-surface" Other
2026-09-10T10:20:44.4801080Z     t =   194.37s         Find the "godot-surface" Other
2026-09-10T10:20:44.5499140Z     t =   194.42s         Find the "godot-surface" Other
2026-09-10T10:20:44.9198710Z     t =   194.78s     Wait for dev.partydeck.godot.iosauthority to idle
2026-09-10T10:20:44.9289670Z     t =   194.80s Find the "authority-metrics" Any
2026-09-10T10:20:45.1283460Z     t =   195.01s Find the "authority-metrics" Any
2026-09-10T10:20:45.3288630Z     t =   195.21s Find the "authority-metrics" Any
2026-09-10T10:20:45.3688770Z     t =   195.26s Find the "authority-metrics" Any
2026-09-10T10:20:45.4141430Z     t =   195.30s Find the "authority-metrics" Any
2026-09-10T10:20:45.6152390Z     t =   195.51s Find the "authority-metrics" Any
2026-09-10T10:20:45.8351140Z     t =   195.73s Find the "authority-metrics" Any
2026-09-10T10:20:46.0723240Z     t =   195.95s Find the "authority-metrics" Any
2026-09-10T10:20:46.1023490Z     t =   195.99s Find the "godot-surface" Any
2026-09-10T10:20:46.1583710Z     t =   196.04s Find the "godot-surface" Other
2026-09-10T10:20:46.2071540Z     t =   196.10s Find the "godot-surface" Other
2026-09-10T10:20:46.2460430Z     t =   196.14s Find the Target Application 'dev.partydeck.godot.iosauthority'
2026-09-10T10:20:46.2626600Z     t =   196.15s Find the "godot-surface" Other
2026-09-10T10:20:46.3115120Z     t =   196.20s Added attachment named 'Observed control before input: next_round'
2026-09-10T10:20:46.3164170Z     t =   196.21s Find the "authority-metrics" Any
2026-09-10T10:20:46.3804470Z     t =   196.25s Added attachment named 'Actual native touch geometry: next_round'
2026-09-10T10:20:46.3839940Z     t =   196.25s Tap "godot-surface" Any[0.49, 0.81]
2026-09-10T10:20:46.3862540Z     t =   196.25s     Wait for dev.partydeck.godot.iosauthority to idle
2026-09-10T10:20:46.3870890Z     t =   196.25s     Find the "godot-surface" Any
2026-09-10T10:20:46.4337550Z     t =   196.31s     Check for interrupting elements affecting "godot-surface" Other
2026-09-10T10:20:46.4781220Z     t =   196.36s     Synthesize event
2026-09-10T10:20:46.4859210Z     t =   196.37s         Find the "godot-surface" Other
2026-09-10T10:20:46.5223260Z     t =   196.41s         Find the "godot-surface" Other
2026-09-10T10:20:46.6015520Z     t =   196.49s         Find the "godot-surface" Other
2026-09-10T10:20:46.9926770Z     t =   196.85s     Wait for dev.partydeck.godot.iosauthority to idle
2026-09-10T10:20:47.0022770Z     t =   196.88s Find the "authority-metrics" Any
2026-09-10T10:20:47.2124910Z     t =   197.09s Find the "authority-metrics" Any
2026-09-10T10:20:47.2817710Z     t =   197.17s Find the "authority-metrics" Any
2026-09-10T10:20:47.3576480Z     t =   197.25s Find the "authority-metrics" Any
2026-09-10T10:20:47.5869120Z     t =   197.46s Find the "authority-metrics" Any
2026-09-10T10:20:47.8089700Z     t =   197.70s Find the "authority-metrics" Any
2026-09-10T10:20:48.0093700Z     t =   197.89s Find the "authority-metrics" Any
2026-09-10T10:20:48.0781250Z     t =   197.96s Find the "authority-metrics" Any
2026-09-10T10:20:48.3244180Z     t =   198.17s Find the "authority-metrics" Any
2026-09-10T10:20:48.5676370Z     t =   198.43s Find the "authority-metrics" Any
2026-09-10T10:20:48.8666810Z     t =   198.75s Find the "authority-metrics" Any
2026-09-10T10:20:48.8976680Z     t =   198.79s Find the "godot-surface" Any
2026-09-10T10:20:48.9490170Z     t =   198.84s Find the "godot-surface" Other
2026-09-10T10:20:48.9807870Z     t =   198.87s Find the "godot-surface" Other
2026-09-10T10:20:49.0246090Z     t =   198.91s Find the Target Application 'dev.partydeck.godot.iosauthority'
2026-09-10T10:20:49.0348460Z     t =   198.93s Find the "godot-surface" Other
2026-09-10T10:20:49.0768870Z     t =   198.96s Added attachment named 'Observed control before input: next_round'
2026-09-10T10:20:49.0769540Z     t =   198.96s Find the "authority-metrics" Any
2026-09-10T10:20:49.0970880Z     t =   198.99s Added attachment named 'Actual native touch geometry: next_round'
2026-09-10T10:20:49.1074090Z     t =   198.99s Tap "godot-surface" Any[0.49, 0.92]
2026-09-10T10:20:49.1126610Z     t =   198.99s     Wait for dev.partydeck.godot.iosauthority to idle
2026-09-10T10:20:49.1127700Z     t =   198.99s     Find the "godot-surface" Any
2026-09-10T10:20:49.1338740Z     t =   199.02s     Check for interrupting elements affecting "godot-surface" Other
2026-09-10T10:20:49.1752340Z     t =   199.06s     Synthesize event
2026-09-10T10:20:49.1852760Z     t =   199.06s         Find the "godot-surface" Other
2026-09-10T10:20:49.2062680Z     t =   199.10s         Find the "godot-surface" Other
2026-09-10T10:20:49.2362990Z     t =   199.13s         Find the "godot-surface" Other
2026-09-10T10:20:49.5703480Z     t =   199.46s     Wait for dev.partydeck.godot.iosauthority to idle
2026-09-10T10:20:49.6279700Z     t =   199.48s Find the "authority-metrics" Any
2026-09-10T10:20:50.0137450Z     t =   199.82s Find the "authority-metrics" Any
2026-09-10T10:20:50.0547190Z     t =   199.94s Find the "authority-metrics" Any
2026-09-10T10:20:50.0858610Z     t =   199.97s Find the "authority-metrics" Any
2026-09-10T10:20:50.2847530Z     t =   200.18s Find the "authority-metrics" Any
2026-09-10T10:20:50.3383220Z     t =   200.23s Find the "authority-metrics" Any
2026-09-10T10:20:50.5401420Z     t =   200.43s Find the "authority-metrics" Any
2026-09-10T10:20:50.8334070Z     t =   200.64s Find the "authority-metrics" Any
2026-09-10T10:20:51.1729300Z     t =   201.05s Find the "authority-metrics" Any
2026-09-10T10:20:51.2430700Z     t =   201.13s Find the "godot-surface" Any
2026-09-10T10:20:51.3207660Z     t =   201.21s Find the "godot-surface" Other
2026-09-10T10:20:51.3553410Z     t =   201.25s Find the "godot-surface" Other
2026-09-10T10:20:51.4322600Z     t =   201.32s Find the Target Application 'dev.partydeck.godot.iosauthority'
2026-09-10T10:20:51.4511080Z     t =   201.34s Find the "godot-surface" Other
2026-09-10T10:20:51.5268290Z     t =   201.39s Added attachment named 'Observed control before input: next_round'
2026-09-10T10:20:51.5378340Z     t =   201.39s Find the "authority-metrics" Any
2026-09-10T10:20:51.5697950Z     t =   201.46s Added attachment named 'Actual native touch geometry: next_round'
2026-09-10T10:20:51.5802280Z     t =   201.46s Tap "godot-surface" Any[0.49, 0.81]
2026-09-10T10:20:51.5905630Z     t =   201.46s     Wait for dev.partydeck.godot.iosauthority to idle
2026-09-10T10:20:51.5976140Z     t =   201.46s     Find the "godot-surface" Any
2026-09-10T10:20:51.6135640Z     t =   201.49s     Check for interrupting elements affecting "godot-surface" Other
2026-09-10T10:20:51.6585410Z     t =   201.54s     Synthesize event
2026-09-10T10:20:51.6697990Z     t =   201.54s         Find the "godot-surface" Other
2026-09-10T10:20:51.6912100Z     t =   201.58s         Find the "godot-surface" Other
2026-09-10T10:20:51.7415850Z     t =   201.63s         Find the "godot-surface" Other
2026-09-10T10:20:52.0718990Z     t =   201.96s     Wait for dev.partydeck.godot.iosauthority to idle
2026-09-10T10:20:52.1556570Z     t =   202.04s Find the "authority-metrics" Any
2026-09-10T10:20:52.4122620Z     t =   202.27s Find the "authority-metrics" Any
2026-09-10T10:20:52.6481160Z     t =   202.51s Find the "authority-metrics" Any
2026-09-10T10:20:53.6049200Z /Users/runner/work/PartyDeck/PartyDeck/godot/ios-host/AuthorityHostUITests/AuthorityHostUITests.swift:78: error: -[AuthorityHostUITests.AuthorityHostUITests testReferenceMatchIn2DAt200Percent] : XCTAssertEqual failed: ("Optional("42")") is not equal to ("Optional("41")")
2026-09-10T10:20:53.6061880Z     t =   203.48s Find the Target Application 'dev.partydeck.godot.iosauthority'
2026-09-10T10:20:53.8496660Z     t =   203.73s Added attachment named '07 real winner 2d text 2'
2026-09-10T10:20:53.8497860Z     t =   203.73s Find the "authority-metrics" Any
2026-09-10T10:20:53.8888570Z     t =   203.78s Added attachment named '07 real winner 2d text 2 measurements'
2026-09-10T10:20:53.8921230Z     t =   203.78s Find the "authority-metrics" Any
2026-09-10T10:20:53.9333870Z     t =   203.82s Find the "authority-metrics" Any
2026-09-10T10:20:53.9718930Z     t =   203.86s Tear Down
2026-09-10T10:20:54.1524110Z     t =   204.02s     Find the "authority-metrics" Any
2026-09-10T10:20:54.4537200Z Test Case '-[AuthorityHostUITests.AuthorityHostUITests testReferenceMatchIn2DAt200Percent]' failed (204.343 seconds).
2026-09-10T10:20:54.4539790Z 2026-09-10 10:20:54.450894+0000 AuthorityHostUITests-Runner[14135:46179] [Default] Flushing outgoing messages to the IDE with timeout 600.00s
2026-09-10T10:20:54.4542410Z 2026-09-10 10:20:54.452848+0000 AuthorityHostUITests-Runner[14135:57250] [Default] Received confirmation that IDE processed remaining outgoing messages
2026-09-10T10:20:58.8724390Z 2026-09-10 10:20:58.815950+0000 AuthorityHostUITests-Runner[20091:62133] [Default] Running tests...
2026-09-10T10:21:00.1573430Z     t =      nans Interface orientation changed to Portrait
2026-09-10T10:21:01.9944190Z 
2026-09-10T10:21:02.0007360Z Restarting after unexpected exit, crash, or test timeout; summary will include totals from previous launches.
2026-09-10T10:21:02.0025890Z 
2026-09-10T10:21:02.0825570Z Test Suite 'Selected tests' started at 2026-09-10 10:21:02.071.
2026-09-10T10:21:02.0826640Z Test Suite 'AuthorityHostUITests.xctest' started at 2026-09-10 10:21:02.072.
2026-09-10T10:21:02.0827330Z Test Suite 'AuthorityHostUITests' started at 2026-09-10 10:21:02.079.
2026-09-10T10:21:02.1133290Z Test Case '-[AuthorityHostUITests.AuthorityHostUITests testReferenceMatchIn2D]' started.
2026-09-10T10:21:02.1157670Z     t =     0.01s Start Test at 2026-09-10 10:21:02.086
2026-09-10T10:21:02.2448730Z     t =     0.15s Set Up
2026-09-10T10:21:02.2466150Z     t =     0.16s Open dev.partydeck.godot.iosauthority
2026-09-10T10:21:02.2475300Z     t =     0.16s     Launch dev.partydeck.godot.iosauthority
2026-09-10T10:21:02.2783710Z 2026-09-10 10:21:02.269 xcodebuild[10326:35899] [MT] IDELaunchParametersSnapshot: The operation couldn’t be completed. (DebuggerLLDB.DebuggerVersionStore.StoreError error 0.)
2026-09-10T10:21:02.2947960Z 2026-09-10 10:21:02.269 xcodebuild[10326:35899] [MT] IDELaunchParametersSnapshot: no debugger version
2026-09-10T10:21:03.1197960Z objc[20091]: Class UIAccessibilityLoaderWebShared is implemented in both /Library/Developer/CoreSimulator/Volumes/iOS_23E254a/Library/Developer/CoreSimulator/Profiles/Runtimes/iOS 26.4.simruntime/Contents/Resources/RuntimeRoot/System/Library/AccessibilityBundles/WebCore.axbundle/WebCore (0x102e84310) and /Library/Developer/CoreSimulator/Volumes/iOS_23E254a/Library/Developer/CoreSimulator/Profiles/Runtimes/iOS 26.4.simruntime/Contents/Resources/RuntimeRoot/System/Library/AccessibilityBundles/WebKit.axbundle/WebKit (0x106db4398). This may cause spurious casting failures and mysterious crashes. One of the duplicates must be removed or renamed.
2026-09-10T10:21:03.3750620Z     t =     1.28s         Setting up automation session
2026-09-10T10:21:05.6902330Z     t =     3.48s         Wait for dev.partydeck.godot.iosauthority to idle
2026-09-10T10:21:07.3757490Z     t =     5.30s Waiting 15.0s for "start-2d" Any to exist
2026-09-10T10:21:08.4254880Z     t =     6.33s     Checking `Expect predicate `existsNoRetry == 1` for object "start-2d" Any`
2026-09-10T10:21:08.4257160Z     t =     6.33s         Checking existence of `"start-2d" Any`
2026-09-10T10:21:08.5760560Z     t =     6.49s Tap "start-2d" Any
2026-09-10T10:21:08.6036770Z     t =     6.49s     Wait for dev.partydeck.godot.iosauthority to idle
2026-09-10T10:21:08.6214250Z     t =     6.49s     Find the "start-2d" Any
2026-09-10T10:21:08.6575240Z     t =     6.58s     Check for interrupting elements affecting "start-2d" Button
2026-09-10T10:21:08.7374080Z     t =     6.66s     Synthesize event
2026-09-10T10:21:09.0512340Z     t =     6.97s     Wait for dev.partydeck.godot.iosauthority to idle
2026-09-10T10:21:10.4373340Z     t =     8.30s Find the "authority-metrics" Any
2026-09-10T10:21:14.2296090Z     t =    11.97s Find the "authority-metrics" Any
2026-09-10T10:21:14.8204270Z     t =    12.72s Find the "godot-surface" Any
2026-09-10T10:21:15.0260280Z     t =    12.94s Find the "godot-surface" Other
2026-09-10T10:21:15.3291630Z     t =    13.21s Find the "godot-surface" Other
2026-09-10T10:21:15.5793690Z     t =    13.46s Find the Target Application 'dev.partydeck.godot.iosauthority'
2026-09-10T10:21:15.7065010Z     t =    13.58s Find the "godot-surface" Other
2026-09-10T10:21:16.1355000Z     t =    14.03s Find the "authority-metrics" Any
2026-09-10T10:21:16.2247360Z     t =    14.14s Find the Target Application 'dev.partydeck.godot.iosauthority'
2026-09-10T10:21:16.4241010Z     t =    14.34s Added attachment named '01 concealed 2d text 1'
2026-09-10T10:21:16.4277710Z     t =    14.34s Find the "authority-metrics" Any
2026-09-10T10:21:16.5157450Z     t =    14.39s Added attachment named '01 concealed 2d text 1 measurements'
2026-09-10T10:21:16.5255730Z     t =    14.39s Find the "authority-metrics" Any
2026-09-10T10:21:16.5612610Z     t =    14.48s Find the "authority-metrics" Any
2026-09-10T10:21:16.8004320Z     t =    14.72s Find the "authority-metrics" Any
2026-09-10T10:21:17.0098600Z     t =    14.92s Find the "authority-metrics" Any
2026-09-10T10:21:17.0650580Z     t =    14.98s Find the "godot-surface" Any
2026-09-10T10:21:17.1591890Z     t =    15.07s Find the "godot-surface" Other
2026-09-10T10:21:17.2521640Z     t =    15.17s Find the "godot-surface" Other
2026-09-10T10:21:17.3212920Z     t =    15.23s Find the Target Application 'dev.partydeck.godot.iosauthority'
2026-09-10T10:21:17.3513750Z     t =    15.26s Find the "godot-surface" Other
2026-09-10T10:21:17.4037730Z     t =    15.32s Added attachment named 'Observed control before input: reveal'
2026-09-10T10:21:17.4048470Z     t =    15.32s Added attachment named 'Measured scroll gesture: reveal'
2026-09-10T10:21:17.4158050Z     t =    15.33s Press "godot-surface" Any[0.50, 0.67] for 0.1 seconds, then drag to "godot-surface" Any[0.50, 0.61] with velocity of 60.00 pixels per second, and then hold for 0.3 seconds 
2026-09-10T10:21:17.4218570Z     t =    15.33s     Wait for dev.partydeck.godot.iosauthority to idle
2026-09-10T10:21:17.4226950Z     t =    15.33s     Find the "godot-surface" Any
2026-09-10T10:21:17.4995140Z     t =    15.41s     Check for interrupting elements affecting "godot-surface" Other
2026-09-10T10:21:17.5457020Z     t =    15.46s     Synthesize event
2026-09-10T10:21:17.5562780Z     t =    15.46s         Find the "godot-surface" Other
2026-09-10T10:21:17.6187260Z     t =    15.53s         Find the "godot-surface" Other
2026-09-10T10:21:17.6838260Z     t =    15.58s         Find the "godot-surface" Other
2026-09-10T10:21:17.7351580Z     t =    15.65s         Find the "godot-surface" Other
2026-09-10T10:21:17.8517540Z     t =    15.77s         Find the "godot-surface" Other
2026-09-10T10:21:19.2958040Z     t =    17.20s     Wait for dev.partydeck.godot.iosauthority to idle
2026-09-10T10:21:19.3066430Z     t =    17.20s Find the "authority-metrics" Any
2026-09-10T10:21:19.3935210Z     t =    17.30s Find the "authority-metrics" Any
2026-09-10T10:21:19.6350360Z     t =    17.55s Find the "authority-metrics" Any
2026-09-10T10:21:19.8703810Z     t =    17.78s Find the "authority-metrics" Any
2026-09-10T10:21:19.9620230Z     t =    17.88s Find the "godot-surface" Any
2026-09-10T10:21:20.0728060Z     t =    17.98s Find the "godot-surface" Other
2026-09-10T10:21:20.1496360Z     t =    18.06s Find the "godot-surface" Other
2026-09-10T10:21:20.1883940Z     t =    18.10s Find the Target Application 'dev.partydeck.godot.iosauthority'
2026-09-10T10:21:20.2040490Z     t =    18.12s Find the "godot-surface" Other
2026-09-10T10:21:20.2979020Z     t =    18.20s Added attachment named 'Observed control before input: reveal'
2026-09-10T10:21:20.3084380Z     t =    18.20s Find the "authority-metrics" Any
2026-09-10T10:21:20.3851490Z     t =    18.29s Added attachment named 'Actual native touch geometry: reveal'
2026-09-10T10:21:20.3961020Z     t =    18.29s Tap "godot-surface" Any[0.49, 0.74]
2026-09-10T10:21:20.4076560Z     t =    18.29s     Wait for dev.partydeck.godot.iosauthority to idle
2026-09-10T10:21:20.4179050Z     t =    18.30s     Find the "godot-surface" Any
2026-09-10T10:21:20.4779190Z     t =    18.35s     Check for interrupting elements affecting "godot-surface" Other
2026-09-10T10:21:20.5128720Z     t =    18.42s     Synthesize event
2026-09-10T10:21:20.5231910Z     t =    18.43s         Find the "godot-surface" Other
2026-09-10T10:21:20.5980430Z     t =    18.50s         Find the "godot-surface" Other
2026-09-10T10:21:20.6787430Z     t =    18.56s         Find the "godot-surface" Other
2026-09-10T10:21:21.1150820Z     t =    19.00s     Wait for dev.partydeck.godot.iosauthority to idle
2026-09-10T10:21:21.9946440Z     t =    19.60s Find the "authority-metrics" Any
2026-09-10T10:21:22.6337490Z     t =    20.52s Find the "authority-metrics" Any
2026-09-10T10:21:22.7388490Z     t =    20.64s Find the "authority-metrics" Any
2026-09-10T10:21:22.8128200Z     t =    20.72s Find the "authority-metrics" Any
2026-09-10T10:21:23.0854450Z     t =    21.00s Find the "authority-metrics" Any
2026-09-10T10:21:23.3941930Z     t =    21.26s Find the "authority-metrics" Any
2026-09-10T10:21:23.5219420Z     t =    21.39s Find the "godot-surface" Any
2026-09-10T10:21:23.6501230Z     t =    21.52s Find the "godot-surface" Other
2026-09-10T10:21:23.7833510Z     t =    21.69s Find the "godot-surface" Other
2026-09-10T10:21:23.9174230Z     t =    21.82s Find the Target Application 'dev.partydeck.godot.iosauthority'
2026-09-10T10:21:23.9453970Z     t =    21.85s Find the "godot-surface" Other
2026-09-10T10:21:24.0844140Z     t =    21.99s Added attachment named 'Observed control before input: card'
2026-09-10T10:21:24.0942870Z     t =    21.99s Find the "authority-metrics" Any
2026-09-10T10:21:24.1891760Z     t =    22.09s Added attachment named 'Actual native touch geometry: card'
2026-09-10T10:21:24.1997510Z     t =    22.09s Tap "godot-surface" Any[0.18, 0.63]
2026-09-10T10:21:24.2103680Z     t =    22.09s     Wait for dev.partydeck.godot.iosauthority to idle
2026-09-10T10:21:24.2210130Z     t =    22.10s     Find the "godot-surface" Any
2026-09-10T10:21:24.2849140Z     t =    22.19s     Check for interrupting elements affecting "godot-surface" Other
2026-09-10T10:21:24.3846950Z     t =    22.26s     Synthesize event
2026-09-10T10:21:24.3957600Z     t =    22.27s         Find the "godot-surface" Other
2026-09-10T10:21:24.5834290Z     t =    22.49s         Find the "godot-surface" Other
2026-09-10T10:21:24.6701740Z     t =    22.58s         Find the "godot-surface" Other
2026-09-10T10:21:25.1112820Z     t =    22.97s     Wait for dev.partydeck.godot.iosauthority to idle
2026-09-10T10:21:25.1669460Z     t =    23.06s Find the "authority-metrics" Any
2026-09-10T10:21:26.0237720Z     t =    23.82s Find the "authority-metrics" Any
2026-09-10T10:21:26.3634680Z     t =    24.26s Find the Target Application 'dev.partydeck.godot.iosauthority'
2026-09-10T10:21:26.6543190Z     t =    24.51s Added attachment named '02 revealed and selected 2d text 1'
2026-09-10T10:21:26.6566790Z     t =    24.51s Find the "authority-metrics" Any
2026-09-10T10:21:27.4665130Z     t =    25.37s Added attachment named '02 revealed and selected 2d text 1 measurements'
2026-09-10T10:21:27.4784520Z     t =    25.37s Find the "authority-metrics" Any
2026-09-10T10:21:27.5872990Z     t =    25.50s Find the "authority-metrics" Any
2026-09-10T10:21:27.8069950Z     t =    25.72s Find the "authority-metrics" Any
2026-09-10T10:21:27.8744560Z     t =    25.79s Find the "godot-surface" Any
2026-09-10T10:21:27.9613120Z     t =    25.86s Find the "godot-surface" Other
2026-09-10T10:21:27.9973220Z     t =    25.91s Find the "godot-surface" Other
2026-09-10T10:21:28.0371570Z     t =    25.95s Find the Target Application 'dev.partydeck.godot.iosauthority'
2026-09-10T10:21:28.0507440Z     t =    25.96s Find the "godot-surface" Other
2026-09-10T10:21:28.1056500Z     t =    26.02s Added attachment named 'Observed control before input: hide'
2026-09-10T10:21:28.1160270Z     t =    26.03s Find the "authority-metrics" Any
2026-09-10T10:21:28.1606370Z     t =    26.07s Added attachment named 'Actual native touch geometry: hide'
2026-09-10T10:21:28.1729780Z     t =    26.07s Tap "godot-surface" Any[0.84, 0.06]
2026-09-10T10:21:28.1745520Z     t =    26.07s     Wait for dev.partydeck.godot.iosauthority to idle
2026-09-10T10:21:28.1848420Z     t =    26.08s     Find the "godot-surface" Any
2026-09-10T10:21:28.2120570Z     t =    26.13s     Check for interrupting elements affecting "godot-surface" Other
2026-09-10T10:21:28.2563580Z     t =    26.17s     Synthesize event
2026-09-10T10:21:28.2607570Z     t =    26.17s         Find the "godot-surface" Other
2026-09-10T10:21:28.3204380Z     t =    26.24s         Find the "godot-surface" Other
2026-09-10T10:21:28.3775510Z     t =    26.29s         Find the "godot-surface" Other
2026-09-10T10:21:28.7392320Z     t =    26.65s     Wait for dev.partydeck.godot.iosauthority to idle
2026-09-10T10:21:28.9030460Z     t =    26.82s Find the "authority-metrics" Any
2026-09-10T10:21:29.1119730Z     t =    27.03s Find the "authority-metrics" Any
2026-09-10T10:21:29.1631180Z     t =    27.08s Find the Target Application 'dev.partydeck.godot.iosauthority'
2026-09-10T10:21:29.3475720Z     t =    27.25s Added attachment named '03 private bindings cleared 2d text 1'
2026-09-10T10:21:29.3592800Z     t =    27.25s Find the "authority-metrics" Any
2026-09-10T10:21:29.3934310Z     t =    27.31s Added attachment named '03 private bindings cleared 2d text 1 measurements'
2026-09-10T10:21:29.3935250Z     t =    27.31s Find the "authority-metrics" Any
2026-09-10T10:21:29.4464560Z     t =    27.36s Find the "authority-metrics" Any
2026-09-10T10:21:29.6485520Z     t =    27.57s Find the "authority-metrics" Any
2026-09-10T10:21:29.7121420Z     t =    27.63s Find the "godot-surface" Any
2026-09-10T10:21:29.7698390Z     t =    27.69s Find the "godot-surface" Other
2026-09-10T10:21:29.8383350Z     t =    27.76s Find the "godot-surface" Other
2026-09-10T10:21:29.8959630Z     t =    27.81s Find the Target Application 'dev.partydeck.godot.iosauthority'
2026-09-10T10:21:29.9192140Z     t =    27.83s Find the "godot-surface" Other
2026-09-10T10:21:29.9914100Z     t =    27.90s Added attachment named 'Observed control before input: reveal'
2026-09-10T10:21:29.9922850Z     t =    27.90s Find the "authority-metrics" Any
2026-09-10T10:21:30.0522290Z     t =    27.95s Added attachment named 'Actual native touch geometry: reveal'
2026-09-10T10:21:30.0531440Z     t =    27.95s Tap "godot-surface" Any[0.49, 0.68]
2026-09-10T10:21:30.0638240Z     t =    27.95s     Wait for dev.partydeck.godot.iosauthority to idle
2026-09-10T10:21:30.0746370Z     t =    27.95s     Find the "godot-surface" Any
2026-09-10T10:21:30.1135350Z     t =    28.02s     Check for interrupting elements affecting "godot-surface" Other
2026-09-10T10:21:30.1919960Z     t =    28.10s     Synthesize event
2026-09-10T10:21:30.2021010Z     t =    28.10s         Find the "godot-surface" Other
2026-09-10T10:21:30.2399890Z     t =    28.16s         Find the "godot-surface" Other
2026-09-10T10:21:30.3259820Z     t =    28.24s         Find the "godot-surface" Other
2026-09-10T10:21:30.6737310Z     t =    28.58s     Wait for dev.partydeck.godot.iosauthority to idle
2026-09-10T10:21:30.8476640Z     t =    28.76s Find the "authority-metrics" Any
2026-09-10T10:21:31.0447040Z     t =    28.96s Find the "authority-metrics" Any
2026-09-10T10:21:31.0965910Z     t =    29.02s Find the "authority-metrics" Any
2026-09-10T10:21:31.1508150Z     t =    29.06s Find the "authority-metrics" Any
2026-09-10T10:21:31.3423660Z     t =    29.26s Find the "authority-metrics" Any
2026-09-10T10:21:31.5568280Z     t =    29.46s Find the "authority-metrics" Any
2026-09-10T10:21:31.6101480Z     t =    29.53s Find the "godot-surface" Any
2026-09-10T10:21:31.6861110Z     t =    29.59s Find the "godot-surface" Other
2026-09-10T10:21:31.7259100Z     t =    29.64s Find the "godot-surface" Other
2026-09-10T10:21:31.7566500Z     t =    29.67s Find the Target Application 'dev.partydeck.godot.iosauthority'
2026-09-10T10:21:31.7667910Z     t =    29.69s Find the "godot-surface" Other
2026-09-10T10:21:31.8198250Z     t =    29.74s Added attachment named 'Observed control before input: card'
2026-09-10T10:21:31.8210940Z     t =    29.74s Find the "authority-metrics" Any
2026-09-10T10:21:31.8572250Z     t =    29.78s Added attachment named 'Actual native touch geometry: card'
2026-09-10T10:21:31.8584300Z     t =    29.78s Tap "godot-surface" Any[0.18, 0.63]
2026-09-10T10:21:31.8596640Z     t =    29.78s     Wait for dev.partydeck.godot.iosauthority to idle
2026-09-10T10:21:31.8640040Z     t =    29.78s     Find the "godot-surface" Any
2026-09-10T10:21:31.9175230Z     t =    29.81s     Check for interrupting elements affecting "godot-surface" Other
2026-09-10T10:21:31.9445920Z     t =    29.86s     Synthesize event
2026-09-10T10:21:31.9490650Z     t =    29.87s         Find the "godot-surface" Other
2026-09-10T10:21:31.9946440Z     t =    29.91s         Find the "godot-surface" Other
2026-09-10T10:21:32.0529370Z     t =    29.97s         Find the "godot-surface" Other
2026-09-10T10:21:32.3740500Z     t =    30.28s     Wait for dev.partydeck.godot.iosauthority to idle
2026-09-10T10:21:32.5206110Z     t =    30.43s Find the "authority-metrics" Any
2026-09-10T10:21:32.7799030Z     t =    30.70s Find the "authority-metrics" Any
2026-09-10T10:21:33.0258580Z     t =    30.93s Find the "authority-metrics" Any
2026-09-10T10:21:33.1033550Z     t =    31.01s Find the "authority-metrics" Any
2026-09-10T10:21:33.1623650Z     t =    31.07s Tap "pause-table" Any
2026-09-10T10:21:33.1770630Z     t =    31.07s     Wait for dev.partydeck.godot.iosauthority to idle
2026-09-10T10:21:33.1774020Z     t =    31.07s     Find the "pause-table" Any
2026-09-10T10:21:33.2407830Z     t =    31.13s     Check for interrupting elements affecting "pause-table" Button
2026-09-10T10:21:33.2749120Z     t =    31.19s     Synthesize event
2026-09-10T10:21:33.5998570Z     t =    31.52s     Wait for dev.partydeck.godot.iosauthority to idle
2026-09-10T10:21:33.6573970Z     t =    31.57s Find the "authority-metrics" Any
2026-09-10T10:21:33.8624270Z     t =    31.78s Find the "authority-metrics" Any
2026-09-10T10:21:34.0725370Z     t =    31.99s Find the "authority-metrics" Any
2026-09-10T10:21:34.3167590Z     t =    32.23s Find the "authority-metrics" Any
2026-09-10T10:21:34.5555740Z     t =    32.47s Find the "authority-metrics" Any
2026-09-10T10:21:35.3174500Z     t =    33.19s Find the "authority-metrics" Any
2026-09-10T10:21:35.3738940Z     t =    33.28s Find the Target Application 'dev.partydeck.godot.iosauthority'
2026-09-10T10:21:35.6179340Z     t =    33.50s Added attachment named 'Native cover with paused private bindings cleared'
2026-09-10T10:21:35.6282180Z     t =    33.50s Find the "authority-metrics" Any
2026-09-10T10:21:35.6766650Z     t =    33.59s Added attachment named 'Native cover with paused private bindings cleared measurements'
2026-09-10T10:21:35.7537300Z     t =    33.59s Tap "pause-table" Any
2026-09-10T10:21:35.7700210Z     t =    33.59s     Wait for dev.partydeck.godot.iosauthority to idle
2026-09-10T10:21:35.7970700Z     t =    33.59s     Find the "pause-table" Any
2026-09-10T10:21:35.9117180Z     t =    33.82s     Check for interrupting elements affecting "pause-table" Button
2026-09-10T10:21:36.1211320Z     t =    34.01s     Synthesize event
2026-09-10T10:21:36.7143920Z     t =    34.44s     Wait for dev.partydeck.godot.iosauthority to idle
2026-09-10T10:21:36.7149830Z     t =    34.50s Find the "authority-metrics" Any
2026-09-10T10:21:36.9451990Z     t =    34.86s Find the "authority-metrics" Any
2026-09-10T10:21:37.2448870Z     t =    35.11s Find the "authority-metrics" Any
2026-09-10T10:21:37.3040230Z     t =    35.22s Find the "authority-metrics" Any
2026-09-10T10:21:37.3842650Z     t =    35.30s Find the "authority-metrics" Any
2026-09-10T10:21:37.7199610Z     t =    35.63s Find the "authority-metrics" Any
2026-09-10T10:21:37.7849980Z     t =    35.70s Find the "godot-surface" Any
2026-09-10T10:21:37.8942120Z     t =    35.80s Find the "godot-surface" Other
2026-09-10T10:21:37.9402920Z     t =    35.85s Find the "godot-surface" Other
2026-09-10T10:21:38.0627180Z     t =    35.97s Find the Target Application 'dev.partydeck.godot.iosauthority'
2026-09-10T10:21:38.1090190Z     t =    35.99s Find the "godot-surface" Other
2026-09-10T10:21:38.2228020Z     t =    36.09s Added attachment named 'Observed control before input: reveal'
2026-09-10T10:21:38.2332770Z     t =    36.10s Find the "authority-metrics" Any
2026-09-10T10:21:38.3582080Z     t =    36.25s Added attachment named 'Actual native touch geometry: reveal'
2026-09-10T10:21:38.3687330Z     t =    36.25s Tap "godot-surface" Any[0.49, 0.68]
2026-09-10T10:21:38.3789980Z     t =    36.26s     Wait for dev.partydeck.godot.iosauthority to idle
2026-09-10T10:21:38.3825460Z     t =    36.26s     Find the "godot-surface" Any
2026-09-10T10:21:38.4650390Z     t =    36.36s     Check for interrupting elements affecting "godot-surface" Other
2026-09-10T10:21:38.5868470Z     t =    36.44s     Synthesize event
2026-09-10T10:21:38.5976170Z     t =    36.49s         Find the "godot-surface" Other
2026-09-10T10:21:38.6998450Z     t =    36.61s         Find the "godot-surface" Other
2026-09-10T10:21:38.9384200Z     t =    36.80s         Find the "godot-surface" Other
2026-09-10T10:21:39.3207820Z     t =    37.21s     Wait for dev.partydeck.godot.iosauthority to idle
2026-09-10T10:21:39.4549360Z     t =    37.37s Find the "authority-metrics" Any
2026-09-10T10:21:39.5278360Z     t =    37.44s Find the "authority-metrics" Any
2026-09-10T10:21:39.5617580Z     t =    37.48s Find the "authority-metrics" Any
2026-09-10T10:21:39.7794840Z     t =    37.68s Find the "authority-metrics" Any
2026-09-10T10:21:39.9891170Z     t =    37.89s Find the "authority-metrics" Any
2026-09-10T10:21:40.1798230Z     t =    38.10s Find the "authority-metrics" Any
2026-09-10T10:21:40.2436580Z     t =    38.16s Find the "godot-surface" Any
2026-09-10T10:21:40.3089210Z     t =    38.21s Find the "godot-surface" Other
2026-09-10T10:21:40.3398600Z     t =    38.25s Find the "godot-surface" Other
2026-09-10T10:21:40.3819850Z     t =    38.29s Find the Target Application 'dev.partydeck.godot.iosauthority'
2026-09-10T10:21:40.3931060Z     t =    38.31s Find the "godot-surface" Other
2026-09-10T10:21:40.4481200Z     t =    38.36s Added attachment named 'Observed control before input: card'
2026-09-10T10:21:40.4589840Z     t =    38.36s Find the "authority-metrics" Any
2026-09-10T10:21:40.4793060Z     t =    38.39s Added attachment named 'Actual native touch geometry: card'
2026-09-10T10:21:40.4898460Z     t =    38.39s Tap "godot-surface" Any[0.18, 0.63]
2026-09-10T10:21:40.5012120Z     t =    38.39s     Wait for dev.partydeck.godot.iosauthority to idle
2026-09-10T10:21:40.5138180Z     t =    38.40s     Find the "godot-surface" Any
2026-09-10T10:21:40.5348660Z     t =    38.45s     Check for interrupting elements affecting "godot-surface" Other
2026-09-10T10:21:40.5656240Z     t =    38.48s     Synthesize event
2026-09-10T10:21:40.5687770Z     t =    38.49s         Find the "godot-surface" Other
2026-09-10T10:21:40.6188980Z     t =    38.52s         Find the "godot-surface" Other
2026-09-10T10:21:40.6629620Z     t =    38.58s         Find the "godot-surface" Other
2026-09-10T10:21:41.0012210Z     t =    38.92s     Wait for dev.partydeck.godot.iosauthority to idle
2026-09-10T10:21:41.0785190Z     t =    38.99s Find the "authority-metrics" Any
2026-09-10T10:21:41.2787190Z     t =    39.20s Find the "authority-metrics" Any
2026-09-10T10:21:41.4787550Z     t =    39.39s Find the "authority-metrics" Any
2026-09-10T10:21:41.5130030Z     t =    39.43s Find the "authority-metrics" Any
2026-09-10T10:21:41.5471610Z     t =    39.46s Pressing Home button
2026-09-10T10:21:42.1063410Z     t =    40.01s Find the Application 'com.apple.springboard'
2026-09-10T10:21:42.3997480Z     t =    40.17s Checking existence of `"Safari" Icon`
2026-09-10T10:21:42.6071390Z     t =    40.33s Find the "Safari" Icon
2026-09-10T10:21:43.4380580Z     t =    40.52s Find the "Safari" Icon
2026-09-10T10:21:43.4630150Z     t =    40.89s Find the "Safari" Icon
2026-09-10T10:21:43.5179970Z     t =    41.04s Find the "Safari" Icon
2026-09-10T10:21:43.5266700Z     t =    41.34s Checking existence of `"Messages" Icon`
2026-09-10T10:21:43.6539780Z     t =    41.46s Find the "Messages" Icon
2026-09-10T10:21:44.1438810Z     t =    41.63s Find the "Messages" Icon
2026-09-10T10:21:44.1570310Z     t =    41.76s Find the "Messages" Icon
2026-09-10T10:21:44.1678750Z     t =    41.87s Find the "Messages" Icon
2026-09-10T10:21:44.1848950Z     t =    42.00s Get number of matches for: Descendants matching type Alert
2026-09-10T10:21:44.2501900Z     t =    42.05s Requesting snapshot of accessibility hierarchy for app with pid 6311
2026-09-10T10:21:44.8614070Z     t =    42.77s Requesting snapshot of accessibility hierarchy for app with pid 6311
2026-09-10T10:21:44.9955780Z     t =    42.90s Added attachment named 'Actual SpringBoard accessibility hierarchy after Home'
2026-09-10T10:21:45.0085010Z     t =    42.90s Added attachment named 'Actual Home and application state observation'
2026-09-10T10:21:45.3437810Z     t =    43.24s Added attachment named 'Actual Home screen before game reactivation'
2026-09-10T10:21:45.3604600Z     t =    43.24s Open dev.partydeck.godot.iosauthority
2026-09-10T10:21:45.8666920Z     t =    43.24s     Activate dev.partydeck.godot.iosauthority
2026-09-10T10:21:48.1279140Z     t =    44.73s         Wait for dev.partydeck.godot.iosauthority to idle
2026-09-10T10:21:48.1384940Z     t =    44.98s Find the "authority-metrics" Any
2026-09-10T10:21:48.4854140Z     t =    46.39s Find the Target Application 'dev.partydeck.godot.iosauthority'
2026-09-10T10:21:49.1238820Z     t =    46.70s Added attachment named 'Same authority resumed with concealed cards'
2026-09-10T10:21:49.1371950Z     t =    46.70s Find the "authority-metrics" Any
2026-09-10T10:21:49.3501740Z     t =    47.19s Added attachment named 'Same authority resumed with concealed cards measurements'
2026-09-10T10:21:49.3604980Z     t =    47.19s Find the "authority-metrics" Any
2026-09-10T10:21:49.4807060Z     t =    47.39s Find the "authority-metrics" Any
2026-09-10T10:21:49.5986000Z     t =    47.51s Find the "godot-surface" Any
2026-09-10T10:21:49.7509100Z     t =    47.63s Find the "godot-surface" Other
2026-09-10T10:21:49.8311770Z     t =    47.73s Find the "godot-surface" Other
2026-09-10T10:21:49.9113020Z     t =    47.82s Find the Target Application 'dev.partydeck.godot.iosauthority'
2026-09-10T10:21:49.9240300Z     t =    47.83s Find the "godot-surface" Other
2026-09-10T10:21:50.0109330Z     t =    47.92s Added attachment named 'Observed control before input: reveal'
2026-09-10T10:21:50.0220590Z     t =    47.93s Find the "authority-metrics" Any
2026-09-10T10:21:50.1140250Z     t =    48.02s Added attachment named 'Actual native touch geometry: reveal'
2026-09-10T10:21:50.1249590Z     t =    48.02s Tap "godot-surface" Any[0.49, 0.68]
2026-09-10T10:21:50.1351210Z     t =    48.02s     Wait for dev.partydeck.godot.iosauthority to idle
2026-09-10T10:21:50.1480890Z     t =    48.02s     Find the "godot-surface" Any
2026-09-10T10:21:50.2159060Z     t =    48.12s     Check for interrupting elements affecting "godot-surface" Other
2026-09-10T10:21:50.3104090Z     t =    48.22s     Synthesize event
2026-09-10T10:21:50.3205880Z     t =    48.22s         Find the "godot-surface" Other
2026-09-10T10:21:50.4335820Z     t =    48.35s         Find the "godot-surface" Other
2026-09-10T10:21:50.5664240Z     t =    48.47s         Find the "godot-surface" Other
2026-09-10T10:21:50.9930390Z     t =    48.86s     Wait for dev.partydeck.godot.iosauthority to idle
2026-09-10T10:21:51.1857400Z     t =    49.07s Find the "authority-metrics" Any
2026-09-10T10:21:51.4675780Z     t =    49.34s Find the "authority-metrics" Any
2026-09-10T10:21:51.6377260Z     t =    49.54s Find the "authority-metrics" Any
2026-09-10T10:21:51.7458930Z     t =    49.65s Find the "authority-metrics" Any
2026-09-10T10:21:51.9834800Z     t =    49.89s Find the "authority-metrics" Any
2026-09-10T10:21:52.0392760Z     t =    49.95s Find the "godot-surface" Any
2026-09-10T10:21:52.1247860Z     t =    50.04s Find the "godot-surface" Other
2026-09-10T10:21:52.1922670Z     t =    50.11s Find the "godot-surface" Other
2026-09-10T10:21:52.2816150Z     t =    50.19s Find the Target Application 'dev.partydeck.godot.iosauthority'
2026-09-10T10:21:52.2978270Z     t =    50.20s Find the "godot-surface" Other
2026-09-10T10:21:52.3746780Z     t =    50.28s Added attachment named 'Observed control before input: card'
2026-09-10T10:21:52.3849420Z     t =    50.28s Find the "authority-metrics" Any
2026-09-10T10:21:52.4752810Z     t =    50.37s Added attachment named 'Actual native touch geometry: card'
2026-09-10T10:21:52.4753960Z     t =    50.37s Tap "godot-surface" Any[0.18, 0.63]
2026-09-10T10:21:52.4755080Z     t =    50.37s     Wait for dev.partydeck.godot.iosauthority to idle
2026-09-10T10:21:52.4872370Z     t =    50.38s     Find the "godot-surface" Any
2026-09-10T10:21:52.5332020Z     t =    50.43s     Check for interrupting elements affecting "godot-surface" Other
2026-09-10T10:21:52.6337690Z     t =    50.55s     Synthesize event
2026-09-10T10:21:52.6442130Z     t =    50.55s         Find the "godot-surface" Other
2026-09-10T10:21:52.7069030Z     t =    50.62s         Find the "godot-surface" Other
2026-09-10T10:21:52.7639630Z     t =    50.67s         Find the "godot-surface" Other
2026-09-10T10:21:53.1247180Z     t =    51.03s     Wait for dev.partydeck.godot.iosauthority to idle
2026-09-10T10:21:53.2071620Z     t =    51.11s Find the "authority-metrics" Any
2026-09-10T10:21:53.4401090Z     t =    51.35s Find the "authority-metrics" Any
2026-09-10T10:21:53.6721530Z     t =    51.58s Find the "authority-metrics" Any
2026-09-10T10:21:53.7620190Z     t =    51.67s Find the "authority-metrics" Any
2026-09-10T10:21:53.8383970Z     t =    51.73s Find the "authority-metrics" Any
2026-09-10T10:21:54.0687660Z     t =    51.96s Find the "authority-metrics" Any
2026-09-10T10:21:54.3028280Z     t =    52.20s Find the "authority-metrics" Any
2026-09-10T10:21:54.3633950Z     t =    52.27s Find the "godot-surface" Any
2026-09-10T10:21:54.4595150Z     t =    52.37s Find the "godot-surface" Other
2026-09-10T10:21:54.5576030Z     t =    52.46s Find the "godot-surface" Other
2026-09-10T10:21:54.6661760Z     t =    52.54s Find the Target Application 'dev.partydeck.godot.iosauthority'
2026-09-10T10:21:54.6791050Z     t =    52.59s Find the "godot-surface" Other
2026-09-10T10:21:54.7580760Z     t =    52.67s Added attachment named 'Observed control before input: play'
2026-09-10T10:21:54.7712310Z     t =    52.67s Find the "authority-metrics" Any
2026-09-10T10:21:54.8443910Z     t =    52.75s Added attachment named 'Actual native touch geometry: play'
2026-09-10T10:21:54.8553310Z     t =    52.75s Tap "godot-surface" Any[0.50, 0.85]
2026-09-10T10:21:54.8667410Z     t =    52.75s     Wait for dev.partydeck.godot.iosauthority to idle
2026-09-10T10:21:54.8851180Z     t =    52.75s     Find the "godot-surface" Any
2026-09-10T10:21:54.9370480Z     t =    52.83s     Check for interrupting elements affecting "godot-surface" Other
2026-09-10T10:21:54.9723070Z     t =    52.89s     Synthesize event
2026-09-10T10:21:54.9836210Z     t =    52.89s         Find the "godot-surface" Other
2026-09-10T10:21:55.0618780Z     t =    52.97s         Find the "godot-surface" Other
2026-09-10T10:21:55.1164720Z     t =    53.03s         Find the "godot-surface" Other
2026-09-10T10:21:55.5122830Z     t =    53.40s     Wait for dev.partydeck.godot.iosauthority to idle
2026-09-10T10:21:55.5756270Z     t =    53.47s Find the "authority-metrics" Any
2026-09-10T10:21:55.9790440Z     t =    53.88s Find the "authority-metrics" Any
2026-09-10T10:21:56.2009680Z     t =    54.10s Find the "authority-metrics" Any
2026-09-10T10:21:56.4113140Z     t =    54.32s Find the "authority-metrics" Any
2026-09-10T10:21:56.6716510Z     t =    54.58s Find the "authority-metrics" Any
2026-09-10T10:21:56.7375070Z     t =    54.65s Find the Target Application 'dev.partydeck.godot.iosauthority'
2026-09-10T10:21:56.9219340Z     t =    54.81s Added attachment named '04 actual viewer play 2d text 1'
2026-09-10T10:21:56.9261700Z     t =    54.82s Find the "authority-metrics" Any
2026-09-10T10:21:56.9740540Z     t =    54.88s Added attachment named '04 actual viewer play 2d text 1 measurements'
2026-09-10T10:21:56.9779880Z     t =    54.88s Find the Target Application 'dev.partydeck.godot.iosauthority'
2026-09-10T10:21:57.4600420Z     t =    55.07s Added attachment named '05 public outcome 2d text 1'
2026-09-10T10:21:57.4792090Z     t =    55.07s Find the "authority-metrics" Any
2026-09-10T10:21:57.5956330Z     t =    55.50s Added attachment named '05 public outcome 2d text 1 measurements'
2026-09-10T10:21:57.6062080Z     t =    55.50s Find the "authority-metrics" Any
2026-09-10T10:21:57.6574550Z     t =    55.56s Find the "authority-metrics" Any
2026-09-10T10:21:57.8932370Z     t =    55.81s Find the "authority-metrics" Any
2026-09-10T10:21:57.9417380Z     t =    55.86s Find the "godot-surface" Any
2026-09-10T10:21:57.9866900Z     t =    55.90s Find the "godot-surface" Other
2026-09-10T10:21:58.0391870Z     t =    55.93s Find the "godot-surface" Other
2026-09-10T10:21:58.0621390Z     t =    55.98s Find the Target Application 'dev.partydeck.godot.iosauthority'
2026-09-10T10:21:58.0790910Z     t =    55.99s Find the "godot-surface" Other
2026-09-10T10:21:58.1104400Z     t =    56.03s Added attachment named 'Observed control before input: next_round'
2026-09-10T10:21:58.1211770Z     t =    56.03s Find the "authority-metrics" Any
2026-09-10T10:21:58.1621270Z     t =    56.08s Added attachment named 'Actual native touch geometry: next_round'
2026-09-10T10:21:58.1724530Z     t =    56.08s Tap "godot-surface" Any[0.50, 0.94]
2026-09-10T10:21:58.1830050Z     t =    56.08s     Wait for dev.partydeck.godot.iosauthority to idle
2026-09-10T10:21:58.1948050Z     t =    56.09s     Find the "godot-surface" Any
2026-09-10T10:21:58.2029920Z     t =    56.12s     Check for interrupting elements affecting "godot-surface" Other
2026-09-10T10:21:58.2315740Z     t =    56.15s     Synthesize event
2026-09-10T10:21:58.2366170Z     t =    56.15s         Find the "godot-surface" Other
2026-09-10T10:21:58.2823790Z     t =    56.20s         Find the "godot-surface" Other
2026-09-10T10:21:58.3132780Z     t =    56.23s         Find the "godot-surface" Other
2026-09-10T10:21:58.6511930Z     t =    56.56s     Wait for dev.partydeck.godot.iosauthority to idle
2026-09-10T10:21:58.7165460Z     t =    56.62s Find the "authority-metrics" Any
2026-09-10T10:21:59.0845360Z     t =    57.00s Find the "authority-metrics" Any
2026-09-10T10:21:59.3380900Z     t =    57.20s Find the "authority-metrics" Any
2026-09-10T10:21:59.3924880Z     t =    57.30s Find the "authority-metrics" Any
2026-09-10T10:21:59.4238530Z     t =    57.33s Find the "authority-metrics" Any
2026-09-10T10:21:59.6500290Z     t =    57.53s Find the "authority-metrics" Any
2026-09-10T10:21:59.8953780Z     t =    57.81s Find the "authority-metrics" Any
2026-09-10T10:22:00.1257880Z     t =    58.04s Find the "godot-surface" Any
2026-09-10T10:22:00.3375700Z     t =    58.25s Find the "godot-surface" Other
2026-09-10T10:22:00.3938050Z     t =    58.31s Find the "godot-surface" Other
2026-09-10T10:22:00.5030730Z     t =    58.36s Find the Target Application 'dev.partydeck.godot.iosauthority'
2026-09-10T10:22:00.5157230Z     t =    58.43s Find the "godot-surface" Other
2026-09-10T10:22:00.5727130Z     t =    58.49s Added attachment named 'Observed control before input: next_round'
2026-09-10T10:22:00.5731370Z     t =    58.49s Find the "authority-metrics" Any
2026-09-10T10:22:00.6638220Z     t =    58.56s Added attachment named 'Actual native touch geometry: next_round'
2026-09-10T10:22:00.6664150Z     t =    58.57s Tap "godot-surface" Any[0.50, 0.94]
2026-09-10T10:22:00.6767720Z     t =    58.57s     Wait for dev.partydeck.godot.iosauthority to idle
2026-09-10T10:22:00.6816470Z     t =    58.57s     Find the "godot-surface" Any
2026-09-10T10:22:00.7564490Z     t =    58.63s     Check for interrupting elements affecting "godot-surface" Other
2026-09-10T10:22:00.8121740Z     t =    58.72s     Synthesize event
2026-09-10T10:22:00.8216530Z     t =    58.72s         Find the "godot-surface" Other
2026-09-10T10:22:00.8559640Z     t =    58.77s         Find the "godot-surface" Other
2026-09-10T10:22:00.9523870Z     t =    58.87s         Find the "godot-surface" Other
2026-09-10T10:22:01.3634710Z     t =    59.26s     Wait for dev.partydeck.godot.iosauthority to idle
2026-09-10T10:22:01.4510170Z     t =    59.35s Find the "authority-metrics" Any
2026-09-10T10:22:01.8808450Z     t =    59.73s Find the "authority-metrics" Any
2026-09-10T10:22:02.1101030Z     t =    60.02s Find the "authority-metrics" Any
2026-09-10T10:22:02.1562250Z     t =    60.07s Find the "authority-metrics" Any
2026-09-10T10:22:02.1871820Z     t =    60.11s Find the "authority-metrics" Any
2026-09-10T10:22:02.3771800Z     t =    60.30s Find the "authority-metrics" Any
2026-09-10T10:22:02.7881170Z     t =    60.49s Find the "authority-metrics" Any
2026-09-10T10:22:02.9173780Z     t =    60.82s Find the "godot-surface" Any
2026-09-10T10:22:03.0561690Z     t =    60.97s Find the "godot-surface" Other
2026-09-10T10:22:03.1155530Z     t =    61.02s Find the "godot-surface" Other
2026-09-10T10:22:03.1743680Z     t =    61.09s Find the Target Application 'dev.partydeck.godot.iosauthority'
2026-09-10T10:22:03.1906000Z     t =    61.10s Find the "godot-surface" Other
2026-09-10T10:22:03.2665600Z     t =    61.16s Added attachment named 'Observed control before input: next_round'
2026-09-10T10:22:03.2774590Z     t =    61.16s Find the "authority-metrics" Any
2026-09-10T10:22:03.3238410Z     t =    61.23s Added attachment named 'Actual native touch geometry: next_round'
2026-09-10T10:22:03.3341890Z     t =    61.23s Tap "godot-surface" Any[0.50, 0.94]
2026-09-10T10:22:03.3342420Z     t =    61.23s     Wait for dev.partydeck.godot.iosauthority to idle
2026-09-10T10:22:03.3342910Z     t =    61.24s     Find the "godot-surface" Any
2026-09-10T10:22:03.4075520Z     t =    61.28s     Check for interrupting elements affecting "godot-surface" Other
2026-09-10T10:22:03.4439450Z     t =    61.35s     Synthesize event
2026-09-10T10:22:03.5013450Z     t =    61.36s         Find the "godot-surface" Other
2026-09-10T10:22:03.6086700Z     t =    61.52s         Find the "godot-surface" Other
2026-09-10T10:22:03.6780630Z     t =    61.59s         Find the "godot-surface" Other
2026-09-10T10:22:04.0433680Z     t =    61.95s     Wait for dev.partydeck.godot.iosauthority to idle
2026-09-10T10:22:04.3607010Z     t =    62.04s Find the "authority-metrics" Any
2026-09-10T10:22:04.9104880Z     t =    62.82s Find the "authority-metrics" Any
2026-09-10T10:22:04.9656830Z     t =    62.88s Find the "authority-metrics" Any
2026-09-10T10:22:05.0433340Z     t =    62.95s Find the "authority-metrics" Any
2026-09-10T10:22:05.6426750Z     t =    63.15s Find the "authority-metrics" Any
2026-09-10T10:22:08.2847960Z     t =    65.69s Find the "authority-metrics" Any
2026-09-10T10:22:08.6291370Z     t =    66.50s Find the "godot-surface" Any
2026-09-10T10:22:08.9500270Z     t =    66.79s Find the "godot-surface" Other
2026-09-10T10:22:09.0153150Z     t =    66.93s Find the "godot-surface" Other
2026-09-10T10:22:09.0535380Z     t =    66.97s Find the Target Application 'dev.partydeck.godot.iosauthority'
2026-09-10T10:22:09.0844410Z     t =    66.99s Find the "godot-surface" Other
2026-09-10T10:22:09.1513900Z     t =    67.07s Added attachment named 'Observed control before input: challenge'
2026-09-10T10:22:09.1615120Z     t =    67.07s Find the "authority-metrics" Any
2026-09-10T10:22:09.2129910Z     t =    67.11s Added attachment named 'Actual native touch geometry: challenge'
2026-09-10T10:22:09.2246070Z     t =    67.11s Tap "godot-surface" Any[0.50, 0.94]
2026-09-10T10:22:09.2354110Z     t =    67.11s     Wait for dev.partydeck.godot.iosauthority to idle
2026-09-10T10:22:09.2470340Z     t =    67.12s     Find the "godot-surface" Any
2026-09-10T10:22:09.2654540Z     t =    67.17s     Check for interrupting elements affecting "godot-surface" Other
2026-09-10T10:22:09.3436100Z     t =    67.25s     Synthesize event
2026-09-10T10:22:09.3541340Z     t =    67.26s         Find the "godot-surface" Other
2026-09-10T10:22:09.4067910Z     t =    67.31s         Find the "godot-surface" Other
2026-09-10T10:22:09.4962660Z     t =    67.40s         Find the "godot-surface" Other
2026-09-10T10:22:09.9999820Z     t =    67.76s     Wait for dev.partydeck.godot.iosauthority to idle
2026-09-10T10:22:10.0102940Z     t =    67.90s Find the "authority-metrics" Any
2026-09-10T10:22:10.2494670Z     t =    68.12s Find the "authority-metrics" Any
2026-09-10T10:22:10.5643470Z     t =    68.48s Find the "authority-metrics" Any
2026-09-10T10:22:10.9878040Z     t =    68.90s Find the "authority-metrics" Any
2026-09-10T10:22:11.0624100Z     t =    68.97s Find the Target Application 'dev.partydeck.godot.iosauthority'
2026-09-10T10:22:11.2491220Z     t =    69.16s Added attachment named '06 actual viewer challenge 2d text 1'
2026-09-10T10:22:11.2642170Z     t =    69.16s Find the "authority-metrics" Any
2026-09-10T10:22:11.3541120Z     t =    69.26s Added attachment named '06 actual viewer challenge 2d text 1 measurements'
2026-09-10T10:22:11.3644200Z     t =    69.26s Find the "authority-metrics" Any
2026-09-10T10:22:11.4455950Z     t =    69.35s Find the "authority-metrics" Any
2026-09-10T10:22:11.6678400Z     t =    69.58s Find the "authority-metrics" Any
2026-09-10T10:22:11.9049740Z     t =    69.82s Find the "authority-metrics" Any
2026-09-10T10:22:12.1040260Z     t =    70.02s Find the "authority-metrics" Any
2026-09-10T10:22:12.1752900Z     t =    70.09s Find the "godot-surface" Any
2026-09-10T10:22:12.2619870Z     t =    70.16s Find the "godot-surface" Other
2026-09-10T10:22:12.3288590Z     t =    70.24s Find the "godot-surface" Other
2026-09-10T10:22:12.3955980Z     t =    70.31s Find the Target Application 'dev.partydeck.godot.iosauthority'
2026-09-10T10:22:12.4184270Z     t =    70.33s Find the "godot-surface" Other
2026-09-10T10:22:12.5246080Z     t =    70.42s Added attachment named 'Observed control before input: next_round'
2026-09-10T10:22:12.5349780Z     t =    70.42s Find the "authority-metrics" Any
2026-09-10T10:22:12.5641940Z     t =    70.48s Added attachment named 'Actual native touch geometry: next_round'
2026-09-10T10:22:12.5695650Z     t =    70.48s Tap "godot-surface" Any[0.50, 0.94]
2026-09-10T10:22:12.5723970Z     t =    70.48s     Wait for dev.partydeck.godot.iosauthority to idle
2026-09-10T10:22:12.5752190Z     t =    70.48s     Find the "godot-surface" Any
2026-09-10T10:22:12.6051250Z     t =    70.52s     Check for interrupting elements affecting "godot-surface" Other
2026-09-10T10:22:12.6690040Z     t =    70.58s     Synthesize event
2026-09-10T10:22:12.6801790Z     t =    70.59s         Find the "godot-surface" Other
2026-09-10T10:22:12.7362010Z     t =    70.64s         Find the "godot-surface" Other
2026-09-10T10:22:12.8201960Z     t =    70.73s         Find the "godot-surface" Other
2026-09-10T10:22:13.1793120Z     t =    71.09s     Wait for dev.partydeck.godot.iosauthority to idle
2026-09-10T10:22:13.2196090Z     t =    71.14s Find the "authority-metrics" Any
2026-09-10T10:22:13.4606690Z     t =    71.35s Find the "authority-metrics" Any
2026-09-10T10:22:13.4940150Z     t =    71.41s Find the "authority-metrics" Any
2026-09-10T10:22:13.5982850Z     t =    71.50s Find the "authority-metrics" Any
2026-09-10T10:22:13.8282830Z     t =    71.73s Find the "authority-metrics" Any
2026-09-10T10:22:14.0501790Z     t =    71.97s Find the "authority-metrics" Any
2026-09-10T10:22:14.2685700Z     t =    72.18s Find the "authority-metrics" Any
2026-09-10T10:22:14.3127190Z     t =    72.23s Find the "authority-metrics" Any
2026-09-10T10:22:14.5349300Z     t =    72.45s Find the "authority-metrics" Any
2026-09-10T10:22:14.8502660Z     t =    72.65s Find the "authority-metrics" Any
2026-09-10T10:22:15.1258800Z     t =    73.03s Find the "authority-metrics" Any
2026-09-10T10:22:15.1911890Z     t =    73.10s Find the "godot-surface" Any
2026-09-10T10:22:15.2731870Z     t =    73.19s Find the "godot-surface" Other
2026-09-10T10:22:15.3331820Z     t =    73.24s Find the "godot-surface" Other
2026-09-10T10:22:15.3809820Z     t =    73.29s Find the Target Application 'dev.partydeck.godot.iosauthority'
2026-09-10T10:22:15.3911310Z     t =    73.31s Find the "godot-surface" Other
2026-09-10T10:22:15.4683750Z     t =    73.37s Added attachment named 'Observed control before input: reveal'
2026-09-10T10:22:15.4684980Z     t =    73.37s Added attachment named 'Measured scroll gesture: reveal'
2026-09-10T10:22:15.4686130Z     t =    73.37s Press "godot-surface" Any[0.50, 0.67] for 0.1 seconds, then drag to "godot-surface" Any[0.50, 0.61] with velocity of 60.00 pixels per second, and then hold for 0.3 seconds 
2026-09-10T10:22:15.4687340Z     t =    73.37s     Wait for dev.partydeck.godot.iosauthority to idle
2026-09-10T10:22:15.4691360Z     t =    73.38s     Find the "godot-surface" Any
2026-09-10T10:22:15.5106370Z     t =    73.43s     Check for interrupting elements affecting "godot-surface" Other
2026-09-10T10:22:15.5873010Z     t =    73.51s     Synthesize event
2026-09-10T10:22:15.5916180Z     t =    73.51s         Find the "godot-surface" Other
2026-09-10T10:22:15.6364630Z     t =    73.55s         Find the "godot-surface" Other
2026-09-10T10:22:15.7069030Z     t =    73.62s         Find the "godot-surface" Other
2026-09-10T10:22:15.7800210Z     t =    73.68s         Find the "godot-surface" Other
2026-09-10T10:22:15.8340640Z     t =    73.75s         Find the "godot-surface" Other
2026-09-10T10:22:17.2566760Z     t =    75.16s     Wait for dev.partydeck.godot.iosauthority to idle
2026-09-10T10:22:17.2733250Z     t =    75.17s Find the "authority-metrics" Any
2026-09-10T10:22:17.3074600Z     t =    75.22s Find the "authority-metrics" Any
2026-09-10T10:22:17.5181790Z     t =    75.43s Find the "authority-metrics" Any
2026-09-10T10:22:17.8141770Z     t =    75.65s Find the "authority-metrics" Any
2026-09-10T10:22:17.9563660Z     t =    75.85s Find the "godot-surface" Any
2026-09-10T10:22:18.4002930Z     t =    76.30s Find the "godot-surface" Other
2026-09-10T10:22:18.4950150Z     t =    76.41s Find the "godot-surface" Other
2026-09-10T10:22:18.5407660Z     t =    76.45s Find the Target Application 'dev.partydeck.godot.iosauthority'
2026-09-10T10:22:18.5516720Z     t =    76.47s Find the "godot-surface" Other
2026-09-10T10:22:18.6363590Z     t =    76.55s Added attachment named 'Observed control before input: reveal'
2026-09-10T10:22:18.6375680Z     t =    76.55s Find the "authority-metrics" Any
2026-09-10T10:22:18.6728650Z     t =    76.59s Added attachment named 'Actual native touch geometry: reveal'
2026-09-10T10:22:18.6823740Z     t =    76.59s Tap "godot-surface" Any[0.49, 0.74]
2026-09-10T10:22:18.6824770Z     t =    76.59s     Wait for dev.partydeck.godot.iosauthority to idle
2026-09-10T10:22:18.6826260Z     t =    76.60s     Find the "godot-surface" Any
2026-09-10T10:22:18.7424720Z     t =    76.65s     Check for interrupting elements affecting "godot-surface" Other
2026-09-10T10:22:18.7708750Z     t =    76.69s     Synthesize event
2026-09-10T10:22:18.7736860Z     t =    76.69s         Find the "godot-surface" Other
2026-09-10T10:22:18.8270220Z     t =    76.74s         Find the "godot-surface" Other
2026-09-10T10:22:18.8654500Z     t =    76.78s         Find the "godot-surface" Other
2026-09-10T10:22:19.2515020Z     t =    77.12s     Wait for dev.partydeck.godot.iosauthority to idle
2026-09-10T10:22:19.7915820Z     t =    77.62s Find the "authority-metrics" Any
2026-09-10T10:22:20.2456320Z     t =    78.16s Find the "authority-metrics" Any
2026-09-10T10:22:20.2820340Z     t =    78.20s Find the "authority-metrics" Any
2026-09-10T10:22:20.3266430Z     t =    78.23s Find the "authority-metrics" Any
2026-09-10T10:22:20.5980260Z     t =    78.45s Find the "authority-metrics" Any
2026-09-10T10:22:20.6678280Z     t =    78.57s Find the "authority-metrics" Any
2026-09-10T10:22:20.9249250Z     t =    78.84s Find the "authority-metrics" Any
2026-09-10T10:22:21.1120560Z     t =    79.03s Find the "authority-metrics" Any
2026-09-10T10:22:21.3262180Z     t =    79.24s Find the "authority-metrics" Any
2026-09-10T10:22:21.3778270Z     t =    79.30s Find the "godot-surface" Any
2026-09-10T10:22:21.4263260Z     t =    79.34s Find the "godot-surface" Other
2026-09-10T10:22:21.4989600Z     t =    79.39s Find the "godot-surface" Other
2026-09-10T10:22:21.5963480Z     t =    79.50s Find the Target Application 'dev.partydeck.godot.iosauthority'
2026-09-10T10:22:21.6203300Z     t =    79.53s Find the "godot-surface" Other
2026-09-10T10:22:21.7744270Z     t =    79.66s Added attachment named 'Observed control before input: card'
2026-09-10T10:22:21.7850730Z     t =    79.67s Find the "authority-metrics" Any
2026-09-10T10:22:21.8989600Z     t =    79.81s Added attachment named 'Actual native touch geometry: card'
2026-09-10T10:22:21.9107460Z     t =    79.81s Tap "godot-surface" Any[0.18, 0.63]
2026-09-10T10:22:21.9213590Z     t =    79.81s     Wait for dev.partydeck.godot.iosauthority to idle
2026-09-10T10:22:21.9735770Z     t =    79.81s     Find the "godot-surface" Any
2026-09-10T10:22:22.2369270Z     t =    80.08s     Check for interrupting elements affecting "godot-surface" Other
2026-09-10T10:22:22.6665720Z     t =    80.36s     Synthesize event
2026-09-10T10:22:22.6778670Z     t =    80.44s         Find the "godot-surface" Other
2026-09-10T10:22:22.7882360Z     t =    80.68s         Find the "godot-surface" Other
2026-09-10T10:22:22.9083380Z     t =    80.82s         Find the "godot-surface" Other
2026-09-10T10:22:23.6019320Z     t =    81.27s     Wait for dev.partydeck.godot.iosauthority to idle
2026-09-10T10:22:23.6160040Z     t =    81.46s Find the "authority-metrics" Any
2026-09-10T10:22:23.8665930Z     t =    81.78s Find the "authority-metrics" Any
2026-09-10T10:22:24.0980300Z     t =    82.01s Find the "authority-metrics" Any
2026-09-10T10:22:24.1885310Z     t =    82.10s Find the "authority-metrics" Any
2026-09-10T10:22:24.2548850Z     t =    82.15s Find the "authority-metrics" Any
2026-09-10T10:22:24.4523700Z     t =    82.36s Find the "authority-metrics" Any
2026-09-10T10:22:24.7099410Z     t =    82.60s Find the "authority-metrics" Any
2026-09-10T10:22:24.7750670Z     t =    82.68s Find the "godot-surface" Any
2026-09-10T10:22:24.8873910Z     t =    82.80s Find the "godot-surface" Other
2026-09-10T10:22:24.9777840Z     t =    82.87s Find the "godot-surface" Other
2026-09-10T10:22:25.0728770Z     t =    82.94s Find the Target Application 'dev.partydeck.godot.iosauthority'
2026-09-10T10:22:25.0837690Z     t =    83.00s Find the "godot-surface" Other
2026-09-10T10:22:25.1473070Z     t =    83.06s Added attachment named 'Observed control before input: play'
2026-09-10T10:22:25.1633120Z     t =    83.06s Find the "authority-metrics" Any
2026-09-10T10:22:25.2355490Z     t =    83.14s Added attachment named 'Actual native touch geometry: play'
2026-09-10T10:22:25.2464660Z     t =    83.14s Tap "godot-surface" Any[0.50, 0.85]
2026-09-10T10:22:25.2576730Z     t =    83.14s     Wait for dev.partydeck.godot.iosauthority to idle
2026-09-10T10:22:25.2758950Z     t =    83.15s     Find the "godot-surface" Any
2026-09-10T10:22:25.3209660Z     t =    83.22s     Check for interrupting elements affecting "godot-surface" Other
2026-09-10T10:22:25.3707190Z     t =    83.28s     Synthesize event
2026-09-10T10:22:25.3825700Z     t =    83.28s         Find the "godot-surface" Other
2026-09-10T10:22:25.4605810Z     t =    83.36s         Find the "godot-surface" Other
2026-09-10T10:22:25.5622780Z     t =    83.47s         Find the "godot-surface" Other
2026-09-10T10:22:25.9982120Z     t =    83.86s     Wait for dev.partydeck.godot.iosauthority to idle
2026-09-10T10:22:26.1190520Z     t =    84.00s Find the "authority-metrics" Any
2026-09-10T10:22:26.4548560Z     t =    84.36s Find the "authority-metrics" Any
2026-09-10T10:22:26.7546690Z     t =    84.66s Find the "authority-metrics" Any
2026-09-10T10:22:26.8167510Z     t =    84.71s Find the "authority-metrics" Any
2026-09-10T10:22:26.8974030Z     t =    84.80s Find the "authority-metrics" Any
2026-09-10T10:22:27.1848890Z     t =    85.08s Find the "authority-metrics" Any
2026-09-10T10:22:27.4344270Z     t =    85.35s Find the "authority-metrics" Any
2026-09-10T10:22:27.6586840Z     t =    85.55s Find the "authority-metrics" Any
2026-09-10T10:22:27.8479940Z     t =    85.73s Find the "godot-surface" Any
2026-09-10T10:22:27.9092140Z     t =    85.82s Find the "godot-surface" Other
2026-09-10T10:22:28.0142810Z     t =    85.93s Find the "godot-surface" Other
2026-09-10T10:22:28.1436310Z     t =    86.05s Find the Target Application 'dev.partydeck.godot.iosauthority'
2026-09-10T10:22:28.1701480Z     t =    86.08s Find the "godot-surface" Other
2026-09-10T10:22:28.2285750Z     t =    86.13s Added attachment named 'Observed control before input: next_round'
2026-09-10T10:22:28.2392350Z     t =    86.13s Find the "authority-metrics" Any
2026-09-10T10:22:28.2658390Z     t =    86.18s Added attachment named 'Actual native touch geometry: next_round'
2026-09-10T10:22:28.2766120Z     t =    86.18s Tap "godot-surface" Any[0.50, 0.94]
2026-09-10T10:22:28.2872240Z     t =    86.18s     Wait for dev.partydeck.godot.iosauthority to idle
2026-09-10T10:22:28.2991770Z     t =    86.19s     Find the "godot-surface" Any
2026-09-10T10:22:28.3362740Z     t =    86.25s     Check for interrupting elements affecting "godot-surface" Other
2026-09-10T10:22:28.3904690Z     t =    86.30s     Synthesize event
2026-09-10T10:22:28.4011260Z     t =    86.30s         Find the "godot-surface" Other
2026-09-10T10:22:28.4486840Z     t =    86.36s         Find the "godot-surface" Other
2026-09-10T10:22:28.4861070Z     t =    86.40s         Find the "godot-surface" Other
2026-09-10T10:22:29.0335170Z     t =    86.80s     Wait for dev.partydeck.godot.iosauthority to idle
2026-09-10T10:22:29.0739400Z     t =    86.95s Find the "authority-metrics" Any
2026-09-10T10:22:29.3008630Z     t =    87.21s Find the "authority-metrics" Any
2026-09-10T10:22:29.3319240Z     t =    87.24s Find the "authority-metrics" Any
2026-09-10T10:22:29.3903530Z     t =    87.30s Find the "authority-metrics" Any
2026-09-10T10:22:29.5909860Z     t =    87.50s Find the "authority-metrics" Any
2026-09-10T10:22:29.8936520Z     t =    87.80s Find the "authority-metrics" Any
2026-09-10T10:22:30.1440990Z     t =    88.05s Find the "authority-metrics" Any
2026-09-10T10:22:30.3942790Z     t =    88.31s Find the "authority-metrics" Any
2026-09-10T10:22:30.4882410Z     t =    88.40s Find the "godot-surface" Any
2026-09-10T10:22:30.5827280Z     t =    88.49s Find the "godot-surface" Other
2026-09-10T10:22:30.6385910Z     t =    88.55s Find the "godot-surface" Other
2026-09-10T10:22:30.7376380Z     t =    88.65s Find the Target Application 'dev.partydeck.godot.iosauthority'
2026-09-10T10:22:30.7720780Z     t =    88.66s Find the "godot-surface" Other
2026-09-10T10:22:30.8381730Z     t =    88.75s Added attachment named 'Observed control before input: next_round'
2026-09-10T10:22:30.8590160Z     t =    88.75s Find the "authority-metrics" Any
2026-09-10T10:22:30.9145180Z     t =    88.82s Added attachment named 'Actual native touch geometry: next_round'
2026-09-10T10:22:30.9257580Z     t =    88.82s Tap "godot-surface" Any[0.50, 0.94]
2026-09-10T10:22:30.9375200Z     t =    88.82s     Wait for dev.partydeck.godot.iosauthority to idle
2026-09-10T10:22:30.9595090Z     t =    88.83s     Find the "godot-surface" Any
2026-09-10T10:22:31.0270320Z     t =    88.92s     Check for interrupting elements affecting "godot-surface" Other
2026-09-10T10:22:31.1061500Z     t =    89.02s     Synthesize event
2026-09-10T10:22:31.1168570Z     t =    89.02s         Find the "godot-surface" Other
2026-09-10T10:22:31.2204790Z     t =    89.12s         Find the "godot-surface" Other
2026-09-10T10:22:31.3347550Z     t =    89.24s         Find the "godot-surface" Other
2026-09-10T10:22:31.7440590Z     t =    89.61s     Wait for dev.partydeck.godot.iosauthority to idle
2026-09-10T10:22:31.7564380Z     t =    89.62s Find the "authority-metrics" Any
2026-09-10T10:22:32.1300430Z     t =    90.01s Find the "authority-metrics" Any
2026-09-10T10:22:32.3486710Z     t =    90.26s Find the "authority-metrics" Any
2026-09-10T10:22:32.4141660Z     t =    90.32s Find the "authority-metrics" Any
2026-09-10T10:22:32.4993660Z     t =    90.41s Find the "authority-metrics" Any
2026-09-10T10:22:32.7481930Z     t =    90.66s Find the "authority-metrics" Any
2026-09-10T10:22:32.9585700Z     t =    90.86s Find the "authority-metrics" Any
2026-09-10T10:22:33.0241610Z     t =    90.94s Find the "godot-surface" Any
2026-09-10T10:22:33.1505190Z     t =    91.04s Find the "godot-surface" Other
2026-09-10T10:22:33.2166310Z     t =    91.13s Find the "godot-surface" Other
2026-09-10T10:22:33.3247330Z     t =    91.23s Find the Target Application 'dev.partydeck.godot.iosauthority'
2026-09-10T10:22:33.3642230Z     t =    91.26s Find the "godot-surface" Other
2026-09-10T10:22:33.4558830Z     t =    91.37s Added attachment named 'Observed control before input: next_round'
2026-09-10T10:22:33.4668760Z     t =    91.37s Find the "authority-metrics" Any
2026-09-10T10:22:33.5584410Z     t =    91.46s Added attachment named 'Actual native touch geometry: next_round'
2026-09-10T10:22:33.5704140Z     t =    91.46s Tap "godot-surface" Any[0.50, 0.94]
2026-09-10T10:22:33.5811680Z     t =    91.46s     Wait for dev.partydeck.godot.iosauthority to idle
2026-09-10T10:22:33.5918020Z     t =    91.46s     Find the "godot-surface" Any
2026-09-10T10:22:33.6368140Z     t =    91.52s     Check for interrupting elements affecting "godot-surface" Other
2026-09-10T10:22:33.6939470Z     t =    91.60s     Synthesize event
2026-09-10T10:22:33.6943120Z     t =    91.61s         Find the "godot-surface" Other
2026-09-10T10:22:33.7786310Z     t =    91.69s         Find the "godot-surface" Other
2026-09-10T10:22:33.8632590Z     t =    91.78s         Find the "godot-surface" Other
2026-09-10T10:22:34.2847740Z     t =    92.17s     Wait for dev.partydeck.godot.iosauthority to idle
2026-09-10T10:22:34.3929560Z     t =    92.30s Find the "authority-metrics" Any
2026-09-10T10:22:34.6705260Z     t =    92.56s Find the "authority-metrics" Any
2026-09-10T10:22:34.8918750Z     t =    92.80s Find the "authority-metrics" Any
2026-09-10T10:22:34.9671450Z     t =    92.86s Find the "authority-metrics" Any
2026-09-10T10:22:35.0317350Z     t =    92.95s Find the "authority-metrics" Any
2026-09-10T10:22:35.2725940Z     t =    93.18s Find the "authority-metrics" Any
2026-09-10T10:22:35.5181320Z     t =    93.43s Find the "authority-metrics" Any
2026-09-10T10:22:35.5834430Z     t =    93.49s Find the "godot-surface" Any
2026-09-10T10:22:35.6972010Z     t =    93.60s Find the "godot-surface" Other
2026-09-10T10:22:35.7879080Z     t =    93.70s Find the "godot-surface" Other
2026-09-10T10:22:35.8765220Z     t =    93.79s Find the Target Application 'dev.partydeck.godot.iosauthority'
2026-09-10T10:22:35.9234550Z     t =    93.81s Find the "godot-surface" Other
2026-09-10T10:22:35.9948500Z     t =    93.90s Added attachment named 'Observed control before input: challenge'
2026-09-10T10:22:36.0128930Z     t =    93.90s Find the "authority-metrics" Any
2026-09-10T10:22:36.0907500Z     t =    94.00s Added attachment named 'Actual native touch geometry: challenge'
2026-09-10T10:22:36.1159650Z     t =    94.00s Tap "godot-surface" Any[0.50, 0.94]
2026-09-10T10:22:36.1276890Z     t =    94.00s     Wait for dev.partydeck.godot.iosauthority to idle
2026-09-10T10:22:36.1381120Z     t =    94.00s     Find the "godot-surface" Any
2026-09-10T10:22:36.1776430Z     t =    94.08s     Check for interrupting elements affecting "godot-surface" Other
2026-09-10T10:22:36.2498940Z     t =    94.15s     Synthesize event
2026-09-10T10:22:36.2636040Z     t =    94.16s         Find the "godot-surface" Other
2026-09-10T10:22:36.3677990Z     t =    94.27s         Find the "godot-surface" Other
2026-09-10T10:22:36.4641070Z     t =    94.37s         Find the "godot-surface" Other
2026-09-10T10:22:36.9041730Z     t =    94.77s     Wait for dev.partydeck.godot.iosauthority to idle
2026-09-10T10:22:36.9146400Z     t =    94.78s Find the "authority-metrics" Any
2026-09-10T10:22:37.2409840Z     t =    95.15s Find the "authority-metrics" Any
2026-09-10T10:22:37.5178800Z     t =    95.41s Find the "authority-metrics" Any
2026-09-10T10:22:37.5869090Z     t =    95.49s Find the "authority-metrics" Any
2026-09-10T10:22:37.7111720Z     t =    95.61s Find the "authority-metrics" Any
2026-09-10T10:22:37.9338620Z     t =    95.84s Find the "authority-metrics" Any
2026-09-10T10:22:38.1490140Z     t =    96.06s Find the "authority-metrics" Any
2026-09-10T10:22:38.2297790Z     t =    96.14s Find the "godot-surface" Any
2026-09-10T10:22:38.3155150Z     t =    96.21s Find the "godot-surface" Other
2026-09-10T10:22:38.3864840Z     t =    96.29s Find the "godot-surface" Other
2026-09-10T10:22:38.4983780Z     t =    96.40s Find the Target Application 'dev.partydeck.godot.iosauthority'
2026-09-10T10:22:38.5285530Z     t =    96.44s Find the "godot-surface" Other
2026-09-10T10:22:38.5850230Z     t =    96.50s Added attachment named 'Observed control before input: next_round'
2026-09-10T10:22:38.6074100Z     t =    96.50s Find the "authority-metrics" Any
2026-09-10T10:22:38.6827890Z     t =    96.59s Added attachment named 'Actual native touch geometry: next_round'
2026-09-10T10:22:38.7042420Z     t =    96.59s Tap "godot-surface" Any[0.50, 0.94]
2026-09-10T10:22:38.7160960Z     t =    96.59s     Wait for dev.partydeck.godot.iosauthority to idle
2026-09-10T10:22:38.7297380Z     t =    96.60s     Find the "godot-surface" Any
2026-09-10T10:22:38.8038470Z     t =    96.70s     Check for interrupting elements affecting "godot-surface" Other
2026-09-10T10:22:39.0569890Z     t =    96.97s     Synthesize event
2026-09-10T10:22:39.0682190Z     t =    96.97s         Find the "godot-surface" Other
2026-09-10T10:22:39.1535990Z     t =    97.06s         Find the "godot-surface" Other
2026-09-10T10:22:39.2437850Z     t =    97.16s         Find the "godot-surface" Other
2026-09-10T10:22:39.8344750Z     t =    97.55s     Wait for dev.partydeck.godot.iosauthority to idle
2026-09-10T10:22:39.8454570Z     t =    97.58s Find the "authority-metrics" Any
2026-09-10T10:22:40.0859170Z     t =    98.00s Find the "authority-metrics" Any
2026-09-10T10:22:40.1805880Z     t =    98.09s Find the "authority-metrics" Any
2026-09-10T10:22:40.2793530Z     t =    98.18s Find the "authority-metrics" Any
2026-09-10T10:22:40.5079010Z     t =    98.43s Find the "authority-metrics" Any
2026-09-10T10:22:40.5522990Z     t =    98.47s Find the "authority-metrics" Any
2026-09-10T10:22:40.7459640Z     t =    98.66s Find the "authority-metrics" Any
2026-09-10T10:22:40.9407680Z     t =    98.85s Find the "authority-metrics" Any
2026-09-10T10:22:40.9723060Z     t =    98.89s Find the "godot-surface" Any
2026-09-10T10:22:41.0355660Z     t =    98.94s Find the "godot-surface" Other
2026-09-10T10:22:41.0797420Z     t =    99.00s Find the "godot-surface" Other
2026-09-10T10:22:41.1224290Z     t =    99.04s Find the Target Application 'dev.partydeck.godot.iosauthority'
2026-09-10T10:22:41.1414650Z     t =    99.05s Find the "godot-surface" Other
2026-09-10T10:22:41.1845640Z     t =    99.10s Added attachment named 'Observed control before input: next_round'
2026-09-10T10:22:41.1946600Z     t =    99.10s Find the "authority-metrics" Any
2026-09-10T10:22:41.2108620Z     t =    99.13s Added attachment named 'Actual native touch geometry: next_round'
2026-09-10T10:22:41.2201450Z     t =    99.13s Tap "godot-surface" Any[0.50, 0.94]
2026-09-10T10:22:41.2217080Z     t =    99.13s     Wait for dev.partydeck.godot.iosauthority to idle
2026-09-10T10:22:41.2250810Z     t =    99.14s     Find the "godot-surface" Any
2026-09-10T10:22:41.2676130Z     t =    99.17s     Check for interrupting elements affecting "godot-surface" Other
2026-09-10T10:22:41.2995760Z     t =    99.21s     Synthesize event
2026-09-10T10:22:41.3099420Z     t =    99.22s         Find the "godot-surface" Other
2026-09-10T10:22:41.3304040Z     t =    99.25s         Find the "godot-surface" Other
2026-09-10T10:22:41.3763150Z     t =    99.29s         Find the "godot-surface" Other
2026-09-10T10:22:41.7308380Z     t =    99.62s     Wait for dev.partydeck.godot.iosauthority to idle
2026-09-10T10:22:41.7411850Z     t =    99.64s Find the "authority-metrics" Any
2026-09-10T10:22:41.9382680Z     t =    99.83s Find the "authority-metrics" Any
2026-09-10T10:22:42.1258180Z     t =   100.04s Find the "authority-metrics" Any
2026-09-10T10:22:42.3310460Z     t =   100.24s Find the "authority-metrics" Any
2026-09-10T10:22:42.3986920Z     t =   100.31s Find the "authority-metrics" Any
2026-09-10T10:22:42.4393190Z     t =   100.35s Find the "authority-metrics" Any
2026-09-10T10:22:42.6418010Z     t =   100.56s Find the "authority-metrics" Any
2026-09-10T10:22:42.8294260Z     t =   100.75s Find the "authority-metrics" Any
2026-09-10T10:22:42.8703260Z     t =   100.78s Find the "godot-surface" Any
2026-09-10T10:22:42.9255510Z     t =   100.84s Find the "godot-surface" Other
2026-09-10T10:22:42.9550780Z     t =   100.87s Find the "godot-surface" Other
2026-09-10T10:22:43.0094530Z     t =   100.93s Find the Target Application 'dev.partydeck.godot.iosauthority'
2026-09-10T10:22:43.0199840Z     t =   100.94s Find the "godot-surface" Other
2026-09-10T10:22:43.0541810Z     t =   100.97s Added attachment named 'Observed control before input: next_round'
2026-09-10T10:22:43.0647390Z     t =   100.97s Find the "authority-metrics" Any
2026-09-10T10:22:43.1059930Z     t =   101.02s Added attachment named 'Actual native touch geometry: next_round'
2026-09-10T10:22:43.1168280Z     t =   101.02s Tap "godot-surface" Any[0.50, 0.94]
2026-09-10T10:22:43.1267260Z     t =   101.02s     Wait for dev.partydeck.godot.iosauthority to idle
2026-09-10T10:22:43.1324940Z     t =   101.02s     Find the "godot-surface" Any
2026-09-10T10:22:43.1362030Z     t =   101.05s     Check for interrupting elements affecting "godot-surface" Other
2026-09-10T10:22:43.1947040Z     t =   101.10s     Synthesize event
2026-09-10T10:22:43.1981530Z     t =   101.10s         Find the "godot-surface" Other
2026-09-10T10:22:43.2373670Z     t =   101.15s         Find the "godot-surface" Other
2026-09-10T10:22:43.2641000Z     t =   101.18s         Find the "godot-surface" Other
2026-09-10T10:22:43.6670160Z     t =   101.53s     Wait for dev.partydeck.godot.iosauthority to idle
2026-09-10T10:22:43.7837920Z     t =   101.67s Find the "authority-metrics" Any
2026-09-10T10:22:43.9938580Z     t =   101.90s Find the "authority-metrics" Any
2026-09-10T10:22:44.1876060Z     t =   102.10s Find the "authority-metrics" Any
2026-09-10T10:22:44.2185710Z     t =   102.13s Find the "authority-metrics" Any
2026-09-10T10:22:44.2575210Z     t =   102.17s Find the "authority-metrics" Any
2026-09-10T10:22:44.4672320Z     t =   102.38s Find the "authority-metrics" Any
2026-09-10T10:22:44.6696320Z     t =   102.59s Find the "authority-metrics" Any
2026-09-10T10:22:44.8618730Z     t =   102.78s Find the "authority-metrics" Any
2026-09-10T10:22:44.9081140Z     t =   102.83s Find the "godot-surface" Any
2026-09-10T10:22:44.9487340Z     t =   102.87s Find the "godot-surface" Other
2026-09-10T10:22:44.9849750Z     t =   102.90s Find the "godot-surface" Other
2026-09-10T10:22:45.0387230Z     t =   102.95s Find the Target Application 'dev.partydeck.godot.iosauthority'
2026-09-10T10:22:45.0498620Z     t =   102.97s Find the "godot-surface" Other
2026-09-10T10:22:45.0952250Z     t =   103.01s Added attachment named 'Observed control before input: next_round'
2026-09-10T10:22:45.1056740Z     t =   103.01s Find the "authority-metrics" Any
2026-09-10T10:22:45.1473110Z     t =   103.05s Added attachment named 'Actual native touch geometry: next_round'
2026-09-10T10:22:45.1574770Z     t =   103.05s Tap "godot-surface" Any[0.50, 0.94]
2026-09-10T10:22:45.1680050Z     t =   103.05s     Wait for dev.partydeck.godot.iosauthority to idle
2026-09-10T10:22:45.1784210Z     t =   103.06s     Find the "godot-surface" Any
2026-09-10T10:22:45.1923230Z     t =   103.09s     Check for interrupting elements affecting "godot-surface" Other
2026-09-10T10:22:45.2347870Z     t =   103.14s     Synthesize event
2026-09-10T10:22:45.2348920Z     t =   103.15s         Find the "godot-surface" Other
2026-09-10T10:22:45.2627800Z     t =   103.18s         Find the "godot-surface" Other
2026-09-10T10:22:45.3114900Z     t =   103.22s         Find the "godot-surface" Other
2026-09-10T10:22:45.6720980Z     t =   103.57s     Wait for dev.partydeck.godot.iosauthority to idle
2026-09-10T10:22:45.6823710Z     t =   103.59s Find the "authority-metrics" Any
2026-09-10T10:22:45.8782930Z     t =   103.79s Find the "authority-metrics" Any
2026-09-10T10:22:46.0757670Z     t =   103.99s Find the "authority-metrics" Any
2026-09-10T10:22:46.2961610Z     t =   104.20s Find the "authority-metrics" Any
2026-09-10T10:22:46.3380500Z     t =   104.25s Find the "authority-metrics" Any
2026-09-10T10:22:46.3670750Z     t =   104.29s Find the "authority-metrics" Any
2026-09-10T10:22:46.5780550Z     t =   104.50s Find the "authority-metrics" Any
2026-09-10T10:22:46.7851990Z     t =   104.70s Find the "authority-metrics" Any
2026-09-10T10:22:46.8423630Z     t =   104.75s Find the "godot-surface" Any
2026-09-10T10:22:46.8835320Z     t =   104.80s Find the "godot-surface" Other
2026-09-10T10:22:46.9353790Z     t =   104.85s Find the "godot-surface" Other
2026-09-10T10:22:46.9678970Z     t =   104.88s Find the Target Application 'dev.partydeck.godot.iosauthority'
2026-09-10T10:22:46.9782560Z     t =   104.89s Find the "godot-surface" Other
2026-09-10T10:22:47.0258170Z     t =   104.93s Added attachment named 'Observed control before input: next_round'
2026-09-10T10:22:47.0362010Z     t =   104.93s Find the "authority-metrics" Any
2026-09-10T10:22:47.0622120Z     t =   104.98s Added attachment named 'Actual native touch geometry: next_round'
2026-09-10T10:22:47.0728620Z     t =   104.98s Tap "godot-surface" Any[0.50, 0.94]
2026-09-10T10:22:47.0835310Z     t =   104.98s     Wait for dev.partydeck.godot.iosauthority to idle
2026-09-10T10:22:47.0940220Z     t =   104.98s     Find the "godot-surface" Any
2026-09-10T10:22:47.1068420Z     t =   105.01s     Check for interrupting elements affecting "godot-surface" Other
2026-09-10T10:22:47.1510480Z     t =   105.06s     Synthesize event
2026-09-10T10:22:47.1616860Z     t =   105.06s         Find the "godot-surface" Other
2026-09-10T10:22:47.1829590Z     t =   105.10s         Find the "godot-surface" Other
2026-09-10T10:22:47.2357550Z     t =   105.13s         Find the "godot-surface" Other
2026-09-10T10:22:47.5969760Z     t =   105.50s     Wait for dev.partydeck.godot.iosauthority to idle
2026-09-10T10:22:47.7247840Z     t =   105.63s Find the "authority-metrics" Any
2026-09-10T10:22:47.9243210Z     t =   105.84s Find the "authority-metrics" Any
2026-09-10T10:22:48.1288100Z     t =   106.04s Find the "authority-metrics" Any
2026-09-10T10:22:48.1765360Z     t =   106.08s Find the "authority-metrics" Any
2026-09-10T10:22:48.2111930Z     t =   106.12s Find the "authority-metrics" Any
2026-09-10T10:22:48.4102650Z     t =   106.33s Find the "authority-metrics" Any
2026-09-10T10:22:48.6041700Z     t =   106.52s Find the "authority-metrics" Any
2026-09-10T10:22:48.7975910Z     t =   106.71s Find the "authority-metrics" Any
2026-09-10T10:22:48.8539450Z     t =   106.77s Find the "godot-surface" Any
2026-09-10T10:22:48.9230720Z     t =   106.83s Find the "godot-surface" Other
2026-09-10T10:22:48.9544220Z     t =   106.87s Find the "godot-surface" Other
2026-09-10T10:22:48.9804770Z     t =   106.90s Find the Target Application 'dev.partydeck.godot.iosauthority'
2026-09-10T10:22:48.9984000Z     t =   106.91s Find the "godot-surface" Other
2026-09-10T10:22:49.0393620Z     t =   106.96s Added attachment named 'Observed control before input: next_round'
2026-09-10T10:22:49.0408080Z     t =   106.96s Find the "authority-metrics" Any
2026-09-10T10:22:49.0808720Z     t =   107.00s Added attachment named 'Actual native touch geometry: next_round'
2026-09-10T10:22:49.0995840Z     t =   107.00s Tap "godot-surface" Any[0.50, 0.94]
2026-09-10T10:22:49.1002600Z     t =   107.00s     Wait for dev.partydeck.godot.iosauthority to idle
2026-09-10T10:22:49.1015110Z     t =   107.01s     Find the "godot-surface" Any
2026-09-10T10:22:49.1187500Z     t =   107.04s     Check for interrupting elements affecting "godot-surface" Other
2026-09-10T10:22:49.1668180Z     t =   107.08s     Synthesize event
2026-09-10T10:22:49.1773800Z     t =   107.09s         Find the "godot-surface" Other
2026-09-10T10:22:49.2094800Z     t =   107.12s         Find the "godot-surface" Other
2026-09-10T10:22:49.2512250Z     t =   107.17s         Find the "godot-surface" Other
2026-09-10T10:22:49.5878440Z     t =   107.50s     Wait for dev.partydeck.godot.iosauthority to idle
2026-09-10T10:22:49.6687570Z     t =   107.57s Find the "authority-metrics" Any
2026-09-10T10:22:50.1062600Z     t =   108.00s Find the "authority-metrics" Any
2026-09-10T10:22:50.3046140Z     t =   108.22s Find the "authority-metrics" Any
2026-09-10T10:22:50.3858610Z     t =   108.30s Find the Target Application 'dev.partydeck.godot.iosauthority'
2026-09-10T10:22:50.5866230Z     t =   108.50s Added attachment named '07 real winner 2d text 1'
2026-09-10T10:22:50.5972240Z     t =   108.50s Find the "authority-metrics" Any
2026-09-10T10:22:50.6396640Z     t =   108.55s Added attachment named '07 real winner 2d text 1 measurements'
2026-09-10T10:22:50.6515330Z     t =   108.55s Find the "authority-metrics" Any
2026-09-10T10:22:50.6846420Z     t =   108.60s Find the "authority-metrics" Any
2026-09-10T10:22:50.9419410Z     t =   108.81s Find the "authority-metrics" Any
2026-09-10T10:22:51.0143160Z     t =   108.93s Find the "godot-surface" Any
2026-09-10T10:22:51.1523670Z     t =   109.06s Find the "godot-surface" Other
2026-09-10T10:22:51.2217110Z     t =   109.14s Find the "godot-surface" Other
2026-09-10T10:22:51.3140750Z     t =   109.22s Find the Target Application 'dev.partydeck.godot.iosauthority'
2026-09-10T10:22:51.3371830Z     t =   109.24s Find the "godot-surface" Other
2026-09-10T10:22:51.4218530Z     t =   109.34s Added attachment named 'Observed control before input: lobby'
2026-09-10T10:22:51.4332060Z     t =   109.34s Find the "authority-metrics" Any
2026-09-10T10:22:51.5312940Z     t =   109.43s Added attachment named 'Actual native touch geometry: lobby'
2026-09-10T10:22:51.5423690Z     t =   109.43s Tap "godot-surface" Any[0.50, 0.94]
2026-09-10T10:22:51.5540400Z     t =   109.43s     Wait for dev.partydeck.godot.iosauthority to idle
2026-09-10T10:22:51.5653440Z     t =   109.43s     Find the "godot-surface" Any
2026-09-10T10:22:51.6379840Z     t =   109.55s     Check for interrupting elements affecting "godot-surface" Other
2026-09-10T10:22:51.7095770Z     t =   109.60s     Synthesize event
2026-09-10T10:22:51.7213000Z     t =   109.62s         Find the "godot-surface" Other
2026-09-10T10:22:51.8054850Z     t =   109.70s         Find the "godot-surface" Other
2026-09-10T10:22:51.8636890Z     t =   109.78s         Find the "godot-surface" Other
2026-09-10T10:22:52.1961660Z     t =   110.11s     Wait for dev.partydeck.godot.iosauthority to idle
2026-09-10T10:22:52.2681770Z     t =   110.17s Find the "authority-metrics" Any
2026-09-10T10:22:52.4026870Z     t =   110.32s Tap "host-counter-button" Any
2026-09-10T10:22:52.4068990Z     t =   110.32s     Wait for dev.partydeck.godot.iosauthority to idle
2026-09-10T10:22:52.4126940Z     t =   110.32s     Find the "host-counter-button" Any
2026-09-10T10:22:52.4408110Z     t =   110.36s     Check for interrupting elements affecting "host-counter-button" Button
2026-09-10T10:22:52.5002180Z     t =   110.42s     Synthesize event
2026-09-10T10:22:52.8025810Z     t =   110.72s     Wait for dev.partydeck.godot.iosauthority to idle
2026-09-10T10:22:52.8134050Z     t =   110.72s Find the "authority-metrics" Any
2026-09-10T10:22:53.4780430Z     t =   111.38s Find the "authority-metrics" Any
2026-09-10T10:22:53.5498500Z     t =   111.47s Find the "authority-metrics" Any
2026-09-10T10:22:53.6269950Z     t =   111.54s Find the Target Application 'dev.partydeck.godot.iosauthority'
2026-09-10T10:22:53.8098640Z     t =   111.72s Added attachment named '09 table returned through authority 2d text 1'
2026-09-10T10:22:53.8108900Z     t =   111.72s Find the "authority-metrics" Any
2026-09-10T10:22:53.8840510Z     t =   111.77s Added attachment named '09 table returned through authority 2d text 1 measurements'
2026-09-10T10:22:53.8851300Z     t =   111.78s Tear Down
2026-09-10T10:22:54.3716080Z Test Case '-[AuthorityHostUITests.AuthorityHostUITests testReferenceMatchIn2D]' passed (112.284 seconds).
2026-09-10T10:22:54.3880940Z Test Case '-[AuthorityHostUITests.AuthorityHostUITests testReferenceMatchIn3DAt200Percent]' started.
2026-09-10T10:22:55.0352750Z     t =     0.00s Start Test at 2026-09-10 10:22:54.375
2026-09-10T10:22:55.0487160Z     t =     0.14s Set Up
2026-09-10T10:22:55.0507930Z     t =     0.15s Open dev.partydeck.godot.iosauthority
2026-09-10T10:22:55.0522820Z     t =     0.15s     Launch dev.partydeck.godot.iosauthority
2026-09-10T10:22:55.0524330Z     t =     0.15s         Terminate dev.partydeck.godot.iosauthority:20398
2026-09-10T10:22:56.5626390Z 2026-09-10 10:22:56.556 xcodebuild[10326:35899] [MT] IDELaunchParametersSnapshot: The operation couldn’t be completed. (DebuggerLLDB.DebuggerVersionStore.StoreError error 0.)
2026-09-10T10:22:56.5628140Z 2026-09-10 10:22:56.558 xcodebuild[10326:35899] [MT] IDELaunchParametersSnapshot: no debugger version
2026-09-10T10:22:58.7123460Z     t =     4.27s         Setting up automation session
2026-09-10T10:23:01.9828910Z     t =     7.52s         Wait for dev.partydeck.godot.iosauthority to idle
2026-09-10T10:23:03.8457910Z     t =     9.47s Waiting 15.0s for "start-3d" Any to exist
2026-09-10T10:23:04.8732100Z     t =    10.49s     Checking `Expect predicate `existsNoRetry == 1` for object "start-3d" Any`
2026-09-10T10:23:04.8736770Z     t =    10.49s         Checking existence of `"start-3d" Any`
2026-09-10T10:23:04.9578360Z     t =    10.57s Tap "start-3d" Any
2026-09-10T10:23:04.9687150Z     t =    10.57s     Wait for dev.partydeck.godot.iosauthority to idle
2026-09-10T10:23:04.9754300Z     t =    10.57s     Find the "start-3d" Any
2026-09-10T10:23:05.0004930Z     t =    10.62s     Check for interrupting elements affecting "start-3d" Button
2026-09-10T10:23:05.0914660Z     t =    10.72s     Synthesize event
2026-09-10T10:23:05.4101390Z     t =    11.03s     Wait for dev.partydeck.godot.iosauthority to idle
2026-09-10T10:23:06.4342530Z     t =    12.04s Find the "authority-metrics" Any
2026-09-10T10:23:08.2391270Z     t =    13.85s Find the "authority-metrics" Any
2026-09-10T10:23:22.4192140Z     t =    28.03s Find the "authority-metrics" Any
2026-09-10T10:23:33.9835370Z     t =    39.56s Find the "authority-metrics" Any
2026-09-10T10:23:45.7037470Z     t =    51.30s Find the "godot-surface" Any
2026-09-10T10:24:43.8323620Z     t =   109.36s Find the "godot-surface" Other
2026-09-10T10:24:47.3078860Z     t =   112.80s Find the "godot-surface" Other
2026-09-10T10:24:50.4545570Z     t =   116.06s Find the Target Application 'dev.partydeck.godot.iosauthority'
2026-09-10T10:24:50.4777920Z     t =   116.10s Find the "godot-surface" Other
2026-09-10T10:24:50.5443390Z     t =   116.14s Find the "authority-metrics" Any
2026-09-10T10:24:50.5978080Z     t =   116.21s Find the Target Application 'dev.partydeck.godot.iosauthority'
2026-09-10T10:24:50.8071550Z     t =   116.41s Added attachment named '01 concealed 3d text 2'
2026-09-10T10:24:50.8174450Z     t =   116.42s Find the "authority-metrics" Any
2026-09-10T10:24:50.8769540Z     t =   116.49s Added attachment named '01 concealed 3d text 2 measurements'
2026-09-10T10:24:50.8874090Z     t =   116.49s Find the "authority-metrics" Any
2026-09-10T10:24:50.9122040Z     t =   116.53s Find the "authority-metrics" Any
2026-09-10T10:24:51.1063440Z     t =   116.72s Find the "authority-metrics" Any
2026-09-10T10:24:51.3292960Z     t =   116.94s Find the "authority-metrics" Any
2026-09-10T10:24:51.4056330Z     t =   117.02s Find the "godot-surface" Any
2026-09-10T10:24:51.5071430Z     t =   117.12s Find the "godot-surface" Other
2026-09-10T10:24:51.5634950Z     t =   117.18s Find the "godot-surface" Other
2026-09-10T10:24:51.6278100Z     t =   117.25s Find the Target Application 'dev.partydeck.godot.iosauthority'
2026-09-10T10:24:51.6506710Z     t =   117.27s Find the "godot-surface" Other
2026-09-10T10:24:51.7339530Z     t =   117.32s Added attachment named 'Observed control before input: reveal'
2026-09-10T10:24:51.7445850Z     t =   117.32s Find the "authority-metrics" Any
2026-09-10T10:24:51.7791820Z     t =   117.39s Added attachment named 'Actual native touch geometry: reveal'
2026-09-10T10:24:51.7894080Z     t =   117.39s Tap "godot-surface" Any[0.58, 0.07]
2026-09-10T10:24:51.8016990Z     t =   117.39s     Wait for dev.partydeck.godot.iosauthority to idle
2026-09-10T10:24:51.8477360Z     t =   117.40s     Find the "godot-surface" Any
2026-09-10T10:24:51.9573410Z     t =   117.55s     Check for interrupting elements affecting "godot-surface" Other
2026-09-10T10:24:52.0442300Z     t =   117.66s     Synthesize event
2026-09-10T10:24:52.0546890Z     t =   117.67s         Find the "godot-surface" Other
2026-09-10T10:24:52.2956410Z     t =   117.91s         Find the "godot-surface" Other
2026-09-10T10:24:52.4134290Z     t =   118.03s         Find the "godot-surface" Other
2026-09-10T10:24:52.7957010Z     t =   118.40s     Wait for dev.partydeck.godot.iosauthority to idle
2026-09-10T10:24:54.4125900Z     t =   119.99s Find the "authority-metrics" Any
2026-09-10T10:24:56.2742100Z     t =   121.87s Find the "authority-metrics" Any
2026-09-10T10:24:58.0758090Z     t =   123.70s Find the "authority-metrics" Any
2026-09-10T10:25:00.1042060Z     t =   125.71s Find the "authority-metrics" Any
2026-09-10T10:25:02.1609830Z     t =   127.77s Find the "authority-metrics" Any
2026-09-10T10:25:04.1742800Z     t =   129.79s Find the "authority-metrics" Any
2026-09-10T10:25:04.4312430Z     t =   130.01s Find the "godot-surface" Any
2026-09-10T10:25:14.1304530Z     t =   139.74s Find the "godot-surface" Other
2026-09-10T10:25:17.8627320Z     t =   143.48s Find the "godot-surface" Other
2026-09-10T10:25:19.7600770Z     t =   145.37s Find the Target Application 'dev.partydeck.godot.iosauthority'
2026-09-10T10:25:19.7680670Z     t =   145.39s Find the "godot-surface" Other
2026-09-10T10:25:19.8246210Z     t =   145.43s Added attachment named 'Observed control before input: card'
2026-09-10T10:25:19.8281290Z     t =   145.43s Find the "authority-metrics" Any
2026-09-10T10:25:19.8897210Z     t =   145.50s Added attachment named 'Actual native touch geometry: card'
2026-09-10T10:25:19.8954960Z     t =   145.50s Tap "godot-surface" Any[0.49, 0.93]
2026-09-10T10:25:19.9037660Z     t =   145.50s     Wait for dev.partydeck.godot.iosauthority to idle
2026-09-10T10:25:19.9163870Z     t =   145.50s     Find the "godot-surface" Any
2026-09-10T10:25:19.9767610Z     t =   145.59s     Check for interrupting elements affecting "godot-surface" Other
2026-09-10T10:25:20.0157870Z     t =   145.64s     Synthesize event
2026-09-10T10:25:20.0159240Z     t =   145.64s         Find the "godot-surface" Other
2026-09-10T10:25:20.0823940Z     t =   145.71s         Find the "godot-surface" Other
2026-09-10T10:25:20.1232020Z     t =   145.75s         Find the "godot-surface" Other
2026-09-10T10:25:20.4873650Z     t =   146.10s     Wait for dev.partydeck.godot.iosauthority to idle
2026-09-10T10:25:25.5896980Z     t =   151.15s Find the "authority-metrics" Any
2026-09-10T10:25:27.1136860Z     t =   152.73s Find the Target Application 'dev.partydeck.godot.iosauthority'
2026-09-10T10:25:30.4941030Z     t =   156.10s Added attachment named '02 revealed and selected 3d text 2'
2026-09-10T10:25:30.5447960Z     t =   156.10s Find the "authority-metrics" Any
2026-09-10T10:25:31.8277230Z     t =   157.44s Added attachment named '02 revealed and selected 3d text 2 measurements'
2026-09-10T10:25:31.8380460Z     t =   157.44s Find the "authority-metrics" Any
2026-09-10T10:25:33.3809910Z     t =   158.99s Find the "authority-metrics" Any
2026-09-10T10:25:33.5983520Z     t =   159.22s Find the "authority-metrics" Any
2026-09-10T10:25:35.1772090Z     t =   160.76s Find the "authority-metrics" Any
2026-09-10T10:25:36.7389400Z     t =   162.30s Find the "godot-surface" Any
2026-09-10T10:25:41.4035490Z     t =   167.02s Find the "godot-surface" Other
2026-09-10T10:25:43.1436050Z     t =   168.77s Find the "godot-surface" Other
2026-09-10T10:25:43.2146670Z     t =   168.84s Find the Target Application 'dev.partydeck.godot.iosauthority'
2026-09-10T10:25:43.2358320Z     t =   168.85s Find the "godot-surface" Other
2026-09-10T10:25:43.2689550Z     t =   168.89s Added attachment named 'Observed control before input: hide'
2026-09-10T10:25:43.2705850Z     t =   168.90s Find the "authority-metrics" Any
2026-09-10T10:25:43.3594310Z     t =   168.98s Added attachment named 'Actual native touch geometry: hide'
2026-09-10T10:25:43.3620070Z     t =   168.98s Tap "godot-surface" Any[0.58, 0.07]
2026-09-10T10:25:43.3620770Z     t =   168.98s     Wait for dev.partydeck.godot.iosauthority to idle
2026-09-10T10:25:43.3621860Z     t =   168.98s     Find the "godot-surface" Any
2026-09-10T10:25:43.4275720Z     t =   169.04s     Check for interrupting elements affecting "godot-surface" Other
2026-09-10T10:25:43.4677760Z     t =   169.09s     Synthesize event
2026-09-10T10:25:43.4783000Z     t =   169.09s         Find the "godot-surface" Other
2026-09-10T10:25:43.5423300Z     t =   169.16s         Find the "godot-surface" Other
2026-09-10T10:25:43.6441320Z     t =   169.24s         Find the "godot-surface" Other
2026-09-10T10:25:44.0205510Z     t =   169.61s     Wait for dev.partydeck.godot.iosauthority to idle
2026-09-10T10:25:47.2398500Z     t =   172.71s Find the "authority-metrics" Any
2026-09-10T10:25:48.7176350Z     t =   174.33s Find the Target Application 'dev.partydeck.godot.iosauthority'
2026-09-10T10:25:52.5346810Z     t =   178.11s Added attachment named '03 private bindings cleared 3d text 2'
2026-09-10T10:25:52.5769540Z     t =   178.11s Find the "authority-metrics" Any
2026-09-10T10:25:54.0679460Z     t =   179.45s Added attachment named '03 private bindings cleared 3d text 2 measurements'
2026-09-10T10:25:54.0690590Z     t =   179.45s Find the "authority-metrics" Any
2026-09-10T10:25:55.8111950Z     t =   180.92s Find the "authority-metrics" Any
2026-09-10T10:25:57.4759690Z     t =   182.37s Find the "godot-surface" Any
2026-09-10T10:26:03.3899780Z     t =   188.97s Find the "godot-surface" Other
2026-09-10T10:26:03.4486670Z     t =   189.06s Find the "godot-surface" Other
2026-09-10T10:26:03.6604490Z     t =   189.25s Find the Target Application 'dev.partydeck.godot.iosauthority'
2026-09-10T10:26:03.6995600Z     t =   189.30s Find the "godot-surface" Other
2026-09-10T10:26:03.9327950Z     t =   189.52s Added attachment named 'Observed control before input: reveal'
2026-09-10T10:26:03.9437980Z     t =   189.52s Find the "authority-metrics" Any
2026-09-10T10:26:04.1726890Z     t =   189.74s Added attachment named 'Actual native touch geometry: reveal'
2026-09-10T10:26:04.1751030Z     t =   189.74s Tap "godot-surface" Any[0.58, 0.07]
2026-09-10T10:26:04.1853420Z     t =   189.74s     Wait for dev.partydeck.godot.iosauthority to idle
2026-09-10T10:26:04.1961750Z     t =   189.78s     Find the "godot-surface" Any
2026-09-10T10:26:04.2734050Z     t =   189.87s     Check for interrupting elements affecting "godot-surface" Other
2026-09-10T10:26:04.3614800Z     t =   189.94s     Synthesize event
2026-09-10T10:26:04.3723090Z     t =   189.98s         Find the "godot-surface" Other
2026-09-10T10:26:04.4754440Z     t =   190.05s         Find the "godot-surface" Other
2026-09-10T10:26:04.6072840Z     t =   190.22s         Find the "godot-surface" Other
2026-09-10T10:26:05.3144460Z     t =   190.64s     Wait for dev.partydeck.godot.iosauthority to idle
2026-09-10T10:26:08.6323240Z     t =   194.11s Find the "authority-metrics" Any
2026-09-10T10:26:10.0644510Z     t =   195.67s Find the "authority-metrics" Any
2026-09-10T10:26:11.4739190Z     t =   197.08s Find the "authority-metrics" Any
2026-09-10T10:26:12.8473170Z     t =   198.47s Find the "authority-metrics" Any
2026-09-10T10:26:14.2356430Z     t =   199.85s Find the "godot-surface" Any
2026-09-10T10:26:18.4057160Z     t =   204.02s Find the "godot-surface" Other
2026-09-10T10:26:21.1281630Z     t =   206.74s Find the "godot-surface" Other
2026-09-10T10:26:25.8855840Z     t =   211.41s Find the Target Application 'dev.partydeck.godot.iosauthority'
2026-09-10T10:26:25.8968050Z     t =   211.52s Find the "godot-surface" Other
2026-09-10T10:26:25.9634340Z     t =   211.58s Added attachment named 'Observed control before input: card'
2026-09-10T10:26:25.9739320Z     t =   211.58s Find the "authority-metrics" Any
2026-09-10T10:26:26.0378290Z     t =   211.65s Added attachment named 'Actual native touch geometry: card'
2026-09-10T10:26:26.0480980Z     t =   211.65s Tap "godot-surface" Any[0.49, 0.56]
2026-09-10T10:26:26.0589290Z     t =   211.65s     Wait for dev.partydeck.godot.iosauthority to idle
2026-09-10T10:26:26.0689410Z     t =   211.66s     Find the "godot-surface" Any
2026-09-10T10:26:26.0933180Z     t =   211.70s     Check for interrupting elements affecting "godot-surface" Other
2026-09-10T10:26:26.1460250Z     t =   211.77s     Synthesize event
2026-09-10T10:26:26.1585820Z     t =   211.78s         Find the "godot-surface" Other
2026-09-10T10:26:26.2387730Z     t =   211.83s         Find the "godot-surface" Other
2026-09-10T10:26:26.2871730Z     t =   211.91s         Find the "godot-surface" Other
2026-09-10T10:26:26.7128490Z     t =   212.29s     Wait for dev.partydeck.godot.iosauthority to idle
2026-09-10T10:26:29.4952380Z     t =   214.95s Find the "authority-metrics" Any
2026-09-10T10:26:30.8555230Z     t =   216.47s Find the "authority-metrics" Any
2026-09-10T10:26:32.3926030Z     t =   217.99s Tap "pause-table" Any
2026-09-10T10:26:32.4476800Z     t =   218.00s     Wait for dev.partydeck.godot.iosauthority to idle
2026-09-10T10:26:33.0397610Z     t =   218.63s     Find the "pause-table" Any
2026-09-10T10:26:33.7234890Z     t =   219.28s     Check for interrupting elements affecting "pause-table" Button
2026-09-10T10:26:37.7636890Z     t =   223.17s     Synthesize event
2026-09-10T10:26:39.1132740Z     t =   224.71s     Wait for dev.partydeck.godot.iosauthority to idle
2026-09-10T10:26:39.5407340Z     t =   225.16s Find the "authority-metrics" Any
2026-09-10T10:26:39.7769060Z     t =   225.38s Find the "authority-metrics" Any
2026-09-10T10:26:40.4782760Z     t =   226.06s Find the "authority-metrics" Any
2026-09-10T10:26:40.6330260Z     t =   226.19s Find the Target Application 'dev.partydeck.godot.iosauthority'
2026-09-10T10:26:40.8096090Z     t =   226.43s Added attachment named 'Native cover with paused private bindings cleared'
2026-09-10T10:26:40.8145540Z     t =   226.44s Find the "authority-metrics" Any
2026-09-10T10:26:40.8495480Z     t =   226.47s Added attachment named 'Native cover with paused private bindings cleared measurements'
2026-09-10T10:26:40.8532770Z     t =   226.47s Tap "pause-table" Any
2026-09-10T10:26:40.8551130Z     t =   226.47s     Wait for dev.partydeck.godot.iosauthority to idle
2026-09-10T10:26:40.8551940Z     t =   226.48s     Find the "pause-table" Any
2026-09-10T10:26:40.9135860Z     t =   226.53s     Check for interrupting elements affecting "pause-table" Button
2026-09-10T10:26:40.9491550Z     t =   226.57s     Synthesize event
2026-09-10T10:26:41.3304060Z     t =   226.87s     Wait for dev.partydeck.godot.iosauthority to idle
2026-09-10T10:26:42.3981660Z     t =   227.95s Find the "authority-metrics" Any
2026-09-10T10:26:43.1874960Z     t =   228.81s Find the "authority-metrics" Any
2026-09-10T10:26:43.7687210Z     t =   229.39s Find the "authority-metrics" Any
2026-09-10T10:26:44.4876350Z     t =   230.11s Find the "authority-metrics" Any
2026-09-10T10:26:44.7051080Z     t =   230.32s Find the "authority-metrics" Any
2026-09-10T10:26:45.4024030Z     t =   230.98s Find the "authority-metrics" Any
2026-09-10T10:26:45.8970700Z     t =   231.52s Find the "godot-surface" Any
2026-09-10T10:26:48.7195960Z     t =   234.29s Find the "godot-surface" Other
2026-09-10T10:26:49.2961020Z     t =   234.91s Find the "godot-surface" Other
2026-09-10T10:26:49.3588830Z     t =   234.98s Find the Target Application 'dev.partydeck.godot.iosauthority'
2026-09-10T10:26:49.3824270Z     t =   234.99s Find the "godot-surface" Other
2026-09-10T10:26:49.4692630Z     t =   235.07s Added attachment named 'Observed control before input: reveal'
2026-09-10T10:26:49.4795610Z     t =   235.07s Find the "authority-metrics" Any
2026-09-10T10:26:49.5200250Z     t =   235.13s Added attachment named 'Actual native touch geometry: reveal'
2026-09-10T10:26:49.5306800Z     t =   235.13s Tap "godot-surface" Any[0.58, 0.07]
2026-09-10T10:26:49.5409110Z     t =   235.13s     Wait for dev.partydeck.godot.iosauthority to idle
2026-09-10T10:26:49.5867210Z     t =   235.14s     Find the "godot-surface" Any
2026-09-10T10:26:49.5869840Z     t =   235.18s     Check for interrupting elements affecting "godot-surface" Other
2026-09-10T10:26:49.6419360Z     t =   235.26s     Synthesize event
2026-09-10T10:26:49.6528270Z     t =   235.26s         Find the "godot-surface" Other
2026-09-10T10:26:49.7270940Z     t =   235.34s         Find the "godot-surface" Other
2026-09-10T10:26:49.7892080Z     t =   235.40s         Find the "godot-surface" Other
2026-09-10T10:26:50.1801750Z     t =   235.79s     Wait for dev.partydeck.godot.iosauthority to idle
2026-09-10T10:26:51.1541940Z     t =   236.71s Find the "authority-metrics" Any
2026-09-10T10:26:51.7072530Z     t =   237.33s Find the "authority-metrics" Any
2026-09-10T10:26:51.7498570Z     t =   237.37s Find the "authority-metrics" Any
2026-09-10T10:26:52.6925990Z     t =   238.30s Find the "authority-metrics" Any
2026-09-10T10:26:53.3505690Z     t =   238.97s Find the "godot-surface" Any
2026-09-10T10:26:56.1288200Z     t =   241.74s Find the "godot-surface" Other
2026-09-10T10:26:57.6155300Z     t =   243.20s Find the "godot-surface" Other
2026-09-10T10:26:59.2232790Z     t =   244.83s Find the Target Application 'dev.partydeck.godot.iosauthority'
2026-09-10T10:27:00.0682300Z     t =   245.69s Find the "godot-surface" Other
2026-09-10T10:27:00.1689150Z     t =   245.76s Added attachment named 'Observed control before input: card'
2026-09-10T10:27:00.1694500Z     t =   245.76s Added attachment named 'Measured scroll gesture: card'
2026-09-10T10:27:00.1700030Z     t =   245.76s Press "godot-surface" Any[0.50, 0.84] for 0.1 seconds, then drag to "godot-surface" Any[0.50, 0.53] with velocity of 180.00 pixels per second, and then hold for 0.3 seconds 
2026-09-10T10:27:00.1700970Z     t =   245.76s     Wait for dev.partydeck.godot.iosauthority to idle
2026-09-10T10:27:00.1701640Z     t =   245.78s     Find the "godot-surface" Any
2026-09-10T10:27:00.1949630Z     t =   245.82s     Check for interrupting elements affecting "godot-surface" Other
2026-09-10T10:27:00.2730350Z     t =   245.90s     Synthesize event
2026-09-10T10:27:00.2846040Z     t =   245.90s         Find the "godot-surface" Other
2026-09-10T10:27:00.3273870Z     t =   245.95s         Find the "godot-surface" Other
2026-09-10T10:27:00.3548930Z     t =   245.98s         Find the "godot-surface" Other
2026-09-10T10:27:00.4192970Z     t =   246.04s         Find the "godot-surface" Other
2026-09-10T10:27:00.4650240Z     t =   246.09s         Find the "godot-surface" Other
2026-09-10T10:27:02.4386420Z     t =   248.06s     Wait for dev.partydeck.godot.iosauthority to idle
2026-09-10T10:27:03.8085130Z     t =   249.40s Find the "authority-metrics" Any
2026-09-10T10:27:03.8838500Z     t =   249.51s Find the "authority-metrics" Any
2026-09-10T10:27:04.1243380Z     t =   249.75s Find the "authority-metrics" Any
2026-09-10T10:27:04.1708190Z     t =   249.79s Find the "authority-metrics" Any
2026-09-10T10:27:04.3799640Z     t =   250.00s Find the "authority-metrics" Any
2026-09-10T10:27:04.5974030Z     t =   250.22s Find the "authority-metrics" Any
2026-09-10T10:27:04.8201830Z     t =   250.44s Find the "authority-metrics" Any
2026-09-10T10:27:04.9381070Z     t =   250.54s Find the "godot-surface" Any
2026-09-10T10:27:05.0149980Z     t =   250.64s Find the "godot-surface" Other
2026-09-10T10:27:05.1377580Z     t =   250.76s Find the "godot-surface" Other
2026-09-10T10:27:05.2749460Z     t =   250.88s Find the Target Application 'dev.partydeck.godot.iosauthority'
2026-09-10T10:27:05.2851390Z     t =   250.91s Find the "godot-surface" Other
2026-09-10T10:27:05.3523790Z     t =   250.97s Added attachment named 'Observed control before input: card'
2026-09-10T10:27:05.3529090Z     t =   250.98s Find the "authority-metrics" Any
2026-09-10T10:27:05.4068390Z     t =   251.03s Added attachment named 'Actual native touch geometry: card'
2026-09-10T10:27:05.4178140Z     t =   251.03s Tap "godot-surface" Any[0.49, 0.36]
2026-09-10T10:27:05.4315100Z     t =   251.03s     Wait for dev.partydeck.godot.iosauthority to idle
2026-09-10T10:27:05.4577510Z     t =   251.03s     Find the "godot-surface" Any
2026-09-10T10:27:05.4896420Z     t =   251.11s     Check for interrupting elements affecting "godot-surface" Other
2026-09-10T10:27:05.5314960Z     t =   251.16s     Synthesize event
2026-09-10T10:27:05.5358770Z     t =   251.16s         Find the "godot-surface" Other
2026-09-10T10:27:05.6005850Z     t =   251.23s         Find the "godot-surface" Other
2026-09-10T10:27:05.6268730Z     t =   251.25s         Find the "godot-surface" Other
2026-09-10T10:27:06.0357060Z     t =   251.60s     Wait for dev.partydeck.godot.iosauthority to idle
2026-09-10T10:27:07.4335360Z     t =   252.98s Find the "authority-metrics" Any
2026-09-10T10:27:08.2220280Z     t =   253.84s Find the "authority-metrics" Any
2026-09-10T10:27:09.0506180Z     t =   254.67s Pressing Home button
2026-09-10T10:27:09.8754270Z     t =   255.23s Find the Application 'com.apple.springboard'
2026-09-10T10:27:09.9580170Z     t =   255.58s Checking existence of `"Safari" Icon`
2026-09-10T10:27:10.8844280Z     t =   256.07s Find the "Safari" Icon
2026-09-10T10:27:10.9760490Z     t =   256.33s Find the "Safari" Icon
2026-09-10T10:27:11.3567570Z     t =   256.51s Find the "Safari" Icon
2026-09-10T10:27:11.3927490Z     t =   256.71s Find the "Safari" Icon
2026-09-10T10:27:11.4055520Z     t =   256.91s Checking existence of `"Messages" Icon`
2026-09-10T10:27:11.7708310Z     t =   257.17s Find the "Messages" Icon
2026-09-10T10:27:11.9094060Z     t =   257.43s Find the "Messages" Icon
2026-09-10T10:27:12.2897020Z     t =   257.55s Find the "Messages" Icon
2026-09-10T10:27:12.2897640Z     t =   257.73s Find the "Messages" Icon
2026-09-10T10:27:12.2923170Z     t =   257.84s Get number of matches for: Descendants matching type Alert
2026-09-10T10:27:12.2945120Z     t =   257.89s Requesting snapshot of accessibility hierarchy for app with pid 6311
2026-09-10T10:27:12.9351400Z     t =   258.51s Requesting snapshot of accessibility hierarchy for app with pid 6311
2026-09-10T10:27:13.0487800Z     t =   258.63s Added attachment named 'Actual SpringBoard accessibility hierarchy after Home'
2026-09-10T10:27:13.0599200Z     t =   258.64s Added attachment named 'Actual Home and application state observation'
2026-09-10T10:27:13.3219010Z     t =   258.94s Added attachment named 'Actual Home screen before game reactivation'
2026-09-10T10:27:13.3404680Z     t =   258.94s Open dev.partydeck.godot.iosauthority
2026-09-10T10:27:13.4574420Z     t =   258.94s     Activate dev.partydeck.godot.iosauthority
2026-09-10T10:27:13.5020630Z     t =   259.06s         Wait for dev.partydeck.godot.iosauthority to idle
2026-09-10T10:27:13.5125450Z     t =   259.08s Find the "authority-metrics" Any
2026-09-10T10:27:14.3581350Z     t =   259.98s Find the "authority-metrics" Any
2026-09-10T10:27:15.0810420Z     t =   260.67s Find the "authority-metrics" Any
2026-09-10T10:27:15.7954890Z     t =   261.41s Find the "authority-metrics" Any
2026-09-10T10:27:16.3403010Z     t =   261.95s Find the Target Application 'dev.partydeck.godot.iosauthority'
2026-09-10T10:27:18.2731010Z     t =   263.88s Added attachment named 'Same authority resumed with concealed cards'
2026-09-10T10:27:18.2767960Z     t =   263.88s Find the "authority-metrics" Any
2026-09-10T10:27:18.7476750Z     t =   264.37s Added attachment named 'Same authority resumed with concealed cards measurements'
2026-09-10T10:27:18.7560760Z     t =   264.37s Find the "authority-metrics" Any
2026-09-10T10:27:19.4149210Z     t =   265.04s Find the "authority-metrics" Any
2026-09-10T10:27:20.1554640Z     t =   265.78s Find the "godot-surface" Any
2026-09-10T10:27:21.4971250Z     t =   267.11s Find the "godot-surface" Other
2026-09-10T10:27:22.2690660Z     t =   267.89s Find the "godot-surface" Other
2026-09-10T10:27:23.0768330Z     t =   268.70s Find the Target Application 'dev.partydeck.godot.iosauthority'
2026-09-10T10:27:23.0971080Z     t =   268.72s Find the "godot-surface" Other
2026-09-10T10:27:23.1768160Z     t =   268.80s Added attachment named 'Observed control before input: reveal'
2026-09-10T10:27:23.1859800Z     t =   268.80s Find the "authority-metrics" Any
2026-09-10T10:27:23.3408640Z     t =   268.95s Added attachment named 'Actual native touch geometry: reveal'
2026-09-10T10:27:23.3513650Z     t =   268.95s Tap "godot-surface" Any[0.58, 0.07]
2026-09-10T10:27:23.3629140Z     t =   268.95s     Wait for dev.partydeck.godot.iosauthority to idle
2026-09-10T10:27:23.3744810Z     t =   268.96s     Find the "godot-surface" Any
2026-09-10T10:27:23.4274270Z     t =   269.02s     Check for interrupting elements affecting "godot-surface" Other
2026-09-10T10:27:23.5118090Z     t =   269.11s     Synthesize event
2026-09-10T10:27:23.5506180Z     t =   269.12s         Find the "godot-surface" Other
2026-09-10T10:27:23.6327950Z     t =   269.25s         Find the "godot-surface" Other
2026-09-10T10:27:23.7287630Z     t =   269.34s         Find the "godot-surface" Other
2026-09-10T10:27:24.0966910Z     t =   269.72s     Wait for dev.partydeck.godot.iosauthority to idle
2026-09-10T10:27:25.4023110Z     t =   270.99s Find the "authority-metrics" Any
2026-09-10T10:27:26.2598770Z     t =   271.88s Find the "authority-metrics" Any
2026-09-10T10:27:27.1185900Z     t =   272.73s Find the "authority-metrics" Any
2026-09-10T10:27:28.0086220Z     t =   273.63s Find the "godot-surface" Any
2026-09-10T10:27:30.9319680Z     t =   276.55s Find the "godot-surface" Other
2026-09-10T10:27:32.3231120Z     t =   277.92s Find the "godot-surface" Other
2026-09-10T10:27:33.0760150Z     t =   278.69s Find the Target Application 'dev.partydeck.godot.iosauthority'
2026-09-10T10:27:33.7504370Z     t =   279.37s Find the "godot-surface" Other
2026-09-10T10:27:34.5448230Z     t =   280.17s Added attachment named 'Observed control before input: card'
2026-09-10T10:27:34.5553490Z     t =   280.17s Added attachment named 'Measured scroll gesture: card'
2026-09-10T10:27:34.5664340Z     t =   280.17s Press "godot-surface" Any[0.50, 0.84] for 0.1 seconds, then drag to "godot-surface" Any[0.50, 0.53] with velocity of 180.00 pixels per second, and then hold for 0.3 seconds 
2026-09-10T10:27:34.5765680Z     t =   280.17s     Wait for dev.partydeck.godot.iosauthority to idle
2026-09-10T10:27:34.5893530Z     t =   280.17s     Find the "godot-surface" Any
2026-09-10T10:27:34.5910220Z     t =   280.21s     Check for interrupting elements affecting "godot-surface" Other
2026-09-10T10:27:34.6537060Z     t =   280.28s     Synthesize event
2026-09-10T10:27:34.6643510Z     t =   280.28s         Find the "godot-surface" Other
2026-09-10T10:27:34.6960130Z     t =   280.32s         Find the "godot-surface" Other
2026-09-10T10:27:34.7625520Z     t =   280.38s         Find the "godot-surface" Other
2026-09-10T10:27:34.8017770Z     t =   280.42s         Find the "godot-surface" Other
2026-09-10T10:27:34.8654960Z     t =   280.49s         Find the "godot-surface" Other
2026-09-10T10:27:36.8145440Z     t =   282.43s     Wait for dev.partydeck.godot.iosauthority to idle
2026-09-10T10:27:37.2515640Z     t =   282.85s Find the "authority-metrics" Any
2026-09-10T10:27:38.0588650Z     t =   283.68s Find the "authority-metrics" Any
2026-09-10T10:27:38.1260940Z     t =   283.72s Find the "godot-surface" Any
2026-09-10T10:27:40.4160870Z     t =   286.03s Find the "godot-surface" Other
2026-09-10T10:27:40.5064430Z     t =   286.13s Find the "godot-surface" Other
2026-09-10T10:27:40.5594910Z     t =   286.18s Find the Target Application 'dev.partydeck.godot.iosauthority'
2026-09-10T10:27:40.5716660Z     t =   286.20s Find the "godot-surface" Other
2026-09-10T10:27:40.6461210Z     t =   286.27s Added attachment named 'Observed control before input: card'
2026-09-10T10:27:40.6543080Z     t =   286.27s Find the "authority-metrics" Any
2026-09-10T10:27:40.6817020Z     t =   286.31s Find the "authority-metrics" Any
2026-09-10T10:27:40.7364630Z     t =   286.36s Find the "authority-metrics" Any
2026-09-10T10:27:40.9261240Z     t =   286.55s Find the "authority-metrics" Any
2026-09-10T10:27:41.1208710Z     t =   286.74s Find the "authority-metrics" Any
2026-09-10T10:27:41.3622560Z     t =   286.99s Find the "authority-metrics" Any
2026-09-10T10:27:41.4373480Z     t =   287.06s Find the "godot-surface" Any
2026-09-10T10:27:41.4920970Z     t =   287.11s Find the "godot-surface" Other
2026-09-10T10:27:41.5629400Z     t =   287.19s Find the "godot-surface" Other
2026-09-10T10:27:41.6224290Z     t =   287.22s Find the Target Application 'dev.partydeck.godot.iosauthority'
2026-09-10T10:27:41.6292430Z     t =   287.25s Find the "godot-surface" Other
2026-09-10T10:27:41.6664990Z     t =   287.29s Added attachment named 'Observed control before input: card'
2026-09-10T10:27:41.6668570Z     t =   287.29s Find the "authority-metrics" Any
2026-09-10T10:27:41.7007430Z     t =   287.33s Added attachment named 'Actual native touch geometry: card'
2026-09-10T10:27:41.7018440Z     t =   287.33s Tap "godot-surface" Any[0.49, 0.36]
2026-09-10T10:27:41.7022220Z     t =   287.33s     Wait for dev.partydeck.godot.iosauthority to idle
2026-09-10T10:27:41.7321060Z     t =   287.34s     Find the "godot-surface" Any
2026-09-10T10:27:41.7606930Z     t =   287.38s     Check for interrupting elements affecting "godot-surface" Other
2026-09-10T10:27:41.8037820Z     t =   287.43s     Synthesize event
2026-09-10T10:27:41.8053310Z     t =   287.43s         Find the "godot-surface" Other
2026-09-10T10:27:41.8704900Z     t =   287.50s         Find the "godot-surface" Other
2026-09-10T10:27:41.9049470Z     t =   287.53s         Find the "godot-surface" Other
2026-09-10T10:27:42.2733760Z     t =   287.89s     Wait for dev.partydeck.godot.iosauthority to idle
2026-09-10T10:27:43.6323850Z     t =   289.17s Find the "authority-metrics" Any
2026-09-10T10:27:44.4007990Z     t =   290.02s Find the "authority-metrics" Any
2026-09-10T10:27:45.3434520Z     t =   290.96s Find the "authority-metrics" Any
2026-09-10T10:27:46.3116460Z     t =   291.90s Find the "authority-metrics" Any
2026-09-10T10:27:47.0742640Z     t =   292.69s Find the "godot-surface" Any
2026-09-10T10:27:49.3171320Z     t =   294.92s Find the "godot-surface" Other
2026-09-10T10:27:50.0253730Z     t =   295.64s Find the "godot-surface" Other
2026-09-10T10:27:50.8462130Z     t =   296.43s Find the Target Application 'dev.partydeck.godot.iosauthority'
2026-09-10T10:27:51.5609290Z     t =   297.18s Find the "godot-surface" Other
2026-09-10T10:27:53.0370830Z     t =   298.65s Added attachment named 'Observed control before input: play'
2026-09-10T10:27:53.0436120Z     t =   298.65s Find the "authority-metrics" Any
2026-09-10T10:27:53.1027100Z     t =   298.71s Added attachment named 'Actual native touch geometry: play'
2026-09-10T10:27:53.1074070Z     t =   298.71s Tap "godot-surface" Any[0.49, 0.93]
2026-09-10T10:27:53.1081190Z     t =   298.71s     Wait for dev.partydeck.godot.iosauthority to idle
2026-09-10T10:27:53.1099690Z     t =   298.71s     Find the "godot-surface" Any
2026-09-10T10:27:53.1486180Z     t =   298.77s     Check for interrupting elements affecting "godot-surface" Other
2026-09-10T10:27:53.1863970Z     t =   298.81s     Synthesize event
2026-09-10T10:27:53.2036990Z     t =   298.81s         Find the "godot-surface" Other
2026-09-10T10:27:53.3192940Z     t =   298.94s         Find the "godot-surface" Other
2026-09-10T10:27:53.3633840Z     t =   298.99s         Find the "godot-surface" Other
2026-09-10T10:27:53.7525890Z     t =   299.35s     Wait for dev.partydeck.godot.iosauthority to idle
2026-09-10T10:27:54.2002590Z     t =   299.80s Find the "authority-metrics" Any
2026-09-10T10:27:55.1063350Z     t =   300.72s Find the "authority-metrics" Any
2026-09-10T10:27:55.8251900Z     t =   301.45s Find the "authority-metrics" Any
2026-09-10T10:27:56.5807270Z     t =   302.20s Find the "authority-metrics" Any
2026-09-10T10:27:57.1787700Z     t =   302.80s Find the Target Application 'dev.partydeck.godot.iosauthority'
2026-09-10T10:27:58.6412020Z     t =   304.24s Added attachment named '04 actual viewer play 3d text 2'
2026-09-10T10:27:58.6456610Z     t =   304.24s Find the "authority-metrics" Any
2026-09-10T10:27:59.2602590Z     t =   304.88s Added attachment named '04 actual viewer play 3d text 2 measurements'
2026-09-10T10:27:59.2755820Z     t =   304.88s Find the Target Application 'dev.partydeck.godot.iosauthority'
2026-09-10T10:28:01.6820710Z     t =   307.29s Added attachment named '05 public outcome 3d text 2'
2026-09-10T10:28:01.6871120Z     t =   307.29s Find the "authority-metrics" Any
2026-09-10T10:28:02.6120100Z     t =   307.95s Added attachment named '05 public outcome 3d text 2 measurements'
2026-09-10T10:28:02.8575170Z     t =   307.95s Find the "authority-metrics" Any
2026-09-10T10:28:03.6041230Z     t =   309.21s Find the "authority-metrics" Any
2026-09-10T10:28:04.5213740Z     t =   310.14s Find the "godot-surface" Any
2026-09-10T10:28:04.6754560Z     t =   310.29s Find the "godot-surface" Other
2026-09-10T10:28:04.8334670Z     t =   310.43s Find the "godot-surface" Other
2026-09-10T10:28:05.0555360Z     t =   310.67s Find the Target Application 'dev.partydeck.godot.iosauthority'
2026-09-10T10:28:05.0806740Z     t =   310.69s Find the "godot-surface" Other
2026-09-10T10:28:05.1767140Z     t =   310.79s Added attachment named 'Observed control before input: next_round'
2026-09-10T10:28:05.1872890Z     t =   310.79s Added attachment named 'Measured scroll gesture: next_round'
2026-09-10T10:28:05.1989350Z     t =   310.79s Press "godot-surface" Any[0.50, 0.81] for 0.1 seconds, then drag to "godot-surface" Any[0.50, 0.57] with velocity of 163.00 pixels per second, and then hold for 0.3 seconds 
2026-09-10T10:28:05.2082430Z     t =   310.79s     Wait for dev.partydeck.godot.iosauthority to idle
2026-09-10T10:28:05.2185230Z     t =   310.79s     Find the "godot-surface" Any
2026-09-10T10:28:05.2295020Z     t =   310.83s     Check for interrupting elements affecting "godot-surface" Other
2026-09-10T10:28:05.2804050Z     t =   310.90s     Synthesize event
2026-09-10T10:28:05.2914410Z     t =   310.91s         Find the "godot-surface" Other
2026-09-10T10:28:05.3737630Z     t =   310.99s         Find the "godot-surface" Other
2026-09-10T10:28:05.4687890Z     t =   311.08s         Find the "godot-surface" Other
2026-09-10T10:28:05.5518590Z     t =   311.17s         Find the "godot-surface" Other
2026-09-10T10:28:05.6090840Z     t =   311.23s         Find the "godot-surface" Other
2026-09-10T10:28:07.3607610Z     t =   312.98s     Wait for dev.partydeck.godot.iosauthority to idle
2026-09-10T10:28:07.6403790Z     t =   313.22s Find the "authority-metrics" Any
2026-09-10T10:28:07.6796430Z     t =   313.30s Find the "authority-metrics" Any
2026-09-10T10:28:07.8764940Z     t =   313.50s Find the "authority-metrics" Any
2026-09-10T10:28:07.9091970Z     t =   313.53s Find the "authority-metrics" Any
2026-09-10T10:28:08.0987930Z     t =   313.72s Find the "authority-metrics" Any
2026-09-10T10:28:08.2880480Z     t =   313.91s Find the "authority-metrics" Any
2026-09-10T10:28:08.4976660Z     t =   314.12s Find the "authority-metrics" Any
2026-09-10T10:28:08.5641380Z     t =   314.19s Find the "godot-surface" Any
2026-09-10T10:28:08.6120710Z     t =   314.23s Find the "godot-surface" Other
2026-09-10T10:28:08.6709260Z     t =   314.27s Find the "godot-surface" Other
2026-09-10T10:28:08.7088330Z     t =   314.33s Find the Target Application 'dev.partydeck.godot.iosauthority'
2026-09-10T10:28:08.7270700Z     t =   314.35s Find the "godot-surface" Other
2026-09-10T10:28:08.7871970Z     t =   314.39s Added attachment named 'Observed control before input: next_round'
2026-09-10T10:28:08.7884710Z     t =   314.40s Find the "authority-metrics" Any
2026-09-10T10:28:08.8424390Z     t =   314.46s Added attachment named 'Actual native touch geometry: next_round'
2026-09-10T10:28:08.8539900Z     t =   314.46s Tap "godot-surface" Any[0.49, 0.93]
2026-09-10T10:28:08.8646380Z     t =   314.46s     Wait for dev.partydeck.godot.iosauthority to idle
2026-09-10T10:28:08.8672500Z     t =   314.46s     Find the "godot-surface" Any
2026-09-10T10:28:08.9004770Z     t =   314.51s     Check for interrupting elements affecting "godot-surface" Other
2026-09-10T10:28:08.9337490Z     t =   314.55s     Synthesize event
2026-09-10T10:28:08.9357280Z     t =   314.56s         Find the "godot-surface" Other
2026-09-10T10:28:08.9773910Z     t =   314.60s         Find the "godot-surface" Other
2026-09-10T10:28:09.0444580Z     t =   314.67s         Find the "godot-surface" Other
2026-09-10T10:28:09.3797480Z     t =   315.00s     Wait for dev.partydeck.godot.iosauthority to idle
2026-09-10T10:28:10.3230030Z     t =   315.94s Find the "authority-metrics" Any
2026-09-10T10:28:11.1377520Z     t =   316.76s Find the "authority-metrics" Any
2026-09-10T10:28:11.6448440Z     t =   317.27s Find the "authority-metrics" Any
2026-09-10T10:28:12.2856460Z     t =   317.91s Find the "authority-metrics" Any
2026-09-10T10:28:12.4918170Z     t =   318.09s Find the "authority-metrics" Any
2026-09-10T10:28:13.0871760Z     t =   318.70s Find the "authority-metrics" Any
2026-09-10T10:28:13.5182490Z     t =   319.14s Find the "godot-surface" Any
2026-09-10T10:28:15.5388030Z     t =   321.13s Find the "godot-surface" Other
2026-09-10T10:28:16.8009820Z     t =   322.37s Find the "godot-surface" Other
2026-09-10T10:28:18.1474360Z     t =   323.74s Find the Target Application 'dev.partydeck.godot.iosauthority'
2026-09-10T10:28:18.7814730Z     t =   324.40s Find the "godot-surface" Other
2026-09-10T10:28:18.9135290Z     t =   324.52s Added attachment named 'Observed control before input: next_round'
2026-09-10T10:28:18.9219690Z     t =   324.52s Added attachment named 'Measured scroll gesture: next_round'
2026-09-10T10:28:18.9334980Z     t =   324.52s Press "godot-surface" Any[0.50, 0.81] for 0.1 seconds, then drag to "godot-surface" Any[0.50, 0.57] with velocity of 163.00 pixels per second, and then hold for 0.3 seconds 
2026-09-10T10:28:18.9443320Z     t =   324.52s     Wait for dev.partydeck.godot.iosauthority to idle
2026-09-10T10:28:18.9466640Z     t =   324.53s     Find the "godot-surface" Any
2026-09-10T10:28:19.0125520Z     t =   324.63s     Check for interrupting elements affecting "godot-surface" Other
2026-09-10T10:28:19.0728250Z     t =   324.69s     Synthesize event
2026-09-10T10:28:19.0970750Z     t =   324.70s         Find the "godot-surface" Other
2026-09-10T10:28:19.1661410Z     t =   324.79s         Find the "godot-surface" Other
2026-09-10T10:28:19.2797030Z     t =   324.89s         Find the "godot-surface" Other
2026-09-10T10:28:19.3595620Z     t =   324.97s         Find the "godot-surface" Other
2026-09-10T10:28:19.4210190Z     t =   325.03s         Find the "godot-surface" Other
2026-09-10T10:28:21.1887210Z     t =   326.81s     Wait for dev.partydeck.godot.iosauthority to idle
2026-09-10T10:28:21.8192660Z     t =   327.41s Find the "authority-metrics" Any
2026-09-10T10:28:21.9319700Z     t =   327.55s Find the "authority-metrics" Any
2026-09-10T10:28:22.1483720Z     t =   327.76s Find the "authority-metrics" Any
2026-09-10T10:28:22.2010570Z     t =   327.82s Find the "godot-surface" Any
2026-09-10T10:28:22.2621700Z     t =   327.89s Find the "godot-surface" Other
2026-09-10T10:28:22.3327830Z     t =   327.96s Find the "godot-surface" Other
2026-09-10T10:28:22.3747440Z     t =   328.00s Find the Target Application 'dev.partydeck.godot.iosauthority'
2026-09-10T10:28:22.3868250Z     t =   328.01s Find the "godot-surface" Other
2026-09-10T10:28:22.4444720Z     t =   328.07s Added attachment named 'Observed control before input: next_round'
2026-09-10T10:28:22.4549440Z     t =   328.07s Find the "authority-metrics" Any
2026-09-10T10:28:22.4851740Z     t =   328.11s Added attachment named 'Actual native touch geometry: next_round'
2026-09-10T10:28:22.4887380Z     t =   328.11s Tap "godot-surface" Any[0.49, 0.93]
2026-09-10T10:28:22.4889500Z     t =   328.11s     Wait for dev.partydeck.godot.iosauthority to idle
2026-09-10T10:28:22.4899710Z     t =   328.11s     Find the "godot-surface" Any
2026-09-10T10:28:22.5518190Z     t =   328.17s     Check for interrupting elements affecting "godot-surface" Other
2026-09-10T10:28:22.6170520Z     t =   328.23s     Synthesize event
2026-09-10T10:28:22.6280610Z     t =   328.24s         Find the "godot-surface" Other
2026-09-10T10:28:22.6963790Z     t =   328.31s         Find the "godot-surface" Other
2026-09-10T10:28:22.7964580Z     t =   328.41s         Find the "godot-surface" Other
2026-09-10T10:28:23.1576270Z     t =   328.78s     Wait for dev.partydeck.godot.iosauthority to idle
2026-09-10T10:28:24.1773030Z     t =   329.80s Find the "authority-metrics" Any
2026-09-10T10:28:24.9758760Z     t =   330.59s Find the "authority-metrics" Any
2026-09-10T10:28:25.4398590Z     t =   331.06s Find the "authority-metrics" Any
2026-09-10T10:28:26.1215900Z     t =   331.74s Find the "authority-metrics" Any
2026-09-10T10:28:26.6883710Z     t =   332.29s Find the "godot-surface" Any
2026-09-10T10:28:29.0756580Z     t =   334.70s Find the "godot-surface" Other
2026-09-10T10:28:30.3268880Z     t =   335.94s Find the "godot-surface" Other
2026-09-10T10:28:31.6077970Z     t =   337.21s Find the Target Application 'dev.partydeck.godot.iosauthority'
2026-09-10T10:28:32.1743880Z     t =   337.80s Find the "godot-surface" Other
2026-09-10T10:28:32.2052690Z     t =   337.83s Added attachment named 'Observed control before input: next_round'
2026-09-10T10:28:32.2155760Z     t =   337.83s Added attachment named 'Measured scroll gesture: next_round'
2026-09-10T10:28:32.2201260Z     t =   337.83s Press "godot-surface" Any[0.50, 0.81] for 0.1 seconds, then drag to "godot-surface" Any[0.50, 0.57] with velocity of 163.00 pixels per second, and then hold for 0.3 seconds 
2026-09-10T10:28:32.2220760Z     t =   337.83s     Wait for dev.partydeck.godot.iosauthority to idle
2026-09-10T10:28:32.2224740Z     t =   337.84s     Find the "godot-surface" Any
2026-09-10T10:28:32.2420000Z     t =   337.86s     Check for interrupting elements affecting "godot-surface" Other
2026-09-10T10:28:32.2992250Z     t =   337.92s     Synthesize event
2026-09-10T10:28:32.3016260Z     t =   337.93s         Find the "godot-surface" Other
2026-09-10T10:28:32.3422310Z     t =   337.97s         Find the "godot-surface" Other
2026-09-10T10:28:32.4068840Z     t =   338.02s         Find the "godot-surface" Other
2026-09-10T10:28:32.4385170Z     t =   338.06s         Find the "godot-surface" Other
2026-09-10T10:28:32.4939950Z     t =   338.11s         Find the "godot-surface" Other
2026-09-10T10:28:34.2558960Z     t =   339.88s     Wait for dev.partydeck.godot.iosauthority to idle
2026-09-10T10:28:34.5277770Z     t =   340.14s Find the "authority-metrics" Any
2026-09-10T10:28:34.5654050Z     t =   340.18s Find the "authority-metrics" Any
2026-09-10T10:28:34.7484650Z     t =   340.37s Find the "authority-metrics" Any
2026-09-10T10:28:34.9362200Z     t =   340.56s Find the "authority-metrics" Any
2026-09-10T10:28:35.0126270Z     t =   340.63s Find the "authority-metrics" Any
2026-09-10T10:28:35.2008890Z     t =   340.82s Find the "authority-metrics" Any
2026-09-10T10:28:35.3980610Z     t =   341.02s Find the "authority-metrics" Any
2026-09-10T10:28:35.6079070Z     t =   341.23s Find the "authority-metrics" Any
2026-09-10T10:28:35.6490470Z     t =   341.27s Find the "godot-surface" Any
2026-09-10T10:28:35.7171350Z     t =   341.33s Find the "godot-surface" Other
2026-09-10T10:28:35.7384030Z     t =   341.36s Find the "godot-surface" Other
2026-09-10T10:28:35.7809250Z     t =   341.40s Find the Target Application 'dev.partydeck.godot.iosauthority'
2026-09-10T10:28:35.7916420Z     t =   341.41s Find the "godot-surface" Other
2026-09-10T10:28:35.8406530Z     t =   341.46s Added attachment named 'Observed control before input: next_round'
2026-09-10T10:28:35.8512430Z     t =   341.46s Find the "authority-metrics" Any
2026-09-10T10:28:35.9218480Z     t =   341.54s Added attachment named 'Actual native touch geometry: next_round'
2026-09-10T10:28:35.9336350Z     t =   341.54s Tap "godot-surface" Any[0.49, 0.93]
2026-09-10T10:28:35.9454230Z     t =   341.54s     Wait for dev.partydeck.godot.iosauthority to idle
2026-09-10T10:28:35.9556200Z     t =   341.55s     Find the "godot-surface" Any
2026-09-10T10:28:35.9970320Z     t =   341.60s     Check for interrupting elements affecting "godot-surface" Other
2026-09-10T10:28:36.0728140Z     t =   341.69s     Synthesize event
2026-09-10T10:28:36.0800150Z     t =   341.70s         Find the "godot-surface" Other
2026-09-10T10:28:36.1432070Z     t =   341.77s         Find the "godot-surface" Other
2026-09-10T10:28:36.2014590Z     t =   341.81s         Find the "godot-surface" Other
2026-09-10T10:28:36.5665820Z     t =   342.19s     Wait for dev.partydeck.godot.iosauthority to idle
2026-09-10T10:28:38.0192110Z     t =   343.63s Find the "authority-metrics" Any
2026-09-10T10:28:38.8036070Z     t =   344.42s Find the "authority-metrics" Any
2026-09-10T10:28:39.8469590Z /Users/runner/work/PartyDeck/PartyDeck/godot/ios-host/AuthorityHostUITests/AuthorityHostUITests.swift:299: error: -[AuthorityHostUITests.AuthorityHostUITests testReferenceMatchIn3DAt200Percent] : failed: caught error: "controlMissing"
2026-09-10T10:28:39.8472470Z     t =   345.37s Tear Down
2026-09-10T10:28:40.5008250Z Test Case '-[AuthorityHostUITests.AuthorityHostUITests testReferenceMatchIn3DAt200Percent]' failed (345.914 seconds).
2026-09-10T10:28:40.5323050Z Test Case '-[AuthorityHostUITests.AuthorityHostUITests testReferenceMatchIn3D]' started.
2026-09-10T10:28:40.5445240Z     t =     0.00s Start Test at 2026-09-10 10:28:40.290
2026-09-10T10:28:43.1535230Z     t =     0.11s Set Up
2026-09-10T10:28:43.1646510Z     t =     0.11s Open dev.partydeck.godot.iosauthority
2026-09-10T10:28:43.1687720Z     t =     0.11s     Launch dev.partydeck.godot.iosauthority
2026-09-10T10:28:43.1689770Z     t =     0.11s         Terminate dev.partydeck.godot.iosauthority:24459
2026-09-10T10:28:43.2509630Z 2026-09-10 10:28:43.247 xcodebuild[10326:35899] [MT] IDELaunchParametersSnapshot: The operation couldn’t be completed. (DebuggerLLDB.DebuggerVersionStore.StoreError error 0.)
2026-09-10T10:28:43.2519670Z 2026-09-10 10:28:43.247 xcodebuild[10326:35899] [MT] IDELaunchParametersSnapshot: no debugger version
2026-09-10T10:28:44.7791020Z     t =     4.43s         Setting up automation session
2026-09-10T10:28:47.4928030Z     t =     7.16s         Wait for dev.partydeck.godot.iosauthority to idle
2026-09-10T10:28:49.4171440Z     t =     9.11s Waiting 15.0s for "start-3d" Any to exist
2026-09-10T10:28:50.4265030Z     t =    10.12s     Checking `Expect predicate `existsNoRetry == 1` for object "start-3d" Any`
2026-09-10T10:28:50.4272110Z     t =    10.12s         Checking existence of `"start-3d" Any`
2026-09-10T10:28:50.4985550Z     t =    10.20s Tap "start-3d" Any
2026-09-10T10:28:50.4992420Z     t =    10.20s     Wait for dev.partydeck.godot.iosauthority to idle
2026-09-10T10:28:50.4993450Z     t =    10.21s     Find the "start-3d" Any
2026-09-10T10:28:50.5692970Z     t =    10.27s     Check for interrupting elements affecting "start-3d" Button
2026-09-10T10:28:50.6775250Z     t =    10.38s     Synthesize event
2026-09-10T10:28:50.9928040Z     t =    10.69s     Wait for dev.partydeck.godot.iosauthority to idle
2026-09-10T10:28:52.2305690Z     t =    11.89s Find the "authority-metrics" Any
2026-09-10T10:28:54.6740540Z     t =    14.34s Find the "authority-metrics" Any
2026-09-10T10:29:09.8238610Z     t =    29.46s Find the "authority-metrics" Any
2026-09-10T10:29:21.8427760Z     t =    41.49s Find the "authority-metrics" Any
2026-09-10T10:29:33.6628720Z     t =    53.35s Find the "godot-surface" Any
2026-09-10T10:30:20.4271730Z     t =   100.01s Find the "godot-surface" Other
2026-09-10T10:30:30.6374660Z     t =   110.32s Find the "godot-surface" Other
2026-09-10T10:30:32.2099180Z     t =   111.87s Find the Target Application 'dev.partydeck.godot.iosauthority'
2026-09-10T10:30:35.0765940Z     t =   114.75s Find the "godot-surface" Other
2026-09-10T10:30:36.5796970Z     t =   116.28s Find the "authority-metrics" Any
2026-09-10T10:30:36.6404380Z     t =   116.32s Find the Target Application 'dev.partydeck.godot.iosauthority'
2026-09-10T10:30:36.8459410Z     t =   116.54s Added attachment named '01 concealed 3d text 1'
2026-09-10T10:30:36.8564990Z     t =   116.54s Find the "authority-metrics" Any
2026-09-10T10:30:37.0492310Z     t =   116.64s Added attachment named '01 concealed 3d text 1 measurements'
2026-09-10T10:30:37.0672640Z     t =   116.64s Find the "authority-metrics" Any
2026-09-10T10:30:37.2335030Z     t =   116.85s Find the "authority-metrics" Any
2026-09-10T10:30:37.4782560Z     t =   117.16s Find the "authority-metrics" Any
2026-09-10T10:30:37.6053940Z     t =   117.27s Find the "godot-surface" Any
2026-09-10T10:30:37.7640000Z     t =   117.46s Find the "godot-surface" Other
2026-09-10T10:30:37.8520620Z     t =   117.55s Find the "godot-surface" Other
2026-09-10T10:30:37.9757770Z     t =   117.68s Find the Target Application 'dev.partydeck.godot.iosauthority'
2026-09-10T10:30:37.9970180Z     t =   117.70s Find the "godot-surface" Other
2026-09-10T10:30:38.0429330Z     t =   117.74s Added attachment named 'Observed control before input: reveal'
2026-09-10T10:30:38.0653570Z     t =   117.74s Find the "authority-metrics" Any
2026-09-10T10:30:38.1236890Z     t =   117.81s Added attachment named 'Actual native touch geometry: reveal'
2026-09-10T10:30:38.1343850Z     t =   117.81s Tap "godot-surface" Any[0.58, 0.06]
2026-09-10T10:30:38.1472760Z     t =   117.81s     Wait for dev.partydeck.godot.iosauthority to idle
2026-09-10T10:30:38.1657590Z     t =   117.82s     Find the "godot-surface" Any
2026-09-10T10:30:38.1968620Z     t =   117.86s     Check for interrupting elements affecting "godot-surface" Other
2026-09-10T10:30:38.2474900Z     t =   117.94s     Synthesize event
2026-09-10T10:30:38.2774560Z     t =   117.94s         Find the "godot-surface" Other
2026-09-10T10:30:38.3257230Z     t =   118.02s         Find the "godot-surface" Other
2026-09-10T10:30:38.3707690Z     t =   118.07s         Find the "godot-surface" Other
2026-09-10T10:30:38.7441670Z     t =   118.45s     Wait for dev.partydeck.godot.iosauthority to idle
2026-09-10T10:30:39.9720450Z     t =   119.60s Find the "authority-metrics" Any
2026-09-10T10:30:41.5321840Z     t =   121.20s Find the "authority-metrics" Any
2026-09-10T10:30:43.0865160Z     t =   122.76s Find the "authority-metrics" Any
2026-09-10T10:30:44.3649480Z     t =   124.06s Find the "authority-metrics" Any
2026-09-10T10:30:45.8253810Z     t =   125.53s Find the "authority-metrics" Any
2026-09-10T10:30:47.4694340Z     t =   127.13s Find the "authority-metrics" Any
2026-09-10T10:30:49.0137930Z     t =   128.70s Find the "godot-surface" Any
2026-09-10T10:30:55.0704480Z     t =   134.76s Find the "godot-surface" Other
2026-09-10T10:30:58.4979770Z     t =   138.08s Find the "godot-surface" Other
2026-09-10T10:31:00.2042040Z     t =   139.90s Find the Target Application 'dev.partydeck.godot.iosauthority'
2026-09-10T10:31:00.2146940Z     t =   139.92s Find the "godot-surface" Other
2026-09-10T10:31:00.3040290Z     t =   140.00s Added attachment named 'Observed control before input: card'
2026-09-10T10:31:00.3144850Z     t =   140.00s Find the "authority-metrics" Any
2026-09-10T10:31:00.3834820Z     t =   140.08s Added attachment named 'Actual native touch geometry: card'
2026-09-10T10:31:00.3963500Z     t =   140.08s Tap "godot-surface" Any[0.17, 0.61]
2026-09-10T10:31:00.4023310Z     t =   140.08s     Wait for dev.partydeck.godot.iosauthority to idle
2026-09-10T10:31:00.4024950Z     t =   140.08s     Find the "godot-surface" Any
2026-09-10T10:31:00.4351530Z     t =   140.14s     Check for interrupting elements affecting "godot-surface" Other
2026-09-10T10:31:00.5164090Z     t =   140.21s     Synthesize event
2026-09-10T10:31:00.5172370Z     t =   140.22s         Find the "godot-surface" Other
2026-09-10T10:31:00.5633630Z     t =   140.27s         Find the "godot-surface" Other
2026-09-10T10:31:00.6486150Z     t =   140.35s         Find the "godot-surface" Other
2026-09-10T10:31:01.0818730Z     t =   140.74s     Wait for dev.partydeck.godot.iosauthority to idle
2026-09-10T10:31:05.2525610Z     t =   144.88s Find the "authority-metrics" Any
2026-09-10T10:31:06.5685250Z     t =   146.27s Find the Target Application 'dev.partydeck.godot.iosauthority'
2026-09-10T10:31:10.8735220Z     t =   150.53s Added attachment named '02 revealed and selected 3d text 1'
2026-09-10T10:31:10.8819330Z     t =   150.53s Find the "authority-metrics" Any
2026-09-10T10:31:12.1838150Z     t =   151.87s Added attachment named '02 revealed and selected 3d text 1 measurements'
2026-09-10T10:31:12.1966840Z     t =   151.87s Find the "authority-metrics" Any
2026-09-10T10:31:13.6893800Z     t =   153.39s Find the "authority-metrics" Any
2026-09-10T10:31:13.7748220Z     t =   153.47s Find the "godot-surface" Any
2026-09-10T10:31:20.9786220Z     t =   160.65s Find the "godot-surface" Other
2026-09-10T10:31:21.0431740Z     t =   160.74s Find the "godot-surface" Other
2026-09-10T10:31:21.1176490Z     t =   160.82s Find the Target Application 'dev.partydeck.godot.iosauthority'
2026-09-10T10:31:21.1396690Z     t =   160.84s Find the "godot-surface" Other
2026-09-10T10:31:21.2277860Z     t =   160.90s Added attachment named 'Observed control before input: hide'
2026-09-10T10:31:21.2396890Z     t =   160.91s Find the "authority-metrics" Any
2026-09-10T10:31:21.2726130Z     t =   160.98s Added attachment named 'Actual native touch geometry: hide'
2026-09-10T10:31:21.2813910Z     t =   160.98s Tap "godot-surface" Any[0.58, 0.06]
2026-09-10T10:31:21.2814540Z     t =   160.98s     Wait for dev.partydeck.godot.iosauthority to idle
2026-09-10T10:31:21.2850570Z     t =   160.98s     Find the "godot-surface" Any
2026-09-10T10:31:21.3604330Z     t =   161.02s     Check for interrupting elements affecting "godot-surface" Other
2026-09-10T10:31:21.3992410Z     t =   161.10s     Synthesize event
2026-09-10T10:31:21.4095560Z     t =   161.11s         Find the "godot-surface" Other
2026-09-10T10:31:21.4535460Z     t =   161.15s         Find the "godot-surface" Other
2026-09-10T10:31:21.5266070Z     t =   161.23s         Find the "godot-surface" Other
2026-09-10T10:31:21.9681770Z     t =   161.59s     Wait for dev.partydeck.godot.iosauthority to idle
2026-09-10T10:31:25.8557810Z     t =   165.54s Find the "authority-metrics" Any
2026-09-10T10:31:27.4058230Z     t =   167.10s Find the Target Application 'dev.partydeck.godot.iosauthority'
2026-09-10T10:31:30.6944160Z     t =   170.33s Added attachment named '03 private bindings cleared 3d text 1'
2026-09-10T10:31:30.7100260Z     t =   170.33s Find the "authority-metrics" Any
2026-09-10T10:31:33.0435350Z     t =   172.04s Added attachment named '03 private bindings cleared 3d text 1 measurements'
2026-09-10T10:31:33.0720540Z     t =   172.04s Find the "authority-metrics" Any
2026-09-10T10:31:36.8090290Z     t =   175.96s Find the "authority-metrics" Any
2026-09-10T10:31:37.5503060Z     t =   177.25s Find the "godot-surface" Any
2026-09-10T10:31:44.1999470Z     t =   183.76s Find the "godot-surface" Other
2026-09-10T10:31:45.3987540Z     t =   185.09s Find the "godot-surface" Other
2026-09-10T10:31:46.3372530Z     t =   186.03s Find the Target Application 'dev.partydeck.godot.iosauthority'
2026-09-10T10:31:46.3478350Z     t =   186.05s Find the "godot-surface" Other
2026-09-10T10:31:46.3964080Z     t =   186.10s Added attachment named 'Observed control before input: reveal'
2026-09-10T10:31:46.4087650Z     t =   186.10s Find the "authority-metrics" Any
2026-09-10T10:31:46.6715290Z     t =   186.32s Added attachment named 'Actual native touch geometry: reveal'
2026-09-10T10:31:46.6734250Z     t =   186.32s Tap "godot-surface" Any[0.58, 0.06]
2026-09-10T10:31:46.6849920Z     t =   186.32s     Wait for dev.partydeck.godot.iosauthority to idle
2026-09-10T10:31:46.6981500Z     t =   186.34s     Find the "godot-surface" Any
2026-09-10T10:31:47.0558160Z     t =   186.53s     Check for interrupting elements affecting "godot-surface" Other
2026-09-10T10:31:47.2406580Z     t =   186.91s     Synthesize event
2026-09-10T10:31:47.2526640Z     t =   186.94s         Find the "godot-surface" Other
2026-09-10T10:31:47.4472550Z     t =   187.09s         Find the "godot-surface" Other
2026-09-10T10:31:49.2657430Z     t =   188.96s         Find the "godot-surface" Other
2026-09-10T10:31:51.0197600Z     t =   190.55s     Wait for dev.partydeck.godot.iosauthority to idle
2026-09-10T10:31:54.4721080Z     t =   194.10s Find the "authority-metrics" Any
2026-09-10T10:31:55.6370210Z     t =   195.34s Find the "authority-metrics" Any
2026-09-10T10:31:56.9070620Z     t =   196.61s Find the "authority-metrics" Any
2026-09-10T10:31:58.0892240Z     t =   197.79s Find the "godot-surface" Any
2026-09-10T10:32:02.5517630Z     t =   201.99s Find the "godot-surface" Other
2026-09-10T10:32:03.1744140Z     t =   202.88s Find the "godot-surface" Other
2026-09-10T10:32:04.0610500Z     t =   203.70s Find the Target Application 'dev.partydeck.godot.iosauthority'
2026-09-10T10:32:04.7965590Z     t =   204.45s Find the "godot-surface" Other
2026-09-10T10:32:05.5642500Z     t =   205.26s Added attachment named 'Observed control before input: card'
2026-09-10T10:32:05.5755070Z     t =   205.27s Find the "authority-metrics" Any
2026-09-10T10:32:05.6461690Z     t =   205.34s Added attachment named 'Actual native touch geometry: card'
2026-09-10T10:32:05.6580520Z     t =   205.34s Tap "godot-surface" Any[0.17, 0.61]
2026-09-10T10:32:05.6697370Z     t =   205.34s     Wait for dev.partydeck.godot.iosauthority to idle
2026-09-10T10:32:05.6805790Z     t =   205.35s     Find the "godot-surface" Any
2026-09-10T10:32:05.7305480Z     t =   205.40s     Check for interrupting elements affecting "godot-surface" Other
2026-09-10T10:32:05.7747140Z     t =   205.48s     Synthesize event
2026-09-10T10:32:05.7853550Z     t =   205.48s         Find the "godot-surface" Other
2026-09-10T10:32:05.8657280Z     t =   205.57s         Find the "godot-surface" Other
2026-09-10T10:32:05.9786390Z     t =   205.67s         Find the "godot-surface" Other
2026-09-10T10:32:06.5002620Z     t =   206.19s     Wait for dev.partydeck.godot.iosauthority to idle
2026-09-10T10:32:07.1706570Z     t =   206.74s Find the "authority-metrics" Any
2026-09-10T10:32:07.8402790Z     t =   207.53s Find the "authority-metrics" Any
2026-09-10T10:32:08.4754030Z     t =   208.18s Find the "authority-metrics" Any
2026-09-10T10:32:09.0071290Z     t =   208.71s Find the "authority-metrics" Any
2026-09-10T10:32:09.0898810Z     t =   208.75s Tap "pause-table" Any
2026-09-10T10:32:09.0903920Z     t =   208.75s     Wait for dev.partydeck.godot.iosauthority to idle
2026-09-10T10:32:09.6765670Z     t =   209.38s     Find the "pause-table" Any
2026-09-10T10:32:09.7355300Z     t =   209.44s     Check for interrupting elements affecting "pause-table" Button
2026-09-10T10:32:15.1963010Z     t =   214.88s     Synthesize event
2026-09-10T10:32:16.1399390Z     t =   215.84s     Wait for dev.partydeck.godot.iosauthority to idle
2026-09-10T10:32:16.6394410Z     t =   216.32s Find the "authority-metrics" Any
2026-09-10T10:32:16.8473750Z     t =   216.55s Find the "authority-metrics" Any
2026-09-10T10:32:17.5277170Z     t =   217.24s Find the "authority-metrics" Any
2026-09-10T10:32:17.5768140Z     t =   217.28s Find the Target Application 'dev.partydeck.godot.iosauthority'
2026-09-10T10:32:17.7380290Z     t =   217.45s Added attachment named 'Native cover with paused private bindings cleared'
2026-09-10T10:32:17.7441300Z     t =   217.45s Find the "authority-metrics" Any
2026-09-10T10:32:17.7897450Z     t =   217.49s Added attachment named 'Native cover with paused private bindings cleared measurements'
2026-09-10T10:32:17.7898480Z     t =   217.49s Tap "pause-table" Any
2026-09-10T10:32:17.7915760Z     t =   217.49s     Wait for dev.partydeck.godot.iosauthority to idle
2026-09-10T10:32:17.7925770Z     t =   217.50s     Find the "pause-table" Any
2026-09-10T10:32:17.8495230Z     t =   217.52s     Check for interrupting elements affecting "pause-table" Button
2026-09-10T10:32:17.8838320Z     t =   217.59s     Synthesize event
2026-09-10T10:32:18.2270060Z     t =   217.90s     Wait for dev.partydeck.godot.iosauthority to idle
2026-09-10T10:32:18.7324200Z     t =   218.40s Find the "authority-metrics" Any
2026-09-10T10:32:19.6032730Z     t =   219.27s Find the "authority-metrics" Any
2026-09-10T10:32:19.9962290Z     t =   219.70s Find the "authority-metrics" Any
2026-09-10T10:32:20.6496590Z     t =   220.36s Find the "authority-metrics" Any
2026-09-10T10:32:21.2041000Z     t =   220.91s Find the "godot-surface" Any
2026-09-10T10:32:22.4761050Z     t =   222.17s Find the "godot-surface" Other
2026-09-10T10:32:23.6699860Z     t =   223.36s Find the "godot-surface" Other
2026-09-10T10:32:24.8607410Z     t =   224.56s Find the Target Application 'dev.partydeck.godot.iosauthority'
2026-09-10T10:32:25.3902620Z     t =   225.10s Find the "godot-surface" Other
2026-09-10T10:32:25.4191250Z     t =   225.13s Added attachment named 'Observed control before input: reveal'
2026-09-10T10:32:25.4201660Z     t =   225.13s Find the "authority-metrics" Any
2026-09-10T10:32:25.4410720Z     t =   225.15s Added attachment named 'Actual native touch geometry: reveal'
2026-09-10T10:32:25.4516390Z     t =   225.15s Tap "godot-surface" Any[0.58, 0.06]
2026-09-10T10:32:25.4662860Z     t =   225.15s     Wait for dev.partydeck.godot.iosauthority to idle
2026-09-10T10:32:25.4676360Z     t =   225.15s     Find the "godot-surface" Any
2026-09-10T10:32:25.4722710Z     t =   225.18s     Check for interrupting elements affecting "godot-surface" Other
2026-09-10T10:32:25.4959110Z     t =   225.20s     Synthesize event
2026-09-10T10:32:25.4968670Z     t =   225.21s         Find the "godot-surface" Other
2026-09-10T10:32:25.5203850Z     t =   225.23s         Find the "godot-surface" Other
2026-09-10T10:32:25.5425370Z     t =   225.25s         Find the "godot-surface" Other
2026-09-10T10:32:25.8651620Z     t =   225.57s     Wait for dev.partydeck.godot.iosauthority to idle
2026-09-10T10:32:26.7667420Z     t =   226.43s Find the "authority-metrics" Any
2026-09-10T10:32:27.4135550Z     t =   227.12s Find the "authority-metrics" Any
2026-09-10T10:32:27.8052890Z     t =   227.51s Find the "authority-metrics" Any
2026-09-10T10:32:28.4800780Z     t =   228.18s Find the "authority-metrics" Any
2026-09-10T10:32:29.1784620Z     t =   228.88s Find the "authority-metrics" Any
2026-09-10T10:32:29.9827430Z     t =   229.69s Find the "authority-metrics" Any
2026-09-10T10:32:30.4268890Z     t =   230.14s Find the "godot-surface" Any
2026-09-10T10:32:33.2398420Z     t =   232.94s Find the "godot-surface" Other
2026-09-10T10:32:33.7775000Z     t =   233.49s Find the "godot-surface" Other
2026-09-10T10:32:33.8043680Z     t =   233.51s Find the Target Application 'dev.partydeck.godot.iosauthority'
2026-09-10T10:32:33.8119630Z     t =   233.52s Find the "godot-surface" Other
2026-09-10T10:32:33.8348440Z     t =   233.54s Added attachment named 'Observed control before input: card'
2026-09-10T10:32:33.8361880Z     t =   233.55s Find the "authority-metrics" Any
2026-09-10T10:32:33.8706500Z     t =   233.57s Added attachment named 'Actual native touch geometry: card'
2026-09-10T10:32:33.8740500Z     t =   233.57s Tap "godot-surface" Any[0.17, 0.61]
2026-09-10T10:32:33.8744570Z     t =   233.57s     Wait for dev.partydeck.godot.iosauthority to idle
2026-09-10T10:32:33.8746610Z     t =   233.57s     Find the "godot-surface" Any
2026-09-10T10:32:33.8863130Z     t =   233.60s     Check for interrupting elements affecting "godot-surface" Other
2026-09-10T10:32:33.9242820Z     t =   233.62s     Synthesize event
2026-09-10T10:32:33.9276470Z     t =   233.63s         Find the "godot-surface" Other
2026-09-10T10:32:33.9389870Z     t =   233.65s         Find the "godot-surface" Other
2026-09-10T10:32:33.9742840Z     t =   233.67s         Find the "godot-surface" Other
2026-09-10T10:32:34.2805810Z     t =   233.99s     Wait for dev.partydeck.godot.iosauthority to idle
2026-09-10T10:32:34.9735680Z     t =   234.68s Find the "authority-metrics" Any
2026-09-10T10:32:35.6024490Z     t =   235.31s Find the "authority-metrics" Any
2026-09-10T10:32:35.9440430Z     t =   235.65s Find the "authority-metrics" Any
2026-09-10T10:32:36.4201840Z     t =   236.13s Pressing Home button
2026-09-10T10:32:36.9743110Z     t =   236.59s Find the Application 'com.apple.springboard'
2026-09-10T10:32:38.2212760Z     t =   236.80s Checking existence of `"Safari" Icon`
2026-09-10T10:32:38.2420370Z     t =   236.95s Find the "Safari" Icon
2026-09-10T10:32:38.2687550Z     t =   237.06s Find the "Safari" Icon
2026-09-10T10:32:38.2849530Z     t =   237.26s Find the "Safari" Icon
2026-09-10T10:32:38.2950830Z     t =   237.36s Find the "Safari" Icon
2026-09-10T10:32:38.3264960Z     t =   237.48s Checking existence of `"Messages" Icon`
2026-09-10T10:32:38.3375650Z     t =   237.61s Find the "Messages" Icon
2026-09-10T10:32:38.3607820Z     t =   237.74s Find the "Messages" Icon
2026-09-10T10:32:38.3823750Z     t =   237.82s Find the "Messages" Icon
2026-09-10T10:32:38.3959680Z     t =   237.89s Find the "Messages" Icon
2026-09-10T10:32:38.4116000Z     t =   237.95s Get number of matches for: Descendants matching type Alert
2026-09-10T10:32:38.4336550Z     t =   237.98s Requesting snapshot of accessibility hierarchy for app with pid 6311
2026-09-10T10:32:38.6151260Z     t =   238.32s Requesting snapshot of accessibility hierarchy for app with pid 6311
2026-09-10T10:32:38.6768330Z     t =   238.38s Added attachment named 'Actual SpringBoard accessibility hierarchy after Home'
2026-09-10T10:32:38.6868580Z     t =   238.38s Added attachment named 'Actual Home and application state observation'
2026-09-10T10:32:38.8712010Z     t =   238.58s Added attachment named 'Actual Home screen before game reactivation'
2026-09-10T10:32:38.8736360Z     t =   238.58s Open dev.partydeck.godot.iosauthority
2026-09-10T10:32:38.8761610Z     t =   238.58s     Activate dev.partydeck.godot.iosauthority
2026-09-10T10:32:38.9437310Z     t =   238.65s         Wait for dev.partydeck.godot.iosauthority to idle
2026-09-10T10:32:38.9492180Z     t =   238.65s Find the "authority-metrics" Any
2026-09-10T10:32:39.1620570Z     t =   238.87s Find the "authority-metrics" Any
2026-09-10T10:32:39.5757930Z     t =   239.07s Find the "authority-metrics" Any
2026-09-10T10:32:40.6855090Z     t =   240.31s Find the "authority-metrics" Any
2026-09-10T10:32:41.5003570Z     t =   241.21s Find the "authority-metrics" Any
2026-09-10T10:32:42.2681700Z     t =   241.97s Find the "authority-metrics" Any
2026-09-10T10:32:42.8722250Z     t =   242.58s Find the Target Application 'dev.partydeck.godot.iosauthority'
2026-09-10T10:32:44.4912550Z     t =   244.18s Added attachment named 'Same authority resumed with concealed cards'
2026-09-10T10:32:44.4945730Z     t =   244.18s Find the "authority-metrics" Any
2026-09-10T10:32:45.0641580Z     t =   244.77s Added attachment named 'Same authority resumed with concealed cards measurements'
2026-09-10T10:32:45.0745590Z     t =   244.77s Find the "authority-metrics" Any
2026-09-10T10:32:45.1124890Z     t =   244.82s Find the "authority-metrics" Any
2026-09-10T10:32:46.0520290Z     t =   245.72s Find the "authority-metrics" Any
2026-09-10T10:32:46.6221130Z     t =   246.33s Find the "godot-surface" Any
2026-09-10T10:32:48.9474630Z     t =   248.65s Find the "godot-surface" Other
2026-09-10T10:32:49.0014990Z     t =   248.70s Find the "godot-surface" Other
2026-09-10T10:32:49.0449870Z     t =   248.75s Find the Target Application 'dev.partydeck.godot.iosauthority'
2026-09-10T10:32:49.0557650Z     t =   248.76s Find the "godot-surface" Other
2026-09-10T10:32:49.0980800Z     t =   248.80s Added attachment named 'Observed control before input: reveal'
2026-09-10T10:32:49.1086810Z     t =   248.80s Find the "authority-metrics" Any
2026-09-10T10:32:49.1331080Z     t =   248.83s Added attachment named 'Actual native touch geometry: reveal'
2026-09-10T10:32:49.1458000Z     t =   248.83s Tap "godot-surface" Any[0.58, 0.06]
2026-09-10T10:32:49.1562340Z     t =   248.83s     Wait for dev.partydeck.godot.iosauthority to idle
2026-09-10T10:32:49.1668410Z     t =   248.83s     Find the "godot-surface" Any
2026-09-10T10:32:49.1795030Z     t =   248.88s     Check for interrupting elements affecting "godot-surface" Other
2026-09-10T10:32:49.2114610Z     t =   248.91s     Synthesize event
2026-09-10T10:32:49.2225610Z     t =   248.92s         Find the "godot-surface" Other
2026-09-10T10:32:49.2560000Z     t =   248.95s         Find the "godot-surface" Other
2026-09-10T10:32:49.2919950Z     t =   248.99s         Find the "godot-surface" Other
2026-09-10T10:32:49.6305260Z     t =   249.33s     Wait for dev.partydeck.godot.iosauthority to idle
2026-09-10T10:32:51.1133260Z     t =   250.79s Find the "authority-metrics" Any
2026-09-10T10:32:51.6514910Z     t =   251.35s Find the "authority-metrics" Any
2026-09-10T10:32:52.2495590Z     t =   251.92s Find the "authority-metrics" Any
2026-09-10T10:32:52.7728430Z     t =   252.47s Find the "godot-surface" Any
2026-09-10T10:32:55.1294190Z     t =   254.83s Find the "godot-surface" Other
2026-09-10T10:32:55.5756400Z     t =   255.28s Find the "godot-surface" Other
2026-09-10T10:32:56.1773960Z     t =   255.88s Find the Target Application 'dev.partydeck.godot.iosauthority'
2026-09-10T10:32:56.6753180Z     t =   256.38s Find the "godot-surface" Other
2026-09-10T10:32:56.7803890Z     t =   256.45s Added attachment named 'Observed control before input: card'
2026-09-10T10:32:56.7840460Z     t =   256.45s Find the "authority-metrics" Any
2026-09-10T10:32:56.8354830Z     t =   256.54s Added attachment named 'Actual native touch geometry: card'
2026-09-10T10:32:56.8378350Z     t =   256.54s Tap "godot-surface" Any[0.17, 0.61]
2026-09-10T10:32:56.8390270Z     t =   256.54s     Wait for dev.partydeck.godot.iosauthority to idle
2026-09-10T10:32:56.8390910Z     t =   256.54s     Find the "godot-surface" Any
2026-09-10T10:32:56.8715770Z     t =   256.56s     Check for interrupting elements affecting "godot-surface" Other
2026-09-10T10:32:56.8921480Z     t =   256.60s     Synthesize event
2026-09-10T10:32:56.8962640Z     t =   256.60s         Find the "godot-surface" Other
2026-09-10T10:32:56.9138250Z     t =   256.62s         Find the "godot-surface" Other
2026-09-10T10:32:56.9362590Z     t =   256.65s         Find the "godot-surface" Other
2026-09-10T10:32:57.2764710Z     t =   256.97s     Wait for dev.partydeck.godot.iosauthority to idle
2026-09-10T10:32:58.1490170Z     t =   257.82s Find the "authority-metrics" Any
2026-09-10T10:32:58.7746600Z     t =   258.48s Find the "authority-metrics" Any
2026-09-10T10:32:59.6817780Z     t =   259.39s Find the "authority-metrics" Any
2026-09-10T10:33:00.2053670Z     t =   259.92s Find the "authority-metrics" Any
2026-09-10T10:33:00.7328100Z     t =   260.44s Find the "godot-surface" Any
2026-09-10T10:33:02.2267300Z     t =   261.92s Find the "godot-surface" Other
2026-09-10T10:33:03.1437810Z     t =   262.85s Find the "godot-surface" Other
2026-09-10T10:33:03.6793670Z     t =   263.39s Find the Target Application 'dev.partydeck.godot.iosauthority'
2026-09-10T10:33:04.1538210Z     t =   263.86s Find the "godot-surface" Other
2026-09-10T10:33:04.6442380Z     t =   264.34s Added attachment named 'Observed control before input: play'
2026-09-10T10:33:04.6548380Z     t =   264.34s Find the "authority-metrics" Any
2026-09-10T10:33:04.6715110Z     t =   264.38s Added attachment named 'Actual native touch geometry: play'
2026-09-10T10:33:04.6826170Z     t =   264.38s Tap "godot-surface" Any[0.50, 0.83]
2026-09-10T10:33:04.6857330Z     t =   264.38s     Wait for dev.partydeck.godot.iosauthority to idle
2026-09-10T10:33:04.6876650Z     t =   264.38s     Find the "godot-surface" Any
2026-09-10T10:33:04.6907160Z     t =   264.40s     Check for interrupting elements affecting "godot-surface" Other
2026-09-10T10:33:04.7128630Z     t =   264.42s     Synthesize event
2026-09-10T10:33:04.7231030Z     t =   264.42s         Find the "godot-surface" Other
2026-09-10T10:33:04.7513100Z     t =   264.46s         Find the "godot-surface" Other
2026-09-10T10:33:04.7686480Z     t =   264.48s         Find the "godot-surface" Other
2026-09-10T10:33:05.0787230Z     t =   264.79s     Wait for dev.partydeck.godot.iosauthority to idle
2026-09-10T10:33:05.2824360Z     t =   264.99s Find the "authority-metrics" Any
2026-09-10T10:33:05.9466480Z     t =   265.65s Find the "authority-metrics" Any
2026-09-10T10:33:06.4530500Z     t =   266.15s Find the "authority-metrics" Any
2026-09-10T10:33:06.9310160Z     t =   266.62s Find the "authority-metrics" Any
2026-09-10T10:33:07.3591110Z     t =   267.06s Find the "authority-metrics" Any
2026-09-10T10:33:07.7964980Z     t =   267.50s Find the "authority-metrics" Any
2026-09-10T10:33:08.0555610Z     t =   267.76s Find the Target Application 'dev.partydeck.godot.iosauthority'
2026-09-10T10:33:08.5662980Z     t =   268.27s Added attachment named '04 actual viewer play 3d text 1'
2026-09-10T10:33:08.5665290Z     t =   268.27s Find the "authority-metrics" Any
2026-09-10T10:33:08.9000470Z     t =   268.61s Added attachment named '04 actual viewer play 3d text 1 measurements'
2026-09-10T10:33:08.9008840Z     t =   268.61s Find the Target Application 'dev.partydeck.godot.iosauthority'
2026-09-10T10:33:09.4298710Z     t =   269.14s Added attachment named '05 public outcome 3d text 1'
2026-09-10T10:33:09.4300110Z     t =   269.14s Find the "authority-metrics" Any
2026-09-10T10:33:09.7509880Z     t =   269.46s Added attachment named '05 public outcome 3d text 1 measurements'
2026-09-10T10:33:09.7533640Z     t =   269.46s Find the "authority-metrics" Any
2026-09-10T10:33:09.7846840Z     t =   269.49s Find the "authority-metrics" Any
2026-09-10T10:33:10.3709910Z     t =   270.08s Find the "authority-metrics" Any
2026-09-10T10:33:10.8303820Z     t =   270.54s Find the "authority-metrics" Any
2026-09-10T10:33:11.1123390Z     t =   270.82s Find the "godot-surface" Any
2026-09-10T10:33:11.9590080Z     t =   271.67s Find the "godot-surface" Other
2026-09-10T10:33:11.9848220Z     t =   271.69s Find the "godot-surface" Other
2026-09-10T10:33:12.0078880Z     t =   271.72s Find the Target Application 'dev.partydeck.godot.iosauthority'
2026-09-10T10:33:12.0253240Z     t =   271.73s Find the "godot-surface" Other
2026-09-10T10:33:12.0462730Z     t =   271.76s Added attachment named 'Observed control before input: next_round'
2026-09-10T10:33:12.0472550Z     t =   271.76s Find the "authority-metrics" Any
2026-09-10T10:33:12.0656700Z     t =   271.78s Added attachment named 'Actual native touch geometry: next_round'
2026-09-10T10:33:12.0707120Z     t =   271.78s Tap "godot-surface" Any[0.50, 0.67]
2026-09-10T10:33:12.0707980Z     t =   271.78s     Wait for dev.partydeck.godot.iosauthority to idle
2026-09-10T10:33:12.0711890Z     t =   271.78s     Find the "godot-surface" Any
2026-09-10T10:33:12.0880020Z     t =   271.80s     Check for interrupting elements affecting "godot-surface" Other
2026-09-10T10:33:12.1233140Z     t =   271.83s     Synthesize event
2026-09-10T10:33:12.1247090Z     t =   271.83s         Find the "godot-surface" Other
2026-09-10T10:33:12.1457400Z     t =   271.86s         Find the "godot-surface" Other
2026-09-10T10:33:12.1792910Z     t =   271.89s         Find the "godot-surface" Other
2026-09-10T10:33:12.5774140Z     t =   272.29s     Wait for dev.partydeck.godot.iosauthority to idle
2026-09-10T10:33:13.2201130Z     t =   272.91s Find the "authority-metrics" Any
2026-09-10T10:33:14.2865950Z     t =   273.99s Find the "authority-metrics" Any
2026-09-10T10:33:15.2782630Z     t =   274.98s Find the "authority-metrics" Any
2026-09-10T10:33:15.3004870Z     t =   275.01s Find the "authority-metrics" Any
2026-09-10T10:33:16.4312870Z     t =   276.14s Find the "authority-metrics" Any
2026-09-10T10:33:17.2583720Z     t =   276.97s Find the "authority-metrics" Any
2026-09-10T10:33:17.2905520Z     t =   276.99s Find the "godot-surface" Any
2026-09-10T10:33:20.2630760Z     t =   279.96s Find the "godot-surface" Other
2026-09-10T10:33:21.2343340Z     t =   280.93s Find the "godot-surface" Other
2026-09-10T10:33:23.2914060Z     t =   282.99s Find the Target Application 'dev.partydeck.godot.iosauthority'
2026-09-10T10:33:24.2234720Z     t =   283.93s Find the "godot-surface" Other
2026-09-10T10:33:25.6517710Z     t =   285.32s Added attachment named 'Observed control before input: next_round'
2026-09-10T10:33:25.6523010Z     t =   285.32s Find the "authority-metrics" Any
2026-09-10T10:33:27.6947510Z     t =   287.16s Added attachment named 'Actual native touch geometry: next_round'
2026-09-10T10:33:27.7050770Z     t =   287.16s Tap "godot-surface" Any[0.50, 0.67]
2026-09-10T10:33:27.7178260Z     t =   287.16s     Wait for dev.partydeck.godot.iosauthority to idle
2026-09-10T10:33:27.7366120Z     t =   287.27s     Find the "godot-surface" Any
2026-09-10T10:33:27.8980320Z     t =   287.58s     Check for interrupting elements affecting "godot-surface" Other
2026-09-10T10:33:28.1947700Z     t =   287.81s     Synthesize event
2026-09-10T10:33:28.2060440Z     t =   287.82s         Find the "godot-surface" Other
2026-09-10T10:33:28.3834040Z     t =   288.08s         Find the "godot-surface" Other
2026-09-10T10:33:28.6686690Z     t =   288.32s         Find the "godot-surface" Other
2026-09-10T10:33:29.1627110Z     t =   288.77s     Wait for dev.partydeck.godot.iosauthority to idle
2026-09-10T10:33:31.6589200Z     t =   291.36s Find the "authority-metrics" Any
2026-09-10T10:33:33.1584830Z     t =   292.86s Find the "authority-metrics" Any
2026-09-10T10:33:33.5547020Z     t =   293.26s Find the "authority-metrics" Any
2026-09-10T10:33:34.0643450Z     t =   293.77s Find the "authority-metrics" Any
2026-09-10T10:33:34.2666360Z     t =   293.97s Find the "authority-metrics" Any
2026-09-10T10:33:34.8394820Z     t =   294.47s Find the "authority-metrics" Any
2026-09-10T10:33:35.1536070Z     t =   294.86s Find the "godot-surface" Any
2026-09-10T10:33:36.7679460Z     t =   296.47s Find the "godot-surface" Other
2026-09-10T10:33:37.3086190Z     t =   297.02s Find the "godot-surface" Other
2026-09-10T10:33:37.8929560Z     t =   297.60s Find the Target Application 'dev.partydeck.godot.iosauthority'
2026-09-10T10:33:38.3649990Z     t =   298.07s Find the "godot-surface" Other
2026-09-10T10:33:38.8705740Z     t =   298.58s Added attachment named 'Observed control before input: next_round'
2026-09-10T10:33:38.8761510Z     t =   298.58s Find the "authority-metrics" Any
2026-09-10T10:33:38.8904970Z     t =   298.60s Added attachment named 'Actual native touch geometry: next_round'
2026-09-10T10:33:38.8947700Z     t =   298.60s Tap "godot-surface" Any[0.50, 0.67]
2026-09-10T10:33:38.8952800Z     t =   298.60s     Wait for dev.partydeck.godot.iosauthority to idle
2026-09-10T10:33:38.8953560Z     t =   298.60s     Find the "godot-surface" Any
2026-09-10T10:33:38.9375330Z     t =   298.64s     Check for interrupting elements affecting "godot-surface" Other
2026-09-10T10:33:38.9750760Z     t =   298.68s     Synthesize event
2026-09-10T10:33:38.9762890Z     t =   298.69s         Find the "godot-surface" Other
2026-09-10T10:33:39.0126680Z     t =   298.71s         Find the "godot-surface" Other
2026-09-10T10:33:39.0388650Z     t =   298.75s         Find the "godot-surface" Other
2026-09-10T10:33:39.3700750Z     t =   299.06s     Wait for dev.partydeck.godot.iosauthority to idle
2026-09-10T10:33:39.5790100Z     t =   299.28s Find the "authority-metrics" Any
2026-09-10T10:33:40.2177150Z     t =   299.93s Find the "authority-metrics" Any
2026-09-10T10:33:41.3009150Z     t =   301.00s Find the "authority-metrics" Any
2026-09-10T10:33:42.0129230Z /Users/runner/work/PartyDeck/PartyDeck/godot/ios-host/AuthorityHostUITests/AuthorityHostUITests.swift:299: error: -[AuthorityHostUITests.AuthorityHostUITests testReferenceMatchIn3D] : failed: caught error: "controlMissing"
2026-09-10T10:33:42.0132330Z     t =   301.69s Tear Down
2026-09-10T10:33:42.3289480Z Test Case '-[AuthorityHostUITests.AuthorityHostUITests testReferenceMatchIn3D]' failed (302.035 seconds).
2026-09-10T10:33:42.3322610Z Test Case '-[AuthorityHostUITests.AuthorityHostUITests testSecureTableRendererExit]' started.
2026-09-10T10:33:42.3331030Z     t =     0.00s Start Test at 2026-09-10 10:33:42.326
2026-09-10T10:33:42.8557000Z     t =     0.09s Set Up
2026-09-10T10:33:42.8559720Z     t =     0.09s Open dev.partydeck.godot.iosauthority
2026-09-10T10:33:42.8565670Z     t =     0.09s     Launch dev.partydeck.godot.iosauthority
2026-09-10T10:33:42.8567740Z     t =     0.09s         Terminate dev.partydeck.godot.iosauthority:39499
2026-09-10T10:33:43.9566950Z 2026-09-10 10:33:43.952 xcodebuild[10326:35899] [MT] IDELaunchParametersSnapshot: The operation couldn’t be completed. (DebuggerLLDB.DebuggerVersionStore.StoreError error 0.)
2026-09-10T10:33:43.9571040Z 2026-09-10 10:33:43.952 xcodebuild[10326:35899] [MT] IDELaunchParametersSnapshot: no debugger version
2026-09-10T10:33:45.1936790Z     t =     2.78s         Setting up automation session
2026-09-10T10:33:47.0485790Z     t =     4.69s         Wait for dev.partydeck.godot.iosauthority to idle
2026-09-10T10:33:48.6847190Z     t =     6.36s Waiting 15.0s for "start-2d" Any to exist
2026-09-10T10:33:49.7288460Z     t =     7.40s     Checking `Expect predicate `existsNoRetry == 1` for object "start-2d" Any`
2026-09-10T10:33:49.7298060Z     t =     7.40s         Checking existence of `"start-2d" Any`
2026-09-10T10:33:49.8080940Z     t =     7.47s Tap "start-2d" Any
2026-09-10T10:33:49.8185810Z     t =     7.47s     Wait for dev.partydeck.godot.iosauthority to idle
2026-09-10T10:33:49.8290550Z     t =     7.47s     Find the "start-2d" Any
2026-09-10T10:33:49.8415680Z     t =     7.51s     Check for interrupting elements affecting "start-2d" Button
2026-09-10T10:33:49.9113440Z     t =     7.58s     Synthesize event
2026-09-10T10:33:50.2073320Z     t =     7.88s     Wait for dev.partydeck.godot.iosauthority to idle
2026-09-10T10:33:50.8560170Z     t =     8.49s Find the "authority-metrics" Any
2026-09-10T10:33:53.1657880Z     t =    10.82s Find the "authority-metrics" Any
2026-09-10T10:33:53.3694040Z     t =    11.04s Find the "authority-metrics" Any
2026-09-10T10:33:53.3977720Z     t =    11.07s Find the "godot-surface" Any
2026-09-10T10:33:53.4371820Z     t =    11.11s Find the "godot-surface" Other
2026-09-10T10:33:53.4631610Z     t =    11.14s Find the "godot-surface" Other
2026-09-10T10:33:53.4872770Z     t =    11.16s Find the Target Application 'dev.partydeck.godot.iosauthority'
2026-09-10T10:33:53.4956100Z     t =    11.17s Find the "godot-surface" Other
2026-09-10T10:33:53.5307390Z     t =    11.20s Find the "authority-metrics" Any
2026-09-10T10:33:53.5542230Z     t =    11.23s Find the "authority-metrics" Any
2026-09-10T10:33:53.5806400Z     t =    11.25s Find the "authority-metrics" Any
2026-09-10T10:33:53.7683480Z     t =    11.44s Find the "authority-metrics" Any
2026-09-10T10:33:53.9565890Z     t =    11.62s Find the "authority-metrics" Any
2026-09-10T10:33:53.9786600Z     t =    11.65s Find the "godot-surface" Any
2026-09-10T10:33:54.0093710Z     t =    11.68s Find the "godot-surface" Other
2026-09-10T10:33:54.0470310Z     t =    11.72s Find the "godot-surface" Other
2026-09-10T10:33:54.0806000Z     t =    11.75s Find the Target Application 'dev.partydeck.godot.iosauthority'
2026-09-10T10:33:54.0883420Z     t =    11.76s Find the "godot-surface" Other
2026-09-10T10:33:54.1165530Z     t =    11.79s Added attachment named 'Observed control before input: exit'
2026-09-10T10:33:54.1184160Z     t =    11.79s Find the "authority-metrics" Any
2026-09-10T10:33:54.1396440Z     t =    11.81s Added attachment named 'Actual native touch geometry: exit'
2026-09-10T10:33:54.1431680Z     t =    11.81s Tap "godot-surface" Any[0.15, 0.06]
2026-09-10T10:33:54.1434630Z     t =    11.81s     Wait for dev.partydeck.godot.iosauthority to idle
2026-09-10T10:33:54.1447930Z     t =    11.81s     Find the "godot-surface" Any
2026-09-10T10:33:54.1614220Z     t =    11.83s     Check for interrupting elements affecting "godot-surface" Other
2026-09-10T10:33:54.1981160Z     t =    11.87s     Synthesize event
2026-09-10T10:33:54.1995510Z     t =    11.87s         Find the "godot-surface" Other
2026-09-10T10:33:54.2961070Z     t =    11.90s         Find the "godot-surface" Other
2026-09-10T10:33:54.2961440Z     t =    11.93s         Find the "godot-surface" Other
2026-09-10T10:33:54.6655130Z     t =    12.27s     Wait for dev.partydeck.godot.iosauthority to idle
2026-09-10T10:33:54.6658120Z     t =    12.29s Find the "authority-metrics" Any
2026-09-10T10:33:54.8747550Z     t =    12.53s Find the "authority-metrics" Any
2026-09-10T10:33:54.9248440Z     t =    12.59s Tap "host-counter-button" Any
2026-09-10T10:33:54.9257990Z     t =    12.59s     Wait for dev.partydeck.godot.iosauthority to idle
2026-09-10T10:33:54.9259550Z     t =    12.60s     Find the "host-counter-button" Any
2026-09-10T10:33:54.9854780Z     t =    12.65s     Check for interrupting elements affecting "host-counter-button" Button
2026-09-10T10:33:55.0463360Z     t =    12.70s     Synthesize event
2026-09-10T10:33:55.3536340Z     t =    13.02s     Wait for dev.partydeck.godot.iosauthority to idle
2026-09-10T10:33:55.3553430Z     t =    13.02s Find the "authority-metrics" Any
2026-09-10T10:33:56.0137710Z     t =    13.68s Find the "authority-metrics" Any
2026-09-10T10:33:56.0384930Z     t =    13.71s Find the "authority-metrics" Any
2026-09-10T10:33:56.0728120Z     t =    13.75s Find the Target Application 'dev.partydeck.godot.iosauthority'
2026-09-10T10:33:56.2005080Z     t =    13.87s Added attachment named 'Secure default table exited through Godot input'
2026-09-10T10:33:56.2020910Z     t =    13.87s Find the "authority-metrics" Any
2026-09-10T10:33:56.2245020Z     t =    13.90s Added attachment named 'Secure default table exited through Godot input measurements'
2026-09-10T10:33:56.2256320Z     t =    13.90s Tear Down
2026-09-10T10:33:56.4600310Z Test Case '-[AuthorityHostUITests.AuthorityHostUITests testSecureTableRendererExit]' passed (14.132 seconds).
2026-09-10T10:33:56.4602820Z Test Suite 'AuthorityHostUITests' failed at 2026-09-10 10:33:56.458.
2026-09-10T10:33:56.4603720Z 	 Executed 4 tests, with 2 failures (2 unexpected) in 774.365 (774.378) seconds
2026-09-10T10:33:56.4610580Z Test Suite 'AuthorityHostUITests.xctest' failed at 2026-09-10 10:33:56.458.
2026-09-10T10:33:56.4611380Z 	 Executed 4 tests, with 2 failures (2 unexpected) in 774.365 (774.386) seconds
2026-09-10T10:33:56.4708870Z Test Suite 'Selected tests' failed at 2026-09-10 10:33:56.459.
2026-09-10T10:33:56.4709720Z 	 Executed 4 tests, with 2 failures (2 unexpected) in 774.365 (774.388) seconds
2026-09-10T10:34:28.8449620Z 2026-09-10 10:34:28.843 xcodebuild[10326:35899] [MT] IDETestOperationsObserverDebug: 1071.084 elapsed -- Testing started completed.
2026-09-10T10:34:28.8451650Z 2026-09-10 10:34:28.843 xcodebuild[10326:35899] [MT] IDETestOperationsObserverDebug: 0.000 sec, +0.000 sec -- start
2026-09-10T10:34:28.8452930Z 2026-09-10 10:34:28.843 xcodebuild[10326:35899] [MT] IDETestOperationsObserverDebug: 1071.084 sec, +1071.084 sec -- end
2026-09-10T10:34:29.0727020Z 
2026-09-10T10:34:29.0727670Z Test session results, code coverage, and logs:
2026-09-10T10:34:29.0728330Z 	/Users/runner/work/PartyDeck/PartyDeck/godot/ios-host/build/artifacts/AuthorityHost.xcresult
2026-09-10T10:34:29.0728730Z 
2026-09-10T10:34:29.0728880Z ** TEST FAILED **
2026-09-10T10:34:29.0729120Z 
2026-09-10T10:34:38.3529310Z Testing started
2026-09-10T10:34:43.6561010Z Exported 161 attachments for: AuthorityHostUITests/testReferenceMatchIn2DAt200Percent():
2026-09-10T10:34:43.6562810Z File: FE18A04F-61B8-4678-A254-284F9E8BEECA.json, suggested name: "07 real winner 2d text 2 measurements_0_6C332EBF-B423-40B9-B55D-7F86DA6A9C6A.json"
2026-09-10T10:34:43.6564160Z File: C0057FD3-82AE-4CA2-8EEF-644B37F8C495.png, suggested name: "07 real winner 2d text 2_0_CD0F1798-DA94-4A4A-A379-B4D985F7A758.png"
2026-09-10T10:34:43.6565350Z File: 3056B5EC-363C-426C-BDD6-93AFCD676679, suggested name: "UI Snapshot 2026-09-10 at 10.20.51 AM"
2026-09-10T10:34:43.6566120Z File: B99F4CA2-6F34-423C-A81E-AEBD86F10962, suggested name: "Synthesized Event 2026-09-10 at 10.20.52 AM"
2026-09-10T10:34:43.6567580Z File: AE901DB2-66DE-4347-A364-7B55ABFF2060.json, suggested name: "Actual native touch geometry next_round_0_FC190776-A0C2-42A2-8845-DE7E72CAD2ED.json"
2026-09-10T10:34:43.6568920Z File: 50D449C3-0563-411C-AB12-76A656428E63.json, suggested name: "Observed control before input next_round_0_45F8F0DF-EF86-47AB-A88D-DCC939BB65F1.json"
2026-09-10T10:34:43.6570090Z File: 327FB651-032F-4820-8C4D-4963565D0103, suggested name: "UI Snapshot 2026-09-10 at 10.20.49 AM"
2026-09-10T10:34:43.6571410Z File: F67265BF-B5C3-481A-8AC9-7EE007022BC4, suggested name: "Synthesized Event 2026-09-10 at 10.20.49 AM"
2026-09-10T10:34:43.6572250Z File: 14EB89DE-2351-426F-9FF2-CF30358E9397.json, suggested name: "Actual native touch geometry next_round_0_BD8DAAA0-C863-41C7-B86E-7C135408E40A.json"
2026-09-10T10:34:43.6573120Z File: C7BC3C45-5AD4-41F9-A624-65EAC8E5F8BC.json, suggested name: "Observed control before input next_round_0_2D80BA9C-33D9-44B6-8C38-401995159A4C.json"
2026-09-10T10:34:43.6573910Z File: AA523B5A-8542-48DB-9E5A-A47DF126D2FC, suggested name: "UI Snapshot 2026-09-10 at 10.20.46 AM"
2026-09-10T10:34:43.6574600Z File: 48878DFE-9A52-40D6-A51A-C1183CB0EAD3, suggested name: "Synthesized Event 2026-09-10 at 10.20.46 AM"
2026-09-10T10:34:43.6575480Z File: FB3491A6-0E65-40BC-B1D5-75140CB8B65A.json, suggested name: "Actual native touch geometry next_round_0_01B0AFD1-8C7E-49B6-BBD9-8B4D31E83566.json"
2026-09-10T10:34:43.6576530Z File: 1E87619E-49CC-4D56-8B26-8C8677AD066F.json, suggested name: "Observed control before input next_round_0_D1DA3FE7-2C19-4FAA-ACA7-D525F53A6F4C.json"
2026-09-10T10:34:43.6577670Z File: 8A36B7F4-E863-4E52-88F6-B0C8903BF673, suggested name: "UI Snapshot 2026-09-10 at 10.20.44 AM"
2026-09-10T10:34:43.6580340Z File: AC459524-B148-4109-A901-772D45FD8971, suggested name: "Synthesized Event 2026-09-10 at 10.20.44 AM"
2026-09-10T10:34:43.6589830Z File: 9E945A81-0D41-4210-906A-7F7D8311A55E.json, suggested name: "Actual native touch geometry next_round_0_B9FB9395-FB75-4BB8-8D44-21802023ADAC.json"
2026-09-10T10:34:43.6593450Z File: 3708E2B4-2497-47A1-BFB5-7972D717F1EA.json, suggested name: "Observed control before input next_round_0_08E596A3-BAD6-42C2-9CD2-8B067AEF1366.json"
2026-09-10T10:34:43.6598930Z File: 5C7AA053-B652-4247-A3F3-589298FEE07E, suggested name: "UI Snapshot 2026-09-10 at 10.20.41 AM"
2026-09-10T10:34:43.6600220Z File: 235236AA-83C1-4CC3-BA97-01ACBBB04382, suggested name: "Synthesized Event 2026-09-10 at 10.20.41 AM"
2026-09-10T10:34:43.6601310Z File: F46352AA-926E-4861-A92E-FA77F36465A6.json, suggested name: "Actual native touch geometry next_round_0_5DF35573-8CEC-43CB-839E-458EBE455539.json"
2026-09-10T10:34:43.6614600Z File: C2768E1D-A822-4F1B-998D-10B0AD270B03.json, suggested name: "Observed control before input next_round_0_1FD82C20-277F-43BC-BC78-6583A3E3016F.json"
2026-09-10T10:34:43.6615620Z File: 6489A0C7-551B-4B19-8A40-817619C85497, suggested name: "UI Snapshot 2026-09-10 at 10.20.39 AM"
2026-09-10T10:34:43.6616960Z File: 1EDBB244-94FA-415C-A0F4-51C89C0212E5, suggested name: "Synthesized Event 2026-09-10 at 10.20.39 AM"
2026-09-10T10:34:43.6618010Z File: 91F7C869-DCC7-4284-AFD4-5A527D680D75.json, suggested name: "Actual native touch geometry next_round_0_47C7067B-668A-4B9E-8B63-AF13AD500AFB.json"
2026-09-10T10:34:43.6619160Z File: 47124D69-8052-4BE6-952A-47CE5F8AAD5A.json, suggested name: "Observed control before input next_round_0_64698CBA-0B67-4EF2-97F8-408C67C9BDA7.json"
2026-09-10T10:34:43.6620280Z File: 11D3AA9C-FA95-4C65-A810-EB9FBA62179C, suggested name: "UI Snapshot 2026-09-10 at 10.20.36 AM"
2026-09-10T10:34:43.6621210Z File: 1E3CFF28-E8F8-4A05-834D-3FE3A4CE7963, suggested name: "Synthesized Event 2026-09-10 at 10.20.36 AM"
2026-09-10T10:34:43.6622180Z File: 9F1C5A25-43EB-474D-8444-CA082CCFD688.json, suggested name: "Actual native touch geometry next_round_0_DE3FF149-A390-4B6C-A276-C14456D65D63.json"
2026-09-10T10:34:43.6623340Z File: BA6CC62B-88C1-49AE-9270-9D439AE2A0FC.json, suggested name: "Observed control before input next_round_0_A6AEF54E-5AA9-412C-A0AA-E91D28E3DF3D.json"
2026-09-10T10:34:43.6625370Z File: 15660D55-C95E-45D3-B37A-7CC5095896B3, suggested name: "UI Snapshot 2026-09-10 at 10.20.33 AM"
2026-09-10T10:34:43.6626350Z File: EA2C8463-4470-4F0F-8C8D-7A6D0BA3D173, suggested name: "Synthesized Event 2026-09-10 at 10.20.34 AM"
2026-09-10T10:34:43.6627680Z File: E9F75745-1B1F-4757-BDE4-F1945255CD50.json, suggested name: "Actual native touch geometry next_round_0_1B8982DA-89FA-4F3E-B506-A56A81C51EAD.json"
2026-09-10T10:34:43.6631860Z File: 0B47099B-3469-4D61-AE34-9ADD3D4093C4.json, suggested name: "Observed control before input next_round_0_5AEE0AD3-AFEE-408D-BFD4-00358483FFE4.json"
2026-09-10T10:34:43.6637070Z File: 514E0609-C935-428E-A87B-B11264E195AE, suggested name: "UI Snapshot 2026-09-10 at 10.20.29 AM"
2026-09-10T10:34:43.6640190Z File: 2265AB7B-EF14-4EE5-A7C3-A4BB3E362F68, suggested name: "Synthesized Event 2026-09-10 at 10.20.30 AM"
2026-09-10T10:34:43.6642670Z File: 84BA1219-4E89-4031-A215-F9B0B50039C0.json, suggested name: "Actual native touch geometry next_round_0_308F4BFC-BE9F-4087-B1EC-08411E29FC5D.json"
2026-09-10T10:34:43.6644790Z File: B7FFD12F-8BC7-418A-AB97-9922B857F428.json, suggested name: "Observed control before input next_round_0_0AA7152C-1F55-4F31-90DD-D0AE28801E0C.json"
2026-09-10T10:34:43.6646150Z File: FF2A4F82-6DA4-4020-97D5-E4028CF98B49, suggested name: "UI Snapshot 2026-09-10 at 10.20.26 AM"
2026-09-10T10:34:43.6647000Z File: 28125B66-BEE7-4596-84CA-09147A0DD583, suggested name: "Synthesized Event 2026-09-10 at 10.20.28 AM"
2026-09-10T10:34:43.6648660Z File: F3569C26-7A13-4C2D-B96C-B69B9F5E83EF.json, suggested name: "Measured scroll gesture next_round_0_399559E5-D85B-47FF-91AD-49D4F811AA07.json"
2026-09-10T10:34:43.6649920Z File: 430CF423-C170-48E2-8CCF-5F7AC7DD9BD8.json, suggested name: "Observed control before input next_round_0_4C4DA182-186D-4F16-98A3-1049F37D36DF.json"
2026-09-10T10:34:43.6652130Z File: 8C371644-F5C8-448A-A414-BBFFE4265A10, suggested name: "UI Snapshot 2026-09-10 at 10.20.21 AM"
2026-09-10T10:34:43.6653020Z File: 370F2400-8C74-42E1-BACE-83C4C18C221E, suggested name: "Synthesized Event 2026-09-10 at 10.20.23 AM"
2026-09-10T10:34:43.6654300Z File: FE664108-D582-4A10-8B50-6D27F70581B8.json, suggested name: "Actual native touch geometry next_round_0_FA41FE16-3B28-4057-85A5-818CC455C858.json"
2026-09-10T10:34:43.6660490Z File: 0F8F91E5-90E1-46EE-980E-3689584AE963.json, suggested name: "Observed control before input next_round_0_21A64FA2-0EF6-44A8-8F37-11AA7AF915A7.json"
2026-09-10T10:34:43.6671460Z File: 059CAFD6-9442-4A7D-8BF1-2523D196497E, suggested name: "UI Snapshot 2026-09-10 at 10.19.48 AM"
2026-09-10T10:34:43.6676950Z File: 6E6B3F46-76AB-40FD-93F4-217270F065F3, suggested name: "Synthesized Event 2026-09-10 at 10.19.51 AM"
2026-09-10T10:34:43.6678590Z File: 748B7711-4703-48B9-88F8-1105D15C3EB9.json, suggested name: "Measured scroll gesture next_round_0_C6DECDC9-7526-4798-A691-FD5919BEC65B.json"
2026-09-10T10:34:43.6681060Z File: 6D1F9753-DEBD-4A8B-9387-56D38082A08A.json, suggested name: "Observed control before input next_round_0_7FDDE0C7-8F6F-477C-9BF6-C8962053445C.json"
2026-09-10T10:34:43.6683310Z File: 263150AE-3542-4F94-B3A1-D70DBCB78955, suggested name: "UI Snapshot 2026-09-10 at 10.19.36 AM"
2026-09-10T10:34:43.6685690Z File: D0891555-C341-4914-9B92-E551A1F35B48, suggested name: "Synthesized Event 2026-09-10 at 10.19.38 AM"
2026-09-10T10:34:43.6686650Z File: 9EC4E0A5-BEA4-427B-9E54-AD27BB530EB0.json, suggested name: "Measured scroll gesture next_round_0_BDC2EBC1-4BD3-4BD4-9AE7-58A7F017DA77.json"
2026-09-10T10:34:43.6687840Z File: 084E2669-2DC3-4BCA-A1D5-5EFC5414C79D.json, suggested name: "Observed control before input next_round_0_C2E054B3-EC64-4124-809E-7B005DE5A499.json"
2026-09-10T10:34:43.6690100Z File: 200D52B9-9447-4FA6-9C89-1A631856027B, suggested name: "UI Snapshot 2026-09-10 at 10.19.33 AM"
2026-09-10T10:34:43.6692130Z File: 741E7EA9-9167-4D15-9EE3-811499ADF59A, suggested name: "Synthesized Event 2026-09-10 at 10.19.34 AM"
2026-09-10T10:34:43.6693380Z File: F1EF0DB2-5399-418E-8627-6C78E153C626.json, suggested name: "Actual native touch geometry play_0_0939A31F-F297-45AB-9762-9BE08DD4FED0.json"
2026-09-10T10:34:43.6696170Z File: E32B81A9-D768-42B9-B468-9255AC9F5109.json, suggested name: "Observed control before input play_0_799A44E3-27BD-4F34-8971-C34F50F28A48.json"
2026-09-10T10:34:43.6698360Z File: A9D47E02-B6C7-4263-85DB-78DC24F4001F, suggested name: "UI Snapshot 2026-09-10 at 10.19.29 AM"
2026-09-10T10:34:43.6700000Z File: 1D40CD48-ED59-47F1-8658-55C20DA159A5, suggested name: "Synthesized Event 2026-09-10 at 10.19.31 AM"
2026-09-10T10:34:43.6702050Z File: 05B192DD-B30C-4454-9003-A97CE2CC3F2A.json, suggested name: "Measured scroll gesture play_0_402CFF9E-BF86-4991-B1D1-C0F6A5B97344.json"
2026-09-10T10:34:43.6703280Z File: E764E6EC-6024-4DFE-BCCD-8E4D419081F4.json, suggested name: "Observed control before input play_0_1BFC7928-C075-4980-B625-969CF24706BB.json"
2026-09-10T10:34:43.6705180Z File: 94976D27-AF7F-490D-9884-EDD0D31C6591, suggested name: "UI Snapshot 2026-09-10 at 10.19.24 AM"
2026-09-10T10:34:43.6706330Z File: E556964B-3689-4A78-8C10-20F85EF3A664, suggested name: "Synthesized Event 2026-09-10 at 10.19.25 AM"
2026-09-10T10:34:43.6707500Z File: DCCEF881-0B7F-46F2-9706-37FCF53F7DB8.json, suggested name: "Actual native touch geometry card_0_DCDD1CE4-32CE-4FC0-9C19-CFA18CEFA9F3.json"
2026-09-10T10:34:43.6711360Z File: C1F13354-9546-4CDE-9C6C-C2FB42DB7816.json, suggested name: "Observed control before input card_0_6C4D1FBD-2054-4F5E-9623-FA45BAEA886F.json"
2026-09-10T10:34:43.6713970Z File: 2F768E9F-307C-43A0-840A-0E4034A73B22, suggested name: "UI Snapshot 2026-09-10 at 10.18.53 AM"
2026-09-10T10:34:43.6716080Z File: 8A74FA5C-5FA2-4730-ACEE-DD4C21549556, suggested name: "Synthesized Event 2026-09-10 at 10.18.54 AM"
2026-09-10T10:34:43.6720000Z File: DF416A7E-995F-4D70-AE60-4AB076A4C94A.json, suggested name: "Actual native touch geometry reveal_0_D1B8ADAA-4C9D-4FD7-8291-23DBD6879611.json"
2026-09-10T10:34:43.6725830Z File: F3D0EBE2-B31C-4F99-B377-BADD2A876C31.json, suggested name: "Observed control before input reveal_0_82D683DC-434C-4C3C-AAE7-25ED0C131E8D.json"
2026-09-10T10:34:43.6729830Z File: 2FA64344-5AA3-49E1-B96A-082FBDA45AE4, suggested name: "UI Snapshot 2026-09-10 at 10.18.50 AM"
2026-09-10T10:34:43.6731070Z File: 71F21AE7-CE47-46FE-A536-D2B1379EF033, suggested name: "Synthesized Event 2026-09-10 at 10.18.52 AM"
2026-09-10T10:34:43.6735600Z File: B08180CF-3856-4C04-9485-697721B20B2C.json, suggested name: "Measured scroll gesture reveal_0_FC5ADE1E-D300-4135-9690-7262B8718665.json"
2026-09-10T10:34:43.6740820Z File: DF44EC47-C6F5-4B2B-95E2-76A4A5FACD93.json, suggested name: "Observed control before input reveal_0_DBC4D8D8-56DB-44E8-B065-C885D1710087.json"
2026-09-10T10:34:43.6742330Z File: 266AE386-0071-4882-9150-079FA01F5D60, suggested name: "UI Snapshot 2026-09-10 at 10.18.48 AM"
2026-09-10T10:34:43.6744230Z File: 678CF2F4-633C-4384-A175-28CD633B5181, suggested name: "Synthesized Event 2026-09-10 at 10.18.48 AM"
2026-09-10T10:34:43.6746560Z File: 4BC4E872-D3EA-4147-8EB9-5CC969B6CD3A.json, suggested name: "Actual native touch geometry next_round_0_74325833-90FF-4B9C-ADC3-7B19C040AFF1.json"
2026-09-10T10:34:43.6747970Z File: B6389A69-825B-4D4A-9E08-102887ADE268.json, suggested name: "Observed control before input next_round_0_5E746632-21D1-462B-84A8-2E08D2875AE8.json"
2026-09-10T10:34:43.6750200Z File: 3F9C50E8-2907-4379-B976-0486FFEC7F85, suggested name: "UI Snapshot 2026-09-10 at 10.18.45 AM"
2026-09-10T10:34:43.6751310Z File: 0CF36507-6616-43C8-AC35-147536363D3D, suggested name: "Synthesized Event 2026-09-10 at 10.18.46 AM"
2026-09-10T10:34:43.6754070Z File: 6D34D4DA-26EC-4169-9E56-A40BAB12DC8C.json, suggested name: "Actual native touch geometry next_round_0_F50097BD-FC50-4BF7-8E58-4DE2CFAB44AC.json"
2026-09-10T10:34:43.6755410Z File: D1B42D7C-5091-4F22-B5B2-C80D1BB19290.json, suggested name: "Observed control before input next_round_0_52B39287-7D4F-4D71-86BE-2D211E519B96.json"
2026-09-10T10:34:43.6756450Z File: B2E77102-8D56-41AA-AA86-6A79C8B67B62, suggested name: "UI Snapshot 2026-09-10 at 10.18.41 AM"
2026-09-10T10:34:43.6757670Z File: AB9BA8BA-2CA5-4823-B7CA-ECF680BADDD0, suggested name: "Synthesized Event 2026-09-10 at 10.18.43 AM"
2026-09-10T10:34:43.6760140Z File: 54D5722D-E137-42AE-9996-92000F7108F3.json, suggested name: "Measured scroll gesture next_round_0_33E786A4-759A-4418-A50C-CD6716B8EF5B.json"
2026-09-10T10:34:43.6770300Z File: B88D88DE-9147-4E22-8874-31658F5DEE56.json, suggested name: "Observed control before input next_round_0_05132E6A-03CE-465F-8A46-7CBE46D5F448.json"
2026-09-10T10:34:43.6774760Z File: F92B8174-EC12-43DD-A0D6-F45A89FA43B7, suggested name: "UI Snapshot 2026-09-10 at 10.18.38 AM"
2026-09-10T10:34:43.6776010Z File: FEDC1483-50C7-4076-86D3-1448EE7A64EA, suggested name: "Synthesized Event 2026-09-10 at 10.18.39 AM"
2026-09-10T10:34:43.6777100Z File: 5E8C8AEA-B27A-4472-BF3E-637BC4AB8F7A.json, suggested name: "Actual native touch geometry next_round_0_A33A8612-DD89-4684-AD95-6F91DAAF99D2.json"
2026-09-10T10:34:43.6783870Z File: 8028D44B-DC4F-4F83-A2D3-D39B0ED5D2DC.json, suggested name: "Observed control before input next_round_0_3F0000D6-1CE0-45AF-BEB7-F46823EA8DDA.json"
2026-09-10T10:34:43.6786630Z File: 5A53B7FE-1240-44D6-8B5A-DAC9439644C3, suggested name: "UI Snapshot 2026-09-10 at 10.18.35 AM"
2026-09-10T10:34:43.6788960Z File: 05101A7B-3110-4063-AD7A-5A53118187BD, suggested name: "Synthesized Event 2026-09-10 at 10.18.37 AM"
2026-09-10T10:34:43.6792030Z File: E1E1E4AA-1A94-4A76-8D3A-D0AD6A65E02A.json, suggested name: "Measured scroll gesture next_round_0_BE039DF4-883B-44AA-817B-DC6B269DA4C7.json"
2026-09-10T10:34:43.6794110Z File: 8C9DB348-AB34-4EBC-8D66-87F46C7FA498.json, suggested name: "Observed control before input next_round_0_A249104D-E5F4-44A8-95DF-ECFC4623D3B2.json"
2026-09-10T10:34:43.6795550Z File: 852AAAE6-157C-4E14-A4A0-6A4786AE41D6.json, suggested name: "05 public outcome 2d text 2 measurements_0_4C603D98-9363-43F1-899A-FB094C5D294B.json"
2026-09-10T10:34:43.6796630Z File: DCBD430F-80A1-4F95-9353-1022DE124380.png, suggested name: "05 public outcome 2d text 2_0_331537EC-7426-4FBB-B867-1CA8C4749771.png"
2026-09-10T10:34:43.6797840Z File: A8C2B021-C38C-414A-A393-D375F9C29218.json, suggested name: "04 actual viewer play 2d text 2 measurements_0_B67F8089-A1F1-4225-A367-2BFA192882BF.json"
2026-09-10T10:34:43.6798950Z File: 6A4EA08D-C470-4469-BD70-C8E307ADE947.png, suggested name: "04 actual viewer play 2d text 2_0_1808BAB1-BB78-4A79-8274-40299803FAB5.png"
2026-09-10T10:34:43.6800800Z File: 1639D13C-FDBF-45BA-9527-09958EDA1AC7, suggested name: "UI Snapshot 2026-09-10 at 10.18.31 AM"
2026-09-10T10:34:43.6801980Z File: 43CBF02F-6BF4-4169-B9E5-D8201A492271, suggested name: "Synthesized Event 2026-09-10 at 10.18.32 AM"
2026-09-10T10:34:43.6802890Z File: 0733121A-C50E-46F1-BCB6-6AE625CC3A58.json, suggested name: "Actual native touch geometry play_0_CB7930F7-407A-4898-A4C8-E0A1DD7BAAB9.json"
2026-09-10T10:34:43.6803880Z File: A9CACE0C-475C-46C8-9299-52DC06360289.json, suggested name: "Observed control before input play_0_C3F753AE-4838-4371-B7AC-B687F3DC19AE.json"
2026-09-10T10:34:43.6804880Z File: 3B46DC1A-41BC-447B-ABD3-0EB1EBACF7EE, suggested name: "UI Snapshot 2026-09-10 at 10.18.28 AM"
2026-09-10T10:34:43.6807660Z File: 1DB182BC-19F8-4588-9860-D87899277958, suggested name: "Synthesized Event 2026-09-10 at 10.18.30 AM"
2026-09-10T10:34:43.6808790Z File: 07DE3781-A7C2-4AFF-A0CC-3B8B5107D111.json, suggested name: "Measured scroll gesture play_0_3A3F765C-96B8-42D2-83CD-6663B99DC815.json"
2026-09-10T10:34:43.6809790Z File: E79EA703-42BC-4AE9-A6CC-8F6F4E4A5B8F.json, suggested name: "Observed control before input play_0_EFBA6329-A401-4E75-9D64-0DDEBFC313B0.json"
2026-09-10T10:34:43.6810720Z File: 64FD00DA-6C61-4665-843D-021CDB20F2DD, suggested name: "UI Snapshot 2026-09-10 at 10.18.26 AM"
2026-09-10T10:34:43.6811630Z File: 065A02EE-0326-4DBD-8861-956105A81566, suggested name: "Synthesized Event 2026-09-10 at 10.18.26 AM"
2026-09-10T10:34:43.6812970Z File: DFD0F085-AE72-471E-9EE3-5DD61C27513F.json, suggested name: "Actual native touch geometry card_0_A4A8A8BD-3459-4392-8336-48DA22A48419.json"
2026-09-10T10:34:43.6814630Z File: 32816EC7-CF6A-4A80-9F6D-9B6A6EB98958.json, suggested name: "Observed control before input card_0_DDAF623F-2094-4143-B5EC-D81C3977D8B5.json"
2026-09-10T10:34:43.6815620Z File: 8551FE62-65DA-41AF-B64A-69549B4A8876, suggested name: "UI Snapshot 2026-09-10 at 10.18.24 AM"
2026-09-10T10:34:43.6816350Z File: 37C0C3AA-1B5E-4F44-A957-049F4FA09675, suggested name: "Synthesized Event 2026-09-10 at 10.18.24 AM"
2026-09-10T10:34:43.6817170Z File: DB7CC6E6-5D5F-4A56-9D25-0379849DD499.json, suggested name: "Actual native touch geometry reveal_0_A89F5322-70AA-4ED6-8608-9ED9A2CB5AB5.json"
2026-09-10T10:34:43.6818300Z File: 5FCECDD4-773F-40EC-895B-F07B0CAB7100.json, suggested name: "Observed control before input reveal_0_9FED82BB-CF18-481D-9CBB-C6A5AFECEA16.json"
2026-09-10T10:34:43.6819510Z File: FE32BA46-E7BA-4475-AF8C-77348441EE45.json, suggested name: "Same authority resumed with concealed cards measurements_0_6E4E4DC4-8489-445C-AA13-3753F9622E38.json"
2026-09-10T10:34:43.6821260Z File: BA0B0F57-03EF-4D48-A7C6-5EF3755168D7.png, suggested name: "Same authority resumed with concealed cards_0_DCA945FF-ED46-4364-A94B-9E511027238D.png"
2026-09-10T10:34:43.6822770Z File: CD332E03-F47D-47D5-96E1-FCF500FB4FF9.png, suggested name: "Actual Home screen before game reactivation_0_B77AD2C1-77F7-41F1-A424-7FE5DA296CFF.png"
2026-09-10T10:34:43.6823740Z File: 04A01073-892F-4A33-B834-D46DB60077E6.json, suggested name: "Actual Home and application state observation_0_EE627302-7F38-47E0-A0C2-F7546DE99C69.json"
2026-09-10T10:34:43.6825110Z File: 84B1688F-EECF-4AFC-8BB0-6FF9A8E48FC6.txt, suggested name: "Actual SpringBoard accessibility hierarchy after Home_0_49F15155-1282-4789-BB53-E64F102D66A2.txt"
2026-09-10T10:34:43.6826200Z File: EB16C351-3E4F-43B6-AAC9-13FCEF7F303A, suggested name: "UI Snapshot 2026-09-10 at 10.18.14 AM"
2026-09-10T10:34:43.6827370Z File: 60CC69C8-C927-4FB8-8389-A542F5DFF142, suggested name: "Synthesized Event 2026-09-10 at 10.18.15 AM"
2026-09-10T10:34:43.6828320Z File: ADB201C4-EAC8-42A1-884E-F47D0803F1D8.json, suggested name: "Actual native touch geometry card_0_AA8B54A8-9414-4FDE-B98C-C7068D904B7F.json"
2026-09-10T10:34:43.6832370Z File: 24EBBBEB-5855-4C46-A19C-1C75CFFF7237.json, suggested name: "Observed control before input card_0_36ACC01F-17CB-45C8-B42A-97A91B1160A8.json"
2026-09-10T10:34:43.6835190Z File: E55C3F49-9894-46F7-9357-C99A27BB4379, suggested name: "UI Snapshot 2026-09-10 at 10.18.12 AM"
2026-09-10T10:34:43.6836230Z File: 906CD02E-BD3B-4F29-B445-646E3A65E709, suggested name: "Synthesized Event 2026-09-10 at 10.18.12 AM"
2026-09-10T10:34:43.6838770Z File: E4806B24-7217-44DE-BD68-2807D6AFB92A.json, suggested name: "Actual native touch geometry reveal_0_1C6792DE-FC3A-490F-8C73-67828491F09A.json"
2026-09-10T10:34:43.6840360Z File: 6681F942-D328-42EA-93E1-C93C85690081.json, suggested name: "Observed control before input reveal_0_0394741A-B300-4307-8F6E-8B6C0CDE6666.json"
2026-09-10T10:34:43.6841170Z File: FB9604A7-7FC2-4A11-9661-8F3937A19FEC, suggested name: "UI Snapshot 2026-09-10 at 10.18.10 AM"
2026-09-10T10:34:43.6842710Z File: 97DC4168-6DE8-42C7-99FE-3FE755839B26, suggested name: "Synthesized Event 2026-09-10 at 10.18.10 AM"
2026-09-10T10:34:43.6854450Z File: 23932A68-B711-414E-A272-3099CAE10686.json, suggested name: "Native cover with paused private bindings cleared measurements_0_C196FD23-20C0-49B5-A6D4-EEDDF41941E2.json"
2026-09-10T10:34:43.6856020Z File: 1CB762D6-9844-41E8-9047-FFF9A966040F.png, suggested name: "Native cover with paused private bindings cleared_0_426D21D1-0686-48DE-86C5-63B474CBC3F0.png"
2026-09-10T10:34:43.6858880Z File: 9CC22E0D-88F7-45AB-9F8B-BCEA10A7A63C, suggested name: "UI Snapshot 2026-09-10 at 10.18.07 AM"
2026-09-10T10:34:43.6859610Z File: B782A1DF-7D6A-4B36-9338-C8C6EE297561, suggested name: "Synthesized Event 2026-09-10 at 10.18.08 AM"
2026-09-10T10:34:43.6861540Z File: CF569105-321B-48E8-91F5-A27F69B04078, suggested name: "UI Snapshot 2026-09-10 at 10.18.04 AM"
2026-09-10T10:34:43.6862890Z File: 20A17213-4922-47F7-9A10-43FC8461BBC8, suggested name: "Synthesized Event 2026-09-10 at 10.18.05 AM"
2026-09-10T10:34:43.6864500Z File: F9D2D3D2-4F1D-4E17-A2B8-45042D327515.json, suggested name: "Actual native touch geometry card_0_FBB62B8A-C1DD-44AF-AD00-2B5E680BCF4F.json"
2026-09-10T10:34:43.6865600Z File: C1ED9479-FC2B-4A57-B290-6D9C9EFBD65E.json, suggested name: "Observed control before input card_0_689228F4-C2C0-4E63-A727-53F30584D6C3.json"
2026-09-10T10:34:43.6866860Z File: 44E285A1-9DE0-4DA9-AC0F-B30A75414711, suggested name: "UI Snapshot 2026-09-10 at 10.18.02 AM"
2026-09-10T10:34:43.6868570Z File: DDBE7ED5-1057-45AA-9DB4-1786793F4EC6, suggested name: "Synthesized Event 2026-09-10 at 10.18.02 AM"
2026-09-10T10:34:43.6870420Z File: 7CA74E4A-01D0-49A3-AF0F-004F8E7114BC.json, suggested name: "Actual native touch geometry reveal_0_2F5267B6-D626-48BB-8080-F6EB72902C5A.json"
2026-09-10T10:34:43.6871460Z File: 73037B05-7FBE-41C7-AD50-8B6C8C4D71D7.json, suggested name: "Observed control before input reveal_0_294A04B5-3903-4C1D-92B1-8D4EB69C6E2F.json"
2026-09-10T10:34:43.6874420Z File: 52B7E2C5-B1ED-4405-BCF5-8E0988E6B55A.json, suggested name: "03 private bindings cleared 2d text 2 measurements_0_0D7151A5-A50E-4463-9AF0-4DE500203026.json"
2026-09-10T10:34:43.6877210Z File: 7EA2FDB0-ED34-48A8-B86E-7D8204409C22.png, suggested name: "03 private bindings cleared 2d text 2_0_50E07E51-481A-4A6C-92AD-DC101D1FD5F8.png"
2026-09-10T10:34:43.6878550Z File: AFA95925-B0EA-4D83-8624-4BA9317D5936, suggested name: "UI Snapshot 2026-09-10 at 10.18.00 AM"
2026-09-10T10:34:43.6879520Z File: DF38C22D-6247-49D7-87CE-A3DC3A3074D9, suggested name: "Synthesized Event 2026-09-10 at 10.18.00 AM"
2026-09-10T10:34:43.6882730Z File: 03697CBE-11CF-436B-82B9-F1B2D6F9FAC8.json, suggested name: "Actual native touch geometry hide_0_BE082A81-72B6-4F27-9182-CBE86B7C27DB.json"
2026-09-10T10:34:43.6884040Z File: 36913FB2-0AF9-4FA5-8B68-F131A1D82A45.json, suggested name: "Observed control before input hide_0_6A2DE64E-2BA9-4A9D-B896-994123C370B5.json"
2026-09-10T10:34:43.6885360Z File: 6FAEC62A-7ACE-48B4-BA51-10FCBB01041E.json, suggested name: "02 revealed and selected 2d text 2 measurements_0_188E5EC7-9AD7-4FE8-91E1-427E4C4386A3.json"
2026-09-10T10:34:43.6886460Z File: 6261B6D2-0B09-4F66-ABFD-0EE0F3A18612.png, suggested name: "02 revealed and selected 2d text 2_0_CE060EDA-BEE5-4433-9F0B-04216F76A503.png"
2026-09-10T10:34:43.6887360Z File: E4ABF17A-F632-4C4C-A921-A5D7AE718E74, suggested name: "UI Snapshot 2026-09-10 at 10.17.56 AM"
2026-09-10T10:34:43.6889780Z File: 15117D87-468C-49AB-BE0D-4896E019BCBC, suggested name: "Synthesized Event 2026-09-10 at 10.17.57 AM"
2026-09-10T10:34:43.6890900Z File: 927BD227-5AB5-49BD-800E-A31E5CF42DBE.json, suggested name: "Actual native touch geometry card_0_656CFBCE-39FA-4EC1-B645-EC6423A3CA34.json"
2026-09-10T10:34:43.6891920Z File: A4B6ED1F-9E53-4602-8CE6-A5E3698E9AE4.json, suggested name: "Observed control before input card_0_784B17A1-6C42-43BD-80C8-177AE6FC22D8.json"
2026-09-10T10:34:43.6892930Z File: 84A8C0A1-63BE-493A-98E5-077043792A79, suggested name: "UI Snapshot 2026-09-10 at 10.17.52 AM"
2026-09-10T10:34:43.7215660Z File: DF2222F6-028C-4AFC-BAA5-B9AC58991948, suggested name: "Synthesized Event 2026-09-10 at 10.17.53 AM"
2026-09-10T10:34:43.7239260Z File: 075228F6-1320-4A13-B225-DBE1087F6185.json, suggested name: "Actual native touch geometry reveal_0_15F88392-1E35-4B1C-8B11-17AFFB14D33F.json"
2026-09-10T10:34:43.7240440Z File: 7E3184FA-FCCE-49C0-ABE9-018CFF7C3D6C.json, suggested name: "Observed control before input reveal_0_5CF788E1-386E-4C87-BA9E-67F0ADDC1860.json"
2026-09-10T10:34:43.7241710Z File: 10825AEE-5F9C-49C4-9DB8-94FA79F95D14.json, suggested name: "01 concealed 2d text 2 measurements_0_1594939E-75D4-4E03-81F3-0038B6A30761.json"
2026-09-10T10:34:43.7243080Z File: 821415D4-A90C-4F1A-BD17-62D1DB8A6512.png, suggested name: "01 concealed 2d text 2_0_D5008546-EEF0-4CCD-854C-A8BF2BCEC6D6.png"
2026-09-10T10:34:43.7243890Z File: 2FB9311E-2ACD-4E63-93CC-C709C2DFED13, suggested name: "Synthesized Event 2026-09-10 at 10.17.44 AM"
2026-09-10T10:34:43.7244580Z File: B842E65E-ED3C-41B8-81D8-1896A7957522.mp4, suggested name: "Screen Recording 2026-09-10 at 10.17.31 AM.mp4"
2026-09-10T10:34:43.7247460Z 
2026-09-10T10:34:43.7247690Z Exported 85 attachments for: AuthorityHostUITests/testReferenceMatchIn2D():
2026-09-10T10:34:43.7248390Z File: B779F8E3-8233-4077-BE80-98BE0AB11840.json, suggested name: "09 table returned through authority 2d text 1 measurements_0_1ED45F25-7A59-4C3B-8426-BBFB50186B78.json"
2026-09-10T10:34:43.7249640Z File: B4E6CEA3-2E78-451C-83D8-17C22A6A3041.png, suggested name: "09 table returned through authority 2d text 1_0_DFBD0068-DE43-4DE3-BBC0-BB66FDBA0698.png"
2026-09-10T10:34:43.7250660Z File: FB84F4E3-43E1-4123-9D0F-6F74CDAC36E5.json, suggested name: "Actual native touch geometry lobby_0_8ADB9316-170D-4A85-B331-CB10AA534D85.json"
2026-09-10T10:34:43.7272280Z File: B4734959-5993-4A4C-AC28-7A5A5F1A2FE9.json, suggested name: "Observed control before input lobby_0_57ACD269-3EA0-4FDB-922B-C2B78A555234.json"
2026-09-10T10:34:43.7276460Z File: 1E705DA4-0D73-4336-8360-66D218EFD57C.json, suggested name: "07 real winner 2d text 1 measurements_0_93F0B4CD-DF51-48E9-8D87-90A703E86E9F.json"
2026-09-10T10:34:43.7277580Z File: E5BD651A-6DAD-480E-8B9A-371EC3CBCF53.png, suggested name: "07 real winner 2d text 1_0_7AC1EFD2-5015-4477-A3A9-C15E5A33245E.png"
2026-09-10T10:34:43.7278850Z File: F034CE9C-1DD6-492D-9049-7ADBA82EE2D5.json, suggested name: "Actual native touch geometry next_round_0_FDE0E06E-98E5-462B-B477-7E1486BBB2C7.json"
2026-09-10T10:34:43.7279990Z File: 93E69DFA-753B-4325-9171-2CD01705C839.json, suggested name: "Observed control before input next_round_0_BB23DD00-9EB5-4461-9DE6-9BBD7D3C3805.json"
2026-09-10T10:34:43.7281090Z File: D22B0238-2D4F-4882-9F77-9791535CC1E6.json, suggested name: "Actual native touch geometry next_round_0_77EA88B2-C021-42CE-BC57-EF975410D474.json"
2026-09-10T10:34:43.7282350Z File: 1C870D25-22DC-484C-B98E-DC6780D0A5A1.json, suggested name: "Observed control before input next_round_0_55F7E160-4FBA-408F-B19E-F610CF92D4AD.json"
2026-09-10T10:34:43.7283740Z File: 2AF45EBF-4BA9-44DD-B1A8-36F4B45A39A3.json, suggested name: "Actual native touch geometry next_round_0_9DB43CC1-B18A-4B40-AFB8-7993AAA74376.json"
2026-09-10T10:34:43.7287730Z File: F51B12F6-97CA-4DBA-8DEE-7D46DA3119F7.json, suggested name: "Observed control before input next_round_0_CE3E8EC8-DB60-4297-AA89-650F993C62F2.json"
2026-09-10T10:34:43.7401330Z File: B252E49C-3DDC-4AB6-ABDC-2F092697DC79.json, suggested name: "Actual native touch geometry next_round_0_8493CB0F-F927-4741-8822-F26003636B73.json"
2026-09-10T10:34:43.7403040Z File: 6C278F14-114E-454D-A92A-D7377E6BA121.json, suggested name: "Observed control before input next_round_0_EFB4BD84-35B8-465C-8787-37019B85EBF7.json"
2026-09-10T10:34:43.7404380Z File: D3526EA6-7156-440C-B62D-6EB9B4AB6045.json, suggested name: "Actual native touch geometry next_round_0_92CC8CF8-98EE-4A41-9B47-032AD5B8DF00.json"
2026-09-10T10:34:43.7406400Z File: F36659E9-7040-405E-89E8-B1A09D707A4A.json, suggested name: "Observed control before input next_round_0_8AD62596-6B0A-487E-8726-02D4DAB10D6F.json"
2026-09-10T10:34:43.7407410Z File: 4FA8D86B-D9C5-434F-AFC9-ED28A6CCDA00.json, suggested name: "Actual native touch geometry next_round_0_704C8BB8-EE38-4B61-80B7-E851D017E7B1.json"
2026-09-10T10:34:43.7408340Z File: 75E4FD34-A151-4A0C-BFA7-3423C1349043.json, suggested name: "Observed control before input next_round_0_864A3302-7F9F-4CAB-A310-DBA4633124F8.json"
2026-09-10T10:34:43.7411050Z File: 1B33E7A5-3FA0-414D-98B5-1CFDD9C2CB0E.json, suggested name: "Actual native touch geometry challenge_0_0A438ED0-5D24-43FE-83D9-191D3D918D5D.json"
2026-09-10T10:34:43.7411930Z File: 2C52ECC0-C7F3-4825-A9DC-6CEA5B43E663.json, suggested name: "Observed control before input challenge_0_757F22C2-9E4E-4A2D-B7D7-6E3EA0728D89.json"
2026-09-10T10:34:43.7412890Z File: 0396F12B-B2FD-4109-AE82-12E5F40D8685.json, suggested name: "Actual native touch geometry next_round_0_007CBAB1-0F28-46CE-8A87-54457263780E.json"
2026-09-10T10:34:43.7415260Z File: BE795D81-2B21-467E-B506-5432F1EBD24A.json, suggested name: "Observed control before input next_round_0_9FF453BF-4BB9-4A9B-B09A-10B8A3CB1DBC.json"
2026-09-10T10:34:43.7416220Z File: 06B258A7-D01A-4533-ADD5-FF641EECEAE6.json, suggested name: "Actual native touch geometry next_round_0_D68C917B-6788-4D38-BC31-37EC725F08EA.json"
2026-09-10T10:34:43.7417890Z File: ADAEA651-909B-4446-A377-788C2B7BBCFE.json, suggested name: "Observed control before input next_round_0_276AA88B-6B74-42F0-8F4A-E69E1B00E902.json"
2026-09-10T10:34:43.7424820Z File: A66E4D42-F7C4-4F88-B1CF-71CB4B5E8E61.json, suggested name: "Actual native touch geometry next_round_0_D2F1E985-0F04-405D-9A86-6B2D302C3B74.json"
2026-09-10T10:34:43.7425890Z File: 0902653F-7C28-417F-AFFA-F069BAE6DEDA.json, suggested name: "Observed control before input next_round_0_43A2D21B-CD8F-4465-B42E-B2299A713A4F.json"
2026-09-10T10:34:43.7426940Z File: BFB4475F-5FA3-486A-98B3-89D02C1079D1.json, suggested name: "Actual native touch geometry play_0_787AFB33-FC95-4BF7-80B7-6EDDD7B518F2.json"
2026-09-10T10:34:43.7433130Z File: 3DEBFA55-2403-4B88-BB6B-BE9355D6A499.json, suggested name: "Observed control before input play_0_4DBCEF80-99CE-4AD6-95C7-74383E78F1FC.json"
2026-09-10T10:34:43.7434060Z File: DBAE68B5-4C4F-4D29-9C50-73C2175B9112.json, suggested name: "Actual native touch geometry card_0_1F07B685-8851-4715-B85B-E401C7B2983C.json"
2026-09-10T10:34:43.7435360Z File: E7B437DE-2C8B-489A-AD8B-801E0BC623E8.json, suggested name: "Observed control before input card_0_D89AD77D-224A-4EEE-81D8-26CB639984A1.json"
2026-09-10T10:34:43.7437810Z File: DBA66462-373F-45AF-BF1E-4FC64EABEF7D.json, suggested name: "Actual native touch geometry reveal_0_15844682-C693-4C13-8890-1BC226DC186B.json"
2026-09-10T10:34:43.7439740Z File: CF98A56A-2D44-4CCE-B8DF-74EB06EA155C.json, suggested name: "Observed control before input reveal_0_92CF3BB9-04DE-461A-BE1B-ED4B649344BF.json"
2026-09-10T10:34:43.7450850Z File: 68DAE9D9-E7A9-4A5C-ABFD-5E2DE7C050EF.json, suggested name: "Measured scroll gesture reveal_0_7F08F8FC-37F2-4B12-89A2-BF69CE82C941.json"
2026-09-10T10:34:43.7452380Z File: B5B6313F-E806-4506-8ABB-A79B70A83F14.json, suggested name: "Observed control before input reveal_0_C6C40D0F-E8CF-4A5F-805D-269852E06CC0.json"
2026-09-10T10:34:43.7453240Z File: 94E5F39F-6B04-4716-A212-140FB972CEDA.json, suggested name: "Actual native touch geometry next_round_0_A3541A4F-6CD7-4953-BA65-909A7557B446.json"
2026-09-10T10:34:43.7458900Z File: 16A8BBBF-5C68-46E4-96CE-E131C9FE0EE8.json, suggested name: "Observed control before input next_round_0_08816681-C24E-43BC-ACD6-FBCFAD398741.json"
2026-09-10T10:34:43.7460050Z File: F2F4AD64-28CD-4C4C-B31E-992568D3F907.json, suggested name: "06 actual viewer challenge 2d text 1 measurements_0_44271CF6-211E-4DB8-B459-4A3A8DD4AAD0.json"
2026-09-10T10:34:43.7460880Z File: 958916A5-47A5-42CC-B09C-43A1E1100185.png, suggested name: "06 actual viewer challenge 2d text 1_0_F618D8A6-B374-4C14-8985-0D3FFACA6081.png"
2026-09-10T10:34:43.7461760Z File: A58B3D7B-2A0C-4EE1-AE04-E8135BC39ED7.json, suggested name: "Actual native touch geometry challenge_0_952632AF-9F25-4606-AD1D-98379ACB2261.json"
2026-09-10T10:34:43.7462580Z File: F8755AF3-9AF5-4BC4-BD53-8505BEFE4ED1.json, suggested name: "Observed control before input challenge_0_E93B8F0A-6265-42A2-873C-780DF64862B3.json"
2026-09-10T10:34:43.7463390Z File: CF55B2FD-28ED-4EB8-8A44-8170F1EF0E4B.json, suggested name: "Actual native touch geometry next_round_0_54EBC3A4-CDDB-4293-BB5F-490C536491A7.json"
2026-09-10T10:34:43.7464200Z File: 3F6FEBDA-1BB6-4979-89CD-91184EF05775.json, suggested name: "Observed control before input next_round_0_64259DFC-49A8-4135-9BC4-288D057C5583.json"
2026-09-10T10:34:43.7465010Z File: D808DA7E-0614-476D-B66F-AFC3A7A43453.json, suggested name: "Actual native touch geometry next_round_0_257D4EDF-E134-4269-B040-FD1BDA922952.json"
2026-09-10T10:34:43.7465820Z File: EDF884C0-4638-421C-BC8D-E192535176FE.json, suggested name: "Observed control before input next_round_0_B5EC06A5-4942-4715-A9A3-8EBB9AFED1E8.json"
2026-09-10T10:34:43.7466620Z File: BB041A22-A379-4878-8EDB-1F71B3167254.json, suggested name: "Actual native touch geometry next_round_0_D44FAD8F-4392-4F8A-9B0C-D8C54A5B9B4C.json"
2026-09-10T10:34:43.7467420Z File: E0D77B82-6B10-4613-BD1E-EF4A139E5890.json, suggested name: "Observed control before input next_round_0_00BA6852-D385-4AA4-8257-87D056BE85A3.json"
2026-09-10T10:34:43.7468220Z File: 67793AEE-6EE5-408B-AF66-B501172BB9BA.json, suggested name: "05 public outcome 2d text 1 measurements_0_E55869B1-3605-40E8-9763-B1ED67439273.json"
2026-09-10T10:34:43.7469010Z File: E0A97B0A-85AD-46A5-9E1D-69F1F289F1AE.png, suggested name: "05 public outcome 2d text 1_0_13B4FC3A-97E9-42E7-AE77-6A510840F2AE.png"
2026-09-10T10:34:43.7469790Z File: D041BAAD-B92D-4BB4-9302-03F8B490E8B9.json, suggested name: "04 actual viewer play 2d text 1 measurements_0_6462A62D-73E3-4002-AFC6-A744F00556CF.json"
2026-09-10T10:34:43.7470580Z File: 43BF3E82-D18D-44BD-AF14-4442AAADE1E0.png, suggested name: "04 actual viewer play 2d text 1_0_5EF97883-418A-4C22-A722-D21B6CC0B648.png"
2026-09-10T10:34:43.7471340Z File: E98FEDF5-891E-43AF-9D73-1CF4BB445A7E.json, suggested name: "Actual native touch geometry play_0_96D7C7FA-2578-48FC-90EE-644EFE875251.json"
2026-09-10T10:34:43.7472130Z File: 36B7D307-89E1-4D56-8CE3-7772CA020745.json, suggested name: "Observed control before input play_0_85BA9C41-66B0-4C3C-A554-88C7855C5111.json"
2026-09-10T10:34:43.7472890Z File: 76A3944F-B618-4A51-BE71-1675861923A2.json, suggested name: "Actual native touch geometry card_0_397F433B-8ACD-4217-B87B-27A76E6127B6.json"
2026-09-10T10:34:43.7473660Z File: F127CE71-BD14-4D70-9A3C-D682F0889D6C.json, suggested name: "Observed control before input card_0_D51912EE-3447-4E8A-9FFA-E2FF0713F294.json"
2026-09-10T10:34:43.7474440Z File: 7F1D92D2-BA48-456D-9731-94AFF223F8F8.json, suggested name: "Actual native touch geometry reveal_0_96143748-56A7-4D17-BDF4-25D6C00019D8.json"
2026-09-10T10:34:43.7475370Z File: 40F80857-3B76-4CF8-983C-92685F5E1FEE.json, suggested name: "Observed control before input reveal_0_2B34B3B3-0511-4B48-BFC8-170CA567B10B.json"
2026-09-10T10:34:43.7476220Z File: 64E56699-B3DA-438A-99DE-FD5ABB077109.json, suggested name: "Same authority resumed with concealed cards measurements_0_78E8171A-8FC1-4DBC-9B3E-007A1FA45820.json"
2026-09-10T10:34:43.7477080Z File: 4C22C36E-3324-41DC-9930-401D2238D634.png, suggested name: "Same authority resumed with concealed cards_0_8BF952B1-956A-4310-8EF8-80D0C67AB7D9.png"
2026-09-10T10:34:43.7477890Z File: C9192D24-85AB-469B-87E9-370FEAF50AA7.png, suggested name: "Actual Home screen before game reactivation_0_5EC8089B-3CC7-48BE-83C4-7858F7D0A547.png"
2026-09-10T10:34:43.7478820Z File: 02B57646-DFFA-41CF-89AC-E6B001A54D85.json, suggested name: "Actual Home and application state observation_0_7953B262-0D58-49B6-B080-EF1C9E00AB5D.json"
2026-09-10T10:34:43.7479680Z File: 344F720A-D9E8-4AE1-9259-62A82BD80A9F.txt, suggested name: "Actual SpringBoard accessibility hierarchy after Home_0_00993E50-9BA9-42DD-9F0E-3491BB6043AD.txt"
2026-09-10T10:34:43.7480500Z File: E6361852-379D-4774-816B-E8F866E32937.json, suggested name: "Actual native touch geometry card_0_841938BE-6D2A-42F1-A68F-F061F2B4A70E.json"
2026-09-10T10:34:43.7482730Z File: 0D5EA65F-F46B-4822-A930-A526EC7AC862.json, suggested name: "Observed control before input card_0_8D98E90D-DAB8-4115-84D1-7DCF15903378.json"
2026-09-10T10:34:43.7483520Z File: C5EA3E12-74A8-4FC6-93AC-A5B8D93FED74.json, suggested name: "Actual native touch geometry reveal_0_961DDD36-2132-4D74-A600-C22FC4642848.json"
2026-09-10T10:34:43.7484300Z File: CFD6F439-49D2-4899-A41D-1DCE06F8E11E.json, suggested name: "Observed control before input reveal_0_6B301A00-B591-4F74-B964-AF94C435106B.json"
2026-09-10T10:34:43.7485180Z File: 7A7E71FA-A4A7-442F-A2D7-FCA0189D1263.json, suggested name: "Native cover with paused private bindings cleared measurements_0_B8B36085-C0C5-4072-989E-FF1D5371CB36.json"
2026-09-10T10:34:43.7486070Z File: 436CB104-C4AA-4E7E-9C98-4F9591458481.png, suggested name: "Native cover with paused private bindings cleared_0_432C95F0-B03D-43D4-8036-81C10E418FF6.png"
2026-09-10T10:34:43.7486880Z File: 4B2BE790-35F3-461E-BB84-6DC83FB4124A.json, suggested name: "Actual native touch geometry card_0_336EE9AE-F264-4FA5-8734-6CBDA5832B4A.json"
2026-09-10T10:34:43.7487660Z File: 57F16072-0C85-4D44-89A0-98D9EAE90E71.json, suggested name: "Observed control before input card_0_F8EFE8F5-1B64-4924-B7A7-FED99338A4AA.json"
2026-09-10T10:34:43.7488430Z File: 788920B7-6C79-4FB2-A285-F45A3B883096.json, suggested name: "Actual native touch geometry reveal_0_901B1F26-AC25-4C18-B7BE-15AB29BA045C.json"
2026-09-10T10:34:43.7489220Z File: 30125166-C000-48D6-B28D-43C7B05E3F10.json, suggested name: "Observed control before input reveal_0_1C729D0E-6F9D-4BE4-80F6-F05F590E870E.json"
2026-09-10T10:34:43.7490030Z File: B20C581C-7B09-4589-89A0-39056F9C62A3.json, suggested name: "03 private bindings cleared 2d text 1 measurements_0_9311ECB1-6AE3-4844-9B1D-D5F7105BD474.json"
2026-09-10T10:34:43.7490850Z File: 42C90104-1F07-49CE-81FC-67C6FC217BDF.png, suggested name: "03 private bindings cleared 2d text 1_0_4A742C2B-881E-44F7-A56E-7841002BFD5D.png"
2026-09-10T10:34:43.7491620Z File: 45201460-F273-41BB-A86C-FC2C5F9EDACE.json, suggested name: "Actual native touch geometry hide_0_BA6D0F6E-B97F-46B8-8454-4ED4315C279E.json"
2026-09-10T10:34:43.7492380Z File: 2409952D-3818-4ADA-AAF8-28D888A92987.json, suggested name: "Observed control before input hide_0_632A833E-5F39-4265-A78B-00F0DB5093B1.json"
2026-09-10T10:34:43.7493180Z File: 955E737B-9145-4A6C-9151-BD39DF52C266.json, suggested name: "02 revealed and selected 2d text 1 measurements_0_E240D74E-0A46-4737-BEAE-81BEB194F201.json"
2026-09-10T10:34:43.7493970Z File: 0C5C034B-1EC5-4B7A-8C95-3B4DB7847306.png, suggested name: "02 revealed and selected 2d text 1_0_6D2392C0-D21E-4464-80A6-F3A08C7530AE.png"
2026-09-10T10:34:43.7494900Z File: 82D21468-D30C-46D0-8288-80183A2ACB21.json, suggested name: "Actual native touch geometry card_0_E9329257-B0E1-47F5-9BD8-80C7A10450B3.json"
2026-09-10T10:34:43.7495680Z File: A08DA156-11C6-48A8-AC6F-761D91D247B6.json, suggested name: "Observed control before input card_0_4F0BD113-D626-4ECE-9EDB-AB1372A4FA83.json"
2026-09-10T10:34:43.7496470Z File: 020663CD-E5F6-4656-999E-AC86DC186B8B.json, suggested name: "Actual native touch geometry reveal_0_44E1AE05-ADAD-4AB8-BB7F-03AC4D82894D.json"
2026-09-10T10:34:43.7497260Z File: 8BD83910-75AE-4E12-A744-1222CC5AE3F3.json, suggested name: "Observed control before input reveal_0_EC8104EC-2CDC-4553-B450-D618CC1A4A67.json"
2026-09-10T10:34:43.7498820Z File: BAB6BEF1-DDF6-4AFB-80BA-A2EAFECB948A.json, suggested name: "Measured scroll gesture reveal_0_6C29B34A-9E34-4019-A109-06A885B00043.json"
2026-09-10T10:34:43.7504550Z File: F4B54935-1805-41D0-840E-6B07AE73BCCC.json, suggested name: "Observed control before input reveal_0_6258A8B4-E037-4A9D-A700-8B09DE6D95E7.json"
2026-09-10T10:34:43.7505340Z File: 0EED0DE8-699C-4A67-BFAF-B9CC35C50D33.json, suggested name: "01 concealed 2d text 1 measurements_0_A7807B82-56DA-4DCB-B572-A1183DE5953F.json"
2026-09-10T10:34:43.7506080Z File: 7C48051C-06C2-4588-8A94-C08B3E2A62BB.png, suggested name: "01 concealed 2d text 1_0_4EAC5C79-C81B-40A7-B8A7-686D87B9F2E5.png"
2026-09-10T10:34:43.7506470Z 
2026-09-10T10:34:43.7506700Z Exported 96 attachments for: AuthorityHostUITests/testReferenceMatchIn3DAt200Percent():
2026-09-10T10:34:43.7507230Z File: 48E7E5FC-C538-48E5-8964-5E5360AFCBE1, suggested name: "UI Snapshot 2026-09-10 at 10.28.36 AM"
2026-09-10T10:34:43.7507790Z File: C9514EC5-93F3-4E92-B81C-1F57BF0E704D, suggested name: "Synthesized Event 2026-09-10 at 10.28.36 AM"
2026-09-10T10:34:43.7508480Z File: CB70C54F-808F-44F0-BB47-F4E212B97827.json, suggested name: "Actual native touch geometry next_round_0_4A35E2A9-0C19-4626-907E-5AABB4399832.json"
2026-09-10T10:34:43.7509280Z File: DD6FD645-9C56-4F0E-BF63-594190054F0C.json, suggested name: "Observed control before input next_round_0_502B6817-6009-4AF9-9A97-D1F5F52639D8.json"
2026-09-10T10:34:43.7509950Z File: DC6BB64C-58B4-4624-9D7F-CAD9631B7322, suggested name: "UI Snapshot 2026-09-10 at 10.28.32 AM"
2026-09-10T10:34:43.7510620Z File: B7872FD5-49AF-46AF-8DA8-7B4D3A101D22, suggested name: "Synthesized Event 2026-09-10 at 10.28.34 AM"
2026-09-10T10:34:43.7511310Z File: 0FCF14BE-FE60-42D3-A82F-2B478C195F98.json, suggested name: "Measured scroll gesture next_round_0_FBDA12D5-401E-4582-8607-90205F103064.json"
2026-09-10T10:34:43.7512140Z File: A4649692-4D47-4FCE-91E3-950730D068CB.json, suggested name: "Observed control before input next_round_0_58B8087C-82E7-4C5B-AE40-DEF744E1516F.json"
2026-09-10T10:34:43.7512880Z File: D75CA87B-6108-4CE7-AB40-3A44C375AF6E, suggested name: "UI Snapshot 2026-09-10 at 10.28.22 AM"
2026-09-10T10:34:43.7513440Z File: F92EC377-788A-4B44-A133-C611981179D3, suggested name: "Synthesized Event 2026-09-10 at 10.28.23 AM"
2026-09-10T10:34:43.7514170Z File: 1E2C94AA-C2D6-4064-9BFB-C3A778FA23F2.json, suggested name: "Actual native touch geometry next_round_0_845C14B0-AE3D-4190-B8D8-87EEE19DF010.json"
2026-09-10T10:34:43.7515110Z File: 0EADF6AE-A5E4-490A-B313-BC6650402A4A.json, suggested name: "Observed control before input next_round_0_5A6A77BA-75CF-4961-8058-16580A0B4FDD.json"
2026-09-10T10:34:43.7515830Z File: 2A0DC890-D67E-4DF9-AD72-036491ECCBAF, suggested name: "UI Snapshot 2026-09-10 at 10.28.19 AM"
2026-09-10T10:34:43.7516380Z File: 788A59C4-34F0-4BEF-B63C-3568CCAA8CE9, suggested name: "Synthesized Event 2026-09-10 at 10.28.21 AM"
2026-09-10T10:34:43.7517050Z File: C1AB7A46-04CC-46E9-88F9-01624797D866.json, suggested name: "Measured scroll gesture next_round_0_E199B521-F16E-4759-BB49-98F8DBCD7F28.json"
2026-09-10T10:34:43.7517850Z File: 0965A95F-0A36-4FFC-B08F-CACEF260EBCE.json, suggested name: "Observed control before input next_round_0_7C810542-1B4E-4431-ABD9-BC5B6136004B.json"
2026-09-10T10:34:43.7518530Z File: E2332B7B-24B9-4864-BBC3-DE24483687C6, suggested name: "UI Snapshot 2026-09-10 at 10.28.08 AM"
2026-09-10T10:34:43.7519220Z File: EFCA7DC6-FD6A-48B7-BBF8-DCA79C229852, suggested name: "Synthesized Event 2026-09-10 at 10.28.09 AM"
2026-09-10T10:34:43.7520020Z File: 6E7A39FC-E236-4B3F-B71C-9DA8044C1BE1.json, suggested name: "Actual native touch geometry next_round_0_D96E5A58-04D3-43CB-9DE2-15C1D5C79848.json"
2026-09-10T10:34:43.7520840Z File: 06137A32-D107-4C08-8947-EB213095D0C1.json, suggested name: "Observed control before input next_round_0_AFA86DC1-926D-4AD4-B44D-1E27DBF5918D.json"
2026-09-10T10:34:43.7521500Z File: 665F677E-887B-45F4-8A98-7B7BC6855959, suggested name: "UI Snapshot 2026-09-10 at 10.28.05 AM"
2026-09-10T10:34:43.7522060Z File: 9878FDA4-6470-44AC-8048-DE45A91D72C7, suggested name: "Synthesized Event 2026-09-10 at 10.28.07 AM"
2026-09-10T10:34:43.7522810Z File: 7302ADDE-B52B-46C7-9059-806863DFCBDF.json, suggested name: "Measured scroll gesture next_round_0_6D4C1F65-AA15-4B1C-95E8-383216F564F5.json"
2026-09-10T10:34:43.7523600Z File: 51D99414-BB2C-4A74-9D91-5503DA528084.json, suggested name: "Observed control before input next_round_0_4B57AD45-A220-495F-9F7A-C1769D9C4AEA.json"
2026-09-10T10:34:43.7524410Z File: 9ED267F4-9B15-4B61-AE61-EDE7FC30C181.json, suggested name: "05 public outcome 3d text 2 measurements_0_956B76B2-FA48-47D8-A38D-3ED517BFD9FD.json"
2026-09-10T10:34:43.7525170Z File: 9A09B8E7-BFBF-4756-8654-3C32C712A7A9.png, suggested name: "05 public outcome 3d text 2_0_8CBF4B2B-5EA5-4703-ABFF-3AA199AB8E17.png"
2026-09-10T10:34:43.7525950Z File: 6A26F77F-91B5-498C-BDE0-DA6C5B4567E8.json, suggested name: "04 actual viewer play 3d text 2 measurements_0_4321F0DE-7EB6-4E5D-B330-F45E886AA3C8.json"
2026-09-10T10:34:43.7526730Z File: CA1CF8C3-24D3-4248-B1A1-62DB796883EE.png, suggested name: "04 actual viewer play 3d text 2_0_3C83C0B5-903B-40CD-81ED-169D343EBD5B.png"
2026-09-10T10:34:43.7527370Z File: C0B71DC8-A441-4AFD-8DC5-5E1CA3D40C83, suggested name: "UI Snapshot 2026-09-10 at 10.27.53 AM"
2026-09-10T10:34:43.7527920Z File: 51B93F8D-FE55-4FC2-BFB9-A739A56FB8C6, suggested name: "Synthesized Event 2026-09-10 at 10.27.53 AM"
2026-09-10T10:34:43.7528600Z File: 21B7FE3A-258C-4A42-BB35-E98139D38DBD.json, suggested name: "Actual native touch geometry play_0_D7710E19-08EC-4F8C-93DD-94C116D94667.json"
2026-09-10T10:34:43.7529370Z File: DDE96327-ED32-4E99-9D3F-450A201F30F7.json, suggested name: "Observed control before input play_0_C37524A0-5EF1-4DEC-B5B0-7EF3AD646E6B.json"
2026-09-10T10:34:43.7530030Z File: F5BF160A-C9EF-47E8-808E-BD38C766DA7B, suggested name: "UI Snapshot 2026-09-10 at 10.27.41 AM"
2026-09-10T10:34:43.7530730Z File: 3D66E3BD-876F-4D9D-8F3B-56853C44AC2C, suggested name: "Synthesized Event 2026-09-10 at 10.27.42 AM"
2026-09-10T10:34:43.7531400Z File: 694B4750-3CD2-4B6C-B5E8-AC6C879B0BFE.json, suggested name: "Actual native touch geometry card_0_9CCE357D-0198-45BC-BC50-28B053073BC5.json"
2026-09-10T10:34:43.7532180Z File: CB511A1B-9B8B-406D-92EC-58B64CE5BFF9.json, suggested name: "Observed control before input card_0_F4813833-10DC-4F76-8A4D-DCA270E6246C.json"
2026-09-10T10:34:43.7532960Z File: 47E466F0-3EBB-40B4-B6EB-63EBC681E858.json, suggested name: "Observed control before input card_0_BE5346C5-D767-488F-9A07-A292FF8EEA11.json"
2026-09-10T10:34:43.7533610Z File: 6A0EBE71-ACA1-418A-90B4-4EE005924D9F, suggested name: "UI Snapshot 2026-09-10 at 10.27.34 AM"
2026-09-10T10:34:43.7534170Z File: BD0B67D5-FE29-40AE-BB05-74510DA25EC1, suggested name: "Synthesized Event 2026-09-10 at 10.27.36 AM"
2026-09-10T10:34:43.7534840Z File: D160D6BA-AAC6-4CAE-AE96-EECADFE30563.json, suggested name: "Measured scroll gesture card_0_0665CB59-BF5F-4D1B-B1C8-25D86EAF80A0.json"
2026-09-10T10:34:43.7535600Z File: F60B91F9-67A3-4871-BE7B-53B443270926.json, suggested name: "Observed control before input card_0_107AA8BC-4779-4F7A-94B0-2A61DB9FB344.json"
2026-09-10T10:34:43.7536260Z File: 3EF83B73-E1B5-41FB-9789-D3BED4E9D5E8, suggested name: "UI Snapshot 2026-09-10 at 10.27.23 AM"
2026-09-10T10:34:43.7536810Z File: CE1CEB1F-2A75-4160-9A68-237E0330D0A6, suggested name: "Synthesized Event 2026-09-10 at 10.27.24 AM"
2026-09-10T10:34:43.7538270Z File: E2D422FC-EAB9-456C-AEFA-17CE82FBAE53.json, suggested name: "Actual native touch geometry reveal_0_333B9293-1DA3-40CB-B85C-55FFE277BFE8.json"
2026-09-10T10:34:43.7539100Z File: 296DD6EE-41C4-4AA9-BD16-ECDAB85F6230.json, suggested name: "Observed control before input reveal_0_6F2E8C8E-EB6D-417E-B25D-270CE92BBB41.json"
2026-09-10T10:34:43.7539970Z File: B435DCB8-3769-4E8B-A2D1-B44067C9C70B.json, suggested name: "Same authority resumed with concealed cards measurements_0_D3F6BEC6-E869-44D9-ACA4-E3363E76D5F8.json"
2026-09-10T10:34:43.7540840Z File: 92D739F1-0015-4B88-8121-0264D2B666E9.png, suggested name: "Same authority resumed with concealed cards_0_603DD1AA-065E-4DDB-BE1E-B0CB27969662.png"
2026-09-10T10:34:43.7541760Z File: 273C937F-A7A0-4CB5-AEE1-4DAA62DD0280.png, suggested name: "Actual Home screen before game reactivation_0_05162682-0B43-4947-8894-9FC304392108.png"
2026-09-10T10:34:43.7542630Z File: D61F7BAD-A483-46C7-97A2-8822C8CD0B0C.json, suggested name: "Actual Home and application state observation_0_B281B541-F017-4E5F-B70D-6BAC36F237A7.json"
2026-09-10T10:34:43.7543500Z File: BE3CE315-CE65-4EB5-96A9-748AC457C0D6.txt, suggested name: "Actual SpringBoard accessibility hierarchy after Home_0_CCF4B4E9-836E-4CA0-8FD2-F1C5862B4146.txt"
2026-09-10T10:34:43.7547780Z File: 143E1608-166C-4E76-9072-655F2567C490, suggested name: "UI Snapshot 2026-09-10 at 10.27.05 AM"
2026-09-10T10:34:43.7548360Z File: 328375AD-D3DB-4FA3-9681-6D8E9CC3CD7F, suggested name: "Synthesized Event 2026-09-10 at 10.27.05 AM"
2026-09-10T10:34:43.7549100Z File: 225C50F3-D938-4E39-B268-87E2F254A799.json, suggested name: "Actual native touch geometry card_0_0CC814E2-AC45-4359-BD73-A604FC03E575.json"
2026-09-10T10:34:43.7550020Z File: EFFCE616-F8C7-40F6-A5C2-9821CD9316A1.json, suggested name: "Observed control before input card_0_3DC2A47B-81EF-4E8B-A0EA-8D895A578B3E.json"
2026-09-10T10:34:43.7550760Z File: D385C009-34AA-41E4-BF21-1CA2FE0727AD, suggested name: "UI Snapshot 2026-09-10 at 10.27.00 AM"
2026-09-10T10:34:43.7551320Z File: 390A5DB3-D12F-487B-8EEC-618B6AEE9DAF, suggested name: "Synthesized Event 2026-09-10 at 10.27.02 AM"
2026-09-10T10:34:43.7551980Z File: 538894AF-9A7B-4169-AD94-28659F8445CE.json, suggested name: "Measured scroll gesture card_0_016681F6-2BF2-4331-9300-8447C7B794E1.json"
2026-09-10T10:34:43.7552830Z File: 42ED4141-4CFB-4340-8F6C-AFAFE2F57A16.json, suggested name: "Observed control before input card_0_4A5D6C23-0DAC-44FE-8090-60285C41C6BE.json"
2026-09-10T10:34:43.7553490Z File: 5DE935F3-BD08-4251-ACE2-C25B17C4C56A, suggested name: "UI Snapshot 2026-09-10 at 10.26.49 AM"
2026-09-10T10:34:43.7554030Z File: 06C50490-F0B7-4C99-A29F-749316CA0BDC, suggested name: "Synthesized Event 2026-09-10 at 10.26.50 AM"
2026-09-10T10:34:43.7554710Z File: 5E84128B-C868-4218-8EF7-DDB07B2D68E0.json, suggested name: "Actual native touch geometry reveal_0_30D89381-3E8C-4568-9E3B-72BD64327A5A.json"
2026-09-10T10:34:43.7555480Z File: 3C38B03C-D114-41D3-B869-2943A5DB56E6.json, suggested name: "Observed control before input reveal_0_76BA4F5A-27F0-4CAF-9963-8A4F08527A7B.json"
2026-09-10T10:34:43.7556150Z File: F6805164-3C1C-4178-B475-42202ADE10AC, suggested name: "UI Snapshot 2026-09-10 at 10.26.40 AM"
2026-09-10T10:34:43.7556700Z File: 9139F583-0363-478B-8392-7AF61B87D678, suggested name: "Synthesized Event 2026-09-10 at 10.26.41 AM"
2026-09-10T10:34:43.7557440Z File: B7A57168-AC27-4944-B649-F7931D603176.json, suggested name: "Native cover with paused private bindings cleared measurements_0_B1DC39E4-2A0D-4D5C-BB42-99B830B691FB.json"
2026-09-10T10:34:43.7558350Z File: F7A8A27C-375B-436F-B088-C3D95B4440DB.png, suggested name: "Native cover with paused private bindings cleared_0_8D472860-BB45-41AD-BD4A-BCCEAA7C6345.png"
2026-09-10T10:34:43.7559040Z File: BDD0104B-8139-4088-A0B6-DE1B9490ADB8, suggested name: "UI Snapshot 2026-09-10 at 10.26.38 AM"
2026-09-10T10:34:43.7559590Z File: 0B19C1A8-94FC-4104-B6D5-2D13B9ECCDD5, suggested name: "Synthesized Event 2026-09-10 at 10.26.39 AM"
2026-09-10T10:34:43.7560550Z File: 31F7EA5E-2260-4096-A72A-0F05A313E6BD, suggested name: "UI Snapshot 2026-09-10 at 10.26.26 AM"
2026-09-10T10:34:43.7561110Z File: B266E19D-12B5-43F9-AF20-76D8A665C645, suggested name: "Synthesized Event 2026-09-10 at 10.26.26 AM"
2026-09-10T10:34:43.7561770Z File: A306E892-7443-4F1E-9ADC-130A4759AFF6.json, suggested name: "Actual native touch geometry card_0_01F63CD6-D681-425E-9E23-A5558B23EA80.json"
2026-09-10T10:34:43.7562540Z File: BC5FE213-0A87-4A44-B009-D9A736E0D702.json, suggested name: "Observed control before input card_0_C1832D56-5733-48E1-A06F-5F79BCC24B5D.json"
2026-09-10T10:34:43.7563180Z File: 5D8954C6-89D1-4087-9152-49EC39A40110, suggested name: "UI Snapshot 2026-09-10 at 10.26.04 AM"
2026-09-10T10:34:43.7563830Z File: 77305D2C-BCC3-44F9-8C2C-E4C21AC413CA, suggested name: "Synthesized Event 2026-09-10 at 10.26.05 AM"
2026-09-10T10:34:43.7564520Z File: 0FD9E9ED-ECC5-4832-8CC9-A4066DC7BF1B.json, suggested name: "Actual native touch geometry reveal_0_A2AF49C9-FBCE-4E2C-AD36-9AF2831AFBD3.json"
2026-09-10T10:34:43.7565410Z File: 5A0A3E01-3160-4104-ABB4-AC051F823A0A.json, suggested name: "Observed control before input reveal_0_FD1362CD-EE6D-4D74-84CB-C80164084C91.json"
2026-09-10T10:34:43.7566230Z File: F8B08783-5770-4AD2-9851-3DA5F0819030.json, suggested name: "03 private bindings cleared 3d text 2 measurements_0_DC9456C5-504D-45CA-BC84-C28FC1E8303E.json"
2026-09-10T10:34:43.7567150Z File: B06CF34D-E8B1-45FB-B05C-C6FB184E8BAB.png, suggested name: "03 private bindings cleared 3d text 2_0_0DA41A5E-1915-4B1A-AB72-92AC0665D086.png"
2026-09-10T10:34:43.7570300Z File: 49DCA469-DA07-4FA3-88FF-7384BB5A5513, suggested name: "UI Snapshot 2026-09-10 at 10.25.43 AM"
2026-09-10T10:34:43.7570900Z File: FE7CFC64-AC50-4AE8-93DC-58A7EC23AABE, suggested name: "Synthesized Event 2026-09-10 at 10.25.43 AM"
2026-09-10T10:34:43.7571640Z File: 5E923B37-2483-456C-9206-BD61639B8FCD.json, suggested name: "Actual native touch geometry hide_0_A5F0664A-E1E4-4107-B06E-0AE6B83CF2C5.json"
2026-09-10T10:34:43.7572480Z File: 9C08A4F0-DB0F-4B96-AE64-F473444D3356.json, suggested name: "Observed control before input hide_0_B75DBE6E-C77A-49C9-A820-224D4DECB68F.json"
2026-09-10T10:34:43.7573290Z File: 77713BB9-CBB5-4C42-8AF2-1877A72276AA.json, suggested name: "02 revealed and selected 3d text 2 measurements_0_BE278AB3-2248-4568-A698-208E6BAB93AF.json"
2026-09-10T10:34:43.7574080Z File: 86177C5A-FA36-478F-9872-06DAEBB2F23E.png, suggested name: "02 revealed and selected 3d text 2_0_2A478C4E-1062-4F3A-8ABC-AD63C5EBC132.png"
2026-09-10T10:34:43.7574820Z File: 65FD2C99-61A7-4E8A-B4D4-5C04A02B1B38, suggested name: "UI Snapshot 2026-09-10 at 10.25.20 AM"
2026-09-10T10:34:43.7575410Z File: 1C750CF9-F64B-421E-BA75-4B14A315513E, suggested name: "Synthesized Event 2026-09-10 at 10.25.20 AM"
2026-09-10T10:34:43.7576110Z File: 512EBE39-BB73-4BF7-B162-973DC324330F.json, suggested name: "Actual native touch geometry card_0_2656B7D4-1967-448D-AF6B-F77CDA269060.json"
2026-09-10T10:34:43.7576890Z File: D3E546EB-F6AF-45B4-9263-1BFED09F7FE1.json, suggested name: "Observed control before input card_0_A8F4EAD8-3CF7-4EEC-A04C-899DDD4CB638.json"
2026-09-10T10:34:43.7577550Z File: E30855E6-81C2-4992-963E-63A3489CECEB, suggested name: "UI Snapshot 2026-09-10 at 10.24.52 AM"
2026-09-10T10:34:43.7578200Z File: 6F7AA583-3E86-441C-A3A7-F04A7CA43EC6, suggested name: "Synthesized Event 2026-09-10 at 10.24.52 AM"
2026-09-10T10:34:43.7578870Z File: C70A7723-55F1-4F16-9901-C7158B95943E.json, suggested name: "Actual native touch geometry reveal_0_C26D3DB4-5A6B-44BA-8F90-640719B43A11.json"
2026-09-10T10:34:43.7579750Z File: 3927B822-6F66-4DE7-9155-2A9F38C6DA1D.json, suggested name: "Observed control before input reveal_0_1DF86911-F376-41E7-B1CB-2E5B68F0DA16.json"
2026-09-10T10:34:43.7580630Z File: FE92F66C-5BB4-46D4-AD13-30E6FD6F6A30.json, suggested name: "01 concealed 3d text 2 measurements_0_48888510-0534-47B9-B08C-84DCF48FC301.json"
2026-09-10T10:34:43.7581460Z File: A84F8B07-7D28-4562-A296-0563A030B75A.png, suggested name: "01 concealed 3d text 2_0_D209AB2D-5A70-4925-AF27-619C15C546AD.png"
2026-09-10T10:34:43.7582380Z File: 05D6969C-F5B3-49D2-A4D2-609F8B949C4D, suggested name: "Synthesized Event 2026-09-10 at 10.23.05 AM"
2026-09-10T10:34:43.7583010Z File: 4290ABE3-8C2D-4EE6-A884-6C77FF742F3E.mp4, suggested name: "Screen Recording 2026-09-10 at 10.22.54 AM.mp4"
2026-09-10T10:34:43.7583350Z 
2026-09-10T10:34:43.7583540Z Exported 75 attachments for: AuthorityHostUITests/testReferenceMatchIn3D():
2026-09-10T10:34:43.7584030Z File: 9AC6F116-E84A-4A3E-AC70-FB5ED1CF5DFC, suggested name: "UI Snapshot 2026-09-10 at 10.33.38 AM"
2026-09-10T10:34:43.7584590Z File: CC4E4F21-67CD-413B-8CD2-0492572C85D2, suggested name: "Synthesized Event 2026-09-10 at 10.33.39 AM"
2026-09-10T10:34:43.7585280Z File: D3385999-7B4F-4C8E-A472-78F55C6AE7AD.json, suggested name: "Actual native touch geometry next_round_0_319AF35A-DFF5-46E6-9994-A8FE4FCB97A5.json"
2026-09-10T10:34:43.7586210Z File: 2FF7EFDB-6D45-40D6-BE4A-5252B46B8347.json, suggested name: "Observed control before input next_round_0_31373C34-414B-4E86-8217-DD33BE778518.json"
2026-09-10T10:34:43.7586950Z File: 06337AA0-F053-4977-BA69-1CE486FB6010, suggested name: "UI Snapshot 2026-09-10 at 10.33.28 AM"
2026-09-10T10:34:43.7587580Z File: 2917BB0B-6916-45B3-9839-AFA65998B870, suggested name: "Synthesized Event 2026-09-10 at 10.33.29 AM"
2026-09-10T10:34:43.7588390Z File: 1DFC087A-36D7-4291-A3B4-82B7DE209258.json, suggested name: "Actual native touch geometry next_round_0_85840A2D-0510-4BCA-82AF-0EAC2D5A6128.json"
2026-09-10T10:34:43.7589190Z File: A38B7FF9-A92F-4E2B-AD19-B187302BA508.json, suggested name: "Observed control before input next_round_0_912CE005-F897-47DF-9485-0C72D61EE737.json"
2026-09-10T10:34:43.7590650Z File: B233EC67-79C2-4287-95DB-15B0C041E0C9, suggested name: "UI Snapshot 2026-09-10 at 10.33.12 AM"
2026-09-10T10:34:43.7591260Z File: 230E350C-343E-4501-BA42-9247B0728853, suggested name: "Synthesized Event 2026-09-10 at 10.33.12 AM"
2026-09-10T10:34:43.7591950Z File: 10BD15E6-D600-4964-99DE-5C476A56896D.json, suggested name: "Actual native touch geometry next_round_0_9BA84DCC-242B-4B0B-850F-F4BF7DB7D2C9.json"
2026-09-10T10:34:43.7592760Z File: 4B1CFF42-7AE2-4945-9541-160382CB3E23.json, suggested name: "Observed control before input next_round_0_9852AA1A-32BC-4170-9828-AE2D22F13AC2.json"
2026-09-10T10:34:43.7593820Z File: 441B7ABB-EE45-49C6-A6A2-5D57A7357F8E.json, suggested name: "05 public outcome 3d text 1 measurements_0_79E9B730-6732-43E9-886E-86E365D05915.json"
2026-09-10T10:34:43.7594590Z File: 5A693FFA-3347-4DE1-9C1E-AC8C36CD5574.png, suggested name: "05 public outcome 3d text 1_0_9554461F-5089-41A6-9590-A224CB8C03DB.png"
2026-09-10T10:34:43.7595400Z File: 0D3D41A8-DD2D-4D47-8E57-DADCF2592193.json, suggested name: "04 actual viewer play 3d text 1 measurements_0_01CEF844-8721-40F4-A49E-0E6CB3B28839.json"
2026-09-10T10:34:43.7596310Z File: 0837D661-ABAB-4888-B284-6582CA07CB68.png, suggested name: "04 actual viewer play 3d text 1_0_218D69FA-D68B-4051-8861-7CFE9502A05A.png"
2026-09-10T10:34:43.7596950Z File: 4A81214B-F77C-4423-82B0-CC1D1EB63FC7, suggested name: "UI Snapshot 2026-09-10 at 10.33.04 AM"
2026-09-10T10:34:43.7597900Z File: 368D9CCC-7FF1-4E73-AA5A-8221A5913D37, suggested name: "Synthesized Event 2026-09-10 at 10.33.05 AM"
2026-09-10T10:34:43.7599830Z File: 27742256-6D1A-4516-A6F6-0AC8E33DA285.json, suggested name: "Actual native touch geometry play_0_50094E5A-9A47-42B2-987A-2416AC5BBD3E.json"
2026-09-10T10:34:43.7601080Z File: DC2D215F-3B2E-428C-84D3-AEC4E9E7969B.json, suggested name: "Observed control before input play_0_42F68542-447F-48AA-9158-53C451B2FC47.json"
2026-09-10T10:34:43.7602340Z File: 19606C25-D00F-48BE-A1DC-3D611212805A, suggested name: "UI Snapshot 2026-09-10 at 10.32.56 AM"
2026-09-10T10:34:43.7603490Z File: 03E4E436-D25D-4943-B7CF-C11877080A0E, suggested name: "Synthesized Event 2026-09-10 at 10.32.57 AM"
2026-09-10T10:34:43.7609560Z File: 50A7080D-69CD-4F41-91C8-FF705A6C6EBA.json, suggested name: "Actual native touch geometry card_0_E3F7D1AB-5F44-46D3-B7FF-DB3D624D1EC3.json"
2026-09-10T10:34:43.7611000Z File: A1A58DDD-9B70-455A-9E7D-892E9BF8279D.json, suggested name: "Observed control before input card_0_F4B31C7F-8708-4E05-A505-EE0C5D026D53.json"
2026-09-10T10:34:43.7611780Z File: 7C92679C-A227-4EB1-AB66-5990CAA9508F, suggested name: "UI Snapshot 2026-09-10 at 10.32.49 AM"
2026-09-10T10:34:43.7612450Z File: 6197E3B8-9727-466E-8A61-3407B5198F9D, suggested name: "Synthesized Event 2026-09-10 at 10.32.49 AM"
2026-09-10T10:34:43.7613140Z File: 80A8C444-B35D-4B66-8080-7B28E69073F3.json, suggested name: "Actual native touch geometry reveal_0_9AD7C9AF-CA9E-48FC-9295-152DB7D8E693.json"
2026-09-10T10:34:43.7614910Z File: 6138A4A5-4B87-46CE-A8FE-4F6C08A15CB8.json, suggested name: "Observed control before input reveal_0_D6EF64AD-75DB-4AD4-866F-68E74183EEA7.json"
2026-09-10T10:34:43.7615970Z File: 34E1A163-44B3-4CAF-A1C9-3ECDB6ADF747.json, suggested name: "Same authority resumed with concealed cards measurements_0_8BC46D54-0503-4EE6-B8C8-4634302708A1.json"
2026-09-10T10:34:43.7616900Z File: 55A618AC-1162-4B89-8644-316A05F2FDEF.png, suggested name: "Same authority resumed with concealed cards_0_4A12CE90-4F13-425A-92DA-4D3804DEB75B.png"
2026-09-10T10:34:43.7617960Z File: 511D563A-96E8-49B2-B4CD-D88A9D16BA4F.png, suggested name: "Actual Home screen before game reactivation_0_BBDA4ADD-BF29-49FF-AE41-E71E11BA3B42.png"
2026-09-10T10:34:43.7618810Z File: 851DC025-4E0C-4D4E-A23F-F11F068ED119.json, suggested name: "Actual Home and application state observation_0_8EFA4E2E-4D81-438B-B0F0-52CDEF69FB1C.json"
2026-09-10T10:34:43.7619690Z File: A0E3A05D-BF86-4C19-B549-67D5205BE1E4.txt, suggested name: "Actual SpringBoard accessibility hierarchy after Home_0_95522AF9-2D51-4BC2-8AB3-BDC8A1099E3C.txt"
2026-09-10T10:34:43.7620410Z File: ED257BC3-B168-4CAD-8817-46083223CA45, suggested name: "UI Snapshot 2026-09-10 at 10.32.33 AM"
2026-09-10T10:34:43.7621040Z File: C4AF2999-9078-41DB-BEBB-5E8238BF7F88, suggested name: "Synthesized Event 2026-09-10 at 10.32.34 AM"
2026-09-10T10:34:43.7622140Z File: 60F8A2C4-5BE7-4C8C-AFD5-E8CF0EF86BE1.json, suggested name: "Actual native touch geometry card_0_5FB586E5-66BB-45CA-9F2F-065C780963F5.json"
2026-09-10T10:34:43.7622960Z File: C5558B91-F82D-4182-84FA-B7778D7D9EDE.json, suggested name: "Observed control before input card_0_92236EED-6DE9-4C77-913D-EBCFD0DB658A.json"
2026-09-10T10:34:43.7623820Z File: 23EC8091-94DE-4F2C-820D-9D9504342F88, suggested name: "UI Snapshot 2026-09-10 at 10.32.25 AM"
2026-09-10T10:34:43.7624650Z File: 72ACC04D-EC1A-4B81-B5F6-3978623D8C6E, suggested name: "Synthesized Event 2026-09-10 at 10.32.25 AM"
2026-09-10T10:34:43.7625540Z File: 07F6D44E-883A-4D17-9B5E-481C66F830FB.json, suggested name: "Actual native touch geometry reveal_0_A30E517A-D6E1-4C38-9C76-B665BB58F042.json"
2026-09-10T10:34:43.7627500Z File: 293422B8-288F-4809-9913-FEE2AEB103F1.json, suggested name: "Observed control before input reveal_0_6E0D2046-0D06-4C48-A0EE-C670841240A9.json"
2026-09-10T10:34:43.7628520Z File: 039CA8BB-87BF-44FD-83EC-1F1288F36D2C, suggested name: "UI Snapshot 2026-09-10 at 10.32.17 AM"
2026-09-10T10:34:43.7629090Z File: 36155B59-8D84-4284-B9FB-2B5AACAC2D64, suggested name: "Synthesized Event 2026-09-10 at 10.32.18 AM"
2026-09-10T10:34:43.7630670Z File: 544C47A5-FF0A-4B3B-9431-C0215820969E.json, suggested name: "Native cover with paused private bindings cleared measurements_0_4506307C-42B3-4810-BE5A-45F95F474865.json"
2026-09-10T10:34:43.7631690Z File: 71755706-4EBD-4C06-A5D2-1D12F12C2F12.png, suggested name: "Native cover with paused private bindings cleared_0_6C5C2F7B-29AA-45F6-9CD8-44036071B6F1.png"
2026-09-10T10:34:43.7632400Z File: 17BA6527-074C-4356-980A-4D509F0CDD5F, suggested name: "UI Snapshot 2026-09-10 at 10.32.15 AM"
2026-09-10T10:34:43.7632970Z File: 59BAA9E4-E06C-46E3-A00F-6B3E8BF3EA32, suggested name: "Synthesized Event 2026-09-10 at 10.32.16 AM"
2026-09-10T10:34:43.7633680Z File: DDA56455-955D-4612-97F9-7FB41CFCE9D5, suggested name: "UI Snapshot 2026-09-10 at 10.32.05 AM"
2026-09-10T10:34:43.7634310Z File: C960BD41-ED60-4593-AB39-393935918403, suggested name: "Synthesized Event 2026-09-10 at 10.32.06 AM"
2026-09-10T10:34:43.7635350Z File: C09FAF92-8294-4A80-BE81-A855686D1055.json, suggested name: "Actual native touch geometry card_0_83037B6D-FAD4-4B24-9509-EDEA5DDE6824.json"
2026-09-10T10:34:43.7636290Z File: CB927811-52A3-4A34-85C9-8FDCBBB81DD3.json, suggested name: "Observed control before input card_0_B751CCA3-B3FE-4696-BACB-FF1011C288F6.json"
2026-09-10T10:34:43.7637030Z File: 30FD932D-BBC7-4217-B0D2-103D505050C7, suggested name: "UI Snapshot 2026-09-10 at 10.31.47 AM"
2026-09-10T10:34:43.7637850Z File: 6D00856C-E712-4AF5-908D-4B099D8975CE, suggested name: "Synthesized Event 2026-09-10 at 10.31.50 AM"
2026-09-10T10:34:43.7638900Z File: E229B77D-D5B0-47E7-8DBD-6AB5557FD2BC.json, suggested name: "Actual native touch geometry reveal_0_5A16889B-11F7-4144-8EFE-F93F59CBCE3F.json"
2026-09-10T10:34:43.7640090Z File: A0ADFCCC-552E-480B-9EB7-3D612A876347.json, suggested name: "Observed control before input reveal_0_45A59F0A-A9A9-4B6D-9046-FA810D132C56.json"
2026-09-10T10:34:43.7643520Z File: 12A9EE3D-7B95-4694-A0A2-2C8A544F68B1.json, suggested name: "03 private bindings cleared 3d text 1 measurements_0_B8B47B0C-827A-49BA-8ECD-15582A8BFCCF.json"
2026-09-10T10:34:43.7644420Z File: AA67B84E-205E-4C22-87B1-D1E1742D44FE.png, suggested name: "03 private bindings cleared 3d text 1_0_05D258FA-831D-406C-B71D-95D4C6CB2A8D.png"
2026-09-10T10:34:43.7645700Z File: DDF4C093-F866-4FFF-BEE3-336198226DE7, suggested name: "UI Snapshot 2026-09-10 at 10.31.21 AM"
2026-09-10T10:34:43.7646280Z File: 1C3B277E-8156-49DE-B547-EB62FC2CBC89, suggested name: "Synthesized Event 2026-09-10 at 10.31.21 AM"
2026-09-10T10:34:43.7647050Z File: 58EEDDC9-A82D-4855-9561-43C89B7CA665.json, suggested name: "Actual native touch geometry hide_0_8A8ACC96-199D-4B92-9462-C1F71042C611.json"
2026-09-10T10:34:43.7648170Z File: CB960579-F9AD-4092-82CE-82CC22AB081E.json, suggested name: "Observed control before input hide_0_B98EDD90-DDDC-4294-9F84-FD6C624D4AF8.json"
2026-09-10T10:34:43.7649000Z File: 22846EC1-D2B7-436B-AE9B-E7723E0AD539.json, suggested name: "02 revealed and selected 3d text 1 measurements_0_D19124FA-AF7A-4CD5-B81A-B0D4A0B91683.json"
2026-09-10T10:34:43.7649840Z File: E8F67DEB-3879-4B5F-B56B-EBF16841EAB4.png, suggested name: "02 revealed and selected 3d text 1_0_72E1D146-5B78-4741-8577-8DF620D4442E.png"
2026-09-10T10:34:43.7650540Z File: 95CAC88D-3A15-4600-BD0D-87133D00EA23, suggested name: "UI Snapshot 2026-09-10 at 10.31.00 AM"
2026-09-10T10:34:43.7651130Z File: C91F61F3-260B-4261-B754-F36FD96DB1CF, suggested name: "Synthesized Event 2026-09-10 at 10.31.01 AM"
2026-09-10T10:34:43.7651840Z File: D4352DBB-B3FA-46CE-8232-52CFE4810684.json, suggested name: "Actual native touch geometry card_0_318A0752-A606-47E5-A9E7-BB49AF2E8244.json"
2026-09-10T10:34:43.7652620Z File: D3208956-EC18-4BAC-86E5-94AC0221608E.json, suggested name: "Observed control before input card_0_C544D0C0-A2F3-4F11-9480-BE1787E0A004.json"
2026-09-10T10:34:43.7653300Z File: 6BE2906B-3B6F-45DF-A9AD-1B0985EB7953, suggested name: "UI Snapshot 2026-09-10 at 10.30.38 AM"
2026-09-10T10:34:43.7653860Z File: 9BA82DC2-CBEF-4197-B57B-7C0A7396A8C9, suggested name: "Synthesized Event 2026-09-10 at 10.30.38 AM"
2026-09-10T10:34:43.7654540Z File: 0835776D-B31D-4EBD-AD63-9B686DB9BDFC.json, suggested name: "Actual native touch geometry reveal_0_630BE5D7-A0C5-48DD-BEA1-372F98DBB615.json"
2026-09-10T10:34:43.7655330Z File: 8EB4045F-1234-4BAF-A3CF-CB4BEE2C3356.json, suggested name: "Observed control before input reveal_0_57F118C7-14AC-4642-B46D-DF199309660E.json"
2026-09-10T10:34:43.7656120Z File: 1A66A6A4-A3CE-4F95-82AB-793929B1CE20.json, suggested name: "01 concealed 3d text 1 measurements_0_DA877FA8-ADF4-4103-BF41-9AF1C44BD401.json"
2026-09-10T10:34:43.7656850Z File: B8D600D2-E555-470B-BF06-B0BE0398E6DE.png, suggested name: "01 concealed 3d text 1_0_8BC47012-D405-484B-B176-70BDE9897682.png"
2026-09-10T10:34:43.7657490Z File: B25D78D1-BD72-4603-9AAF-F2BCEE3A8BDA, suggested name: "Synthesized Event 2026-09-10 at 10.28.50 AM"
2026-09-10T10:34:43.7658080Z File: D0FACCCA-FD8A-4C9A-A715-26FF18CCC737.mp4, suggested name: "Screen Recording 2026-09-10 at 10.28.40 AM.mp4"
2026-09-10T10:34:43.7658930Z 
2026-09-10T10:34:43.7659250Z Exported 4 attachments for: AuthorityHostUITests/testSecureTableRendererExit():
2026-09-10T10:34:43.7660030Z File: 9BB71535-FA6C-4687-94DA-3D81349009FC.json, suggested name: "Secure default table exited through Godot input measurements_0_D10C9562-CAC5-40BA-ACA4-9CC54072AB71.json"
2026-09-10T10:34:43.7662070Z File: E03B1707-6922-4B02-A59F-93BF34A58B5F.png, suggested name: "Secure default table exited through Godot input_0_234D21DA-C143-42E2-8E4A-7701C9BD7D00.png"
2026-09-10T10:34:43.7662890Z File: DC7ED104-B97A-451A-9EA9-412A3665AEEE.json, suggested name: "Actual native touch geometry exit_0_F703BB70-A474-4CC6-A54A-80EEC63CAA80.json"
2026-09-10T10:34:43.7663800Z File: 7A39F475-C030-4E0B-929A-4B96A6E2E772.json, suggested name: "Observed control before input exit_0_77B8A3DB-DF4A-405E-942A-92090B33BD0E.json"
2026-09-10T10:34:43.7664230Z 
2026-09-10T10:34:43.7664650Z Generated manifest file with attachment details: /Users/runner/work/PartyDeck/PartyDeck/godot/ios-host/build/artifacts/authority-attachments/manifest.json
2026-09-10T10:34:46.9559800Z ##[error]Process completed with exit code 65.
2026-09-10T10:34:47.0902550Z Prepare all required actions
2026-09-10T10:34:47.0903810Z Getting action download info
2026-09-10T10:34:47.3440750Z Download action repository 'actions/upload-artifact@043fb46d1a93c77aae656e7c1c64a875d1fc6a0a' (SHA:043fb46d1a93c77aae656e7c1c64a875d1fc6a0a)
2026-09-10T10:34:47.9845960Z ##[group]Run ./.github/actions/upload-artifact
2026-09-10T10:34:47.9846640Z with:
2026-09-10T10:34:47.9847240Z   name: godot-ios-authority-gameplay
2026-09-10T10:34:47.9849280Z   path: godot/ios-host/build/evidence/**
godot/ios-host/build/artifacts/AuthorityHost.xcresult/**
godot/ios-host/build/artifacts/AuthorityHost-simulator.app.tar.gz
godot/ios-host/build/artifacts/authority-attachments/**

2026-09-10T10:34:47.9851420Z   if-no-files-found: warn
2026-09-10T10:34:47.9851970Z   retention-days: 14
2026-09-10T10:34:47.9852530Z env:
2026-09-10T10:34:47.9853240Z   DEVELOPER_DIR: /Applications/Xcode_26.4.1.app/Contents/Developer
2026-09-10T10:34:47.9855070Z   PARTYDECK_GODOT_AUTHORITY_FRAMEWORK: /Users/runner/work/PartyDeck/PartyDeck/godot/ios-host/build/framework-input/PartyDeckGodotBridge.framework
2026-09-10T10:34:47.9856490Z ##[endgroup]
2026-09-10T10:34:48.0019910Z ##[start-action display=Upload artifact;id=__self.first]
2026-09-10T10:34:48.0073130Z ##[group]Run actions/upload-artifact@043fb46d1a93c77aae656e7c1c64a875d1fc6a0a
2026-09-10T10:34:48.0073510Z with:
2026-09-10T10:34:48.0073670Z   name: godot-ios-authority-gameplay
2026-09-10T10:34:48.0074420Z   path: godot/ios-host/build/evidence/**
godot/ios-host/build/artifacts/AuthorityHost.xcresult/**
godot/ios-host/build/artifacts/AuthorityHost-simulator.app.tar.gz
godot/ios-host/build/artifacts/authority-attachments/**

2026-09-10T10:34:48.0075340Z   retention-days: 14
2026-09-10T10:34:48.0075550Z   if-no-files-found: warn
2026-09-10T10:34:48.0075730Z   compression-level: 6
2026-09-10T10:34:48.0075900Z   overwrite: false
2026-09-10T10:34:48.0076100Z   include-hidden-files: false
2026-09-10T10:34:48.0076340Z   archive: true
2026-09-10T10:34:48.0076500Z env:
2026-09-10T10:34:48.0076760Z   DEVELOPER_DIR: /Applications/Xcode_26.4.1.app/Contents/Developer
2026-09-10T10:34:48.0077420Z   PARTYDECK_GODOT_AUTHORITY_FRAMEWORK: /Users/runner/work/PartyDeck/PartyDeck/godot/ios-host/build/framework-input/PartyDeckGodotBridge.framework
2026-09-10T10:34:48.0078010Z ##[endgroup]
2026-09-10T10:34:49.3987900Z Multiple search paths detected. Calculating the least common ancestor of all paths
2026-09-10T10:34:49.3989520Z The least common ancestor is /Users/runner/work/PartyDeck/PartyDeck/godot/ios-host/build. This will be the root directory of the artifact
2026-09-10T10:34:49.3990230Z With the provided path, there will be 2582 files uploaded
2026-09-10T10:34:49.3990720Z Artifact name is valid!
2026-09-10T10:34:49.3990960Z Root directory input is valid!
2026-09-10T10:34:49.8253750Z Uploading artifact: godot-ios-authority-gameplay.zip
2026-09-10T10:34:49.8281690Z Beginning upload of artifact content to blob storage
2026-09-10T10:34:51.4483980Z Uploaded bytes 8388608
2026-09-10T10:34:52.3130110Z Uploaded bytes 16777216
2026-09-10T10:34:52.7054710Z Uploaded bytes 25165824
2026-09-10T10:34:52.9843240Z Uploaded bytes 33554432
2026-09-10T10:34:53.4257060Z Uploaded bytes 41943040
2026-09-10T10:34:53.7939970Z Uploaded bytes 50331648
2026-09-10T10:34:54.2202270Z Uploaded bytes 58720256
2026-09-10T10:34:54.7911910Z Uploaded bytes 67108864
2026-09-10T10:34:55.1464270Z Uploaded bytes 75497472
2026-09-10T10:34:55.4936980Z Uploaded bytes 83886080
2026-09-10T10:34:55.7997380Z Uploaded bytes 92274688
2026-09-10T10:34:56.1449110Z Uploaded bytes 100663296
2026-09-10T10:34:56.4397150Z Uploaded bytes 109051904
2026-09-10T10:34:56.7284480Z Uploaded bytes 117440512
2026-09-10T10:34:57.5011260Z Uploaded bytes 125829120
2026-09-10T10:34:57.8440610Z Uploaded bytes 134217728
2026-09-10T10:34:57.8694230Z Uploaded bytes 142606336
2026-09-10T10:34:58.1648180Z Uploaded bytes 150994944
2026-09-10T10:34:58.5709010Z Uploaded bytes 159383552
2026-09-10T10:34:59.0309950Z Uploaded bytes 167772160
2026-09-10T10:34:59.9325270Z Uploaded bytes 176160768
2026-09-10T10:35:00.3789380Z Uploaded bytes 184549376
2026-09-10T10:35:00.6546800Z Uploaded bytes 192937984
2026-09-10T10:35:01.1077300Z Uploaded bytes 201326592
2026-09-10T10:35:01.3881050Z Uploaded bytes 209715200
2026-09-10T10:35:01.8274740Z Uploaded bytes 218103808
2026-09-10T10:35:02.1863770Z Uploaded bytes 226492416
2026-09-10T10:35:02.4904780Z Uploaded bytes 234881024
2026-09-10T10:35:02.8418700Z Uploaded bytes 243269632
2026-09-10T10:35:03.2289520Z Uploaded bytes 247634832
2026-09-10T10:35:03.2641970Z Finished uploading artifact content to blob storage!
2026-09-10T10:35:03.2646690Z SHA256 digest of uploaded artifact is 06103918d2577afdefbbc2aca1da54330d87b0679d72aea0fc389edcb289bab0
2026-09-10T10:35:03.2650060Z Finalizing artifact upload
2026-09-10T10:35:03.5714470Z Artifact godot-ios-authority-gameplay successfully finalized. Artifact ID 10147846031
2026-09-10T10:35:03.5715370Z Artifact godot-ios-authority-gameplay has been successfully uploaded! Final size is 247634832 bytes. Artifact ID is 10147846031
2026-09-10T10:35:03.5726220Z Artifact download URL: https://github.com/Apdelrahman1911/PartyDeck/actions/runs/34464316979/artifacts/10147846031
2026-09-10T10:35:03.5895340Z ##[end-action id=__self.first;outcome=success;conclusion=success;duration_ms=15587]
2026-09-10T10:35:03.5915780Z ##[start-action display=Wait before the single upload retry;id=__self.__run]
2026-09-10T10:35:03.5954070Z ##[end-action id=__self.__run;outcome=skipped;conclusion=skipped;duration_ms=0]
2026-09-10T10:35:03.5960860Z ##[start-action display=Retry artifact upload;id=__self.retry]
2026-09-10T10:35:03.5993390Z ##[end-action id=__self.retry;outcome=skipped;conclusion=skipped;duration_ms=0]
2026-09-10T10:35:03.5996210Z ##[start-action display=Require a successful upload attempt;id=__self.__run_2]
2026-09-10T10:35:03.6018780Z ##[end-action id=__self.__run_2;outcome=skipped;conclusion=skipped;duration_ms=0]
2026-09-10T10:35:03.6225740Z Post job cleanup.
2026-09-10T10:35:03.7984990Z [command]/opt/homebrew/bin/git version
2026-09-10T10:35:03.8392660Z git version 2.55.0
2026-09-10T10:35:03.8434630Z Copying '/Users/runner/.gitconfig' to '/Users/runner/work/_temp/b6249036-85a7-465c-8ecd-a61c7cc0dfdd/.gitconfig'
2026-09-10T10:35:03.8444920Z Temporarily overriding HOME='/Users/runner/work/_temp/b6249036-85a7-465c-8ecd-a61c7cc0dfdd' before making global git config changes
2026-09-10T10:35:03.8445810Z Adding repository directory to the temporary git global config as a safe directory
2026-09-10T10:35:03.8447880Z [command]/opt/homebrew/bin/git config --global --add safe.directory /Users/runner/work/PartyDeck/PartyDeck
2026-09-10T10:35:03.8627130Z Removing SSH command configuration
2026-09-10T10:35:03.8643230Z [command]/opt/homebrew/bin/git config --local --name-only --get-regexp core\.sshCommand
2026-09-10T10:35:03.8817480Z [command]/opt/homebrew/bin/git submodule foreach --recursive sh -c "git config --local --name-only --get-regexp 'core\.sshCommand' && git config --local --unset-all 'core.sshCommand' || :"
2026-09-10T10:35:04.0481490Z Removing HTTP extra header
2026-09-10T10:35:04.0486520Z [command]/opt/homebrew/bin/git config --local --name-only --get-regexp http\.https\:\/\/github\.com\/\.extraheader
2026-09-10T10:35:04.0614020Z [command]/opt/homebrew/bin/git submodule foreach --recursive sh -c "git config --local --name-only --get-regexp 'http\.https\:\/\/github\.com\/\.extraheader' && git config --local --unset-all 'http.https://github.com/.extraheader' || :"
2026-09-10T10:35:04.2239930Z Removing includeIf entries pointing to credentials config files
2026-09-10T10:35:04.2245020Z [command]/opt/homebrew/bin/git config --local --name-only --get-regexp ^includeIf\.gitdir:
2026-09-10T10:35:04.2357860Z [command]/opt/homebrew/bin/git submodule foreach --recursive git config --local --show-origin --name-only --get-regexp remote.origin.url
2026-09-10T10:35:04.3796360Z Cleaning up orphan processes
2026-09-10T10:35:07.3782880Z Terminate orphan process: pid (14150) (DTServiceHub)
