run_kind,run_index,seed,step,operation,direction,seat,route,message_kind,payload_bytes,encode_ns,decode_ns
"warmup","0","20260910","0","INITIAL","host_to_recipient","0","host_local_object","welcome",,,
"warmup","0","20260910","1","JOIN","client_to_host","1","remote_codec","join","192","47128151","19795451"
"warmup","0","20260910","1","JOIN","host_to_recipient","1","remote_codec","welcome","599","7200974","4488488"
"warmup","0","20260910","1","JOIN","host_to_recipient","0","host_local_object","snapshot",,,
"warmup","0","20260910","2","JOIN","client_to_host","2","remote_codec","join","192","180247","400269"
"warmup","0","20260910","2","JOIN","host_to_recipient","2","remote_codec","welcome","671","528470","1290086"
"warmup","0","20260910","2","JOIN","host_to_recipient","0","host_local_object","snapshot",,,
"warmup","0","20260910","2","JOIN","host_to_recipient","1","remote_codec","snapshot","554","294021","1207411"
"warmup","0","20260910","3","JOIN","client_to_host","3","remote_codec","join","193","143549","328605"
"warmup","0","20260910","3","JOIN","host_to_recipient","3","remote_codec","welcome","744","512721","1246495"
"warmup","0","20260910","3","JOIN","host_to_recipient","0","host_local_object","snapshot",,,
"warmup","0","20260910","3","JOIN","host_to_recipient","1","remote_codec","snapshot","627","403045","1355108"
"warmup","0","20260910","3","JOIN","host_to_recipient","2","remote_codec","snapshot","627","402734","958035"
"warmup","0","20260910","4","JOIN","client_to_host","4","remote_codec","join","193","195215","329267"
"warmup","0","20260910","4","JOIN","host_to_recipient","4","remote_codec","welcome","817","367318","974546"
"warmup","0","20260910","4","JOIN","host_to_recipient","0","host_local_object","snapshot",,,
"warmup","0","20260910","4","JOIN","host_to_recipient","1","remote_codec","snapshot","700","275636","1236737"
"warmup","0","20260910","4","JOIN","host_to_recipient","2","remote_codec","snapshot","700","322203","912339"
"warmup","0","20260910","4","JOIN","host_to_recipient","3","remote_codec","snapshot","700","364373","950931"
"warmup","0","20260910","5","JOIN","client_to_host","5","remote_codec","join","193","165981","204543"
"warmup","0","20260910","5","JOIN","host_to_recipient","5","remote_codec","welcome","890","311874","937156"
"warmup","0","20260910","5","JOIN","host_to_recipient","0","host_local_object","snapshot",,,
"warmup","0","20260910","5","JOIN","host_to_recipient","1","remote_codec","snapshot","773","330770","790220"
"warmup","0","20260910","5","JOIN","host_to_recipient","2","remote_codec","snapshot","773","281097","732301"
"warmup","0","20260910","5","JOIN","host_to_recipient","3","remote_codec","snapshot","773","273462","765404"
"warmup","0","20260910","5","JOIN","host_to_recipient","4","remote_codec","snapshot","773","273191","1284757"
"warmup","0","20260910","6","READY","client_to_host","1","remote_codec","command","163","7407582","481852"
"warmup","0","20260910","6","READY","host_to_recipient","1","remote_codec","receipt","154","1611929","552615"
"warmup","0","20260910","6","READY","host_to_recipient","0","host_local_object","snapshot",,,
"warmup","0","20260910","6","READY","host_to_recipient","1","remote_codec","snapshot","772","355767","1058803"
"warmup","0","20260910","6","READY","host_to_recipient","2","remote_codec","snapshot","772","339646","959357"
"warmup","0","20260910","6","READY","host_to_recipient","3","remote_codec","snapshot","772","266159","697646"
"warmup","0","20260910","6","READY","host_to_recipient","4","remote_codec","snapshot","772","240060","1149103"
"warmup","0","20260910","6","READY","host_to_recipient","5","remote_codec","snapshot","772","314389","964867"
"warmup","0","20260910","7","READY","client_to_host","2","remote_codec","command","163","170950","337873"
"warmup","0","20260910","7","READY","host_to_recipient","2","remote_codec","receipt","154","202208","317034"
"warmup","0","20260910","7","READY","host_to_recipient","0","host_local_object","snapshot",,,
"warmup","0","20260910","7","READY","host_to_recipient","1","remote_codec","snapshot","771","262472","890428"
"warmup","0","20260910","7","READY","host_to_recipient","2","remote_codec","snapshot","771","266069","842729"
"warmup","0","20260910","7","READY","host_to_recipient","3","remote_codec","snapshot","771","241863","1026973"
"warmup","0","20260910","7","READY","host_to_recipient","4","remote_codec","snapshot","771","357440","866243"
"warmup","0","20260910","7","READY","host_to_recipient","5","remote_codec","snapshot","771","259115","838421"
"warmup","0","20260910","8","READY","client_to_host","3","remote_codec","command","163","187551","294892"
"warmup","0","20260910","8","READY","host_to_recipient","3","remote_codec","receipt","154","154911","270978"
"warmup","0","20260910","8","READY","host_to_recipient","0","host_local_object","snapshot",,,
"warmup","0","20260910","8","READY","host_to_recipient","1","remote_codec","snapshot","770","321853","951894"
"warmup","0","20260910","8","READY","host_to_recipient","2","remote_codec","snapshot","770","293139","1003269"
"warmup","0","20260910","8","READY","host_to_recipient","3","remote_codec","snapshot","770","266199","837669"
"warmup","0","20260910","8","READY","host_to_recipient","4","remote_codec","snapshot","770","314589","742511"
"warmup","0","20260910","8","READY","host_to_recipient","5","remote_codec","snapshot","770","336050","690624"
"warmup","0","20260910","9","READY","client_to_host","4","remote_codec","command","163","161914","309740"
"warmup","0","20260910","9","READY","host_to_recipient","4","remote_codec","receipt","154","126807","234970"
"warmup","0","20260910","9","READY","host_to_recipient","0","host_local_object","snapshot",,,
"warmup","0","20260910","9","READY","host_to_recipient","1","remote_codec","snapshot","769","228228","684312"
"warmup","0","20260910","9","READY","host_to_recipient","2","remote_codec","snapshot","769","242194","695743"
"warmup","0","20260910","9","READY","host_to_recipient","3","remote_codec","snapshot","769","245971","757439"
"warmup","0","20260910","9","READY","host_to_recipient","4","remote_codec","snapshot","769","233107","705412"
"warmup","0","20260910","9","READY","host_to_recipient","5","remote_codec","snapshot","769","245029","695443"
"warmup","0","20260910","10","READY","client_to_host","5","remote_codec","command","163","206998","240782"
"warmup","0","20260910","10","READY","host_to_recipient","5","remote_codec","receipt","155","121097","221054"
"warmup","0","20260910","10","READY","host_to_recipient","0","host_local_object","snapshot",,,
"warmup","0","20260910","10","READY","host_to_recipient","1","remote_codec","snapshot","769","246482","654896"
"warmup","0","20260910","10","READY","host_to_recipient","2","remote_codec","snapshot","769","242043","707505"
"warmup","0","20260910","10","READY","host_to_recipient","3","remote_codec","snapshot","769","222698","658102"
"warmup","0","20260910","10","READY","host_to_recipient","4","remote_codec","snapshot","769","221935","690383"
"warmup","0","20260910","10","READY","host_to_recipient","5","remote_codec","snapshot","769","221304","651911"
"warmup","0","20260910","11","START_GAME","client_to_host","0","host_local_object","command",,,
"warmup","0","20260910","11","START_GAME","host_to_recipient","0","host_local_object","receipt",,,
"warmup","0","20260910","11","START_GAME","host_to_recipient","0","host_local_object","snapshot",,,
"warmup","0","20260910","11","START_GAME","host_to_recipient","1","remote_codec","snapshot","1731","2523908","1956004"
"warmup","0","20260910","11","START_GAME","host_to_recipient","2","remote_codec","snapshot","1732","495167","1381928"
"warmup","0","20260910","11","START_GAME","host_to_recipient","3","remote_codec","snapshot","1729","422151","1592142"
"warmup","0","20260910","11","START_GAME","host_to_recipient","4","remote_codec","snapshot","1731","417823","1469543"
"warmup","0","20260910","11","START_GAME","host_to_recipient","5","remote_codec","snapshot","1732","319549","1801154"
"warmup","0","20260910","12","PLAY_ONE","client_to_host","0","host_local_object","command",,,
"warmup","0","20260910","12","PLAY_ONE","host_to_recipient","0","host_local_object","receipt",,,
"warmup","0","20260910","12","PLAY_ONE","host_to_recipient","0","host_local_object","snapshot",,,
"warmup","0","20260910","12","PLAY_ONE","host_to_recipient","1","remote_codec","snapshot","1756","476653","1650873"
"warmup","0","20260910","12","PLAY_ONE","host_to_recipient","2","remote_codec","snapshot","1759","356528","1269278"
"warmup","0","20260910","12","PLAY_ONE","host_to_recipient","3","remote_codec","snapshot","1756","295924","1132912"
"warmup","0","20260910","12","PLAY_ONE","host_to_recipient","4","remote_codec","snapshot","1758","284613","1179730"
"warmup","0","20260910","12","PLAY_ONE","host_to_recipient","5","remote_codec","snapshot","1759","344996","1234833"
"warmup","0","20260910","13","PLAY_ONE","client_to_host","1","remote_codec","command","172","204133","378018"
"warmup","0","20260910","13","PLAY_ONE","host_to_recipient","1","remote_codec","receipt","155","149721","301856"
"warmup","0","20260910","13","PLAY_ONE","host_to_recipient","0","host_local_object","snapshot",,,
"warmup","0","20260910","13","PLAY_ONE","host_to_recipient","1","remote_codec","snapshot","1728","326852","1223392"
"warmup","0","20260910","13","PLAY_ONE","host_to_recipient","2","remote_codec","snapshot","1757","322413","1190610"
"warmup","0","20260910","13","PLAY_ONE","host_to_recipient","3","remote_codec","snapshot","1756","307325","1067139"
"warmup","0","20260910","13","PLAY_ONE","host_to_recipient","4","remote_codec","snapshot","1758","280065","1088298"
"warmup","0","20260910","13","PLAY_ONE","host_to_recipient","5","remote_codec","snapshot","1759","303629","1046500"
"warmup","0","20260910","14","PLAY_ONE","client_to_host","2","remote_codec","command","172","167554","340198"
"warmup","0","20260910","14","PLAY_ONE","host_to_recipient","2","remote_codec","receipt","155","160320","268373"
"warmup","0","20260910","14","PLAY_ONE","host_to_recipient","0","host_local_object","snapshot",,,
"warmup","0","20260910","14","PLAY_ONE","host_to_recipient","1","remote_codec","snapshot","1728","340447","1039577"
"warmup","0","20260910","14","PLAY_ONE","host_to_recipient","2","remote_codec","snapshot","1729","300654","970317"
"warmup","0","20260910","14","PLAY_ONE","host_to_recipient","3","remote_codec","snapshot","1754","273934","1040669"
"warmup","0","20260910","14","PLAY_ONE","host_to_recipient","4","remote_codec","snapshot","1758","292979","863007"
"warmup","0","20260910","14","PLAY_ONE","host_to_recipient","5","remote_codec","snapshot","1759","268914","800189"
"warmup","0","20260910","15","PLAY_ONE","client_to_host","3","remote_codec","command","172","185878","196699"
"warmup","0","20260910","15","PLAY_ONE","host_to_recipient","3","remote_codec","receipt","155","102963","205936"
"warmup","0","20260910","15","PLAY_ONE","host_to_recipient","0","host_local_object","snapshot",,,
"warmup","0","20260910","15","PLAY_ONE","host_to_recipient","1","remote_codec","snapshot","1728","284633","885409"
"warmup","0","20260910","15","PLAY_ONE","host_to_recipient","2","remote_codec","snapshot","1729","242374","795540"
"warmup","0","20260910","15","PLAY_ONE","host_to_recipient","3","remote_codec","snapshot","1727","211967","789820"
"warmup","0","20260910","15","PLAY_ONE","host_to_recipient","4","remote_codec","snapshot","1756","226955","1172877"
"warmup","0","20260910","15","PLAY_ONE","host_to_recipient","5","remote_codec","snapshot","1759","246642","932597"
"warmup","0","20260910","16","PLAY_ONE","client_to_host","4","remote_codec","command","172","118712","304119"
"warmup","0","20260910","16","PLAY_ONE","host_to_recipient","4","remote_codec","receipt","155","106910","176721"
"warmup","0","20260910","16","PLAY_ONE","host_to_recipient","0","host_local_object","snapshot",,,
"warmup","0","20260910","16","PLAY_ONE","host_to_recipient","1","remote_codec","snapshot","1728","198422","853689"
"warmup","0","20260910","16","PLAY_ONE","host_to_recipient","2","remote_codec","snapshot","1729","354815","859239"
"warmup","0","20260910","16","PLAY_ONE","host_to_recipient","3","remote_codec","snapshot","1727","229640","691966"
"warmup","0","20260910","16","PLAY_ONE","host_to_recipient","4","remote_codec","snapshot","1729","456756","845584"
"warmup","0","20260910","16","PLAY_ONE","host_to_recipient","5","remote_codec","snapshot","1757","221856","804827"
"warmup","0","20260910","17","PLAY_ONE","client_to_host","5","remote_codec","command","172","194214","260688"
"warmup","0","20260910","17","PLAY_ONE","host_to_recipient","5","remote_codec","receipt","155","106590","169176"
"warmup","0","20260910","17","PLAY_ONE","host_to_recipient","0","host_local_object","snapshot",,,
"warmup","0","20260910","17","PLAY_ONE","host_to_recipient","1","remote_codec","snapshot","1728","217517","688579"
"warmup","0","20260910","17","PLAY_ONE","host_to_recipient","2","remote_codec","snapshot","1729","211126","806771"
"warmup","0","20260910","17","PLAY_ONE","host_to_recipient","3","remote_codec","snapshot","1727","213439","651040"
"warmup","0","20260910","17","PLAY_ONE","host_to_recipient","4","remote_codec","snapshot","1729","202168","604462"
"warmup","0","20260910","17","PLAY_ONE","host_to_recipient","5","remote_codec","snapshot","1730","203501","624530"
"warmup","0","20260910","18","CHALLENGE","client_to_host","0","host_local_object","command",,,
"warmup","0","20260910","18","CHALLENGE","host_to_recipient","0","host_local_object","receipt",,,
"warmup","0","20260910","18","CHALLENGE","host_to_recipient","0","host_local_object","snapshot",,,
"warmup","0","20260910","18","CHALLENGE","host_to_recipient","1","remote_codec","snapshot","1902","279755","831727"
"warmup","0","20260910","18","CHALLENGE","host_to_recipient","2","remote_codec","snapshot","1903","203131","707846"
"warmup","0","20260910","18","CHALLENGE","host_to_recipient","3","remote_codec","snapshot","1901","226805","836897"
"warmup","0","20260910","18","CHALLENGE","host_to_recipient","4","remote_codec","snapshot","1903","250299","716061"
"warmup","0","20260910","18","CHALLENGE","host_to_recipient","5","remote_codec","snapshot","1904","234510","683290"
"warmup","0","20260910","19","ADVANCE_ROUND","client_to_host","0","host_local_object","command",,,
"warmup","0","20260910","19","ADVANCE_ROUND","host_to_recipient","0","host_local_object","receipt",,,
"warmup","0","20260910","19","ADVANCE_ROUND","host_to_recipient","0","host_local_object","snapshot",,,
"warmup","0","20260910","19","ADVANCE_ROUND","host_to_recipient","1","remote_codec","snapshot","1926","227416","1416844"
"warmup","0","20260910","19","ADVANCE_ROUND","host_to_recipient","2","remote_codec","snapshot","1928","399328","667089"
"warmup","0","20260910","19","ADVANCE_ROUND","host_to_recipient","3","remote_codec","snapshot","1929","220904","567322"
"warmup","0","20260910","19","ADVANCE_ROUND","host_to_recipient","4","remote_codec","snapshot","1927","223178","692929"
"warmup","0","20260910","19","ADVANCE_ROUND","host_to_recipient","5","remote_codec","snapshot","1928","223318","635791"
"warmup","0","20260910","20","PLAY_ONE","client_to_host","1","remote_codec","command","172","157034","194144"
"warmup","0","20260910","20","PLAY_ONE","host_to_recipient","1","remote_codec","receipt","155","117270","163707"
"warmup","0","20260910","20","PLAY_ONE","host_to_recipient","0","host_local_object","snapshot",,,
"warmup","0","20260910","20","PLAY_ONE","host_to_recipient","1","remote_codec","snapshot","1925","206006","563996"
"warmup","0","20260910","20","PLAY_ONE","host_to_recipient","2","remote_codec","snapshot","1953","189084","597048"
"warmup","0","20260910","20","PLAY_ONE","host_to_recipient","3","remote_codec","snapshot","1956","247163","552605"
"warmup","0","20260910","20","PLAY_ONE","host_to_recipient","4","remote_codec","snapshot","1954","259857","966621"
"warmup","0","20260910","20","PLAY_ONE","host_to_recipient","5","remote_codec","snapshot","1955","194104","668091"
"warmup","0","20260910","21","CHALLENGE","client_to_host","2","remote_codec","command","151","193081","223258"
"warmup","0","20260910","21","CHALLENGE","host_to_recipient","2","remote_codec","receipt","155","109515","146174"
"warmup","0","20260910","21","CHALLENGE","host_to_recipient","0","host_local_object","snapshot",,,
"warmup","0","20260910","21","CHALLENGE","host_to_recipient","1","remote_codec","snapshot","1902","203260","600865"
"warmup","0","20260910","21","CHALLENGE","host_to_recipient","2","remote_codec","snapshot","1932","198582","689441"
"warmup","0","20260910","21","CHALLENGE","host_to_recipient","3","remote_codec","snapshot","1933","286757","681326"
"warmup","0","20260910","21","CHALLENGE","host_to_recipient","4","remote_codec","snapshot","1931","236363","666940"
"warmup","0","20260910","21","CHALLENGE","host_to_recipient","5","remote_codec","snapshot","1932","208771","605414"
"warmup","0","20260910","22","ADVANCE_ROUND","client_to_host","0","host_local_object","command",,,
"warmup","0","20260910","22","ADVANCE_ROUND","host_to_recipient","0","host_local_object","receipt",,,
"warmup","0","20260910","22","ADVANCE_ROUND","host_to_recipient","0","host_local_object","snapshot",,,
"warmup","0","20260910","22","ADVANCE_ROUND","host_to_recipient","1","remote_codec","snapshot","1928","221655","592370"
"warmup","0","20260910","22","ADVANCE_ROUND","host_to_recipient","2","remote_codec","snapshot","1926","251130","682509"
"warmup","0","20260910","22","ADVANCE_ROUND","host_to_recipient","3","remote_codec","snapshot","1927","227005","544199"
"warmup","0","20260910","22","ADVANCE_ROUND","host_to_recipient","4","remote_codec","snapshot","1930","236613","556242"
"warmup","0","20260910","22","ADVANCE_ROUND","host_to_recipient","5","remote_codec","snapshot","1927","188834","541815"
"warmup","0","20260910","23","PLAY_ONE","client_to_host","2","remote_codec","command","172","112882","241522"
"warmup","0","20260910","23","PLAY_ONE","host_to_recipient","2","remote_codec","receipt","155","127159","175879"
"warmup","0","20260910","23","PLAY_ONE","host_to_recipient","0","host_local_object","snapshot",,,
"warmup","0","20260910","23","PLAY_ONE","host_to_recipient","1","remote_codec","snapshot","1955","209212","517289"
"warmup","0","20260910","23","PLAY_ONE","host_to_recipient","2","remote_codec","snapshot","1925","203461","494777"
"warmup","0","20260910","23","PLAY_ONE","host_to_recipient","3","remote_codec","snapshot","1952","212838","542225"
"warmup","0","20260910","23","PLAY_ONE","host_to_recipient","4","remote_codec","snapshot","1957","179777","525334"
"warmup","0","20260910","23","PLAY_ONE","host_to_recipient","5","remote_codec","snapshot","1954","183384","498744"
"warmup","0","20260910","24","CHALLENGE","client_to_host","3","remote_codec","command","151","176500","139872"
"warmup","0","20260910","24","CHALLENGE","host_to_recipient","3","remote_codec","receipt","155","108523","138670"
"warmup","0","20260910","24","CHALLENGE","host_to_recipient","0","host_local_object","snapshot",,,
"warmup","0","20260910","24","CHALLENGE","host_to_recipient","1","remote_codec","snapshot","1930","198432","674173"
"warmup","0","20260910","24","CHALLENGE","host_to_recipient","2","remote_codec","snapshot","1781","196418","488936"
"warmup","0","20260910","24","CHALLENGE","host_to_recipient","3","remote_codec","snapshot","1929","165410","491831"
"warmup","0","20260910","24","CHALLENGE","host_to_recipient","4","remote_codec","snapshot","1932","146314","553387"
"warmup","0","20260910","24","CHALLENGE","host_to_recipient","5","remote_codec","snapshot","1929","187892","693709"
"warmup","0","20260910","25","ADVANCE_ROUND","client_to_host","0","host_local_object","command",,,
"warmup","0","20260910","25","ADVANCE_ROUND","host_to_recipient","0","host_local_object","receipt",,,
"warmup","0","20260910","25","ADVANCE_ROUND","host_to_recipient","0","host_local_object","snapshot",,,
"warmup","0","20260910","25","ADVANCE_ROUND","host_to_recipient","1","remote_codec","snapshot","1925","264676","733203"
"warmup","0","20260910","25","ADVANCE_ROUND","host_to_recipient","2","remote_codec","snapshot","1776","211436","478556"
"warmup","0","20260910","25","ADVANCE_ROUND","host_to_recipient","3","remote_codec","snapshot","1923","204352","546163"
"warmup","0","20260910","25","ADVANCE_ROUND","host_to_recipient","4","remote_codec","snapshot","1923","173866","531806"
"warmup","0","20260910","25","ADVANCE_ROUND","host_to_recipient","5","remote_codec","snapshot","1927","202309","591919"
"warmup","0","20260910","26","PLAY_ONE","client_to_host","3","remote_codec","command","172","124693","162494"
"warmup","0","20260910","26","PLAY_ONE","host_to_recipient","3","remote_codec","receipt","155","93575","154660"
"warmup","0","20260910","26","PLAY_ONE","host_to_recipient","0","host_local_object","snapshot",,,
"warmup","0","20260910","26","PLAY_ONE","host_to_recipient","1","remote_codec","snapshot","1952","268783","764091"
"warmup","0","20260910","26","PLAY_ONE","host_to_recipient","2","remote_codec","snapshot","1803","215894","488335"
"warmup","0","20260910","26","PLAY_ONE","host_to_recipient","3","remote_codec","snapshot","1921","183293","561362"
"warmup","0","20260910","26","PLAY_ONE","host_to_recipient","4","remote_codec","snapshot","1948","197119","610774"
"warmup","0","20260910","26","PLAY_ONE","host_to_recipient","5","remote_codec","snapshot","1954","162555","542817"
"warmup","0","20260910","27","CHALLENGE","client_to_host","4","remote_codec","command","151","110316","158868"
"warmup","0","20260910","27","CHALLENGE","host_to_recipient","4","remote_codec","receipt","155","76213","106871"
"warmup","0","20260910","27","CHALLENGE","host_to_recipient","0","host_local_object","snapshot",,,
"warmup","0","20260910","27","CHALLENGE","host_to_recipient","1","remote_codec","snapshot","1930","148599","665276"
"warmup","0","20260910","27","CHALLENGE","host_to_recipient","2","remote_codec","snapshot","1781","154269","430437"
"warmup","0","20260910","27","CHALLENGE","host_to_recipient","3","remote_codec","snapshot","1899","197309","486161"
"warmup","0","20260910","27","CHALLENGE","host_to_recipient","4","remote_codec","snapshot","1928","162294","446156"
"warmup","0","20260910","27","CHALLENGE","host_to_recipient","5","remote_codec","snapshot","1932","197880","489858"
"warmup","0","20260910","28","ADVANCE_ROUND","client_to_host","0","host_local_object","command",,,
"warmup","0","20260910","28","ADVANCE_ROUND","host_to_recipient","0","host_local_object","receipt",,,
"warmup","0","20260910","28","ADVANCE_ROUND","host_to_recipient","0","host_local_object","snapshot",,,
"warmup","0","20260910","28","ADVANCE_ROUND","host_to_recipient","1","remote_codec","snapshot","1925","213580","456204"
"warmup","0","20260910","28","ADVANCE_ROUND","host_to_recipient","2","remote_codec","snapshot","1777","146444","414326"
"warmup","0","20260910","28","ADVANCE_ROUND","host_to_recipient","3","remote_codec","snapshot","1928","179046","425868"
"warmup","0","20260910","28","ADVANCE_ROUND","host_to_recipient","4","remote_codec","snapshot","1925","146805","466074"
"warmup","0","20260910","28","ADVANCE_ROUND","host_to_recipient","5","remote_codec","snapshot","1924","333485","453610"
"warmup","0","20260910","29","PLAY_ONE","client_to_host","4","remote_codec","command","172","81182","114595"
"warmup","0","20260910","29","PLAY_ONE","host_to_recipient","4","remote_codec","receipt","155","68369","99466"
"warmup","0","20260910","29","PLAY_ONE","host_to_recipient","0","host_local_object","snapshot",,,
"warmup","0","20260910","29","PLAY_ONE","host_to_recipient","1","remote_codec","snapshot","1952","156272","448269"
"warmup","0","20260910","29","PLAY_ONE","host_to_recipient","2","remote_codec","snapshot","1804","224951","418404"
"warmup","0","20260910","29","PLAY_ONE","host_to_recipient","3","remote_codec","snapshot","1955","153498","452478"
"warmup","0","20260910","29","PLAY_ONE","host_to_recipient","4","remote_codec","snapshot","1923","146054","500688"
"warmup","0","20260910","29","PLAY_ONE","host_to_recipient","5","remote_codec","snapshot","1949","284524","537957"
"warmup","0","20260910","30","CHALLENGE","client_to_host","5","remote_codec","command","151","84789","98555"
"warmup","0","20260910","30","CHALLENGE","host_to_recipient","5","remote_codec","receipt","155","61986","118021"
"warmup","0","20260910","30","CHALLENGE","host_to_recipient","0","host_local_object","snapshot",,,
"warmup","0","20260910","30","CHALLENGE","host_to_recipient","1","remote_codec","snapshot","1929","159258","471624"
"warmup","0","20260910","30","CHALLENGE","host_to_recipient","2","remote_codec","snapshot","1781","137778","364563"
"warmup","0","20260910","30","CHALLENGE","host_to_recipient","3","remote_codec","snapshot","1932","172623","379381"
"warmup","0","20260910","30","CHALLENGE","host_to_recipient","4","remote_codec","snapshot","1900","123362","408515"
"warmup","0","20260910","30","CHALLENGE","host_to_recipient","5","remote_codec","snapshot","1928","139471","381394"
"warmup","0","20260910","31","ADVANCE_ROUND","client_to_host","0","host_local_object","command",,,
"warmup","0","20260910","31","ADVANCE_ROUND","host_to_recipient","0","host_local_object","receipt",,,
"warmup","0","20260910","31","ADVANCE_ROUND","host_to_recipient","0","host_local_object","snapshot",,,
"warmup","0","20260910","31","ADVANCE_ROUND","host_to_recipient","1","remote_codec","snapshot","1927","173846","552305"
"warmup","0","20260910","31","ADVANCE_ROUND","host_to_recipient","2","remote_codec","snapshot","1778","151434","455193"
"warmup","0","20260910","31","ADVANCE_ROUND","host_to_recipient","3","remote_codec","snapshot","1926","178214","471533"
"warmup","0","20260910","31","ADVANCE_ROUND","host_to_recipient","4","remote_codec","snapshot","1926","154650","497863"
"warmup","0","20260910","31","ADVANCE_ROUND","host_to_recipient","5","remote_codec","snapshot","1925","157425","491451"
"warmup","0","20260910","32","PLAY_ONE","client_to_host","5","remote_codec","command","172","87614","164297"
"warmup","0","20260910","32","PLAY_ONE","host_to_recipient","5","remote_codec","receipt","155","79038","128220"
"warmup","0","20260910","32","PLAY_ONE","host_to_recipient","0","host_local_object","snapshot",,,
"warmup","0","20260910","32","PLAY_ONE","host_to_recipient","1","remote_codec","snapshot","1954","163395","519242"
"warmup","0","20260910","32","PLAY_ONE","host_to_recipient","2","remote_codec","snapshot","1805","157205","389600"
"warmup","0","20260910","32","PLAY_ONE","host_to_recipient","3","remote_codec","snapshot","1953","143549","453850"
"warmup","0","20260910","32","PLAY_ONE","host_to_recipient","4","remote_codec","snapshot","1953","162795","434434"
"warmup","0","20260910","32","PLAY_ONE","host_to_recipient","5","remote_codec","snapshot","1924","212398","545873"
"warmup","0","20260910","33","CHALLENGE","client_to_host","0","host_local_object","command",,,
"warmup","0","20260910","33","CHALLENGE","host_to_recipient","0","host_local_object","receipt",,,
"warmup","0","20260910","33","CHALLENGE","host_to_recipient","0","host_local_object","snapshot",,,
"warmup","0","20260910","33","CHALLENGE","host_to_recipient","1","remote_codec","snapshot","1929","144771","400661"
"warmup","0","20260910","33","CHALLENGE","host_to_recipient","2","remote_codec","snapshot","1780","126016","329076"
"warmup","0","20260910","33","CHALLENGE","host_to_recipient","3","remote_codec","snapshot","1928","134411","420047"
"warmup","0","20260910","33","CHALLENGE","host_to_recipient","4","remote_codec","snapshot","1928","137978","703609"
"warmup","0","20260910","33","CHALLENGE","host_to_recipient","5","remote_codec","snapshot","1780","221445","372708"
"warmup","0","20260910","34","ADVANCE_ROUND","client_to_host","0","host_local_object","command",,,
"warmup","0","20260910","34","ADVANCE_ROUND","host_to_recipient","0","host_local_object","receipt",,,
"warmup","0","20260910","34","ADVANCE_ROUND","host_to_recipient","0","host_local_object","snapshot",,,
"warmup","0","20260910","34","ADVANCE_ROUND","host_to_recipient","1","remote_codec","snapshot","1925","149019","471553"
"warmup","0","20260910","34","ADVANCE_ROUND","host_to_recipient","2","remote_codec","snapshot","1776","138088","363170"
"warmup","0","20260910","34","ADVANCE_ROUND","host_to_recipient","3","remote_codec","snapshot","1923","163797","401031"
"warmup","0","20260910","34","ADVANCE_ROUND","host_to_recipient","4","remote_codec","snapshot","1924","136044","364193"
"warmup","0","20260910","34","ADVANCE_ROUND","host_to_recipient","5","remote_codec","snapshot","1776","132949","346348"
"warmup","0","20260910","35","PLAY_ONE","client_to_host","0","host_local_object","command",,,
"warmup","0","20260910","35","PLAY_ONE","host_to_recipient","0","host_local_object","receipt",,,
"warmup","0","20260910","35","PLAY_ONE","host_to_recipient","0","host_local_object","snapshot",,,
"warmup","0","20260910","35","PLAY_ONE","host_to_recipient","1","remote_codec","snapshot","1950","171621","385692"
"warmup","0","20260910","35","PLAY_ONE","host_to_recipient","2","remote_codec","snapshot","1803","123271","335448"
"warmup","0","20260910","35","PLAY_ONE","host_to_recipient","3","remote_codec","snapshot","1950","206407","356147"
"warmup","0","20260910","35","PLAY_ONE","host_to_recipient","4","remote_codec","snapshot","1951","131957","378929"
"warmup","0","20260910","35","PLAY_ONE","host_to_recipient","5","remote_codec","snapshot","1803","140002","452127"
"warmup","0","20260910","36","CHALLENGE","client_to_host","1","remote_codec","command","151","87464","96751"
"warmup","0","20260910","36","CHALLENGE","host_to_recipient","1","remote_codec","receipt","155","59842","92934"
"warmup","0","20260910","36","CHALLENGE","host_to_recipient","0","host_local_object","snapshot",,,
"warmup","0","20260910","36","CHALLENGE","host_to_recipient","1","remote_codec","snapshot","1778","138920","372037"
"warmup","0","20260910","36","CHALLENGE","host_to_recipient","2","remote_codec","snapshot","1778","144691","376586"
"warmup","0","20260910","36","CHALLENGE","host_to_recipient","3","remote_codec","snapshot","1925","136064","443861"
"warmup","0","20260910","36","CHALLENGE","host_to_recipient","4","remote_codec","snapshot","1926","130725","426789"
"warmup","0","20260910","36","CHALLENGE","host_to_recipient","5","remote_codec","snapshot","1778","123722","352150"
"warmup","0","20260910","37","ADVANCE_ROUND","client_to_host","0","host_local_object","command",,,
"warmup","0","20260910","37","ADVANCE_ROUND","host_to_recipient","0","host_local_object","receipt",,,
"warmup","0","20260910","37","ADVANCE_ROUND","host_to_recipient","0","host_local_object","snapshot",,,
"warmup","0","20260910","37","ADVANCE_ROUND","host_to_recipient","1","remote_codec","snapshot","1774","250479","364883"
"warmup","0","20260910","37","ADVANCE_ROUND","host_to_recipient","2","remote_codec","snapshot","1774","124603","405470"
"warmup","0","20260910","37","ADVANCE_ROUND","host_to_recipient","3","remote_codec","snapshot","1919","280095","374541"
"warmup","0","20260910","37","ADVANCE_ROUND","host_to_recipient","4","remote_codec","snapshot","1921","155501","359654"
"warmup","0","20260910","37","ADVANCE_ROUND","host_to_recipient","5","remote_codec","snapshot","1774","131266","334036"
"warmup","0","20260910","38","PLAY_ONE","client_to_host","3","remote_codec","command","172","71935","107992"
"warmup","0","20260910","38","PLAY_ONE","host_to_recipient","3","remote_codec","receipt","155","60163","97392"
"warmup","0","20260910","38","PLAY_ONE","host_to_recipient","0","host_local_object","snapshot",,,
"warmup","0","20260910","38","PLAY_ONE","host_to_recipient","1","remote_codec","snapshot","1801","143910","329467"
"warmup","0","20260910","38","PLAY_ONE","host_to_recipient","2","remote_codec","snapshot","1801","113673","322995"
"warmup","0","20260910","38","PLAY_ONE","host_to_recipient","3","remote_codec","snapshot","1918","116328","369281"
"warmup","0","20260910","38","PLAY_ONE","host_to_recipient","4","remote_codec","snapshot","1946","124683","410279"
"warmup","0","20260910","38","PLAY_ONE","host_to_recipient","5","remote_codec","snapshot","1801","122299","2020926"
"warmup","0","20260910","39","CHALLENGE","client_to_host","4","remote_codec","command","151","70362","116358"
"warmup","0","20260910","39","CHALLENGE","host_to_recipient","4","remote_codec","receipt","155","80821","84388"
"warmup","0","20260910","39","CHALLENGE","host_to_recipient","0","host_local_object","snapshot",,,
"warmup","0","20260910","39","CHALLENGE","host_to_recipient","1","remote_codec","snapshot","1779","142056","314530"
"warmup","0","20260910","39","CHALLENGE","host_to_recipient","2","remote_codec","snapshot","1779","113352","317505"
"warmup","0","20260910","39","CHALLENGE","host_to_recipient","3","remote_codec","snapshot","1896","115577","451425"
"warmup","0","20260910","39","CHALLENGE","host_to_recipient","4","remote_codec","snapshot","1926","121909","328596"
"warmup","0","20260910","39","CHALLENGE","host_to_recipient","5","remote_codec","snapshot","1779","158717","298199"
"warmup","0","20260910","40","ADVANCE_ROUND","client_to_host","0","host_local_object","command",,,
"warmup","0","20260910","40","ADVANCE_ROUND","host_to_recipient","0","host_local_object","receipt",,,
"warmup","0","20260910","40","ADVANCE_ROUND","host_to_recipient","0","host_local_object","snapshot",,,
"warmup","0","20260910","40","ADVANCE_ROUND","host_to_recipient","1","remote_codec","snapshot","1774","125435","307967"
"warmup","0","20260910","40","ADVANCE_ROUND","host_to_recipient","2","remote_codec","snapshot","1774","107341","297276"
"warmup","0","20260910","40","ADVANCE_ROUND","host_to_recipient","3","remote_codec","snapshot","1922","139872","332534"
"warmup","0","20260910","40","ADVANCE_ROUND","host_to_recipient","4","remote_codec","snapshot","1919","136626","328936"
"warmup","0","20260910","40","ADVANCE_ROUND","host_to_recipient","5","remote_codec","snapshot","1774","131346","321151"
"warmup","0","20260910","41","PLAY_ONE","client_to_host","4","remote_codec","command","172","87143","96401"
"warmup","0","20260910","41","PLAY_ONE","host_to_recipient","4","remote_codec","receipt","155","53861","80370"
"warmup","0","20260910","41","PLAY_ONE","host_to_recipient","0","host_local_object","snapshot",,,
"warmup","0","20260910","41","PLAY_ONE","host_to_recipient","1","remote_codec","snapshot","1801","100669","302738"
"warmup","0","20260910","41","PLAY_ONE","host_to_recipient","2","remote_codec","snapshot","1801","115166","338844"
"warmup","0","20260910","41","PLAY_ONE","host_to_recipient","3","remote_codec","snapshot","1949","116849","355706"
"warmup","0","20260910","41","PLAY_ONE","host_to_recipient","4","remote_codec","snapshot","1918","124323","413034"
"warmup","0","20260910","41","PLAY_ONE","host_to_recipient","5","remote_codec","snapshot","1801","143248","728685"
"warmup","0","20260910","42","CHALLENGE","client_to_host","0","host_local_object","command",,,
"warmup","0","20260910","42","CHALLENGE","host_to_recipient","0","host_local_object","receipt",,,
"warmup","0","20260910","42","CHALLENGE","host_to_recipient","0","host_local_object","snapshot",,,
"warmup","0","20260910","42","CHALLENGE","host_to_recipient","1","remote_codec","snapshot","1778","126156","344615"
"warmup","0","20260910","42","CHALLENGE","host_to_recipient","2","remote_codec","snapshot","1778","124884","443000"
"warmup","0","20260910","42","CHALLENGE","host_to_recipient","3","remote_codec","snapshot","1926","139592","470010"
"warmup","0","20260910","42","CHALLENGE","host_to_recipient","4","remote_codec","snapshot","1895","127840","379060"
"warmup","0","20260910","42","CHALLENGE","host_to_recipient","5","remote_codec","snapshot","1778","141395","317966"
"warmup","0","20260910","43","ADVANCE_ROUND","client_to_host","0","host_local_object","command",,,
"warmup","0","20260910","43","ADVANCE_ROUND","host_to_recipient","0","host_local_object","receipt",,,
"warmup","0","20260910","43","ADVANCE_ROUND","host_to_recipient","0","host_local_object","snapshot",,,
"warmup","0","20260910","43","ADVANCE_ROUND","host_to_recipient","1","remote_codec","snapshot","1776","123511","589404"
"warmup","0","20260910","43","ADVANCE_ROUND","host_to_recipient","2","remote_codec","snapshot","1776","182482","317304"
"warmup","0","20260910","43","ADVANCE_ROUND","host_to_recipient","3","remote_codec","snapshot","1929","119323","341920"
"warmup","0","20260910","43","ADVANCE_ROUND","host_to_recipient","4","remote_codec","snapshot","1929","116989","371686"
"warmup","0","20260910","43","ADVANCE_ROUND","host_to_recipient","5","remote_codec","snapshot","1776","156473","334206"
"warmup","0","20260910","44","PLAY_ONE","client_to_host","0","host_local_object","command",,,
"warmup","0","20260910","44","PLAY_ONE","host_to_recipient","0","host_local_object","receipt",,,
"warmup","0","20260910","44","PLAY_ONE","host_to_recipient","0","host_local_object","snapshot",,,
"warmup","0","20260910","44","PLAY_ONE","host_to_recipient","1","remote_codec","snapshot","1803","158407","510747"
"warmup","0","20260910","44","PLAY_ONE","host_to_recipient","2","remote_codec","snapshot","1803","335248","332302"
"warmup","0","20260910","44","PLAY_ONE","host_to_recipient","3","remote_codec","snapshot","1954","140102","381695"
"warmup","0","20260910","44","PLAY_ONE","host_to_recipient","4","remote_codec","snapshot","1956","133871","366366"
"warmup","0","20260910","44","PLAY_ONE","host_to_recipient","5","remote_codec","snapshot","1803","116879","335127"
"warmup","0","20260910","45","CHALLENGE","client_to_host","3","remote_codec","command","151","67847","97262"
"warmup","0","20260910","45","CHALLENGE","host_to_recipient","3","remote_codec","receipt","155","55314","118602"
"warmup","0","20260910","45","CHALLENGE","host_to_recipient","0","host_local_object","snapshot",,,
"warmup","0","20260910","45","CHALLENGE","host_to_recipient","1","remote_codec","snapshot","1783","110888","288160"
"warmup","0","20260910","45","CHALLENGE","host_to_recipient","2","remote_codec","snapshot","1783","104857","292898"
"warmup","0","20260910","45","CHALLENGE","host_to_recipient","3","remote_codec","snapshot","1936","138078","337423"
"warmup","0","20260910","45","CHALLENGE","host_to_recipient","4","remote_codec","snapshot","1936","102953","311174"
"warmup","0","20260910","45","CHALLENGE","host_to_recipient","5","remote_codec","snapshot","1783","96210","319268"
"warmup","0","20260910","46","ADVANCE_ROUND","client_to_host","0","host_local_object","command",,,
"warmup","0","20260910","46","ADVANCE_ROUND","host_to_recipient","0","host_local_object","receipt",,,
"warmup","0","20260910","46","ADVANCE_ROUND","host_to_recipient","0","host_local_object","snapshot",,,
"warmup","0","20260910","46","ADVANCE_ROUND","host_to_recipient","1","remote_codec","snapshot","1778","148899","446076"
"warmup","0","20260910","46","ADVANCE_ROUND","host_to_recipient","2","remote_codec","snapshot","1778","180908","392445"
"warmup","0","20260910","46","ADVANCE_ROUND","host_to_recipient","3","remote_codec","snapshot","1927","124053","422592"
"warmup","0","20260910","46","ADVANCE_ROUND","host_to_recipient","4","remote_codec","snapshot","1929","122650","404087"
"warmup","0","20260910","46","ADVANCE_ROUND","host_to_recipient","5","remote_codec","snapshot","1778","118392","336450"
"warmup","0","20260910","47","PLAY_ONE","client_to_host","3","remote_codec","command","173","71964","105718"
"warmup","0","20260910","47","PLAY_ONE","host_to_recipient","3","remote_codec","receipt","155","58640","126386"
"warmup","0","20260910","47","PLAY_ONE","host_to_recipient","0","host_local_object","snapshot",,,
"warmup","0","20260910","47","PLAY_ONE","host_to_recipient","1","remote_codec","snapshot","1805","102563","288942"
"warmup","0","20260910","47","PLAY_ONE","host_to_recipient","2","remote_codec","snapshot","1805","97021","292599"
"warmup","0","20260910","47","PLAY_ONE","host_to_recipient","3","remote_codec","snapshot","1925","101009","353562"
"warmup","0","20260910","47","PLAY_ONE","host_to_recipient","4","remote_codec","snapshot","1954","112130","352691"
"warmup","0","20260910","47","PLAY_ONE","host_to_recipient","5","remote_codec","snapshot","1805","104346","372188"
"warmup","0","20260910","48","CHALLENGE","client_to_host","4","remote_codec","command","151","63449","98945"
"warmup","0","20260910","48","CHALLENGE","host_to_recipient","4","remote_codec","receipt","155","57548","112441"
"warmup","0","20260910","48","CHALLENGE","host_to_recipient","0","host_local_object","snapshot",,,
"warmup","0","20260910","48","CHALLENGE","host_to_recipient","1","remote_codec","snapshot","1778","101310","301244"
"warmup","0","20260910","48","CHALLENGE","host_to_recipient","2","remote_codec","snapshot","1778","101120","286586"
"warmup","0","20260910","48","CHALLENGE","host_to_recipient","3","remote_codec","snapshot","1898","127589","309620"
"warmup","0","20260910","48","CHALLENGE","host_to_recipient","4","remote_codec","snapshot","1778","103093","288591"
"warmup","0","20260910","48","CHALLENGE","host_to_recipient","5","remote_codec","snapshot","1778","136465","312405"
"warmup","0","20260910","49","ADVANCE_ROUND","client_to_host","0","host_local_object","command",,,
"warmup","0","20260910","49","ADVANCE_ROUND","host_to_recipient","0","host_local_object","receipt",,,
"warmup","0","20260910","49","ADVANCE_ROUND","host_to_recipient","0","host_local_object","snapshot",,,
"warmup","0","20260910","49","ADVANCE_ROUND","host_to_recipient","1","remote_codec","snapshot","1774","131056","364583"
"warmup","0","20260910","49","ADVANCE_ROUND","host_to_recipient","2","remote_codec","snapshot","1774","114163","294081"
"warmup","0","20260910","49","ADVANCE_ROUND","host_to_recipient","3","remote_codec","snapshot","1925","105778","332082"
"warmup","0","20260910","49","ADVANCE_ROUND","host_to_recipient","4","remote_codec","snapshot","1774","115267","279744"
"warmup","0","20260910","49","ADVANCE_ROUND","host_to_recipient","5","remote_codec","snapshot","1774","91101","275747"
"warmup","0","20260910","50","PLAY_ONE","client_to_host","0","host_local_object","command",,,
"warmup","0","20260910","50","PLAY_ONE","host_to_recipient","0","host_local_object","receipt",,,
"warmup","0","20260910","50","PLAY_ONE","host_to_recipient","0","host_local_object","snapshot",,,
"warmup","0","20260910","50","PLAY_ONE","host_to_recipient","1","remote_codec","snapshot","1801","136255","383578"
"warmup","0","20260910","50","PLAY_ONE","host_to_recipient","2","remote_codec","snapshot","1801","131476","339055"
"warmup","0","20260910","50","PLAY_ONE","host_to_recipient","3","remote_codec","snapshot","1950","130324","342161"
"warmup","0","20260910","50","PLAY_ONE","host_to_recipient","4","remote_codec","snapshot","1801","130355","284522"
"warmup","0","20260910","50","PLAY_ONE","host_to_recipient","5","remote_codec","snapshot","1801","97522","298179"
"warmup","0","20260910","51","CHALLENGE","client_to_host","3","remote_codec","command","151","112791","99266"
"warmup","0","20260910","51","CHALLENGE","host_to_recipient","3","remote_codec","receipt","155","55945","80662"
"warmup","0","20260910","51","CHALLENGE","host_to_recipient","0","host_local_object","snapshot",,,
"warmup","0","20260910","51","CHALLENGE","host_to_recipient","1","remote_codec","snapshot","1780","87935","313898"
"warmup","0","20260910","51","CHALLENGE","host_to_recipient","2","remote_codec","snapshot","1780","93085","270236"
"warmup","0","20260910","51","CHALLENGE","host_to_recipient","3","remote_codec","snapshot","1931","93004","302627"
"warmup","0","20260910","51","CHALLENGE","host_to_recipient","4","remote_codec","snapshot","1780","87194","298218"
"warmup","0","20260910","51","CHALLENGE","host_to_recipient","5","remote_codec","snapshot","1780","87955","263854"
"warmup","0","20260910","52","ADVANCE_ROUND","client_to_host","0","host_local_object","command",,,
"warmup","0","20260910","52","ADVANCE_ROUND","host_to_recipient","0","host_local_object","receipt",,,
"warmup","0","20260910","52","ADVANCE_ROUND","host_to_recipient","0","host_local_object","snapshot",,,
"warmup","0","20260910","52","ADVANCE_ROUND","host_to_recipient","1","remote_codec","snapshot","1777","107622","288620"
"warmup","0","20260910","52","ADVANCE_ROUND","host_to_recipient","2","remote_codec","snapshot","1777","95759","312555"
"warmup","0","20260910","52","ADVANCE_ROUND","host_to_recipient","3","remote_codec","snapshot","1927","138369","433352"
"warmup","0","20260910","52","ADVANCE_ROUND","host_to_recipient","4","remote_codec","snapshot","1777","138589","360806"
"warmup","0","20260910","52","ADVANCE_ROUND","host_to_recipient","5","remote_codec","snapshot","1777","107021","304700"
"warmup","0","20260910","53","PLAY_ONE","client_to_host","3","remote_codec","command","173","64371","97744"
"warmup","0","20260910","53","PLAY_ONE","host_to_recipient","3","remote_codec","receipt","155","56456","94737"
"warmup","0","20260910","53","PLAY_ONE","host_to_recipient","0","host_local_object","snapshot",,,
"warmup","0","20260910","53","PLAY_ONE","host_to_recipient","1","remote_codec","snapshot","1804","95849","294041"
"warmup","0","20260910","53","PLAY_ONE","host_to_recipient","2","remote_codec","snapshot","1804","96621","335810"
"warmup","0","20260910","53","PLAY_ONE","host_to_recipient","3","remote_codec","snapshot","1924","99427","328274"
"warmup","0","20260910","53","PLAY_ONE","host_to_recipient","4","remote_codec","snapshot","1804","88266","270616"
"warmup","0","20260910","53","PLAY_ONE","host_to_recipient","5","remote_codec","snapshot","1804","133720","286146"
"warmup","0","20260910","54","CHALLENGE","client_to_host","0","host_local_object","command",,,
"warmup","0","20260910","54","CHALLENGE","host_to_recipient","0","host_local_object","receipt",,,
"warmup","0","20260910","54","CHALLENGE","host_to_recipient","0","host_local_object","snapshot",,,
"warmup","0","20260910","54","CHALLENGE","host_to_recipient","1","remote_codec","snapshot","1777","131046","310651"
"warmup","0","20260910","54","CHALLENGE","host_to_recipient","2","remote_codec","snapshot","1777","106259","257402"
"warmup","0","20260910","54","CHALLENGE","host_to_recipient","3","remote_codec","snapshot","1897","91742","346749"
"warmup","0","20260910","54","CHALLENGE","host_to_recipient","4","remote_codec","snapshot","1777","141135","306274"
"warmup","0","20260910","54","CHALLENGE","host_to_recipient","5","remote_codec","snapshot","1777","111057","281718"
"warmup","1","20260910","0","INITIAL","host_to_recipient","0","host_local_object","welcome",,,
"warmup","1","20260910","1","JOIN","client_to_host","1","remote_codec","join","192","57428","74450"
"warmup","1","20260910","1","JOIN","host_to_recipient","1","remote_codec","welcome","599","127188","261139"
"warmup","1","20260910","1","JOIN","host_to_recipient","0","host_local_object","snapshot",,,
"warmup","1","20260910","2","JOIN","client_to_host","2","remote_codec","join","192","100077","105818"
"warmup","1","20260910","2","JOIN","host_to_recipient","2","remote_codec","welcome","671","83517","161973"
"warmup","1","20260910","2","JOIN","host_to_recipient","0","host_local_object","snapshot",,,
"warmup","1","20260910","2","JOIN","host_to_recipient","1","remote_codec","snapshot","554","63889","184275"
"warmup","1","20260910","3","JOIN","client_to_host","3","remote_codec","join","193","60684","83015"
"warmup","1","20260910","3","JOIN","host_to_recipient","3","remote_codec","welcome","744","74079","173695"
"warmup","1","20260910","3","JOIN","host_to_recipient","0","host_local_object","snapshot",,,
"warmup","1","20260910","3","JOIN","host_to_recipient","1","remote_codec","snapshot","627","54732","130134"
"warmup","1","20260910","3","JOIN","host_to_recipient","2","remote_codec","snapshot","627","66465","123973"
"warmup","1","20260910","4","JOIN","client_to_host","4","remote_codec","join","193","68759","62687"
"warmup","1","20260910","4","JOIN","host_to_recipient","4","remote_codec","welcome","817","77315","173585"
"warmup","1","20260910","4","JOIN","host_to_recipient","0","host_local_object","snapshot",,,
"warmup","1","20260910","4","JOIN","host_to_recipient","1","remote_codec","snapshot","700","96340","169648"
"warmup","1","20260910","4","JOIN","host_to_recipient","2","remote_codec","snapshot","700","66946","150352"
"warmup","1","20260910","4","JOIN","host_to_recipient","3","remote_codec","snapshot","700","91611","165661"
"warmup","1","20260910","5","JOIN","client_to_host","5","remote_codec","join","193","47839","68679"
"warmup","1","20260910","5","JOIN","host_to_recipient","5","remote_codec","welcome","890","80652","202008"
"warmup","1","20260910","5","JOIN","host_to_recipient","0","host_local_object","snapshot",,,
"warmup","1","20260910","5","JOIN","host_to_recipient","1","remote_codec","snapshot","773","58138","172293"
"warmup","1","20260910","5","JOIN","host_to_recipient","2","remote_codec","snapshot","773","57969","156383"
"warmup","1","20260910","5","JOIN","host_to_recipient","3","remote_codec","snapshot","773","54732","152556"
"warmup","1","20260910","5","JOIN","host_to_recipient","4","remote_codec","snapshot","773","60353","136787"
"warmup","1","20260910","6","READY","client_to_host","1","remote_codec","command","163","52629","111339"
"warmup","1","20260910","6","READY","host_to_recipient","1","remote_codec","receipt","154","43591","72095"
"warmup","1","20260910","6","READY","host_to_recipient","0","host_local_object","snapshot",,,
"warmup","1","20260910","6","READY","host_to_recipient","1","remote_codec","snapshot","772","55804","134031"
"warmup","1","20260910","6","READY","host_to_recipient","2","remote_codec","snapshot","772","56326","138920"
"warmup","1","20260910","6","READY","host_to_recipient","3","remote_codec","snapshot","772","54131","136586"
"warmup","1","20260910","6","READY","host_to_recipient","4","remote_codec","snapshot","772","51667","163687"
"warmup","1","20260910","6","READY","host_to_recipient","5","remote_codec","snapshot","772","56816","139902"
"warmup","1","20260910","7","READY","client_to_host","2","remote_codec","command","163","52819","83346"
"warmup","1","20260910","7","READY","host_to_recipient","2","remote_codec","receipt","154","45165","75562"
"warmup","1","20260910","7","READY","host_to_recipient","0","host_local_object","snapshot",,,
"warmup","1","20260910","7","READY","host_to_recipient","1","remote_codec","snapshot","771","54361","138229"
"warmup","1","20260910","7","READY","host_to_recipient","2","remote_codec","snapshot","771","79048","144380"
"warmup","1","20260910","7","READY","host_to_recipient","3","remote_codec","snapshot","771","56075","129342"
"warmup","1","20260910","7","READY","host_to_recipient","4","remote_codec","snapshot","771","53110","148759"
"warmup","1","20260910","7","READY","host_to_recipient","5","remote_codec","snapshot","771","53250","132027"
"warmup","1","20260910","8","READY","client_to_host","3","remote_codec","command","163","49392","141034"
"warmup","1","20260910","8","READY","host_to_recipient","3","remote_codec","receipt","154","45115","74629"
"warmup","1","20260910","8","READY","host_to_recipient","0","host_local_object","snapshot",,,
"warmup","1","20260910","8","READY","host_to_recipient","1","remote_codec","snapshot","770","51828","157245"
"warmup","1","20260910","8","READY","host_to_recipient","2","remote_codec","snapshot","770","54141","131256"
"warmup","1","20260910","8","READY","host_to_recipient","3","remote_codec","snapshot","770","52168","135513"
"warmup","1","20260910","8","READY","host_to_recipient","4","remote_codec","snapshot","770","50575","168326"
"warmup","1","20260910","8","READY","host_to_recipient","5","remote_codec","snapshot","770","66675","134112"
"warmup","1","20260910","9","READY","client_to_host","4","remote_codec","command","163","59281","74980"
"warmup","1","20260910","9","READY","host_to_recipient","4","remote_codec","receipt","154","44233","69160"
"warmup","1","20260910","9","READY","host_to_recipient","0","host_local_object","snapshot",,,
"warmup","1","20260910","9","READY","host_to_recipient","1","remote_codec","snapshot","769","51476","129953"
"warmup","1","20260910","9","READY","host_to_recipient","2","remote_codec","snapshot","769","80030","135614"
"warmup","1","20260910","9","READY","host_to_recipient","3","remote_codec","snapshot","769","50033","126637"
"warmup","1","20260910","9","READY","host_to_recipient","4","remote_codec","snapshot","769","49373","127930"
"warmup","1","20260910","9","READY","host_to_recipient","5","remote_codec","snapshot","769","49072","147497"
"warmup","1","20260910","10","READY","client_to_host","5","remote_codec","command","163","46527","102352"
"warmup","1","20260910","10","READY","host_to_recipient","5","remote_codec","receipt","155","41608","71514"
"warmup","1","20260910","10","READY","host_to_recipient","0","host_local_object","snapshot",,,
"warmup","1","20260910","10","READY","host_to_recipient","1","remote_codec","snapshot","769","50124","134412"
"warmup","1","20260910","10","READY","host_to_recipient","2","remote_codec","snapshot","769","56947","137447"
"warmup","1","20260910","10","READY","host_to_recipient","3","remote_codec","snapshot","769","51436","135934"
"warmup","1","20260910","10","READY","host_to_recipient","4","remote_codec","snapshot","769","58479","262542"
"warmup","1","20260910","10","READY","host_to_recipient","5","remote_codec","snapshot","769","65994","146454"
"warmup","1","20260910","11","START_GAME","client_to_host","0","host_local_object","command",,,
"warmup","1","20260910","11","START_GAME","host_to_recipient","0","host_local_object","receipt",,,
"warmup","1","20260910","11","START_GAME","host_to_recipient","0","host_local_object","snapshot",,,
"warmup","1","20260910","11","START_GAME","host_to_recipient","1","remote_codec","snapshot","1731","97784","362198"
"warmup","1","20260910","11","START_GAME","host_to_recipient","2","remote_codec","snapshot","1732","88737","295072"
"warmup","1","20260910","11","START_GAME","host_to_recipient","3","remote_codec","snapshot","1729","84829","305853"
"warmup","1","20260910","11","START_GAME","host_to_recipient","4","remote_codec","snapshot","1731","87695","269204"
"warmup","1","20260910","11","START_GAME","host_to_recipient","5","remote_codec","snapshot","1732","86122","278321"
"warmup","1","20260910","12","PLAY_ONE","client_to_host","0","host_local_object","command",,,
"warmup","1","20260910","12","PLAY_ONE","host_to_recipient","0","host_local_object","receipt",,,
"warmup","1","20260910","12","PLAY_ONE","host_to_recipient","0","host_local_object","snapshot",,,
"warmup","1","20260910","12","PLAY_ONE","host_to_recipient","1","remote_codec","snapshot","1756","110186","290213"
"warmup","1","20260910","12","PLAY_ONE","host_to_recipient","2","remote_codec","snapshot","1759","88516","258695"
"warmup","1","20260910","12","PLAY_ONE","host_to_recipient","3","remote_codec","snapshot","1756","129362","327804"
"warmup","1","20260910","12","PLAY_ONE","host_to_recipient","4","remote_codec","snapshot","1758","117230","284733"
"warmup","1","20260910","12","PLAY_ONE","host_to_recipient","5","remote_codec","snapshot","1759","101049","328616"
"warmup","1","20260910","13","PLAY_ONE","client_to_host","1","remote_codec","command","172","75671","146214"
"warmup","1","20260910","13","PLAY_ONE","host_to_recipient","1","remote_codec","receipt","155","56997","85460"
"warmup","1","20260910","13","PLAY_ONE","host_to_recipient","0","host_local_object","snapshot",,,
"warmup","1","20260910","13","PLAY_ONE","host_to_recipient","1","remote_codec","snapshot","1728","90410","378499"
"warmup","1","20260910","13","PLAY_ONE","host_to_recipient","2","remote_codec","snapshot","1757","132729","320741"
"warmup","1","20260910","13","PLAY_ONE","host_to_recipient","3","remote_codec","snapshot","1756","137848","419185"
"warmup","1","20260910","13","PLAY_ONE","host_to_recipient","4","remote_codec","snapshot","1758","124373","413034"
"warmup","1","20260910","13","PLAY_ONE","host_to_recipient","5","remote_codec","snapshot","1759","96781","287558"
"warmup","1","20260910","14","PLAY_ONE","client_to_host","2","remote_codec","command","172","58680","150452"
"warmup","1","20260910","14","PLAY_ONE","host_to_recipient","2","remote_codec","receipt","155","89928","93796"
"warmup","1","20260910","14","PLAY_ONE","host_to_recipient","0","host_local_object","snapshot",,,
"warmup","1","20260910","14","PLAY_ONE","host_to_recipient","1","remote_codec","snapshot","1728","124202","272972"
"warmup","1","20260910","14","PLAY_ONE","host_to_recipient","2","remote_codec","snapshot","1729","100538","302727"
"warmup","1","20260910","14","PLAY_ONE","host_to_recipient","3","remote_codec","snapshot","1754","84509","275606"
"warmup","1","20260910","14","PLAY_ONE","host_to_recipient","4","remote_codec","snapshot","1758","84118","271158"
"warmup","1","20260910","14","PLAY_ONE","host_to_recipient","5","remote_codec","snapshot","1759","86462","251842"
"warmup","1","20260910","15","PLAY_ONE","client_to_host","3","remote_codec","command","172","56876","87353"
"warmup","1","20260910","15","PLAY_ONE","host_to_recipient","3","remote_codec","receipt","155","41748","123131"
"warmup","1","20260910","15","PLAY_ONE","host_to_recipient","0","host_local_object","snapshot",,,
"warmup","1","20260910","15","PLAY_ONE","host_to_recipient","1","remote_codec","snapshot","1728","89938","248215"
"warmup","1","20260910","15","PLAY_ONE","host_to_recipient","2","remote_codec","snapshot","1729","78467","265588"
"warmup","1","20260910","15","PLAY_ONE","host_to_recipient","3","remote_codec","snapshot","1727","76192","275156"
"warmup","1","20260910","15","PLAY_ONE","host_to_recipient","4","remote_codec","snapshot","1756","79038","270978"
"warmup","1","20260910","15","PLAY_ONE","host_to_recipient","5","remote_codec","snapshot","1759","88506","304651"
"warmup","1","20260910","16","PLAY_ONE","client_to_host","4","remote_codec","command","172","78156","91381"
"warmup","1","20260910","16","PLAY_ONE","host_to_recipient","4","remote_codec","receipt","155","48291","73077"
"warmup","1","20260910","16","PLAY_ONE","host_to_recipient","0","host_local_object","snapshot",,,
"warmup","1","20260910","16","PLAY_ONE","host_to_recipient","1","remote_codec","snapshot","1728","81502","270497"
"warmup","1","20260910","16","PLAY_ONE","host_to_recipient","2","remote_codec","snapshot","1729","125866","278812"
"warmup","1","20260910","16","PLAY_ONE","host_to_recipient","3","remote_codec","snapshot","1727","91462","263143"
"warmup","1","20260910","16","PLAY_ONE","host_to_recipient","4","remote_codec","snapshot","1729","85130","336240"
"warmup","1","20260910","16","PLAY_ONE","host_to_recipient","5","remote_codec","snapshot","1757","118512","326150"
"warmup","1","20260910","17","PLAY_ONE","client_to_host","5","remote_codec","command","172","87063","94246"
"warmup","1","20260910","17","PLAY_ONE","host_to_recipient","5","remote_codec","receipt","155","44073","73678"
"warmup","1","20260910","17","PLAY_ONE","host_to_recipient","0","host_local_object","snapshot",,,
"warmup","1","20260910","17","PLAY_ONE","host_to_recipient","1","remote_codec","snapshot","1728","79218","258183"
"warmup","1","20260910","17","PLAY_ONE","host_to_recipient","2","remote_codec","snapshot","1729","88025","301134"
"warmup","1","20260910","17","PLAY_ONE","host_to_recipient","3","remote_codec","snapshot","1727","111700","250599"
"warmup","1","20260910","17","PLAY_ONE","host_to_recipient","4","remote_codec","snapshot","1729","77545","251992"
"warmup","1","20260910","17","PLAY_ONE","host_to_recipient","5","remote_codec","snapshot","1730","114214","249868"
"warmup","1","20260910","18","CHALLENGE","client_to_host","0","host_local_object","command",,,
"warmup","1","20260910","18","CHALLENGE","host_to_recipient","0","host_local_object","receipt",,,
"warmup","1","20260910","18","CHALLENGE","host_to_recipient","0","host_local_object","snapshot",,,
"warmup","1","20260910","18","CHALLENGE","host_to_recipient","1","remote_codec","snapshot","1902","87193","327073"
"warmup","1","20260910","18","CHALLENGE","host_to_recipient","2","remote_codec","snapshot","1903","209602","321353"
"warmup","1","20260910","18","CHALLENGE","host_to_recipient","3","remote_codec","snapshot","1901","95228","416420"
"warmup","1","20260910","18","CHALLENGE","host_to_recipient","4","remote_codec","snapshot","1903","97823","343112"
"warmup","1","20260910","18","CHALLENGE","host_to_recipient","5","remote_codec","snapshot","1904","93846","350497"
"warmup","1","20260910","19","ADVANCE_ROUND","client_to_host","0","host_local_object","command",,,
"warmup","1","20260910","19","ADVANCE_ROUND","host_to_recipient","0","host_local_object","receipt",,,
"warmup","1","20260910","19","ADVANCE_ROUND","host_to_recipient","0","host_local_object","snapshot",,,
"warmup","1","20260910","19","ADVANCE_ROUND","host_to_recipient","1","remote_codec","snapshot","1926","102071","328586"
"warmup","1","20260910","19","ADVANCE_ROUND","host_to_recipient","2","remote_codec","snapshot","1928","85420","295464"
"warmup","1","20260910","19","ADVANCE_ROUND","host_to_recipient","3","remote_codec","snapshot","1929","87404","273072"
"warmup","1","20260910","19","ADVANCE_ROUND","host_to_recipient","4","remote_codec","snapshot","1927","79368","310672"
"warmup","1","20260910","19","ADVANCE_ROUND","host_to_recipient","5","remote_codec","snapshot","1928","85931","288260"
"warmup","1","20260910","20","PLAY_ONE","client_to_host","1","remote_codec","command","172","51988","91691"
"warmup","1","20260910","20","PLAY_ONE","host_to_recipient","1","remote_codec","receipt","155","48451","98935"
"warmup","1","20260910","20","PLAY_ONE","host_to_recipient","0","host_local_object","snapshot",,,
"warmup","1","20260910","20","PLAY_ONE","host_to_recipient","1","remote_codec","snapshot","1925","89838","281036"
"warmup","1","20260910","20","PLAY_ONE","host_to_recipient","2","remote_codec","snapshot","1953","79630","325009"
"warmup","1","20260910","20","PLAY_ONE","host_to_recipient","3","remote_codec","snapshot","1956","88777","284373"
"warmup","1","20260910","20","PLAY_ONE","host_to_recipient","4","remote_codec","snapshot","1954","90910","275246"
"warmup","1","20260910","20","PLAY_ONE","host_to_recipient","5","remote_codec","snapshot","1955","81713","315271"
"warmup","1","20260910","21","CHALLENGE","client_to_host","2","remote_codec","command","151","47690","70352"
"warmup","1","20260910","21","CHALLENGE","host_to_recipient","2","remote_codec","receipt","155","40687","65383"
"warmup","1","20260910","21","CHALLENGE","host_to_recipient","0","host_local_object","snapshot",,,
"warmup","1","20260910","21","CHALLENGE","host_to_recipient","1","remote_codec","snapshot","1902","79579","307145"
"warmup","1","20260910","21","CHALLENGE","host_to_recipient","2","remote_codec","snapshot","1932","85450","266949"
"warmup","1","20260910","21","CHALLENGE","host_to_recipient","3","remote_codec","snapshot","1933","100909","267501"
"warmup","1","20260910","21","CHALLENGE","host_to_recipient","4","remote_codec","snapshot","1931","123642","277891"
"warmup","1","20260910","21","CHALLENGE","host_to_recipient","5","remote_codec","snapshot","1932","79649","286076"
"warmup","1","20260910","22","ADVANCE_ROUND","client_to_host","0","host_local_object","command",,,
"warmup","1","20260910","22","ADVANCE_ROUND","host_to_recipient","0","host_local_object","receipt",,,
"warmup","1","20260910","22","ADVANCE_ROUND","host_to_recipient","0","host_local_object","snapshot",,,
"warmup","1","20260910","22","ADVANCE_ROUND","host_to_recipient","1","remote_codec","snapshot","1928","90649","322815"
"warmup","1","20260910","22","ADVANCE_ROUND","host_to_recipient","2","remote_codec","snapshot","1926","94848","361226"
"warmup","1","20260910","22","ADVANCE_ROUND","host_to_recipient","3","remote_codec","snapshot","1927","99326","447588"
"warmup","1","20260910","22","ADVANCE_ROUND","host_to_recipient","4","remote_codec","snapshot","1930","89337","267571"
"warmup","1","20260910","22","ADVANCE_ROUND","host_to_recipient","5","remote_codec","snapshot","1927","112200","266258"
"warmup","1","20260910","23","PLAY_ONE","client_to_host","2","remote_codec","command","172","53630","82094"
"warmup","1","20260910","23","PLAY_ONE","host_to_recipient","2","remote_codec","receipt","155","44523","94898"
"warmup","1","20260910","23","PLAY_ONE","host_to_recipient","0","host_local_object","snapshot",,,
"warmup","1","20260910","23","PLAY_ONE","host_to_recipient","1","remote_codec","snapshot","1955","85420","286206"
"warmup","1","20260910","23","PLAY_ONE","host_to_recipient","2","remote_codec","snapshot","1925","88666","267070"
"warmup","1","20260910","23","PLAY_ONE","host_to_recipient","3","remote_codec","snapshot","1952","90860","308768"
"warmup","1","20260910","23","PLAY_ONE","host_to_recipient","4","remote_codec","snapshot","1957","84068","272680"
"warmup","1","20260910","23","PLAY_ONE","host_to_recipient","5","remote_codec","snapshot","1954","88926","280736"
"warmup","1","20260910","24","CHALLENGE","client_to_host","3","remote_codec","command","151","50795","71995"
"warmup","1","20260910","24","CHALLENGE","host_to_recipient","3","remote_codec","receipt","155","38883","62948"
"warmup","1","20260910","24","CHALLENGE","host_to_recipient","0","host_local_object","snapshot",,,
"warmup","1","20260910","24","CHALLENGE","host_to_recipient","1","remote_codec","snapshot","1930","76373","365746"
"warmup","1","20260910","24","CHALLENGE","host_to_recipient","2","remote_codec","snapshot","1781","117160","285214"
"warmup","1","20260910","24","CHALLENGE","host_to_recipient","3","remote_codec","snapshot","1929","90189","288811"
"warmup","1","20260910","24","CHALLENGE","host_to_recipient","4","remote_codec","snapshot","1932","97001","310953"
"warmup","1","20260910","24","CHALLENGE","host_to_recipient","5","remote_codec","snapshot","1929","84138","283160"
"warmup","1","20260910","25","ADVANCE_ROUND","client_to_host","0","host_local_object","command",,,
"warmup","1","20260910","25","ADVANCE_ROUND","host_to_recipient","0","host_local_object","receipt",,,
"warmup","1","20260910","25","ADVANCE_ROUND","host_to_recipient","0","host_local_object","snapshot",,,
"warmup","1","20260910","25","ADVANCE_ROUND","host_to_recipient","1","remote_codec","snapshot","1925","99787","354203"
"warmup","1","20260910","25","ADVANCE_ROUND","host_to_recipient","2","remote_codec","snapshot","1776","142066","292729"
"warmup","1","20260910","25","ADVANCE_ROUND","host_to_recipient","3","remote_codec","snapshot","1923","123491","298259"
"warmup","1","20260910","25","ADVANCE_ROUND","host_to_recipient","4","remote_codec","snapshot","1923","86643","280145"
"warmup","1","20260910","25","ADVANCE_ROUND","host_to_recipient","5","remote_codec","snapshot","1927","94907","309350"
"warmup","1","20260910","26","PLAY_ONE","client_to_host","3","remote_codec","command","172","57517","94107"
"warmup","1","20260910","26","PLAY_ONE","host_to_recipient","3","remote_codec","receipt","155","45115","66745"
"warmup","1","20260910","26","PLAY_ONE","host_to_recipient","0","host_local_object","snapshot",,,
"warmup","1","20260910","26","PLAY_ONE","host_to_recipient","1","remote_codec","snapshot","1952","82525","304501"
"warmup","1","20260910","26","PLAY_ONE","host_to_recipient","2","remote_codec","snapshot","1803","86061","256701"
"warmup","1","20260910","26","PLAY_ONE","host_to_recipient","3","remote_codec","snapshot","1921","87744","264015"
"warmup","1","20260910","26","PLAY_ONE","host_to_recipient","4","remote_codec","snapshot","1948","86673","470532"
"warmup","1","20260910","26","PLAY_ONE","host_to_recipient","5","remote_codec","snapshot","1954","87032","272842"
"warmup","1","20260910","27","CHALLENGE","client_to_host","4","remote_codec","command","151","59592","96121"
"warmup","1","20260910","27","CHALLENGE","host_to_recipient","4","remote_codec","receipt","155","50224","77776"
"warmup","1","20260910","27","CHALLENGE","host_to_recipient","0","host_local_object","snapshot",,,
"warmup","1","20260910","27","CHALLENGE","host_to_recipient","1","remote_codec","snapshot","1930","97732","321001"
"warmup","1","20260910","27","CHALLENGE","host_to_recipient","2","remote_codec","snapshot","1781","109666","253134"
"warmup","1","20260910","27","CHALLENGE","host_to_recipient","3","remote_codec","snapshot","1899","86903","252963"
"warmup","1","20260910","27","CHALLENGE","host_to_recipient","4","remote_codec","snapshot","1928","102842","281597"
"warmup","1","20260910","27","CHALLENGE","host_to_recipient","5","remote_codec","snapshot","1932","108082","304189"
"warmup","1","20260910","28","ADVANCE_ROUND","client_to_host","0","host_local_object","command",,,
"warmup","1","20260910","28","ADVANCE_ROUND","host_to_recipient","0","host_local_object","receipt",,,
"warmup","1","20260910","28","ADVANCE_ROUND","host_to_recipient","0","host_local_object","snapshot",,,
"warmup","1","20260910","28","ADVANCE_ROUND","host_to_recipient","1","remote_codec","snapshot","1925","109856","343724"
"warmup","1","20260910","28","ADVANCE_ROUND","host_to_recipient","2","remote_codec","snapshot","1777","125895","289201"
"warmup","1","20260910","28","ADVANCE_ROUND","host_to_recipient","3","remote_codec","snapshot","1928","125375","319599"
"warmup","1","20260910","28","ADVANCE_ROUND","host_to_recipient","4","remote_codec","snapshot","1925","109355","264095"
"warmup","1","20260910","28","ADVANCE_ROUND","host_to_recipient","5","remote_codec","snapshot","1924","87314","322113"
"warmup","1","20260910","29","PLAY_ONE","client_to_host","4","remote_codec","command","172","63419","80220"
"warmup","1","20260910","29","PLAY_ONE","host_to_recipient","4","remote_codec","receipt","155","40106","68138"
"warmup","1","20260910","29","PLAY_ONE","host_to_recipient","0","host_local_object","snapshot",,,
"warmup","1","20260910","29","PLAY_ONE","host_to_recipient","1","remote_codec","snapshot","1952","85420","305853"
"warmup","1","20260910","29","PLAY_ONE","host_to_recipient","2","remote_codec","snapshot","1804","82826","241332"
"warmup","1","20260910","29","PLAY_ONE","host_to_recipient","3","remote_codec","snapshot","1955","82124","450074"
"warmup","1","20260910","29","PLAY_ONE","host_to_recipient","4","remote_codec","snapshot","1923","97713","275777"
"warmup","1","20260910","29","PLAY_ONE","host_to_recipient","5","remote_codec","snapshot","1949","96311","295473"
"warmup","1","20260910","30","CHALLENGE","client_to_host","5","remote_codec","command","151","53339","73739"
"warmup","1","20260910","30","CHALLENGE","host_to_recipient","5","remote_codec","receipt","155","40436","64100"
"warmup","1","20260910","30","CHALLENGE","host_to_recipient","0","host_local_object","snapshot",,,
"warmup","1","20260910","30","CHALLENGE","host_to_recipient","1","remote_codec","snapshot","1929","77836","262682"
"warmup","1","20260910","30","CHALLENGE","host_to_recipient","2","remote_codec","snapshot","1781","78918","256340"
"warmup","1","20260910","30","CHALLENGE","host_to_recipient","3","remote_codec","snapshot","1932","81072","255137"
"warmup","1","20260910","30","CHALLENGE","host_to_recipient","4","remote_codec","snapshot","1900","79028","245630"
"warmup","1","20260910","30","CHALLENGE","host_to_recipient","5","remote_codec","snapshot","1928","82364","278081"
"warmup","1","20260910","31","ADVANCE_ROUND","client_to_host","0","host_local_object","command",,,
"warmup","1","20260910","31","ADVANCE_ROUND","host_to_recipient","0","host_local_object","receipt",,,
"warmup","1","20260910","31","ADVANCE_ROUND","host_to_recipient","0","host_local_object","snapshot",,,
"warmup","1","20260910","31","ADVANCE_ROUND","host_to_recipient","1","remote_codec","snapshot","1927","256450","298038"
"warmup","1","20260910","31","ADVANCE_ROUND","host_to_recipient","2","remote_codec","snapshot","1778","78667","233487"
"warmup","1","20260910","31","ADVANCE_ROUND","host_to_recipient","3","remote_codec","snapshot","1926","76944","266719"
"warmup","1","20260910","31","ADVANCE_ROUND","host_to_recipient","4","remote_codec","snapshot","1926","81163","279353"
"warmup","1","20260910","31","ADVANCE_ROUND","host_to_recipient","5","remote_codec","snapshot","1925","80661","252663"
"warmup","1","20260910","32","PLAY_ONE","client_to_host","5","remote_codec","command","172","48821","72766"
"warmup","1","20260910","32","PLAY_ONE","host_to_recipient","5","remote_codec","receipt","155","43862","62918"
"warmup","1","20260910","32","PLAY_ONE","host_to_recipient","0","host_local_object","snapshot",,,
"warmup","1","20260910","32","PLAY_ONE","host_to_recipient","1","remote_codec","snapshot","1954","80250","251491"
"warmup","1","20260910","32","PLAY_ONE","host_to_recipient","2","remote_codec","snapshot","1805","84488","221575"
"warmup","1","20260910","32","PLAY_ONE","host_to_recipient","3","remote_codec","snapshot","1953","113653","590897"
"warmup","1","20260910","32","PLAY_ONE","host_to_recipient","4","remote_codec","snapshot","1953","98264","278221"
"warmup","1","20260910","32","PLAY_ONE","host_to_recipient","5","remote_codec","snapshot","1924","159579","390000"
"warmup","1","20260910","33","CHALLENGE","client_to_host","0","host_local_object","command",,,
"warmup","1","20260910","33","CHALLENGE","host_to_recipient","0","host_local_object","receipt",,,
"warmup","1","20260910","33","CHALLENGE","host_to_recipient","0","host_local_object","snapshot",,,
"warmup","1","20260910","33","CHALLENGE","host_to_recipient","1","remote_codec","snapshot","1929","203642","308848"
"warmup","1","20260910","33","CHALLENGE","host_to_recipient","2","remote_codec","snapshot","1780","86682","262602"
"warmup","1","20260910","33","CHALLENGE","host_to_recipient","3","remote_codec","snapshot","1928","84438","315862"
"warmup","1","20260910","33","CHALLENGE","host_to_recipient","4","remote_codec","snapshot","1928","104216","384891"
"warmup","1","20260910","33","CHALLENGE","host_to_recipient","5","remote_codec","snapshot","1780","95018","286547"
"warmup","1","20260910","34","ADVANCE_ROUND","client_to_host","0","host_local_object","command",,,
"warmup","1","20260910","34","ADVANCE_ROUND","host_to_recipient","0","host_local_object","receipt",,,
"warmup","1","20260910","34","ADVANCE_ROUND","host_to_recipient","0","host_local_object","snapshot",,,
"warmup","1","20260910","34","ADVANCE_ROUND","host_to_recipient","1","remote_codec","snapshot","1925","130184","303478"
"warmup","1","20260910","34","ADVANCE_ROUND","host_to_recipient","2","remote_codec","snapshot","1776","127459","289002"
"warmup","1","20260910","34","ADVANCE_ROUND","host_to_recipient","3","remote_codec","snapshot","1923","106700","313126"
"warmup","1","20260910","34","ADVANCE_ROUND","host_to_recipient","4","remote_codec","snapshot","1924","117220","344415"
"warmup","1","20260910","34","ADVANCE_ROUND","host_to_recipient","5","remote_codec","snapshot","1776","92404","280795"
"warmup","1","20260910","35","PLAY_ONE","client_to_host","0","host_local_object","command",,,
"warmup","1","20260910","35","PLAY_ONE","host_to_recipient","0","host_local_object","receipt",,,
"warmup","1","20260910","35","PLAY_ONE","host_to_recipient","0","host_local_object","snapshot",,,
"warmup","1","20260910","35","PLAY_ONE","host_to_recipient","1","remote_codec","snapshot","1950","125495","319949"
"warmup","1","20260910","35","PLAY_ONE","host_to_recipient","2","remote_codec","snapshot","1803","92183","281758"
"warmup","1","20260910","35","PLAY_ONE","host_to_recipient","3","remote_codec","snapshot","1950","120586","459170"
"warmup","1","20260910","35","PLAY_ONE","host_to_recipient","4","remote_codec","snapshot","1951","96180","318526"
"warmup","1","20260910","35","PLAY_ONE","host_to_recipient","5","remote_codec","snapshot","1803","116458","290404"
"warmup","1","20260910","36","CHALLENGE","client_to_host","1","remote_codec","command","151","56155","83918"
"warmup","1","20260910","36","CHALLENGE","host_to_recipient","1","remote_codec","receipt","155","58750","109104"
"warmup","1","20260910","36","CHALLENGE","host_to_recipient","0","host_local_object","snapshot",,,
"warmup","1","20260910","36","CHALLENGE","host_to_recipient","1","remote_codec","snapshot","1778","93705","284563"
"warmup","1","20260910","36","CHALLENGE","host_to_recipient","2","remote_codec","snapshot","1778","92233","233046"
"warmup","1","20260910","36","CHALLENGE","host_to_recipient","3","remote_codec","snapshot","1925","75220","285535"
"warmup","1","20260910","36","CHALLENGE","host_to_recipient","4","remote_codec","snapshot","1926","84278","273392"
"warmup","1","20260910","36","CHALLENGE","host_to_recipient","5","remote_codec","snapshot","1778","77255","245991"
"warmup","1","20260910","37","ADVANCE_ROUND","client_to_host","0","host_local_object","command",,,
"warmup","1","20260910","37","ADVANCE_ROUND","host_to_recipient","0","host_local_object","receipt",,,
"warmup","1","20260910","37","ADVANCE_ROUND","host_to_recipient","0","host_local_object","snapshot",,,
"warmup","1","20260910","37","ADVANCE_ROUND","host_to_recipient","1","remote_codec","snapshot","1774","91060","260679"
"warmup","1","20260910","37","ADVANCE_ROUND","host_to_recipient","2","remote_codec","snapshot","1774","79760","267782"
"warmup","1","20260910","37","ADVANCE_ROUND","host_to_recipient","3","remote_codec","snapshot","1919","80761","255439"
"warmup","1","20260910","37","ADVANCE_ROUND","host_to_recipient","4","remote_codec","snapshot","1921","73788","241723"
"warmup","1","20260910","37","ADVANCE_ROUND","host_to_recipient","5","remote_codec","snapshot","1774","70763","249858"
"warmup","1","20260910","38","PLAY_ONE","client_to_host","3","remote_codec","command","172","54442","81082"
"warmup","1","20260910","38","PLAY_ONE","host_to_recipient","3","remote_codec","receipt","155","57217","69780"
"warmup","1","20260910","38","PLAY_ONE","host_to_recipient","0","host_local_object","snapshot",,,
"warmup","1","20260910","38","PLAY_ONE","host_to_recipient","1","remote_codec","snapshot","1801","84068","291215"
"warmup","1","20260910","38","PLAY_ONE","host_to_recipient","2","remote_codec","snapshot","1801","80621","258464"
"warmup","1","20260910","38","PLAY_ONE","host_to_recipient","3","remote_codec","snapshot","1918","79900","423493"
"warmup","1","20260910","38","PLAY_ONE","host_to_recipient","4","remote_codec","snapshot","1946","107532","277049"
"warmup","1","20260910","38","PLAY_ONE","host_to_recipient","5","remote_codec","snapshot","1801","82495","320641"
"warmup","1","20260910","39","CHALLENGE","client_to_host","4","remote_codec","command","151","77385","99456"
"warmup","1","20260910","39","CHALLENGE","host_to_recipient","4","remote_codec","receipt","155","40927","84488"
"warmup","1","20260910","39","CHALLENGE","host_to_recipient","0","host_local_object","snapshot",,,
"warmup","1","20260910","39","CHALLENGE","host_to_recipient","1","remote_codec","snapshot","1779","77254","266610"
"warmup","1","20260910","39","CHALLENGE","host_to_recipient","2","remote_codec","snapshot","1779","80080","248505"
"warmup","1","20260910","39","CHALLENGE","host_to_recipient","3","remote_codec","snapshot","1896","78688","215083"
"warmup","1","20260910","39","CHALLENGE","host_to_recipient","4","remote_codec","snapshot","1926","72606","234108"
"warmup","1","20260910","39","CHALLENGE","host_to_recipient","5","remote_codec","snapshot","1779","69851","218219"
"warmup","1","20260910","40","ADVANCE_ROUND","client_to_host","0","host_local_object","command",,,
"warmup","1","20260910","40","ADVANCE_ROUND","host_to_recipient","0","host_local_object","receipt",,,
"warmup","1","20260910","40","ADVANCE_ROUND","host_to_recipient","0","host_local_object","snapshot",,,
"warmup","1","20260910","40","ADVANCE_ROUND","host_to_recipient","1","remote_codec","snapshot","1774","82725","222486"
"warmup","1","20260910","40","ADVANCE_ROUND","host_to_recipient","2","remote_codec","snapshot","1774","76132","257332"
"warmup","1","20260910","40","ADVANCE_ROUND","host_to_recipient","3","remote_codec","snapshot","1922","87404","232916"
"warmup","1","20260910","40","ADVANCE_ROUND","host_to_recipient","4","remote_codec","snapshot","1919","80120","228408"
"warmup","1","20260910","40","ADVANCE_ROUND","host_to_recipient","5","remote_codec","snapshot","1774","72987","199233"
"warmup","1","20260910","41","PLAY_ONE","client_to_host","4","remote_codec","command","172","53670","71073"
"warmup","1","20260910","41","PLAY_ONE","host_to_recipient","4","remote_codec","receipt","155","39944","58991"
"warmup","1","20260910","41","PLAY_ONE","host_to_recipient","0","host_local_object","snapshot",,,
"warmup","1","20260910","41","PLAY_ONE","host_to_recipient","1","remote_codec","snapshot","1801","85851","215052"
"warmup","1","20260910","41","PLAY_ONE","host_to_recipient","2","remote_codec","snapshot","1801","72946","255529"
"warmup","1","20260910","41","PLAY_ONE","host_to_recipient","3","remote_codec","snapshot","1949","80220","387366"
"warmup","1","20260910","41","PLAY_ONE","host_to_recipient","4","remote_codec","snapshot","1918","74880","253054"
"warmup","1","20260910","41","PLAY_ONE","host_to_recipient","5","remote_codec","snapshot","1801","79188","209974"
"warmup","1","20260910","42","CHALLENGE","client_to_host","0","host_local_object","command",,,
"warmup","1","20260910","42","CHALLENGE","host_to_recipient","0","host_local_object","receipt",,,
"warmup","1","20260910","42","CHALLENGE","host_to_recipient","0","host_local_object","snapshot",,,
"warmup","1","20260910","42","CHALLENGE","host_to_recipient","1","remote_codec","snapshot","1778","84158","232465"
"warmup","1","20260910","42","CHALLENGE","host_to_recipient","2","remote_codec","snapshot","1778","103704","203080"
"warmup","1","20260910","42","CHALLENGE","host_to_recipient","3","remote_codec","snapshot","1926","74610","219902"
"warmup","1","20260910","42","CHALLENGE","host_to_recipient","4","remote_codec","snapshot","1895","71744","232546"
"warmup","1","20260910","42","CHALLENGE","host_to_recipient","5","remote_codec","snapshot","1778","72916","234459"
"warmup","1","20260910","43","ADVANCE_ROUND","client_to_host","0","host_local_object","command",,,
"warmup","1","20260910","43","ADVANCE_ROUND","host_to_recipient","0","host_local_object","receipt",,,
"warmup","1","20260910","43","ADVANCE_ROUND","host_to_recipient","0","host_local_object","snapshot",,,
"warmup","1","20260910","43","ADVANCE_ROUND","host_to_recipient","1","remote_codec","snapshot","1776","87043","223018"
"warmup","1","20260910","43","ADVANCE_ROUND","host_to_recipient","2","remote_codec","snapshot","1776","102773","202469"
"warmup","1","20260910","43","ADVANCE_ROUND","host_to_recipient","3","remote_codec","snapshot","1929","77966","246622"
"warmup","1","20260910","43","ADVANCE_ROUND","host_to_recipient","4","remote_codec","snapshot","1929","128290","244548"
"warmup","1","20260910","43","ADVANCE_ROUND","host_to_recipient","5","remote_codec","snapshot","1776","118953","206396"
"warmup","1","20260910","44","PLAY_ONE","client_to_host","0","host_local_object","command",,,
"warmup","1","20260910","44","PLAY_ONE","host_to_recipient","0","host_local_object","receipt",,,
"warmup","1","20260910","44","PLAY_ONE","host_to_recipient","0","host_local_object","snapshot",,,
"warmup","1","20260910","44","PLAY_ONE","host_to_recipient","1","remote_codec","snapshot","1803","102852","227146"
"warmup","1","20260910","44","PLAY_ONE","host_to_recipient","2","remote_codec","snapshot","1803","103083","213470"
"warmup","1","20260910","44","PLAY_ONE","host_to_recipient","3","remote_codec","snapshot","1954","74560","225142"
"warmup","1","20260910","44","PLAY_ONE","host_to_recipient","4","remote_codec","snapshot","1956","204213","263163"
"warmup","1","20260910","44","PLAY_ONE","host_to_recipient","5","remote_codec","snapshot","1803","77826","203982"
"warmup","1","20260910","45","CHALLENGE","client_to_host","3","remote_codec","command","151","46197","62998"
"warmup","1","20260910","45","CHALLENGE","host_to_recipient","3","remote_codec","receipt","155","35887","58008"
"warmup","1","20260910","45","CHALLENGE","host_to_recipient","0","host_local_object","snapshot",,,
"warmup","1","20260910","45","CHALLENGE","host_to_recipient","1","remote_codec","snapshot","1783","101209","216335"
"warmup","1","20260910","45","CHALLENGE","host_to_recipient","2","remote_codec","snapshot","1783","72966","201357"
"warmup","1","20260910","45","CHALLENGE","host_to_recipient","3","remote_codec","snapshot","1936","73147","220303"
"warmup","1","20260910","45","CHALLENGE","host_to_recipient","4","remote_codec","snapshot","1936","75632","251682"
"warmup","1","20260910","45","CHALLENGE","host_to_recipient","5","remote_codec","snapshot","1783","75111","202589"
"warmup","1","20260910","46","ADVANCE_ROUND","client_to_host","0","host_local_object","command",,,
"warmup","1","20260910","46","ADVANCE_ROUND","host_to_recipient","0","host_local_object","receipt",,,
"warmup","1","20260910","46","ADVANCE_ROUND","host_to_recipient","0","host_local_object","snapshot",,,
"warmup","1","20260910","46","ADVANCE_ROUND","host_to_recipient","1","remote_codec","snapshot","1778","96481","240721"
"warmup","1","20260910","46","ADVANCE_ROUND","host_to_recipient","2","remote_codec","snapshot","1778","219481","212378"
"warmup","1","20260910","46","ADVANCE_ROUND","host_to_recipient","3","remote_codec","snapshot","1927","101440","230362"
"warmup","1","20260910","46","ADVANCE_ROUND","host_to_recipient","4","remote_codec","snapshot","1929","98854","232005"
"warmup","1","20260910","46","ADVANCE_ROUND","host_to_recipient","5","remote_codec","snapshot","1778","74540","212788"
"warmup","1","20260910","47","PLAY_ONE","client_to_host","3","remote_codec","command","173","46718","64892"
"warmup","1","20260910","47","PLAY_ONE","host_to_recipient","3","remote_codec","receipt","155","40246","56966"
"warmup","1","20260910","47","PLAY_ONE","host_to_recipient","0","host_local_object","snapshot",,,
"warmup","1","20260910","47","PLAY_ONE","host_to_recipient","1","remote_codec","snapshot","1805","72756","204763"
"warmup","1","20260910","47","PLAY_ONE","host_to_recipient","2","remote_codec","snapshot","1805","64612","198582"
"warmup","1","20260910","47","PLAY_ONE","host_to_recipient","3","remote_codec","snapshot","1925","77556","265197"
"warmup","1","20260910","47","PLAY_ONE","host_to_recipient","4","remote_codec","snapshot","1954","76724","377136"
"warmup","1","20260910","47","PLAY_ONE","host_to_recipient","5","remote_codec","snapshot","1805","87123","355997"
"warmup","1","20260910","48","CHALLENGE","client_to_host","4","remote_codec","command","151","52118","132839"
"warmup","1","20260910","48","CHALLENGE","host_to_recipient","4","remote_codec","receipt","155","45105","68899"
"warmup","1","20260910","48","CHALLENGE","host_to_recipient","0","host_local_object","snapshot",,,
"warmup","1","20260910","48","CHALLENGE","host_to_recipient","1","remote_codec","snapshot","1778","126777","305713"
"warmup","1","20260910","48","CHALLENGE","host_to_recipient","2","remote_codec","snapshot","1778","91020","303899"
"warmup","1","20260910","48","CHALLENGE","host_to_recipient","3","remote_codec","snapshot","1898","84057","300032"
"warmup","1","20260910","48","CHALLENGE","host_to_recipient","4","remote_codec","snapshot","1778","83206","327544"
"warmup","1","20260910","48","CHALLENGE","host_to_recipient","5","remote_codec","snapshot","1778","87043","318798"
"warmup","1","20260910","49","ADVANCE_ROUND","client_to_host","0","host_local_object","command",,,
"warmup","1","20260910","49","ADVANCE_ROUND","host_to_recipient","0","host_local_object","receipt",,,
"warmup","1","20260910","49","ADVANCE_ROUND","host_to_recipient","0","host_local_object","snapshot",,,
"warmup","1","20260910","49","ADVANCE_ROUND","host_to_recipient","1","remote_codec","snapshot","1774","94146","307436"
"warmup","1","20260910","49","ADVANCE_ROUND","host_to_recipient","2","remote_codec","snapshot","1774","77545","304340"
"warmup","1","20260910","49","ADVANCE_ROUND","host_to_recipient","3","remote_codec","snapshot","1925","87003","319969"
"warmup","1","20260910","49","ADVANCE_ROUND","host_to_recipient","4","remote_codec","snapshot","1774","87093","249247"
"warmup","1","20260910","49","ADVANCE_ROUND","host_to_recipient","5","remote_codec","snapshot","1774","73739","295143"
"warmup","1","20260910","50","PLAY_ONE","client_to_host","0","host_local_object","command",,,
"warmup","1","20260910","50","PLAY_ONE","host_to_recipient","0","host_local_object","receipt",,,
"warmup","1","20260910","50","PLAY_ONE","host_to_recipient","0","host_local_object","snapshot",,,
"warmup","1","20260910","50","PLAY_ONE","host_to_recipient","1","remote_codec","snapshot","1801","86623","268533"
"warmup","1","20260910","50","PLAY_ONE","host_to_recipient","2","remote_codec","snapshot","1801","74590","308367"
"warmup","1","20260910","50","PLAY_ONE","host_to_recipient","3","remote_codec","snapshot","1950","84808","286998"
"warmup","1","20260910","50","PLAY_ONE","host_to_recipient","4","remote_codec","snapshot","1801","72225","419616"
"warmup","1","20260910","50","PLAY_ONE","host_to_recipient","5","remote_codec","snapshot","1801","80571","278622"
"warmup","1","20260910","51","CHALLENGE","client_to_host","3","remote_codec","command","151","51396","78747"
"warmup","1","20260910","51","CHALLENGE","host_to_recipient","3","remote_codec","receipt","155","65473","67377"
"warmup","1","20260910","51","CHALLENGE","host_to_recipient","0","host_local_object","snapshot",,,
"warmup","1","20260910","51","CHALLENGE","host_to_recipient","1","remote_codec","snapshot","1780","71133","254587"
"warmup","1","20260910","51","CHALLENGE","host_to_recipient","2","remote_codec","snapshot","1780","71284","249918"
"warmup","1","20260910","51","CHALLENGE","host_to_recipient","3","remote_codec","snapshot","1931","75101","306895"
"warmup","1","20260910","51","CHALLENGE","host_to_recipient","4","remote_codec","snapshot","1780","73558","244809"
"warmup","1","20260910","51","CHALLENGE","host_to_recipient","5","remote_codec","snapshot","1780","68969","254747"
"warmup","1","20260910","52","ADVANCE_ROUND","client_to_host","0","host_local_object","command",,,
"warmup","1","20260910","52","ADVANCE_ROUND","host_to_recipient","0","host_local_object","receipt",,,
"warmup","1","20260910","52","ADVANCE_ROUND","host_to_recipient","0","host_local_object","snapshot",,,
"warmup","1","20260910","52","ADVANCE_ROUND","host_to_recipient","1","remote_codec","snapshot","1777","81393","286226"
"warmup","1","20260910","52","ADVANCE_ROUND","host_to_recipient","2","remote_codec","snapshot","1777","73467","240370"
"warmup","1","20260910","52","ADVANCE_ROUND","host_to_recipient","3","remote_codec","snapshot","1927","97583","281106"
"warmup","1","20260910","52","ADVANCE_ROUND","host_to_recipient","4","remote_codec","snapshot","1777","71404","263854"
"warmup","1","20260910","52","ADVANCE_ROUND","host_to_recipient","5","remote_codec","snapshot","1777","139832","328766"
"warmup","1","20260910","53","PLAY_ONE","client_to_host","3","remote_codec","command","173","143509","95609"
"warmup","1","20260910","53","PLAY_ONE","host_to_recipient","3","remote_codec","receipt","155","56506","78517"
"warmup","1","20260910","53","PLAY_ONE","host_to_recipient","0","host_local_object","snapshot",,,
"warmup","1","20260910","53","PLAY_ONE","host_to_recipient","1","remote_codec","snapshot","1804","209562","290353"
"warmup","1","20260910","53","PLAY_ONE","host_to_recipient","2","remote_codec","snapshot","1804","137818","308889"
"warmup","1","20260910","53","PLAY_ONE","host_to_recipient","3","remote_codec","snapshot","1924","83396","312856"
"warmup","1","20260910","53","PLAY_ONE","host_to_recipient","4","remote_codec","snapshot","1804","81803","322685"
"warmup","1","20260910","53","PLAY_ONE","host_to_recipient","5","remote_codec","snapshot","1804","80661","432650"
"warmup","1","20260910","54","CHALLENGE","client_to_host","0","host_local_object","command",,,
"warmup","1","20260910","54","CHALLENGE","host_to_recipient","0","host_local_object","receipt",,,
"warmup","1","20260910","54","CHALLENGE","host_to_recipient","0","host_local_object","snapshot",,,
"warmup","1","20260910","54","CHALLENGE","host_to_recipient","1","remote_codec","snapshot","1777","84118","282449"
"warmup","1","20260910","54","CHALLENGE","host_to_recipient","2","remote_codec","snapshot","1777","78948","295894"
"warmup","1","20260910","54","CHALLENGE","host_to_recipient","3","remote_codec","snapshot","1897","91601","350336"
"warmup","1","20260910","54","CHALLENGE","host_to_recipient","4","remote_codec","snapshot","1777","97873","293950"
"warmup","1","20260910","54","CHALLENGE","host_to_recipient","5","remote_codec","snapshot","1777","78487","266379"
"sample","0","20260910","0","INITIAL","host_to_recipient","0","host_local_object","welcome",,,
"sample","0","20260910","1","JOIN","client_to_host","1","remote_codec","join","192","55755","63429"
"sample","0","20260910","1","JOIN","host_to_recipient","1","remote_codec","welcome","599","78718","135464"
"sample","0","20260910","1","JOIN","host_to_recipient","0","host_local_object","snapshot",,,
"sample","0","20260910","2","JOIN","client_to_host","2","remote_codec","join","192","34955","101470"
"sample","0","20260910","2","JOIN","host_to_recipient","2","remote_codec","welcome","671","55985","126256"
"sample","0","20260910","2","JOIN","host_to_recipient","0","host_local_object","snapshot",,,
"sample","0","20260910","2","JOIN","host_to_recipient","1","remote_codec","snapshot","554","39003","143679"
"sample","0","20260910","3","JOIN","client_to_host","3","remote_codec","join","193","61005","54412"
"sample","0","20260910","3","JOIN","host_to_recipient","3","remote_codec","welcome","744","51857","132067"
"sample","0","20260910","3","JOIN","host_to_recipient","0","host_local_object","snapshot",,,
"sample","0","20260910","3","JOIN","host_to_recipient","1","remote_codec","snapshot","627","124794","156924"
"sample","0","20260910","3","JOIN","host_to_recipient","2","remote_codec","snapshot","627","55695","114415"
"sample","0","20260910","4","JOIN","client_to_host","4","remote_codec","join","193","39323","89027"
"sample","0","20260910","4","JOIN","host_to_recipient","4","remote_codec","welcome","817","80361","135213"
"sample","0","20260910","4","JOIN","host_to_recipient","0","host_local_object","snapshot",,,
"sample","0","20260910","4","JOIN","host_to_recipient","1","remote_codec","snapshot","700","52588","113082"
"sample","0","20260910","4","JOIN","host_to_recipient","2","remote_codec","snapshot","700","36478","107441"
"sample","0","20260910","4","JOIN","host_to_recipient","3","remote_codec","snapshot","700","37440","114415"
"sample","0","20260910","5","JOIN","client_to_host","5","remote_codec","join","193","31910","75302"
"sample","0","20260910","5","JOIN","host_to_recipient","5","remote_codec","welcome","890","56145","161813"
"sample","0","20260910","5","JOIN","host_to_recipient","0","host_local_object","snapshot",,,
"sample","0","20260910","5","JOIN","host_to_recipient","1","remote_codec","snapshot","773","42410","118351"
"sample","0","20260910","5","JOIN","host_to_recipient","2","remote_codec","snapshot","773","66955","123362"
"sample","0","20260910","5","JOIN","host_to_recipient","3","remote_codec","snapshot","773","36638","118051"
"sample","0","20260910","5","JOIN","host_to_recipient","4","remote_codec","snapshot","773","36709","143128"
"sample","0","20260910","6","READY","client_to_host","1","remote_codec","command","163","40787","64591"
"sample","0","20260910","6","READY","host_to_recipient","1","remote_codec","receipt","154","30647","56776"
"sample","0","20260910","6","READY","host_to_recipient","0","host_local_object","snapshot",,,
"sample","0","20260910","6","READY","host_to_recipient","1","remote_codec","snapshot","772","41608","142948"
"sample","0","20260910","6","READY","host_to_recipient","2","remote_codec","snapshot","772","80300","120656"
"sample","0","20260910","6","READY","host_to_recipient","3","remote_codec","snapshot","772","35496","114444"
"sample","0","20260910","6","READY","host_to_recipient","4","remote_codec","snapshot","772","34876","145353"
"sample","0","20260910","6","READY","host_to_recipient","5","remote_codec","snapshot","772","36248","112250"
"sample","0","20260910","7","READY","client_to_host","2","remote_codec","command","163","37700","57558"
"sample","0","20260910","7","READY","host_to_recipient","2","remote_codec","receipt","154","34675","53450"
"sample","0","20260910","7","READY","host_to_recipient","0","host_local_object","snapshot",,,
"sample","0","20260910","7","READY","host_to_recipient","1","remote_codec","snapshot","771","34945","256711"
"sample","0","20260910","7","READY","host_to_recipient","2","remote_codec","snapshot","771","39004","147286"
"sample","0","20260910","7","READY","host_to_recipient","3","remote_codec","snapshot","771","44543","136776"
"sample","0","20260910","7","READY","host_to_recipient","4","remote_codec","snapshot","771","42580","138369"
"sample","0","20260910","7","READY","host_to_recipient","5","remote_codec","snapshot","771","58069","143729"
"sample","0","20260910","8","READY","client_to_host","3","remote_codec","command","163","64280","108773"
"sample","0","20260910","8","READY","host_to_recipient","3","remote_codec","receipt","154","44083","75151"
"sample","0","20260910","8","READY","host_to_recipient","0","host_local_object","snapshot",,,
"sample","0","20260910","8","READY","host_to_recipient","1","remote_codec","snapshot","770","49823","154469"
"sample","0","20260910","8","READY","host_to_recipient","2","remote_codec","snapshot","770","49824","143268"
"sample","0","20260910","8","READY","host_to_recipient","3","remote_codec","snapshot","770","46908","152876"
"sample","0","20260910","8","READY","host_to_recipient","4","remote_codec","snapshot","770","48351","172083"
"sample","0","20260910","8","READY","host_to_recipient","5","remote_codec","snapshot","770","49313","145883"
"sample","0","20260910","9","READY","client_to_host","4","remote_codec","command","163","48080","76914"
"sample","0","20260910","9","READY","host_to_recipient","4","remote_codec","receipt","154","40687","71474"
"sample","0","20260910","9","READY","host_to_recipient","0","host_local_object","snapshot",,,
"sample","0","20260910","9","READY","host_to_recipient","1","remote_codec","snapshot","769","47719","150622"
"sample","0","20260910","9","READY","host_to_recipient","2","remote_codec","snapshot","769","47509","173184"
"sample","0","20260910","9","READY","host_to_recipient","3","remote_codec","snapshot","769","48661","143639"
"sample","0","20260910","9","READY","host_to_recipient","4","remote_codec","snapshot","769","47920","147616"
"sample","0","20260910","9","READY","host_to_recipient","5","remote_codec","snapshot","769","47860","129062"
"sample","0","20260910","10","READY","client_to_host","5","remote_codec","command","163","42389","69090"
"sample","0","20260910","10","READY","host_to_recipient","5","remote_codec","receipt","155","37741","67636"
"sample","0","20260910","10","READY","host_to_recipient","0","host_local_object","snapshot",,,
"sample","0","20260910","10","READY","host_to_recipient","1","remote_codec","snapshot","769","44012","142367"
"sample","0","20260910","10","READY","host_to_recipient","2","remote_codec","snapshot","769","42950","127940"
"sample","0","20260910","10","READY","host_to_recipient","3","remote_codec","snapshot","769","42419","129012"
"sample","0","20260910","10","READY","host_to_recipient","4","remote_codec","snapshot","769","36257","116188"
"sample","0","20260910","10","READY","host_to_recipient","5","remote_codec","snapshot","769","36909","148398"
"sample","0","20260910","11","START_GAME","client_to_host","0","host_local_object","command",,,
"sample","0","20260910","11","START_GAME","host_to_recipient","0","host_local_object","receipt",,,
"sample","0","20260910","11","START_GAME","host_to_recipient","0","host_local_object","snapshot",,,
"sample","0","20260910","11","START_GAME","host_to_recipient","1","remote_codec","snapshot","1731","72696","269114"
"sample","0","20260910","11","START_GAME","host_to_recipient","2","remote_codec","snapshot","1732","63018","297807"
"sample","0","20260910","11","START_GAME","host_to_recipient","3","remote_codec","snapshot","1729","66655","248936"
"sample","0","20260910","11","START_GAME","host_to_recipient","4","remote_codec","snapshot","1731","59982","243015"
"sample","0","20260910","11","START_GAME","host_to_recipient","5","remote_codec","snapshot","1732","61776","285435"
"sample","0","20260910","12","PLAY_ONE","client_to_host","0","host_local_object","command",,,
"sample","0","20260910","12","PLAY_ONE","host_to_recipient","0","host_local_object","receipt",,,
"sample","0","20260910","12","PLAY_ONE","host_to_recipient","0","host_local_object","snapshot",,,
"sample","0","20260910","12","PLAY_ONE","host_to_recipient","1","remote_codec","snapshot","1756","75812","262261"
"sample","0","20260910","12","PLAY_ONE","host_to_recipient","2","remote_codec","snapshot","1759","64160","415578"
"sample","0","20260910","12","PLAY_ONE","host_to_recipient","3","remote_codec","snapshot","1756","66084","270897"
"sample","0","20260910","12","PLAY_ONE","host_to_recipient","4","remote_codec","snapshot","1758","77345","261781"
"sample","0","20260910","12","PLAY_ONE","host_to_recipient","5","remote_codec","snapshot","1759","89648","268553"
"sample","0","20260910","13","PLAY_ONE","client_to_host","1","remote_codec","command","172","51686","79488"
"sample","0","20260910","13","PLAY_ONE","host_to_recipient","1","remote_codec","receipt","155","33994","62316"
"sample","0","20260910","13","PLAY_ONE","host_to_recipient","0","host_local_object","snapshot",,,
"sample","0","20260910","13","PLAY_ONE","host_to_recipient","1","remote_codec","snapshot","1728","62927","288421"
"sample","0","20260910","13","PLAY_ONE","host_to_recipient","2","remote_codec","snapshot","1757","64531","243586"
"sample","0","20260910","13","PLAY_ONE","host_to_recipient","3","remote_codec","snapshot","1756","64882","199473"
"sample","0","20260910","13","PLAY_ONE","host_to_recipient","4","remote_codec","snapshot","1758","61686","223258"
"sample","0","20260910","13","PLAY_ONE","host_to_recipient","5","remote_codec","snapshot","1759","60814","191057"
"sample","0","20260910","14","PLAY_ONE","client_to_host","2","remote_codec","command","172","43482","64510"
"sample","0","20260910","14","PLAY_ONE","host_to_recipient","2","remote_codec","receipt","155","42429","99817"
"sample","0","20260910","14","PLAY_ONE","host_to_recipient","0","host_local_object","snapshot",,,
"sample","0","20260910","14","PLAY_ONE","host_to_recipient","1","remote_codec","snapshot","1728","66224","204203"
"sample","0","20260910","14","PLAY_ONE","host_to_recipient","2","remote_codec","snapshot","1729","59421","191819"
"sample","0","20260910","14","PLAY_ONE","host_to_recipient","3","remote_codec","snapshot","1754","59601","186940"
"sample","0","20260910","14","PLAY_ONE","host_to_recipient","4","remote_codec","snapshot","1758","57488","236363"
"sample","0","20260910","14","PLAY_ONE","host_to_recipient","5","remote_codec","snapshot","1759","66434","200416"
"sample","0","20260910","15","PLAY_ONE","client_to_host","3","remote_codec","command","172","51967","67998"
"sample","0","20260910","15","PLAY_ONE","host_to_recipient","3","remote_codec","receipt","155","34976","54241"
"sample","0","20260910","15","PLAY_ONE","host_to_recipient","0","host_local_object","snapshot",,,
"sample","0","20260910","15","PLAY_ONE","host_to_recipient","1","remote_codec","snapshot","1728","62507","190387"
"sample","0","20260910","15","PLAY_ONE","host_to_recipient","2","remote_codec","snapshot","1729","57728","313748"
"sample","0","20260910","15","PLAY_ONE","host_to_recipient","3","remote_codec","snapshot","1727","57888","213811"
"sample","0","20260910","15","PLAY_ONE","host_to_recipient","4","remote_codec","snapshot","1756","60393","180097"
"sample","0","20260910","15","PLAY_ONE","host_to_recipient","5","remote_codec","snapshot","1759","54592","197710"
"sample","0","20260910","16","PLAY_ONE","client_to_host","4","remote_codec","command","172","50555","68859"
"sample","0","20260910","16","PLAY_ONE","host_to_recipient","4","remote_codec","receipt","155","68227","59692"
"sample","0","20260910","16","PLAY_ONE","host_to_recipient","0","host_local_object","snapshot",,,
"sample","0","20260910","16","PLAY_ONE","host_to_recipient","1","remote_codec","snapshot","1728","70352","337652"
"sample","0","20260910","16","PLAY_ONE","host_to_recipient","2","remote_codec","snapshot","1729","77075","258634"
"sample","0","20260910","16","PLAY_ONE","host_to_recipient","3","remote_codec","snapshot","1727","76433","261830"
"sample","0","20260910","16","PLAY_ONE","host_to_recipient","4","remote_codec","snapshot","1729","78527","206988"
"sample","0","20260910","16","PLAY_ONE","host_to_recipient","5","remote_codec","snapshot","1757","74960","232947"
"sample","0","20260910","17","PLAY_ONE","client_to_host","5","remote_codec","command","172","82935","81062"
"sample","0","20260910","17","PLAY_ONE","host_to_recipient","5","remote_codec","receipt","155","44974","69751"
"sample","0","20260910","17","PLAY_ONE","host_to_recipient","0","host_local_object","snapshot",,,
"sample","0","20260910","17","PLAY_ONE","host_to_recipient","1","remote_codec","snapshot","1728","102742","242484"
"sample","0","20260910","17","PLAY_ONE","host_to_recipient","2","remote_codec","snapshot","1729","75080","259295"
"sample","0","20260910","17","PLAY_ONE","host_to_recipient","3","remote_codec","snapshot","1727","65293","221194"
"sample","0","20260910","17","PLAY_ONE","host_to_recipient","4","remote_codec","snapshot","1729","67236","206967"
"sample","0","20260910","17","PLAY_ONE","host_to_recipient","5","remote_codec","snapshot","1730","65483","204223"
"sample","0","20260910","18","CHALLENGE","client_to_host","0","host_local_object","command",,,
"sample","0","20260910","18","CHALLENGE","host_to_recipient","0","host_local_object","receipt",,,
"sample","0","20260910","18","CHALLENGE","host_to_recipient","0","host_local_object","snapshot",,,
"sample","0","20260910","18","CHALLENGE","host_to_recipient","1","remote_codec","snapshot","1902","84659","447168"
"sample","0","20260910","18","CHALLENGE","host_to_recipient","2","remote_codec","snapshot","1903","74098","401863"
"sample","0","20260910","18","CHALLENGE","host_to_recipient","3","remote_codec","snapshot","1901","72106","208350"
"sample","0","20260910","18","CHALLENGE","host_to_recipient","4","remote_codec","snapshot","1903","67607","205655"
"sample","0","20260910","18","CHALLENGE","host_to_recipient","5","remote_codec","snapshot","1904","65212","229380"
"sample","0","20260910","19","ADVANCE_ROUND","client_to_host","0","host_local_object","command",,,
"sample","0","20260910","19","ADVANCE_ROUND","host_to_recipient","0","host_local_object","receipt",,,
"sample","0","20260910","19","ADVANCE_ROUND","host_to_recipient","0","host_local_object","snapshot",,,
"sample","0","20260910","19","ADVANCE_ROUND","host_to_recipient","1","remote_codec","snapshot","1926","76815","218459"
"sample","0","20260910","19","ADVANCE_ROUND","host_to_recipient","2","remote_codec","snapshot","1928","71634","275096"
"sample","0","20260910","19","ADVANCE_ROUND","host_to_recipient","3","remote_codec","snapshot","1929","93675","248526"
"sample","0","20260910","19","ADVANCE_ROUND","host_to_recipient","4","remote_codec","snapshot","1927","78928","254577"
"sample","0","20260910","19","ADVANCE_ROUND","host_to_recipient","5","remote_codec","snapshot","1928","81162","313678"
"sample","0","20260910","20","PLAY_ONE","client_to_host","1","remote_codec","command","172","54773","113753"
"sample","0","20260910","20","PLAY_ONE","host_to_recipient","1","remote_codec","receipt","155","44884","69700"
"sample","0","20260910","20","PLAY_ONE","host_to_recipient","0","host_local_object","snapshot",,,
"sample","0","20260910","20","PLAY_ONE","host_to_recipient","1","remote_codec","snapshot","1925","83517","279593"
"sample","0","20260910","20","PLAY_ONE","host_to_recipient","2","remote_codec","snapshot","1953","86011","257122"
"sample","0","20260910","20","PLAY_ONE","host_to_recipient","3","remote_codec","snapshot","1956","81693","249888"
"sample","0","20260910","20","PLAY_ONE","host_to_recipient","4","remote_codec","snapshot","1954","101621","314228"
"sample","0","20260910","20","PLAY_ONE","host_to_recipient","5","remote_codec","snapshot","1955","110266","275055"
"sample","0","20260910","21","CHALLENGE","client_to_host","2","remote_codec","command","151","52438","71274"
"sample","0","20260910","21","CHALLENGE","host_to_recipient","2","remote_codec","receipt","155","37330","89528"
"sample","0","20260910","21","CHALLENGE","host_to_recipient","0","host_local_object","snapshot",,,
"sample","0","20260910","21","CHALLENGE","host_to_recipient","1","remote_codec","snapshot","1902","80741","244749"
"sample","0","20260910","21","CHALLENGE","host_to_recipient","2","remote_codec","snapshot","1932","133480","380593"
"sample","0","20260910","21","CHALLENGE","host_to_recipient","3","remote_codec","snapshot","1933","79980","279173"
"sample","0","20260910","21","CHALLENGE","host_to_recipient","4","remote_codec","snapshot","1931","79148","262331"
"sample","0","20260910","21","CHALLENGE","host_to_recipient","5","remote_codec","snapshot","1932","80280","218770"
"sample","0","20260910","22","ADVANCE_ROUND","client_to_host","0","host_local_object","command",,,
"sample","0","20260910","22","ADVANCE_ROUND","host_to_recipient","0","host_local_object","receipt",,,
"sample","0","20260910","22","ADVANCE_ROUND","host_to_recipient","0","host_local_object","snapshot",,,
"sample","0","20260910","22","ADVANCE_ROUND","host_to_recipient","1","remote_codec","snapshot","1928","96772","239919"
"sample","0","20260910","22","ADVANCE_ROUND","host_to_recipient","2","remote_codec","snapshot","1926","82976","255318"
"sample","0","20260910","22","ADVANCE_ROUND","host_to_recipient","3","remote_codec","snapshot","1927","120706","242044"
"sample","0","20260910","22","ADVANCE_ROUND","host_to_recipient","4","remote_codec","snapshot","1930","74950","232496"
"sample","0","20260910","22","ADVANCE_ROUND","host_to_recipient","5","remote_codec","snapshot","1927","81944","222947"
"sample","0","20260910","23","PLAY_ONE","client_to_host","2","remote_codec","command","172","50705","67366"
"sample","0","20260910","23","PLAY_ONE","host_to_recipient","2","remote_codec","receipt","155","31269","58770"
"sample","0","20260910","23","PLAY_ONE","host_to_recipient","0","host_local_object","snapshot",,,
"sample","0","20260910","23","PLAY_ONE","host_to_recipient","1","remote_codec","snapshot","1955","69240","212848"
"sample","0","20260910","23","PLAY_ONE","host_to_recipient","2","remote_codec","snapshot","1925","63449","216546"
"sample","0","20260910","23","PLAY_ONE","host_to_recipient","3","remote_codec","snapshot","1952","98925","209042"
"sample","0","20260910","23","PLAY_ONE","host_to_recipient","4","remote_codec","snapshot","1957","70261","229791"
"sample","0","20260910","23","PLAY_ONE","host_to_recipient","5","remote_codec","snapshot","1954","70662","205104"
"sample","0","20260910","24","CHALLENGE","client_to_host","3","remote_codec","command","151","72816","60754"
"sample","0","20260910","24","CHALLENGE","host_to_recipient","3","remote_codec","receipt","155","49423","55363"
"sample","0","20260910","24","CHALLENGE","host_to_recipient","0","host_local_object","snapshot",,,
"sample","0","20260910","24","CHALLENGE","host_to_recipient","1","remote_codec","snapshot","1930","71904","362971"
"sample","0","20260910","24","CHALLENGE","host_to_recipient","2","remote_codec","snapshot","1781","74159","234299"
"sample","0","20260910","24","CHALLENGE","host_to_recipient","3","remote_codec","snapshot","1929","74059","221084"
"sample","0","20260910","24","CHALLENGE","host_to_recipient","4","remote_codec","snapshot","1932","207799","221925"
"sample","0","20260910","24","CHALLENGE","host_to_recipient","5","remote_codec","snapshot","1929","62747","238257"
"sample","0","20260910","25","ADVANCE_ROUND","client_to_host","0","host_local_object","command",,,
"sample","0","20260910","25","ADVANCE_ROUND","host_to_recipient","0","host_local_object","receipt",,,
"sample","0","20260910","25","ADVANCE_ROUND","host_to_recipient","0","host_local_object","snapshot",,,
"sample","0","20260910","25","ADVANCE_ROUND","host_to_recipient","1","remote_codec","snapshot","1925","75822","255659"
"sample","0","20260910","25","ADVANCE_ROUND","host_to_recipient","2","remote_codec","snapshot","1776","62737","271960"
"sample","0","20260910","25","ADVANCE_ROUND","host_to_recipient","3","remote_codec","snapshot","1923","73868","216576"
"sample","0","20260910","25","ADVANCE_ROUND","host_to_recipient","4","remote_codec","snapshot","1923","63599","194675"
"sample","0","20260910","25","ADVANCE_ROUND","host_to_recipient","5","remote_codec","snapshot","1927","60203","199814"
"sample","0","20260910","26","PLAY_ONE","client_to_host","3","remote_codec","command","172","49653","84769"
"sample","0","20260910","26","PLAY_ONE","host_to_recipient","3","remote_codec","receipt","155","43562","73307"
"sample","0","20260910","26","PLAY_ONE","host_to_recipient","0","host_local_object","snapshot",,,
"sample","0","20260910","26","PLAY_ONE","host_to_recipient","1","remote_codec","snapshot","1952","75772","239228"
"sample","0","20260910","26","PLAY_ONE","host_to_recipient","2","remote_codec","snapshot","1803","62266","224290"
"sample","0","20260910","26","PLAY_ONE","host_to_recipient","3","remote_codec","snapshot","1921","67947","211757"
"sample","0","20260910","26","PLAY_ONE","host_to_recipient","4","remote_codec","snapshot","1948","68328","209422"
"sample","0","20260910","26","PLAY_ONE","host_to_recipient","5","remote_codec","snapshot","1954","71965","226865"
"sample","0","20260910","27","CHALLENGE","client_to_host","4","remote_codec","command","151","47299","59912"
"sample","0","20260910","27","CHALLENGE","host_to_recipient","4","remote_codec","receipt","155","37951","64982"
"sample","0","20260910","27","CHALLENGE","host_to_recipient","0","host_local_object","snapshot",,,
"sample","0","20260910","27","CHALLENGE","host_to_recipient","1","remote_codec","snapshot","1930","72406","230031"
"sample","0","20260910","27","CHALLENGE","host_to_recipient","2","remote_codec","snapshot","1781","63158","220784"
"sample","0","20260910","27","CHALLENGE","host_to_recipient","3","remote_codec","snapshot","1899","66545","202509"
"sample","0","20260910","27","CHALLENGE","host_to_recipient","4","remote_codec","snapshot","1928","65162","205695"
"sample","0","20260910","27","CHALLENGE","host_to_recipient","5","remote_codec","snapshot","1932","64270","212908"
"sample","0","20260910","28","ADVANCE_ROUND","client_to_host","0","host_local_object","command",,,
"sample","0","20260910","28","ADVANCE_ROUND","host_to_recipient","0","host_local_object","receipt",,,
"sample","0","20260910","28","ADVANCE_ROUND","host_to_recipient","0","host_local_object","snapshot",,,
"sample","0","20260910","28","ADVANCE_ROUND","host_to_recipient","1","remote_codec","snapshot","1925","89347","203401"
"sample","0","20260910","28","ADVANCE_ROUND","host_to_recipient","2","remote_codec","snapshot","1777","61265","186800"
"sample","0","20260910","28","ADVANCE_ROUND","host_to_recipient","3","remote_codec","snapshot","1928","92162","208220"
"sample","0","20260910","28","ADVANCE_ROUND","host_to_recipient","4","remote_codec","snapshot","1925","86602","217507"
"sample","0","20260910","28","ADVANCE_ROUND","host_to_recipient","5","remote_codec","snapshot","1924","71403","199464"
"sample","0","20260910","29","PLAY_ONE","client_to_host","4","remote_codec","command","172","72556","58159"
"sample","0","20260910","29","PLAY_ONE","host_to_recipient","4","remote_codec","receipt","155","32821","50655"
"sample","0","20260910","29","PLAY_ONE","host_to_recipient","0","host_local_object","snapshot",,,
"sample","0","20260910","29","PLAY_ONE","host_to_recipient","1","remote_codec","snapshot","1952","66925","224902"
"sample","0","20260910","29","PLAY_ONE","host_to_recipient","2","remote_codec","snapshot","1804","63809","206688"
"sample","0","20260910","29","PLAY_ONE","host_to_recipient","3","remote_codec","snapshot","1955","74409","250981"
"sample","0","20260910","29","PLAY_ONE","host_to_recipient","4","remote_codec","snapshot","1923","72245","213089"
"sample","0","20260910","29","PLAY_ONE","host_to_recipient","5","remote_codec","snapshot","1949","73908","378219"
"sample","0","20260910","30","CHALLENGE","client_to_host","5","remote_codec","command","151","47509","55805"
"sample","0","20260910","30","CHALLENGE","host_to_recipient","5","remote_codec","receipt","155","32842","48310"
"sample","0","20260910","30","CHALLENGE","host_to_recipient","0","host_local_object","snapshot",,,
"sample","0","20260910","30","CHALLENGE","host_to_recipient","1","remote_codec","snapshot","1929","62366","253846"
"sample","0","20260910","30","CHALLENGE","host_to_recipient","2","remote_codec","snapshot","1781","57848","214963"
"sample","0","20260910","30","CHALLENGE","host_to_recipient","3","remote_codec","snapshot","1932","95028","215504"
"sample","0","20260910","30","CHALLENGE","host_to_recipient","4","remote_codec","snapshot","1900","66905","202469"
"sample","0","20260910","30","CHALLENGE","host_to_recipient","5","remote_codec","snapshot","1928","66835","207920"
"sample","0","20260910","31","ADVANCE_ROUND","client_to_host","0","host_local_object","command",,,
"sample","0","20260910","31","ADVANCE_ROUND","host_to_recipient","0","host_local_object","receipt",,,
"sample","0","20260910","31","ADVANCE_ROUND","host_to_recipient","0","host_local_object","snapshot",,,
"sample","0","20260910","31","ADVANCE_ROUND","host_to_recipient","1","remote_codec","snapshot","1927","77145","212809"
"sample","0","20260910","31","ADVANCE_ROUND","host_to_recipient","2","remote_codec","snapshot","1778","60673","174226"
"sample","0","20260910","31","ADVANCE_ROUND","host_to_recipient","3","remote_codec","snapshot","1926","59161","212418"
"sample","0","20260910","31","ADVANCE_ROUND","host_to_recipient","4","remote_codec","snapshot","1926","63448","188893"
"sample","0","20260910","31","ADVANCE_ROUND","host_to_recipient","5","remote_codec","snapshot","1925","57377","183334"
"sample","0","20260910","32","PLAY_ONE","client_to_host","5","remote_codec","command","172","44894","61556"
"sample","0","20260910","32","PLAY_ONE","host_to_recipient","5","remote_codec","receipt","155","33483","49763"
"sample","0","20260910","32","PLAY_ONE","host_to_recipient","0","host_local_object","snapshot",,,
"sample","0","20260910","32","PLAY_ONE","host_to_recipient","1","remote_codec","snapshot","1954","98986","211967"
"sample","0","20260910","32","PLAY_ONE","host_to_recipient","2","remote_codec","snapshot","1805","62237","203521"
"sample","0","20260910","32","PLAY_ONE","host_to_recipient","3","remote_codec","snapshot","1953","67036","206516"
"sample","0","20260910","32","PLAY_ONE","host_to_recipient","4","remote_codec","snapshot","1953","62507","233427"
"sample","0","20260910","32","PLAY_ONE","host_to_recipient","5","remote_codec","snapshot","1924","68849","317054"
"sample","0","20260910","33","CHALLENGE","client_to_host","0","host_local_object","command",,,
"sample","0","20260910","33","CHALLENGE","host_to_recipient","0","host_local_object","receipt",,,
"sample","0","20260910","33","CHALLENGE","host_to_recipient","0","host_local_object","snapshot",,,
"sample","0","20260910","33","CHALLENGE","host_to_recipient","1","remote_codec","snapshot","1929","73007","229019"
"sample","0","20260910","33","CHALLENGE","host_to_recipient","2","remote_codec","snapshot","1780","78537","190297"
"sample","0","20260910","33","CHALLENGE","host_to_recipient","3","remote_codec","snapshot","1928","62377","197670"
"sample","0","20260910","33","CHALLENGE","host_to_recipient","4","remote_codec","snapshot","1928","57628","204103"
"sample","0","20260910","33","CHALLENGE","host_to_recipient","5","remote_codec","snapshot","1780","55504","190216"
"sample","0","20260910","34","ADVANCE_ROUND","client_to_host","0","host_local_object","command",,,
"sample","0","20260910","34","ADVANCE_ROUND","host_to_recipient","0","host_local_object","receipt",,,
"sample","0","20260910","34","ADVANCE_ROUND","host_to_recipient","0","host_local_object","snapshot",,,
"sample","0","20260910","34","ADVANCE_ROUND","host_to_recipient","1","remote_codec","snapshot","1925","71755","206627"
"sample","0","20260910","34","ADVANCE_ROUND","host_to_recipient","2","remote_codec","snapshot","1776","57367","172363"
"sample","0","20260910","34","ADVANCE_ROUND","host_to_recipient","3","remote_codec","snapshot","1923","86773","208671"
"sample","0","20260910","34","ADVANCE_ROUND","host_to_recipient","4","remote_codec","snapshot","1924","62468","184666"
"sample","0","20260910","34","ADVANCE_ROUND","host_to_recipient","5","remote_codec","snapshot","1776","53500","173104"
"sample","0","20260910","35","PLAY_ONE","client_to_host","0","host_local_object","command",,,
"sample","0","20260910","35","PLAY_ONE","host_to_recipient","0","host_local_object","receipt",,,
"sample","0","20260910","35","PLAY_ONE","host_to_recipient","0","host_local_object","snapshot",,,
"sample","0","20260910","35","PLAY_ONE","host_to_recipient","1","remote_codec","snapshot","1950","99908","224230"
"sample","0","20260910","35","PLAY_ONE","host_to_recipient","2","remote_codec","snapshot","1803","118632","185428"
"sample","0","20260910","35","PLAY_ONE","host_to_recipient","3","remote_codec","snapshot","1950","184726","250279"
"sample","0","20260910","35","PLAY_ONE","host_to_recipient","4","remote_codec","snapshot","1951","124593","215654"
"sample","0","20260910","35","PLAY_ONE","host_to_recipient","5","remote_codec","snapshot","1803","87183","311353"
"sample","0","20260910","36","CHALLENGE","client_to_host","1","remote_codec","command","151","42359","89828"
"sample","0","20260910","36","CHALLENGE","host_to_recipient","1","remote_codec","receipt","155","35507","48962"
"sample","0","20260910","36","CHALLENGE","host_to_recipient","0","host_local_object","snapshot",,,
"sample","0","20260910","36","CHALLENGE","host_to_recipient","1","remote_codec","snapshot","1778","171240","192902"
"sample","0","20260910","36","CHALLENGE","host_to_recipient","2","remote_codec","snapshot","1778","132849","173284"
"sample","0","20260910","36","CHALLENGE","host_to_recipient","3","remote_codec","snapshot","1925","132459","204694"
"sample","0","20260910","36","CHALLENGE","host_to_recipient","4","remote_codec","snapshot","1926","168115","205756"
"sample","0","20260910","36","CHALLENGE","host_to_recipient","5","remote_codec","snapshot","1778","93655","170800"
"sample","0","20260910","37","ADVANCE_ROUND","client_to_host","0","host_local_object","command",,,
"sample","0","20260910","37","ADVANCE_ROUND","host_to_recipient","0","host_local_object","receipt",,,
"sample","0","20260910","37","ADVANCE_ROUND","host_to_recipient","0","host_local_object","snapshot",,,
"sample","0","20260910","37","ADVANCE_ROUND","host_to_recipient","1","remote_codec","snapshot","1774","77546","181770"
"sample","0","20260910","37","ADVANCE_ROUND","host_to_recipient","2","remote_codec","snapshot","1774","76724","172423"
"sample","0","20260910","37","ADVANCE_ROUND","host_to_recipient","3","remote_codec","snapshot","1919","69219","216476"
"sample","0","20260910","37","ADVANCE_ROUND","host_to_recipient","4","remote_codec","snapshot","1921","72536","187060"
"sample","0","20260910","37","ADVANCE_ROUND","host_to_recipient","5","remote_codec","snapshot","1774","61956","207169"
"sample","0","20260910","38","PLAY_ONE","client_to_host","3","remote_codec","command","172","48100","60934"
"sample","0","20260910","38","PLAY_ONE","host_to_recipient","3","remote_codec","receipt","155","61094","51006"
"sample","0","20260910","38","PLAY_ONE","host_to_recipient","0","host_local_object","snapshot",,,
"sample","0","20260910","38","PLAY_ONE","host_to_recipient","1","remote_codec","snapshot","1801","76644","193522"
"sample","0","20260910","38","PLAY_ONE","host_to_recipient","2","remote_codec","snapshot","1801","69410","317665"
"sample","0","20260910","38","PLAY_ONE","host_to_recipient","3","remote_codec","snapshot","1918","77485","222907"
"sample","0","20260910","38","PLAY_ONE","host_to_recipient","4","remote_codec","snapshot","1946","78087","197830"
"sample","0","20260910","38","PLAY_ONE","host_to_recipient","5","remote_codec","snapshot","1801","67507","184145"
"sample","0","20260910","39","CHALLENGE","client_to_host","4","remote_codec","command","151","41287","50375"
"sample","0","20260910","39","CHALLENGE","host_to_recipient","4","remote_codec","receipt","155","31369","46808"
"sample","0","20260910","39","CHALLENGE","host_to_recipient","0","host_local_object","snapshot",,,
"sample","0","20260910","39","CHALLENGE","host_to_recipient","1","remote_codec","snapshot","1779","98895","175619"
"sample","0","20260910","39","CHALLENGE","host_to_recipient","2","remote_codec","snapshot","1779","64822","163837"
"sample","0","20260910","39","CHALLENGE","host_to_recipient","3","remote_codec","snapshot","1896","68648","192941"
"sample","0","20260910","39","CHALLENGE","host_to_recipient","4","remote_codec","snapshot","1926","69631","208170"
"sample","0","20260910","39","CHALLENGE","host_to_recipient","5","remote_codec","snapshot","1779","68158","165760"
"sample","0","20260910","40","ADVANCE_ROUND","client_to_host","0","host_local_object","command",,,
"sample","0","20260910","40","ADVANCE_ROUND","host_to_recipient","0","host_local_object","receipt",,,
"sample","0","20260910","40","ADVANCE_ROUND","host_to_recipient","0","host_local_object","snapshot",,,
"sample","0","20260910","40","ADVANCE_ROUND","host_to_recipient","1","remote_codec","snapshot","1774","92333","177733"
"sample","0","20260910","40","ADVANCE_ROUND","host_to_recipient","2","remote_codec","snapshot","1774","64411","204844"
"sample","0","20260910","40","ADVANCE_ROUND","host_to_recipient","3","remote_codec","snapshot","1922","75842","190457"
"sample","0","20260910","40","ADVANCE_ROUND","host_to_recipient","4","remote_codec","snapshot","1919","66695","178644"
"sample","0","20260910","40","ADVANCE_ROUND","host_to_recipient","5","remote_codec","snapshot","1774","79179","176941"
"sample","0","20260910","41","PLAY_ONE","client_to_host","4","remote_codec","command","172","48571","59160"
"sample","0","20260910","41","PLAY_ONE","host_to_recipient","4","remote_codec","receipt","155","32201","49162"
"sample","0","20260910","41","PLAY_ONE","host_to_recipient","0","host_local_object","snapshot",,,
"sample","0","20260910","41","PLAY_ONE","host_to_recipient","1","remote_codec","snapshot","1801","71765","182172"
"sample","0","20260910","41","PLAY_ONE","host_to_recipient","2","remote_codec","snapshot","1801","75652","310322"
"sample","0","20260910","41","PLAY_ONE","host_to_recipient","3","remote_codec","snapshot","1949","105958","196357"
"sample","0","20260910","41","PLAY_ONE","host_to_recipient","4","remote_codec","snapshot","1918","68548","185818"
"sample","0","20260910","41","PLAY_ONE","host_to_recipient","5","remote_codec","snapshot","1801","72687","163065"
"sample","0","20260910","42","CHALLENGE","client_to_host","0","host_local_object","command",,,
"sample","0","20260910","42","CHALLENGE","host_to_recipient","0","host_local_object","receipt",,,
"sample","0","20260910","42","CHALLENGE","host_to_recipient","0","host_local_object","snapshot",,,
"sample","0","20260910","42","CHALLENGE","host_to_recipient","1","remote_codec","snapshot","1778","102442","185718"
"sample","0","20260910","42","CHALLENGE","host_to_recipient","2","remote_codec","snapshot","1778","77144","185668"
"sample","0","20260910","42","CHALLENGE","host_to_recipient","3","remote_codec","snapshot","1926","76683","197080"
"sample","0","20260910","42","CHALLENGE","host_to_recipient","4","remote_codec","snapshot","1895","66425","216666"
"sample","0","20260910","42","CHALLENGE","host_to_recipient","5","remote_codec","snapshot","1778","70803","179085"
"sample","0","20260910","43","ADVANCE_ROUND","client_to_host","0","host_local_object","command",,,
"sample","0","20260910","43","ADVANCE_ROUND","host_to_recipient","0","host_local_object","receipt",,,
"sample","0","20260910","43","ADVANCE_ROUND","host_to_recipient","0","host_local_object","snapshot",,,
"sample","0","20260910","43","ADVANCE_ROUND","host_to_recipient","1","remote_codec","snapshot","1776","81132","205595"
"sample","0","20260910","43","ADVANCE_ROUND","host_to_recipient","2","remote_codec","snapshot","1776","109285","306564"
"sample","0","20260910","43","ADVANCE_ROUND","host_to_recipient","3","remote_codec","snapshot","1929","118862","440365"
"sample","0","20260910","43","ADVANCE_ROUND","host_to_recipient","4","remote_codec","snapshot","1929","130745","242575"
"sample","0","20260910","43","ADVANCE_ROUND","host_to_recipient","5","remote_codec","snapshot","1776","64731","187001"
"sample","0","20260910","44","PLAY_ONE","client_to_host","0","host_local_object","command",,,
"sample","0","20260910","44","PLAY_ONE","host_to_recipient","0","host_local_object","receipt",,,
"sample","0","20260910","44","PLAY_ONE","host_to_recipient","0","host_local_object","snapshot",,,
"sample","0","20260910","44","PLAY_ONE","host_to_recipient","1","remote_codec","snapshot","1803","76293","365425"
"sample","0","20260910","44","PLAY_ONE","host_to_recipient","2","remote_codec","snapshot","1803","70442","227035"
"sample","0","20260910","44","PLAY_ONE","host_to_recipient","3","remote_codec","snapshot","1954","114524","283471"
"sample","0","20260910","44","PLAY_ONE","host_to_recipient","4","remote_codec","snapshot","1956","106650","244888"
"sample","0","20260910","44","PLAY_ONE","host_to_recipient","5","remote_codec","snapshot","1803","72666","296926"
"sample","0","20260910","45","CHALLENGE","client_to_host","3","remote_codec","command","151","97823","91431"
"sample","0","20260910","45","CHALLENGE","host_to_recipient","3","remote_codec","receipt","155","61115","68668"
"sample","0","20260910","45","CHALLENGE","host_to_recipient","0","host_local_object","snapshot",,,
"sample","0","20260910","45","CHALLENGE","host_to_recipient","1","remote_codec","snapshot","1783","70171","202800"
"sample","0","20260910","45","CHALLENGE","host_to_recipient","2","remote_codec","snapshot","1783","68528","195767"
"sample","0","20260910","45","CHALLENGE","host_to_recipient","3","remote_codec","snapshot","1936","72676","249327"
"sample","0","20260910","45","CHALLENGE","host_to_recipient","4","remote_codec","snapshot","1936","70292","212047"
"sample","0","20260910","45","CHALLENGE","host_to_recipient","5","remote_codec","snapshot","1783","75220","190547"
"sample","0","20260910","46","ADVANCE_ROUND","client_to_host","0","host_local_object","command",,,
"sample","0","20260910","46","ADVANCE_ROUND","host_to_recipient","0","host_local_object","receipt",,,
"sample","0","20260910","46","ADVANCE_ROUND","host_to_recipient","0","host_local_object","snapshot",,,
"sample","0","20260910","46","ADVANCE_ROUND","host_to_recipient","1","remote_codec","snapshot","1778","78076","206677"
"sample","0","20260910","46","ADVANCE_ROUND","host_to_recipient","2","remote_codec","snapshot","1778","67888","197179"
"sample","0","20260910","46","ADVANCE_ROUND","host_to_recipient","3","remote_codec","snapshot","1927","66565","238728"
"sample","0","20260910","46","ADVANCE_ROUND","host_to_recipient","4","remote_codec","snapshot","1929","71464","210815"
"sample","0","20260910","46","ADVANCE_ROUND","host_to_recipient","5","remote_codec","snapshot","1778","66515","194113"
"sample","0","20260910","47","PLAY_ONE","client_to_host","3","remote_codec","command","173","54041","98014"
"sample","0","20260910","47","PLAY_ONE","host_to_recipient","3","remote_codec","receipt","155","40686","55715"
"sample","0","20260910","47","PLAY_ONE","host_to_recipient","0","host_local_object","snapshot",,,
"sample","0","20260910","47","PLAY_ONE","host_to_recipient","1","remote_codec","snapshot","1805","82274","332203"
"sample","0","20260910","47","PLAY_ONE","host_to_recipient","2","remote_codec","snapshot","1805","76133","213379"
"sample","0","20260910","47","PLAY_ONE","host_to_recipient","3","remote_codec","snapshot","1925","70862","200055"
"sample","0","20260910","47","PLAY_ONE","host_to_recipient","4","remote_codec","snapshot","1954","66415","195246"
"sample","0","20260910","47","PLAY_ONE","host_to_recipient","5","remote_codec","snapshot","1805","63419","181720"
"sample","0","20260910","48","CHALLENGE","client_to_host","4","remote_codec","command","151","75662","56886"
"sample","0","20260910","48","CHALLENGE","host_to_recipient","4","remote_codec","receipt","155","36478","51336"
"sample","0","20260910","48","CHALLENGE","host_to_recipient","0","host_local_object","snapshot",,,
"sample","0","20260910","48","CHALLENGE","host_to_recipient","1","remote_codec","snapshot","1778","63840","189675"
"sample","0","20260910","48","CHALLENGE","host_to_recipient","2","remote_codec","snapshot","1778","61605","160190"
"sample","0","20260910","48","CHALLENGE","host_to_recipient","3","remote_codec","snapshot","1898","55063","204103"
"sample","0","20260910","48","CHALLENGE","host_to_recipient","4","remote_codec","snapshot","1778","62948","170880"
"sample","0","20260910","48","CHALLENGE","host_to_recipient","5","remote_codec","snapshot","1778","53090","155161"
"sample","0","20260910","49","ADVANCE_ROUND","client_to_host","0","host_local_object","command",,,
"sample","0","20260910","49","ADVANCE_ROUND","host_to_recipient","0","host_local_object","receipt",,,
"sample","0","20260910","49","ADVANCE_ROUND","host_to_recipient","0","host_local_object","snapshot",,,
"sample","0","20260910","49","ADVANCE_ROUND","host_to_recipient","1","remote_codec","snapshot","1774","64230","204443"
"sample","0","20260910","49","ADVANCE_ROUND","host_to_recipient","2","remote_codec","snapshot","1774","59091","159479"
"sample","0","20260910","49","ADVANCE_ROUND","host_to_recipient","3","remote_codec","snapshot","1925","62026","210284"
"sample","0","20260910","49","ADVANCE_ROUND","host_to_recipient","4","remote_codec","snapshot","1774","57929","159669"
"sample","0","20260910","49","ADVANCE_ROUND","host_to_recipient","5","remote_codec","snapshot","1774","51477","180989"
"sample","0","20260910","50","PLAY_ONE","client_to_host","0","host_local_object","command",,,
"sample","0","20260910","50","PLAY_ONE","host_to_recipient","0","host_local_object","receipt",,,
"sample","0","20260910","50","PLAY_ONE","host_to_recipient","0","host_local_object","snapshot",,,
"sample","0","20260910","50","PLAY_ONE","host_to_recipient","1","remote_codec","snapshot","1801","69009","228498"
"sample","0","20260910","50","PLAY_ONE","host_to_recipient","2","remote_codec","snapshot","1801","104235","338314"
"sample","0","20260910","50","PLAY_ONE","host_to_recipient","3","remote_codec","snapshot","1950","70121","201738"
"sample","0","20260910","50","PLAY_ONE","host_to_recipient","4","remote_codec","snapshot","1801","63780","202219"
"sample","0","20260910","50","PLAY_ONE","host_to_recipient","5","remote_codec","snapshot","1801","58570","159719"
"sample","0","20260910","51","CHALLENGE","client_to_host","3","remote_codec","command","151","39543","79098"
"sample","0","20260910","51","CHALLENGE","host_to_recipient","3","remote_codec","receipt","155","36087","45394"
"sample","0","20260910","51","CHALLENGE","host_to_recipient","0","host_local_object","snapshot",,,
"sample","0","20260910","51","CHALLENGE","host_to_recipient","1","remote_codec","snapshot","1780","61445","182873"
"sample","0","20260910","51","CHALLENGE","host_to_recipient","2","remote_codec","snapshot","1780","59521","163526"
"sample","0","20260910","51","CHALLENGE","host_to_recipient","3","remote_codec","snapshot","1931","56426","165620"
"sample","0","20260910","51","CHALLENGE","host_to_recipient","4","remote_codec","snapshot","1780","51766","190015"
"sample","0","20260910","51","CHALLENGE","host_to_recipient","5","remote_codec","snapshot","1780","53941","161452"
"sample","0","20260910","52","ADVANCE_ROUND","client_to_host","0","host_local_object","command",,,
"sample","0","20260910","52","ADVANCE_ROUND","host_to_recipient","0","host_local_object","receipt",,,
"sample","0","20260910","52","ADVANCE_ROUND","host_to_recipient","0","host_local_object","snapshot",,,
"sample","0","20260910","52","ADVANCE_ROUND","host_to_recipient","1","remote_codec","snapshot","1777","70512","217407"
"sample","0","20260910","52","ADVANCE_ROUND","host_to_recipient","2","remote_codec","snapshot","1777","63589","163256"
"sample","0","20260910","52","ADVANCE_ROUND","host_to_recipient","3","remote_codec","snapshot","1927","60203","184997"
"sample","0","20260910","52","ADVANCE_ROUND","host_to_recipient","4","remote_codec","snapshot","1777","56546","162204"
"sample","0","20260910","52","ADVANCE_ROUND","host_to_recipient","5","remote_codec","snapshot","1777","54993","157715"
"sample","0","20260910","53","PLAY_ONE","client_to_host","3","remote_codec","command","173","46807","58118"
"sample","0","20260910","53","PLAY_ONE","host_to_recipient","3","remote_codec","receipt","155","38231","67466"
"sample","0","20260910","53","PLAY_ONE","host_to_recipient","0","host_local_object","snapshot",,,
"sample","0","20260910","53","PLAY_ONE","host_to_recipient","1","remote_codec","snapshot","1804","57668","167744"
"sample","0","20260910","53","PLAY_ONE","host_to_recipient","2","remote_codec","snapshot","1804","54803","155381"
"sample","0","20260910","53","PLAY_ONE","host_to_recipient","3","remote_codec","snapshot","1924","54482","334497"
"sample","0","20260910","53","PLAY_ONE","host_to_recipient","4","remote_codec","snapshot","1804","57227","167204"
"sample","0","20260910","53","PLAY_ONE","host_to_recipient","5","remote_codec","snapshot","1804","54172","167153"
"sample","0","20260910","54","CHALLENGE","client_to_host","0","host_local_object","command",,,
"sample","0","20260910","54","CHALLENGE","host_to_recipient","0","host_local_object","receipt",,,
"sample","0","20260910","54","CHALLENGE","host_to_recipient","0","host_local_object","snapshot",,,
"sample","0","20260910","54","CHALLENGE","host_to_recipient","1","remote_codec","snapshot","1777","94868","165340"
"sample","0","20260910","54","CHALLENGE","host_to_recipient","2","remote_codec","snapshot","1777","53210","163235"
"sample","0","20260910","54","CHALLENGE","host_to_recipient","3","remote_codec","snapshot","1897","58059","186730"
"sample","0","20260910","54","CHALLENGE","host_to_recipient","4","remote_codec","snapshot","1777","55294","157515"
"sample","0","20260910","54","CHALLENGE","host_to_recipient","5","remote_codec","snapshot","1777","60644","202729"
"sample","1","20260910","0","INITIAL","host_to_recipient","0","host_local_object","welcome",,,
"sample","1","20260910","1","JOIN","client_to_host","1","remote_codec","join","192","40566","43872"
"sample","1","20260910","1","JOIN","host_to_recipient","1","remote_codec","welcome","599","59752","91151"
"sample","1","20260910","1","JOIN","host_to_recipient","0","host_local_object","snapshot",,,
"sample","1","20260910","2","JOIN","client_to_host","2","remote_codec","join","192","38282","39434"
"sample","1","20260910","2","JOIN","host_to_recipient","2","remote_codec","welcome","671","50194","84809"
"sample","1","20260910","2","JOIN","host_to_recipient","0","host_local_object","snapshot",,,
"sample","1","20260910","2","JOIN","host_to_recipient","1","remote_codec","snapshot","554","30748","61194"
"sample","1","20260910","3","JOIN","client_to_host","3","remote_codec","join","193","28403","31770"
"sample","1","20260910","3","JOIN","host_to_recipient","3","remote_codec","welcome","744","46157","92794"
"sample","1","20260910","3","JOIN","host_to_recipient","0","host_local_object","snapshot",,,
"sample","1","20260910","3","JOIN","host_to_recipient","1","remote_codec","snapshot","627","35236","76944"
"sample","1","20260910","3","JOIN","host_to_recipient","2","remote_codec","snapshot","627","33593","76223"
"sample","1","20260910","4","JOIN","client_to_host","4","remote_codec","join","193","33633","38142"
"sample","1","20260910","4","JOIN","host_to_recipient","4","remote_codec","welcome","817","91191","100819"
"sample","1","20260910","4","JOIN","host_to_recipient","0","host_local_object","snapshot",,,
"sample","1","20260910","4","JOIN","host_to_recipient","1","remote_codec","snapshot","700","36890","79128"
"sample","1","20260910","4","JOIN","host_to_recipient","2","remote_codec","snapshot","700","34274","74740"
"sample","1","20260910","4","JOIN","host_to_recipient","3","remote_codec","snapshot","700","33592","78266"
"sample","1","20260910","5","JOIN","client_to_host","5","remote_codec","join","193","32862","36659"
"sample","1","20260910","5","JOIN","host_to_recipient","5","remote_codec","welcome","890","50805","97212"
"sample","1","20260910","5","JOIN","host_to_recipient","0","host_local_object","snapshot",,,
"sample","1","20260910","5","JOIN","host_to_recipient","1","remote_codec","snapshot","773","34024","78317"
"sample","1","20260910","5","JOIN","host_to_recipient","2","remote_codec","snapshot","773","31759","105658"
"sample","1","20260910","5","JOIN","host_to_recipient","3","remote_codec","snapshot","773","32291","76734"
"sample","1","20260910","5","JOIN","host_to_recipient","4","remote_codec","snapshot","773","32061","72495"
"sample","1","20260910","6","READY","client_to_host","1","remote_codec","command","163","37491","44804"
"sample","1","20260910","6","READY","host_to_recipient","1","remote_codec","receipt","154","26831","41026"
"sample","1","20260910","6","READY","host_to_recipient","0","host_local_object","snapshot",,,
"sample","1","20260910","6","READY","host_to_recipient","1","remote_codec","snapshot","772","33593","78827"
"sample","1","20260910","6","READY","host_to_recipient","2","remote_codec","snapshot","772","32511","211786"
"sample","1","20260910","6","READY","host_to_recipient","3","remote_codec","snapshot","772","34395","105998"
"sample","1","20260910","6","READY","host_to_recipient","4","remote_codec","snapshot","772","33793","76343"
"sample","1","20260910","6","READY","host_to_recipient","5","remote_codec","snapshot","772","32852","78016"
"sample","1","20260910","7","READY","client_to_host","2","remote_codec","command","163","38021","45726"
"sample","1","20260910","7","READY","host_to_recipient","2","remote_codec","receipt","154","31439","42049"
"sample","1","20260910","7","READY","host_to_recipient","0","host_local_object","snapshot",,,
"sample","1","20260910","7","READY","host_to_recipient","1","remote_codec","snapshot","771","34024","78287"
"sample","1","20260910","7","READY","host_to_recipient","2","remote_codec","snapshot","771","32170","75281"
"sample","1","20260910","7","READY","host_to_recipient","3","remote_codec","snapshot","771","31809","78897"
"sample","1","20260910","7","READY","host_to_recipient","4","remote_codec","snapshot","771","33383","77084"
"sample","1","20260910","7","READY","host_to_recipient","5","remote_codec","snapshot","771","69951","76093"
"sample","1","20260910","8","READY","client_to_host","3","remote_codec","command","163","39935","45755"
"sample","1","20260910","8","READY","host_to_recipient","3","remote_codec","receipt","154","29676","50755"
"sample","1","20260910","8","READY","host_to_recipient","0","host_local_object","snapshot",,,
"sample","1","20260910","8","READY","host_to_recipient","1","remote_codec","snapshot","770","35697","78096"
"sample","1","20260910","8","READY","host_to_recipient","2","remote_codec","snapshot","770","30568","73828"
"sample","1","20260910","8","READY","host_to_recipient","3","remote_codec","snapshot","770","30928","76343"
"sample","1","20260910","8","READY","host_to_recipient","4","remote_codec","snapshot","770","34815","84919"
"sample","1","20260910","8","READY","host_to_recipient","5","remote_codec","snapshot","770","30678","72656"
"sample","1","20260910","9","READY","client_to_host","4","remote_codec","command","163","39765","45395"
"sample","1","20260910","9","READY","host_to_recipient","4","remote_codec","receipt","154","28012","43291"
"sample","1","20260910","9","READY","host_to_recipient","0","host_local_object","snapshot",,,
"sample","1","20260910","9","READY","host_to_recipient","1","remote_codec","snapshot","769","33062","75411"
"sample","1","20260910","9","READY","host_to_recipient","2","remote_codec","snapshot","769","29746","74510"
"sample","1","20260910","9","READY","host_to_recipient","3","remote_codec","snapshot","769","28834","70522"
"sample","1","20260910","9","READY","host_to_recipient","4","remote_codec","snapshot","769","30537","70101"
"sample","1","20260910","9","READY","host_to_recipient","5","remote_codec","snapshot","769","29045","70572"
"sample","1","20260910","10","READY","client_to_host","5","remote_codec","command","163","35416","42850"
"sample","1","20260910","10","READY","host_to_recipient","5","remote_codec","receipt","155","27772","42711"
"sample","1","20260910","10","READY","host_to_recipient","0","host_local_object","snapshot",,,
"sample","1","20260910","10","READY","host_to_recipient","1","remote_codec","snapshot","769","62357","81943"
"sample","1","20260910","10","READY","host_to_recipient","2","remote_codec","snapshot","769","33704","75591"
"sample","1","20260910","10","READY","host_to_recipient","3","remote_codec","snapshot","769","29285","68348"
"sample","1","20260910","10","READY","host_to_recipient","4","remote_codec","snapshot","769","32000","69901"
"sample","1","20260910","10","READY","host_to_recipient","5","remote_codec","snapshot","769","35076","72075"
"sample","1","20260910","11","START_GAME","client_to_host","0","host_local_object","command",,,
"sample","1","20260910","11","START_GAME","host_to_recipient","0","host_local_object","receipt",,,
"sample","1","20260910","11","START_GAME","host_to_recipient","0","host_local_object","snapshot",,,
"sample","1","20260910","11","START_GAME","host_to_recipient","1","remote_codec","snapshot","1731","62547","199103"
"sample","1","20260910","11","START_GAME","host_to_recipient","2","remote_codec","snapshot","1732","56145","166923"
"sample","1","20260910","11","START_GAME","host_to_recipient","3","remote_codec","snapshot","1729","51046","153568"
"sample","1","20260910","11","START_GAME","host_to_recipient","4","remote_codec","snapshot","1731","49643","158086"
"sample","1","20260910","11","START_GAME","host_to_recipient","5","remote_codec","snapshot","1732","52298","312335"
"sample","1","20260910","12","PLAY_ONE","client_to_host","0","host_local_object","command",,,
"sample","1","20260910","12","PLAY_ONE","host_to_recipient","0","host_local_object","receipt",,,
"sample","1","20260910","12","PLAY_ONE","host_to_recipient","0","host_local_object","snapshot",,,
"sample","1","20260910","12","PLAY_ONE","host_to_recipient","1","remote_codec","snapshot","1756","64912","180758"
"sample","1","20260910","12","PLAY_ONE","host_to_recipient","2","remote_codec","snapshot","1759","53911","165000"
"sample","1","20260910","12","PLAY_ONE","host_to_recipient","3","remote_codec","snapshot","1756","52217","187811"
"sample","1","20260910","12","PLAY_ONE","host_to_recipient","4","remote_codec","snapshot","1758","51767","154709"
"sample","1","20260910","12","PLAY_ONE","host_to_recipient","5","remote_codec","snapshot","1759","47889","153047"
"sample","1","20260910","13","PLAY_ONE","client_to_host","1","remote_codec","command","172","54803","89137"
"sample","1","20260910","13","PLAY_ONE","host_to_recipient","1","remote_codec","receipt","155","34224","72416"
"sample","1","20260910","13","PLAY_ONE","host_to_recipient","0","host_local_object","snapshot",,,
"sample","1","20260910","13","PLAY_ONE","host_to_recipient","1","remote_codec","snapshot","1728","60843","169126"
"sample","1","20260910","13","PLAY_ONE","host_to_recipient","2","remote_codec","snapshot","1757","51866","153918"
"sample","1","20260910","13","PLAY_ONE","host_to_recipient","3","remote_codec","snapshot","1756","47800","157756"
"sample","1","20260910","13","PLAY_ONE","host_to_recipient","4","remote_codec","snapshot","1758","50836","156192"
"sample","1","20260910","13","PLAY_ONE","host_to_recipient","5","remote_codec","snapshot","1759","49683","192190"
"sample","1","20260910","14","PLAY_ONE","client_to_host","2","remote_codec","command","172","35306","46588"
"sample","1","20260910","14","PLAY_ONE","host_to_recipient","2","remote_codec","receipt","155","30718","47579"
"sample","1","20260910","14","PLAY_ONE","host_to_recipient","0","host_local_object","snapshot",,,
"sample","1","20260910","14","PLAY_ONE","host_to_recipient","1","remote_codec","snapshot","1728","55303","155340"
"sample","1","20260910","14","PLAY_ONE","host_to_recipient","2","remote_codec","snapshot","1729","49143","152555"
"sample","1","20260910","14","PLAY_ONE","host_to_recipient","3","remote_codec","snapshot","1754","48170","188744"
"sample","1","20260910","14","PLAY_ONE","host_to_recipient","4","remote_codec","snapshot","1758","51677","155291"
"sample","1","20260910","14","PLAY_ONE","host_to_recipient","5","remote_codec","snapshot","1759","49112","344305"
"sample","1","20260910","15","PLAY_ONE","client_to_host","3","remote_codec","command","172","54361","74640"
"sample","1","20260910","15","PLAY_ONE","host_to_recipient","3","remote_codec","receipt","155","32982","43151"
"sample","1","20260910","15","PLAY_ONE","host_to_recipient","0","host_local_object","snapshot",,,
"sample","1","20260910","15","PLAY_ONE","host_to_recipient","1","remote_codec","snapshot","1728","52979","179786"
"sample","1","20260910","15","PLAY_ONE","host_to_recipient","2","remote_codec","snapshot","1729","51116","142687"
"sample","1","20260910","15","PLAY_ONE","host_to_recipient","3","remote_codec","snapshot","1727","47419","141315"
"sample","1","20260910","15","PLAY_ONE","host_to_recipient","4","remote_codec","snapshot","1756","48000","173104"
"sample","1","20260910","15","PLAY_ONE","host_to_recipient","5","remote_codec","snapshot","1759","50565","142447"
"sample","1","20260910","16","PLAY_ONE","client_to_host","4","remote_codec","command","172","36980","50575"
"sample","1","20260910","16","PLAY_ONE","host_to_recipient","4","remote_codec","receipt","155","32470","46647"
"sample","1","20260910","16","PLAY_ONE","host_to_recipient","0","host_local_object","snapshot",,,
"sample","1","20260910","16","PLAY_ONE","host_to_recipient","1","remote_codec","snapshot","1728","53761","150432"
"sample","1","20260910","16","PLAY_ONE","host_to_recipient","2","remote_codec","snapshot","1729","63359","175448"
"sample","1","20260910","16","PLAY_ONE","host_to_recipient","3","remote_codec","snapshot","1727","52128","156954"
"sample","1","20260910","16","PLAY_ONE","host_to_recipient","4","remote_codec","snapshot","1729","56777","154088"
"sample","1","20260910","16","PLAY_ONE","host_to_recipient","5","remote_codec","snapshot","1757","54872","149179"
"sample","1","20260910","17","PLAY_ONE","client_to_host","5","remote_codec","command","172","46618","48661"
"sample","1","20260910","17","PLAY_ONE","host_to_recipient","5","remote_codec","receipt","155","42560","53550"
"sample","1","20260910","17","PLAY_ONE","host_to_recipient","0","host_local_object","snapshot",,,
"sample","1","20260910","17","PLAY_ONE","host_to_recipient","1","remote_codec","snapshot","1728","67136","284283"
"sample","1","20260910","17","PLAY_ONE","host_to_recipient","2","remote_codec","snapshot","1729","69370","217187"
"sample","1","20260910","17","PLAY_ONE","host_to_recipient","3","remote_codec","snapshot","1727","68028","205435"
"sample","1","20260910","17","PLAY_ONE","host_to_recipient","4","remote_codec","snapshot","1729","67357","172783"
"sample","1","20260910","17","PLAY_ONE","host_to_recipient","5","remote_codec","snapshot","1730","67055","304981"
"sample","1","20260910","18","CHALLENGE","client_to_host","0","host_local_object","command",,,
"sample","1","20260910","18","CHALLENGE","host_to_recipient","0","host_local_object","receipt",,,
"sample","1","20260910","18","CHALLENGE","host_to_recipient","0","host_local_object","snapshot",,,
"sample","1","20260910","18","CHALLENGE","host_to_recipient","1","remote_codec","snapshot","1902","104265","214532"
"sample","1","20260910","18","CHALLENGE","host_to_recipient","2","remote_codec","snapshot","1903","71354","214171"
"sample","1","20260910","18","CHALLENGE","host_to_recipient","3","remote_codec","snapshot","1901","72456","189365"
"sample","1","20260910","18","CHALLENGE","host_to_recipient","4","remote_codec","snapshot","1903","71384","192591"
"sample","1","20260910","18","CHALLENGE","host_to_recipient","5","remote_codec","snapshot","1904","60563","180449"
"sample","1","20260910","19","ADVANCE_ROUND","client_to_host","0","host_local_object","command",,,
"sample","1","20260910","19","ADVANCE_ROUND","host_to_recipient","0","host_local_object","receipt",,,
"sample","1","20260910","19","ADVANCE_ROUND","host_to_recipient","0","host_local_object","snapshot",,,
"sample","1","20260910","19","ADVANCE_ROUND","host_to_recipient","1","remote_codec","snapshot","1926","78327","183363"
"sample","1","20260910","19","ADVANCE_ROUND","host_to_recipient","2","remote_codec","snapshot","1928","116869","167985"
"sample","1","20260910","19","ADVANCE_ROUND","host_to_recipient","3","remote_codec","snapshot","1929","70743","167424"
"sample","1","20260910","19","ADVANCE_ROUND","host_to_recipient","4","remote_codec","snapshot","1927","61184","188593"
"sample","1","20260910","19","ADVANCE_ROUND","host_to_recipient","5","remote_codec","snapshot","1928","67657","209503"
"sample","1","20260910","20","PLAY_ONE","client_to_host","1","remote_codec","command","172","58319","52558"
"sample","1","20260910","20","PLAY_ONE","host_to_recipient","1","remote_codec","receipt","155","35627","45866"
"sample","1","20260910","20","PLAY_ONE","host_to_recipient","0","host_local_object","snapshot",,,
"sample","1","20260910","20","PLAY_ONE","host_to_recipient","1","remote_codec","snapshot","1925","61596","166151"
"sample","1","20260910","20","PLAY_ONE","host_to_recipient","2","remote_codec","snapshot","1953","60944","179507"
"sample","1","20260910","20","PLAY_ONE","host_to_recipient","3","remote_codec","snapshot","1956","90009","178504"
"sample","1","20260910","20","PLAY_ONE","host_to_recipient","4","remote_codec","snapshot","1954","59451","167735"
"sample","1","20260910","20","PLAY_ONE","host_to_recipient","5","remote_codec","snapshot","1955","59722","296075"
"sample","1","20260910","21","CHALLENGE","client_to_host","2","remote_codec","command","151","64520","47970"
"sample","1","20260910","21","CHALLENGE","host_to_recipient","2","remote_codec","receipt","155","31940","43632"
"sample","1","20260910","21","CHALLENGE","host_to_recipient","0","host_local_object","snapshot",,,
"sample","1","20260910","21","CHALLENGE","host_to_recipient","1","remote_codec","snapshot","1902","60944","168616"
"sample","1","20260910","21","CHALLENGE","host_to_recipient","2","remote_codec","snapshot","1932","60834","163226"
"sample","1","20260910","21","CHALLENGE","host_to_recipient","3","remote_codec","snapshot","1933","56426","169357"
"sample","1","20260910","21","CHALLENGE","host_to_recipient","4","remote_codec","snapshot","1931","92393","181830"
"sample","1","20260910","21","CHALLENGE","host_to_recipient","5","remote_codec","snapshot","1932","61124","156283"
"sample","1","20260910","22","ADVANCE_ROUND","client_to_host","0","host_local_object","command",,,
"sample","1","20260910","22","ADVANCE_ROUND","host_to_recipient","0","host_local_object","receipt",,,
"sample","1","20260910","22","ADVANCE_ROUND","host_to_recipient","0","host_local_object","snapshot",,,
"sample","1","20260910","22","ADVANCE_ROUND","host_to_recipient","1","remote_codec","snapshot","1928","70853","205615"
"sample","1","20260910","22","ADVANCE_ROUND","host_to_recipient","2","remote_codec","snapshot","1926","60654","157344"
"sample","1","20260910","22","ADVANCE_ROUND","host_to_recipient","3","remote_codec","snapshot","1927","59982","161683"
"sample","1","20260910","22","ADVANCE_ROUND","host_to_recipient","4","remote_codec","snapshot","1930","57698","167554"
"sample","1","20260910","22","ADVANCE_ROUND","host_to_recipient","5","remote_codec","snapshot","1927","57749","153588"
"sample","1","20260910","23","PLAY_ONE","client_to_host","2","remote_codec","command","172","52759","54712"
"sample","1","20260910","23","PLAY_ONE","host_to_recipient","2","remote_codec","receipt","155","34805","45696"
"sample","1","20260910","23","PLAY_ONE","host_to_recipient","0","host_local_object","snapshot",,,
"sample","1","20260910","23","PLAY_ONE","host_to_recipient","1","remote_codec","snapshot","1955","63679","166632"
"sample","1","20260910","23","PLAY_ONE","host_to_recipient","2","remote_codec","snapshot","1925","58700","165710"
"sample","1","20260910","23","PLAY_ONE","host_to_recipient","3","remote_codec","snapshot","1952","56466","196989"
"sample","1","20260910","23","PLAY_ONE","host_to_recipient","4","remote_codec","snapshot","1957","59622","303399"
"sample","1","20260910","23","PLAY_ONE","host_to_recipient","5","remote_codec","snapshot","1954","57919","160852"
"sample","1","20260910","24","CHALLENGE","client_to_host","3","remote_codec","command","151","32741","43271"
"sample","1","20260910","24","CHALLENGE","host_to_recipient","3","remote_codec","receipt","155","33182","43211"
"sample","1","20260910","24","CHALLENGE","host_to_recipient","0","host_local_object","snapshot",,,
"sample","1","20260910","24","CHALLENGE","host_to_recipient","1","remote_codec","snapshot","1930","58530","166422"
"sample","1","20260910","24","CHALLENGE","host_to_recipient","2","remote_codec","snapshot","1781","53640","159088"
"sample","1","20260910","24","CHALLENGE","host_to_recipient","3","remote_codec","snapshot","1929","57678","159128"
"sample","1","20260910","24","CHALLENGE","host_to_recipient","4","remote_codec","snapshot","1932","54963","179566"
"sample","1","20260910","24","CHALLENGE","host_to_recipient","5","remote_codec","snapshot","1929","57698","165570"
"sample","1","20260910","25","ADVANCE_ROUND","client_to_host","0","host_local_object","command",,,
"sample","1","20260910","25","ADVANCE_ROUND","host_to_recipient","0","host_local_object","receipt",,,
"sample","1","20260910","25","ADVANCE_ROUND","host_to_recipient","0","host_local_object","snapshot",,,
"sample","1","20260910","25","ADVANCE_ROUND","host_to_recipient","1","remote_codec","snapshot","1925","66936","170328"
"sample","1","20260910","25","ADVANCE_ROUND","host_to_recipient","2","remote_codec","snapshot","1776","57046","176731"
"sample","1","20260910","25","ADVANCE_ROUND","host_to_recipient","3","remote_codec","snapshot","1923","62007","161943"
"sample","1","20260910","25","ADVANCE_ROUND","host_to_recipient","4","remote_codec","snapshot","1923","57698","153858"
"sample","1","20260910","25","ADVANCE_ROUND","host_to_recipient","5","remote_codec","snapshot","1927","63789","152997"
"sample","1","20260910","26","PLAY_ONE","client_to_host","3","remote_codec","command","172","35246","45736"
"sample","1","20260910","26","PLAY_ONE","host_to_recipient","3","remote_codec","receipt","155","33843","43482"
"sample","1","20260910","26","PLAY_ONE","host_to_recipient","0","host_local_object","snapshot",,,
"sample","1","20260910","26","PLAY_ONE","host_to_recipient","1","remote_codec","snapshot","1952","58309","161653"
"sample","1","20260910","26","PLAY_ONE","host_to_recipient","2","remote_codec","snapshot","1803","50935","149861"
"sample","1","20260910","26","PLAY_ONE","host_to_recipient","3","remote_codec","snapshot","1921","60003","160731"
"sample","1","20260910","26","PLAY_ONE","host_to_recipient","4","remote_codec","snapshot","1948","56546","334637"
"sample","1","20260910","26","PLAY_ONE","host_to_recipient","5","remote_codec","snapshot","1954","69490","200656"
"sample","1","20260910","27","CHALLENGE","client_to_host","4","remote_codec","command","151","39534","64060"
"sample","1","20260910","27","CHALLENGE","host_to_recipient","4","remote_codec","receipt","155","35727","45425"
"sample","1","20260910","27","CHALLENGE","host_to_recipient","0","host_local_object","snapshot",,,
"sample","1","20260910","27","CHALLENGE","host_to_recipient","1","remote_codec","snapshot","1930","60904","196328"
"sample","1","20260910","27","CHALLENGE","host_to_recipient","2","remote_codec","snapshot","1781","64140","164929"
"sample","1","20260910","27","CHALLENGE","host_to_recipient","3","remote_codec","snapshot","1899","60252","162154"
"sample","1","20260910","27","CHALLENGE","host_to_recipient","4","remote_codec","snapshot","1928","58620","160952"
"sample","1","20260910","27","CHALLENGE","host_to_recipient","5","remote_codec","snapshot","1932","56866","196388"
"sample","1","20260910","28","ADVANCE_ROUND","client_to_host","0","host_local_object","command",,,
"sample","1","20260910","28","ADVANCE_ROUND","host_to_recipient","0","host_local_object","receipt",,,
"sample","1","20260910","28","ADVANCE_ROUND","host_to_recipient","0","host_local_object","snapshot",,,
"sample","1","20260910","28","ADVANCE_ROUND","host_to_recipient","1","remote_codec","snapshot","1925","97252","206808"
"sample","1","20260910","28","ADVANCE_ROUND","host_to_recipient","2","remote_codec","snapshot","1777","67837","271629"
"sample","1","20260910","28","ADVANCE_ROUND","host_to_recipient","3","remote_codec","snapshot","1928","93736","256571"
"sample","1","20260910","28","ADVANCE_ROUND","host_to_recipient","4","remote_codec","snapshot","1925","76052","220703"
"sample","1","20260910","28","ADVANCE_ROUND","host_to_recipient","5","remote_codec","snapshot","1924","79099","211306"
"sample","1","20260910","29","PLAY_ONE","client_to_host","4","remote_codec","command","172","46948","56897"
"sample","1","20260910","29","PLAY_ONE","host_to_recipient","4","remote_codec","receipt","155","43181","53009"
"sample","1","20260910","29","PLAY_ONE","host_to_recipient","0","host_local_object","snapshot",,,
"sample","1","20260910","29","PLAY_ONE","host_to_recipient","1","remote_codec","snapshot","1952","69089","187993"
"sample","1","20260910","29","PLAY_ONE","host_to_recipient","2","remote_codec","snapshot","1804","93886","182111"
"sample","1","20260910","29","PLAY_ONE","host_to_recipient","3","remote_codec","snapshot","1955","68929","318647"
"sample","1","20260910","29","PLAY_ONE","host_to_recipient","4","remote_codec","snapshot","1923","72105","188462"
"sample","1","20260910","29","PLAY_ONE","host_to_recipient","5","remote_codec","snapshot","1949","67737","238857"
"sample","1","20260910","30","CHALLENGE","client_to_host","5","remote_codec","command","151","51787","52979"
"sample","1","20260910","30","CHALLENGE","host_to_recipient","5","remote_codec","receipt","155","36859","49994"
"sample","1","20260910","30","CHALLENGE","host_to_recipient","0","host_local_object","snapshot",,,
"sample","1","20260910","30","CHALLENGE","host_to_recipient","1","remote_codec","snapshot","1929","85009","180778"
"sample","1","20260910","30","CHALLENGE","host_to_recipient","2","remote_codec","snapshot","1781","99807","171160"
"sample","1","20260910","30","CHALLENGE","host_to_recipient","3","remote_codec","snapshot","1932","65723","163176"
"sample","1","20260910","30","CHALLENGE","host_to_recipient","4","remote_codec","snapshot","1900","61155","170750"
"sample","1","20260910","30","CHALLENGE","host_to_recipient","5","remote_codec","snapshot","1928","66314","184846"
"sample","1","20260910","31","ADVANCE_ROUND","client_to_host","0","host_local_object","command",,,
"sample","1","20260910","31","ADVANCE_ROUND","host_to_recipient","0","host_local_object","receipt",,,
"sample","1","20260910","31","ADVANCE_ROUND","host_to_recipient","0","host_local_object","snapshot",,,
"sample","1","20260910","31","ADVANCE_ROUND","host_to_recipient","1","remote_codec","snapshot","1927","78316","214442"
"sample","1","20260910","31","ADVANCE_ROUND","host_to_recipient","2","remote_codec","snapshot","1778","64671","176280"
"sample","1","20260910","31","ADVANCE_ROUND","host_to_recipient","3","remote_codec","snapshot","1926","61966","198502"
"sample","1","20260910","31","ADVANCE_ROUND","host_to_recipient","4","remote_codec","snapshot","1926","60744","165360"
"sample","1","20260910","31","ADVANCE_ROUND","host_to_recipient","5","remote_codec","snapshot","1925","58710","162023"
"sample","1","20260910","32","PLAY_ONE","client_to_host","5","remote_codec","command","172","39344","61314"
"sample","1","20260910","32","PLAY_ONE","host_to_recipient","5","remote_codec","receipt","155","34755","70983"
"sample","1","20260910","32","PLAY_ONE","host_to_recipient","0","host_local_object","snapshot",,,
"sample","1","20260910","32","PLAY_ONE","host_to_recipient","1","remote_codec","snapshot","1954","71685","172152"
"sample","1","20260910","32","PLAY_ONE","host_to_recipient","2","remote_codec","snapshot","1805","59151","164238"
"sample","1","20260910","32","PLAY_ONE","host_to_recipient","3","remote_codec","snapshot","1953","78547","296325"
"sample","1","20260910","32","PLAY_ONE","host_to_recipient","4","remote_codec","snapshot","1953","57908","192922"
"sample","1","20260910","32","PLAY_ONE","host_to_recipient","5","remote_codec","snapshot","1924","53921","160901"
"sample","1","20260910","33","CHALLENGE","client_to_host","0","host_local_object","command",,,
"sample","1","20260910","33","CHALLENGE","host_to_recipient","0","host_local_object","receipt",,,
"sample","1","20260910","33","CHALLENGE","host_to_recipient","0","host_local_object","snapshot",,,
"sample","1","20260910","33","CHALLENGE","host_to_recipient","1","remote_codec","snapshot","1929","72186","194744"
"sample","1","20260910","33","CHALLENGE","host_to_recipient","2","remote_codec","snapshot","1780","65182","201017"
"sample","1","20260910","33","CHALLENGE","host_to_recipient","3","remote_codec","snapshot","1928","69370","175358"
"sample","1","20260910","33","CHALLENGE","host_to_recipient","4","remote_codec","snapshot","1928","62938","167454"
"sample","1","20260910","33","CHALLENGE","host_to_recipient","5","remote_codec","snapshot","1780","58299","162404"
"sample","1","20260910","34","ADVANCE_ROUND","client_to_host","0","host_local_object","command",,,
"sample","1","20260910","34","ADVANCE_ROUND","host_to_recipient","0","host_local_object","receipt",,,
"sample","1","20260910","34","ADVANCE_ROUND","host_to_recipient","0","host_local_object","snapshot",,,
"sample","1","20260910","34","ADVANCE_ROUND","host_to_recipient","1","remote_codec","snapshot","1925","71523","183834"
"sample","1","20260910","34","ADVANCE_ROUND","host_to_recipient","2","remote_codec","snapshot","1776","59892","165601"
"sample","1","20260910","34","ADVANCE_ROUND","host_to_recipient","3","remote_codec","snapshot","1923","58740","175309"
"sample","1","20260910","34","ADVANCE_ROUND","host_to_recipient","4","remote_codec","snapshot","1924","59322","211165"
"sample","1","20260910","34","ADVANCE_ROUND","host_to_recipient","5","remote_codec","snapshot","1776","58980","158888"
"sample","1","20260910","35","PLAY_ONE","client_to_host","0","host_local_object","command",,,
"sample","1","20260910","35","PLAY_ONE","host_to_recipient","0","host_local_object","receipt",,,
"sample","1","20260910","35","PLAY_ONE","host_to_recipient","0","host_local_object","snapshot",,,
"sample","1","20260910","35","PLAY_ONE","host_to_recipient","1","remote_codec","snapshot","1950","71163","182883"
"sample","1","20260910","35","PLAY_ONE","host_to_recipient","2","remote_codec","snapshot","1803","87735","198662"
"sample","1","20260910","35","PLAY_ONE","host_to_recipient","3","remote_codec","snapshot","1950","60183","294762"
"sample","1","20260910","35","PLAY_ONE","host_to_recipient","4","remote_codec","snapshot","1951","60663","168585"
"sample","1","20260910","35","PLAY_ONE","host_to_recipient","5","remote_codec","snapshot","1803","54973","184455"
"sample","1","20260910","36","CHALLENGE","client_to_host","1","remote_codec","command","151","74209","48180"
"sample","1","20260910","36","CHALLENGE","host_to_recipient","1","remote_codec","receipt","155","30036","40346"
"sample","1","20260910","36","CHALLENGE","host_to_recipient","0","host_local_object","snapshot",,,
"sample","1","20260910","36","CHALLENGE","host_to_recipient","1","remote_codec","snapshot","1778","65282","158386"
"sample","1","20260910","36","CHALLENGE","host_to_recipient","2","remote_codec","snapshot","1778","51898","144782"
"sample","1","20260910","36","CHALLENGE","host_to_recipient","3","remote_codec","snapshot","1925","81733","178925"
"sample","1","20260910","36","CHALLENGE","host_to_recipient","4","remote_codec","snapshot","1926","61265","181019"
"sample","1","20260910","36","CHALLENGE","host_to_recipient","5","remote_codec","snapshot","1778","60694","146415"
"sample","1","20260910","37","ADVANCE_ROUND","client_to_host","0","host_local_object","command",,,
"sample","1","20260910","37","ADVANCE_ROUND","host_to_recipient","0","host_local_object","receipt",,,
"sample","1","20260910","37","ADVANCE_ROUND","host_to_recipient","0","host_local_object","snapshot",,,
"sample","1","20260910","37","ADVANCE_ROUND","host_to_recipient","1","remote_codec","snapshot","1774","68669","165771"
"sample","1","20260910","37","ADVANCE_ROUND","host_to_recipient","2","remote_codec","snapshot","1774","54021","151434"
"sample","1","20260910","37","ADVANCE_ROUND","host_to_recipient","3","remote_codec","snapshot","1919","52629","163887"
"sample","1","20260910","37","ADVANCE_ROUND","host_to_recipient","4","remote_codec","snapshot","1921","53861","159840"
"sample","1","20260910","37","ADVANCE_ROUND","host_to_recipient","5","remote_codec","snapshot","1774","50746","207438"
"sample","1","20260910","38","PLAY_ONE","client_to_host","3","remote_codec","command","172","58319","75691"
"sample","1","20260910","38","PLAY_ONE","host_to_recipient","3","remote_codec","receipt","155","31479","41908"
"sample","1","20260910","38","PLAY_ONE","host_to_recipient","0","host_local_object","snapshot",,,
"sample","1","20260910","38","PLAY_ONE","host_to_recipient","1","remote_codec","snapshot","1801","71464","162554"
"sample","1","20260910","38","PLAY_ONE","host_to_recipient","2","remote_codec","snapshot","1801","55164","181921"
"sample","1","20260910","38","PLAY_ONE","host_to_recipient","3","remote_codec","snapshot","1918","56275","159890"
"sample","1","20260910","38","PLAY_ONE","host_to_recipient","4","remote_codec","snapshot","1946","53841","319899"
"sample","1","20260910","38","PLAY_ONE","host_to_recipient","5","remote_codec","snapshot","1801","57438","148157"
"sample","1","20260910","39","CHALLENGE","client_to_host","4","remote_codec","command","151","39855","55945"
"sample","1","20260910","39","CHALLENGE","host_to_recipient","4","remote_codec","receipt","155","32681","42159"
"sample","1","20260910","39","CHALLENGE","host_to_recipient","0","host_local_object","snapshot",,,
"sample","1","20260910","39","CHALLENGE","host_to_recipient","1","remote_codec","snapshot","1779","56575","151564"
"sample","1","20260910","39","CHALLENGE","host_to_recipient","2","remote_codec","snapshot","1779","52318","174237"
"sample","1","20260910","39","CHALLENGE","host_to_recipient","3","remote_codec","snapshot","1896","68618","184625"
"sample","1","20260910","39","CHALLENGE","host_to_recipient","4","remote_codec","snapshot","1926","55534","154429"
"sample","1","20260910","39","CHALLENGE","host_to_recipient","5","remote_codec","snapshot","1779","49503","173926"
"sample","1","20260910","40","ADVANCE_ROUND","client_to_host","0","host_local_object","command",,,
"sample","1","20260910","40","ADVANCE_ROUND","host_to_recipient","0","host_local_object","receipt",,,
"sample","1","20260910","40","ADVANCE_ROUND","host_to_recipient","0","host_local_object","snapshot",,,
"sample","1","20260910","40","ADVANCE_ROUND","host_to_recipient","1","remote_codec","snapshot","1774","156233","184776"
"sample","1","20260910","40","ADVANCE_ROUND","host_to_recipient","2","remote_codec","snapshot","1774","93064","182452"
"sample","1","20260910","40","ADVANCE_ROUND","host_to_recipient","3","remote_codec","snapshot","1922","71183","202589"
"sample","1","20260910","40","ADVANCE_ROUND","host_to_recipient","4","remote_codec","snapshot","1919","66003","208711"
"sample","1","20260910","40","ADVANCE_ROUND","host_to_recipient","5","remote_codec","snapshot","1774","59141","152215"
"sample","1","20260910","41","PLAY_ONE","client_to_host","4","remote_codec","command","172","56406","50515"
"sample","1","20260910","41","PLAY_ONE","host_to_recipient","4","remote_codec","receipt","155","39074","47750"
"sample","1","20260910","41","PLAY_ONE","host_to_recipient","0","host_local_object","snapshot",,,
"sample","1","20260910","41","PLAY_ONE","host_to_recipient","1","remote_codec","snapshot","1801","65412","198302"
"sample","1","20260910","41","PLAY_ONE","host_to_recipient","2","remote_codec","snapshot","1801","68719","150041"
"sample","1","20260910","41","PLAY_ONE","host_to_recipient","3","remote_codec","snapshot","1949","57257","177373"
"sample","1","20260910","41","PLAY_ONE","host_to_recipient","4","remote_codec","snapshot","1918","56976","360416"
"sample","1","20260910","41","PLAY_ONE","host_to_recipient","5","remote_codec","snapshot","1801","90870","173385"
"sample","1","20260910","42","CHALLENGE","client_to_host","0","host_local_object","command",,,
"sample","1","20260910","42","CHALLENGE","host_to_recipient","0","host_local_object","receipt",,,
"sample","1","20260910","42","CHALLENGE","host_to_recipient","0","host_local_object","snapshot",,,
"sample","1","20260910","42","CHALLENGE","host_to_recipient","1","remote_codec","snapshot","1778","65824","168195"
"sample","1","20260910","42","CHALLENGE","host_to_recipient","2","remote_codec","snapshot","1778","56917","154279"
"sample","1","20260910","42","CHALLENGE","host_to_recipient","3","remote_codec","snapshot","1926","56987","197049"
"sample","1","20260910","42","CHALLENGE","host_to_recipient","4","remote_codec","snapshot","1895","56877","156122"
"sample","1","20260910","42","CHALLENGE","host_to_recipient","5","remote_codec","snapshot","1778","50926","144891"
"sample","1","20260910","43","ADVANCE_ROUND","client_to_host","0","host_local_object","command",,,
"sample","1","20260910","43","ADVANCE_ROUND","host_to_recipient","0","host_local_object","receipt",,,
"sample","1","20260910","43","ADVANCE_ROUND","host_to_recipient","0","host_local_object","snapshot",,,
"sample","1","20260910","43","ADVANCE_ROUND","host_to_recipient","1","remote_codec","snapshot","1776","102792","203562"
"sample","1","20260910","43","ADVANCE_ROUND","host_to_recipient","2","remote_codec","snapshot","1776","107481","150392"
"sample","1","20260910","43","ADVANCE_ROUND","host_to_recipient","3","remote_codec","snapshot","1929","59281","175549"
"sample","1","20260910","43","ADVANCE_ROUND","host_to_recipient","4","remote_codec","snapshot","1929","61385","191429"
"sample","1","20260910","43","ADVANCE_ROUND","host_to_recipient","5","remote_codec","snapshot","1776","56125","144320"
"sample","1","20260910","44","PLAY_ONE","client_to_host","0","host_local_object","command",,,
"sample","1","20260910","44","PLAY_ONE","host_to_recipient","0","host_local_object","receipt",,,
"sample","1","20260910","44","PLAY_ONE","host_to_recipient","0","host_local_object","snapshot",,,
"sample","1","20260910","44","PLAY_ONE","host_to_recipient","1","remote_codec","snapshot","1803","62989","160140"
"sample","1","20260910","44","PLAY_ONE","host_to_recipient","2","remote_codec","snapshot","1803","55614","147797"
"sample","1","20260910","44","PLAY_ONE","host_to_recipient","3","remote_codec","snapshot","1954","59862","197831"
"sample","1","20260910","44","PLAY_ONE","host_to_recipient","4","remote_codec","snapshot","1956","61415","162354"
"sample","1","20260910","44","PLAY_ONE","host_to_recipient","5","remote_codec","snapshot","1803","53500","274985"
"sample","1","20260910","45","CHALLENGE","client_to_host","3","remote_codec","command","151","34374","46447"
"sample","1","20260910","45","CHALLENGE","host_to_recipient","3","remote_codec","receipt","155","32151","41668"
"sample","1","20260910","45","CHALLENGE","host_to_recipient","0","host_local_object","snapshot",,,
"sample","1","20260910","45","CHALLENGE","host_to_recipient","1","remote_codec","snapshot","1783","55434","146855"
"sample","1","20260910","45","CHALLENGE","host_to_recipient","2","remote_codec","snapshot","1783","52077","142116"
"sample","1","20260910","45","CHALLENGE","host_to_recipient","3","remote_codec","snapshot","1936","58088","164738"
"sample","1","20260910","45","CHALLENGE","host_to_recipient","4","remote_codec","snapshot","1936","55955","190607"
"sample","1","20260910","45","CHALLENGE","host_to_recipient","5","remote_codec","snapshot","1783","56445","152566"
"sample","1","20260910","46","ADVANCE_ROUND","client_to_host","0","host_local_object","command",,,
"sample","1","20260910","46","ADVANCE_ROUND","host_to_recipient","0","host_local_object","receipt",,,
"sample","1","20260910","46","ADVANCE_ROUND","host_to_recipient","0","host_local_object","snapshot",,,
"sample","1","20260910","46","ADVANCE_ROUND","host_to_recipient","1","remote_codec","snapshot","1778","63589","154199"
"sample","1","20260910","46","ADVANCE_ROUND","host_to_recipient","2","remote_codec","snapshot","1778","51927","173174"
"sample","1","20260910","46","ADVANCE_ROUND","host_to_recipient","3","remote_codec","snapshot","1927","57728","156734"
"sample","1","20260910","46","ADVANCE_ROUND","host_to_recipient","4","remote_codec","snapshot","1929","52488","148438"
"sample","1","20260910","46","ADVANCE_ROUND","host_to_recipient","5","remote_codec","snapshot","1778","50644","155972"
"sample","1","20260910","47","PLAY_ONE","client_to_host","3","remote_codec","command","173","47319","41618"
"sample","1","20260910","47","PLAY_ONE","host_to_recipient","3","remote_codec","receipt","155","33383","47369"
"sample","1","20260910","47","PLAY_ONE","host_to_recipient","0","host_local_object","snapshot",,,
"sample","1","20260910","47","PLAY_ONE","host_to_recipient","1","remote_codec","snapshot","1805","57006","157235"
"sample","1","20260910","47","PLAY_ONE","host_to_recipient","2","remote_codec","snapshot","1805","64080","191128"
"sample","1","20260910","47","PLAY_ONE","host_to_recipient","3","remote_codec","snapshot","1925","71064","202299"
"sample","1","20260910","47","PLAY_ONE","host_to_recipient","4","remote_codec","snapshot","1954","75411","236373"
"sample","1","20260910","47","PLAY_ONE","host_to_recipient","5","remote_codec","snapshot","1805","61265","304901"
"sample","1","20260910","48","CHALLENGE","client_to_host","4","remote_codec","command","151","36207","43842"
"sample","1","20260910","48","CHALLENGE","host_to_recipient","4","remote_codec","receipt","155","30908","40727"
"sample","1","20260910","48","CHALLENGE","host_to_recipient","0","host_local_object","snapshot",,,
"sample","1","20260910","48","CHALLENGE","host_to_recipient","1","remote_codec","snapshot","1778","85700","155362"
"sample","1","20260910","48","CHALLENGE","host_to_recipient","2","remote_codec","snapshot","1778","54703","145473"
"sample","1","20260910","48","CHALLENGE","host_to_recipient","3","remote_codec","snapshot","1898","54392","162004"
"sample","1","20260910","48","CHALLENGE","host_to_recipient","4","remote_codec","snapshot","1778","49773","147136"
"sample","1","20260910","48","CHALLENGE","host_to_recipient","5","remote_codec","snapshot","1778","57107","200776"
"sample","1","20260910","49","ADVANCE_ROUND","client_to_host","0","host_local_object","command",,,
"sample","1","20260910","49","ADVANCE_ROUND","host_to_recipient","0","host_local_object","receipt",,,
"sample","1","20260910","49","ADVANCE_ROUND","host_to_recipient","0","host_local_object","snapshot",,,
"sample","1","20260910","49","ADVANCE_ROUND","host_to_recipient","1","remote_codec","snapshot","1774","74209","179146"
"sample","1","20260910","49","ADVANCE_ROUND","host_to_recipient","2","remote_codec","snapshot","1774","66795","173815"
"sample","1","20260910","49","ADVANCE_ROUND","host_to_recipient","3","remote_codec","snapshot","1925","98475","192731"
"sample","1","20260910","49","ADVANCE_ROUND","host_to_recipient","4","remote_codec","snapshot","1774","66044","166773"
"sample","1","20260910","49","ADVANCE_ROUND","host_to_recipient","5","remote_codec","snapshot","1774","70552","172103"
"sample","1","20260910","50","PLAY_ONE","client_to_host","0","host_local_object","command",,,
"sample","1","20260910","50","PLAY_ONE","host_to_recipient","0","host_local_object","receipt",,,
"sample","1","20260910","50","PLAY_ONE","host_to_recipient","0","host_local_object","snapshot",,,
"sample","1","20260910","50","PLAY_ONE","host_to_recipient","1","remote_codec","snapshot","1801","99136","167845"
"sample","1","20260910","50","PLAY_ONE","host_to_recipient","2","remote_codec","snapshot","1801","66855","178375"
"sample","1","20260910","50","PLAY_ONE","host_to_recipient","3","remote_codec","snapshot","1950","70612","190317"
"sample","1","20260910","50","PLAY_ONE","host_to_recipient","4","remote_codec","snapshot","1801","67717","154159"
"sample","1","20260910","50","PLAY_ONE","host_to_recipient","5","remote_codec","snapshot","1801","83697","147777"
"sample","1","20260910","51","CHALLENGE","client_to_host","3","remote_codec","command","151","36208","44423"
"sample","1","20260910","51","CHALLENGE","host_to_recipient","3","remote_codec","receipt","155","46567","45886"
"sample","1","20260910","51","CHALLENGE","host_to_recipient","0","host_local_object","snapshot",,,
"sample","1","20260910","51","CHALLENGE","host_to_recipient","1","remote_codec","snapshot","1780","206457","195837"
"sample","1","20260910","51","CHALLENGE","host_to_recipient","2","remote_codec","snapshot","1780","61716","158827"
"sample","1","20260910","51","CHALLENGE","host_to_recipient","3","remote_codec","snapshot","1931","62698","194865"
"sample","1","20260910","51","CHALLENGE","host_to_recipient","4","remote_codec","snapshot","1780","65102","180728"
"sample","1","20260910","51","CHALLENGE","host_to_recipient","5","remote_codec","snapshot","1780","57207","180949"
"sample","1","20260910","52","ADVANCE_ROUND","client_to_host","0","host_local_object","command",,,
"sample","1","20260910","52","ADVANCE_ROUND","host_to_recipient","0","host_local_object","receipt",,,
"sample","1","20260910","52","ADVANCE_ROUND","host_to_recipient","0","host_local_object","snapshot",,,
"sample","1","20260910","52","ADVANCE_ROUND","host_to_recipient","1","remote_codec","snapshot","1777","65593","153648"
"sample","1","20260910","52","ADVANCE_ROUND","host_to_recipient","2","remote_codec","snapshot","1777","50775","140773"
"sample","1","20260910","52","ADVANCE_ROUND","host_to_recipient","3","remote_codec","snapshot","1927","61315","188833"
"sample","1","20260910","52","ADVANCE_ROUND","host_to_recipient","4","remote_codec","snapshot","1777","51637","167745"
"sample","1","20260910","52","ADVANCE_ROUND","host_to_recipient","5","remote_codec","snapshot","1777","53340","139782"
"sample","1","20260910","53","PLAY_ONE","client_to_host","3","remote_codec","command","173","33332","43522"
"sample","1","20260910","53","PLAY_ONE","host_to_recipient","3","remote_codec","receipt","155","29305","41157"
"sample","1","20260910","53","PLAY_ONE","host_to_recipient","0","host_local_object","snapshot",,,
"sample","1","20260910","53","PLAY_ONE","host_to_recipient","1","remote_codec","snapshot","1804","58731","201648"
"sample","1","20260910","53","PLAY_ONE","host_to_recipient","2","remote_codec","snapshot","1804","58029","151984"
"sample","1","20260910","53","PLAY_ONE","host_to_recipient","3","remote_codec","snapshot","1924","57328","155271"
"sample","1","20260910","53","PLAY_ONE","host_to_recipient","4","remote_codec","snapshot","1804","56175","145573"
"sample","1","20260910","53","PLAY_ONE","host_to_recipient","5","remote_codec","snapshot","1804","61826","153156"
"sample","1","20260910","54","CHALLENGE","client_to_host","0","host_local_object","command",,,
"sample","1","20260910","54","CHALLENGE","host_to_recipient","0","host_local_object","receipt",,,
"sample","1","20260910","54","CHALLENGE","host_to_recipient","0","host_local_object","snapshot",,,
"sample","1","20260910","54","CHALLENGE","host_to_recipient","1","remote_codec","snapshot","1777","70492","161342"
"sample","1","20260910","54","CHALLENGE","host_to_recipient","2","remote_codec","snapshot","1777","196738","164318"
"sample","1","20260910","54","CHALLENGE","host_to_recipient","3","remote_codec","snapshot","1897","62848","201448"
"sample","1","20260910","54","CHALLENGE","host_to_recipient","4","remote_codec","snapshot","1777","62467","157926"
"sample","1","20260910","54","CHALLENGE","host_to_recipient","5","remote_codec","snapshot","1777","60322","160701"
"sample","2","20260910","0","INITIAL","host_to_recipient","0","host_local_object","welcome",,,
"sample","2","20260910","1","JOIN","client_to_host","1","remote_codec","join","192","48712","35827"
"sample","2","20260910","1","JOIN","host_to_recipient","1","remote_codec","welcome","599","46116","105668"
"sample","2","20260910","1","JOIN","host_to_recipient","0","host_local_object","snapshot",,,
"sample","2","20260910","2","JOIN","client_to_host","2","remote_codec","join","192","22682","27231"
"sample","2","20260910","2","JOIN","host_to_recipient","2","remote_codec","welcome","671","42850","71845"
"sample","2","20260910","2","JOIN","host_to_recipient","0","host_local_object","snapshot",,,
"sample","2","20260910","2","JOIN","host_to_recipient","1","remote_codec","snapshot","554","27051","58539"
"sample","2","20260910","3","JOIN","client_to_host","3","remote_codec","join","193","25358","30798"
"sample","2","20260910","3","JOIN","host_to_recipient","3","remote_codec","welcome","744","48931","103093"
"sample","2","20260910","3","JOIN","host_to_recipient","0","host_local_object","snapshot",,,
"sample","2","20260910","3","JOIN","host_to_recipient","1","remote_codec","snapshot","627","36778","71033"
"sample","2","20260910","3","JOIN","host_to_recipient","2","remote_codec","snapshot","627","31549","67567"
"sample","2","20260910","4","JOIN","client_to_host","4","remote_codec","join","193","29055","37200"
"sample","2","20260910","4","JOIN","host_to_recipient","4","remote_codec","welcome","817","54983","92593"
"sample","2","20260910","4","JOIN","host_to_recipient","0","host_local_object","snapshot",,,
"sample","2","20260910","4","JOIN","host_to_recipient","1","remote_codec","snapshot","700","36779","71855"
"sample","2","20260910","4","JOIN","host_to_recipient","2","remote_codec","snapshot","700","33523","71454"
"sample","2","20260910","4","JOIN","host_to_recipient","3","remote_codec","snapshot","700","32771","66504"
"sample","2","20260910","5","JOIN","client_to_host","5","remote_codec","join","193","26500","32662"
"sample","2","20260910","5","JOIN","host_to_recipient","5","remote_codec","welcome","890","59011","82424"
"sample","2","20260910","5","JOIN","host_to_recipient","0","host_local_object","snapshot",,,
"sample","2","20260910","5","JOIN","host_to_recipient","1","remote_codec","snapshot","773","34425","101530"
"sample","2","20260910","5","JOIN","host_to_recipient","2","remote_codec","snapshot","773","34845","73447"
"sample","2","20260910","5","JOIN","host_to_recipient","3","remote_codec","snapshot","773","37400","78647"
"sample","2","20260910","5","JOIN","host_to_recipient","4","remote_codec","snapshot","773","33012","66555"
"sample","2","20260910","6","READY","client_to_host","1","remote_codec","command","163","69210","49273"
"sample","2","20260910","6","READY","host_to_recipient","1","remote_codec","receipt","154","29936","38953"
"sample","2","20260910","6","READY","host_to_recipient","0","host_local_object","snapshot",,,
"sample","2","20260910","6","READY","host_to_recipient","1","remote_codec","snapshot","772","31048","68438"
"sample","2","20260910","6","READY","host_to_recipient","2","remote_codec","snapshot","772","29615","64130"
"sample","2","20260910","6","READY","host_to_recipient","3","remote_codec","snapshot","772","27021","89658"
"sample","2","20260910","6","READY","host_to_recipient","4","remote_codec","snapshot","772","30738","63298"
"sample","2","20260910","6","READY","host_to_recipient","5","remote_codec","snapshot","772","29225","63429"
"sample","2","20260910","7","READY","client_to_host","2","remote_codec","command","163","24947","34615"
"sample","2","20260910","7","READY","host_to_recipient","2","remote_codec","receipt","154","25978","37541"
"sample","2","20260910","7","READY","host_to_recipient","0","host_local_object","snapshot",,,
"sample","2","20260910","7","READY","host_to_recipient","1","remote_codec","snapshot","771","31258","68939"
"sample","2","20260910","7","READY","host_to_recipient","2","remote_codec","snapshot","771","29906","73999"
"sample","2","20260910","7","READY","host_to_recipient","3","remote_codec","snapshot","771","28824","67457"
"sample","2","20260910","7","READY","host_to_recipient","4","remote_codec","snapshot","771","29335","65112"
"sample","2","20260910","7","READY","host_to_recipient","5","remote_codec","snapshot","771","29165","248696"
"sample","2","20260910","8","READY","client_to_host","3","remote_codec","command","163","31078","38482"
"sample","2","20260910","8","READY","host_to_recipient","3","remote_codec","receipt","154","26719","35736"
"sample","2","20260910","8","READY","host_to_recipient","0","host_local_object","snapshot",,,
"sample","2","20260910","8","READY","host_to_recipient","1","remote_codec","snapshot","770","31799","76855"
"sample","2","20260910","8","READY","host_to_recipient","2","remote_codec","snapshot","770","33763","71003"
"sample","2","20260910","8","READY","host_to_recipient","3","remote_codec","snapshot","770","26851","62056"
"sample","2","20260910","8","READY","host_to_recipient","4","remote_codec","snapshot","770","27051","65392"
"sample","2","20260910","8","READY","host_to_recipient","5","remote_codec","snapshot","770","29665","64961"
"sample","2","20260910","9","READY","client_to_host","4","remote_codec","command","163","24366","32881"
"sample","2","20260910","9","READY","host_to_recipient","4","remote_codec","receipt","154","26420","35777"
"sample","2","20260910","9","READY","host_to_recipient","0","host_local_object","snapshot",,,
"sample","2","20260910","9","READY","host_to_recipient","1","remote_codec","snapshot","769","31379","68088"
"sample","2","20260910","9","READY","host_to_recipient","2","remote_codec","snapshot","769","26549","62557"
"sample","2","20260910","9","READY","host_to_recipient","3","remote_codec","snapshot","769","27582","63629"
"sample","2","20260910","9","READY","host_to_recipient","4","remote_codec","snapshot","769","28082","61845"
"sample","2","20260910","9","READY","host_to_recipient","5","remote_codec","snapshot","769","31479","62177"
"sample","2","20260910","10","READY","client_to_host","5","remote_codec","command","163","24916","34976"
"sample","2","20260910","10","READY","host_to_recipient","5","remote_codec","receipt","155","24726","33312"
"sample","2","20260910","10","READY","host_to_recipient","0","host_local_object","snapshot",,,
"sample","2","20260910","10","READY","host_to_recipient","1","remote_codec","snapshot","769","28964","66976"
"sample","2","20260910","10","READY","host_to_recipient","2","remote_codec","snapshot","769","28503","67357"
"sample","2","20260910","10","READY","host_to_recipient","3","remote_codec","snapshot","769","56516","69830"
"sample","2","20260910","10","READY","host_to_recipient","4","remote_codec","snapshot","769","27762","61075"
"sample","2","20260910","10","READY","host_to_recipient","5","remote_codec","snapshot","769","27662","64370"
"sample","2","20260910","11","START_GAME","client_to_host","0","host_local_object","command",,,
"sample","2","20260910","11","START_GAME","host_to_recipient","0","host_local_object","receipt",,,
"sample","2","20260910","11","START_GAME","host_to_recipient","0","host_local_object","snapshot",,,
"sample","2","20260910","11","START_GAME","host_to_recipient","1","remote_codec","snapshot","1731","80120","145182"
"sample","2","20260910","11","START_GAME","host_to_recipient","2","remote_codec","snapshot","1732","53851","139872"
"sample","2","20260910","11","START_GAME","host_to_recipient","3","remote_codec","snapshot","1729","75401","136766"
"sample","2","20260910","11","START_GAME","host_to_recipient","4","remote_codec","snapshot","1731","48491","127889"
"sample","2","20260910","11","START_GAME","host_to_recipient","5","remote_codec","snapshot","1732","44303","140774"
"sample","2","20260910","12","PLAY_ONE","client_to_host","0","host_local_object","command",,,
"sample","2","20260910","12","PLAY_ONE","host_to_recipient","0","host_local_object","receipt",,,
"sample","2","20260910","12","PLAY_ONE","host_to_recipient","0","host_local_object","snapshot",,,
"sample","2","20260910","12","PLAY_ONE","host_to_recipient","1","remote_codec","snapshot","1756","60493","181951"
"sample","2","20260910","12","PLAY_ONE","host_to_recipient","2","remote_codec","snapshot","1759","49623","210334"
"sample","2","20260910","12","PLAY_ONE","host_to_recipient","3","remote_codec","snapshot","1756","54713","146524"
"sample","2","20260910","12","PLAY_ONE","host_to_recipient","4","remote_codec","snapshot","1758","47790","272891"
"sample","2","20260910","12","PLAY_ONE","host_to_recipient","5","remote_codec","snapshot","1759","52448","173284"
"sample","2","20260910","13","PLAY_ONE","client_to_host","1","remote_codec","command","172","50805","43241"
"sample","2","20260910","13","PLAY_ONE","host_to_recipient","1","remote_codec","receipt","155","28514","38482"
"sample","2","20260910","13","PLAY_ONE","host_to_recipient","0","host_local_object","snapshot",,,
"sample","2","20260910","13","PLAY_ONE","host_to_recipient","1","remote_codec","snapshot","1728","52418","155902"
"sample","2","20260910","13","PLAY_ONE","host_to_recipient","2","remote_codec","snapshot","1757","52659","144821"
"sample","2","20260910","13","PLAY_ONE","host_to_recipient","3","remote_codec","snapshot","1756","49051","169988"
"sample","2","20260910","13","PLAY_ONE","host_to_recipient","4","remote_codec","snapshot","1758","51176","140453"
"sample","2","20260910","13","PLAY_ONE","host_to_recipient","5","remote_codec","snapshot","1759","46237","138098"
"sample","2","20260910","14","PLAY_ONE","client_to_host","2","remote_codec","command","172","29836","42199"
"sample","2","20260910","14","PLAY_ONE","host_to_recipient","2","remote_codec","receipt","155","27451","37901"
"sample","2","20260910","14","PLAY_ONE","host_to_recipient","0","host_local_object","snapshot",,,
"sample","2","20260910","14","PLAY_ONE","host_to_recipient","1","remote_codec","snapshot","1728","51306","182332"
"sample","2","20260910","14","PLAY_ONE","host_to_recipient","2","remote_codec","snapshot","1729","49673","146575"
"sample","2","20260910","14","PLAY_ONE","host_to_recipient","3","remote_codec","snapshot","1754","48942","155512"
"sample","2","20260910","14","PLAY_ONE","host_to_recipient","4","remote_codec","snapshot","1758","47469","127428"
"sample","2","20260910","14","PLAY_ONE","host_to_recipient","5","remote_codec","snapshot","1759","46447","134072"
"sample","2","20260910","15","PLAY_ONE","client_to_host","3","remote_codec","command","172","48952","43091"
"sample","2","20260910","15","PLAY_ONE","host_to_recipient","3","remote_codec","receipt","155","28012","37320"
"sample","2","20260910","15","PLAY_ONE","host_to_recipient","0","host_local_object","snapshot",,,
"sample","2","20260910","15","PLAY_ONE","host_to_recipient","1","remote_codec","snapshot","1728","51516","154490"
"sample","2","20260910","15","PLAY_ONE","host_to_recipient","2","remote_codec","snapshot","1729","48611","135875"
"sample","2","20260910","15","PLAY_ONE","host_to_recipient","3","remote_codec","snapshot","1727","52728","130304"
"sample","2","20260910","15","PLAY_ONE","host_to_recipient","4","remote_codec","snapshot","1756","44162","308849"
"sample","2","20260910","15","PLAY_ONE","host_to_recipient","5","remote_codec","snapshot","1759","50274","134132"
"sample","2","20260910","16","PLAY_ONE","client_to_host","4","remote_codec","command","172","28673","40166"
"sample","2","20260910","16","PLAY_ONE","host_to_recipient","4","remote_codec","receipt","155","28153","36609"
"sample","2","20260910","16","PLAY_ONE","host_to_recipient","0","host_local_object","snapshot",,,
"sample","2","20260910","16","PLAY_ONE","host_to_recipient","1","remote_codec","snapshot","1728","51416","166101"
"sample","2","20260910","16","PLAY_ONE","host_to_recipient","2","remote_codec","snapshot","1729","52508","142887"
"sample","2","20260910","16","PLAY_ONE","host_to_recipient","3","remote_codec","snapshot","1727","47229","134412"
"sample","2","20260910","16","PLAY_ONE","host_to_recipient","4","remote_codec","snapshot","1729","45716","128781"
"sample","2","20260910","16","PLAY_ONE","host_to_recipient","5","remote_codec","snapshot","1757","47710","129943"
"sample","2","20260910","17","PLAY_ONE","client_to_host","5","remote_codec","command","172","34244","65843"
"sample","2","20260910","17","PLAY_ONE","host_to_recipient","5","remote_codec","receipt","155","29154","37180"
"sample","2","20260910","17","PLAY_ONE","host_to_recipient","0","host_local_object","snapshot",,,
"sample","2","20260910","17","PLAY_ONE","host_to_recipient","1","remote_codec","snapshot","1728","50936","140793"
"sample","2","20260910","17","PLAY_ONE","host_to_recipient","2","remote_codec","snapshot","1729","46578","129873"
"sample","2","20260910","17","PLAY_ONE","host_to_recipient","3","remote_codec","snapshot","1727","45555","132307"
"sample","2","20260910","17","PLAY_ONE","host_to_recipient","4","remote_codec","snapshot","1729","45044","136365"
"sample","2","20260910","17","PLAY_ONE","host_to_recipient","5","remote_codec","snapshot","1730","45405","183424"
"sample","2","20260910","18","CHALLENGE","client_to_host","0","host_local_object","command",,,
"sample","2","20260910","18","CHALLENGE","host_to_recipient","0","host_local_object","receipt",,,
"sample","2","20260910","18","CHALLENGE","host_to_recipient","0","host_local_object","snapshot",,,
"sample","2","20260910","18","CHALLENGE","host_to_recipient","1","remote_codec","snapshot","1902","64491","187061"
"sample","2","20260910","18","CHALLENGE","host_to_recipient","2","remote_codec","snapshot","1903","54302","156022"
"sample","2","20260910","18","CHALLENGE","host_to_recipient","3","remote_codec","snapshot","1901","49413","171451"
"sample","2","20260910","18","CHALLENGE","host_to_recipient","4","remote_codec","snapshot","1903","48701","145052"
"sample","2","20260910","18","CHALLENGE","host_to_recipient","5","remote_codec","snapshot","1904","48521","265247"
"sample","2","20260910","19","ADVANCE_ROUND","client_to_host","0","host_local_object","command",,,
"sample","2","20260910","19","ADVANCE_ROUND","host_to_recipient","0","host_local_object","receipt",,,
"sample","2","20260910","19","ADVANCE_ROUND","host_to_recipient","0","host_local_object","snapshot",,,
"sample","2","20260910","19","ADVANCE_ROUND","host_to_recipient","1","remote_codec","snapshot","1926","89528","159749"
"sample","2","20260910","19","ADVANCE_ROUND","host_to_recipient","2","remote_codec","snapshot","1928","52548","144150"
"sample","2","20260910","19","ADVANCE_ROUND","host_to_recipient","3","remote_codec","snapshot","1929","48140","149179"
"sample","2","20260910","19","ADVANCE_ROUND","host_to_recipient","4","remote_codec","snapshot","1927","49232","141525"
"sample","2","20260910","19","ADVANCE_ROUND","host_to_recipient","5","remote_codec","snapshot","1928","49262","135404"
"sample","2","20260910","20","PLAY_ONE","client_to_host","1","remote_codec","command","172","35076","42459"
"sample","2","20260910","20","PLAY_ONE","host_to_recipient","1","remote_codec","receipt","155","30647","37450"
"sample","2","20260910","20","PLAY_ONE","host_to_recipient","0","host_local_object","snapshot",,,
"sample","2","20260910","20","PLAY_ONE","host_to_recipient","1","remote_codec","snapshot","1925","55955","157365"
"sample","2","20260910","20","PLAY_ONE","host_to_recipient","2","remote_codec","snapshot","1953","50765","141705"
"sample","2","20260910","20","PLAY_ONE","host_to_recipient","3","remote_codec","snapshot","1956","48491","178284"
"sample","2","20260910","20","PLAY_ONE","host_to_recipient","4","remote_codec","snapshot","1954","53090","160551"
"sample","2","20260910","20","PLAY_ONE","host_to_recipient","5","remote_codec","snapshot","1955","67687","153298"
"sample","2","20260910","21","CHALLENGE","client_to_host","2","remote_codec","command","151","28263","38843"
"sample","2","20260910","21","CHALLENGE","host_to_recipient","2","remote_codec","receipt","155","56035","40055"
"sample","2","20260910","21","CHALLENGE","host_to_recipient","0","host_local_object","snapshot",,,
"sample","2","20260910","21","CHALLENGE","host_to_recipient","1","remote_codec","snapshot","1902","144300","209973"
"sample","2","20260910","21","CHALLENGE","host_to_recipient","2","remote_codec","snapshot","1932","90159","167313"
"sample","2","20260910","21","CHALLENGE","host_to_recipient","3","remote_codec","snapshot","1933","56165","173815"
"sample","2","20260910","21","CHALLENGE","host_to_recipient","4","remote_codec","snapshot","1931","56817","333685"
"sample","2","20260910","21","CHALLENGE","host_to_recipient","5","remote_codec","snapshot","1932","74950","193493"
"sample","2","20260910","22","ADVANCE_ROUND","client_to_host","0","host_local_object","command",,,
"sample","2","20260910","22","ADVANCE_ROUND","host_to_recipient","0","host_local_object","receipt",,,
"sample","2","20260910","22","ADVANCE_ROUND","host_to_recipient","0","host_local_object","snapshot",,,
"sample","2","20260910","22","ADVANCE_ROUND","host_to_recipient","1","remote_codec","snapshot","1928","79399","230471"
"sample","2","20260910","22","ADVANCE_ROUND","host_to_recipient","2","remote_codec","snapshot","1926","65302","169838"
"sample","2","20260910","22","ADVANCE_ROUND","host_to_recipient","3","remote_codec","snapshot","1927","67998","174166"
"sample","2","20260910","22","ADVANCE_ROUND","host_to_recipient","4","remote_codec","snapshot","1930","65061","168215"
"sample","2","20260910","22","ADVANCE_ROUND","host_to_recipient","5","remote_codec","snapshot","1927","59942","192630"
"sample","2","20260910","23","PLAY_ONE","client_to_host","2","remote_codec","command","172","35497","45986"
"sample","2","20260910","23","PLAY_ONE","host_to_recipient","2","remote_codec","receipt","155","32240","40827"
"sample","2","20260910","23","PLAY_ONE","host_to_recipient","0","host_local_object","snapshot",,,
"sample","2","20260910","23","PLAY_ONE","host_to_recipient","1","remote_codec","snapshot","1955","85300","172374"
"sample","2","20260910","23","PLAY_ONE","host_to_recipient","2","remote_codec","snapshot","1925","55123","169006"
"sample","2","20260910","23","PLAY_ONE","host_to_recipient","3","remote_codec","snapshot","1952","94237","288190"
"sample","2","20260910","23","PLAY_ONE","host_to_recipient","4","remote_codec","snapshot","1957","78416","193793"
"sample","2","20260910","23","PLAY_ONE","host_to_recipient","5","remote_codec","snapshot","1954","75552","197189"
"sample","2","20260910","24","CHALLENGE","client_to_host","3","remote_codec","command","151","38281","49593"
"sample","2","20260910","24","CHALLENGE","host_to_recipient","3","remote_codec","receipt","155","36779","43261"
"sample","2","20260910","24","CHALLENGE","host_to_recipient","0","host_local_object","snapshot",,,
"sample","2","20260910","24","CHALLENGE","host_to_recipient","1","remote_codec","snapshot","1930","65844","176541"
"sample","2","20260910","24","CHALLENGE","host_to_recipient","2","remote_codec","snapshot","1781","67186","160220"
"sample","2","20260910","24","CHALLENGE","host_to_recipient","3","remote_codec","snapshot","1929","63830","353562"
"sample","2","20260910","24","CHALLENGE","host_to_recipient","4","remote_codec","snapshot","1932","67246","172884"
"sample","2","20260910","24","CHALLENGE","host_to_recipient","5","remote_codec","snapshot","1929","62036","168676"
"sample","2","20260910","25","ADVANCE_ROUND","client_to_host","0","host_local_object","command",,,
"sample","2","20260910","25","ADVANCE_ROUND","host_to_recipient","0","host_local_object","receipt",,,
"sample","2","20260910","25","ADVANCE_ROUND","host_to_recipient","0","host_local_object","snapshot",,,
"sample","2","20260910","25","ADVANCE_ROUND","host_to_recipient","1","remote_codec","snapshot","1925","89738","173505"
"sample","2","20260910","25","ADVANCE_ROUND","host_to_recipient","2","remote_codec","snapshot","1776","58410","153948"
"sample","2","20260910","25","ADVANCE_ROUND","host_to_recipient","3","remote_codec","snapshot","1923","62517","165641"
"sample","2","20260910","25","ADVANCE_ROUND","host_to_recipient","4","remote_codec","snapshot","1923","62557","169658"
"sample","2","20260910","25","ADVANCE_ROUND","host_to_recipient","5","remote_codec","snapshot","1927","95569","165740"
"sample","2","20260910","26","PLAY_ONE","client_to_host","3","remote_codec","command","172","50395","49112"
"sample","2","20260910","26","PLAY_ONE","host_to_recipient","3","remote_codec","receipt","155","33733","46116"
"sample","2","20260910","26","PLAY_ONE","host_to_recipient","0","host_local_object","snapshot",,,
"sample","2","20260910","26","PLAY_ONE","host_to_recipient","1","remote_codec","snapshot","1952","64681","174527"
"sample","2","20260910","26","PLAY_ONE","host_to_recipient","2","remote_codec","snapshot","1803","58790","183524"
"sample","2","20260910","26","PLAY_ONE","host_to_recipient","3","remote_codec","snapshot","1921","63369","164248"
"sample","2","20260910","26","PLAY_ONE","host_to_recipient","4","remote_codec","snapshot","1948","59471","161863"
"sample","2","20260910","26","PLAY_ONE","host_to_recipient","5","remote_codec","snapshot","1954","61755","154339"
"sample","2","20260910","27","CHALLENGE","client_to_host","4","remote_codec","command","151","62167","49102"
"sample","2","20260910","27","CHALLENGE","host_to_recipient","4","remote_codec","receipt","155","49141","54912"
"sample","2","20260910","27","CHALLENGE","host_to_recipient","0","host_local_object","snapshot",,,
"sample","2","20260910","27","CHALLENGE","host_to_recipient","1","remote_codec","snapshot","1930","89838","202299"
"sample","2","20260910","27","CHALLENGE","host_to_recipient","2","remote_codec","snapshot","1781","68238","157656"
"sample","2","20260910","27","CHALLENGE","host_to_recipient","3","remote_codec","snapshot","1899","59852","348463"
"sample","2","20260910","27","CHALLENGE","host_to_recipient","4","remote_codec","snapshot","1928","67306","173415"
"sample","2","20260910","27","CHALLENGE","host_to_recipient","5","remote_codec","snapshot","1932","59311","162715"
"sample","2","20260910","28","ADVANCE_ROUND","client_to_host","0","host_local_object","command",,,
"sample","2","20260910","28","ADVANCE_ROUND","host_to_recipient","0","host_local_object","receipt",,,
"sample","2","20260910","28","ADVANCE_ROUND","host_to_recipient","0","host_local_object","snapshot",,,
"sample","2","20260910","28","ADVANCE_ROUND","host_to_recipient","1","remote_codec","snapshot","1925","70682","175790"
"sample","2","20260910","28","ADVANCE_ROUND","host_to_recipient","2","remote_codec","snapshot","1777","54252","143018"
"sample","2","20260910","28","ADVANCE_ROUND","host_to_recipient","3","remote_codec","snapshot","1928","53390","158357"
"sample","2","20260910","28","ADVANCE_ROUND","host_to_recipient","4","remote_codec","snapshot","1925","55935","164659"
"sample","2","20260910","28","ADVANCE_ROUND","host_to_recipient","5","remote_codec","snapshot","1924","55654","183453"
"sample","2","20260910","29","PLAY_ONE","client_to_host","4","remote_codec","command","172","41508","45455"
"sample","2","20260910","29","PLAY_ONE","host_to_recipient","4","remote_codec","receipt","155","34204","39754"
"sample","2","20260910","29","PLAY_ONE","host_to_recipient","0","host_local_object","snapshot",,,
"sample","2","20260910","29","PLAY_ONE","host_to_recipient","1","remote_codec","snapshot","1952","58810","161994"
"sample","2","20260910","29","PLAY_ONE","host_to_recipient","2","remote_codec","snapshot","1804","51967","141786"
"sample","2","20260910","29","PLAY_ONE","host_to_recipient","3","remote_codec","snapshot","1955","83165","162784"
"sample","2","20260910","29","PLAY_ONE","host_to_recipient","4","remote_codec","snapshot","1923","69029","180678"
"sample","2","20260910","29","PLAY_ONE","host_to_recipient","5","remote_codec","snapshot","1949","100779","158116"
"sample","2","20260910","30","CHALLENGE","client_to_host","5","remote_codec","command","151","34745","68820"
"sample","2","20260910","30","CHALLENGE","host_to_recipient","5","remote_codec","receipt","155","36549","52900"
"sample","2","20260910","30","CHALLENGE","host_to_recipient","0","host_local_object","snapshot",,,
"sample","2","20260910","30","CHALLENGE","host_to_recipient","1","remote_codec","snapshot","1929","67266","173875"
"sample","2","20260910","30","CHALLENGE","host_to_recipient","2","remote_codec","snapshot","1781","62657","172874"
"sample","2","20260910","30","CHALLENGE","host_to_recipient","3","remote_codec","snapshot","1932","202449","216866"
"sample","2","20260910","30","CHALLENGE","host_to_recipient","4","remote_codec","snapshot","1900","67286","165370"
"sample","2","20260910","30","CHALLENGE","host_to_recipient","5","remote_codec","snapshot","1928","64060","185859"
"sample","2","20260910","31","ADVANCE_ROUND","client_to_host","0","host_local_object","command",,,
"sample","2","20260910","31","ADVANCE_ROUND","host_to_recipient","0","host_local_object","receipt",,,
"sample","2","20260910","31","ADVANCE_ROUND","host_to_recipient","0","host_local_object","snapshot",,,
"sample","2","20260910","31","ADVANCE_ROUND","host_to_recipient","1","remote_codec","snapshot","1927","102863","188133"
"sample","2","20260910","31","ADVANCE_ROUND","host_to_recipient","2","remote_codec","snapshot","1778","64271","164949"
"sample","2","20260910","31","ADVANCE_ROUND","host_to_recipient","3","remote_codec","snapshot","1926","65382","183283"
"sample","2","20260910","31","ADVANCE_ROUND","host_to_recipient","4","remote_codec","snapshot","1926","65563","252533"
"sample","2","20260910","31","ADVANCE_ROUND","host_to_recipient","5","remote_codec","snapshot","1925","66945","158968"
"sample","2","20260910","32","PLAY_ONE","client_to_host","5","remote_codec","command","172","33623","45576"
"sample","2","20260910","32","PLAY_ONE","host_to_recipient","5","remote_codec","receipt","155","34354","44893"
"sample","2","20260910","32","PLAY_ONE","host_to_recipient","0","host_local_object","snapshot",,,
"sample","2","20260910","32","PLAY_ONE","host_to_recipient","1","remote_codec","snapshot","1954","64391","177202"
"sample","2","20260910","32","PLAY_ONE","host_to_recipient","2","remote_codec","snapshot","1805","84879","154830"
"sample","2","20260910","32","PLAY_ONE","host_to_recipient","3","remote_codec","snapshot","1953","57087","153808"
"sample","2","20260910","32","PLAY_ONE","host_to_recipient","4","remote_codec","snapshot","1953","51857","155651"
"sample","2","20260910","32","PLAY_ONE","host_to_recipient","5","remote_codec","snapshot","1924","55514","151483"
"sample","2","20260910","33","CHALLENGE","client_to_host","0","host_local_object","command",,,
"sample","2","20260910","33","CHALLENGE","host_to_recipient","0","host_local_object","receipt",,,
"sample","2","20260910","33","CHALLENGE","host_to_recipient","0","host_local_object","snapshot",,,
"sample","2","20260910","33","CHALLENGE","host_to_recipient","1","remote_codec","snapshot","1929","64811","165580"
"sample","2","20260910","33","CHALLENGE","host_to_recipient","2","remote_codec","snapshot","1780","54071","290064"
"sample","2","20260910","33","CHALLENGE","host_to_recipient","3","remote_codec","snapshot","1928","59361","160982"
"sample","2","20260910","33","CHALLENGE","host_to_recipient","4","remote_codec","snapshot","1928","51677","176270"
"sample","2","20260910","33","CHALLENGE","host_to_recipient","5","remote_codec","snapshot","1780","52088","140133"
"sample","2","20260910","34","ADVANCE_ROUND","client_to_host","0","host_local_object","command",,,
"sample","2","20260910","34","ADVANCE_ROUND","host_to_recipient","0","host_local_object","receipt",,,
"sample","2","20260910","34","ADVANCE_ROUND","host_to_recipient","0","host_local_object","snapshot",,,
"sample","2","20260910","34","ADVANCE_ROUND","host_to_recipient","1","remote_codec","snapshot","1925","65373","165861"
"sample","2","20260910","34","ADVANCE_ROUND","host_to_recipient","2","remote_codec","snapshot","1776","52258","140784"
"sample","2","20260910","34","ADVANCE_ROUND","host_to_recipient","3","remote_codec","snapshot","1923","56946","157986"
"sample","2","20260910","34","ADVANCE_ROUND","host_to_recipient","4","remote_codec","snapshot","1924","54763","150392"
"sample","2","20260910","34","ADVANCE_ROUND","host_to_recipient","5","remote_codec","snapshot","1776","48550","134021"
"sample","2","20260910","35","PLAY_ONE","client_to_host","0","host_local_object","command",,,
"sample","2","20260910","35","PLAY_ONE","host_to_recipient","0","host_local_object","receipt",,,
"sample","2","20260910","35","PLAY_ONE","host_to_recipient","0","host_local_object","snapshot",,,
"sample","2","20260910","35","PLAY_ONE","host_to_recipient","1","remote_codec","snapshot","1950","67556","190778"
"sample","2","20260910","35","PLAY_ONE","host_to_recipient","2","remote_codec","snapshot","1803","53260","144140"
"sample","2","20260910","35","PLAY_ONE","host_to_recipient","3","remote_codec","snapshot","1950","54902","173084"
"sample","2","20260910","35","PLAY_ONE","host_to_recipient","4","remote_codec","snapshot","1951","61696","152355"
"sample","2","20260910","35","PLAY_ONE","host_to_recipient","5","remote_codec","snapshot","1803","48932","141265"
"sample","2","20260910","36","CHALLENGE","client_to_host","1","remote_codec","command","151","35827","42720"
"sample","2","20260910","36","CHALLENGE","host_to_recipient","1","remote_codec","receipt","155","32170","43842"
"sample","2","20260910","36","CHALLENGE","host_to_recipient","0","host_local_object","snapshot",,,
"sample","2","20260910","36","CHALLENGE","host_to_recipient","1","remote_codec","snapshot","1778","58369","154089"
"sample","2","20260910","36","CHALLENGE","host_to_recipient","2","remote_codec","snapshot","1778","54752","140343"
"sample","2","20260910","36","CHALLENGE","host_to_recipient","3","remote_codec","snapshot","1925","53610","335228"
"sample","2","20260910","36","CHALLENGE","host_to_recipient","4","remote_codec","snapshot","1926","57318","169267"
"sample","2","20260910","36","CHALLENGE","host_to_recipient","5","remote_codec","snapshot","1778","52769","146995"
"sample","2","20260910","37","ADVANCE_ROUND","client_to_host","0","host_local_object","command",,,
"sample","2","20260910","37","ADVANCE_ROUND","host_to_recipient","0","host_local_object","receipt",,,
"sample","2","20260910","37","ADVANCE_ROUND","host_to_recipient","0","host_local_object","snapshot",,,
"sample","2","20260910","37","ADVANCE_ROUND","host_to_recipient","1","remote_codec","snapshot","1774","63629","159429"
"sample","2","20260910","37","ADVANCE_ROUND","host_to_recipient","2","remote_codec","snapshot","1774","54693","137437"
"sample","2","20260910","37","ADVANCE_ROUND","host_to_recipient","3","remote_codec","snapshot","1919","52238","155581"
"sample","2","20260910","37","ADVANCE_ROUND","host_to_recipient","4","remote_codec","snapshot","1921","54331","149059"
"sample","2","20260910","37","ADVANCE_ROUND","host_to_recipient","5","remote_codec","snapshot","1774","49403","168726"
"sample","2","20260910","38","PLAY_ONE","client_to_host","3","remote_codec","command","172","31819","41969"
"sample","2","20260910","38","PLAY_ONE","host_to_recipient","3","remote_codec","receipt","155","35747","47950"
"sample","2","20260910","38","PLAY_ONE","host_to_recipient","0","host_local_object","snapshot",,,
"sample","2","20260910","38","PLAY_ONE","host_to_recipient","1","remote_codec","snapshot","1801","55694","148809"
"sample","2","20260910","38","PLAY_ONE","host_to_recipient","2","remote_codec","snapshot","1801","49453","137868"
"sample","2","20260910","38","PLAY_ONE","host_to_recipient","3","remote_codec","snapshot","1918","84268","155882"
"sample","2","20260910","38","PLAY_ONE","host_to_recipient","4","remote_codec","snapshot","1946","51897","149260"
"sample","2","20260910","38","PLAY_ONE","host_to_recipient","5","remote_codec","snapshot","1801","46838","161983"
"sample","2","20260910","39","CHALLENGE","client_to_host","4","remote_codec","command","151","29135","36638"
"sample","2","20260910","39","CHALLENGE","host_to_recipient","4","remote_codec","receipt","155","27061","71103"
"sample","2","20260910","39","CHALLENGE","host_to_recipient","0","host_local_object","snapshot",,,
"sample","2","20260910","39","CHALLENGE","host_to_recipient","1","remote_codec","snapshot","1779","57428","150181"
"sample","2","20260910","39","CHALLENGE","host_to_recipient","2","remote_codec","snapshot","1779","47929","134933"
"sample","2","20260910","39","CHALLENGE","host_to_recipient","3","remote_codec","snapshot","1896","48361","285745"
"sample","2","20260910","39","CHALLENGE","host_to_recipient","4","remote_codec","snapshot","1926","51577","142808"
"sample","2","20260910","39","CHALLENGE","host_to_recipient","5","remote_codec","snapshot","1779","71023","135413"
"sample","2","20260910","40","ADVANCE_ROUND","client_to_host","0","host_local_object","command",,,
"sample","2","20260910","40","ADVANCE_ROUND","host_to_recipient","0","host_local_object","receipt",,,
"sample","2","20260910","40","ADVANCE_ROUND","host_to_recipient","0","host_local_object","snapshot",,,
"sample","2","20260910","40","ADVANCE_ROUND","host_to_recipient","1","remote_codec","snapshot","1774","60173","143348"
"sample","2","20260910","40","ADVANCE_ROUND","host_to_recipient","2","remote_codec","snapshot","1774","44864","133600"
"sample","2","20260910","40","ADVANCE_ROUND","host_to_recipient","3","remote_codec","snapshot","1922","54913","188774"
"sample","2","20260910","40","ADVANCE_ROUND","host_to_recipient","4","remote_codec","snapshot","1919","58730","161403"
"sample","2","20260910","40","ADVANCE_ROUND","host_to_recipient","5","remote_codec","snapshot","1774","54752","141606"
"sample","2","20260910","41","PLAY_ONE","client_to_host","4","remote_codec","command","172","45856","64771"
"sample","2","20260910","41","PLAY_ONE","host_to_recipient","4","remote_codec","receipt","155","37339","60382"
"sample","2","20260910","41","PLAY_ONE","host_to_recipient","0","host_local_object","snapshot",,,
"sample","2","20260910","41","PLAY_ONE","host_to_recipient","1","remote_codec","snapshot","1801","93114","260618"
"sample","2","20260910","41","PLAY_ONE","host_to_recipient","2","remote_codec","snapshot","1801","65904","435796"
"sample","2","20260910","41","PLAY_ONE","host_to_recipient","3","remote_codec","snapshot","1949","71654","221966"
"sample","2","20260910","41","PLAY_ONE","host_to_recipient","4","remote_codec","snapshot","1918","68939","170419"
"sample","2","20260910","41","PLAY_ONE","host_to_recipient","5","remote_codec","snapshot","1801","67977","156413"
"sample","2","20260910","42","CHALLENGE","client_to_host","0","host_local_object","command",,,
"sample","2","20260910","42","CHALLENGE","host_to_recipient","0","host_local_object","receipt",,,
"sample","2","20260910","42","CHALLENGE","host_to_recipient","0","host_local_object","snapshot",,,
"sample","2","20260910","42","CHALLENGE","host_to_recipient","1","remote_codec","snapshot","1778","69420","198852"
"sample","2","20260910","42","CHALLENGE","host_to_recipient","2","remote_codec","snapshot","1778","65162","164528"
"sample","2","20260910","42","CHALLENGE","host_to_recipient","3","remote_codec","snapshot","1926","65502","175689"
"sample","2","20260910","42","CHALLENGE","host_to_recipient","4","remote_codec","snapshot","1895","57979","292108"
"sample","2","20260910","42","CHALLENGE","host_to_recipient","5","remote_codec","snapshot","1778","58470","179867"
"sample","2","20260910","43","ADVANCE_ROUND","client_to_host","0","host_local_object","command",,,
"sample","2","20260910","43","ADVANCE_ROUND","host_to_recipient","0","host_local_object","receipt",,,
"sample","2","20260910","43","ADVANCE_ROUND","host_to_recipient","0","host_local_object","snapshot",,,
"sample","2","20260910","43","ADVANCE_ROUND","host_to_recipient","1","remote_codec","snapshot","1776","69550","149580"
"sample","2","20260910","43","ADVANCE_ROUND","host_to_recipient","2","remote_codec","snapshot","1776","50454","142747"
"sample","2","20260910","43","ADVANCE_ROUND","host_to_recipient","3","remote_codec","snapshot","1929","55915","187001"
"sample","2","20260910","43","ADVANCE_ROUND","host_to_recipient","4","remote_codec","snapshot","1929","61655","155492"
"sample","2","20260910","43","ADVANCE_ROUND","host_to_recipient","5","remote_codec","snapshot","1776","49442","135795"
"sample","2","20260910","44","PLAY_ONE","client_to_host","0","host_local_object","command",,,
"sample","2","20260910","44","PLAY_ONE","host_to_recipient","0","host_local_object","receipt",,,
"sample","2","20260910","44","PLAY_ONE","host_to_recipient","0","host_local_object","snapshot",,,
"sample","2","20260910","44","PLAY_ONE","host_to_recipient","1","remote_codec","snapshot","1803","61766","154640"
"sample","2","20260910","44","PLAY_ONE","host_to_recipient","2","remote_codec","snapshot","1803","88575","148347"
"sample","2","20260910","44","PLAY_ONE","host_to_recipient","3","remote_codec","snapshot","1954","53721","153608"
"sample","2","20260910","44","PLAY_ONE","host_to_recipient","4","remote_codec","snapshot","1956","51176","162454"
"sample","2","20260910","44","PLAY_ONE","host_to_recipient","5","remote_codec","snapshot","1803","52719","159829"
"sample","2","20260910","45","CHALLENGE","client_to_host","3","remote_codec","command","151","69641","51115"
"sample","2","20260910","45","CHALLENGE","host_to_recipient","3","remote_codec","receipt","155","33433","40386"
"sample","2","20260910","45","CHALLENGE","host_to_recipient","0","host_local_object","snapshot",,,
"sample","2","20260910","45","CHALLENGE","host_to_recipient","1","remote_codec","snapshot","1783","54181","134803"
"sample","2","20260910","45","CHALLENGE","host_to_recipient","2","remote_codec","snapshot","1783","49362","158808"
"sample","2","20260910","45","CHALLENGE","host_to_recipient","3","remote_codec","snapshot","1936","58609","152956"
"sample","2","20260910","45","CHALLENGE","host_to_recipient","4","remote_codec","snapshot","1936","84619","283611"
"sample","2","20260910","45","CHALLENGE","host_to_recipient","5","remote_codec","snapshot","1783","52167","137036"
"sample","2","20260910","46","ADVANCE_ROUND","client_to_host","0","host_local_object","command",,,
"sample","2","20260910","46","ADVANCE_ROUND","host_to_recipient","0","host_local_object","receipt",,,
"sample","2","20260910","46","ADVANCE_ROUND","host_to_recipient","0","host_local_object","snapshot",,,
"sample","2","20260910","46","ADVANCE_ROUND","host_to_recipient","1","remote_codec","snapshot","1778","63018","143218"
"sample","2","20260910","46","ADVANCE_ROUND","host_to_recipient","2","remote_codec","snapshot","1778","76283","139101"
"sample","2","20260910","46","ADVANCE_ROUND","host_to_recipient","3","remote_codec","snapshot","1927","51717","147867"
"sample","2","20260910","46","ADVANCE_ROUND","host_to_recipient","4","remote_codec","snapshot","1929","49793","159098"
"sample","2","20260910","46","ADVANCE_ROUND","host_to_recipient","5","remote_codec","snapshot","1778","49493","129252"
"sample","2","20260910","47","PLAY_ONE","client_to_host","3","remote_codec","command","173","31039","39214"
"sample","2","20260910","47","PLAY_ONE","host_to_recipient","3","remote_codec","receipt","155","32782","40185"
"sample","2","20260910","47","PLAY_ONE","host_to_recipient","0","host_local_object","snapshot",,,
"sample","2","20260910","47","PLAY_ONE","host_to_recipient","1","remote_codec","snapshot","1805","55193","148989"
"sample","2","20260910","47","PLAY_ONE","host_to_recipient","2","remote_codec","snapshot","1805","49974","138520"
"sample","2","20260910","47","PLAY_ONE","host_to_recipient","3","remote_codec","snapshot","1925","62487","143429"
"sample","2","20260910","47","PLAY_ONE","host_to_recipient","4","remote_codec","snapshot","1954","47961","181881"
"sample","2","20260910","47","PLAY_ONE","host_to_recipient","5","remote_codec","snapshot","1805","52499","145572"
"sample","2","20260910","48","CHALLENGE","client_to_host","4","remote_codec","command","151","27752","34996"
"sample","2","20260910","48","CHALLENGE","host_to_recipient","4","remote_codec","receipt","155","26009","35366"
"sample","2","20260910","48","CHALLENGE","host_to_recipient","0","host_local_object","snapshot",,,
"sample","2","20260910","48","CHALLENGE","host_to_recipient","1","remote_codec","snapshot","1778","50284","140262"
"sample","2","20260910","48","CHALLENGE","host_to_recipient","2","remote_codec","snapshot","1778","48350","137257"
"sample","2","20260910","48","CHALLENGE","host_to_recipient","3","remote_codec","snapshot","1898","75331","153728"
"sample","2","20260910","48","CHALLENGE","host_to_recipient","4","remote_codec","snapshot","1778","46617","123852"
"sample","2","20260910","48","CHALLENGE","host_to_recipient","5","remote_codec","snapshot","1778","44594","242975"
"sample","2","20260910","49","ADVANCE_ROUND","client_to_host","0","host_local_object","command",,,
"sample","2","20260910","49","ADVANCE_ROUND","host_to_recipient","0","host_local_object","receipt",,,
"sample","2","20260910","49","ADVANCE_ROUND","host_to_recipient","0","host_local_object","snapshot",,,
"sample","2","20260910","49","ADVANCE_ROUND","host_to_recipient","1","remote_codec","snapshot","1774","58209","175028"
"sample","2","20260910","49","ADVANCE_ROUND","host_to_recipient","2","remote_codec","snapshot","1774","47529","139231"
"sample","2","20260910","49","ADVANCE_ROUND","host_to_recipient","3","remote_codec","snapshot","1925","55644","153428"
"sample","2","20260910","49","ADVANCE_ROUND","host_to_recipient","4","remote_codec","snapshot","1774","48891","142076"
"sample","2","20260910","49","ADVANCE_ROUND","host_to_recipient","5","remote_codec","snapshot","1774","49963","191228"
"sample","2","20260910","50","PLAY_ONE","client_to_host","0","host_local_object","command",,,
"sample","2","20260910","50","PLAY_ONE","host_to_recipient","0","host_local_object","receipt",,,
"sample","2","20260910","50","PLAY_ONE","host_to_recipient","0","host_local_object","snapshot",,,
"sample","2","20260910","50","PLAY_ONE","host_to_recipient","1","remote_codec","snapshot","1801","70672","166000"
"sample","2","20260910","50","PLAY_ONE","host_to_recipient","2","remote_codec","snapshot","1801","67276","160400"
"sample","2","20260910","50","PLAY_ONE","host_to_recipient","3","remote_codec","snapshot","1950","66875","193593"
"sample","2","20260910","50","PLAY_ONE","host_to_recipient","4","remote_codec","snapshot","1801","91051","154369"
"sample","2","20260910","50","PLAY_ONE","host_to_recipient","5","remote_codec","snapshot","1801","58140","146274"
"sample","2","20260910","51","CHALLENGE","client_to_host","3","remote_codec","command","151","33763","50174"
"sample","2","20260910","51","CHALLENGE","host_to_recipient","3","remote_codec","receipt","155","32842","41618"
"sample","2","20260910","51","CHALLENGE","host_to_recipient","0","host_local_object","snapshot",,,
"sample","2","20260910","51","CHALLENGE","host_to_recipient","1","remote_codec","snapshot","1780","58680","171111"
"sample","2","20260910","51","CHALLENGE","host_to_recipient","2","remote_codec","snapshot","1780","54121","139311"
"sample","2","20260910","51","CHALLENGE","host_to_recipient","3","remote_codec","snapshot","1931","51717","150882"
"sample","2","20260910","51","CHALLENGE","host_to_recipient","4","remote_codec","snapshot","1780","54121","157044"
"sample","2","20260910","51","CHALLENGE","host_to_recipient","5","remote_codec","snapshot","1780","50284","132399"
"sample","2","20260910","52","ADVANCE_ROUND","client_to_host","0","host_local_object","command",,,
"sample","2","20260910","52","ADVANCE_ROUND","host_to_recipient","0","host_local_object","receipt",,,
"sample","2","20260910","52","ADVANCE_ROUND","host_to_recipient","0","host_local_object","snapshot",,,
"sample","2","20260910","52","ADVANCE_ROUND","host_to_recipient","1","remote_codec","snapshot","1777","68689","155622"
"sample","2","20260910","52","ADVANCE_ROUND","host_to_recipient","2","remote_codec","snapshot","1777","50375","134122"
"sample","2","20260910","52","ADVANCE_ROUND","host_to_recipient","3","remote_codec","snapshot","1927","64721","158808"
"sample","2","20260910","52","ADVANCE_ROUND","host_to_recipient","4","remote_codec","snapshot","1777","54312","176370"
"sample","2","20260910","52","ADVANCE_ROUND","host_to_recipient","5","remote_codec","snapshot","1777","58639","141795"
"sample","2","20260910","53","PLAY_ONE","client_to_host","3","remote_codec","command","173","31439","42911"
"sample","2","20260910","53","PLAY_ONE","host_to_recipient","3","remote_codec","receipt","155","27772","38432"
"sample","2","20260910","53","PLAY_ONE","host_to_recipient","0","host_local_object","snapshot",,,
"sample","2","20260910","53","PLAY_ONE","host_to_recipient","1","remote_codec","snapshot","1804","54292","149900"
"sample","2","20260910","53","PLAY_ONE","host_to_recipient","2","remote_codec","snapshot","1804","51776","166161"
"sample","2","20260910","53","PLAY_ONE","host_to_recipient","3","remote_codec","snapshot","1924","57237","144751"
"sample","2","20260910","53","PLAY_ONE","host_to_recipient","4","remote_codec","snapshot","1804","51026","136135"
"sample","2","20260910","53","PLAY_ONE","host_to_recipient","5","remote_codec","snapshot","1804","48090","124544"
"sample","2","20260910","54","CHALLENGE","client_to_host","0","host_local_object","command",,,
"sample","2","20260910","54","CHALLENGE","host_to_recipient","0","host_local_object","receipt",,,
"sample","2","20260910","54","CHALLENGE","host_to_recipient","0","host_local_object","snapshot",,,
"sample","2","20260910","54","CHALLENGE","host_to_recipient","1","remote_codec","snapshot","1777","59582","172633"
"sample","2","20260910","54","CHALLENGE","host_to_recipient","2","remote_codec","snapshot","1777","50715","137538"
"sample","2","20260910","54","CHALLENGE","host_to_recipient","3","remote_codec","snapshot","1897","53340","145212"
"sample","2","20260910","54","CHALLENGE","host_to_recipient","4","remote_codec","snapshot","1777","59451","141155"
"sample","2","20260910","54","CHALLENGE","host_to_recipient","5","remote_codec","snapshot","1777","51547","128722"
"sample","3","20260910","0","INITIAL","host_to_recipient","0","host_local_object","welcome",,,
"sample","3","20260910","1","JOIN","client_to_host","1","remote_codec","join","192","27672","29105"
"sample","3","20260910","1","JOIN","host_to_recipient","1","remote_codec","welcome","599","38662","66895"
"sample","3","20260910","1","JOIN","host_to_recipient","0","host_local_object","snapshot",,,
"sample","3","20260910","2","JOIN","client_to_host","2","remote_codec","join","192","20408","24596"
"sample","3","20260910","2","JOIN","host_to_recipient","2","remote_codec","welcome","671","34224","223268"
"sample","3","20260910","2","JOIN","host_to_recipient","0","host_local_object","snapshot",,,
"sample","3","20260910","2","JOIN","host_to_recipient","1","remote_codec","snapshot","554","30497","61134"
"sample","3","20260910","3","JOIN","client_to_host","3","remote_codec","join","193","21440","25929"
"sample","3","20260910","3","JOIN","host_to_recipient","3","remote_codec","welcome","744","65633","72726"
"sample","3","20260910","3","JOIN","host_to_recipient","0","host_local_object","snapshot",,,
"sample","3","20260910","3","JOIN","host_to_recipient","1","remote_codec","snapshot","627","28613","56976"
"sample","3","20260910","3","JOIN","host_to_recipient","2","remote_codec","snapshot","627","25668","52830"
"sample","3","20260910","4","JOIN","client_to_host","4","remote_codec","join","193","20037","27993"
"sample","3","20260910","4","JOIN","host_to_recipient","4","remote_codec","welcome","817","36479","71614"
"sample","3","20260910","4","JOIN","host_to_recipient","0","host_local_object","snapshot",,,
"sample","3","20260910","4","JOIN","host_to_recipient","1","remote_codec","snapshot","700","38041","61626"
"sample","3","20260910","4","JOIN","host_to_recipient","2","remote_codec","snapshot","700","29675","60714"
"sample","3","20260910","4","JOIN","host_to_recipient","3","remote_codec","snapshot","700","24265","59111"
"sample","3","20260910","5","JOIN","client_to_host","5","remote_codec","join","193","23193","26550"
"sample","3","20260910","5","JOIN","host_to_recipient","5","remote_codec","welcome","890","71904","79880"
"sample","3","20260910","5","JOIN","host_to_recipient","0","host_local_object","snapshot",,,
"sample","3","20260910","5","JOIN","host_to_recipient","1","remote_codec","snapshot","773","29114","63038"
"sample","3","20260910","5","JOIN","host_to_recipient","2","remote_codec","snapshot","773","25448","60043"
"sample","3","20260910","5","JOIN","host_to_recipient","3","remote_codec","snapshot","773","25868","61776"
"sample","3","20260910","5","JOIN","host_to_recipient","4","remote_codec","snapshot","773","28623","60833"
"sample","3","20260910","6","READY","client_to_host","1","remote_codec","command","163","27783","35686"
"sample","3","20260910","6","READY","host_to_recipient","1","remote_codec","receipt","154","24737","34555"
"sample","3","20260910","6","READY","host_to_recipient","0","host_local_object","snapshot",,,
"sample","3","20260910","6","READY","host_to_recipient","1","remote_codec","snapshot","772","29285","64701"
"sample","3","20260910","6","READY","host_to_recipient","2","remote_codec","snapshot","772","26700","58570"
"sample","3","20260910","6","READY","host_to_recipient","3","remote_codec","snapshot","772","24747","60193"
"sample","3","20260910","6","READY","host_to_recipient","4","remote_codec","snapshot","772","55394","72767"
"sample","3","20260910","6","READY","host_to_recipient","5","remote_codec","snapshot","772","30768","65072"
"sample","3","20260910","7","READY","client_to_host","2","remote_codec","command","163","27071","31890"
"sample","3","20260910","7","READY","host_to_recipient","2","remote_codec","receipt","154","23976","33654"
"sample","3","20260910","7","READY","host_to_recipient","0","host_local_object","snapshot",,,
"sample","3","20260910","7","READY","host_to_recipient","1","remote_codec","snapshot","771","29044","65252"
"sample","3","20260910","7","READY","host_to_recipient","2","remote_codec","snapshot","771","28373","79118"
"sample","3","20260910","7","READY","host_to_recipient","3","remote_codec","snapshot","771","26610","62898"
"sample","3","20260910","7","READY","host_to_recipient","4","remote_codec","snapshot","771","27371","58850"
"sample","3","20260910","7","READY","host_to_recipient","5","remote_codec","snapshot","771","24666","56125"
"sample","3","20260910","8","READY","client_to_host","3","remote_codec","command","163","23054","28984"
"sample","3","20260910","8","READY","host_to_recipient","3","remote_codec","receipt","154","25417","33643"
"sample","3","20260910","8","READY","host_to_recipient","0","host_local_object","snapshot",,,
"sample","3","20260910","8","READY","host_to_recipient","1","remote_codec","snapshot","770","30117","64752"
"sample","3","20260910","8","READY","host_to_recipient","2","remote_codec","snapshot","770","32972","63058"
"sample","3","20260910","8","READY","host_to_recipient","3","remote_codec","snapshot","770","30306","68117"
"sample","3","20260910","8","READY","host_to_recipient","4","remote_codec","snapshot","770","29936","67256"
"sample","3","20260910","8","READY","host_to_recipient","5","remote_codec","snapshot","770","26600","65192"
"sample","3","20260910","9","READY","client_to_host","4","remote_codec","command","163","27903","38402"
"sample","3","20260910","9","READY","host_to_recipient","4","remote_codec","receipt","154","27381","38242"
"sample","3","20260910","9","READY","host_to_recipient","0","host_local_object","snapshot",,,
"sample","3","20260910","9","READY","host_to_recipient","1","remote_codec","snapshot","769","31809","108894"
"sample","3","20260910","9","READY","host_to_recipient","2","remote_codec","snapshot","769","38001","110527"
"sample","3","20260910","9","READY","host_to_recipient","3","remote_codec","snapshot","769","38712","75812"
"sample","3","20260910","9","READY","host_to_recipient","4","remote_codec","snapshot","769","30246","67867"
"sample","3","20260910","9","READY","host_to_recipient","5","remote_codec","snapshot","769","31720","212979"
"sample","3","20260910","10","READY","client_to_host","5","remote_codec","command","163","28464","34133"
"sample","3","20260910","10","READY","host_to_recipient","5","remote_codec","receipt","155","26930","38472"
"sample","3","20260910","10","READY","host_to_recipient","0","host_local_object","snapshot",,,
"sample","3","20260910","10","READY","host_to_recipient","1","remote_codec","snapshot","769","33713","74309"
"sample","3","20260910","10","READY","host_to_recipient","2","remote_codec","snapshot","769","35707","67356"
"sample","3","20260910","10","READY","host_to_recipient","3","remote_codec","snapshot","769","61465","70863"
"sample","3","20260910","10","READY","host_to_recipient","4","remote_codec","snapshot","769","29696","61685"
"sample","3","20260910","10","READY","host_to_recipient","5","remote_codec","snapshot","769","27252","63028"
"sample","3","20260910","11","START_GAME","client_to_host","0","host_local_object","command",,,
"sample","3","20260910","11","START_GAME","host_to_recipient","0","host_local_object","receipt",,,
"sample","3","20260910","11","START_GAME","host_to_recipient","0","host_local_object","snapshot",,,
"sample","3","20260910","11","START_GAME","host_to_recipient","1","remote_codec","snapshot","1731","59662","152486"
"sample","3","20260910","11","START_GAME","host_to_recipient","2","remote_codec","snapshot","1732","47128","148949"
"sample","3","20260910","11","START_GAME","host_to_recipient","3","remote_codec","snapshot","1729","63028","185468"
"sample","3","20260910","11","START_GAME","host_to_recipient","4","remote_codec","snapshot","1731","59381","158376"
"sample","3","20260910","11","START_GAME","host_to_recipient","5","remote_codec","snapshot","1732","59482","156423"
"sample","3","20260910","12","PLAY_ONE","client_to_host","0","host_local_object","command",,,
"sample","3","20260910","12","PLAY_ONE","host_to_recipient","0","host_local_object","receipt",,,
"sample","3","20260910","12","PLAY_ONE","host_to_recipient","0","host_local_object","snapshot",,,
"sample","3","20260910","12","PLAY_ONE","host_to_recipient","1","remote_codec","snapshot","1756","74118","184606"
"sample","3","20260910","12","PLAY_ONE","host_to_recipient","2","remote_codec","snapshot","1759","59501","143969"
"sample","3","20260910","12","PLAY_ONE","host_to_recipient","3","remote_codec","snapshot","1756","51016","158537"
"sample","3","20260910","12","PLAY_ONE","host_to_recipient","4","remote_codec","snapshot","1758","57047","151013"
"sample","3","20260910","12","PLAY_ONE","host_to_recipient","5","remote_codec","snapshot","1759","58579","151333"
"sample","3","20260910","13","PLAY_ONE","client_to_host","1","remote_codec","command","172","296585","48892"
"sample","3","20260910","13","PLAY_ONE","host_to_recipient","1","remote_codec","receipt","155","29515","41037"
"sample","3","20260910","13","PLAY_ONE","host_to_recipient","0","host_local_object","snapshot",,,
"sample","3","20260910","13","PLAY_ONE","host_to_recipient","1","remote_codec","snapshot","1728","52729","138489"
"sample","3","20260910","13","PLAY_ONE","host_to_recipient","2","remote_codec","snapshot","1757","57488","188834"
"sample","3","20260910","13","PLAY_ONE","host_to_recipient","3","remote_codec","snapshot","1756","60123","154149"
"sample","3","20260910","13","PLAY_ONE","host_to_recipient","4","remote_codec","snapshot","1758","195867","138970"
"sample","3","20260910","13","PLAY_ONE","host_to_recipient","5","remote_codec","snapshot","1759","51567","140653"
"sample","3","20260910","14","PLAY_ONE","client_to_host","2","remote_codec","command","172","63128","46207"
"sample","3","20260910","14","PLAY_ONE","host_to_recipient","2","remote_codec","receipt","155","32110","39574"
"sample","3","20260910","14","PLAY_ONE","host_to_recipient","0","host_local_object","snapshot",,,
"sample","3","20260910","14","PLAY_ONE","host_to_recipient","1","remote_codec","snapshot","1728","51547","139521"
"sample","3","20260910","14","PLAY_ONE","host_to_recipient","2","remote_codec","snapshot","1729","49523","133450"
"sample","3","20260910","14","PLAY_ONE","host_to_recipient","3","remote_codec","snapshot","1754","51987","135784"
"sample","3","20260910","14","PLAY_ONE","host_to_recipient","4","remote_codec","snapshot","1758","48320","160952"
"sample","3","20260910","14","PLAY_ONE","host_to_recipient","5","remote_codec","snapshot","1759","46918","132769"
"sample","3","20260910","15","PLAY_ONE","client_to_host","3","remote_codec","command","172","29615","39264"
"sample","3","20260910","15","PLAY_ONE","host_to_recipient","3","remote_codec","receipt","155","27832","36539"
"sample","3","20260910","15","PLAY_ONE","host_to_recipient","0","host_local_object","snapshot",,,
"sample","3","20260910","15","PLAY_ONE","host_to_recipient","1","remote_codec","snapshot","1728","50514","133751"
"sample","3","20260910","15","PLAY_ONE","host_to_recipient","2","remote_codec","snapshot","1729","48410","159899"
"sample","3","20260910","15","PLAY_ONE","host_to_recipient","3","remote_codec","snapshot","1727","48932","133690"
"sample","3","20260910","15","PLAY_ONE","host_to_recipient","4","remote_codec","snapshot","1756","47810","134311"
"sample","3","20260910","15","PLAY_ONE","host_to_recipient","5","remote_codec","snapshot","1759","46647","128290"
"sample","3","20260910","16","PLAY_ONE","client_to_host","4","remote_codec","command","172","30677","39583"
"sample","3","20260910","16","PLAY_ONE","host_to_recipient","4","remote_codec","receipt","155","27681","64250"
"sample","3","20260910","16","PLAY_ONE","host_to_recipient","0","host_local_object","snapshot",,,
"sample","3","20260910","16","PLAY_ONE","host_to_recipient","1","remote_codec","snapshot","1728","53520","140122"
"sample","3","20260910","16","PLAY_ONE","host_to_recipient","2","remote_codec","snapshot","1729","45886","126688"
"sample","3","20260910","16","PLAY_ONE","host_to_recipient","3","remote_codec","snapshot","1727","45305","128742"
"sample","3","20260910","16","PLAY_ONE","host_to_recipient","4","remote_codec","snapshot","1729","47088","283371"
"sample","3","20260910","16","PLAY_ONE","host_to_recipient","5","remote_codec","snapshot","1757","49864","165099"
"sample","3","20260910","17","PLAY_ONE","client_to_host","5","remote_codec","command","172","30367","38342"
"sample","3","20260910","17","PLAY_ONE","host_to_recipient","5","remote_codec","receipt","155","27171","36829"
"sample","3","20260910","17","PLAY_ONE","host_to_recipient","0","host_local_object","snapshot",,,
"sample","3","20260910","17","PLAY_ONE","host_to_recipient","1","remote_codec","snapshot","1728","53350","137488"
"sample","3","20260910","17","PLAY_ONE","host_to_recipient","2","remote_codec","snapshot","1729","45575","129904"
"sample","3","20260910","17","PLAY_ONE","host_to_recipient","3","remote_codec","snapshot","1727","45575","157926"
"sample","3","20260910","17","PLAY_ONE","host_to_recipient","4","remote_codec","snapshot","1729","47709","125435"
"sample","3","20260910","17","PLAY_ONE","host_to_recipient","5","remote_codec","snapshot","1730","43622","125535"
"sample","3","20260910","18","CHALLENGE","client_to_host","0","host_local_object","command",,,
"sample","3","20260910","18","CHALLENGE","host_to_recipient","0","host_local_object","receipt",,,
"sample","3","20260910","18","CHALLENGE","host_to_recipient","0","host_local_object","snapshot",,,
"sample","3","20260910","18","CHALLENGE","host_to_recipient","1","remote_codec","snapshot","1902","68278","150311"
"sample","3","20260910","18","CHALLENGE","host_to_recipient","2","remote_codec","snapshot","1903","49232","162104"
"sample","3","20260910","18","CHALLENGE","host_to_recipient","3","remote_codec","snapshot","1901","49933","136916"
"sample","3","20260910","18","CHALLENGE","host_to_recipient","4","remote_codec","snapshot","1903","46026","141756"
"sample","3","20260910","18","CHALLENGE","host_to_recipient","5","remote_codec","snapshot","1904","54322","153237"
"sample","3","20260910","19","ADVANCE_ROUND","client_to_host","0","host_local_object","command",,,
"sample","3","20260910","19","ADVANCE_ROUND","host_to_recipient","0","host_local_object","receipt",,,
"sample","3","20260910","19","ADVANCE_ROUND","host_to_recipient","0","host_local_object","snapshot",,,
"sample","3","20260910","19","ADVANCE_ROUND","host_to_recipient","1","remote_codec","snapshot","1926","72225","200505"
"sample","3","20260910","19","ADVANCE_ROUND","host_to_recipient","2","remote_codec","snapshot","1928","63459","158767"
"sample","3","20260910","19","ADVANCE_ROUND","host_to_recipient","3","remote_codec","snapshot","1929","58971","160340"
"sample","3","20260910","19","ADVANCE_ROUND","host_to_recipient","4","remote_codec","snapshot","1927","55304","305633"
"sample","3","20260910","19","ADVANCE_ROUND","host_to_recipient","5","remote_codec","snapshot","1928","99055","175248"
"sample","3","20260910","20","PLAY_ONE","client_to_host","1","remote_codec","command","172","35547","42369"
"sample","3","20260910","20","PLAY_ONE","host_to_recipient","1","remote_codec","receipt","155","33323","42400"
"sample","3","20260910","20","PLAY_ONE","host_to_recipient","0","host_local_object","snapshot",,,
"sample","3","20260910","20","PLAY_ONE","host_to_recipient","1","remote_codec","snapshot","1925","60293","185758"
"sample","3","20260910","20","PLAY_ONE","host_to_recipient","2","remote_codec","snapshot","1953","58530","158717"
"sample","3","20260910","20","PLAY_ONE","host_to_recipient","3","remote_codec","snapshot","1956","57978","159940"
"sample","3","20260910","20","PLAY_ONE","host_to_recipient","4","remote_codec","snapshot","1954","63589","151544"
"sample","3","20260910","20","PLAY_ONE","host_to_recipient","5","remote_codec","snapshot","1955","54442","178525"
"sample","3","20260910","21","CHALLENGE","client_to_host","2","remote_codec","command","151","33322","39955"
"sample","3","20260910","21","CHALLENGE","host_to_recipient","2","remote_codec","receipt","155","27943","41398"
"sample","3","20260910","21","CHALLENGE","host_to_recipient","0","host_local_object","snapshot",,,
"sample","3","20260910","21","CHALLENGE","host_to_recipient","1","remote_codec","snapshot","1902","58891","201208"
"sample","3","20260910","21","CHALLENGE","host_to_recipient","2","remote_codec","snapshot","1932","87974","173725"
"sample","3","20260910","21","CHALLENGE","host_to_recipient","3","remote_codec","snapshot","1933","95329","174807"
"sample","3","20260910","21","CHALLENGE","host_to_recipient","4","remote_codec","snapshot","1931","65352","159759"
"sample","3","20260910","21","CHALLENGE","host_to_recipient","5","remote_codec","snapshot","1932","56726","162074"
"sample","3","20260910","22","ADVANCE_ROUND","client_to_host","0","host_local_object","command",,,
"sample","3","20260910","22","ADVANCE_ROUND","host_to_recipient","0","host_local_object","receipt",,,
"sample","3","20260910","22","ADVANCE_ROUND","host_to_recipient","0","host_local_object","snapshot",,,
"sample","3","20260910","22","ADVANCE_ROUND","host_to_recipient","1","remote_codec","snapshot","1928","97944","157195"
"sample","3","20260910","22","ADVANCE_ROUND","host_to_recipient","2","remote_codec","snapshot","1926","69690","154179"
"sample","3","20260910","22","ADVANCE_ROUND","host_to_recipient","3","remote_codec","snapshot","1927","55254","139691"
"sample","3","20260910","22","ADVANCE_ROUND","host_to_recipient","4","remote_codec","snapshot","1930","54723","2511194"
"sample","3","20260910","22","ADVANCE_ROUND","host_to_recipient","5","remote_codec","snapshot","1927","65903","162194"
"sample","3","20260910","23","PLAY_ONE","client_to_host","2","remote_codec","command","172","33002","41117"
"sample","3","20260910","23","PLAY_ONE","host_to_recipient","2","remote_codec","receipt","155","47439","41769"
"sample","3","20260910","23","PLAY_ONE","host_to_recipient","0","host_local_object","snapshot",,,
"sample","3","20260910","23","PLAY_ONE","host_to_recipient","1","remote_codec","snapshot","1955","59542","188914"
"sample","3","20260910","23","PLAY_ONE","host_to_recipient","2","remote_codec","snapshot","1925","55835","153197"
"sample","3","20260910","23","PLAY_ONE","host_to_recipient","3","remote_codec","snapshot","1952","53841","145482"
"sample","3","20260910","23","PLAY_ONE","host_to_recipient","4","remote_codec","snapshot","1957","49964","145372"
"sample","3","20260910","23","PLAY_ONE","host_to_recipient","5","remote_codec","snapshot","1954","51256","147938"
"sample","3","20260910","24","CHALLENGE","client_to_host","3","remote_codec","command","151","31248","40266"
"sample","3","20260910","24","CHALLENGE","host_to_recipient","3","remote_codec","receipt","155","28934","37700"
"sample","3","20260910","24","CHALLENGE","host_to_recipient","0","host_local_object","snapshot",,,
"sample","3","20260910","24","CHALLENGE","host_to_recipient","1","remote_codec","snapshot","1930","59161","148999"
"sample","3","20260910","24","CHALLENGE","host_to_recipient","2","remote_codec","snapshot","1781","48962","131938"
"sample","3","20260910","24","CHALLENGE","host_to_recipient","3","remote_codec","snapshot","1929","53560","144581"
"sample","3","20260910","24","CHALLENGE","host_to_recipient","4","remote_codec","snapshot","1932","49964","180388"
"sample","3","20260910","24","CHALLENGE","host_to_recipient","5","remote_codec","snapshot","1929","52077","141014"
"sample","3","20260910","25","ADVANCE_ROUND","client_to_host","0","host_local_object","command",,,
"sample","3","20260910","25","ADVANCE_ROUND","host_to_recipient","0","host_local_object","receipt",,,
"sample","3","20260910","25","ADVANCE_ROUND","host_to_recipient","0","host_local_object","snapshot",,,
"sample","3","20260910","25","ADVANCE_ROUND","host_to_recipient","1","remote_codec","snapshot","1925","67587","152235"
"sample","3","20260910","25","ADVANCE_ROUND","host_to_recipient","2","remote_codec","snapshot","1776","46397","128872"
"sample","3","20260910","25","ADVANCE_ROUND","host_to_recipient","3","remote_codec","snapshot","1923","74750","146625"
"sample","3","20260910","25","ADVANCE_ROUND","host_to_recipient","4","remote_codec","snapshot","1923","50996","133710"
"sample","3","20260910","25","ADVANCE_ROUND","host_to_recipient","5","remote_codec","snapshot","1927","49342","152225"
"sample","3","20260910","26","PLAY_ONE","client_to_host","3","remote_codec","command","172","38071","44143"
"sample","3","20260910","26","PLAY_ONE","host_to_recipient","3","remote_codec","receipt","155","36679","44404"
"sample","3","20260910","26","PLAY_ONE","host_to_recipient","0","host_local_object","snapshot",,,
"sample","3","20260910","26","PLAY_ONE","host_to_recipient","1","remote_codec","snapshot","1952","93686","173996"
"sample","3","20260910","26","PLAY_ONE","host_to_recipient","2","remote_codec","snapshot","1803","59963","143579"
"sample","3","20260910","26","PLAY_ONE","host_to_recipient","3","remote_codec","snapshot","1921","58420","164698"
"sample","3","20260910","26","PLAY_ONE","host_to_recipient","4","remote_codec","snapshot","1948","56917","167253"
"sample","3","20260910","26","PLAY_ONE","host_to_recipient","5","remote_codec","snapshot","1954","72255","208711"
"sample","3","20260910","27","CHALLENGE","client_to_host","4","remote_codec","command","151","35086","40446"
"sample","3","20260910","27","CHALLENGE","host_to_recipient","4","remote_codec","receipt","155","30808","40786"
"sample","3","20260910","27","CHALLENGE","host_to_recipient","0","host_local_object","snapshot",,,
"sample","3","20260910","27","CHALLENGE","host_to_recipient","1","remote_codec","snapshot","1930","61025","153327"
"sample","3","20260910","27","CHALLENGE","host_to_recipient","2","remote_codec","snapshot","1781","53250","183924"
"sample","3","20260910","27","CHALLENGE","host_to_recipient","3","remote_codec","snapshot","1899","64180","146174"
"sample","3","20260910","27","CHALLENGE","host_to_recipient","4","remote_codec","snapshot","1928","57378","146394"
"sample","3","20260910","27","CHALLENGE","host_to_recipient","5","remote_codec","snapshot","1932","54733","150031"
"sample","3","20260910","28","ADVANCE_ROUND","client_to_host","0","host_local_object","command",,,
"sample","3","20260910","28","ADVANCE_ROUND","host_to_recipient","0","host_local_object","receipt",,,
"sample","3","20260910","28","ADVANCE_ROUND","host_to_recipient","0","host_local_object","snapshot",,,
"sample","3","20260910","28","ADVANCE_ROUND","host_to_recipient","1","remote_codec","snapshot","1925","97783","161312"
"sample","3","20260910","28","ADVANCE_ROUND","host_to_recipient","2","remote_codec","snapshot","1777","56316","143098"
"sample","3","20260910","28","ADVANCE_ROUND","host_to_recipient","3","remote_codec","snapshot","1928","60162","163366"
"sample","3","20260910","28","ADVANCE_ROUND","host_to_recipient","4","remote_codec","snapshot","1925","59151","177282"
"sample","3","20260910","28","ADVANCE_ROUND","host_to_recipient","5","remote_codec","snapshot","1924","59362","185707"
"sample","3","20260910","29","PLAY_ONE","client_to_host","4","remote_codec","command","172","32200","41308"
"sample","3","20260910","29","PLAY_ONE","host_to_recipient","4","remote_codec","receipt","155","28162","38862"
"sample","3","20260910","29","PLAY_ONE","host_to_recipient","0","host_local_object","snapshot",,,
"sample","3","20260910","29","PLAY_ONE","host_to_recipient","1","remote_codec","snapshot","1952","56646","156012"
"sample","3","20260910","29","PLAY_ONE","host_to_recipient","2","remote_codec","snapshot","1804","50023","139250"
"sample","3","20260910","29","PLAY_ONE","host_to_recipient","3","remote_codec","snapshot","1955","54922","189254"
"sample","3","20260910","29","PLAY_ONE","host_to_recipient","4","remote_codec","snapshot","1923","61456","156293"
"sample","3","20260910","29","PLAY_ONE","host_to_recipient","5","remote_codec","snapshot","1949","60543","172453"
"sample","3","20260910","30","CHALLENGE","client_to_host","5","remote_codec","command","151","31939","40185"
"sample","3","20260910","30","CHALLENGE","host_to_recipient","5","remote_codec","receipt","155","31268","68118"
"sample","3","20260910","30","CHALLENGE","host_to_recipient","0","host_local_object","snapshot",,,
"sample","3","20260910","30","CHALLENGE","host_to_recipient","1","remote_codec","snapshot","1929","58720","157575"
"sample","3","20260910","30","CHALLENGE","host_to_recipient","2","remote_codec","snapshot","1781","51086","138199"
"sample","3","20260910","30","CHALLENGE","host_to_recipient","3","remote_codec","snapshot","1932","51106","140213"
"sample","3","20260910","30","CHALLENGE","host_to_recipient","4","remote_codec","snapshot","1900","50225","146073"
"sample","3","20260910","30","CHALLENGE","host_to_recipient","5","remote_codec","snapshot","1928","50043","170489"
"sample","3","20260910","31","ADVANCE_ROUND","client_to_host","0","host_local_object","command",,,
"sample","3","20260910","31","ADVANCE_ROUND","host_to_recipient","0","host_local_object","receipt",,,
"sample","3","20260910","31","ADVANCE_ROUND","host_to_recipient","0","host_local_object","snapshot",,,
"sample","3","20260910","31","ADVANCE_ROUND","host_to_recipient","1","remote_codec","snapshot","1927","64311","158957"
"sample","3","20260910","31","ADVANCE_ROUND","host_to_recipient","2","remote_codec","snapshot","1778","50354","133710"
"sample","3","20260910","31","ADVANCE_ROUND","host_to_recipient","3","remote_codec","snapshot","1926","50875","140313"
"sample","3","20260910","31","ADVANCE_ROUND","host_to_recipient","4","remote_codec","snapshot","1926","48662","175057"
"sample","3","20260910","31","ADVANCE_ROUND","host_to_recipient","5","remote_codec","snapshot","1925","56816","143519"
"sample","3","20260910","32","PLAY_ONE","client_to_host","5","remote_codec","command","172","63168","42129"
"sample","3","20260910","32","PLAY_ONE","host_to_recipient","5","remote_codec","receipt","155","29085","37751"
"sample","3","20260910","32","PLAY_ONE","host_to_recipient","0","host_local_object","snapshot",,,
"sample","3","20260910","32","PLAY_ONE","host_to_recipient","1","remote_codec","snapshot","1954","56626","154730"
"sample","3","20260910","32","PLAY_ONE","host_to_recipient","2","remote_codec","snapshot","1805","76944","137247"
"sample","3","20260910","32","PLAY_ONE","host_to_recipient","3","remote_codec","snapshot","1953","51547","145683"
"sample","3","20260910","32","PLAY_ONE","host_to_recipient","4","remote_codec","snapshot","1953","55785","144691"
"sample","3","20260910","32","PLAY_ONE","host_to_recipient","5","remote_codec","snapshot","1924","48681","131196"
"sample","3","20260910","33","CHALLENGE","client_to_host","0","host_local_object","command",,,
"sample","3","20260910","33","CHALLENGE","host_to_recipient","0","host_local_object","receipt",,,
"sample","3","20260910","33","CHALLENGE","host_to_recipient","0","host_local_object","snapshot",,,
"sample","3","20260910","33","CHALLENGE","host_to_recipient","1","remote_codec","snapshot","1929","93886","167333"
"sample","3","20260910","33","CHALLENGE","host_to_recipient","2","remote_codec","snapshot","1780","62146","154710"
"sample","3","20260910","33","CHALLENGE","host_to_recipient","3","remote_codec","snapshot","1928","65192","180758"
"sample","3","20260910","33","CHALLENGE","host_to_recipient","4","remote_codec","snapshot","1928","65152","171742"
"sample","3","20260910","33","CHALLENGE","host_to_recipient","5","remote_codec","snapshot","1780","93646","154610"
"sample","3","20260910","34","ADVANCE_ROUND","client_to_host","0","host_local_object","command",,,
"sample","3","20260910","34","ADVANCE_ROUND","host_to_recipient","0","host_local_object","receipt",,,
"sample","3","20260910","34","ADVANCE_ROUND","host_to_recipient","0","host_local_object","snapshot",,,
"sample","3","20260910","34","ADVANCE_ROUND","host_to_recipient","1","remote_codec","snapshot","1925","67787","169928"
"sample","3","20260910","34","ADVANCE_ROUND","host_to_recipient","2","remote_codec","snapshot","1776","58890","136355"
"sample","3","20260910","34","ADVANCE_ROUND","host_to_recipient","3","remote_codec","snapshot","1923","55815","179466"
"sample","3","20260910","34","ADVANCE_ROUND","host_to_recipient","4","remote_codec","snapshot","1924","56566","150602"
"sample","3","20260910","34","ADVANCE_ROUND","host_to_recipient","5","remote_codec","snapshot","1776","51988","135584"
"sample","3","20260910","35","PLAY_ONE","client_to_host","0","host_local_object","command",,,
"sample","3","20260910","35","PLAY_ONE","host_to_recipient","0","host_local_object","receipt",,,
"sample","3","20260910","35","PLAY_ONE","host_to_recipient","0","host_local_object","snapshot",,,
"sample","3","20260910","35","PLAY_ONE","host_to_recipient","1","remote_codec","snapshot","1950","65974","159459"
"sample","3","20260910","35","PLAY_ONE","host_to_recipient","2","remote_codec","snapshot","1803","83507","143318"
"sample","3","20260910","35","PLAY_ONE","host_to_recipient","3","remote_codec","snapshot","1950","55504","173265"
"sample","3","20260910","35","PLAY_ONE","host_to_recipient","4","remote_codec","snapshot","1951","56767","149009"
"sample","3","20260910","35","PLAY_ONE","host_to_recipient","5","remote_codec","snapshot","1803","49243","134281"
"sample","3","20260910","36","CHALLENGE","client_to_host","1","remote_codec","command","151","27893","62827"
"sample","3","20260910","36","CHALLENGE","host_to_recipient","1","remote_codec","receipt","155","30787","39825"
"sample","3","20260910","36","CHALLENGE","host_to_recipient","0","host_local_object","snapshot",,,
"sample","3","20260910","36","CHALLENGE","host_to_recipient","1","remote_codec","snapshot","1778","55644","188593"
"sample","3","20260910","36","CHALLENGE","host_to_recipient","2","remote_codec","snapshot","1778","65021","160591"
"sample","3","20260910","36","CHALLENGE","host_to_recipient","3","remote_codec","snapshot","1925","65442","165470"
"sample","3","20260910","36","CHALLENGE","host_to_recipient","4","remote_codec","snapshot","1926","64861","210143"
"sample","3","20260910","36","CHALLENGE","host_to_recipient","5","remote_codec","snapshot","1778","62637","155642"
"sample","3","20260910","37","ADVANCE_ROUND","client_to_host","0","host_local_object","command",,,
"sample","3","20260910","37","ADVANCE_ROUND","host_to_recipient","0","host_local_object","receipt",,,
"sample","3","20260910","37","ADVANCE_ROUND","host_to_recipient","0","host_local_object","snapshot",,,
"sample","3","20260910","37","ADVANCE_ROUND","host_to_recipient","1","remote_codec","snapshot","1774","62748","153849"
"sample","3","20260910","37","ADVANCE_ROUND","host_to_recipient","2","remote_codec","snapshot","1774","55524","172453"
"sample","3","20260910","37","ADVANCE_ROUND","host_to_recipient","3","remote_codec","snapshot","1919","55685","156163"
"sample","3","20260910","37","ADVANCE_ROUND","host_to_recipient","4","remote_codec","snapshot","1921","53660","150763"
"sample","3","20260910","37","ADVANCE_ROUND","host_to_recipient","5","remote_codec","snapshot","1774","52498","137097"
"sample","3","20260910","38","PLAY_ONE","client_to_host","3","remote_codec","command","172","32180","60053"
"sample","3","20260910","38","PLAY_ONE","host_to_recipient","3","remote_codec","receipt","155","31309","39173"
"sample","3","20260910","38","PLAY_ONE","host_to_recipient","0","host_local_object","snapshot",,,
"sample","3","20260910","38","PLAY_ONE","host_to_recipient","1","remote_codec","snapshot","1801","54041","145162"
"sample","3","20260910","38","PLAY_ONE","host_to_recipient","2","remote_codec","snapshot","1801","49953","147166"
"sample","3","20260910","38","PLAY_ONE","host_to_recipient","3","remote_codec","snapshot","1918","58199","151114"
"sample","3","20260910","38","PLAY_ONE","host_to_recipient","4","remote_codec","snapshot","1946","59100","162645"
"sample","3","20260910","38","PLAY_ONE","host_to_recipient","5","remote_codec","snapshot","1801","82975","151654"
"sample","3","20260910","39","CHALLENGE","client_to_host","4","remote_codec","command","151","30197","37530"
"sample","3","20260910","39","CHALLENGE","host_to_recipient","4","remote_codec","receipt","155","28243","37931"
"sample","3","20260910","39","CHALLENGE","host_to_recipient","0","host_local_object","snapshot",,,
"sample","3","20260910","39","CHALLENGE","host_to_recipient","1","remote_codec","snapshot","1779","54072","138629"
"sample","3","20260910","39","CHALLENGE","host_to_recipient","2","remote_codec","snapshot","1779","50174","133039"
"sample","3","20260910","39","CHALLENGE","host_to_recipient","3","remote_codec","snapshot","1896","52198","168235"
"sample","3","20260910","39","CHALLENGE","host_to_recipient","4","remote_codec","snapshot","1926","53861","140894"
"sample","3","20260910","39","CHALLENGE","host_to_recipient","5","remote_codec","snapshot","1779","50666","138048"
"sample","3","20260910","40","ADVANCE_ROUND","client_to_host","0","host_local_object","command",,,
"sample","3","20260910","40","ADVANCE_ROUND","host_to_recipient","0","host_local_object","receipt",,,
"sample","3","20260910","40","ADVANCE_ROUND","host_to_recipient","0","host_local_object","snapshot",,,
"sample","3","20260910","40","ADVANCE_ROUND","host_to_recipient","1","remote_codec","snapshot","1774","61705","145362"
"sample","3","20260910","40","ADVANCE_ROUND","host_to_recipient","2","remote_codec","snapshot","1774","78507","136145"
"sample","3","20260910","40","ADVANCE_ROUND","host_to_recipient","3","remote_codec","snapshot","1922","54943","142768"
"sample","3","20260910","40","ADVANCE_ROUND","host_to_recipient","4","remote_codec","snapshot","1919","52608","152566"
"sample","3","20260910","40","ADVANCE_ROUND","host_to_recipient","5","remote_codec","snapshot","1774","48019","128822"
"sample","3","20260910","41","PLAY_ONE","client_to_host","4","remote_codec","command","172","31929","41388"
"sample","3","20260910","41","PLAY_ONE","host_to_recipient","4","remote_codec","receipt","155","38743","41257"
"sample","3","20260910","41","PLAY_ONE","host_to_recipient","0","host_local_object","snapshot",,,
"sample","3","20260910","41","PLAY_ONE","host_to_recipient","1","remote_codec","snapshot","1801","55584","144722"
"sample","3","20260910","41","PLAY_ONE","host_to_recipient","2","remote_codec","snapshot","1801","51868","134622"
"sample","3","20260910","41","PLAY_ONE","host_to_recipient","3","remote_codec","snapshot","1949","52308","144822"
"sample","3","20260910","41","PLAY_ONE","host_to_recipient","4","remote_codec","snapshot","1918","65402","155472"
"sample","3","20260910","41","PLAY_ONE","host_to_recipient","5","remote_codec","snapshot","1801","82254","140603"
"sample","3","20260910","42","CHALLENGE","client_to_host","0","host_local_object","command",,,
"sample","3","20260910","42","CHALLENGE","host_to_recipient","0","host_local_object","receipt",,,
"sample","3","20260910","42","CHALLENGE","host_to_recipient","0","host_local_object","snapshot",,,
"sample","3","20260910","42","CHALLENGE","host_to_recipient","1","remote_codec","snapshot","1778","61074","146725"
"sample","3","20260910","42","CHALLENGE","host_to_recipient","2","remote_codec","snapshot","1778","52128","135764"
"sample","3","20260910","42","CHALLENGE","host_to_recipient","3","remote_codec","snapshot","1926","52459","168586"
"sample","3","20260910","42","CHALLENGE","host_to_recipient","4","remote_codec","snapshot","1895","53109","141395"
"sample","3","20260910","42","CHALLENGE","host_to_recipient","5","remote_codec","snapshot","1778","47068","140443"
"sample","3","20260910","43","ADVANCE_ROUND","client_to_host","0","host_local_object","command",,,
"sample","3","20260910","43","ADVANCE_ROUND","host_to_recipient","0","host_local_object","receipt",,,
"sample","3","20260910","43","ADVANCE_ROUND","host_to_recipient","0","host_local_object","snapshot",,,
"sample","3","20260910","43","ADVANCE_ROUND","host_to_recipient","1","remote_codec","snapshot","1776","61305","140954"
"sample","3","20260910","43","ADVANCE_ROUND","host_to_recipient","2","remote_codec","snapshot","1776","48000","158757"
"sample","3","20260910","43","ADVANCE_ROUND","host_to_recipient","3","remote_codec","snapshot","1929","53761","142467"
"sample","3","20260910","43","ADVANCE_ROUND","host_to_recipient","4","remote_codec","snapshot","1929","49242","134693"
"sample","3","20260910","43","ADVANCE_ROUND","host_to_recipient","5","remote_codec","snapshot","1776","45305","129542"
"sample","3","20260910","44","PLAY_ONE","client_to_host","0","host_local_object","command",,,
"sample","3","20260910","44","PLAY_ONE","host_to_recipient","0","host_local_object","receipt",,,
"sample","3","20260910","44","PLAY_ONE","host_to_recipient","0","host_local_object","snapshot",,,
"sample","3","20260910","44","PLAY_ONE","host_to_recipient","1","remote_codec","snapshot","1803","60684","171531"
"sample","3","20260910","44","PLAY_ONE","host_to_recipient","2","remote_codec","snapshot","1803","51006","130985"
"sample","3","20260910","44","PLAY_ONE","host_to_recipient","3","remote_codec","snapshot","1954","50655","148799"
"sample","3","20260910","44","PLAY_ONE","host_to_recipient","4","remote_codec","snapshot","1956","48661","143488"
"sample","3","20260910","44","PLAY_ONE","host_to_recipient","5","remote_codec","snapshot","1803","46087","127469"
"sample","3","20260910","45","CHALLENGE","client_to_host","3","remote_codec","command","151","26409","63588"
"sample","3","20260910","45","CHALLENGE","host_to_recipient","3","remote_codec","receipt","155","31879","45795"
"sample","3","20260910","45","CHALLENGE","host_to_recipient","0","host_local_object","snapshot",,,
"sample","3","20260910","45","CHALLENGE","host_to_recipient","1","remote_codec","snapshot","1783","52509","129572"
"sample","3","20260910","45","CHALLENGE","host_to_recipient","2","remote_codec","snapshot","1783","45536","127459"
"sample","3","20260910","45","CHALLENGE","host_to_recipient","3","remote_codec","snapshot","1936","46918","135674"
"sample","3","20260910","45","CHALLENGE","host_to_recipient","4","remote_codec","snapshot","1936","45495","129172"
"sample","3","20260910","45","CHALLENGE","host_to_recipient","5","remote_codec","snapshot","1783","44974","167544"
"sample","3","20260910","46","ADVANCE_ROUND","client_to_host","0","host_local_object","command",,,
"sample","3","20260910","46","ADVANCE_ROUND","host_to_recipient","0","host_local_object","receipt",,,
"sample","3","20260910","46","ADVANCE_ROUND","host_to_recipient","0","host_local_object","snapshot",,,
"sample","3","20260910","46","ADVANCE_ROUND","host_to_recipient","1","remote_codec","snapshot","1778","62527","156923"
"sample","3","20260910","46","ADVANCE_ROUND","host_to_recipient","2","remote_codec","snapshot","1778","58319","143148"
"sample","3","20260910","46","ADVANCE_ROUND","host_to_recipient","3","remote_codec","snapshot","1927","63279","192230"
"sample","3","20260910","46","ADVANCE_ROUND","host_to_recipient","4","remote_codec","snapshot","1929","61415","167854"
"sample","3","20260910","46","ADVANCE_ROUND","host_to_recipient","5","remote_codec","snapshot","1778","62858","153027"
"sample","3","20260910","47","PLAY_ONE","client_to_host","3","remote_codec","command","173","33663","45415"
"sample","3","20260910","47","PLAY_ONE","host_to_recipient","3","remote_codec","receipt","155","30307","38773"
"sample","3","20260910","47","PLAY_ONE","host_to_recipient","0","host_local_object","snapshot",,,
"sample","3","20260910","47","PLAY_ONE","host_to_recipient","1","remote_codec","snapshot","1805","85800","146574"
"sample","3","20260910","47","PLAY_ONE","host_to_recipient","2","remote_codec","snapshot","1805","52398","137016"
"sample","3","20260910","47","PLAY_ONE","host_to_recipient","3","remote_codec","snapshot","1925","52188","145673"
"sample","3","20260910","47","PLAY_ONE","host_to_recipient","4","remote_codec","snapshot","1954","56927","151955"
"sample","3","20260910","47","PLAY_ONE","host_to_recipient","5","remote_codec","snapshot","1805","55574","137087"
"sample","3","20260910","48","CHALLENGE","client_to_host","4","remote_codec","command","151","33262","37350"
"sample","3","20260910","48","CHALLENGE","host_to_recipient","4","remote_codec","receipt","155","27422","37210"
"sample","3","20260910","48","CHALLENGE","host_to_recipient","0","host_local_object","snapshot",,,
"sample","3","20260910","48","CHALLENGE","host_to_recipient","1","remote_codec","snapshot","1778","51958","138589"
"sample","3","20260910","48","CHALLENGE","host_to_recipient","2","remote_codec","snapshot","1778","48842","132999"
"sample","3","20260910","48","CHALLENGE","host_to_recipient","3","remote_codec","snapshot","1898","52759","141936"
"sample","3","20260910","48","CHALLENGE","host_to_recipient","4","remote_codec","snapshot","1778","46136","154069"
"sample","3","20260910","48","CHALLENGE","host_to_recipient","5","remote_codec","snapshot","1778","46508","117620"
"sample","3","20260910","49","ADVANCE_ROUND","client_to_host","0","host_local_object","command",,,
"sample","3","20260910","49","ADVANCE_ROUND","host_to_recipient","0","host_local_object","receipt",,,
"sample","3","20260910","49","ADVANCE_ROUND","host_to_recipient","0","host_local_object","snapshot",,,
"sample","3","20260910","49","ADVANCE_ROUND","host_to_recipient","1","remote_codec","snapshot","1774","62998","222547"
"sample","3","20260910","49","ADVANCE_ROUND","host_to_recipient","2","remote_codec","snapshot","1774","68338","191799"
"sample","3","20260910","49","ADVANCE_ROUND","host_to_recipient","3","remote_codec","snapshot","1925","65803","168776"
"sample","3","20260910","49","ADVANCE_ROUND","host_to_recipient","4","remote_codec","snapshot","1774","61956","145312"
"sample","3","20260910","49","ADVANCE_ROUND","host_to_recipient","5","remote_codec","snapshot","1774","57207","138179"
"sample","3","20260910","50","PLAY_ONE","client_to_host","0","host_local_object","command",,,
"sample","3","20260910","50","PLAY_ONE","host_to_recipient","0","host_local_object","receipt",,,
"sample","3","20260910","50","PLAY_ONE","host_to_recipient","0","host_local_object","snapshot",,,
"sample","3","20260910","50","PLAY_ONE","host_to_recipient","1","remote_codec","snapshot","1801","92634","143398"
"sample","3","20260910","50","PLAY_ONE","host_to_recipient","2","remote_codec","snapshot","1801","54432","138059"
"sample","3","20260910","50","PLAY_ONE","host_to_recipient","3","remote_codec","snapshot","1950","58851","132047"
"sample","3","20260910","50","PLAY_ONE","host_to_recipient","4","remote_codec","snapshot","1801","54112","136686"
"sample","3","20260910","50","PLAY_ONE","host_to_recipient","5","remote_codec","snapshot","1801","49884","129633"
"sample","3","20260910","51","CHALLENGE","client_to_host","3","remote_codec","command","151","30948","38632"
"sample","3","20260910","51","CHALLENGE","host_to_recipient","3","remote_codec","receipt","155","28834","39334"
"sample","3","20260910","51","CHALLENGE","host_to_recipient","0","host_local_object","snapshot",,,
"sample","3","20260910","51","CHALLENGE","host_to_recipient","1","remote_codec","snapshot","1780","54311","143428"
"sample","3","20260910","51","CHALLENGE","host_to_recipient","2","remote_codec","snapshot","1780","49433","133119"
"sample","3","20260910","51","CHALLENGE","host_to_recipient","3","remote_codec","snapshot","1931","50835","140433"
"sample","3","20260910","51","CHALLENGE","host_to_recipient","4","remote_codec","snapshot","1780","47859","162495"
"sample","3","20260910","51","CHALLENGE","host_to_recipient","5","remote_codec","snapshot","1780","50996","126567"
"sample","3","20260910","52","ADVANCE_ROUND","client_to_host","0","host_local_object","command",,,
"sample","3","20260910","52","ADVANCE_ROUND","host_to_recipient","0","host_local_object","receipt",,,
"sample","3","20260910","52","ADVANCE_ROUND","host_to_recipient","0","host_local_object","snapshot",,,
"sample","3","20260910","52","ADVANCE_ROUND","host_to_recipient","1","remote_codec","snapshot","1777","57868","129803"
"sample","3","20260910","52","ADVANCE_ROUND","host_to_recipient","2","remote_codec","snapshot","1777","44022","132779"
"sample","3","20260910","52","ADVANCE_ROUND","host_to_recipient","3","remote_codec","snapshot","1927","48261","181880"
"sample","3","20260910","52","ADVANCE_ROUND","host_to_recipient","4","remote_codec","snapshot","1777","56746","218069"
"sample","3","20260910","52","ADVANCE_ROUND","host_to_recipient","5","remote_codec","snapshot","1777","99667","162294"
"sample","3","20260910","53","PLAY_ONE","client_to_host","3","remote_codec","command","173","38132","48932"
"sample","3","20260910","53","PLAY_ONE","host_to_recipient","3","remote_codec","receipt","155","58710","44073"
"sample","3","20260910","53","PLAY_ONE","host_to_recipient","0","host_local_object","snapshot",,,
"sample","3","20260910","53","PLAY_ONE","host_to_recipient","1","remote_codec","snapshot","1804","58830","144140"
"sample","3","20260910","53","PLAY_ONE","host_to_recipient","2","remote_codec","snapshot","1804","52929","144291"
"sample","3","20260910","53","PLAY_ONE","host_to_recipient","3","remote_codec","snapshot","1924","57648","160521"
"sample","3","20260910","53","PLAY_ONE","host_to_recipient","4","remote_codec","snapshot","1804","54462","144881"
"sample","3","20260910","53","PLAY_ONE","host_to_recipient","5","remote_codec","snapshot","1804","51717","167944"
"sample","3","20260910","54","CHALLENGE","client_to_host","0","host_local_object","command",,,
"sample","3","20260910","54","CHALLENGE","host_to_recipient","0","host_local_object","receipt",,,
"sample","3","20260910","54","CHALLENGE","host_to_recipient","0","host_local_object","snapshot",,,
"sample","3","20260910","54","CHALLENGE","host_to_recipient","1","remote_codec","snapshot","1777","62306","138430"
"sample","3","20260910","54","CHALLENGE","host_to_recipient","2","remote_codec","snapshot","1777","47249","131156"
"sample","3","20260910","54","CHALLENGE","host_to_recipient","3","remote_codec","snapshot","1897","54703","162935"
"sample","3","20260910","54","CHALLENGE","host_to_recipient","4","remote_codec","snapshot","1777","90349","153067"
"sample","3","20260910","54","CHALLENGE","host_to_recipient","5","remote_codec","snapshot","1777","58340","140875"
"sample","4","20260910","0","INITIAL","host_to_recipient","0","host_local_object","welcome",,,
"sample","4","20260910","1","JOIN","client_to_host","1","remote_codec","join","192","28934","31249"
"sample","4","20260910","1","JOIN","host_to_recipient","1","remote_codec","welcome","599","43922","69120"
"sample","4","20260910","1","JOIN","host_to_recipient","0","host_local_object","snapshot",,,
"sample","4","20260910","2","JOIN","client_to_host","2","remote_codec","join","192","21771","26309"
"sample","4","20260910","2","JOIN","host_to_recipient","2","remote_codec","welcome","671","68648","67036"
"sample","4","20260910","2","JOIN","host_to_recipient","0","host_local_object","snapshot",,,
"sample","4","20260910","2","JOIN","host_to_recipient","1","remote_codec","snapshot","554","28283","53871"
"sample","4","20260910","3","JOIN","client_to_host","3","remote_codec","join","193","23093","27532"
"sample","4","20260910","3","JOIN","host_to_recipient","3","remote_codec","welcome","744","48311","80050"
"sample","4","20260910","3","JOIN","host_to_recipient","0","host_local_object","snapshot",,,
"sample","4","20260910","3","JOIN","host_to_recipient","1","remote_codec","snapshot","627","41107","77194"
"sample","4","20260910","3","JOIN","host_to_recipient","2","remote_codec","snapshot","627","34685","66344"
"sample","4","20260910","4","JOIN","client_to_host","4","remote_codec","join","193","27451","33373"
"sample","4","20260910","4","JOIN","host_to_recipient","4","remote_codec","welcome","817","47348","86512"
"sample","4","20260910","4","JOIN","host_to_recipient","0","host_local_object","snapshot",,,
"sample","4","20260910","4","JOIN","host_to_recipient","1","remote_codec","snapshot","700","68388","78187"
"sample","4","20260910","4","JOIN","host_to_recipient","2","remote_codec","snapshot","700","35898","72135"
"sample","4","20260910","4","JOIN","host_to_recipient","3","remote_codec","snapshot","700","36679","83937"
"sample","4","20260910","5","JOIN","client_to_host","5","remote_codec","join","193","33603","35657"
"sample","4","20260910","5","JOIN","host_to_recipient","5","remote_codec","welcome","890","49112","91461"
"sample","4","20260910","5","JOIN","host_to_recipient","0","host_local_object","snapshot",,,
"sample","4","20260910","5","JOIN","host_to_recipient","1","remote_codec","snapshot","773","38392","77144"
"sample","4","20260910","5","JOIN","host_to_recipient","2","remote_codec","snapshot","773","38301","74639"
"sample","4","20260910","5","JOIN","host_to_recipient","3","remote_codec","snapshot","773","36558","101089"
"sample","4","20260910","5","JOIN","host_to_recipient","4","remote_codec","snapshot","773","41257","78999"
"sample","4","20260910","6","READY","client_to_host","1","remote_codec","command","163","32942","42791"
"sample","4","20260910","6","READY","host_to_recipient","1","remote_codec","receipt","154","28223","36047"
"sample","4","20260910","6","READY","host_to_recipient","0","host_local_object","snapshot",,,
"sample","4","20260910","6","READY","host_to_recipient","1","remote_codec","snapshot","772","30387","70382"
"sample","4","20260910","6","READY","host_to_recipient","2","remote_codec","snapshot","772","32310","65313"
"sample","4","20260910","6","READY","host_to_recipient","3","remote_codec","snapshot","772","32110","71163"
"sample","4","20260910","6","READY","host_to_recipient","4","remote_codec","snapshot","772","31088","67436"
"sample","4","20260910","6","READY","host_to_recipient","5","remote_codec","snapshot","772","32711","67657"
"sample","4","20260910","7","READY","client_to_host","2","remote_codec","command","163","76584","43652"
"sample","4","20260910","7","READY","host_to_recipient","2","remote_codec","receipt","154","26419","34495"
"sample","4","20260910","7","READY","host_to_recipient","0","host_local_object","snapshot",,,
"sample","4","20260910","7","READY","host_to_recipient","1","remote_codec","snapshot","771","29967","70702"
"sample","4","20260910","7","READY","host_to_recipient","2","remote_codec","snapshot","771","33914","64892"
"sample","4","20260910","7","READY","host_to_recipient","3","remote_codec","snapshot","771","27562","57588"
"sample","4","20260910","7","READY","host_to_recipient","4","remote_codec","snapshot","771","27972","60604"
"sample","4","20260910","7","READY","host_to_recipient","5","remote_codec","snapshot","771","29145","64290"
"sample","4","20260910","8","READY","client_to_host","3","remote_codec","command","163","26960","40065"
"sample","4","20260910","8","READY","host_to_recipient","3","remote_codec","receipt","154","30837","39674"
"sample","4","20260910","8","READY","host_to_recipient","0","host_local_object","snapshot",,,
"sample","4","20260910","8","READY","host_to_recipient","1","remote_codec","snapshot","770","34254","63369"
"sample","4","20260910","8","READY","host_to_recipient","2","remote_codec","snapshot","770","55874","60092"
"sample","4","20260910","8","READY","host_to_recipient","3","remote_codec","snapshot","770","28503","65904"
"sample","4","20260910","8","READY","host_to_recipient","4","remote_codec","snapshot","770","28443","59291"
"sample","4","20260910","8","READY","host_to_recipient","5","remote_codec","snapshot","770","27221","62026"
"sample","4","20260910","9","READY","client_to_host","4","remote_codec","command","163","30748","34765"
"sample","4","20260910","9","READY","host_to_recipient","4","remote_codec","receipt","154","23414","33824"
"sample","4","20260910","9","READY","host_to_recipient","0","host_local_object","snapshot",,,
"sample","4","20260910","9","READY","host_to_recipient","1","remote_codec","snapshot","769","28724","63298"
"sample","4","20260910","9","READY","host_to_recipient","2","remote_codec","snapshot","769","27591","62847"
"sample","4","20260910","9","READY","host_to_recipient","3","remote_codec","snapshot","769","26940","59130"
"sample","4","20260910","9","READY","host_to_recipient","4","remote_codec","snapshot","769","27833","89998"
"sample","4","20260910","9","READY","host_to_recipient","5","remote_codec","snapshot","769","30176","64661"
"sample","4","20260910","10","READY","client_to_host","5","remote_codec","command","163","24867","30888"
"sample","4","20260910","10","READY","host_to_recipient","5","remote_codec","receipt","155","27752","38252"
"sample","4","20260910","10","READY","host_to_recipient","0","host_local_object","snapshot",,,
"sample","4","20260910","10","READY","host_to_recipient","1","remote_codec","snapshot","769","32741","70051"
"sample","4","20260910","10","READY","host_to_recipient","2","remote_codec","snapshot","769","36068","67406"
"sample","4","20260910","10","READY","host_to_recipient","3","remote_codec","snapshot","769","31680","67386"
"sample","4","20260910","10","READY","host_to_recipient","4","remote_codec","snapshot","769","32311","105417"
"sample","4","20260910","10","READY","host_to_recipient","5","remote_codec","snapshot","769","33152","66324"
"sample","4","20260910","11","START_GAME","client_to_host","0","host_local_object","command",,,
"sample","4","20260910","11","START_GAME","host_to_recipient","0","host_local_object","receipt",,,
"sample","4","20260910","11","START_GAME","host_to_recipient","0","host_local_object","snapshot",,,
"sample","4","20260910","11","START_GAME","host_to_recipient","1","remote_codec","snapshot","1731","63069","143789"
"sample","4","20260910","11","START_GAME","host_to_recipient","2","remote_codec","snapshot","1732","52959","130724"
"sample","4","20260910","11","START_GAME","host_to_recipient","3","remote_codec","snapshot","1729","48070","128641"
"sample","4","20260910","11","START_GAME","host_to_recipient","4","remote_codec","snapshot","1731","45846","148969"
"sample","4","20260910","11","START_GAME","host_to_recipient","5","remote_codec","snapshot","1732","78968","125264"
"sample","4","20260910","12","PLAY_ONE","client_to_host","0","host_local_object","command",,,
"sample","4","20260910","12","PLAY_ONE","host_to_recipient","0","host_local_object","receipt",,,
"sample","4","20260910","12","PLAY_ONE","host_to_recipient","0","host_local_object","snapshot",,,
"sample","4","20260910","12","PLAY_ONE","host_to_recipient","1","remote_codec","snapshot","1756","59952","143027"
"sample","4","20260910","12","PLAY_ONE","host_to_recipient","2","remote_codec","snapshot","1759","51497","138699"
"sample","4","20260910","12","PLAY_ONE","host_to_recipient","3","remote_codec","snapshot","1756","51687","137669"
"sample","4","20260910","12","PLAY_ONE","host_to_recipient","4","remote_codec","snapshot","1758","78848","148699"
"sample","4","20260910","12","PLAY_ONE","host_to_recipient","5","remote_codec","snapshot","1759","49402","130093"
"sample","4","20260910","13","PLAY_ONE","client_to_host","1","remote_codec","command","172","31348","40024"
"sample","4","20260910","13","PLAY_ONE","host_to_recipient","1","remote_codec","receipt","155","28393","38472"
"sample","4","20260910","13","PLAY_ONE","host_to_recipient","0","host_local_object","snapshot",,,
"sample","4","20260910","13","PLAY_ONE","host_to_recipient","1","remote_codec","snapshot","1728","62156","136807"
"sample","4","20260910","13","PLAY_ONE","host_to_recipient","2","remote_codec","snapshot","1757","48952","154720"
"sample","4","20260910","13","PLAY_ONE","host_to_recipient","3","remote_codec","snapshot","1756","46757","128570"
"sample","4","20260910","13","PLAY_ONE","host_to_recipient","4","remote_codec","snapshot","1758","45736","126066"
"sample","4","20260910","13","PLAY_ONE","host_to_recipient","5","remote_codec","snapshot","1759","49623","137969"
"sample","4","20260910","14","PLAY_ONE","client_to_host","2","remote_codec","command","172","31129","41437"
"sample","4","20260910","14","PLAY_ONE","host_to_recipient","2","remote_codec","receipt","155","25928","66284"
"sample","4","20260910","14","PLAY_ONE","host_to_recipient","0","host_local_object","snapshot",,,
"sample","4","20260910","14","PLAY_ONE","host_to_recipient","1","remote_codec","snapshot","1728","50294","134141"
"sample","4","20260910","14","PLAY_ONE","host_to_recipient","2","remote_codec","snapshot","1729","46256","126757"
"sample","4","20260910","14","PLAY_ONE","host_to_recipient","3","remote_codec","snapshot","1754","49342","135153"
"sample","4","20260910","14","PLAY_ONE","host_to_recipient","4","remote_codec","snapshot","1758","50304","145793"
"sample","4","20260910","14","PLAY_ONE","host_to_recipient","5","remote_codec","snapshot","1759","54302","135504"
"sample","4","20260910","15","PLAY_ONE","client_to_host","3","remote_codec","command","172","29685","40296"
"sample","4","20260910","15","PLAY_ONE","host_to_recipient","3","remote_codec","receipt","155","29335","39845"
"sample","4","20260910","15","PLAY_ONE","host_to_recipient","0","host_local_object","snapshot",,,
"sample","4","20260910","15","PLAY_ONE","host_to_recipient","1","remote_codec","snapshot","1728","53149","135825"
"sample","4","20260910","15","PLAY_ONE","host_to_recipient","2","remote_codec","snapshot","1729","49733","136435"
"sample","4","20260910","15","PLAY_ONE","host_to_recipient","3","remote_codec","snapshot","1727","47458","127729"
"sample","4","20260910","15","PLAY_ONE","host_to_recipient","4","remote_codec","snapshot","1756","45385","154951"
"sample","4","20260910","15","PLAY_ONE","host_to_recipient","5","remote_codec","snapshot","1759","48010","127168"
"sample","4","20260910","16","PLAY_ONE","client_to_host","4","remote_codec","command","172","30908","38122"
"sample","4","20260910","16","PLAY_ONE","host_to_recipient","4","remote_codec","receipt","155","28834","41177"
"sample","4","20260910","16","PLAY_ONE","host_to_recipient","0","host_local_object","snapshot",,,
"sample","4","20260910","16","PLAY_ONE","host_to_recipient","1","remote_codec","snapshot","1728","50976","133159"
"sample","4","20260910","16","PLAY_ONE","host_to_recipient","2","remote_codec","snapshot","1729","47629","154059"
"sample","4","20260910","16","PLAY_ONE","host_to_recipient","3","remote_codec","snapshot","1727","47379","126757"
"sample","4","20260910","16","PLAY_ONE","host_to_recipient","4","remote_codec","snapshot","1729","44274","123542"
"sample","4","20260910","16","PLAY_ONE","host_to_recipient","5","remote_codec","snapshot","1757","46257","131086"
"sample","4","20260910","17","PLAY_ONE","client_to_host","5","remote_codec","command","172","28433","36759"
"sample","4","20260910","17","PLAY_ONE","host_to_recipient","5","remote_codec","receipt","155","27231","35878"
"sample","4","20260910","17","PLAY_ONE","host_to_recipient","0","host_local_object","snapshot",,,
"sample","4","20260910","17","PLAY_ONE","host_to_recipient","1","remote_codec","snapshot","1728","50054","139131"
"sample","4","20260910","17","PLAY_ONE","host_to_recipient","2","remote_codec","snapshot","1729","54693","129663"
"sample","4","20260910","17","PLAY_ONE","host_to_recipient","3","remote_codec","snapshot","1727","45354","120225"
"sample","4","20260910","17","PLAY_ONE","host_to_recipient","4","remote_codec","snapshot","1729","44333","124884"
"sample","4","20260910","17","PLAY_ONE","host_to_recipient","5","remote_codec","snapshot","1730","44283","124152"
"sample","4","20260910","18","CHALLENGE","client_to_host","0","host_local_object","command",,,
"sample","4","20260910","18","CHALLENGE","host_to_recipient","0","host_local_object","receipt",,,
"sample","4","20260910","18","CHALLENGE","host_to_recipient","0","host_local_object","snapshot",,,
"sample","4","20260910","18","CHALLENGE","host_to_recipient","1","remote_codec","snapshot","1902","62728","148117"
"sample","4","20260910","18","CHALLENGE","host_to_recipient","2","remote_codec","snapshot","1903","54351","146826"
"sample","4","20260910","18","CHALLENGE","host_to_recipient","3","remote_codec","snapshot","1901","48952","136857"
"sample","4","20260910","18","CHALLENGE","host_to_recipient","4","remote_codec","snapshot","1903","49012","134843"
"sample","4","20260910","18","CHALLENGE","host_to_recipient","5","remote_codec","snapshot","1904","47409","177422"
"sample","4","20260910","19","ADVANCE_ROUND","client_to_host","0","host_local_object","command",,,
"sample","4","20260910","19","ADVANCE_ROUND","host_to_recipient","0","host_local_object","receipt",,,
"sample","4","20260910","19","ADVANCE_ROUND","host_to_recipient","0","host_local_object","snapshot",,,
"sample","4","20260910","19","ADVANCE_ROUND","host_to_recipient","1","remote_codec","snapshot","1926","64150","151524"
"sample","4","20260910","19","ADVANCE_ROUND","host_to_recipient","2","remote_codec","snapshot","1928","50295","139701"
"sample","4","20260910","19","ADVANCE_ROUND","host_to_recipient","3","remote_codec","snapshot","1929","49052","136405"
"sample","4","20260910","19","ADVANCE_ROUND","host_to_recipient","4","remote_codec","snapshot","1927","48591","175319"
"sample","4","20260910","19","ADVANCE_ROUND","host_to_recipient","5","remote_codec","snapshot","1928","53520","145703"
"sample","4","20260910","20","PLAY_ONE","client_to_host","1","remote_codec","command","172","27762","36048"
"sample","4","20260910","20","PLAY_ONE","host_to_recipient","1","remote_codec","receipt","155","26890","35226"
"sample","4","20260910","20","PLAY_ONE","host_to_recipient","0","host_local_object","snapshot",,,
"sample","4","20260910","20","PLAY_ONE","host_to_recipient","1","remote_codec","snapshot","1925","54382","152355"
"sample","4","20260910","20","PLAY_ONE","host_to_recipient","2","remote_codec","snapshot","1953","52668","177162"
"sample","4","20260910","20","PLAY_ONE","host_to_recipient","3","remote_codec","snapshot","1956","51737","141706"
"sample","4","20260910","20","PLAY_ONE","host_to_recipient","4","remote_codec","snapshot","1954","51186","139070"
"sample","4","20260910","20","PLAY_ONE","host_to_recipient","5","remote_codec","snapshot","1955","50184","140043"
"sample","4","20260910","21","CHALLENGE","client_to_host","2","remote_codec","command","151","26981","72215"
"sample","4","20260910","21","CHALLENGE","host_to_recipient","2","remote_codec","receipt","155","29876","52028"
"sample","4","20260910","21","CHALLENGE","host_to_recipient","0","host_local_object","snapshot",,,
"sample","4","20260910","21","CHALLENGE","host_to_recipient","1","remote_codec","snapshot","1902","54632","157515"
"sample","4","20260910","21","CHALLENGE","host_to_recipient","2","remote_codec","snapshot","1932","48561","133059"
"sample","4","20260910","21","CHALLENGE","host_to_recipient","3","remote_codec","snapshot","1933","45826","130534"
"sample","4","20260910","21","CHALLENGE","host_to_recipient","4","remote_codec","snapshot","1931","46357","130805"
"sample","4","20260910","21","CHALLENGE","host_to_recipient","5","remote_codec","snapshot","1932","47399","156053"
"sample","4","20260910","22","ADVANCE_ROUND","client_to_host","0","host_local_object","command",,,
"sample","4","20260910","22","ADVANCE_ROUND","host_to_recipient","0","host_local_object","receipt",,,
"sample","4","20260910","22","ADVANCE_ROUND","host_to_recipient","0","host_local_object","snapshot",,,
"sample","4","20260910","22","ADVANCE_ROUND","host_to_recipient","1","remote_codec","snapshot","1928","62567","164428"
"sample","4","20260910","22","ADVANCE_ROUND","host_to_recipient","2","remote_codec","snapshot","1926","62908","139561"
"sample","4","20260910","22","ADVANCE_ROUND","host_to_recipient","3","remote_codec","snapshot","1927","49273","150042"
"sample","4","20260910","22","ADVANCE_ROUND","host_to_recipient","4","remote_codec","snapshot","1930","92824","159999"
"sample","4","20260910","22","ADVANCE_ROUND","host_to_recipient","5","remote_codec","snapshot","1927","59041","178183"
"sample","4","20260910","23","PLAY_ONE","client_to_host","2","remote_codec","command","172","38162","49372"
"sample","4","20260910","23","PLAY_ONE","host_to_recipient","2","remote_codec","receipt","155","37540","49032"
"sample","4","20260910","23","PLAY_ONE","host_to_recipient","0","host_local_object","snapshot",,,
"sample","4","20260910","23","PLAY_ONE","host_to_recipient","1","remote_codec","snapshot","1955","90791","172683"
"sample","4","20260910","23","PLAY_ONE","host_to_recipient","2","remote_codec","snapshot","1925","64411","197289"
"sample","4","20260910","23","PLAY_ONE","host_to_recipient","3","remote_codec","snapshot","1952","67116","170739"
"sample","4","20260910","23","PLAY_ONE","host_to_recipient","4","remote_codec","snapshot","1957","65973","172704"
"sample","4","20260910","23","PLAY_ONE","host_to_recipient","5","remote_codec","snapshot","1954","92804","169107"
"sample","4","20260910","24","CHALLENGE","client_to_host","3","remote_codec","command","151","34525","42049"
"sample","4","20260910","24","CHALLENGE","host_to_recipient","3","remote_codec","receipt","155","35567","48491"
"sample","4","20260910","24","CHALLENGE","host_to_recipient","0","host_local_object","snapshot",,,
"sample","4","20260910","24","CHALLENGE","host_to_recipient","1","remote_codec","snapshot","1930","65913","173595"
"sample","4","20260910","24","CHALLENGE","host_to_recipient","2","remote_codec","snapshot","1781","65222","183454"
"sample","4","20260910","24","CHALLENGE","host_to_recipient","3","remote_codec","snapshot","1929","66364","163066"
"sample","4","20260910","24","CHALLENGE","host_to_recipient","4","remote_codec","snapshot","1932","54722","139691"
"sample","4","20260910","24","CHALLENGE","host_to_recipient","5","remote_codec","snapshot","1929","51747","153989"
"sample","4","20260910","25","ADVANCE_ROUND","client_to_host","0","host_local_object","command",,,
"sample","4","20260910","25","ADVANCE_ROUND","host_to_recipient","0","host_local_object","receipt",,,
"sample","4","20260910","25","ADVANCE_ROUND","host_to_recipient","0","host_local_object","snapshot",,,
"sample","4","20260910","25","ADVANCE_ROUND","host_to_recipient","1","remote_codec","snapshot","1925","94086","162915"
"sample","4","20260910","25","ADVANCE_ROUND","host_to_recipient","2","remote_codec","snapshot","1776","51146","130193"
"sample","4","20260910","25","ADVANCE_ROUND","host_to_recipient","3","remote_codec","snapshot","1923","48911","146565"
"sample","4","20260910","25","ADVANCE_ROUND","host_to_recipient","4","remote_codec","snapshot","1923","50124","142657"
"sample","4","20260910","25","ADVANCE_ROUND","host_to_recipient","5","remote_codec","snapshot","1927","51426","179877"
"sample","4","20260910","26","PLAY_ONE","client_to_host","3","remote_codec","command","172","42309","41919"
"sample","4","20260910","26","PLAY_ONE","host_to_recipient","3","remote_codec","receipt","155","30878","39424"
"sample","4","20260910","26","PLAY_ONE","host_to_recipient","0","host_local_object","snapshot",,,
"sample","4","20260910","26","PLAY_ONE","host_to_recipient","1","remote_codec","snapshot","1952","56226","152575"
"sample","4","20260910","26","PLAY_ONE","host_to_recipient","2","remote_codec","snapshot","1803","50895","169357"
"sample","4","20260910","26","PLAY_ONE","host_to_recipient","3","remote_codec","snapshot","1921","61896","150633"
"sample","4","20260910","26","PLAY_ONE","host_to_recipient","4","remote_codec","snapshot","1948","52147","140203"
"sample","4","20260910","26","PLAY_ONE","host_to_recipient","5","remote_codec","snapshot","1954","50695","141615"
"sample","4","20260910","27","CHALLENGE","client_to_host","4","remote_codec","command","151","30217","34344"
"sample","4","20260910","27","CHALLENGE","host_to_recipient","4","remote_codec","receipt","155","24576","64641"
"sample","4","20260910","27","CHALLENGE","host_to_recipient","0","host_local_object","snapshot",,,
"sample","4","20260910","27","CHALLENGE","host_to_recipient","1","remote_codec","snapshot","1930","58359","151013"
"sample","4","20260910","27","CHALLENGE","host_to_recipient","2","remote_codec","snapshot","1781","48651","131858"
"sample","4","20260910","27","CHALLENGE","host_to_recipient","3","remote_codec","snapshot","1899","53690","142497"
"sample","4","20260910","27","CHALLENGE","host_to_recipient","4","remote_codec","snapshot","1928","52258","138971"
"sample","4","20260910","27","CHALLENGE","host_to_recipient","5","remote_codec","snapshot","1932","52768","171602"
"sample","4","20260910","28","ADVANCE_ROUND","client_to_host","0","host_local_object","command",,,
"sample","4","20260910","28","ADVANCE_ROUND","host_to_recipient","0","host_local_object","receipt",,,
"sample","4","20260910","28","ADVANCE_ROUND","host_to_recipient","0","host_local_object","snapshot",,,
"sample","4","20260910","28","ADVANCE_ROUND","host_to_recipient","1","remote_codec","snapshot","1925","62648","150722"
"sample","4","20260910","28","ADVANCE_ROUND","host_to_recipient","2","remote_codec","snapshot","1777","47619","127839"
"sample","4","20260910","28","ADVANCE_ROUND","host_to_recipient","3","remote_codec","snapshot","1928","55103","153929"
"sample","4","20260910","28","ADVANCE_ROUND","host_to_recipient","4","remote_codec","snapshot","1925","54071","163747"
"sample","4","20260910","28","ADVANCE_ROUND","host_to_recipient","5","remote_codec","snapshot","1924","51777","142447"
"sample","4","20260910","29","PLAY_ONE","client_to_host","4","remote_codec","command","172","29615","38573"
"sample","4","20260910","29","PLAY_ONE","host_to_recipient","4","remote_codec","receipt","155","29675","38693"
"sample","4","20260910","29","PLAY_ONE","host_to_recipient","0","host_local_object","snapshot",,,
"sample","4","20260910","29","PLAY_ONE","host_to_recipient","1","remote_codec","snapshot","1952","60182","148207"
"sample","4","20260910","29","PLAY_ONE","host_to_recipient","2","remote_codec","snapshot","1804","47469","159669"
"sample","4","20260910","29","PLAY_ONE","host_to_recipient","3","remote_codec","snapshot","1955","56466","146404"
"sample","4","20260910","29","PLAY_ONE","host_to_recipient","4","remote_codec","snapshot","1923","52538","149410"
"sample","4","20260910","29","PLAY_ONE","host_to_recipient","5","remote_codec","snapshot","1949","59652","162354"
"sample","4","20260910","30","CHALLENGE","client_to_host","5","remote_codec","command","151","32181","41467"
"sample","4","20260910","30","CHALLENGE","host_to_recipient","5","remote_codec","receipt","155","33272","43021"
"sample","4","20260910","30","CHALLENGE","host_to_recipient","0","host_local_object","snapshot",,,
"sample","4","20260910","30","CHALLENGE","host_to_recipient","1","remote_codec","snapshot","1929","60193","149320"
"sample","4","20260910","30","CHALLENGE","host_to_recipient","2","remote_codec","snapshot","1781","48661","121116"
"sample","4","20260910","30","CHALLENGE","host_to_recipient","3","remote_codec","snapshot","1932","49883","132838"
"sample","4","20260910","30","CHALLENGE","host_to_recipient","4","remote_codec","snapshot","1900","54533","144080"
"sample","4","20260910","30","CHALLENGE","host_to_recipient","5","remote_codec","snapshot","1928","54512","178244"
"sample","4","20260910","31","ADVANCE_ROUND","client_to_host","0","host_local_object","command",,,
"sample","4","20260910","31","ADVANCE_ROUND","host_to_recipient","0","host_local_object","receipt",,,
"sample","4","20260910","31","ADVANCE_ROUND","host_to_recipient","0","host_local_object","snapshot",,,
"sample","4","20260910","31","ADVANCE_ROUND","host_to_recipient","1","remote_codec","snapshot","1927","69720","158436"
"sample","4","20260910","31","ADVANCE_ROUND","host_to_recipient","2","remote_codec","snapshot","1778","51556","129743"
"sample","4","20260910","31","ADVANCE_ROUND","host_to_recipient","3","remote_codec","snapshot","1926","49002","141966"
"sample","4","20260910","31","ADVANCE_ROUND","host_to_recipient","4","remote_codec","snapshot","1926","50164","163556"
"sample","4","20260910","31","ADVANCE_ROUND","host_to_recipient","5","remote_codec","snapshot","1925","50324","138429"
"sample","4","20260910","32","PLAY_ONE","client_to_host","5","remote_codec","command","172","29946","38562"
"sample","4","20260910","32","PLAY_ONE","host_to_recipient","5","remote_codec","receipt","155","27412","38322"
"sample","4","20260910","32","PLAY_ONE","host_to_recipient","0","host_local_object","snapshot",,,
"sample","4","20260910","32","PLAY_ONE","host_to_recipient","1","remote_codec","snapshot","1954","55974","154289"
"sample","4","20260910","32","PLAY_ONE","host_to_recipient","2","remote_codec","snapshot","1805","52428","161603"
"sample","4","20260910","32","PLAY_ONE","host_to_recipient","3","remote_codec","snapshot","1953","51707","143179"
"sample","4","20260910","32","PLAY_ONE","host_to_recipient","4","remote_codec","snapshot","1953","49783","145613"
"sample","4","20260910","32","PLAY_ONE","host_to_recipient","5","remote_codec","snapshot","1924","47469","139501"
"sample","4","20260910","33","CHALLENGE","client_to_host","0","host_local_object","command",,,
"sample","4","20260910","33","CHALLENGE","host_to_recipient","0","host_local_object","receipt",,,
"sample","4","20260910","33","CHALLENGE","host_to_recipient","0","host_local_object","snapshot",,,
"sample","4","20260910","33","CHALLENGE","host_to_recipient","1","remote_codec","snapshot","1929","58780","197040"
"sample","4","20260910","33","CHALLENGE","host_to_recipient","2","remote_codec","snapshot","1780","50034","133870"
"sample","4","20260910","33","CHALLENGE","host_to_recipient","3","remote_codec","snapshot","1928","49733","142286"
"sample","4","20260910","33","CHALLENGE","host_to_recipient","4","remote_codec","snapshot","1928","50725","138880"
"sample","4","20260910","33","CHALLENGE","host_to_recipient","5","remote_codec","snapshot","1780","45966","121497"
"sample","4","20260910","34","ADVANCE_ROUND","client_to_host","0","host_local_object","command",,,
"sample","4","20260910","34","ADVANCE_ROUND","host_to_recipient","0","host_local_object","receipt",,,
"sample","4","20260910","34","ADVANCE_ROUND","host_to_recipient","0","host_local_object","snapshot",,,
"sample","4","20260910","34","ADVANCE_ROUND","host_to_recipient","1","remote_codec","snapshot","1925","67216","153327"
"sample","4","20260910","34","ADVANCE_ROUND","host_to_recipient","2","remote_codec","snapshot","1776","49222","129893"
"sample","4","20260910","34","ADVANCE_ROUND","host_to_recipient","3","remote_codec","snapshot","1923","48712","144321"
"sample","4","20260910","34","ADVANCE_ROUND","host_to_recipient","4","remote_codec","snapshot","1924","51907","138650"
"sample","4","20260910","34","ADVANCE_ROUND","host_to_recipient","5","remote_codec","snapshot","1776","46678","156052"
"sample","4","20260910","35","PLAY_ONE","client_to_host","0","host_local_object","command",,,
"sample","4","20260910","35","PLAY_ONE","host_to_recipient","0","host_local_object","receipt",,,
"sample","4","20260910","35","PLAY_ONE","host_to_recipient","0","host_local_object","snapshot",,,
"sample","4","20260910","35","PLAY_ONE","host_to_recipient","1","remote_codec","snapshot","1950","65173","152535"
"sample","4","20260910","35","PLAY_ONE","host_to_recipient","2","remote_codec","snapshot","1803","48330","130013"
"sample","4","20260910","35","PLAY_ONE","host_to_recipient","3","remote_codec","snapshot","1950","54232","140523"
"sample","4","20260910","35","PLAY_ONE","host_to_recipient","4","remote_codec","snapshot","1951","53360","170329"
"sample","4","20260910","35","PLAY_ONE","host_to_recipient","5","remote_codec","snapshot","1803","51086","125365"
"sample","4","20260910","36","CHALLENGE","client_to_host","1","remote_codec","command","151","27071","33613"
"sample","4","20260910","36","CHALLENGE","host_to_recipient","1","remote_codec","receipt","155","24717","37089"
"sample","4","20260910","36","CHALLENGE","host_to_recipient","0","host_local_object","snapshot",,,
"sample","4","20260910","36","CHALLENGE","host_to_recipient","1","remote_codec","snapshot","1778","51336","129142"
"sample","4","20260910","36","CHALLENGE","host_to_recipient","2","remote_codec","snapshot","1778","45746","127128"
"sample","4","20260910","36","CHALLENGE","host_to_recipient","3","remote_codec","snapshot","1925","54472","141705"
"sample","4","20260910","36","CHALLENGE","host_to_recipient","4","remote_codec","snapshot","1926","48260","134692"
"sample","4","20260910","36","CHALLENGE","host_to_recipient","5","remote_codec","snapshot","1778","44283","121848"
"sample","4","20260910","37","ADVANCE_ROUND","client_to_host","0","host_local_object","command",,,
"sample","4","20260910","37","ADVANCE_ROUND","host_to_recipient","0","host_local_object","receipt",,,
"sample","4","20260910","37","ADVANCE_ROUND","host_to_recipient","0","host_local_object","snapshot",,,
"sample","4","20260910","37","ADVANCE_ROUND","host_to_recipient","1","remote_codec","snapshot","1774","59411","137858"
"sample","4","20260910","37","ADVANCE_ROUND","host_to_recipient","2","remote_codec","snapshot","1774","76414","134452"
"sample","4","20260910","37","ADVANCE_ROUND","host_to_recipient","3","remote_codec","snapshot","1919","47970","146525"
"sample","4","20260910","37","ADVANCE_ROUND","host_to_recipient","4","remote_codec","snapshot","1921","47600","137718"
"sample","4","20260910","37","ADVANCE_ROUND","host_to_recipient","5","remote_codec","snapshot","1774","59712","124183"
"sample","4","20260910","38","PLAY_ONE","client_to_host","3","remote_codec","command","172","28102","37791"
"sample","4","20260910","38","PLAY_ONE","host_to_recipient","3","remote_codec","receipt","155","36478","41317"
"sample","4","20260910","38","PLAY_ONE","host_to_recipient","0","host_local_object","snapshot",,,
"sample","4","20260910","38","PLAY_ONE","host_to_recipient","1","remote_codec","snapshot","1801","53209","139041"
"sample","4","20260910","38","PLAY_ONE","host_to_recipient","2","remote_codec","snapshot","1801","48781","132689"
"sample","4","20260910","38","PLAY_ONE","host_to_recipient","3","remote_codec","snapshot","1918","49132","132418"
"sample","4","20260910","38","PLAY_ONE","host_to_recipient","4","remote_codec","snapshot","1946","48921","138930"
"sample","4","20260910","38","PLAY_ONE","host_to_recipient","5","remote_codec","snapshot","1801","45535","155612"
"sample","4","20260910","39","CHALLENGE","client_to_host","4","remote_codec","command","151","28333","34394"
"sample","4","20260910","39","CHALLENGE","host_to_recipient","4","remote_codec","receipt","155","28293","35446"
"sample","4","20260910","39","CHALLENGE","host_to_recipient","0","host_local_object","snapshot",,,
"sample","4","20260910","39","CHALLENGE","host_to_recipient","1","remote_codec","snapshot","1779","50214","133260"
"sample","4","20260910","39","CHALLENGE","host_to_recipient","2","remote_codec","snapshot","1779","45215","120235"
"sample","4","20260910","39","CHALLENGE","host_to_recipient","3","remote_codec","snapshot","1896","45245","128390"
"sample","4","20260910","39","CHALLENGE","host_to_recipient","4","remote_codec","snapshot","1926","45295","167444"
"sample","4","20260910","39","CHALLENGE","host_to_recipient","5","remote_codec","snapshot","1779","47649","123932"
"sample","4","20260910","40","ADVANCE_ROUND","client_to_host","0","host_local_object","command",,,
"sample","4","20260910","40","ADVANCE_ROUND","host_to_recipient","0","host_local_object","receipt",,,
"sample","4","20260910","40","ADVANCE_ROUND","host_to_recipient","0","host_local_object","snapshot",,,
"sample","4","20260910","40","ADVANCE_ROUND","host_to_recipient","1","remote_codec","snapshot","1774","56435","134352"
"sample","4","20260910","40","ADVANCE_ROUND","host_to_recipient","2","remote_codec","snapshot","1774","45155","122269"
"sample","4","20260910","40","ADVANCE_ROUND","host_to_recipient","3","remote_codec","snapshot","1922","46317","164257"
"sample","4","20260910","40","ADVANCE_ROUND","host_to_recipient","4","remote_codec","snapshot","1919","50054","139270"
"sample","4","20260910","40","ADVANCE_ROUND","host_to_recipient","5","remote_codec","snapshot","1774","45316","118493"
"sample","4","20260910","41","PLAY_ONE","client_to_host","4","remote_codec","command","172","27051","36158"
"sample","4","20260910","41","PLAY_ONE","host_to_recipient","4","remote_codec","receipt","155","25889","34094"
"sample","4","20260910","41","PLAY_ONE","host_to_recipient","0","host_local_object","snapshot",,,
"sample","4","20260910","41","PLAY_ONE","host_to_recipient","1","remote_codec","snapshot","1801","49953","128982"
"sample","4","20260910","41","PLAY_ONE","host_to_recipient","2","remote_codec","snapshot","1801","45575","151283"
"sample","4","20260910","41","PLAY_ONE","host_to_recipient","3","remote_codec","snapshot","1949","49313","144370"
"sample","4","20260910","41","PLAY_ONE","host_to_recipient","4","remote_codec","snapshot","1918","48821","132337"
"sample","4","20260910","41","PLAY_ONE","host_to_recipient","5","remote_codec","snapshot","1801","44904","117089"
"sample","4","20260910","42","CHALLENGE","client_to_host","0","host_local_object","command",,,
"sample","4","20260910","42","CHALLENGE","host_to_recipient","0","host_local_object","receipt",,,
"sample","4","20260910","42","CHALLENGE","host_to_recipient","0","host_local_object","snapshot",,,
"sample","4","20260910","42","CHALLENGE","host_to_recipient","1","remote_codec","snapshot","1778","55635","162074"
"sample","4","20260910","42","CHALLENGE","host_to_recipient","2","remote_codec","snapshot","1778","49894","131947"
"sample","4","20260910","42","CHALLENGE","host_to_recipient","3","remote_codec","snapshot","1926","48480","137778"
"sample","4","20260910","42","CHALLENGE","host_to_recipient","4","remote_codec","snapshot","1895","51116","141105"
"sample","4","20260910","42","CHALLENGE","host_to_recipient","5","remote_codec","snapshot","1778","64190","137488"
"sample","4","20260910","43","ADVANCE_ROUND","client_to_host","0","host_local_object","command",,,
"sample","4","20260910","43","ADVANCE_ROUND","host_to_recipient","0","host_local_object","receipt",,,
"sample","4","20260910","43","ADVANCE_ROUND","host_to_recipient","0","host_local_object","snapshot",,,
"sample","4","20260910","43","ADVANCE_ROUND","host_to_recipient","1","remote_codec","snapshot","1776","63369","142637"
"sample","4","20260910","43","ADVANCE_ROUND","host_to_recipient","2","remote_codec","snapshot","1776","52799","138359"
"sample","4","20260910","43","ADVANCE_ROUND","host_to_recipient","3","remote_codec","snapshot","1929","52989","146113"
"sample","4","20260910","43","ADVANCE_ROUND","host_to_recipient","4","remote_codec","snapshot","1929","60744","158517"
"sample","4","20260910","43","ADVANCE_ROUND","host_to_recipient","5","remote_codec","snapshot","1776","55765","195206"
"sample","4","20260910","44","PLAY_ONE","client_to_host","0","host_local_object","command",,,
"sample","4","20260910","44","PLAY_ONE","host_to_recipient","0","host_local_object","receipt",,,
"sample","4","20260910","44","PLAY_ONE","host_to_recipient","0","host_local_object","snapshot",,,
"sample","4","20260910","44","PLAY_ONE","host_to_recipient","1","remote_codec","snapshot","1803","78126","162023"
"sample","4","20260910","44","PLAY_ONE","host_to_recipient","2","remote_codec","snapshot","1803","62447","164719"
"sample","4","20260910","44","PLAY_ONE","host_to_recipient","3","remote_codec","snapshot","1954","65653","203180"
"sample","4","20260910","44","PLAY_ONE","host_to_recipient","4","remote_codec","snapshot","1956","66014","182782"
"sample","4","20260910","44","PLAY_ONE","host_to_recipient","5","remote_codec","snapshot","1803","60793","149290"
"sample","4","20260910","45","CHALLENGE","client_to_host","3","remote_codec","command","151","62647","47489"
"sample","4","20260910","45","CHALLENGE","host_to_recipient","3","remote_codec","receipt","155","48952","66976"
"sample","4","20260910","45","CHALLENGE","host_to_recipient","0","host_local_object","snapshot",,,
"sample","4","20260910","45","CHALLENGE","host_to_recipient","1","remote_codec","snapshot","1783","77665","162264"
"sample","4","20260910","45","CHALLENGE","host_to_recipient","2","remote_codec","snapshot","1783","71514","153818"
"sample","4","20260910","45","CHALLENGE","host_to_recipient","3","remote_codec","snapshot","1936","68839","170168"
"sample","4","20260910","45","CHALLENGE","host_to_recipient","4","remote_codec","snapshot","1936","64592","252203"
"sample","4","20260910","45","CHALLENGE","host_to_recipient","5","remote_codec","snapshot","1783","64531","157004"
"sample","4","20260910","46","ADVANCE_ROUND","client_to_host","0","host_local_object","command",,,
"sample","4","20260910","46","ADVANCE_ROUND","host_to_recipient","0","host_local_object","receipt",,,
"sample","4","20260910","46","ADVANCE_ROUND","host_to_recipient","0","host_local_object","snapshot",,,
"sample","4","20260910","46","ADVANCE_ROUND","host_to_recipient","1","remote_codec","snapshot","1778","68328","191048"
"sample","4","20260910","46","ADVANCE_ROUND","host_to_recipient","2","remote_codec","snapshot","1778","63148","156954"
"sample","4","20260910","46","ADVANCE_ROUND","host_to_recipient","3","remote_codec","snapshot","1927","43262","142948"
"sample","4","20260910","46","ADVANCE_ROUND","host_to_recipient","4","remote_codec","snapshot","1929","63740","167684"
"sample","4","20260910","46","ADVANCE_ROUND","host_to_recipient","5","remote_codec","snapshot","1778","61255","180809"
"sample","4","20260910","47","PLAY_ONE","client_to_host","3","remote_codec","command","173","37721","111809"
"sample","4","20260910","47","PLAY_ONE","host_to_recipient","3","remote_codec","receipt","155","34855","54582"
"sample","4","20260910","47","PLAY_ONE","host_to_recipient","0","host_local_object","snapshot",,,
"sample","4","20260910","47","PLAY_ONE","host_to_recipient","1","remote_codec","snapshot","1805","60684","165991"
"sample","4","20260910","47","PLAY_ONE","host_to_recipient","2","remote_codec","snapshot","1805","62106","169738"
"sample","4","20260910","47","PLAY_ONE","host_to_recipient","3","remote_codec","snapshot","1925","82564","173515"
"sample","4","20260910","47","PLAY_ONE","host_to_recipient","4","remote_codec","snapshot","1954","100478","166642"
"sample","4","20260910","47","PLAY_ONE","host_to_recipient","5","remote_codec","snapshot","1805","61315","151524"
"sample","4","20260910","48","CHALLENGE","client_to_host","4","remote_codec","command","151","34825","43151"
"sample","4","20260910","48","CHALLENGE","host_to_recipient","4","remote_codec","receipt","155","34735","43602"
"sample","4","20260910","48","CHALLENGE","host_to_recipient","0","host_local_object","snapshot",,,
"sample","4","20260910","48","CHALLENGE","host_to_recipient","1","remote_codec","snapshot","1778","61195","185818"
"sample","4","20260910","48","CHALLENGE","host_to_recipient","2","remote_codec","snapshot","1778","63729","164798"
"sample","4","20260910","48","CHALLENGE","host_to_recipient","3","remote_codec","snapshot","1898","64831","158527"
"sample","4","20260910","48","CHALLENGE","host_to_recipient","4","remote_codec","snapshot","1778","61084","150302"
"sample","4","20260910","48","CHALLENGE","host_to_recipient","5","remote_codec","snapshot","1778","58460","152806"
"sample","4","20260910","49","ADVANCE_ROUND","client_to_host","0","host_local_object","command",,,
"sample","4","20260910","49","ADVANCE_ROUND","host_to_recipient","0","host_local_object","receipt",,,
"sample","4","20260910","49","ADVANCE_ROUND","host_to_recipient","0","host_local_object","snapshot",,,
"sample","4","20260910","49","ADVANCE_ROUND","host_to_recipient","1","remote_codec","snapshot","1774","70382","153287"
"sample","4","20260910","49","ADVANCE_ROUND","host_to_recipient","2","remote_codec","snapshot","1774","63108","153177"
"sample","4","20260910","49","ADVANCE_ROUND","host_to_recipient","3","remote_codec","snapshot","1925","66275","166792"
"sample","4","20260910","49","ADVANCE_ROUND","host_to_recipient","4","remote_codec","snapshot","1774","53911","172202"
"sample","4","20260910","49","ADVANCE_ROUND","host_to_recipient","5","remote_codec","snapshot","1774","61014","156944"
"sample","4","20260910","50","PLAY_ONE","client_to_host","0","host_local_object","command",,,
"sample","4","20260910","50","PLAY_ONE","host_to_recipient","0","host_local_object","receipt",,,
"sample","4","20260910","50","PLAY_ONE","host_to_recipient","0","host_local_object","snapshot",,,
"sample","4","20260910","50","PLAY_ONE","host_to_recipient","1","remote_codec","snapshot","1801","69871","158668"
"sample","4","20260910","50","PLAY_ONE","host_to_recipient","2","remote_codec","snapshot","1801","61465","177843"
"sample","4","20260910","50","PLAY_ONE","host_to_recipient","3","remote_codec","snapshot","1950","65582","144451"
"sample","4","20260910","50","PLAY_ONE","host_to_recipient","4","remote_codec","snapshot","1801","58770","154430"
"sample","4","20260910","50","PLAY_ONE","host_to_recipient","5","remote_codec","snapshot","1801","63870","159168"
"sample","4","20260910","51","CHALLENGE","client_to_host","3","remote_codec","command","151","43391","46728"
"sample","4","20260910","51","CHALLENGE","host_to_recipient","3","remote_codec","receipt","155","63820","49012"
"sample","4","20260910","51","CHALLENGE","host_to_recipient","0","host_local_object","snapshot",,,
"sample","4","20260910","51","CHALLENGE","host_to_recipient","1","remote_codec","snapshot","1780","62186","154109"
"sample","4","20260910","51","CHALLENGE","host_to_recipient","2","remote_codec","snapshot","1780","60834","153077"
"sample","4","20260910","51","CHALLENGE","host_to_recipient","3","remote_codec","snapshot","1931","62687","168455"
"sample","4","20260910","51","CHALLENGE","host_to_recipient","4","remote_codec","snapshot","1780","69530","147767"
"sample","4","20260910","51","CHALLENGE","host_to_recipient","5","remote_codec","snapshot","1780","82405","154649"
"sample","4","20260910","52","ADVANCE_ROUND","client_to_host","0","host_local_object","command",,,
"sample","4","20260910","52","ADVANCE_ROUND","host_to_recipient","0","host_local_object","receipt",,,
"sample","4","20260910","52","ADVANCE_ROUND","host_to_recipient","0","host_local_object","snapshot",,,
"sample","4","20260910","52","ADVANCE_ROUND","host_to_recipient","1","remote_codec","snapshot","1777","69260","161893"
"sample","4","20260910","52","ADVANCE_ROUND","host_to_recipient","2","remote_codec","snapshot","1777","60774","143249"
"sample","4","20260910","52","ADVANCE_ROUND","host_to_recipient","3","remote_codec","snapshot","1927","60483","184606"
"sample","4","20260910","52","ADVANCE_ROUND","host_to_recipient","4","remote_codec","snapshot","1777","58270","151894"
"sample","4","20260910","52","ADVANCE_ROUND","host_to_recipient","5","remote_codec","snapshot","1777","58639","145483"
"sample","4","20260910","53","PLAY_ONE","client_to_host","3","remote_codec","command","173","37370","45545"
"sample","4","20260910","53","PLAY_ONE","host_to_recipient","3","remote_codec","receipt","155","35497","49061"
"sample","4","20260910","53","PLAY_ONE","host_to_recipient","0","host_local_object","snapshot",,,
"sample","4","20260910","53","PLAY_ONE","host_to_recipient","1","remote_codec","snapshot","1804","63419","186390"
"sample","4","20260910","53","PLAY_ONE","host_to_recipient","2","remote_codec","snapshot","1804","60784","132248"
"sample","4","20260910","53","PLAY_ONE","host_to_recipient","3","remote_codec","snapshot","1924","49633","127509"
"sample","4","20260910","53","PLAY_ONE","host_to_recipient","4","remote_codec","snapshot","1804","42539","131958"
"sample","4","20260910","53","PLAY_ONE","host_to_recipient","5","remote_codec","snapshot","1804","59281","154029"
"sample","4","20260910","54","CHALLENGE","client_to_host","0","host_local_object","command",,,
"sample","4","20260910","54","CHALLENGE","host_to_recipient","0","host_local_object","receipt",,,
"sample","4","20260910","54","CHALLENGE","host_to_recipient","0","host_local_object","snapshot",,,
"sample","4","20260910","54","CHALLENGE","host_to_recipient","1","remote_codec","snapshot","1777","67266","151644"
"sample","4","20260910","54","CHALLENGE","host_to_recipient","2","remote_codec","snapshot","1777","60243","152476"
"sample","4","20260910","54","CHALLENGE","host_to_recipient","3","remote_codec","snapshot","1897","65202","159669"
"sample","4","20260910","54","CHALLENGE","host_to_recipient","4","remote_codec","snapshot","1777","60313","174817"
"sample","4","20260910","54","CHALLENGE","host_to_recipient","5","remote_codec","snapshot","1777","62537","150632"
