--------- beginning of events
09-10 08:49:43.868   165   165 I snet_event_log: [121035042,-1,]
09-10 08:49:43.879   165   165 I auditd  : SELinux: Loaded service context from:
09-10 08:49:43.881   165   165 I auditd  : 		/system/etc/selinux/plat_service_contexts
09-10 08:49:43.883   165   165 I auditd  : 		/system_ext/etc/selinux/system_ext_service_contexts
09-10 08:49:43.884   165   165 I auditd  : 		/vendor/etc/selinux/vendor_service_contexts
09-10 08:49:38.494   163   163 I auditd  : type=2000 audit(0.0:1): state=initialized audit_enabled=0 res=1
09-10 08:49:43.118   163   163 I auditd  : type=1403 audit(0.0:2): auid=4294967295 ses=4294967295 lsm=selinux res=1
09-10 08:49:43.118   163   163 I auditd  : type=1404 audit(0.0:3): enforcing=1 old_enforcing=0 auid=4294967295 ses=4294967295 enabled=1 old-enabled=1 lsm=selinux res=1
09-10 08:49:43.158     1     1 I auditd  : type=1107 audit(0.0:4): uid=0 auid=4294967295 ses=4294967295 subj=u:r:init:s0 msg='avc:  denied  { set } for property=persist.sys.usb.config pid=1 uid=0 gid=0 scontext=u:r:vendor_init:s0 tcontext=u:object_r:system_prop:s0 tclass=property_service permissive=0'
09-10 08:49:44.376   189   189 I auditd  : SELinux: Loaded keystore2 context from:
09-10 08:49:44.376   189   189 I auditd  : 		/system/etc/selinux/plat_keystore2_key_contexts
09-10 08:49:44.376   189   189 I auditd  : 		/system_ext/etc/selinux/system_ext_keystore2_key_contexts
09-10 08:49:44.376   189   189 I auditd  : 		/vendor/etc/selinux/vendor_keystore2_key_contexts
09-10 08:49:45.174   233   233 I auditd  : SELinux: Loaded file context from:
09-10 08:49:45.175   233   233 I auditd  : 		/system/etc/selinux/plat_file_contexts
09-10 08:49:45.177   233   233 I auditd  : 		/system_ext/etc/selinux/system_ext_file_contexts
09-10 08:49:45.178   233   233 I auditd  : 		/vendor/etc/selinux/vendor_file_contexts
09-10 08:49:48.118     1     1 I auditd  : type=1400 audit(0.0:5): avc:  denied  { write } for  comm="init" name="error_report_end" dev="tracefs" ino=8388 scontext=u:r:init:s0 tcontext=u:object_r:debugfs_bootreceiver_tracing:s0 tclass=dir permissive=0
09-10 08:49:48.932   369   369 I boot_progress_start: 10820
09-10 08:49:49.546   369   369 I snet_event_log: [200284993,-1,]
09-10 08:49:49.847   369   369 I boot_progress_preload_start: 11734
09-10 08:49:50.622   369   369 I boot_progress_preload_end: 12510
09-10 08:49:51.270   568   568 I system_server_start: [1,13156,13156]
09-10 08:49:51.270   568   568 I boot_progress_system_run: 13157
09-10 08:49:51.643   568   598 I commit_sys_config_file: [batterystats,4]
09-10 08:49:51.648   568   598 I commit_sys_config_file: [batterystats,3]
09-10 08:49:51.714   568   598 I commit_sys_config_file: [display-state,2]
09-10 08:49:51.720   568   568 I boot_progress_pms_start: 13607
09-10 08:49:51.740   568   568 I pm_critical_info: No package manager settings file
09-10 08:49:51.744   568   568 I boot_progress_pms_system_scan_start: 13631
09-10 08:49:52.095   568   568 I service_manager_stats: [100,24,13982]
09-10 08:49:52.185   568   568 I pm_critical_info: Adding duplicate shared id: 1000 name=android
09-10 08:49:52.273   568   568 I pm_critical_info: Adding duplicate app id: 10065 name=com.android.providers.contacts
09-10 08:49:52.290   568   568 I pm_critical_info: Adding duplicate shared id: 1000 name=com.android.location.fused
09-10 08:49:52.322   568   568 I pm_critical_info: Adding duplicate app id: 10074 name=com.android.providers.downloads.ui
09-10 08:49:52.328   568   568 I pm_critical_info: Adding duplicate shared id: 1001 name=com.android.ons
09-10 08:49:52.335   568   568 I pm_critical_info: Adding duplicate app id: 10065 name=com.android.providers.blockednumber
09-10 08:49:52.338   568   568 I pm_critical_info: Adding duplicate app id: 10065 name=com.android.providers.userdictionary
09-10 08:49:52.377   568   568 I pm_critical_info: Adding duplicate shared id: 1000 name=com.android.DeviceAsWebcam
09-10 08:49:52.380   568   568 I pm_critical_info: Adding duplicate app id: 10065 name=com.android.calllogbackup
09-10 08:49:52.384   568   568 I pm_critical_info: Adding duplicate shared id: 2000 name=com.android.shell
09-10 08:49:52.386   568   568 I pm_critical_info: Adding duplicate app id: 10074 name=com.android.mtp
09-10 08:49:52.389   568   568 I pm_critical_info: Adding duplicate shared id: 1001 name=com.android.phone
09-10 08:49:52.393   568   568 I pm_critical_info: Adding duplicate shared id: 1000 name=com.android.providers.settings
09-10 08:49:52.396   568   568 I pm_critical_info: Adding duplicate app id: 10065 name=com.android.providers.contactkeys
09-10 08:49:52.404   568   568 I pm_critical_info: Adding duplicate shared id: 1000 name=com.android.dynsystem
09-10 08:49:52.422   568   568 I pm_critical_info: Adding duplicate shared id: 1000 name=com.android.inputdevices
09-10 08:49:52.427   568   568 I pm_critical_info: Adding duplicate shared id: 1001 name=com.android.mms.service
09-10 08:49:52.433   568   568 I pm_critical_info: Adding duplicate shared id: 1073 name=com.android.networkstack
09-10 08:49:52.439   568   568 I pm_critical_info: Adding duplicate app id: 10079 name=com.android.providers.calendar
09-10 08:49:52.442   568   568 I pm_critical_info: Adding duplicate app id: 10074 name=com.android.providers.media
09-10 08:49:52.444   568   568 I pm_critical_info: Adding duplicate shared id: 1001 name=com.android.providers.telephony
09-10 08:49:52.458   568   568 I pm_critical_info: Adding duplicate shared id: 1000 name=com.android.server.telecom
09-10 08:49:52.460   568   568 I pm_critical_info: Adding duplicate shared id: 1000 name=com.android.localtransport
09-10 08:49:52.462   568   568 I pm_critical_info: Adding duplicate app id: 10074 name=com.android.soundpicker
09-10 08:49:52.465   568   568 I pm_critical_info: Adding duplicate app id: 10074 name=com.android.providers.downloads
09-10 08:49:52.476   568   568 I pm_critical_info: Adding duplicate shared id: 1068 name=com.android.se
09-10 08:49:52.507   568   568 I pm_critical_info: Adding duplicate shared id: 1000 name=com.android.keychain
09-10 08:49:52.514   568   568 I pm_critical_info: Adding duplicate shared id: 1001 name=com.android.stk
09-10 08:49:52.706   568   568 I pm_critical_info: Adding duplicate app id: 10119 name=com.android.emergency
09-10 08:49:52.711   568   568 I pm_critical_info: Adding duplicate shared id: 1000 name=com.android.emulator.multidisplay
09-10 08:49:52.717   568   568 I pm_critical_info: Adding duplicate app id: 10121 name=com.android.systemui
09-10 08:49:52.760   568   568 I pm_critical_info: Adding duplicate shared id: 1000 name=com.android.settings
09-10 08:49:53.050   568   568 I pm_critical_info: Adding duplicate shared id: 1073 name=com.android.cellbroadcastservice
09-10 08:49:53.204   568   568 I pm_critical_info: Adding duplicate app id: 10140 name=com.android.cts.ctsshim
09-10 08:49:53.225   568   568 I pm_critical_info: Adding duplicate shared id: 1073 name=com.android.networkstack.tethering
09-10 08:49:53.285   568   568 I pm_critical_info: Adding duplicate shared id: 1002 name=com.android.bluetooth
09-10 08:49:53.363   568   568 I pm_critical_info: Adding duplicate shared id: 1027 name=com.android.nfc
09-10 08:49:53.390   568   568 I boot_progress_pms_data_scan_start: 15278
09-10 08:49:53.394   568   568 I boot_progress_pms_scan_end: 15281
09-10 08:49:53.531   568   568 I commit_sys_config_file: [package,39]
09-10 08:49:53.532   568   568 I boot_progress_pms_ready: 15420
09-10 08:49:53.553   568   623 I commit_sys_config_file: [package-user-0,21]
09-10 08:49:53.561   568   568 I am_uid_running: 1000
09-10 08:49:53.564   568   568 I am_uid_active: 1000
09-10 08:49:53.764   568   568 I commit_sys_config_file: [overlays,6]
09-10 08:49:53.778   568   584 I battery_status: [2,2,1,1,Li-ion]
09-10 08:49:53.778   568   584 I battery_level: [100,5000,250]
09-10 08:49:53.882   568   668 I commit_sys_config_file: [settings-1-0,4]
09-10 08:49:53.885   568   668 I commit_sys_config_file: [settings-0-0,3]
09-10 08:49:53.887   568   668 I commit_sys_config_file: [settings-2-0,1]
09-10 08:49:53.888   568   668 I commit_sys_config_file: [settings-1-0,2]
09-10 08:49:53.973   568   568 I wm_task_created: 1
09-10 08:49:53.976   568   591 I sysui_multi_action: [757,1594,758,4,759,1,806,NULL]
09-10 08:49:53.988   568   568 I commit_sys_config_file: [net-watchlist,2]
09-10 08:49:53.997   568   599 I am_wtf  : [0,568,system_server,-1,SystemServiceRegistry,No service published for: jobscheduler]
09-10 08:49:53.997   568   599 I am_wtf  : [0,568,system_server,-1,SystemServiceRegistry,Manager wrapper not available: jobscheduler]
09-10 08:49:54.026   568   568 I configuration_changed: 536894968
09-10 08:49:54.027   568   568 I sysui_multi_action: [757,1659,758,4,759,1,1660,0]
09-10 08:49:54.050   568   590 I am_uid_running: 10144
09-10 08:49:54.195   568   668 I commit_sys_config_file: [settings-0-0,5]
09-10 08:49:56.176   568   568 I sysui_multi_action: [757,804,799,opt_dialog_num_dexopted,801,18,802,1]
09-10 08:49:56.176   568   568 I sysui_multi_action: [757,804,799,opt_dialog_num_skipped,801,95,802,1]
09-10 08:49:56.176   568   568 I sysui_multi_action: [757,804,799,opt_dialog_num_failed,801,0,802,1]
09-10 08:49:56.177   568   568 I sysui_multi_action: [757,804,799,opt_dialog_num_total,801,113,802,1]
09-10 08:49:56.177   568   568 I sysui_multi_action: [757,804,799,opt_dialog_time_s,801,2,802,1]
09-10 08:49:56.197   568   568 I device_idle: [0,boot]
09-10 08:49:56.197   568   568 I device_idle_light: [0,boot]
09-10 08:49:56.319   568   599 I am_wtf  : [0,568,system_server,-1,SystemServiceRegistry,No service published for: jobscheduler]
09-10 08:49:56.319   568   599 I am_wtf  : [0,568,system_server,-1,SystemServiceRegistry,Manager wrapper not available: jobscheduler]
09-10 08:49:56.319   568   599 I am_wtf  : [0,568,system_server,-1,SystemServiceRegistry,No service published for: jobscheduler]
09-10 08:49:56.319   568   599 I am_wtf  : [0,568,system_server,-1,SystemServiceRegistry,Manager wrapper not available: jobscheduler]
09-10 08:49:56.319   568   599 I am_wtf  : [0,568,system_server,-1,SystemServiceRegistry,No service published for: jobscheduler]
09-10 08:49:56.319   568   599 I am_wtf  : [0,568,system_server,-1,SystemServiceRegistry,Manager wrapper not available: jobscheduler]
09-10 08:49:56.324   568   568 I sysui_multi_action: [757,856,758,1,806,android,857,PHYSICAL_KEYBOARD,858,2]
09-10 08:49:56.324   568   568 I sysui_multi_action: [757,856,758,1,806,android,857,SECURITY,858,2]
09-10 08:49:56.324   568   568 I sysui_multi_action: [757,856,758,1,806,android,857,CAR_MODE,858,2]
09-10 08:49:56.324   568   568 I sysui_multi_action: [757,856,758,1,806,android,857,ACCOUNT,858,2]
09-10 08:49:56.325   568   568 I sysui_multi_action: [757,856,758,1,806,android,857,DEVELOPER,858,2]
09-10 08:49:56.325   568   568 I sysui_multi_action: [757,856,758,1,806,android,857,DEVELOPER_IMPORTANT,858,4]
09-10 08:49:56.325   568   568 I sysui_multi_action: [757,856,758,1,806,android,857,UPDATES,858,2]
09-10 08:49:56.325   568   568 I sysui_multi_action: [757,856,758,1,806,android,857,NETWORK_STATUS,858,2]
09-10 08:49:56.325   568   568 I sysui_multi_action: [757,856,758,1,806,android,857,NETWORK_ALERTS,858,4]
09-10 08:49:56.325   568   568 I sysui_multi_action: [757,856,758,1,806,android,857,NETWORK_AVAILABLE,858,2]
09-10 08:49:56.325   568   568 I sysui_multi_action: [757,856,758,1,806,android,857,VPN,858,2]
09-10 08:49:56.325   568   568 I sysui_multi_action: [757,856,758,1,806,android,857,DEVICE_ADMIN_ALERTS,858,4]
09-10 08:49:56.325   568   568 I sysui_multi_action: [757,856,758,1,806,android,857,ALERTS,858,3]
09-10 08:49:56.325   568   568 I sysui_multi_action: [757,856,758,1,806,android,857,RETAIL_MODE,858,2]
09-10 08:49:56.325   568   568 I sysui_multi_action: [757,856,758,1,806,android,857,USB,858,1]
09-10 08:49:56.325   568   568 I sysui_multi_action: [757,856,758,1,806,android,857,FOREGROUND_SERVICE,858,2]
09-10 08:49:56.325   568   568 I sysui_multi_action: [757,856,758,1,806,android,857,HEAVY_WEIGHT_APP,858,3]
09-10 08:49:56.325   568   568 I sysui_multi_action: [757,856,758,1,806,android,857,SYSTEM_CHANGES_ALERTS,858,3]
09-10 08:49:56.325   568   568 I sysui_multi_action: [757,856,758,1,806,android,857,DO_NOT_DISTURB,858,2]
09-10 08:49:56.325   568   568 I sysui_multi_action: [757,856,758,1,806,android,857,ACCESSIBILITY_MAGNIFICATION,858,4]
09-10 08:49:56.325   568   568 I sysui_multi_action: [757,856,758,1,806,android,857,ACCESSIBILITY_SECURITY_POLICY,858,2]
09-10 08:49:56.325   568   568 I sysui_multi_action: [757,856,758,1,806,android,857,ABUSIVE_BACKGROUND_APPS,858,2]
09-10 08:49:56.333   568   865 I storage_state: [41217664-9172-527a-b3d5-edabb50a7d69,0,0,5814636544,6228115456]
09-10 08:49:56.384   568   599 I am_wtf  : [0,568,system_server,-1,SystemServiceRegistry,No service published for: jobscheduler]
09-10 08:49:56.385   568   599 I am_wtf  : [0,568,system_server,-1,SystemServiceRegistry,Manager wrapper not available: jobscheduler]
09-10 08:49:56.419   568   871 I stream_devices_changed: [4,0,2]
09-10 08:49:56.419   568   871 I stream_devices_changed: [6,0,2]
09-10 08:49:56.421   568   871 I stream_devices_changed: [3,0,2]
09-10 08:49:56.422   568   871 I stream_devices_changed: [5,0,2]
09-10 08:49:56.422   568   871 I stream_devices_changed: [2,0,2]
09-10 08:49:56.423   568   871 I stream_devices_changed: [0,0,2]
09-10 08:49:56.528   568   668 I commit_sys_config_file: [settings-2-0,11]
09-10 08:49:56.539   568   668 I commit_sys_config_file: [settings-0-0,11]
09-10 08:49:56.568   568   590 I commit_sys_config_file: [notification-policy,4]
09-10 08:49:56.585   568   668 I commit_sys_config_file: [settings-1-0,2]
09-10 08:49:56.681   568   568 I configuration_changed: 512
09-10 08:49:56.691   568   848 I sysui_multi_action: [757,856,758,1,806,android,857,APM_ALERTS,858,4]
09-10 08:49:56.722   568   568 I commit_sys_config_file: [package-session,2]
09-10 08:49:56.743   568   568 I sysui_multi_action: [757,1243,758,4,806,com.android.dynsystem,1241,android.permission.POST_NOTIFICATIONS]
09-10 08:49:56.744   568   568 I sysui_multi_action: [757,1243,758,4,806,com.android.server.telecom,1241,android.permission.READ_CALL_LOG]
09-10 08:49:56.744   568   568 I sysui_multi_action: [757,1243,758,4,806,com.android.settings,1241,android.permission.ACCESS_FINE_LOCATION]
09-10 08:49:56.744   568   568 I sysui_multi_action: [757,1243,758,4,806,com.android.settings,1241,android.permission.READ_PHONE_NUMBERS]
09-10 08:49:56.744   568   568 I sysui_multi_action: [757,1243,758,4,806,com.android.settings,1241,android.permission.READ_MEDIA_VISUAL_USER_SELECTED]
09-10 08:49:56.745   568   568 I sysui_multi_action: [757,1243,758,4,806,com.android.settings,1241,android.permission.BLUETOOTH_CONNECT]
09-10 08:49:56.745   568   568 I sysui_multi_action: [757,1243,758,4,806,com.android.server.telecom,1241,android.permission.READ_EXTERNAL_STORAGE]
09-10 08:49:56.745   568   568 I sysui_multi_action: [757,1243,758,4,806,com.android.settings,1241,android.permission.ACCESS_COARSE_LOCATION]
09-10 08:49:56.745   568   568 I sysui_multi_action: [757,1243,758,4,806,com.android.settings,1241,android.permission.READ_PHONE_STATE]
09-10 08:49:56.746   568   568 I sysui_multi_action: [757,1243,758,4,806,com.android.server.telecom,1241,android.permission.SEND_SMS]
09-10 08:49:56.746   568   568 I sysui_multi_action: [757,1243,758,4,806,com.android.settings,1241,android.permission.CALL_PHONE]
09-10 08:49:56.746   568   568 I sysui_multi_action: [757,1243,758,4,806,com.android.settings,1241,android.permission.READ_MEDIA_IMAGES]
09-10 08:49:56.747   568   568 I sysui_multi_action: [757,1243,758,4,806,com.android.settings,1241,android.permission.WRITE_CONTACTS]
09-10 08:49:56.747   568   568 I sysui_multi_action: [757,1243,758,4,806,com.android.DeviceAsWebcam,1241,android.permission.CAMERA]
09-10 08:49:56.747   568   568 I sysui_multi_action: [757,1243,758,4,806,com.android.server.telecom,1241,android.permission.WRITE_CALL_LOG]
09-10 08:49:56.747   568   568 I sysui_multi_action: [757,1243,758,4,806,com.android.settings,1241,android.permission.READ_MEDIA_AUDIO]
09-10 08:49:56.747   568   568 I sysui_multi_action: [757,1243,758,4,806,com.android.settings,1241,android.permission.READ_MEDIA_VIDEO]
09-10 08:49:56.748   568   568 I sysui_multi_action: [757,1243,758,4,806,com.android.settings,1241,android.permission.BLUETOOTH_ADVERTISE]
09-10 08:49:56.748   568   568 I sysui_multi_action: [757,1243,758,4,806,android,1241,android.permission.GET_ACCOUNTS]
09-10 08:49:56.748   568   568 I sysui_multi_action: [757,1243,758,4,806,com.android.settings,1241,android.permission.WRITE_EXTERNAL_STORAGE]
09-10 08:49:56.748   568   568 I sysui_multi_action: [757,1243,758,4,806,android,1241,android.permission.READ_CONTACTS]
09-10 08:49:56.749   568   568 I sysui_multi_action: [757,1243,758,4,806,com.android.location.fused,1241,android.permission.ACCESS_BACKGROUND_LOCATION]
09-10 08:49:56.749   568   568 I sysui_multi_action: [757,1243,758,4,806,com.android.settings,1241,android.permission.BLUETOOTH_SCAN]
09-10 08:49:56.749   568   568 I sysui_multi_action: [757,1243,758,4,806,com.android.mms.service,1241,android.permission.READ_SMS]
09-10 08:49:56.749   568   568 I sysui_multi_action: [757,1243,758,4,806,com.android.stk,1241,android.permission.POST_NOTIFICATIONS]
09-10 08:49:56.750   568   568 I sysui_multi_action: [757,1243,758,4,806,com.android.phone,1241,android.permission.READ_CALL_LOG]
09-10 08:49:56.750   568   568 I sysui_multi_action: [757,1243,758,4,806,com.android.phone,1241,android.permission.ACCESS_FINE_LOCATION]
09-10 08:49:56.750   568   568 I sysui_multi_action: [757,1243,758,4,806,com.android.providers.telephony,1241,android.permission.RECEIVE_SMS]
09-10 08:49:56.750   568   568 I sysui_multi_action: [757,1243,758,4,806,com.android.phone,1241,android.permission.BLUETOOTH_CONNECT]
09-10 08:49:56.750   568   568 I sysui_multi_action: [757,1243,758,4,806,com.android.providers.telephony,1241,android.permission.READ_EXTERNAL_STORAGE]
09-10 08:49:56.750   568   568 I sysui_multi_action: [757,1243,758,4,806,com.android.phone,1241,android.permission.ACCESS_COARSE_LOCATION]
09-10 08:49:56.751   568   568 I sysui_multi_action: [757,1243,758,4,806,com.android.mms.service,1241,android.permission.READ_PHONE_STATE]
09-10 08:49:56.751   568   568 I sysui_multi_action: [757,1243,758,4,806,com.android.phone,1241,android.permission.SEND_SMS]
09-10 08:49:56.751   568   568 I sysui_multi_action: [757,1243,758,4,806,com.android.phone,1241,android.permission.CALL_PHONE]
09-10 08:49:56.751   568   568 I sysui_multi_action: [757,1243,758,4,806,com.android.phone,1241,android.permission.WRITE_CONTACTS]
09-10 08:49:56.751   568   568 I sysui_multi_action: [757,1243,758,4,806,com.android.phone,1241,android.permission.WRITE_CALL_LOG]
09-10 08:49:56.751   568   568 I sysui_multi_action: [757,1243,758,4,806,com.android.phone,1241,android.permission.USE_SIP]
09-10 08:49:56.752   568   568 I sysui_multi_action: [757,1243,758,4,806,com.android.phone,1241,android.permission.GET_ACCOUNTS]
09-10 08:49:56.752   568   568 I sysui_multi_action: [757,1243,758,4,806,com.android.providers.telephony,1241,android.permission.WRITE_EXTERNAL_STORAGE]
09-10 08:49:56.752   568   568 I sysui_multi_action: [757,1243,758,4,806,com.android.phone,1241,android.permission.RECORD_AUDIO]
09-10 08:49:56.752   568   568 I sysui_multi_action: [757,1243,758,4,806,com.android.phone,1241,android.permission.READ_CONTACTS]
09-10 08:49:56.753   568   568 I sysui_multi_action: [757,1243,758,4,806,com.android.phone,1241,android.permission.BLUETOOTH_SCAN]
09-10 08:49:56.753   568   568 I sysui_multi_action: [757,1243,758,4,806,com.android.phone,1241,com.android.voicemail.permission.ADD_VOICEMAIL]
09-10 08:49:56.753   568   568 I sysui_multi_action: [757,1243,758,4,806,com.android.bluetooth,1241,android.permission.READ_SMS]
09-10 08:49:56.753   568   568 I sysui_multi_action: [757,1243,758,4,806,com.android.bluetooth,1241,android.permission.POST_NOTIFICATIONS]
09-10 08:49:56.753   568   568 I sysui_multi_action: [757,1243,758,4,806,com.android.bluetooth,1241,android.permission.READ_CALL_LOG]
09-10 08:49:56.753   568   568 I sysui_multi_action: [757,1243,758,4,806,com.android.bluetooth,1241,android.permission.ACCESS_FINE_LOCATION]
09-10 08:49:56.754   568   568 I sysui_multi_action: [757,1243,758,4,806,com.android.bluetooth,1241,android.permission.RECEIVE_SMS]
09-10 08:49:56.754   568   568 I sysui_multi_action: [757,1243,758,4,806,com.android.bluetooth,1241,android.permission.BLUETOOTH_CONNECT]
09-10 08:49:56.754   568   568 I sysui_multi_action: [757,1243,758,4,806,com.android.bluetooth,1241,android.permission.READ_EXTERNAL_STORAGE]
09-10 08:49:56.754   568   568 I sysui_multi_action: [757,1243,758,4,806,com.android.bluetooth,1241,android.permission.ACCESS_COARSE_LOCATION]
09-10 08:49:56.754   568   568 I sysui_multi_action: [757,1243,758,4,806,com.android.bluetooth,1241,android.permission.SEND_SMS]
09-10 08:49:56.754   568   568 I sysui_multi_action: [757,1243,758,4,806,com.android.bluetooth,1241,android.permission.WRITE_CONTACTS]
09-10 08:49:56.754   568   568 I sysui_multi_action: [757,1243,758,4,806,com.android.bluetooth,1241,android.permission.WRITE_CALL_LOG]
09-10 08:49:56.755   568   568 I sysui_multi_action: [757,1243,758,4,806,com.android.bluetooth,1241,android.permission.BLUETOOTH_ADVERTISE]
09-10 08:49:56.755   568   568 I sysui_multi_action: [757,1243,758,4,806,com.android.bluetooth,1241,android.permission.GET_ACCOUNTS]
09-10 08:49:56.755   568   568 I sysui_multi_action: [757,1243,758,4,806,com.android.bluetooth,1241,android.permission.WRITE_EXTERNAL_STORAGE]
09-10 08:49:56.755   568   568 I sysui_multi_action: [757,1243,758,4,806,com.android.bluetooth,1241,android.permission.READ_CONTACTS]
09-10 08:49:56.755   568   568 I sysui_multi_action: [757,1243,758,4,806,com.android.bluetooth,1241,android.permission.BLUETOOTH_SCAN]
09-10 08:49:56.755   568   568 I sysui_multi_action: [757,1243,758,4,806,com.android.nfc,1241,android.permission.POST_NOTIFICATIONS]
09-10 08:49:56.755   568   568 I sysui_multi_action: [757,1243,758,4,806,com.android.nfc,1241,android.permission.BLUETOOTH_CONNECT]
09-10 08:49:56.755   568   568 I sysui_multi_action: [757,1243,758,4,806,com.android.nfc,1241,android.permission.READ_EXTERNAL_STORAGE]
09-10 08:49:56.756   568   568 I sysui_multi_action: [757,1243,758,4,806,com.android.nfc,1241,android.permission.WRITE_EXTERNAL_STORAGE]
09-10 08:49:56.756   568   568 I sysui_multi_action: [757,1243,758,4,806,com.android.nfc,1241,android.permission.READ_CONTACTS]
09-10 08:49:56.756   568   568 I sysui_multi_action: [757,1243,758,4,806,com.android.nfc,1241,android.permission.BLUETOOTH_SCAN]
09-10 08:49:56.756   568   568 I sysui_multi_action: [757,1243,758,4,806,com.android.networkstack.tethering,1241,android.permission.POST_NOTIFICATIONS]
09-10 08:49:56.756   568   568 I sysui_multi_action: [757,1243,758,4,806,com.android.networkstack,1241,android.permission.ACCESS_FINE_LOCATION]
09-10 08:49:56.756   568   568 I sysui_multi_action: [757,1243,758,4,806,com.android.cellbroadcastservice,1241,android.permission.RECEIVE_SMS]
09-10 08:49:56.756   568   568 I sysui_multi_action: [757,1243,758,4,806,com.android.networkstack.tethering,1241,android.permission.BLUETOOTH_CONNECT]
09-10 08:49:56.757   568   568 I sysui_multi_action: [757,1243,758,4,806,com.android.networkstack,1241,android.permission.ACCESS_COARSE_LOCATION]
09-10 08:49:56.757   568   568 I sysui_multi_action: [757,1243,758,4,806,com.android.networkstack.tethering,1241,android.permission.READ_PHONE_STATE]
09-10 08:49:56.757   568   568 I sysui_multi_action: [757,1243,758,4,806,com.android.cellbroadcastservice,1241,android.permission.READ_CELL_BROADCASTS]
09-10 08:49:56.757   568   568 I sysui_multi_action: [757,1243,758,4,806,com.android.shell,1241,android.permission.READ_SMS]
09-10 08:49:56.758   568   568 I sysui_multi_action: [757,1243,758,4,806,com.android.shell,1241,android.permission.READ_CALENDAR]
09-10 08:49:56.758   568   568 I sysui_multi_action: [757,1243,758,4,806,com.android.shell,1241,android.permission.POST_NOTIFICATIONS]
09-10 08:49:56.758   568   568 I sysui_multi_action: [757,1243,758,4,806,com.android.shell,1241,android.permission.READ_CALL_LOG]
09-10 08:49:56.758   568   568 I sysui_multi_action: [757,1243,758,4,806,com.android.shell,1241,android.permission.ACCESS_FINE_LOCATION]
09-10 08:49:56.758   568   568 I sysui_multi_action: [757,1243,758,4,806,com.android.shell,1241,android.permission.ANSWER_PHONE_CALLS]
09-10 08:49:56.759   568   568 I sysui_multi_action: [757,1243,758,4,806,com.android.shell,1241,android.permission.RECEIVE_WAP_PUSH]
09-10 08:49:56.759   568   568 I sysui_multi_action: [757,1243,758,4,806,com.android.shell,1241,android.permission.BODY_SENSORS]
09-10 08:49:56.759   568   568 I sysui_multi_action: [757,1243,758,4,806,com.android.shell,1241,android.permission.READ_PHONE_NUMBERS]
09-10 08:49:56.759   568   568 I sysui_multi_action: [757,1243,758,4,806,com.android.shell,1241,android.permission.READ_MEDIA_VISUAL_USER_SELECTED]
09-10 08:49:56.760   568   568 I sysui_multi_action: [757,1243,758,4,806,com.android.shell,1241,android.permission.NEARBY_WIFI_DEVICES]
09-10 08:49:56.760   568   568 I sysui_multi_action: [757,1243,758,4,806,com.android.shell,1241,android.permission.RECEIVE_MMS]
09-10 08:49:56.760   568   568 I sysui_multi_action: [757,1243,758,4,806,com.android.shell,1241,android.permission.RECEIVE_SMS]
09-10 08:49:56.760   568   568 I sysui_multi_action: [757,1243,758,4,806,com.android.shell,1241,android.permission.BLUETOOTH_CONNECT]
09-10 08:49:56.761   568   568 I sysui_multi_action: [757,1243,758,4,806,com.android.shell,1241,android.permission.READ_EXTERNAL_STORAGE]
09-10 08:49:56.761   568   568 I sysui_multi_action: [757,1243,758,4,806,com.android.shell,1241,android.permission.ACCESS_COARSE_LOCATION]
09-10 08:49:56.762   568   568 I sysui_multi_action: [757,1243,758,4,806,com.android.shell,1241,android.permission.READ_PHONE_STATE]
09-10 08:49:56.762   568   568 I sysui_multi_action: [757,1243,758,4,806,com.android.shell,1241,android.permission.SEND_SMS]
09-10 08:49:56.762   568   568 I sysui_multi_action: [757,1243,758,4,806,com.android.shell,1241,android.permission.CALL_PHONE]
09-10 08:49:56.762   568   568 I sysui_multi_action: [757,1243,758,4,806,com.android.shell,1241,android.permission.WRITE_CONTACTS]
09-10 08:49:56.762   568   568 I sysui_multi_action: [757,1243,758,4,806,com.android.shell,1241,android.permission.ACCEPT_HANDOVER]
09-10 08:49:56.763   568   568 I sysui_multi_action: [757,1243,758,4,806,com.android.shell,1241,android.permission.CAMERA]
09-10 08:49:56.763   568   568 I sysui_multi_action: [757,1243,758,4,806,com.android.shell,1241,android.permission.WRITE_CALENDAR]
09-10 08:49:56.763   568   568 I sysui_multi_action: [757,1243,758,4,806,com.android.shell,1241,android.permission.WRITE_CALL_LOG]
09-10 08:49:56.763   568   568 I sysui_multi_action: [757,1243,758,4,806,com.android.shell,1241,android.permission.USE_SIP]
09-10 08:49:56.764   568   568 I sysui_multi_action: [757,1243,758,4,806,com.android.shell,1241,android.permission.PROCESS_OUTGOING_CALLS]
09-10 08:49:56.764   568   568 I sysui_multi_action: [757,1243,758,4,806,com.android.shell,1241,android.permission.READ_CELL_BROADCASTS]
09-10 08:49:56.764   568   568 I sysui_multi_action: [757,1243,758,4,806,com.android.shell,1241,android.permission.BLUETOOTH_ADVERTISE]
09-10 08:49:56.764   568   568 I sysui_multi_action: [757,1243,758,4,806,com.android.shell,1241,android.permission.GET_ACCOUNTS]
09-10 08:49:56.765   568   568 I sysui_multi_action: [757,1243,758,4,806,com.android.shell,1241,android.permission.WRITE_EXTERNAL_STORAGE]
09-10 08:49:56.765   568   568 I sysui_multi_action: [757,1243,758,4,806,com.android.shell,1241,android.permission.UWB_RANGING]
09-10 08:49:56.765   568   568 I sysui_multi_action: [757,1243,758,4,806,com.android.shell,1241,android.permission.ACTIVITY_RECOGNITION]
09-10 08:49:56.765   568   568 I sysui_multi_action: [757,1243,758,4,806,com.android.shell,1241,android.permission.RECORD_AUDIO]
09-10 08:49:56.765   568   568 I sysui_multi_action: [757,1243,758,4,806,com.android.shell,1241,android.permission.READ_CONTACTS]
09-10 08:49:56.766   568   568 I sysui_multi_action: [757,1243,758,4,806,com.android.shell,1241,android.permission.ACCESS_BACKGROUND_LOCATION]
09-10 08:49:56.766   568   568 I sysui_multi_action: [757,1243,758,4,806,com.android.shell,1241,android.permission.BLUETOOTH_SCAN]
09-10 08:49:56.766   568   568 I sysui_multi_action: [757,1243,758,4,806,com.android.shell,1241,android.permission.ACCESS_MEDIA_LOCATION]
09-10 08:49:56.766   568   568 I sysui_multi_action: [757,1243,758,4,806,com.android.shell,1241,com.android.voicemail.permission.ADD_VOICEMAIL]
09-10 08:49:56.766   568   568 I sysui_multi_action: [757,1243,758,4,806,com.android.documentsui,1241,android.permission.POST_NOTIFICATIONS]
09-10 08:49:56.767   568   568 I sysui_multi_action: [757,1243,758,4,806,com.android.packageinstaller,1241,android.permission.POST_NOTIFICATIONS]
09-10 08:49:56.767   568   568 I sysui_multi_action: [757,1243,758,4,806,com.android.externalstorage,1241,android.permission.READ_EXTERNAL_STORAGE]
09-10 08:49:56.767   568   568 I sysui_multi_action: [757,1243,758,4,806,com.android.externalstorage,1241,android.permission.WRITE_EXTERNAL_STORAGE]
09-10 08:49:56.767   568   568 I sysui_multi_action: [757,1243,758,4,806,com.android.providers.contacts,1241,android.permission.READ_CALL_LOG]
09-10 08:49:56.767   568   568 I sysui_multi_action: [757,1243,758,4,806,com.android.providers.contacts,1241,android.permission.READ_PHONE_STATE]
09-10 08:49:56.767   568   568 I sysui_multi_action: [757,1243,758,4,806,com.android.providers.contacts,1241,android.permission.WRITE_CONTACTS]
09-10 08:49:56.767   568   568 I sysui_multi_action: [757,1243,758,4,806,com.android.providers.contacts,1241,android.permission.WRITE_CALL_LOG]
09-10 08:49:56.768   568   568 I sysui_multi_action: [757,1243,758,4,806,com.android.providers.contacts,1241,android.permission.GET_ACCOUNTS]
09-10 08:49:56.768   568   568 I sysui_multi_action: [757,1243,758,4,806,com.android.providers.contacts,1241,android.permission.READ_CONTACTS]
09-10 08:49:56.768   568   568 I sysui_multi_action: [757,1243,758,4,806,com.android.managedprovisioning,1241,android.permission.POST_NOTIFICATIONS]
09-10 08:49:56.768   568   568 I sysui_multi_action: [757,1243,758,4,806,com.android.sharedstoragebackup,1241,android.permission.READ_EXTERNAL_STORAGE]
09-10 08:49:56.768   568   568 I sysui_multi_action: [757,1243,758,4,806,com.android.sharedstoragebackup,1241,android.permission.WRITE_EXTERNAL_STORAGE]
09-10 08:49:56.768   568   568 I sysui_multi_action: [757,1243,758,4,806,com.android.bips,1241,android.permission.POST_NOTIFICATIONS]
09-10 08:49:56.769   568   568 I sysui_multi_action: [757,1243,758,4,806,com.android.providers.downloads,1241,android.permission.POST_NOTIFICATIONS]
09-10 08:49:56.769   568   568 I sysui_multi_action: [757,1243,758,4,806,com.android.providers.downloads,1241,android.permission.READ_EXTERNAL_STORAGE]
09-10 08:49:56.769   568   568 I sysui_multi_action: [757,1243,758,4,806,com.android.providers.downloads,1241,android.permission.WRITE_EXTERNAL_STORAGE]
09-10 08:49:56.769   568   568 I sysui_multi_action: [757,1243,758,4,806,com.android.apps.tag,1241,android.permission.CALL_PHONE]
09-10 08:49:56.769   568   568 I sysui_multi_action: [757,1243,758,4,806,com.android.apps.tag,1241,android.permission.READ_CONTACTS]
09-10 08:49:56.769   568   568 I sysui_multi_action: [757,1243,758,4,806,com.android.statementservice,1241,android.permission.POST_NOTIFICATIONS]
09-10 08:49:56.769   568   568 I sysui_multi_action: [757,1243,758,4,806,com.android.providers.calendar,1241,android.permission.READ_CALENDAR]
09-10 08:49:56.770   568   568 I sysui_multi_action: [757,1243,758,4,806,com.android.providers.calendar,1241,android.permission.READ_EXTERNAL_STORAGE]
09-10 08:49:56.770   568   568 I sysui_multi_action: [757,1243,758,4,806,com.android.providers.calendar,1241,android.permission.WRITE_CALENDAR]
09-10 08:49:56.770   568   568 I sysui_multi_action: [757,1243,758,4,806,com.android.providers.calendar,1241,android.permission.GET_ACCOUNTS]
09-10 08:49:56.770   568   568 I sysui_multi_action: [757,1243,758,4,806,com.android.providers.calendar,1241,android.permission.WRITE_EXTERNAL_STORAGE]
09-10 08:49:56.770   568   568 I sysui_multi_action: [757,1243,758,4,806,com.android.printspooler,1241,android.permission.POST_NOTIFICATIONS]
09-10 08:49:56.770   568   568 I sysui_multi_action: [757,1243,758,4,806,com.android.printspooler,1241,android.permission.ACCESS_FINE_LOCATION]
09-10 08:49:56.770   568   568 I sysui_multi_action: [757,1243,758,4,806,com.android.printspooler,1241,android.permission.ACCESS_COARSE_LOCATION]
09-10 08:49:56.771   568   568 I sysui_multi_action: [757,1243,758,4,806,com.android.egg,1241,android.permission.POST_NOTIFICATIONS]
09-10 08:49:56.771   568   568 I sysui_multi_action: [757,1243,758,4,806,com.android.carrierdefaultapp,1241,android.permission.POST_NOTIFICATIONS]
09-10 08:49:56.771   568   568 I sysui_multi_action: [757,1243,758,4,806,com.android.bluetoothmidiservice,1241,android.permission.BLUETOOTH_CONNECT]
09-10 08:49:56.771   568   568 I sysui_multi_action: [757,1243,758,4,806,com.android.bluetoothmidiservice,1241,android.permission.BLUETOOTH_ADVERTISE]
09-10 08:49:56.771   568   568 I sysui_multi_action: [757,1243,758,4,806,com.android.bluetoothmidiservice,1241,android.permission.BLUETOOTH_SCAN]
09-10 08:49:56.771   568   568 I sysui_multi_action: [757,1243,758,4,806,com.android.captiveportallogin,1241,android.permission.POST_NOTIFICATIONS]
09-10 08:49:56.771   568   568 I sysui_multi_action: [757,1243,758,4,806,com.android.traceur,1241,android.permission.POST_NOTIFICATIONS]
09-10 08:49:56.772   568   568 I sysui_multi_action: [757,1243,758,4,806,com.android.companiondevicemanager,1241,android.permission.ACCESS_FINE_LOCATION]
09-10 08:49:56.772   568   568 I sysui_multi_action: [757,1243,758,4,806,com.android.companiondevicemanager,1241,android.permission.BLUETOOTH_CONNECT]
09-10 08:49:56.772   568   568 I sysui_multi_action: [757,1243,758,4,806,com.android.companiondevicemanager,1241,android.permission.ACCESS_COARSE_LOCATION]
09-10 08:49:56.772   568   568 I sysui_multi_action: [757,1243,758,4,806,com.android.companiondevicemanager,1241,android.permission.BLUETOOTH_ADVERTISE]
09-10 08:49:56.772   568   568 I sysui_multi_action: [757,1243,758,4,806,com.android.companiondevicemanager,1241,android.permission.ACCESS_BACKGROUND_LOCATION]
09-10 08:49:56.772   568   568 I sysui_multi_action: [757,1243,758,4,806,com.android.companiondevicemanager,1241,android.permission.BLUETOOTH_SCAN]
09-10 08:49:56.772   568   568 I sysui_multi_action: [757,1243,758,4,806,com.android.dialer,1241,android.permission.POST_NOTIFICATIONS]
09-10 08:49:56.773   568   568 I sysui_multi_action: [757,1243,758,4,806,com.android.dialer,1241,android.permission.READ_CALL_LOG]
09-10 08:49:56.773   568   568 I sysui_multi_action: [757,1243,758,4,806,com.android.dialer,1241,android.permission.READ_PHONE_STATE]
09-10 08:49:56.773   568   568 I sysui_multi_action: [757,1243,758,4,806,com.android.dialer,1241,android.permission.SEND_SMS]
09-10 08:49:56.773   568   568 I sysui_multi_action: [757,1243,758,4,806,com.android.dialer,1241,android.permission.CALL_PHONE]
09-10 08:49:56.774   568   568 I sysui_multi_action: [757,1243,758,4,806,com.android.dialer,1241,android.permission.WRITE_CONTACTS]
09-10 08:49:56.774   568   568 I sysui_multi_action: [757,1243,758,4,806,com.android.dialer,1241,android.permission.CAMERA]
09-10 08:49:56.774   568   568 I sysui_multi_action: [757,1243,758,4,806,com.android.dialer,1241,android.permission.WRITE_CALL_LOG]
09-10 08:49:56.774   568   568 I sysui_multi_action: [757,1243,758,4,806,com.android.dialer,1241,android.permission.PROCESS_OUTGOING_CALLS]
09-10 08:49:56.774   568   568 I sysui_multi_action: [757,1243,758,4,806,com.android.dialer,1241,android.permission.GET_ACCOUNTS]
09-10 08:49:56.774   568   568 I sysui_multi_action: [757,1243,758,4,806,com.android.dialer,1241,android.permission.READ_CONTACTS]
09-10 08:49:56.775   568   568 I sysui_multi_action: [757,1243,758,4,806,com.android.dialer,1241,com.android.voicemail.permission.ADD_VOICEMAIL]
09-10 08:49:56.775   568   568 I sysui_multi_action: [757,1243,758,4,806,com.android.contacts,1241,android.permission.READ_CALL_LOG]
09-10 08:49:56.775   568   568 I sysui_multi_action: [757,1243,758,4,806,com.android.contacts,1241,android.permission.READ_PHONE_STATE]
09-10 08:49:56.775   568   568 I sysui_multi_action: [757,1243,758,4,806,com.android.contacts,1241,android.permission.CALL_PHONE]
09-10 08:49:56.775   568   568 I sysui_multi_action: [757,1243,758,4,806,com.android.contacts,1241,android.permission.WRITE_CONTACTS]
09-10 08:49:56.775   568   568 I sysui_multi_action: [757,1243,758,4,806,com.android.contacts,1241,android.permission.GET_ACCOUNTS]
09-10 08:49:56.776   568   568 I sysui_multi_action: [757,1243,758,4,806,com.android.contacts,1241,android.permission.READ_CONTACTS]
09-10 08:49:56.776   568   568 I sysui_multi_action: [757,1243,758,4,806,com.android.music,1241,android.permission.READ_MEDIA_VISUAL_USER_SELECTED]
09-10 08:49:56.776   568   568 I sysui_multi_action: [757,1243,758,4,806,com.android.music,1241,android.permission.READ_EXTERNAL_STORAGE]
09-10 08:49:56.776   568   568 I sysui_multi_action: [757,1243,758,4,806,com.android.music,1241,android.permission.READ_MEDIA_IMAGES]
09-10 08:49:56.776   568   568 I sysui_multi_action: [757,1243,758,4,806,com.android.music,1241,android.permission.READ_MEDIA_AUDIO]
09-10 08:49:56.777   568   568 I sysui_multi_action: [757,1243,758,4,806,com.android.music,1241,android.permission.READ_MEDIA_VIDEO]
09-10 08:49:56.777   568   568 I sysui_multi_action: [757,1243,758,4,806,com.android.camera2,1241,android.permission.CAMERA]
09-10 08:49:56.777   568   568 I sysui_multi_action: [757,1243,758,4,806,com.android.camera2,1241,android.permission.RECORD_AUDIO]
09-10 08:49:56.777   568   568 I sysui_multi_action: [757,1243,758,4,806,com.android.calendar,1241,android.permission.READ_CALENDAR]
09-10 08:49:56.777   568   568 I sysui_multi_action: [757,1243,758,4,806,com.android.calendar,1241,android.permission.POST_NOTIFICATIONS]
09-10 08:49:56.777   568   568 I sysui_multi_action: [757,1243,758,4,806,com.android.calendar,1241,android.permission.WRITE_CALENDAR]
09-10 08:49:56.778   568   568 I sysui_multi_action: [757,1243,758,4,806,com.android.calendar,1241,android.permission.GET_ACCOUNTS]
09-10 08:49:56.778   568   568 I sysui_multi_action: [757,1243,758,4,806,com.android.calendar,1241,android.permission.READ_CONTACTS]
09-10 08:49:56.778   568   568 I sysui_multi_action: [757,1243,758,4,806,com.android.messaging,1241,android.permission.READ_SMS]
09-10 08:49:56.778   568   568 I sysui_multi_action: [757,1243,758,4,806,com.android.messaging,1241,android.permission.POST_NOTIFICATIONS]
09-10 08:49:56.778   568   568 I sysui_multi_action: [757,1243,758,4,806,com.android.messaging,1241,android.permission.READ_MEDIA_VISUAL_USER_SELECTED]
09-10 08:49:56.778   568   568 I sysui_multi_action: [757,1243,758,4,806,com.android.messaging,1241,android.permission.RECEIVE_MMS]
09-10 08:49:56.779   568   568 I sysui_multi_action: [757,1243,758,4,806,com.android.messaging,1241,android.permission.RECEIVE_SMS]
09-10 08:49:56.779   568   568 I sysui_multi_action: [757,1243,758,4,806,com.android.messaging,1241,android.permission.READ_EXTERNAL_STORAGE]
09-10 08:49:56.779   568   568 I sysui_multi_action: [757,1243,758,4,806,com.android.messaging,1241,android.permission.READ_PHONE_STATE]
09-10 08:49:56.779   568   568 I sysui_multi_action: [757,1243,758,4,806,com.android.messaging,1241,android.permission.SEND_SMS]
09-10 08:49:56.779   568   568 I sysui_multi_action: [757,1243,758,4,806,com.android.messaging,1241,android.permission.CALL_PHONE]
09-10 08:49:56.779   568   568 I sysui_multi_action: [757,1243,758,4,806,com.android.messaging,1241,android.permission.READ_MEDIA_IMAGES]
09-10 08:49:56.780   568   568 I sysui_multi_action: [757,1243,758,4,806,com.android.messaging,1241,android.permission.WRITE_CONTACTS]
09-10 08:49:56.780   568   568 I sysui_multi_action: [757,1243,758,4,806,com.android.messaging,1241,android.permission.CAMERA]
09-10 08:49:56.780   568   568 I sysui_multi_action: [757,1243,758,4,806,com.android.messaging,1241,android.permission.READ_MEDIA_AUDIO]
09-10 08:49:56.780   568   568 I sysui_multi_action: [757,1243,758,4,806,com.android.messaging,1241,android.permission.READ_MEDIA_VIDEO]
09-10 08:49:56.780   568   568 I sysui_multi_action: [757,1243,758,4,806,com.android.messaging,1241,android.permission.WRITE_EXTERNAL_STORAGE]
09-10 08:49:56.780   568   568 I sysui_multi_action: [757,1243,758,4,806,com.android.messaging,1241,android.permission.RECORD_AUDIO]
09-10 08:49:56.781   568   568 I sysui_multi_action: [757,1243,758,4,806,com.android.messaging,1241,android.permission.READ_CONTACTS]
09-10 08:49:56.781   568   568 I sysui_multi_action: [757,1243,758,4,806,com.android.messaging,1241,android.permission.ACCESS_MEDIA_LOCATION]
09-10 08:49:56.781   568   568 I sysui_multi_action: [757,1243,758,4,806,com.android.emergency,1241,android.permission.READ_PHONE_STATE]
09-10 08:49:56.781   568   568 I sysui_multi_action: [757,1243,758,4,806,com.android.emergency,1241,android.permission.CALL_PHONE]
09-10 08:49:56.781   568   568 I sysui_multi_action: [757,1243,758,4,806,com.android.emergency,1241,android.permission.READ_CONTACTS]
09-10 08:49:56.781   568   568 I sysui_multi_action: [757,1243,758,4,806,com.android.storagemanager,1241,android.permission.POST_NOTIFICATIONS]
09-10 08:49:56.782   568   568 I sysui_multi_action: [757,1243,758,4,806,com.android.storagemanager,1241,android.permission.READ_EXTERNAL_STORAGE]
09-10 08:49:56.782   568   568 I sysui_multi_action: [757,1243,758,4,806,com.android.storagemanager,1241,android.permission.WRITE_EXTERNAL_STORAGE]
09-10 08:49:56.782   568   568 I sysui_multi_action: [757,1243,758,4,806,com.android.systemui,1241,android.permission.POST_NOTIFICATIONS]
09-10 08:49:56.782   568   568 I sysui_multi_action: [757,1243,758,4,806,com.android.systemui,1241,android.permission.BLUETOOTH_CONNECT]
09-10 08:49:56.782   568   568 I sysui_multi_action: [757,1243,758,4,806,com.android.systemui,1241,android.permission.READ_EXTERNAL_STORAGE]
09-10 08:49:56.782   568   568 I sysui_multi_action: [757,1243,758,4,806,com.android.systemui,1241,android.permission.CAMERA]
09-10 08:49:56.783   568   568 I sysui_multi_action: [757,1243,758,4,806,com.android.systemui,1241,android.permission.BLUETOOTH_ADVERTISE]
09-10 08:49:56.783   568   568 I sysui_multi_action: [757,1243,758,4,806,com.android.systemui,1241,android.permission.GET_ACCOUNTS]
09-10 08:49:56.783   568   568 I sysui_multi_action: [757,1243,758,4,806,com.android.systemui,1241,android.permission.RECORD_AUDIO]
09-10 08:49:56.783   568   568 I sysui_multi_action: [757,1243,758,4,806,com.android.systemui,1241,android.permission.READ_CONTACTS]
09-10 08:49:56.783   568   568 I sysui_multi_action: [757,1243,758,4,806,com.android.systemui,1241,android.permission.BLUETOOTH_SCAN]
09-10 08:49:56.783   568   568 I sysui_multi_action: [757,1243,758,4,806,com.android.launcher3,1241,android.permission.POST_NOTIFICATIONS]
09-10 08:49:56.784   568   568 I sysui_multi_action: [757,1243,758,4,806,com.android.cellbroadcastreceiver.module,1241,android.permission.READ_SMS]
09-10 08:49:56.784   568   568 I sysui_multi_action: [757,1243,758,4,806,com.android.cellbroadcastreceiver.module,1241,android.permission.POST_NOTIFICATIONS]
09-10 08:49:56.784   568   568 I sysui_multi_action: [757,1243,758,4,806,com.android.cellbroadcastreceiver.module,1241,android.permission.RECEIVE_SMS]
09-10 08:49:56.784   568   568 I sysui_multi_action: [757,1243,758,4,806,com.android.cellbroadcastreceiver.module,1241,android.permission.BLUETOOTH_CONNECT]
09-10 08:49:56.784   568   568 I sysui_multi_action: [757,1243,758,4,806,com.android.cellbroadcastreceiver.module,1241,android.permission.READ_CELL_BROADCASTS]
09-10 08:49:56.784   568   568 I sysui_multi_action: [757,1243,758,4,806,com.android.devicelockcontroller,1241,android.permission.POST_NOTIFICATIONS]
09-10 08:49:56.785   568   568 I sysui_multi_action: [757,1243,758,4,806,android.ext.services,1241,android.permission.ACCESS_COARSE_LOCATION]
09-10 08:49:56.785   568   568 I sysui_multi_action: [757,1243,758,4,806,com.android.permissioncontroller,1241,android.permission.POST_NOTIFICATIONS]
09-10 08:49:56.785   568   568 I sysui_multi_action: [757,1243,758,4,806,com.android.providers.media.module,1241,android.permission.POST_NOTIFICATIONS]
09-10 08:49:56.785   568   568 I sysui_multi_action: [757,1243,758,4,806,com.android.providers.media.module,1241,android.permission.READ_EXTERNAL_STORAGE]
09-10 08:49:56.785   568   568 I sysui_multi_action: [757,1243,758,4,806,com.android.providers.media.module,1241,android.permission.WRITE_EXTERNAL_STORAGE]
09-10 08:49:56.795   568   568 I rescue_note: [0,1,18681]
09-10 08:49:56.861   568   568 I boot_progress_ams_ready: 18749
09-10 08:49:56.864   568   568 I configuration_changed: 268468224
09-10 08:49:56.875   568   568 I thermal_changed: [test temperature sensor,3,30.799999,0,0]
09-10 08:49:56.888   568   668 I commit_sys_config_file: [settings-0-0,2]
09-10 08:49:56.909   568   668 I commit_sys_config_file: [settings-2-0,3]
09-10 08:49:56.933   568   568 I am_uid_running: 10121
09-10 08:49:56.948   568   600 I am_proc_start: [0,935,10121,com.android.systemui,service,{com.android.systemui/com.android.systemui.wallpapers.ImageWallpaper}]
09-10 08:49:56.950   568   590 I commit_sys_config_file: [notification-policy,7]
09-10 08:49:56.963   568   921 I am_uid_running: 10146
09-10 08:49:56.967   568   841 I am_proc_bound: [0,935,com.android.systemui]
09-10 08:49:56.972   568   841 I am_uid_active: 10121
09-10 08:49:56.974   568   600 I am_proc_start: [0,948,10146,com.android.permissioncontroller,service,{com.android.permissioncontroller/com.android.permissioncontroller.permission.service.PermissionControllerServiceImpl}]
09-10 08:49:56.984   568   595 I am_uid_running: 1037
09-10 08:49:56.996   568   600 I am_proc_start: [0,964,1037,WebViewLoader-x86_64,,]
09-10 08:49:56.999   568   841 I am_proc_bound: [0,948,com.android.permissioncontroller]
09-10 08:49:57.008   568   846 I commit_sys_config_file: [net-policy,11]
09-10 08:49:57.018   568   585 I am_proc_bound: [0,964,WebViewLoader-x86_64]
09-10 08:49:57.019   568   585 I am_uid_active: 1037
09-10 08:49:57.057   568   844 I netstats_mobile_sample: [0,0,0,0,0,0,0,0,1789030197057]
09-10 08:49:57.057   568   844 I netstats_wifi_sample: [0,0,0,0,0,0,0,0,1789030197057]
09-10 08:49:57.065   568   844 I netstats_mobile_sample: [0,0,0,0,0,0,0,0,1789030197065]
09-10 08:49:57.065   568   844 I netstats_wifi_sample: [0,0,0,0,0,0,0,0,1789030197065]
09-10 08:49:57.074   568   981 I am_proc_died: [0,964,WebViewLoader-x86_64,-700,0]
09-10 08:49:57.075   568   981 I am_uid_stopped: 1037
09-10 08:49:57.080   568   981 I am_mem_factor: [3,0]
09-10 08:49:57.095   568   568 I service_manager_stats: [411,180,5000]
09-10 08:49:57.145   568   668 I commit_sys_config_file: [settings-0-0,3]
09-10 08:49:57.151   568   637 I wm_task_created: 2
09-10 08:49:57.152   568   976 I wm_task_created: 3
09-10 08:49:57.154   568   981 I am_uid_active: 10146
09-10 08:49:57.154   568   976 I wm_task_created: 4
09-10 08:49:57.235   568   637 I wm_task_removed: [3,3,0,reParentTask:sanitizeAndApplyHierarchyOp]
09-10 08:49:57.237   568   637 I wm_task_moved: [3,2,0,1,2147483647]
09-10 08:49:57.238   568   637 I wm_task_removed: [4,4,0,reParentTask:sanitizeAndApplyHierarchyOp]
09-10 08:49:57.238   568   637 I wm_task_moved: [4,2,0,1,2147483647]
09-10 08:49:57.247   935   975 I viewroot_draw_event: [VRI[ShellDropTarget],Not drawing due to not visible. Reason=View.INVISIBLE]
09-10 08:49:57.260   568   568 I am_uid_running: 1073
09-10 08:49:57.271   568   591 I commit_sys_config_file: [input-state,2]
09-10 08:49:57.276   568   568 I service_manager_slow: [10,incident]
09-10 08:49:57.277   568   568 I ssm_user_starting: 0
09-10 08:49:57.277   568   600 I am_proc_start: [0,1056,1073,com.android.networkstack.process,service,{com.android.networkstack/com.android.server.NetworkStackService}]
09-10 08:49:57.293   568   637 I am_proc_bound: [0,1056,com.android.networkstack.process]
09-10 08:49:57.294   568   637 I am_uid_active: 1073
09-10 08:49:57.314   568   598 I service_manager_slow: [53,time_detector]
09-10 08:49:57.315   568   668 I commit_sys_config_file: [settings-2-0,4]
09-10 08:49:57.331   568   598 I netstats_mobile_sample: [0,0,0,0,0,0,0,0,1789030197331]
09-10 08:49:57.331   568   598 I netstats_wifi_sample: [0,0,0,0,0,0,0,0,1789030197331]
09-10 08:49:57.343   568  1076 I sysui_multi_action: [757,1243,758,4,806,com.android.settings.intelligence,1241,android.permission.POST_NOTIFICATIONS]
09-10 08:49:57.353   568  1076 I sysui_multi_action: [757,1243,758,4,806,com.android.gallery3d,1241,android.permission.ACCESS_MEDIA_LOCATION]
09-10 08:49:57.354   568   585 I sysui_multi_action: [757,856,758,1,806,com.android.networkstack,857,connected_note_loud,858,4]
09-10 08:49:57.354   568  1076 I sysui_multi_action: [757,1243,758,4,806,com.android.gallery3d,1241,android.permission.WRITE_EXTERNAL_STORAGE]
09-10 08:49:57.355   568  1076 I sysui_multi_action: [757,1243,758,4,806,com.android.gallery3d,1241,android.permission.READ_MEDIA_VIDEO]
09-10 08:49:57.355   568  1076 I sysui_multi_action: [757,1243,758,4,806,com.android.gallery3d,1241,android.permission.READ_MEDIA_AUDIO]
09-10 08:49:57.355   568  1076 I sysui_multi_action: [757,1243,758,4,806,com.android.gallery3d,1241,android.permission.READ_MEDIA_IMAGES]
09-10 08:49:57.356   568  1076 I sysui_multi_action: [757,1243,758,4,806,com.android.gallery3d,1241,android.permission.READ_EXTERNAL_STORAGE]
09-10 08:49:57.356   568  1076 I sysui_multi_action: [757,1243,758,4,806,com.android.gallery3d,1241,android.permission.READ_MEDIA_VISUAL_USER_SELECTED]
09-10 08:49:57.361   568   590 I commit_sys_config_file: [notification-policy,5]
09-10 08:49:57.362   568   585 I sysui_multi_action: [757,856,758,1,806,com.android.networkstack,857,connected_note,858,3]
09-10 08:49:57.366   568   847 I dvm_lock_sample: [system_server,1,NetworkPolicy.uid,67,NetworkStatsService.java,1981,void android.net.connectivity.com.android.server.net.NetworkStatsService.noteUidForeground(int, boolean),-,2590,void android.net.connectivity.com.android.server.net.NetworkStatsService.performPoll(int, android.net.connectivity.com.android.server.net.NetworkStatsEventLogger$PollEvent),13]
09-10 08:49:57.392   568  1076 I sysui_multi_action: [757,1243,758,4,806,org.chromium.webview_shell,1241,android.permission.ACCESS_FINE_LOCATION]
09-10 08:49:57.402   568   598 I netstats_mobile_sample: [0,0,0,0,0,0,0,0,1789030197402]
09-10 08:49:57.402   568   598 I netstats_wifi_sample: [0,0,0,0,0,0,0,0,1789030197402]
09-10 08:49:57.416   568   584 I sysui_multi_action: [757,856,758,1,806,com.android.networkstack.tethering,857,TETHERING_STATUS,858,2]
09-10 08:49:57.423   568   685 I am_uid_running: 1002
09-10 08:49:57.436   568   600 I am_proc_start: [0,1087,1002,com.android.bluetooth,service,{com.android.bluetooth/com.android.bluetooth.btservice.AdapterService}]
09-10 08:49:57.447   568   568 I um_user_visibility_changed: [0,1]
09-10 08:49:57.447   568   568 I am_uid_running: 1068
09-10 08:49:57.452   568   568 I am_uid_running: 1001
09-10 08:49:57.467   568   585 I am_wtf  : [0,1056,com.android.networkstack.process,680050253,SystemServiceRegistry,No service published for: ethernet]
09-10 08:49:57.469   568   568 I wm_task_created: 5
09-10 08:49:57.470   568   568 I wm_task_moved: [5,1,0,1,2147483647]
09-10 08:49:57.470   568   568 I wm_task_moved: [1,1,0,1,1]
09-10 08:49:57.471   568   568 I wm_create_task: [0,5,1,0]
09-10 08:49:57.471   568   568 I wm_create_activity: [0,48448139,5,com.android.settings/.FallbackHome,android.intent.action.MAIN,NULL,NULL,276824320]
09-10 08:49:57.475   568   568 I wm_task_moved: [1,1,0,1,1]
09-10 08:49:57.475   568   568 I wm_task_moved: [5,1,0,1,2147483647]
09-10 08:49:57.475   568   568 I wm_task_to_front: [0,5,0]
09-10 08:49:57.476   568   568 I uc_send_user_broadcast: [0,android.intent.action.USER_STARTED]
09-10 08:49:57.477   568   568 I uc_send_user_broadcast: [0,android.intent.action.USER_STARTING]
09-10 08:49:57.478   568   568 I uc_send_user_broadcast: [0,android.intent.action.USER_FOREGROUND]
09-10 08:49:57.478   568   568 I uc_send_user_broadcast: [0,android.intent.action.USER_SWITCHED]
09-10 08:49:57.483   568   600 I am_proc_start: [0,1098,1068,com.android.se,added application,com.android.se]
09-10 08:49:57.474  1056  1056 I auditd  : type=1400 audit(0.0:6): avc:  granted  { read } for  comm="rkstack.process" name="psched" dev="proc" ino=4026532021 scontext=u:r:network_stack:s0 tcontext=u:object_r:proc_net:s0 tclass=file
09-10 08:49:57.490   568   638 I am_proc_bound: [0,1098,com.android.se]
09-10 08:49:57.474  1056  1056 I auditd  : type=1400 audit(0.0:7): avc:  granted  { read open } for  comm="rkstack.process" path="/proc/1056/net/psched" dev="proc" ino=4026532021 scontext=u:r:network_stack:s0 tcontext=u:object_r:proc_net:s0 tclass=file
09-10 08:49:57.497   568   598 I netstats_mobile_sample: [0,0,0,0,0,0,0,0,1789030197497]
09-10 08:49:57.497   568   598 I netstats_wifi_sample: [0,0,0,0,0,0,0,0,1789030197497]
09-10 08:49:57.474  1056  1056 I auditd  : type=1400 audit(0.0:8): avc:  granted  { getattr } for  comm="rkstack.process" path="/proc/1056/net/psched" dev="proc" ino=4026532021 scontext=u:r:network_stack:s0 tcontext=u:object_r:proc_net:s0 tclass=file
09-10 08:49:57.501   568   638 I am_uid_active: 1068
09-10 08:49:57.502   568   585 I dvm_lock_sample: [system_server,1,binder:568_2,21,ActivityManagerService.java,14895,android.content.Intent com.android.server.am.ActivityManagerService.registerReceiverWithFeatureTraced(android.app.IApplicationThread, java.lang.String, java.lang.String, java.lang.String, android.content.IIntentReceiver, android.content.IntentFilter, java.lang.String, int, int),,0,null,4]
09-10 08:49:57.502   568  1033 I am_proc_bound: [0,1087,com.android.bluetooth]
09-10 08:49:57.512   568   600 I am_proc_start: [0,1109,1001,com.android.phone,added application,com.android.phone]
09-10 08:49:57.516   568   841 I am_proc_bound: [0,1109,com.android.phone]
09-10 08:49:57.517   568   841 I am_uid_active: 1001
09-10 08:49:57.522   568   600 I am_proc_start: [0,1122,1000,com.android.settings,top-activity,{com.android.settings/com.android.settings.FallbackHome}]
09-10 08:49:57.533   568   638 I am_proc_bound: [0,1122,com.android.settings]
09-10 08:49:57.555   568   598 I netstats_mobile_sample: [0,0,0,0,0,0,0,0,1789030197555]
09-10 08:49:57.555   568   598 I netstats_wifi_sample: [0,0,0,0,0,0,0,0,1789030197555]
09-10 08:49:57.589   568   668 I commit_sys_config_file: [settings-0-0,3]
09-10 08:49:57.599   568   568 I notification_cancel_all: [1000,568,android,0,0,0,20,NULL]
09-10 08:49:57.599   568   568 I notification_cancel_all: [1000,568,android,0,0,0,20,NULL]
09-10 08:49:57.599   568   568 I notification_cancel_all: [1000,568,android,0,0,0,20,NULL]
09-10 08:49:57.622   568   976 I wm_restart_activity: [0,48448139,5,com.android.settings/.FallbackHome]
09-10 08:49:57.624   568   976 I wm_set_resumed_activity: [0,com.android.settings/.FallbackHome,realStartActivityLocked - onActivityStateChanged]
09-10 08:49:57.633   568   976 I am_uid_active: 1002
09-10 08:49:57.634   568   590 I commit_sys_config_file: [notification-policy,22]
09-10 08:49:57.637   568   598 I netstats_mobile_sample: [0,0,0,0,0,0,0,0,1789030197637]
09-10 08:49:57.644  1122  1122 I wm_on_create_called: [48448139,com.android.settings.FallbackHome,performCreate,8]
09-10 08:49:57.645  1122  1122 I wm_on_start_called: [48448139,com.android.settings.FallbackHome,handleStartActivity,0]
09-10 08:49:57.648   568   598 I netstats_wifi_sample: [0,0,0,0,0,0,0,0,1789030197637]
09-10 08:49:57.648  1122  1122 I wm_on_resume_called: [48448139,com.android.settings.FallbackHome,RESUME_ACTIVITY,0]
09-10 08:49:57.654  1122  1122 I wm_on_top_resumed_gained_called: [48448139,com.android.settings.FallbackHome,topStateChangedWhenResumed]
09-10 08:49:57.667   568   592 I input_focus: [Focus request 5b3f1ec com.android.settings/com.android.settings.FallbackHome,reason=UpdateInputWindows]
09-10 08:49:57.697   568   668 I commit_sys_config_file: [settings-2-0,8]
09-10 08:49:57.723   568   598 I netstats_mobile_sample: [0,0,0,0,0,0,0,0,1789030197723]
09-10 08:49:57.727   568   598 I netstats_wifi_sample: [0,0,0,0,0,0,0,0,1789030197723]
09-10 08:49:57.777  1122  1122 I viewroot_draw_event: [VRI[FallbackHome],reportDrawFinished seqId=0]
09-10 08:49:57.782   568   588 I sysui_multi_action: [319,326,322,324,325,19,757,761,758,7,759,2,806,com.android.settings,871,com.android.settings.FallbackHome,905,0,945,79,1320,4,1321,23]
09-10 08:49:57.783   568   588 I wm_activity_launch_time: [0,48448139,com.android.settings/.FallbackHome,324]
09-10 08:49:57.791   568   591 I boot_progress_enable_screen: 19679
09-10 08:49:57.792   568   591 I screen_toggled: 1
09-10 08:49:57.801   568   568 I notification_enqueue: [1000,568,android,19,NULL,-1,Notification(channel=PHYSICAL_KEYBOARD shortcut=null contentView=null vibrate=null sound=null defaults=0 flags=AUTO_CANCEL|CAN_COLORIZE color=0x00000000 vis=PRIVATE),0]
09-10 08:49:57.899   568   568 I sysui_multi_action: [757,856,758,1,806,com.android.server.telecom,857,TelecomMissedCalls,858,3]
09-10 08:49:57.900   568   568 I sysui_multi_action: [757,856,758,1,806,com.android.server.telecom,857,TelecomIncomingCalls,858,5]
09-10 08:49:57.900   568   568 I sysui_multi_action: [757,856,758,1,806,com.android.server.telecom,857,TelecomCallBlocking,858,2]
09-10 08:49:57.900   568   568 I sysui_multi_action: [757,856,758,1,806,com.android.server.telecom,857,TelecomBackgroundAudioProcessing,858,2]
09-10 08:49:57.900   568   568 I sysui_multi_action: [757,856,758,1,806,com.android.server.telecom,857,TelecomDisconnectedCalls,858,3]
09-10 08:49:57.900   568   568 I sysui_multi_action: [757,856,758,1,806,com.android.server.telecom,857,TelecomInCallServiceCrash,858,3]
09-10 08:49:57.900   568   568 I sysui_multi_action: [757,856,758,1,806,com.android.server.telecom,857,TelecomCallStreaming,858,3]
09-10 08:49:57.976   568   844 I netstats_mobile_sample: [0,0,0,0,0,0,0,0,1789030197976]
09-10 08:49:57.976   568   844 I netstats_wifi_sample: [0,0,0,0,0,0,0,0,1789030197976]
09-10 08:49:57.999   568   568 I sysui_multi_action: [757,1501,758,1,793,726,794,0,795,726,796,19,806,android,857,PHYSICAL_KEYBOARD,858,2,947,0,1500,0]
09-10 08:49:57.999   568   568 I sysui_multi_action: [757,804,799,note_interruptive,801,0,802,1]
09-10 08:49:58.022   568   568 I sysui_multi_action: [757,859,758,6,806,android,860,safety_center_channels]
09-10 08:49:58.022   568   568 I sysui_multi_action: [757,856,758,1,806,android,857,safety_center_information,858,2]
09-10 08:49:58.022   568   568 I sysui_multi_action: [757,856,758,1,806,android,857,safety_center_recommendation,858,3]
09-10 08:49:58.022   568   568 I sysui_multi_action: [757,856,758,1,806,android,857,safety_center_critical_warning,858,4]
09-10 08:49:58.091   935  1189 I viewroot_draw_event: [VRI[ScreenDecorOverlay],Not drawing due to not visible. Reason=View.INVISIBLE]
09-10 08:49:58.123   935  1189 I viewroot_draw_event: [VRI[ScreenDecorOverlayBottom],Not drawing due to not visible. Reason=View.INVISIBLE]
09-10 08:49:58.126   568   981 I am_uid_running: 10123
09-10 08:49:58.149   568   600 I am_proc_start: [0,1206,10123,com.android.launcher3,service,{com.android.launcher3/com.android.quickstep.TouchInteractionService}]
09-10 08:49:58.181   568   590 I commit_sys_config_file: [notification-policy,28]
09-10 08:49:58.193   568   638 I am_proc_bound: [0,1206,com.android.launcher3]
09-10 08:49:58.225   568   668 I commit_sys_config_file: [settings-2-0,25]
09-10 08:49:58.233   568  1196 I am_uid_active: 10123
09-10 08:49:58.241  1206  1219 I jank_cuj_events_cancel_request: [-1,1789030198229001000,20116591850,20116591921]
09-10 08:49:58.403   568   599 I am_wtf  : [0,568,system_server,-1,Binder,Outgoing transactions from this process must be FLAG_ONEWAY]
09-10 08:49:58.541   568   668 I commit_sys_config_file: [settings-2-0,8]
09-10 08:49:58.547   568   623 I commit_sys_config_file: [package-user-0,35]
09-10 08:49:58.554   568   623 I commit_sys_config_file: [package-user-0,25]
09-10 08:49:58.557   568   638 I sysui_multi_action: [757,856,758,1,806,com.android.bluetooth,857,opp_notification_channel,858,4]
09-10 08:49:58.606   568   623 I commit_sys_config_file: [package-user-0,75]
09-10 08:49:58.623   568   623 I commit_sys_config_file: [package-user-0,75]
09-10 08:49:58.630   568   668 I commit_sys_config_file: [settings-0-0,7]
09-10 08:49:58.644   568   623 I commit_sys_config_file: [package-user-0,95]
09-10 08:49:58.674   568   623 I commit_sys_config_file: [package-user-0,124]
09-10 08:49:58.676   935  1274 I sysui_multi_action: [757,213,758,4,759,-1]
09-10 08:49:58.687   568   623 I commit_sys_config_file: [package-user-0,136]
09-10 08:49:58.696   568   590 I commit_sys_config_file: [jobs,3]
09-10 08:49:58.697   568   623 I commit_sys_config_file: [package-user-0,146]
09-10 08:49:58.702   568   623 I commit_sys_config_file: [package-user-0,150]
09-10 08:49:58.706   568   623 I commit_sys_config_file: [package-user-0,141]
09-10 08:49:58.713   568   599 I am_uid_running: 10130
09-10 08:49:58.725   568   600 I am_proc_start: [0,1278,10130,com.android.cellbroadcastreceiver.module,broadcast,{com.android.cellbroadcastreceiver.module/com.android.cellbroadcastreceiver.CellBroadcastReceiver}]
09-10 08:49:58.735   568  1031 I am_proc_bound: [0,1278,com.android.cellbroadcastreceiver.module]
09-10 08:49:58.803   568  1196 I am_uid_running: 10070
09-10 08:49:58.814   568   590 I commit_sys_config_file: [notification-policy,6]
09-10 08:49:58.819   568   600 I am_proc_start: [0,1307,10070,com.android.cellbroadcastreceiver,content provider,{com.android.cellbroadcastreceiver/com.android.cellbroadcastreceiver.LegacyCellBroadcastContentProvider}]
09-10 08:49:58.830   568  1215 I am_proc_bound: [0,1307,com.android.cellbroadcastreceiver]
09-10 08:49:58.835   568   668 I commit_sys_config_file: [settings-2-0,12]
09-10 08:49:58.868   568  1031 I sysui_multi_action: [757,127,758,2]
09-10 08:49:58.869   568  1031 I notification_panel_hidden: 
09-10 08:49:58.968   568  1215 I sysui_multi_action: [757,856,758,1,806,com.android.phone,857,sms,858,4]
09-10 08:49:58.968   568  1215 I sysui_multi_action: [757,856,758,1,806,com.android.phone,857,wfc,858,2]
09-10 08:49:58.968   568  1215 I sysui_multi_action: [757,856,758,1,806,com.android.phone,857,simHighPriority,858,4]
09-10 08:49:58.968   568  1215 I sysui_multi_action: [757,856,758,1,806,com.android.phone,857,alert,858,3]
09-10 08:49:58.968   568  1215 I sysui_multi_action: [757,856,758,1,806,com.android.phone,857,mobileDataAlertNew,858,2]
09-10 08:49:58.969   568  1215 I sysui_multi_action: [757,856,758,1,806,com.android.phone,857,sim,858,2]
09-10 08:49:58.969   568  1215 I sysui_multi_action: [757,856,758,1,806,com.android.phone,857,callForwardNew,858,3]
09-10 08:49:58.972  1109  1249 I dvm_lock_sample: [com.android.phone,0,DeviceStateHelperThread,430,PhoneFactory.java,382,com.android.internal.telephony.Phone[] com.android.internal.telephony.PhoneFactory.getPhones(),-,486,com.android.internal.telephony.CommandsInterface[] com.android.internal.telephony.PhoneFactory.getCommandsInterfaces(),86]
09-10 08:49:59.016   568  1031 I sysui_multi_action: [757,856,758,1,806,com.android.systemui,857,ALR,858,4]
09-10 08:49:59.016   568  1031 I sysui_multi_action: [757,856,758,1,806,com.android.systemui,857,INS,858,1]
09-10 08:49:59.016   568  1031 I sysui_multi_action: [757,856,758,1,806,com.android.systemui,857,STP,858,3]
09-10 08:49:59.016   568  1031 I sysui_multi_action: [757,856,758,1,806,com.android.systemui,857,DSK,858,2]
09-10 08:49:59.016   568  1031 I sysui_multi_action: [757,856,758,1,806,com.android.systemui,857,SCN_HEADSUP,858,4]
09-10 08:49:59.016   568  1031 I sysui_multi_action: [757,856,758,1,806,com.android.systemui,857,BAT,858,5]
09-10 08:49:59.016   568  1031 I sysui_multi_action: [757,856,758,1,806,com.android.systemui,857,HNT,858,3]
09-10 08:49:59.017   568   568 I notification_cancel_all: [1000,568,com.android.systemui,0,0,0,20,NULL]
09-10 08:49:59.032   568  1252 I commit_sys_config_file: [overlays,2]
09-10 08:49:59.036   440   622 I sf_stop_bootanim: 20924
09-10 08:49:59.036   568   591 I wm_boot_animation_done: 20924
09-10 08:49:59.044   568   588 I configuration_changed: -2147483648
09-10 08:49:59.049   568   681 I input_focus: [Focus entering 5b3f1ec com.android.settings/com.android.settings.FallbackHome (server),reason=setFocusedWindow]
09-10 08:49:59.069   568   668 I commit_sys_config_file: [settings-2-0,4]
09-10 08:49:59.083   568   588 I wm_relaunch_resume_activity: [0,48448139,5,com.android.settings/.FallbackHome,80000000]
09-10 08:49:59.086  1122  1122 I wm_on_top_resumed_lost_called: [48448139,com.android.settings.FallbackHome,pausing]
09-10 08:49:59.086  1122  1122 I wm_on_paused_called: [48448139,com.android.settings.FallbackHome,performPause,0]
09-10 08:49:59.119   568   689 I am_uid_running: 10113
09-10 08:49:59.127  1122  1122 I wm_on_stop_called: [48448139,com.android.settings.FallbackHome,handleRelaunchActivity,0]
09-10 08:49:59.129  1122  1122 I wm_on_destroy_called: [48448139,com.android.settings.FallbackHome,performDestroy,3]
09-10 08:49:59.154   568   600 I am_proc_start: [0,1356,10113,com.android.inputmethod.latin,service,{com.android.inputmethod.latin/com.android.inputmethod.latin.LatinIME}]
09-10 08:49:59.187   568   638 I am_proc_bound: [0,1356,com.android.inputmethod.latin]
09-10 08:49:59.192   568   592 I input_focus: [Requesting to set focus to null window,reason=UpdateInputWindows]
09-10 08:49:59.196  1122  1366 I jank_cuj_events_cancel_request: [81,1789030199186779000,21074370133,21074370203]
09-10 08:49:59.196  1122  1366 I jank_cuj_events_end_request: [81,1789030199186801000,21074391323,21074391373]
09-10 08:49:59.196  1122  1122 I wm_on_create_called: [48448139,com.android.settings.FallbackHome,performCreate,4]
09-10 08:49:59.197  1122  1122 I wm_on_start_called: [48448139,com.android.settings.FallbackHome,handleStartActivity,0]
09-10 08:49:59.199  1122  1122 I wm_on_resume_called: [48448139,com.android.settings.FallbackHome,RESUME_ACTIVITY,0]
09-10 08:49:59.199  1122  1122 I wm_on_top_resumed_gained_called: [48448139,com.android.settings.FallbackHome,topWhenResuming]
09-10 08:49:59.209   568   592 I input_focus: [Focus request 7fdad1f com.android.settings/com.android.settings.FallbackHome,reason=UpdateInputWindows]
09-10 08:49:59.216  1122  1122 I viewroot_draw_event: [VRI[FallbackHome],reportDrawFinished seqId=0]
09-10 08:49:59.275   568  1252 I am_uid_active: 10113
09-10 08:49:59.281   568   668 I dvm_lock_sample: [system_server,0,SettingsProvider,68,JobSchedulerService.java,2145,android.app.job.JobInfo com.android.server.job.JobSchedulerService.getPendingJob(int, java.lang.String, int),-,2479,int com.android.server.job.JobSchedulerService.getUidProcState(int),13]
09-10 08:49:59.298   568   590 I commit_sys_config_file: [notification-policy,12]
09-10 08:49:59.320   568  1196 I am_proc_died: [0,1356,com.android.inputmethod.latin,0,7]
09-10 08:49:59.324   568  1196 I am_schedule_service_restart: [0,com.android.inputmethod.latin/.LatinIME,30000]
09-10 08:49:59.324   568  1196 I am_uid_stopped: 10113
09-10 08:49:59.365   568   591 I uc_finish_user_boot: 0
09-10 08:49:59.365   568   591 I am_user_state_changed: [0,1]
09-10 08:49:59.377   568   591 I uc_send_user_broadcast: [0,android.intent.action.LOCKED_BOOT_COMPLETED]
09-10 08:49:59.377   568   591 I uc_finish_user_unlocking: 0
09-10 08:49:59.379   568   600 I am_proc_start: [0,1382,10144,android.ext.services,on-hold,]
09-10 08:49:59.385   568   568 I notification_enqueue: [1000,568,android,55,NULL,-1,Notification(channel=DEVELOPER shortcut=null contentView=null vibrate=null sound=null tick defaults=0 flags=ONGOING_EVENT|CAN_COLORIZE color=0x00000000 vis=PUBLIC),0]
09-10 08:49:59.385   568   568 I sysui_multi_action: [757,1501,758,1,793,2,794,0,795,2,796,55,806,android,857,DEVELOPER,858,2,947,0,1500,0]
09-10 08:49:59.385   568   568 I sysui_multi_action: [757,804,799,note_interruptive,801,0,802,1]
09-10 08:49:59.386   568   637 I am_proc_bound: [0,1382,android.ext.services]
09-10 08:49:59.394   568   568 I notification_autogrouped: -1|android|55|null|1000
09-10 08:49:59.394   568   568 I notification_autogrouped: -1|android|19|null|1000
09-10 08:49:59.394   568   568 I notification_enqueue: [1000,568,android,2147483647,ranker_group,-1,Notification(channel=DEVELOPER shortcut=null contentView=null vibrate=null sound=null defaults=0 flags=ONGOING_EVENT|LOCAL_ONLY|GROUP_SUMMARY|AUTOGROUP_SUMMARY color=0x00000000 groupKey=ranker_group vis=PUBLIC),0]
09-10 08:49:59.395   568   863 I notification_adjusted: [-1|android|55|null|1000,key_group_key,ranker_group]
09-10 08:49:59.395   568   863 I notification_adjusted: [-1|android|19|null|1000,key_group_key,ranker_group]
09-10 08:49:59.420   568   668 I commit_sys_config_file: [settings-0-0,50]
09-10 08:49:59.457   568   976 I am_wtf  : [0,1056,com.android.networkstack.process,680050253,SystemServiceRegistry,No service published for: ethernet]
09-10 08:49:59.467   568   681 I input_focus: [Focus entering 7fdad1f com.android.settings/com.android.settings.FallbackHome (server),reason=Window became focusable. Previous reason: NOT_VISIBLE]
09-10 08:49:59.481   568  1252 I am_uid_active: 10144
09-10 08:49:59.555   568   668 I commit_sys_config_file: [settings-2-0,5]
09-10 08:49:59.550     1     1 I auditd  : type=1400 audit(0.0:9): avc:  denied  { write } for  comm="init" name="cfg80211_gtk_rekey_notify" dev="tracefs" ino=10111 scontext=u:r:init:s0 tcontext=u:object_r:debugfs_wifi_tracing:s0 tclass=dir permissive=0
09-10 08:49:59.558     1     1 I auditd  : type=1400 audit(0.0:10): avc:  denied  { write } for  comm="init" name="rdev_add_key" dev="tracefs" ino=10114 scontext=u:r:init:s0 tcontext=u:object_r:debugfs_wifi_tracing:s0 tclass=dir permissive=0
09-10 08:49:59.562     1     1 I auditd  : type=1400 audit(0.0:11): avc:  denied  { write } for  comm="init" name="rdev_assoc" dev="tracefs" ino=10117 scontext=u:r:init:s0 tcontext=u:object_r:debugfs_wifi_tracing:s0 tclass=dir permissive=0
09-10 08:49:59.562     1     1 I auditd  : type=1400 audit(0.0:12): avc:  denied  { write } for  comm="init" name="rdev_auth" dev="tracefs" ino=10120 scontext=u:r:init:s0 tcontext=u:object_r:debugfs_wifi_tracing:s0 tclass=dir permissive=0
09-10 08:49:59.562     1     1 I auditd  : type=1400 audit(0.0:13): avc:  denied  { write } for  comm="init" name="rdev_connect" dev="tracefs" ino=10123 scontext=u:r:init:s0 tcontext=u:object_r:debugfs_wifi_tracing:s0 tclass=dir permissive=0
09-10 08:49:59.615   568   590 I commit_sys_config_file: [notification-policy,12]
09-10 08:49:59.566     1     1 I auditd  : type=1400 audit(0.0:14): avc:  denied  { write } for  comm="init" name="rdev_set_default_key" dev="tracefs" ino=10126 scontext=u:r:init:s0 tcontext=u:object_r:debugfs_wifi_tracing:s0 tclass=dir permissive=0
09-10 08:49:59.566     1     1 I auditd  : type=1400 audit(0.0:15): avc:  denied  { write } for  comm="init" name="rdev_set_default_mgmt_key" dev="tracefs" ino=10129 scontext=u:r:init:s0 tcontext=u:object_r:debugfs_wifi_tracing:s0 tclass=dir permissive=0
09-10 08:49:59.566     1     1 I auditd  : type=1400 audit(0.0:16): avc:  denied  { write } for  comm="init" name="rdev_set_rekey_data" dev="tracefs" ino=10132 scontext=u:r:init:s0 tcontext=u:object_r:debugfs_wifi_tracing:s0 tclass=dir permissive=0
09-10 08:49:59.566     1     1 I auditd  : type=1400 audit(0.0:17): avc:  denied  { write } for  comm="init" name="net" dev="tracefs" ino=10135 scontext=u:r:init:s0 tcontext=u:object_r:debugfs_wifi_tracing:s0 tclass=dir permissive=0
09-10 08:49:59.700   935   935 I viewroot_draw_event: [VRI[NotificationShade],Not drawing due to not visible. Reason=View.INVISIBLE]
09-10 08:49:59.725   568   588 I am_user_state_changed: [0,2]
09-10 08:49:59.726   568   599 I ssm_user_unlocking: 0
09-10 08:49:59.826   568   693 I am_uid_running: 10147
09-10 08:49:59.828   568   882 I dvm_lock_sample: [system_server,0,backup,34,ActivityManagerService.java,14895,android.content.Intent com.android.server.am.ActivityManagerService.registerReceiverWithFeatureTraced(android.app.IApplicationThread, java.lang.String, java.lang.String, java.lang.String, android.content.IIntentReceiver, android.content.IntentFilter, java.lang.String, int, int),-,14231,int com.android.server.am.ActivityManagerService.bindServiceInstance(android.app.IApplicationThread, android.os.IBinder, android.content.Intent, java.lang.String, android.app.IServiceConnection, long, java.lang.String, boolean, int, java.lang.String, android.app.IApplicationThread, java.lang.String, int),6]
09-10 08:49:59.840   568   600 I am_proc_start: [0,1430,10147,com.android.providers.media.module,service,{com.android.providers.media.module/com.android.providers.media.fuse.ExternalStorageServiceImpl}]
09-10 08:49:59.842  1109  1109 I gsm_service_state_change: [1,1,3,1]
09-10 08:49:59.844   568   598 I am_uid_running: 10083
09-10 08:49:59.862   568   600 I am_proc_start: [0,1438,10083,com.android.printspooler,service,{com.android.printspooler/com.android.printspooler.model.PrintSpoolerService}]
09-10 08:49:59.865   568   599 I uc_finish_user_unlocked: 0
09-10 08:49:59.866   568   599 I am_user_state_changed: [0,3]
09-10 08:49:59.872   568   599 I uc_send_user_broadcast: [0,android.intent.action.USER_UNLOCKED]
09-10 08:49:59.872   568   599 I uc_send_user_broadcast: [0,android.intent.action.PRE_BOOT_COMPLETED]
09-10 08:49:59.876   568   599 I am_pre_boot: [0,com.android.documentsui]
09-10 08:49:59.883   568   599 I am_uid_running: 10062
09-10 08:49:59.899   568  1215 I wm_finish_activity: [0,48448139,5,com.android.settings/.FallbackHome,app-request]
09-10 08:49:59.900   568   600 I am_proc_start: [0,1454,1000,com.android.emulator.multidisplay,added application,com.android.emulator.multidisplay]
09-10 08:49:59.906   568  1215 I wm_pause_activity: [0,48448139,com.android.settings/.FallbackHome,userLeaving=false,finish]
09-10 08:49:59.929  1122  1122 I wm_on_top_resumed_lost_called: [48448139,com.android.settings.FallbackHome,topStateChangedWhenResumed]
09-10 08:49:59.930  1122  1122 I wm_on_paused_called: [48448139,com.android.settings.FallbackHome,performPause,0]
09-10 08:49:59.954   568  1252 I am_proc_bound: [0,1430,com.android.providers.media.module]
09-10 08:49:59.959   568   668 I commit_sys_config_file: [settings-2-0,18]
09-10 08:49:59.968   568   980 I wm_task_created: 6
09-10 08:49:59.970   568   980 I wm_task_moved: [6,1,0,1,2147483647]
09-10 08:49:59.972   568   980 I wm_task_moved: [1,1,0,1,1]
09-10 08:49:59.972   568   980 I wm_create_task: [0,6,1,0]
09-10 08:49:59.972   568   980 I wm_create_activity: [0,210610088,6,com.android.sdksetup/.DefaultActivity,android.intent.action.MAIN,NULL,NULL,276824320]
09-10 08:49:59.972   568   980 I wm_task_moved: [1,1,0,1,1]
09-10 08:49:59.973   568   980 I wm_task_moved: [6,1,0,1,2147483647]
09-10 08:49:59.973   568   980 I wm_task_to_front: [0,6,0]
09-10 08:49:59.977   568   588 I sysui_multi_action: [757,803,799,window_time_0,802,8]
09-10 08:49:59.983   568   976 I am_proc_bound: [0,1438,com.android.printspooler]
09-10 08:49:59.999   568   600 I am_proc_start: [0,1468,10062,com.android.documentsui,broadcast,{com.android.documentsui/com.android.documentsui.PreBootReceiver}]
09-10 08:50:00.002   568  1215 I dvm_lock_sample: [system_server,1,binder:568_C,38,ActivityManagerService.java,14230,int com.android.server.am.ActivityManagerService.bindServiceInstance(android.app.IApplicationThread, android.os.IBinder, android.content.Intent, java.lang.String, android.app.IServiceConnection, long, java.lang.String, boolean, int, java.lang.String, android.app.IApplicationThread, java.lang.String, int),,0,null,7]
09-10 08:50:00.004   568   584 I am_proc_bound: [0,1454,com.android.emulator.multidisplay]
09-10 08:50:00.004   568   668 I commit_sys_config_file: [settings-1-0,22]
09-10 08:50:00.053   568   591 I am_uid_running: 10116
09-10 08:50:00.064   568  1215 I am_uid_running: 10105
09-10 08:50:00.070   568   568 I dvm_lock_sample: [system_server,0,main,23,ActivityManagerService.java,14252,boolean com.android.server.am.ActivityManagerService.unbindService(android.app.IServiceConnection),,0,null,4]
09-10 08:50:00.076   568   584 I am_proc_bound: [0,1468,com.android.documentsui]
09-10 08:50:00.091   568   681 I input_focus: [Focus leaving 7fdad1f com.android.settings/com.android.settings.FallbackHome (server),reason=NO_WINDOW]
09-10 08:50:00.148   935   935 I viewroot_draw_event: [VRI[StatusBar],reportDrawFinished seqId=0]
09-10 08:50:00.174   568   600 I am_proc_start: [0,1487,10116,com.android.sdksetup,top-activity,{com.android.sdksetup/com.android.sdksetup.DefaultActivity}]
09-10 08:50:00.195   568   591 I dvm_lock_sample: [system_server,1,android.display,114,ActivityManagerService.java,19449,void com.android.server.am.ActivityManagerService$LocalService.startProcess(java.lang.String, android.content.pm.ApplicationInfo, boolean, boolean, java.lang.String, android.content.ComponentName),,0,null,22]
09-10 08:50:00.210   568   600 I am_proc_start: [0,1508,10105,com.android.music,service,{com.android.music/com.android.music.MediaPlaybackService}]
09-10 08:50:00.215   568  1196 I am_proc_bound: [0,1487,com.android.sdksetup]
09-10 08:50:00.224   568  1196 I am_uid_active: 10116
09-10 08:50:00.226   568  1252 I dvm_lock_sample: [system_server,1,binder:568_D,53,ActivityManagerService.java,4959,void com.android.server.am.ActivityManagerService.finishAttachApplicationInner(long, int, int),,0,null,10]
09-10 08:50:00.226   568  1252 I am_uid_active: 10083
09-10 08:50:00.230   568   568 I notification_enqueue: [1000,568,android,13,PreBootBroadcaster,0,Notification(channel=UPDATES shortcut=null contentView=null vibrate=null sound=null tick defaults=0 flags=ONGOING_EVENT|CAN_COLORIZE color=0x00000000 vis=PUBLIC),0]
09-10 08:50:00.237   568   637 I am_proc_bound: [0,1508,com.android.music]
09-10 08:50:00.239   568  1033 I sysui_multi_action: [757,856,758,1,806,com.android.printspooler,857,PRINT_PROGRESS,858,2]
09-10 08:50:00.249   568   976 I wm_restart_activity: [0,210610088,6,com.android.sdksetup/.DefaultActivity]
09-10 08:50:00.251   568   976 I wm_set_resumed_activity: [0,com.android.sdksetup/.DefaultActivity,realStartActivityLocked - onActivityStateChanged]
09-10 08:50:00.253   568   980 I am_uid_active: 10105
09-10 08:50:00.254   568   668 I commit_sys_config_file: [settings-0-0,6]
09-10 08:50:00.259   568   568 I sysui_multi_action: [757,1501,758,1,793,367,794,0,795,367,796,13,797,PreBootBroadcaster,806,android,857,UPDATES,858,2,947,0,1500,0]
09-10 08:50:00.259   568   568 I sysui_multi_action: [757,804,799,note_interruptive,801,0,802,1]
09-10 08:50:00.268   568   584 I sysui_multi_action: [757,856,758,1,806,com.android.printspooler,857,PRINT_FAILURES,858,3]
09-10 08:50:00.300   568   637 I am_uid_running: 10074
09-10 08:50:00.314   568   600 I am_proc_start: [0,1548,10074,android.process.media,content provider,{com.android.mtp/com.android.mtp.MtpDocumentsProvider}]
09-10 08:50:00.375   568   600 I am_proc_start: [0,1559,1000,com.android.keychain,service,{com.android.keychain/com.android.keychain.KeyChainService}]
09-10 08:50:00.388   568  1196 I am_proc_bound: [0,1548,android.process.media]
09-10 08:50:00.407   568   637 I am_uid_active: 10062
09-10 08:50:00.411   568   588 I am_pre_boot: [0,com.android.managedprovisioning]
09-10 08:50:00.412   568  1033 I am_mem_factor: [2,3]
09-10 08:50:00.418   568   568 I notification_enqueue: [1000,568,android,13,PreBootBroadcaster,0,Notification(channel=UPDATES shortcut=null contentView=null vibrate=null sound=null tick defaults=0 flags=ONGOING_EVENT|CAN_COLORIZE color=0x00000000 vis=PUBLIC),1]
09-10 08:50:00.422   568   637 I am_proc_bound: [0,1559,com.android.keychain]
09-10 08:50:00.426   568   599 I am_uid_running: 10067
09-10 08:50:00.435   568   600 I am_proc_start: [0,1583,10067,com.android.managedprovisioning,broadcast,{com.android.managedprovisioning/com.android.managedprovisioning.ota.PreBootListener}]
09-10 08:50:00.471   568   668 I commit_sys_config_file: [settings-0-0,2]
09-10 08:50:00.476   568  1252 I am_proc_bound: [0,1583,com.android.managedprovisioning]
09-10 08:50:00.490   568  1252 I sysui_multi_action: [757,856,758,1,806,com.android.providers.media.module,857,native_transcode_alert_channel,858,4]
09-10 08:50:00.494   568  1252 I sysui_multi_action: [757,856,758,1,806,com.android.providers.media.module,857,native_transcode_progress_channel,858,2]
09-10 08:50:00.497   568   980 I sysui_multi_action: [757,856,758,1,806,com.android.mtp,857,device_notification_channel,858,2]
09-10 08:50:00.513   568   590 I commit_sys_config_file: [notification-policy,13]
09-10 08:50:00.565   568   668 I commit_sys_config_file: [settings-2-0,9]
09-10 08:50:00.575   568  1441 I am_uid_running: 10065
09-10 08:50:00.580   568   584 I am_uid_active: 10067
09-10 08:50:00.584   568   599 I am_uid_running: 10138
09-10 08:50:00.624   568   600 I am_proc_start: [0,1618,10065,android.process.acore,content provider,{com.android.providers.contacts/com.android.providers.contacts.ContactsProvider2}]
09-10 08:50:00.643   568   600 I am_proc_start: [0,1620,10138,com.android.devicelockcontroller,broadcast,{com.android.devicelockcontroller/com.android.devicelockcontroller.receivers.RecordBootTimestampReceiver}]
09-10 08:50:00.657   568   598 I am_schedule_service_restart: [0,com.android.inputmethod.latin/.LatinIME,18667]
09-10 08:50:00.672   568  1252 I am_proc_bound: [0,1620,com.android.devicelockcontroller]
09-10 08:50:00.699   568   588 I am_pre_boot: [0,com.android.providers.calendar]
09-10 08:50:00.701   568   568 I notification_enqueue: [1000,568,android,13,PreBootBroadcaster,0,Notification(channel=UPDATES shortcut=null contentView=null vibrate=null sound=null tick defaults=0 flags=ONGOING_EVENT|CAN_COLORIZE color=0x00000000 vis=PUBLIC),1]
09-10 08:50:00.704   568  1033 I am_proc_bound: [0,1618,android.process.acore]
09-10 08:50:00.750   568  1619 I am_mem_factor: [1,2]
09-10 08:50:00.751  1468  1542 I dvm_lock_sample: [com.android.documentsui,0,pool-3-thread-1,453,ProvidersCache.java,645,void com.android.documentsui.roots.ProvidersCache$MultiProviderUpdateTask.handleDocumentsProvider(android.content.pm.ProviderInfo, com.android.documentsui.base.UserId),-,648,void com.android.documentsui.roots.ProvidersCache$MultiProviderUpdateTask.handleDocumentsProvider(android.content.pm.ProviderInfo, com.android.documentsui.base.UserId),90]
09-10 08:50:00.753  1468  1543 I dvm_lock_sample: [com.android.documentsui,0,pool-3-thread-2,454,ProvidersCache.java,645,void com.android.documentsui.roots.ProvidersCache$MultiProviderUpdateTask.handleDocumentsProvider(android.content.pm.ProviderInfo, com.android.documentsui.base.UserId),-,648,void com.android.documentsui.roots.ProvidersCache$MultiProviderUpdateTask.handleDocumentsProvider(android.content.pm.ProviderInfo, com.android.documentsui.base.UserId),90]
09-10 08:50:00.754   568   976 I am_uid_running: 10064
09-10 08:50:00.759   568   598 I am_schedule_service_restart: [0,com.android.inputmethod.latin/.LatinIME,8564]
09-10 08:50:00.759   568   590 I commit_sys_config_file: [notification-policy,5]
09-10 08:50:00.769   568   600 I am_proc_start: [0,1648,10064,com.android.externalstorage,content provider,{com.android.externalstorage/com.android.externalstorage.ExternalStorageProvider}]
09-10 08:50:00.786   568   976 I am_uid_active: 10147
09-10 08:50:00.787   568   976 I am_uid_active: 10074
09-10 08:50:00.797  1056  1066 I service_manager_slow: [13,device_policy]
09-10 08:50:00.829   568  1643 I am_uid_active: 10138
09-10 08:50:00.830   568   599 I am_uid_running: 10079
09-10 08:50:00.841   568   976 I am_proc_bound: [0,1648,com.android.externalstorage]
09-10 08:50:00.867   568   600 I am_proc_start: [0,1670,10079,com.android.providers.calendar,broadcast,{com.android.providers.calendar/com.android.providers.calendar.CalendarUpgradeReceiver}]
09-10 08:50:00.928   568  1619 I am_proc_bound: [0,1670,com.android.providers.calendar]
09-10 08:50:00.942  1468  1545 I dvm_lock_sample: [com.android.documentsui,0,pool-3-thread-4,642,ProvidersCache.java,645,void com.android.documentsui.roots.ProvidersCache$MultiProviderUpdateTask.handleDocumentsProvider(android.content.pm.ProviderInfo, com.android.documentsui.base.UserId),-,648,void com.android.documentsui.roots.ProvidersCache$MultiProviderUpdateTask.handleDocumentsProvider(android.content.pm.ProviderInfo, com.android.documentsui.base.UserId),100]
09-10 08:50:00.953   568  1639 I wm_finish_activity: [0,210610088,6,com.android.sdksetup/.DefaultActivity,app-request]
09-10 08:50:00.955   568  1639 I wm_pause_activity: [0,210610088,com.android.sdksetup/.DefaultActivity,userLeaving=false,finish]
09-10 08:50:00.956  1487  1487 I wm_on_create_called: [210610088,com.android.sdksetup.DefaultActivity,performCreate,693]
09-10 08:50:00.956   568   591 I sysui_multi_action: [757,1144,758,7,806,com.android.sdksetup,871,com.android.sdksetup.DefaultActivity]
09-10 08:50:00.968  1468  1546 I dvm_lock_sample: [com.android.documentsui,0,pool-3-thread-5,669,ProvidersCache.java,645,void com.android.documentsui.roots.ProvidersCache$MultiProviderUpdateTask.handleDocumentsProvider(android.content.pm.ProviderInfo, com.android.documentsui.base.UserId),-,648,void com.android.documentsui.roots.ProvidersCache$MultiProviderUpdateTask.handleDocumentsProvider(android.content.pm.ProviderInfo, com.android.documentsui.base.UserId),100]
09-10 08:50:00.975   568   668 I commit_sys_config_file: [settings-2-0,16]
09-10 08:50:00.982   568   668 I commit_sys_config_file: [settings-0-0,7]
09-10 08:50:00.997   568  1643 I wm_task_created: 7
09-10 08:50:00.998   568  1643 I wm_task_moved: [7,1,0,1,2147483647]
09-10 08:50:00.999   568  1643 I wm_task_moved: [1,1,0,1,1]
09-10 08:50:00.999   568  1643 I wm_create_task: [0,7,1,0]
09-10 08:50:00.999   568  1643 I wm_create_activity: [0,189259255,7,com.android.launcher3/.uioverrides.QuickstepLauncher,android.intent.action.MAIN,NULL,NULL,268435712]
09-10 08:50:00.999   568  1643 I wm_task_moved: [1,1,0,1,1]
09-10 08:50:00.999   568  1643 I wm_task_moved: [7,1,0,1,2147483647]
09-10 08:50:00.999   568  1643 I wm_task_to_front: [0,7,0]
09-10 08:50:01.000   568  1643 I wm_restart_activity: [0,189259255,7,com.android.launcher3/.uioverrides.QuickstepLauncher]
09-10 08:50:01.001   568  1643 I wm_set_resumed_activity: [0,com.android.launcher3/.uioverrides.QuickstepLauncher,realStartActivityLocked - onActivityStateChanged]
09-10 08:50:01.003   568   588 I sysui_multi_action: [757,803,799,window_time_0,802,1]
09-10 08:50:01.062   568   585 I am_uid_active: 10065
09-10 08:50:01.090  1109  1109 I gsm_service_state_change: [3,1,0,0]
09-10 08:50:01.090  1109  1109 I gsm_rat_switched_new: [47108,0,14]
09-10 08:50:01.163   568   668 I commit_sys_config_file: [settings-1-0,32]
09-10 08:50:01.200   568   668 I commit_sys_config_file: [settings-2-0,15]
09-10 08:50:01.226   568   590 I commit_sys_config_file: [jobs,19]
09-10 08:50:01.312   568   584 I am_uid_active: 10079
09-10 08:50:01.320  1670  1670 I calendar_upgrade_receiver: 3
09-10 08:50:01.327   568   588 I am_pre_boot: [0,com.android.providers.contacts]
09-10 08:50:01.341   568   976 I am_mem_factor: [0,1]
09-10 08:50:01.345   568   568 I notification_enqueue: [1000,568,android,13,PreBootBroadcaster,0,Notification(channel=UPDATES shortcut=null contentView=null vibrate=null sound=null tick defaults=0 flags=ONGOING_EVENT|CAN_COLORIZE color=0x00000000 vis=PUBLIC),1]
09-10 08:50:01.366   568   976 I sysui_multi_action: [757,856,758,1,806,com.android.providers.downloads,857,active,858,1]
09-10 08:50:01.369   568   598 I am_schedule_service_restart: [0,com.android.inputmethod.latin/.LatinIME,0]
09-10 08:50:01.379   568  1639 I sysui_multi_action: [757,856,758,1,806,com.android.providers.downloads,857,waiting,858,3]
09-10 08:50:01.387   568   599 I am_uid_running: 10113
09-10 08:50:01.416   568   568 I dvm_lock_sample: [system_server,0,main,40,TelephonyRegistry.java,1147,void com.android.server.TelephonyRegistry.listen(boolean, boolean, java.lang.String, java.lang.String, com.android.internal.telephony.IPhoneStateListener, java.util.Set, boolean, int),-,1060,void com.android.server.TelephonyRegistry.notifySubscriptionInfoChanged(),8]
09-10 08:50:01.423   568   600 I am_proc_start: [0,1725,10113,com.android.inputmethod.latin,service,{com.android.inputmethod.latin/com.android.inputmethod.latin.LatinIME}]
09-10 08:50:01.426   568  1033 I sysui_multi_action: [757,856,758,1,806,com.android.providers.downloads,857,complete,858,3]
09-10 08:50:01.428   568   584 I sysui_multi_action: [757,856,758,1,806,com.android.phone,857,voiceMail,858,3]
09-10 08:50:01.446   568   846 I commit_sys_config_file: [net-policy,19]
09-10 08:50:01.452   568   668 I commit_sys_config_file: [settings-1-0,27]
09-10 08:50:01.465   568   637 I am_proc_bound: [0,1725,com.android.inputmethod.latin]
09-10 08:50:01.475   568   856 I netstats_mobile_sample: [0,0,0,0,0,0,0,0,1789030201475]
09-10 08:50:01.475   568   856 I netstats_wifi_sample: [0,0,0,0,0,0,0,0,1789030201475]
09-10 08:50:01.558   568  1033 I am_uid_active: 10113
09-10 08:50:01.559   568   668 I commit_sys_config_file: [settings-2-0,29]
09-10 08:50:01.599   568   584 I am_uid_running: 10118
09-10 08:50:01.607   568   584 I configuration_changed: 3
09-10 08:50:01.626   568   590 I commit_sys_config_file: [notification-policy,3]
09-10 08:50:01.635   568   929 I commit_sys_config_file: [input-subtypes,15]
09-10 08:50:01.642   568   600 I am_proc_start: [0,1743,10118,com.android.carrierconfig,service,{com.android.carrierconfig/com.android.carrierconfig.DefaultCarrierConfigService}]
09-10 08:50:01.677   568   856 I netstats_mobile_sample: [0,0,0,0,0,0,0,0,1789030201677]
09-10 08:50:01.678   568   856 I netstats_wifi_sample: [0,0,0,0,0,0,0,0,1789030201677]
09-10 08:50:01.722   568  1639 I am_proc_bound: [0,1743,com.android.carrierconfig]
09-10 08:50:01.729   568  1215 I am_uid_running: 10102
09-10 08:50:01.753   568   600 I am_proc_start: [0,1762,10102,com.android.contacts,content provider,{com.android.contacts/com.android.contacts.sdn.SdnProvider}]
09-10 08:50:01.754   568  1639 I dvm_lock_sample: [system_server,1,binder:568_10,11,ActivityManagerService.java,-1,void com.android.server.am.ActivityManagerService.registerStrictModeCallback(android.os.IBinder),,0,null,2]
09-10 08:50:01.757  1618  1618 I contacts_upgrade_receiver: 398
09-10 08:50:01.760   568   568 I notification_enqueue: [1000,568,android,13,PreBootBroadcaster,0,Notification(channel=UPDATES shortcut=null contentView=null vibrate=null sound=null tick defaults=0 flags=ONGOING_EVENT|CAN_COLORIZE color=0x00000000 vis=PUBLIC),1]
09-10 08:50:01.761   568   588 I am_pre_boot: [0,com.android.providers.media.module]
09-10 08:50:01.763   568   585 I am_wtf  : [0,1056,com.android.networkstack.process,680050253,SystemServiceRegistry,No service published for: ethernet]
09-10 08:50:01.765   568   588 I am_pre_boot: [0,com.android.settings]
09-10 08:50:01.768   568   568 I notification_enqueue: [1000,568,android,13,PreBootBroadcaster,0,Notification(channel=UPDATES shortcut=null contentView=null vibrate=null sound=null tick defaults=0 flags=ONGOING_EVENT|CAN_COLORIZE color=0x00000000 vis=PUBLIC),1]
09-10 08:50:01.798   568   585 I am_uid_active: 10118
09-10 08:50:01.830   568   856 I netstats_mobile_sample: [0,0,0,0,0,0,0,0,1789030201830]
09-10 08:50:01.831   568   856 I netstats_wifi_sample: [279,295,2,5,279,135,2,2,1789030201830]
09-10 08:50:01.833  1725  1725 I viewroot_draw_event: [VRI[InputMethod],Not drawing due to not visible. Reason=View.INVISIBLE]
09-10 08:50:01.869   568  1643 I am_proc_bound: [0,1762,com.android.contacts]
09-10 08:50:01.880   568   588 I am_pre_boot: [0,com.android.settings]
09-10 08:50:01.896   568   568 I notification_enqueue: [1000,568,android,13,PreBootBroadcaster,0,Notification(channel=UPDATES shortcut=null contentView=null vibrate=null sound=null tick defaults=0 flags=ONGOING_EVENT|CAN_COLORIZE color=0x00000000 vis=PUBLIC),1]
09-10 08:50:01.911   568   588 I uc_finish_user_unlocked_completed: 0
09-10 08:50:01.911   568   599 I ssm_user_unlocked: 0
09-10 08:50:01.920   568   588 I uc_send_user_broadcast: [0,android.intent.action.BOOT_COMPLETED]
09-10 08:50:01.922   568   568 I sysui_multi_action: [757,128,758,5,759,8,793,2031,794,0,795,583,796,13,797,PreBootBroadcaster,806,android,857,UPDATES,858,2,947,0,1500,583,1688,1]
09-10 08:50:01.923   568   568 I notification_canceled: [0|android|13|PreBootBroadcaster|1000,8,2031,583,0,-1,-1,NULL]
09-10 08:50:01.929   568   668 I commit_sys_config_file: [settings-0-0,5]
09-10 08:50:01.940   568   599 I am_uid_running: 10076
09-10 08:50:01.967   568   600 I am_proc_start: [0,1796,10076,com.android.statementservice,broadcast,{com.android.statementservice/com.android.statementservice.domain.DomainVerificationReceiverV1}]
09-10 08:50:01.969   568  1639 I am_uid_active: 10102
09-10 08:50:02.089  1206  1206 I wm_on_create_called: [189259255,com.android.launcher3.uioverrides.QuickstepLauncher,performCreate,120]
09-10 08:50:02.090  1206  1206 I wm_on_start_called: [189259255,com.android.launcher3.uioverrides.QuickstepLauncher,handleStartActivity,0]
09-10 08:50:02.091  1206  1206 I wm_on_resume_called: [189259255,com.android.launcher3.uioverrides.QuickstepLauncher,RESUME_ACTIVITY,1]
09-10 08:50:02.095  1206  1206 I wm_on_top_resumed_gained_called: [189259255,com.android.launcher3.uioverrides.QuickstepLauncher,topStateChangedWhenResumed]
09-10 08:50:02.096   568   585 I am_proc_bound: [0,1796,com.android.statementservice]
09-10 08:50:02.098   568   585 I am_uid_active: 10076
09-10 08:50:02.213   568   584 I service_manager_stats: [312,564,5118]
09-10 08:50:02.240  1122  1366 I jank_cuj_events_begin_request: [81,1789030202238504000,24126095557,24126095717,1@0@com.android.settings]
09-10 08:50:02.401   568   599 I am_uid_running: 10104
09-10 08:50:02.421   568   600 I am_proc_start: [0,1835,10104,com.android.quicksearchbox,broadcast,{com.android.quicksearchbox/com.android.quicksearchbox.SearchWidgetProvider}]
09-10 08:50:02.473  1206  1206 I viewroot_draw_event: [VRI[Taskbar],reportDrawFinished seqId=0]
09-10 08:50:02.494   568   592 I input_focus: [Focus request 934d013 com.android.launcher3/com.android.launcher3.uioverrides.QuickstepLauncher,reason=UpdateInputWindows]
09-10 08:50:02.500   568   976 I am_proc_bound: [0,1835,com.android.quicksearchbox]
09-10 08:50:02.513   568   844 I service_manager_slow: [13,time_detector]
09-10 08:50:02.513   568   844 I netstats_mobile_sample: [0,0,0,0,0,0,0,0,1789030202513]
09-10 08:50:02.514   568   844 I netstats_wifi_sample: [1705,3609,15,28,2079,2533,17,20,1789030202513]
09-10 08:50:02.524  1206  1206 I viewroot_draw_event: [VRI[QuickstepLauncher],Canceling draw. cancelDueToPreDrawListener=true cancelDueToSync=false]
09-10 08:50:02.549   568  1196 I wm_set_requested_orientation: [5,com.android.launcher3/.uioverrides.QuickstepLauncher]
09-10 08:50:02.560   568   599 I am_uid_running: 10097
09-10 08:50:02.598   568   600 I am_proc_start: [0,1852,10097,com.android.traceur,broadcast,{com.android.traceur/com.android.traceur.Receiver}]
09-10 08:50:02.604  1122  1366 I jank_cuj_events_end_request: [81,1789030202600269000,24487860461,24487860530]
09-10 08:50:02.660   568   637 I am_proc_bound: [0,1852,com.android.traceur]
09-10 08:50:02.724   568  1033 I am_uid_active: 10097
09-10 08:50:02.730   568  1033 I sysui_multi_action: [757,856,758,1,806,com.android.traceur,857,trace-is-being-recorded,858,4]
09-10 08:50:02.733   568   637 I sysui_multi_action: [757,856,758,1,806,com.android.traceur,857,system-tracing,858,4]
09-10 08:50:02.740   568   884 I ntp_success: [time.android.com/216.239.35.12,481,-56]
09-10 08:50:02.762   568   599 I am_uid_running: 10111
09-10 08:50:02.785   568   599 I am_uid_active: 10130
09-10 08:50:02.813   568   625 I am_uid_stopped: 10144
09-10 08:50:02.814   568  1875 I commit_sys_config_file: [log-files,53]
09-10 08:50:02.815   568   625 I am_kill : [0,1382,android.ext.services,0,change android.ext.services,118484]
09-10 08:50:02.820   568   625 I am_schedule_service_restart: [0,android.ext.services/.notification.Assistant,1000]
09-10 08:50:02.834   568  1639 I am_wtf  : [0,1056,com.android.networkstack.process,680050253,SystemServiceRegistry,No service published for: ethernet]
09-10 08:50:02.836   568   600 I am_proc_start: [0,1877,10111,com.android.calendar,broadcast,{com.android.calendar/com.android.calendar.UpgradeReceiver}]
09-10 08:50:02.843   568  1424 I backup_transport_lifecycle: [com.android.localtransport/.LocalTransportService,1]
09-10 08:50:02.843   568   668 I commit_sys_config_file: [settings-0-0,16]
09-10 08:50:02.847   568  1215 I sysui_multi_action: [757,856,758,1,806,com.android.contacts,857,DEFAULT_CHANNEL,858,2]
09-10 08:50:02.850   568   980 I am_proc_bound: [0,1877,com.android.calendar]
09-10 08:50:02.853  1109  1109 I service_manager_slow: [11,carrier_config]
09-10 08:50:02.855   568   600 I am_proc_start: [0,1890,1000,com.android.localtransport,service,{com.android.localtransport/com.android.localtransport.LocalTransportService}]
09-10 08:50:02.863  1109  1109 I service_manager_stats: [100,97,24751]
09-10 08:50:02.868   568   668 I commit_sys_config_file: [settings-2-0,25]
09-10 08:50:02.873   568  1639 I dvm_lock_sample: [system_server,1,binder:568_10,10,ContentProviderHelper.java,180,android.app.ContentProviderHolder com.android.server.am.ContentProviderHelper.getContentProviderImpl(android.app.IApplicationThread, java.lang.String, android.os.IBinder, int, java.lang.String, java.lang.String, boolean, int),ProcessList.java,2202,void com.android.server.am.ProcessList.lambda$handleProcessStart$1(com.android.server.am.ProcessRecord, java.lang.String, int[], int, int, int, java.lang.String, java.lang.String, java.lang.String, long),2]
09-10 08:50:02.895  1109  1109 I service_manager_slow: [13,carrier_config]
09-10 08:50:02.914   568   980 I am_proc_bound: [0,1890,com.android.localtransport]
09-10 08:50:02.936   568  1639 I am_uid_active: 10111
09-10 08:50:02.975   568   599 I am_uid_running: 10100
09-10 08:50:02.990   568   600 I am_proc_start: [0,1919,10100,com.android.imsserviceentitlement,broadcast,{com.android.imsserviceentitlement/com.android.imsserviceentitlement.ImsEntitlementReceiver}]
09-10 08:50:03.011   568   568 I backup_transport_connection: [com.android.localtransport/.LocalTransportService,1]
09-10 08:50:03.014   568   590 I commit_sys_config_file: [notification-policy,31]
09-10 08:50:03.024  1109  1109 I service_manager_slow: [23,carrier_config]
09-10 08:50:03.049   568  1424 I backup_transport_lifecycle: [com.android.localtransport/.LocalTransportService,0]
09-10 08:50:03.049   568  1424 I backup_transport_connection: [com.android.localtransport/.LocalTransportService,0]
09-10 08:50:03.067   568   625 I am_uid_stopped: 10138
09-10 08:50:03.069   568   625 I am_kill : [0,1620,com.android.devicelockcontroller,100,change com.android.devicelockcontroller,119764]
09-10 08:50:03.073   568   625 I am_schedule_service_restart: [0,com.android.devicelockcontroller/.DeviceLockControllerService,10744]
09-10 08:50:03.073   568   625 I am_schedule_service_restart: [0,com.android.devicelockcontroller/androidx.work.impl.background.systemjob.SystemJobService,20744]
09-10 08:50:03.075   568   585 I am_proc_bound: [0,1919,com.android.imsserviceentitlement]
09-10 08:50:03.138   568   844 I netstats_mobile_sample: [0,0,0,0,0,0,0,0,1789030203072]
09-10 08:50:03.138   568   844 I netstats_wifi_sample: [8552,7063,33,51,9541,4701,37,38,1789030203072]
09-10 08:50:03.148   568   568 I notification_cancel_all: [1000,568,com.android.devicelockcontroller,0,0,0,5,NULL]
09-10 08:50:03.167   568   599 I am_uid_running: 10144
09-10 08:50:03.169   568  1888 I am_uid_active: 10100
09-10 08:50:03.205   568   600 I am_proc_start: [0,1945,10144,.adservices,broadcast,{android.ext.services/com.android.adservices.service.common.AdExtBootCompletedReceiver}]
09-10 08:50:03.239   568  1888 I am_proc_bound: [0,1945,.adservices]
09-10 08:50:03.247   568  1888 I am_uid_active: 10144
09-10 08:50:03.361   568  1888 I commit_sys_config_file: [overlays,45]
09-10 08:50:03.374   568   599 I am_uid_running: 10107
09-10 08:50:03.401   568   600 I am_proc_start: [0,1986,10107,com.android.camera2,broadcast,{com.android.camera2/com.android.camera.SetActivitiesCameraReceiver}]
09-10 08:50:03.456   568  1031 I dvm_lock_sample: [system_server,0,binder:568_9,27,PackageManagerService.java,1196,com.android.server.pm.Computer com.android.server.pm.PackageManagerService.snapshotComputer(boolean),,0,null,5]
09-10 08:50:03.461   568   588 I configuration_changed: -2147483648
09-10 08:50:03.474   568   871 I dvm_lock_sample: [system_server,1,AudioService,40,PackageManagerService.java,1196,com.android.server.pm.Computer com.android.server.pm.PackageManagerService.snapshotComputer(boolean),-,1222,com.android.server.pm.Computer com.android.server.pm.PackageManagerService.snapshotComputer(boolean),8]
09-10 08:50:03.476   568   981 I dvm_lock_sample: [system_server,1,binder:568_8,40,PackageManagerService.java,1196,com.android.server.pm.Computer com.android.server.pm.PackageManagerService.snapshotComputer(boolean),-,1222,com.android.server.pm.Computer com.android.server.pm.PackageManagerService.snapshotComputer(boolean),8]
09-10 08:50:03.486   568   588 I wm_relaunch_resume_activity: [0,189259255,7,com.android.launcher3/.uioverrides.QuickstepLauncher,80000000]
09-10 08:50:03.495   568  1642 I dvm_lock_sample: [system_server,1,binder:568_11,17,ActivityManagerService.java,16310,int com.android.server.am.ActivityManagerService.broadcastIntentWithFeature(android.app.IApplicationThread, java.lang.String, android.content.Intent, java.lang.String, android.content.IIntentReceiver, int, java.lang.String, android.os.Bundle, java.lang.String[], java.lang.String[], java.lang.String[], int, android.os.Bundle, boolean, boolean, int),,0,null,3]
09-10 08:50:03.546   568   637 I am_wtf  : [0,1056,com.android.networkstack.process,680050253,SystemServiceRegistry,No service published for: ethernet]
09-10 08:50:03.565   568  2022 I dvm_lock_sample: [system_server,1,binder:568_19,20,JobSchedulerService.java,1995,java.util.List com.android.server.job.JobSchedulerService.getPendingJobsInNamespace(int, java.lang.String),TimeController.java,318,void com.android.server.job.controllers.TimeController.checkExpiredDelaysAndResetAlarm(),4]
09-10 08:50:03.566   568  1252 I am_proc_bound: [0,1986,com.android.camera2]
09-10 08:50:03.569  1087  1087 I dvm_lock_sample: [com.android.bluetooth,1,main,20,MessageQueue.java,348,android.os.Message android.os.MessageQueue.next(),-,695,boolean android.os.MessageQueue.enqueueMessage(android.os.Message, long),4]
09-10 08:50:03.571   568  1253 I dvm_lock_sample: [system_server,0,binder:568_E,229,OverlayManagerService.java,737,boolean com.android.server.om.OverlayManagerService$1.setEnabledExclusiveInCategory(java.lang.String, int),,0,null,45]
09-10 08:50:03.617   568   625 I commit_sys_config_file: [package,47]
09-10 08:50:03.621   568   927 I dvm_lock_sample: [system_server,0,com.android.server.healthconnect.jarjar.modules.utils.BackgroundThread,45,PackageManagerService.java,1196,com.android.server.pm.Computer com.android.server.pm.PackageManagerService.snapshotComputer(boolean),-,1222,com.android.server.pm.Computer com.android.server.pm.PackageManagerService.snapshotComputer(boolean),9]
09-10 08:50:03.624   568  2016 I dvm_lock_sample: [system_server,1,binder:568_15,40,DisplayManagerService.java,1245,android.view.DisplayInfo com.android.server.display.DisplayManagerService.getDisplayInfoInternal(int, int),-,1253,android.view.DisplayInfo com.android.server.display.DisplayManagerService.getDisplayInfoInternal(int, int),8]
09-10 08:50:03.627   568   623 I commit_sys_config_file: [package-user-0,10]
09-10 08:50:03.647   568   585 I dvm_lock_sample: [system_server,0,binder:568_2,166,OverlayManagerService.java,737,boolean com.android.server.om.OverlayManagerService$1.setEnabledExclusiveInCategory(java.lang.String, int),,0,null,33]
09-10 08:50:03.658   568   585 I commit_sys_config_file: [overlays,6]
09-10 08:50:03.658   568  1888 I dvm_lock_sample: [system_server,0,binder:568_13,178,OverlayManagerService.java,737,boolean com.android.server.om.OverlayManagerService$1.setEnabledExclusiveInCategory(java.lang.String, int),,0,null,35]
09-10 08:50:03.690   568   841 I dvm_lock_sample: [system_server,0,binder:568_5,383,OverlayManagerService.java,737,boolean com.android.server.om.OverlayManagerService$1.setEnabledExclusiveInCategory(java.lang.String, int),,0,null,76]
09-10 08:50:03.698   568  1619 I dvm_lock_sample: [system_server,0,binder:568_F,183,OverlayManagerService.java,737,boolean com.android.server.om.OverlayManagerService$1.setEnabledExclusiveInCategory(java.lang.String, int),,0,null,36]
09-10 08:50:03.712  1206  1219 I jank_cuj_events_end_request: [80,1789030203711514000,25599105424,25599105493]
09-10 08:50:03.751   935  1189 I viewroot_draw_event: [VRI[ScreenDecorOverlay],Start draw after previous draw not visible]
09-10 08:50:03.768   568   568 I notification_cancel_all: [10107,1986,com.android.camera2,0,0,32832,9,NULL]
09-10 08:50:03.769   568  1033 I am_uid_active: 10107
09-10 08:50:03.811   568   600 I am_proc_start: [0,2048,1000,com.android.dynsystem,broadcast,{com.android.dynsystem/com.android.dynsystem.BootCompletedReceiver}]
09-10 08:50:03.842   568   600 I am_proc_start: [0,2057,10144,android.ext.services,service,{android.ext.services/android.ext.services.notification.Assistant}]
09-10 08:50:03.892   568   981 I am_proc_bound: [0,2057,android.ext.services]
09-10 08:50:03.897   935  1189 I viewroot_draw_event: [VRI[ScreenDecorOverlay],reportDrawFinished seqId=0]
09-10 08:50:03.904   568  1619 I am_proc_bound: [0,2048,com.android.dynsystem]
09-10 08:50:03.948   935  1189 I viewroot_draw_event: [VRI[ScreenDecorOverlayBottom],Start draw after previous draw not visible]
09-10 08:50:03.961   568   981 I dvm_lock_sample: [system_server,1,binder:568_8,18,PackageManagerService.java,3015,void com.android.server.pm.PackageManagerService.notifyPackageUseInternal(java.lang.String, int),UserManagerService.java,7413,void com.android.server.pm.UserManagerService$MainHandler.handleMessage(android.os.Message),3]
09-10 08:50:04.009   568   599 I am_uid_running: 10142
09-10 08:50:04.040   568   600 I am_proc_start: [0,2082,10142,com.android.federatedcompute.services,broadcast,{com.android.federatedcompute.services/com.android.federatedcompute.services.FederatedComputeBroadcastReceiver}]
09-10 08:50:04.041   935   935 I viewroot_draw_event: [VRI[StatusBar],reportDrawFinished seqId=0]
09-10 08:50:04.053   568   600 I am_proc_start: [0,2087,1000,com.android.dynsystem:dynsystem,service,{com.android.dynsystem/com.android.dynsystem.DynamicSystemInstallationService}]
09-10 08:50:04.080   935  1189 I viewroot_draw_event: [VRI[ScreenDecorOverlayBottom],reportDrawFinished seqId=0]
09-10 08:50:04.096   568  1619 I am_proc_bound: [0,2087,com.android.dynsystem:dynsystem]
09-10 08:50:04.172  2082  2082 I service_manager_slow: [54,activity]
09-10 08:50:04.172   568   637 I am_proc_bound: [0,2082,com.android.federatedcompute.services]
09-10 08:50:04.178  1206  1206 I wm_on_top_resumed_lost_called: [189259255,com.android.launcher3.uioverrides.QuickstepLauncher,pausing]
09-10 08:50:04.179  1206  1206 I wm_on_paused_called: [189259255,com.android.launcher3.uioverrides.QuickstepLauncher,performPause,1]
09-10 08:50:04.191  1206  1206 I wm_on_stop_called: [189259255,com.android.launcher3.uioverrides.QuickstepLauncher,handleRelaunchActivity,1]
09-10 08:50:04.205   568  1939 I sysui_multi_action: [757,856,758,1,806,com.android.dynsystem,857,com.android.dynsystem,858,2]
09-10 08:50:04.216  1206  1206 I wm_on_destroy_called: [189259255,com.android.launcher3.uioverrides.QuickstepLauncher,performDestroy,24]
09-10 08:50:04.221   568   637 I am_uid_active: 10142
09-10 08:50:04.221   568   599 I am_uid_running: 10126
09-10 08:50:04.228   568   592 I input_focus: [Requesting to set focus to null window,reason=UpdateInputWindows]
09-10 08:50:04.231   568   600 I am_proc_start: [0,2111,10126,com.android.healthconnect.controller,broadcast,{com.android.healthconnect.controller/com.android.healthconnect.controller.safetycenter.SafetySourceBroadcastReceiver}]
09-10 08:50:04.237  1122  1366 I jank_cuj_events_begin_request: [81,1789030204237081000,26124672653,26124672773,1@0@com.android.settings]
09-10 08:50:04.251  1109  1109 I gsm_service_state_change: [0,0,1,1]
09-10 08:50:04.251  1109  1109 I gsm_rat_switched_new: [-1,14,0]
09-10 08:50:04.310   568  1888 I am_proc_bound: [0,2111,com.android.healthconnect.controller]
09-10 08:50:04.369  1206  1206 I wm_on_create_called: [189259255,com.android.launcher3.uioverrides.QuickstepLauncher,performCreate,125]
09-10 08:50:04.370  1206  1206 I wm_on_start_called: [189259255,com.android.launcher3.uioverrides.QuickstepLauncher,handleStartActivity,0]
09-10 08:50:04.371  1206  1206 I wm_on_resume_called: [189259255,com.android.launcher3.uioverrides.QuickstepLauncher,RESUME_ACTIVITY,0]
09-10 08:50:04.371   568  1196 I wm_set_requested_orientation: [5,com.android.launcher3/.uioverrides.QuickstepLauncher]
09-10 08:50:04.371  1206  1206 I wm_on_top_resumed_gained_called: [189259255,com.android.launcher3.uioverrides.QuickstepLauncher,topWhenResuming]
09-10 08:50:04.493   568   590 I commit_sys_config_file: [notification-policy,30]
09-10 08:50:04.493   568   637 I am_uid_active: 10126
09-10 08:50:04.495   568   599 I am_uid_running: 10114
09-10 08:50:04.536   935   935 I viewroot_draw_event: [VRI[StatusBar],reportDrawFinished seqId=0]
09-10 08:50:04.546  1206  1206 I viewroot_draw_event: [VRI[Taskbar],reportDrawFinished seqId=0]
09-10 08:50:04.585   568   625 I am_uid_stopped: 10126
09-10 08:50:04.586   568   625 I am_kill : [0,2111,com.android.healthconnect.controller,0,change com.android.healthconnect.controller,107348]
09-10 08:50:04.592   568   600 I am_proc_start: [0,2136,10114,com.android.messaging,broadcast,{com.android.messaging/com.android.messaging.receiver.BootAndPackageReplacedReceiver}]
09-10 08:50:04.604  1122  1366 I jank_cuj_events_end_request: [81,1789030204604454000,26492044573,26492044684]
09-10 08:50:04.609   568  1888 I dvm_lock_sample: [system_server,1,binder:568_13,18,ActivityManagerService.java,14895,android.content.Intent com.android.server.am.ActivityManagerService.registerReceiverWithFeatureTraced(android.app.IApplicationThread, java.lang.String, java.lang.String, java.lang.String, android.content.IIntentReceiver, android.content.IntentFilter, java.lang.String, int, int),,0,null,3]
09-10 08:50:04.635   568  1939 I am_proc_bound: [0,2136,com.android.messaging]
09-10 08:50:04.636   568   592 I input_focus: [Focus request 6d70ed6 com.android.launcher3/com.android.launcher3.uioverrides.QuickstepLauncher,reason=UpdateInputWindows]
09-10 08:50:04.648  1206  1206 I viewroot_draw_event: [VRI[QuickstepLauncher],Canceling draw. cancelDueToPreDrawListener=true cancelDueToSync=false]
09-10 08:50:04.665   935  1189 I viewroot_draw_event: [VRI[ScreenDecorOverlay],reportDrawFinished seqId=0]
09-10 08:50:04.704   935   935 I viewroot_draw_event: [VRI[StatusBar],reportDrawFinished seqId=0]
09-10 08:50:04.770   568   585 I am_uid_active: 10114
09-10 08:50:04.773   568   599 I am_uid_running: 1027
09-10 08:50:04.784   568   600 I am_proc_start: [0,2156,1027,com.android.nfc,broadcast,{com.android.nfc/com.android.nfc.NfcBootCompletedReceiver}]
09-10 08:50:04.793   568   590 I commit_sys_config_file: [jobs,10]
09-10 08:50:04.799   568   590 I commit_sys_config_file: [jobs,6]
09-10 08:50:04.825   568  1033 I am_proc_bound: [0,2156,com.android.nfc]
09-10 08:50:04.843   568   585 I am_uid_active: 1027
09-10 08:50:04.845   568   599 I am_uid_running: 10141
09-10 08:50:04.858   568   600 I am_proc_start: [0,2170,10141,com.android.ondevicepersonalization.services,broadcast,{com.android.ondevicepersonalization.services/com.android.ondevicepersonalization.services.OnDevicePersonalizationBroadcastReceiver}]
09-10 08:50:04.860   568   625 I am_uid_stopped: 1027
09-10 08:50:04.862   568   625 I am_kill : [0,2156,com.android.nfc,0,change com.android.nfc,102612]
09-10 08:50:04.893   568  1939 I am_proc_bound: [0,2170,com.android.ondevicepersonalization.services]
09-10 08:50:04.895   568   568 I notification_cancel_all: [1000,568,com.android.nfc,0,0,0,5,NULL]
09-10 08:50:04.968   568   585 I am_uid_active: 10141
09-10 08:50:04.971   568   898 I sysui_multi_action: [757,1717,758,1,759,0]
09-10 08:50:04.971   568   898 I sysui_multi_action: [757,1717,758,2,759,0]
09-10 08:50:04.971   568   898 I sysui_multi_action: [757,1717,758,3,759,0]
09-10 08:50:04.975   568   599 I am_uid_running: 10087
09-10 08:50:04.982  1109  1109 I gsm_service_state_change: [1,1,0,0]
09-10 08:50:04.982  1109  1109 I gsm_rat_switched_new: [47108,0,11]
09-10 08:50:04.988   568   600 I am_proc_start: [0,2182,10087,com.android.carrierdefaultapp,broadcast,{com.android.carrierdefaultapp/com.android.carrierdefaultapp.CarrierDefaultBroadcastReceiver}]
09-10 08:50:05.040   568   841 I am_proc_bound: [0,2182,com.android.carrierdefaultapp]
09-10 08:50:05.135   568   599 I am_uid_running: 10063
09-10 08:50:05.175   568   568 I notification_cancel_all: [10087,2182,com.android.carrierdefaultapp,0,0,32832,9,NULL]
09-10 08:50:05.184   568   600 I am_proc_start: [0,2199,10063,com.android.packageinstaller,broadcast,{com.android.packageinstaller/com.android.packageinstaller.common.TemporaryFileManager}]
09-10 08:50:05.210  1122  1122 I viewroot_draw_event: [VRI[FallbackHome],Not drawing due to not visible. Reason=!mAppVisible && !mForceDecorViewVisibility]
09-10 08:50:05.227   568  1196 I am_proc_bound: [0,2199,com.android.packageinstaller]
09-10 08:50:05.256   568  1888 I am_uid_active: 10063
09-10 08:50:05.257   568   599 I am_uid_running: 10136
09-10 08:50:05.267   568   600 I am_proc_start: [0,2211,10136,com.android.rkpdapp,broadcast,{com.android.rkpdapp/com.android.rkpdapp.BootReceiver}]
09-10 08:50:05.311   568  1033 I am_proc_bound: [0,2211,com.android.rkpdapp]
09-10 08:50:05.354   568  1939 I am_uid_active: 10136
09-10 08:50:05.355   568   599 I am_uid_running: 2000
09-10 08:50:05.367   568   600 I am_proc_start: [0,2226,2000,com.android.shell,broadcast,{com.android.shell/com.android.shell.HeapDumpReceiver}]
09-10 08:50:05.407   568  1939 I am_proc_bound: [0,2226,com.android.shell]
09-10 08:50:05.457   568  1196 I am_uid_active: 2000
09-10 08:50:05.498   568   637 I am_wtf  : [0,1056,com.android.networkstack.process,680050253,SystemServiceRegistry,No service published for: ethernet]
09-10 08:50:05.519   568   846 I commit_sys_config_file: [net-policy,8]
09-10 08:50:05.656  1206  1829 I viewroot_draw_event: [VRI[Taskbar],reportDrawFinished seqId=0]
09-10 08:50:05.705  1206  1219 I jank_cuj_events_end_request: [80,1789030205704781000,27592372298,27592372368]
09-10 08:50:05.744  1206  1206 I viewroot_draw_event: [VRI[QuickstepLauncher],Draw frame after cancel]
09-10 08:50:05.794  1206  1206 I viewroot_draw_event: [VRI[QuickstepLauncher],reportDrawFinished seqId=0]
09-10 08:50:05.808   568   588 I sysui_multi_action: [319,3913,322,4809,325,22,757,761,758,8,759,2,806,com.android.launcher3,871,com.android.launcher3.uioverrides.QuickstepLauncher,905,0,1320,4,1321,23]
09-10 08:50:05.808   568   588 I wm_activity_launch_time: [0,189259255,com.android.launcher3/.uioverrides.QuickstepLauncher,4809]
09-10 08:50:05.809   568   591 I wm_destroy_activity: [0,48448139,5,com.android.settings/.FallbackHome,finish-transit]
09-10 08:50:05.810   568   591 I wm_destroy_activity: [0,210610088,6,com.android.sdksetup/.DefaultActivity,finish-transit]
09-10 08:50:05.825  1487  1487 I wm_on_destroy_called: [210610088,com.android.sdksetup.DefaultActivity,performDestroy,0]
09-10 08:50:05.827   568  1888 I wm_task_removed: [6,1,0,removeChild, last child = ActivityRecord{c8da7a8 u0 com.android.sdksetup/.DefaultActivity t-1 f}} in Task{555c2c1 #6 type=home A=10116:com.android.sdksetup}]
09-10 08:50:05.829   568   592 I wm_wallpaper_surface: [0,1,Window{6d70ed6 u0 com.android.launcher3/com.android.launcher3.uioverrides.QuickstepLauncher}]
09-10 08:50:05.830  1122  1122 I wm_on_stop_called: [48448139,com.android.settings.FallbackHome,LIFECYCLER_STOP_ACTIVITY,0]
09-10 08:50:05.831  1122  1122 I wm_on_destroy_called: [48448139,com.android.settings.FallbackHome,performDestroy,0]
09-10 08:50:05.884   568   681 I input_focus: [Focus entering 6d70ed6 com.android.launcher3/com.android.launcher3.uioverrides.QuickstepLauncher (server),reason=Window became focusable. Previous reason: NOT_VISIBLE]
09-10 08:50:05.885   568   681 I input_interaction: Interaction with: 6d70ed6 com.android.launcher3/com.android.launcher3.uioverrides.QuickstepLauncher (server), PointerEventDispatcher0 (server), 
09-10 08:50:05.886   568  1033 I wm_task_removed: [5,1,0,removeChild, last child = ActivityRecord{2e3428b u0 com.android.settings/.FallbackHome t-1 f}} in Task{b8bdf68 #5 type=home A=1000:com.android.settings.FallbackHome}]
09-10 08:50:06.079   568  2017 I am_wtf  : [0,1056,com.android.networkstack.process,680050253,SystemServiceRegistry,No service published for: ethernet]
09-10 08:50:06.094   568   846 I commit_sys_config_file: [net-policy,4]
09-10 08:50:06.146   935   991 I jank_cuj_events_end_request: [55,1789030206146312000,28033948184,28033948274]
09-10 08:50:06.274   568   668 I commit_sys_config_file: [settings-0-0,3]
09-10 08:50:06.315   568   844 I netstats_mobile_sample: [0,0,0,0,0,0,0,0,1789030206249]
09-10 08:50:06.315   568   844 I netstats_wifi_sample: [20338,12102,52,76,22183,8068,58,59,1789030206249]
09-10 08:50:06.449   568  1196 I am_wtf  : [0,1056,com.android.networkstack.process,680050253,SystemServiceRegistry,No service published for: ethernet]
09-10 08:50:06.502   568   668 I commit_sys_config_file: [settings-1-0,8]
09-10 08:50:06.548   568   668 I commit_sys_config_file: [settings-2-0,3]
09-10 08:50:06.931   568   599 I ssm_user_completed_event: [0,2]
09-10 08:50:06.965   568   856 I netstats_mobile_sample: [0,0,0,0,0,0,0,0,1789030206899]
09-10 08:50:06.965   568   856 I netstats_wifi_sample: [25296,13884,62,91,27141,9618,68,70,1789030206899]
09-10 08:50:06.999   568   568 I notification_cancel_all: [10087,2182,com.android.carrierdefaultapp,0,0,32832,9,NULL]
09-10 08:50:07.010   568   568 I notification_cancel_all: [10087,2182,com.android.carrierdefaultapp,0,0,32832,9,NULL]
09-10 08:50:07.013   568   856 I netstats_mobile_sample: [0,0,0,0,0,0,0,0,1789030206947]
09-10 08:50:07.013   568   856 I netstats_wifi_sample: [25296,13884,62,91,27141,9618,68,70,1789030206947]
09-10 08:50:07.072   568   638 I am_wtf  : [0,1056,com.android.networkstack.process,680050253,SystemServiceRegistry,No service published for: ethernet]
09-10 08:50:07.104   568   844 I netstats_mobile_sample: [2000,1847,16,16,279,135,2,2,1789030207039]
09-10 08:50:07.104   568   844 I netstats_wifi_sample: [27035,14024,64,94,28880,9698,70,72,1789030207039]
09-10 08:50:07.102  1056  1056 I auditd  : type=1400 audit(0.0:22): avc:  granted  { read } for  comm="NetworkMonitor/" name="psched" dev="proc" ino=4026532021 scontext=u:r:network_stack:s0 tcontext=u:object_r:proc_net:s0 tclass=file
09-10 08:50:07.102  1056  1056 I auditd  : type=1400 audit(0.0:23): avc:  granted  { read open } for  comm="NetworkMonitor/" path="/proc/1056/net/psched" dev="proc" ino=4026532021 scontext=u:r:network_stack:s0 tcontext=u:object_r:proc_net:s0 tclass=file
09-10 08:50:07.118   568   846 I commit_sys_config_file: [net-policy,2]
09-10 08:50:07.102  1056  1056 I auditd  : type=1400 audit(0.0:24): avc:  granted  { getattr } for  comm="NetworkMonitor/" path="/proc/1056/net/psched" dev="proc" ino=4026532021 scontext=u:r:network_stack:s0 tcontext=u:object_r:proc_net:s0 tclass=file
09-10 08:50:07.137   568   844 I netstats_mobile_sample: [2040,1911,17,17,2040,1911,17,17,1789030207072]
09-10 08:50:07.138   568   844 I netstats_wifi_sample: [27035,14024,64,94,28880,9758,70,73,1789030207072]
09-10 08:50:07.163   568   844 I netstats_mobile_sample: [2040,1911,17,17,2040,1911,17,17,1789030207098]
09-10 08:50:07.163   568   844 I netstats_wifi_sample: [27035,14024,64,94,28880,9758,70,73,1789030207098]
09-10 08:50:07.235   568   661 I dvm_lock_sample: [system_server,0,appscheduling.default,5,MessageQueue.java,348,android.os.Message android.os.MessageQueue.next(),-,695,boolean android.os.MessageQueue.enqueueMessage(android.os.Message, long),1]
09-10 08:50:07.260   568   927 I service_manager_slow: [99,user]
09-10 08:50:07.260   568   927 I service_manager_stats: [265,293,5047]
09-10 08:50:07.395   568   954 I commit_sys_config_file: [appops_accesses,6]
09-10 08:50:07.671   568   589 I wm_new_intent: [0,189259255,7,com.android.launcher3/.uioverrides.QuickstepLauncher,android.intent.action.MAIN,NULL,NULL,268435712]
09-10 08:50:07.671   568   589 I wm_task_moved: [1,1,0,1,1]
09-10 08:50:07.672   568   589 I wm_set_keyguard_occluded: [0,0,0,setOccluded]
09-10 08:50:07.672   935   935 I sysui_keyguard: [0,0]
09-10 08:50:07.672   935   991 I jank_cuj_events_cancel_request: [23,1789030207672780000,29560370660,29560370790]
09-10 08:50:07.673  1206  1206 I wm_on_top_resumed_lost_called: [189259255,com.android.launcher3.uioverrides.QuickstepLauncher,pausing]
09-10 08:50:07.673  1206  1206 I wm_on_paused_called: [189259255,com.android.launcher3.uioverrides.QuickstepLauncher,performPause,0]
09-10 08:50:07.675  1206  1206 I wm_on_resume_called: [189259255,com.android.launcher3.uioverrides.QuickstepLauncher,LIFECYCLER_RESUME_ACTIVITY,2]
09-10 08:50:07.675  1206  1206 I wm_on_top_resumed_gained_called: [189259255,com.android.launcher3.uioverrides.QuickstepLauncher,topWhenResuming]
09-10 08:50:07.679   935   991 I jank_cuj_events_end_request: [55,1789030207679773000,29567363874,29567363934]
09-10 08:50:07.989   568   599 I am_wtf  : [0,568,system_server,-1,Binder,Outgoing transactions from this process must be FLAG_ONEWAY]
09-10 08:50:08.155   568   668 I commit_sys_config_file: [settings-2-0,6]
09-10 08:50:08.187   568   668 I commit_sys_config_file: [settings-1-0,2]
09-10 08:50:09.443   568   668 I commit_sys_config_file: [settings-2-0,2]
09-10 08:50:09.445   568   668 I commit_sys_config_file: [settings-1-0,1]
09-10 08:50:10.320   568   669 I am_freeze: [1508,com.android.music]
09-10 08:50:10.355   568   669 I am_compact: [1508,com.android.music,ANON,104276,52480,51156,0,-3072,0,-3072,3072,35,SOME,0,999,19,20,-2664]
09-10 08:50:10.452   568   668 I commit_sys_config_file: [settings-2-0,1]
09-10 08:50:11.461   568   668 I commit_sys_config_file: [settings-2-0,1]
09-10 08:50:12.461   568   668 I commit_sys_config_file: [settings-2-0,2]
09-10 08:50:12.833   568   669 I am_freeze: [1487,com.android.sdksetup]
09-10 08:50:12.847   568   669 I am_compact: [1487,com.android.sdksetup,ANON,117460,64512,52308,0,-4864,0,-4864,4864,13,SOME,0,935,19,2684,-1144]
09-10 08:50:12.895   568   669 I am_freeze: [1438,com.android.printspooler]
09-10 08:50:12.905   568   669 I am_compact: [1438,com.android.printspooler,ANON,106196,54400,51156,0,-3328,0,-3328,3328,10,SOME,0,999,19,3828,-904]
09-10 08:50:13.472   568   668 I commit_sys_config_file: [settings-2-0,2]
09-10 08:50:13.797   568   623 I commit_sys_config_file: [package-user-0,4]
09-10 08:50:14.509   568   625 I commit_sys_config_file: [package,35]
09-10 08:50:14.512   568   623 I commit_sys_config_file: [package-user-0,3]
09-10 08:50:14.613   568   668 I commit_sys_config_file: [settings-2-0,2]
09-10 08:50:14.998   568   669 I am_freeze: [1307,com.android.cellbroadcastreceiver]
09-10 08:50:15.008   568   669 I am_compact: [1307,com.android.cellbroadcastreceiver,ANON,104752,52992,51120,0,-3200,0,-3200,3328,10,SOME,0,975,19,4732,-1092]
09-10 08:50:15.586   568   669 I am_freeze: [1743,com.android.carrierconfig]
09-10 08:50:15.597   568   669 I am_compact: [1743,com.android.carrierconfig,ANON,106068,54144,51284,0,-3456,0,-3456,3584,11,SOME,0,945,19,5824,-956]
09-10 08:50:15.629   568   668 I commit_sys_config_file: [settings-2-0,3]
09-10 08:50:17.007   568   668 I commit_sys_config_file: [settings-0-0,2]
09-10 08:50:17.015   568   669 I am_freeze: [2182,com.android.carrierdefaultapp]
09-10 08:50:17.027   568   669 I am_compact: [2182,com.android.carrierdefaultapp,ANON,105556,53504,51412,0,-3456,0,-3456,3456,12,SOME,0,925,19,6780,-1064]
09-10 08:50:17.273   568   669 I am_freeze: [1835,com.android.quicksearchbox]
09-10 08:50:17.284   568   669 I am_compact: [1835,com.android.quicksearchbox,ANON,105172,53376,51156,0,-3328,0,-3328,3328,11,SOME,0,905,19,7844,-1112]
09-10 08:50:17.429   935   991 I jank_cuj_events_end_request: [55,1789030217429659000,39317250626,39317250697]
09-10 08:50:17.713   568   668 I commit_sys_config_file: [settings-0-0,1]
09-10 08:50:18.730   568   589 I wm_new_intent: [0,189259255,7,com.android.launcher3/.uioverrides.QuickstepLauncher,android.intent.action.MAIN,NULL,NULL,268435712]
09-10 08:50:18.731   568   589 I wm_task_moved: [1,1,0,1,1]
09-10 08:50:18.731   568   589 I wm_set_keyguard_occluded: [0,0,0,setOccluded]
09-10 08:50:18.731   935   935 I sysui_keyguard: [0,0]
09-10 08:50:18.731   935   991 I jank_cuj_events_cancel_request: [23,1789030218731695000,40619286238,40619286349]
09-10 08:50:18.732  1206  1206 I wm_on_top_resumed_lost_called: [189259255,com.android.launcher3.uioverrides.QuickstepLauncher,pausing]
09-10 08:50:18.733  1206  1206 I wm_on_paused_called: [189259255,com.android.launcher3.uioverrides.QuickstepLauncher,performPause,0]
09-10 08:50:18.733  1206  1206 I wm_on_resume_called: [189259255,com.android.launcher3.uioverrides.QuickstepLauncher,LIFECYCLER_RESUME_ACTIVITY,0]
09-10 08:50:18.733  1206  1206 I wm_on_top_resumed_gained_called: [189259255,com.android.launcher3.uioverrides.QuickstepLauncher,topWhenResuming]
09-10 08:50:18.746   935   991 I jank_cuj_events_end_request: [55,1789030218746333000,40633924468,40633924559]
09-10 08:50:19.121   568   668 I commit_sys_config_file: [settings-2-0,1]
09-10 08:50:20.496   568   668 I commit_sys_config_file: [settings-2-0,1]
09-10 08:50:21.496   568   668 I commit_sys_config_file: [settings-2-0,2]
09-10 08:50:22.505   568   668 I commit_sys_config_file: [settings-2-0,1]
09-10 08:50:23.508   568   668 I commit_sys_config_file: [settings-2-0,2]
09-10 08:50:24.519   568   668 I commit_sys_config_file: [settings-2-0,2]
09-10 08:50:25.174   568   568 I auditd  : type=1400 audit(0.0:25): avc:  denied  { getopt } for  comm="binder:568_15" scontext=u:r:system_server:s0 tcontext=u:r:shell:s0 tclass=unix_stream_socket permissive=0
09-10 08:50:25.186   568   590 I commit_sys_config_file: [package-session,6]
09-10 08:50:25.188   568   590 I commit_sys_config_file: [package-session,1]
09-10 08:50:25.174   568   568 I auditd  : type=1400 audit(0.0:26): avc:  denied  { getopt } for  comm="binder:568_15" scontext=u:r:system_server:s0 tcontext=u:r:shell:s0 tclass=unix_stream_socket permissive=0
09-10 08:50:25.174   568   568 I auditd  : type=1400 audit(0.0:27): avc:  denied  { getopt } for  comm="binder:568_15" scontext=u:r:system_server:s0 tcontext=u:r:shell:s0 tclass=unix_stream_socket permissive=0
09-10 08:50:25.964   568   599 I am_wtf  : [0,2755,system_server,-1,SystemServiceRegistry,No service published for: persistent_data_block]
09-10 08:50:25.964   568   599 I am_wtf  : [0,2755,system_server,-1,SystemServiceRegistry,Manager wrapper not available: persistent_data_block]
09-10 08:50:25.958   568   568 I auditd  : type=1400 audit(0.0:28): avc:  denied  { getopt } for  comm="binder:568_15" scontext=u:r:system_server:s0 tcontext=u:r:shell:s0 tclass=unix_stream_socket permissive=0
09-10 08:50:25.968   568   636 I commit_sys_config_file: [package-session,1]
09-10 08:50:26.786   568   590 I commit_sys_config_file: [package-session,3]
09-10 08:50:26.802   568   625 I commit_sys_config_file: [package,11]
09-10 08:50:26.806   568   623 I commit_sys_config_file: [package-user-0,3]
09-10 08:50:26.810   568   625 I backup_transport_lifecycle: [com.android.localtransport/.LocalTransportService,1]
09-10 08:50:26.811   568   568 I backup_transport_connection: [com.android.localtransport/.LocalTransportService,1]
09-10 08:50:26.813   568   625 I backup_transport_lifecycle: [com.android.localtransport/.LocalTransportService,0]
09-10 08:50:26.813   568   625 I backup_transport_connection: [com.android.localtransport/.LocalTransportService,0]
09-10 08:50:26.816   568   625 I unknown_sources_enabled: 1
09-10 08:50:26.829   568   590 I commit_sys_config_file: [package-session,8]
09-10 08:50:26.829   568   568 I notification_cancel_all: [1000,568,dev.partydeck.app,0,0,0,5,NULL]
09-10 08:50:26.829   568   636 I commit_sys_config_file: [package-session,9]
09-10 08:50:26.829   568   641 I commit_sys_config_file: [overlays,5]
09-10 08:50:26.830   568   568 I auditd  : type=1400 audit(0.0:29): avc:  denied  { getopt } for  comm="binder:568_15" scontext=u:r:system_server:s0 tcontext=u:r:shell:s0 tclass=unix_stream_socket permissive=0
09-10 08:50:26.834   568   568 I auditd  : type=1400 audit(0.0:30): avc:  denied  { getopt } for  comm="binder:568_15" scontext=u:r:system_server:s0 tcontext=u:r:shell:s0 tclass=unix_stream_socket permissive=0
09-10 08:50:26.834   568   568 I auditd  : type=1400 audit(0.0:31): avc:  denied  { getopt } for  comm="binder:568_15" scontext=u:r:system_server:s0 tcontext=u:r:shell:s0 tclass=unix_stream_socket permissive=0
09-10 08:50:26.865   568   638 I am_clear_app_data_caller: [2770,2000,dev.partydeck.app]
09-10 08:50:26.870   568   638 I pm_clear_app_data_caller: [568,1000,dev.partydeck.app]
09-10 08:50:26.870   568   568 I notification_cancel_all: [1000,568,dev.partydeck.app,0,0,0,21,NULL]
09-10 08:50:26.871   568   625 I installer_clear_app_data_caller: [568,1000,dev.partydeck.app,7]
09-10 08:50:26.871   568   625 I installer_clear_app_data_call_stack: [clearAppData,com.android.server.pm.Installer,Installer.java,427]
09-10 08:50:26.871   568   625 I installer_clear_app_data_call_stack: [clearAppDataLeafLIF,com.android.server.pm.AppDataHelper,AppDataHelper.java,572]
09-10 08:50:26.871   568   625 I installer_clear_app_data_call_stack: [clearAppDataLIF,com.android.server.pm.AppDataHelper,AppDataHelper.java,557]
09-10 08:50:26.871   568   625 I installer_clear_app_data_call_stack: [clearApplicationUserDataLIF,com.android.server.pm.PackageManagerService,PackageManagerService.java,3433]
09-10 08:50:26.871   568   625 I installer_clear_app_data_call_stack: [-$$Nest$mclearApplicationUserDataLIF,com.android.server.pm.PackageManagerService,PackageManagerService.java,0]
09-10 08:50:26.871   568   625 I installer_clear_app_data_call_stack: [run,com.android.server.pm.PackageManagerService$IPackageManagerImpl$1,PackageManagerService.java,4787]
09-10 08:50:26.871   568   625 I installer_clear_app_data_call_stack: [handleCallback,android.os.Handler,Handler.java,959]
09-10 08:50:26.871   568   625 I installer_clear_app_data_call_stack: [dispatchMessage,android.os.Handler,Handler.java,100]
09-10 08:50:26.871   568   625 I installer_clear_app_data_call_stack: [loopOnce,android.os.Looper,Looper.java,232]
09-10 08:50:26.871   568   625 I installer_clear_app_data_call_stack: [loop,android.os.Looper,Looper.java,317]
09-10 08:50:26.871   568   625 I installer_clear_app_data_call_stack: [run,android.os.HandlerThread,HandlerThread.java,85]
09-10 08:50:26.871   568   625 I installer_clear_app_data_call_stack: [run,com.android.server.ServiceThread,ServiceThread.java,46]
09-10 08:50:26.872  1109  1109 I service_manager_stats: [148,144,24008]
09-10 08:50:26.878   568   865 I storage_state: [41217664-9172-527a-b3d5-edabb50a7d69,0,0,5455527936,6228115456]
09-10 08:50:26.885   568   568 I notification_cancel_all: [1000,568,dev.partydeck.app,0,0,0,5,NULL]
09-10 08:50:26.885   568   885 I commit_sys_config_file: [session_index,4]
09-10 08:50:26.888   568   885 I commit_sys_config_file: [blobs_index,3]
09-10 08:50:26.913   568  2018 I wm_task_created: 8
09-10 08:50:26.915   568  2018 I wm_task_moved: [8,8,0,1,2]
09-10 08:50:26.915   568  2018 I wm_task_to_front: [0,8,0]
09-10 08:50:26.915   568  2018 I wm_create_task: [0,8,8,0]
09-10 08:50:26.915   568  2018 I wm_create_activity: [0,60354724,8,dev.partydeck.app/.MainActivity,NULL,NULL,NULL,268435456]
09-10 08:50:26.915   568  2018 I wm_task_moved: [8,8,0,1,2]
09-10 08:50:26.916   568  2018 I wm_pause_activity: [0,189259255,com.android.launcher3/.uioverrides.QuickstepLauncher,userLeaving=true,pauseBackTasks]
09-10 08:50:26.917  1206  1206 I wm_on_top_resumed_lost_called: [189259255,com.android.launcher3.uioverrides.QuickstepLauncher,topStateChangedWhenResumed]
09-10 08:50:26.918  1206  1206 I wm_on_paused_called: [189259255,com.android.launcher3.uioverrides.QuickstepLauncher,performPause,0]
09-10 08:50:26.921   568   980 I wm_add_to_stopping: [0,189259255,com.android.launcher3/.uioverrides.QuickstepLauncher,makeInvisible]
09-10 08:50:26.921   568   588 I sysui_multi_action: [757,803,799,window_time_0,802,26]
09-10 08:50:26.922   568   591 I am_uid_running: 10148
09-10 08:50:26.958   568   600 I am_proc_start: [0,2787,10148,dev.partydeck.app,next-top-activity,{dev.partydeck.app/dev.partydeck.app.MainActivity}]
09-10 08:50:27.020   568   681 I input_focus: [Focus leaving 6d70ed6 com.android.launcher3/com.android.launcher3.uioverrides.QuickstepLauncher (server),reason=NO_WINDOW]
09-10 08:50:27.046   568  1642 I am_proc_bound: [0,2787,dev.partydeck.app]
09-10 08:50:27.050   568   668 I commit_sys_config_file: [settings-2-0,2]
09-10 08:50:27.050   568  1642 I am_uid_active: 10148
09-10 08:50:27.132   935  1005 I viewroot_draw_event: [VRI[app],reportDrawFinished seqId=0]
09-10 08:50:27.135   568   590 I commit_sys_config_file: [notification-policy,11]
09-10 08:50:27.351  1206  1206 I viewroot_draw_event: [VRI[QuickstepLauncher],Not drawing due to not visible. Reason=!mAppVisible && !mForceDecorViewVisibility]
09-10 08:50:27.362   568   669 I am_freeze: [1648,com.android.externalstorage]
09-10 08:50:27.364   568   592 I wm_wallpaper_surface: [0,0,null]
09-10 08:50:27.399   568   669 I am_compact: [1648,com.android.externalstorage,ANON,106580,54912,51028,0,-3200,0,-3200,3200,37,SOME,0,975,19,8956,-1096]
09-10 08:50:27.671   568  1033 I wm_restart_activity: [0,60354724,8,dev.partydeck.app/.MainActivity]
09-10 08:50:27.672   568  1033 I wm_set_resumed_activity: [0,dev.partydeck.app/.MainActivity,realStartActivityLocked - onActivityStateChanged]
09-10 08:50:27.791  2787  2787 I wm_on_create_called: [60354724,dev.partydeck.app.MainActivity,performCreate,88]
09-10 08:50:27.792  2787  2787 I wm_on_start_called: [60354724,dev.partydeck.app.MainActivity,handleStartActivity,0]
09-10 08:50:27.795  2787  2787 I wm_on_resume_called: [60354724,dev.partydeck.app.MainActivity,RESUME_ACTIVITY,0]
09-10 08:50:27.803  2787  2787 I wm_on_top_resumed_gained_called: [60354724,dev.partydeck.app.MainActivity,topStateChangedWhenResumed]
09-10 08:50:28.321   568   592 I input_focus: [Focus request 893e32 dev.partydeck.app/dev.partydeck.app.MainActivity,reason=UpdateInputWindows]
09-10 08:50:28.348   568   848 I service_manager_stats: [100,112,21088]
09-10 08:50:28.587  2787  2787 I viewroot_draw_event: [VRI[MainActivity],reportDrawFinished seqId=0]
09-10 08:50:28.607   568  1642 I wm_stop_activity: [0,189259255,com.android.launcher3/.uioverrides.QuickstepLauncher]
09-10 08:50:28.613   568   588 I sysui_multi_action: [319,247,321,236,322,1687,325,48,757,761,758,7,759,1,806,dev.partydeck.app,871,dev.partydeck.app.MainActivity,904,com.android.shell,905,0,945,136,1320,12,1321,1]
09-10 08:50:28.614   568   588 I wm_activity_launch_time: [0,60354724,dev.partydeck.app/.MainActivity,1687]
09-10 08:50:28.622  1206  1206 I wm_on_stop_called: [189259255,com.android.launcher3.uioverrides.QuickstepLauncher,STOP_ACTIVITY_ITEM,7]
09-10 08:50:28.668   935   991 I jank_cuj_events_begin_request: [39,1789030228618784000,50506375173,50506375274,]
09-10 08:50:28.715   935   991 I jank_cuj_events_end_request: [39,1789030228715797000,50603388464,50603388533]
09-10 08:50:28.728   935  1005 I viewroot_draw_event: [VRI[app],Not drawing due to not visible. Reason=View.GONE]
09-10 08:50:28.769   568   681 I input_focus: [Focus entering 893e32 dev.partydeck.app/dev.partydeck.app.MainActivity (server),reason=Window became focusable. Previous reason: NOT_VISIBLE]
09-10 08:50:29.197   568   668 I commit_sys_config_file: [settings-2-0,2]
09-10 08:50:30.316   568   668 I commit_sys_config_file: [settings-2-0,1]
09-10 08:50:31.467   568   668 I commit_sys_config_file: [settings-2-0,2]
09-10 08:50:32.507   568   668 I commit_sys_config_file: [settings-2-0,2]
09-10 08:50:32.750   568   669 I am_freeze: [1852,com.android.traceur]
09-10 08:50:32.761   568   669 I am_compact: [1852,com.android.traceur,ANON,108080,56192,51248,0,-3584,0,-3584,3584,12,SOME,0,999,19,10052,-1132]
09-10 08:50:32.785   568   669 I am_freeze: [1278,com.android.cellbroadcastreceiver.module]
09-10 08:50:32.801   568   669 I am_compact: [1278,com.android.cellbroadcastreceiver.module,ANON,130532,76800,52964,0,-8320,-2688,-5632,5504,15,SOME,0,945,19,11184,-1592]
09-10 08:50:32.971   568   669 I am_freeze: [1877,com.android.calendar]
09-10 08:50:32.982   568   669 I am_compact: [1877,com.android.calendar,ANON,110140,58240,51260,0,-3712,0,-3712,3840,11,SOME,0,999,19,12776,-1244]
09-10 08:50:33.010   568   669 I am_freeze: [1583,com.android.managedprovisioning]
09-10 08:50:33.022   568   669 I am_compact: [1583,com.android.managedprovisioning,ANON,110692,58240,51812,0,-4096,0,-4096,4096,11,SOME,0,999,19,14020,-1364]
09-10 08:50:33.139   568   669 I am_freeze: [1670,com.android.providers.calendar]
09-10 08:50:33.152   568   681 I input_interaction: Interaction with: 893e32 dev.partydeck.app/dev.partydeck.app.MainActivity (server), PointerEventDispatcher0 (server), 
09-10 08:50:33.154   568   669 I am_compact: [1670,com.android.providers.calendar,ANON,114260,61440,52180,0,-4352,0,-4352,4480,16,SOME,0,925,19,15384,-1376]
09-10 08:50:33.170   568   669 I am_freeze: [1919,com.android.imsserviceentitlement]
09-10 08:50:33.193   568   669 I am_compact: [1919,com.android.imsserviceentitlement,ANON,109140,56704,51796,0,-3968,0,-3968,4096,24,SOME,0,945,19,16760,-1452]
09-10 08:50:33.196   568   669 I am_freeze: [1796,com.android.statementservice]
09-10 08:50:33.226   568   669 I am_compact: [1796,com.android.statementservice,ANON,121144,66048,54456,0,-7552,0,-7552,7552,28,SOME,0,985,19,18212,-2536]
09-10 08:50:33.368   568   669 I am_freeze: [1945,.adservices]
09-10 08:50:33.402   568   669 I am_compact: [1945,.adservices,ANON,111576,59520,51416,0,-4352,-768,-3584,3584,34,SOME,0,999,19,20748,-992]
09-10 08:50:33.633   568   668 I commit_sys_config_file: [settings-2-0,1]
09-10 08:50:33.772   568   669 I am_freeze: [1986,com.android.camera2]
09-10 08:50:33.783   568   669 I am_compact: [1986,com.android.camera2,ANON,107692,55936,51116,0,-3200,0,-3200,3328,11,SOME,0,999,19,21740,-1044]
09-10 08:50:34.048   568   669 I am_freeze: [1122,com.android.settings]
09-10 08:50:34.048   568   669 I am_freeze: [2087,com.android.dynsystem:dynsystem]
09-10 08:50:34.048   568   669 I am_freeze: [2048,com.android.dynsystem]
09-10 08:50:34.048   568   669 I am_freeze: [1559,com.android.keychain]
09-10 08:50:34.072   568   669 I am_compact: [1122,com.android.settings,ANON,162904,104528,57480,0,-10496,0,-10496,10368,24,SOME,0,915,19,22784,-3672]
09-10 08:50:34.081   568   669 I am_compact: [2087,com.android.dynsystem:dynsystem,ANON,104500,52864,50996,0,-3328,0,-3328,3328,9,SOME,0,999,19,26456,-952]
09-10 08:50:34.090   568   669 I am_compact: [2048,com.android.dynsystem,ANON,103452,51840,50972,0,-3072,0,-3072,3200,9,SOME,0,999,19,27408,-1128]
09-10 08:50:34.100   568   669 I am_compact: [1559,com.android.keychain,ANON,105904,54400,50864,0,-3328,0,-3328,3328,9,SOME,0,999,19,28536,-952]
09-10 08:50:34.222   568   669 I am_freeze: [2082,com.android.federatedcompute.services]
09-10 08:50:34.232   568   669 I am_compact: [2082,com.android.federatedcompute.services,ANON,104548,52864,51044,0,-3840,-512,-3328,3328,10,SOME,0,995,19,29488,-1020]
09-10 08:50:34.657   568   668 I commit_sys_config_file: [settings-2-0,1]
09-10 08:50:34.783   568   669 I am_freeze: [2136,com.android.messaging]
09-10 08:50:34.802   568   669 I am_compact: [2136,com.android.messaging,ANON,124056,68380,54908,0,-7808,0,-7808,7808,19,SOME,0,955,19,30508,-2616]
09-10 08:50:34.973   568   669 I am_freeze: [2170,com.android.ondevicepersonalization.services]
09-10 08:50:34.983   568   669 I am_compact: [2170,com.android.ondevicepersonalization.services,ANON,105284,53504,51140,0,-4480,-1280,-3200,3328,10,SOME,0,985,19,33124,-948]
09-10 08:50:35.358   568   669 I am_freeze: [2211,com.android.rkpdapp]
09-10 08:50:35.396   568   669 I am_compact: [2211,com.android.rkpdapp,ANON,126292,66944,58708,0,-12672,-896,-11776,11776,38,SOME,0,925,19,34072,-4084]
09-10 08:50:35.458   568   669 I am_freeze: [2226,com.android.shell]
09-10 08:50:35.470   568   669 I am_compact: [2226,com.android.shell,ANON,103820,52224,50956,0,-3072,0,-3072,3072,12,SOME,0,975,19,38156,-960]
09-10 08:50:35.823   568   668 I commit_sys_config_file: [settings-2-0,2]
09-10 08:50:36.815   568   669 I am_freeze: [1890,com.android.localtransport]
09-10 08:50:36.825   568   669 I am_compact: [1890,com.android.localtransport,ANON,105696,54016,51040,0,-3456,0,-3456,3328,10,SOME,0,915,19,39116,-1092]
09-10 08:50:36.830   568   669 I am_freeze: [2199,com.android.packageinstaller]
09-10 08:50:36.834   568   954 I commit_sys_config_file: [appops_accesses,1]
09-10 08:50:36.835   568   668 I commit_sys_config_file: [settings-2-0,1]
09-10 08:50:36.841   568   669 I am_compact: [2199,com.android.packageinstaller,ANON,106056,54272,51144,0,-3456,0,-3456,3456,10,SOME,0,905,19,40208,-1124]
09-10 08:50:36.897   568   669 I am_freeze: [1468,com.android.documentsui]
09-10 08:50:36.915   568   669 I am_compact: [1468,com.android.documentsui,ANON,127304,71336,55328,0,-7936,0,-7936,8064,19,SOME,0,905,19,41332,-2580]
09-10 08:50:36.968   568   623 I commit_sys_config_file: [package-user-0,3]
09-10 08:50:38.114   568   669 I am_unfreeze: [1122,com.android.settings,3]
09-10 08:50:38.525   568   668 I commit_sys_config_file: [settings-2-0,1]
09-10 08:50:38.612   568   669 I am_freeze: [1762,com.android.contacts]
09-10 08:50:38.623   568   669 I am_compact: [1762,com.android.contacts,ANON,110912,59008,51264,0,-3584,0,-3584,3712,11,SOME,0,935,19,43892,-824]
09-10 08:50:39.542   568   668 I commit_sys_config_file: [settings-2-0,1]
09-10 08:50:40.360   568  2018 I sysui_multi_action: [757,803,799,key_back_press,802,1]
09-10 08:50:40.778   568   668 I commit_sys_config_file: [settings-2-0,2]
09-10 08:50:41.804   568   668 I commit_sys_config_file: [settings-2-0,1]
09-10 08:50:42.786   568   668 I commit_sys_config_file: [settings-2-0,1]
09-10 08:50:43.799   568   668 I commit_sys_config_file: [settings-2-0,1]
09-10 08:50:44.840   568   668 I commit_sys_config_file: [settings-2-0,1]
09-10 08:50:45.858   568   668 I commit_sys_config_file: [settings-2-0,1]
09-10 08:50:46.842   568   668 I commit_sys_config_file: [settings-2-0,2]
09-10 08:50:46.878   568   669 I am_freeze: [948,com.android.permissioncontroller]
09-10 08:50:46.900   568   669 I am_compact: [948,com.android.permissioncontroller,ANON,136724,80448,55380,0,-14336,-6016,-8320,8320,21,SOME,0,905,19,44712,-2704]
09-10 08:50:47.856   568   668 I commit_sys_config_file: [settings-2-0,2]
09-10 08:50:48.121   568   669 I am_freeze: [1122,com.android.settings]
09-10 08:50:49.576   568   668 I commit_sys_config_file: [settings-2-0,2]
09-10 08:50:50.588   568   668 I commit_sys_config_file: [settings-2-0,1]
09-10 08:50:52.290   568   668 I commit_sys_config_file: [settings-2-0,2]
09-10 08:50:53.306   568   668 I commit_sys_config_file: [settings-2-0,2]
09-10 08:50:54.462   568   668 I commit_sys_config_file: [settings-2-0,2]
09-10 08:50:55.473   568   668 I commit_sys_config_file: [settings-2-0,2]
09-10 08:50:56.586   568   668 I commit_sys_config_file: [settings-2-0,2]
09-10 08:50:56.758   568   669 I am_unfreeze: [948,com.android.permissioncontroller,6]
09-10 08:50:56.777   568  1033 I service_manager_stats: [100,24,28429]
09-10 08:50:57.611   568   668 I commit_sys_config_file: [settings-2-0,2]
09-10 08:50:58.593   568   668 I commit_sys_config_file: [settings-2-0,2]
09-10 08:50:58.834   568   599 I am_uid_idle: 10070
09-10 08:50:59.606   568   668 I commit_sys_config_file: [settings-2-0,1]
09-10 08:51:00.314   568   599 I am_uid_idle: 10105
09-10 08:51:00.416   568  2018 I sysui_multi_action: [757,803,799,key_back_press,802,1]
09-10 08:51:00.501   568   592 I input_focus: [Focus request 2f917ec dev.partydeck.app/dev.partydeck.app.MainActivity,reason=UpdateInputWindows]
09-10 08:51:00.556  2787  2787 I viewroot_draw_event: [VRI[MainActivity],reportDrawFinished seqId=0]
09-10 08:51:00.565   568   681 I input_focus: [Focus leaving 893e32 dev.partydeck.app/dev.partydeck.app.MainActivity (server),reason=Waiting for window because NO_WINDOW]
09-10 08:51:00.610   568   681 I input_focus: [Focus entering 2f917ec dev.partydeck.app/dev.partydeck.app.MainActivity (server),reason=Window became focusable. Previous reason: NOT_VISIBLE]
09-10 08:51:00.736  3191  3191 I service_manager_slow: [18,window]
09-10 08:51:00.751  2787  2787 I viewroot_draw_event: [VRI[MainActivity],reportDrawFinished seqId=0]
09-10 08:51:00.849   568   599 I am_uid_idle: 10064
09-10 08:51:00.958   568   668 I commit_sys_config_file: [settings-2-0,1]
09-10 08:51:01.992   568   668 I commit_sys_config_file: [settings-2-0,2]
09-10 08:51:02.507   568   599 I am_uid_idle: 10104
09-10 08:51:02.640   568   681 I input_interaction: Interaction with: 2f917ec dev.partydeck.app/dev.partydeck.app.MainActivity (server), PointerEventDispatcher0 (server), 
09-10 08:51:02.660   568   592 I input_focus: [Focus request 893e32 dev.partydeck.app/dev.partydeck.app.MainActivity,reason=UpdateInputWindows]
09-10 08:51:02.752   568   681 I input_focus: [Focus entering 893e32 dev.partydeck.app/dev.partydeck.app.MainActivity (server),reason=setFocusedWindow]
09-10 08:51:02.821   568   599 I am_uid_idle: 10116
09-10 08:51:02.850   568   599 I am_uid_idle: 10083
09-10 08:51:03.162   568   668 I commit_sys_config_file: [settings-2-0,2]
09-10 08:51:04.196   568   668 I commit_sys_config_file: [settings-2-0,2]
09-10 08:51:05.048   568   599 I am_uid_idle: 10087
09-10 08:51:05.180   568   668 I commit_sys_config_file: [settings-2-0,1]
09-10 08:51:05.582   568   599 I am_uid_idle: 10118
09-10 08:51:06.199   568   668 I commit_sys_config_file: [settings-2-0,2]
09-10 08:51:07.360   568   668 I commit_sys_config_file: [settings-2-0,2]
09-10 08:51:08.371   568   668 I commit_sys_config_file: [settings-2-0,2]
09-10 08:51:09.015   568   681 I input_interaction: Interaction with: 893e32 dev.partydeck.app/dev.partydeck.app.MainActivity (server), PointerEventDispatcher0 (server), 
09-10 08:51:09.429   568   668 I commit_sys_config_file: [settings-2-0,2]
09-10 08:51:10.454   568   668 I commit_sys_config_file: [settings-2-0,2]
09-10 08:51:11.589   568   668 I commit_sys_config_file: [settings-2-0,2]
09-10 08:51:12.612   568   668 I commit_sys_config_file: [settings-2-0,1]
09-10 08:51:13.606   568   668 I commit_sys_config_file: [settings-2-0,1]
09-10 08:51:14.620   568   668 I commit_sys_config_file: [settings-2-0,2]
09-10 08:51:15.718   568   668 I commit_sys_config_file: [settings-2-0,2]
09-10 08:51:16.740   568   668 I commit_sys_config_file: [settings-2-0,1]
09-10 08:51:16.866   568   669 I am_freeze: [948,com.android.permissioncontroller]
09-10 08:51:16.882   568   669 I am_compact: [948,com.android.permissioncontroller,ANON,131372,78528,51948,3060,-9088,-4096,-4992,5120,15,FULL,68787,905,19,46808,-652]
09-10 08:51:17.726   568   668 I commit_sys_config_file: [settings-2-0,1]
09-10 08:51:18.736   568   668 I commit_sys_config_file: [settings-2-0,1]
09-10 08:51:19.855   568   668 I commit_sys_config_file: [settings-2-0,1]
09-10 08:51:20.424   568   599 I am_uid_idle: 10062
09-10 08:51:20.868   568   668 I commit_sys_config_file: [settings-2-0,1]
09-10 08:51:21.346   568   599 I am_uid_idle: 10065
09-10 08:51:21.853   568   668 I commit_sys_config_file: [settings-2-0,3]
09-10 08:51:22.728   568   599 I am_uid_idle: 10097
09-10 08:51:22.785   568   599 I am_uid_idle: 10130
09-10 08:51:22.841   568   599 I am_uid_idle: 10102
09-10 08:51:22.863   568   668 I commit_sys_config_file: [settings-2-0,2]
09-10 08:51:22.970   568   599 I am_uid_idle: 10111
09-10 08:51:23.010   568   599 I am_uid_idle: 10067
09-10 08:51:23.032   568   599 I am_uid_idle: 10074
09-10 08:51:23.137   568   599 I am_uid_idle: 10079
09-10 08:51:23.168   568   599 I am_uid_idle: 10100
09-10 08:51:23.195   568   599 I am_uid_idle: 10076
09-10 08:51:23.675   568   638 I sysui_multi_action: [757,803,799,key_back_press,802,1]
09-10 08:51:23.771   568   599 I am_uid_idle: 10107
09-10 08:51:24.056   568   668 I commit_sys_config_file: [settings-2-0,2]
09-10 08:51:24.221   568   599 I am_uid_idle: 10142
09-10 08:51:24.780   568   599 I am_uid_idle: 10114
09-10 08:51:24.973   568   599 I am_uid_idle: 10141
09-10 08:51:25.069   568   668 I commit_sys_config_file: [settings-2-0,2]
09-10 08:51:25.257   568   599 I am_uid_idle: 10063
09-10 08:51:25.357   568   599 I am_uid_idle: 10136
09-10 08:51:25.423   568   848 I service_manager_stats: [100,21,28646]
09-10 08:51:25.457   568   599 I am_uid_idle: 2000
09-10 08:51:25.882   568  2387 I am_uid_stopped: 10148
09-10 08:51:25.883   568  2387 I am_kill : [0,2787,dev.partydeck.app,0,stop dev.partydeck.app due to from pid 3456,232820]
09-10 08:51:25.883   568  2387 I wm_finish_activity: [0,60354724,8,dev.partydeck.app/.MainActivity,proc died without state saved]
09-10 08:51:25.890   568  2387 I wm_task_moved: [1,1,0,1,2]
09-10 08:51:25.890   568  2387 I wm_task_moved: [7,1,0,1,2147483647]
09-10 08:51:25.890   568  2387 I wm_task_to_front: [0,7,0]
09-10 08:51:25.890   568  2387 I wm_focused_root_task: [0,0,1,8,handleAppDied adjustFocusToNextFocusableTask]
09-10 08:51:25.891   568  2387 I wm_set_resumed_activity: [0,com.android.launcher3/.uioverrides.QuickstepLauncher,resumeTopActivity - onActivityStateChanged]
09-10 08:51:25.891   568  2387 I wm_resume_activity: [0,189259255,7,com.android.launcher3/.uioverrides.QuickstepLauncher]
09-10 08:51:25.892  1206  1206 I wm_on_restart_called: [189259255,com.android.launcher3.uioverrides.QuickstepLauncher,performRestart,0]
09-10 08:51:25.893   568   592 I input_focus: [Requesting to set focus to null window,reason=UpdateInputWindows]
09-10 08:51:25.895  1206  1206 I wm_on_start_called: [189259255,com.android.launcher3.uioverrides.QuickstepLauncher,handleStartActivity,3]
09-10 08:51:25.896  1206  1206 I wm_on_resume_called: [189259255,com.android.launcher3.uioverrides.QuickstepLauncher,RESUME_ACTIVITY,0]
09-10 08:51:25.896  1206  1206 I wm_on_top_resumed_gained_called: [189259255,com.android.launcher3.uioverrides.QuickstepLauncher,topWhenResuming]
09-10 08:51:25.905   568   568 I notification_cancel_all: [1000,568,dev.partydeck.app,0,0,0,5,NULL]
09-10 08:51:25.907   568   592 I input_focus: [Focus request 6d70ed6 com.android.launcher3/com.android.launcher3.uioverrides.QuickstepLauncher,reason=UpdateInputWindows]
09-10 08:51:25.912  1206  1206 I viewroot_draw_event: [VRI[QuickstepLauncher],Start draw after previous draw not visible]
09-10 08:51:25.948  1206  1206 I viewroot_draw_event: [VRI[QuickstepLauncher],reportDrawFinished seqId=0]
09-10 08:51:26.014  1206  1219 I jank_cuj_events_end_request: [78,1789030286014841000,107902431878,107902431958]
09-10 08:51:26.016  1206  1219 I jank_cuj_events_begin_request: [78,1789030286015771000,107903362237,107903362367,]
09-10 08:51:26.057   568   681 I input_focus: [Focus entering 6d70ed6 com.android.launcher3/com.android.launcher3.uioverrides.QuickstepLauncher (server),reason=Window became focusable. Previous reason: NOT_VISIBLE]
09-10 08:51:26.213   568  1196 I dvm_lock_sample: [system_server,0,binder:568_B,256,ActivityClientController.java,179,void com.android.server.wm.ActivityClientController.activityIdle(android.os.IBinder, android.content.res.Configuration, boolean),WindowSurfacePlacer.java,58,void com.android.server.wm.WindowSurfacePlacer$Traverser.run(),51]
09-10 08:51:26.214   568  2018 I dvm_lock_sample: [system_server,0,binder:568_17,253,ActivityStarter.java,731,int com.android.server.wm.ActivityStarter.execute(),WindowSurfacePlacer.java,58,void com.android.server.wm.WindowSurfacePlacer$Traverser.run(),50]
09-10 08:51:26.214   568  1939 I dvm_lock_sample: [system_server,1,binder:568_14,251,ActivityTaskManagerService.java,1998,android.app.ActivityTaskManager$RootTaskInfo com.android.server.wm.ActivityTaskManagerService.getFocusedRootTaskInfo(),WindowSurfacePlacer.java,58,void com.android.server.wm.WindowSurfacePlacer$Traverser.run(),50]
09-10 08:51:26.214   568  1643 I dvm_lock_sample: [system_server,0,binder:568_12,198,BLASTSyncEngine.java,237,void com.android.server.wm.BLASTSyncEngine$SyncGroup$1CommitCallback.onCommitted(android.view.SurfaceControl$Transaction),,0,null,39]
09-10 08:51:26.215   568  2387 I dvm_lock_sample: [system_server,0,binder:568_1A,265,WindowManagerService.java,4916,void com.android.server.wm.WindowManagerService.reportSystemGestureExclusionChanged(com.android.server.wm.Session, android.view.IWindow, java.util.List),,0,null,53]
09-10 08:51:26.215   568   592 I wm_wallpaper_surface: [0,1,Window{6d70ed6 u0 com.android.launcher3/com.android.launcher3.uioverrides.QuickstepLauncher}]
09-10 08:51:26.218   568  2018 I wm_task_created: 9
09-10 08:51:26.219   568  2018 I wm_task_moved: [9,9,0,1,3]
09-10 08:51:26.219   568  2018 I wm_task_to_front: [0,9,0]
09-10 08:51:26.219   568  2018 I wm_create_task: [0,9,9,0]
09-10 08:51:26.219   568  2018 I wm_create_activity: [0,9645073,9,dev.partydeck.app/.MainActivity,NULL,NULL,NULL,268435456]
09-10 08:51:26.219   568  2018 I wm_task_moved: [9,9,0,1,3]
09-10 08:51:26.220   568  2018 I wm_pause_activity: [0,189259255,com.android.launcher3/.uioverrides.QuickstepLauncher,userLeaving=true,pauseBackTasks]
09-10 08:51:26.221  1206  1206 I wm_on_top_resumed_lost_called: [189259255,com.android.launcher3.uioverrides.QuickstepLauncher,topStateChangedWhenResumed]
09-10 08:51:26.226   568  2387 I wm_task_removed: [8,8,0,removeChild, last child = ActivityRecord{398f0a4 u0 dev.partydeck.app/.MainActivity t-1 f} isExiting} in Task{4489e0d #8 type=standard A=10148:dev.partydeck.app}]
09-10 08:51:26.228  1206  1206 I wm_on_paused_called: [189259255,com.android.launcher3.uioverrides.QuickstepLauncher,performPause,0]
09-10 08:51:26.228   568   591 I am_uid_running: 10148
09-10 08:51:26.230   568  1939 I wm_add_to_stopping: [0,189259255,com.android.launcher3/.uioverrides.QuickstepLauncher,makeInvisible]
09-10 08:51:26.232   568   588 I sysui_multi_action: [757,803,799,window_time_0,802,60]
09-10 08:51:26.257   568   600 I am_proc_start: [0,3468,10148,dev.partydeck.app,next-top-activity,{dev.partydeck.app/dev.partydeck.app.MainActivity}]
09-10 08:51:26.321   935  1005 I viewroot_draw_event: [VRI[app],reportDrawFinished seqId=0]
09-10 08:51:26.352   568   681 I input_focus: [Focus leaving 6d70ed6 com.android.launcher3/com.android.launcher3.uioverrides.QuickstepLauncher (server),reason=NO_WINDOW]
09-10 08:51:26.410   568  1196 I am_proc_bound: [0,3468,dev.partydeck.app]
09-10 08:51:26.414   568  1196 I am_uid_active: 10148
09-10 08:51:26.450  1206  1206 I viewroot_draw_event: [VRI[QuickstepLauncher],Not drawing due to not visible. Reason=!mAppVisible && !mForceDecorViewVisibility]
09-10 08:51:26.463   568   592 I wm_wallpaper_surface: [0,0,null]
09-10 08:51:26.893   568   981 I wm_restart_activity: [0,9645073,9,dev.partydeck.app/.MainActivity]
09-10 08:51:26.894   568   981 I wm_set_resumed_activity: [0,dev.partydeck.app/.MainActivity,realStartActivityLocked - onActivityStateChanged]
09-10 08:51:27.011  3468  3468 I wm_on_create_called: [9645073,dev.partydeck.app.MainActivity,performCreate,88]
09-10 08:51:27.013  3468  3468 I wm_on_start_called: [9645073,dev.partydeck.app.MainActivity,handleStartActivity,1]
09-10 08:51:27.015  3468  3468 I wm_on_resume_called: [9645073,dev.partydeck.app.MainActivity,RESUME_ACTIVITY,1]
09-10 08:51:27.023  3468  3468 I wm_on_top_resumed_gained_called: [9645073,dev.partydeck.app.MainActivity,topStateChangedWhenResumed]
09-10 08:51:27.541   568   592 I input_focus: [Focus request da38e61 dev.partydeck.app/dev.partydeck.app.MainActivity,reason=UpdateInputWindows]
09-10 08:51:27.745  3468  3468 I viewroot_draw_event: [VRI[MainActivity],reportDrawFinished seqId=0]
09-10 08:51:27.750   568   588 I sysui_multi_action: [319,110,321,108,322,1534,325,108,757,761,758,7,759,1,806,dev.partydeck.app,871,dev.partydeck.app.MainActivity,904,com.android.shell,905,0,945,196,1320,12,1321,1]
09-10 08:51:27.751   568   588 I wm_activity_launch_time: [0,9645073,dev.partydeck.app/.MainActivity,1534]
09-10 08:51:27.756   935   991 I jank_cuj_events_begin_request: [39,1789030287755883000,109643473788,109643473879,]
09-10 08:51:27.772   935   991 I jank_cuj_events_end_request: [39,1789030287772101000,109659696956,109659697037]
09-10 08:51:27.790   935  1005 I viewroot_draw_event: [VRI[app],Not drawing due to not visible. Reason=View.GONE]
09-10 08:51:27.791   568   591 I wm_stop_activity: [0,189259255,com.android.launcher3/.uioverrides.QuickstepLauncher]
09-10 08:51:27.804  1206  1206 I wm_on_stop_called: [189259255,com.android.launcher3.uioverrides.QuickstepLauncher,STOP_ACTIVITY_ITEM,7]
09-10 08:51:27.817   568   681 I input_focus: [Focus entering da38e61 dev.partydeck.app/dev.partydeck.app.MainActivity (server),reason=Window became focusable. Previous reason: NOT_VISIBLE]
09-10 08:51:28.279   568   668 I commit_sys_config_file: [settings-2-0,2]
09-10 08:51:29.386   568   668 I commit_sys_config_file: [settings-2-0,2]
09-10 08:51:30.029   568   681 I input_interaction: Interaction with: da38e61 dev.partydeck.app/dev.partydeck.app.MainActivity (server), PointerEventDispatcher0 (server), 
09-10 08:51:30.460   568   668 I commit_sys_config_file: [settings-2-0,2]
09-10 08:51:31.516   568   668 I commit_sys_config_file: [settings-2-0,2]
09-10 08:51:32.497   568   668 I commit_sys_config_file: [settings-2-0,2]
09-10 08:51:33.541   568   668 I commit_sys_config_file: [settings-2-0,1]
09-10 08:51:34.517   568   668 I commit_sys_config_file: [settings-2-0,1]
09-10 08:51:35.544   568   668 I commit_sys_config_file: [settings-2-0,2]
09-10 08:51:35.930   568   623 I commit_sys_config_file: [package-user-0,3]
09-10 08:51:35.942   568   669 I am_freeze: [1618,android.process.acore]
09-10 08:51:35.942   568   669 I am_freeze: [1548,android.process.media]
09-10 08:51:35.964   568   669 I am_compact: [1618,android.process.acore,ANON,128592,72236,55716,0,-8576,0,-8576,8576,21,SOME,0,915,19,47460,-2960]
09-10 08:51:35.977   568   669 I am_compact: [1548,android.process.media,ANON,117008,63872,52496,0,-4992,0,-4992,4992,13,SOME,0,985,19,50420,-1516]
09-10 08:51:36.522   568   668 I commit_sys_config_file: [settings-2-0,2]
09-10 08:51:37.557   568   668 I commit_sys_config_file: [settings-2-0,2]
09-10 08:51:38.542   568   668 I commit_sys_config_file: [settings-2-0,1]
09-10 08:51:39.565   568   668 I commit_sys_config_file: [settings-2-0,2]
09-10 08:51:40.548   568   668 I commit_sys_config_file: [settings-2-0,2]
09-10 08:51:41.570   568   668 I commit_sys_config_file: [settings-2-0,2]
09-10 08:51:42.550   568   668 I commit_sys_config_file: [settings-2-0,1]
09-10 08:51:43.571   568   668 I commit_sys_config_file: [settings-2-0,2]
09-10 08:51:44.380   568   841 I sysui_multi_action: [757,803,799,key_back_press,802,1]
09-10 08:51:44.762   568   668 I commit_sys_config_file: [settings-2-0,2]
09-10 08:51:45.797   568   668 I commit_sys_config_file: [settings-2-0,1]
09-10 08:51:46.780   568   668 I commit_sys_config_file: [settings-2-0,2]
09-10 08:51:47.799   568   668 I commit_sys_config_file: [settings-2-0,2]
09-10 08:51:48.924   568   668 I commit_sys_config_file: [settings-2-0,2]
09-10 08:51:49.956   568   668 I commit_sys_config_file: [settings-2-0,1]
09-10 08:51:50.942   568   668 I commit_sys_config_file: [settings-2-0,1]
09-10 08:51:51.960   568   668 I commit_sys_config_file: [settings-2-0,2]
09-10 08:51:52.939   568   668 I commit_sys_config_file: [settings-2-0,1]
09-10 08:51:53.956   568   668 I commit_sys_config_file: [settings-2-0,2]
09-10 08:51:54.936   568   668 I commit_sys_config_file: [settings-2-0,1]
09-10 08:51:55.952   568   668 I commit_sys_config_file: [settings-2-0,2]
09-10 08:51:56.931   568   668 I commit_sys_config_file: [settings-2-0,2]
09-10 08:51:57.957   568   668 I commit_sys_config_file: [settings-2-0,2]
09-10 08:51:59.103   568   668 I commit_sys_config_file: [settings-2-0,1]
09-10 08:52:00.118   568   668 I commit_sys_config_file: [settings-2-0,1]
09-10 08:52:01.178   568   668 I commit_sys_config_file: [settings-2-0,1]
09-10 08:52:02.211   568   668 I commit_sys_config_file: [settings-2-0,1]
09-10 08:52:03.193   568   668 I commit_sys_config_file: [settings-2-0,1]
09-10 08:52:04.216   568   668 I commit_sys_config_file: [settings-2-0,1]
09-10 08:52:05.356   568   668 I commit_sys_config_file: [settings-2-0,1]
09-10 08:52:06.394   568   668 I commit_sys_config_file: [settings-2-0,2]
09-10 08:52:06.849   568   599 I am_uid_idle: 10146
09-10 08:52:07.377   568   668 I commit_sys_config_file: [settings-2-0,1]
09-10 08:52:08.399   568   668 I commit_sys_config_file: [settings-2-0,1]
09-10 08:52:09.177   568  2018 I service_manager_stats: [100,20,43755]
09-10 08:52:09.380   568   668 I commit_sys_config_file: [settings-2-0,1]
09-10 08:52:10.403   568   668 I commit_sys_config_file: [settings-2-0,2]
09-10 08:52:11.557   568   668 I commit_sys_config_file: [settings-2-0,1]
09-10 08:52:12.580   568   668 I commit_sys_config_file: [settings-2-0,2]
09-10 08:52:13.613   568   668 I commit_sys_config_file: [settings-2-0,2]
09-10 08:52:14.639   568   668 I commit_sys_config_file: [settings-2-0,2]
09-10 08:52:15.620   568   668 I commit_sys_config_file: [settings-2-0,2]
09-10 08:52:16.635   568   668 I commit_sys_config_file: [settings-2-0,2]
09-10 08:52:17.616   568   668 I commit_sys_config_file: [settings-2-0,2]
09-10 08:52:18.629   568   668 I commit_sys_config_file: [settings-2-0,1]
09-10 08:52:19.606   568   668 I commit_sys_config_file: [settings-2-0,2]
09-10 08:52:20.619   568   668 I commit_sys_config_file: [settings-2-0,1]
09-10 08:52:21.659   568   668 I commit_sys_config_file: [settings-2-0,1]
09-10 08:52:22.681   568   668 I commit_sys_config_file: [settings-2-0,2]
09-10 08:52:23.668   568   668 I commit_sys_config_file: [settings-2-0,2]
09-10 08:52:24.690   568   668 I commit_sys_config_file: [settings-2-0,2]
09-10 08:52:25.816   568   668 I commit_sys_config_file: [settings-2-0,2]
09-10 08:52:26.856   568   668 I commit_sys_config_file: [settings-2-0,2]
09-10 08:52:27.504   568   589 I wm_task_moved: [1,1,0,1,2]
09-10 08:52:27.505   568   589 I wm_task_moved: [7,1,0,1,2147483647]
09-10 08:52:27.505   568   589 I wm_task_to_front: [0,7,0]
09-10 08:52:27.505   568   589 I wm_focused_root_task: [0,0,1,9,bringingFoundTaskToFront]
09-10 08:52:27.505   568   589 I wm_new_intent: [0,189259255,7,com.android.launcher3/.uioverrides.QuickstepLauncher,android.intent.action.MAIN,NULL,NULL,268435712]
09-10 08:52:27.505   568   589 I wm_pause_activity: [0,9645073,dev.partydeck.app/.MainActivity,userLeaving=true,pauseBackTasks]
09-10 08:52:27.506   568   589 I wm_add_to_stopping: [0,9645073,dev.partydeck.app/.MainActivity,makeInvisible]
09-10 08:52:27.506   568   588 I sysui_multi_action: [757,803,799,window_time_0,802,61]
09-10 08:52:27.506   568   589 I wm_set_resumed_activity: [0,com.android.launcher3/.uioverrides.QuickstepLauncher,resumeTopActivity - onActivityStateChanged]
09-10 08:52:27.507   568   589 I wm_resume_activity: [0,189259255,7,com.android.launcher3/.uioverrides.QuickstepLauncher]
09-10 08:52:27.509   568   592 I input_focus: [Requesting to set focus to null window,reason=UpdateInputWindows]
09-10 08:52:27.509  1206  1206 I wm_on_restart_called: [189259255,com.android.launcher3.uioverrides.QuickstepLauncher,performRestart,0]
09-10 08:52:27.509  1206  1206 I wm_on_start_called: [189259255,com.android.launcher3.uioverrides.QuickstepLauncher,handleStartActivity,1]
09-10 08:52:27.509  3468  3468 I wm_on_top_resumed_lost_called: [9645073,dev.partydeck.app.MainActivity,topStateChangedWhenResumed]
09-10 08:52:27.510  1206  1206 I wm_on_resume_called: [189259255,com.android.launcher3.uioverrides.QuickstepLauncher,RESUME_ACTIVITY,0]
09-10 08:52:27.512  3468  3468 I wm_on_paused_called: [9645073,dev.partydeck.app.MainActivity,performPause,0]
09-10 08:52:27.513   935   991 I jank_cuj_events_end_request: [55,1789030347513221000,169400811665,169400811755]
09-10 08:52:27.532   568   592 I input_focus: [Focus request 6d70ed6 com.android.launcher3/com.android.launcher3.uioverrides.QuickstepLauncher,reason=UpdateInputWindows]
09-10 08:52:27.538  1206  1206 I viewroot_draw_event: [VRI[QuickstepLauncher],Start draw after previous draw not visible]
09-10 08:52:27.570  1206  1206 I viewroot_draw_event: [VRI[QuickstepLauncher],reportDrawFinished seqId=0]
09-10 08:52:27.574  1206  1206 I wm_on_top_resumed_gained_called: [189259255,com.android.launcher3.uioverrides.QuickstepLauncher,topStateChangedWhenResumed]
09-10 08:52:27.613   568   681 I input_focus: [Focus leaving da38e61 dev.partydeck.app/dev.partydeck.app.MainActivity (server),reason=NO_WINDOW]
09-10 08:52:27.634   568   588 I sysui_multi_action: [319,83,322,72,325,169,757,761,758,9,759,2,806,com.android.launcher3,871,com.android.launcher3.uioverrides.QuickstepLauncher,905,0,1320,4,1321,23]
09-10 08:52:27.735  1206  1219 I jank_cuj_events_end_request: [78,1789030347735562000,169623153455,169623153646]
09-10 08:52:27.735  1206  1219 I jank_cuj_events_begin_request: [78,1789030347735683000,169623273099,169623273180,]
09-10 08:52:27.935   568   681 I input_focus: [Focus entering 6d70ed6 com.android.launcher3/com.android.launcher3.uioverrides.QuickstepLauncher (server),reason=Window became focusable. Previous reason: NOT_VISIBLE]
09-10 08:52:28.017   568   591 I dvm_lock_sample: [system_server,1,android.display,442,WindowManagerService.java,5826,void com.android.server.wm.WindowManagerService$H.handleMessage(android.os.Message),WindowSurfacePlacer.java,58,void com.android.server.wm.WindowSurfacePlacer$Traverser.run(),88]
09-10 08:52:28.018   568  2018 I dvm_lock_sample: [system_server,1,binder:568_17,404,ActivityTaskManagerService.java,5751,void com.android.server.wm.ActivityTaskManagerService.setRunningRemoteTransitionDelegate(android.app.IApplicationThread),WindowSurfacePlacer.java,58,void com.android.server.wm.WindowSurfacePlacer$Traverser.run(),80]
09-10 08:52:28.018   568  1939 I dvm_lock_sample: [system_server,1,binder:568_14,404,ActivityTaskManagerService.java,1998,android.app.ActivityTaskManager$RootTaskInfo com.android.server.wm.ActivityTaskManagerService.getFocusedRootTaskInfo(),WindowSurfacePlacer.java,58,void com.android.server.wm.WindowSurfacePlacer$Traverser.run(),80]
09-10 08:52:28.022   568  3459 I dvm_lock_sample: [system_server,0,binder:568_1B,354,BLASTSyncEngine.java,237,void com.android.server.wm.BLASTSyncEngine$SyncGroup$1CommitCallback.onCommitted(android.view.SurfaceControl$Transaction),WindowSurfacePlacer.java,58,void com.android.server.wm.WindowSurfacePlacer$Traverser.run(),70]
09-10 08:52:28.025   568  1196 I dvm_lock_sample: [system_server,0,binder:568_B,447,ActivityClientController.java,179,void com.android.server.wm.ActivityClientController.activityIdle(android.os.IBinder, android.content.res.Configuration, boolean),,0,null,89]
09-10 08:52:28.026   568  1196 I wm_stop_activity: [0,9645073,dev.partydeck.app/.MainActivity]
09-10 08:52:28.028   568   592 I wm_wallpaper_surface: [0,1,Window{6d70ed6 u0 com.android.launcher3/com.android.launcher3.uioverrides.QuickstepLauncher}]
09-10 08:52:28.031   568   689 I dvm_lock_sample: [system_server,0,android.imms,95,WindowManagerService.java,8268,int com.android.server.wm.WindowManagerService$LocalService.hasInputMethodClientFocus(android.os.IBinder, int, int, int),,0,null,19]
09-10 08:52:28.067  3468  3468 I viewroot_draw_event: [VRI[MainActivity],Not drawing due to not visible. Reason=!mAppVisible && !mForceDecorViewVisibility]
09-10 08:52:28.153  3468  3468 I wm_on_stop_called: [9645073,dev.partydeck.app.MainActivity,STOP_ACTIVITY_ITEM,1]
09-10 08:52:28.242   568   668 I commit_sys_config_file: [settings-2-0,17]
09-10 08:52:29.261   568   668 I commit_sys_config_file: [settings-2-0,1]
09-10 08:52:29.906   568   841 I wm_task_moved: [9,9,0,1,2]
09-10 08:52:29.906   568   841 I wm_task_to_front: [0,9,0]
09-10 08:52:29.906   568   841 I wm_focused_root_task: [0,0,9,1,bringingFoundTaskToFront]
09-10 08:52:29.907   568   841 I wm_pause_activity: [0,189259255,com.android.launcher3/.uioverrides.QuickstepLauncher,userLeaving=true,pauseBackTasks]
09-10 08:52:29.908  1206  1206 I wm_on_top_resumed_lost_called: [189259255,com.android.launcher3.uioverrides.QuickstepLauncher,topStateChangedWhenResumed]
09-10 08:52:29.909  1206  1206 I wm_on_paused_called: [189259255,com.android.launcher3.uioverrides.QuickstepLauncher,performPause,0]
09-10 08:52:29.910   568  1939 I wm_set_resumed_activity: [0,dev.partydeck.app/.MainActivity,resumeTopActivity - onActivityStateChanged]
09-10 08:52:29.911   568  1939 I wm_add_to_stopping: [0,189259255,com.android.launcher3/.uioverrides.QuickstepLauncher,makeInvisible]
09-10 08:52:29.911   568  1939 I wm_resume_activity: [0,9645073,9,dev.partydeck.app/.MainActivity]
09-10 08:52:29.912   568   588 I sysui_multi_action: [757,803,799,window_time_0,802,2]
09-10 08:52:29.912  3468  3468 I wm_on_restart_called: [9645073,dev.partydeck.app.MainActivity,performRestart,0]
09-10 08:52:29.913  3468  3468 I wm_on_start_called: [9645073,dev.partydeck.app.MainActivity,handleStartActivity,1]
09-10 08:52:29.914   568   592 I input_focus: [Requesting to set focus to null window,reason=UpdateInputWindows]
09-10 08:52:29.918  3468  3468 I wm_on_resume_called: [9645073,dev.partydeck.app.MainActivity,RESUME_ACTIVITY,0]
09-10 08:52:29.918  3468  3468 I wm_on_top_resumed_gained_called: [9645073,dev.partydeck.app.MainActivity,topWhenResuming]
09-10 08:52:29.939   568   592 I input_focus: [Focus request da38e61 dev.partydeck.app/dev.partydeck.app.MainActivity,reason=UpdateInputWindows]
09-10 08:52:29.945  3468  3468 I viewroot_draw_event: [VRI[MainActivity],Start draw after previous draw not visible]
09-10 08:52:30.022  3468  3468 I viewroot_draw_event: [VRI[MainActivity],reportDrawFinished seqId=0]
09-10 08:52:30.022   568   681 I input_focus: [Focus leaving 6d70ed6 com.android.launcher3/com.android.launcher3.uioverrides.QuickstepLauncher (server),reason=Waiting for window because NO_WINDOW]
09-10 08:52:30.025   568   591 I wm_stop_activity: [0,189259255,com.android.launcher3/.uioverrides.QuickstepLauncher]
09-10 08:52:30.026  1206  1206 I viewroot_draw_event: [VRI[QuickstepLauncher],Not drawing due to not visible. Reason=!mAppVisible && !mForceDecorViewVisibility]
09-10 08:52:30.026   568   588 I sysui_multi_action: [319,27,321,17,322,121,325,171,757,761,758,9,759,2,806,dev.partydeck.app,871,dev.partydeck.app.MainActivity,904,com.android.shell,905,0,1320,12,1321,1]
09-10 08:52:30.028  1206  1206 I wm_on_stop_called: [189259255,com.android.launcher3.uioverrides.QuickstepLauncher,STOP_ACTIVITY_ITEM,2]
09-10 08:52:30.033   568   592 I wm_wallpaper_surface: [0,0,null]
09-10 08:52:30.086   568   681 I input_focus: [Focus entering da38e61 dev.partydeck.app/dev.partydeck.app.MainActivity (server),reason=Window became focusable. Previous reason: NOT_VISIBLE]
09-10 08:52:30.523   568   668 I commit_sys_config_file: [settings-2-0,1]
09-10 08:52:31.543   568   668 I commit_sys_config_file: [settings-2-0,2]
09-10 08:52:32.524   568   668 I commit_sys_config_file: [settings-2-0,2]
09-10 08:52:33.537   568   668 I commit_sys_config_file: [settings-2-0,2]
09-10 08:52:34.517   568   668 I commit_sys_config_file: [settings-2-0,1]
09-10 08:52:35.528   568   668 I commit_sys_config_file: [settings-2-0,2]
09-10 08:52:36.509   568   668 I commit_sys_config_file: [settings-2-0,2]
09-10 08:52:37.522   568   668 I commit_sys_config_file: [settings-2-0,2]
09-10 08:52:38.511   568   668 I commit_sys_config_file: [settings-2-0,2]
09-10 08:52:39.524   568   668 I commit_sys_config_file: [settings-2-0,2]
09-10 08:52:40.673   568   668 I commit_sys_config_file: [settings-2-0,2]
09-10 08:52:41.687   568   668 I commit_sys_config_file: [settings-2-0,1]
09-10 08:52:42.736   568   668 I commit_sys_config_file: [settings-2-0,2]
09-10 08:52:43.758   568   668 I commit_sys_config_file: [settings-2-0,2]
09-10 08:52:44.740   568   668 I commit_sys_config_file: [settings-2-0,1]
09-10 08:52:45.762   568   668 I commit_sys_config_file: [settings-2-0,2]
09-10 08:52:46.743   568   668 I commit_sys_config_file: [settings-2-0,2]
09-10 08:52:47.763   568   668 I commit_sys_config_file: [settings-2-0,2]
09-10 08:52:48.933   568   668 I commit_sys_config_file: [settings-2-0,2]
09-10 08:52:49.962   568   668 I commit_sys_config_file: [settings-2-0,2]
09-10 08:52:51.023   568   668 I commit_sys_config_file: [settings-2-0,2]
09-10 08:52:52.044   568   668 I commit_sys_config_file: [settings-2-0,2]
09-10 08:52:53.026   568   668 I commit_sys_config_file: [settings-2-0,2]
09-10 08:52:54.039   568   668 I commit_sys_config_file: [settings-2-0,2]
09-10 08:52:54.848   568   841 I sysui_multi_action: [757,803,799,key_back_press,802,1]
09-10 08:52:54.929   568   592 I input_focus: [Focus request e03bcb5 dev.partydeck.app/dev.partydeck.app.MainActivity,reason=UpdateInputWindows]
09-10 08:52:54.949   568   681 I input_focus: [Focus leaving da38e61 dev.partydeck.app/dev.partydeck.app.MainActivity (server),reason=Waiting for window because NOT_VISIBLE]
09-10 08:52:54.984  3468  3468 I viewroot_draw_event: [VRI[MainActivity],reportDrawFinished seqId=0]
09-10 08:52:55.035  3468  3468 I viewroot_draw_event: [VRI[MainActivity],reportDrawFinished seqId=0]
09-10 08:52:55.059   568   681 I input_focus: [Focus entering e03bcb5 dev.partydeck.app/dev.partydeck.app.MainActivity (server),reason=Window became focusable. Previous reason: NOT_VISIBLE]
09-10 08:52:55.379   568   668 I commit_sys_config_file: [settings-2-0,2]
09-10 08:52:55.549   568   848 I service_manager_stats: [100,23,46371]
09-10 08:52:56.393   568   668 I commit_sys_config_file: [settings-2-0,2]
09-10 08:52:57.034   568   681 I input_interaction: Interaction with: e03bcb5 dev.partydeck.app/dev.partydeck.app.MainActivity (server), PointerEventDispatcher0 (server), 
09-10 08:52:57.055   568   592 I input_focus: [Focus request da38e61 dev.partydeck.app/dev.partydeck.app.MainActivity,reason=UpdateInputWindows]
09-10 08:52:57.152   568   681 I input_focus: [Focus entering da38e61 dev.partydeck.app/dev.partydeck.app.MainActivity (server),reason=setFocusedWindow]
09-10 08:52:57.516   568   668 I commit_sys_config_file: [settings-2-0,1]
09-10 08:52:58.543   568   668 I commit_sys_config_file: [settings-2-0,1]
09-10 08:52:59.523   568   668 I commit_sys_config_file: [settings-2-0,2]
09-10 08:53:00.536   568   668 I commit_sys_config_file: [settings-2-0,1]
09-10 08:53:01.688   568   668 I commit_sys_config_file: [settings-2-0,2]
09-10 08:53:02.700   568   668 I commit_sys_config_file: [settings-2-0,2]
09-10 08:53:03.341   568   681 I input_interaction: Interaction with: da38e61 dev.partydeck.app/dev.partydeck.app.MainActivity (server), PointerEventDispatcher0 (server), 
09-10 08:53:03.827   568   668 I commit_sys_config_file: [settings-2-0,2]
09-10 08:53:04.837   568   668 I commit_sys_config_file: [settings-2-0,1]
09-10 08:53:05.774  3468  3468 I viewroot_draw_event: [VRI[Pop-Up Window],reportDrawFinished seqId=0]
09-10 08:53:05.946  3468  3468 I viewroot_draw_event: [VRI[Pop-Up Window],reportDrawFinished seqId=0]
09-10 08:53:05.988  1206  1219 I jank_cuj_events_begin_request: [61,1789030385987639000,207875230449,207875230610,]
09-10 08:53:05.997  1725  1725 I viewroot_draw_event: [VRI[InputMethod],Start draw after previous draw not visible]
09-10 08:53:06.001  1206  1219 I jank_cuj_events_end_request: [61,1789030385998886000,207886617800,207886617960]
09-10 08:53:06.072   568   668 I commit_sys_config_file: [settings-2-0,13]
09-10 08:53:06.182  1725  1725 I viewroot_draw_event: [VRI[InputMethod],reportDrawFinished seqId=0]
09-10 08:53:06.241  1725  1725 I viewroot_draw_event: [VRI[InputMethod],reportDrawFinished seqId=0]
09-10 08:53:06.271  3468  4527 I jank_cuj_events_begin_request: [80,1789030386263196000,208150811647,208150812659,0@1@dev.partydeck.app]
09-10 08:53:06.271  3468  4527 I jank_cuj_events_end_request: [80,1789030386268410000,208156057073,208156057634]
09-10 08:53:06.385  1725  1725 I viewroot_draw_event: [VRI[InputMethod],reportDrawFinished seqId=0]
09-10 08:53:07.166   568   668 I commit_sys_config_file: [settings-2-0,2]
09-10 08:53:08.455   568   668 I commit_sys_config_file: [settings-2-0,2]
09-10 08:53:09.491   568   668 I commit_sys_config_file: [settings-2-0,2]
09-10 08:53:10.467   568   668 I commit_sys_config_file: [settings-2-0,2]
09-10 08:53:11.480   568   668 I commit_sys_config_file: [settings-2-0,2]
09-10 08:53:13.328   568   668 I commit_sys_config_file: [settings-2-0,2]
09-10 08:53:14.371   568   668 I commit_sys_config_file: [settings-2-0,5]
09-10 08:53:15.029   568  1643 I sysui_multi_action: [757,803,799,key_back_press,802,1]
09-10 08:53:15.033  1206  1219 I jank_cuj_events_begin_request: [60,1789030395033154000,216920745160,216920745270,]
09-10 08:53:15.048  1206  1219 I jank_cuj_events_end_request: [60,1789030395048058000,216935649119,216935649259]
09-10 08:53:15.065  3468  4527 I jank_cuj_events_begin_request: [81,1789030395059326000,216946919384,216946919664,1@1@dev.partydeck.app]
09-10 08:53:15.070  3468  4527 I jank_cuj_events_end_request: [81,1789030395070904000,216958496893,216958497073]
09-10 08:53:15.210  1725  1725 I viewroot_draw_event: [VRI[InputMethod],reportDrawFinished seqId=0]
09-10 08:53:15.599   568   668 I commit_sys_config_file: [settings-2-0,2]
09-10 08:53:15.733  1725  1725 I viewroot_draw_event: [VRI[InputMethod],Not drawing due to not visible. Reason=View.GONE]
09-10 08:53:16.616   568   668 I commit_sys_config_file: [settings-2-0,1]
09-10 08:53:17.777   568   668 I commit_sys_config_file: [settings-2-0,2]
09-10 08:53:18.879   568   668 I commit_sys_config_file: [settings-2-0,2]
09-10 08:53:20.030   568   668 I commit_sys_config_file: [settings-2-0,1]
09-10 08:53:21.045   568   668 I commit_sys_config_file: [settings-2-0,1]
09-10 08:53:21.786   568   592 I input_focus: [Focus request 329211d dev.partydeck.app/dev.partydeck.app.MainActivity,reason=UpdateInputWindows]
09-10 08:53:21.821   568   681 I input_focus: [Focus leaving da38e61 dev.partydeck.app/dev.partydeck.app.MainActivity (server),reason=Waiting for window because NO_WINDOW]
09-10 08:53:22.018  3468  3468 I viewroot_draw_event: [VRI[MainActivity],reportDrawFinished seqId=0]
09-10 08:53:22.084   568   681 I input_focus: [Focus entering 329211d dev.partydeck.app/dev.partydeck.app.MainActivity (server),reason=Window became focusable. Previous reason: NOT_VISIBLE]
09-10 08:53:22.138   568   668 I commit_sys_config_file: [settings-2-0,2]
09-10 08:53:23.296   568   668 I commit_sys_config_file: [settings-2-0,2]
09-10 08:53:24.285   568   668 I commit_sys_config_file: [settings-2-0,1]
09-10 08:53:25.295   568   668 I commit_sys_config_file: [settings-2-0,1]
09-10 08:53:25.938   568   681 I input_interaction: Interaction with: 329211d dev.partydeck.app/dev.partydeck.app.MainActivity (server), PointerEventDispatcher0 (server), 
09-10 08:53:26.625   935   935 I viewroot_draw_event: [VRI[ClipboardOverlay],reportDrawFinished seqId=0]
09-10 08:53:26.703   568   668 I commit_sys_config_file: [settings-2-0,5]
09-10 08:53:27.722   568   668 I commit_sys_config_file: [settings-2-0,2]
09-10 08:53:28.706   568   668 I commit_sys_config_file: [settings-2-0,2]
09-10 08:53:29.714   568   668 I commit_sys_config_file: [settings-2-0,2]
09-10 08:53:30.357   568   681 I input_interaction: Interaction with: 329211d dev.partydeck.app/dev.partydeck.app.MainActivity (server), [Gesture Monitor] clipboard overlay (server), PointerEventDispatcher0 (server), 
09-10 08:53:30.366   568  3459 I wm_task_moved: [9,9,0,1,2]
09-10 08:53:30.366   568  3459 I wm_create_activity: [0,153051285,9,com.android.intentresolver/.ChooserActivityLauncher,android.intent.action.CHOOSER,NULL,NULL,8388608]
09-10 08:53:30.367   568  3459 I wm_pause_activity: [0,9645073,dev.partydeck.app/.MainActivity,userLeaving=true,resumeTopActivity]
09-10 08:53:30.369   568   591 I am_uid_running: 10072
09-10 08:53:30.372  3468  3468 I wm_on_top_resumed_lost_called: [9645073,dev.partydeck.app.MainActivity,topStateChangedWhenResumed]
09-10 08:53:30.373  3468  3468 I wm_on_paused_called: [9645073,dev.partydeck.app.MainActivity,performPause,0]
09-10 08:53:30.376   568   588 I sysui_multi_action: [757,803,799,window_time_0,802,61]
09-10 08:53:30.383   568   600 I am_proc_start: [0,4765,10072,com.android.intentresolver,next-top-activity,{com.android.intentresolver/com.android.intentresolver.ChooserActivityLauncher}]
09-10 08:53:30.438   568  2022 I am_proc_bound: [0,4765,com.android.intentresolver]
09-10 08:53:30.442   568  2022 I am_uid_active: 10072
09-10 08:53:30.482   568  2018 I wm_restart_activity: [0,153051285,9,com.android.intentresolver/.ChooserActivityLauncher]
09-10 08:53:30.488   568  2018 I wm_set_resumed_activity: [0,com.android.intentresolver/.ChooserActivityLauncher,realStartActivityLocked - onActivityStateChanged]
09-10 08:53:30.495   568   592 I input_focus: [Requesting to set focus to null window,reason=UpdateInputWindows]
09-10 08:53:30.544   568   681 I input_focus: [Focus leaving 329211d dev.partydeck.app/dev.partydeck.app.MainActivity (server),reason=Waiting for window because NO_WINDOW]
09-10 08:53:30.569  4765  4765 I wm_on_create_called: [153051285,com.android.intentresolver.ChooserActivityLauncher,performCreate,48]
09-10 08:53:30.666  4765  4765 I sysui_multi_action: [757,453,758,4,806,android.intent.action.SEND:text/plain:]
09-10 08:53:30.683  4765  4765 I sysui_multi_action: [757,1652,758,4,759,3]
09-10 08:53:30.683  4765  4765 I sysui_multi_action: [757,214,758,4,759,1,1649,text/plain,1653,69]
09-10 08:53:30.690  4765  4765 I wm_on_start_called: [153051285,com.android.intentresolver.ChooserActivityLauncher,handleStartActivity,0]
09-10 08:53:30.694  4765  4765 I wm_on_resume_called: [153051285,com.android.intentresolver.ChooserActivityLauncher,RESUME_ACTIVITY,0]
09-10 08:53:30.710  4765  4765 I wm_on_top_resumed_gained_called: [153051285,com.android.intentresolver.ChooserActivityLauncher,topStateChangedWhenResumed]
09-10 08:53:30.775   568   592 I input_focus: [Focus request 1f6f43f com.android.intentresolver/com.android.intentresolver.ChooserActivityLauncher,reason=UpdateInputWindows]
09-10 08:53:30.833  4777  4777 I service_manager_slow: [24,window]
09-10 08:53:31.075   568   668 I commit_sys_config_file: [settings-2-0,30]
09-10 08:53:31.144  4765  4765 I viewroot_draw_event: [VRI[ChooserActivityLauncher],reportDrawFinished seqId=0]
09-10 08:53:31.153   568   588 I sysui_multi_action: [319,790,322,787,325,232,757,761,758,7,759,2,806,com.android.intentresolver,871,com.android.intentresolver.ChooserActivityLauncher,904,dev.partydeck.app,905,0,945,76,1320,4,1321,23]
09-10 08:53:31.153   568   588 I wm_activity_launch_time: [0,153051285,com.android.intentresolver/.ChooserActivityLauncher,787]
09-10 08:53:31.289   568   681 I input_focus: [Focus entering 1f6f43f com.android.intentresolver/com.android.intentresolver.ChooserActivityLauncher (server),reason=Window became focusable. Previous reason: NOT_VISIBLE]
09-10 08:53:31.517  4765  4765 I sysui_latency: [16,903]
09-10 08:53:31.541  4765  4765 I sysui_multi_action: [757,1718,758,4,759,23]
09-10 08:53:33.114   568   668 I commit_sys_config_file: [settings-2-0,1]
09-10 08:53:33.756   568   681 I input_interaction: Interaction with: 1f6f43f com.android.intentresolver/com.android.intentresolver.ChooserActivityLauncher (server), PointerEventDispatcher0 (server), 
09-10 08:53:33.758   568  2018 I sysui_multi_action: [757,803,799,key_back_press,802,1]
09-10 08:53:33.759   568  2018 I wm_finish_activity: [0,153051285,9,com.android.intentresolver/.ChooserActivityLauncher,app-request]
09-10 08:53:33.759   568  2018 I wm_pause_activity: [0,153051285,com.android.intentresolver/.ChooserActivityLauncher,userLeaving=false,finish]
09-10 08:53:33.760  4765  4765 I wm_on_top_resumed_lost_called: [153051285,com.android.intentresolver.ChooserActivityLauncher,topStateChangedWhenResumed]
09-10 08:53:33.761  4765  4765 I wm_on_paused_called: [153051285,com.android.intentresolver.ChooserActivityLauncher,performPause,0]
09-10 08:53:33.761   568  2018 I wm_add_to_stopping: [0,153051285,com.android.intentresolver/.ChooserActivityLauncher,completeFinishing]
09-10 08:53:33.763   568  2018 I wm_set_resumed_activity: [0,dev.partydeck.app/.MainActivity,resumeTopActivity - onActivityStateChanged]
09-10 08:53:33.763   568  2018 I wm_resume_activity: [0,9645073,9,dev.partydeck.app/.MainActivity]
09-10 08:53:33.764   568   588 I sysui_multi_action: [757,803,799,window_time_0,802,3]
09-10 08:53:33.767  3468  3468 I wm_on_resume_called: [9645073,dev.partydeck.app.MainActivity,RESUME_ACTIVITY,0]
09-10 08:53:33.767  3468  3468 I wm_on_top_resumed_gained_called: [9645073,dev.partydeck.app.MainActivity,topWhenResuming]
09-10 08:53:33.769   568   592 I input_focus: [Focus request 329211d dev.partydeck.app/dev.partydeck.app.MainActivity,reason=UpdateInputWindows]
09-10 08:53:33.786   568   591 I wm_destroy_activity: [0,153051285,9,com.android.intentresolver/.ChooserActivityLauncher,finish-imm:idle]
09-10 08:53:33.881   568   681 I input_focus: [Focus leaving 1f6f43f com.android.intentresolver/com.android.intentresolver.ChooserActivityLauncher (server),reason=setFocusedWindow]
09-10 08:53:33.881   568   681 I input_focus: [Focus entering 329211d dev.partydeck.app/dev.partydeck.app.MainActivity (server),reason=setFocusedWindow]
09-10 08:53:33.884  4765  4765 I wm_on_stop_called: [153051285,com.android.intentresolver.ChooserActivityLauncher,LIFECYCLER_STOP_ACTIVITY,0]
09-10 08:53:33.890  4765  4765 I wm_on_destroy_called: [153051285,com.android.intentresolver.ChooserActivityLauncher,performDestroy,2]
09-10 08:53:34.340   568   668 I commit_sys_config_file: [settings-2-0,1]
09-10 08:53:35.353   568   668 I commit_sys_config_file: [settings-2-0,2]
09-10 08:53:35.998   568   681 I input_interaction: Interaction with: 329211d dev.partydeck.app/dev.partydeck.app.MainActivity (server), PointerEventDispatcher0 (server), 
09-10 08:53:36.022   568   592 I input_focus: [Focus request da38e61 dev.partydeck.app/dev.partydeck.app.MainActivity,reason=UpdateInputWindows]
09-10 08:53:36.121   568   681 I input_focus: [Focus entering da38e61 dev.partydeck.app/dev.partydeck.app.MainActivity (server),reason=setFocusedWindow]
09-10 08:53:36.439   568   668 I commit_sys_config_file: [settings-2-0,1]
09-10 08:53:37.454   568   668 I commit_sys_config_file: [settings-2-0,1]
09-10 08:53:38.435   568   668 I commit_sys_config_file: [settings-2-0,1]
09-10 08:53:39.448   568   668 I commit_sys_config_file: [settings-2-0,1]
09-10 08:53:40.255   568   681 I input_interaction: Interaction with: da38e61 dev.partydeck.app/dev.partydeck.app.MainActivity (server), PointerEventDispatcher0 (server), 
09-10 08:53:40.256   568  3459 I sysui_multi_action: [757,803,799,key_back_press,802,1]
09-10 08:53:40.295   568   592 I input_focus: [Focus request c875eef dev.partydeck.app/dev.partydeck.app.MainActivity,reason=UpdateInputWindows]
09-10 08:53:40.359   568   681 I input_focus: [Focus leaving da38e61 dev.partydeck.app/dev.partydeck.app.MainActivity (server),reason=Waiting for window because NOT_VISIBLE]
09-10 08:53:40.365  3468  3468 I viewroot_draw_event: [VRI[MainActivity],reportDrawFinished seqId=0]
09-10 08:53:40.425  3468  3468 I viewroot_draw_event: [VRI[MainActivity],reportDrawFinished seqId=0]
09-10 08:53:40.437   568   681 I input_focus: [Focus entering c875eef dev.partydeck.app/dev.partydeck.app.MainActivity (server),reason=Window became focusable. Previous reason: NOT_VISIBLE]
09-10 08:53:40.822   568   668 I commit_sys_config_file: [settings-2-0,2]
09-10 08:53:41.837   568   668 I commit_sys_config_file: [settings-2-0,1]
09-10 08:53:42.477   568   681 I input_interaction: Interaction with: c875eef dev.partydeck.app/dev.partydeck.app.MainActivity (server), PointerEventDispatcher0 (server), 
09-10 08:53:42.492   568   592 I input_focus: [Focus request da38e61 dev.partydeck.app/dev.partydeck.app.MainActivity,reason=UpdateInputWindows]
09-10 08:53:42.600   568   681 I input_focus: [Focus entering da38e61 dev.partydeck.app/dev.partydeck.app.MainActivity (server),reason=setFocusedWindow]
09-10 08:53:42.753   568   981 I service_manager_stats: [100,31,47204]
09-10 08:53:42.956   568   668 I commit_sys_config_file: [settings-2-0,2]
09-10 08:53:43.796   568   669 I am_freeze: [4765,com.android.intentresolver]
09-10 08:53:43.848   568   669 I am_compact: [4765,com.android.intentresolver,ANON,155716,89728,65220,0,-18176,0,-18176,18304,51,SOME,0,905,19,51936,-5500]
09-10 08:53:43.967   568   668 I commit_sys_config_file: [settings-2-0,2]
09-10 08:53:44.946   568   668 I commit_sys_config_file: [settings-2-0,1]
09-10 08:53:45.970   568   668 I commit_sys_config_file: [settings-2-0,2]
09-10 08:53:47.122   568   668 I commit_sys_config_file: [settings-2-0,2]
09-10 08:53:48.134   568   668 I commit_sys_config_file: [settings-2-0,1]
09-10 08:53:48.775   568   681 I input_interaction: Interaction with: da38e61 dev.partydeck.app/dev.partydeck.app.MainActivity (server), PointerEventDispatcher0 (server), 
09-10 08:53:49.234   568   668 I commit_sys_config_file: [settings-2-0,1]
09-10 08:53:50.246   568   668 I commit_sys_config_file: [settings-2-0,2]
09-10 08:53:51.102  3468  3468 I viewroot_draw_event: [VRI[Pop-Up Window],reportDrawFinished seqId=0]
09-10 08:53:51.175  3468  3468 I viewroot_draw_event: [VRI[Pop-Up Window],reportDrawFinished seqId=0]
09-10 08:53:51.203  1725  1725 I viewroot_draw_event: [VRI[InputMethod],Start draw after previous draw not visible]
09-10 08:53:51.206  1206  1219 I jank_cuj_events_begin_request: [61,1789030431205894000,253093484849,253093484929,]
09-10 08:53:51.206  1206  1219 I jank_cuj_events_end_request: [61,1789030431206071000,253093662331,253093662411]
09-10 08:53:51.253  1725  1725 I viewroot_draw_event: [VRI[InputMethod],reportDrawFinished seqId=0]
09-10 08:53:51.280  3468  4527 I jank_cuj_events_begin_request: [80,1789030431274757000,253162350729,253162350989,0@1@dev.partydeck.app]
09-10 08:53:51.332  3468  4527 I jank_cuj_events_end_request: [80,1789030431330463000,253218057027,253218057278]
09-10 08:53:51.408   568   668 I commit_sys_config_file: [settings-2-0,5]
09-10 08:53:52.428   568   668 I commit_sys_config_file: [settings-2-0,2]
09-10 08:53:53.899   568   668 I commit_sys_config_file: [settings-2-0,2]
09-10 08:53:54.911   568   668 I commit_sys_config_file: [settings-2-0,1]
09-10 08:53:55.891   568   668 I commit_sys_config_file: [settings-2-0,2]
09-10 08:53:56.902   568   668 I commit_sys_config_file: [settings-2-0,2]
09-10 08:53:58.764   568   668 I commit_sys_config_file: [settings-2-0,2]
09-10 08:53:59.812   568   668 I commit_sys_config_file: [settings-2-0,11]
09-10 08:54:00.781   568   668 I commit_sys_config_file: [settings-2-0,1]
09-10 08:54:01.796   568   668 I commit_sys_config_file: [settings-2-0,1]
09-10 08:54:02.794   568   668 I commit_sys_config_file: [settings-2-0,1]
09-10 08:54:03.813   568   668 I commit_sys_config_file: [settings-2-0,10]
09-10 08:54:04.632   568  1939 I sysui_multi_action: [757,803,799,key_back_press,802,1]
09-10 08:54:04.636  1206  1219 I jank_cuj_events_begin_request: [60,1789030444636531000,266524121656,266524121776,]
09-10 08:54:04.649  1206  1219 I jank_cuj_events_end_request: [60,1789030444646476000,266534066545,266534066715]
09-10 08:54:04.673  3468  4527 I jank_cuj_events_begin_request: [81,1789030444667918000,266555511768,266555512029,1@1@dev.partydeck.app]
09-10 08:54:04.690  3468  4527 I jank_cuj_events_end_request: [81,1789030444690081000,266577674142,266577674362]
09-10 08:54:04.810  1725  1725 I viewroot_draw_event: [VRI[InputMethod],reportDrawFinished seqId=0]
09-10 08:54:05.209   568   668 I commit_sys_config_file: [settings-2-0,1]
09-10 08:54:05.316  1725  1725 I viewroot_draw_event: [VRI[InputMethod],Not drawing due to not visible. Reason=View.GONE]
09-10 08:54:06.225   568   668 I commit_sys_config_file: [settings-2-0,1]
09-10 08:54:07.021  1206  1219 I jank_cuj_events_begin_request: [61,1789030447019676000,268907266673,268907266804,]
09-10 08:54:07.023  1725  1725 I viewroot_draw_event: [VRI[InputMethod],Start draw after previous draw not visible]
09-10 08:54:07.030  1206  1219 I jank_cuj_events_end_request: [61,1789030447030259000,268917849978,268917850058]
09-10 08:54:07.177  1725  1725 I viewroot_draw_event: [VRI[InputMethod],reportDrawFinished seqId=0]
09-10 08:54:07.309  3468  4527 I jank_cuj_events_begin_request: [80,1789030447241495000,269129089004,269129089234,0@1@dev.partydeck.app]
09-10 08:54:07.309  3468  4527 I jank_cuj_events_end_request: [80,1789030447246809000,269134401799,269134402029]
09-10 08:54:07.552   568   668 I commit_sys_config_file: [settings-2-0,2]
09-10 08:54:08.678   568   668 I commit_sys_config_file: [settings-2-0,2]
09-10 08:54:09.718   568   668 I commit_sys_config_file: [settings-2-0,2]
09-10 08:54:10.733   568   668 I commit_sys_config_file: [settings-2-0,2]
09-10 08:54:11.750   568   668 I commit_sys_config_file: [settings-2-0,1]
09-10 08:54:12.765   568   668 I commit_sys_config_file: [settings-2-0,2]
09-10 08:54:14.574   568   668 I commit_sys_config_file: [settings-2-0,2]
09-10 08:54:15.585   568   668 I commit_sys_config_file: [settings-2-0,2]
09-10 08:54:16.242   568  3459 I sysui_multi_action: [757,803,799,key_back_press,802,1]
09-10 08:54:16.247  1206  1219 I jank_cuj_events_begin_request: [60,1789030456246942000,278134533136,278134533267,]
09-10 08:54:16.247  1206  1219 I jank_cuj_events_end_request: [60,1789030456247339000,278134929256,278134929367]
09-10 08:54:16.252  3468  4527 I jank_cuj_events_begin_request: [81,1789030456252569000,278140162917,278140163227,1@1@dev.partydeck.app]
09-10 08:54:16.266  1725  1725 I viewroot_draw_event: [VRI[InputMethod],reportDrawFinished seqId=0]
09-10 08:54:16.276  3468  4527 I jank_cuj_events_end_request: [81,1789030456276078000,278163672299,278163672509]
09-10 08:54:16.799  1725  1725 I viewroot_draw_event: [VRI[InputMethod],Not drawing due to not visible. Reason=View.GONE]
09-10 08:54:16.841   568   668 I commit_sys_config_file: [settings-2-0,2]
09-10 08:54:17.855   568   668 I commit_sys_config_file: [settings-2-0,2]
09-10 08:54:18.995   568   668 I commit_sys_config_file: [settings-2-0,1]
09-10 08:54:20.015   568   668 I commit_sys_config_file: [settings-2-0,2]
09-10 08:54:21.163   568   668 I commit_sys_config_file: [settings-2-0,2]
09-10 08:54:22.187   568   668 I commit_sys_config_file: [settings-2-0,1]
09-10 08:54:22.957  3468  3468 I viewroot_draw_event: [VRI[Pop-Up Window],reportDrawFinished seqId=0]
09-10 08:54:23.064  3468  3468 I viewroot_draw_event: [VRI[Pop-Up Window],reportDrawFinished seqId=0]
09-10 08:54:23.083  1725  1725 I viewroot_draw_event: [VRI[InputMethod],Start draw after previous draw not visible]
09-10 08:54:23.099  1206  1219 I jank_cuj_events_begin_request: [61,1789030463099364000,284986955452,284986955612,]
09-10 08:54:23.116  1206  1219 I jank_cuj_events_end_request: [61,1789030463114157000,285001747954,285001748034]
09-10 08:54:23.117  1725  1725 I viewroot_draw_event: [VRI[InputMethod],reportDrawFinished seqId=0]
09-10 08:54:23.226  5333  5333 I service_manager_slow: [30,accessibility]
09-10 08:54:23.280  3468  4527 I jank_cuj_events_begin_request: [80,1789030463215137000,285102730860,285102731100,0@1@dev.partydeck.app]
09-10 08:54:23.280  3468  4527 I jank_cuj_events_end_request: [80,1789030463240161000,285127754107,285127754327]
09-10 08:54:23.446   568   668 I commit_sys_config_file: [settings-2-0,12]
09-10 08:54:23.522  3468  3468 I viewroot_draw_event: [VRI[Pop-Up Window],reportDrawFinished seqId=0]
09-10 08:54:23.533  3468  3468 I viewroot_draw_event: [VRI[Pop-Up Window],reportDrawFinished seqId=0]
09-10 08:54:24.735   568   668 I commit_sys_config_file: [settings-2-0,2]
09-10 08:54:25.995   568   668 I commit_sys_config_file: [settings-2-0,1]
09-10 08:54:27.009   568   668 I commit_sys_config_file: [settings-2-0,2]
09-10 08:54:27.987   568   668 I commit_sys_config_file: [settings-2-0,1]
09-10 08:54:28.718   568   848 I service_manager_stats: [100,44,45966]
09-10 08:54:28.998   568   668 I commit_sys_config_file: [settings-2-0,2]
09-10 08:54:30.617   568   668 I commit_sys_config_file: [settings-2-0,2]
09-10 08:54:31.630   568   668 I commit_sys_config_file: [settings-2-0,2]
09-10 08:54:32.290   568  1939 I sysui_multi_action: [757,803,799,key_back_press,802,1]
09-10 08:54:32.294  1206  1219 I jank_cuj_events_begin_request: [60,1789030472294798000,294182388644,294182388735,]
09-10 08:54:32.300  3468  4527 I jank_cuj_events_begin_request: [81,1789030472299865000,294187458499,294187458751,1@1@dev.partydeck.app]
09-10 08:54:32.300  1206  1219 I jank_cuj_events_end_request: [60,1789030472297258000,294184849135,294184849285]
09-10 08:54:32.336  3468  4527 I jank_cuj_events_end_request: [81,1789030472315231000,294202825317,294202825548]
09-10 08:54:32.408  1725  1725 I viewroot_draw_event: [VRI[InputMethod],reportDrawFinished seqId=0]
09-10 08:54:32.832   568   668 I commit_sys_config_file: [settings-2-0,2]
09-10 08:54:32.916  1725  1725 I viewroot_draw_event: [VRI[InputMethod],Not drawing due to not visible. Reason=View.GONE]
09-10 08:54:33.771   568   599 I am_uid_idle: 10072
09-10 08:54:33.849   568   668 I commit_sys_config_file: [settings-2-0,1]
09-10 08:54:34.842   568   668 I commit_sys_config_file: [settings-2-0,1]
09-10 08:54:35.864   568   668 I commit_sys_config_file: [settings-2-0,2]
09-10 08:54:36.866   568   668 I commit_sys_config_file: [settings-2-0,2]
09-10 08:54:37.887   568   668 I commit_sys_config_file: [settings-2-0,1]
09-10 08:54:38.883   568   668 I commit_sys_config_file: [settings-2-0,2]
09-10 08:54:39.894   568   668 I commit_sys_config_file: [settings-2-0,2]
09-10 08:54:40.537   568  3459 I sysui_multi_action: [757,803,799,key_back_press,802,1]
09-10 08:54:40.966   568   668 I commit_sys_config_file: [settings-2-0,2]
09-10 08:54:41.978   568   668 I commit_sys_config_file: [settings-2-0,1]
09-10 08:54:42.622   568   591 I configuration_changed: 1073741824
09-10 08:54:42.643   568   591 I wm_relaunch_resume_activity: [0,9645073,9,dev.partydeck.app/.MainActivity,40000000]
09-10 08:54:42.651   568  2387 I am_uid_stopped: 10148
09-10 08:54:42.654   568  2387 I am_kill : [0,3468,dev.partydeck.app,0,stop dev.partydeck.app due to from pid 5532,248732]
09-10 08:54:42.655   568  2387 I wm_finish_activity: [0,9645073,9,dev.partydeck.app/.MainActivity,proc died without state saved]
09-10 08:54:42.657   568  2387 I wm_task_moved: [1,1,0,1,2]
09-10 08:54:42.657   568  2387 I wm_task_moved: [7,1,0,1,2147483647]
09-10 08:54:42.657   568  2387 I wm_task_to_front: [0,7,0]
09-10 08:54:42.657   568  2387 I wm_focused_root_task: [0,0,1,9,handleAppDied adjustFocusToNextFocusableTask]
09-10 08:54:42.658   568  2387 I wm_set_resumed_activity: [0,com.android.launcher3/.uioverrides.QuickstepLauncher,resumeTopActivity - onActivityStateChanged]
09-10 08:54:42.658   568  2387 I wm_relaunch_resume_activity: [0,189259255,7,com.android.launcher3/.uioverrides.QuickstepLauncher,40000000]
09-10 08:54:42.660   568   592 I input_focus: [Requesting to set focus to null window,reason=UpdateInputWindows]
09-10 08:54:42.669   568   568 I notification_cancel_all: [1000,568,dev.partydeck.app,0,0,0,5,NULL]
09-10 08:54:42.709   568  1196 I am_wtf  : [0,1056,com.android.networkstack.process,680050253,SystemServiceRegistry,No service published for: ethernet]
09-10 08:54:42.722   568   681 I input_focus: [Focus leaving da38e61 dev.partydeck.app/dev.partydeck.app.MainActivity (server),reason=NO_WINDOW]
09-10 08:54:42.729   568  1643 I wm_task_created: 10
09-10 08:54:42.743   568  2387 I am_uid_active: 10065
09-10 08:54:42.744   568  1643 I wm_task_moved: [10,10,0,1,3]
09-10 08:54:42.746   568  1643 I wm_task_to_front: [0,10,0]
09-10 08:54:42.747   568  1643 I wm_create_task: [0,10,10,0]
09-10 08:54:42.747   568  1643 I wm_create_activity: [0,177384040,10,dev.partydeck.app/.MainActivity,NULL,NULL,NULL,268435456]
09-10 08:54:42.747   568  1643 I wm_task_moved: [10,10,0,1,3]
09-10 08:54:42.747   568  1643 I wm_pause_activity: [0,189259255,com.android.launcher3/.uioverrides.QuickstepLauncher,userLeaving=true,pauseBackTasks]
09-10 08:54:42.760   568   669 I am_unfreeze: [1618,android.process.acore,7]
09-10 08:54:42.774   568   591 I am_uid_running: 10148
09-10 08:54:42.786   568   600 I am_proc_start: [0,5543,10148,dev.partydeck.app,next-top-activity,{dev.partydeck.app/dev.partydeck.app.MainActivity}]
09-10 08:54:42.845   568   668 I commit_sys_config_file: [settings-1-0,18]
09-10 08:54:43.038   568   976 I am_proc_bound: [0,5543,dev.partydeck.app]
09-10 08:54:43.041   568   976 I am_uid_active: 10148
09-10 08:54:43.056   935  1005 I viewroot_draw_event: [VRI[app],reportDrawFinished seqId=0]
09-10 08:54:43.164   935  1189 I viewroot_draw_event: [VRI[ScreenDecorOverlay],reportDrawFinished seqId=0]
09-10 08:54:43.221   935  1189 I viewroot_draw_event: [VRI[ScreenDecorOverlayBottom],reportDrawFinished seqId=0]
09-10 08:54:43.224  1206  1206 I viewroot_draw_event: [VRI[Taskbar],reportDrawFinished seqId=0]
09-10 08:54:43.249  1206  1206 I wm_on_destroy_called: [189259255,com.android.launcher3.uioverrides.QuickstepLauncher,performDestroy,23]
09-10 08:54:43.256   568   591 I wm_add_to_stopping: [0,189259255,com.android.launcher3/.uioverrides.QuickstepLauncher,makeInvisible]
09-10 08:54:43.256   568   591 I wm_restart_activity: [0,177384040,10,dev.partydeck.app/.MainActivity]
09-10 08:54:43.260   568   591 I wm_set_resumed_activity: [0,dev.partydeck.app/.MainActivity,realStartActivityLocked - onActivityStateChanged]
09-10 08:54:43.262   568   588 I sysui_multi_action: [757,803,799,window_time_0,802,70]
09-10 08:54:43.347   568   669 I am_unfreeze: [1835,com.android.quicksearchbox,3]
09-10 08:54:43.375   935   935 I viewroot_draw_event: [VRI[StatusBar],reportDrawFinished seqId=0]
09-10 08:54:43.395  1206  1206 I wm_on_create_called: [189259255,com.android.launcher3.uioverrides.QuickstepLauncher,performCreate,123]
09-10 08:54:43.395  1206  1206 I wm_on_start_called: [189259255,com.android.launcher3.uioverrides.QuickstepLauncher,handleStartActivity,0]
09-10 08:54:43.396  1206  1206 I wm_on_resume_called: [189259255,com.android.launcher3.uioverrides.QuickstepLauncher,RESUME_ACTIVITY,0]
09-10 08:54:43.396  1206  1206 I wm_on_top_resumed_gained_called: [189259255,com.android.launcher3.uioverrides.QuickstepLauncher,topWhenResuming]
09-10 08:54:43.413   568   976 I wm_set_requested_orientation: [5,com.android.launcher3/.uioverrides.QuickstepLauncher]
09-10 08:54:43.415  1206  1206 I wm_on_top_resumed_lost_called: [189259255,com.android.launcher3.uioverrides.QuickstepLauncher,topStateChangedWhenResumed]
09-10 08:54:43.415  1206  1206 I wm_on_paused_called: [189259255,com.android.launcher3.uioverrides.QuickstepLauncher,performPause,0]
09-10 08:54:43.415   568  1031 I wm_failed_to_pause: [0,189259255,com.android.launcher3/.uioverrides.QuickstepLauncher,(none)]
09-10 08:54:43.432   568  1642 I wm_task_removed: [9,9,0,removeChild, last child = ActivityRecord{932c11 u0 dev.partydeck.app/.MainActivity t-1 f}} in Task{c3d2176 #9 type=standard A=10148:dev.partydeck.app}]
09-10 08:54:43.437   935  1189 I viewroot_draw_event: [VRI[ScreenDecorOverlay],reportDrawFinished seqId=0]
09-10 08:54:43.442   935  1189 I viewroot_draw_event: [VRI[ScreenDecorOverlayBottom],reportDrawFinished seqId=0]
09-10 08:54:43.563   935   935 I viewroot_draw_event: [VRI[StatusBar],reportDrawFinished seqId=0]
09-10 08:54:43.715   935  1189 I viewroot_draw_event: [VRI[ScreenDecorOverlay],reportDrawFinished seqId=0]
09-10 08:54:43.715   935   935 I viewroot_draw_event: [VRI[StatusBar],reportDrawFinished seqId=0]
09-10 08:54:43.731  1206  1206 I viewroot_draw_event: [VRI[QuickstepLauncher],reportDrawFinished seqId=0]
09-10 08:54:43.797  1206  1206 I viewroot_draw_event: [VRI[Taskbar],reportDrawFinished seqId=0]
09-10 08:54:43.846   568  1642 I wm_stop_activity: [0,189259255,com.android.launcher3/.uioverrides.QuickstepLauncher]
09-10 08:54:43.934  1206  1206 I wm_on_stop_called: [189259255,com.android.launcher3.uioverrides.QuickstepLauncher,STOP_ACTIVITY_ITEM,4]
09-10 08:54:43.966   935  1189 I viewroot_draw_event: [VRI[ScreenDecorOverlayBottom],reportDrawFinished seqId=0]
09-10 08:54:43.967  1206  1206 I viewroot_draw_event: [VRI[QuickstepLauncher],Not drawing due to not visible. Reason=View.INVISIBLE]
09-10 08:54:44.236  5543  5543 I wm_on_create_called: [177384040,dev.partydeck.app.MainActivity,performCreate,202]
09-10 08:54:44.238  5543  5543 I wm_on_start_called: [177384040,dev.partydeck.app.MainActivity,handleStartActivity,0]
09-10 08:54:44.241  5543  5543 I wm_on_resume_called: [177384040,dev.partydeck.app.MainActivity,RESUME_ACTIVITY,1]
09-10 08:54:44.249  5543  5543 I wm_on_top_resumed_gained_called: [177384040,dev.partydeck.app.MainActivity,topStateChangedWhenResumed]
09-10 08:54:44.674   568   592 I input_focus: [Focus request 1b69a85 dev.partydeck.app/dev.partydeck.app.MainActivity,reason=UpdateInputWindows]
09-10 08:54:44.880  5543  5543 I viewroot_draw_event: [VRI[MainActivity],reportDrawFinished seqId=0]
09-10 08:54:44.901   568   588 I sysui_multi_action: [319,683,321,331,322,2174,325,304,757,761,758,7,759,1,806,dev.partydeck.app,871,dev.partydeck.app.MainActivity,904,com.android.shell,905,0,945,315,1320,12,1321,1]
09-10 08:54:44.901   568   588 I wm_activity_launch_time: [0,177384040,dev.partydeck.app/.MainActivity,2174]
09-10 08:54:44.903   935   991 I jank_cuj_events_begin_request: [39,1789030484903383000,306790974357,306790974426,]
09-10 08:54:44.919   935  1005 I viewroot_draw_event: [VRI[app],Not drawing due to not visible. Reason=View.GONE]
09-10 08:54:44.920   935   991 I jank_cuj_events_end_request: [39,1789030484917983000,306805574341,306805574412]
09-10 08:54:44.954   568   681 I input_focus: [Focus entering 1b69a85 dev.partydeck.app/dev.partydeck.app.MainActivity (server),reason=Window became focusable. Previous reason: NOT_VISIBLE]
09-10 08:54:45.573   568   668 I commit_sys_config_file: [settings-2-0,2]
09-10 08:54:46.652   568   668 I commit_sys_config_file: [settings-2-0,1]
09-10 08:54:47.633   568   668 I commit_sys_config_file: [settings-2-0,2]
09-10 08:54:48.664   568   668 I commit_sys_config_file: [settings-2-0,2]
09-10 08:54:49.642   568   668 I commit_sys_config_file: [settings-2-0,2]
09-10 08:54:50.663   568   668 I commit_sys_config_file: [settings-2-0,2]
09-10 08:54:51.640   568   668 I commit_sys_config_file: [settings-2-0,1]
09-10 08:54:52.660   568   668 I commit_sys_config_file: [settings-2-0,2]
09-10 08:54:52.682   568   623 I commit_sys_config_file: [package-user-0,3]
09-10 08:54:53.417   568   669 I am_freeze: [1835,com.android.quicksearchbox]
09-10 08:54:53.637   568   668 I commit_sys_config_file: [settings-2-0,1]
09-10 08:54:54.653   568   668 I commit_sys_config_file: [settings-2-0,2]
09-10 08:54:55.802   568   668 I commit_sys_config_file: [settings-2-0,1]
09-10 08:54:56.818   568   668 I commit_sys_config_file: [settings-2-0,2]
09-10 08:54:57.458   568   681 I input_interaction: Interaction with: 1b69a85 dev.partydeck.app/dev.partydeck.app.MainActivity (server), PointerEventDispatcher0 (server), 
09-10 08:54:57.864   568   668 I commit_sys_config_file: [settings-2-0,1]
09-10 08:54:58.920   568   668 I commit_sys_config_file: [settings-2-0,1]
09-10 08:55:00.078   568   668 I commit_sys_config_file: [settings-2-0,2]
09-10 08:55:01.090   568   668 I commit_sys_config_file: [settings-2-0,1]
09-10 08:55:02.807   568   668 I commit_sys_config_file: [settings-2-0,2]
09-10 08:55:03.819   568   668 I commit_sys_config_file: [settings-2-0,2]
09-10 08:55:05.580   568   668 I commit_sys_config_file: [settings-2-0,2]
09-10 08:55:06.590   568   668 I commit_sys_config_file: [settings-2-0,1]
09-10 08:55:08.352   568   668 I commit_sys_config_file: [settings-2-0,2]
09-10 08:55:09.364   568   668 I commit_sys_config_file: [settings-2-0,1]
09-10 08:55:10.182   568  1939 I sysui_multi_action: [757,803,799,key_back_press,802,1]
09-10 08:55:10.576   568   668 I commit_sys_config_file: [settings-2-0,1]
09-10 08:55:11.594   568   668 I commit_sys_config_file: [settings-2-0,1]
09-10 08:55:12.574   568   668 I commit_sys_config_file: [settings-2-0,2]
09-10 08:55:13.584   568   668 I commit_sys_config_file: [settings-2-0,2]
09-10 08:55:13.789   568   848 I service_manager_stats: [100,20,45070]
09-10 08:55:14.625   568   668 I commit_sys_config_file: [settings-2-0,2]
09-10 08:55:15.637   568   668 I commit_sys_config_file: [settings-2-0,1]
09-10 08:55:16.619   568   668 I commit_sys_config_file: [settings-2-0,1]
09-10 08:55:17.630   568   668 I commit_sys_config_file: [settings-2-0,2]
09-10 08:55:19.351   568   668 I commit_sys_config_file: [settings-2-0,2]
09-10 08:55:20.364   568   668 I commit_sys_config_file: [settings-2-0,2]
09-10 08:55:22.055   568   668 I commit_sys_config_file: [settings-2-0,2]
09-10 08:55:23.067   568   668 I commit_sys_config_file: [settings-2-0,2]
09-10 08:55:24.786   568   668 I commit_sys_config_file: [settings-2-0,2]
09-10 08:55:25.797   568   668 I commit_sys_config_file: [settings-2-0,2]
09-10 08:55:27.510   568   668 I commit_sys_config_file: [settings-2-0,1]
09-10 08:55:28.521   568   668 I commit_sys_config_file: [settings-2-0,1]
09-10 08:55:30.236   568   668 I commit_sys_config_file: [settings-2-0,1]
09-10 08:55:31.247   568   668 I commit_sys_config_file: [settings-2-0,2]
09-10 08:55:32.949   568   668 I commit_sys_config_file: [settings-2-0,2]
09-10 08:55:33.960   568   668 I commit_sys_config_file: [settings-2-0,3]
09-10 08:55:35.109   568   668 I commit_sys_config_file: [settings-2-0,2]
09-10 08:55:36.120   568   668 I commit_sys_config_file: [settings-2-0,2]
09-10 08:55:37.201   568   668 I commit_sys_config_file: [settings-2-0,1]
09-10 08:55:38.219   568   668 I commit_sys_config_file: [settings-2-0,2]
09-10 08:55:39.199   568   668 I commit_sys_config_file: [settings-2-0,2]
09-10 08:55:40.212   568   668 I commit_sys_config_file: [settings-2-0,1]
09-10 08:55:41.025   568  1939 I sysui_multi_action: [757,803,799,key_back_press,802,1]
09-10 08:55:41.082   568   592 I input_focus: [Focus request bff3c02 dev.partydeck.app/dev.partydeck.app.MainActivity,reason=UpdateInputWindows]
09-10 08:55:41.124   568   681 I input_focus: [Focus leaving 1b69a85 dev.partydeck.app/dev.partydeck.app.MainActivity (server),reason=Waiting for window because NO_WINDOW]
09-10 08:55:41.166  5543  5543 I viewroot_draw_event: [VRI[MainActivity],reportDrawFinished seqId=0]
09-10 08:55:41.237  5543  5543 I viewroot_draw_event: [VRI[MainActivity],reportDrawFinished seqId=0]
09-10 08:55:41.333   568   681 I input_focus: [Focus entering bff3c02 dev.partydeck.app/dev.partydeck.app.MainActivity (server),reason=Window became focusable. Previous reason: NOT_VISIBLE]
09-10 08:55:41.533   568   668 I commit_sys_config_file: [settings-2-0,1]
09-10 08:55:42.578   568   668 I commit_sys_config_file: [settings-2-0,1]
09-10 08:55:43.229   568   681 I input_interaction: Interaction with: bff3c02 dev.partydeck.app/dev.partydeck.app.MainActivity (server), PointerEventDispatcher0 (server), 
09-10 08:55:43.257   568   592 I input_focus: [Focus request 1b69a85 dev.partydeck.app/dev.partydeck.app.MainActivity,reason=UpdateInputWindows]
09-10 08:55:43.356   568   681 I input_focus: [Focus entering 1b69a85 dev.partydeck.app/dev.partydeck.app.MainActivity (server),reason=setFocusedWindow]
09-10 08:55:43.721   568   668 I commit_sys_config_file: [settings-2-0,1]
09-10 08:55:44.737   568   668 I commit_sys_config_file: [settings-2-0,2]
09-10 08:55:45.717   568   668 I commit_sys_config_file: [settings-2-0,2]
09-10 08:55:46.728   568   668 I commit_sys_config_file: [settings-2-0,2]
09-10 08:55:47.872   568   668 I commit_sys_config_file: [settings-2-0,2]
09-10 08:55:48.885   568   668 I commit_sys_config_file: [settings-2-0,2]
09-10 08:55:48.976   568   599 I am_uid_idle: 10065
09-10 08:55:49.526   568   681 I input_interaction: Interaction with: 1b69a85 dev.partydeck.app/dev.partydeck.app.MainActivity (server), PointerEventDispatcher0 (server), 
09-10 08:55:49.922   568   668 I commit_sys_config_file: [settings-2-0,1]
09-10 08:55:50.937   568   668 I commit_sys_config_file: [settings-2-0,2]
09-10 08:55:51.919   568   668 I commit_sys_config_file: [settings-2-0,2]
09-10 08:55:52.928   568   668 I commit_sys_config_file: [settings-2-0,2]
09-10 08:55:53.907   568   668 I commit_sys_config_file: [settings-2-0,2]
09-10 08:55:54.918   568   668 I commit_sys_config_file: [settings-2-0,2]
09-10 08:55:55.898   568   668 I commit_sys_config_file: [settings-2-0,2]
09-10 08:55:56.910   568   668 I commit_sys_config_file: [settings-2-0,2]
09-10 08:55:57.721   568  1939 I sysui_multi_action: [757,803,799,key_back_press,802,1]
09-10 08:55:58.102   568   668 I commit_sys_config_file: [settings-2-0,2]
09-10 08:55:58.851   568   848 I service_manager_stats: [100,12,45063]
09-10 08:55:59.113   568   668 I commit_sys_config_file: [settings-2-0,2]
09-10 08:56:00.136   568   668 I commit_sys_config_file: [settings-2-0,2]
09-10 08:56:01.275   568   668 I commit_sys_config_file: [settings-2-0,2]
09-10 08:56:02.188  5543  5543 I viewroot_draw_event: [VRI[Pop-Up Window],reportDrawFinished seqId=0]
09-10 08:56:02.347  5543  5543 I viewroot_draw_event: [VRI[Pop-Up Window],reportDrawFinished seqId=0]
09-10 08:56:02.370  1206  1219 I jank_cuj_events_begin_request: [61,1789030562370138000,384257729393,384257729544,]
09-10 08:56:02.373  1725  1725 I viewroot_draw_event: [VRI[InputMethod],Start draw after previous draw not visible]
09-10 08:56:02.384  1206  1219 I jank_cuj_events_end_request: [61,1789030562376189000,384263779556,384263779656]
09-10 08:56:02.395  1725  1725 I viewroot_draw_event: [VRI[InputMethod],reportDrawFinished seqId=0]
09-10 08:56:02.424  5543  6375 I jank_cuj_events_begin_request: [80,1789030562420605000,384308220336,384308221628,0@1@dev.partydeck.app]
09-10 08:56:02.445  5543  6375 I jank_cuj_events_end_request: [80,1789030562442032000,384329643618,384329644259]
09-10 08:56:02.486   568   668 I commit_sys_config_file: [settings-2-0,2]
09-10 08:56:02.489  1725  1725 I viewroot_draw_event: [VRI[InputMethod],reportDrawFinished seqId=0]
09-10 08:56:03.566   568   668 I commit_sys_config_file: [settings-2-0,2]
09-10 08:56:04.777   568   668 I commit_sys_config_file: [settings-2-0,7]
09-10 08:56:05.791   568   668 I commit_sys_config_file: [settings-2-0,2]
09-10 08:56:06.803   568   668 I commit_sys_config_file: [settings-2-0,1]
09-10 08:56:07.814   568   668 I commit_sys_config_file: [settings-2-0,1]
09-10 08:56:09.898   568   668 I commit_sys_config_file: [settings-2-0,3]
09-10 08:56:10.917   568   668 I commit_sys_config_file: [settings-2-0,2]
09-10 08:56:11.902   568   668 I commit_sys_config_file: [settings-2-0,10]
09-10 08:56:12.909   568   668 I commit_sys_config_file: [settings-2-0,2]
09-10 08:56:13.913   568   668 I commit_sys_config_file: [settings-2-0,1]
09-10 08:56:14.930   568   668 I commit_sys_config_file: [settings-2-0,1]
09-10 08:56:15.766   568  1619 I sysui_multi_action: [757,803,799,key_back_press,802,1]
09-10 08:56:15.772  1206  1219 I jank_cuj_events_begin_request: [60,1789030575772120000,397659710461,397659710581,]
09-10 08:56:15.779  1206  1219 I jank_cuj_events_end_request: [60,1789030575779758000,397667349211,397667349331]
09-10 08:56:15.794  5543  6375 I jank_cuj_events_begin_request: [81,1789030575793479000,397681071940,397681072141,1@1@dev.partydeck.app]
09-10 08:56:15.826  5543  6375 I jank_cuj_events_end_request: [81,1789030575825305000,397712897386,397712897616]
09-10 08:56:15.886  1725  1725 I viewroot_draw_event: [VRI[InputMethod],reportDrawFinished seqId=0]
09-10 08:56:16.353   568   668 I commit_sys_config_file: [settings-2-0,2]
09-10 08:56:16.402  1725  1725 I viewroot_draw_event: [VRI[InputMethod],Not drawing due to not visible. Reason=View.GONE]
09-10 08:56:17.369   568   668 I commit_sys_config_file: [settings-2-0,1]
09-10 08:56:18.128  1725  1725 I viewroot_draw_event: [VRI[InputMethod],Start draw after previous draw not visible]
09-10 08:56:18.131  1206  1219 I jank_cuj_events_begin_request: [61,1789030578131021000,400018612214,400018612344,]
09-10 08:56:18.147  1206  1219 I jank_cuj_events_end_request: [61,1789030578147294000,400034884787,400034884847]
09-10 08:56:18.284  1725  1725 I viewroot_draw_event: [VRI[InputMethod],reportDrawFinished seqId=0]
09-10 08:56:18.301  5543  6375 I jank_cuj_events_begin_request: [80,1789030578300275000,400187868980,400187869291,0@1@dev.partydeck.app]
09-10 08:56:18.316  5543  6375 I jank_cuj_events_end_request: [80,1789030578313094000,400200687517,400200687707]
09-10 08:56:18.580   568   668 I commit_sys_config_file: [settings-2-0,2]
09-10 08:56:19.668   568   668 I commit_sys_config_file: [settings-2-0,2]
09-10 08:56:21.440   568   668 I commit_sys_config_file: [settings-2-0,2]
09-10 08:56:22.451   568   668 I commit_sys_config_file: [settings-2-0,2]
09-10 08:56:23.505   568   668 I commit_sys_config_file: [settings-2-0,2]
09-10 08:56:24.516   568   668 I commit_sys_config_file: [settings-2-0,2]
09-10 08:56:25.524   568   668 I commit_sys_config_file: [settings-2-0,1]
09-10 08:56:26.536   568   668 I commit_sys_config_file: [settings-2-0,1]
09-10 08:56:27.744   568   668 I commit_sys_config_file: [settings-2-0,1]
09-10 08:56:28.756   568   668 I commit_sys_config_file: [settings-2-0,2]
09-10 08:56:29.415   568  1031 I sysui_multi_action: [757,803,799,key_back_press,802,1]
09-10 08:56:29.420  1206  1219 I jank_cuj_events_begin_request: [60,1789030589420054000,411307644681,411307644762,]
09-10 08:56:29.431  1206  1219 I jank_cuj_events_end_request: [60,1789030589431646000,411319237175,411319237275]
09-10 08:56:29.439  5543  6375 I jank_cuj_events_begin_request: [81,1789030589437772000,411325365821,411325366052,1@1@dev.partydeck.app]
09-10 08:56:29.454  5543  6375 I jank_cuj_events_end_request: [81,1789030589453887000,411341479387,411341479607]
09-10 08:56:29.535  1725  1725 I viewroot_draw_event: [VRI[InputMethod],reportDrawFinished seqId=0]
09-10 08:56:29.989   568   668 I commit_sys_config_file: [settings-2-0,2]
09-10 08:56:30.049  1725  1725 I viewroot_draw_event: [VRI[InputMethod],Not drawing due to not visible. Reason=View.GONE]
09-10 08:56:31.013   568   668 I commit_sys_config_file: [settings-2-0,1]
09-10 08:56:32.752   568   668 I commit_sys_config_file: [settings-2-0,1]
09-10 08:56:33.765   568   668 I commit_sys_config_file: [settings-2-0,2]
09-10 08:56:34.901   568   668 I commit_sys_config_file: [settings-2-0,2]
09-10 08:56:35.920   568   668 I commit_sys_config_file: [settings-2-0,2]
09-10 08:56:37.073   568   668 I commit_sys_config_file: [settings-2-0,2]
09-10 08:56:38.086   568   668 I commit_sys_config_file: [settings-2-0,2]
09-10 08:56:38.874  5543  5543 I viewroot_draw_event: [VRI[Pop-Up Window],reportDrawFinished seqId=0]
09-10 08:56:39.006  5543  5543 I viewroot_draw_event: [VRI[Pop-Up Window],reportDrawFinished seqId=0]
09-10 08:56:39.015  1725  1725 I viewroot_draw_event: [VRI[InputMethod],Start draw after previous draw not visible]
09-10 08:56:39.029  1206  1219 I jank_cuj_events_begin_request: [61,1789030599012730000,420900321804,420900321964,]
09-10 08:56:39.029  1206  1219 I jank_cuj_events_end_request: [61,1789030599029749000,420917339737,420917339817]
09-10 08:56:39.154  1725  1725 I viewroot_draw_event: [VRI[InputMethod],reportDrawFinished seqId=0]
09-10 08:56:39.170  5543  6375 I jank_cuj_events_begin_request: [80,1789030599167502000,421055095767,421055095978,0@1@dev.partydeck.app]
09-10 08:56:39.259  5543  6375 I jank_cuj_events_end_request: [80,1789030599258811000,421146404597,421146404797]
09-10 08:56:39.341   568   668 I commit_sys_config_file: [settings-2-0,17]
09-10 08:56:40.355   568   668 I commit_sys_config_file: [settings-2-0,2]
09-10 08:56:41.642   568   668 I commit_sys_config_file: [settings-2-0,2]
09-10 08:56:42.666   568   668 I commit_sys_config_file: [settings-2-0,1]
09-10 08:56:43.647   568   668 I commit_sys_config_file: [settings-2-0,1]
09-10 08:56:44.663   568   668 I commit_sys_config_file: [settings-2-0,2]
09-10 08:56:46.800   568   668 I commit_sys_config_file: [settings-2-0,3]
09-10 08:56:46.929   568   848 I service_manager_stats: [100,21,48077]
09-10 08:56:47.824   568   668 I commit_sys_config_file: [settings-2-0,12]
09-10 08:56:48.473   568  1643 I sysui_multi_action: [757,803,799,key_back_press,802,1]
09-10 08:56:48.477  1206  1219 I jank_cuj_events_begin_request: [60,1789030608477358000,430364949142,430364949222,]
09-10 08:56:48.481  1206  1219 I jank_cuj_events_end_request: [60,1789030608480903000,430368493814,430368493934]
09-10 08:56:48.491  5543  6375 I jank_cuj_events_begin_request: [81,1789030608482878000,430370471599,430370471900,1@1@dev.partydeck.app]
09-10 08:56:48.500  5543  6375 I jank_cuj_events_end_request: [81,1789030608499070000,430386662556,430386662777]
09-10 08:56:48.555  1725  1725 I viewroot_draw_event: [VRI[InputMethod],reportDrawFinished seqId=0]
09-10 08:56:49.065  1725  1725 I viewroot_draw_event: [VRI[InputMethod],Not drawing due to not visible. Reason=View.GONE]
09-10 08:56:49.109   568   668 I commit_sys_config_file: [settings-2-0,2]
09-10 08:56:50.122   568   668 I commit_sys_config_file: [settings-2-0,2]
09-10 08:56:51.122   568   668 I commit_sys_config_file: [settings-2-0,2]
09-10 08:56:52.134   568   668 I commit_sys_config_file: [settings-2-0,2]
09-10 08:56:53.134   568   668 I commit_sys_config_file: [settings-2-0,2]
09-10 08:56:54.146   568   668 I commit_sys_config_file: [settings-2-0,1]
09-10 08:56:55.850   568   668 I commit_sys_config_file: [settings-2-0,11]
09-10 08:56:56.855   568   668 I commit_sys_config_file: [settings-2-0,4]
09-10 08:56:57.830   568   668 I commit_sys_config_file: [settings-2-0,2]
09-10 08:56:58.845   568   668 I commit_sys_config_file: [settings-2-0,5]
09-10 08:56:59.485   568  1642 I sysui_multi_action: [757,803,799,key_back_press,802,1]
09-10 08:56:59.880   568   668 I commit_sys_config_file: [settings-2-0,2]
09-10 08:57:00.896   568   668 I commit_sys_config_file: [settings-2-0,1]
09-10 08:57:01.878   568   668 I commit_sys_config_file: [settings-2-0,1]
09-10 08:57:02.890   568   668 I commit_sys_config_file: [settings-2-0,2]
09-10 08:57:03.963   568   668 I commit_sys_config_file: [settings-2-0,1]
09-10 08:57:04.977   568   668 I commit_sys_config_file: [settings-2-0,2]
09-10 08:57:06.615   568   668 I commit_sys_config_file: [settings-2-0,2]
09-10 08:57:07.627   568   668 I commit_sys_config_file: [settings-2-0,1]
09-10 08:57:08.937   568   668 I commit_sys_config_file: [settings-2-0,1]
09-10 08:57:09.950   568   668 I commit_sys_config_file: [settings-2-0,2]
09-10 08:57:11.591   568   668 I commit_sys_config_file: [settings-2-0,2]
09-10 08:57:12.606   568   668 I commit_sys_config_file: [settings-2-0,2]
09-10 08:57:13.584   568   668 I commit_sys_config_file: [settings-2-0,2]
09-10 08:57:14.595   568   668 I commit_sys_config_file: [settings-2-0,2]
09-10 08:57:15.579   568   668 I commit_sys_config_file: [settings-2-0,1]
09-10 08:57:16.588   568   668 I commit_sys_config_file: [settings-2-0,1]
09-10 08:57:17.572   568   668 I commit_sys_config_file: [settings-2-0,1]
09-10 08:57:18.583   568   668 I commit_sys_config_file: [settings-2-0,2]
09-10 08:57:19.620   568   668 I commit_sys_config_file: [settings-2-0,1]
09-10 08:57:20.636   568   668 I commit_sys_config_file: [settings-2-0,2]
09-10 08:57:21.773   568   668 I commit_sys_config_file: [settings-2-0,1]
09-10 08:57:22.787   568   668 I commit_sys_config_file: [settings-2-0,1]
09-10 08:57:23.769   568   668 I commit_sys_config_file: [settings-2-0,1]
09-10 08:57:24.781   568   668 I commit_sys_config_file: [settings-2-0,2]
09-10 08:57:25.938   568   668 I commit_sys_config_file: [settings-2-0,2]
09-10 08:57:26.950   568   668 I commit_sys_config_file: [settings-2-0,2]
09-10 08:57:28.646   568   668 I commit_sys_config_file: [settings-2-0,1]
09-10 08:57:29.667   568   668 I commit_sys_config_file: [settings-2-0,2]
09-10 08:57:30.648   568   668 I commit_sys_config_file: [settings-2-0,2]
09-10 08:57:31.658   568   668 I commit_sys_config_file: [settings-2-0,1]
09-10 08:57:32.807   568   668 I commit_sys_config_file: [settings-2-0,2]
09-10 08:57:33.820   568   668 I commit_sys_config_file: [settings-2-0,2]
09-10 08:57:35.004   568   848 I service_manager_stats: [100,17,48075]
09-10 08:57:35.559   568   668 I commit_sys_config_file: [settings-2-0,1]
09-10 08:57:36.572   568   668 I commit_sys_config_file: [settings-2-0,2]
09-10 08:57:37.603   568   668 I commit_sys_config_file: [settings-2-0,1]
09-10 08:57:38.616   568   668 I commit_sys_config_file: [settings-2-0,2]
09-10 08:57:39.598   568   668 I commit_sys_config_file: [settings-2-0,2]
09-10 08:57:40.612   568   668 I commit_sys_config_file: [settings-2-0,2]
09-10 08:57:41.255   568  1619 I sysui_multi_action: [757,803,799,key_back_press,802,1]
09-10 08:57:41.301   568   592 I input_focus: [Focus request 5f0b0c2 dev.partydeck.app/dev.partydeck.app.MainActivity,reason=UpdateInputWindows]
09-10 08:57:41.332  5543  5543 I viewroot_draw_event: [VRI[MainActivity],reportDrawFinished seqId=0]
09-10 08:57:41.343   568   681 I input_focus: [Focus leaving 1b69a85 dev.partydeck.app/dev.partydeck.app.MainActivity (server),reason=Waiting for window because NOT_VISIBLE]
09-10 08:57:41.381  5543  5543 I viewroot_draw_event: [VRI[MainActivity],reportDrawFinished seqId=0]
09-10 08:57:41.385   568   681 I input_focus: [Focus entering 5f0b0c2 dev.partydeck.app/dev.partydeck.app.MainActivity (server),reason=Window became focusable. Previous reason: NOT_VISIBLE]
09-10 08:57:41.810   568   668 I commit_sys_config_file: [settings-2-0,1]
09-10 08:57:42.820   568   668 I commit_sys_config_file: [settings-2-0,1]
09-10 08:57:43.462   568   681 I input_interaction: Interaction with: 5f0b0c2 dev.partydeck.app/dev.partydeck.app.MainActivity (server), PointerEventDispatcher0 (server), 
09-10 08:57:43.487   568   592 I input_focus: [Focus request 1b69a85 dev.partydeck.app/dev.partydeck.app.MainActivity,reason=UpdateInputWindows]
09-10 08:57:43.601   568   681 I input_focus: [Focus entering 1b69a85 dev.partydeck.app/dev.partydeck.app.MainActivity (server),reason=setFocusedWindow]
09-10 08:57:43.934   568   668 I commit_sys_config_file: [settings-2-0,2]
09-10 08:57:44.946   568   668 I commit_sys_config_file: [settings-2-0,2]
