2026-09-10T11:53:45.9549890Z Current runner version: '2.337.0'
2026-09-10T11:53:45.9573250Z ##[group]Runner Image Provisioner
2026-09-10T11:53:45.9573850Z Hosted Compute Agent
2026-09-10T11:53:45.9574230Z Version: 20260828.587
2026-09-10T11:53:45.9574650Z Commit: abac92662cab4cc7352de4f9f9d2e2419aad9c29
2026-09-10T11:53:45.9575120Z Build Date: 2026-08-28T16:44:25Z
2026-09-10T11:53:45.9575570Z Worker ID: {5ec0ae80-8edf-4570-8200-eba14ac01b6d}
2026-09-10T11:53:45.9576110Z Azure Region: westus
2026-09-10T11:53:45.9576460Z ##[endgroup]
2026-09-10T11:53:45.9577410Z ##[group]Operating System
2026-09-10T11:53:45.9577810Z macOS
2026-09-10T11:53:45.9578200Z 26.6.2
2026-09-10T11:53:45.9578560Z 25G83
2026-09-10T11:53:45.9578900Z ##[endgroup]
2026-09-10T11:53:45.9579250Z ##[group]Runner Image
2026-09-10T11:53:45.9579610Z Image: macos-26-arm64
2026-09-10T11:53:45.9579990Z Version: 20260831.0337.3
2026-09-10T11:53:45.9580850Z Included Software: https://github.com/actions/runner-images/blob/macos-26-arm64/20260831.0337/images/macos/macos-26-arm64-Readme.md
2026-09-10T11:53:45.9582020Z Image Release: https://github.com/actions/runner-images/releases/tag/macos-26-arm64%2F20260831.0337
2026-09-10T11:53:45.9582950Z ##[endgroup]
2026-09-10T11:53:45.9583770Z ##[group]GITHUB_TOKEN Permissions
2026-09-10T11:53:45.9585070Z Contents: read
2026-09-10T11:53:45.9585430Z Metadata: read
2026-09-10T11:53:45.9585860Z ##[endgroup]
2026-09-10T11:53:45.9587550Z Secret source: Actions
2026-09-10T11:53:45.9588170Z Cache mode: write
2026-09-10T11:53:45.9588650Z Prepare workflow directory
2026-09-10T11:53:46.0564370Z Prepare all required actions
2026-09-10T11:53:46.0691600Z Getting action download info
2026-09-10T11:53:46.3041860Z Download action repository 'actions/checkout@3d3c42e5aac5ba805825da76410c181273ba90b1' (SHA:3d3c42e5aac5ba805825da76410c181273ba90b1)
2026-09-10T11:53:46.8634940Z Download action repository 'actions/download-artifact@3e5f45b2cfb9172054b4087a40e8e0b5a5461e7c' (SHA:3e5f45b2cfb9172054b4087a40e8e0b5a5461e7c)
2026-09-10T11:53:47.8181200Z Complete job name: Retained native engine / test
2026-09-10T11:53:47.8982830Z ##[group]Run actions/checkout@3d3c42e5aac5ba805825da76410c181273ba90b1
2026-09-10T11:53:47.8984200Z with:
2026-09-10T11:53:47.8984620Z   persist-credentials: false
2026-09-10T11:53:47.8985050Z   repository: Apdelrahman1911/PartyDeck
2026-09-10T11:53:47.8988540Z   token: ***
2026-09-10T11:53:47.8988950Z   ssh-strict: true
2026-09-10T11:53:47.8989300Z   ssh-user: git
2026-09-10T11:53:47.8989830Z   clean: true
2026-09-10T11:53:47.8990230Z   sparse-checkout-cone-mode: true
2026-09-10T11:53:47.8990690Z   fetch-depth: 1
2026-09-10T11:53:47.8991130Z   fetch-tags: false
2026-09-10T11:53:47.8991500Z   show-progress: true
2026-09-10T11:53:47.8991930Z   lfs: false
2026-09-10T11:53:47.8992330Z   submodules: false
2026-09-10T11:53:47.8992710Z   set-safe-directory: true
2026-09-10T11:53:47.8993130Z   allow-unsafe-pr-checkout: false
2026-09-10T11:53:47.8993860Z env:
2026-09-10T11:53:47.8994330Z   DEVELOPER_DIR: /Applications/Xcode_26.4.1.app/Contents/Developer
2026-09-10T11:53:47.8995000Z   PARTYDECK_RETAINED_CI_STAGE: test
2026-09-10T11:53:47.8995920Z   PARTYDECK_GODOT_RETAINED_FRAMEWORK: /Users/runner/work/PartyDeck/PartyDeck/godot/ios-host/build/framework-input/PartyDeckGodotBridge.framework
2026-09-10T11:53:47.8997410Z   PARTYDECK_GODOT_RETAINED_FRAMEWORK_RECEIPT: /Users/runner/work/PartyDeck/PartyDeck/godot/ios-host/build/evidence/authority-framework-result.json
2026-09-10T11:53:47.8998850Z   PARTYDECK_GODOT_RETAINED_PCK: /Users/runner/work/PartyDeck/PartyDeck/godot/ios-host/build/retained-inputs/renderer/partydeck-last-light.pck
2026-09-10T11:53:47.8999920Z ##[endgroup]
2026-09-10T11:53:48.4383840Z Syncing repository: Apdelrahman1911/PartyDeck
2026-09-10T11:53:48.4385950Z ##[group]Getting Git version info
2026-09-10T11:53:48.4386750Z Working directory is '/Users/runner/work/PartyDeck/PartyDeck'
2026-09-10T11:53:48.4389280Z [command]/opt/homebrew/bin/git version
2026-09-10T11:53:48.4778130Z git version 2.55.0
2026-09-10T11:53:48.4802380Z ##[endgroup]
2026-09-10T11:53:48.4813110Z Copying '/Users/runner/.gitconfig' to '/Users/runner/work/_temp/d3386dde-dfb5-4fc9-a10e-294d2c54b33e/.gitconfig'
2026-09-10T11:53:48.4821750Z Temporarily overriding HOME='/Users/runner/work/_temp/d3386dde-dfb5-4fc9-a10e-294d2c54b33e' before making global git config changes
2026-09-10T11:53:48.4826910Z Adding repository directory to the temporary git global config as a safe directory
2026-09-10T11:53:48.4829640Z [command]/opt/homebrew/bin/git config --global --add safe.directory /Users/runner/work/PartyDeck/PartyDeck
2026-09-10T11:53:48.4973280Z Deleting the contents of '/Users/runner/work/PartyDeck/PartyDeck'
2026-09-10T11:53:48.4978470Z ##[group]Determining repository object format
2026-09-10T11:53:48.4980850Z ##[endgroup]
2026-09-10T11:53:48.4982680Z ##[group]Initializing the repository
2026-09-10T11:53:48.4987820Z [command]/opt/homebrew/bin/git init /Users/runner/work/PartyDeck/PartyDeck
2026-09-10T11:53:48.5500110Z hint: Using 'master' as the name for the initial branch. This default branch name
2026-09-10T11:53:48.5502660Z hint: will change to "main" in Git 3.0. To configure the initial branch name
2026-09-10T11:53:48.5504960Z hint: to use in all of your new repositories, which will suppress this warning,
2026-09-10T11:53:48.5506740Z hint: call:
2026-09-10T11:53:48.5507600Z hint:
2026-09-10T11:53:48.5508730Z hint: 	git config --global init.defaultBranch <name>
2026-09-10T11:53:48.5510240Z hint:
2026-09-10T11:53:48.5511530Z hint: Names commonly chosen instead of 'master' are 'main', 'trunk' and
2026-09-10T11:53:48.5513480Z hint: 'development'. The just-created branch can be renamed via this command:
2026-09-10T11:53:48.5515090Z hint:
2026-09-10T11:53:48.5515980Z hint: 	git branch -m <name>
2026-09-10T11:53:48.5517080Z hint:
2026-09-10T11:53:48.5518440Z hint: Disable this message with "git config set advice.defaultBranchName false"
2026-09-10T11:53:48.5520450Z Initialized empty Git repository in /Users/runner/work/PartyDeck/PartyDeck/.git/
2026-09-10T11:53:48.5525170Z [command]/opt/homebrew/bin/git remote add origin https://github.com/Apdelrahman1911/PartyDeck
2026-09-10T11:53:48.5675120Z ##[endgroup]
2026-09-10T11:53:48.5678560Z ##[group]Disabling automatic garbage collection
2026-09-10T11:53:48.5681840Z [command]/opt/homebrew/bin/git config --local gc.auto 0
2026-09-10T11:53:48.5850530Z ##[endgroup]
2026-09-10T11:53:48.5852100Z ##[group]Setting up auth
2026-09-10T11:53:48.5853500Z Removing SSH command configuration
2026-09-10T11:53:48.5858190Z [command]/opt/homebrew/bin/git config --local --name-only --get-regexp core\.sshCommand
2026-09-10T11:53:48.5946520Z [command]/opt/homebrew/bin/git submodule foreach --recursive sh -c "git config --local --name-only --get-regexp 'core\.sshCommand' && git config --local --unset-all 'core.sshCommand' || :"
2026-09-10T11:53:48.7892660Z Removing HTTP extra header
2026-09-10T11:53:48.7900780Z [command]/opt/homebrew/bin/git config --local --name-only --get-regexp http\.https\:\/\/github\.com\/\.extraheader
2026-09-10T11:53:48.8027260Z [command]/opt/homebrew/bin/git submodule foreach --recursive sh -c "git config --local --name-only --get-regexp 'http\.https\:\/\/github\.com\/\.extraheader' && git config --local --unset-all 'http.https://github.com/.extraheader' || :"
2026-09-10T11:53:49.0308800Z Removing includeIf entries pointing to credentials config files
2026-09-10T11:53:49.0517580Z [command]/opt/homebrew/bin/git config --local --name-only --get-regexp ^includeIf\.gitdir:
2026-09-10T11:53:49.0753150Z [command]/opt/homebrew/bin/git submodule foreach --recursive git config --local --show-origin --name-only --get-regexp remote.origin.url
2026-09-10T11:53:49.3085780Z [command]/opt/homebrew/bin/git config --file /Users/runner/work/_temp/git-credentials-1022ff9e-48df-4418-9d38-5ab61b309088.config http.https://github.com/.extraheader AUTHORIZATION: basic ***
2026-09-10T11:53:49.3146870Z [command]/opt/homebrew/bin/git config --local includeIf.gitdir:/Users/runner/work/PartyDeck/PartyDeck/.git.path /Users/runner/work/_temp/git-credentials-1022ff9e-48df-4418-9d38-5ab61b309088.config
2026-09-10T11:53:49.3155790Z [command]/opt/homebrew/bin/git config --local includeIf.gitdir:/Users/runner/work/PartyDeck/PartyDeck/.git/worktrees/*.path /Users/runner/work/_temp/git-credentials-1022ff9e-48df-4418-9d38-5ab61b309088.config
2026-09-10T11:53:49.3168630Z [command]/opt/homebrew/bin/git config --local includeIf.gitdir:/github/workspace/.git.path /github/runner_temp/git-credentials-1022ff9e-48df-4418-9d38-5ab61b309088.config
2026-09-10T11:53:49.3263840Z [command]/opt/homebrew/bin/git config --local includeIf.gitdir:/github/workspace/.git/worktrees/*.path /github/runner_temp/git-credentials-1022ff9e-48df-4418-9d38-5ab61b309088.config
2026-09-10T11:53:49.3379570Z ##[endgroup]
2026-09-10T11:53:49.3381170Z ##[group]Fetching the repository
2026-09-10T11:53:49.3385890Z [command]/opt/homebrew/bin/git -c protocol.version=2 fetch --no-tags --prune --no-recurse-submodules --depth=1 origin +0f666e0ab7fdce63d5fa668442dae1c9fda86a1d:refs/remotes/origin/main
2026-09-10T11:53:58.0984730Z From https://github.com/Apdelrahman1911/PartyDeck
2026-09-10T11:53:58.0997690Z  * [new ref]         0f666e0ab7fdce63d5fa668442dae1c9fda86a1d -> origin/main
2026-09-10T11:53:58.1022520Z [command]/opt/homebrew/bin/git branch --list --remote origin/main
2026-09-10T11:53:58.1305420Z   origin/main
2026-09-10T11:53:58.1313740Z [command]/opt/homebrew/bin/git rev-parse refs/remotes/origin/main
2026-09-10T11:53:58.1383130Z 0f666e0ab7fdce63d5fa668442dae1c9fda86a1d
2026-09-10T11:53:58.1393890Z ##[endgroup]
2026-09-10T11:53:58.1398370Z ##[group]Determining the checkout info
2026-09-10T11:53:58.1401820Z ##[endgroup]
2026-09-10T11:53:58.1422450Z [command]/opt/homebrew/bin/git sparse-checkout disable
2026-09-10T11:53:58.1821520Z [command]/opt/homebrew/bin/git config --local --unset-all extensions.worktreeConfig
2026-09-10T11:53:58.2067880Z ##[group]Checking out the ref
2026-09-10T11:53:58.2074850Z [command]/opt/homebrew/bin/git checkout --progress --force -B main refs/remotes/origin/main
2026-09-10T11:53:59.3450200Z Updating files:  13% (922/6814)
2026-09-10T11:53:59.4200120Z Updating files:  14% (954/6814)
2026-09-10T11:53:59.5381510Z Updating files:  15% (1023/6814)
2026-09-10T11:53:59.5971420Z Updating files:  16% (1091/6814)
2026-09-10T11:53:59.6214710Z Updating files:  17% (1159/6814)
2026-09-10T11:53:59.6768630Z Updating files:  18% (1227/6814)
2026-09-10T11:53:59.7643480Z Updating files:  19% (1295/6814)
2026-09-10T11:53:59.8163150Z Updating files:  20% (1363/6814)
2026-09-10T11:53:59.8679990Z Updating files:  21% (1431/6814)
2026-09-10T11:54:00.1289930Z Updating files:  22% (1500/6814)
2026-09-10T11:54:00.1789160Z Updating files:  23% (1568/6814)
2026-09-10T11:54:00.2006080Z Updating files:  24% (1636/6814)
2026-09-10T11:54:00.2362630Z Updating files:  25% (1704/6814)
2026-09-10T11:54:00.2454890Z Updating files:  26% (1772/6814)
2026-09-10T11:54:00.2747010Z Updating files:  26% (1785/6814)
2026-09-10T11:54:00.3048330Z Updating files:  27% (1840/6814)
2026-09-10T11:54:00.3325590Z Updating files:  28% (1908/6814)
2026-09-10T11:54:00.3644700Z Updating files:  29% (1977/6814)
2026-09-10T11:54:00.4107990Z Updating files:  30% (2045/6814)
2026-09-10T11:54:00.4594690Z Updating files:  31% (2113/6814)
2026-09-10T11:54:00.5037270Z Updating files:  32% (2181/6814)
2026-09-10T11:54:00.5263650Z Updating files:  33% (2249/6814)
2026-09-10T11:54:00.5595790Z Updating files:  34% (2317/6814)
2026-09-10T11:54:00.5918990Z Updating files:  35% (2385/6814)
2026-09-10T11:54:00.6859340Z Updating files:  36% (2454/6814)
2026-09-10T11:54:00.7554800Z Updating files:  37% (2522/6814)
2026-09-10T11:54:00.7849080Z Updating files:  38% (2590/6814)
2026-09-10T11:54:00.8493540Z Updating files:  39% (2658/6814)
2026-09-10T11:54:00.9190510Z Updating files:  40% (2726/6814)
2026-09-10T11:54:00.9561570Z Updating files:  41% (2794/6814)
2026-09-10T11:54:00.9914740Z Updating files:  42% (2862/6814)
2026-09-10T11:54:01.0404760Z Updating files:  43% (2931/6814)
2026-09-10T11:54:01.0945200Z Updating files:  44% (2999/6814)
2026-09-10T11:54:01.1294870Z Updating files:  45% (3067/6814)
2026-09-10T11:54:01.1504930Z Updating files:  46% (3135/6814)
2026-09-10T11:54:01.2065490Z Updating files:  47% (3203/6814)
2026-09-10T11:54:01.2441040Z Updating files:  48% (3271/6814)
2026-09-10T11:54:01.2475210Z Updating files:  49% (3339/6814)
2026-09-10T11:54:01.2997590Z Updating files:  49% (3343/6814)
2026-09-10T11:54:01.3375810Z Updating files:  50% (3407/6814)
2026-09-10T11:54:01.5276100Z Updating files:  51% (3476/6814)
2026-09-10T11:54:01.5721340Z Updating files:  52% (3544/6814)
2026-09-10T11:54:01.6134080Z Updating files:  53% (3612/6814)
2026-09-10T11:54:01.6535500Z Updating files:  54% (3680/6814)
2026-09-10T11:54:01.6831940Z Updating files:  55% (3748/6814)
2026-09-10T11:54:01.7255630Z Updating files:  56% (3816/6814)
2026-09-10T11:54:01.7538280Z Updating files:  57% (3884/6814)
2026-09-10T11:54:01.7716590Z Updating files:  58% (3953/6814)
2026-09-10T11:54:01.8912290Z Updating files:  59% (4021/6814)
2026-09-10T11:54:01.9428800Z Updating files:  60% (4089/6814)
2026-09-10T11:54:01.9681720Z Updating files:  61% (4157/6814)
2026-09-10T11:54:02.0345330Z Updating files:  62% (4225/6814)
2026-09-10T11:54:02.0782010Z Updating files:  63% (4293/6814)
2026-09-10T11:54:02.1064960Z Updating files:  64% (4361/6814)
2026-09-10T11:54:02.1395440Z Updating files:  65% (4430/6814)
2026-09-10T11:54:02.1631910Z Updating files:  66% (4498/6814)
2026-09-10T11:54:02.1894090Z Updating files:  67% (4566/6814)
2026-09-10T11:54:02.2183030Z Updating files:  68% (4634/6814)
2026-09-10T11:54:02.2415060Z Updating files:  69% (4702/6814)
2026-09-10T11:54:02.2455540Z Updating files:  70% (4770/6814)
2026-09-10T11:54:02.2622420Z Updating files:  70% (4786/6814)
2026-09-10T11:54:02.2861560Z Updating files:  71% (4838/6814)
2026-09-10T11:54:02.4911990Z Updating files:  72% (4907/6814)
2026-09-10T11:54:02.5476140Z Updating files:  73% (4975/6814)
2026-09-10T11:54:02.8239810Z Updating files:  74% (5043/6814)
2026-09-10T11:54:02.8363320Z Updating files:  75% (5111/6814)
2026-09-10T11:54:03.2622520Z Updating files:  76% (5179/6814)
2026-09-10T11:54:03.2774060Z Updating files:  76% (5219/6814)
2026-09-10T11:54:03.3650400Z Updating files:  77% (5247/6814)
2026-09-10T11:54:03.3784300Z Updating files:  78% (5315/6814)
2026-09-10T11:54:03.4295400Z Updating files:  79% (5384/6814)
2026-09-10T11:54:03.4705330Z Updating files:  80% (5452/6814)
2026-09-10T11:54:03.8573690Z Updating files:  81% (5520/6814)
2026-09-10T11:54:03.8797440Z Updating files:  82% (5588/6814)
2026-09-10T11:54:03.9025760Z Updating files:  83% (5656/6814)
2026-09-10T11:54:03.9270470Z Updating files:  84% (5724/6814)
2026-09-10T11:54:03.9926340Z Updating files:  85% (5792/6814)
2026-09-10T11:54:04.0205900Z Updating files:  86% (5861/6814)
2026-09-10T11:54:04.0515320Z Updating files:  87% (5929/6814)
2026-09-10T11:54:04.0825060Z Updating files:  88% (5997/6814)
2026-09-10T11:54:04.1084240Z Updating files:  89% (6065/6814)
2026-09-10T11:54:04.1372950Z Updating files:  90% (6133/6814)
2026-09-10T11:54:04.1736410Z Updating files:  91% (6201/6814)
2026-09-10T11:54:04.2048870Z Updating files:  92% (6269/6814)
2026-09-10T11:54:04.2568460Z Updating files:  93% (6338/6814)
2026-09-10T11:54:04.2615450Z Updating files:  93% (6392/6814)
2026-09-10T11:54:04.2745420Z Updating files:  94% (6406/6814)
2026-09-10T11:54:04.3883630Z Updating files:  95% (6474/6814)
2026-09-10T11:54:04.4131180Z Updating files:  96% (6542/6814)
2026-09-10T11:54:04.4236980Z Updating files:  97% (6610/6814)
2026-09-10T11:54:04.4458270Z Updating files:  98% (6678/6814)
2026-09-10T11:54:04.4651570Z Updating files:  99% (6746/6814)
2026-09-10T11:54:04.4653090Z Updating files: 100% (6814/6814)
2026-09-10T11:54:04.4654240Z Updating files: 100% (6814/6814), done.
2026-09-10T11:54:04.4883770Z Switched to a new branch 'main'
2026-09-10T11:54:04.4905080Z branch 'main' set up to track 'origin/main'.
2026-09-10T11:54:04.5265060Z ##[endgroup]
2026-09-10T11:54:04.5643420Z [command]/opt/homebrew/bin/git log -1 --format=%H
2026-09-10T11:54:04.5761990Z 0f666e0ab7fdce63d5fa668442dae1c9fda86a1d
2026-09-10T11:54:04.5823360Z ##[group]Removing auth
2026-09-10T11:54:04.5857060Z Removing SSH command configuration
2026-09-10T11:54:04.5857550Z [command]/opt/homebrew/bin/git config --local --name-only --get-regexp core\.sshCommand
2026-09-10T11:54:04.6030800Z [command]/opt/homebrew/bin/git submodule foreach --recursive sh -c "git config --local --name-only --get-regexp 'core\.sshCommand' && git config --local --unset-all 'core.sshCommand' || :"
2026-09-10T11:54:04.8007510Z Removing HTTP extra header
2026-09-10T11:54:04.8013910Z [command]/opt/homebrew/bin/git config --local --name-only --get-regexp http\.https\:\/\/github\.com\/\.extraheader
2026-09-10T11:54:04.8336270Z [command]/opt/homebrew/bin/git submodule foreach --recursive sh -c "git config --local --name-only --get-regexp 'http\.https\:\/\/github\.com\/\.extraheader' && git config --local --unset-all 'http.https://github.com/.extraheader' || :"
2026-09-10T11:54:05.1316040Z Removing includeIf entries pointing to credentials config files
2026-09-10T11:54:05.1385720Z [command]/opt/homebrew/bin/git config --local --name-only --get-regexp ^includeIf\.gitdir:
2026-09-10T11:54:05.1448280Z includeif.gitdir:/Users/runner/work/PartyDeck/PartyDeck/.git.path
2026-09-10T11:54:05.1455010Z includeif.gitdir:/Users/runner/work/PartyDeck/PartyDeck/.git/worktrees/*.path
2026-09-10T11:54:05.1558720Z includeif.gitdir:/github/workspace/.git.path
2026-09-10T11:54:05.1661110Z includeif.gitdir:/github/workspace/.git/worktrees/*.path
2026-09-10T11:54:05.1903630Z [command]/opt/homebrew/bin/git config --local --get-all includeif.gitdir:/Users/runner/work/PartyDeck/PartyDeck/.git.path
2026-09-10T11:54:05.1913610Z /Users/runner/work/_temp/git-credentials-1022ff9e-48df-4418-9d38-5ab61b309088.config
2026-09-10T11:54:05.2000940Z [command]/opt/homebrew/bin/git config --local --unset includeif.gitdir:/Users/runner/work/PartyDeck/PartyDeck/.git.path \/Users\/runner\/work\/_temp\/git\-credentials\-1022ff9e\-48df\-4418\-9d38\-5ab61b309088\.config
2026-09-10T11:54:05.2011060Z [command]/opt/homebrew/bin/git config --local --get-all includeif.gitdir:/Users/runner/work/PartyDeck/PartyDeck/.git/worktrees/*.path
2026-09-10T11:54:05.2022480Z /Users/runner/work/_temp/git-credentials-1022ff9e-48df-4418-9d38-5ab61b309088.config
2026-09-10T11:54:05.2030960Z [command]/opt/homebrew/bin/git config --local --unset includeif.gitdir:/Users/runner/work/PartyDeck/PartyDeck/.git/worktrees/*.path \/Users\/runner\/work\/_temp\/git\-credentials\-1022ff9e\-48df\-4418\-9d38\-5ab61b309088\.config
2026-09-10T11:54:05.2033500Z [command]/opt/homebrew/bin/git config --local --get-all includeif.gitdir:/github/workspace/.git.path
2026-09-10T11:54:05.2119910Z /github/runner_temp/git-credentials-1022ff9e-48df-4418-9d38-5ab61b309088.config
2026-09-10T11:54:05.2141680Z [command]/opt/homebrew/bin/git config --local --unset includeif.gitdir:/github/workspace/.git.path \/github\/runner_temp\/git\-credentials\-1022ff9e\-48df\-4418\-9d38\-5ab61b309088\.config
2026-09-10T11:54:05.2303050Z [command]/opt/homebrew/bin/git config --local --get-all includeif.gitdir:/github/workspace/.git/worktrees/*.path
2026-09-10T11:54:05.2455470Z /github/runner_temp/git-credentials-1022ff9e-48df-4418-9d38-5ab61b309088.config
2026-09-10T11:54:05.2534460Z [command]/opt/homebrew/bin/git config --local --unset includeif.gitdir:/github/workspace/.git/worktrees/*.path \/github\/runner_temp\/git\-credentials\-1022ff9e\-48df\-4418\-9d38\-5ab61b309088\.config
2026-09-10T11:54:05.2650650Z [command]/opt/homebrew/bin/git submodule foreach --recursive git config --local --show-origin --name-only --get-regexp remote.origin.url
2026-09-10T11:54:05.4954990Z Removing credentials config '/Users/runner/work/_temp/git-credentials-1022ff9e-48df-4418-9d38-5ab61b309088.config'
2026-09-10T11:54:05.5161850Z ##[endgroup]
2026-09-10T11:54:05.5525150Z ##[group]Run mkdir -p godot/ios-host/build/evidence
2026-09-10T11:54:05.5525700Z [36;1mmkdir -p godot/ios-host/build/evidence[0m
2026-09-10T11:54:05.5525990Z [36;1mpython3 - <<'PY'[0m
2026-09-10T11:54:05.5526270Z [36;1mimport json[0m
2026-09-10T11:54:05.5526490Z [36;1mimport os[0m
2026-09-10T11:54:05.5527390Z [36;1mfrom pathlib import Path[0m
2026-09-10T11:54:05.5527660Z [36;1mimport platform[0m
2026-09-10T11:54:05.5527970Z [36;1mimport subprocess[0m
2026-09-10T11:54:05.5528220Z [36;1m[0m
2026-09-10T11:54:05.5528510Z [36;1mstage = os.environ['PARTYDECK_RETAINED_CI_STAGE'][0m
2026-09-10T11:54:05.5529110Z [36;1msource = subprocess.check_output(['git', 'rev-parse', 'HEAD'], text=True).strip()[0m
2026-09-10T11:54:05.5529560Z [36;1mcontext = {[0m
2026-09-10T11:54:05.5529890Z [36;1m    'source_commit': source,[0m
2026-09-10T11:54:05.5530250Z [36;1m    'expected_source_commit': os.environ['GITHUB_SHA'],[0m
2026-09-10T11:54:05.5530950Z [36;1m    'run_id': os.environ['GITHUB_RUN_ID'],[0m
2026-09-10T11:54:05.5531330Z [36;1m    'run_attempt': os.environ['GITHUB_RUN_ATTEMPT'],[0m
2026-09-10T11:54:05.5531830Z [36;1m    'workflow_ref': os.environ['GITHUB_WORKFLOW_REF'],[0m
2026-09-10T11:54:05.5532230Z [36;1m    'workflow_sha': os.environ['GITHUB_WORKFLOW_SHA'],[0m
2026-09-10T11:54:05.5532630Z [36;1m    'requested_stage': stage,[0m
2026-09-10T11:54:05.5532900Z [36;1m    'system': platform.system(),[0m
2026-09-10T11:54:05.5533260Z [36;1m    'machine': platform.machine(),[0m
2026-09-10T11:54:05.5533880Z [36;1m    'input_artifacts': ['godot-ios-host-renderer', 'godot-ios-host-engine', 'godot-ios-host-framework'],[0m
2026-09-10T11:54:05.5534830Z [36;1m    'input_scope': 'Named artifacts from this workflow run; no external run or repository fallback.',[0m
2026-09-10T11:54:05.5535300Z [36;1m}[0m
2026-09-10T11:54:05.5535800Z [36;1mPath('godot/ios-host/build/evidence/retained-ci-context.json').write_text(json.dumps(context, indent=2) + '\n')[0m
2026-09-10T11:54:05.5536500Z [36;1mif stage not in {'build', 'test'} or source != os.environ['GITHUB_SHA']:[0m
2026-09-10T11:54:05.5537080Z [36;1m    raise SystemExit('The retained stage and checked-out source revision must match this dispatch.')[0m
2026-09-10T11:54:05.5537700Z [36;1mif (context['system'], context['machine']) != ('Darwin', 'arm64'):[0m
2026-09-10T11:54:05.5538230Z [36;1m    raise SystemExit('The retained harness requires the ARM64 macOS runner.')[0m
2026-09-10T11:54:05.5538610Z [36;1mPY[0m
2026-09-10T11:54:05.5618700Z shell: /bin/bash --noprofile --norc -e -o pipefail {0}
2026-09-10T11:54:05.5619130Z env:
2026-09-10T11:54:05.5619580Z   DEVELOPER_DIR: /Applications/Xcode_26.4.1.app/Contents/Developer
2026-09-10T11:54:05.5620050Z   PARTYDECK_RETAINED_CI_STAGE: test
2026-09-10T11:54:05.5620670Z   PARTYDECK_GODOT_RETAINED_FRAMEWORK: /Users/runner/work/PartyDeck/PartyDeck/godot/ios-host/build/framework-input/PartyDeckGodotBridge.framework
2026-09-10T11:54:05.5621720Z   PARTYDECK_GODOT_RETAINED_FRAMEWORK_RECEIPT: /Users/runner/work/PartyDeck/PartyDeck/godot/ios-host/build/evidence/authority-framework-result.json
2026-09-10T11:54:05.5622640Z   PARTYDECK_GODOT_RETAINED_PCK: /Users/runner/work/PartyDeck/PartyDeck/godot/ios-host/build/retained-inputs/renderer/partydeck-last-light.pck
2026-09-10T11:54:05.5623230Z ##[endgroup]
2026-09-10T11:54:06.0251520Z ##[group]Run actions/download-artifact@3e5f45b2cfb9172054b4087a40e8e0b5a5461e7c
2026-09-10T11:54:06.0251980Z with:
2026-09-10T11:54:06.0252200Z   name: godot-ios-host-renderer
2026-09-10T11:54:06.0252470Z   path: godot/ios-host/build/retained-inputs/renderer
2026-09-10T11:54:06.0252780Z   digest-mismatch: error
2026-09-10T11:54:06.0253020Z   merge-multiple: false
2026-09-10T11:54:06.0253240Z   repository: Apdelrahman1911/PartyDeck
2026-09-10T11:54:06.0253460Z   run-id: 34473325295
2026-09-10T11:54:06.0253650Z   skip-decompress: false
2026-09-10T11:54:06.0253860Z env:
2026-09-10T11:54:06.0254180Z   DEVELOPER_DIR: /Applications/Xcode_26.4.1.app/Contents/Developer
2026-09-10T11:54:06.0254510Z   PARTYDECK_RETAINED_CI_STAGE: test
2026-09-10T11:54:06.0255080Z   PARTYDECK_GODOT_RETAINED_FRAMEWORK: /Users/runner/work/PartyDeck/PartyDeck/godot/ios-host/build/framework-input/PartyDeckGodotBridge.framework
2026-09-10T11:54:06.0256070Z   PARTYDECK_GODOT_RETAINED_FRAMEWORK_RECEIPT: /Users/runner/work/PartyDeck/PartyDeck/godot/ios-host/build/evidence/authority-framework-result.json
2026-09-10T11:54:06.0257290Z   PARTYDECK_GODOT_RETAINED_PCK: /Users/runner/work/PartyDeck/PartyDeck/godot/ios-host/build/retained-inputs/renderer/partydeck-last-light.pck
2026-09-10T11:54:06.0257850Z ##[endgroup]
2026-09-10T11:54:06.3215000Z Downloading single artifact
2026-09-10T11:54:06.4347260Z Preparing to download the following artifacts:
2026-09-10T11:54:06.4433920Z - godot-ios-host-renderer (ID: 10150432690, Size: 1108324, Expected Digest: sha256:62aa07b4c5afa42b07f4417889c2948e1b3c68b64291cd038667933f6d6dbdc4)
2026-09-10T11:54:06.6245310Z Redirecting to blob download url: https://productionresultssa4.blob.core.windows.net/actions-results/da4b9947-d726-4697-9840-f08c6a309bfb/workflow-job-run-74620443-3fb5-5bc1-abb3-b5ed1c354b09/artifacts/abe4e4fed53669ad30eb4aad50b1db02c253f23fd16ccb6511ff1de3d43890fc.zip
2026-09-10T11:54:06.6246880Z Starting download of artifact to: /Users/runner/work/PartyDeck/PartyDeck/godot/ios-host/build/retained-inputs/renderer
2026-09-10T11:54:06.6805890Z (node:3428) [DEP0005] DeprecationWarning: Buffer() is deprecated due to security and usability issues. Please use the Buffer.alloc(), Buffer.allocUnsafe(), or Buffer.from() methods instead.
2026-09-10T11:54:06.6814450Z (Use `node --trace-deprecation ...` to show where the warning was created)
2026-09-10T11:54:06.8145650Z SHA256 digest of downloaded artifact is 62aa07b4c5afa42b07f4417889c2948e1b3c68b64291cd038667933f6d6dbdc4
2026-09-10T11:54:06.8189940Z Artifact download completed successfully.
2026-09-10T11:54:06.8228470Z Total of 1 artifact(s) downloaded
2026-09-10T11:54:06.8331750Z Download artifact has finished successfully
2026-09-10T11:54:06.8805000Z ##[group]Run actions/download-artifact@3e5f45b2cfb9172054b4087a40e8e0b5a5461e7c
2026-09-10T11:54:06.8806180Z with:
2026-09-10T11:54:06.8806810Z   name: godot-ios-host-engine
2026-09-10T11:54:06.8807510Z   path: godot/ios-host/build/retained-inputs/engine
2026-09-10T11:54:06.8808400Z   digest-mismatch: error
2026-09-10T11:54:06.8809150Z   merge-multiple: false
2026-09-10T11:54:06.8809870Z   repository: Apdelrahman1911/PartyDeck
2026-09-10T11:54:06.8811050Z   run-id: 34473325295
2026-09-10T11:54:06.8811400Z   skip-decompress: false
2026-09-10T11:54:06.8811720Z env:
2026-09-10T11:54:06.8812070Z   DEVELOPER_DIR: /Applications/Xcode_26.4.1.app/Contents/Developer
2026-09-10T11:54:06.8812500Z   PARTYDECK_RETAINED_CI_STAGE: test
2026-09-10T11:54:06.8813260Z   PARTYDECK_GODOT_RETAINED_FRAMEWORK: /Users/runner/work/PartyDeck/PartyDeck/godot/ios-host/build/framework-input/PartyDeckGodotBridge.framework
2026-09-10T11:54:06.8814610Z   PARTYDECK_GODOT_RETAINED_FRAMEWORK_RECEIPT: /Users/runner/work/PartyDeck/PartyDeck/godot/ios-host/build/evidence/authority-framework-result.json
2026-09-10T11:54:06.8815570Z   PARTYDECK_GODOT_RETAINED_PCK: /Users/runner/work/PartyDeck/PartyDeck/godot/ios-host/build/retained-inputs/renderer/partydeck-last-light.pck
2026-09-10T11:54:06.8816210Z ##[endgroup]
2026-09-10T11:54:07.1476540Z Downloading single artifact
2026-09-10T11:54:07.2830640Z Preparing to download the following artifacts:
2026-09-10T11:54:07.2933020Z - godot-ios-host-engine (ID: 10150557819, Size: 54534537, Expected Digest: sha256:f8ae1e5aacbdc100e8436255c79bb6bab3bc8d8da948e8be5fa1d61cd4bd8133)
2026-09-10T11:54:07.4061350Z Redirecting to blob download url: https://productionresultssa4.blob.core.windows.net/actions-results/da4b9947-d726-4697-9840-f08c6a309bfb/workflow-job-run-651d0945-1e09-59f2-8adb-d53e1461e3b1/artifacts/a522ade447722fe30fd7cf7a8ce99130f42ea723166f8d2ed5440f0e4b43c62f.zip
2026-09-10T11:54:07.4070840Z Starting download of artifact to: /Users/runner/work/PartyDeck/PartyDeck/godot/ios-host/build/retained-inputs/engine
2026-09-10T11:54:07.4872680Z (node:3452) [DEP0005] DeprecationWarning: Buffer() is deprecated due to security and usability issues. Please use the Buffer.alloc(), Buffer.allocUnsafe(), or Buffer.from() methods instead.
2026-09-10T11:54:07.5003170Z (Use `node --trace-deprecation ...` to show where the warning was created)
2026-09-10T11:54:10.0895250Z SHA256 digest of downloaded artifact is f8ae1e5aacbdc100e8436255c79bb6bab3bc8d8da948e8be5fa1d61cd4bd8133
2026-09-10T11:54:10.0971040Z Artifact download completed successfully.
2026-09-10T11:54:10.1042260Z Total of 1 artifact(s) downloaded
2026-09-10T11:54:10.1043030Z Download artifact has finished successfully
2026-09-10T11:54:10.1198200Z ##[group]Run actions/download-artifact@3e5f45b2cfb9172054b4087a40e8e0b5a5461e7c
2026-09-10T11:54:10.1199980Z with:
2026-09-10T11:54:10.1200850Z   name: godot-ios-host-framework
2026-09-10T11:54:10.1201930Z   path: godot/ios-host/build/retained-inputs/framework
2026-09-10T11:54:10.1202750Z   digest-mismatch: error
2026-09-10T11:54:10.1203540Z   merge-multiple: false
2026-09-10T11:54:10.1204300Z   repository: Apdelrahman1911/PartyDeck
2026-09-10T11:54:10.1205240Z   run-id: 34473325295
2026-09-10T11:54:10.1205840Z   skip-decompress: false
2026-09-10T11:54:10.1206650Z env:
2026-09-10T11:54:10.1208100Z   DEVELOPER_DIR: /Applications/Xcode_26.4.1.app/Contents/Developer
2026-09-10T11:54:10.1209040Z   PARTYDECK_RETAINED_CI_STAGE: test
2026-09-10T11:54:10.1210870Z   PARTYDECK_GODOT_RETAINED_FRAMEWORK: /Users/runner/work/PartyDeck/PartyDeck/godot/ios-host/build/framework-input/PartyDeckGodotBridge.framework
2026-09-10T11:54:10.1213770Z   PARTYDECK_GODOT_RETAINED_FRAMEWORK_RECEIPT: /Users/runner/work/PartyDeck/PartyDeck/godot/ios-host/build/evidence/authority-framework-result.json
2026-09-10T11:54:10.1216180Z   PARTYDECK_GODOT_RETAINED_PCK: /Users/runner/work/PartyDeck/PartyDeck/godot/ios-host/build/retained-inputs/renderer/partydeck-last-light.pck
2026-09-10T11:54:10.1218100Z ##[endgroup]
2026-09-10T11:54:10.3909970Z Downloading single artifact
2026-09-10T11:54:10.5140520Z Preparing to download the following artifacts:
2026-09-10T11:54:10.5242490Z - godot-ios-host-framework (ID: 10150543644, Size: 8511360, Expected Digest: sha256:813da900762adf1b80e98fa918a8bfdc8683347a6b3ca084bcbbbfd72dc17dbd)
2026-09-10T11:54:10.6592770Z Redirecting to blob download url: https://productionresultssa4.blob.core.windows.net/actions-results/da4b9947-d726-4697-9840-f08c6a309bfb/workflow-job-run-47205597-71b7-5f38-9dac-2284def4523e/artifacts/98f01df6d1c7dfef617850326596839e8be4758e3b7ca6582b49664ced5ddf6d.zip
2026-09-10T11:54:10.6596830Z Starting download of artifact to: /Users/runner/work/PartyDeck/PartyDeck/godot/ios-host/build/retained-inputs/framework
2026-09-10T11:54:10.7086800Z (node:3514) [DEP0005] DeprecationWarning: Buffer() is deprecated due to security and usability issues. Please use the Buffer.alloc(), Buffer.allocUnsafe(), or Buffer.from() methods instead.
2026-09-10T11:54:10.7087620Z (Use `node --trace-deprecation ...` to show where the warning was created)
2026-09-10T11:54:10.9521500Z SHA256 digest of downloaded artifact is 813da900762adf1b80e98fa918a8bfdc8683347a6b3ca084bcbbbfd72dc17dbd
2026-09-10T11:54:10.9555440Z Artifact download completed successfully.
2026-09-10T11:54:10.9559220Z Total of 1 artifact(s) downloaded
2026-09-10T11:54:10.9562520Z Download artifact has finished successfully
2026-09-10T11:54:10.9614220Z ##[group]Run python3 - <<'PY' 2>&1 | tee godot/ios-host/build/evidence/retained-ci-input-verification.log
2026-09-10T11:54:10.9615090Z [36;1mpython3 - <<'PY' 2>&1 | tee godot/ios-host/build/evidence/retained-ci-input-verification.log[0m
2026-09-10T11:54:10.9615610Z [36;1mimport hashlib[0m
2026-09-10T11:54:10.9615910Z [36;1mimport json[0m
2026-09-10T11:54:10.9616160Z [36;1mimport os[0m
2026-09-10T11:54:10.9616470Z [36;1mfrom pathlib import Path[0m
2026-09-10T11:54:10.9616750Z [36;1mimport shutil[0m
2026-09-10T11:54:10.9617070Z [36;1m[0m
2026-09-10T11:54:10.9617360Z [36;1mbuild = Path('godot/ios-host/build')[0m
2026-09-10T11:54:10.9617700Z [36;1mevidence = build / 'evidence'[0m
2026-09-10T11:54:10.9618010Z [36;1minputs = build / 'retained-inputs'[0m
2026-09-10T11:54:10.9618570Z [36;1mverification = {'archive_integrity_verified': False, 'source_commit': os.environ['GITHUB_SHA'], 'files': []}[0m
2026-09-10T11:54:10.9619500Z [36;1m[0m
2026-09-10T11:54:10.9619730Z [36;1mdef receipt(path):[0m
2026-09-10T11:54:10.9620080Z [36;1m    checksum = hashlib.sha256()[0m
2026-09-10T11:54:10.9620480Z [36;1m    with path.open('rb') as stream:[0m
2026-09-10T11:54:10.9620990Z [36;1m        for block in iter(lambda: stream.read(1048576), b''):[0m
2026-09-10T11:54:10.9621440Z [36;1m            checksum.update(block)[0m
2026-09-10T11:54:10.9621840Z [36;1m    return {'sha256': checksum.hexdigest(), 'bytes': path.stat().st_size}[0m
2026-09-10T11:54:10.9622320Z [36;1m[0m
2026-09-10T11:54:10.9622500Z [36;1mdef verify(path, expected):[0m
2026-09-10T11:54:10.9622730Z [36;1m    actual = receipt(path)[0m
2026-09-10T11:54:10.9623090Z [36;1m    if any(actual[key] != expected.get(key) for key in actual):[0m
2026-09-10T11:54:10.9623630Z [36;1m        raise ValueError(f'Downloaded input differs from its build receipt: {path}')[0m
2026-09-10T11:54:10.9624200Z [36;1m    verification['files'].append({'path': str(path), **actual})[0m
2026-09-10T11:54:10.9624530Z [36;1m[0m
2026-09-10T11:54:10.9624700Z [36;1mtry:[0m
2026-09-10T11:54:10.9625070Z [36;1m    for kind, name in [('engine', 'engine-source-commit.txt'), ('framework', 'authority-source-commit.txt')]:[0m
2026-09-10T11:54:10.9625540Z [36;1m        path = inputs / kind / 'evidence' / name[0m
2026-09-10T11:54:10.9625880Z [36;1m        if path.read_text().strip() != os.environ['GITHUB_SHA']:[0m
2026-09-10T11:54:10.9626330Z [36;1m            raise ValueError(f'Downloaded input uses a different source revision: {name}')[0m
2026-09-10T11:54:10.9626860Z [36;1m        verification['files'].append({'path': str(path), **receipt(path)})[0m
2026-09-10T11:54:10.9627320Z [36;1m    engine_receipt = inputs / 'engine/evidence/engine-artifact.json'[0m
2026-09-10T11:54:10.9627710Z [36;1m    engine = json.loads(engine_receipt.read_text())[0m
2026-09-10T11:54:10.9628000Z [36;1m    expected_engine = {[0m
2026-09-10T11:54:10.9628330Z [36;1m        'engine_commit': 'ed1daf0bf001b61586d9930840f2f1394092c079',[0m
2026-09-10T11:54:10.9628800Z [36;1m        'stage': 'engine_compile_only', 'platform': 'ios', 'target': 'template_debug',[0m
2026-09-10T11:54:10.9629330Z [36;1m        'configuration': 'Debug', 'simulator': True, 'architecture': 'arm64',[0m
2026-09-10T11:54:10.9629770Z [36;1m        'sdk': 'iphonesimulator', 'xcode_version': '26.4.1',[0m
2026-09-10T11:54:10.9630250Z [36;1m        'rendering_drivers': ['opengl3'], 'path_overrides_enabled': True,[0m
2026-09-10T11:54:10.9630590Z [36;1m    }[0m
2026-09-10T11:54:10.9630820Z [36;1m    for key, value in expected_engine.items():[0m
2026-09-10T11:54:10.9631210Z [36;1m        if type(engine.get(key)) is not type(value) or engine.get(key) != value:[0m
2026-09-10T11:54:10.9631770Z [36;1m            raise ValueError(f'The retained harness requires the reviewed Simulator/Debug engine: {key}')[0m
2026-09-10T11:54:10.9632280Z [36;1m    archives = [engine, *engine.get('auxiliary_archives', [])][0m
2026-09-10T11:54:10.9632610Z [36;1m    expected_archives = {[0m
2026-09-10T11:54:10.9633660Z [36;1m        'libpartydeck_godot_ios_probe.a': 'libgodot.ios.template_debug.arm64.simulator.a',[0m
2026-09-10T11:54:10.9634300Z [36;1m        'libpartydeck_godot_camera.a': 'libgodot_camera.ios.template_debug.arm64.simulator.a',[0m
2026-09-10T11:54:10.9634710Z [36;1m    }[0m
2026-09-10T11:54:10.9635060Z [36;1m    if len(archives) != 2 or {item.get('artifact') for item in archives} != set(expected_archives):[0m
2026-09-10T11:54:10.9635570Z [36;1m        raise ValueError('Both distinct Simulator native archives are required.')[0m
2026-09-10T11:54:10.9635930Z [36;1m    for archive in archives:[0m
2026-09-10T11:54:10.9636290Z [36;1m        if archive.get('upstream_archive') != expected_archives[archive['artifact']]:[0m
2026-09-10T11:54:10.9636830Z [36;1m            raise ValueError('A native archive has an unexpected platform/configuration name.')[0m
2026-09-10T11:54:10.9637340Z [36;1m        verify(inputs / 'engine/artifacts' / archive['artifact'], archive)[0m
2026-09-10T11:54:10.9638180Z [36;1m    framework_receipt = inputs / 'framework/evidence/authority-framework-result.json'[0m
2026-09-10T11:54:10.9638650Z [36;1m    framework = json.loads(framework_receipt.read_text())[0m
2026-09-10T11:54:10.9639090Z [36;1m    if (framework.get('stage') != 'authority_framework_compilation'[0m
2026-09-10T11:54:10.9639510Z [36;1m            or framework.get('target') != 'iosSimulatorArm64'[0m
2026-09-10T11:54:10.9639910Z [36;1m            or framework.get('configuration') != 'debugFramework'[0m
2026-09-10T11:54:10.9640440Z [36;1m            or not all(framework.get(key) is True for key in ([0m
2026-09-10T11:54:10.9641080Z [36;1m                'framework_compiled', 'expected_facade_declarations_present', 'swift_module_import_typechecked'))):[0m
2026-09-10T11:54:10.9641720Z [36;1m        raise ValueError('The successful ARM64 Simulator qualification framework is required.')[0m
2026-09-10T11:54:10.9642310Z [36;1m    if framework['archive']['name'] != 'PartyDeckGodotBridge-simulator.framework.tar.gz':[0m
2026-09-10T11:54:10.9642850Z [36;1m        raise ValueError('The framework receipt names an unexpected archive.')[0m
2026-09-10T11:54:10.9643400Z [36;1m    verify(inputs / 'framework/artifacts' / framework['archive']['name'], framework['archive'])[0m
2026-09-10T11:54:10.9643880Z [36;1m    for path in (engine_receipt, framework_receipt,[0m
2026-09-10T11:54:10.9644220Z [36;1m                 inputs / 'renderer/partydeck-last-light.pck',[0m
2026-09-10T11:54:10.9644630Z [36;1m                 inputs / 'renderer/partydeck-last-light.receipt.json'):[0m
2026-09-10T11:54:10.9645170Z [36;1m        verification['files'].append({'path': str(path), **receipt(path)})[0m
2026-09-10T11:54:10.9645610Z [36;1m    artifacts = build / 'artifacts'[0m
2026-09-10T11:54:10.9645920Z [36;1m    artifacts.mkdir(exist_ok=False)[0m
2026-09-10T11:54:10.9646230Z [36;1m    for archive in archives:[0m
2026-09-10T11:54:10.9646560Z [36;1m        source = inputs / 'engine/artifacts' / archive['artifact'][0m
2026-09-10T11:54:10.9647030Z [36;1m        destination = artifacts / archive['artifact'][0m
2026-09-10T11:54:10.9647450Z [36;1m        shutil.copy2(source, destination)[0m
2026-09-10T11:54:10.9647740Z [36;1m        verify(destination, archive)[0m
2026-09-10T11:54:10.9648110Z [36;1m    shutil.copy2(engine_receipt, evidence / 'engine-artifact.json')[0m
2026-09-10T11:54:10.9648610Z [36;1m    shutil.copy2(framework_receipt, evidence / 'authority-framework-result.json')[0m
2026-09-10T11:54:10.9649050Z [36;1m    verification['archive_integrity_verified'] = True[0m
2026-09-10T11:54:10.9649700Z [36;1m    verification['remaining_gate'] = 'The runner verifies current native modules/patches, framework files and exact-source PCK before any link or test.'[0m
2026-09-10T11:54:10.9650360Z [36;1mexcept Exception as error:[0m
2026-09-10T11:54:10.9650670Z [36;1m    verification['error'] = f'{type(error).__name__}: {error}'[0m
2026-09-10T11:54:10.9651050Z [36;1m    raise[0m
2026-09-10T11:54:10.9651550Z [36;1mfinally:[0m
2026-09-10T11:54:10.9651960Z [36;1m    (evidence / 'retained-ci-inputs.json').write_text(json.dumps(verification, indent=2) + '\n')[0m
2026-09-10T11:54:10.9652370Z [36;1mPY[0m
2026-09-10T11:54:10.9652640Z [36;1mmkdir godot/ios-host/build/framework-input[0m
2026-09-10T11:54:10.9653220Z [36;1mtar -xzf godot/ios-host/build/retained-inputs/framework/artifacts/PartyDeckGodotBridge-simulator.framework.tar.gz \[0m
2026-09-10T11:54:10.9653810Z [36;1m  -C godot/ios-host/build/framework-input \[0m
2026-09-10T11:54:10.9654250Z [36;1m  2>&1 | tee -a godot/ios-host/build/evidence/retained-ci-input-verification.log[0m
2026-09-10T11:54:10.9733200Z shell: /bin/bash --noprofile --norc -e -o pipefail {0}
2026-09-10T11:54:10.9733530Z env:
2026-09-10T11:54:10.9733810Z   DEVELOPER_DIR: /Applications/Xcode_26.4.1.app/Contents/Developer
2026-09-10T11:54:10.9734150Z   PARTYDECK_RETAINED_CI_STAGE: test
2026-09-10T11:54:10.9734930Z   PARTYDECK_GODOT_RETAINED_FRAMEWORK: /Users/runner/work/PartyDeck/PartyDeck/godot/ios-host/build/framework-input/PartyDeckGodotBridge.framework
2026-09-10T11:54:10.9735830Z   PARTYDECK_GODOT_RETAINED_FRAMEWORK_RECEIPT: /Users/runner/work/PartyDeck/PartyDeck/godot/ios-host/build/evidence/authority-framework-result.json
2026-09-10T11:54:10.9736840Z   PARTYDECK_GODOT_RETAINED_PCK: /Users/runner/work/PartyDeck/PartyDeck/godot/ios-host/build/retained-inputs/renderer/partydeck-last-light.pck
2026-09-10T11:54:10.9737380Z ##[endgroup]
2026-09-10T11:54:12.0220720Z ##[group]Run bash godot/ios-host/test-retained-host.sh "$PARTYDECK_RETAINED_CI_STAGE" \
2026-09-10T11:54:12.0221400Z [36;1mbash godot/ios-host/test-retained-host.sh "$PARTYDECK_RETAINED_CI_STAGE" \[0m
2026-09-10T11:54:12.0221850Z [36;1m  2>&1 | tee godot/ios-host/build/evidence/retained-ci-runner.log[0m
2026-09-10T11:54:12.0266640Z shell: /bin/bash --noprofile --norc -e -o pipefail {0}
2026-09-10T11:54:12.0267070Z env:
2026-09-10T11:54:12.0267350Z   DEVELOPER_DIR: /Applications/Xcode_26.4.1.app/Contents/Developer
2026-09-10T11:54:12.0267700Z   PARTYDECK_RETAINED_CI_STAGE: test
2026-09-10T11:54:12.0268290Z   PARTYDECK_GODOT_RETAINED_FRAMEWORK: /Users/runner/work/PartyDeck/PartyDeck/godot/ios-host/build/framework-input/PartyDeckGodotBridge.framework
2026-09-10T11:54:12.0269230Z   PARTYDECK_GODOT_RETAINED_FRAMEWORK_RECEIPT: /Users/runner/work/PartyDeck/PartyDeck/godot/ios-host/build/evidence/authority-framework-result.json
2026-09-10T11:54:12.0270370Z   PARTYDECK_GODOT_RETAINED_PCK: /Users/runner/work/PartyDeck/PartyDeck/godot/ios-host/build/retained-inputs/renderer/partydeck-last-light.pck
2026-09-10T11:54:12.0270960Z ##[endgroup]
2026-09-10T11:54:16.7232650Z PCK checks passed: 136 entries; SHA-256 91eeb2fba17dd291564bf2e005f85c0924f813f044f945297f10b281e608b2e6
2026-09-10T11:54:16.7414300Z Prepared the real diagnostic scene and verified authority fixture.
2026-09-10T11:54:16.7514590Z Staged the receipt-matched Kotlin framework and verified shared renderer pack.
2026-09-10T11:54:16.8310340Z /Users/runner/work/PartyDeck/PartyDeck/godot/ios-host/RetainedHost/Info.plist: OK
2026-09-10T11:54:16.8313350Z /Users/runner/work/PartyDeck/PartyDeck/godot/ios-host/RetainedHost.xcodeproj/project.pbxproj: OK
2026-09-10T11:54:19.3194310Z Command line invocation:
2026-09-10T11:54:19.3201940Z     /Applications/Xcode_26.4.1.app/Contents/Developer/usr/bin/xcodebuild build -project /Users/runner/work/PartyDeck/PartyDeck/godot/ios-host/RetainedHost.xcodeproj -scheme RetainedHost -configuration Debug -destination "generic/platform=iOS Simulator" -derivedDataPath /Users/runner/work/PartyDeck/PartyDeck/godot/ios-host/build/retained-host-test/DerivedData CODE_SIGNING_ALLOWED=NO LD_MAP_FILE_PATH=/Users/runner/work/PartyDeck/PartyDeck/godot/ios-host/build/retained-host-test/evidence/RetainedHost-LinkMap.txt
2026-09-10T11:54:19.3206820Z 
2026-09-10T11:54:19.3207180Z Build settings from command line:
2026-09-10T11:54:19.3207910Z     CODE_SIGNING_ALLOWED = NO
2026-09-10T11:54:19.3209500Z     LD_MAP_FILE_PATH = /Users/runner/work/PartyDeck/PartyDeck/godot/ios-host/build/retained-host-test/evidence/RetainedHost-LinkMap.txt
2026-09-10T11:54:19.3210910Z 
2026-09-10T11:54:32.3835610Z ComputePackagePrebuildTargetDependencyGraph
2026-09-10T11:54:32.5652540Z 
2026-09-10T11:54:32.5756680Z Prepare packages
2026-09-10T11:54:32.5860460Z 
2026-09-10T11:54:32.5967170Z CreateBuildRequest
2026-09-10T11:54:32.6087920Z 
2026-09-10T11:54:32.6196680Z SendProjectDescription
2026-09-10T11:54:32.6298640Z 
2026-09-10T11:54:32.6401510Z CreateBuildOperation
2026-09-10T11:54:32.6505280Z 
2026-09-10T11:54:32.6617500Z ComputeTargetDependencyGraph
2026-09-10T11:54:32.6720090Z note: Building targets in dependency order
2026-09-10T11:54:32.6823670Z note: Target dependency graph (1 target)
2026-09-10T11:54:32.6925710Z     Target 'RetainedHost' in project 'RetainedHost' (no dependencies)
2026-09-10T11:54:32.7040670Z 
2026-09-10T11:54:32.7144210Z GatherProvisioningInputs
2026-09-10T11:54:32.7346840Z 
2026-09-10T11:54:32.7394940Z CreateBuildDescription
2026-09-10T11:54:32.7481640Z 
2026-09-10T11:54:32.7583640Z ExecuteExternalTool /Applications/Xcode_26.4.1.app/Contents/Developer/Toolchains/XcodeDefault.xctoolchain/usr/bin/swiftc --version
2026-09-10T11:54:34.3202540Z 
2026-09-10T11:54:34.3252760Z ExecuteExternalTool /Applications/Xcode_26.4.1.app/Contents/Developer/Toolchains/XcodeDefault.xctoolchain/usr/bin/clang -v -E -dM -isysroot /Applications/Xcode_26.4.1.app/Contents/Developer/Platforms/iPhoneSimulator.platform/Developer/SDKs/iPhoneSimulator26.4.sdk -x c -c /dev/null
2026-09-10T11:54:34.3256900Z 
2026-09-10T11:54:34.3375860Z ExecuteExternalTool /Applications/Xcode_26.4.1.app/Contents/Developer/Toolchains/XcodeDefault.xctoolchain/usr/bin/ld -version_details
2026-09-10T11:54:34.7065270Z 
2026-09-10T11:54:34.7306240Z Build description signature: bb7caf888e4eea9be919425fe2199154
2026-09-10T11:54:34.7409630Z Build description path: /Users/runner/work/PartyDeck/PartyDeck/godot/ios-host/build/retained-host-test/DerivedData/Build/Intermediates.noindex/XCBuildData/bb7caf888e4eea9be919425fe2199154.xcbuilddata
2026-09-10T11:54:34.7946360Z CreateBuildDirectory /Users/runner/work/PartyDeck/PartyDeck/godot/ios-host/build/retained-host-test/DerivedData/Build/Products
2026-09-10T11:54:34.8054010Z     cd /Users/runner/work/PartyDeck/PartyDeck/godot/ios-host/RetainedHost.xcodeproj
2026-09-10T11:54:34.8157740Z     builtin-create-build-directory /Users/runner/work/PartyDeck/PartyDeck/godot/ios-host/build/retained-host-test/DerivedData/Build/Products
2026-09-10T11:54:34.8263200Z 
2026-09-10T11:54:34.8367170Z CreateBuildDirectory /Users/runner/work/PartyDeck/PartyDeck/godot/ios-host/build/retained-host-test/DerivedData/Build/Intermediates.noindex
2026-09-10T11:54:34.8417080Z     cd /Users/runner/work/PartyDeck/PartyDeck/godot/ios-host/RetainedHost.xcodeproj
2026-09-10T11:54:34.8418190Z     builtin-create-build-directory /Users/runner/work/PartyDeck/PartyDeck/godot/ios-host/build/retained-host-test/DerivedData/Build/Intermediates.noindex
2026-09-10T11:54:34.8419500Z 
2026-09-10T11:54:34.8421190Z ClangStatCache /Applications/Xcode_26.4.1.app/Contents/Developer/Toolchains/XcodeDefault.xctoolchain/usr/bin/clang-stat-cache /Applications/Xcode_26.4.1.app/Contents/Developer/Platforms/iPhoneSimulator.platform/Developer/SDKs/iPhoneSimulator26.4.sdk /Users/runner/work/PartyDeck/PartyDeck/godot/ios-host/build/retained-host-test/DerivedData/SDKStatCaches.noindex/iphonesimulator26.4-23E252-688ef53f1462e2c8f657fdc38a81448f893e4a944e4cdd9af1f5077e1341bc52.sdkstatcache
2026-09-10T11:54:34.8431750Z     cd /Users/runner/work/PartyDeck/PartyDeck/godot/ios-host/RetainedHost.xcodeproj
2026-09-10T11:54:34.8442760Z     /Applications/Xcode_26.4.1.app/Contents/Developer/Toolchains/XcodeDefault.xctoolchain/usr/bin/clang-stat-cache /Applications/Xcode_26.4.1.app/Contents/Developer/Platforms/iPhoneSimulator.platform/Developer/SDKs/iPhoneSimulator26.4.sdk -o /Users/runner/work/PartyDeck/PartyDeck/godot/ios-host/build/retained-host-test/DerivedData/SDKStatCaches.noindex/iphonesimulator26.4-23E252-688ef53f1462e2c8f657fdc38a81448f893e4a944e4cdd9af1f5077e1341bc52.sdkstatcache
2026-09-10T11:54:39.3414580Z 
2026-09-10T11:54:39.3484640Z WriteAuxiliaryFile /Users/runner/work/PartyDeck/PartyDeck/godot/ios-host/build/retained-host-test/DerivedData/Build/Intermediates.noindex/RetainedHost.build/Debug-iphonesimulator/RetainedHost-18bce220dfdb8dd8aa390b59ff9a8853-VFS-iphonesimulator/all-product-headers.yaml
2026-09-10T11:54:39.3487610Z     cd /Users/runner/work/PartyDeck/PartyDeck/godot/ios-host/RetainedHost.xcodeproj
2026-09-10T11:54:39.3490460Z     write-file /Users/runner/work/PartyDeck/PartyDeck/godot/ios-host/build/retained-host-test/DerivedData/Build/Intermediates.noindex/RetainedHost.build/Debug-iphonesimulator/RetainedHost-18bce220dfdb8dd8aa390b59ff9a8853-VFS-iphonesimulator/all-product-headers.yaml
2026-09-10T11:54:39.3496790Z 
2026-09-10T11:54:39.3501470Z CreateBuildDirectory /Users/runner/work/PartyDeck/PartyDeck/godot/ios-host/build/retained-host-test/DerivedData/Build/Products/Debug-iphonesimulator
2026-09-10T11:54:39.3503490Z     cd /Users/runner/work/PartyDeck/PartyDeck/godot/ios-host/RetainedHost.xcodeproj
2026-09-10T11:54:39.3504910Z     builtin-create-build-directory /Users/runner/work/PartyDeck/PartyDeck/godot/ios-host/build/retained-host-test/DerivedData/Build/Products/Debug-iphonesimulator
2026-09-10T11:54:39.3506860Z 
2026-09-10T11:54:39.3508140Z CreateBuildDirectory /Users/runner/work/PartyDeck/PartyDeck/godot/ios-host/build/retained-host-test/DerivedData/Build/Intermediates.noindex/SwiftExplicitPrecompiledModules
2026-09-10T11:54:39.3509260Z     cd /Users/runner/work/PartyDeck/PartyDeck/godot/ios-host/RetainedHost.xcodeproj
2026-09-10T11:54:39.3511190Z     builtin-create-build-directory /Users/runner/work/PartyDeck/PartyDeck/godot/ios-host/build/retained-host-test/DerivedData/Build/Intermediates.noindex/SwiftExplicitPrecompiledModules
2026-09-10T11:54:39.3511890Z 
2026-09-10T11:54:39.3546490Z CreateBuildDirectory /Users/runner/work/PartyDeck/PartyDeck/godot/ios-host/build/retained-host-test/DerivedData/Build/Intermediates.noindex/ExplicitPrecompiledModules
2026-09-10T11:54:39.3562150Z     cd /Users/runner/work/PartyDeck/PartyDeck/godot/ios-host/RetainedHost.xcodeproj
2026-09-10T11:54:39.3563380Z     builtin-create-build-directory /Users/runner/work/PartyDeck/PartyDeck/godot/ios-host/build/retained-host-test/DerivedData/Build/Intermediates.noindex/ExplicitPrecompiledModules
2026-09-10T11:54:39.3564130Z 
2026-09-10T11:54:39.3584880Z CreateBuildDirectory /Users/runner/work/PartyDeck/PartyDeck/godot/ios-host/build/retained-host-test/DerivedData/Build/Intermediates.noindex/EagerLinkingTBDs/Debug-iphonesimulator
2026-09-10T11:54:39.3589970Z     cd /Users/runner/work/PartyDeck/PartyDeck/godot/ios-host/RetainedHost.xcodeproj
2026-09-10T11:54:39.3594890Z     builtin-create-build-directory /Users/runner/work/PartyDeck/PartyDeck/godot/ios-host/build/retained-host-test/DerivedData/Build/Intermediates.noindex/EagerLinkingTBDs/Debug-iphonesimulator
2026-09-10T11:54:39.3596860Z 
2026-09-10T11:54:39.3598100Z WriteAuxiliaryFile /Users/runner/work/PartyDeck/PartyDeck/godot/ios-host/build/retained-host-test/DerivedData/Build/Intermediates.noindex/RetainedHost.build/Debug-iphonesimulator/RetainedHost.build/RetainedHost.hmap (in target 'RetainedHost' from project 'RetainedHost')
2026-09-10T11:54:39.3600880Z     cd /Users/runner/work/PartyDeck/PartyDeck/godot/ios-host
2026-09-10T11:54:39.3607700Z     write-file /Users/runner/work/PartyDeck/PartyDeck/godot/ios-host/build/retained-host-test/DerivedData/Build/Intermediates.noindex/RetainedHost.build/Debug-iphonesimulator/RetainedHost.build/RetainedHost.hmap
2026-09-10T11:54:39.3611200Z 
2026-09-10T11:54:39.3622740Z WriteAuxiliaryFile /Users/runner/work/PartyDeck/PartyDeck/godot/ios-host/build/retained-host-test/DerivedData/Build/Intermediates.noindex/RetainedHost.build/Debug-iphonesimulator/RetainedHost.build/RetainedHost.DependencyStaticMetadataFileList (in target 'RetainedHost' from project 'RetainedHost')
2026-09-10T11:54:39.3635780Z     cd /Users/runner/work/PartyDeck/PartyDeck/godot/ios-host
2026-09-10T11:54:39.3637060Z     write-file /Users/runner/work/PartyDeck/PartyDeck/godot/ios-host/build/retained-host-test/DerivedData/Build/Intermediates.noindex/RetainedHost.build/Debug-iphonesimulator/RetainedHost.build/RetainedHost.DependencyStaticMetadataFileList
2026-09-10T11:54:39.3638810Z 
2026-09-10T11:54:39.3639890Z WriteAuxiliaryFile /Users/runner/work/PartyDeck/PartyDeck/godot/ios-host/build/retained-host-test/DerivedData/Build/Intermediates.noindex/RetainedHost.build/Debug-iphonesimulator/RetainedHost.build/RetainedHost.DependencyMetadataFileList (in target 'RetainedHost' from project 'RetainedHost')
2026-09-10T11:54:39.3642270Z     cd /Users/runner/work/PartyDeck/PartyDeck/godot/ios-host
2026-09-10T11:54:39.3649640Z     write-file /Users/runner/work/PartyDeck/PartyDeck/godot/ios-host/build/retained-host-test/DerivedData/Build/Intermediates.noindex/RetainedHost.build/Debug-iphonesimulator/RetainedHost.build/RetainedHost.DependencyMetadataFileList
2026-09-10T11:54:39.3663410Z 
2026-09-10T11:54:39.3665950Z WriteAuxiliaryFile /Users/runner/work/PartyDeck/PartyDeck/godot/ios-host/build/retained-host-test/DerivedData/Build/Intermediates.noindex/RetainedHost.build/Debug-iphonesimulator/RetainedHost.build/RetainedHost-project-headers.hmap (in target 'RetainedHost' from project 'RetainedHost')
2026-09-10T11:54:39.3668760Z     cd /Users/runner/work/PartyDeck/PartyDeck/godot/ios-host
2026-09-10T11:54:39.3671300Z     write-file /Users/runner/work/PartyDeck/PartyDeck/godot/ios-host/build/retained-host-test/DerivedData/Build/Intermediates.noindex/RetainedHost.build/Debug-iphonesimulator/RetainedHost.build/RetainedHost-project-headers.hmap
2026-09-10T11:54:39.3672320Z 
2026-09-10T11:54:39.3676410Z WriteAuxiliaryFile /Users/runner/work/PartyDeck/PartyDeck/godot/ios-host/build/retained-host-test/DerivedData/Build/Intermediates.noindex/RetainedHost.build/Debug-iphonesimulator/RetainedHost.build/RetainedHost-own-target-headers.hmap (in target 'RetainedHost' from project 'RetainedHost')
2026-09-10T11:54:39.3678150Z     cd /Users/runner/work/PartyDeck/PartyDeck/godot/ios-host
2026-09-10T11:54:39.3683100Z     write-file /Users/runner/work/PartyDeck/PartyDeck/godot/ios-host/build/retained-host-test/DerivedData/Build/Intermediates.noindex/RetainedHost.build/Debug-iphonesimulator/RetainedHost.build/RetainedHost-own-target-headers.hmap
2026-09-10T11:54:39.3687850Z 
2026-09-10T11:54:39.3689050Z WriteAuxiliaryFile /Users/runner/work/PartyDeck/PartyDeck/godot/ios-host/build/retained-host-test/DerivedData/Build/Intermediates.noindex/RetainedHost.build/Debug-iphonesimulator/RetainedHost.build/RetainedHost-generated-files.hmap (in target 'RetainedHost' from project 'RetainedHost')
2026-09-10T11:54:39.3693350Z     cd /Users/runner/work/PartyDeck/PartyDeck/godot/ios-host
2026-09-10T11:54:39.3694400Z     write-file /Users/runner/work/PartyDeck/PartyDeck/godot/ios-host/build/retained-host-test/DerivedData/Build/Intermediates.noindex/RetainedHost.build/Debug-iphonesimulator/RetainedHost.build/RetainedHost-generated-files.hmap
2026-09-10T11:54:39.3696070Z 
2026-09-10T11:54:39.3697180Z WriteAuxiliaryFile /Users/runner/work/PartyDeck/PartyDeck/godot/ios-host/build/retained-host-test/DerivedData/Build/Intermediates.noindex/RetainedHost.build/Debug-iphonesimulator/RetainedHost.build/RetainedHost-all-target-headers.hmap (in target 'RetainedHost' from project 'RetainedHost')
2026-09-10T11:54:39.3711600Z     cd /Users/runner/work/PartyDeck/PartyDeck/godot/ios-host
2026-09-10T11:54:39.3756620Z     write-file /Users/runner/work/PartyDeck/PartyDeck/godot/ios-host/build/retained-host-test/DerivedData/Build/Intermediates.noindex/RetainedHost.build/Debug-iphonesimulator/RetainedHost.build/RetainedHost-all-target-headers.hmap
2026-09-10T11:54:39.3772160Z 
2026-09-10T11:54:39.3773690Z WriteAuxiliaryFile /Users/runner/work/PartyDeck/PartyDeck/godot/ios-host/build/retained-host-test/DerivedData/Build/Intermediates.noindex/RetainedHost.build/Debug-iphonesimulator/RetainedHost.build/RetainedHost-all-non-framework-target-headers.hmap (in target 'RetainedHost' from project 'RetainedHost')
2026-09-10T11:54:39.3775650Z     cd /Users/runner/work/PartyDeck/PartyDeck/godot/ios-host
2026-09-10T11:54:39.3777160Z     write-file /Users/runner/work/PartyDeck/PartyDeck/godot/ios-host/build/retained-host-test/DerivedData/Build/Intermediates.noindex/RetainedHost.build/Debug-iphonesimulator/RetainedHost.build/RetainedHost-all-non-framework-target-headers.hmap
2026-09-10T11:54:39.3778390Z 
2026-09-10T11:54:39.3782160Z WriteAuxiliaryFile /Users/runner/work/PartyDeck/PartyDeck/godot/ios-host/build/retained-host-test/DerivedData/Build/Intermediates.noindex/RetainedHost.build/Debug-iphonesimulator/RetainedHost.build/Objects-normal/arm64/RetainedHost_const_extract_protocols.json (in target 'RetainedHost' from project 'RetainedHost')
2026-09-10T11:54:39.3825860Z     cd /Users/runner/work/PartyDeck/PartyDeck/godot/ios-host
2026-09-10T11:54:39.3862670Z     write-file /Users/runner/work/PartyDeck/PartyDeck/godot/ios-host/build/retained-host-test/DerivedData/Build/Intermediates.noindex/RetainedHost.build/Debug-iphonesimulator/RetainedHost.build/Objects-normal/arm64/RetainedHost_const_extract_protocols.json
2026-09-10T11:54:39.3957330Z 
2026-09-10T11:54:39.4064230Z WriteAuxiliaryFile /Users/runner/work/PartyDeck/PartyDeck/godot/ios-host/build/retained-host-test/DerivedData/Build/Intermediates.noindex/RetainedHost.build/Debug-iphonesimulator/RetainedHost.build/Objects-normal/arm64/RetainedHost.SwiftFileList (in target 'RetainedHost' from project 'RetainedHost')
2026-09-10T11:54:39.4176130Z     cd /Users/runner/work/PartyDeck/PartyDeck/godot/ios-host
2026-09-10T11:54:39.4261370Z     write-file /Users/runner/work/PartyDeck/PartyDeck/godot/ios-host/build/retained-host-test/DerivedData/Build/Intermediates.noindex/RetainedHost.build/Debug-iphonesimulator/RetainedHost.build/Objects-normal/arm64/RetainedHost.SwiftFileList
2026-09-10T11:54:39.4275380Z 
2026-09-10T11:54:39.4322430Z WriteAuxiliaryFile /Users/runner/work/PartyDeck/PartyDeck/godot/ios-host/build/retained-host-test/DerivedData/Build/Intermediates.noindex/RetainedHost.build/Debug-iphonesimulator/RetainedHost.build/Objects-normal/arm64/RetainedHost.SwiftConstValuesFileList (in target 'RetainedHost' from project 'RetainedHost')
2026-09-10T11:54:39.4335200Z     cd /Users/runner/work/PartyDeck/PartyDeck/godot/ios-host
2026-09-10T11:54:39.4422820Z     write-file /Users/runner/work/PartyDeck/PartyDeck/godot/ios-host/build/retained-host-test/DerivedData/Build/Intermediates.noindex/RetainedHost.build/Debug-iphonesimulator/RetainedHost.build/Objects-normal/arm64/RetainedHost.SwiftConstValuesFileList
2026-09-10T11:54:39.4441760Z 
2026-09-10T11:54:39.4501150Z WriteAuxiliaryFile /Users/runner/work/PartyDeck/PartyDeck/godot/ios-host/build/retained-host-test/DerivedData/Build/Intermediates.noindex/RetainedHost.build/Debug-iphonesimulator/RetainedHost.build/Objects-normal/arm64/RetainedHost.LinkFileList (in target 'RetainedHost' from project 'RetainedHost')
2026-09-10T11:54:39.4539560Z     cd /Users/runner/work/PartyDeck/PartyDeck/godot/ios-host
2026-09-10T11:54:39.4542060Z     write-file /Users/runner/work/PartyDeck/PartyDeck/godot/ios-host/build/retained-host-test/DerivedData/Build/Intermediates.noindex/RetainedHost.build/Debug-iphonesimulator/RetainedHost.build/Objects-normal/arm64/RetainedHost.LinkFileList
2026-09-10T11:54:39.4552220Z 
2026-09-10T11:54:39.4572560Z WriteAuxiliaryFile /Users/runner/work/PartyDeck/PartyDeck/godot/ios-host/build/retained-host-test/DerivedData/Build/Intermediates.noindex/RetainedHost.build/Debug-iphonesimulator/RetainedHost.build/Objects-normal/arm64/RetainedHost-OutputFileMap.json (in target 'RetainedHost' from project 'RetainedHost')
2026-09-10T11:54:39.4574690Z     cd /Users/runner/work/PartyDeck/PartyDeck/godot/ios-host
2026-09-10T11:54:39.4577150Z     write-file /Users/runner/work/PartyDeck/PartyDeck/godot/ios-host/build/retained-host-test/DerivedData/Build/Intermediates.noindex/RetainedHost.build/Debug-iphonesimulator/RetainedHost.build/Objects-normal/arm64/RetainedHost-OutputFileMap.json
2026-09-10T11:54:39.4578210Z 
2026-09-10T11:54:39.4579050Z MkDir /Users/runner/work/PartyDeck/PartyDeck/godot/ios-host/build/retained-host-test/DerivedData/Build/Products/Debug-iphonesimulator/RetainedHost.app (in target 'RetainedHost' from project 'RetainedHost')
2026-09-10T11:54:39.4583140Z     cd /Users/runner/work/PartyDeck/PartyDeck/godot/ios-host
2026-09-10T11:54:39.4592620Z     /bin/mkdir -p /Users/runner/work/PartyDeck/PartyDeck/godot/ios-host/build/retained-host-test/DerivedData/Build/Products/Debug-iphonesimulator/RetainedHost.app
2026-09-10T11:54:39.4629540Z 
2026-09-10T11:54:39.4731330Z ProcessInfoPlistFile /Users/runner/work/PartyDeck/PartyDeck/godot/ios-host/build/retained-host-test/DerivedData/Build/Products/Debug-iphonesimulator/RetainedHost.app/Info.plist /Users/runner/work/PartyDeck/PartyDeck/godot/ios-host/RetainedHost/Info.plist (in target 'RetainedHost' from project 'RetainedHost')
2026-09-10T11:54:39.4742660Z     cd /Users/runner/work/PartyDeck/PartyDeck/godot/ios-host
2026-09-10T11:54:39.4834400Z     builtin-infoPlistUtility /Users/runner/work/PartyDeck/PartyDeck/godot/ios-host/RetainedHost/Info.plist -producttype com.apple.product-type.application -genpkginfo /Users/runner/work/PartyDeck/PartyDeck/godot/ios-host/build/retained-host-test/DerivedData/Build/Products/Debug-iphonesimulator/RetainedHost.app/PkgInfo -expandbuildsettings -format binary -platform iphonesimulator -o /Users/runner/work/PartyDeck/PartyDeck/godot/ios-host/build/retained-host-test/DerivedData/Build/Products/Debug-iphonesimulator/RetainedHost.app/Info.plist
2026-09-10T11:54:39.4854490Z 
2026-09-10T11:54:39.4956830Z CpResource /Users/runner/work/PartyDeck/PartyDeck/godot/ios-host/build/retained-host-test/DerivedData/Build/Products/Debug-iphonesimulator/RetainedHost.app/ProbeResources /Users/runner/work/PartyDeck/PartyDeck/godot/ios-host/build/host-resources/ProbeResources (in target 'RetainedHost' from project 'RetainedHost')
2026-09-10T11:54:39.5061850Z     cd /Users/runner/work/PartyDeck/PartyDeck/godot/ios-host
2026-09-10T11:54:39.5145470Z     builtin-copy -exclude .DS_Store -exclude CVS -exclude .svn -exclude .git -exclude .hg -strip-unsigned-binaries -strip-deterministic -strip-tool /Applications/Xcode_26.4.1.app/Contents/Developer/Toolchains/XcodeDefault.xctoolchain/usr/bin/strip -resolve-src-symlinks /Users/runner/work/PartyDeck/PartyDeck/godot/ios-host/build/host-resources/ProbeResources /Users/runner/work/PartyDeck/PartyDeck/godot/ios-host/build/retained-host-test/DerivedData/Build/Products/Debug-iphonesimulator/RetainedHost.app
2026-09-10T11:54:39.5211650Z 
2026-09-10T11:54:39.5226310Z SwiftDriver RetainedHost normal arm64 com.apple.xcode.tools.swift.compiler (in target 'RetainedHost' from project 'RetainedHost')
2026-09-10T11:54:39.5331600Z     cd /Users/runner/work/PartyDeck/PartyDeck/godot/ios-host
2026-09-10T11:54:39.5405470Z     builtin-SwiftDriver -- /Applications/Xcode_26.4.1.app/Contents/Developer/Toolchains/XcodeDefault.xctoolchain/usr/bin/swiftc -module-name RetainedHost -Onone @/Users/runner/work/PartyDeck/PartyDeck/godot/ios-host/build/retained-host-test/DerivedData/Build/Intermediates.noindex/RetainedHost.build/Debug-iphonesimulator/RetainedHost.build/Objects-normal/arm64/RetainedHost.SwiftFileList -enable-experimental-feature DebugDescriptionMacro -sdk /Applications/Xcode_26.4.1.app/Contents/Developer/Platforms/iPhoneSimulator.platform/Developer/SDKs/iPhoneSimulator26.4.sdk -target arm64-apple-ios15.0-simulator -g -module-cache-path /Users/runner/work/PartyDeck/PartyDeck/godot/ios-host/build/retained-host-test/DerivedData/ModuleCache.noindex -Xfrontend -serialize-debugging-options -enable-testing -index-store-path /Users/runner/work/PartyDeck/PartyDeck/godot/ios-host/build/retained-host-test/DerivedData/Index.noindex/DataStore -swift-version 6 -I /Users/runner/work/PartyDeck/PartyDeck/godot/ios-host/build/retained-host-test/DerivedData/Build/Products/Debug-iphonesimulator -F /Users/runner/work/PartyDeck/PartyDeck/godot/ios-host/build/retained-host-test/DerivedData/Build/Products/Debug-iphonesimulator -F /Users/runner/work/PartyDeck/PartyDeck/godot/ios-host/build/artifacts -c -j3 -enable-batch-mode -incremental -Xcc -ivfsstatcache -Xcc /Users/runner/work/PartyDeck/PartyDeck/godot/ios-host/build/retained-host-test/DerivedData/SDKStatCaches.noindex/iphonesimulator26.4-23E252-688ef53f1462e2c8f657fdc38a81448f893e4a944e4cdd9af1f5077e1341bc52.sdkstatcache -output-file-map /Users/runner/work/PartyDeck/PartyDeck/godot/ios-host/build/retained-host-test/DerivedData/Build/Intermediates.noindex/RetainedHost.build/Debug-iphonesimulator/RetainedHost.build/Objects-normal/arm64/RetainedHost-OutputFileMap.json -use-frontend-parseable-output -save-temps -no-color-diagnostics -explicit-module-build -module-cache-path /Users/runner/work/PartyDeck/PartyDeck/godot/ios-host/build/retained-host-test/DerivedData/Build/Intermediates.noindex/SwiftExplicitPrecompiledModules -clang-scanner-module-cache-path /Users/runner/work/PartyDeck/PartyDeck/godot/ios-host/build/retained-host-test/DerivedData/ModuleCache.noindex -sdk-module-cache-path /Users/runner/work/PartyDeck/PartyDeck/godot/ios-host/build/retained-host-test/DerivedData/ModuleCache.noindex -serialize-diagnostics -emit-dependencies -emit-module -emit-module-path /Users/runner/work/PartyDeck/PartyDeck/godot/ios-host/build/retained-host-test/DerivedData/Build/Intermediates.noindex/RetainedHost.build/Debug-iphonesimulator/RetainedHost.build/Objects-normal/arm64/RetainedHost.swiftmodule -validate-clang-modules-once -clang-build-session-file /Users/runner/work/PartyDeck/PartyDeck/godot/ios-host/build/retained-host-test/DerivedData/ModuleCache.noindex/Session.modulevalidation -Xcc -I/Users/runner/work/PartyDeck/PartyDeck/godot/ios-host/build/retained-host-test/DerivedData/Build/Intermediates.noindex/RetainedHost.build/Debug-iphonesimulator/RetainedHost.build/swift-overrides.hmap -emit-const-values -Xfrontend -const-gather-protocols-file -Xfrontend /Users/runner/work/PartyDeck/PartyDeck/godot/ios-host/build/retained-host-test/DerivedData/Build/Intermediates.noindex/RetainedHost.build/Debug-iphonesimulator/RetainedHost.build/Objects-normal/arm64/RetainedHost_const_extract_protocols.json -Xcc -iquote -Xcc /Users/runner/work/PartyDeck/PartyDeck/godot/ios-host/build/retained-host-test/DerivedData/Build/Intermediates.noindex/RetainedHost.build/Debug-iphonesimulator/RetainedHost.build/RetainedHost-generated-files.hmap -Xcc -I/Users/runner/work/PartyDeck/PartyDeck/godot/ios-host/build/retained-host-test/DerivedData/Build/Intermediates.noindex/RetainedHost.build/Debug-iphonesimulator/RetainedHost.build/RetainedHost-own-target-headers.hmap -Xcc -I/Users/runner/work/PartyDeck/PartyDeck/godot/ios-host/build/retained-host-test/DerivedData/Build/Intermediates.noindex/RetainedHost.build/Debug-iphonesimulator/RetainedHost.build/RetainedHost-all-target-headers.hmap -Xcc -iquote -Xcc /Users/runner/work/PartyDeck/PartyDeck/godot/ios-host/build/retained-host-test/DerivedData/Build/Intermediates.noindex/RetainedHost.build/Debug-iphonesimulator/RetainedHost.build/RetainedHost-project-headers.hmap -Xcc -I/Users/runner/work/PartyDeck/PartyDeck/godot/ios-host/build/retained-host-test/DerivedData/Build/Products/Debug-iphonesimulator/include -Xcc -I/Users/runner/work/PartyDeck/PartyDeck/godot/ios-host/build/retained-host-test/DerivedData/Build/Intermediates.noindex/RetainedHost.build/Debug-iphonesimulator/RetainedHost.build/DerivedSources-normal/arm64 -Xcc -I/Users/runner/work/PartyDeck/PartyDeck/godot/ios-host/build/retained-host-test/DerivedData/Build/Intermediates.noindex/RetainedHost.build/Debug-iphonesimulator/RetainedHost.build/DerivedSources/arm64 -Xcc -I/Users/runner/work/PartyDeck/PartyDeck/godot/ios-host/build/retained-host-test/DerivedData/Build/Intermediates.noindex/RetainedHost.build/Debug-iphonesimulator/RetainedHost.build/DerivedSources -emit-objc-header -emit-objc-header-path /Users/runner/work/PartyDeck/PartyDeck/godot/ios-host/build/retained-host-test/DerivedData/Build/Intermediates.noindex/RetainedHost.build/Debug-iphonesimulator/RetainedHost.build/Objects-normal/arm64/RetainedHost-Swift.h -import-objc-header /Users/runner/work/PartyDeck/PartyDeck/godot/ios-host/modules/partydeck_ios_probe/PDGodotEngineOwner.h -working-directory /Users/runner/work/PartyDeck/PartyDeck/godot/ios-host -experimental-emit-module-separately -disable-cmo
2026-09-10T11:54:42.9729250Z 
2026-09-10T11:54:43.0238080Z SwiftExplicitDependencyGeneratePcm arm64 /Users/runner/work/PartyDeck/PartyDeck/godot/ios-host/build/retained-host-test/DerivedData/ModuleCache.noindex/_Builtin_stdarg-CTZ2JU4MPZCB5YTJ7HRK2JMPA.pcm
2026-09-10T11:54:43.2816890Z 
2026-09-10T11:54:43.2877600Z SwiftExplicitDependencyGeneratePcm arm64 /Users/runner/work/PartyDeck/PartyDeck/godot/ios-host/build/retained-host-test/DerivedData/ModuleCache.noindex/DeveloperToolsSupport-D4OFX2X7SCBTZNXD41N9ZKFJ3.pcm
2026-09-10T11:54:43.2878840Z 
2026-09-10T11:54:43.2879690Z SwiftExplicitDependencyGeneratePcm arm64 /Users/runner/work/PartyDeck/PartyDeck/godot/ios-host/build/retained-host-test/DerivedData/ModuleCache.noindex/_Builtin_stddef-EFEH2I5LJTAJGFULFEWYT0DV7.pcm
2026-09-10T11:54:43.2925910Z 
2026-09-10T11:54:43.2927650Z SwiftExplicitDependencyGeneratePcm arm64 /Users/runner/work/PartyDeck/PartyDeck/godot/ios-host/build/retained-host-test/DerivedData/ModuleCache.noindex/ptrauth-DZKRSUBNQ7RRRNQQGGNTK0M68.pcm
2026-09-10T11:54:43.4575410Z 
2026-09-10T11:54:43.4678680Z SwiftExplicitDependencyGeneratePcm arm64 /Users/runner/work/PartyDeck/PartyDeck/godot/ios-host/build/retained-host-test/DerivedData/ModuleCache.noindex/_AvailabilityInternal-F1TKWQLCDNVDMG72L6Y38JYGS.pcm
2026-09-10T11:54:43.4783540Z 
2026-09-10T11:54:43.4887740Z SwiftExplicitDependencyGeneratePcm arm64 /Users/runner/work/PartyDeck/PartyDeck/godot/ios-host/build/retained-host-test/DerivedData/ModuleCache.noindex/_Builtin_stdbool-6MEMLN4HR5W1W773BC573438Q.pcm
2026-09-10T11:54:43.5002160Z 
2026-09-10T11:54:43.5126640Z SwiftExplicitDependencyGeneratePcm arm64 /Users/runner/work/PartyDeck/PartyDeck/godot/ios-host/build/retained-host-test/DerivedData/ModuleCache.noindex/ptrcheck-BCFU3MJC9E73OAELF6UC16QJM.pcm
2026-09-10T11:54:43.5157560Z 
2026-09-10T11:54:43.5160070Z SwiftExplicitDependencyGeneratePcm arm64 /Users/runner/work/PartyDeck/PartyDeck/godot/ios-host/build/retained-host-test/DerivedData/ModuleCache.noindex/_SwiftConcurrencyShims-26NYI26AZ1FZINMPTJSR8462E.pcm
2026-09-10T11:54:43.5161570Z 
2026-09-10T11:54:43.5163010Z SwiftExplicitDependencyGeneratePcm arm64 /Users/runner/work/PartyDeck/PartyDeck/godot/ios-host/build/retained-host-test/DerivedData/ModuleCache.noindex/_Builtin_float-5NQTS1UDRJKV01JKZXLCB3MJM.pcm
2026-09-10T11:54:43.6184580Z 
2026-09-10T11:54:43.6186870Z SwiftExplicitDependencyGeneratePcm arm64 /Users/runner/work/PartyDeck/PartyDeck/godot/ios-host/build/retained-host-test/DerivedData/ModuleCache.noindex/SwiftShims-14Q5IAQOZY0I9PN019LOWC8LG.pcm
2026-09-10T11:54:43.6363640Z 
2026-09-10T11:54:43.6366410Z SwiftExplicitDependencyGeneratePcm arm64 /Users/runner/work/PartyDeck/PartyDeck/godot/ios-host/build/retained-host-test/DerivedData/ModuleCache.noindex/_DarwinFoundation1-F273SSNI0WWYUWTYL2PDXJW21.pcm
2026-09-10T11:54:43.6611590Z 
2026-09-10T11:54:43.6725930Z SwiftExplicitDependencyGeneratePcm arm64 /Users/runner/work/PartyDeck/PartyDeck/godot/ios-host/build/retained-host-test/DerivedData/ModuleCache.noindex/_Builtin_limits-2T2UIJSVQZSX7TYWD262WGCG5.pcm
2026-09-10T11:54:43.7453650Z 
2026-09-10T11:54:43.7456580Z SwiftExplicitDependencyGeneratePcm arm64 /Users/runner/work/PartyDeck/PartyDeck/godot/ios-host/build/retained-host-test/DerivedData/ModuleCache.noindex/_DarwinFoundation2-ARTLXSU4HRYXJEHBXHMQGWS4E.pcm
2026-09-10T11:54:43.9318350Z 
2026-09-10T11:54:43.9332140Z SwiftExplicitDependencyGeneratePcm arm64 /Users/runner/work/PartyDeck/PartyDeck/godot/ios-host/build/retained-host-test/DerivedData/ModuleCache.noindex/sys_types-B4XBPJP32F43IUOFM91IQH13K.pcm
2026-09-10T11:54:44.0331710Z 
2026-09-10T11:54:44.0439780Z SwiftExplicitDependencyGeneratePcm arm64 /Users/runner/work/PartyDeck/PartyDeck/godot/ios-host/build/retained-host-test/DerivedData/ModuleCache.noindex/_Builtin_stdint-9Z66TOCPT1Y1AIMMLWPUR1B5I.pcm
2026-09-10T11:54:44.0472410Z 
2026-09-10T11:54:44.0593670Z SwiftExplicitDependencyGeneratePcm arm64 /Users/runner/work/PartyDeck/PartyDeck/godot/ios-host/build/retained-host-test/DerivedData/ModuleCache.noindex/_Builtin_tgmath-F34VZBOKUK6P2OCCSB0HKFSUY.pcm
2026-09-10T11:54:44.0695210Z 
2026-09-10T11:54:44.0796720Z SwiftExplicitDependencyGeneratePcm arm64 /Users/runner/work/PartyDeck/PartyDeck/godot/ios-host/build/retained-host-test/DerivedData/ModuleCache.noindex/_Builtin_intrinsics-APAEY5CLDSDZQNSJHTZVVCAUK.pcm
2026-09-10T11:54:44.4145500Z 
2026-09-10T11:54:44.4153830Z SwiftExplicitDependencyGeneratePcm arm64 /Users/runner/work/PartyDeck/PartyDeck/godot/ios-host/build/retained-host-test/DerivedData/ModuleCache.noindex/_DarwinFoundation3-6A4UW5Z8CGG1A40JCMJ0VOU2W.pcm
2026-09-10T11:54:44.4156460Z 
2026-09-10T11:54:44.4158390Z SwiftExplicitDependencyGeneratePcm arm64 /Users/runner/work/PartyDeck/PartyDeck/godot/ios-host/build/retained-host-test/DerivedData/ModuleCache.noindex/_Builtin_stdatomic-5U6TU8RB9QRD8NIY1APK1B7ZO.pcm
2026-09-10T11:54:44.4165420Z 
2026-09-10T11:54:44.4167590Z SwiftExplicitDependencyGeneratePcm arm64 /Users/runner/work/PartyDeck/PartyDeck/godot/ios-host/build/retained-host-test/DerivedData/ModuleCache.noindex/_Builtin_inttypes-5Y9HKM65ISKD0XJRUWDL3T7AG.pcm
2026-09-10T11:54:44.4170860Z 
2026-09-10T11:54:44.4171740Z SwiftExplicitDependencyGeneratePcm arm64 /Users/runner/work/PartyDeck/PartyDeck/godot/ios-host/build/retained-host-test/DerivedData/ModuleCache.noindex/Darwin-4P7SDGYUREHEUC7P5X91X7AL3.pcm
2026-09-10T11:54:44.8654820Z 
2026-09-10T11:54:44.8791080Z SwiftExplicitDependencyGeneratePcm arm64 /Users/runner/work/PartyDeck/PartyDeck/godot/ios-host/build/retained-host-test/DerivedData/ModuleCache.noindex/simd-3OUNO8M4GD6XSJ3RQDIWLDYKQ.pcm
2026-09-10T11:54:45.0120200Z 
2026-09-10T11:54:45.0223810Z SwiftExplicitDependencyGeneratePcm arm64 /Users/runner/work/PartyDeck/PartyDeck/godot/ios-host/build/retained-host-test/DerivedData/ModuleCache.noindex/ObjectiveC-A7VRMP7FD55SD20G3EB08NB9B.pcm
2026-09-10T11:54:45.0224520Z 
2026-09-10T11:54:45.0325970Z SwiftExplicitDependencyGeneratePcm arm64 /Users/runner/work/PartyDeck/PartyDeck/godot/ios-host/build/retained-host-test/DerivedData/ModuleCache.noindex/MachO-2LGQCZP7PU25NNULOHXOR55SF.pcm
2026-09-10T11:54:45.0424870Z 
2026-09-10T11:54:45.0492880Z SwiftExplicitDependencyGeneratePcm arm64 /Users/runner/work/PartyDeck/PartyDeck/godot/ios-host/build/retained-host-test/DerivedData/ModuleCache.noindex/Spatial-3CRJIHV9FJW59E1K6090FY7JQ.pcm
2026-09-10T11:54:45.3120720Z 
2026-09-10T11:54:45.3122200Z SwiftExplicitDependencyGeneratePcm arm64 /Users/runner/work/PartyDeck/PartyDeck/godot/ios-host/build/retained-host-test/DerivedData/ModuleCache.noindex/os_object-DUY43URKGT94VKE0XL56IZ87D.pcm
2026-09-10T11:54:45.3123120Z 
2026-09-10T11:54:45.3123970Z SwiftExplicitDependencyGeneratePcm arm64 /Users/runner/work/PartyDeck/PartyDeck/godot/ios-host/build/retained-host-test/DerivedData/ModuleCache.noindex/os_workgroup-4PYXTAQIIVM27BBPLU9OGTRUS.pcm
2026-09-10T11:54:45.3124980Z 
2026-09-10T11:54:45.3125760Z SwiftExplicitDependencyGeneratePcm arm64 /Users/runner/work/PartyDeck/PartyDeck/godot/ios-host/build/retained-host-test/DerivedData/ModuleCache.noindex/Dispatch-6C88GRSZL6G6OVHG328RV9PAH.pcm
2026-09-10T11:54:45.3227990Z 
2026-09-10T11:54:45.3273930Z SwiftExplicitDependencyGeneratePcm arm64 /Users/runner/work/PartyDeck/PartyDeck/godot/ios-host/build/retained-host-test/DerivedData/ModuleCache.noindex/XPC-UTEEK14VDJ1YKCW03GGIVMVI.pcm
2026-09-10T11:54:45.4177000Z 
2026-09-10T11:54:45.4280270Z SwiftExplicitDependencyGeneratePcm arm64 /Users/runner/work/PartyDeck/PartyDeck/godot/ios-host/build/retained-host-test/DerivedData/ModuleCache.noindex/CoreFoundation-1CQSEP39QR6RYIWZGDYUYV07S.pcm
2026-09-10T11:54:45.5155830Z 
2026-09-10T11:54:45.5167050Z SwiftExplicitDependencyGeneratePcm arm64 /Users/runner/work/PartyDeck/PartyDeck/godot/ios-host/build/retained-host-test/DerivedData/ModuleCache.noindex/os-EBF43XR01Z2XJYT42GBO5F1T1.pcm
2026-09-10T11:54:45.5169160Z 
2026-09-10T11:54:45.5171080Z SwiftExplicitDependencyGeneratePcm arm64 /Users/runner/work/PartyDeck/PartyDeck/godot/ios-host/build/retained-host-test/DerivedData/ModuleCache.noindex/CoreGraphics-7AICPEUPS442WH3E46J7DJDLZ.pcm
2026-09-10T11:54:45.7970520Z 
2026-09-10T11:54:45.8095120Z SwiftExplicitDependencyGeneratePcm arm64 /Users/runner/work/PartyDeck/PartyDeck/godot/ios-host/build/retained-host-test/DerivedData/ModuleCache.noindex/CFNetwork-AUATM2OOWJFVLDD5KN4FJORRK.pcm
2026-09-10T11:54:45.8266970Z 
2026-09-10T11:54:45.8461670Z SwiftExplicitDependencyGeneratePcm arm64 /Users/runner/work/PartyDeck/PartyDeck/godot/ios-host/build/retained-host-test/DerivedData/ModuleCache.noindex/Security-44PLCHP5PS4N6GX16EWJ02CCM.pcm
2026-09-10T11:54:45.8520950Z 
2026-09-10T11:54:45.8578050Z SwiftExplicitDependencyGeneratePcm arm64 /Users/runner/work/PartyDeck/PartyDeck/godot/ios-host/build/retained-host-test/DerivedData/ModuleCache.noindex/Foundation-1YOTCB5UY4UV0TY58VQEYCRYY.pcm
2026-09-10T11:54:46.3446560Z 
2026-09-10T11:54:46.3587140Z SwiftExplicitDependencyGeneratePcm arm64 /Users/runner/work/PartyDeck/PartyDeck/godot/ios-host/build/retained-host-test/DerivedData/ModuleCache.noindex/ImageIO-9S1KZTBH30DJVFKA60C0I65TT.pcm
2026-09-10T11:54:46.3730190Z 
2026-09-10T11:54:46.3844570Z SwiftExplicitDependencyGeneratePcm arm64 /Users/runner/work/PartyDeck/PartyDeck/godot/ios-host/build/retained-host-test/DerivedData/ModuleCache.noindex/CoreText-C1QS9Z8MYETTP9L3TLNX35XT8.pcm
2026-09-10T11:54:46.3986330Z 
2026-09-10T11:54:46.4028700Z SwiftExplicitDependencyGeneratePcm arm64 /Users/runner/work/PartyDeck/PartyDeck/godot/ios-host/build/retained-host-test/DerivedData/ModuleCache.noindex/Symbols-PPBXRT3BRP1383DZF8F4KMXI.pcm
2026-09-10T11:54:46.4823140Z 
2026-09-10T11:54:46.4925570Z SwiftExplicitDependencyGeneratePcm arm64 /Users/runner/work/PartyDeck/PartyDeck/godot/ios-host/build/retained-host-test/DerivedData/ModuleCache.noindex/Accessibility-DO7GWBMEX4YLO8UTHR6FOZNCH.pcm
2026-09-10T11:54:46.5027640Z 
2026-09-10T11:54:46.5148420Z SwiftExplicitDependencyGeneratePcm arm64 /Users/runner/work/PartyDeck/PartyDeck/godot/ios-host/build/retained-host-test/DerivedData/Build/Intermediates.noindex/SwiftExplicitPrecompiledModules/PartyDeckGodotBridge-BMV6MDP1LNADXDM6PUR3JOOJE.pcm
2026-09-10T11:54:46.5256310Z 
2026-09-10T11:54:46.5388640Z SwiftExplicitDependencyGeneratePcm arm64 /Users/runner/work/PartyDeck/PartyDeck/godot/ios-host/build/retained-host-test/DerivedData/ModuleCache.noindex/DataDetection-AA8WYRYF04MCPFQ7G8V1CLJU7.pcm
2026-09-10T11:54:46.6227770Z 
2026-09-10T11:54:46.6362080Z SwiftExplicitDependencyGeneratePcm arm64 /Users/runner/work/PartyDeck/PartyDeck/godot/ios-host/build/retained-host-test/DerivedData/ModuleCache.noindex/IOSurface-395PW6P09QPB371EHRDD1U3CE.pcm
2026-09-10T11:54:46.6595590Z 
2026-09-10T11:54:46.6698060Z SwiftExplicitDependencyGeneratePcm arm64 /Users/runner/work/PartyDeck/PartyDeck/godot/ios-host/build/retained-host-test/DerivedData/ModuleCache.noindex/FileProvider-1UGPI6SBERRTHKMG8UX7BQYZO.pcm
2026-09-10T11:54:46.6799880Z 
2026-09-10T11:54:46.6903590Z SwiftExplicitDependencyGeneratePcm arm64 /Users/runner/work/PartyDeck/PartyDeck/godot/ios-host/build/retained-host-test/DerivedData/ModuleCache.noindex/UIUtilities-AGSHB15219HLPXEQW3WWNY58Z.pcm
2026-09-10T11:54:46.7004340Z 
2026-09-10T11:54:46.7112480Z SwiftExplicitDependencyGeneratePcm arm64 /Users/runner/work/PartyDeck/PartyDeck/godot/ios-host/build/retained-host-test/DerivedData/ModuleCache.noindex/UserNotifications-4DBKSADYT1C6EJYV9BQWBX8HB.pcm
2026-09-10T11:54:46.7531020Z 
2026-09-10T11:54:46.7659880Z SwiftExplicitDependencyGeneratePcm arm64 /Users/runner/work/PartyDeck/PartyDeck/godot/ios-host/build/retained-host-test/DerivedData/ModuleCache.noindex/Metal-8AS2UR4OU6IZBMV88014WLZXY.pcm
2026-09-10T11:54:46.9819730Z 
2026-09-10T11:54:46.9921460Z SwiftExplicitDependencyGeneratePcm arm64 /Users/runner/work/PartyDeck/PartyDeck/godot/ios-host/build/retained-host-test/DerivedData/ModuleCache.noindex/UniformTypeIdentifiers-A30XJENQMWFLAP98JT5VLSTPG.pcm
2026-09-10T11:54:47.0023070Z 
2026-09-10T11:54:47.0149820Z SwiftExplicitDependencyGeneratePcm arm64 /Users/runner/work/PartyDeck/PartyDeck/godot/ios-host/build/retained-host-test/DerivedData/ModuleCache.noindex/OSLog-CTAQS9PZ0RH59GLY4CGCTVFVN.pcm
2026-09-10T11:54:47.0268070Z 
2026-09-10T11:54:47.0388260Z SwiftExplicitDependencyGeneratePcm arm64 /Users/runner/work/PartyDeck/PartyDeck/godot/ios-host/build/retained-host-test/DerivedData/ModuleCache.noindex/OpenGLES-7PJN97N7Q2FWMEZLXQ8A6H8DQ.pcm
2026-09-10T11:54:47.0644190Z 
2026-09-10T11:54:47.0771670Z SwiftExplicitDependencyGeneratePcm arm64 /Users/runner/work/PartyDeck/PartyDeck/godot/ios-host/build/retained-host-test/DerivedData/ModuleCache.noindex/CoreData-6BNQCY3YYP2M6814FCC1IM0SW.pcm
2026-09-10T11:54:47.1334000Z 
2026-09-10T11:54:47.1435410Z SwiftExplicitDependencyGeneratePcm arm64 /Users/runner/work/PartyDeck/PartyDeck/godot/ios-host/build/retained-host-test/DerivedData/ModuleCache.noindex/CoreTransferable-6X00O088KD1PIY2UD8Y2FQZXY.pcm
2026-09-10T11:54:47.1455600Z 
2026-09-10T11:54:47.1456350Z SwiftExplicitDependencyGeneratePcm arm64 /Users/runner/work/PartyDeck/PartyDeck/godot/ios-host/build/retained-host-test/DerivedData/ModuleCache.noindex/CoreVideo-31XK4JHRXLFYYPKAL3I0Q159Z.pcm
2026-09-10T11:54:47.1702220Z 
2026-09-10T11:54:47.1710490Z SwiftExplicitDependencyGeneratePcm arm64 /Users/runner/work/PartyDeck/PartyDeck/godot/ios-host/build/retained-host-test/DerivedData/ModuleCache.noindex/QuartzCore-ALXQV5CA0UNS4996HX0G15CFW.pcm
2026-09-10T11:54:47.3461880Z 
2026-09-10T11:54:47.3573300Z SwiftExplicitDependencyGeneratePcm arm64 /Users/runner/work/PartyDeck/PartyDeck/godot/ios-host/build/retained-host-test/DerivedData/ModuleCache.noindex/CoreImage-5KPJ7IO3ZZ9NS7NT9QMRLKQYB.pcm
2026-09-10T11:54:47.3598920Z 
2026-09-10T11:54:47.3727120Z SwiftExplicitDependencyGeneratePcm arm64 /Users/runner/work/PartyDeck/PartyDeck/godot/ios-host/build/retained-host-test/DerivedData/ModuleCache.noindex/SwiftUICore-1KGAEEJV845JC8F4NSG7MWDHV.pcm
2026-09-10T11:54:47.4393210Z 
2026-09-10T11:54:47.4394240Z SwiftExplicitDependencyGeneratePcm arm64 /Users/runner/work/PartyDeck/PartyDeck/godot/ios-host/build/retained-host-test/DerivedData/ModuleCache.noindex/UIKit-7V12WK6XKW0H7DBQVWQQWR73V.pcm
2026-09-10T11:54:48.4904230Z 
2026-09-10T11:54:48.5006430Z SwiftExplicitDependencyGeneratePcm arm64 /Users/runner/work/PartyDeck/PartyDeck/godot/ios-host/build/retained-host-test/DerivedData/ModuleCache.noindex/SwiftUI-4008M678JWNWLYK0VFUL61DX5.pcm
2026-09-10T11:54:48.5951920Z 
2026-09-10T11:54:48.6055160Z SwiftGeneratePch normal arm64 Compiling\ bridging\ header (in target 'RetainedHost' from project 'RetainedHost')
2026-09-10T11:54:48.8255060Z 1 warning generated.
2026-09-10T11:54:48.8363900Z /Users/runner/work/PartyDeck/PartyDeck/godot/ios-host/modules/partydeck_ios_probe/PDGodotEngineOwner.h:1:9: warning: #pragma once in main file
2026-09-10T11:54:48.8488120Z  1 | #pragma once
2026-09-10T11:54:48.8629510Z    |         `- warning: #pragma once in main file
2026-09-10T11:54:48.8669780Z  2 | 
2026-09-10T11:54:48.8790460Z  3 | #import <Foundation/Foundation.h>
2026-09-10T11:54:48.8917210Z 
2026-09-10T11:54:48.9043990Z SwiftDriverJobDiscovery normal arm64 Compiling bridging header (in target 'RetainedHost' from project 'RetainedHost')
2026-09-10T11:54:48.9098460Z 
2026-09-10T11:54:48.9099180Z SwiftEmitModule normal arm64 Emitting\ module\ for\ RetainedHost (in target 'RetainedHost' from project 'RetainedHost')
2026-09-10T11:54:48.9231380Z 
2026-09-10T11:54:48.9244720Z EmitSwiftModule normal arm64 (in target 'RetainedHost' from project 'RetainedHost')
2026-09-10T11:54:48.9246180Z     cd /Users/runner/work/PartyDeck/PartyDeck/godot/ios-host
2026-09-10T11:54:48.9247160Z     
2026-09-10T11:54:49.8923270Z 
2026-09-10T11:54:49.9033870Z SwiftCompile normal arm64 Compiling\ RetainedHostApp.swift /Users/runner/work/PartyDeck/PartyDeck/godot/ios-host/RetainedHost/RetainedHostApp.swift (in target 'RetainedHost' from project 'RetainedHost')
2026-09-10T11:54:49.9161930Z SwiftCompile normal arm64 /Users/runner/work/PartyDeck/PartyDeck/godot/ios-host/RetainedHost/RetainedHostApp.swift (in target 'RetainedHost' from project 'RetainedHost')
2026-09-10T11:54:49.9295530Z     cd /Users/runner/work/PartyDeck/PartyDeck/godot/ios-host
2026-09-10T11:54:49.9431870Z     
2026-09-10T11:54:58.1166420Z 
2026-09-10T11:54:58.1618870Z SwiftCompile normal arm64 Compiling\ RetainedModel.swift /Users/runner/work/PartyDeck/PartyDeck/godot/ios-host/RetainedHost/RetainedModel.swift (in target 'RetainedHost' from project 'RetainedHost')
2026-09-10T11:54:58.1774880Z 
2026-09-10T11:54:58.1891670Z SwiftCompile normal arm64 /Users/runner/work/PartyDeck/PartyDeck/godot/ios-host/RetainedHost/RetainedModel.swift (in target 'RetainedHost' from project 'RetainedHost')
2026-09-10T11:54:58.1995280Z     cd /Users/runner/work/PartyDeck/PartyDeck/godot/ios-host
2026-09-10T11:54:58.2103940Z     
2026-09-10T11:54:58.2204980Z 
2026-09-10T11:54:58.2307670Z SwiftDriverJobDiscovery normal arm64 Emitting module for RetainedHost (in target 'RetainedHost' from project 'RetainedHost')
2026-09-10T11:54:58.2409090Z 
2026-09-10T11:54:58.2510270Z SwiftDriver\ Compilation\ Requirements RetainedHost normal arm64 com.apple.xcode.tools.swift.compiler (in target 'RetainedHost' from project 'RetainedHost')
2026-09-10T11:54:58.2618920Z     cd /Users/runner/work/PartyDeck/PartyDeck/godot/ios-host
2026-09-10T11:54:58.2783690Z     builtin-Swift-Compilation-Requirements -- /Applications/Xcode_26.4.1.app/Contents/Developer/Toolchains/XcodeDefault.xctoolchain/usr/bin/swiftc -module-name RetainedHost -Onone @/Users/runner/work/PartyDeck/PartyDeck/godot/ios-host/build/retained-host-test/DerivedData/Build/Intermediates.noindex/RetainedHost.build/Debug-iphonesimulator/RetainedHost.build/Objects-normal/arm64/RetainedHost.SwiftFileList -enable-experimental-feature DebugDescriptionMacro -sdk /Applications/Xcode_26.4.1.app/Contents/Developer/Platforms/iPhoneSimulator.platform/Developer/SDKs/iPhoneSimulator26.4.sdk -target arm64-apple-ios15.0-simulator -g -module-cache-path /Users/runner/work/PartyDeck/PartyDeck/godot/ios-host/build/retained-host-test/DerivedData/ModuleCache.noindex -Xfrontend -serialize-debugging-options -enable-testing -index-store-path /Users/runner/work/PartyDeck/PartyDeck/godot/ios-host/build/retained-host-test/DerivedData/Index.noindex/DataStore -swift-version 6 -I /Users/runner/work/PartyDeck/PartyDeck/godot/ios-host/build/retained-host-test/DerivedData/Build/Products/Debug-iphonesimulator -F /Users/runner/work/PartyDeck/PartyDeck/godot/ios-host/build/retained-host-test/DerivedData/Build/Products/Debug-iphonesimulator -F /Users/runner/work/PartyDeck/PartyDeck/godot/ios-host/build/artifacts -c -j3 -enable-batch-mode -incremental -Xcc -ivfsstatcache -Xcc /Users/runner/work/PartyDeck/PartyDeck/godot/ios-host/build/retained-host-test/DerivedData/SDKStatCaches.noindex/iphonesimulator26.4-23E252-688ef53f1462e2c8f657fdc38a81448f893e4a944e4cdd9af1f5077e1341bc52.sdkstatcache -output-file-map /Users/runner/work/PartyDeck/PartyDeck/godot/ios-host/build/retained-host-test/DerivedData/Build/Intermediates.noindex/RetainedHost.build/Debug-iphonesimulator/RetainedHost.build/Objects-normal/arm64/RetainedHost-OutputFileMap.json -use-frontend-parseable-output -save-temps -no-color-diagnostics -explicit-module-build -module-cache-path /Users/runner/work/PartyDeck/PartyDeck/godot/ios-host/build/retained-host-test/DerivedData/Build/Intermediates.noindex/SwiftExplicitPrecompiledModules -clang-scanner-module-cache-path /Users/runner/work/PartyDeck/PartyDeck/godot/ios-host/build/retained-host-test/DerivedData/ModuleCache.noindex -sdk-module-cache-path /Users/runner/work/PartyDeck/PartyDeck/godot/ios-host/build/retained-host-test/DerivedData/ModuleCache.noindex -serialize-diagnostics -emit-dependencies -emit-module -emit-module-path /Users/runner/work/PartyDeck/PartyDeck/godot/ios-host/build/retained-host-test/DerivedData/Build/Intermediates.noindex/RetainedHost.build/Debug-iphonesimulator/RetainedHost.build/Objects-normal/arm64/RetainedHost.swiftmodule -validate-clang-modules-once -clang-build-session-file /Users/runner/work/PartyDeck/PartyDeck/godot/ios-host/build/retained-host-test/DerivedData/ModuleCache.noindex/Session.modulevalidation -Xcc -I/Users/runner/work/PartyDeck/PartyDeck/godot/ios-host/build/retained-host-test/DerivedData/Build/Intermediates.noindex/RetainedHost.build/Debug-iphonesimulator/RetainedHost.build/swift-overrides.hmap -emit-const-values -Xfrontend -const-gather-protocols-file -Xfrontend /Users/runner/work/PartyDeck/PartyDeck/godot/ios-host/build/retained-host-test/DerivedData/Build/Intermediates.noindex/RetainedHost.build/Debug-iphonesimulator/RetainedHost.build/Objects-normal/arm64/RetainedHost_const_extract_protocols.json -Xcc -iquote -Xcc /Users/runner/work/PartyDeck/PartyDeck/godot/ios-host/build/retained-host-test/DerivedData/Build/Intermediates.noindex/RetainedHost.build/Debug-iphonesimulator/RetainedHost.build/RetainedHost-generated-files.hmap -Xcc -I/Users/runner/work/PartyDeck/PartyDeck/godot/ios-host/build/retained-host-test/DerivedData/Build/Intermediates.noindex/RetainedHost.build/Debug-iphonesimulator/RetainedHost.build/RetainedHost-own-target-headers.hmap -Xcc -I/Users/runner/work/PartyDeck/PartyDeck/godot/ios-host/build/retained-host-test/DerivedData/Build/Intermediates.noindex/RetainedHost.build/Debug-iphonesimulator/RetainedHost.build/RetainedHost-all-target-headers.hmap -Xcc -iquote -Xcc /Users/runner/work/PartyDeck/PartyDeck/godot/ios-host/build/retained-host-test/DerivedData/Build/Intermediates.noindex/RetainedHost.build/Debug-iphonesimulator/RetainedHost.build/RetainedHost-project-headers.hmap -Xcc -I/Users/runner/work/PartyDeck/PartyDeck/godot/ios-host/build/retained-host-test/DerivedData/Build/Products/Debug-iphonesimulator/include -Xcc -I/Users/runner/work/PartyDeck/PartyDeck/godot/ios-host/build/retained-host-test/DerivedData/Build/Intermediates.noindex/RetainedHost.build/Debug-iphonesimulator/RetainedHost.build/DerivedSources-normal/arm64 -Xcc -I/Users/runner/work/PartyDeck/PartyDeck/godot/ios-host/build/retained-host-test/DerivedData/Build/Intermediates.noindex/RetainedHost.build/Debug-iphonesimulator/RetainedHost.build/DerivedSources/arm64 -Xcc -I/Users/runner/work/PartyDeck/PartyDeck/godot/ios-host/build/retained-host-test/DerivedData/Build/Intermediates.noindex/RetainedHost.build/Debug-iphonesimulator/RetainedHost.build/DerivedSources -emit-objc-header -emit-objc-header-path /Users/runner/work/PartyDeck/PartyDeck/godot/ios-host/build/retained-host-test/DerivedData/Build/Intermediates.noindex/RetainedHost.build/Debug-iphonesimulator/RetainedHost.build/Objects-normal/arm64/RetainedHost-Swift.h -import-objc-header /Users/runner/work/PartyDeck/PartyDeck/godot/ios-host/modules/partydeck_ios_probe/PDGodotEngineOwner.h -working-directory /Users/runner/work/PartyDeck/PartyDeck/godot/ios-host -experimental-emit-module-separately -disable-cmo
2026-09-10T11:54:58.2819460Z 
2026-09-10T11:54:58.2922850Z SwiftMergeGeneratedHeaders /Users/runner/work/PartyDeck/PartyDeck/godot/ios-host/build/retained-host-test/DerivedData/Build/Intermediates.noindex/RetainedHost.build/Debug-iphonesimulator/RetainedHost.build/DerivedSources/RetainedHost-Swift.h /Users/runner/work/PartyDeck/PartyDeck/godot/ios-host/build/retained-host-test/DerivedData/Build/Intermediates.noindex/RetainedHost.build/Debug-iphonesimulator/RetainedHost.build/Objects-normal/arm64/RetainedHost-Swift.h (in target 'RetainedHost' from project 'RetainedHost')
2026-09-10T11:54:58.3029200Z     cd /Users/runner/work/PartyDeck/PartyDeck/godot/ios-host
2026-09-10T11:54:58.3144950Z     builtin-swiftHeaderTool -arch arm64 /Users/runner/work/PartyDeck/PartyDeck/godot/ios-host/build/retained-host-test/DerivedData/Build/Intermediates.noindex/RetainedHost.build/Debug-iphonesimulator/RetainedHost.build/Objects-normal/arm64/RetainedHost-Swift.h -o /Users/runner/work/PartyDeck/PartyDeck/godot/ios-host/build/retained-host-test/DerivedData/Build/Intermediates.noindex/RetainedHost.build/Debug-iphonesimulator/RetainedHost.build/DerivedSources/RetainedHost-Swift.h
2026-09-10T11:54:58.3250760Z 
2026-09-10T11:54:58.3360410Z Copy /Users/runner/work/PartyDeck/PartyDeck/godot/ios-host/build/retained-host-test/DerivedData/Build/Products/Debug-iphonesimulator/RetainedHost.swiftmodule/arm64-apple-ios-simulator.swiftmodule /Users/runner/work/PartyDeck/PartyDeck/godot/ios-host/build/retained-host-test/DerivedData/Build/Intermediates.noindex/RetainedHost.build/Debug-iphonesimulator/RetainedHost.build/Objects-normal/arm64/RetainedHost.swiftmodule (in target 'RetainedHost' from project 'RetainedHost')
2026-09-10T11:54:58.3467180Z     cd /Users/runner/work/PartyDeck/PartyDeck/godot/ios-host
2026-09-10T11:54:58.3595050Z     builtin-copy -exclude .DS_Store -exclude CVS -exclude .svn -exclude .git -exclude .hg -strip-unsigned-binaries -strip-deterministic -strip-tool /Applications/Xcode_26.4.1.app/Contents/Developer/Toolchains/XcodeDefault.xctoolchain/usr/bin/strip -resolve-src-symlinks -rename /Users/runner/work/PartyDeck/PartyDeck/godot/ios-host/build/retained-host-test/DerivedData/Build/Intermediates.noindex/RetainedHost.build/Debug-iphonesimulator/RetainedHost.build/Objects-normal/arm64/RetainedHost.swiftmodule /Users/runner/work/PartyDeck/PartyDeck/godot/ios-host/build/retained-host-test/DerivedData/Build/Products/Debug-iphonesimulator/RetainedHost.swiftmodule/arm64-apple-ios-simulator.swiftmodule
2026-09-10T11:54:58.3710140Z 
2026-09-10T11:54:58.3827540Z Copy /Users/runner/work/PartyDeck/PartyDeck/godot/ios-host/build/retained-host-test/DerivedData/Build/Products/Debug-iphonesimulator/RetainedHost.swiftmodule/arm64-apple-ios-simulator.swiftdoc /Users/runner/work/PartyDeck/PartyDeck/godot/ios-host/build/retained-host-test/DerivedData/Build/Intermediates.noindex/RetainedHost.build/Debug-iphonesimulator/RetainedHost.build/Objects-normal/arm64/RetainedHost.swiftdoc (in target 'RetainedHost' from project 'RetainedHost')
2026-09-10T11:54:58.3941390Z     cd /Users/runner/work/PartyDeck/PartyDeck/godot/ios-host
2026-09-10T11:54:58.4051930Z     builtin-copy -exclude .DS_Store -exclude CVS -exclude .svn -exclude .git -exclude .hg -strip-unsigned-binaries -strip-deterministic -strip-tool /Applications/Xcode_26.4.1.app/Contents/Developer/Toolchains/XcodeDefault.xctoolchain/usr/bin/strip -resolve-src-symlinks -rename /Users/runner/work/PartyDeck/PartyDeck/godot/ios-host/build/retained-host-test/DerivedData/Build/Intermediates.noindex/RetainedHost.build/Debug-iphonesimulator/RetainedHost.build/Objects-normal/arm64/RetainedHost.swiftdoc /Users/runner/work/PartyDeck/PartyDeck/godot/ios-host/build/retained-host-test/DerivedData/Build/Products/Debug-iphonesimulator/RetainedHost.swiftmodule/arm64-apple-ios-simulator.swiftdoc
2026-09-10T11:54:58.4184740Z 
2026-09-10T11:54:58.4290900Z Copy /Users/runner/work/PartyDeck/PartyDeck/godot/ios-host/build/retained-host-test/DerivedData/Build/Products/Debug-iphonesimulator/RetainedHost.swiftmodule/arm64-apple-ios-simulator.abi.json /Users/runner/work/PartyDeck/PartyDeck/godot/ios-host/build/retained-host-test/DerivedData/Build/Intermediates.noindex/RetainedHost.build/Debug-iphonesimulator/RetainedHost.build/Objects-normal/arm64/RetainedHost.abi.json (in target 'RetainedHost' from project 'RetainedHost')
2026-09-10T11:54:58.4400780Z     cd /Users/runner/work/PartyDeck/PartyDeck/godot/ios-host
2026-09-10T11:54:58.4504650Z     builtin-copy -exclude .DS_Store -exclude CVS -exclude .svn -exclude .git -exclude .hg -strip-unsigned-binaries -strip-deterministic -strip-tool /Applications/Xcode_26.4.1.app/Contents/Developer/Toolchains/XcodeDefault.xctoolchain/usr/bin/strip -resolve-src-symlinks -rename /Users/runner/work/PartyDeck/PartyDeck/godot/ios-host/build/retained-host-test/DerivedData/Build/Intermediates.noindex/RetainedHost.build/Debug-iphonesimulator/RetainedHost.build/Objects-normal/arm64/RetainedHost.abi.json /Users/runner/work/PartyDeck/PartyDeck/godot/ios-host/build/retained-host-test/DerivedData/Build/Products/Debug-iphonesimulator/RetainedHost.swiftmodule/arm64-apple-ios-simulator.abi.json
2026-09-10T11:54:58.4506930Z 
2026-09-10T11:54:58.4612910Z Copy /Users/runner/work/PartyDeck/PartyDeck/godot/ios-host/build/retained-host-test/DerivedData/Build/Products/Debug-iphonesimulator/RetainedHost.swiftmodule/Project/arm64-apple-ios-simulator.swiftsourceinfo /Users/runner/work/PartyDeck/PartyDeck/godot/ios-host/build/retained-host-test/DerivedData/Build/Intermediates.noindex/RetainedHost.build/Debug-iphonesimulator/RetainedHost.build/Objects-normal/arm64/RetainedHost.swiftsourceinfo (in target 'RetainedHost' from project 'RetainedHost')
2026-09-10T11:54:58.4723850Z     cd /Users/runner/work/PartyDeck/PartyDeck/godot/ios-host
2026-09-10T11:54:58.4841000Z     builtin-copy -exclude .DS_Store -exclude CVS -exclude .svn -exclude .git -exclude .hg -strip-unsigned-binaries -strip-deterministic -strip-tool /Applications/Xcode_26.4.1.app/Contents/Developer/Toolchains/XcodeDefault.xctoolchain/usr/bin/strip -resolve-src-symlinks -rename /Users/runner/work/PartyDeck/PartyDeck/godot/ios-host/build/retained-host-test/DerivedData/Build/Intermediates.noindex/RetainedHost.build/Debug-iphonesimulator/RetainedHost.build/Objects-normal/arm64/RetainedHost.swiftsourceinfo /Users/runner/work/PartyDeck/PartyDeck/godot/ios-host/build/retained-host-test/DerivedData/Build/Products/Debug-iphonesimulator/RetainedHost.swiftmodule/Project/arm64-apple-ios-simulator.swiftsourceinfo
2026-09-10T11:54:58.4954600Z 
2026-09-10T11:54:58.5058790Z SwiftDriverJobDiscovery normal arm64 Compiling RetainedModel.swift (in target 'RetainedHost' from project 'RetainedHost')
2026-09-10T11:54:58.5165600Z 
2026-09-10T11:54:58.5267030Z SwiftDriverJobDiscovery normal arm64 Compiling RetainedHostApp.swift (in target 'RetainedHost' from project 'RetainedHost')
2026-09-10T11:54:58.5369000Z 
2026-09-10T11:54:58.5472060Z SwiftDriver\ Compilation RetainedHost normal arm64 com.apple.xcode.tools.swift.compiler (in target 'RetainedHost' from project 'RetainedHost')
2026-09-10T11:54:58.5596240Z     cd /Users/runner/work/PartyDeck/PartyDeck/godot/ios-host
2026-09-10T11:54:58.5759290Z     builtin-Swift-Compilation -- /Applications/Xcode_26.4.1.app/Contents/Developer/Toolchains/XcodeDefault.xctoolchain/usr/bin/swiftc -module-name RetainedHost -Onone @/Users/runner/work/PartyDeck/PartyDeck/godot/ios-host/build/retained-host-test/DerivedData/Build/Intermediates.noindex/RetainedHost.build/Debug-iphonesimulator/RetainedHost.build/Objects-normal/arm64/RetainedHost.SwiftFileList -enable-experimental-feature DebugDescriptionMacro -sdk /Applications/Xcode_26.4.1.app/Contents/Developer/Platforms/iPhoneSimulator.platform/Developer/SDKs/iPhoneSimulator26.4.sdk -target arm64-apple-ios15.0-simulator -g -module-cache-path /Users/runner/work/PartyDeck/PartyDeck/godot/ios-host/build/retained-host-test/DerivedData/ModuleCache.noindex -Xfrontend -serialize-debugging-options -enable-testing -index-store-path /Users/runner/work/PartyDeck/PartyDeck/godot/ios-host/build/retained-host-test/DerivedData/Index.noindex/DataStore -swift-version 6 -I /Users/runner/work/PartyDeck/PartyDeck/godot/ios-host/build/retained-host-test/DerivedData/Build/Products/Debug-iphonesimulator -F /Users/runner/work/PartyDeck/PartyDeck/godot/ios-host/build/retained-host-test/DerivedData/Build/Products/Debug-iphonesimulator -F /Users/runner/work/PartyDeck/PartyDeck/godot/ios-host/build/artifacts -c -j3 -enable-batch-mode -incremental -Xcc -ivfsstatcache -Xcc /Users/runner/work/PartyDeck/PartyDeck/godot/ios-host/build/retained-host-test/DerivedData/SDKStatCaches.noindex/iphonesimulator26.4-23E252-688ef53f1462e2c8f657fdc38a81448f893e4a944e4cdd9af1f5077e1341bc52.sdkstatcache -output-file-map /Users/runner/work/PartyDeck/PartyDeck/godot/ios-host/build/retained-host-test/DerivedData/Build/Intermediates.noindex/RetainedHost.build/Debug-iphonesimulator/RetainedHost.build/Objects-normal/arm64/RetainedHost-OutputFileMap.json -use-frontend-parseable-output -save-temps -no-color-diagnostics -explicit-module-build -module-cache-path /Users/runner/work/PartyDeck/PartyDeck/godot/ios-host/build/retained-host-test/DerivedData/Build/Intermediates.noindex/SwiftExplicitPrecompiledModules -clang-scanner-module-cache-path /Users/runner/work/PartyDeck/PartyDeck/godot/ios-host/build/retained-host-test/DerivedData/ModuleCache.noindex -sdk-module-cache-path /Users/runner/work/PartyDeck/PartyDeck/godot/ios-host/build/retained-host-test/DerivedData/ModuleCache.noindex -serialize-diagnostics -emit-dependencies -emit-module -emit-module-path /Users/runner/work/PartyDeck/PartyDeck/godot/ios-host/build/retained-host-test/DerivedData/Build/Intermediates.noindex/RetainedHost.build/Debug-iphonesimulator/RetainedHost.build/Objects-normal/arm64/RetainedHost.swiftmodule -validate-clang-modules-once -clang-build-session-file /Users/runner/work/PartyDeck/PartyDeck/godot/ios-host/build/retained-host-test/DerivedData/ModuleCache.noindex/Session.modulevalidation -Xcc -I/Users/runner/work/PartyDeck/PartyDeck/godot/ios-host/build/retained-host-test/DerivedData/Build/Intermediates.noindex/RetainedHost.build/Debug-iphonesimulator/RetainedHost.build/swift-overrides.hmap -emit-const-values -Xfrontend -const-gather-protocols-file -Xfrontend /Users/runner/work/PartyDeck/PartyDeck/godot/ios-host/build/retained-host-test/DerivedData/Build/Intermediates.noindex/RetainedHost.build/Debug-iphonesimulator/RetainedHost.build/Objects-normal/arm64/RetainedHost_const_extract_protocols.json -Xcc -iquote -Xcc /Users/runner/work/PartyDeck/PartyDeck/godot/ios-host/build/retained-host-test/DerivedData/Build/Intermediates.noindex/RetainedHost.build/Debug-iphonesimulator/RetainedHost.build/RetainedHost-generated-files.hmap -Xcc -I/Users/runner/work/PartyDeck/PartyDeck/godot/ios-host/build/retained-host-test/DerivedData/Build/Intermediates.noindex/RetainedHost.build/Debug-iphonesimulator/RetainedHost.build/RetainedHost-own-target-headers.hmap -Xcc -I/Users/runner/work/PartyDeck/PartyDeck/godot/ios-host/build/retained-host-test/DerivedData/Build/Intermediates.noindex/RetainedHost.build/Debug-iphonesimulator/RetainedHost.build/RetainedHost-all-target-headers.hmap -Xcc -iquote -Xcc /Users/runner/work/PartyDeck/PartyDeck/godot/ios-host/build/retained-host-test/DerivedData/Build/Intermediates.noindex/RetainedHost.build/Debug-iphonesimulator/RetainedHost.build/RetainedHost-project-headers.hmap -Xcc -I/Users/runner/work/PartyDeck/PartyDeck/godot/ios-host/build/retained-host-test/DerivedData/Build/Products/Debug-iphonesimulator/include -Xcc -I/Users/runner/work/PartyDeck/PartyDeck/godot/ios-host/build/retained-host-test/DerivedData/Build/Intermediates.noindex/RetainedHost.build/Debug-iphonesimulator/RetainedHost.build/DerivedSources-normal/arm64 -Xcc -I/Users/runner/work/PartyDeck/PartyDeck/godot/ios-host/build/retained-host-test/DerivedData/Build/Intermediates.noindex/RetainedHost.build/Debug-iphonesimulator/RetainedHost.build/DerivedSources/arm64 -Xcc -I/Users/runner/work/PartyDeck/PartyDeck/godot/ios-host/build/retained-host-test/DerivedData/Build/Intermediates.noindex/RetainedHost.build/Debug-iphonesimulator/RetainedHost.build/DerivedSources -emit-objc-header -emit-objc-header-path /Users/runner/work/PartyDeck/PartyDeck/godot/ios-host/build/retained-host-test/DerivedData/Build/Intermediates.noindex/RetainedHost.build/Debug-iphonesimulator/RetainedHost.build/Objects-normal/arm64/RetainedHost-Swift.h -import-objc-header /Users/runner/work/PartyDeck/PartyDeck/godot/ios-host/modules/partydeck_ios_probe/PDGodotEngineOwner.h -working-directory /Users/runner/work/PartyDeck/PartyDeck/godot/ios-host -experimental-emit-module-separately -disable-cmo
2026-09-10T11:54:58.5778100Z 
2026-09-10T11:54:58.5882780Z Ld /Users/runner/work/PartyDeck/PartyDeck/godot/ios-host/build/retained-host-test/DerivedData/Build/Products/Debug-iphonesimulator/RetainedHost.app/RetainedHost normal (in target 'RetainedHost' from project 'RetainedHost')
2026-09-10T11:54:58.5993840Z     cd /Users/runner/work/PartyDeck/PartyDeck/godot/ios-host
2026-09-10T11:54:58.6121220Z     /Applications/Xcode_26.4.1.app/Contents/Developer/Toolchains/XcodeDefault.xctoolchain/usr/bin/clang -Xlinker -reproducible -target arm64-apple-ios15.0-simulator -isysroot /Applications/Xcode_26.4.1.app/Contents/Developer/Platforms/iPhoneSimulator.platform/Developer/SDKs/iPhoneSimulator26.4.sdk -Os -L/Users/runner/work/PartyDeck/PartyDeck/godot/ios-host/build/retained-host-test/DerivedData/Build/Intermediates.noindex/EagerLinkingTBDs/Debug-iphonesimulator -L/Users/runner/work/PartyDeck/PartyDeck/godot/ios-host/build/retained-host-test/DerivedData/Build/Products/Debug-iphonesimulator -L/Users/runner/work/PartyDeck/PartyDeck/godot/ios-host/build/artifacts -F/Users/runner/work/PartyDeck/PartyDeck/godot/ios-host/build/retained-host-test/DerivedData/Build/Intermediates.noindex/EagerLinkingTBDs/Debug-iphonesimulator -F/Users/runner/work/PartyDeck/PartyDeck/godot/ios-host/build/retained-host-test/DerivedData/Build/Products/Debug-iphonesimulator -F/Users/runner/work/PartyDeck/PartyDeck/godot/ios-host/build/artifacts -filelist /Users/runner/work/PartyDeck/PartyDeck/godot/ios-host/build/retained-host-test/DerivedData/Build/Intermediates.noindex/RetainedHost.build/Debug-iphonesimulator/RetainedHost.build/Objects-normal/arm64/RetainedHost.LinkFileList -Xlinker -rpath -Xlinker /usr/lib/swift -Xlinker -rpath -Xlinker @executable_path/Frameworks -Xlinker -map -Xlinker /Users/runner/work/PartyDeck/PartyDeck/godot/ios-host/build/retained-host-test/evidence/RetainedHost-LinkMap.txt -Xlinker -dead_strip -Xlinker -object_path_lto -Xlinker /Users/runner/work/PartyDeck/PartyDeck/godot/ios-host/build/retained-host-test/DerivedData/Build/Intermediates.noindex/RetainedHost.build/Debug-iphonesimulator/RetainedHost.build/Objects-normal/arm64/RetainedHost_lto.o -rdynamic -Xlinker -objc_abi_version -Xlinker 2 -Xlinker -dependency_info -Xlinker /Users/runner/work/PartyDeck/PartyDeck/godot/ios-host/build/retained-host-test/DerivedData/Build/Intermediates.noindex/RetainedHost.build/Debug-iphonesimulator/RetainedHost.build/Objects-normal/arm64/RetainedHost_dependency_info.dat -fobjc-link-runtime -L/Applications/Xcode_26.4.1.app/Contents/Developer/Toolchains/XcodeDefault.xctoolchain/usr/lib/swift/iphonesimulator -L/usr/lib/swift -Xlinker -add_ast_path -Xlinker /Users/runner/work/PartyDeck/PartyDeck/godot/ios-host/build/retained-host-test/DerivedData/Build/Intermediates.noindex/RetainedHost.build/Debug-iphonesimulator/RetainedHost.build/Objects-normal/arm64/RetainedHost.swiftmodule @/Users/runner/work/PartyDeck/PartyDeck/godot/ios-host/build/retained-host-test/DerivedData/Build/Intermediates.noindex/RetainedHost.build/Debug-iphonesimulator/RetainedHost.build/Objects-normal/arm64/RetainedHost-linker-args.resp -lc++ -lz -liconv -framework Security -lpartydeck_godot_ios_probe -lpartydeck_godot_camera -framework PartyDeckGodotBridge -o /Users/runner/work/PartyDeck/PartyDeck/godot/ios-host/build/retained-host-test/DerivedData/Build/Products/Debug-iphonesimulator/RetainedHost.app/RetainedHost
2026-09-10T11:55:04.8795750Z 
2026-09-10T11:55:04.9118670Z ExtractAppIntentsMetadata (in target 'RetainedHost' from project 'RetainedHost')
2026-09-10T11:55:04.9222780Z     cd /Users/runner/work/PartyDeck/PartyDeck/godot/ios-host
2026-09-10T11:55:04.9361670Z     /Applications/Xcode_26.4.1.app/Contents/Developer/Toolchains/XcodeDefault.xctoolchain/usr/bin/appintentsmetadataprocessor --toolchain-dir /var/run/com.apple.security.cryptexd/mnt/com.apple.MobileAsset.MetalToolchain-v17.5.188.0.GHTKWz/Metal.xctoolchain --module-name RetainedHost --sdk-root /Applications/Xcode_26.4.1.app/Contents/Developer/Platforms/iPhoneSimulator.platform/Developer/SDKs/iPhoneSimulator26.4.sdk --xcode-version 17E202 --platform-family iOS --deployment-target 15.0 --bundle-identifier dev.partydeck.godot.iosretained --output /Users/runner/work/PartyDeck/PartyDeck/godot/ios-host/build/retained-host-test/DerivedData/Build/Products/Debug-iphonesimulator/RetainedHost.app --target-triple arm64-apple-ios15.0-simulator --binary-file /Users/runner/work/PartyDeck/PartyDeck/godot/ios-host/build/retained-host-test/DerivedData/Build/Products/Debug-iphonesimulator/RetainedHost.app/RetainedHost --dependency-file /Users/runner/work/PartyDeck/PartyDeck/godot/ios-host/build/retained-host-test/DerivedData/Build/Intermediates.noindex/RetainedHost.build/Debug-iphonesimulator/RetainedHost.build/Objects-normal/arm64/RetainedHost_dependency_info.dat --stringsdata-file /Users/runner/work/PartyDeck/PartyDeck/godot/ios-host/build/retained-host-test/DerivedData/Build/Intermediates.noindex/RetainedHost.build/Debug-iphonesimulator/RetainedHost.build/Objects-normal/arm64/ExtractedAppShortcutsMetadata.stringsdata --source-file-list /Users/runner/work/PartyDeck/PartyDeck/godot/ios-host/build/retained-host-test/DerivedData/Build/Intermediates.noindex/RetainedHost.build/Debug-iphonesimulator/RetainedHost.build/Objects-normal/arm64/RetainedHost.SwiftFileList --metadata-file-list /Users/runner/work/PartyDeck/PartyDeck/godot/ios-host/build/retained-host-test/DerivedData/Build/Intermediates.noindex/RetainedHost.build/Debug-iphonesimulator/RetainedHost.build/RetainedHost.DependencyMetadataFileList --static-metadata-file-list /Users/runner/work/PartyDeck/PartyDeck/godot/ios-host/build/retained-host-test/DerivedData/Build/Intermediates.noindex/RetainedHost.build/Debug-iphonesimulator/RetainedHost.build/RetainedHost.DependencyStaticMetadataFileList --swift-const-vals-list /Users/runner/work/PartyDeck/PartyDeck/godot/ios-host/build/retained-host-test/DerivedData/Build/Intermediates.noindex/RetainedHost.build/Debug-iphonesimulator/RetainedHost.build/Objects-normal/arm64/RetainedHost.SwiftConstValuesFileList --compile-time-extraction --deployment-aware-processing --validate-assistant-intents --no-app-shortcuts-localization
2026-09-10T11:55:05.4488410Z 2026-09-10 11:55:05.374 appintentsmetadataprocessor[4494:17283] Starting appintentsmetadataprocessor export
2026-09-10T11:55:05.4534550Z 2026-09-10 11:55:05.436 appintentsmetadataprocessor[4494:17283] warning: Metadata extraction skipped. No AppIntents.framework dependency found.
2026-09-10T11:55:05.4535400Z 
2026-09-10T11:55:05.4536280Z CopySwiftLibs /Users/runner/work/PartyDeck/PartyDeck/godot/ios-host/build/retained-host-test/DerivedData/Build/Products/Debug-iphonesimulator/RetainedHost.app (in target 'RetainedHost' from project 'RetainedHost')
2026-09-10T11:55:05.4537480Z     cd /Users/runner/work/PartyDeck/PartyDeck/godot/ios-host
2026-09-10T11:55:05.4554070Z     builtin-swiftStdLibTool --copy --verbose --scan-executable /Users/runner/work/PartyDeck/PartyDeck/godot/ios-host/build/retained-host-test/DerivedData/Build/Products/Debug-iphonesimulator/RetainedHost.app/RetainedHost --scan-folder /Users/runner/work/PartyDeck/PartyDeck/godot/ios-host/build/retained-host-test/DerivedData/Build/Products/Debug-iphonesimulator/RetainedHost.app/Frameworks --scan-folder /Users/runner/work/PartyDeck/PartyDeck/godot/ios-host/build/retained-host-test/DerivedData/Build/Products/Debug-iphonesimulator/RetainedHost.app/PlugIns --scan-folder /Users/runner/work/PartyDeck/PartyDeck/godot/ios-host/build/retained-host-test/DerivedData/Build/Products/Debug-iphonesimulator/RetainedHost.app/SystemExtensions --scan-folder /Users/runner/work/PartyDeck/PartyDeck/godot/ios-host/build/retained-host-test/DerivedData/Build/Products/Debug-iphonesimulator/RetainedHost.app/Extensions --scan-folder /Users/runner/work/PartyDeck/PartyDeck/godot/ios-host/build/artifacts/PartyDeckGodotBridge.framework --platform iphonesimulator --toolchain /var/run/com.apple.security.cryptexd/mnt/com.apple.MobileAsset.MetalToolchain-v17.5.188.0.GHTKWz/Metal.xctoolchain --toolchain /Applications/Xcode_26.4.1.app/Contents/Developer/Toolchains/XcodeDefault.xctoolchain --destination /Users/runner/work/PartyDeck/PartyDeck/godot/ios-host/build/retained-host-test/DerivedData/Build/Products/Debug-iphonesimulator/RetainedHost.app/Frameworks --strip-bitcode --strip-bitcode-tool /Applications/Xcode_26.4.1.app/Contents/Developer/Toolchains/XcodeDefault.xctoolchain/usr/bin/bitcode_strip --emit-dependency-info /Users/runner/work/PartyDeck/PartyDeck/godot/ios-host/build/retained-host-test/DerivedData/Build/Intermediates.noindex/RetainedHost.build/Debug-iphonesimulator/RetainedHost.build/SwiftStdLibToolInputDependencies.dep --filter-for-swift-os --back-deploy-swift-span
2026-09-10T11:55:05.4564560Z Ignoring --strip-bitcode because --sign was not passed
2026-09-10T11:55:05.4564890Z 
2026-09-10T11:55:05.4565220Z AppIntentsSSUTraining (in target 'RetainedHost' from project 'RetainedHost')
2026-09-10T11:55:05.4568070Z     cd /Users/runner/work/PartyDeck/PartyDeck/godot/ios-host
2026-09-10T11:55:05.4582690Z     /Applications/Xcode_26.4.1.app/Contents/Developer/Toolchains/XcodeDefault.xctoolchain/usr/bin/appintentsnltrainingprocessor --infoplist-path /Users/runner/work/PartyDeck/PartyDeck/godot/ios-host/build/retained-host-test/DerivedData/Build/Products/Debug-iphonesimulator/RetainedHost.app/Info.plist --temp-dir-path /Users/runner/work/PartyDeck/PartyDeck/godot/ios-host/build/retained-host-test/DerivedData/Build/Intermediates.noindex/RetainedHost.build/Debug-iphonesimulator/RetainedHost.build/ssu --bundle-id dev.partydeck.godot.iosretained --product-path /Users/runner/work/PartyDeck/PartyDeck/godot/ios-host/build/retained-host-test/DerivedData/Build/Products/Debug-iphonesimulator/RetainedHost.app --extracted-metadata-path /Users/runner/work/PartyDeck/PartyDeck/godot/ios-host/build/retained-host-test/DerivedData/Build/Products/Debug-iphonesimulator/RetainedHost.app/Metadata.appintents --metadata-file-list /Users/runner/work/PartyDeck/PartyDeck/godot/ios-host/build/retained-host-test/DerivedData/Build/Intermediates.noindex/RetainedHost.build/Debug-iphonesimulator/RetainedHost.build/RetainedHost.DependencyMetadataFileList --source-file /Users/runner/work/PartyDeck/PartyDeck/godot/ios-host/build/retained-host-test/DerivedData/Build/Products/Debug-iphonesimulator/RetainedHost.app/Info.plist --archive-ssu-assets
2026-09-10T11:55:05.5307300Z 2026-09-10 11:55:05.517 appintentsnltrainingprocessor[4497:17291] Parsing options for appintentsnltrainingprocessor
2026-09-10T11:55:05.5412640Z 2026-09-10 11:55:05.517 appintentsnltrainingprocessor[4497:17291] Starting AppIntents SSU YAML Generation
2026-09-10T11:55:05.5459830Z 2026-09-10 11:55:05.525 appintentsnltrainingprocessor[4497:17291] No AppShortcuts found - Skipping.
2026-09-10T11:55:05.5462980Z 
2026-09-10T11:55:05.5465320Z RegisterExecutionPolicyException /Users/runner/work/PartyDeck/PartyDeck/godot/ios-host/build/retained-host-test/DerivedData/Build/Products/Debug-iphonesimulator/RetainedHost.app (in target 'RetainedHost' from project 'RetainedHost')
2026-09-10T11:55:05.5471350Z     cd /Users/runner/work/PartyDeck/PartyDeck/godot/ios-host
2026-09-10T11:55:05.5474240Z     builtin-RegisterExecutionPolicyException /Users/runner/work/PartyDeck/PartyDeck/godot/ios-host/build/retained-host-test/DerivedData/Build/Products/Debug-iphonesimulator/RetainedHost.app
2026-09-10T11:55:05.6082400Z 
2026-09-10T11:55:05.6152160Z Validate /Users/runner/work/PartyDeck/PartyDeck/godot/ios-host/build/retained-host-test/DerivedData/Build/Products/Debug-iphonesimulator/RetainedHost.app (in target 'RetainedHost' from project 'RetainedHost')
2026-09-10T11:55:05.6153510Z     cd /Users/runner/work/PartyDeck/PartyDeck/godot/ios-host
2026-09-10T11:55:05.6155370Z     builtin-validationUtility /Users/runner/work/PartyDeck/PartyDeck/godot/ios-host/build/retained-host-test/DerivedData/Build/Products/Debug-iphonesimulator/RetainedHost.app -shallow-bundle -infoplist-subpath Info.plist
2026-09-10T11:55:05.6156350Z 
2026-09-10T11:55:05.6157110Z Touch /Users/runner/work/PartyDeck/PartyDeck/godot/ios-host/build/retained-host-test/DerivedData/Build/Products/Debug-iphonesimulator/RetainedHost.app (in target 'RetainedHost' from project 'RetainedHost')
2026-09-10T11:55:05.6158090Z     cd /Users/runner/work/PartyDeck/PartyDeck/godot/ios-host
2026-09-10T11:55:05.6159000Z     /usr/bin/touch -c /Users/runner/work/PartyDeck/PartyDeck/godot/ios-host/build/retained-host-test/DerivedData/Build/Products/Debug-iphonesimulator/RetainedHost.app
2026-09-10T11:55:05.6587990Z 
2026-09-10T11:55:05.8110190Z ** BUILD SUCCEEDED **
2026-09-10T11:55:05.8363960Z 
2026-09-10T11:56:08.4709390Z Using iPhone 17 / iOS 26.4 (6762BD8F-E960-4E21-B8DB-9D43947B47AF)
2026-09-10T11:56:11.0383960Z Monitoring boot status for iPhone 17 (6762BD8F-E960-4E21-B8DB-9D43947B47AF).
2026-09-10T11:56:11.0406330Z Booting device...
2026-09-10T11:56:11.0407680Z [2026-09-10 11:56:11 +0000] Status=0, isTerminal=NO, Elapsed=00:00.
2026-09-10T11:56:11.0443570Z 	Booting
2026-09-10T11:56:11.0444260Z 
2026-09-10T11:56:23.6810610Z [2026-09-10 11:56:20 +0000] Status=1, isTerminal=NO, Elapsed=00:08.
2026-09-10T11:56:24.7031120Z 	Waiting on BackBoard
2026-09-10T11:56:25.1783610Z 
2026-09-10T11:56:26.4967470Z [2026-09-10 11:56:26 +0000] Status=2, isTerminal=NO, Elapsed=00:15.
2026-09-10T11:56:26.4968820Z 	Waiting on Data Migration
2026-09-10T11:56:26.6592910Z 		Reason:(null)
2026-09-10T11:56:26.7414960Z 		Migration Elapsed:00:04 seconds
2026-09-10T11:56:26.8231130Z 
2026-09-10T11:56:28.5262190Z [2026-09-10 11:56:27 +0000] Status=2, isTerminal=NO, Elapsed=00:16.
2026-09-10T11:56:28.6089190Z 	Waiting on Data Migration
2026-09-10T11:56:28.7767880Z 		Reason:Gathering plugins
2026-09-10T11:56:29.2985670Z 		Migration Elapsed:00:05 seconds
2026-09-10T11:56:29.4816100Z 
2026-09-10T11:56:29.8132980Z [2026-09-10 11:56:27 +0000] Status=2, isTerminal=NO, Elapsed=00:16.
2026-09-10T11:56:29.8953440Z 	Waiting on Data Migration
2026-09-10T11:56:30.1531300Z 		Reason:Gathering plugins
2026-09-10T11:56:30.4043260Z 		Migration Elapsed:00:05 seconds
2026-09-10T11:56:30.6513100Z 
2026-09-10T11:56:30.8150460Z [2026-09-10 11:56:30 +0000] Status=2, isTerminal=NO, Elapsed=00:19.
2026-09-10T11:56:30.8153860Z 	Waiting on Data Migration
2026-09-10T11:56:30.8996700Z 		Reason:Running plugin com.apple.MobileContainerManager.ContainerMigrator (ContainerMigrator.migrator, user-agnostic)
2026-09-10T11:56:30.9810260Z 		Migration Elapsed:00:06 seconds
2026-09-10T11:56:31.0658190Z 
2026-09-10T11:56:31.4864700Z [2026-09-10 11:56:31 +0000] Status=2, isTerminal=NO, Elapsed=00:20.
2026-09-10T11:56:31.4866310Z 	Waiting on Data Migration
2026-09-10T11:56:31.4871240Z 		Reason:Running plugin com.apple.-0LaunchServicesMigrator (00LaunchServicesMigrator.migrator, user-agnostic)
2026-09-10T11:56:31.5699080Z 		Migration Elapsed:00:08 seconds
2026-09-10T11:56:31.9146050Z 
2026-09-10T11:56:32.1718720Z [2026-09-10 11:56:31 +0000] Status=2, isTerminal=NO, Elapsed=00:20.
2026-09-10T11:56:32.5782010Z 	Waiting on Data Migration
2026-09-10T11:56:32.6623230Z 		Reason:Running plugin com.apple.-0LaunchServicesMigrator (00LaunchServicesMigrator.migrator, user-agnostic)
2026-09-10T11:56:32.7447010Z 		Migration Elapsed:00:09 seconds
2026-09-10T11:56:32.9897190Z 
2026-09-10T11:56:33.1586120Z [2026-09-10 11:56:32 +0000] Status=2, isTerminal=NO, Elapsed=00:21.
2026-09-10T11:56:33.4942660Z 	Waiting on Data Migration
2026-09-10T11:56:33.5759840Z 		Reason:Running plugin com.apple.-0LaunchServicesMigrator (00LaunchServicesMigrator.migrator, user-agnostic)
2026-09-10T11:56:33.6561200Z 		Migration Elapsed:00:10 seconds
2026-09-10T11:56:33.7379660Z 
2026-09-10T11:56:34.6395960Z [2026-09-10 11:56:34 +0000] Status=2, isTerminal=NO, Elapsed=00:23.
2026-09-10T11:56:34.6397290Z 	Waiting on Data Migration
2026-09-10T11:56:34.6411980Z 		Reason:Running plugin com.apple.-0LaunchServicesMigrator (00LaunchServicesMigrator.migrator, user-agnostic)
2026-09-10T11:56:34.9639290Z 		Migration Elapsed:00:11 seconds
2026-09-10T11:56:35.2077170Z 
2026-09-10T11:56:35.7107250Z [2026-09-10 11:56:35 +0000] Status=2, isTerminal=NO, Elapsed=00:24.
2026-09-10T11:56:35.8763200Z 	Waiting on Data Migration
2026-09-10T11:56:36.2847040Z 		Reason:Running plugin com.apple.-0LaunchServicesMigrator (00LaunchServicesMigrator.migrator, user-agnostic)
2026-09-10T11:56:36.6924370Z 		Migration Elapsed:00:12 seconds
2026-09-10T11:56:37.0230520Z 
2026-09-10T11:56:37.6087310Z [2026-09-10 11:56:35 +0000] Status=2, isTerminal=NO, Elapsed=00:24.
2026-09-10T11:56:40.2622940Z 	Waiting on Data Migration
2026-09-10T11:56:40.5113720Z 		Reason:Running plugin com.apple.-0LaunchServicesMigrator (00LaunchServicesMigrator.migrator, user-agnostic)
2026-09-10T11:56:41.9959850Z 		Migration Elapsed:00:13 seconds
2026-09-10T11:56:41.9960770Z 
2026-09-10T11:56:41.9961340Z [2026-09-10 11:56:36 +0000] Status=2, isTerminal=NO, Elapsed=00:25.
2026-09-10T11:56:41.9962370Z 	Waiting on Data Migration
2026-09-10T11:56:41.9963800Z 		Reason:Running plugin com.apple.-0LaunchServicesMigrator (00LaunchServicesMigrator.migrator, user-agnostic)
2026-09-10T11:56:42.0749030Z 		Migration Elapsed:00:14 seconds
2026-09-10T11:56:42.0749330Z 
2026-09-10T11:56:42.0749590Z [2026-09-10 11:56:39 +0000] Status=2, isTerminal=NO, Elapsed=00:28.
2026-09-10T11:56:42.0750080Z 	Waiting on Data Migration
2026-09-10T11:56:42.0750670Z 		Reason:Running plugin com.apple.-0LaunchServicesMigrator (00LaunchServicesMigrator.migrator, user-agnostic)
2026-09-10T11:56:42.0751340Z 		Migration Elapsed:00:15 seconds
2026-09-10T11:56:42.0751540Z 
2026-09-10T11:56:42.0751770Z [2026-09-10 11:56:40 +0000] Status=2, isTerminal=NO, Elapsed=00:29.
2026-09-10T11:56:42.0752230Z 	Waiting on Data Migration
2026-09-10T11:56:42.0752880Z 		Reason:Running plugin com.apple.-0LaunchServicesMigrator (00LaunchServicesMigrator.migrator, user-agnostic)
2026-09-10T11:56:42.0753610Z 		Migration Elapsed:00:17 seconds
2026-09-10T11:56:42.0775950Z 
2026-09-10T11:56:42.0777370Z [2026-09-10 11:56:40 +0000] Status=2, isTerminal=NO, Elapsed=00:29.
2026-09-10T11:56:42.0778020Z 	Waiting on Data Migration
2026-09-10T11:56:43.2465630Z 		Reason:Running plugin com.apple.-0LaunchServicesMigrator (00LaunchServicesMigrator.migrator, user-agnostic)
2026-09-10T11:56:43.2466520Z 		Migration Elapsed:00:18 seconds
2026-09-10T11:56:43.3266000Z 
2026-09-10T11:56:43.8155340Z [2026-09-10 11:56:41 +0000] Status=2, isTerminal=NO, Elapsed=00:30.
2026-09-10T11:56:44.1454160Z 	Waiting on Data Migration
2026-09-10T11:56:44.8011630Z 		Reason:Running plugin com.apple.-0LaunchServicesMigrator (00LaunchServicesMigrator.migrator, user-agnostic)
2026-09-10T11:56:45.6150210Z 		Migration Elapsed:00:19 seconds
2026-09-10T11:56:45.6151980Z 
2026-09-10T11:56:46.6904390Z [2026-09-10 11:56:42 +0000] Status=2, isTerminal=NO, Elapsed=00:31.
2026-09-10T11:56:48.2652870Z 	Waiting on Data Migration
2026-09-10T11:56:48.3996520Z 		Reason:Running plugin com.apple.-0LaunchServicesMigrator (00LaunchServicesMigrator.migrator, user-agnostic)
2026-09-10T11:56:49.3025860Z 		Migration Elapsed:00:20 seconds
2026-09-10T11:56:50.4508080Z 
2026-09-10T11:56:52.2562120Z [2026-09-10 11:56:43 +0000] Status=2, isTerminal=NO, Elapsed=00:32.
2026-09-10T11:56:52.9127560Z 	Waiting on Data Migration
2026-09-10T11:56:53.6522150Z 		Reason:Running plugin com.apple.-0LaunchServicesMigrator (00LaunchServicesMigrator.migrator, user-agnostic)
2026-09-10T11:56:56.2265080Z 		Migration Elapsed:00:21 seconds
2026-09-10T11:56:58.0160330Z 
2026-09-10T11:56:58.3260870Z [2026-09-10 11:56:44 +0000] Status=2, isTerminal=NO, Elapsed=00:33.
2026-09-10T11:56:58.7864770Z 	Waiting on Data Migration
2026-09-10T11:56:59.3168260Z 		Reason:Running plugin com.apple.-0LaunchServicesMigrator (00LaunchServicesMigrator.migrator, user-agnostic)
2026-09-10T11:57:01.0073480Z 		Migration Elapsed:00:22 seconds
2026-09-10T11:57:02.0454210Z 
2026-09-10T11:57:02.2071350Z [2026-09-10 11:56:45 +0000] Status=2, isTerminal=NO, Elapsed=00:34.
2026-09-10T11:57:02.4504650Z 	Waiting on Data Migration
2026-09-10T11:57:02.8582010Z 		Reason:Running plugin com.apple.-0LaunchServicesMigrator (00LaunchServicesMigrator.migrator, user-agnostic)
2026-09-10T11:57:02.8611780Z 		Migration Elapsed:00:23 seconds
2026-09-10T11:57:03.1043120Z 
2026-09-10T11:57:03.7276960Z [2026-09-10 11:56:46 +0000] Status=2, isTerminal=NO, Elapsed=00:35.
2026-09-10T11:57:04.3126360Z 	Waiting on Data Migration
2026-09-10T11:57:04.7377380Z 		Reason:Running plugin com.apple.-0LaunchServicesMigrator (00LaunchServicesMigrator.migrator, user-agnostic)
2026-09-10T11:57:05.0750050Z 		Migration Elapsed:00:24 seconds
2026-09-10T11:57:05.1357070Z 
2026-09-10T11:57:05.2388070Z [2026-09-10 11:56:47 +0000] Status=2, isTerminal=NO, Elapsed=00:36.
2026-09-10T11:57:05.2570530Z 	Waiting on Data Migration
2026-09-10T11:57:05.4090590Z 		Reason:Running plugin com.apple.-0LaunchServicesMigrator (00LaunchServicesMigrator.migrator, user-agnostic)
2026-09-10T11:57:05.5463140Z 		Migration Elapsed:00:25 seconds
2026-09-10T11:57:05.7805380Z 
2026-09-10T11:57:05.9601630Z [2026-09-10 11:56:49 +0000] Status=2, isTerminal=NO, Elapsed=00:38.
2026-09-10T11:57:06.4046940Z 	Waiting on Data Migration
2026-09-10T11:57:06.6233920Z 		Reason:Running plugin com.apple.-0LaunchServicesMigrator (00LaunchServicesMigrator.migrator, user-agnostic)
2026-09-10T11:57:06.8849110Z 		Migration Elapsed:00:26 seconds
2026-09-10T11:57:07.0568150Z 
2026-09-10T11:57:07.3033310Z [2026-09-10 11:56:49 +0000] Status=2, isTerminal=NO, Elapsed=00:38.
2026-09-10T11:57:07.9234080Z 	Waiting on Data Migration
2026-09-10T11:57:08.0024610Z 		Reason:Running plugin com.apple.-0LaunchServicesMigrator (00LaunchServicesMigrator.migrator, user-agnostic)
2026-09-10T11:57:08.0472220Z 		Migration Elapsed:00:27 seconds
2026-09-10T11:57:08.1604300Z 
2026-09-10T11:57:08.2490230Z [2026-09-10 11:56:50 +0000] Status=2, isTerminal=NO, Elapsed=00:39.
2026-09-10T11:57:08.2491470Z 	Waiting on Data Migration
2026-09-10T11:57:08.3877020Z 		Reason:Running plugin com.apple.-0LaunchServicesMigrator (00LaunchServicesMigrator.migrator, user-agnostic)
2026-09-10T11:57:08.4552460Z 		Migration Elapsed:00:28 seconds
2026-09-10T11:57:08.4887830Z 
2026-09-10T11:57:08.5275630Z [2026-09-10 11:56:51 +0000] Status=2, isTerminal=NO, Elapsed=00:40.
2026-09-10T11:57:08.6933170Z 	Waiting on Data Migration
2026-09-10T11:57:08.8620190Z 		Reason:Running plugin com.apple.-0LaunchServicesMigrator (00LaunchServicesMigrator.migrator, user-agnostic)
2026-09-10T11:57:08.8634910Z 		Migration Elapsed:00:29 seconds
2026-09-10T11:57:08.8909550Z 
2026-09-10T11:57:09.3282090Z [2026-09-10 11:56:52 +0000] Status=2, isTerminal=NO, Elapsed=00:41.
2026-09-10T11:57:09.5523860Z 	Waiting on Data Migration
2026-09-10T11:57:09.7115170Z 		Reason:Running plugin com.apple.-0LaunchServicesMigrator (00LaunchServicesMigrator.migrator, user-agnostic)
2026-09-10T11:57:09.7307730Z 		Migration Elapsed:00:30 seconds
2026-09-10T11:57:09.7375160Z 
2026-09-10T11:57:09.7408990Z [2026-09-10 11:56:53 +0000] Status=2, isTerminal=NO, Elapsed=00:42.
2026-09-10T11:57:09.7513420Z 	Waiting on Data Migration
2026-09-10T11:57:09.7668120Z 		Reason:Running plugin com.apple.-0LaunchServicesMigrator (00LaunchServicesMigrator.migrator, user-agnostic)
2026-09-10T11:57:09.7838330Z 		Migration Elapsed:00:31 seconds
2026-09-10T11:57:09.8003190Z 
2026-09-10T11:57:10.0945890Z [2026-09-10 11:56:54 +0000] Status=2, isTerminal=NO, Elapsed=00:43.
2026-09-10T11:57:10.4030270Z 	Waiting on Data Migration
2026-09-10T11:57:10.4031920Z 		Reason:Running plugin com.apple.-0LaunchServicesMigrator (00LaunchServicesMigrator.migrator, user-agnostic)
2026-09-10T11:57:10.4032700Z 		Migration Elapsed:00:32 seconds
2026-09-10T11:57:10.4033000Z 
2026-09-10T11:57:10.4065150Z [2026-09-10 11:56:55 +0000] Status=2, isTerminal=NO, Elapsed=00:44.
2026-09-10T11:57:10.4066100Z 	Waiting on Data Migration
2026-09-10T11:57:10.4071040Z 		Reason:Running plugin com.apple.-0LaunchServicesMigrator (00LaunchServicesMigrator.migrator, user-agnostic)
2026-09-10T11:57:10.4071940Z 		Migration Elapsed:00:33 seconds
2026-09-10T11:57:10.4072130Z 
2026-09-10T11:57:10.4072430Z [2026-09-10 11:56:56 +0000] Status=2, isTerminal=NO, Elapsed=00:45.
2026-09-10T11:57:10.4073500Z 	Waiting on Data Migration
2026-09-10T11:57:10.4074500Z 		Reason:Running plugin com.apple.-0LaunchServicesMigrator (00LaunchServicesMigrator.migrator, user-agnostic)
2026-09-10T11:57:10.4075320Z 		Migration Elapsed:00:34 seconds
2026-09-10T11:57:10.4075660Z 
2026-09-10T11:57:10.4075800Z [2026-09-10 11:56:57 +0000] Status=2, isTerminal=NO, Elapsed=00:46.
2026-09-10T11:57:10.4113490Z 	Waiting on Data Migration
2026-09-10T11:57:10.4114420Z 		Reason:Running plugin com.apple.-0LaunchServicesMigrator (00LaunchServicesMigrator.migrator, user-agnostic)
2026-09-10T11:57:10.4150040Z 		Migration Elapsed:00:35 seconds
2026-09-10T11:57:10.4198700Z 
2026-09-10T11:57:10.4199690Z [2026-09-10 11:56:58 +0000] Status=2, isTerminal=NO, Elapsed=00:47.
2026-09-10T11:57:10.4207920Z 	Waiting on Data Migration
2026-09-10T11:57:10.4208680Z 		Reason:Running plugin com.apple.-0LaunchServicesMigrator (00LaunchServicesMigrator.migrator, user-agnostic)
2026-09-10T11:57:10.4215390Z 		Migration Elapsed:00:36 seconds
2026-09-10T11:57:10.4215800Z 
2026-09-10T11:57:10.4216140Z [2026-09-10 11:56:59 +0000] Status=2, isTerminal=NO, Elapsed=00:48.
2026-09-10T11:57:10.4230390Z 	Waiting on Data Migration
2026-09-10T11:57:10.4573160Z 		Reason:Running plugin com.apple.-0LaunchServicesMigrator (00LaunchServicesMigrator.migrator, user-agnostic)
2026-09-10T11:57:10.4573990Z 		Migration Elapsed:00:37 seconds
2026-09-10T11:57:10.4574370Z 
2026-09-10T11:57:10.4574690Z [2026-09-10 11:57:00 +0000] Status=2, isTerminal=NO, Elapsed=00:49.
2026-09-10T11:57:10.4576110Z 	Waiting on Data Migration
2026-09-10T11:57:10.4577920Z 		Reason:Running plugin com.apple.-0LaunchServicesMigrator (00LaunchServicesMigrator.migrator, user-agnostic)
2026-09-10T11:57:10.4579700Z 		Migration Elapsed:00:38 seconds
2026-09-10T11:57:10.4580350Z 
2026-09-10T11:57:10.4581150Z [2026-09-10 11:57:01 +0000] Status=2, isTerminal=NO, Elapsed=00:50.
2026-09-10T11:57:10.4582500Z 	Waiting on Data Migration
2026-09-10T11:57:10.4583850Z 		Reason:Running plugin com.apple.-0LaunchServicesMigrator (00LaunchServicesMigrator.migrator, user-agnostic)
2026-09-10T11:57:10.4586710Z 		Migration Elapsed:00:39 seconds
2026-09-10T11:57:10.4587330Z 
2026-09-10T11:57:10.4588010Z [2026-09-10 11:57:02 +0000] Status=2, isTerminal=NO, Elapsed=00:51.
2026-09-10T11:57:10.4589290Z 	Waiting on Data Migration
2026-09-10T11:57:10.4591280Z 		Reason:Running plugin com.apple.-0LaunchServicesMigrator (00LaunchServicesMigrator.migrator, user-agnostic)
2026-09-10T11:57:10.4592990Z 		Migration Elapsed:00:40 seconds
2026-09-10T11:57:10.4593620Z 
2026-09-10T11:57:10.5042810Z [2026-09-10 11:57:03 +0000] Status=2, isTerminal=NO, Elapsed=00:52.
2026-09-10T11:57:10.5963670Z 	Waiting on Data Migration
2026-09-10T11:57:10.6526700Z 		Reason:Running plugin com.apple.-0LaunchServicesMigrator (00LaunchServicesMigrator.migrator, user-agnostic)
2026-09-10T11:57:10.7575780Z 		Migration Elapsed:00:41 seconds
2026-09-10T11:57:10.7576170Z 
2026-09-10T11:57:10.7576610Z [2026-09-10 11:57:04 +0000] Status=2, isTerminal=NO, Elapsed=00:53.
2026-09-10T11:57:10.7577330Z 	Waiting on Data Migration
2026-09-10T11:57:10.7578190Z 		Reason:Running plugin com.apple.-0LaunchServicesMigrator (00LaunchServicesMigrator.migrator, user-agnostic)
2026-09-10T11:57:10.7579150Z 		Migration Elapsed:00:42 seconds
2026-09-10T11:57:10.7579430Z 
2026-09-10T11:57:10.7579730Z [2026-09-10 11:57:05 +0000] Status=2, isTerminal=NO, Elapsed=00:54.
2026-09-10T11:57:10.7580200Z 	Waiting on Data Migration
2026-09-10T11:57:10.7581020Z 		Reason:Running plugin com.apple.-0LaunchServicesMigrator (00LaunchServicesMigrator.migrator, user-agnostic)
2026-09-10T11:57:10.7581790Z 		Migration Elapsed:00:43 seconds
2026-09-10T11:57:10.7582080Z 
2026-09-10T11:57:10.7582340Z [2026-09-10 11:57:06 +0000] Status=2, isTerminal=NO, Elapsed=00:55.
2026-09-10T11:57:10.7582750Z 	Waiting on Data Migration
2026-09-10T11:57:10.7583480Z 		Reason:Running plugin com.apple.-0LaunchServicesMigrator (00LaunchServicesMigrator.migrator, user-agnostic)
2026-09-10T11:57:10.7584180Z 		Migration Elapsed:00:44 seconds
2026-09-10T11:57:10.7584500Z 
2026-09-10T11:57:10.7584730Z [2026-09-10 11:57:07 +0000] Status=2, isTerminal=NO, Elapsed=00:56.
2026-09-10T11:57:10.7585150Z 	Waiting on Data Migration
2026-09-10T11:57:10.7585710Z 		Reason:Running plugin com.apple.-0LaunchServicesMigrator (00LaunchServicesMigrator.migrator, user-agnostic)
2026-09-10T11:57:10.7586300Z 		Migration Elapsed:00:45 seconds
2026-09-10T11:57:10.7586510Z 
2026-09-10T11:57:10.7586790Z [2026-09-10 11:57:08 +0000] Status=2, isTerminal=NO, Elapsed=00:57.
2026-09-10T11:57:10.7587280Z 	Waiting on Data Migration
2026-09-10T11:57:10.7587780Z 		Reason:Running plugin com.apple.-0LaunchServicesMigrator (00LaunchServicesMigrator.migrator, user-agnostic)
2026-09-10T11:57:10.7592440Z 		Migration Elapsed:00:46 seconds
2026-09-10T11:57:10.7592860Z 
2026-09-10T11:57:10.7593210Z [2026-09-10 11:57:09 +0000] Status=2, isTerminal=NO, Elapsed=00:58.
2026-09-10T11:57:10.7593750Z 	Waiting on Data Migration
2026-09-10T11:57:10.7594510Z 		Reason:Running plugin com.apple.-0LaunchServicesMigrator (00LaunchServicesMigrator.migrator, user-agnostic)
2026-09-10T11:57:10.7595110Z 		Migration Elapsed:00:47 seconds
2026-09-10T11:57:10.7595310Z 
2026-09-10T11:57:10.7595680Z [2026-09-10 11:57:10 +0000] Status=2, isTerminal=NO, Elapsed=00:59.
2026-09-10T11:57:10.7596270Z 	Waiting on Data Migration
2026-09-10T11:57:10.7596920Z 		Reason:Running plugin com.apple.-0LaunchServicesMigrator (00LaunchServicesMigrator.migrator, user-agnostic)
2026-09-10T11:57:10.7597590Z 		Migration Elapsed:00:48 seconds
2026-09-10T11:57:10.7597870Z 
2026-09-10T11:57:11.6309360Z [2026-09-10 11:57:11 +0000] Status=2, isTerminal=NO, Elapsed=01:00.
2026-09-10T11:57:11.7479860Z 	Waiting on Data Migration
2026-09-10T11:57:11.9191330Z 		Reason:Running plugin com.apple.-0LaunchServicesMigrator (00LaunchServicesMigrator.migrator, user-agnostic)
2026-09-10T11:57:11.9492380Z 		Migration Elapsed:00:49 seconds
2026-09-10T11:57:11.9873580Z 
2026-09-10T11:57:12.6354200Z [2026-09-10 11:57:12 +0000] Status=2, isTerminal=NO, Elapsed=01:01.
2026-09-10T11:57:12.7614990Z 	Waiting on Data Migration
2026-09-10T11:57:12.8780120Z 		Reason:Running plugin com.apple.-0LaunchServicesMigrator (00LaunchServicesMigrator.migrator, user-agnostic)
2026-09-10T11:57:12.8937650Z 		Migration Elapsed:00:50 seconds
2026-09-10T11:57:12.9447500Z 
2026-09-10T11:57:13.3777240Z [2026-09-10 11:57:13 +0000] Status=2, isTerminal=NO, Elapsed=01:02.
2026-09-10T11:57:13.4186790Z 	Waiting on Data Migration
2026-09-10T11:57:13.4341400Z 		Reason:Running plugin com.apple.-0LaunchServicesMigrator (00LaunchServicesMigrator.migrator, user-agnostic)
2026-09-10T11:57:13.4553590Z 		Migration Elapsed:00:51 seconds
2026-09-10T11:57:13.4738130Z 
2026-09-10T11:57:14.8118180Z [2026-09-10 11:57:14 +0000] Status=2, isTerminal=NO, Elapsed=01:03.
2026-09-10T11:57:15.3458050Z 	Waiting on Data Migration
2026-09-10T11:57:15.3460530Z 		Reason:Running plugin com.apple.-0LaunchServicesMigrator (00LaunchServicesMigrator.migrator, user-agnostic)
2026-09-10T11:57:15.6464690Z 		Migration Elapsed:00:52 seconds
2026-09-10T11:57:15.8368710Z 
2026-09-10T11:57:15.9508470Z [2026-09-10 11:57:15 +0000] Status=2, isTerminal=NO, Elapsed=01:04.
2026-09-10T11:57:16.0224060Z 	Waiting on Data Migration
2026-09-10T11:57:16.0561860Z 		Reason:Running plugin com.apple.-0LaunchServicesMigrator (00LaunchServicesMigrator.migrator, user-agnostic)
2026-09-10T11:57:16.1739260Z 		Migration Elapsed:00:53 seconds
2026-09-10T11:57:16.1999330Z 
2026-09-10T11:57:16.6645630Z [2026-09-10 11:57:16 +0000] Status=2, isTerminal=NO, Elapsed=01:05.
2026-09-10T11:57:16.6798630Z 	Waiting on Data Migration
2026-09-10T11:57:16.7012110Z 		Reason:Running plugin com.apple.-0LaunchServicesMigrator (00LaunchServicesMigrator.migrator, user-agnostic)
2026-09-10T11:57:16.7501960Z 		Migration Elapsed:00:54 seconds
2026-09-10T11:57:16.7920010Z 
2026-09-10T11:57:17.3828430Z [2026-09-10 11:57:17 +0000] Status=2, isTerminal=NO, Elapsed=01:06.
2026-09-10T11:57:17.3830680Z 	Waiting on Data Migration
2026-09-10T11:57:17.4074420Z 		Reason:Running plugin com.apple.-0LaunchServicesMigrator (00LaunchServicesMigrator.migrator, user-agnostic)
2026-09-10T11:57:17.4179230Z 		Migration Elapsed:00:55 seconds
2026-09-10T11:57:17.4709220Z 
2026-09-10T11:57:18.9436950Z [2026-09-10 11:57:18 +0000] Status=2, isTerminal=NO, Elapsed=01:07.
2026-09-10T11:57:19.0227110Z 	Waiting on Data Migration
2026-09-10T11:57:20.4703780Z 		Reason:Running plugin com.apple.-0LaunchServicesMigrator (00LaunchServicesMigrator.migrator, user-agnostic)
2026-09-10T11:57:20.5517230Z 		Migration Elapsed:00:56 seconds
2026-09-10T11:57:20.7988020Z 
2026-09-10T11:57:21.2459680Z [2026-09-10 11:57:19 +0000] Status=2, isTerminal=NO, Elapsed=01:08.
2026-09-10T11:57:22.1262970Z 	Waiting on Data Migration
2026-09-10T11:57:22.1264570Z 		Reason:Running plugin com.apple.-0LaunchServicesMigrator (00LaunchServicesMigrator.migrator, user-agnostic)
2026-09-10T11:57:22.7033270Z 		Migration Elapsed:00:57 seconds
2026-09-10T11:57:23.1996480Z 
2026-09-10T11:57:24.7175310Z [2026-09-10 11:57:20 +0000] Status=2, isTerminal=NO, Elapsed=01:09.
2026-09-10T11:57:25.0457300Z 	Waiting on Data Migration
2026-09-10T11:57:25.3750570Z 		Reason:Running plugin com.apple.-0LaunchServicesMigrator (00LaunchServicesMigrator.migrator, user-agnostic)
2026-09-10T11:57:25.5386130Z 		Migration Elapsed:00:58 seconds
2026-09-10T11:57:25.8683980Z 
2026-09-10T11:57:26.4418750Z [2026-09-10 11:57:21 +0000] Status=2, isTerminal=NO, Elapsed=01:10.
2026-09-10T11:57:26.6424880Z 	Waiting on Data Migration
2026-09-10T11:57:26.6816830Z 		Reason:Running plugin com.apple.-0LaunchServicesMigrator (00LaunchServicesMigrator.migrator, user-agnostic)
2026-09-10T11:57:26.6959500Z 		Migration Elapsed:00:59 seconds
2026-09-10T11:57:26.7062070Z 
2026-09-10T11:57:26.7172610Z [2026-09-10 11:57:22 +0000] Status=2, isTerminal=NO, Elapsed=01:11.
2026-09-10T11:57:26.7361490Z 	Waiting on Data Migration
2026-09-10T11:57:26.7532820Z 		Reason:Running plugin com.apple.-0LaunchServicesMigrator (00LaunchServicesMigrator.migrator, user-agnostic)
2026-09-10T11:57:26.7637260Z 		Migration Elapsed:01:00 seconds
2026-09-10T11:57:26.7794510Z 
2026-09-10T11:57:26.7959890Z [2026-09-10 11:57:23 +0000] Status=2, isTerminal=NO, Elapsed=01:12.
2026-09-10T11:57:26.8090570Z 	Waiting on Data Migration
2026-09-10T11:57:26.8223630Z 		Reason:Running plugin com.apple.-0LaunchServicesMigrator (00LaunchServicesMigrator.migrator, user-agnostic)
2026-09-10T11:57:26.8342380Z 		Migration Elapsed:01:01 seconds
2026-09-10T11:57:26.8492960Z 
2026-09-10T11:57:26.8623920Z [2026-09-10 11:57:24 +0000] Status=2, isTerminal=NO, Elapsed=01:13.
2026-09-10T11:57:26.8883080Z 	Waiting on Data Migration
2026-09-10T11:57:26.8996770Z 		Reason:Running plugin com.apple.-0LaunchServicesMigrator (00LaunchServicesMigrator.migrator, user-agnostic)
2026-09-10T11:57:26.9683350Z 		Migration Elapsed:01:02 seconds
2026-09-10T11:57:26.9898230Z 
2026-09-10T11:57:27.0019170Z [2026-09-10 11:57:25 +0000] Status=2, isTerminal=NO, Elapsed=01:14.
2026-09-10T11:57:27.0296350Z 	Waiting on Data Migration
2026-09-10T11:57:27.0463560Z 		Reason:Running plugin com.apple.-0LaunchServicesMigrator (00LaunchServicesMigrator.migrator, user-agnostic)
2026-09-10T11:57:27.0640800Z 		Migration Elapsed:01:03 seconds
2026-09-10T11:57:27.0796520Z 
2026-09-10T11:57:27.0945820Z [2026-09-10 11:57:26 +0000] Status=2, isTerminal=NO, Elapsed=01:15.
2026-09-10T11:57:27.1674860Z 	Waiting on Data Migration
2026-09-10T11:57:27.3608310Z 		Reason:Running plugin com.apple.-0LaunchServicesMigrator (00LaunchServicesMigrator.migrator, user-agnostic)
2026-09-10T11:57:27.3880520Z 		Migration Elapsed:01:04 seconds
2026-09-10T11:57:27.3994500Z 
2026-09-10T11:57:27.4116470Z [2026-09-10 11:57:27 +0000] Status=2, isTerminal=NO, Elapsed=01:16.
2026-09-10T11:57:27.4222690Z 	Waiting on Data Migration
2026-09-10T11:57:27.4328530Z 		Reason:Running plugin com.apple.-0LaunchServicesMigrator (00LaunchServicesMigrator.migrator, user-agnostic)
2026-09-10T11:57:27.4447000Z 		Migration Elapsed:01:05 seconds
2026-09-10T11:57:27.4585210Z 
2026-09-10T11:57:28.6063450Z [2026-09-10 11:57:28 +0000] Status=2, isTerminal=NO, Elapsed=01:17.
2026-09-10T11:57:28.6883190Z 	Waiting on Data Migration
2026-09-10T11:57:28.8516540Z 		Reason:Running plugin com.apple.-0LaunchServicesMigrator (00LaunchServicesMigrator.migrator, user-agnostic)
2026-09-10T11:57:28.8518910Z 		Migration Elapsed:01:06 seconds
2026-09-10T11:57:28.9378400Z 
2026-09-10T11:57:29.4797760Z [2026-09-10 11:57:29 +0000] Status=2, isTerminal=NO, Elapsed=01:18.
2026-09-10T11:57:29.4908460Z 	Waiting on Data Migration
2026-09-10T11:57:29.5048280Z 		Reason:Running plugin com.apple.-0LaunchServicesMigrator (00LaunchServicesMigrator.migrator, user-agnostic)
2026-09-10T11:57:29.5167560Z 		Migration Elapsed:01:07 seconds
2026-09-10T11:57:29.5305500Z 
2026-09-10T11:57:30.4430960Z [2026-09-10 11:57:30 +0000] Status=2, isTerminal=NO, Elapsed=01:19.
2026-09-10T11:57:30.5253170Z 	Waiting on Data Migration
2026-09-10T11:57:30.6697990Z 		Reason:Running plugin com.apple.-0LaunchServicesMigrator (00LaunchServicesMigrator.migrator, user-agnostic)
2026-09-10T11:57:31.3505270Z 		Migration Elapsed:01:08 seconds
2026-09-10T11:57:31.4813270Z 
2026-09-10T11:57:31.4959690Z [2026-09-10 11:57:31 +0000] Status=2, isTerminal=NO, Elapsed=01:20.
2026-09-10T11:57:31.5099460Z 	Waiting on Data Migration
2026-09-10T11:57:31.5221970Z 		Reason:Running plugin com.apple.-0LaunchServicesMigrator (00LaunchServicesMigrator.migrator, user-agnostic)
2026-09-10T11:57:31.5328470Z 		Migration Elapsed:01:09 seconds
2026-09-10T11:57:31.6052810Z 
2026-09-10T11:57:32.3447290Z [2026-09-10 11:57:32 +0000] Status=2, isTerminal=NO, Elapsed=01:21.
2026-09-10T11:57:32.3549420Z 	Waiting on Data Migration
2026-09-10T11:57:32.3845750Z 		Reason:Running plugin com.apple.-0LaunchServicesMigrator (00LaunchServicesMigrator.migrator, user-agnostic)
2026-09-10T11:57:32.3955280Z 		Migration Elapsed:01:10 seconds
2026-09-10T11:57:32.4074440Z 
2026-09-10T11:57:33.3787600Z [2026-09-10 11:57:33 +0000] Status=2, isTerminal=NO, Elapsed=01:22.
2026-09-10T11:57:33.4159300Z 	Waiting on Data Migration
2026-09-10T11:57:33.4265560Z 		Reason:Running plugin com.apple.-0LaunchServicesMigrator (00LaunchServicesMigrator.migrator, user-agnostic)
2026-09-10T11:57:33.4407310Z 		Migration Elapsed:01:11 seconds
2026-09-10T11:57:33.4618130Z 
2026-09-10T11:57:34.4275570Z [2026-09-10 11:57:34 +0000] Status=2, isTerminal=NO, Elapsed=01:23.
2026-09-10T11:57:34.4384050Z 	Waiting on Data Migration
2026-09-10T11:57:34.4532360Z 		Reason:Running plugin com.apple.-0LaunchServicesMigrator (00LaunchServicesMigrator.migrator, user-agnostic)
2026-09-10T11:57:34.4664620Z 		Migration Elapsed:01:12 seconds
2026-09-10T11:57:34.4785000Z 
2026-09-10T11:57:35.3457960Z [2026-09-10 11:57:35 +0000] Status=2, isTerminal=NO, Elapsed=01:24.
2026-09-10T11:57:35.3517040Z 	Waiting on Data Migration
2026-09-10T11:57:35.3528040Z 		Reason:Running plugin com.apple.-0LaunchServicesMigrator (00LaunchServicesMigrator.migrator, user-agnostic)
2026-09-10T11:57:35.3587260Z 		Migration Elapsed:01:13 seconds
2026-09-10T11:57:35.3639450Z 
2026-09-10T11:57:37.4951760Z [2026-09-10 11:57:37 +0000] Status=2, isTerminal=NO, Elapsed=01:26.
2026-09-10T11:57:38.1224700Z 	Waiting on Data Migration
2026-09-10T11:57:38.3721110Z 		Reason:Running plugin com.apple.-0LaunchServicesMigrator (00LaunchServicesMigrator.migrator, user-agnostic)
2026-09-10T11:57:38.6187530Z 		Migration Elapsed:01:14 seconds
2026-09-10T11:57:38.7025820Z 
2026-09-10T11:57:42.1636380Z [2026-09-10 11:57:42 +0000] Status=2, isTerminal=NO, Elapsed=01:31.
2026-09-10T11:57:42.1639500Z 	Waiting on Data Migration
2026-09-10T11:57:42.2466080Z 		Reason:Running plugin com.apple.securityd.KeychainMigrator (KeychainMigrator.migrator, user-agnostic)
2026-09-10T11:57:42.3286400Z 		Migration Elapsed:01:15 seconds
2026-09-10T11:57:42.5786000Z 
2026-09-10T11:57:42.6623600Z [2026-09-10 11:57:42 +0000] Status=2, isTerminal=NO, Elapsed=01:31.
2026-09-10T11:57:42.7437030Z 	Waiting on Data Migration
2026-09-10T11:57:42.8252420Z 		Reason:Running plugin com.apple.managedconfiguration.migrator (MCProfile.migrator, user-agnostic)
2026-09-10T11:57:42.9088800Z 		Migration Elapsed:01:20 seconds
2026-09-10T11:57:42.9887560Z 
2026-09-10T11:57:44.0757820Z [2026-09-10 11:57:43 +0000] Status=2, isTerminal=NO, Elapsed=01:32.
2026-09-10T11:57:44.1579110Z 	Waiting on Data Migration
2026-09-10T11:57:44.2392360Z 		Reason:Running plugin com.apple.managedconfiguration.migrator (MCProfile.migrator, user-agnostic)
2026-09-10T11:57:44.3228200Z 		Migration Elapsed:01:20 seconds
2026-09-10T11:57:44.4128400Z 
2026-09-10T11:57:47.2920940Z [2026-09-10 11:57:47 +0000] Status=2, isTerminal=NO, Elapsed=01:36.
2026-09-10T11:57:47.3732940Z 	Waiting on Data Migration
2026-09-10T11:57:47.4612400Z 		Reason:Running plugin com.apple.managedconfiguration.migrator (MCProfile.migrator, user-agnostic)
2026-09-10T11:57:47.6394460Z 		Migration Elapsed:01:22 seconds
2026-09-10T11:57:47.7267220Z 
2026-09-10T11:57:48.3974780Z [2026-09-10 11:57:47 +0000] Status=2, isTerminal=NO, Elapsed=01:36.
2026-09-10T11:57:48.5667010Z 	Waiting on Data Migration
2026-09-10T11:57:48.9412520Z 		Reason:Running plugin com.apple.managedconfiguration.migrator (MCProfile.migrator, user-agnostic)
2026-09-10T11:57:49.2094350Z 		Migration Elapsed:01:25 seconds
2026-09-10T11:57:49.2904210Z 
2026-09-10T11:57:52.2034730Z [2026-09-10 11:57:51 +0000] Status=2, isTerminal=NO, Elapsed=01:40.
2026-09-10T11:57:52.7728930Z 	Waiting on Data Migration
2026-09-10T11:57:53.2795210Z 		Reason:Running plugin com.apple.managedconfiguration.migrator (MCProfile.migrator, user-agnostic)
2026-09-10T11:57:53.7959350Z 		Migration Elapsed:01:26 seconds
2026-09-10T11:57:53.9708260Z 
2026-09-10T11:57:55.7840770Z [2026-09-10 11:57:55 +0000] Status=2, isTerminal=NO, Elapsed=01:43.
2026-09-10T11:57:55.7844620Z 	Waiting on Data Migration
2026-09-10T11:57:55.8676220Z 		Reason:Running plugin com.apple.addressbook.migrator (AddressBookLegacy.migrator)
2026-09-10T11:57:56.1974930Z 		Migration Elapsed:01:29 seconds
2026-09-10T11:57:56.2796330Z 
2026-09-10T11:57:56.9415400Z [2026-09-10 11:57:56 +0000] Status=2, isTerminal=NO, Elapsed=01:45.
2026-09-10T11:57:57.0249370Z 	Waiting on Data Migration
2026-09-10T11:57:57.1058810Z 		Reason:Running plugin com.apple.MobileSafari.migrator (MobileSafari.migrator)
2026-09-10T11:57:57.1888460Z 		Migration Elapsed:01:33 seconds
2026-09-10T11:57:57.2712440Z 
2026-09-10T11:57:57.5969950Z [2026-09-10 11:57:57 +0000] Status=2, isTerminal=NO, Elapsed=01:46.
2026-09-10T11:57:57.6779830Z 	Waiting on Data Migration
2026-09-10T11:57:57.7603520Z 		Reason:Running plugin com.apple.locationd.migrator (CoreLocationMigrator.migrator)
2026-09-10T11:57:57.8406530Z 		Migration Elapsed:01:34 seconds
2026-09-10T11:57:57.9233340Z 
2026-09-10T11:57:58.1697220Z [2026-09-10 11:57:58 +0000] Status=2, isTerminal=NO, Elapsed=01:46.
2026-09-10T11:57:58.1699260Z 	Waiting on Data Migration
2026-09-10T11:57:58.2499130Z 		Reason:Running plugin com.apple.locationd.migrator (CoreLocationMigrator.migrator)
2026-09-10T11:57:58.3317760Z 		Migration Elapsed:01:35 seconds
2026-09-10T11:57:58.4150230Z 
2026-09-10T11:57:58.8182400Z [2026-09-10 11:57:58 +0000] Status=2, isTerminal=NO, Elapsed=01:47.
2026-09-10T11:57:58.9003280Z 	Waiting on Data Migration
2026-09-10T11:57:58.9836790Z 		Reason:Running plugin com.apple.locationd.migrator (CoreLocationMigrator.migrator)
2026-09-10T11:57:58.9837760Z 		Migration Elapsed:01:36 seconds
2026-09-10T11:57:59.0650130Z 
2026-09-10T11:57:59.4817950Z [2026-09-10 11:57:59 +0000] Status=2, isTerminal=NO, Elapsed=01:48.
2026-09-10T11:57:59.5621830Z 	Waiting on Data Migration
2026-09-10T11:57:59.6442480Z 		Reason:Running plugin com.apple.locationd.migrator (CoreLocationMigrator.migrator)
2026-09-10T11:57:59.7282470Z 		Migration Elapsed:01:37 seconds
2026-09-10T11:57:59.7282890Z 
2026-09-10T11:58:01.9102740Z [2026-09-10 11:58:00 +0000] Status=2, isTerminal=NO, Elapsed=01:49.
2026-09-10T11:58:02.1562910Z 	Waiting on Data Migration
2026-09-10T11:58:02.2417590Z 		Reason:Running plugin com.apple.locationd.migrator (CoreLocationMigrator.migrator)
2026-09-10T11:58:02.4038240Z 		Migration Elapsed:01:38 seconds
2026-09-10T11:58:03.6567320Z 
2026-09-10T11:58:04.5652510Z [2026-09-10 11:58:01 +0000] Status=2, isTerminal=NO, Elapsed=01:50.
2026-09-10T11:58:05.8098170Z 	Waiting on Data Migration
2026-09-10T11:58:06.8492410Z 		Reason:Running plugin com.apple.locationd.migrator (CoreLocationMigrator.migrator)
2026-09-10T11:58:07.2791720Z 		Migration Elapsed:01:39 seconds
2026-09-10T11:58:07.3616090Z 
2026-09-10T11:58:07.6181060Z [2026-09-10 11:58:02 +0000] Status=2, isTerminal=NO, Elapsed=01:51.
2026-09-10T11:58:09.4873050Z 	Waiting on Data Migration
2026-09-10T11:58:10.9531990Z 		Reason:Running plugin com.apple.locationd.migrator (CoreLocationMigrator.migrator)
2026-09-10T11:58:11.0155040Z 		Migration Elapsed:01:40 seconds
2026-09-10T11:58:11.2671310Z 
2026-09-10T11:58:11.8440080Z [2026-09-10 11:58:04 +0000] Status=2, isTerminal=NO, Elapsed=01:53.
2026-09-10T11:58:12.0458470Z 	Waiting on Data Migration
2026-09-10T11:58:12.1148370Z 		Reason:Running plugin com.apple.locationd.migrator (CoreLocationMigrator.migrator)
2026-09-10T11:58:12.1484050Z 		Migration Elapsed:01:41 seconds
2026-09-10T11:58:12.1904720Z 
2026-09-10T11:58:12.2193020Z [2026-09-10 11:58:04 +0000] Status=2, isTerminal=NO, Elapsed=01:53.
2026-09-10T11:58:12.6596710Z 	Waiting on Data Migration
2026-09-10T11:58:12.7259480Z 		Reason:Running plugin com.apple.locationd.migrator (CoreLocationMigrator.migrator)
2026-09-10T11:58:12.7872250Z 		Migration Elapsed:01:42 seconds
2026-09-10T11:58:12.9126270Z 
2026-09-10T11:58:12.9381050Z [2026-09-10 11:58:07 +0000] Status=2, isTerminal=NO, Elapsed=01:55.
2026-09-10T11:58:12.9621780Z 	Waiting on Data Migration
2026-09-10T11:58:12.9768450Z 		Reason:Running plugin com.apple.locationd.migrator (CoreLocationMigrator.migrator)
2026-09-10T11:58:13.0395530Z 		Migration Elapsed:01:43 seconds
2026-09-10T11:58:13.0826310Z 
2026-09-10T11:58:13.1276860Z [2026-09-10 11:58:07 +0000] Status=2, isTerminal=NO, Elapsed=01:56.
2026-09-10T11:58:13.1971110Z 	Waiting on Data Migration
2026-09-10T11:58:13.2090890Z 		Reason:Running plugin com.apple.locationd.migrator (CoreLocationMigrator.migrator)
2026-09-10T11:58:13.2517200Z 		Migration Elapsed:01:45 seconds
2026-09-10T11:58:13.2646040Z 
2026-09-10T11:58:13.2758040Z [2026-09-10 11:58:08 +0000] Status=2, isTerminal=NO, Elapsed=01:56.
2026-09-10T11:58:13.2873330Z 	Waiting on Data Migration
2026-09-10T11:58:13.3792200Z 		Reason:Running plugin com.apple.locationd.migrator (CoreLocationMigrator.migrator)
2026-09-10T11:58:13.3972910Z 		Migration Elapsed:01:45 seconds
2026-09-10T11:58:13.4086330Z 
2026-09-10T11:58:13.4306520Z [2026-09-10 11:58:08 +0000] Status=2, isTerminal=NO, Elapsed=01:57.
2026-09-10T11:58:13.5346990Z 	Waiting on Data Migration
2026-09-10T11:58:13.5380330Z 		Reason:Running plugin com.apple.locationd.migrator (CoreLocationMigrator.migrator)
2026-09-10T11:58:13.5527990Z 		Migration Elapsed:01:46 seconds
2026-09-10T11:58:13.5669300Z 
2026-09-10T11:58:13.5791440Z [2026-09-10 11:58:10 +0000] Status=2, isTerminal=NO, Elapsed=01:59.
2026-09-10T11:58:13.5947930Z 	Waiting on Data Migration
2026-09-10T11:58:13.6050890Z 		Reason:Running plugin com.apple.locationd.migrator (CoreLocationMigrator.migrator)
2026-09-10T11:58:13.6188180Z 		Migration Elapsed:01:47 seconds
2026-09-10T11:58:13.6312050Z 
2026-09-10T11:58:13.6434690Z [2026-09-10 11:58:10 +0000] Status=2, isTerminal=NO, Elapsed=01:59.
2026-09-10T11:58:13.6548680Z 	Waiting on Data Migration
2026-09-10T11:58:13.6665680Z 		Reason:Running plugin com.apple.locationd.migrator (CoreLocationMigrator.migrator)
2026-09-10T11:58:13.6768400Z 		Migration Elapsed:01:48 seconds
2026-09-10T11:58:13.6872530Z 
2026-09-10T11:58:13.6975910Z [2026-09-10 11:58:11 +0000] Status=2, isTerminal=NO, Elapsed=02:00.
2026-09-10T11:58:13.7083970Z 	Waiting on Data Migration
2026-09-10T11:58:13.7208210Z 		Reason:Running plugin com.apple.locationd.migrator (CoreLocationMigrator.migrator)
2026-09-10T11:58:13.7324410Z 		Migration Elapsed:01:49 seconds
2026-09-10T11:58:13.7437610Z 
2026-09-10T11:58:13.7540970Z [2026-09-10 11:58:12 +0000] Status=2, isTerminal=NO, Elapsed=02:01.
2026-09-10T11:58:13.7710760Z 	Waiting on Data Migration
2026-09-10T11:58:13.7815340Z 		Reason:Running plugin com.apple.locationd.migrator (CoreLocationMigrator.migrator)
2026-09-10T11:58:13.7926610Z 		Migration Elapsed:01:50 seconds
2026-09-10T11:58:13.8072530Z 
2026-09-10T11:58:13.8184630Z [2026-09-10 11:58:13 +0000] Status=2, isTerminal=NO, Elapsed=02:02.
2026-09-10T11:58:13.8286180Z 	Waiting on Data Migration
2026-09-10T11:58:13.8395570Z 		Reason:Running plugin com.apple.locationd.migrator (CoreLocationMigrator.migrator)
2026-09-10T11:58:13.8506120Z 		Migration Elapsed:01:51 seconds
2026-09-10T11:58:13.8608070Z 
2026-09-10T11:58:14.4159800Z [2026-09-10 11:58:14 +0000] Status=2, isTerminal=NO, Elapsed=02:03.
2026-09-10T11:58:14.4162840Z 	Waiting on Data Migration
2026-09-10T11:58:14.4164550Z 		Reason:Running plugin com.apple.locationd.migrator (CoreLocationMigrator.migrator)
2026-09-10T11:58:14.4191440Z 		Migration Elapsed:01:52 seconds
2026-09-10T11:58:14.4191790Z 
2026-09-10T11:58:15.3883320Z [2026-09-10 11:58:15 +0000] Status=2, isTerminal=NO, Elapsed=02:04.
2026-09-10T11:58:15.3883930Z 	Waiting on Data Migration
2026-09-10T11:58:15.3887440Z 		Reason:Running plugin com.apple.locationd.migrator (CoreLocationMigrator.migrator)
2026-09-10T11:58:15.3888220Z 		Migration Elapsed:01:53 seconds
2026-09-10T11:58:15.3888490Z 
2026-09-10T11:58:16.3780040Z [2026-09-10 11:58:16 +0000] Status=2, isTerminal=NO, Elapsed=02:05.
2026-09-10T11:58:16.3802890Z 	Waiting on Data Migration
2026-09-10T11:58:16.3819290Z 		Reason:Running plugin com.apple.locationd.migrator (CoreLocationMigrator.migrator)
2026-09-10T11:58:16.3893730Z 		Migration Elapsed:01:54 seconds
2026-09-10T11:58:16.3912560Z 
2026-09-10T11:58:17.6166410Z [2026-09-10 11:58:17 +0000] Status=2, isTerminal=NO, Elapsed=02:06.
2026-09-10T11:58:17.6286280Z 	Waiting on Data Migration
2026-09-10T11:58:17.6307130Z 		Reason:Running plugin com.apple.locationd.migrator (CoreLocationMigrator.migrator)
2026-09-10T11:58:17.6319840Z 		Migration Elapsed:01:55 seconds
2026-09-10T11:58:17.6320210Z 
2026-09-10T11:58:18.3552500Z [2026-09-10 11:58:18 +0000] Status=2, isTerminal=NO, Elapsed=02:07.
2026-09-10T11:58:18.3556970Z 	Waiting on Data Migration
2026-09-10T11:58:18.3557460Z 		Reason:Running plugin com.apple.locationd.migrator (CoreLocationMigrator.migrator)
2026-09-10T11:58:18.3557900Z 		Migration Elapsed:01:56 seconds
2026-09-10T11:58:18.3558110Z 
2026-09-10T11:58:19.3646810Z [2026-09-10 11:58:19 +0000] Status=2, isTerminal=NO, Elapsed=02:08.
2026-09-10T11:58:19.3656870Z 	Waiting on Data Migration
2026-09-10T11:58:19.3685870Z 		Reason:Running plugin com.apple.locationd.migrator (CoreLocationMigrator.migrator)
2026-09-10T11:58:19.3747550Z 		Migration Elapsed:01:57 seconds
2026-09-10T11:58:19.3772950Z 
2026-09-10T11:58:20.3620860Z [2026-09-10 11:58:20 +0000] Status=2, isTerminal=NO, Elapsed=02:09.
2026-09-10T11:58:20.3622870Z 	Waiting on Data Migration
2026-09-10T11:58:20.3624320Z 		Reason:Running plugin com.apple.locationd.migrator (CoreLocationMigrator.migrator)
2026-09-10T11:58:20.3625740Z 		Migration Elapsed:01:58 seconds
2026-09-10T11:58:20.3651400Z 
2026-09-10T11:58:21.5058430Z [2026-09-10 11:58:21 +0000] Status=2, isTerminal=NO, Elapsed=02:10.
2026-09-10T11:58:21.5059630Z 	Waiting on Data Migration
2026-09-10T11:58:21.5060240Z 		Reason:Running plugin com.apple.locationd.migrator (CoreLocationMigrator.migrator)
2026-09-10T11:58:21.5060980Z 		Migration Elapsed:01:59 seconds
2026-09-10T11:58:21.5061380Z 
2026-09-10T11:58:22.4384680Z [2026-09-10 11:58:22 +0000] Status=2, isTerminal=NO, Elapsed=02:11.
2026-09-10T11:58:22.4385360Z 	Waiting on Data Migration
2026-09-10T11:58:22.4385910Z 		Reason:Running plugin com.apple.locationd.migrator (CoreLocationMigrator.migrator)
2026-09-10T11:58:22.4386410Z 		Migration Elapsed:02:00 seconds
2026-09-10T11:58:22.4386620Z 
2026-09-10T11:58:23.3661730Z [2026-09-10 11:58:23 +0000] Status=2, isTerminal=NO, Elapsed=02:12.
2026-09-10T11:58:23.3662310Z 	Waiting on Data Migration
2026-09-10T11:58:23.3662860Z 		Reason:Running plugin com.apple.locationd.migrator (CoreLocationMigrator.migrator)
2026-09-10T11:58:23.3663400Z 		Migration Elapsed:02:01 seconds
2026-09-10T11:58:23.3663770Z 
2026-09-10T11:58:24.4767110Z [2026-09-10 11:58:24 +0000] Status=2, isTerminal=NO, Elapsed=02:13.
2026-09-10T11:58:24.4769740Z 	Waiting on Data Migration
2026-09-10T11:58:24.4771410Z 		Reason:Running plugin com.apple.locationd.migrator (CoreLocationMigrator.migrator)
2026-09-10T11:58:24.4773220Z 		Migration Elapsed:02:02 seconds
2026-09-10T11:58:24.4774740Z 
2026-09-10T11:58:25.5633380Z [2026-09-10 11:58:25 +0000] Status=2, isTerminal=NO, Elapsed=02:14.
2026-09-10T11:58:25.6303220Z 	Waiting on Data Migration
2026-09-10T11:58:25.6429650Z 		Reason:Running plugin com.apple.locationd.migrator (CoreLocationMigrator.migrator)
2026-09-10T11:58:25.6436070Z 		Migration Elapsed:02:03 seconds
2026-09-10T11:58:25.6436790Z 
2026-09-10T11:58:26.4239650Z [2026-09-10 11:58:26 +0000] Status=2, isTerminal=NO, Elapsed=02:15.
2026-09-10T11:58:26.4263150Z 	Waiting on Data Migration
2026-09-10T11:58:26.4271870Z 		Reason:Running plugin com.apple.locationd.migrator (CoreLocationMigrator.migrator)
2026-09-10T11:58:26.4308520Z 		Migration Elapsed:02:04 seconds
2026-09-10T11:58:26.4309000Z 
2026-09-10T11:58:27.3885810Z [2026-09-10 11:58:27 +0000] Status=2, isTerminal=NO, Elapsed=02:16.
2026-09-10T11:58:27.3892410Z 	Waiting on Data Migration
2026-09-10T11:58:27.3892900Z 		Reason:Running plugin com.apple.locationd.migrator (CoreLocationMigrator.migrator)
2026-09-10T11:58:27.3893460Z 		Migration Elapsed:02:05 seconds
2026-09-10T11:58:27.3893730Z 
2026-09-10T11:58:28.5351090Z [2026-09-10 11:58:28 +0000] Status=2, isTerminal=NO, Elapsed=02:17.
2026-09-10T11:58:28.5652570Z 	Waiting on Data Migration
2026-09-10T11:58:28.6114820Z 		Reason:Running plugin com.apple.locationd.migrator (CoreLocationMigrator.migrator)
2026-09-10T11:58:28.6364670Z 		Migration Elapsed:02:06 seconds
2026-09-10T11:58:28.6365240Z 
2026-09-10T11:58:30.0810620Z [2026-09-10 11:58:30 +0000] Status=2, isTerminal=NO, Elapsed=02:18.
2026-09-10T11:58:30.1062500Z 	Waiting on Data Migration
2026-09-10T11:58:30.1298330Z 		Reason:Running plugin com.apple.locationd.migrator (CoreLocationMigrator.migrator)
2026-09-10T11:58:30.2209910Z 		Migration Elapsed:02:07 seconds
2026-09-10T11:58:30.2490210Z 
2026-09-10T11:58:31.4668590Z [2026-09-10 11:58:31 +0000] Status=2, isTerminal=NO, Elapsed=02:20.
2026-09-10T11:58:31.5306900Z 	Waiting on Data Migration
2026-09-10T11:58:31.5535770Z 		Reason:Running plugin com.apple.locationd.migrator (CoreLocationMigrator.migrator)
2026-09-10T11:58:31.5640260Z 		Migration Elapsed:02:08 seconds
2026-09-10T11:58:31.5748600Z 
2026-09-10T11:58:31.5854250Z [2026-09-10 11:58:31 +0000] Status=2, isTerminal=NO, Elapsed=02:20.
2026-09-10T11:58:31.5976730Z 	Waiting on Data Migration
2026-09-10T11:58:31.6081110Z 		Reason:Running plugin com.apple.locationd.migrator (CoreLocationMigrator.migrator)
2026-09-10T11:58:31.6183920Z 		Migration Elapsed:02:09 seconds
2026-09-10T11:58:31.6283700Z 
2026-09-10T11:58:32.3983170Z [2026-09-10 11:58:32 +0000] Status=2, isTerminal=NO, Elapsed=02:21.
2026-09-10T11:58:32.4013410Z 	Waiting on Data Migration
2026-09-10T11:58:32.4015420Z 		Reason:Running plugin com.apple.locationd.migrator (CoreLocationMigrator.migrator)
2026-09-10T11:58:32.4016300Z 		Migration Elapsed:02:10 seconds
2026-09-10T11:58:32.4016840Z 
2026-09-10T11:58:33.4268210Z [2026-09-10 11:58:33 +0000] Status=2, isTerminal=NO, Elapsed=02:22.
2026-09-10T11:58:33.4456650Z 	Waiting on Data Migration
2026-09-10T11:58:33.4563060Z 		Reason:Running plugin com.apple.locationd.migrator (CoreLocationMigrator.migrator)
2026-09-10T11:58:33.4578300Z 		Migration Elapsed:02:11 seconds
2026-09-10T11:58:33.4651750Z 
2026-09-10T11:58:34.4009070Z [2026-09-10 11:58:34 +0000] Status=2, isTerminal=NO, Elapsed=02:23.
2026-09-10T11:58:34.4011220Z 	Waiting on Data Migration
2026-09-10T11:58:34.4013140Z 		Reason:Running plugin com.apple.locationd.migrator (CoreLocationMigrator.migrator)
2026-09-10T11:58:34.4018830Z 		Migration Elapsed:02:12 seconds
2026-09-10T11:58:34.4019100Z 
2026-09-10T11:58:35.3848000Z [2026-09-10 11:58:35 +0000] Status=2, isTerminal=NO, Elapsed=02:24.
2026-09-10T11:58:35.3848740Z 	Waiting on Data Migration
2026-09-10T11:58:35.3849550Z 		Reason:Running plugin com.apple.locationd.migrator (CoreLocationMigrator.migrator)
2026-09-10T11:58:35.3850980Z 		Migration Elapsed:02:13 seconds
2026-09-10T11:58:35.3851350Z 
2026-09-10T11:58:36.4011460Z [2026-09-10 11:58:36 +0000] Status=2, isTerminal=NO, Elapsed=02:25.
2026-09-10T11:58:36.4012370Z 	Waiting on Data Migration
2026-09-10T11:58:36.4013060Z 		Reason:Running plugin com.apple.locationd.migrator (CoreLocationMigrator.migrator)
2026-09-10T11:58:36.4014050Z 		Migration Elapsed:02:14 seconds
2026-09-10T11:58:36.4014190Z 
2026-09-10T11:58:37.4060670Z [2026-09-10 11:58:37 +0000] Status=2, isTerminal=NO, Elapsed=02:26.
2026-09-10T11:58:37.4092700Z 	Waiting on Data Migration
2026-09-10T11:58:37.4118520Z 		Reason:Running plugin com.apple.locationd.migrator (CoreLocationMigrator.migrator)
2026-09-10T11:58:37.4242730Z 		Migration Elapsed:02:15 seconds
2026-09-10T11:58:37.4409640Z 
2026-09-10T11:58:38.3839310Z [2026-09-10 11:58:38 +0000] Status=2, isTerminal=NO, Elapsed=02:27.
2026-09-10T11:58:38.3840680Z 	Waiting on Data Migration
2026-09-10T11:58:38.3841910Z 		Reason:Running plugin com.apple.locationd.migrator (CoreLocationMigrator.migrator)
2026-09-10T11:58:38.3842440Z 		Migration Elapsed:02:16 seconds
2026-09-10T11:58:38.3842850Z 
2026-09-10T11:58:39.3738060Z [2026-09-10 11:58:39 +0000] Status=2, isTerminal=NO, Elapsed=02:28.
2026-09-10T11:58:39.3742960Z 	Waiting on Data Migration
2026-09-10T11:58:39.3745510Z 		Reason:Running plugin com.apple.locationd.migrator (CoreLocationMigrator.migrator)
2026-09-10T11:58:39.3748630Z 		Migration Elapsed:02:17 seconds
2026-09-10T11:58:39.3753470Z 
2026-09-10T11:58:40.3890830Z [2026-09-10 11:58:40 +0000] Status=2, isTerminal=NO, Elapsed=02:29.
2026-09-10T11:58:40.3891690Z 	Waiting on Data Migration
2026-09-10T11:58:40.3894460Z 		Reason:Running plugin com.apple.locationd.migrator (CoreLocationMigrator.migrator)
2026-09-10T11:58:40.3896360Z 		Migration Elapsed:02:18 seconds
2026-09-10T11:58:40.3900500Z 
2026-09-10T11:58:41.3959840Z [2026-09-10 11:58:41 +0000] Status=2, isTerminal=NO, Elapsed=02:30.
2026-09-10T11:58:41.3967910Z 	Waiting on Data Migration
2026-09-10T11:58:41.3969230Z 		Reason:Running plugin com.apple.locationd.migrator (CoreLocationMigrator.migrator)
2026-09-10T11:58:41.3970340Z 		Migration Elapsed:02:19 seconds
2026-09-10T11:58:41.3970770Z 
2026-09-10T11:58:42.3751110Z [2026-09-10 11:58:42 +0000] Status=2, isTerminal=NO, Elapsed=02:31.
2026-09-10T11:58:42.3752460Z 	Waiting on Data Migration
2026-09-10T11:58:42.3815260Z 		Reason:Running plugin com.apple.locationd.migrator (CoreLocationMigrator.migrator)
2026-09-10T11:58:42.3818800Z 		Migration Elapsed:02:20 seconds
2026-09-10T11:58:42.3819660Z 
2026-09-10T11:58:43.4181430Z [2026-09-10 11:58:43 +0000] Status=2, isTerminal=NO, Elapsed=02:32.
2026-09-10T11:58:43.4954980Z 	Waiting on Data Migration
2026-09-10T11:58:43.5058180Z 		Reason:Running plugin com.apple.locationd.migrator (CoreLocationMigrator.migrator)
2026-09-10T11:58:43.5170910Z 		Migration Elapsed:02:21 seconds
2026-09-10T11:58:43.5284420Z 
2026-09-10T11:58:44.3685870Z [2026-09-10 11:58:44 +0000] Status=2, isTerminal=NO, Elapsed=02:33.
2026-09-10T11:58:44.3751110Z 	Waiting on Data Migration
2026-09-10T11:58:44.3813420Z 		Reason:Running plugin com.apple.locationd.migrator (CoreLocationMigrator.migrator)
2026-09-10T11:58:44.3864900Z 		Migration Elapsed:02:22 seconds
2026-09-10T11:58:44.3966180Z 
2026-09-10T11:58:45.3808240Z [2026-09-10 11:58:45 +0000] Status=2, isTerminal=NO, Elapsed=02:34.
2026-09-10T11:58:45.3817940Z 	Waiting on Data Migration
2026-09-10T11:58:45.3820320Z 		Reason:Running plugin com.apple.locationd.migrator (CoreLocationMigrator.migrator)
2026-09-10T11:58:45.3823300Z 		Migration Elapsed:02:23 seconds
2026-09-10T11:58:45.3823540Z 
2026-09-10T11:58:46.3663400Z [2026-09-10 11:58:46 +0000] Status=2, isTerminal=NO, Elapsed=02:35.
2026-09-10T11:58:46.3664550Z 	Waiting on Data Migration
2026-09-10T11:58:46.3665280Z 		Reason:Running plugin com.apple.locationd.migrator (CoreLocationMigrator.migrator)
2026-09-10T11:58:46.3665890Z 		Migration Elapsed:02:24 seconds
2026-09-10T11:58:46.3666160Z 
2026-09-10T11:58:47.3797380Z [2026-09-10 11:58:47 +0000] Status=2, isTerminal=NO, Elapsed=02:36.
2026-09-10T11:58:47.3808130Z 	Waiting on Data Migration
2026-09-10T11:58:47.3809180Z 		Reason:Running plugin com.apple.locationd.migrator (CoreLocationMigrator.migrator)
2026-09-10T11:58:47.3814960Z 		Migration Elapsed:02:25 seconds
2026-09-10T11:58:47.3823720Z 
2026-09-10T11:58:48.3566620Z [2026-09-10 11:58:48 +0000] Status=2, isTerminal=NO, Elapsed=02:37.
2026-09-10T11:58:48.3568520Z 	Waiting on Data Migration
2026-09-10T11:58:48.3569810Z 		Reason:Running plugin com.apple.locationd.migrator (CoreLocationMigrator.migrator)
2026-09-10T11:58:48.3571560Z 		Migration Elapsed:02:26 seconds
2026-09-10T11:58:48.3571870Z 
2026-09-10T11:58:49.3711220Z [2026-09-10 11:58:49 +0000] Status=2, isTerminal=NO, Elapsed=02:38.
2026-09-10T11:58:49.3727180Z 	Waiting on Data Migration
2026-09-10T11:58:49.3728020Z 		Reason:Running plugin com.apple.locationd.migrator (CoreLocationMigrator.migrator)
2026-09-10T11:58:49.4123130Z 		Migration Elapsed:02:27 seconds
2026-09-10T11:58:49.4360530Z 
2026-09-10T11:58:50.3717020Z [2026-09-10 11:58:50 +0000] Status=2, isTerminal=NO, Elapsed=02:39.
2026-09-10T11:58:50.3720230Z 	Waiting on Data Migration
2026-09-10T11:58:50.3721200Z 		Reason:Running plugin com.apple.locationd.migrator (CoreLocationMigrator.migrator)
2026-09-10T11:58:50.3722250Z 		Migration Elapsed:02:28 seconds
2026-09-10T11:58:50.3722750Z 
2026-09-10T11:58:51.3743280Z [2026-09-10 11:58:51 +0000] Status=2, isTerminal=NO, Elapsed=02:40.
2026-09-10T11:58:51.3849750Z 	Waiting on Data Migration
2026-09-10T11:58:51.3951630Z 		Reason:Running plugin com.apple.locationd.migrator (CoreLocationMigrator.migrator)
2026-09-10T11:58:51.4053120Z 		Migration Elapsed:02:29 seconds
2026-09-10T11:58:51.4157660Z 
2026-09-10T11:58:52.3870800Z [2026-09-10 11:58:52 +0000] Status=2, isTerminal=NO, Elapsed=02:41.
2026-09-10T11:58:52.4437570Z 	Waiting on Data Migration
2026-09-10T11:58:52.4642680Z 		Reason:Running plugin com.apple.locationd.migrator (CoreLocationMigrator.migrator)
2026-09-10T11:58:52.4742870Z 		Migration Elapsed:02:30 seconds
2026-09-10T11:58:52.4843930Z 
2026-09-10T11:58:53.4224300Z [2026-09-10 11:58:53 +0000] Status=2, isTerminal=NO, Elapsed=02:42.
2026-09-10T11:58:53.4387840Z 	Waiting on Data Migration
2026-09-10T11:58:53.4708550Z 		Reason:Running plugin com.apple.locationd.migrator (CoreLocationMigrator.migrator)
2026-09-10T11:58:53.5293710Z 		Migration Elapsed:02:31 seconds
2026-09-10T11:58:53.5634520Z 
2026-09-10T11:58:54.5279780Z [2026-09-10 11:58:54 +0000] Status=2, isTerminal=NO, Elapsed=02:43.
2026-09-10T11:58:54.5449830Z 	Waiting on Data Migration
2026-09-10T11:58:54.5450890Z 		Reason:Running plugin com.apple.locationd.migrator (CoreLocationMigrator.migrator)
2026-09-10T11:58:54.5654120Z 		Migration Elapsed:02:32 seconds
2026-09-10T11:58:54.5777180Z 
2026-09-10T11:58:55.3701330Z [2026-09-10 11:58:55 +0000] Status=2, isTerminal=NO, Elapsed=02:44.
2026-09-10T11:58:55.3703550Z 	Waiting on Data Migration
2026-09-10T11:58:55.3705130Z 		Reason:Running plugin com.apple.locationd.migrator (CoreLocationMigrator.migrator)
2026-09-10T11:58:55.3705710Z 		Migration Elapsed:02:33 seconds
2026-09-10T11:58:55.3706000Z 
2026-09-10T11:58:56.3658230Z [2026-09-10 11:58:56 +0000] Status=2, isTerminal=NO, Elapsed=02:45.
2026-09-10T11:58:56.3659030Z 	Waiting on Data Migration
2026-09-10T11:58:56.3659700Z 		Reason:Running plugin com.apple.locationd.migrator (CoreLocationMigrator.migrator)
2026-09-10T11:58:56.3660410Z 		Migration Elapsed:02:34 seconds
2026-09-10T11:58:56.3660570Z 
2026-09-10T11:58:57.4280670Z [2026-09-10 11:58:57 +0000] Status=2, isTerminal=NO, Elapsed=02:46.
2026-09-10T11:58:57.4401810Z 	Waiting on Data Migration
2026-09-10T11:58:57.4681340Z 		Reason:Running plugin com.apple.locationd.migrator (CoreLocationMigrator.migrator)
2026-09-10T11:58:57.4849640Z 		Migration Elapsed:02:35 seconds
2026-09-10T11:58:57.5384460Z 
2026-09-10T11:58:58.4321370Z [2026-09-10 11:58:58 +0000] Status=2, isTerminal=NO, Elapsed=02:47.
2026-09-10T11:58:58.4465220Z 	Waiting on Data Migration
2026-09-10T11:58:58.4678460Z 		Reason:Running plugin com.apple.locationd.migrator (CoreLocationMigrator.migrator)
2026-09-10T11:58:58.4783970Z 		Migration Elapsed:02:36 seconds
2026-09-10T11:58:58.4963030Z 
2026-09-10T11:58:59.4174610Z [2026-09-10 11:58:59 +0000] Status=2, isTerminal=NO, Elapsed=02:48.
2026-09-10T11:58:59.4175580Z 	Waiting on Data Migration
2026-09-10T11:58:59.4177220Z 		Reason:Running plugin com.apple.locationd.migrator (CoreLocationMigrator.migrator)
2026-09-10T11:58:59.4179580Z 		Migration Elapsed:02:37 seconds
2026-09-10T11:58:59.4182270Z 
2026-09-10T11:59:00.4155940Z [2026-09-10 11:59:00 +0000] Status=2, isTerminal=NO, Elapsed=02:49.
2026-09-10T11:59:00.4157990Z 	Waiting on Data Migration
2026-09-10T11:59:00.4158520Z 		Reason:Running plugin com.apple.locationd.migrator (CoreLocationMigrator.migrator)
2026-09-10T11:59:00.4159040Z 		Migration Elapsed:02:38 seconds
2026-09-10T11:59:00.4159820Z 
2026-09-10T11:59:01.3932790Z [2026-09-10 11:59:01 +0000] Status=2, isTerminal=NO, Elapsed=02:50.
2026-09-10T11:59:01.3934620Z 	Waiting on Data Migration
2026-09-10T11:59:01.3936480Z 		Reason:Running plugin com.apple.locationd.migrator (CoreLocationMigrator.migrator)
2026-09-10T11:59:01.3937630Z 		Migration Elapsed:02:39 seconds
2026-09-10T11:59:01.3938500Z 
2026-09-10T11:59:02.3696620Z [2026-09-10 11:59:02 +0000] Status=2, isTerminal=NO, Elapsed=02:51.
2026-09-10T11:59:02.3719550Z 	Waiting on Data Migration
2026-09-10T11:59:02.3720560Z 		Reason:Running plugin com.apple.locationd.migrator (CoreLocationMigrator.migrator)
2026-09-10T11:59:02.3721250Z 		Migration Elapsed:02:40 seconds
2026-09-10T11:59:02.3721630Z 
2026-09-10T11:59:03.4234310Z [2026-09-10 11:59:03 +0000] Status=2, isTerminal=NO, Elapsed=02:52.
2026-09-10T11:59:03.4253970Z 	Waiting on Data Migration
2026-09-10T11:59:03.4261900Z 		Reason:Running plugin com.apple.locationd.migrator (CoreLocationMigrator.migrator)
2026-09-10T11:59:03.4330120Z 		Migration Elapsed:02:41 seconds
2026-09-10T11:59:03.4424060Z 
2026-09-10T11:59:04.4332670Z [2026-09-10 11:59:04 +0000] Status=2, isTerminal=NO, Elapsed=02:53.
2026-09-10T11:59:04.4336160Z 	Waiting on Data Migration
2026-09-10T11:59:04.4336660Z 		Reason:Running plugin com.apple.locationd.migrator (CoreLocationMigrator.migrator)
2026-09-10T11:59:04.4345850Z 		Migration Elapsed:02:42 seconds
2026-09-10T11:59:04.4346170Z 
2026-09-10T11:59:05.3860430Z [2026-09-10 11:59:05 +0000] Status=2, isTerminal=NO, Elapsed=02:54.
2026-09-10T11:59:05.3884450Z 	Waiting on Data Migration
2026-09-10T11:59:05.3888550Z 		Reason:Running plugin com.apple.locationd.migrator (CoreLocationMigrator.migrator)
2026-09-10T11:59:05.3996650Z 		Migration Elapsed:02:43 seconds
2026-09-10T11:59:05.4021960Z 
2026-09-10T11:59:06.3773210Z [2026-09-10 11:59:06 +0000] Status=2, isTerminal=NO, Elapsed=02:55.
2026-09-10T11:59:06.3784200Z 	Waiting on Data Migration
2026-09-10T11:59:06.3785070Z 		Reason:Running plugin com.apple.locationd.migrator (CoreLocationMigrator.migrator)
2026-09-10T11:59:06.3786370Z 		Migration Elapsed:02:44 seconds
2026-09-10T11:59:06.3786780Z 
2026-09-10T11:59:07.3808830Z [2026-09-10 11:59:07 +0000] Status=2, isTerminal=NO, Elapsed=02:56.
2026-09-10T11:59:07.3811680Z 	Waiting on Data Migration
2026-09-10T11:59:07.3813050Z 		Reason:Running plugin com.apple.locationd.migrator (CoreLocationMigrator.migrator)
2026-09-10T11:59:07.3814470Z 		Migration Elapsed:02:45 seconds
2026-09-10T11:59:07.3814720Z 
2026-09-10T11:59:08.4059900Z [2026-09-10 11:59:08 +0000] Status=2, isTerminal=NO, Elapsed=02:57.
2026-09-10T11:59:08.4061000Z 	Waiting on Data Migration
2026-09-10T11:59:08.4061780Z 		Reason:Running plugin com.apple.locationd.migrator (CoreLocationMigrator.migrator)
2026-09-10T11:59:08.4062800Z 		Migration Elapsed:02:46 seconds
2026-09-10T11:59:08.4063170Z 
2026-09-10T11:59:09.4580330Z [2026-09-10 11:59:09 +0000] Status=2, isTerminal=NO, Elapsed=02:58.
2026-09-10T11:59:09.4581210Z 	Waiting on Data Migration
2026-09-10T11:59:09.4582670Z 		Reason:Running plugin com.apple.locationd.migrator (CoreLocationMigrator.migrator)
2026-09-10T11:59:09.4583750Z 		Migration Elapsed:02:47 seconds
2026-09-10T11:59:09.4584180Z 
2026-09-10T11:59:10.4173410Z [2026-09-10 11:59:10 +0000] Status=2, isTerminal=NO, Elapsed=02:59.
2026-09-10T11:59:10.4174410Z 	Waiting on Data Migration
2026-09-10T11:59:10.4175550Z 		Reason:Running plugin com.apple.locationd.migrator (CoreLocationMigrator.migrator)
2026-09-10T11:59:10.4176090Z 		Migration Elapsed:02:48 seconds
2026-09-10T11:59:10.4177130Z 
2026-09-10T11:59:11.3866870Z [2026-09-10 11:59:11 +0000] Status=2, isTerminal=NO, Elapsed=03:00.
2026-09-10T11:59:11.3871150Z 	Waiting on Data Migration
2026-09-10T11:59:11.3872980Z 		Reason:Running plugin com.apple.locationd.migrator (CoreLocationMigrator.migrator)
2026-09-10T11:59:11.3873970Z 		Migration Elapsed:02:49 seconds
2026-09-10T11:59:11.3875470Z 
2026-09-10T11:59:12.3613180Z [2026-09-10 11:59:12 +0000] Status=2, isTerminal=NO, Elapsed=03:01.
2026-09-10T11:59:12.3619890Z 	Waiting on Data Migration
2026-09-10T11:59:12.3620400Z 		Reason:Running plugin com.apple.locationd.migrator (CoreLocationMigrator.migrator)
2026-09-10T11:59:12.3624160Z 		Migration Elapsed:02:50 seconds
2026-09-10T11:59:12.3624620Z 
2026-09-10T11:59:13.3999290Z [2026-09-10 11:59:13 +0000] Status=2, isTerminal=NO, Elapsed=03:02.
2026-09-10T11:59:13.3999760Z 	Waiting on Data Migration
2026-09-10T11:59:13.4000240Z 		Reason:Running plugin com.apple.locationd.migrator (CoreLocationMigrator.migrator)
2026-09-10T11:59:13.4000850Z 		Migration Elapsed:02:51 seconds
2026-09-10T11:59:13.4001090Z 
2026-09-10T11:59:14.4029610Z [2026-09-10 11:59:14 +0000] Status=2, isTerminal=NO, Elapsed=03:03.
2026-09-10T11:59:14.4204060Z 	Waiting on Data Migration
2026-09-10T11:59:14.4283170Z 		Reason:Running plugin com.apple.locationd.migrator (CoreLocationMigrator.migrator)
2026-09-10T11:59:14.4287120Z 		Migration Elapsed:02:52 seconds
2026-09-10T11:59:14.4291620Z 
2026-09-10T11:59:15.4289750Z [2026-09-10 11:59:15 +0000] Status=2, isTerminal=NO, Elapsed=03:04.
2026-09-10T11:59:15.4372440Z 	Waiting on Data Migration
2026-09-10T11:59:15.4372930Z 		Reason:Running plugin com.apple.locationd.migrator (CoreLocationMigrator.migrator)
2026-09-10T11:59:15.4379690Z 		Migration Elapsed:02:53 seconds
2026-09-10T11:59:15.4380000Z 
2026-09-10T11:59:16.3631000Z [2026-09-10 11:59:16 +0000] Status=2, isTerminal=NO, Elapsed=03:05.
2026-09-10T11:59:16.4048790Z 	Waiting on Data Migration
2026-09-10T11:59:16.4320350Z 		Reason:Running plugin com.apple.locationd.migrator (CoreLocationMigrator.migrator)
2026-09-10T11:59:16.4429620Z 		Migration Elapsed:02:54 seconds
2026-09-10T11:59:16.4551000Z 
2026-09-10T11:59:17.4019590Z [2026-09-10 11:59:17 +0000] Status=2, isTerminal=NO, Elapsed=03:06.
2026-09-10T11:59:17.4020360Z 	Waiting on Data Migration
2026-09-10T11:59:17.4123360Z 		Reason:Running plugin com.apple.locationd.migrator (CoreLocationMigrator.migrator)
2026-09-10T11:59:17.4226440Z 		Migration Elapsed:02:55 seconds
2026-09-10T11:59:17.4329420Z 
2026-09-10T11:59:18.3863880Z [2026-09-10 11:59:18 +0000] Status=2, isTerminal=NO, Elapsed=03:07.
2026-09-10T11:59:18.3982750Z 	Waiting on Data Migration
2026-09-10T11:59:18.4148900Z 		Reason:Running plugin com.apple.locationd.migrator (CoreLocationMigrator.migrator)
2026-09-10T11:59:18.4155810Z 		Migration Elapsed:02:56 seconds
2026-09-10T11:59:18.4258210Z 
2026-09-10T11:59:19.4006090Z [2026-09-10 11:59:19 +0000] Status=2, isTerminal=NO, Elapsed=03:08.
2026-09-10T11:59:19.4118180Z 	Waiting on Data Migration
2026-09-10T11:59:19.4220840Z 		Reason:Running plugin com.apple.locationd.migrator (CoreLocationMigrator.migrator)
2026-09-10T11:59:19.4390090Z 		Migration Elapsed:02:57 seconds
2026-09-10T11:59:19.4521090Z 
2026-09-10T11:59:20.4093680Z [2026-09-10 11:59:20 +0000] Status=2, isTerminal=NO, Elapsed=03:09.
2026-09-10T11:59:20.4199320Z 	Waiting on Data Migration
2026-09-10T11:59:20.4303930Z 		Reason:Running plugin com.apple.locationd.migrator (CoreLocationMigrator.migrator)
2026-09-10T11:59:20.4405490Z 		Migration Elapsed:02:58 seconds
2026-09-10T11:59:20.4406050Z 
2026-09-10T11:59:21.3850610Z [2026-09-10 11:59:21 +0000] Status=2, isTerminal=NO, Elapsed=03:10.
2026-09-10T11:59:21.3857160Z 	Waiting on Data Migration
2026-09-10T11:59:21.3858160Z 		Reason:Running plugin com.apple.locationd.migrator (CoreLocationMigrator.migrator)
2026-09-10T11:59:21.3858760Z 		Migration Elapsed:02:59 seconds
2026-09-10T11:59:21.3859060Z 
2026-09-10T11:59:22.3892770Z [2026-09-10 11:59:22 +0000] Status=2, isTerminal=NO, Elapsed=03:11.
2026-09-10T11:59:22.3894360Z 	Waiting on Data Migration
2026-09-10T11:59:22.3895420Z 		Reason:Running plugin com.apple.locationd.migrator (CoreLocationMigrator.migrator)
2026-09-10T11:59:22.3896390Z 		Migration Elapsed:03:00 seconds
2026-09-10T11:59:22.3897720Z 
2026-09-10T11:59:23.3837470Z [2026-09-10 11:59:23 +0000] Status=2, isTerminal=NO, Elapsed=03:12.
2026-09-10T11:59:23.3943010Z 	Waiting on Data Migration
2026-09-10T11:59:23.4036550Z 		Reason:Running plugin com.apple.locationd.migrator (CoreLocationMigrator.migrator)
2026-09-10T11:59:23.4040240Z 		Migration Elapsed:03:01 seconds
2026-09-10T11:59:23.4040880Z 
2026-09-10T11:59:24.4129970Z [2026-09-10 11:59:24 +0000] Status=2, isTerminal=NO, Elapsed=03:13.
2026-09-10T11:59:24.4131790Z 	Waiting on Data Migration
2026-09-10T11:59:24.4138540Z 		Reason:Running plugin com.apple.locationd.migrator (CoreLocationMigrator.migrator)
2026-09-10T11:59:24.4139830Z 		Migration Elapsed:03:02 seconds
2026-09-10T11:59:24.4140140Z 
2026-09-10T11:59:25.3930230Z [2026-09-10 11:59:25 +0000] Status=2, isTerminal=NO, Elapsed=03:14.
2026-09-10T11:59:25.3932420Z 	Waiting on Data Migration
2026-09-10T11:59:25.3933570Z 		Reason:Running plugin com.apple.locationd.migrator (CoreLocationMigrator.migrator)
2026-09-10T11:59:25.3934230Z 		Migration Elapsed:03:03 seconds
2026-09-10T11:59:25.3934440Z 
2026-09-10T11:59:26.3771540Z [2026-09-10 11:59:26 +0000] Status=2, isTerminal=NO, Elapsed=03:15.
2026-09-10T11:59:26.3778300Z 	Waiting on Data Migration
2026-09-10T11:59:26.3780830Z 		Reason:Running plugin com.apple.locationd.migrator (CoreLocationMigrator.migrator)
2026-09-10T11:59:26.3790450Z 		Migration Elapsed:03:04 seconds
2026-09-10T11:59:26.3790780Z 
2026-09-10T11:59:27.4037540Z [2026-09-10 11:59:27 +0000] Status=2, isTerminal=NO, Elapsed=03:16.
2026-09-10T11:59:27.4140810Z 	Waiting on Data Migration
2026-09-10T11:59:27.4179090Z 		Reason:Running plugin com.apple.locationd.migrator (CoreLocationMigrator.migrator)
2026-09-10T11:59:27.4179800Z 		Migration Elapsed:03:05 seconds
2026-09-10T11:59:27.4180130Z 
2026-09-10T11:59:28.3930970Z [2026-09-10 11:59:28 +0000] Status=2, isTerminal=NO, Elapsed=03:17.
2026-09-10T11:59:28.3932190Z 	Waiting on Data Migration
2026-09-10T11:59:28.3932870Z 		Reason:Running plugin com.apple.locationd.migrator (CoreLocationMigrator.migrator)
2026-09-10T11:59:28.3941800Z 		Migration Elapsed:03:06 seconds
2026-09-10T11:59:28.3942480Z 
2026-09-10T11:59:29.3870450Z [2026-09-10 11:59:29 +0000] Status=2, isTerminal=NO, Elapsed=03:18.
2026-09-10T11:59:29.3971540Z 	Waiting on Data Migration
2026-09-10T11:59:29.3976650Z 		Reason:Running plugin com.apple.locationd.migrator (CoreLocationMigrator.migrator)
2026-09-10T11:59:29.3990310Z 		Migration Elapsed:03:07 seconds
2026-09-10T11:59:29.3991380Z 
2026-09-10T11:59:30.3995950Z [2026-09-10 11:59:30 +0000] Status=2, isTerminal=NO, Elapsed=03:19.
2026-09-10T11:59:30.3996360Z 	Waiting on Data Migration
2026-09-10T11:59:30.3997150Z 		Reason:Running plugin com.apple.locationd.migrator (CoreLocationMigrator.migrator)
2026-09-10T11:59:30.4006830Z 		Migration Elapsed:03:08 seconds
2026-09-10T11:59:30.4007070Z 
2026-09-10T11:59:31.4254470Z [2026-09-10 11:59:31 +0000] Status=2, isTerminal=NO, Elapsed=03:20.
2026-09-10T11:59:31.4268950Z 	Waiting on Data Migration
2026-09-10T11:59:31.4272610Z 		Reason:Running plugin com.apple.locationd.migrator (CoreLocationMigrator.migrator)
2026-09-10T11:59:31.4276700Z 		Migration Elapsed:03:09 seconds
2026-09-10T11:59:31.4281930Z 
2026-09-10T11:59:32.4000570Z [2026-09-10 11:59:32 +0000] Status=2, isTerminal=NO, Elapsed=03:21.
2026-09-10T11:59:32.4026420Z 	Waiting on Data Migration
2026-09-10T11:59:32.4030990Z 		Reason:Running plugin com.apple.locationd.migrator (CoreLocationMigrator.migrator)
2026-09-10T11:59:32.4031810Z 		Migration Elapsed:03:10 seconds
2026-09-10T11:59:32.4032220Z 
2026-09-10T11:59:33.3593330Z [2026-09-10 11:59:33 +0000] Status=2, isTerminal=NO, Elapsed=03:22.
2026-09-10T11:59:33.3596860Z 	Waiting on Data Migration
2026-09-10T11:59:33.3597360Z 		Reason:Running plugin com.apple.locationd.migrator (CoreLocationMigrator.migrator)
2026-09-10T11:59:33.3597880Z 		Migration Elapsed:03:11 seconds
2026-09-10T11:59:33.3598080Z 
2026-09-10T11:59:34.3541650Z [2026-09-10 11:59:34 +0000] Status=2, isTerminal=NO, Elapsed=03:23.
2026-09-10T11:59:34.3550420Z 	Waiting on Data Migration
2026-09-10T11:59:34.3551560Z 		Reason:Running plugin com.apple.locationd.migrator (CoreLocationMigrator.migrator)
2026-09-10T11:59:34.3555080Z 		Migration Elapsed:03:12 seconds
2026-09-10T11:59:34.3555470Z 
2026-09-10T11:59:35.3918770Z [2026-09-10 11:59:35 +0000] Status=2, isTerminal=NO, Elapsed=03:24.
2026-09-10T11:59:35.3927390Z 	Waiting on Data Migration
2026-09-10T11:59:35.3928090Z 		Reason:Running plugin com.apple.locationd.migrator (CoreLocationMigrator.migrator)
2026-09-10T11:59:35.3931730Z 		Migration Elapsed:03:13 seconds
2026-09-10T11:59:35.3931980Z 
2026-09-10T11:59:36.3925050Z [2026-09-10 11:59:36 +0000] Status=2, isTerminal=NO, Elapsed=03:25.
2026-09-10T11:59:36.3925960Z 	Waiting on Data Migration
2026-09-10T11:59:36.3926600Z 		Reason:Running plugin com.apple.locationd.migrator (CoreLocationMigrator.migrator)
2026-09-10T11:59:36.3930040Z 		Migration Elapsed:03:14 seconds
2026-09-10T11:59:36.3935400Z 
2026-09-10T11:59:37.3604340Z [2026-09-10 11:59:37 +0000] Status=2, isTerminal=NO, Elapsed=03:26.
2026-09-10T11:59:37.3609010Z 	Waiting on Data Migration
2026-09-10T11:59:37.3613090Z 		Reason:Running plugin com.apple.locationd.migrator (CoreLocationMigrator.migrator)
2026-09-10T11:59:37.3614080Z 		Migration Elapsed:03:15 seconds
2026-09-10T11:59:37.3615750Z 
2026-09-10T11:59:38.4254620Z [2026-09-10 11:59:38 +0000] Status=2, isTerminal=NO, Elapsed=03:27.
2026-09-10T11:59:38.4265990Z 	Waiting on Data Migration
2026-09-10T11:59:38.4268490Z 		Reason:Running plugin com.apple.locationd.migrator (CoreLocationMigrator.migrator)
2026-09-10T11:59:38.4273850Z 		Migration Elapsed:03:16 seconds
2026-09-10T11:59:38.4280280Z 
2026-09-10T11:59:39.3961080Z [2026-09-10 11:59:39 +0000] Status=2, isTerminal=NO, Elapsed=03:28.
2026-09-10T11:59:39.3967750Z 	Waiting on Data Migration
2026-09-10T11:59:39.3976460Z 		Reason:Running plugin com.apple.locationd.migrator (CoreLocationMigrator.migrator)
2026-09-10T11:59:39.3976950Z 		Migration Elapsed:03:17 seconds
2026-09-10T11:59:39.3977150Z 
2026-09-10T11:59:40.4132840Z [2026-09-10 11:59:40 +0000] Status=2, isTerminal=NO, Elapsed=03:29.
2026-09-10T11:59:40.4235460Z 	Waiting on Data Migration
2026-09-10T11:59:40.4348120Z 		Reason:Running plugin com.apple.locationd.migrator (CoreLocationMigrator.migrator)
2026-09-10T11:59:40.4447160Z 		Migration Elapsed:03:18 seconds
2026-09-10T11:59:40.4485020Z 
2026-09-10T11:59:41.4149170Z [2026-09-10 11:59:41 +0000] Status=2, isTerminal=NO, Elapsed=03:30.
2026-09-10T11:59:41.4333330Z 	Waiting on Data Migration
2026-09-10T11:59:41.4448550Z 		Reason:Running plugin com.apple.locationd.migrator (CoreLocationMigrator.migrator)
2026-09-10T11:59:41.4548800Z 		Migration Elapsed:03:19 seconds
2026-09-10T11:59:41.4560210Z 
2026-09-10T11:59:42.4476630Z [2026-09-10 11:59:42 +0000] Status=2, isTerminal=NO, Elapsed=03:31.
2026-09-10T11:59:42.4696550Z 	Waiting on Data Migration
2026-09-10T11:59:42.4998780Z 		Reason:Running plugin com.apple.locationd.migrator (CoreLocationMigrator.migrator)
2026-09-10T11:59:42.5001390Z 		Migration Elapsed:03:20 seconds
2026-09-10T11:59:42.5102690Z 
2026-09-10T11:59:43.4304190Z [2026-09-10 11:59:43 +0000] Status=2, isTerminal=NO, Elapsed=03:32.
2026-09-10T11:59:43.4683460Z 	Waiting on Data Migration
2026-09-10T11:59:43.4800350Z 		Reason:Running plugin com.apple.locationd.migrator (CoreLocationMigrator.migrator)
2026-09-10T11:59:43.5117940Z 		Migration Elapsed:03:21 seconds
2026-09-10T11:59:43.5237180Z 
2026-09-10T11:59:44.4059380Z [2026-09-10 11:59:44 +0000] Status=2, isTerminal=NO, Elapsed=03:33.
2026-09-10T11:59:44.4106600Z 	Waiting on Data Migration
2026-09-10T11:59:44.4107790Z 		Reason:Running plugin com.apple.locationd.migrator (CoreLocationMigrator.migrator)
2026-09-10T11:59:44.4108290Z 		Migration Elapsed:03:22 seconds
2026-09-10T11:59:44.4108560Z 
2026-09-10T11:59:45.4382550Z [2026-09-10 11:59:45 +0000] Status=2, isTerminal=NO, Elapsed=03:34.
2026-09-10T11:59:45.4403230Z 	Waiting on Data Migration
2026-09-10T11:59:45.4405350Z 		Reason:Running plugin com.apple.locationd.migrator (CoreLocationMigrator.migrator)
2026-09-10T11:59:45.4413380Z 		Migration Elapsed:03:23 seconds
2026-09-10T11:59:45.4715530Z 
2026-09-10T11:59:46.3864400Z [2026-09-10 11:59:46 +0000] Status=2, isTerminal=NO, Elapsed=03:35.
2026-09-10T11:59:46.3991870Z 	Waiting on Data Migration
2026-09-10T11:59:46.4302010Z 		Reason:Running plugin com.apple.locationd.migrator (CoreLocationMigrator.migrator)
2026-09-10T11:59:46.4390480Z 		Migration Elapsed:03:24 seconds
2026-09-10T11:59:46.4432300Z 
2026-09-10T11:59:47.3975800Z [2026-09-10 11:59:47 +0000] Status=2, isTerminal=NO, Elapsed=03:36.
2026-09-10T11:59:47.3978500Z 	Waiting on Data Migration
2026-09-10T11:59:47.3979300Z 		Reason:Running plugin com.apple.locationd.migrator (CoreLocationMigrator.migrator)
2026-09-10T11:59:47.3984800Z 		Migration Elapsed:03:25 seconds
2026-09-10T11:59:47.4105040Z 
2026-09-10T11:59:48.4231120Z [2026-09-10 11:59:48 +0000] Status=2, isTerminal=NO, Elapsed=03:37.
2026-09-10T11:59:48.4332430Z 	Waiting on Data Migration
2026-09-10T11:59:48.4510330Z 		Reason:Running plugin com.apple.locationd.migrator (CoreLocationMigrator.migrator)
2026-09-10T11:59:48.4611810Z 		Migration Elapsed:03:26 seconds
2026-09-10T11:59:48.4712990Z 
2026-09-10T11:59:49.4078770Z [2026-09-10 11:59:49 +0000] Status=2, isTerminal=NO, Elapsed=03:38.
2026-09-10T11:59:49.4316240Z 	Waiting on Data Migration
2026-09-10T11:59:49.4417840Z 		Reason:Running plugin com.apple.locationd.migrator (CoreLocationMigrator.migrator)
2026-09-10T11:59:49.4546390Z 		Migration Elapsed:03:27 seconds
2026-09-10T11:59:49.4662490Z 
2026-09-10T11:59:50.4337870Z [2026-09-10 11:59:50 +0000] Status=2, isTerminal=NO, Elapsed=03:39.
2026-09-10T11:59:50.4381160Z 	Waiting on Data Migration
2026-09-10T11:59:50.4382060Z 		Reason:Running plugin com.apple.locationd.migrator (CoreLocationMigrator.migrator)
2026-09-10T11:59:50.4389870Z 		Migration Elapsed:03:28 seconds
2026-09-10T11:59:50.4390120Z 
2026-09-10T11:59:51.3793190Z [2026-09-10 11:59:51 +0000] Status=2, isTerminal=NO, Elapsed=03:40.
2026-09-10T11:59:51.3793930Z 	Waiting on Data Migration
2026-09-10T11:59:51.3794420Z 		Reason:Running plugin com.apple.locationd.migrator (CoreLocationMigrator.migrator)
2026-09-10T11:59:51.3794940Z 		Migration Elapsed:03:29 seconds
2026-09-10T11:59:51.3795320Z 
2026-09-10T11:59:52.4270560Z [2026-09-10 11:59:52 +0000] Status=2, isTerminal=NO, Elapsed=03:41.
2026-09-10T11:59:52.4271320Z 	Waiting on Data Migration
2026-09-10T11:59:52.4272140Z 		Reason:Running plugin com.apple.locationd.migrator (CoreLocationMigrator.migrator)
2026-09-10T11:59:52.4272930Z 		Migration Elapsed:03:30 seconds
2026-09-10T11:59:52.4273280Z 
2026-09-10T11:59:53.3811210Z [2026-09-10 11:59:53 +0000] Status=2, isTerminal=NO, Elapsed=03:42.
2026-09-10T11:59:53.3823960Z 	Waiting on Data Migration
2026-09-10T11:59:53.3824660Z 		Reason:Running plugin com.apple.locationd.migrator (CoreLocationMigrator.migrator)
2026-09-10T11:59:53.3825250Z 		Migration Elapsed:03:31 seconds
2026-09-10T11:59:53.3825430Z 
2026-09-10T11:59:54.3866370Z [2026-09-10 11:59:54 +0000] Status=2, isTerminal=NO, Elapsed=03:43.
2026-09-10T11:59:54.3868180Z 	Waiting on Data Migration
2026-09-10T11:59:54.3868790Z 		Reason:Running plugin com.apple.locationd.migrator (CoreLocationMigrator.migrator)
2026-09-10T11:59:54.3869360Z 		Migration Elapsed:03:32 seconds
2026-09-10T11:59:54.3869650Z 
2026-09-10T11:59:55.3726520Z [2026-09-10 11:59:55 +0000] Status=2, isTerminal=NO, Elapsed=03:44.
2026-09-10T11:59:55.3727300Z 	Waiting on Data Migration
2026-09-10T11:59:55.3727840Z 		Reason:Running plugin com.apple.locationd.migrator (CoreLocationMigrator.migrator)
2026-09-10T11:59:55.3728420Z 		Migration Elapsed:03:33 seconds
2026-09-10T11:59:55.3728590Z 
2026-09-10T11:59:56.3837320Z [2026-09-10 11:59:56 +0000] Status=2, isTerminal=NO, Elapsed=03:45.
2026-09-10T11:59:56.3843880Z 	Waiting on Data Migration
2026-09-10T11:59:56.3844770Z 		Reason:Running plugin com.apple.locationd.migrator (CoreLocationMigrator.migrator)
2026-09-10T11:59:56.3845710Z 		Migration Elapsed:03:34 seconds
2026-09-10T11:59:56.3846200Z 
2026-09-10T11:59:57.3871630Z [2026-09-10 11:59:57 +0000] Status=2, isTerminal=NO, Elapsed=03:46.
2026-09-10T11:59:57.3872080Z 	Waiting on Data Migration
2026-09-10T11:59:57.3872530Z 		Reason:Running plugin com.apple.locationd.migrator (CoreLocationMigrator.migrator)
2026-09-10T11:59:57.3873000Z 		Migration Elapsed:03:35 seconds
2026-09-10T11:59:57.3873320Z 
2026-09-10T11:59:58.3854990Z [2026-09-10 11:59:58 +0000] Status=2, isTerminal=NO, Elapsed=03:47.
2026-09-10T11:59:58.3855480Z 	Waiting on Data Migration
2026-09-10T11:59:58.3855870Z 		Reason:Running plugin com.apple.locationd.migrator (CoreLocationMigrator.migrator)
2026-09-10T11:59:58.3856360Z 		Migration Elapsed:03:36 seconds
2026-09-10T11:59:58.3856560Z 
2026-09-10T11:59:59.4028240Z [2026-09-10 11:59:59 +0000] Status=2, isTerminal=NO, Elapsed=03:48.
2026-09-10T11:59:59.4030100Z 	Waiting on Data Migration
2026-09-10T11:59:59.4032410Z 		Reason:Running plugin com.apple.locationd.migrator (CoreLocationMigrator.migrator)
2026-09-10T11:59:59.4034270Z 		Migration Elapsed:03:37 seconds
2026-09-10T11:59:59.4034760Z 
2026-09-10T12:00:00.5175660Z [2026-09-10 12:00:00 +0000] Status=2, isTerminal=NO, Elapsed=03:49.
2026-09-10T12:00:00.5177670Z 	Waiting on Data Migration
2026-09-10T12:00:00.5179020Z 		Reason:Running plugin com.apple.locationd.migrator (CoreLocationMigrator.migrator)
2026-09-10T12:00:00.5184580Z 		Migration Elapsed:03:38 seconds
2026-09-10T12:00:00.5189290Z 
2026-09-10T12:00:01.3725780Z [2026-09-10 12:00:01 +0000] Status=2, isTerminal=NO, Elapsed=03:50.
2026-09-10T12:00:01.3726320Z 	Waiting on Data Migration
2026-09-10T12:00:01.3726870Z 		Reason:Running plugin com.apple.locationd.migrator (CoreLocationMigrator.migrator)
2026-09-10T12:00:01.3727510Z 		Migration Elapsed:03:39 seconds
2026-09-10T12:00:01.3727740Z 
2026-09-10T12:00:02.3728080Z [2026-09-10 12:00:02 +0000] Status=2, isTerminal=NO, Elapsed=03:51.
2026-09-10T12:00:02.3731660Z 	Waiting on Data Migration
2026-09-10T12:00:02.3732220Z 		Reason:Running plugin com.apple.locationd.migrator (CoreLocationMigrator.migrator)
2026-09-10T12:00:02.3732910Z 		Migration Elapsed:03:40 seconds
2026-09-10T12:00:02.3733120Z 
2026-09-10T12:00:03.3705290Z [2026-09-10 12:00:03 +0000] Status=2, isTerminal=NO, Elapsed=03:52.
2026-09-10T12:00:03.3707750Z 	Waiting on Data Migration
2026-09-10T12:00:03.3708350Z 		Reason:Running plugin com.apple.locationd.migrator (CoreLocationMigrator.migrator)
2026-09-10T12:00:03.3711310Z 		Migration Elapsed:03:41 seconds
2026-09-10T12:00:03.3711710Z 
2026-09-10T12:00:04.4479790Z [2026-09-10 12:00:04 +0000] Status=2, isTerminal=NO, Elapsed=03:53.
2026-09-10T12:00:04.4480220Z 	Waiting on Data Migration
2026-09-10T12:00:04.4480750Z 		Reason:Running plugin com.apple.locationd.migrator (CoreLocationMigrator.migrator)
2026-09-10T12:00:04.4481180Z 		Migration Elapsed:03:42 seconds
2026-09-10T12:00:04.4481380Z 
2026-09-10T12:00:05.4268140Z [2026-09-10 12:00:05 +0000] Status=2, isTerminal=NO, Elapsed=03:54.
2026-09-10T12:00:05.4269580Z 	Waiting on Data Migration
2026-09-10T12:00:05.4271350Z 		Reason:Running plugin com.apple.locationd.migrator (CoreLocationMigrator.migrator)
2026-09-10T12:00:05.4276510Z 		Migration Elapsed:03:43 seconds
2026-09-10T12:00:05.4276970Z 
2026-09-10T12:00:06.4158330Z [2026-09-10 12:00:06 +0000] Status=2, isTerminal=NO, Elapsed=03:55.
2026-09-10T12:00:06.4230030Z 	Waiting on Data Migration
2026-09-10T12:00:06.4231120Z 		Reason:Running plugin com.apple.locationd.migrator (CoreLocationMigrator.migrator)
2026-09-10T12:00:06.4232020Z 		Migration Elapsed:03:44 seconds
2026-09-10T12:00:06.4238010Z 
2026-09-10T12:00:07.4129370Z [2026-09-10 12:00:07 +0000] Status=2, isTerminal=NO, Elapsed=03:56.
2026-09-10T12:00:07.4131120Z 	Waiting on Data Migration
2026-09-10T12:00:07.4152870Z 		Reason:Running plugin com.apple.locationd.migrator (CoreLocationMigrator.migrator)
2026-09-10T12:00:07.4154610Z 		Migration Elapsed:03:45 seconds
2026-09-10T12:00:07.4154940Z 
2026-09-10T12:00:08.4229020Z [2026-09-10 12:00:08 +0000] Status=2, isTerminal=NO, Elapsed=03:57.
2026-09-10T12:00:08.4230010Z 	Waiting on Data Migration
2026-09-10T12:00:08.4243050Z 		Reason:Running plugin com.apple.locationd.migrator (CoreLocationMigrator.migrator)
2026-09-10T12:00:08.4254370Z 		Migration Elapsed:03:46 seconds
2026-09-10T12:00:08.4255070Z 
2026-09-10T12:00:09.4127680Z [2026-09-10 12:00:09 +0000] Status=2, isTerminal=NO, Elapsed=03:58.
2026-09-10T12:00:09.4128980Z 	Waiting on Data Migration
2026-09-10T12:00:09.4130710Z 		Reason:Running plugin com.apple.locationd.migrator (CoreLocationMigrator.migrator)
2026-09-10T12:00:09.4131290Z 		Migration Elapsed:03:47 seconds
2026-09-10T12:00:09.4131540Z 
2026-09-10T12:00:10.4174220Z [2026-09-10 12:00:10 +0000] Status=2, isTerminal=NO, Elapsed=03:59.
2026-09-10T12:00:10.4205090Z 	Waiting on Data Migration
2026-09-10T12:00:10.4208350Z 		Reason:Running plugin com.apple.locationd.migrator (CoreLocationMigrator.migrator)
2026-09-10T12:00:10.4211660Z 		Migration Elapsed:03:48 seconds
2026-09-10T12:00:10.4212370Z 
2026-09-10T12:00:11.4111100Z [2026-09-10 12:00:11 +0000] Status=2, isTerminal=NO, Elapsed=04:00.
2026-09-10T12:00:11.4111590Z 	Waiting on Data Migration
2026-09-10T12:00:11.4111970Z 		Reason:Running plugin com.apple.locationd.migrator (CoreLocationMigrator.migrator)
2026-09-10T12:00:11.4116720Z 		Migration Elapsed:03:49 seconds
2026-09-10T12:00:11.4117000Z 
2026-09-10T12:00:12.4233720Z [2026-09-10 12:00:12 +0000] Status=2, isTerminal=NO, Elapsed=04:01.
2026-09-10T12:00:12.4252610Z 	Waiting on Data Migration
2026-09-10T12:00:12.4253110Z 		Reason:Running plugin com.apple.locationd.migrator (CoreLocationMigrator.migrator)
2026-09-10T12:00:12.4259690Z 		Migration Elapsed:03:50 seconds
2026-09-10T12:00:12.4260060Z 
2026-09-10T12:00:13.3948520Z [2026-09-10 12:00:13 +0000] Status=2, isTerminal=NO, Elapsed=04:02.
2026-09-10T12:00:13.3952340Z 	Waiting on Data Migration
2026-09-10T12:00:13.3959990Z 		Reason:Running plugin com.apple.locationd.migrator (CoreLocationMigrator.migrator)
2026-09-10T12:00:13.3960630Z 		Migration Elapsed:03:51 seconds
2026-09-10T12:00:13.3960800Z 
2026-09-10T12:00:14.3995320Z [2026-09-10 12:00:14 +0000] Status=2, isTerminal=NO, Elapsed=04:03.
2026-09-10T12:00:14.4001240Z 	Waiting on Data Migration
2026-09-10T12:00:14.4117990Z 		Reason:Running plugin com.apple.locationd.migrator (CoreLocationMigrator.migrator)
2026-09-10T12:00:14.4130520Z 		Migration Elapsed:03:52 seconds
2026-09-10T12:00:14.4138750Z 
2026-09-10T12:00:15.3889360Z [2026-09-10 12:00:15 +0000] Status=2, isTerminal=NO, Elapsed=04:04.
2026-09-10T12:00:15.3990980Z 	Waiting on Data Migration
2026-09-10T12:00:15.4102800Z 		Reason:Running plugin com.apple.locationd.migrator (CoreLocationMigrator.migrator)
2026-09-10T12:00:15.4106300Z 		Migration Elapsed:03:53 seconds
2026-09-10T12:00:15.4212490Z 
2026-09-10T12:00:16.3623040Z [2026-09-10 12:00:16 +0000] Status=2, isTerminal=NO, Elapsed=04:05.
2026-09-10T12:00:16.3623660Z 	Waiting on Data Migration
2026-09-10T12:00:16.3624310Z 		Reason:Running plugin com.apple.locationd.migrator (CoreLocationMigrator.migrator)
2026-09-10T12:00:16.3624920Z 		Migration Elapsed:03:54 seconds
2026-09-10T12:00:16.3625210Z 
2026-09-10T12:00:17.3633450Z [2026-09-10 12:00:17 +0000] Status=2, isTerminal=NO, Elapsed=04:06.
2026-09-10T12:00:17.3634140Z 	Waiting on Data Migration
2026-09-10T12:00:17.3634810Z 		Reason:Running plugin com.apple.locationd.migrator (CoreLocationMigrator.migrator)
2026-09-10T12:00:17.3635460Z 		Migration Elapsed:03:55 seconds
2026-09-10T12:00:17.3635820Z 
2026-09-10T12:00:18.3842130Z [2026-09-10 12:00:18 +0000] Status=2, isTerminal=NO, Elapsed=04:07.
2026-09-10T12:00:18.3859120Z 	Waiting on Data Migration
2026-09-10T12:00:18.3859780Z 		Reason:Running plugin com.apple.locationd.migrator (CoreLocationMigrator.migrator)
2026-09-10T12:00:18.3860360Z 		Migration Elapsed:03:56 seconds
2026-09-10T12:00:18.3860710Z 
2026-09-10T12:00:20.5528850Z [2026-09-10 12:00:20 +0000] Status=2, isTerminal=NO, Elapsed=04:09.
2026-09-10T12:00:20.6349820Z 	Waiting on Data Migration
2026-09-10T12:00:20.6356780Z 		Reason:Running plugin com.apple.locationd.migrator (CoreLocationMigrator.migrator)
2026-09-10T12:00:20.7160220Z 		Migration Elapsed:03:57 seconds
2026-09-10T12:00:20.7972140Z 
2026-09-10T12:00:21.7738510Z [2026-09-10 12:00:21 +0000] Status=2, isTerminal=NO, Elapsed=04:10.
2026-09-10T12:00:21.9367940Z 	Waiting on Data Migration
2026-09-10T12:00:22.0208420Z 		Reason:Running plugin com.apple.locationd.migrator (CoreLocationMigrator.migrator)
2026-09-10T12:00:22.0210930Z 		Migration Elapsed:03:58 seconds
2026-09-10T12:00:22.1013630Z 
2026-09-10T12:00:22.5929630Z [2026-09-10 12:00:22 +0000] Status=2, isTerminal=NO, Elapsed=04:11.
2026-09-10T12:00:22.6752970Z 	Waiting on Data Migration
2026-09-10T12:00:22.8387130Z 		Reason:Running plugin com.apple.locationd.migrator (CoreLocationMigrator.migrator)
2026-09-10T12:00:22.8388780Z 		Migration Elapsed:03:59 seconds
2026-09-10T12:00:22.9191410Z 
2026-09-10T12:00:23.0831080Z [2026-09-10 12:00:23 +0000] Status=2, isTerminal=NO, Elapsed=04:11.
2026-09-10T12:00:23.1642610Z 	Waiting on Data Migration
2026-09-10T12:00:23.2479090Z 		Reason:Running plugin com.apple.CloudTabsMigrator.migrator (CloudTabsMigrator.migrator)
2026-09-10T12:00:23.2482140Z 		Migration Elapsed:04:00 seconds
2026-09-10T12:00:23.3299890Z 
2026-09-10T12:00:24.8979230Z [2026-09-10 12:00:24 +0000] Status=2, isTerminal=NO, Elapsed=04:13.
2026-09-10T12:00:24.9151940Z 	Waiting on Data Migration
2026-09-10T12:00:24.9157140Z 		Reason:Running plugin com.apple.preferences.InternationalSupportMigrator (InternationalSupportMigrator.migrator)
2026-09-10T12:00:24.9941080Z 		Migration Elapsed:04:01 seconds
2026-09-10T12:00:25.2571540Z 
2026-09-10T12:00:29.3409810Z [2026-09-10 12:00:29 +0000] Status=4, isTerminal=NO, Elapsed=04:18.
2026-09-10T12:00:29.3410420Z 	Waiting on System App
2026-09-10T12:00:29.4223190Z 
2026-09-10T12:00:29.5871380Z [2026-09-10 12:00:29 +0000] Status=4, isTerminal=NO, Elapsed=04:18.
2026-09-10T12:00:29.8350000Z 	Waiting on System App
2026-09-10T12:00:29.8351380Z 
2026-09-10T12:00:29.9971360Z [2026-09-10 12:00:29 +0000] Status=4, isTerminal=NO, Elapsed=04:18.
2026-09-10T12:00:30.0767150Z 	Waiting on System App
2026-09-10T12:00:30.1585930Z 
2026-09-10T12:00:30.8913610Z [2026-09-10 12:00:30 +0000] Status=4, isTerminal=NO, Elapsed=04:19.
2026-09-10T12:00:30.9715950Z 	Waiting on System App
2026-09-10T12:00:31.0557300Z 
2026-09-10T12:00:31.6764130Z [2026-09-10 12:00:31 +0000] Status=4, isTerminal=NO, Elapsed=04:20.
2026-09-10T12:00:31.6766180Z 	Waiting on System App
2026-09-10T12:00:31.6766690Z 
2026-09-10T12:00:32.5423640Z [2026-09-10 12:00:32 +0000] Status=4, isTerminal=NO, Elapsed=04:21.
2026-09-10T12:00:32.6424450Z 	Waiting on System App
2026-09-10T12:00:32.6689410Z 
2026-09-10T12:00:33.5691060Z [2026-09-10 12:00:33 +0000] Status=4, isTerminal=NO, Elapsed=04:22.
2026-09-10T12:00:33.5795170Z 	Waiting on System App
2026-09-10T12:00:33.5985810Z 
2026-09-10T12:00:34.4655150Z [2026-09-10 12:00:34 +0000] Status=4, isTerminal=NO, Elapsed=04:23.
2026-09-10T12:00:34.4760390Z 	Waiting on System App
2026-09-10T12:00:34.4882820Z 
2026-09-10T12:00:38.8151390Z [2026-09-10 12:00:37 +0000] Status=4, isTerminal=NO, Elapsed=04:26.
2026-09-10T12:00:39.3782320Z 	Waiting on System App
2026-09-10T12:00:40.0731000Z 
2026-09-10T12:00:48.5324260Z [2026-09-10 12:00:45 +0000] Status=4294967295, isTerminal=YES, Elapsed=04:33.
2026-09-10T12:00:49.8536730Z 	Finished
2026-09-10T12:00:50.9603700Z 
2026-09-10T12:01:08.5094230Z Command line invocation:
2026-09-10T12:01:08.5100860Z     /Applications/Xcode_26.4.1.app/Contents/Developer/usr/bin/xcodebuild test -project /Users/runner/work/PartyDeck/PartyDeck/godot/ios-host/RetainedHost.xcodeproj -scheme RetainedHost -configuration Debug -destination "platform=iOS Simulator,id=6762BD8F-E960-4E21-B8DB-9D43947B47AF" -derivedDataPath /Users/runner/work/PartyDeck/PartyDeck/godot/ios-host/build/retained-host-test/DerivedData -resultBundlePath /Users/runner/work/PartyDeck/PartyDeck/godot/ios-host/build/retained-host-test/artifacts/RetainedHost.xcresult -parallel-testing-enabled NO CODE_SIGNING_ALLOWED=NO LD_MAP_FILE_PATH=/Users/runner/work/PartyDeck/PartyDeck/godot/ios-host/build/retained-host-test/evidence/RetainedHost-LinkMap.txt
2026-09-10T12:01:08.5105030Z 
2026-09-10T12:01:08.5105340Z Build settings from command line:
2026-09-10T12:01:08.5106250Z     CODE_SIGNING_ALLOWED = NO
2026-09-10T12:01:08.5107160Z     LD_MAP_FILE_PATH = /Users/runner/work/PartyDeck/PartyDeck/godot/ios-host/build/retained-host-test/evidence/RetainedHost-LinkMap.txt
2026-09-10T12:01:08.5108510Z 
2026-09-10T12:01:17.4701500Z Writing result bundle at path:
2026-09-10T12:01:17.4702620Z 	/Users/runner/work/PartyDeck/PartyDeck/godot/ios-host/build/retained-host-test/artifacts/RetainedHost.xcresult
2026-09-10T12:01:17.4703180Z 
2026-09-10T12:01:27.5769500Z ComputePackagePrebuildTargetDependencyGraph
2026-09-10T12:01:27.7784120Z 
2026-09-10T12:01:27.7839620Z Prepare packages
2026-09-10T12:01:27.7859340Z 
2026-09-10T12:01:27.7937770Z CreateBuildRequest
2026-09-10T12:01:27.8142930Z 
2026-09-10T12:01:27.8161200Z SendProjectDescription
2026-09-10T12:01:27.8262120Z 
2026-09-10T12:01:27.8363250Z CreateBuildOperation
2026-09-10T12:01:27.8464270Z 
2026-09-10T12:01:27.8660010Z ComputeTargetDependencyGraph
2026-09-10T12:01:27.8762990Z note: Building targets in dependency order
2026-09-10T12:01:27.8871290Z note: Target dependency graph (2 targets)
2026-09-10T12:01:27.9007320Z     Target 'RetainedHostUITests' in project 'RetainedHost'
2026-09-10T12:01:27.9206600Z         ➜ Explicit dependency on target 'RetainedHost' in project 'RetainedHost'
2026-09-10T12:01:27.9210640Z     Target 'RetainedHost' in project 'RetainedHost' (no dependencies)
2026-09-10T12:01:27.9313670Z 
2026-09-10T12:01:27.9612830Z GatherProvisioningInputs
2026-09-10T12:01:27.9750710Z 
2026-09-10T12:01:27.9855160Z CreateBuildDescription
2026-09-10T12:01:27.9957530Z 
2026-09-10T12:01:28.0192420Z ExecuteExternalTool /Applications/Xcode_26.4.1.app/Contents/Developer/Toolchains/XcodeDefault.xctoolchain/usr/bin/swiftc --version
2026-09-10T12:01:30.3750530Z 
2026-09-10T12:01:30.3758510Z ExecuteExternalTool /Applications/Xcode_26.4.1.app/Contents/Developer/Toolchains/XcodeDefault.xctoolchain/usr/bin/clang -v -E -dM -isysroot /Applications/Xcode_26.4.1.app/Contents/Developer/Platforms/iPhoneSimulator.platform/Developer/SDKs/iPhoneSimulator26.4.sdk -x c -c /dev/null
2026-09-10T12:01:30.3765040Z 
2026-09-10T12:01:30.4150590Z ExecuteExternalTool /Applications/Xcode_26.4.1.app/Contents/Developer/Toolchains/XcodeDefault.xctoolchain/usr/bin/ld -version_details
2026-09-10T12:01:30.8315710Z 
2026-09-10T12:01:30.8917820Z Build description signature: 72d45f4cf00515c54b6c552b46bb0ed2
2026-09-10T12:01:30.8919350Z Build description path: /Users/runner/work/PartyDeck/PartyDeck/godot/ios-host/build/retained-host-test/DerivedData/Build/Intermediates.noindex/XCBuildData/72d45f4cf00515c54b6c552b46bb0ed2.xcbuilddata
2026-09-10T12:01:31.0376080Z ClangStatCache /Applications/Xcode_26.4.1.app/Contents/Developer/Toolchains/XcodeDefault.xctoolchain/usr/bin/clang-stat-cache /Applications/Xcode_26.4.1.app/Contents/Developer/Platforms/iPhoneSimulator.platform/Developer/SDKs/iPhoneSimulator26.4.sdk /Users/runner/work/PartyDeck/PartyDeck/godot/ios-host/build/retained-host-test/DerivedData/SDKStatCaches.noindex/iphonesimulator26.4-23E252-688ef53f1462e2c8f657fdc38a81448f893e4a944e4cdd9af1f5077e1341bc52.sdkstatcache
2026-09-10T12:01:31.0379060Z     cd /Users/runner/work/PartyDeck/PartyDeck/godot/ios-host/RetainedHost.xcodeproj
2026-09-10T12:01:31.0386080Z     /Applications/Xcode_26.4.1.app/Contents/Developer/Toolchains/XcodeDefault.xctoolchain/usr/bin/clang-stat-cache /Applications/Xcode_26.4.1.app/Contents/Developer/Platforms/iPhoneSimulator.platform/Developer/SDKs/iPhoneSimulator26.4.sdk -o /Users/runner/work/PartyDeck/PartyDeck/godot/ios-host/build/retained-host-test/DerivedData/SDKStatCaches.noindex/iphonesimulator26.4-23E252-688ef53f1462e2c8f657fdc38a81448f893e4a944e4cdd9af1f5077e1341bc52.sdkstatcache
2026-09-10T12:01:31.1708070Z 
2026-09-10T12:01:31.1811630Z ProcessInfoPlistFile /Users/runner/work/PartyDeck/PartyDeck/godot/ios-host/build/retained-host-test/DerivedData/Build/Products/Debug-iphonesimulator/RetainedHost.app/Info.plist /Users/runner/work/PartyDeck/PartyDeck/godot/ios-host/RetainedHost/Info.plist (in target 'RetainedHost' from project 'RetainedHost')
2026-09-10T12:01:31.1828580Z     cd /Users/runner/work/PartyDeck/PartyDeck/godot/ios-host
2026-09-10T12:01:31.1893990Z     builtin-infoPlistUtility /Users/runner/work/PartyDeck/PartyDeck/godot/ios-host/RetainedHost/Info.plist -producttype com.apple.product-type.application -genpkginfo /Users/runner/work/PartyDeck/PartyDeck/godot/ios-host/build/retained-host-test/DerivedData/Build/Products/Debug-iphonesimulator/RetainedHost.app/PkgInfo -expandbuildsettings -format binary -platform iphonesimulator -o /Users/runner/work/PartyDeck/PartyDeck/godot/ios-host/build/retained-host-test/DerivedData/Build/Products/Debug-iphonesimulator/RetainedHost.app/Info.plist
2026-09-10T12:01:31.1910690Z 
2026-09-10T12:01:31.1921430Z WriteAuxiliaryFile /Users/runner/work/PartyDeck/PartyDeck/godot/ios-host/build/retained-host-test/DerivedData/Build/Intermediates.noindex/RetainedHost.build/Debug-iphonesimulator/RetainedHostUITests.build/RetainedHostUITests.hmap (in target 'RetainedHostUITests' from project 'RetainedHost')
2026-09-10T12:01:31.1928580Z     cd /Users/runner/work/PartyDeck/PartyDeck/godot/ios-host
2026-09-10T12:01:31.1934450Z     write-file /Users/runner/work/PartyDeck/PartyDeck/godot/ios-host/build/retained-host-test/DerivedData/Build/Intermediates.noindex/RetainedHost.build/Debug-iphonesimulator/RetainedHostUITests.build/RetainedHostUITests.hmap
2026-09-10T12:01:31.1944860Z 
2026-09-10T12:01:31.1947700Z WriteAuxiliaryFile /Users/runner/work/PartyDeck/PartyDeck/godot/ios-host/build/retained-host-test/DerivedData/Build/Intermediates.noindex/RetainedHost.build/Debug-iphonesimulator/RetainedHostUITests.build/RetainedHostUITests.DependencyStaticMetadataFileList (in target 'RetainedHostUITests' from project 'RetainedHost')
2026-09-10T12:01:31.1950030Z     cd /Users/runner/work/PartyDeck/PartyDeck/godot/ios-host
2026-09-10T12:01:31.1952640Z     write-file /Users/runner/work/PartyDeck/PartyDeck/godot/ios-host/build/retained-host-test/DerivedData/Build/Intermediates.noindex/RetainedHost.build/Debug-iphonesimulator/RetainedHostUITests.build/RetainedHostUITests.DependencyStaticMetadataFileList
2026-09-10T12:01:31.1954380Z 
2026-09-10T12:01:31.1957150Z WriteAuxiliaryFile /Users/runner/work/PartyDeck/PartyDeck/godot/ios-host/build/retained-host-test/DerivedData/Build/Intermediates.noindex/RetainedHost.build/Debug-iphonesimulator/RetainedHostUITests.build/empty-RetainedHostUITests.plist (in target 'RetainedHostUITests' from project 'RetainedHost')
2026-09-10T12:01:31.1960760Z     cd /Users/runner/work/PartyDeck/PartyDeck/godot/ios-host
2026-09-10T12:01:31.1963700Z     write-file /Users/runner/work/PartyDeck/PartyDeck/godot/ios-host/build/retained-host-test/DerivedData/Build/Intermediates.noindex/RetainedHost.build/Debug-iphonesimulator/RetainedHostUITests.build/empty-RetainedHostUITests.plist
2026-09-10T12:01:31.1966500Z 
2026-09-10T12:01:31.1969190Z WriteAuxiliaryFile /Users/runner/work/PartyDeck/PartyDeck/godot/ios-host/build/retained-host-test/DerivedData/Build/Intermediates.noindex/RetainedHost.build/Debug-iphonesimulator/RetainedHostUITests.build/RetainedHostUITests.DependencyMetadataFileList (in target 'RetainedHostUITests' from project 'RetainedHost')
2026-09-10T12:01:31.1973400Z     cd /Users/runner/work/PartyDeck/PartyDeck/godot/ios-host
2026-09-10T12:01:31.1978680Z     write-file /Users/runner/work/PartyDeck/PartyDeck/godot/ios-host/build/retained-host-test/DerivedData/Build/Intermediates.noindex/RetainedHost.build/Debug-iphonesimulator/RetainedHostUITests.build/RetainedHostUITests.DependencyMetadataFileList
2026-09-10T12:01:31.1979710Z 
2026-09-10T12:01:31.1981280Z WriteAuxiliaryFile /Users/runner/work/PartyDeck/PartyDeck/godot/ios-host/build/retained-host-test/DerivedData/Build/Intermediates.noindex/RetainedHost.build/Debug-iphonesimulator/RetainedHostUITests.build/RetainedHostUITests-project-headers.hmap (in target 'RetainedHostUITests' from project 'RetainedHost')
2026-09-10T12:01:31.1982890Z     cd /Users/runner/work/PartyDeck/PartyDeck/godot/ios-host
2026-09-10T12:01:31.1984430Z     write-file /Users/runner/work/PartyDeck/PartyDeck/godot/ios-host/build/retained-host-test/DerivedData/Build/Intermediates.noindex/RetainedHost.build/Debug-iphonesimulator/RetainedHostUITests.build/RetainedHostUITests-project-headers.hmap
2026-09-10T12:01:31.1985360Z 
2026-09-10T12:01:31.1986610Z WriteAuxiliaryFile /Users/runner/work/PartyDeck/PartyDeck/godot/ios-host/build/retained-host-test/DerivedData/Build/Intermediates.noindex/RetainedHost.build/Debug-iphonesimulator/RetainedHostUITests.build/RetainedHostUITests-own-target-headers.hmap (in target 'RetainedHostUITests' from project 'RetainedHost')
2026-09-10T12:01:31.1988060Z     cd /Users/runner/work/PartyDeck/PartyDeck/godot/ios-host
2026-09-10T12:01:31.1989440Z     write-file /Users/runner/work/PartyDeck/PartyDeck/godot/ios-host/build/retained-host-test/DerivedData/Build/Intermediates.noindex/RetainedHost.build/Debug-iphonesimulator/RetainedHostUITests.build/RetainedHostUITests-own-target-headers.hmap
2026-09-10T12:01:31.1990530Z 
2026-09-10T12:01:31.1992650Z WriteAuxiliaryFile /Users/runner/work/PartyDeck/PartyDeck/godot/ios-host/build/retained-host-test/DerivedData/Build/Intermediates.noindex/RetainedHost.build/Debug-iphonesimulator/RetainedHostUITests.build/RetainedHostUITests-generated-files.hmap (in target 'RetainedHostUITests' from project 'RetainedHost')
2026-09-10T12:01:31.1994640Z     cd /Users/runner/work/PartyDeck/PartyDeck/godot/ios-host
2026-09-10T12:01:31.1996420Z     write-file /Users/runner/work/PartyDeck/PartyDeck/godot/ios-host/build/retained-host-test/DerivedData/Build/Intermediates.noindex/RetainedHost.build/Debug-iphonesimulator/RetainedHostUITests.build/RetainedHostUITests-generated-files.hmap
2026-09-10T12:01:31.1997460Z 
2026-09-10T12:01:31.1999210Z WriteAuxiliaryFile /Users/runner/work/PartyDeck/PartyDeck/godot/ios-host/build/retained-host-test/DerivedData/Build/Intermediates.noindex/RetainedHost.build/Debug-iphonesimulator/RetainedHostUITests.build/RetainedHostUITests-all-target-headers.hmap (in target 'RetainedHostUITests' from project 'RetainedHost')
2026-09-10T12:01:31.2000860Z     cd /Users/runner/work/PartyDeck/PartyDeck/godot/ios-host
2026-09-10T12:01:31.2002150Z     write-file /Users/runner/work/PartyDeck/PartyDeck/godot/ios-host/build/retained-host-test/DerivedData/Build/Intermediates.noindex/RetainedHost.build/Debug-iphonesimulator/RetainedHostUITests.build/RetainedHostUITests-all-target-headers.hmap
2026-09-10T12:01:31.2003360Z 
2026-09-10T12:01:31.2004730Z WriteAuxiliaryFile /Users/runner/work/PartyDeck/PartyDeck/godot/ios-host/build/retained-host-test/DerivedData/Build/Intermediates.noindex/RetainedHost.build/Debug-iphonesimulator/RetainedHostUITests.build/RetainedHostUITests-all-non-framework-target-headers.hmap (in target 'RetainedHostUITests' from project 'RetainedHost')
2026-09-10T12:01:31.2006400Z     cd /Users/runner/work/PartyDeck/PartyDeck/godot/ios-host
2026-09-10T12:01:31.2007760Z     write-file /Users/runner/work/PartyDeck/PartyDeck/godot/ios-host/build/retained-host-test/DerivedData/Build/Intermediates.noindex/RetainedHost.build/Debug-iphonesimulator/RetainedHostUITests.build/RetainedHostUITests-all-non-framework-target-headers.hmap
2026-09-10T12:01:31.2008890Z 
2026-09-10T12:01:31.2009970Z WriteAuxiliaryFile /Users/runner/work/PartyDeck/PartyDeck/godot/ios-host/build/retained-host-test/DerivedData/Build/Intermediates.noindex/RetainedHost.build/Debug-iphonesimulator/RetainedHostUITests.build/ProductTypeInfoPlistAdditions.plist (in target 'RetainedHostUITests' from project 'RetainedHost')
2026-09-10T12:01:31.2011840Z     cd /Users/runner/work/PartyDeck/PartyDeck/godot/ios-host
2026-09-10T12:01:31.2013230Z     write-file /Users/runner/work/PartyDeck/PartyDeck/godot/ios-host/build/retained-host-test/DerivedData/Build/Intermediates.noindex/RetainedHost.build/Debug-iphonesimulator/RetainedHostUITests.build/ProductTypeInfoPlistAdditions.plist
2026-09-10T12:01:31.2031610Z 
2026-09-10T12:01:31.2034790Z WriteAuxiliaryFile /Users/runner/work/PartyDeck/PartyDeck/godot/ios-host/build/retained-host-test/DerivedData/Build/Intermediates.noindex/RetainedHost.build/Debug-iphonesimulator/RetainedHostUITests.build/Objects-normal/arm64/RetainedHostUITests_const_extract_protocols.json (in target 'RetainedHostUITests' from project 'RetainedHost')
2026-09-10T12:01:31.2037740Z     cd /Users/runner/work/PartyDeck/PartyDeck/godot/ios-host
2026-09-10T12:01:31.2039460Z     write-file /Users/runner/work/PartyDeck/PartyDeck/godot/ios-host/build/retained-host-test/DerivedData/Build/Intermediates.noindex/RetainedHost.build/Debug-iphonesimulator/RetainedHostUITests.build/Objects-normal/arm64/RetainedHostUITests_const_extract_protocols.json
2026-09-10T12:01:31.2040580Z 
2026-09-10T12:01:31.2045780Z WriteAuxiliaryFile /Users/runner/work/PartyDeck/PartyDeck/godot/ios-host/build/retained-host-test/DerivedData/Build/Intermediates.noindex/RetainedHost.build/Debug-iphonesimulator/RetainedHostUITests.build/Objects-normal/arm64/RetainedHostUITests.SwiftFileList (in target 'RetainedHostUITests' from project 'RetainedHost')
2026-09-10T12:01:31.2052640Z     cd /Users/runner/work/PartyDeck/PartyDeck/godot/ios-host
2026-09-10T12:01:31.2054080Z     write-file /Users/runner/work/PartyDeck/PartyDeck/godot/ios-host/build/retained-host-test/DerivedData/Build/Intermediates.noindex/RetainedHost.build/Debug-iphonesimulator/RetainedHostUITests.build/Objects-normal/arm64/RetainedHostUITests.SwiftFileList
2026-09-10T12:01:31.2064990Z 
2026-09-10T12:01:31.2069400Z WriteAuxiliaryFile /Users/runner/work/PartyDeck/PartyDeck/godot/ios-host/build/retained-host-test/DerivedData/Build/Intermediates.noindex/RetainedHost.build/Debug-iphonesimulator/RetainedHostUITests.build/Objects-normal/arm64/RetainedHostUITests.SwiftConstValuesFileList (in target 'RetainedHostUITests' from project 'RetainedHost')
2026-09-10T12:01:31.2071960Z     cd /Users/runner/work/PartyDeck/PartyDeck/godot/ios-host
2026-09-10T12:01:31.2086020Z     write-file /Users/runner/work/PartyDeck/PartyDeck/godot/ios-host/build/retained-host-test/DerivedData/Build/Intermediates.noindex/RetainedHost.build/Debug-iphonesimulator/RetainedHostUITests.build/Objects-normal/arm64/RetainedHostUITests.SwiftConstValuesFileList
2026-09-10T12:01:31.2089140Z 
2026-09-10T12:01:31.2093820Z WriteAuxiliaryFile /Users/runner/work/PartyDeck/PartyDeck/godot/ios-host/build/retained-host-test/DerivedData/Build/Intermediates.noindex/RetainedHost.build/Debug-iphonesimulator/RetainedHostUITests.build/Objects-normal/arm64/RetainedHostUITests.LinkFileList (in target 'RetainedHostUITests' from project 'RetainedHost')
2026-09-10T12:01:31.2099400Z     cd /Users/runner/work/PartyDeck/PartyDeck/godot/ios-host
2026-09-10T12:01:31.2104410Z     write-file /Users/runner/work/PartyDeck/PartyDeck/godot/ios-host/build/retained-host-test/DerivedData/Build/Intermediates.noindex/RetainedHost.build/Debug-iphonesimulator/RetainedHostUITests.build/Objects-normal/arm64/RetainedHostUITests.LinkFileList
2026-09-10T12:01:31.2110280Z 
2026-09-10T12:01:31.2112090Z WriteAuxiliaryFile /Users/runner/work/PartyDeck/PartyDeck/godot/ios-host/build/retained-host-test/DerivedData/Build/Intermediates.noindex/RetainedHost.build/Debug-iphonesimulator/RetainedHostUITests.build/Objects-normal/arm64/RetainedHostUITests-OutputFileMap.json (in target 'RetainedHostUITests' from project 'RetainedHost')
2026-09-10T12:01:31.2114090Z     cd /Users/runner/work/PartyDeck/PartyDeck/godot/ios-host
2026-09-10T12:01:31.2121400Z     write-file /Users/runner/work/PartyDeck/PartyDeck/godot/ios-host/build/retained-host-test/DerivedData/Build/Intermediates.noindex/RetainedHost.build/Debug-iphonesimulator/RetainedHostUITests.build/Objects-normal/arm64/RetainedHostUITests-OutputFileMap.json
2026-09-10T12:01:31.2208750Z 
2026-09-10T12:01:31.2209670Z MkDir /Users/runner/work/PartyDeck/PartyDeck/godot/ios-host/build/retained-host-test/DerivedData/Build/Products/Debug-iphonesimulator/RetainedHostUITests-Runner.app/PlugIns/RetainedHostUITests.xctest (in target 'RetainedHostUITests' from project 'RetainedHost')
2026-09-10T12:01:31.2211200Z     cd /Users/runner/work/PartyDeck/PartyDeck/godot/ios-host
2026-09-10T12:01:31.2212710Z     /bin/mkdir -p /Users/runner/work/PartyDeck/PartyDeck/godot/ios-host/build/retained-host-test/DerivedData/Build/Products/Debug-iphonesimulator/RetainedHostUITests-Runner.app/PlugIns/RetainedHostUITests.xctest
2026-09-10T12:01:31.2213550Z 
2026-09-10T12:01:31.7717660Z CopySwiftLibs /Users/runner/work/PartyDeck/PartyDeck/godot/ios-host/build/retained-host-test/DerivedData/Build/Products/Debug-iphonesimulator/RetainedHost.app (in target 'RetainedHost' from project 'RetainedHost')
2026-09-10T12:01:31.7718890Z     cd /Users/runner/work/PartyDeck/PartyDeck/godot/ios-host
2026-09-10T12:01:31.7746130Z     builtin-swiftStdLibTool --copy --verbose --scan-executable /Users/runner/work/PartyDeck/PartyDeck/godot/ios-host/build/retained-host-test/DerivedData/Build/Products/Debug-iphonesimulator/RetainedHost.app/RetainedHost --scan-folder /Users/runner/work/PartyDeck/PartyDeck/godot/ios-host/build/retained-host-test/DerivedData/Build/Products/Debug-iphonesimulator/RetainedHost.app/Frameworks --scan-folder /Users/runner/work/PartyDeck/PartyDeck/godot/ios-host/build/retained-host-test/DerivedData/Build/Products/Debug-iphonesimulator/RetainedHost.app/PlugIns --scan-folder /Users/runner/work/PartyDeck/PartyDeck/godot/ios-host/build/retained-host-test/DerivedData/Build/Products/Debug-iphonesimulator/RetainedHost.app/SystemExtensions --scan-folder /Users/runner/work/PartyDeck/PartyDeck/godot/ios-host/build/retained-host-test/DerivedData/Build/Products/Debug-iphonesimulator/RetainedHost.app/Extensions --scan-folder /Users/runner/work/PartyDeck/PartyDeck/godot/ios-host/build/artifacts/PartyDeckGodotBridge.framework --platform iphonesimulator --toolchain /var/run/com.apple.security.cryptexd/mnt/com.apple.MobileAsset.MetalToolchain-v17.5.188.0.GHTKWz/Metal.xctoolchain --toolchain /Applications/Xcode_26.4.1.app/Contents/Developer/Toolchains/XcodeDefault.xctoolchain --destination /Users/runner/work/PartyDeck/PartyDeck/godot/ios-host/build/retained-host-test/DerivedData/Build/Products/Debug-iphonesimulator/RetainedHost.app/Frameworks --strip-bitcode --strip-bitcode-tool /Applications/Xcode_26.4.1.app/Contents/Developer/Toolchains/XcodeDefault.xctoolchain/usr/bin/bitcode_strip --emit-dependency-info /Users/runner/work/PartyDeck/PartyDeck/godot/ios-host/build/retained-host-test/DerivedData/Build/Intermediates.noindex/RetainedHost.build/Debug-iphonesimulator/RetainedHost.build/SwiftStdLibToolInputDependencies.dep --filter-for-swift-os
2026-09-10T12:01:32.6865080Z Ignoring --strip-bitcode because --sign was not passed
2026-09-10T12:01:32.7169050Z 
2026-09-10T12:01:32.7185730Z SwiftDriver RetainedHostUITests normal arm64 com.apple.xcode.tools.swift.compiler (in target 'RetainedHostUITests' from project 'RetainedHost')
2026-09-10T12:01:32.7187410Z     cd /Users/runner/work/PartyDeck/PartyDeck/godot/ios-host
2026-09-10T12:01:32.7226830Z     builtin-SwiftDriver -- /Applications/Xcode_26.4.1.app/Contents/Developer/Toolchains/XcodeDefault.xctoolchain/usr/bin/swiftc -module-name RetainedHostUITests -Onone @/Users/runner/work/PartyDeck/PartyDeck/godot/ios-host/build/retained-host-test/DerivedData/Build/Intermediates.noindex/RetainedHost.build/Debug-iphonesimulator/RetainedHostUITests.build/Objects-normal/arm64/RetainedHostUITests.SwiftFileList -module-alias Testing\=_Testing_Unavailable -plugin-path /Applications/Xcode_26.4.1.app/Contents/Developer/Toolchains/XcodeDefault.xctoolchain/usr/lib/swift/host/plugins/testing -enable-experimental-feature DebugDescriptionMacro -sdk /Applications/Xcode_26.4.1.app/Contents/Developer/Platforms/iPhoneSimulator.platform/Developer/SDKs/iPhoneSimulator26.4.sdk -target arm64-apple-ios15.0-simulator -g -module-cache-path /Users/runner/work/PartyDeck/PartyDeck/godot/ios-host/build/retained-host-test/DerivedData/ModuleCache.noindex -Xfrontend -serialize-debugging-options -enable-testing -index-store-path /Users/runner/work/PartyDeck/PartyDeck/godot/ios-host/build/retained-host-test/DerivedData/Index.noindex/DataStore -swift-version 6 -I /Users/runner/work/PartyDeck/PartyDeck/godot/ios-host/build/retained-host-test/DerivedData/Build/Products/Debug-iphonesimulator -Isystem /Applications/Xcode_26.4.1.app/Contents/Developer/Platforms/iPhoneSimulator.platform/Developer/usr/lib -F /Users/runner/work/PartyDeck/PartyDeck/godot/ios-host/build/retained-host-test/DerivedData/Build/Products/Debug-iphonesimulator -F /Applications/Xcode_26.4.1.app/Contents/Developer/Platforms/iPhoneSimulator.platform/Developer/Library/Frameworks -F /Applications/Xcode_26.4.1.app/Contents/Developer/Platforms/iPhoneSimulator.platform/Developer/SDKs/iPhoneSimulator26.4.sdk/Developer/Library/Frameworks -parse-as-library -c -j3 -enable-batch-mode -incremental -Xcc -ivfsstatcache -Xcc /Users/runner/work/PartyDeck/PartyDeck/godot/ios-host/build/retained-host-test/DerivedData/SDKStatCaches.noindex/iphonesimulator26.4-23E252-688ef53f1462e2c8f657fdc38a81448f893e4a944e4cdd9af1f5077e1341bc52.sdkstatcache -output-file-map /Users/runner/work/PartyDeck/PartyDeck/godot/ios-host/build/retained-host-test/DerivedData/Build/Intermediates.noindex/RetainedHost.build/Debug-iphonesimulator/RetainedHostUITests.build/Objects-normal/arm64/RetainedHostUITests-OutputFileMap.json -use-frontend-parseable-output -save-temps -no-color-diagnostics -explicit-module-build -module-cache-path /Users/runner/work/PartyDeck/PartyDeck/godot/ios-host/build/retained-host-test/DerivedData/Build/Intermediates.noindex/SwiftExplicitPrecompiledModules -clang-scanner-module-cache-path /Users/runner/work/PartyDeck/PartyDeck/godot/ios-host/build/retained-host-test/DerivedData/ModuleCache.noindex -sdk-module-cache-path /Users/runner/work/PartyDeck/PartyDeck/godot/ios-host/build/retained-host-test/DerivedData/ModuleCache.noindex -serialize-diagnostics -emit-dependencies -emit-module -emit-module-path /Users/runner/work/PartyDeck/PartyDeck/godot/ios-host/build/retained-host-test/DerivedData/Build/Intermediates.noindex/RetainedHost.build/Debug-iphonesimulator/RetainedHostUITests.build/Objects-normal/arm64/RetainedHostUITests.swiftmodule -validate-clang-modules-once -clang-build-session-file /Users/runner/work/PartyDeck/PartyDeck/godot/ios-host/build/retained-host-test/DerivedData/ModuleCache.noindex/Session.modulevalidation -Xcc -I/Users/runner/work/PartyDeck/PartyDeck/godot/ios-host/build/retained-host-test/DerivedData/Build/Intermediates.noindex/RetainedHost.build/Debug-iphonesimulator/RetainedHostUITests.build/swift-overrides.hmap -emit-const-values -Xfrontend -const-gather-protocols-file -Xfrontend /Users/runner/work/PartyDeck/PartyDeck/godot/ios-host/build/retained-host-test/DerivedData/Build/Intermediates.noindex/RetainedHost.build/Debug-iphonesimulator/RetainedHostUITests.build/Objects-normal/arm64/RetainedHostUITests_const_extract_protocols.json -Xcc -iquote -Xcc /Users/runner/work/PartyDeck/PartyDeck/godot/ios-host/build/retained-host-test/DerivedData/Build/Intermediates.noindex/RetainedHost.build/Debug-iphonesimulator/RetainedHostUITests.build/RetainedHostUITests-generated-files.hmap -Xcc -I/Users/runner/work/PartyDeck/PartyDeck/godot/ios-host/build/retained-host-test/DerivedData/Build/Intermediates.noindex/RetainedHost.build/Debug-iphonesimulator/RetainedHostUITests.build/RetainedHostUITests-own-target-headers.hmap -Xcc -I/Users/runner/work/PartyDeck/PartyDeck/godot/ios-host/build/retained-host-test/DerivedData/Build/Intermediates.noindex/RetainedHost.build/Debug-iphonesimulator/RetainedHostUITests.build/RetainedHostUITests-all-target-headers.hmap -Xcc -iquote -Xcc /Users/runner/work/PartyDeck/PartyDeck/godot/ios-host/build/retained-host-test/DerivedData/Build/Intermediates.noindex/RetainedHost.build/Debug-iphonesimulator/RetainedHostUITests.build/RetainedHostUITests-project-headers.hmap -Xcc -I/Users/runner/work/PartyDeck/PartyDeck/godot/ios-host/build/retained-host-test/DerivedData/Build/Products/Debug-iphonesimulator/include -Xcc -I/Users/runner/work/PartyDeck/PartyDeck/godot/ios-host/build/retained-host-test/DerivedData/Build/Intermediates.noindex/RetainedHost.build/Debug-iphonesimulator/RetainedHostUITests.build/DerivedSources-normal/arm64 -Xcc -I/Users/runner/work/PartyDeck/PartyDeck/godot/ios-host/build/retained-host-test/DerivedData/Build/Intermediates.noindex/RetainedHost.build/Debug-iphonesimulator/RetainedHostUITests.build/DerivedSources/arm64 -Xcc -I/Users/runner/work/PartyDeck/PartyDeck/godot/ios-host/build/retained-host-test/DerivedData/Build/Intermediates.noindex/RetainedHost.build/Debug-iphonesimulator/RetainedHostUITests.build/DerivedSources -emit-objc-header -emit-objc-header-path /Users/runner/work/PartyDeck/PartyDeck/godot/ios-host/build/retained-host-test/DerivedData/Build/Intermediates.noindex/RetainedHost.build/Debug-iphonesimulator/RetainedHostUITests.build/Objects-normal/arm64/RetainedHostUITests-Swift.h -working-directory /Users/runner/work/PartyDeck/PartyDeck/godot/ios-host -experimental-emit-module-separately -disable-cmo
2026-09-10T12:01:38.5905560Z 
2026-09-10T12:01:38.5923130Z ProcessInfoPlistFile /Users/runner/work/PartyDeck/PartyDeck/godot/ios-host/build/retained-host-test/DerivedData/Build/Products/Debug-iphonesimulator/RetainedHostUITests-Runner.app/PlugIns/RetainedHostUITests.xctest/Info.plist /Users/runner/work/PartyDeck/PartyDeck/godot/ios-host/build/retained-host-test/DerivedData/Build/Intermediates.noindex/RetainedHost.build/Debug-iphonesimulator/RetainedHostUITests.build/empty-RetainedHostUITests.plist (in target 'RetainedHostUITests' from project 'RetainedHost')
2026-09-10T12:01:38.5966370Z     cd /Users/runner/work/PartyDeck/PartyDeck/godot/ios-host
2026-09-10T12:01:38.5989230Z     builtin-infoPlistUtility /Users/runner/work/PartyDeck/PartyDeck/godot/ios-host/build/retained-host-test/DerivedData/Build/Intermediates.noindex/RetainedHost.build/Debug-iphonesimulator/RetainedHostUITests.build/empty-RetainedHostUITests.plist -producttype com.apple.product-type.bundle.ui-testing -expandbuildsettings -format binary -platform iphonesimulator -additionalcontentfile /Users/runner/work/PartyDeck/PartyDeck/godot/ios-host/build/retained-host-test/DerivedData/Build/Intermediates.noindex/RetainedHost.build/Debug-iphonesimulator/RetainedHostUITests.build/ProductTypeInfoPlistAdditions.plist -o /Users/runner/work/PartyDeck/PartyDeck/godot/ios-host/build/retained-host-test/DerivedData/Build/Products/Debug-iphonesimulator/RetainedHostUITests-Runner.app/PlugIns/RetainedHostUITests.xctest/Info.plist
2026-09-10T12:01:38.5997380Z 
2026-09-10T12:01:38.5999870Z SwiftExplicitDependencyGeneratePcm arm64 /Users/runner/work/PartyDeck/PartyDeck/godot/ios-host/build/retained-host-test/DerivedData/Build/Intermediates.noindex/SwiftExplicitPrecompiledModules/XCUIAutomation-97NLKBTVB8SF6GGNWKXBK34WF.pcm
2026-09-10T12:01:39.7654900Z 
2026-09-10T12:01:39.7789980Z SwiftExplicitDependencyGeneratePcm arm64 /Users/runner/work/PartyDeck/PartyDeck/godot/ios-host/build/retained-host-test/DerivedData/Build/Intermediates.noindex/SwiftExplicitPrecompiledModules/XCTest-VM4ARC36LCGJZ5Y7W50YEQO4.pcm
2026-09-10T12:01:40.1939220Z 
2026-09-10T12:01:40.1941250Z SwiftExplicitDependencyCompileModuleFromInterface arm64 /Users/runner/work/PartyDeck/PartyDeck/godot/ios-host/build/retained-host-test/DerivedData/Build/Intermediates.noindex/SwiftExplicitPrecompiledModules/XCUIAutomation-CAYKS4DYONI9.swiftmodule
2026-09-10T12:01:40.9194570Z 
2026-09-10T12:01:40.9195860Z SwiftExplicitDependencyCompileModuleFromInterface arm64 /Users/runner/work/PartyDeck/PartyDeck/godot/ios-host/build/retained-host-test/DerivedData/Build/Intermediates.noindex/SwiftExplicitPrecompiledModules/XCTest-1KGJORLKIERWY.swiftmodule
2026-09-10T12:01:41.5815050Z 
2026-09-10T12:01:41.5820830Z SwiftEmitModule normal arm64 Emitting\ module\ for\ RetainedHostUITests (in target 'RetainedHostUITests' from project 'RetainedHost')
2026-09-10T12:01:41.6757220Z 
2026-09-10T12:01:41.6759070Z SwiftCompile normal arm64 /Users/runner/work/PartyDeck/PartyDeck/godot/ios-host/RetainedHostUITests/RetainedHostUITests.swift (in target 'RetainedHostUITests' from project 'RetainedHost')
2026-09-10T12:01:41.6760560Z     cd /Users/runner/work/PartyDeck/PartyDeck/godot/ios-host
2026-09-10T12:01:41.6760920Z     
2026-09-10T12:01:41.9914370Z 
2026-09-10T12:01:42.0009240Z SwiftCompile normal arm64 Compiling\ RetainedHostUITests.swift /Users/runner/work/PartyDeck/PartyDeck/godot/ios-host/RetainedHostUITests/RetainedHostUITests.swift (in target 'RetainedHostUITests' from project 'RetainedHost')
2026-09-10T12:01:42.0014050Z SwiftCompile normal arm64 /Users/runner/work/PartyDeck/PartyDeck/godot/ios-host/RetainedHostUITests/RetainedHostUITests.swift (in target 'RetainedHostUITests' from project 'RetainedHost')
2026-09-10T12:01:42.0018320Z     cd /Users/runner/work/PartyDeck/PartyDeck/godot/ios-host
2026-09-10T12:01:42.0019070Z     
2026-09-10T12:01:45.2500110Z 
2026-09-10T12:01:45.2569700Z SwiftDriverJobDiscovery normal arm64 Emitting module for RetainedHostUITests (in target 'RetainedHostUITests' from project 'RetainedHost')
2026-09-10T12:01:45.2571370Z 
2026-09-10T12:01:45.2572310Z SwiftDriver\ Compilation\ Requirements RetainedHostUITests normal arm64 com.apple.xcode.tools.swift.compiler (in target 'RetainedHostUITests' from project 'RetainedHost')
2026-09-10T12:01:45.2573390Z     cd /Users/runner/work/PartyDeck/PartyDeck/godot/ios-host
2026-09-10T12:01:45.2619100Z     builtin-Swift-Compilation-Requirements -- /Applications/Xcode_26.4.1.app/Contents/Developer/Toolchains/XcodeDefault.xctoolchain/usr/bin/swiftc -module-name RetainedHostUITests -Onone @/Users/runner/work/PartyDeck/PartyDeck/godot/ios-host/build/retained-host-test/DerivedData/Build/Intermediates.noindex/RetainedHost.build/Debug-iphonesimulator/RetainedHostUITests.build/Objects-normal/arm64/RetainedHostUITests.SwiftFileList -module-alias Testing\=_Testing_Unavailable -plugin-path /Applications/Xcode_26.4.1.app/Contents/Developer/Toolchains/XcodeDefault.xctoolchain/usr/lib/swift/host/plugins/testing -enable-experimental-feature DebugDescriptionMacro -sdk /Applications/Xcode_26.4.1.app/Contents/Developer/Platforms/iPhoneSimulator.platform/Developer/SDKs/iPhoneSimulator26.4.sdk -target arm64-apple-ios15.0-simulator -g -module-cache-path /Users/runner/work/PartyDeck/PartyDeck/godot/ios-host/build/retained-host-test/DerivedData/ModuleCache.noindex -Xfrontend -serialize-debugging-options -enable-testing -index-store-path /Users/runner/work/PartyDeck/PartyDeck/godot/ios-host/build/retained-host-test/DerivedData/Index.noindex/DataStore -swift-version 6 -I /Users/runner/work/PartyDeck/PartyDeck/godot/ios-host/build/retained-host-test/DerivedData/Build/Products/Debug-iphonesimulator -Isystem /Applications/Xcode_26.4.1.app/Contents/Developer/Platforms/iPhoneSimulator.platform/Developer/usr/lib -F /Users/runner/work/PartyDeck/PartyDeck/godot/ios-host/build/retained-host-test/DerivedData/Build/Products/Debug-iphonesimulator -F /Applications/Xcode_26.4.1.app/Contents/Developer/Platforms/iPhoneSimulator.platform/Developer/Library/Frameworks -F /Applications/Xcode_26.4.1.app/Contents/Developer/Platforms/iPhoneSimulator.platform/Developer/SDKs/iPhoneSimulator26.4.sdk/Developer/Library/Frameworks -parse-as-library -c -j3 -enable-batch-mode -incremental -Xcc -ivfsstatcache -Xcc /Users/runner/work/PartyDeck/PartyDeck/godot/ios-host/build/retained-host-test/DerivedData/SDKStatCaches.noindex/iphonesimulator26.4-23E252-688ef53f1462e2c8f657fdc38a81448f893e4a944e4cdd9af1f5077e1341bc52.sdkstatcache -output-file-map /Users/runner/work/PartyDeck/PartyDeck/godot/ios-host/build/retained-host-test/DerivedData/Build/Intermediates.noindex/RetainedHost.build/Debug-iphonesimulator/RetainedHostUITests.build/Objects-normal/arm64/RetainedHostUITests-OutputFileMap.json -use-frontend-parseable-output -save-temps -no-color-diagnostics -explicit-module-build -module-cache-path /Users/runner/work/PartyDeck/PartyDeck/godot/ios-host/build/retained-host-test/DerivedData/Build/Intermediates.noindex/SwiftExplicitPrecompiledModules -clang-scanner-module-cache-path /Users/runner/work/PartyDeck/PartyDeck/godot/ios-host/build/retained-host-test/DerivedData/ModuleCache.noindex -sdk-module-cache-path /Users/runner/work/PartyDeck/PartyDeck/godot/ios-host/build/retained-host-test/DerivedData/ModuleCache.noindex -serialize-diagnostics -emit-dependencies -emit-module -emit-module-path /Users/runner/work/PartyDeck/PartyDeck/godot/ios-host/build/retained-host-test/DerivedData/Build/Intermediates.noindex/RetainedHost.build/Debug-iphonesimulator/RetainedHostUITests.build/Objects-normal/arm64/RetainedHostUITests.swiftmodule -validate-clang-modules-once -clang-build-session-file /Users/runner/work/PartyDeck/PartyDeck/godot/ios-host/build/retained-host-test/DerivedData/ModuleCache.noindex/Session.modulevalidation -Xcc -I/Users/runner/work/PartyDeck/PartyDeck/godot/ios-host/build/retained-host-test/DerivedData/Build/Intermediates.noindex/RetainedHost.build/Debug-iphonesimulator/RetainedHostUITests.build/swift-overrides.hmap -emit-const-values -Xfrontend -const-gather-protocols-file -Xfrontend /Users/runner/work/PartyDeck/PartyDeck/godot/ios-host/build/retained-host-test/DerivedData/Build/Intermediates.noindex/RetainedHost.build/Debug-iphonesimulator/RetainedHostUITests.build/Objects-normal/arm64/RetainedHostUITests_const_extract_protocols.json -Xcc -iquote -Xcc /Users/runner/work/PartyDeck/PartyDeck/godot/ios-host/build/retained-host-test/DerivedData/Build/Intermediates.noindex/RetainedHost.build/Debug-iphonesimulator/RetainedHostUITests.build/RetainedHostUITests-generated-files.hmap -Xcc -I/Users/runner/work/PartyDeck/PartyDeck/godot/ios-host/build/retained-host-test/DerivedData/Build/Intermediates.noindex/RetainedHost.build/Debug-iphonesimulator/RetainedHostUITests.build/RetainedHostUITests-own-target-headers.hmap -Xcc -I/Users/runner/work/PartyDeck/PartyDeck/godot/ios-host/build/retained-host-test/DerivedData/Build/Intermediates.noindex/RetainedHost.build/Debug-iphonesimulator/RetainedHostUITests.build/RetainedHostUITests-all-target-headers.hmap -Xcc -iquote -Xcc /Users/runner/work/PartyDeck/PartyDeck/godot/ios-host/build/retained-host-test/DerivedData/Build/Intermediates.noindex/RetainedHost.build/Debug-iphonesimulator/RetainedHostUITests.build/RetainedHostUITests-project-headers.hmap -Xcc -I/Users/runner/work/PartyDeck/PartyDeck/godot/ios-host/build/retained-host-test/DerivedData/Build/Products/Debug-iphonesimulator/include -Xcc -I/Users/runner/work/PartyDeck/PartyDeck/godot/ios-host/build/retained-host-test/DerivedData/Build/Intermediates.noindex/RetainedHost.build/Debug-iphonesimulator/RetainedHostUITests.build/DerivedSources-normal/arm64 -Xcc -I/Users/runner/work/PartyDeck/PartyDeck/godot/ios-host/build/retained-host-test/DerivedData/Build/Intermediates.noindex/RetainedHost.build/Debug-iphonesimulator/RetainedHostUITests.build/DerivedSources/arm64 -Xcc -I/Users/runner/work/PartyDeck/PartyDeck/godot/ios-host/build/retained-host-test/DerivedData/Build/Intermediates.noindex/RetainedHost.build/Debug-iphonesimulator/RetainedHostUITests.build/DerivedSources -emit-objc-header -emit-objc-header-path /Users/runner/work/PartyDeck/PartyDeck/godot/ios-host/build/retained-host-test/DerivedData/Build/Intermediates.noindex/RetainedHost.build/Debug-iphonesimulator/RetainedHostUITests.build/Objects-normal/arm64/RetainedHostUITests-Swift.h -working-directory /Users/runner/work/PartyDeck/PartyDeck/godot/ios-host -experimental-emit-module-separately -disable-cmo
2026-09-10T12:01:45.2641030Z 
2026-09-10T12:01:45.2642780Z SwiftMergeGeneratedHeaders /Users/runner/work/PartyDeck/PartyDeck/godot/ios-host/build/retained-host-test/DerivedData/Build/Intermediates.noindex/RetainedHost.build/Debug-iphonesimulator/RetainedHostUITests.build/DerivedSources/RetainedHostUITests-Swift.h /Users/runner/work/PartyDeck/PartyDeck/godot/ios-host/build/retained-host-test/DerivedData/Build/Intermediates.noindex/RetainedHost.build/Debug-iphonesimulator/RetainedHostUITests.build/Objects-normal/arm64/RetainedHostUITests-Swift.h (in target 'RetainedHostUITests' from project 'RetainedHost')
2026-09-10T12:01:45.2645120Z     cd /Users/runner/work/PartyDeck/PartyDeck/godot/ios-host
2026-09-10T12:01:45.2646950Z     builtin-swiftHeaderTool -arch arm64 /Users/runner/work/PartyDeck/PartyDeck/godot/ios-host/build/retained-host-test/DerivedData/Build/Intermediates.noindex/RetainedHost.build/Debug-iphonesimulator/RetainedHostUITests.build/Objects-normal/arm64/RetainedHostUITests-Swift.h -o /Users/runner/work/PartyDeck/PartyDeck/godot/ios-host/build/retained-host-test/DerivedData/Build/Intermediates.noindex/RetainedHost.build/Debug-iphonesimulator/RetainedHostUITests.build/DerivedSources/RetainedHostUITests-Swift.h
2026-09-10T12:01:45.2648580Z 
2026-09-10T12:01:45.2650240Z Copy /Users/runner/work/PartyDeck/PartyDeck/godot/ios-host/build/retained-host-test/DerivedData/Build/Products/Debug-iphonesimulator/RetainedHostUITests.swiftmodule/arm64-apple-ios-simulator.swiftmodule /Users/runner/work/PartyDeck/PartyDeck/godot/ios-host/build/retained-host-test/DerivedData/Build/Intermediates.noindex/RetainedHost.build/Debug-iphonesimulator/RetainedHostUITests.build/Objects-normal/arm64/RetainedHostUITests.swiftmodule (in target 'RetainedHostUITests' from project 'RetainedHost')
2026-09-10T12:01:45.2652300Z     cd /Users/runner/work/PartyDeck/PartyDeck/godot/ios-host
2026-09-10T12:01:45.2654780Z     builtin-copy -exclude .DS_Store -exclude CVS -exclude .svn -exclude .git -exclude .hg -strip-unsigned-binaries -strip-deterministic -strip-tool /Applications/Xcode_26.4.1.app/Contents/Developer/Toolchains/XcodeDefault.xctoolchain/usr/bin/strip -resolve-src-symlinks -rename /Users/runner/work/PartyDeck/PartyDeck/godot/ios-host/build/retained-host-test/DerivedData/Build/Intermediates.noindex/RetainedHost.build/Debug-iphonesimulator/RetainedHostUITests.build/Objects-normal/arm64/RetainedHostUITests.swiftmodule /Users/runner/work/PartyDeck/PartyDeck/godot/ios-host/build/retained-host-test/DerivedData/Build/Products/Debug-iphonesimulator/RetainedHostUITests.swiftmodule/arm64-apple-ios-simulator.swiftmodule
2026-09-10T12:01:45.2657790Z 
2026-09-10T12:01:45.2665150Z Copy /Users/runner/work/PartyDeck/PartyDeck/godot/ios-host/build/retained-host-test/DerivedData/Build/Products/Debug-iphonesimulator/RetainedHostUITests.swiftmodule/arm64-apple-ios-simulator.swiftdoc /Users/runner/work/PartyDeck/PartyDeck/godot/ios-host/build/retained-host-test/DerivedData/Build/Intermediates.noindex/RetainedHost.build/Debug-iphonesimulator/RetainedHostUITests.build/Objects-normal/arm64/RetainedHostUITests.swiftdoc (in target 'RetainedHostUITests' from project 'RetainedHost')
2026-09-10T12:01:45.2668720Z     cd /Users/runner/work/PartyDeck/PartyDeck/godot/ios-host
2026-09-10T12:01:45.2671750Z     builtin-copy -exclude .DS_Store -exclude CVS -exclude .svn -exclude .git -exclude .hg -strip-unsigned-binaries -strip-deterministic -strip-tool /Applications/Xcode_26.4.1.app/Contents/Developer/Toolchains/XcodeDefault.xctoolchain/usr/bin/strip -resolve-src-symlinks -rename /Users/runner/work/PartyDeck/PartyDeck/godot/ios-host/build/retained-host-test/DerivedData/Build/Intermediates.noindex/RetainedHost.build/Debug-iphonesimulator/RetainedHostUITests.build/Objects-normal/arm64/RetainedHostUITests.swiftdoc /Users/runner/work/PartyDeck/PartyDeck/godot/ios-host/build/retained-host-test/DerivedData/Build/Products/Debug-iphonesimulator/RetainedHostUITests.swiftmodule/arm64-apple-ios-simulator.swiftdoc
2026-09-10T12:01:45.2674090Z 
2026-09-10T12:01:45.2675700Z Copy /Users/runner/work/PartyDeck/PartyDeck/godot/ios-host/build/retained-host-test/DerivedData/Build/Products/Debug-iphonesimulator/RetainedHostUITests.swiftmodule/arm64-apple-ios-simulator.abi.json /Users/runner/work/PartyDeck/PartyDeck/godot/ios-host/build/retained-host-test/DerivedData/Build/Intermediates.noindex/RetainedHost.build/Debug-iphonesimulator/RetainedHostUITests.build/Objects-normal/arm64/RetainedHostUITests.abi.json (in target 'RetainedHostUITests' from project 'RetainedHost')
2026-09-10T12:01:45.2677660Z     cd /Users/runner/work/PartyDeck/PartyDeck/godot/ios-host
2026-09-10T12:01:45.2681060Z     builtin-copy -exclude .DS_Store -exclude CVS -exclude .svn -exclude .git -exclude .hg -strip-unsigned-binaries -strip-deterministic -strip-tool /Applications/Xcode_26.4.1.app/Contents/Developer/Toolchains/XcodeDefault.xctoolchain/usr/bin/strip -resolve-src-symlinks -rename /Users/runner/work/PartyDeck/PartyDeck/godot/ios-host/build/retained-host-test/DerivedData/Build/Intermediates.noindex/RetainedHost.build/Debug-iphonesimulator/RetainedHostUITests.build/Objects-normal/arm64/RetainedHostUITests.abi.json /Users/runner/work/PartyDeck/PartyDeck/godot/ios-host/build/retained-host-test/DerivedData/Build/Products/Debug-iphonesimulator/RetainedHostUITests.swiftmodule/arm64-apple-ios-simulator.abi.json
2026-09-10T12:01:45.2683420Z 
2026-09-10T12:01:45.2685130Z Copy /Users/runner/work/PartyDeck/PartyDeck/godot/ios-host/build/retained-host-test/DerivedData/Build/Products/Debug-iphonesimulator/RetainedHostUITests.swiftmodule/Project/arm64-apple-ios-simulator.swiftsourceinfo /Users/runner/work/PartyDeck/PartyDeck/godot/ios-host/build/retained-host-test/DerivedData/Build/Intermediates.noindex/RetainedHost.build/Debug-iphonesimulator/RetainedHostUITests.build/Objects-normal/arm64/RetainedHostUITests.swiftsourceinfo (in target 'RetainedHostUITests' from project 'RetainedHost')
2026-09-10T12:01:45.2687140Z     cd /Users/runner/work/PartyDeck/PartyDeck/godot/ios-host
2026-09-10T12:01:45.2690060Z     builtin-copy -exclude .DS_Store -exclude CVS -exclude .svn -exclude .git -exclude .hg -strip-unsigned-binaries -strip-deterministic -strip-tool /Applications/Xcode_26.4.1.app/Contents/Developer/Toolchains/XcodeDefault.xctoolchain/usr/bin/strip -resolve-src-symlinks -rename /Users/runner/work/PartyDeck/PartyDeck/godot/ios-host/build/retained-host-test/DerivedData/Build/Intermediates.noindex/RetainedHost.build/Debug-iphonesimulator/RetainedHostUITests.build/Objects-normal/arm64/RetainedHostUITests.swiftsourceinfo /Users/runner/work/PartyDeck/PartyDeck/godot/ios-host/build/retained-host-test/DerivedData/Build/Products/Debug-iphonesimulator/RetainedHostUITests.swiftmodule/Project/arm64-apple-ios-simulator.swiftsourceinfo
2026-09-10T12:01:45.2692770Z 
2026-09-10T12:01:45.2693420Z SwiftDriverJobDiscovery normal arm64 Compiling RetainedHostUITests.swift (in target 'RetainedHostUITests' from project 'RetainedHost')
2026-09-10T12:01:45.2694000Z 
2026-09-10T12:01:45.2694830Z SwiftDriver\ Compilation RetainedHostUITests normal arm64 com.apple.xcode.tools.swift.compiler (in target 'RetainedHostUITests' from project 'RetainedHost')
2026-09-10T12:01:45.2695880Z     cd /Users/runner/work/PartyDeck/PartyDeck/godot/ios-host
2026-09-10T12:01:45.2720950Z     builtin-Swift-Compilation -- /Applications/Xcode_26.4.1.app/Contents/Developer/Toolchains/XcodeDefault.xctoolchain/usr/bin/swiftc -module-name RetainedHostUITests -Onone @/Users/runner/work/PartyDeck/PartyDeck/godot/ios-host/build/retained-host-test/DerivedData/Build/Intermediates.noindex/RetainedHost.build/Debug-iphonesimulator/RetainedHostUITests.build/Objects-normal/arm64/RetainedHostUITests.SwiftFileList -module-alias Testing\=_Testing_Unavailable -plugin-path /Applications/Xcode_26.4.1.app/Contents/Developer/Toolchains/XcodeDefault.xctoolchain/usr/lib/swift/host/plugins/testing -enable-experimental-feature DebugDescriptionMacro -sdk /Applications/Xcode_26.4.1.app/Contents/Developer/Platforms/iPhoneSimulator.platform/Developer/SDKs/iPhoneSimulator26.4.sdk -target arm64-apple-ios15.0-simulator -g -module-cache-path /Users/runner/work/PartyDeck/PartyDeck/godot/ios-host/build/retained-host-test/DerivedData/ModuleCache.noindex -Xfrontend -serialize-debugging-options -enable-testing -index-store-path /Users/runner/work/PartyDeck/PartyDeck/godot/ios-host/build/retained-host-test/DerivedData/Index.noindex/DataStore -swift-version 6 -I /Users/runner/work/PartyDeck/PartyDeck/godot/ios-host/build/retained-host-test/DerivedData/Build/Products/Debug-iphonesimulator -Isystem /Applications/Xcode_26.4.1.app/Contents/Developer/Platforms/iPhoneSimulator.platform/Developer/usr/lib -F /Users/runner/work/PartyDeck/PartyDeck/godot/ios-host/build/retained-host-test/DerivedData/Build/Products/Debug-iphonesimulator -F /Applications/Xcode_26.4.1.app/Contents/Developer/Platforms/iPhoneSimulator.platform/Developer/Library/Frameworks -F /Applications/Xcode_26.4.1.app/Contents/Developer/Platforms/iPhoneSimulator.platform/Developer/SDKs/iPhoneSimulator26.4.sdk/Developer/Library/Frameworks -parse-as-library -c -j3 -enable-batch-mode -incremental -Xcc -ivfsstatcache -Xcc /Users/runner/work/PartyDeck/PartyDeck/godot/ios-host/build/retained-host-test/DerivedData/SDKStatCaches.noindex/iphonesimulator26.4-23E252-688ef53f1462e2c8f657fdc38a81448f893e4a944e4cdd9af1f5077e1341bc52.sdkstatcache -output-file-map /Users/runner/work/PartyDeck/PartyDeck/godot/ios-host/build/retained-host-test/DerivedData/Build/Intermediates.noindex/RetainedHost.build/Debug-iphonesimulator/RetainedHostUITests.build/Objects-normal/arm64/RetainedHostUITests-OutputFileMap.json -use-frontend-parseable-output -save-temps -no-color-diagnostics -explicit-module-build -module-cache-path /Users/runner/work/PartyDeck/PartyDeck/godot/ios-host/build/retained-host-test/DerivedData/Build/Intermediates.noindex/SwiftExplicitPrecompiledModules -clang-scanner-module-cache-path /Users/runner/work/PartyDeck/PartyDeck/godot/ios-host/build/retained-host-test/DerivedData/ModuleCache.noindex -sdk-module-cache-path /Users/runner/work/PartyDeck/PartyDeck/godot/ios-host/build/retained-host-test/DerivedData/ModuleCache.noindex -serialize-diagnostics -emit-dependencies -emit-module -emit-module-path /Users/runner/work/PartyDeck/PartyDeck/godot/ios-host/build/retained-host-test/DerivedData/Build/Intermediates.noindex/RetainedHost.build/Debug-iphonesimulator/RetainedHostUITests.build/Objects-normal/arm64/RetainedHostUITests.swiftmodule -validate-clang-modules-once -clang-build-session-file /Users/runner/work/PartyDeck/PartyDeck/godot/ios-host/build/retained-host-test/DerivedData/ModuleCache.noindex/Session.modulevalidation -Xcc -I/Users/runner/work/PartyDeck/PartyDeck/godot/ios-host/build/retained-host-test/DerivedData/Build/Intermediates.noindex/RetainedHost.build/Debug-iphonesimulator/RetainedHostUITests.build/swift-overrides.hmap -emit-const-values -Xfrontend -const-gather-protocols-file -Xfrontend /Users/runner/work/PartyDeck/PartyDeck/godot/ios-host/build/retained-host-test/DerivedData/Build/Intermediates.noindex/RetainedHost.build/Debug-iphonesimulator/RetainedHostUITests.build/Objects-normal/arm64/RetainedHostUITests_const_extract_protocols.json -Xcc -iquote -Xcc /Users/runner/work/PartyDeck/PartyDeck/godot/ios-host/build/retained-host-test/DerivedData/Build/Intermediates.noindex/RetainedHost.build/Debug-iphonesimulator/RetainedHostUITests.build/RetainedHostUITests-generated-files.hmap -Xcc -I/Users/runner/work/PartyDeck/PartyDeck/godot/ios-host/build/retained-host-test/DerivedData/Build/Intermediates.noindex/RetainedHost.build/Debug-iphonesimulator/RetainedHostUITests.build/RetainedHostUITests-own-target-headers.hmap -Xcc -I/Users/runner/work/PartyDeck/PartyDeck/godot/ios-host/build/retained-host-test/DerivedData/Build/Intermediates.noindex/RetainedHost.build/Debug-iphonesimulator/RetainedHostUITests.build/RetainedHostUITests-all-target-headers.hmap -Xcc -iquote -Xcc /Users/runner/work/PartyDeck/PartyDeck/godot/ios-host/build/retained-host-test/DerivedData/Build/Intermediates.noindex/RetainedHost.build/Debug-iphonesimulator/RetainedHostUITests.build/RetainedHostUITests-project-headers.hmap -Xcc -I/Users/runner/work/PartyDeck/PartyDeck/godot/ios-host/build/retained-host-test/DerivedData/Build/Products/Debug-iphonesimulator/include -Xcc -I/Users/runner/work/PartyDeck/PartyDeck/godot/ios-host/build/retained-host-test/DerivedData/Build/Intermediates.noindex/RetainedHost.build/Debug-iphonesimulator/RetainedHostUITests.build/DerivedSources-normal/arm64 -Xcc -I/Users/runner/work/PartyDeck/PartyDeck/godot/ios-host/build/retained-host-test/DerivedData/Build/Intermediates.noindex/RetainedHost.build/Debug-iphonesimulator/RetainedHostUITests.build/DerivedSources/arm64 -Xcc -I/Users/runner/work/PartyDeck/PartyDeck/godot/ios-host/build/retained-host-test/DerivedData/Build/Intermediates.noindex/RetainedHost.build/Debug-iphonesimulator/RetainedHostUITests.build/DerivedSources -emit-objc-header -emit-objc-header-path /Users/runner/work/PartyDeck/PartyDeck/godot/ios-host/build/retained-host-test/DerivedData/Build/Intermediates.noindex/RetainedHost.build/Debug-iphonesimulator/RetainedHostUITests.build/Objects-normal/arm64/RetainedHostUITests-Swift.h -working-directory /Users/runner/work/PartyDeck/PartyDeck/godot/ios-host -experimental-emit-module-separately -disable-cmo
2026-09-10T12:01:45.2743570Z 
2026-09-10T12:01:45.2744820Z Ld /Users/runner/work/PartyDeck/PartyDeck/godot/ios-host/build/retained-host-test/DerivedData/Build/Products/Debug-iphonesimulator/RetainedHostUITests-Runner.app/PlugIns/RetainedHostUITests.xctest/RetainedHostUITests normal (in target 'RetainedHostUITests' from project 'RetainedHost')
2026-09-10T12:01:45.2746330Z     cd /Users/runner/work/PartyDeck/PartyDeck/godot/ios-host
2026-09-10T12:01:45.3064160Z     /Applications/Xcode_26.4.1.app/Contents/Developer/Toolchains/XcodeDefault.xctoolchain/usr/bin/clang -Xlinker -reproducible -target arm64-apple-ios15.0-simulator -bundle -isysroot /Applications/Xcode_26.4.1.app/Contents/Developer/Platforms/iPhoneSimulator.platform/Developer/SDKs/iPhoneSimulator26.4.sdk -Os -L/Users/runner/work/PartyDeck/PartyDeck/godot/ios-host/build/retained-host-test/DerivedData/Build/Intermediates.noindex/EagerLinkingTBDs/Debug-iphonesimulator -L/Users/runner/work/PartyDeck/PartyDeck/godot/ios-host/build/retained-host-test/DerivedData/Build/Products/Debug-iphonesimulator -L/Applications/Xcode_26.4.1.app/Contents/Developer/Platforms/iPhoneSimulator.platform/Developer/usr/lib -F/Users/runner/work/PartyDeck/PartyDeck/godot/ios-host/build/retained-host-test/DerivedData/Build/Intermediates.noindex/EagerLinkingTBDs/Debug-iphonesimulator -F/Users/runner/work/PartyDeck/PartyDeck/godot/ios-host/build/retained-host-test/DerivedData/Build/Products/Debug-iphonesimulator -iframework /Applications/Xcode_26.4.1.app/Contents/Developer/Platforms/iPhoneSimulator.platform/Developer/Library/Frameworks -iframework /Applications/Xcode_26.4.1.app/Contents/Developer/Platforms/iPhoneSimulator.platform/Developer/SDKs/iPhoneSimulator26.4.sdk/Developer/Library/Frameworks -filelist /Users/runner/work/PartyDeck/PartyDeck/godot/ios-host/build/retained-host-test/DerivedData/Build/Intermediates.noindex/RetainedHost.build/Debug-iphonesimulator/RetainedHostUITests.build/Objects-normal/arm64/RetainedHostUITests.LinkFileList -Xlinker -rpath -Xlinker /usr/lib/swift -Xlinker -rpath -Xlinker @loader_path/Frameworks -Xlinker -rpath -Xlinker @executable_path/Frameworks -Xlinker -dead_strip -Xlinker -object_path_lto -Xlinker /Users/runner/work/PartyDeck/PartyDeck/godot/ios-host/build/retained-host-test/DerivedData/Build/Intermediates.noindex/RetainedHost.build/Debug-iphonesimulator/RetainedHostUITests.build/Objects-normal/arm64/RetainedHostUITests_lto.o -rdynamic -Xlinker -objc_abi_version -Xlinker 2 -Xlinker -dependency_info -Xlinker /Users/runner/work/PartyDeck/PartyDeck/godot/ios-host/build/retained-host-test/DerivedData/Build/Intermediates.noindex/RetainedHost.build/Debug-iphonesimulator/RetainedHostUITests.build/Objects-normal/arm64/RetainedHostUITests_dependency_info.dat -fobjc-link-runtime -L/Applications/Xcode_26.4.1.app/Contents/Developer/Toolchains/XcodeDefault.xctoolchain/usr/lib/swift/iphonesimulator -L/usr/lib/swift -Xlinker -add_ast_path -Xlinker /Users/runner/work/PartyDeck/PartyDeck/godot/ios-host/build/retained-host-test/DerivedData/Build/Intermediates.noindex/RetainedHost.build/Debug-iphonesimulator/RetainedHostUITests.build/Objects-normal/arm64/RetainedHostUITests.swiftmodule @/Users/runner/work/PartyDeck/PartyDeck/godot/ios-host/build/retained-host-test/DerivedData/Build/Intermediates.noindex/RetainedHost.build/Debug-iphonesimulator/RetainedHostUITests.build/Objects-normal/arm64/RetainedHostUITests-linker-args.resp -Xlinker -needed_framework -Xlinker XCTest -framework XCTest -Xlinker -needed-lXCTestSwiftSupport -lXCTestSwiftSupport -o /Users/runner/work/PartyDeck/PartyDeck/godot/ios-host/build/retained-host-test/DerivedData/Build/Products/Debug-iphonesimulator/RetainedHostUITests-Runner.app/PlugIns/RetainedHostUITests.xctest/RetainedHostUITests
2026-09-10T12:01:46.0031470Z 
2026-09-10T12:01:46.0058300Z CopySwiftLibs /Users/runner/work/PartyDeck/PartyDeck/godot/ios-host/build/retained-host-test/DerivedData/Build/Products/Debug-iphonesimulator/RetainedHostUITests-Runner.app/PlugIns/RetainedHostUITests.xctest (in target 'RetainedHostUITests' from project 'RetainedHost')
2026-09-10T12:01:46.0060090Z     cd /Users/runner/work/PartyDeck/PartyDeck/godot/ios-host
2026-09-10T12:01:46.0068420Z     builtin-swiftStdLibTool --copy --verbose --scan-executable /Users/runner/work/PartyDeck/PartyDeck/godot/ios-host/build/retained-host-test/DerivedData/Build/Products/Debug-iphonesimulator/RetainedHostUITests-Runner.app/PlugIns/RetainedHostUITests.xctest/RetainedHostUITests --scan-folder /Users/runner/work/PartyDeck/PartyDeck/godot/ios-host/build/retained-host-test/DerivedData/Build/Products/Debug-iphonesimulator/RetainedHostUITests-Runner.app/PlugIns/RetainedHostUITests.xctest/Frameworks --scan-folder /Users/runner/work/PartyDeck/PartyDeck/godot/ios-host/build/retained-host-test/DerivedData/Build/Products/Debug-iphonesimulator/RetainedHostUITests-Runner.app/PlugIns/RetainedHostUITests.xctest/PlugIns --scan-folder /Users/runner/work/PartyDeck/PartyDeck/godot/ios-host/build/retained-host-test/DerivedData/Build/Products/Debug-iphonesimulator/RetainedHostUITests-Runner.app/PlugIns/RetainedHostUITests.xctest/SystemExtensions --scan-folder /Users/runner/work/PartyDeck/PartyDeck/godot/ios-host/build/retained-host-test/DerivedData/Build/Products/Debug-iphonesimulator/RetainedHostUITests-Runner.app/PlugIns/RetainedHostUITests.xctest/Extensions --platform iphonesimulator --toolchain /var/run/com.apple.security.cryptexd/mnt/com.apple.MobileAsset.MetalToolchain-v17.5.188.0.GHTKWz/Metal.xctoolchain --toolchain /Applications/Xcode_26.4.1.app/Contents/Developer/Toolchains/XcodeDefault.xctoolchain --destination /Users/runner/work/PartyDeck/PartyDeck/godot/ios-host/build/retained-host-test/DerivedData/Build/Products/Debug-iphonesimulator/RetainedHostUITests-Runner.app/PlugIns/RetainedHostUITests.xctest/Frameworks --strip-bitcode --scan-executable /Applications/Xcode_26.4.1.app/Contents/Developer/Platforms/iPhoneSimulator.platform/Developer/usr/lib/libXCTestSwiftSupport.dylib --strip-bitcode-tool /Applications/Xcode_26.4.1.app/Contents/Developer/Toolchains/XcodeDefault.xctoolchain/usr/bin/bitcode_strip --emit-dependency-info /Users/runner/work/PartyDeck/PartyDeck/godot/ios-host/build/retained-host-test/DerivedData/Build/Intermediates.noindex/RetainedHost.build/Debug-iphonesimulator/RetainedHostUITests.build/SwiftStdLibToolInputDependencies.dep --filter-for-swift-os
2026-09-10T12:01:46.1312770Z Ignoring --strip-bitcode because --sign was not passed
2026-09-10T12:01:46.1327940Z 
2026-09-10T12:01:46.1329220Z ExtractAppIntentsMetadata (in target 'RetainedHostUITests' from project 'RetainedHost')
2026-09-10T12:01:46.1331280Z     cd /Users/runner/work/PartyDeck/PartyDeck/godot/ios-host
2026-09-10T12:01:46.1368920Z     /Applications/Xcode_26.4.1.app/Contents/Developer/Toolchains/XcodeDefault.xctoolchain/usr/bin/appintentsmetadataprocessor --toolchain-dir /var/run/com.apple.security.cryptexd/mnt/com.apple.MobileAsset.MetalToolchain-v17.5.188.0.GHTKWz/Metal.xctoolchain --module-name RetainedHostUITests --sdk-root /Applications/Xcode_26.4.1.app/Contents/Developer/Platforms/iPhoneSimulator.platform/Developer/SDKs/iPhoneSimulator26.4.sdk --xcode-version 17E202 --platform-family iOS --deployment-target 15.0 --bundle-identifier dev.partydeck.godot.iosretained.UITests --output /Users/runner/work/PartyDeck/PartyDeck/godot/ios-host/build/retained-host-test/DerivedData/Build/Products/Debug-iphonesimulator/RetainedHostUITests-Runner.app/PlugIns/RetainedHostUITests.xctest --target-triple arm64-apple-ios15.0-simulator --binary-file /Users/runner/work/PartyDeck/PartyDeck/godot/ios-host/build/retained-host-test/DerivedData/Build/Products/Debug-iphonesimulator/RetainedHostUITests-Runner.app/PlugIns/RetainedHostUITests.xctest/RetainedHostUITests --dependency-file /Users/runner/work/PartyDeck/PartyDeck/godot/ios-host/build/retained-host-test/DerivedData/Build/Intermediates.noindex/RetainedHost.build/Debug-iphonesimulator/RetainedHostUITests.build/Objects-normal/arm64/RetainedHostUITests_dependency_info.dat --stringsdata-file /Users/runner/work/PartyDeck/PartyDeck/godot/ios-host/build/retained-host-test/DerivedData/Build/Intermediates.noindex/RetainedHost.build/Debug-iphonesimulator/RetainedHostUITests.build/Objects-normal/arm64/ExtractedAppShortcutsMetadata.stringsdata --source-file-list /Users/runner/work/PartyDeck/PartyDeck/godot/ios-host/build/retained-host-test/DerivedData/Build/Intermediates.noindex/RetainedHost.build/Debug-iphonesimulator/RetainedHostUITests.build/Objects-normal/arm64/RetainedHostUITests.SwiftFileList --metadata-file-list /Users/runner/work/PartyDeck/PartyDeck/godot/ios-host/build/retained-host-test/DerivedData/Build/Intermediates.noindex/RetainedHost.build/Debug-iphonesimulator/RetainedHostUITests.build/RetainedHostUITests.DependencyMetadataFileList --static-metadata-file-list /Users/runner/work/PartyDeck/PartyDeck/godot/ios-host/build/retained-host-test/DerivedData/Build/Intermediates.noindex/RetainedHost.build/Debug-iphonesimulator/RetainedHostUITests.build/RetainedHostUITests.DependencyStaticMetadataFileList --swift-const-vals-list /Users/runner/work/PartyDeck/PartyDeck/godot/ios-host/build/retained-host-test/DerivedData/Build/Intermediates.noindex/RetainedHost.build/Debug-iphonesimulator/RetainedHostUITests.build/Objects-normal/arm64/RetainedHostUITests.SwiftConstValuesFileList --compile-time-extraction --deployment-aware-processing --validate-assistant-intents --no-app-shortcuts-localization
2026-09-10T12:01:46.6207340Z 2026-09-10 12:01:46.589 appintentsmetadataprocessor[14314:45469] Starting appintentsmetadataprocessor export
2026-09-10T12:01:46.6209230Z 2026-09-10 12:01:46.617 appintentsmetadataprocessor[14314:45469] warning: Metadata extraction skipped. No AppIntents.framework dependency found.
2026-09-10T12:01:46.6210060Z 
2026-09-10T12:01:46.6213610Z AppIntentsSSUTraining (in target 'RetainedHostUITests' from project 'RetainedHost')
2026-09-10T12:01:46.6214750Z     cd /Users/runner/work/PartyDeck/PartyDeck/godot/ios-host
2026-09-10T12:01:46.6220290Z     /Applications/Xcode_26.4.1.app/Contents/Developer/Toolchains/XcodeDefault.xctoolchain/usr/bin/appintentsnltrainingprocessor --infoplist-path /Users/runner/work/PartyDeck/PartyDeck/godot/ios-host/build/retained-host-test/DerivedData/Build/Products/Debug-iphonesimulator/RetainedHostUITests-Runner.app/PlugIns/RetainedHostUITests.xctest/Info.plist --temp-dir-path /Users/runner/work/PartyDeck/PartyDeck/godot/ios-host/build/retained-host-test/DerivedData/Build/Intermediates.noindex/RetainedHost.build/Debug-iphonesimulator/RetainedHostUITests.build/ssu --bundle-id dev.partydeck.godot.iosretained.UITests --product-path /Users/runner/work/PartyDeck/PartyDeck/godot/ios-host/build/retained-host-test/DerivedData/Build/Products/Debug-iphonesimulator/RetainedHostUITests-Runner.app/PlugIns/RetainedHostUITests.xctest --extracted-metadata-path /Users/runner/work/PartyDeck/PartyDeck/godot/ios-host/build/retained-host-test/DerivedData/Build/Products/Debug-iphonesimulator/RetainedHostUITests-Runner.app/PlugIns/RetainedHostUITests.xctest/Metadata.appintents --metadata-file-list /Users/runner/work/PartyDeck/PartyDeck/godot/ios-host/build/retained-host-test/DerivedData/Build/Intermediates.noindex/RetainedHost.build/Debug-iphonesimulator/RetainedHostUITests.build/RetainedHostUITests.DependencyMetadataFileList --source-file /Users/runner/work/PartyDeck/PartyDeck/godot/ios-host/build/retained-host-test/DerivedData/Build/Products/Debug-iphonesimulator/RetainedHostUITests-Runner.app/PlugIns/RetainedHostUITests.xctest/Info.plist --archive-ssu-assets
2026-09-10T12:01:46.7236910Z 2026-09-10 12:01:46.704 appintentsnltrainingprocessor[14315:45474] Parsing options for appintentsnltrainingprocessor
2026-09-10T12:01:46.7261710Z 2026-09-10 12:01:46.705 appintentsnltrainingprocessor[14315:45474] Starting AppIntents SSU YAML Generation
2026-09-10T12:01:46.7264480Z 2026-09-10 12:01:46.721 appintentsnltrainingprocessor[14315:45474] No AppShortcuts found - Skipping.
2026-09-10T12:01:46.7269550Z 
2026-09-10T12:01:46.7270680Z MkDir /Users/runner/work/PartyDeck/PartyDeck/godot/ios-host/build/retained-host-test/DerivedData/Build/Products/Debug-iphonesimulator/RetainedHostUITests-Runner.app (in target 'RetainedHostUITests' from project 'RetainedHost')
2026-09-10T12:01:46.7272250Z     cd /Users/runner/work/PartyDeck/PartyDeck/godot/ios-host
2026-09-10T12:01:46.7273230Z     /bin/mkdir -p /Users/runner/work/PartyDeck/PartyDeck/godot/ios-host/build/retained-host-test/DerivedData/Build/Products/Debug-iphonesimulator/RetainedHostUITests-Runner.app
2026-09-10T12:01:46.7276000Z 
2026-09-10T12:01:46.7277270Z CopyPlistFile /Users/runner/work/PartyDeck/PartyDeck/godot/ios-host/build/retained-host-test/DerivedData/Build/Products/Debug-iphonesimulator/RetainedHostUITests-Runner.app/Info.plist /Applications/Xcode_26.4.1.app/Contents/Developer/Platforms/iPhoneSimulator.platform/Developer/Library/Xcode/Agents/XCTRunner.app/Info.plist (in target 'RetainedHostUITests' from project 'RetainedHost')
2026-09-10T12:01:46.7279210Z     cd /Users/runner/work/PartyDeck/PartyDeck/godot/ios-host
2026-09-10T12:01:46.7283210Z     builtin-copyPlist --validate --convert xml1 --macro-expansion WRAPPEDPRODUCTNAME RetainedHostUITests-Runner --macro-expansion WRAPPEDPRODUCTBUNDLEIDENTIFIER dev.partydeck.godot.iosretained.UITests.xctrunner --macro-expansion TESTPRODUCTNAME RetainedHostUITests --macro-expansion TESTPRODUCTBUNDLEIDENTIFIER dev.partydeck.godot.iosretained.UITests --copy-value UIDeviceFamily /Users/runner/work/PartyDeck/PartyDeck/godot/ios-host/build/retained-host-test/DerivedData/Build/Products/Debug-iphonesimulator/RetainedHostUITests-Runner.app/PlugIns/RetainedHostUITests.xctest/Info.plist --outdir /Users/runner/work/PartyDeck/PartyDeck/godot/ios-host/build/retained-host-test/DerivedData/Build/Products/Debug-iphonesimulator/RetainedHostUITests-Runner.app -- /Applications/Xcode_26.4.1.app/Contents/Developer/Platforms/iPhoneSimulator.platform/Developer/Library/Xcode/Agents/XCTRunner.app/Info.plist
2026-09-10T12:01:46.7369580Z 
2026-09-10T12:01:46.7372590Z CopyAndPreserveArchs /Users/runner/work/PartyDeck/PartyDeck/godot/ios-host/build/retained-host-test/DerivedData/Build/Products/Debug-iphonesimulator/RetainedHostUITests-Runner.app/RetainedHostUITests-Runner (in target 'RetainedHostUITests' from project 'RetainedHost')
2026-09-10T12:01:46.7374920Z     cd /Users/runner/work/PartyDeck/PartyDeck/godot/ios-host
2026-09-10T12:01:46.7378000Z     /Applications/Xcode_26.4.1.app/Contents/Developer/Toolchains/XcodeDefault.xctoolchain/usr/bin/lipo /Applications/Xcode_26.4.1.app/Contents/Developer/Platforms/iPhoneSimulator.platform/Developer/Library/Xcode/Agents/XCTRunner.app/XCTRunner -output /Users/runner/work/PartyDeck/PartyDeck/godot/ios-host/build/retained-host-test/DerivedData/Build/Products/Debug-iphonesimulator/RetainedHostUITests-Runner.app/RetainedHostUITests-Runner -extract arm64
2026-09-10T12:01:46.7383140Z 
2026-09-10T12:01:46.7385840Z Copy /Users/runner/work/PartyDeck/PartyDeck/godot/ios-host/build/retained-host-test/DerivedData/Build/Products/Debug-iphonesimulator/RetainedHostUITests-Runner.app/PkgInfo /Applications/Xcode_26.4.1.app/Contents/Developer/Platforms/iPhoneSimulator.platform/Developer/Library/Xcode/Agents/XCTRunner.app/PkgInfo (in target 'RetainedHostUITests' from project 'RetainedHost')
2026-09-10T12:01:46.7389760Z     cd /Users/runner/work/PartyDeck/PartyDeck/godot/ios-host
2026-09-10T12:01:46.7395320Z     builtin-copy -exclude .DS_Store -exclude CVS -exclude .svn -exclude .git -exclude .hg -strip-unsigned-binaries -strip-deterministic -strip-tool /Applications/Xcode_26.4.1.app/Contents/Developer/Toolchains/XcodeDefault.xctoolchain/usr/bin/strip -resolve-src-symlinks /Applications/Xcode_26.4.1.app/Contents/Developer/Platforms/iPhoneSimulator.platform/Developer/Library/Xcode/Agents/XCTRunner.app/PkgInfo /Users/runner/work/PartyDeck/PartyDeck/godot/ios-host/build/retained-host-test/DerivedData/Build/Products/Debug-iphonesimulator/RetainedHostUITests-Runner.app
2026-09-10T12:01:46.7402730Z 
2026-09-10T12:01:46.7406840Z Copy /Users/runner/work/PartyDeck/PartyDeck/godot/ios-host/build/retained-host-test/DerivedData/Build/Products/Debug-iphonesimulator/RetainedHostUITests-Runner.app/Frameworks/libXCTestSwiftSupport.dylib /Applications/Xcode_26.4.1.app/Contents/Developer/Platforms/iPhoneSimulator.platform/Developer/usr/lib/libXCTestSwiftSupport.dylib (in target 'RetainedHostUITests' from project 'RetainedHost')
2026-09-10T12:01:46.7410560Z     cd /Users/runner/work/PartyDeck/PartyDeck/godot/ios-host
2026-09-10T12:01:46.7415990Z     builtin-copy -exclude .DS_Store -exclude CVS -exclude .svn -exclude .git -exclude .hg -exclude Headers -exclude PrivateHeaders -exclude Modules -exclude \*.tbd -strip-unsigned-binaries -strip-deterministic -strip-tool /Applications/Xcode_26.4.1.app/Contents/Developer/Toolchains/XcodeDefault.xctoolchain/usr/bin/strip -resolve-src-symlinks /Applications/Xcode_26.4.1.app/Contents/Developer/Platforms/iPhoneSimulator.platform/Developer/usr/lib/libXCTestSwiftSupport.dylib /Users/runner/work/PartyDeck/PartyDeck/godot/ios-host/build/retained-host-test/DerivedData/Build/Products/Debug-iphonesimulator/RetainedHostUITests-Runner.app/Frameworks
2026-09-10T12:01:46.7975010Z warning: not stripping binary because it is signed: /Applications/Xcode_26.4.1.app/Contents/Developer/Platforms/iPhoneSimulator.platform/Developer/usr/lib/libXCTestSwiftSupport.dylib (in target 'RetainedHostUITests' from project 'RetainedHost')
2026-09-10T12:01:46.7995220Z 
2026-09-10T12:01:46.8000250Z Copy /Users/runner/work/PartyDeck/PartyDeck/godot/ios-host/build/retained-host-test/DerivedData/Build/Products/Debug-iphonesimulator/RetainedHostUITests-Runner.app/Frameworks/XCUnit.framework /Applications/Xcode_26.4.1.app/Contents/Developer/Platforms/iPhoneSimulator.platform/Developer/Library/PrivateFrameworks/XCUnit.framework (in target 'RetainedHostUITests' from project 'RetainedHost')
2026-09-10T12:01:46.8003820Z     cd /Users/runner/work/PartyDeck/PartyDeck/godot/ios-host
2026-09-10T12:01:46.8008070Z     builtin-copy -exclude .DS_Store -exclude CVS -exclude .svn -exclude .git -exclude .hg -exclude Headers -exclude PrivateHeaders -exclude Modules -exclude \*.tbd -strip-unsigned-binaries -strip-deterministic -strip-tool /Applications/Xcode_26.4.1.app/Contents/Developer/Toolchains/XcodeDefault.xctoolchain/usr/bin/strip -resolve-src-symlinks /Applications/Xcode_26.4.1.app/Contents/Developer/Platforms/iPhoneSimulator.platform/Developer/Library/PrivateFrameworks/XCUnit.framework /Users/runner/work/PartyDeck/PartyDeck/godot/ios-host/build/retained-host-test/DerivedData/Build/Products/Debug-iphonesimulator/RetainedHostUITests-Runner.app/Frameworks
2026-09-10T12:01:46.8014580Z warning: not stripping binary because it is signed: /Applications/Xcode_26.4.1.app/Contents/Developer/Platforms/iPhoneSimulator.platform/Developer/Library/PrivateFrameworks/XCUnit.framework/XCUnit (in target 'RetainedHostUITests' from project 'RetainedHost')
2026-09-10T12:01:46.8015660Z 
2026-09-10T12:01:46.8017980Z Copy /Users/runner/work/PartyDeck/PartyDeck/godot/ios-host/build/retained-host-test/DerivedData/Build/Products/Debug-iphonesimulator/RetainedHostUITests-Runner.app/Frameworks/XCUIAutomation.framework /Applications/Xcode_26.4.1.app/Contents/Developer/Platforms/iPhoneSimulator.platform/Developer/Library/Frameworks/XCUIAutomation.framework (in target 'RetainedHostUITests' from project 'RetainedHost')
2026-09-10T12:01:46.8023710Z     cd /Users/runner/work/PartyDeck/PartyDeck/godot/ios-host
2026-09-10T12:01:46.8026010Z     builtin-copy -exclude .DS_Store -exclude CVS -exclude .svn -exclude .git -exclude .hg -exclude Headers -exclude PrivateHeaders -exclude Modules -exclude \*.tbd -strip-unsigned-binaries -strip-deterministic -strip-tool /Applications/Xcode_26.4.1.app/Contents/Developer/Toolchains/XcodeDefault.xctoolchain/usr/bin/strip -resolve-src-symlinks /Applications/Xcode_26.4.1.app/Contents/Developer/Platforms/iPhoneSimulator.platform/Developer/Library/Frameworks/XCUIAutomation.framework /Users/runner/work/PartyDeck/PartyDeck/godot/ios-host/build/retained-host-test/DerivedData/Build/Products/Debug-iphonesimulator/RetainedHostUITests-Runner.app/Frameworks
2026-09-10T12:01:46.8293750Z warning: not stripping binary because it is signed: /Applications/Xcode_26.4.1.app/Contents/Developer/Platforms/iPhoneSimulator.platform/Developer/Library/Frameworks/XCUIAutomation.framework/XCUIAutomation (in target 'RetainedHostUITests' from project 'RetainedHost')
2026-09-10T12:01:46.8329880Z 
2026-09-10T12:01:46.8333350Z Copy /Users/runner/work/PartyDeck/PartyDeck/godot/ios-host/build/retained-host-test/DerivedData/Build/Products/Debug-iphonesimulator/RetainedHostUITests-Runner.app/Frameworks/XCTestSupport.framework /Applications/Xcode_26.4.1.app/Contents/Developer/Platforms/iPhoneSimulator.platform/Developer/Library/PrivateFrameworks/XCTestSupport.framework (in target 'RetainedHostUITests' from project 'RetainedHost')
2026-09-10T12:01:46.8356950Z     cd /Users/runner/work/PartyDeck/PartyDeck/godot/ios-host
2026-09-10T12:01:46.8395660Z     builtin-copy -exclude .DS_Store -exclude CVS -exclude .svn -exclude .git -exclude .hg -exclude Headers -exclude PrivateHeaders -exclude Modules -exclude \*.tbd -strip-unsigned-binaries -strip-deterministic -strip-tool /Applications/Xcode_26.4.1.app/Contents/Developer/Toolchains/XcodeDefault.xctoolchain/usr/bin/strip -resolve-src-symlinks /Applications/Xcode_26.4.1.app/Contents/Developer/Platforms/iPhoneSimulator.platform/Developer/Library/PrivateFrameworks/XCTestSupport.framework /Users/runner/work/PartyDeck/PartyDeck/godot/ios-host/build/retained-host-test/DerivedData/Build/Products/Debug-iphonesimulator/RetainedHostUITests-Runner.app/Frameworks
2026-09-10T12:01:46.8501460Z warning: not stripping binary because it is signed: /Applications/Xcode_26.4.1.app/Contents/Developer/Platforms/iPhoneSimulator.platform/Developer/Library/PrivateFrameworks/XCTestSupport.framework/XCTestSupport (in target 'RetainedHostUITests' from project 'RetainedHost')
2026-09-10T12:01:46.8525460Z 
2026-09-10T12:01:46.8532030Z Copy /Users/runner/work/PartyDeck/PartyDeck/godot/ios-host/build/retained-host-test/DerivedData/Build/Products/Debug-iphonesimulator/RetainedHostUITests-Runner.app/Frameworks/XCTestCore.framework /Applications/Xcode_26.4.1.app/Contents/Developer/Platforms/iPhoneSimulator.platform/Developer/Library/PrivateFrameworks/XCTestCore.framework (in target 'RetainedHostUITests' from project 'RetainedHost')
2026-09-10T12:01:46.8567570Z     cd /Users/runner/work/PartyDeck/PartyDeck/godot/ios-host
2026-09-10T12:01:46.8654750Z     builtin-copy -exclude .DS_Store -exclude CVS -exclude .svn -exclude .git -exclude .hg -exclude Headers -exclude PrivateHeaders -exclude Modules -exclude \*.tbd -strip-unsigned-binaries -strip-deterministic -strip-tool /Applications/Xcode_26.4.1.app/Contents/Developer/Toolchains/XcodeDefault.xctoolchain/usr/bin/strip -resolve-src-symlinks /Applications/Xcode_26.4.1.app/Contents/Developer/Platforms/iPhoneSimulator.platform/Developer/Library/PrivateFrameworks/XCTestCore.framework /Users/runner/work/PartyDeck/PartyDeck/godot/ios-host/build/retained-host-test/DerivedData/Build/Products/Debug-iphonesimulator/RetainedHostUITests-Runner.app/Frameworks
2026-09-10T12:01:46.8860180Z warning: not stripping binary because it is signed: /Applications/Xcode_26.4.1.app/Contents/Developer/Platforms/iPhoneSimulator.platform/Developer/Library/PrivateFrameworks/XCTestCore.framework/XCTestCore (in target 'RetainedHostUITests' from project 'RetainedHost')
2026-09-10T12:01:46.8861450Z 
2026-09-10T12:01:46.8862850Z Copy /Users/runner/work/PartyDeck/PartyDeck/godot/ios-host/build/retained-host-test/DerivedData/Build/Products/Debug-iphonesimulator/RetainedHostUITests-Runner.app/Frameworks/XCTest.framework /Applications/Xcode_26.4.1.app/Contents/Developer/Platforms/iPhoneSimulator.platform/Developer/Library/Frameworks/XCTest.framework (in target 'RetainedHostUITests' from project 'RetainedHost')
2026-09-10T12:01:46.8868370Z     cd /Users/runner/work/PartyDeck/PartyDeck/godot/ios-host
2026-09-10T12:01:46.8875950Z     builtin-copy -exclude .DS_Store -exclude CVS -exclude .svn -exclude .git -exclude .hg -exclude Headers -exclude PrivateHeaders -exclude Modules -exclude \*.tbd -strip-unsigned-binaries -strip-deterministic -strip-tool /Applications/Xcode_26.4.1.app/Contents/Developer/Toolchains/XcodeDefault.xctoolchain/usr/bin/strip -resolve-src-symlinks /Applications/Xcode_26.4.1.app/Contents/Developer/Platforms/iPhoneSimulator.platform/Developer/Library/Frameworks/XCTest.framework /Users/runner/work/PartyDeck/PartyDeck/godot/ios-host/build/retained-host-test/DerivedData/Build/Products/Debug-iphonesimulator/RetainedHostUITests-Runner.app/Frameworks
2026-09-10T12:01:46.8886670Z warning: not stripping binary because it is signed: /Applications/Xcode_26.4.1.app/Contents/Developer/Platforms/iPhoneSimulator.platform/Developer/Library/Frameworks/XCTest.framework/XCTest (in target 'RetainedHostUITests' from project 'RetainedHost')
2026-09-10T12:01:46.8887970Z 
2026-09-10T12:01:46.8894330Z Copy /Users/runner/work/PartyDeck/PartyDeck/godot/ios-host/build/retained-host-test/DerivedData/Build/Products/Debug-iphonesimulator/RetainedHostUITests-Runner.app/Frameworks/XCTAutomationSupport.framework /Applications/Xcode_26.4.1.app/Contents/Developer/Platforms/iPhoneSimulator.platform/Developer/Library/PrivateFrameworks/XCTAutomationSupport.framework (in target 'RetainedHostUITests' from project 'RetainedHost')
2026-09-10T12:01:46.8896600Z     cd /Users/runner/work/PartyDeck/PartyDeck/godot/ios-host
2026-09-10T12:01:46.8901390Z     builtin-copy -exclude .DS_Store -exclude CVS -exclude .svn -exclude .git -exclude .hg -exclude Headers -exclude PrivateHeaders -exclude Modules -exclude \*.tbd -strip-unsigned-binaries -strip-deterministic -strip-tool /Applications/Xcode_26.4.1.app/Contents/Developer/Toolchains/XcodeDefault.xctoolchain/usr/bin/strip -resolve-src-symlinks /Applications/Xcode_26.4.1.app/Contents/Developer/Platforms/iPhoneSimulator.platform/Developer/Library/PrivateFrameworks/XCTAutomationSupport.framework /Users/runner/work/PartyDeck/PartyDeck/godot/ios-host/build/retained-host-test/DerivedData/Build/Products/Debug-iphonesimulator/RetainedHostUITests-Runner.app/Frameworks
2026-09-10T12:01:46.8904850Z warning: not stripping binary because it is signed: /Applications/Xcode_26.4.1.app/Contents/Developer/Platforms/iPhoneSimulator.platform/Developer/Library/PrivateFrameworks/XCTAutomationSupport.framework/XCTAutomationSupport (in target 'RetainedHostUITests' from project 'RetainedHost')
2026-09-10T12:01:46.8906000Z 
2026-09-10T12:01:46.8907330Z Copy /Users/runner/work/PartyDeck/PartyDeck/godot/ios-host/build/retained-host-test/DerivedData/Build/Products/Debug-iphonesimulator/RetainedHostUITests-Runner.app/Frameworks/Testing.framework /Applications/Xcode_26.4.1.app/Contents/Developer/Platforms/iPhoneSimulator.platform/Developer/Library/Frameworks/Testing.framework (in target 'RetainedHostUITests' from project 'RetainedHost')
2026-09-10T12:01:46.8909160Z     cd /Users/runner/work/PartyDeck/PartyDeck/godot/ios-host
2026-09-10T12:01:46.8912140Z     builtin-copy -exclude .DS_Store -exclude CVS -exclude .svn -exclude .git -exclude .hg -exclude Headers -exclude PrivateHeaders -exclude Modules -exclude \*.tbd -strip-unsigned-binaries -strip-deterministic -strip-tool /Applications/Xcode_26.4.1.app/Contents/Developer/Toolchains/XcodeDefault.xctoolchain/usr/bin/strip -resolve-src-symlinks /Applications/Xcode_26.4.1.app/Contents/Developer/Platforms/iPhoneSimulator.platform/Developer/Library/Frameworks/Testing.framework /Users/runner/work/PartyDeck/PartyDeck/godot/ios-host/build/retained-host-test/DerivedData/Build/Products/Debug-iphonesimulator/RetainedHostUITests-Runner.app/Frameworks
2026-09-10T12:01:46.9108950Z warning: not stripping binary because it is signed: /Applications/Xcode_26.4.1.app/Contents/Developer/Platforms/iPhoneSimulator.platform/Developer/Library/Frameworks/Testing.framework/Testing (in target 'RetainedHostUITests' from project 'RetainedHost')
2026-09-10T12:01:46.9119650Z 
2026-09-10T12:01:46.9124080Z RegisterExecutionPolicyException /Users/runner/work/PartyDeck/PartyDeck/godot/ios-host/build/retained-host-test/DerivedData/Build/Products/Debug-iphonesimulator/RetainedHostUITests-Runner.app/PlugIns/RetainedHostUITests.xctest (in target 'RetainedHostUITests' from project 'RetainedHost')
2026-09-10T12:01:46.9127330Z     cd /Users/runner/work/PartyDeck/PartyDeck/godot/ios-host
2026-09-10T12:01:46.9129890Z     builtin-RegisterExecutionPolicyException /Users/runner/work/PartyDeck/PartyDeck/godot/ios-host/build/retained-host-test/DerivedData/Build/Products/Debug-iphonesimulator/RetainedHostUITests-Runner.app/PlugIns/RetainedHostUITests.xctest
2026-09-10T12:01:46.9381220Z 
2026-09-10T12:01:46.9389630Z Touch /Users/runner/work/PartyDeck/PartyDeck/godot/ios-host/build/retained-host-test/DerivedData/Build/Products/Debug-iphonesimulator/RetainedHostUITests-Runner.app/PlugIns/RetainedHostUITests.xctest (in target 'RetainedHostUITests' from project 'RetainedHost')
2026-09-10T12:01:46.9392760Z     cd /Users/runner/work/PartyDeck/PartyDeck/godot/ios-host
2026-09-10T12:01:46.9395300Z     /usr/bin/touch -c /Users/runner/work/PartyDeck/PartyDeck/godot/ios-host/build/retained-host-test/DerivedData/Build/Products/Debug-iphonesimulator/RetainedHostUITests-Runner.app/PlugIns/RetainedHostUITests.xctest
2026-09-10T12:01:46.9624390Z 
2026-09-10T12:05:07.0062570Z 2026-09-10 12:05:06.134060+0000 RetainedHostUITests-Runner[21636:64327] [Default] Running tests...
2026-09-10T12:05:15.9010290Z objc[21636]: Class UIAccessibilityLoaderWebShared is implemented in both /Library/Developer/CoreSimulator/Volumes/iOS_23E254a/Library/Developer/CoreSimulator/Profiles/Runtimes/iOS 26.4.simruntime/Contents/Resources/RuntimeRoot/System/Library/AccessibilityBundles/WebCore.axbundle/WebCore (0x101e24310) and /Library/Developer/CoreSimulator/Volumes/iOS_23E254a/Library/Developer/CoreSimulator/Profiles/Runtimes/iOS 26.4.simruntime/Contents/Resources/RuntimeRoot/System/Library/AccessibilityBundles/WebKit.axbundle/WebKit (0x106af8398). This may cause spurious casting failures and mysterious crashes. One of the duplicates must be removed or renamed.
2026-09-10T12:05:21.2055130Z     t =      nans Interface orientation changed to Portrait
2026-09-10T12:05:22.9579420Z Test Suite 'All tests' started at 2026-09-10 12:05:20.609.
2026-09-10T12:05:23.0043830Z Test Suite 'RetainedHostUITests.xctest' started at 2026-09-10 12:05:20.612.
2026-09-10T12:05:23.0045470Z Test Suite 'RetainedHostUITests' started at 2026-09-10 12:05:20.613.
2026-09-10T12:05:23.0169100Z Test Case '-[RetainedHostUITests.RetainedHostUITests testActiveAndDormantBackgroundTransitionsStayConcealed]' started.
2026-09-10T12:05:23.0529190Z     t =     0.02s Start Test at 2026-09-10 12:05:20.629
2026-09-10T12:05:40.2581090Z 2026-09-10 12:05:40.177 xcodebuild[12203:40342] [MT] IDELaunchParametersSnapshot: The operation couldn’t be completed. (DebuggerLLDB.DebuggerVersionStore.StoreError error 0.)
2026-09-10T12:05:40.2582870Z 2026-09-10 12:05:40.177 xcodebuild[12203:40342] [MT] IDELaunchParametersSnapshot: no debugger version
2026-09-10T12:05:40.7223940Z     t =     1.08s Set Up
2026-09-10T12:05:40.7442550Z     t =     1.11s Open dev.partydeck.godot.iosretained
2026-09-10T12:05:40.7625760Z     t =     1.12s     Launch dev.partydeck.godot.iosretained
2026-09-10T12:05:49.8538580Z     t =    28.95s         Setting up automation session
2026-09-10T12:05:51.7202930Z     t =    30.98s         Wait for dev.partydeck.godot.iosretained to idle
2026-09-10T12:05:53.4180360Z     t =    32.75s Waiting 15.0s for "retained-shell" Any to exist
2026-09-10T12:05:54.4918940Z     t =    33.80s     Checking `Expect predicate `existsNoRetry == 1` for object "retained-shell" Any`
2026-09-10T12:05:54.5041580Z     t =    33.80s         Checking existence of `"retained-shell" Any`
2026-09-10T12:05:54.6126520Z     t =    33.99s Waiting 15.0s for "start-2d" Any to exist
2026-09-10T12:05:55.6600150Z     t =    35.02s     Checking `Expect predicate `existsNoRetry == 1` for object "start-2d" Any`
2026-09-10T12:05:55.6719150Z     t =    35.02s         Checking existence of `"start-2d" Any`
2026-09-10T12:05:55.9258970Z     t =    35.26s Find the "start-2d" Any
2026-09-10T12:05:56.2257640Z     t =    35.60s Tap "start-2d" Button
2026-09-10T12:05:56.2463540Z     t =    35.60s     Wait for dev.partydeck.godot.iosretained to idle
2026-09-10T12:05:56.2572270Z     t =    35.60s     Find the "start-2d" Button
2026-09-10T12:05:56.3940310Z     t =    35.76s     Check for interrupting elements affecting "start-2d" Button
2026-09-10T12:05:56.6250290Z     t =    36.00s     Synthesize event
2026-09-10T12:05:57.1017180Z     t =    36.48s     Wait for dev.partydeck.godot.iosretained to idle
2026-09-10T12:05:58.9377510Z     t =    38.18s Find the "retained-metrics" StaticText
2026-09-10T12:06:02.0282100Z     t =    41.39s Find the "retained-metrics" StaticText
2026-09-10T12:06:02.5865580Z     t =    41.94s Find the "retained-metrics" StaticText
2026-09-10T12:06:02.9420370Z     t =    42.27s Find the "retained-metrics" StaticText
2026-09-10T12:06:03.0194330Z     t =    42.40s Find the "retained-metrics" StaticText
2026-09-10T12:06:03.1394550Z     t =    42.51s Find the "retained-metrics" StaticText
2026-09-10T12:06:03.2183170Z     t =    42.60s Find the "godot-surface" Any
2026-09-10T12:06:03.4029460Z     t =    42.78s Find the "godot-surface" Other
2026-09-10T12:06:03.6121410Z     t =    42.97s Find the "godot-surface" Other
2026-09-10T12:06:03.7483590Z     t =    43.09s Added attachment named 'Measured real touch target'
2026-09-10T12:06:03.7538500Z     t =    43.09s Press "godot-surface" Other[0.50, 0.66] for 0.1 seconds, then drag to "godot-surface" Other[0.50, 0.55] with velocity of 73.00 pixels per second, and then hold for 0.3 seconds 
2026-09-10T12:06:03.7668290Z     t =    43.09s     Wait for dev.partydeck.godot.iosretained to idle
2026-09-10T12:06:03.7862200Z     t =    43.10s     Find the "godot-surface" Other
2026-09-10T12:06:03.8725210Z     t =    43.25s     Check for interrupting elements affecting "godot-surface" Other
2026-09-10T12:06:04.0794380Z     t =    43.35s     Synthesize event
2026-09-10T12:06:04.1666280Z     t =    43.35s         Find the "godot-surface" Other
2026-09-10T12:06:04.5379380Z     t =    43.90s         Find the "godot-surface" Other
2026-09-10T12:06:04.6562840Z     t =    44.03s         Find the "godot-surface" Other
2026-09-10T12:06:05.0220610Z     t =    44.29s         Find the "godot-surface" Other
2026-09-10T12:06:05.3814350Z     t =    44.74s         Find the "godot-surface" Other
2026-09-10T12:06:07.2469280Z     t =    46.62s     Wait for dev.partydeck.godot.iosretained to idle
2026-09-10T12:06:07.2598360Z     t =    46.62s Find the "retained-metrics" StaticText
2026-09-10T12:06:07.2807810Z     t =    46.66s Find the "retained-metrics" StaticText
2026-09-10T12:06:07.5977890Z     t =    46.87s Find the "retained-metrics" StaticText
2026-09-10T12:06:07.7125470Z     t =    47.01s Find the "godot-surface" Any
2026-09-10T12:06:07.7545900Z     t =    47.13s Find the "godot-surface" Other
2026-09-10T12:06:07.8211620Z     t =    47.19s Find the "godot-surface" Other
2026-09-10T12:06:07.8941130Z     t =    47.27s Added attachment named 'Measured real touch target'
2026-09-10T12:06:07.9069870Z     t =    47.27s Find the "retained-metrics" StaticText
2026-09-10T12:06:07.9311580Z     t =    47.31s Tap "godot-surface" Other[0.49, 0.73]
2026-09-10T12:06:07.9446890Z     t =    47.31s     Wait for dev.partydeck.godot.iosretained to idle
2026-09-10T12:06:07.9618650Z     t =    47.31s     Find the "godot-surface" Other
2026-09-10T12:06:08.0394190Z     t =    47.42s     Check for interrupting elements affecting "godot-surface" Other
2026-09-10T12:06:08.1010970Z     t =    47.48s     Synthesize event
2026-09-10T12:06:08.1107380Z     t =    47.48s         Find the "godot-surface" Other
2026-09-10T12:06:08.1766510Z     t =    47.56s         Find the "godot-surface" Other
2026-09-10T12:06:08.2899340Z     t =    47.64s         Find the "godot-surface" Other
2026-09-10T12:06:08.7635880Z     t =    48.08s     Wait for dev.partydeck.godot.iosretained to idle
2026-09-10T12:06:09.2321620Z     t =    48.56s Find the "retained-metrics" StaticText
2026-09-10T12:06:09.8490040Z     t =    49.19s Find the "retained-metrics" StaticText
2026-09-10T12:06:09.8803310Z     t =    49.26s Find the "retained-metrics" StaticText
2026-09-10T12:06:10.1212210Z     t =    49.48s Find the "retained-metrics" StaticText
2026-09-10T12:06:10.1417520Z     t =    49.52s Find the "godot-surface" Any
2026-09-10T12:06:10.2348050Z     t =    49.59s Find the "godot-surface" Other
2026-09-10T12:06:10.3039670Z     t =    49.68s Find the "godot-surface" Other
2026-09-10T12:06:10.4113480Z     t =    49.77s Added attachment named 'Measured real touch target'
2026-09-10T12:06:10.4215050Z     t =    49.77s Find the "retained-metrics" StaticText
2026-09-10T12:06:10.4769510Z     t =    49.84s Tap "godot-surface" Other[0.18, 0.60]
2026-09-10T12:06:10.4875530Z     t =    49.84s     Wait for dev.partydeck.godot.iosretained to idle
2026-09-10T12:06:10.4974840Z     t =    49.84s     Find the "godot-surface" Other
2026-09-10T12:06:10.5384390Z     t =    49.91s     Check for interrupting elements affecting "godot-surface" Other
2026-09-10T12:06:10.5820650Z     t =    49.96s     Synthesize event
2026-09-10T12:06:10.5926730Z     t =    49.96s         Find the "godot-surface" Other
2026-09-10T12:06:10.6353350Z     t =    50.00s         Find the "godot-surface" Other
2026-09-10T12:06:10.7060080Z     t =    50.06s         Find the "godot-surface" Other
2026-09-10T12:06:11.1334220Z     t =    50.45s     Wait for dev.partydeck.godot.iosretained to idle
2026-09-10T12:06:11.1769800Z     t =    50.53s Find the "retained-metrics" StaticText
2026-09-10T12:06:11.4074160Z     t =    50.79s Find the "retained-metrics" StaticText
2026-09-10T12:06:11.4404420Z     t =    50.81s Find the Target Application 'dev.partydeck.godot.iosretained'
2026-09-10T12:06:11.6771610Z     t =    51.06s Added attachment named 'Real reveal and card selection'
2026-09-10T12:06:11.6964780Z     t =    51.06s Find the "retained-metrics" StaticText
2026-09-10T12:06:11.7464690Z     t =    51.12s Added attachment named 'Real reveal and card selection measurements'
2026-09-10T12:06:11.7601190Z     t =    51.12s Find the "retained-metrics" StaticText
2026-09-10T12:06:11.7759160Z     t =    51.14s Tap "cycle-focus" Any
2026-09-10T12:06:11.7866430Z     t =    51.14s     Wait for dev.partydeck.godot.iosretained to idle
2026-09-10T12:06:11.7867480Z     t =    51.15s     Find the "cycle-focus" Any
2026-09-10T12:06:11.8074030Z     t =    51.19s     Check for interrupting elements affecting "cycle-focus" Button
2026-09-10T12:06:11.8587970Z     t =    51.24s     Synthesize event
2026-09-10T12:06:12.2162810Z     t =    51.56s     Wait for dev.partydeck.godot.iosretained to idle
2026-09-10T12:06:12.3288140Z     t =    51.68s Find the "retained-metrics" StaticText
2026-09-10T12:06:12.3746040Z     t =    51.74s Find the Target Application 'dev.partydeck.godot.iosretained'
2026-09-10T12:06:12.5572460Z     t =    51.94s Added attachment named 'Coalesced native foreground loss and regain returned concealed'
2026-09-10T12:06:12.5677600Z     t =    51.94s Find the "retained-metrics" StaticText
2026-09-10T12:06:12.5893580Z     t =    51.97s Added attachment named 'Coalesced native foreground loss and regain returned concealed measurements'
2026-09-10T12:06:12.6000340Z     t =    51.97s Find the "retained-metrics" StaticText
2026-09-10T12:06:12.6107710Z     t =    51.99s Find the "retained-metrics" StaticText
2026-09-10T12:06:12.7904590Z     t =    52.17s Find the "retained-metrics" StaticText
2026-09-10T12:06:12.9757100Z     t =    52.35s Find the "retained-metrics" StaticText
2026-09-10T12:06:13.2266660Z     t =    52.59s Find the "retained-metrics" StaticText
2026-09-10T12:06:13.2469800Z     t =    52.62s Find the "godot-surface" Any
2026-09-10T12:06:13.2998320Z     t =    52.67s Find the "godot-surface" Other
2026-09-10T12:06:13.3307510Z     t =    52.71s Find the "godot-surface" Other
2026-09-10T12:06:13.3613520Z     t =    52.74s Added attachment named 'Measured real touch target'
2026-09-10T12:06:13.3797280Z     t =    52.74s Find the "retained-metrics" StaticText
2026-09-10T12:06:13.4133910Z     t =    52.78s Tap "godot-surface" Other[0.49, 0.66]
2026-09-10T12:06:13.4235130Z     t =    52.78s     Wait for dev.partydeck.godot.iosretained to idle
2026-09-10T12:06:13.4339020Z     t =    52.79s     Find the "godot-surface" Other
2026-09-10T12:06:13.4567340Z     t =    52.83s     Check for interrupting elements affecting "godot-surface" Other
2026-09-10T12:06:13.5003970Z     t =    52.88s     Synthesize event
2026-09-10T12:06:13.5105710Z     t =    52.88s         Find the "godot-surface" Other
2026-09-10T12:06:13.5556280Z     t =    52.94s         Find the "godot-surface" Other
2026-09-10T12:06:13.7079320Z     t =    53.09s         Find the "godot-surface" Other
2026-09-10T12:06:14.2479150Z     t =    53.48s     Wait for dev.partydeck.godot.iosretained to idle
2026-09-10T12:06:14.2603470Z     t =    53.60s Find the "retained-metrics" StaticText
2026-09-10T12:06:14.4754820Z     t =    53.84s Find the "retained-metrics" StaticText
2026-09-10T12:06:14.5218300Z     t =    53.90s Find the "retained-metrics" StaticText
2026-09-10T12:06:14.6341060Z     t =    54.01s Find the "retained-metrics" StaticText
2026-09-10T12:06:14.8274530Z     t =    54.21s Find the "retained-metrics" StaticText
2026-09-10T12:06:15.0121020Z     t =    54.39s Find the "retained-metrics" StaticText
2026-09-10T12:06:15.1965910Z     t =    54.57s Find the "retained-metrics" StaticText
2026-09-10T12:06:15.2650300Z     t =    54.64s Find the "godot-surface" Any
2026-09-10T12:06:15.3349390Z     t =    54.71s Find the "godot-surface" Other
2026-09-10T12:06:15.3676660Z     t =    54.75s Find the "godot-surface" Other
2026-09-10T12:06:15.4219950Z     t =    54.80s Added attachment named 'Measured real touch target'
2026-09-10T12:06:15.4342260Z     t =    54.80s Find the "retained-metrics" StaticText
2026-09-10T12:06:15.4819940Z     t =    54.86s Tap "godot-surface" Other[0.18, 0.60]
2026-09-10T12:06:15.4927790Z     t =    54.86s     Wait for dev.partydeck.godot.iosretained to idle
2026-09-10T12:06:15.5026900Z     t =    54.87s     Find the "godot-surface" Other
2026-09-10T12:06:15.5557070Z     t =    54.93s     Check for interrupting elements affecting "godot-surface" Other
2026-09-10T12:06:15.6392610Z     t =    55.01s     Synthesize event
2026-09-10T12:06:15.6497340Z     t =    55.02s         Find the "godot-surface" Other
2026-09-10T12:06:15.6919790Z     t =    55.07s         Find the "godot-surface" Other
2026-09-10T12:06:15.7327700Z     t =    55.12s         Find the "godot-surface" Other
2026-09-10T12:06:16.0964310Z     t =    55.47s     Wait for dev.partydeck.godot.iosretained to idle
2026-09-10T12:06:16.2192700Z     t =    55.58s Find the "retained-metrics" StaticText
2026-09-10T12:06:16.2606200Z     t =    55.64s Find the Target Application 'dev.partydeck.godot.iosretained'
2026-09-10T12:06:16.4550370Z     t =    55.83s Added attachment named 'Real reveal and card selection'
2026-09-10T12:06:16.4670550Z     t =    55.83s Find the "retained-metrics" StaticText
2026-09-10T12:06:16.4778000Z     t =    55.86s Added attachment named 'Real reveal and card selection measurements'
2026-09-10T12:06:16.4882170Z     t =    55.86s Find the "retained-metrics" StaticText
2026-09-10T12:06:16.5128410Z     t =    55.88s Tap "pause-table" Any
2026-09-10T12:06:16.5232410Z     t =    55.88s     Wait for dev.partydeck.godot.iosretained to idle
2026-09-10T12:06:16.5334930Z     t =    55.89s     Find the "pause-table" Any
2026-09-10T12:06:16.5959170Z     t =    55.96s     Check for interrupting elements affecting "pause-table" Button
2026-09-10T12:06:16.6276800Z     t =    56.00s     Synthesize event
2026-09-10T12:06:16.9579240Z     t =    56.33s     Wait for dev.partydeck.godot.iosretained to idle
2026-09-10T12:06:17.0312390Z     t =    56.38s Find the "retained-metrics" StaticText
2026-09-10T12:06:17.2067350Z     t =    56.59s Find the "retained-metrics" StaticText
2026-09-10T12:06:17.4078500Z     t =    56.78s Find the "retained-metrics" StaticText
2026-09-10T12:06:17.6263230Z     t =    56.98s Find the "retained-metrics" StaticText
2026-09-10T12:06:17.6687630Z     t =    57.04s Find the "retained-metrics" StaticText
2026-09-10T12:06:17.8893600Z     t =    57.25s Find the "retained-metrics" StaticText
2026-09-10T12:06:18.0936820Z     t =    57.46s Find the "retained-metrics" StaticText
2026-09-10T12:06:18.2671000Z     t =    57.65s Find the "retained-metrics" StaticText
2026-09-10T12:06:18.4579290Z     t =    57.84s Find the "retained-metrics" StaticText
2026-09-10T12:06:18.4796420Z     t =    57.86s Tap "pause-table" Any
2026-09-10T12:06:18.4899820Z     t =    57.86s     Wait for dev.partydeck.godot.iosretained to idle
2026-09-10T12:06:18.5001980Z     t =    57.86s     Find the "pause-table" Any
2026-09-10T12:06:18.5130890Z     t =    57.89s     Check for interrupting elements affecting "pause-table" Button
2026-09-10T12:06:18.5773710Z     t =    57.95s     Synthesize event
2026-09-10T12:06:18.8905220Z     t =    58.26s     Wait for dev.partydeck.godot.iosretained to idle
2026-09-10T12:06:19.0951500Z     t =    58.42s Find the "retained-metrics" StaticText
2026-09-10T12:06:19.1516320Z     t =    58.53s Find the "retained-metrics" StaticText
2026-09-10T12:06:19.1833840Z     t =    58.56s Find the "retained-metrics" StaticText
2026-09-10T12:06:19.3716260Z     t =    58.75s Find the "retained-metrics" StaticText
2026-09-10T12:06:19.3930980Z     t =    58.77s Find the "godot-surface" Any
2026-09-10T12:06:19.4694110Z     t =    58.85s Find the "godot-surface" Other
2026-09-10T12:06:19.5254860Z     t =    58.90s Find the "godot-surface" Other
2026-09-10T12:06:19.5679140Z     t =    58.95s Added attachment named 'Measured real touch target'
2026-09-10T12:06:19.5781610Z     t =    58.95s Find the "retained-metrics" StaticText
2026-09-10T12:06:19.6227350Z     t =    59.00s Tap "godot-surface" Other[0.49, 0.66]
2026-09-10T12:06:19.6332250Z     t =    59.00s     Wait for dev.partydeck.godot.iosretained to idle
2026-09-10T12:06:19.6440240Z     t =    59.00s     Find the "godot-surface" Other
2026-09-10T12:06:19.6920040Z     t =    59.06s     Check for interrupting elements affecting "godot-surface" Other
2026-09-10T12:06:19.7816720Z     t =    59.16s     Synthesize event
2026-09-10T12:06:19.7932450Z     t =    59.16s         Find the "godot-surface" Other
2026-09-10T12:06:19.8566540Z     t =    59.24s         Find the "godot-surface" Other
2026-09-10T12:06:19.9621700Z     t =    59.33s         Find the "godot-surface" Other
2026-09-10T12:06:20.5658860Z     t =    59.79s     Wait for dev.partydeck.godot.iosretained to idle
2026-09-10T12:06:20.5808060Z     t =    59.89s Find the "retained-metrics" StaticText
2026-09-10T12:06:20.8741450Z     t =    60.25s Find the "retained-metrics" StaticText
2026-09-10T12:06:20.9750000Z     t =    60.35s Find the "retained-metrics" StaticText
2026-09-10T12:06:21.0447310Z     t =    60.41s Find the "retained-metrics" StaticText
2026-09-10T12:06:21.3011230Z     t =    60.67s Find the "retained-metrics" StaticText
2026-09-10T12:06:21.6872020Z     t =    61.06s Find the "retained-metrics" StaticText
2026-09-10T12:06:22.0543200Z     t =    61.26s Find the "godot-surface" Any
2026-09-10T12:06:22.2841670Z     t =    61.65s Find the "godot-surface" Other
2026-09-10T12:06:22.5183250Z     t =    61.89s Find the "godot-surface" Other
2026-09-10T12:06:22.6251280Z     t =    62.00s Added attachment named 'Measured real touch target'
2026-09-10T12:06:22.6434370Z     t =    62.00s Find the "retained-metrics" StaticText
2026-09-10T12:06:22.6933960Z     t =    62.06s Tap "godot-surface" Other[0.18, 0.60]
2026-09-10T12:06:22.7039560Z     t =    62.06s     Wait for dev.partydeck.godot.iosretained to idle
2026-09-10T12:06:22.7142550Z     t =    62.07s     Find the "godot-surface" Other
2026-09-10T12:06:22.7562290Z     t =    62.13s     Check for interrupting elements affecting "godot-surface" Other
2026-09-10T12:06:22.8224940Z     t =    62.19s     Synthesize event
2026-09-10T12:06:22.8329240Z     t =    62.20s         Find the "godot-surface" Other
2026-09-10T12:06:22.9209390Z     t =    62.30s         Find the "godot-surface" Other
2026-09-10T12:06:23.0391140Z     t =    62.42s         Find the "godot-surface" Other
2026-09-10T12:06:25.3182200Z     t =    63.84s     Wait for dev.partydeck.godot.iosretained to idle
2026-09-10T12:06:25.3325160Z     t =    63.94s Find the "retained-metrics" StaticText
2026-09-10T12:06:25.4648840Z     t =    64.83s Find the Target Application 'dev.partydeck.godot.iosretained'
2026-09-10T12:06:25.6920110Z     t =    65.06s Added attachment named 'Real reveal and card selection'
2026-09-10T12:06:25.7024980Z     t =    65.07s Find the "retained-metrics" StaticText
2026-09-10T12:06:25.7533770Z     t =    65.12s Added attachment named 'Real reveal and card selection measurements'
2026-09-10T12:06:25.7718800Z     t =    65.12s Find the "retained-metrics" StaticText
2026-09-10T12:06:25.8138120Z     t =    65.19s Pressing Home button
2026-09-10T12:06:26.4679070Z     t =    65.73s Find the Application 'com.apple.springboard'
2026-09-10T12:06:28.1653360Z     t =    66.62s Checking existence of `"Safari" Icon`
2026-09-10T12:06:28.1782420Z     t =    66.92s Find the "Safari" Icon
2026-09-10T12:06:28.2047370Z     t =    67.10s Find the "Safari" Icon
2026-09-10T12:06:28.2246030Z     t =    67.44s Find the "Safari" Icon
2026-09-10T12:06:28.4947810Z     t =    67.63s Checking existence of `"Messages" Icon`
2026-09-10T12:06:28.5546390Z     t =    67.87s Find the "Messages" Icon
2026-09-10T12:06:29.0859230Z     t =    68.09s Find the "Messages" Icon
2026-09-10T12:06:29.1027650Z     t =    68.28s Find the "Messages" Icon
2026-09-10T12:06:29.1173270Z     t =    68.40s Get number of matches for: Descendants matching type Alert
2026-09-10T12:06:29.1300730Z     t =    68.44s Added attachment named 'Actual Home state and dock observation'
2026-09-10T12:06:29.1416860Z     t =    68.44s Requesting snapshot of accessibility hierarchy for app with pid 6173
2026-09-10T12:06:29.6373810Z     t =    69.01s Requesting snapshot of accessibility hierarchy for app with pid 6173
2026-09-10T12:06:29.7361430Z     t =    69.10s Added attachment named 'Actual SpringBoard hierarchy'
2026-09-10T12:06:29.9826930Z     t =    69.36s Added attachment named 'Actual Home screen'
2026-09-10T12:06:29.9992080Z     t =    69.36s Open dev.partydeck.godot.iosretained
2026-09-10T12:06:30.0259830Z     t =    69.36s     Activate dev.partydeck.godot.iosretained
2026-09-10T12:06:30.1157050Z     t =    69.48s         Wait for dev.partydeck.godot.iosretained to idle
2026-09-10T12:06:30.1273670Z     t =    69.48s Find the "retained-metrics" StaticText
2026-09-10T12:06:31.1104400Z     t =    70.46s Find the "retained-metrics" StaticText
2026-09-10T12:06:31.5570480Z     t =    70.81s Find the "retained-metrics" StaticText
2026-09-10T12:06:31.5748640Z     t =    70.95s Find the Target Application 'dev.partydeck.godot.iosretained'
2026-09-10T12:06:31.8516430Z     t =    71.18s Added attachment named 'Real background and resume kept the same authority concealed'
2026-09-10T12:06:31.8644900Z     t =    71.18s Find the "retained-metrics" StaticText
2026-09-10T12:06:31.9470830Z     t =    71.31s Added attachment named 'Real background and resume kept the same authority concealed measurements'
2026-09-10T12:06:31.9578900Z     t =    71.31s Find the "retained-metrics" StaticText
2026-09-10T12:06:32.1463650Z     t =    71.50s Find the "retained-metrics" StaticText
2026-09-10T12:06:32.5162900Z     t =    71.88s Find the "retained-metrics" StaticText
2026-09-10T12:06:32.6129810Z     t =    71.98s Find the "godot-surface" Any
2026-09-10T12:06:32.7182870Z     t =    72.09s Find the "godot-surface" Other
2026-09-10T12:06:32.8103920Z     t =    72.18s Find the "godot-surface" Other
2026-09-10T12:06:32.8932820Z     t =    72.26s Added attachment named 'Measured real touch target'
2026-09-10T12:06:32.9046630Z     t =    72.26s Find the "retained-metrics" StaticText
2026-09-10T12:06:32.9621540Z     t =    72.33s Tap "godot-surface" Other[0.15, 0.06]
2026-09-10T12:06:32.9737600Z     t =    72.33s     Wait for dev.partydeck.godot.iosretained to idle
2026-09-10T12:06:32.9846800Z     t =    72.34s     Find the "godot-surface" Other
2026-09-10T12:06:33.0474090Z     t =    72.42s     Check for interrupting elements affecting "godot-surface" Other
2026-09-10T12:06:33.1230840Z     t =    72.50s     Synthesize event
2026-09-10T12:06:33.1336350Z     t =    72.50s         Find the "godot-surface" Other
2026-09-10T12:06:33.2257030Z     t =    72.59s         Find the "godot-surface" Other
2026-09-10T12:06:33.4199750Z     t =    72.80s         Find the "godot-surface" Other
2026-09-10T12:06:33.8367160Z     t =    73.20s     Wait for dev.partydeck.godot.iosretained to idle
2026-09-10T12:06:33.8630090Z     t =    73.23s Find the "retained-metrics" StaticText
2026-09-10T12:06:34.0924420Z     t =    73.47s Find the "retained-metrics" StaticText
2026-09-10T12:06:34.2908770Z     t =    73.67s Find the "retained-metrics" StaticText
2026-09-10T12:06:34.4970250Z     t =    73.87s Find the "retained-metrics" StaticText
2026-09-10T12:06:34.6137080Z     t =    73.97s Checking existence of `"retained-shell" Any`
2026-09-10T12:06:34.6677950Z     t =    74.04s Checking existence of `"godot-surface" Any`
2026-09-10T12:06:34.8463440Z     t =    74.21s Find the Target Application 'dev.partydeck.godot.iosretained'
2026-09-10T12:06:35.0599070Z     t =    74.42s Added attachment named 'Whole recipient scene retired; retained services dormant'
2026-09-10T12:06:35.0709210Z     t =    74.43s Find the "retained-metrics" StaticText
2026-09-10T12:06:35.5009390Z     t =    74.79s Added attachment named 'Whole recipient scene retired; retained services dormant measurements'
2026-09-10T12:06:35.5171270Z     t =    74.79s Tap "host-counter-button" Any
2026-09-10T12:06:35.5287950Z     t =    74.79s     Wait for dev.partydeck.godot.iosretained to idle
2026-09-10T12:06:35.5393990Z     t =    74.80s     Find the "host-counter-button" Any
2026-09-10T12:06:35.5956890Z     t =    74.95s     Check for interrupting elements affecting "host-counter-button" Button
2026-09-10T12:06:35.7678450Z     t =    75.14s     Synthesize event
2026-09-10T12:06:36.1032020Z     t =    75.47s     Wait for dev.partydeck.godot.iosretained to idle
2026-09-10T12:06:36.1153200Z     t =    75.47s Find the "retained-metrics" StaticText
2026-09-10T12:06:36.2087770Z     t =    75.58s Find the "retained-metrics" StaticText
2026-09-10T12:06:36.4450840Z     t =    75.81s Find the "retained-metrics" StaticText
2026-09-10T12:06:36.6034050Z     t =    75.98s Find the "retained-metrics" StaticText
2026-09-10T12:06:36.8402370Z     t =    76.21s Find the "retained-metrics" StaticText
2026-09-10T12:06:36.9170920Z     t =    76.29s Added attachment named 'Measured dormant shell interval'
2026-09-10T12:06:36.9274530Z     t =    76.29s Pressing Home button
2026-09-10T12:06:38.0804120Z     t =    76.76s Find the Application 'com.apple.springboard'
2026-09-10T12:06:38.1623750Z     t =    76.97s Checking existence of `"Safari" Icon`
2026-09-10T12:06:38.2335500Z     t =    77.33s Find the "Safari" Icon
2026-09-10T12:06:38.6308230Z     t =    77.75s Find the "Safari" Icon
2026-09-10T12:06:38.6459630Z     t =    77.92s Find the "Safari" Icon
2026-09-10T12:06:38.7002580Z     t =    78.05s Checking existence of `"Messages" Icon`
2026-09-10T12:06:38.8267800Z     t =    78.18s Find the "Messages" Icon
2026-09-10T12:06:38.9158530Z     t =    78.29s Find the "Messages" Icon
2026-09-10T12:06:39.1945560Z     t =    78.40s Find the "Messages" Icon
2026-09-10T12:06:39.2396950Z     t =    78.51s Get number of matches for: Descendants matching type Alert
2026-09-10T12:06:39.2505000Z     t =    78.56s Added attachment named 'Actual Home state and dock observation'
2026-09-10T12:06:39.2622710Z     t =    78.56s Requesting snapshot of accessibility hierarchy for app with pid 6173
2026-09-10T12:06:39.7862240Z     t =    79.08s Requesting snapshot of accessibility hierarchy for app with pid 6173
2026-09-10T12:06:39.8124560Z     t =    79.18s Added attachment named 'Actual SpringBoard hierarchy'
2026-09-10T12:06:40.0467000Z     t =    79.42s Added attachment named 'Actual Home screen'
2026-09-10T12:06:40.0569710Z     t =    79.43s Open dev.partydeck.godot.iosretained
2026-09-10T12:06:40.0672180Z     t =    79.43s     Activate dev.partydeck.godot.iosretained
2026-09-10T12:06:40.1735670Z     t =    79.47s         Wait for dev.partydeck.godot.iosretained to idle
2026-09-10T12:06:40.1951590Z     t =    79.53s Find the "retained-metrics" StaticText
2026-09-10T12:06:41.3874270Z /Users/runner/work/PartyDeck/PartyDeck/godot/ios-host/RetainedHostUITests/RetainedHostUITests.swift:101: error: -[RetainedHostUITests.RetainedHostUITests testActiveAndDormantBackgroundTransitionsStayConcealed] : XCTAssertTrue failed
2026-09-10T12:06:41.3987580Z     t =    80.76s Tap "host-counter-button" Any
2026-09-10T12:06:41.4099380Z     t =    80.76s     Wait for dev.partydeck.godot.iosretained to idle
2026-09-10T12:06:41.4243100Z     t =    80.76s     Find the "host-counter-button" Any
2026-09-10T12:06:41.5388120Z     t =    80.90s     Check for interrupting elements affecting "host-counter-button" Button
2026-09-10T12:06:41.6486950Z     t =    81.01s Find the "retained-metrics" StaticText
2026-09-10T12:06:41.7825410Z     t =    81.13s Tear Down
2026-09-10T12:06:42.0128540Z     t =    81.29s     Find the "retained-metrics" StaticText
2026-09-10T12:06:42.2743590Z     t =    81.65s     Find the "retained-metrics" StaticText
2026-09-10T12:06:42.4341490Z Test Case '-[RetainedHostUITests.RetainedHostUITests testActiveAndDormantBackgroundTransitionsStayConcealed]' failed (81.801 seconds).
2026-09-10T12:06:42.4462520Z 2026-09-10 12:06:42.427454+0000 RetainedHostUITests-Runner[21636:64327] [Default] Flushing outgoing messages to the IDE with timeout 600.00s
2026-09-10T12:06:42.4706440Z 2026-09-10 12:06:42.429150+0000 RetainedHostUITests-Runner[21636:65391] [Default] Received confirmation that IDE processed remaining outgoing messages
2026-09-10T12:06:46.0397650Z 2026-09-10 12:06:45.964615+0000 RetainedHostUITests-Runner[23922:70982] [Default] Running tests...
2026-09-10T12:06:47.6400580Z     t =      nans Interface orientation changed to Portrait
2026-09-10T12:06:49.4154190Z 
2026-09-10T12:06:49.4343750Z Restarting after unexpected exit, crash, or test timeout; summary will include totals from previous launches.
2026-09-10T12:06:49.4724420Z 
2026-09-10T12:06:49.6322800Z Test Suite 'Selected tests' started at 2026-09-10 12:06:49.605.
2026-09-10T12:06:49.6765500Z Test Suite 'RetainedHostUITests.xctest' started at 2026-09-10 12:06:49.606.
2026-09-10T12:06:49.6878000Z Test Suite 'RetainedHostUITests' started at 2026-09-10 12:06:49.606.
2026-09-10T12:06:49.7524650Z Test Case '-[RetainedHostUITests.RetainedHostUITests testRepeated2DAnd3DKeepOneDormantEngine]' started.
2026-09-10T12:06:49.7683140Z     t =     0.02s Start Test at 2026-09-10 12:06:49.629
2026-09-10T12:06:49.8133200Z     t =     0.17s Set Up
2026-09-10T12:06:50.1033610Z 2026-09-10 12:06:50.080 xcodebuild[12203:40342] [MT] IDELaunchParametersSnapshot: The operation couldn’t be completed. (DebuggerLLDB.DebuggerVersionStore.StoreError error 0.)
2026-09-10T12:06:50.1062640Z 2026-09-10 12:06:50.080 xcodebuild[12203:40342] [MT] IDELaunchParametersSnapshot: no debugger version
2026-09-10T12:06:50.1175650Z     t =     0.18s Open dev.partydeck.godot.iosretained
2026-09-10T12:06:50.1292500Z     t =     0.18s     Launch dev.partydeck.godot.iosretained
2026-09-10T12:06:51.7606040Z objc[23922]: Class UIAccessibilityLoaderWebShared is implemented in both /Library/Developer/CoreSimulator/Volumes/iOS_23E254a/Library/Developer/CoreSimulator/Profiles/Runtimes/iOS 26.4.simruntime/Contents/Resources/RuntimeRoot/System/Library/AccessibilityBundles/WebCore.axbundle/WebCore (0x10a4ec310) and /Library/Developer/CoreSimulator/Volumes/iOS_23E254a/Library/Developer/CoreSimulator/Profiles/Runtimes/iOS 26.4.simruntime/Contents/Resources/RuntimeRoot/System/Library/AccessibilityBundles/WebKit.axbundle/WebKit (0x10af7c398). This may cause spurious casting failures and mysterious crashes. One of the duplicates must be removed or renamed.
2026-09-10T12:06:52.3421970Z     t =     2.71s         Setting up automation session
2026-09-10T12:06:54.3584580Z     t =     4.72s         Wait for dev.partydeck.godot.iosretained to idle
2026-09-10T12:06:56.1510970Z     t =     6.54s Waiting 15.0s for "retained-shell" Any to exist
2026-09-10T12:06:57.2006190Z     t =     7.57s     Checking `Expect predicate `existsNoRetry == 1` for object "retained-shell" Any`
2026-09-10T12:06:57.2010480Z     t =     7.58s         Checking existence of `"retained-shell" Any`
2026-09-10T12:06:57.2818030Z     t =     7.66s Waiting 15.0s for "start-2d" Any to exist
2026-09-10T12:06:58.3386350Z     t =     8.72s     Checking `Expect predicate `existsNoRetry == 1` for object "start-2d" Any`
2026-09-10T12:06:58.3497360Z     t =     8.72s         Checking existence of `"start-2d" Any`
2026-09-10T12:06:58.3809240Z     t =     8.77s Find the "start-2d" Any
2026-09-10T12:06:58.4133590Z     t =     8.80s Tap "start-2d" Button
2026-09-10T12:06:58.4246680Z     t =     8.80s     Wait for dev.partydeck.godot.iosretained to idle
2026-09-10T12:06:58.4361570Z     t =     8.81s     Find the "start-2d" Button
2026-09-10T12:06:58.4786050Z     t =     8.86s     Check for interrupting elements affecting "start-2d" Button
2026-09-10T12:06:58.5399990Z     t =     8.93s     Synthesize event
2026-09-10T12:06:58.8774780Z     t =     9.26s     Wait for dev.partydeck.godot.iosretained to idle
2026-09-10T12:07:00.0535620Z     t =    10.30s Find the "retained-metrics" StaticText
2026-09-10T12:07:02.9227280Z     t =    13.25s Find the "retained-metrics" StaticText
2026-09-10T12:07:03.4665250Z     t =    13.82s Find the "retained-metrics" StaticText
2026-09-10T12:07:03.7302740Z     t =    14.11s Find the "retained-metrics" StaticText
2026-09-10T12:07:03.7619170Z     t =    14.15s Find the Target Application 'dev.partydeck.godot.iosretained'
2026-09-10T12:07:03.9675290Z     t =    14.34s Added attachment named 'Entry 1: fresh concealed 2d'
2026-09-10T12:07:03.9805560Z     t =    14.35s Find the "retained-metrics" StaticText
2026-09-10T12:07:04.0385800Z     t =    14.41s Added attachment named 'Entry 1: fresh concealed 2d measurements'
2026-09-10T12:07:04.0490400Z     t =    14.42s Find the "retained-metrics" StaticText
2026-09-10T12:07:04.0724570Z     t =    14.45s Find the "retained-metrics" StaticText
2026-09-10T12:07:04.3024710Z     t =    14.67s Find the "retained-metrics" StaticText
2026-09-10T12:07:04.4913390Z     t =    14.87s Find the "retained-metrics" StaticText
2026-09-10T12:07:04.7158180Z     t =    15.09s Find the "retained-metrics" StaticText
2026-09-10T12:07:04.7634100Z     t =    15.13s Find the "godot-surface" Any
2026-09-10T12:07:04.8734030Z     t =    15.25s Find the "godot-surface" Other
2026-09-10T12:07:04.9305140Z     t =    15.31s Find the "godot-surface" Other
2026-09-10T12:07:05.0464400Z     t =    15.40s Added attachment named 'Measured real touch target'
2026-09-10T12:07:05.0575500Z     t =    15.40s Press "godot-surface" Other[0.50, 0.66] for 0.1 seconds, then drag to "godot-surface" Other[0.50, 0.55] with velocity of 73.00 pixels per second, and then hold for 0.3 seconds 
2026-09-10T12:07:05.0719510Z     t =    15.40s     Wait for dev.partydeck.godot.iosretained to idle
2026-09-10T12:07:05.0823430Z     t =    15.41s     Find the "godot-surface" Other
2026-09-10T12:07:05.3494890Z     t =    15.67s     Check for interrupting elements affecting "godot-surface" Other
2026-09-10T12:07:05.4154930Z     t =    15.79s     Synthesize event
2026-09-10T12:07:05.4336480Z     t =    15.81s         Find the "godot-surface" Other
2026-09-10T12:07:05.5530260Z     t =    15.93s         Find the "godot-surface" Other
2026-09-10T12:07:05.7043890Z     t =    16.07s         Find the "godot-surface" Other
2026-09-10T12:07:05.9960380Z     t =    16.34s         Find the "godot-surface" Other
2026-09-10T12:07:06.1616580Z     t =    16.51s         Find the "godot-surface" Other
2026-09-10T12:07:08.4184850Z     t =    18.78s     Wait for dev.partydeck.godot.iosretained to idle
2026-09-10T12:07:08.4290890Z     t =    18.79s Find the "retained-metrics" StaticText
2026-09-10T12:07:08.4511570Z     t =    18.83s Find the "retained-metrics" StaticText
2026-09-10T12:07:08.6335710Z     t =    19.01s Find the "retained-metrics" StaticText
2026-09-10T12:07:08.8429720Z     t =    19.23s Find the "retained-metrics" StaticText
2026-09-10T12:07:08.8753000Z     t =    19.26s Find the "godot-surface" Any
2026-09-10T12:07:08.9303070Z     t =    19.32s Find the "godot-surface" Other
2026-09-10T12:07:09.0132690Z     t =    19.39s Find the "godot-surface" Other
2026-09-10T12:07:09.0778770Z     t =    19.46s Added attachment named 'Measured real touch target'
2026-09-10T12:07:09.0880410Z     t =    19.46s Find the "retained-metrics" StaticText
2026-09-10T12:07:09.1143950Z     t =    19.49s Tap "godot-surface" Other[0.49, 0.73]
2026-09-10T12:07:09.1276380Z     t =    19.49s     Wait for dev.partydeck.godot.iosretained to idle
2026-09-10T12:07:09.1419880Z     t =    19.49s     Find the "godot-surface" Other
2026-09-10T12:07:09.2088850Z     t =    19.58s     Check for interrupting elements affecting "godot-surface" Other
2026-09-10T12:07:09.2413890Z     t =    19.62s     Synthesize event
2026-09-10T12:07:09.2526070Z     t =    19.63s         Find the "godot-surface" Other
2026-09-10T12:07:09.3345140Z     t =    19.71s         Find the "godot-surface" Other
2026-09-10T12:07:09.8138320Z     t =    20.18s         Find the "godot-surface" Other
2026-09-10T12:07:10.5871670Z     t =    20.58s     Wait for dev.partydeck.godot.iosretained to idle
2026-09-10T12:07:10.9875940Z     t =    21.35s Find the "retained-metrics" StaticText
2026-09-10T12:07:11.2310020Z     t =    21.61s Find the "retained-metrics" StaticText
2026-09-10T12:07:11.3203280Z     t =    21.68s Find the "retained-metrics" StaticText
2026-09-10T12:07:11.3840680Z     t =    21.76s Find the "retained-metrics" StaticText
2026-09-10T12:07:11.5878230Z     t =    21.97s Find the "retained-metrics" StaticText
2026-09-10T12:07:11.7765850Z     t =    22.16s Find the "retained-metrics" StaticText
2026-09-10T12:07:11.9795500Z     t =    22.35s Find the "retained-metrics" StaticText
2026-09-10T12:07:12.0026450Z     t =    22.38s Find the "godot-surface" Any
2026-09-10T12:07:12.0623260Z     t =    22.44s Find the "godot-surface" Other
2026-09-10T12:07:12.1032410Z     t =    22.49s Find the "godot-surface" Other
2026-09-10T12:07:12.1780210Z     t =    22.56s Added attachment named 'Measured real touch target'
2026-09-10T12:07:12.1881620Z     t =    22.56s Find the "retained-metrics" StaticText
2026-09-10T12:07:12.2116550Z     t =    22.59s Tap "godot-surface" Other[0.18, 0.60]
2026-09-10T12:07:12.2241640Z     t =    22.59s     Wait for dev.partydeck.godot.iosretained to idle
2026-09-10T12:07:12.2353070Z     t =    22.59s     Find the "godot-surface" Other
2026-09-10T12:07:12.4143010Z     t =    22.72s     Check for interrupting elements affecting "godot-surface" Other
2026-09-10T12:07:12.5131310Z     t =    22.90s     Synthesize event
2026-09-10T12:07:12.5286970Z     t =    22.90s         Find the "godot-surface" Other
2026-09-10T12:07:12.7494300Z     t =    23.13s         Find the "godot-surface" Other
2026-09-10T12:07:13.0139590Z     t =    23.38s         Find the "godot-surface" Other
2026-09-10T12:07:13.4786460Z     t =    23.85s     Wait for dev.partydeck.godot.iosretained to idle
2026-09-10T12:07:13.6657600Z     t =    24.03s Find the "retained-metrics" StaticText
2026-09-10T12:07:14.0022170Z     t =    24.36s Find the "retained-metrics" StaticText
2026-09-10T12:07:14.3363960Z     t =    24.71s Find the Target Application 'dev.partydeck.godot.iosretained'
2026-09-10T12:07:14.5891140Z     t =    24.97s Added attachment named 'Real reveal and card selection'
2026-09-10T12:07:14.6129680Z     t =    24.97s Find the "retained-metrics" StaticText
2026-09-10T12:07:14.7996130Z     t =    25.17s Added attachment named 'Real reveal and card selection measurements'
2026-09-10T12:07:14.8242120Z     t =    25.18s Find the "retained-metrics" StaticText
2026-09-10T12:07:14.9967410Z     t =    25.37s Find the "retained-metrics" StaticText
2026-09-10T12:07:15.1710610Z     t =    25.53s Find the "godot-surface" Any
2026-09-10T12:07:15.4976240Z     t =    25.82s Find the "godot-surface" Other
2026-09-10T12:07:15.5937590Z     t =    25.96s Find the "godot-surface" Other
2026-09-10T12:07:15.9857860Z     t =    26.37s Added attachment named 'Measured real touch target'
2026-09-10T12:07:15.9963780Z     t =    26.37s Find the "retained-metrics" StaticText
2026-09-10T12:07:16.3716690Z     t =    26.52s Tap "godot-surface" Other[0.50, 0.84]
2026-09-10T12:07:16.3931800Z     t =    26.52s     Wait for dev.partydeck.godot.iosretained to idle
2026-09-10T12:07:16.4036160Z     t =    26.53s     Find the "godot-surface" Other
2026-09-10T12:07:16.7552330Z     t =    27.12s     Check for interrupting elements affecting "godot-surface" Other
2026-09-10T12:07:16.8413160Z     t =    27.20s     Synthesize event
2026-09-10T12:07:16.8517000Z     t =    27.23s         Find the "godot-surface" Other
2026-09-10T12:07:16.9271190Z     t =    27.31s         Find the "godot-surface" Other
2026-09-10T12:07:17.0394960Z     t =    27.42s         Find the "godot-surface" Other
2026-09-10T12:07:17.4691890Z     t =    27.83s     Wait for dev.partydeck.godot.iosretained to idle
2026-09-10T12:07:17.8057120Z     t =    28.14s Find the "retained-metrics" StaticText
2026-09-10T12:07:18.0714870Z     t =    28.45s Find the "retained-metrics" StaticText
2026-09-10T12:07:18.2929160Z     t =    28.67s Find the "retained-metrics" StaticText
2026-09-10T12:07:18.4864960Z     t =    28.86s Find the "retained-metrics" StaticText
2026-09-10T12:07:18.5202050Z     t =    28.90s Find the Target Application 'dev.partydeck.godot.iosretained'
2026-09-10T12:07:18.7458590Z     t =    29.11s Added attachment named 'Real play accepted by the Kotlin authority'
2026-09-10T12:07:18.7597270Z     t =    29.12s Find the "retained-metrics" StaticText
2026-09-10T12:07:18.8250520Z     t =    29.20s Added attachment named 'Real play accepted by the Kotlin authority measurements'
2026-09-10T12:07:18.8351940Z     t =    29.20s Find the "retained-metrics" StaticText
2026-09-10T12:07:18.8570800Z     t =    29.23s Find the "retained-metrics" StaticText
2026-09-10T12:07:19.0527420Z     t =    29.43s Find the "retained-metrics" StaticText
2026-09-10T12:07:19.0972040Z     t =    29.48s Find the "godot-surface" Any
2026-09-10T12:07:19.2317320Z     t =    29.61s Find the "godot-surface" Other
2026-09-10T12:07:19.3293630Z     t =    29.71s Find the "godot-surface" Other
2026-09-10T12:07:19.4036410Z     t =    29.78s Added attachment named 'Measured real touch target'
2026-09-10T12:07:19.4151510Z     t =    29.78s Find the "retained-metrics" StaticText
2026-09-10T12:07:19.4725020Z     t =    29.83s Tap "godot-surface" Other[0.15, 0.06]
2026-09-10T12:07:19.4849250Z     t =    29.83s     Wait for dev.partydeck.godot.iosretained to idle
2026-09-10T12:07:19.4890850Z     t =    29.83s     Find the "godot-surface" Other
2026-09-10T12:07:19.5707270Z     t =    29.96s     Check for interrupting elements affecting "godot-surface" Other
2026-09-10T12:07:19.6259640Z     t =    30.00s     Synthesize event
2026-09-10T12:07:19.6398910Z     t =    30.01s         Find the "godot-surface" Other
2026-09-10T12:07:19.7032930Z     t =    30.08s         Find the "godot-surface" Other
2026-09-10T12:07:19.7608180Z     t =    30.15s         Find the "godot-surface" Other
2026-09-10T12:07:20.1898390Z     t =    30.56s     Wait for dev.partydeck.godot.iosretained to idle
2026-09-10T12:07:20.3267200Z     t =    30.70s Find the "retained-metrics" StaticText
2026-09-10T12:07:20.5375230Z     t =    30.92s Find the "retained-metrics" StaticText
2026-09-10T12:07:20.7523020Z     t =    31.11s Find the "retained-metrics" StaticText
2026-09-10T12:07:20.9630980Z     t =    31.35s Find the "retained-metrics" StaticText
2026-09-10T12:07:21.1513790Z     t =    31.53s Find the "retained-metrics" StaticText
2026-09-10T12:07:21.2063370Z     t =    31.59s Checking existence of `"retained-shell" Any`
2026-09-10T12:07:21.2396000Z     t =    31.63s Checking existence of `"godot-surface" Any`
2026-09-10T12:07:21.2924200Z     t =    31.68s Find the Target Application 'dev.partydeck.godot.iosretained'
2026-09-10T12:07:21.4824250Z     t =    31.86s Added attachment named 'Whole recipient scene retired; retained services dormant'
2026-09-10T12:07:21.4984290Z     t =    31.86s Find the "retained-metrics" StaticText
2026-09-10T12:07:21.5559510Z     t =    31.93s Added attachment named 'Whole recipient scene retired; retained services dormant measurements'
2026-09-10T12:07:21.5672030Z     t =    31.93s Tap "host-counter-button" Any
2026-09-10T12:07:21.5780050Z     t =    31.94s     Wait for dev.partydeck.godot.iosretained to idle
2026-09-10T12:07:21.5905980Z     t =    31.94s     Find the "host-counter-button" Any
2026-09-10T12:07:21.6016230Z     t =    31.97s     Check for interrupting elements affecting "host-counter-button" Button
2026-09-10T12:07:21.6440960Z     t =    32.02s     Synthesize event
2026-09-10T12:07:22.0246720Z     t =    32.34s     Wait for dev.partydeck.godot.iosretained to idle
2026-09-10T12:07:22.0380810Z     t =    32.35s Find the "retained-metrics" StaticText
2026-09-10T12:07:22.0978200Z     t =    32.47s Find the "retained-metrics" StaticText
2026-09-10T12:07:22.2916980Z     t =    32.68s Find the "retained-metrics" StaticText
2026-09-10T12:07:22.3339770Z     t =    32.72s Find the "retained-metrics" StaticText
2026-09-10T12:07:22.5675090Z     t =    32.90s Find the "retained-metrics" StaticText
2026-09-10T12:07:22.6455810Z     t =    33.03s Added attachment named 'Measured dormant shell interval'
2026-09-10T12:07:22.6563760Z     t =    33.03s Waiting 15.0s for "start-3d" Any to exist
2026-09-10T12:07:23.6815780Z     t =    34.07s     Checking `Expect predicate `existsNoRetry == 1` for object "start-3d" Any`
2026-09-10T12:07:23.6847390Z     t =    34.08s         Checking existence of `"start-3d" Any`
2026-09-10T12:07:23.7228560Z     t =    34.11s Find the "start-3d" Any
2026-09-10T12:07:23.7634710Z     t =    34.15s Tap "start-3d" Button
2026-09-10T12:07:23.7673170Z     t =    34.15s     Wait for dev.partydeck.godot.iosretained to idle
2026-09-10T12:07:23.7681180Z     t =    34.16s     Find the "start-3d" Button
2026-09-10T12:07:23.8264240Z     t =    34.19s     Check for interrupting elements affecting "start-3d" Button
2026-09-10T12:07:23.8752470Z     t =    34.27s     Synthesize event
2026-09-10T12:07:24.2480610Z     t =    34.59s     Wait for dev.partydeck.godot.iosretained to idle
2026-09-10T12:07:40.9562060Z     t =    51.00s Find the "retained-metrics" StaticText
2026-09-10T12:07:53.5949060Z     t =    63.95s Find the "retained-metrics" StaticText
2026-09-10T12:08:05.7280750Z     t =    75.87s Find the Target Application 'dev.partydeck.godot.iosretained'
2026-09-10T12:08:28.2290870Z     t =    98.21s Added attachment named 'Entry 2: fresh concealed 3d'
2026-09-10T12:08:28.3452090Z     t =    98.21s Find the "retained-metrics" StaticText
2026-09-10T12:08:37.4895150Z     t =   107.86s Added attachment named 'Entry 2: fresh concealed 3d measurements'
2026-09-10T12:08:37.4909390Z     t =   107.87s Find the "retained-metrics" StaticText
2026-09-10T12:08:49.5768490Z     t =   119.94s Find the "retained-metrics" StaticText
2026-09-10T12:09:03.3228490Z     t =   133.55s Find the "godot-surface" Any
2026-09-10T12:09:10.0749920Z     t =   140.45s Find the "godot-surface" Other
2026-09-10T12:09:10.2603220Z     t =   140.64s Find the "godot-surface" Other
2026-09-10T12:09:10.4025740Z     t =   140.78s Added attachment named 'Measured real touch target'
2026-09-10T12:09:10.4136310Z     t =   140.78s Find the "retained-metrics" StaticText
2026-09-10T12:09:10.4990250Z     t =   140.84s Tap "godot-surface" Other[0.58, 0.07]
2026-09-10T12:09:10.5097080Z     t =   140.84s     Wait for dev.partydeck.godot.iosretained to idle
2026-09-10T12:09:10.5210650Z     t =   140.85s     Find the "godot-surface" Other
2026-09-10T12:09:10.5828280Z     t =   140.95s     Check for interrupting elements affecting "godot-surface" Other
2026-09-10T12:09:10.7284820Z     t =   141.11s     Synthesize event
2026-09-10T12:09:10.7294770Z     t =   141.11s         Find the "godot-surface" Other
2026-09-10T12:09:10.8449440Z     t =   141.20s         Find the "godot-surface" Other
2026-09-10T12:09:10.9574310Z     t =   141.34s         Find the "godot-surface" Other
2026-09-10T12:09:11.4221680Z     t =   141.75s     Wait for dev.partydeck.godot.iosretained to idle
2026-09-10T12:09:12.5280410Z     t =   142.85s Find the "retained-metrics" StaticText
2026-09-10T12:09:14.0668130Z     t =   144.45s Find the "retained-metrics" StaticText
2026-09-10T12:09:15.1755730Z     t =   145.54s Find the "retained-metrics" StaticText
2026-09-10T12:09:16.2523140Z     t =   146.62s Find the "retained-metrics" StaticText
2026-09-10T12:09:17.2795000Z     t =   147.66s Find the "retained-metrics" StaticText
2026-09-10T12:09:17.3921320Z     t =   147.77s Find the "retained-metrics" StaticText
2026-09-10T12:09:18.7489790Z     t =   149.14s Find the "retained-metrics" StaticText
2026-09-10T12:09:19.8283780Z     t =   150.06s Find the "godot-surface" Any
2026-09-10T12:09:24.7229530Z     t =   155.10s Find the "godot-surface" Other
2026-09-10T12:09:26.4335840Z     t =   156.82s Find the "godot-surface" Other
2026-09-10T12:09:26.5118080Z     t =   156.87s Added attachment named 'Measured real touch target'
2026-09-10T12:09:26.5208280Z     t =   156.87s Find the "retained-metrics" StaticText
2026-09-10T12:09:26.5599140Z     t =   156.94s Tap "godot-surface" Other[0.17, 0.65]
2026-09-10T12:09:26.5722340Z     t =   156.94s     Wait for dev.partydeck.godot.iosretained to idle
2026-09-10T12:09:26.5829620Z     t =   156.95s     Find the "godot-surface" Other
2026-09-10T12:09:26.6245340Z     t =   157.01s     Check for interrupting elements affecting "godot-surface" Other
2026-09-10T12:09:26.6871860Z     t =   157.07s     Synthesize event
2026-09-10T12:09:26.6976670Z     t =   157.08s         Find the "godot-surface" Other
2026-09-10T12:09:26.7476440Z     t =   157.13s         Find the "godot-surface" Other
2026-09-10T12:09:26.8201140Z     t =   157.19s         Find the "godot-surface" Other
2026-09-10T12:09:27.1674980Z     t =   157.53s     Wait for dev.partydeck.godot.iosretained to idle
2026-09-10T12:09:27.9638100Z     t =   158.28s Find the "retained-metrics" StaticText
2026-09-10T12:09:29.1690530Z     t =   159.56s Find the "retained-metrics" StaticText
2026-09-10T12:09:30.2045950Z     t =   160.59s Find the "retained-metrics" StaticText
2026-09-10T12:09:31.0378430Z     t =   161.39s Find the Target Application 'dev.partydeck.godot.iosretained'
2026-09-10T12:09:34.1337680Z     t =   164.49s Added attachment named 'Real reveal and card selection'
2026-09-10T12:09:34.1455720Z     t =   164.49s Find the "retained-metrics" StaticText
2026-09-10T12:09:35.1679230Z     t =   165.54s Added attachment named 'Real reveal and card selection measurements'
2026-09-10T12:09:35.1780900Z     t =   165.54s Find the "retained-metrics" StaticText
2026-09-10T12:09:36.5289510Z     t =   166.81s Find the "retained-metrics" StaticText
2026-09-10T12:09:37.4961690Z     t =   167.87s Find the "godot-surface" Any
2026-09-10T12:09:41.4685740Z     t =   171.83s Find the "godot-surface" Other
2026-09-10T12:09:41.6226490Z     t =   171.96s Find the "godot-surface" Other
2026-09-10T12:09:41.7936900Z     t =   172.17s Added attachment named 'Measured real touch target'
2026-09-10T12:09:41.8051050Z     t =   172.17s Find the "retained-metrics" StaticText
2026-09-10T12:09:41.8575460Z     t =   172.22s Tap "godot-surface" Other[0.50, 0.88]
2026-09-10T12:09:41.8576680Z     t =   172.22s     Wait for dev.partydeck.godot.iosretained to idle
2026-09-10T12:09:41.8695220Z     t =   172.22s     Find the "godot-surface" Other
2026-09-10T12:09:41.9856330Z     t =   172.36s     Check for interrupting elements affecting "godot-surface" Other
2026-09-10T12:09:42.0812360Z     t =   172.44s     Synthesize event
2026-09-10T12:09:42.0897620Z     t =   172.44s         Find the "godot-surface" Other
2026-09-10T12:09:42.3160210Z     t =   172.69s         Find the "godot-surface" Other
2026-09-10T12:09:42.5289890Z     t =   172.88s         Find the "godot-surface" Other
2026-09-10T12:09:43.5125930Z     t =   173.48s     Wait for dev.partydeck.godot.iosretained to idle
2026-09-10T12:09:46.4475680Z     t =   176.18s Find the "retained-metrics" StaticText
2026-09-10T12:09:47.3036340Z     t =   177.38s Find the "retained-metrics" StaticText
2026-09-10T12:09:47.6851650Z     t =   178.06s Find the "retained-metrics" StaticText
2026-09-10T12:09:48.4054870Z     t =   178.77s Find the "retained-metrics" StaticText
2026-09-10T12:09:49.0668240Z     t =   179.45s Find the Target Application 'dev.partydeck.godot.iosretained'
2026-09-10T12:09:49.9229060Z     t =   180.30s Added attachment named 'Real play accepted by the Kotlin authority'
2026-09-10T12:09:49.9340170Z     t =   180.30s Find the "retained-metrics" StaticText
2026-09-10T12:09:50.4498580Z     t =   180.83s Added attachment named 'Real play accepted by the Kotlin authority measurements'
2026-09-10T12:09:50.4511900Z     t =   180.83s Find the "retained-metrics" StaticText
2026-09-10T12:09:51.2753780Z     t =   181.66s Find the "retained-metrics" StaticText
2026-09-10T12:09:52.0260260Z     t =   182.40s Find the "godot-surface" Any
2026-09-10T12:09:53.6640510Z     t =   184.05s Find the "godot-surface" Other
2026-09-10T12:09:54.8741550Z     t =   185.24s Find the "godot-surface" Other
2026-09-10T12:09:54.9261470Z     t =   185.31s Added attachment named 'Measured real touch target'
2026-09-10T12:09:54.9267130Z     t =   185.32s Find the "retained-metrics" StaticText
2026-09-10T12:09:54.9513900Z     t =   185.34s Tap "godot-surface" Other[0.11, 0.07]
2026-09-10T12:09:54.9539600Z     t =   185.34s     Wait for dev.partydeck.godot.iosretained to idle
2026-09-10T12:09:54.9563810Z     t =   185.34s     Find the "godot-surface" Other
2026-09-10T12:09:54.9934600Z     t =   185.37s     Check for interrupting elements affecting "godot-surface" Other
2026-09-10T12:09:55.0682200Z     t =   185.45s     Synthesize event
2026-09-10T12:09:55.0698070Z     t =   185.46s         Find the "godot-surface" Other
2026-09-10T12:09:55.1159070Z     t =   185.50s         Find the "godot-surface" Other
2026-09-10T12:09:55.1606500Z     t =   185.55s         Find the "godot-surface" Other
2026-09-10T12:09:55.5066900Z     t =   185.89s     Wait for dev.partydeck.godot.iosretained to idle
2026-09-10T12:09:55.9736130Z     t =   186.36s Find the "retained-metrics" StaticText
2026-09-10T12:09:56.1836670Z     t =   186.56s Find the "retained-metrics" StaticText
2026-09-10T12:09:56.3757870Z     t =   186.76s Find the "retained-metrics" StaticText
2026-09-10T12:09:56.5599960Z     t =   186.95s Find the "retained-metrics" StaticText
2026-09-10T12:09:56.7474590Z     t =   187.13s Find the "retained-metrics" StaticText
2026-09-10T12:09:56.8240560Z     t =   187.17s Checking existence of `"retained-shell" Any`
2026-09-10T12:09:56.8551040Z     t =   187.24s Checking existence of `"godot-surface" Any`
2026-09-10T12:09:56.9285910Z     t =   187.30s Find the Target Application 'dev.partydeck.godot.iosretained'
2026-09-10T12:09:57.1231910Z     t =   187.48s Added attachment named 'Whole recipient scene retired; retained services dormant'
2026-09-10T12:09:57.1243570Z     t =   187.48s Find the "retained-metrics" StaticText
2026-09-10T12:09:57.1516490Z     t =   187.54s Added attachment named 'Whole recipient scene retired; retained services dormant measurements'
2026-09-10T12:09:57.1524120Z     t =   187.54s Tap "host-counter-button" Any
2026-09-10T12:09:57.1529450Z     t =   187.54s     Wait for dev.partydeck.godot.iosretained to idle
2026-09-10T12:09:57.1530640Z     t =   187.54s     Find the "host-counter-button" Any
2026-09-10T12:09:57.1824050Z     t =   187.56s     Check for interrupting elements affecting "host-counter-button" Button
2026-09-10T12:09:57.2062230Z     t =   187.59s     Synthesize event
2026-09-10T12:09:57.5214240Z     t =   187.90s     Wait for dev.partydeck.godot.iosretained to idle
2026-09-10T12:09:57.5506930Z     t =   187.92s Find the "retained-metrics" StaticText
2026-09-10T12:09:57.5971460Z     t =   187.98s Find the "retained-metrics" StaticText
2026-09-10T12:09:57.6380660Z     t =   188.02s Find the "retained-metrics" StaticText
2026-09-10T12:09:57.8097810Z     t =   188.20s Find the "retained-metrics" StaticText
2026-09-10T12:09:57.8360170Z     t =   188.23s Added attachment named 'Measured dormant shell interval'
2026-09-10T12:09:57.8360800Z     t =   188.23s Waiting 15.0s for "start-2d" Any to exist
2026-09-10T12:09:58.9144260Z     t =   189.29s     Checking `Expect predicate `existsNoRetry == 1` for object "start-2d" Any`
2026-09-10T12:09:58.9253190Z     t =   189.29s         Checking existence of `"start-2d" Any`
2026-09-10T12:09:58.9582270Z     t =   189.34s Find the "start-2d" Any
2026-09-10T12:09:59.0027790Z     t =   189.38s Tap "start-2d" Button
2026-09-10T12:09:59.0129940Z     t =   189.38s     Wait for dev.partydeck.godot.iosretained to idle
2026-09-10T12:09:59.0271780Z     t =   189.39s     Find the "start-2d" Button
2026-09-10T12:09:59.0295670Z     t =   189.41s     Check for interrupting elements affecting "start-2d" Button
2026-09-10T12:09:59.0832380Z     t =   189.46s     Synthesize event
2026-09-10T12:09:59.3835610Z     t =   189.77s     Wait for dev.partydeck.godot.iosretained to idle
2026-09-10T12:09:59.7047080Z     t =   189.91s Find the "retained-metrics" StaticText
2026-09-10T12:09:59.9699690Z     t =   190.35s Find the "retained-metrics" StaticText
2026-09-10T12:10:00.1102400Z     t =   190.49s Find the Target Application 'dev.partydeck.godot.iosretained'
2026-09-10T12:10:00.2872620Z     t =   190.67s Added attachment named 'Entry 3: fresh concealed 2d'
2026-09-10T12:10:00.2977870Z     t =   190.67s Find the "retained-metrics" StaticText
2026-09-10T12:10:00.3470380Z     t =   190.72s Added attachment named 'Entry 3: fresh concealed 2d measurements'
2026-09-10T12:10:00.3586890Z     t =   190.72s Find the "retained-metrics" StaticText
2026-09-10T12:10:00.3873590Z     t =   190.77s Find the "retained-metrics" StaticText
2026-09-10T12:10:00.5962010Z     t =   190.98s Find the "retained-metrics" StaticText
2026-09-10T12:10:00.8161090Z     t =   191.20s Find the "retained-metrics" StaticText
2026-09-10T12:10:01.0003830Z     t =   191.38s Find the "retained-metrics" StaticText
2026-09-10T12:10:01.0344240Z     t =   191.42s Find the "godot-surface" Any
2026-09-10T12:10:01.1441860Z     t =   191.52s Find the "godot-surface" Other
2026-09-10T12:10:01.1971160Z     t =   191.58s Find the "godot-surface" Other
2026-09-10T12:10:01.2786900Z     t =   191.66s Added attachment named 'Measured real touch target'
2026-09-10T12:10:01.2798630Z     t =   191.66s Press "godot-surface" Other[0.50, 0.66] for 0.1 seconds, then drag to "godot-surface" Other[0.50, 0.55] with velocity of 73.00 pixels per second, and then hold for 0.3 seconds 
2026-09-10T12:10:01.2822920Z     t =   191.66s     Wait for dev.partydeck.godot.iosretained to idle
2026-09-10T12:10:01.2924170Z     t =   191.66s     Find the "godot-surface" Other
2026-09-10T12:10:01.3345310Z     t =   191.71s     Check for interrupting elements affecting "godot-surface" Other
2026-09-10T12:10:01.4114650Z     t =   191.79s     Synthesize event
2026-09-10T12:10:01.4221610Z     t =   191.79s         Find the "godot-surface" Other
2026-09-10T12:10:01.4724920Z     t =   191.85s         Find the "godot-surface" Other
2026-09-10T12:10:01.5272680Z     t =   191.91s         Find the "godot-surface" Other
2026-09-10T12:10:01.5892090Z     t =   191.98s         Find the "godot-surface" Other
2026-09-10T12:10:01.6533520Z     t =   192.03s         Find the "godot-surface" Other
2026-09-10T12:10:03.4640870Z     t =   193.81s     Wait for dev.partydeck.godot.iosretained to idle
2026-09-10T12:10:03.4749960Z     t =   193.82s Find the "retained-metrics" StaticText
2026-09-10T12:10:03.5285340Z     t =   193.90s Find the "retained-metrics" StaticText
2026-09-10T12:10:03.5881170Z     t =   193.95s Find the "retained-metrics" StaticText
2026-09-10T12:10:04.0448250Z     t =   194.43s Find the "retained-metrics" StaticText
2026-09-10T12:10:04.2168430Z     t =   194.61s Find the "retained-metrics" StaticText
2026-09-10T12:10:04.2574450Z     t =   194.64s Find the "godot-surface" Any
2026-09-10T12:10:04.3351870Z     t =   194.71s Find the "godot-surface" Other
2026-09-10T12:10:04.3764810Z     t =   194.76s Find the "godot-surface" Other
2026-09-10T12:10:04.4411670Z     t =   194.82s Added attachment named 'Measured real touch target'
2026-09-10T12:10:04.4516910Z     t =   194.82s Find the "retained-metrics" StaticText
2026-09-10T12:10:04.4937390Z     t =   194.85s Tap "godot-surface" Other[0.49, 0.73]
2026-09-10T12:10:04.5046900Z     t =   194.85s     Wait for dev.partydeck.godot.iosretained to idle
2026-09-10T12:10:04.5170850Z     t =   194.85s     Find the "godot-surface" Other
2026-09-10T12:10:04.5414940Z     t =   194.92s     Check for interrupting elements affecting "godot-surface" Other
2026-09-10T12:10:04.5999750Z     t =   194.98s     Synthesize event
2026-09-10T12:10:04.6114180Z     t =   194.99s         Find the "godot-surface" Other
2026-09-10T12:10:04.6793700Z     t =   195.06s         Find the "godot-surface" Other
2026-09-10T12:10:04.7215530Z     t =   195.10s         Find the "godot-surface" Other
2026-09-10T12:10:05.0773390Z     t =   195.42s     Wait for dev.partydeck.godot.iosretained to idle
2026-09-10T12:10:05.2222080Z     t =   195.60s Find the "retained-metrics" StaticText
2026-09-10T12:10:05.4211040Z     t =   195.81s Find the "retained-metrics" StaticText
2026-09-10T12:10:05.4475930Z     t =   195.83s Find the "retained-metrics" StaticText
2026-09-10T12:10:05.5175120Z     t =   195.90s Find the "retained-metrics" StaticText
2026-09-10T12:10:05.7083820Z     t =   196.09s Find the "retained-metrics" StaticText
2026-09-10T12:10:05.8909870Z     t =   196.28s Find the "retained-metrics" StaticText
2026-09-10T12:10:06.1681770Z     t =   196.47s Find the "retained-metrics" StaticText
2026-09-10T12:10:06.2548180Z     t =   196.63s Find the "godot-surface" Any
2026-09-10T12:10:06.3715630Z     t =   196.76s Find the "godot-surface" Other
2026-09-10T12:10:06.4293380Z     t =   196.81s Find the "godot-surface" Other
2026-09-10T12:10:06.4977420Z     t =   196.86s Added attachment named 'Measured real touch target'
2026-09-10T12:10:06.5023180Z     t =   196.86s Find the "retained-metrics" StaticText
2026-09-10T12:10:06.5149570Z     t =   196.90s Tap "godot-surface" Other[0.18, 0.60]
2026-09-10T12:10:06.5256320Z     t =   196.90s     Wait for dev.partydeck.godot.iosretained to idle
2026-09-10T12:10:06.5318160Z     t =   196.90s     Find the "godot-surface" Other
2026-09-10T12:10:06.5684350Z     t =   196.95s     Check for interrupting elements affecting "godot-surface" Other
2026-09-10T12:10:06.5952860Z     t =   196.98s     Synthesize event
2026-09-10T12:10:06.6048960Z     t =   196.98s         Find the "godot-surface" Other
2026-09-10T12:10:06.6745860Z     t =   197.05s         Find the "godot-surface" Other
2026-09-10T12:10:06.7211100Z     t =   197.11s         Find the "godot-surface" Other
2026-09-10T12:10:07.0670730Z     t =   197.45s     Wait for dev.partydeck.godot.iosretained to idle
2026-09-10T12:10:07.1798820Z     t =   197.57s Find the "retained-metrics" StaticText
2026-09-10T12:10:07.3847260Z     t =   197.77s Find the "retained-metrics" StaticText
2026-09-10T12:10:07.4078670Z     t =   197.80s Find the Target Application 'dev.partydeck.godot.iosretained'
2026-09-10T12:10:07.5600860Z     t =   197.94s Added attachment named 'Real reveal and card selection'
2026-09-10T12:10:07.5707870Z     t =   197.94s Find the "retained-metrics" StaticText
2026-09-10T12:10:07.5965250Z     t =   197.98s Added attachment named 'Real reveal and card selection measurements'
2026-09-10T12:10:07.6084050Z     t =   197.98s Find the "retained-metrics" StaticText
2026-09-10T12:10:07.7116460Z     t =   198.09s Find the "retained-metrics" StaticText
2026-09-10T12:10:07.9499530Z     t =   198.33s Find the "retained-metrics" StaticText
2026-09-10T12:10:08.0058440Z     t =   198.38s Find the "godot-surface" Any
2026-09-10T12:10:08.0726700Z     t =   198.45s Find the "godot-surface" Other
2026-09-10T12:10:08.1085430Z     t =   198.49s Find the "godot-surface" Other
2026-09-10T12:10:08.1651890Z     t =   198.55s Added attachment named 'Measured real touch target'
2026-09-10T12:10:08.1753950Z     t =   198.55s Find the "retained-metrics" StaticText
2026-09-10T12:10:08.1973130Z     t =   198.58s Tap "godot-surface" Other[0.50, 0.84]
2026-09-10T12:10:08.2076510Z     t =   198.58s     Wait for dev.partydeck.godot.iosretained to idle
2026-09-10T12:10:08.2185850Z     t =   198.58s     Find the "godot-surface" Other
2026-09-10T12:10:08.2471970Z     t =   198.62s     Check for interrupting elements affecting "godot-surface" Other
2026-09-10T12:10:08.3065300Z     t =   198.69s     Synthesize event
2026-09-10T12:10:08.3184810Z     t =   198.69s         Find the "godot-surface" Other
2026-09-10T12:10:08.3631440Z     t =   198.74s         Find the "godot-surface" Other
2026-09-10T12:10:08.4045970Z     t =   198.79s         Find the "godot-surface" Other
2026-09-10T12:10:08.8003770Z     t =   199.16s     Wait for dev.partydeck.godot.iosretained to idle
2026-09-10T12:10:08.9062300Z     t =   199.29s Find the "retained-metrics" StaticText
2026-09-10T12:10:09.1990920Z     t =   199.59s Find the "retained-metrics" StaticText
2026-09-10T12:10:09.3670130Z     t =   199.76s Find the "retained-metrics" StaticText
2026-09-10T12:10:09.5575120Z     t =   199.94s Find the "retained-metrics" StaticText
2026-09-10T12:10:09.7545130Z     t =   200.14s Find the "retained-metrics" StaticText
2026-09-10T12:10:09.8255440Z     t =   200.21s Find the Target Application 'dev.partydeck.godot.iosretained'
2026-09-10T12:10:10.0586940Z     t =   200.41s Added attachment named 'Real play accepted by the Kotlin authority'
2026-09-10T12:10:10.0694740Z     t =   200.42s Find the "retained-metrics" StaticText
2026-09-10T12:10:10.0916680Z     t =   200.48s Added attachment named 'Real play accepted by the Kotlin authority measurements'
2026-09-10T12:10:10.0927600Z     t =   200.48s Find the "retained-metrics" StaticText
2026-09-10T12:10:10.1822150Z     t =   200.57s Find the "retained-metrics" StaticText
2026-09-10T12:10:10.3984660Z     t =   200.78s Find the "retained-metrics" StaticText
2026-09-10T12:10:10.4708210Z     t =   200.86s Find the "godot-surface" Any
2026-09-10T12:10:10.6293990Z     t =   201.01s Find the "godot-surface" Other
2026-09-10T12:10:10.6829320Z     t =   201.07s Find the "godot-surface" Other
2026-09-10T12:10:10.7183870Z     t =   201.11s Added attachment named 'Measured real touch target'
2026-09-10T12:10:10.7194920Z     t =   201.11s Find the "retained-metrics" StaticText
2026-09-10T12:10:10.7414900Z     t =   201.13s Tap "godot-surface" Other[0.15, 0.06]
2026-09-10T12:10:10.7481000Z     t =   201.13s     Wait for dev.partydeck.godot.iosretained to idle
2026-09-10T12:10:10.7482330Z     t =   201.14s     Find the "godot-surface" Other
2026-09-10T12:10:10.7833830Z     t =   201.17s     Check for interrupting elements affecting "godot-surface" Other
2026-09-10T12:10:11.0742570Z     t =   201.47s     Synthesize event
2026-09-10T12:10:11.0756450Z     t =   201.47s         Find the "godot-surface" Other
2026-09-10T12:10:11.1050580Z     t =   201.50s         Find the "godot-surface" Other
2026-09-10T12:10:11.1544750Z     t =   201.53s         Find the "godot-surface" Other
2026-09-10T12:10:11.5057650Z     t =   201.89s     Wait for dev.partydeck.godot.iosretained to idle
2026-09-10T12:10:11.5159410Z     t =   201.89s Find the "retained-metrics" StaticText
2026-09-10T12:10:11.6850210Z     t =   202.07s Find the "retained-metrics" StaticText
2026-09-10T12:10:11.8675490Z     t =   202.25s Find the "retained-metrics" StaticText
2026-09-10T12:10:12.0535360Z     t =   202.44s Find the "retained-metrics" StaticText
2026-09-10T12:10:12.2411640Z     t =   202.63s Find the "retained-metrics" StaticText
2026-09-10T12:10:12.2799110Z     t =   202.67s Checking existence of `"retained-shell" Any`
2026-09-10T12:10:12.3185570Z     t =   202.71s Checking existence of `"godot-surface" Any`
2026-09-10T12:10:12.3637000Z     t =   202.75s Find the Target Application 'dev.partydeck.godot.iosretained'
2026-09-10T12:10:12.5656290Z     t =   202.95s Added attachment named 'Whole recipient scene retired; retained services dormant'
2026-09-10T12:10:12.5696340Z     t =   202.95s Find the "retained-metrics" StaticText
2026-09-10T12:10:12.5928760Z     t =   202.98s Added attachment named 'Whole recipient scene retired; retained services dormant measurements'
2026-09-10T12:10:12.5978640Z     t =   202.99s Tap "host-counter-button" Any
2026-09-10T12:10:12.6086090Z     t =   202.99s     Wait for dev.partydeck.godot.iosretained to idle
2026-09-10T12:10:12.6091950Z     t =   202.99s     Find the "host-counter-button" Any
2026-09-10T12:10:12.6411580Z     t =   203.01s     Check for interrupting elements affecting "host-counter-button" Button
2026-09-10T12:10:12.6589480Z     t =   203.05s     Synthesize event
2026-09-10T12:10:12.9723320Z     t =   203.35s     Wait for dev.partydeck.godot.iosretained to idle
2026-09-10T12:10:12.9729130Z     t =   203.36s Find the "retained-metrics" StaticText
2026-09-10T12:10:13.0000770Z     t =   203.39s Find the "retained-metrics" StaticText
2026-09-10T12:10:13.0276170Z     t =   203.42s Find the "retained-metrics" StaticText
2026-09-10T12:10:13.2146100Z     t =   203.60s Find the "retained-metrics" StaticText
2026-09-10T12:10:13.2572630Z     t =   203.64s Added attachment named 'Measured dormant shell interval'
2026-09-10T12:10:13.2584540Z     t =   203.64s Waiting 15.0s for "start-3d" Any to exist
2026-09-10T12:10:14.2816500Z     t =   204.67s     Checking `Expect predicate `existsNoRetry == 1` for object "start-3d" Any`
2026-09-10T12:10:14.2845150Z     t =   204.67s         Checking existence of `"start-3d" Any`
2026-09-10T12:10:14.3206690Z     t =   204.71s Find the "start-3d" Any
2026-09-10T12:10:14.3969810Z     t =   204.78s Tap "start-3d" Button
2026-09-10T12:10:14.4059500Z     t =   204.78s     Wait for dev.partydeck.godot.iosretained to idle
2026-09-10T12:10:14.4060270Z     t =   204.78s     Find the "start-3d" Button
2026-09-10T12:10:14.4794660Z     t =   204.85s     Check for interrupting elements affecting "start-3d" Button
2026-09-10T12:10:14.5468710Z     t =   204.94s     Synthesize event
2026-09-10T12:10:14.8499560Z     t =   205.24s     Wait for dev.partydeck.godot.iosretained to idle
2026-09-10T12:10:19.6592230Z     t =   209.65s Find the "retained-metrics" StaticText
2026-09-10T12:10:21.6105320Z     t =   211.70s Find the "retained-metrics" StaticText
2026-09-10T12:10:22.9041230Z     t =   213.28s Find the Target Application 'dev.partydeck.godot.iosretained'
2026-09-10T12:10:27.3517920Z     t =   216.92s Added attachment named 'Entry 4: fresh concealed 3d'
2026-09-10T12:10:27.4194630Z     t =   216.92s Find the "retained-metrics" StaticText
2026-09-10T12:10:28.0823480Z     t =   218.45s Added attachment named 'Entry 4: fresh concealed 3d measurements'
2026-09-10T12:10:28.0927330Z     t =   218.45s Find the "retained-metrics" StaticText
2026-09-10T12:10:29.7113250Z     t =   220.09s Find the "retained-metrics" StaticText
2026-09-10T12:10:31.4850400Z     t =   221.82s Find the "godot-surface" Any
2026-09-10T12:10:38.0304720Z     t =   228.39s Find the "godot-surface" Other
2026-09-10T12:10:38.1285980Z     t =   228.50s Find the "godot-surface" Other
2026-09-10T12:10:38.2044750Z     t =   228.59s Added attachment named 'Measured real touch target'
2026-09-10T12:10:38.2162170Z     t =   228.59s Find the "retained-metrics" StaticText
2026-09-10T12:10:38.2671830Z     t =   228.65s Tap "godot-surface" Other[0.58, 0.07]
2026-09-10T12:10:38.2796570Z     t =   228.65s     Wait for dev.partydeck.godot.iosretained to idle
2026-09-10T12:10:38.2918710Z     t =   228.65s     Find the "godot-surface" Other
2026-09-10T12:10:38.3657020Z     t =   228.72s     Check for interrupting elements affecting "godot-surface" Other
2026-09-10T12:10:38.4543570Z     t =   228.79s     Synthesize event
2026-09-10T12:10:38.4663240Z     t =   228.80s         Find the "godot-surface" Other
2026-09-10T12:10:38.5640350Z     t =   228.94s         Find the "godot-surface" Other
2026-09-10T12:10:38.7129630Z     t =   229.08s         Find the "godot-surface" Other
2026-09-10T12:10:39.0996060Z     t =   229.46s     Wait for dev.partydeck.godot.iosretained to idle
2026-09-10T12:10:43.1977940Z     t =   232.79s Find the "retained-metrics" StaticText
2026-09-10T12:10:44.1997890Z     t =   234.34s Find the "retained-metrics" StaticText
2026-09-10T12:10:45.4345610Z     t =   235.75s Find the "retained-metrics" StaticText
2026-09-10T12:10:46.9516330Z     t =   237.22s Find the "retained-metrics" StaticText
2026-09-10T12:10:47.7450580Z     t =   238.09s Find the "godot-surface" Any
2026-09-10T12:10:52.3799900Z     t =   242.68s Find the "godot-surface" Other
2026-09-10T12:10:53.2243540Z     t =   243.61s Find the "godot-surface" Other
2026-09-10T12:10:54.3245040Z     t =   244.69s Added attachment named 'Measured real touch target'
2026-09-10T12:10:54.3280240Z     t =   244.69s Find the "retained-metrics" StaticText
2026-09-10T12:10:54.3790640Z     t =   244.77s Tap "godot-surface" Other[0.17, 0.65]
2026-09-10T12:10:54.3896350Z     t =   244.77s     Wait for dev.partydeck.godot.iosretained to idle
2026-09-10T12:10:54.4001720Z     t =   244.77s     Find the "godot-surface" Other
2026-09-10T12:10:54.4669160Z     t =   244.82s     Check for interrupting elements affecting "godot-surface" Other
2026-09-10T12:10:54.5377030Z     t =   244.90s     Synthesize event
2026-09-10T12:10:54.5477600Z     t =   244.91s         Find the "godot-surface" Other
2026-09-10T12:10:54.6297130Z     t =   245.02s         Find the "godot-surface" Other
2026-09-10T12:10:54.6988740Z     t =   245.09s         Find the "godot-surface" Other
2026-09-10T12:10:55.1111800Z     t =   245.44s     Wait for dev.partydeck.godot.iosretained to idle
2026-09-10T12:10:55.8539630Z     t =   246.15s Find the "retained-metrics" StaticText
2026-09-10T12:10:57.1780050Z     t =   247.52s Find the "retained-metrics" StaticText
2026-09-10T12:10:58.1283760Z     t =   248.46s Find the "retained-metrics" StaticText
2026-09-10T12:10:59.8698200Z     t =   250.20s Find the Target Application 'dev.partydeck.godot.iosretained'
2026-09-10T12:11:02.0418960Z     t =   252.38s Added attachment named 'Real reveal and card selection'
2026-09-10T12:11:02.0520810Z     t =   252.38s Find the "retained-metrics" StaticText
2026-09-10T12:11:03.8703250Z     t =   253.84s Added attachment named 'Real reveal and card selection measurements'
2026-09-10T12:11:03.8817840Z     t =   253.85s Find the "retained-metrics" StaticText
2026-09-10T12:11:04.1014490Z     t =   254.46s Find the "retained-metrics" StaticText
2026-09-10T12:11:04.9590060Z     t =   255.32s Find the "godot-surface" Any
2026-09-10T12:11:09.0920410Z     t =   259.48s Find the "godot-surface" Other
2026-09-10T12:11:09.1781250Z     t =   259.56s Find the "godot-surface" Other
2026-09-10T12:11:09.2508710Z     t =   259.62s Added attachment named 'Measured real touch target'
2026-09-10T12:11:09.2618730Z     t =   259.63s Find the "retained-metrics" StaticText
2026-09-10T12:11:09.2877580Z     t =   259.66s Tap "godot-surface" Other[0.50, 0.88]
2026-09-10T12:11:09.2988880Z     t =   259.66s     Wait for dev.partydeck.godot.iosretained to idle
2026-09-10T12:11:09.3191120Z     t =   259.67s     Find the "godot-surface" Other
2026-09-10T12:11:09.3660950Z     t =   259.74s     Check for interrupting elements affecting "godot-surface" Other
2026-09-10T12:11:09.4147830Z     t =   259.80s     Synthesize event
2026-09-10T12:11:09.4252000Z     t =   259.80s         Find the "godot-surface" Other
2026-09-10T12:11:09.5237220Z     t =   259.90s         Find the "godot-surface" Other
2026-09-10T12:11:10.1056350Z     t =   260.46s         Find the "godot-surface" Other
2026-09-10T12:11:12.2023300Z     t =   261.37s     Wait for dev.partydeck.godot.iosretained to idle
2026-09-10T12:11:14.2127110Z     t =   264.59s Find the "retained-metrics" StaticText
2026-09-10T12:11:14.7392460Z     t =   265.13s Find the Target Application 'dev.partydeck.godot.iosretained'
2026-09-10T12:11:15.4794800Z     t =   265.86s Added attachment named 'Real play accepted by the Kotlin authority'
2026-09-10T12:11:15.4896400Z     t =   265.86s Find the "retained-metrics" StaticText
2026-09-10T12:11:15.9153710Z     t =   266.30s Added attachment named 'Real play accepted by the Kotlin authority measurements'
2026-09-10T12:11:15.9294750Z     t =   266.30s Find the "retained-metrics" StaticText
2026-09-10T12:11:16.4734950Z     t =   266.85s Find the "retained-metrics" StaticText
2026-09-10T12:11:17.3929890Z     t =   267.77s Find the "retained-metrics" StaticText
2026-09-10T12:11:17.7701280Z     t =   268.16s Find the "godot-surface" Any
2026-09-10T12:11:18.3400080Z     t =   268.73s Find the "godot-surface" Other
2026-09-10T12:11:18.8796720Z     t =   269.27s Find the "godot-surface" Other
2026-09-10T12:11:19.4677120Z     t =   269.85s Added attachment named 'Measured real touch target'
2026-09-10T12:11:19.4779990Z     t =   269.85s Find the "retained-metrics" StaticText
2026-09-10T12:11:19.9580900Z     t =   270.34s Tap "godot-surface" Other[0.11, 0.07]
2026-09-10T12:11:19.9687970Z     t =   270.35s     Wait for dev.partydeck.godot.iosretained to idle
2026-09-10T12:11:19.9792310Z     t =   270.35s     Find the "godot-surface" Other
2026-09-10T12:11:20.0252810Z     t =   270.41s     Check for interrupting elements affecting "godot-surface" Other
2026-09-10T12:11:20.6004230Z     t =   270.99s     Synthesize event
2026-09-10T12:11:20.6113390Z     t =   270.99s         Find the "godot-surface" Other
2026-09-10T12:11:20.6512370Z     t =   271.04s         Find the "godot-surface" Other
2026-09-10T12:11:20.6924340Z     t =   271.08s         Find the "godot-surface" Other
2026-09-10T12:11:21.0318990Z     t =   271.42s     Wait for dev.partydeck.godot.iosretained to idle
2026-09-10T12:11:21.4002780Z     t =   271.79s Find the "retained-metrics" StaticText
2026-09-10T12:11:21.6065520Z     t =   272.00s Find the "retained-metrics" StaticText
2026-09-10T12:11:21.7993870Z     t =   272.19s Find the "retained-metrics" StaticText
2026-09-10T12:11:21.9913250Z     t =   272.37s Find the "retained-metrics" StaticText
2026-09-10T12:11:22.2105260Z     t =   272.59s Find the "retained-metrics" StaticText
2026-09-10T12:11:22.3085140Z     t =   272.70s Checking existence of `"retained-shell" Any`
2026-09-10T12:11:22.3405740Z     t =   272.72s Checking existence of `"godot-surface" Any`
2026-09-10T12:11:22.4215100Z     t =   272.81s Find the Target Application 'dev.partydeck.godot.iosretained'
2026-09-10T12:11:22.6299960Z     t =   273.01s Added attachment named 'Whole recipient scene retired; retained services dormant'
2026-09-10T12:11:22.6408700Z     t =   273.01s Find the "retained-metrics" StaticText
2026-09-10T12:11:22.6770830Z     t =   273.05s Added attachment named 'Whole recipient scene retired; retained services dormant measurements'
2026-09-10T12:11:22.6890790Z     t =   273.05s Tap "host-counter-button" Any
2026-09-10T12:11:22.6893410Z     t =   273.05s     Wait for dev.partydeck.godot.iosretained to idle
2026-09-10T12:11:22.7005520Z     t =   273.06s     Find the "host-counter-button" Any
2026-09-10T12:11:22.7181560Z     t =   273.09s     Check for interrupting elements affecting "host-counter-button" Button
2026-09-10T12:11:22.9412640Z     t =   273.31s     Synthesize event
2026-09-10T12:11:23.2967330Z     t =   273.67s     Wait for dev.partydeck.godot.iosretained to idle
2026-09-10T12:11:23.3131380Z     t =   273.67s Find the "retained-metrics" StaticText
2026-09-10T12:11:23.4022210Z     t =   273.78s Find the "retained-metrics" StaticText
2026-09-10T12:11:23.4385090Z     t =   273.82s Find the "retained-metrics" StaticText
2026-09-10T12:11:23.6116460Z     t =   274.00s Find the "retained-metrics" StaticText
2026-09-10T12:11:23.6288670Z     t =   274.02s Added attachment named 'Measured dormant shell interval'
2026-09-10T12:11:23.6290790Z     t =   274.02s Find the Target Application 'dev.partydeck.godot.iosretained'
2026-09-10T12:11:23.7899120Z     t =   274.18s Added attachment named 'Four completed real entries in one retained engine process'
2026-09-10T12:11:23.7907170Z     t =   274.18s Find the "retained-metrics" StaticText
2026-09-10T12:11:23.8164770Z     t =   274.21s Added attachment named 'Four completed real entries in one retained engine process measurements'
2026-09-10T12:11:23.8281260Z     t =   274.22s Tear Down
2026-09-10T12:11:24.1800230Z Test Case '-[RetainedHostUITests.RetainedHostUITests testRepeated2DAnd3DKeepOneDormantEngine]' passed (274.544 seconds).
2026-09-10T12:11:24.2006060Z Test Case '-[RetainedHostUITests.RetainedHostUITests testStaleFirstReadyAndCloseCompletionReentry]' started.
2026-09-10T12:11:24.2008930Z     t =     0.00s Start Test at 2026-09-10 12:11:24.176
2026-09-10T12:11:24.4781550Z     t =     0.10s Set Up
2026-09-10T12:11:24.5088720Z     t =     0.10s Open dev.partydeck.godot.iosretained
2026-09-10T12:11:24.5091960Z     t =     0.10s     Launch dev.partydeck.godot.iosretained
2026-09-10T12:11:24.5092700Z     t =     0.10s         Terminate dev.partydeck.godot.iosretained:23940
2026-09-10T12:11:25.5303350Z 2026-09-10 12:11:25.512 xcodebuild[12203:40342] [MT] IDELaunchParametersSnapshot: The operation couldn’t be completed. (DebuggerLLDB.DebuggerVersionStore.StoreError error 0.)
2026-09-10T12:11:25.5441470Z 2026-09-10 12:11:25.512 xcodebuild[12203:40342] [MT] IDELaunchParametersSnapshot: no debugger version
2026-09-10T12:11:27.1192420Z     t =     2.85s         Setting up automation session
2026-09-10T12:11:30.3125940Z     t =     6.09s         Wait for dev.partydeck.godot.iosretained to idle
2026-09-10T12:11:32.3929430Z     t =     8.21s Waiting 15.0s for "retained-shell" Any to exist
2026-09-10T12:11:33.4375270Z     t =     9.25s     Checking `Expect predicate `existsNoRetry == 1` for object "retained-shell" Any`
2026-09-10T12:11:33.4485500Z     t =     9.25s         Checking existence of `"retained-shell" Any`
2026-09-10T12:11:33.4980890Z     t =     9.31s Waiting 15.0s for "start-2d" Any to exist
2026-09-10T12:11:34.5407890Z     t =    10.32s     Checking `Expect predicate `existsNoRetry == 1` for object "start-2d" Any`
2026-09-10T12:11:34.5524140Z     t =    10.32s         Checking existence of `"start-2d" Any`
2026-09-10T12:11:34.5525990Z     t =    10.36s Find the "start-2d" Any
2026-09-10T12:11:34.5739330Z     t =    10.39s Tap "start-2d" Button
2026-09-10T12:11:34.5750570Z     t =    10.39s     Wait for dev.partydeck.godot.iosretained to idle
2026-09-10T12:11:34.5751200Z     t =    10.39s     Find the "start-2d" Button
2026-09-10T12:11:34.5978110Z     t =    10.42s     Check for interrupting elements affecting "start-2d" Button
2026-09-10T12:11:34.6625640Z     t =    10.48s     Synthesize event
2026-09-10T12:11:34.9797140Z     t =    10.79s     Wait for dev.partydeck.godot.iosretained to idle
2026-09-10T12:11:35.9320840Z     t =    11.73s Find the "retained-metrics" StaticText
2026-09-10T12:11:38.1653160Z     t =    13.96s Find the "retained-metrics" StaticText
2026-09-10T12:11:38.5187160Z     t =    14.33s Find the "retained-metrics" StaticText
2026-09-10T12:11:38.8167630Z     t =    14.64s Find the "retained-metrics" StaticText
2026-09-10T12:11:38.8424390Z     t =    14.66s Find the "retained-metrics" StaticText
2026-09-10T12:11:38.8739220Z     t =    14.68s Tap "switch-table" Any
2026-09-10T12:11:38.8843730Z     t =    14.68s     Wait for dev.partydeck.godot.iosretained to idle
2026-09-10T12:11:38.9073290Z     t =    14.69s     Find the "switch-table" Any
2026-09-10T12:11:38.9082470Z     t =    14.71s     Check for interrupting elements affecting "switch-table" Button
2026-09-10T12:11:38.9318860Z     t =    14.75s     Synthesize event
2026-09-10T12:11:39.2433380Z     t =    15.05s     Wait for dev.partydeck.godot.iosretained to idle
2026-09-10T12:11:39.2534990Z     t =    15.06s Find the "retained-metrics" StaticText
2026-09-10T12:11:39.4220370Z     t =    15.24s Find the "retained-metrics" StaticText
2026-09-10T12:11:39.5962480Z     t =    15.42s Find the "retained-metrics" StaticText
2026-09-10T12:11:39.7699900Z     t =    15.59s Find the "retained-metrics" StaticText
2026-09-10T12:11:40.1345990Z     t =    15.78s Find the "retained-metrics" StaticText
2026-09-10T12:11:41.0600010Z     t =    16.88s Find the "retained-metrics" StaticText
2026-09-10T12:11:52.4147930Z     t =    28.11s Find the "retained-metrics" StaticText
2026-09-10T12:12:02.7570370Z     t =    38.53s Added attachment named 'Last rejected retained wait observation'
2026-09-10T12:12:02.7686920Z     t =    38.53s Find the Target Application 'dev.partydeck.godot.iosretained'
2026-09-10T12:12:32.6480650Z     t =    68.45s Added attachment named 'Failed retained observation'
2026-09-10T12:12:32.6591210Z     t =    68.45s Find the "retained-metrics" StaticText
2026-09-10T12:12:43.3524710Z     t =    79.12s Added attachment named 'Failed retained observation measurements'
2026-09-10T12:12:43.8722260Z /Users/runner/work/PartyDeck/PartyDeck/godot/ios-host/RetainedHostUITests/RetainedHostUITests.swift:526: error: -[RetainedHostUITests.RetainedHostUITests testStaleFirstReadyAndCloseCompletionReentry] : failed - Observe current renderer diagnostics for the retained presentation.
2026-09-10T12:12:43.8807090Z     t =    79.51s Tear Down
2026-09-10T12:12:43.8814520Z Test Case '-[RetainedHostUITests.RetainedHostUITests testStaleFirstReadyAndCloseCompletionReentry]' failed (79.648 seconds).
2026-09-10T12:12:43.8910040Z 2026-09-10 12:12:43.826349+0000 RetainedHostUITests-Runner[23922:70982] [Default] Flushing outgoing messages to the IDE with timeout 600.00s
2026-09-10T12:12:43.8993930Z 2026-09-10 12:12:43.842219+0000 RetainedHostUITests-Runner[23922:94136] [Default] Received confirmation that IDE processed remaining outgoing messages
2026-09-10T12:12:47.9599270Z 2026-09-10 12:12:47.957105+0000 RetainedHostUITests-Runner[37707:103157] [Default] Running tests...
2026-09-10T12:12:49.6582160Z     t =      nans Interface orientation changed to Portrait
2026-09-10T12:12:51.4901100Z 
2026-09-10T12:12:51.4904820Z Restarting after unexpected exit, crash, or test timeout; summary will include totals from previous launches.
2026-09-10T12:12:51.4906420Z 
2026-09-10T12:12:51.7738060Z Test Suite 'Selected tests' started at 2026-09-10 12:12:51.660.
2026-09-10T12:12:51.7802450Z Test Suite 'RetainedHostUITests.xctest' started at 2026-09-10 12:12:51.661.
2026-09-10T12:12:51.8512010Z Test Suite 'RetainedHostUITests' started at 2026-09-10 12:12:51.662.
2026-09-10T12:12:51.8612840Z Test Suite 'RetainedHostUITests' passed at 2026-09-10 12:12:51.662.
2026-09-10T12:12:51.8616000Z 	 Executed 0 tests, with 0 failures (0 unexpected) in 0.000 (0.000) seconds
2026-09-10T12:12:51.8619360Z Test Suite 'RetainedHostUITests.xctest' passed at 2026-09-10 12:12:51.663.
2026-09-10T12:12:51.8621560Z 	 Executed 0 tests, with 0 failures (0 unexpected) in 0.000 (0.001) seconds
2026-09-10T12:12:51.8624580Z Test Suite 'Selected tests' passed at 2026-09-10 12:12:51.663.
2026-09-10T12:12:51.8625640Z 	 Executed 0 tests, with 0 failures (0 unexpected) in 0.000 (0.003) seconds
2026-09-10T12:13:29.1599330Z 2026-09-10 12:13:29.155 xcodebuild[12203:40342] [MT] IDETestOperationsObserverDebug: 702.085 elapsed -- Testing started completed.
2026-09-10T12:13:29.1601350Z 2026-09-10 12:13:29.156 xcodebuild[12203:40342] [MT] IDETestOperationsObserverDebug: 0.000 sec, +0.000 sec -- start
2026-09-10T12:13:29.1602170Z 2026-09-10 12:13:29.156 xcodebuild[12203:40342] [MT] IDETestOperationsObserverDebug: 702.093 sec, +702.093 sec -- end
2026-09-10T12:13:29.4382170Z 
2026-09-10T12:13:29.4382890Z Test session results, code coverage, and logs:
2026-09-10T12:13:29.4383970Z 	/Users/runner/work/PartyDeck/PartyDeck/godot/ios-host/build/retained-host-test/artifacts/RetainedHost.xcresult
2026-09-10T12:13:29.4385210Z 
2026-09-10T12:13:29.4385350Z ** TEST FAILED **
2026-09-10T12:13:29.4385560Z 
2026-09-10T12:13:39.4662020Z Testing started
2026-09-10T12:13:54.4516040Z {
2026-09-10T12:13:54.4520130Z   "stage": "retained_engine_lifecycle_execution",
2026-09-10T12:13:54.4522170Z   "qualified": false,
2026-09-10T12:13:54.4524790Z   "problems": [
2026-09-10T12:13:54.4526090Z     "The three actual retained-engine XCTest cases did not each finish with a pass.",
2026-09-10T12:13:54.4527540Z     "The native runner or evidence export returned exit code 65."
2026-09-10T12:13:54.4528300Z   ]
2026-09-10T12:13:54.4530190Z }
2026-09-10T12:13:54.6940840Z ##[error]Process completed with exit code 1.
2026-09-10T12:13:54.8495440Z ##[group]Run python3 - <<'PY'
2026-09-10T12:13:54.8498180Z [36;1mpython3 - <<'PY'[0m
2026-09-10T12:13:54.8499730Z [36;1mimport hashlib[0m
2026-09-10T12:13:54.8500650Z [36;1mimport json[0m
2026-09-10T12:13:54.8501300Z [36;1mimport os[0m
2026-09-10T12:13:54.8502750Z [36;1mfrom pathlib import Path[0m
2026-09-10T12:13:54.8504100Z [36;1mimport tarfile[0m
2026-09-10T12:13:54.8505010Z [36;1m[0m
2026-09-10T12:13:54.8505820Z [36;1mbuild = Path('godot/ios-host/build')[0m
2026-09-10T12:13:54.8507410Z [36;1mdestination = build / 'retained-ci-preserved'[0m
2026-09-10T12:13:54.8508800Z [36;1mdestination.mkdir(parents=True, exist_ok=False)[0m
2026-09-10T12:13:54.8511540Z [36;1mstage = os.environ['PARTYDECK_RETAINED_CI_STAGE'][0m
2026-09-10T12:13:54.8513270Z [36;1mpaths = [build / 'retained-inputs', build / 'evidence', build / 'host-resources'][0m
2026-09-10T12:13:54.8514430Z [36;1mif stage in {'build', 'test'}:[0m
2026-09-10T12:13:54.8522430Z [36;1m    paths += [build / f'retained-host-{stage}/evidence', build / f'retained-host-{stage}/artifacts'][0m
2026-09-10T12:13:54.8524960Z [36;1mpresent = [path for path in paths if path.exists()][0m
2026-09-10T12:13:54.8526330Z [36;1marchive = destination / 'retained-host-evidence.tar.gz'[0m
2026-09-10T12:13:54.8564010Z [36;1mwith tarfile.open(archive, 'x:gz') as output:[0m
2026-09-10T12:13:54.8564690Z [36;1m    for path in present:[0m
2026-09-10T12:13:54.8565100Z [36;1m        output.add(path, arcname=path.relative_to(build).as_posix())[0m
2026-09-10T12:13:54.8565650Z [36;1mdigest = hashlib.sha256()[0m
2026-09-10T12:13:54.8566140Z [36;1mwith archive.open('rb') as stream:[0m
2026-09-10T12:13:54.8566910Z [36;1m    for block in iter(lambda: stream.read(1048576), b''):[0m
2026-09-10T12:13:54.8567300Z [36;1m        digest.update(block)[0m
2026-09-10T12:13:54.8567710Z [36;1mpreservation = {[0m
2026-09-10T12:13:54.8568370Z [36;1m    'source_commit': os.environ['GITHUB_SHA'],[0m
2026-09-10T12:13:54.8569290Z [36;1m    'run_id': os.environ['GITHUB_RUN_ID'], 'run_attempt': os.environ['GITHUB_RUN_ATTEMPT'],[0m
2026-09-10T12:13:54.8569820Z [36;1m    'requested_stage': stage,[0m
2026-09-10T12:13:54.8570500Z [36;1m    'included_directories': [path.relative_to(build).as_posix() for path in present],[0m
2026-09-10T12:13:54.8571320Z [36;1m    'unavailable_directories': [path.relative_to(build).as_posix() for path in paths if not path.exists()],[0m
2026-09-10T12:13:54.8572140Z [36;1m    'archive': {'name': archive.name, 'bytes': archive.stat().st_size, 'sha256': digest.hexdigest()},[0m
2026-09-10T12:13:54.8574510Z [36;1m    'scope': 'Original downloaded inputs, staging receipts/resources, and all available harness evidence/artifacts, including complete XCResult contents and hidden files. Packaging makes no qualification claim.',[0m
2026-09-10T12:13:54.8575390Z [36;1m}[0m
2026-09-10T12:13:54.8575810Z [36;1m(destination / 'preservation.json').write_text(json.dumps(preservation, indent=2) + '\n')[0m
2026-09-10T12:13:54.8576320Z [36;1mPY[0m
2026-09-10T12:13:55.1914730Z shell: /bin/bash --noprofile --norc -e -o pipefail {0}
2026-09-10T12:13:55.1915380Z env:
2026-09-10T12:13:55.1915890Z   DEVELOPER_DIR: /Applications/Xcode_26.4.1.app/Contents/Developer
2026-09-10T12:13:55.1916450Z   PARTYDECK_RETAINED_CI_STAGE: test
2026-09-10T12:13:55.1917220Z   PARTYDECK_GODOT_RETAINED_FRAMEWORK: /Users/runner/work/PartyDeck/PartyDeck/godot/ios-host/build/framework-input/PartyDeckGodotBridge.framework
2026-09-10T12:13:55.1918470Z   PARTYDECK_GODOT_RETAINED_FRAMEWORK_RECEIPT: /Users/runner/work/PartyDeck/PartyDeck/godot/ios-host/build/evidence/authority-framework-result.json
2026-09-10T12:13:55.1919760Z   PARTYDECK_GODOT_RETAINED_PCK: /Users/runner/work/PartyDeck/PartyDeck/godot/ios-host/build/retained-inputs/renderer/partydeck-last-light.pck
2026-09-10T12:13:55.1920680Z ##[endgroup]
2026-09-10T12:14:36.6124960Z Prepare all required actions
2026-09-10T12:14:36.6134340Z Getting action download info
2026-09-10T12:14:36.7747200Z Download action repository 'actions/upload-artifact@043fb46d1a93c77aae656e7c1c64a875d1fc6a0a' (SHA:043fb46d1a93c77aae656e7c1c64a875d1fc6a0a)
2026-09-10T12:14:37.2063360Z ##[group]Run ./.github/actions/upload-artifact
2026-09-10T12:14:37.2063690Z with:
2026-09-10T12:14:37.2063950Z   name: godot-ios-retained-host-test-attempt-1
2026-09-10T12:14:37.2064990Z   path: godot/ios-host/build/retained-ci-preserved/**
godot/ios-host/build/evidence/retained-ci-*.json
godot/ios-host/build/evidence/retained-ci-*.log
godot/ios-host/build/retained-host-*/evidence/**
godot/ios-host/build/retained-host-*/artifacts/**

2026-09-10T12:14:37.2066000Z   retention-days: 14
2026-09-10T12:14:37.2066240Z   if-no-files-found: error
2026-09-10T12:14:37.2067520Z env:
2026-09-10T12:14:37.2068250Z   DEVELOPER_DIR: /Applications/Xcode_26.4.1.app/Contents/Developer
2026-09-10T12:14:37.2069270Z   PARTYDECK_RETAINED_CI_STAGE: test
2026-09-10T12:14:37.2070060Z   PARTYDECK_GODOT_RETAINED_FRAMEWORK: /Users/runner/work/PartyDeck/PartyDeck/godot/ios-host/build/framework-input/PartyDeckGodotBridge.framework
2026-09-10T12:14:37.2071920Z   PARTYDECK_GODOT_RETAINED_FRAMEWORK_RECEIPT: /Users/runner/work/PartyDeck/PartyDeck/godot/ios-host/build/evidence/authority-framework-result.json
2026-09-10T12:14:37.2072810Z   PARTYDECK_GODOT_RETAINED_PCK: /Users/runner/work/PartyDeck/PartyDeck/godot/ios-host/build/retained-inputs/renderer/partydeck-last-light.pck
2026-09-10T12:14:37.2079670Z ##[endgroup]
2026-09-10T12:14:37.2207370Z ##[start-action display=Upload artifact;id=__self.first]
2026-09-10T12:14:37.2451140Z ##[group]Run actions/upload-artifact@043fb46d1a93c77aae656e7c1c64a875d1fc6a0a
2026-09-10T12:14:37.2451760Z with:
2026-09-10T12:14:37.2452100Z   name: godot-ios-retained-host-test-attempt-1
2026-09-10T12:14:37.2453510Z   path: godot/ios-host/build/retained-ci-preserved/**
godot/ios-host/build/evidence/retained-ci-*.json
godot/ios-host/build/evidence/retained-ci-*.log
godot/ios-host/build/retained-host-*/evidence/**
godot/ios-host/build/retained-host-*/artifacts/**

2026-09-10T12:14:37.2455040Z   retention-days: 14
2026-09-10T12:14:37.2455230Z   if-no-files-found: error
2026-09-10T12:14:37.2455470Z   compression-level: 6
2026-09-10T12:14:37.2455690Z   overwrite: false
2026-09-10T12:14:37.2455890Z   include-hidden-files: false
2026-09-10T12:14:37.2456150Z   archive: true
2026-09-10T12:14:37.2456320Z env:
2026-09-10T12:14:37.2456940Z   DEVELOPER_DIR: /Applications/Xcode_26.4.1.app/Contents/Developer
2026-09-10T12:14:37.2457750Z   PARTYDECK_RETAINED_CI_STAGE: test
2026-09-10T12:14:37.2458490Z   PARTYDECK_GODOT_RETAINED_FRAMEWORK: /Users/runner/work/PartyDeck/PartyDeck/godot/ios-host/build/framework-input/PartyDeckGodotBridge.framework
2026-09-10T12:14:37.2459660Z   PARTYDECK_GODOT_RETAINED_FRAMEWORK_RECEIPT: /Users/runner/work/PartyDeck/PartyDeck/godot/ios-host/build/evidence/authority-framework-result.json
2026-09-10T12:14:37.2460750Z   PARTYDECK_GODOT_RETAINED_PCK: /Users/runner/work/PartyDeck/PartyDeck/godot/ios-host/build/retained-inputs/renderer/partydeck-last-light.pck
2026-09-10T12:14:37.2461350Z ##[endgroup]
2026-09-10T12:14:38.5975260Z With the provided path, there will be 1819 files uploaded
2026-09-10T12:14:38.5975740Z Artifact name is valid!
2026-09-10T12:14:38.5975970Z Root directory input is valid!
2026-09-10T12:14:38.8611840Z Uploading artifact: godot-ios-retained-host-test-attempt-1.zip
2026-09-10T12:14:38.8637710Z Beginning upload of artifact content to blob storage
2026-09-10T12:14:39.5189380Z Uploaded bytes 8388608
2026-09-10T12:14:39.9080370Z Uploaded bytes 16777216
2026-09-10T12:14:40.2843790Z Uploaded bytes 25165824
2026-09-10T12:14:40.4685810Z Uploaded bytes 33554432
2026-09-10T12:14:40.9192020Z Uploaded bytes 41943040
2026-09-10T12:14:41.4281470Z Uploaded bytes 50331648
2026-09-10T12:14:41.9853790Z Uploaded bytes 58720256
2026-09-10T12:14:42.3979400Z Uploaded bytes 67108864
2026-09-10T12:14:42.8418140Z Uploaded bytes 75497472
2026-09-10T12:14:43.1423600Z Uploaded bytes 83886080
2026-09-10T12:14:43.4455450Z Uploaded bytes 92274688
2026-09-10T12:14:43.9037080Z Uploaded bytes 100663296
2026-09-10T12:14:44.2635750Z Uploaded bytes 109051904
2026-09-10T12:14:44.4898390Z Uploaded bytes 117440512
2026-09-10T12:14:44.8890750Z Uploaded bytes 125829120
2026-09-10T12:14:45.1145300Z Uploaded bytes 134217728
2026-09-10T12:14:45.5577320Z Uploaded bytes 142606336
2026-09-10T12:14:45.7383320Z Uploaded bytes 150994944
2026-09-10T12:14:46.0644210Z Uploaded bytes 159383552
2026-09-10T12:14:46.3089290Z Uploaded bytes 167772160
2026-09-10T12:14:46.6314570Z Uploaded bytes 176160768
2026-09-10T12:14:46.9167950Z Uploaded bytes 184549376
2026-09-10T12:14:47.2971160Z Uploaded bytes 192937984
2026-09-10T12:14:47.4644570Z Uploaded bytes 201326592
2026-09-10T12:14:47.8130620Z Uploaded bytes 209715200
2026-09-10T12:14:47.9708330Z Uploaded bytes 218103808
2026-09-10T12:14:48.4132920Z Uploaded bytes 226492416
2026-09-10T12:14:48.8330330Z Uploaded bytes 234881024
2026-09-10T12:14:49.1934260Z Uploaded bytes 243269632
2026-09-10T12:14:49.9104280Z Uploaded bytes 251658240
2026-09-10T12:14:50.3917850Z Uploaded bytes 260046848
2026-09-10T12:14:50.9520830Z Uploaded bytes 268435456
2026-09-10T12:14:51.5421910Z Uploaded bytes 276824064
2026-09-10T12:14:52.8308370Z Uploaded bytes 285212672
2026-09-10T12:14:53.5493680Z Uploaded bytes 293601280
2026-09-10T12:14:54.0440510Z Uploaded bytes 301989888
2026-09-10T12:14:54.5836360Z Uploaded bytes 310378496
2026-09-10T12:14:55.2677540Z Uploaded bytes 318767104
2026-09-10T12:14:55.7546390Z Uploaded bytes 327155712
2026-09-10T12:14:56.3940650Z Uploaded bytes 335544320
2026-09-10T12:14:57.0042220Z Uploaded bytes 343932928
2026-09-10T12:14:57.7201400Z Uploaded bytes 352321536
2026-09-10T12:14:58.3935890Z Uploaded bytes 360710144
2026-09-10T12:15:00.3648800Z Uploaded bytes 369098752
2026-09-10T12:15:01.0778990Z Uploaded bytes 377487360
2026-09-10T12:15:01.5747840Z Uploaded bytes 385875968
2026-09-10T12:15:02.0975010Z Uploaded bytes 394264576
2026-09-10T12:15:03.5284530Z Uploaded bytes 402653184
2026-09-10T12:15:04.4003340Z Uploaded bytes 407937735
2026-09-10T12:15:04.4160400Z Finished uploading artifact content to blob storage!
2026-09-10T12:15:04.4162600Z SHA256 digest of uploaded artifact is 20996805fbb29e4531b0613b86c09887fc66edbff1ff68efbcae4159d5d85b46
2026-09-10T12:15:04.4163720Z Finalizing artifact upload
2026-09-10T12:15:04.6615850Z Artifact godot-ios-retained-host-test-attempt-1 successfully finalized. Artifact ID 10151339296
2026-09-10T12:15:04.6618610Z Artifact godot-ios-retained-host-test-attempt-1 has been successfully uploaded! Final size is 407937735 bytes. Artifact ID is 10151339296
2026-09-10T12:15:04.6626210Z Artifact download URL: https://github.com/Apdelrahman1911/PartyDeck/actions/runs/34473325295/artifacts/10151339296
2026-09-10T12:15:04.6894180Z ##[end-action id=__self.first;outcome=success;conclusion=success;duration_ms=27467]
2026-09-10T12:15:04.6911150Z ##[start-action display=Wait before the single upload retry;id=__self.__run]
2026-09-10T12:15:04.7116590Z ##[end-action id=__self.__run;outcome=skipped;conclusion=skipped;duration_ms=0]
2026-09-10T12:15:04.7123210Z ##[start-action display=Retry artifact upload;id=__self.retry]
2026-09-10T12:15:04.7186030Z ##[end-action id=__self.retry;outcome=skipped;conclusion=skipped;duration_ms=0]
2026-09-10T12:15:04.7189470Z ##[start-action display=Require a successful upload attempt;id=__self.__run_2]
2026-09-10T12:15:04.7213180Z ##[end-action id=__self.__run_2;outcome=skipped;conclusion=skipped;duration_ms=0]
2026-09-10T12:15:04.7894990Z Post job cleanup.
2026-09-10T12:15:05.0894390Z [command]/opt/homebrew/bin/git version
2026-09-10T12:15:05.1923190Z git version 2.55.0
2026-09-10T12:15:05.2153110Z Copying '/Users/runner/.gitconfig' to '/Users/runner/work/_temp/111612a9-480d-4c87-968b-af3cdc95f2ab/.gitconfig'
2026-09-10T12:15:05.2155670Z Temporarily overriding HOME='/Users/runner/work/_temp/111612a9-480d-4c87-968b-af3cdc95f2ab' before making global git config changes
2026-09-10T12:15:05.2156650Z Adding repository directory to the temporary git global config as a safe directory
2026-09-10T12:15:05.2169250Z [command]/opt/homebrew/bin/git config --global --add safe.directory /Users/runner/work/PartyDeck/PartyDeck
2026-09-10T12:15:05.2448740Z Removing SSH command configuration
2026-09-10T12:15:05.2480010Z [command]/opt/homebrew/bin/git config --local --name-only --get-regexp core\.sshCommand
2026-09-10T12:15:05.2508370Z [command]/opt/homebrew/bin/git submodule foreach --recursive sh -c "git config --local --name-only --get-regexp 'core\.sshCommand' && git config --local --unset-all 'core.sshCommand' || :"
2026-09-10T12:15:05.4555170Z Removing HTTP extra header
2026-09-10T12:15:05.4555870Z [command]/opt/homebrew/bin/git config --local --name-only --get-regexp http\.https\:\/\/github\.com\/\.extraheader
2026-09-10T12:15:05.4654700Z [command]/opt/homebrew/bin/git submodule foreach --recursive sh -c "git config --local --name-only --get-regexp 'http\.https\:\/\/github\.com\/\.extraheader' && git config --local --unset-all 'http.https://github.com/.extraheader' || :"
2026-09-10T12:15:05.6207580Z Removing includeIf entries pointing to credentials config files
2026-09-10T12:15:05.6210440Z [command]/opt/homebrew/bin/git config --local --name-only --get-regexp ^includeIf\.gitdir:
2026-09-10T12:15:05.6437370Z [command]/opt/homebrew/bin/git submodule foreach --recursive git config --local --show-origin --name-only --get-regexp remote.origin.url
2026-09-10T12:15:05.8070120Z Cleaning up orphan processes
2026-09-10T12:15:09.9143550Z Terminate orphan process: pid (21736) (DTServiceHub)
