--------- beginning of events
09-10 05:10:39.233   164   164 I snet_event_log: [121035042,-1,]
09-10 05:10:39.237   164   164 I auditd  : SELinux: Loaded service context from:
09-10 05:10:39.240   164   164 I auditd  : 		/system/etc/selinux/plat_service_contexts
09-10 05:10:39.240   164   164 I auditd  : 		/system_ext/etc/selinux/system_ext_service_contexts
09-10 05:10:39.240   164   164 I auditd  : 		/vendor/etc/selinux/vendor_service_contexts
09-10 05:10:33.845   162   162 I auditd  : type=2000 audit(0.0:1): state=initialized audit_enabled=0 res=1
09-10 05:10:38.485   162   162 I auditd  : type=1403 audit(0.0:2): auid=4294967295 ses=4294967295 lsm=selinux res=1
09-10 05:10:38.485   162   162 I auditd  : type=1404 audit(0.0:3): enforcing=1 old_enforcing=0 auid=4294967295 ses=4294967295 enabled=1 old-enabled=1 lsm=selinux res=1
09-10 05:10:38.525     1     1 I auditd  : type=1107 audit(0.0:4): uid=0 auid=4294967295 ses=4294967295 subj=u:r:init:s0 msg='avc:  denied  { set } for property=persist.sys.usb.config pid=1 uid=0 gid=0 scontext=u:r:vendor_init:s0 tcontext=u:object_r:system_prop:s0 tclass=property_service permissive=0'
09-10 05:10:39.697   188   201 I auditd  : SELinux: Loaded keystore2 context from:
09-10 05:10:39.697   188   201 I auditd  : 		/system/etc/selinux/plat_keystore2_key_contexts
09-10 05:10:39.698   188   201 I auditd  : 		/system_ext/etc/selinux/system_ext_keystore2_key_contexts
09-10 05:10:39.698   188   201 I auditd  : 		/vendor/etc/selinux/vendor_keystore2_key_contexts
09-10 05:10:40.642   233   233 I auditd  : SELinux: Loaded file context from:
09-10 05:10:40.643   233   233 I auditd  : 		/system/etc/selinux/plat_file_contexts
09-10 05:10:40.644   233   233 I auditd  : 		/system_ext/etc/selinux/system_ext_file_contexts
09-10 05:10:40.645   233   233 I auditd  : 		/vendor/etc/selinux/vendor_file_contexts
09-10 05:10:43.641     1     1 I auditd  : type=1400 audit(0.0:5): avc:  denied  { write } for  comm="init" name="error_report_end" dev="tracefs" ino=6111 scontext=u:r:init:s0 tcontext=u:object_r:debugfs_bootreceiver_tracing:s0 tclass=dir permissive=0
09-10 05:10:44.371   368   368 I boot_progress_start: 10899
09-10 05:10:44.969   368   368 I snet_event_log: [200284993,-1,]
09-10 05:10:45.266   368   368 I boot_progress_preload_start: 11794
09-10 05:10:46.115   368   368 I boot_progress_preload_end: 12642
09-10 05:10:46.790   566   566 I system_server_start: [1,13317,13317]
09-10 05:10:46.790   566   566 I boot_progress_system_run: 13318
09-10 05:10:47.202   566   601 I commit_sys_config_file: [batterystats,5]
09-10 05:10:47.207   566   601 I commit_sys_config_file: [batterystats,3]
09-10 05:10:47.275   566   601 I commit_sys_config_file: [display-state,5]
09-10 05:10:47.276   566   566 I boot_progress_pms_start: 13803
09-10 05:10:47.302   566   566 I pm_critical_info: No package manager settings file
09-10 05:10:47.305   566   566 I boot_progress_pms_system_scan_start: 13832
09-10 05:10:47.682   566   566 I service_manager_stats: [100,30,14210]
09-10 05:10:47.769   566   566 I pm_critical_info: Adding duplicate shared id: 1000 name=android
09-10 05:10:47.855   566   566 I pm_critical_info: Adding duplicate shared id: 1000 name=com.android.location.fused
09-10 05:10:47.859   566   566 I pm_critical_info: Adding duplicate app id: 10067 name=com.android.providers.contacts
09-10 05:10:47.895   566   566 I pm_critical_info: Adding duplicate app id: 10067 name=com.android.providers.blockednumber
09-10 05:10:47.901   566   566 I pm_critical_info: Adding duplicate app id: 10074 name=com.android.providers.downloads.ui
09-10 05:10:47.905   566   566 I pm_critical_info: Adding duplicate app id: 10067 name=com.android.providers.userdictionary
09-10 05:10:47.912   566   566 I pm_critical_info: Adding duplicate shared id: 1001 name=com.android.ons
09-10 05:10:47.951   566   566 I pm_critical_info: Adding duplicate shared id: 1000 name=com.android.DeviceAsWebcam
09-10 05:10:47.958   566   566 I pm_critical_info: Adding duplicate shared id: 1001 name=com.android.phone
09-10 05:10:47.959   566   566 I pm_critical_info: Adding duplicate app id: 10074 name=com.android.mtp
09-10 05:10:47.964   566   566 I pm_critical_info: Adding duplicate shared id: 2000 name=com.android.shell
09-10 05:10:47.967   566   566 I pm_critical_info: Adding duplicate shared id: 1000 name=com.android.dynsystem
09-10 05:10:47.969   566   566 I pm_critical_info: Adding duplicate app id: 10067 name=com.android.calllogbackup
09-10 05:10:47.971   566   566 I pm_critical_info: Adding duplicate shared id: 1000 name=com.android.providers.settings
09-10 05:10:47.973   566   566 I pm_critical_info: Adding duplicate app id: 10067 name=com.android.providers.contactkeys
09-10 05:10:47.984   566   566 I pm_critical_info: Adding duplicate shared id: 1000 name=com.android.inputdevices
09-10 05:10:47.997   566   566 I pm_critical_info: Adding duplicate shared id: 1001 name=com.android.mms.service
09-10 05:10:48.005   566   566 I pm_critical_info: Adding duplicate shared id: 1073 name=com.android.networkstack
09-10 05:10:48.012   566   566 I pm_critical_info: Adding duplicate app id: 10079 name=com.android.providers.calendar
09-10 05:10:48.017   566   566 I pm_critical_info: Adding duplicate shared id: 1001 name=com.android.providers.telephony
09-10 05:10:48.021   566   566 I pm_critical_info: Adding duplicate app id: 10074 name=com.android.providers.media
09-10 05:10:48.023   566   566 I pm_critical_info: Adding duplicate shared id: 1000 name=com.android.server.telecom
09-10 05:10:48.033   566   566 I pm_critical_info: Adding duplicate shared id: 1000 name=com.android.localtransport
09-10 05:10:48.035   566   566 I pm_critical_info: Adding duplicate app id: 10074 name=com.android.soundpicker
09-10 05:10:48.037   566   566 I pm_critical_info: Adding duplicate app id: 10074 name=com.android.providers.downloads
09-10 05:10:48.047   566   566 I pm_critical_info: Adding duplicate shared id: 1068 name=com.android.se
09-10 05:10:48.096   566   566 I pm_critical_info: Adding duplicate shared id: 1000 name=com.android.keychain
09-10 05:10:48.099   566   566 I pm_critical_info: Adding duplicate shared id: 1001 name=com.android.stk
09-10 05:10:48.285   566   566 I pm_critical_info: Adding duplicate app id: 10117 name=com.android.emergency
09-10 05:10:48.307   566   566 I pm_critical_info: Adding duplicate shared id: 1000 name=com.android.emulator.multidisplay
09-10 05:10:48.320   566   566 I pm_critical_info: Adding duplicate app id: 10121 name=com.android.systemui
09-10 05:10:48.371   566   566 I pm_critical_info: Adding duplicate shared id: 1000 name=com.android.settings
09-10 05:10:48.393   566   566 I pm_critical_info: Adding duplicate shared id: 1002 name=com.android.bluetooth
09-10 05:10:48.409   566   566 I pm_critical_info: Adding duplicate shared id: 1027 name=com.android.nfc
09-10 05:10:48.627   566   566 I pm_critical_info: Adding duplicate shared id: 1073 name=com.android.networkstack.tethering
09-10 05:10:48.649   566   566 I pm_critical_info: Adding duplicate app id: 10139 name=com.android.cts.ctsshim
09-10 05:10:48.878   566   566 I pm_critical_info: Adding duplicate shared id: 1073 name=com.android.cellbroadcastservice
09-10 05:10:48.967   566   566 I boot_progress_pms_data_scan_start: 15495
09-10 05:10:48.971   566   566 I boot_progress_pms_scan_end: 15499
09-10 05:10:49.135   566   566 I commit_sys_config_file: [package,16]
09-10 05:10:49.135   566   566 I boot_progress_pms_ready: 15663
09-10 05:10:49.152   566   623 I commit_sys_config_file: [package-user-0,17]
09-10 05:10:49.160   566   566 I am_uid_running: 1000
09-10 05:10:49.162   566   566 I am_uid_active: 1000
09-10 05:10:49.315   566   566 I commit_sys_config_file: [overlays,5]
09-10 05:10:49.329   566   584 I battery_status: [2,2,1,1,Li-ion]
09-10 05:10:49.329   566   584 I battery_level: [100,5000,250]
09-10 05:10:49.422   566   666 I commit_sys_config_file: [settings-1-0,3]
09-10 05:10:49.424   566   666 I commit_sys_config_file: [settings-0-0,1]
09-10 05:10:49.425   566   666 I commit_sys_config_file: [settings-2-0,2]
09-10 05:10:49.426   566   666 I commit_sys_config_file: [settings-1-0,1]
09-10 05:10:49.516   566   566 I wm_task_created: 1
09-10 05:10:49.520   566   593 I sysui_multi_action: [757,1594,758,4,759,1,806,NULL]
09-10 05:10:49.530   566   566 I commit_sys_config_file: [net-watchlist,2]
09-10 05:10:49.541   566   602 I am_wtf  : [0,566,system_server,-1,SystemServiceRegistry,No service published for: jobscheduler]
09-10 05:10:49.541   566   602 I am_wtf  : [0,566,system_server,-1,SystemServiceRegistry,Manager wrapper not available: jobscheduler]
09-10 05:10:49.566   566   566 I configuration_changed: 536894968
09-10 05:10:49.567   566   566 I sysui_multi_action: [757,1659,758,4,759,1,1660,0]
09-10 05:10:49.581   566   592 I am_uid_running: 10129
09-10 05:10:49.746   566   666 I commit_sys_config_file: [settings-0-0,14]
09-10 05:10:51.674   566   566 I sysui_multi_action: [757,804,799,opt_dialog_num_dexopted,801,18,802,1]
09-10 05:10:51.674   566   566 I sysui_multi_action: [757,804,799,opt_dialog_num_skipped,801,95,802,1]
09-10 05:10:51.674   566   566 I sysui_multi_action: [757,804,799,opt_dialog_num_failed,801,0,802,1]
09-10 05:10:51.674   566   566 I sysui_multi_action: [757,804,799,opt_dialog_num_total,801,113,802,1]
09-10 05:10:51.674   566   566 I sysui_multi_action: [757,804,799,opt_dialog_time_s,801,2,802,1]
09-10 05:10:51.696   566   566 I device_idle: [0,boot]
09-10 05:10:51.696   566   566 I device_idle_light: [0,boot]
09-10 05:10:51.822   566   602 I am_wtf  : [0,566,system_server,-1,SystemServiceRegistry,No service published for: jobscheduler]
09-10 05:10:51.822   566   602 I am_wtf  : [0,566,system_server,-1,SystemServiceRegistry,Manager wrapper not available: jobscheduler]
09-10 05:10:51.824   566   602 I am_wtf  : [0,566,system_server,-1,SystemServiceRegistry,No service published for: jobscheduler]
09-10 05:10:51.824   566   602 I am_wtf  : [0,566,system_server,-1,SystemServiceRegistry,Manager wrapper not available: jobscheduler]
09-10 05:10:51.829   566   566 I sysui_multi_action: [757,856,758,1,806,android,857,PHYSICAL_KEYBOARD,858,2]
09-10 05:10:51.829   566   566 I sysui_multi_action: [757,856,758,1,806,android,857,SECURITY,858,2]
09-10 05:10:51.829   566   566 I sysui_multi_action: [757,856,758,1,806,android,857,CAR_MODE,858,2]
09-10 05:10:51.829   566   566 I sysui_multi_action: [757,856,758,1,806,android,857,ACCOUNT,858,2]
09-10 05:10:51.829   566   566 I sysui_multi_action: [757,856,758,1,806,android,857,DEVELOPER,858,2]
09-10 05:10:51.829   566   566 I sysui_multi_action: [757,856,758,1,806,android,857,DEVELOPER_IMPORTANT,858,4]
09-10 05:10:51.829   566   566 I sysui_multi_action: [757,856,758,1,806,android,857,UPDATES,858,2]
09-10 05:10:51.830   566   566 I sysui_multi_action: [757,856,758,1,806,android,857,NETWORK_STATUS,858,2]
09-10 05:10:51.830   566   566 I sysui_multi_action: [757,856,758,1,806,android,857,NETWORK_ALERTS,858,4]
09-10 05:10:51.830   566   566 I sysui_multi_action: [757,856,758,1,806,android,857,NETWORK_AVAILABLE,858,2]
09-10 05:10:51.830   566   566 I sysui_multi_action: [757,856,758,1,806,android,857,VPN,858,2]
09-10 05:10:51.830   566   566 I sysui_multi_action: [757,856,758,1,806,android,857,DEVICE_ADMIN_ALERTS,858,4]
09-10 05:10:51.830   566   566 I sysui_multi_action: [757,856,758,1,806,android,857,ALERTS,858,3]
09-10 05:10:51.830   566   566 I sysui_multi_action: [757,856,758,1,806,android,857,RETAIL_MODE,858,2]
09-10 05:10:51.830   566   566 I sysui_multi_action: [757,856,758,1,806,android,857,USB,858,1]
09-10 05:10:51.830   566   566 I sysui_multi_action: [757,856,758,1,806,android,857,FOREGROUND_SERVICE,858,2]
09-10 05:10:51.830   566   566 I sysui_multi_action: [757,856,758,1,806,android,857,HEAVY_WEIGHT_APP,858,3]
09-10 05:10:51.830   566   566 I sysui_multi_action: [757,856,758,1,806,android,857,SYSTEM_CHANGES_ALERTS,858,3]
09-10 05:10:51.830   566   566 I sysui_multi_action: [757,856,758,1,806,android,857,DO_NOT_DISTURB,858,2]
09-10 05:10:51.830   566   566 I sysui_multi_action: [757,856,758,1,806,android,857,ACCESSIBILITY_MAGNIFICATION,858,4]
09-10 05:10:51.830   566   566 I sysui_multi_action: [757,856,758,1,806,android,857,ACCESSIBILITY_SECURITY_POLICY,858,2]
09-10 05:10:51.830   566   566 I sysui_multi_action: [757,856,758,1,806,android,857,ABUSIVE_BACKGROUND_APPS,858,2]
09-10 05:10:51.830   566   602 I am_wtf  : [0,566,system_server,-1,SystemServiceRegistry,No service published for: jobscheduler]
09-10 05:10:51.830   566   602 I am_wtf  : [0,566,system_server,-1,SystemServiceRegistry,Manager wrapper not available: jobscheduler]
09-10 05:10:51.834   566   862 I storage_state: [41217664-9172-527a-b3d5-edabb50a7d69,0,0,5814636544,6228115456]
09-10 05:10:51.896   566   602 I am_wtf  : [0,566,system_server,-1,SystemServiceRegistry,No service published for: jobscheduler]
09-10 05:10:51.896   566   602 I am_wtf  : [0,566,system_server,-1,SystemServiceRegistry,Manager wrapper not available: jobscheduler]
09-10 05:10:51.924   566   868 I stream_devices_changed: [4,0,2]
09-10 05:10:51.924   566   868 I stream_devices_changed: [6,0,2]
09-10 05:10:51.925   566   868 I stream_devices_changed: [3,0,2]
09-10 05:10:51.925   566   868 I stream_devices_changed: [5,0,2]
09-10 05:10:51.926   566   868 I stream_devices_changed: [2,0,2]
09-10 05:10:51.926   566   868 I stream_devices_changed: [0,0,2]
09-10 05:10:52.033   566   666 I commit_sys_config_file: [settings-2-0,9]
09-10 05:10:52.035   566   666 I commit_sys_config_file: [settings-0-0,2]
09-10 05:10:52.068   566   592 I commit_sys_config_file: [notification-policy,4]
09-10 05:10:52.097   566   666 I commit_sys_config_file: [settings-1-0,2]
09-10 05:10:52.192   566   566 I configuration_changed: 512
09-10 05:10:52.205   566   846 I sysui_multi_action: [757,856,758,1,806,android,857,APM_ALERTS,858,4]
09-10 05:10:52.234   566   566 I commit_sys_config_file: [package-session,3]
09-10 05:10:52.257   566   566 I sysui_multi_action: [757,1243,758,4,806,com.android.dynsystem,1241,android.permission.POST_NOTIFICATIONS]
09-10 05:10:52.257   566   566 I sysui_multi_action: [757,1243,758,4,806,com.android.server.telecom,1241,android.permission.READ_CALL_LOG]
09-10 05:10:52.257   566   566 I sysui_multi_action: [757,1243,758,4,806,com.android.settings,1241,android.permission.ACCESS_FINE_LOCATION]
09-10 05:10:52.257   566   566 I sysui_multi_action: [757,1243,758,4,806,com.android.settings,1241,android.permission.READ_PHONE_NUMBERS]
09-10 05:10:52.257   566   566 I sysui_multi_action: [757,1243,758,4,806,com.android.settings,1241,android.permission.READ_MEDIA_VISUAL_USER_SELECTED]
09-10 05:10:52.257   566   566 I sysui_multi_action: [757,1243,758,4,806,com.android.settings,1241,android.permission.BLUETOOTH_CONNECT]
09-10 05:10:52.258   566   566 I sysui_multi_action: [757,1243,758,4,806,com.android.server.telecom,1241,android.permission.READ_EXTERNAL_STORAGE]
09-10 05:10:52.258   566   566 I sysui_multi_action: [757,1243,758,4,806,com.android.settings,1241,android.permission.ACCESS_COARSE_LOCATION]
09-10 05:10:52.258   566   566 I sysui_multi_action: [757,1243,758,4,806,com.android.settings,1241,android.permission.READ_PHONE_STATE]
09-10 05:10:52.258   566   566 I sysui_multi_action: [757,1243,758,4,806,com.android.server.telecom,1241,android.permission.SEND_SMS]
09-10 05:10:52.258   566   566 I sysui_multi_action: [757,1243,758,4,806,com.android.settings,1241,android.permission.CALL_PHONE]
09-10 05:10:52.258   566   566 I sysui_multi_action: [757,1243,758,4,806,com.android.settings,1241,android.permission.READ_MEDIA_IMAGES]
09-10 05:10:52.258   566   566 I sysui_multi_action: [757,1243,758,4,806,com.android.settings,1241,android.permission.WRITE_CONTACTS]
09-10 05:10:52.259   566   566 I sysui_multi_action: [757,1243,758,4,806,com.android.DeviceAsWebcam,1241,android.permission.CAMERA]
09-10 05:10:52.259   566   566 I sysui_multi_action: [757,1243,758,4,806,com.android.server.telecom,1241,android.permission.WRITE_CALL_LOG]
09-10 05:10:52.259   566   566 I sysui_multi_action: [757,1243,758,4,806,com.android.settings,1241,android.permission.READ_MEDIA_AUDIO]
09-10 05:10:52.259   566   566 I sysui_multi_action: [757,1243,758,4,806,com.android.settings,1241,android.permission.READ_MEDIA_VIDEO]
09-10 05:10:52.259   566   566 I sysui_multi_action: [757,1243,758,4,806,com.android.settings,1241,android.permission.BLUETOOTH_ADVERTISE]
09-10 05:10:52.259   566   566 I sysui_multi_action: [757,1243,758,4,806,android,1241,android.permission.GET_ACCOUNTS]
09-10 05:10:52.259   566   566 I sysui_multi_action: [757,1243,758,4,806,com.android.settings,1241,android.permission.WRITE_EXTERNAL_STORAGE]
09-10 05:10:52.259   566   566 I sysui_multi_action: [757,1243,758,4,806,android,1241,android.permission.READ_CONTACTS]
09-10 05:10:52.260   566   566 I sysui_multi_action: [757,1243,758,4,806,com.android.location.fused,1241,android.permission.ACCESS_BACKGROUND_LOCATION]
09-10 05:10:52.260   566   566 I sysui_multi_action: [757,1243,758,4,806,com.android.settings,1241,android.permission.BLUETOOTH_SCAN]
09-10 05:10:52.260   566   566 I sysui_multi_action: [757,1243,758,4,806,com.android.mms.service,1241,android.permission.READ_SMS]
09-10 05:10:52.260   566   566 I sysui_multi_action: [757,1243,758,4,806,com.android.stk,1241,android.permission.POST_NOTIFICATIONS]
09-10 05:10:52.260   566   566 I sysui_multi_action: [757,1243,758,4,806,com.android.phone,1241,android.permission.READ_CALL_LOG]
09-10 05:10:52.260   566   566 I sysui_multi_action: [757,1243,758,4,806,com.android.phone,1241,android.permission.ACCESS_FINE_LOCATION]
09-10 05:10:52.260   566   566 I sysui_multi_action: [757,1243,758,4,806,com.android.providers.telephony,1241,android.permission.RECEIVE_SMS]
09-10 05:10:52.261   566   566 I sysui_multi_action: [757,1243,758,4,806,com.android.phone,1241,android.permission.BLUETOOTH_CONNECT]
09-10 05:10:52.261   566   566 I sysui_multi_action: [757,1243,758,4,806,com.android.providers.telephony,1241,android.permission.READ_EXTERNAL_STORAGE]
09-10 05:10:52.261   566   566 I sysui_multi_action: [757,1243,758,4,806,com.android.phone,1241,android.permission.ACCESS_COARSE_LOCATION]
09-10 05:10:52.261   566   566 I sysui_multi_action: [757,1243,758,4,806,com.android.mms.service,1241,android.permission.READ_PHONE_STATE]
09-10 05:10:52.261   566   566 I sysui_multi_action: [757,1243,758,4,806,com.android.phone,1241,android.permission.SEND_SMS]
09-10 05:10:52.261   566   566 I sysui_multi_action: [757,1243,758,4,806,com.android.phone,1241,android.permission.CALL_PHONE]
09-10 05:10:52.261   566   566 I sysui_multi_action: [757,1243,758,4,806,com.android.phone,1241,android.permission.WRITE_CONTACTS]
09-10 05:10:52.262   566   566 I sysui_multi_action: [757,1243,758,4,806,com.android.phone,1241,android.permission.WRITE_CALL_LOG]
09-10 05:10:52.262   566   566 I sysui_multi_action: [757,1243,758,4,806,com.android.phone,1241,android.permission.USE_SIP]
09-10 05:10:52.262   566   566 I sysui_multi_action: [757,1243,758,4,806,com.android.phone,1241,android.permission.GET_ACCOUNTS]
09-10 05:10:52.262   566   566 I sysui_multi_action: [757,1243,758,4,806,com.android.providers.telephony,1241,android.permission.WRITE_EXTERNAL_STORAGE]
09-10 05:10:52.262   566   566 I sysui_multi_action: [757,1243,758,4,806,com.android.phone,1241,android.permission.RECORD_AUDIO]
09-10 05:10:52.262   566   566 I sysui_multi_action: [757,1243,758,4,806,com.android.phone,1241,android.permission.READ_CONTACTS]
09-10 05:10:52.262   566   566 I sysui_multi_action: [757,1243,758,4,806,com.android.phone,1241,android.permission.BLUETOOTH_SCAN]
09-10 05:10:52.262   566   566 I sysui_multi_action: [757,1243,758,4,806,com.android.phone,1241,com.android.voicemail.permission.ADD_VOICEMAIL]
09-10 05:10:52.262   566   566 I sysui_multi_action: [757,1243,758,4,806,com.android.bluetooth,1241,android.permission.READ_SMS]
09-10 05:10:52.263   566   566 I sysui_multi_action: [757,1243,758,4,806,com.android.bluetooth,1241,android.permission.POST_NOTIFICATIONS]
09-10 05:10:52.263   566   566 I sysui_multi_action: [757,1243,758,4,806,com.android.bluetooth,1241,android.permission.READ_CALL_LOG]
09-10 05:10:52.263   566   566 I sysui_multi_action: [757,1243,758,4,806,com.android.bluetooth,1241,android.permission.ACCESS_FINE_LOCATION]
09-10 05:10:52.263   566   566 I sysui_multi_action: [757,1243,758,4,806,com.android.bluetooth,1241,android.permission.RECEIVE_SMS]
09-10 05:10:52.263   566   566 I sysui_multi_action: [757,1243,758,4,806,com.android.bluetooth,1241,android.permission.BLUETOOTH_CONNECT]
09-10 05:10:52.263   566   566 I sysui_multi_action: [757,1243,758,4,806,com.android.bluetooth,1241,android.permission.READ_EXTERNAL_STORAGE]
09-10 05:10:52.263   566   566 I sysui_multi_action: [757,1243,758,4,806,com.android.bluetooth,1241,android.permission.ACCESS_COARSE_LOCATION]
09-10 05:10:52.264   566   566 I sysui_multi_action: [757,1243,758,4,806,com.android.bluetooth,1241,android.permission.SEND_SMS]
09-10 05:10:52.264   566   566 I sysui_multi_action: [757,1243,758,4,806,com.android.bluetooth,1241,android.permission.WRITE_CONTACTS]
09-10 05:10:52.264   566   566 I sysui_multi_action: [757,1243,758,4,806,com.android.bluetooth,1241,android.permission.WRITE_CALL_LOG]
09-10 05:10:52.264   566   566 I sysui_multi_action: [757,1243,758,4,806,com.android.bluetooth,1241,android.permission.BLUETOOTH_ADVERTISE]
09-10 05:10:52.264   566   566 I sysui_multi_action: [757,1243,758,4,806,com.android.bluetooth,1241,android.permission.GET_ACCOUNTS]
09-10 05:10:52.264   566   566 I sysui_multi_action: [757,1243,758,4,806,com.android.bluetooth,1241,android.permission.WRITE_EXTERNAL_STORAGE]
09-10 05:10:52.265   566   566 I sysui_multi_action: [757,1243,758,4,806,com.android.bluetooth,1241,android.permission.READ_CONTACTS]
09-10 05:10:52.265   566   566 I sysui_multi_action: [757,1243,758,4,806,com.android.bluetooth,1241,android.permission.BLUETOOTH_SCAN]
09-10 05:10:52.265   566   566 I sysui_multi_action: [757,1243,758,4,806,com.android.nfc,1241,android.permission.POST_NOTIFICATIONS]
09-10 05:10:52.265   566   566 I sysui_multi_action: [757,1243,758,4,806,com.android.nfc,1241,android.permission.BLUETOOTH_CONNECT]
09-10 05:10:52.265   566   566 I sysui_multi_action: [757,1243,758,4,806,com.android.nfc,1241,android.permission.READ_EXTERNAL_STORAGE]
09-10 05:10:52.266   566   566 I sysui_multi_action: [757,1243,758,4,806,com.android.nfc,1241,android.permission.WRITE_EXTERNAL_STORAGE]
09-10 05:10:52.266   566   566 I sysui_multi_action: [757,1243,758,4,806,com.android.nfc,1241,android.permission.READ_CONTACTS]
09-10 05:10:52.266   566   566 I sysui_multi_action: [757,1243,758,4,806,com.android.nfc,1241,android.permission.BLUETOOTH_SCAN]
09-10 05:10:52.266   566   566 I sysui_multi_action: [757,1243,758,4,806,com.android.networkstack.tethering,1241,android.permission.POST_NOTIFICATIONS]
09-10 05:10:52.266   566   566 I sysui_multi_action: [757,1243,758,4,806,com.android.networkstack,1241,android.permission.ACCESS_FINE_LOCATION]
09-10 05:10:52.266   566   566 I sysui_multi_action: [757,1243,758,4,806,com.android.cellbroadcastservice,1241,android.permission.RECEIVE_SMS]
09-10 05:10:52.266   566   566 I sysui_multi_action: [757,1243,758,4,806,com.android.networkstack.tethering,1241,android.permission.BLUETOOTH_CONNECT]
09-10 05:10:52.267   566   566 I sysui_multi_action: [757,1243,758,4,806,com.android.networkstack,1241,android.permission.ACCESS_COARSE_LOCATION]
09-10 05:10:52.267   566   566 I sysui_multi_action: [757,1243,758,4,806,com.android.networkstack.tethering,1241,android.permission.READ_PHONE_STATE]
09-10 05:10:52.267   566   566 I sysui_multi_action: [757,1243,758,4,806,com.android.cellbroadcastservice,1241,android.permission.READ_CELL_BROADCASTS]
09-10 05:10:52.267   566   566 I sysui_multi_action: [757,1243,758,4,806,com.android.shell,1241,android.permission.READ_SMS]
09-10 05:10:52.267   566   566 I sysui_multi_action: [757,1243,758,4,806,com.android.shell,1241,android.permission.READ_CALENDAR]
09-10 05:10:52.268   566   566 I sysui_multi_action: [757,1243,758,4,806,com.android.shell,1241,android.permission.POST_NOTIFICATIONS]
09-10 05:10:52.268   566   566 I sysui_multi_action: [757,1243,758,4,806,com.android.shell,1241,android.permission.READ_CALL_LOG]
09-10 05:10:52.268   566   566 I sysui_multi_action: [757,1243,758,4,806,com.android.shell,1241,android.permission.ACCESS_FINE_LOCATION]
09-10 05:10:52.268   566   566 I sysui_multi_action: [757,1243,758,4,806,com.android.shell,1241,android.permission.ANSWER_PHONE_CALLS]
09-10 05:10:52.269   566   566 I sysui_multi_action: [757,1243,758,4,806,com.android.shell,1241,android.permission.RECEIVE_WAP_PUSH]
09-10 05:10:52.270   566   566 I sysui_multi_action: [757,1243,758,4,806,com.android.shell,1241,android.permission.BODY_SENSORS]
09-10 05:10:52.270   566   566 I sysui_multi_action: [757,1243,758,4,806,com.android.shell,1241,android.permission.READ_PHONE_NUMBERS]
09-10 05:10:52.270   566   566 I sysui_multi_action: [757,1243,758,4,806,com.android.shell,1241,android.permission.READ_MEDIA_VISUAL_USER_SELECTED]
09-10 05:10:52.270   566   566 I sysui_multi_action: [757,1243,758,4,806,com.android.shell,1241,android.permission.NEARBY_WIFI_DEVICES]
09-10 05:10:52.270   566   566 I sysui_multi_action: [757,1243,758,4,806,com.android.shell,1241,android.permission.RECEIVE_MMS]
09-10 05:10:52.271   566   566 I sysui_multi_action: [757,1243,758,4,806,com.android.shell,1241,android.permission.RECEIVE_SMS]
09-10 05:10:52.271   566   566 I sysui_multi_action: [757,1243,758,4,806,com.android.shell,1241,android.permission.BLUETOOTH_CONNECT]
09-10 05:10:52.271   566   566 I sysui_multi_action: [757,1243,758,4,806,com.android.shell,1241,android.permission.READ_EXTERNAL_STORAGE]
09-10 05:10:52.271   566   566 I sysui_multi_action: [757,1243,758,4,806,com.android.shell,1241,android.permission.ACCESS_COARSE_LOCATION]
09-10 05:10:52.272   566   566 I sysui_multi_action: [757,1243,758,4,806,com.android.shell,1241,android.permission.READ_PHONE_STATE]
09-10 05:10:52.272   566   566 I sysui_multi_action: [757,1243,758,4,806,com.android.shell,1241,android.permission.SEND_SMS]
09-10 05:10:52.272   566   566 I sysui_multi_action: [757,1243,758,4,806,com.android.shell,1241,android.permission.CALL_PHONE]
09-10 05:10:52.272   566   566 I sysui_multi_action: [757,1243,758,4,806,com.android.shell,1241,android.permission.WRITE_CONTACTS]
09-10 05:10:52.272   566   566 I sysui_multi_action: [757,1243,758,4,806,com.android.shell,1241,android.permission.ACCEPT_HANDOVER]
09-10 05:10:52.272   566   566 I sysui_multi_action: [757,1243,758,4,806,com.android.shell,1241,android.permission.CAMERA]
09-10 05:10:52.273   566   566 I sysui_multi_action: [757,1243,758,4,806,com.android.shell,1241,android.permission.WRITE_CALENDAR]
09-10 05:10:52.273   566   566 I sysui_multi_action: [757,1243,758,4,806,com.android.shell,1241,android.permission.WRITE_CALL_LOG]
09-10 05:10:52.273   566   566 I sysui_multi_action: [757,1243,758,4,806,com.android.shell,1241,android.permission.USE_SIP]
09-10 05:10:52.273   566   566 I sysui_multi_action: [757,1243,758,4,806,com.android.shell,1241,android.permission.PROCESS_OUTGOING_CALLS]
09-10 05:10:52.274   566   566 I sysui_multi_action: [757,1243,758,4,806,com.android.shell,1241,android.permission.READ_CELL_BROADCASTS]
09-10 05:10:52.274   566   566 I sysui_multi_action: [757,1243,758,4,806,com.android.shell,1241,android.permission.BLUETOOTH_ADVERTISE]
09-10 05:10:52.274   566   566 I sysui_multi_action: [757,1243,758,4,806,com.android.shell,1241,android.permission.GET_ACCOUNTS]
09-10 05:10:52.274   566   566 I sysui_multi_action: [757,1243,758,4,806,com.android.shell,1241,android.permission.WRITE_EXTERNAL_STORAGE]
09-10 05:10:52.274   566   566 I sysui_multi_action: [757,1243,758,4,806,com.android.shell,1241,android.permission.UWB_RANGING]
09-10 05:10:52.274   566   566 I sysui_multi_action: [757,1243,758,4,806,com.android.shell,1241,android.permission.ACTIVITY_RECOGNITION]
09-10 05:10:52.275   566   566 I sysui_multi_action: [757,1243,758,4,806,com.android.shell,1241,android.permission.RECORD_AUDIO]
09-10 05:10:52.275   566   566 I sysui_multi_action: [757,1243,758,4,806,com.android.shell,1241,android.permission.READ_CONTACTS]
09-10 05:10:52.275   566   566 I sysui_multi_action: [757,1243,758,4,806,com.android.shell,1241,android.permission.ACCESS_BACKGROUND_LOCATION]
09-10 05:10:52.275   566   566 I sysui_multi_action: [757,1243,758,4,806,com.android.shell,1241,android.permission.BLUETOOTH_SCAN]
09-10 05:10:52.275   566   566 I sysui_multi_action: [757,1243,758,4,806,com.android.shell,1241,android.permission.ACCESS_MEDIA_LOCATION]
09-10 05:10:52.275   566   566 I sysui_multi_action: [757,1243,758,4,806,com.android.shell,1241,com.android.voicemail.permission.ADD_VOICEMAIL]
09-10 05:10:52.276   566   566 I sysui_multi_action: [757,1243,758,4,806,com.android.documentsui,1241,android.permission.POST_NOTIFICATIONS]
09-10 05:10:52.276   566   566 I sysui_multi_action: [757,1243,758,4,806,com.android.packageinstaller,1241,android.permission.POST_NOTIFICATIONS]
09-10 05:10:52.276   566   566 I sysui_multi_action: [757,1243,758,4,806,com.android.externalstorage,1241,android.permission.READ_EXTERNAL_STORAGE]
09-10 05:10:52.276   566   566 I sysui_multi_action: [757,1243,758,4,806,com.android.externalstorage,1241,android.permission.WRITE_EXTERNAL_STORAGE]
09-10 05:10:52.276   566   566 I sysui_multi_action: [757,1243,758,4,806,com.android.providers.contacts,1241,android.permission.READ_CALL_LOG]
09-10 05:10:52.276   566   566 I sysui_multi_action: [757,1243,758,4,806,com.android.providers.contacts,1241,android.permission.READ_PHONE_STATE]
09-10 05:10:52.277   566   566 I sysui_multi_action: [757,1243,758,4,806,com.android.providers.contacts,1241,android.permission.WRITE_CONTACTS]
09-10 05:10:52.277   566   566 I sysui_multi_action: [757,1243,758,4,806,com.android.providers.contacts,1241,android.permission.WRITE_CALL_LOG]
09-10 05:10:52.277   566   566 I sysui_multi_action: [757,1243,758,4,806,com.android.providers.contacts,1241,android.permission.GET_ACCOUNTS]
09-10 05:10:52.277   566   566 I sysui_multi_action: [757,1243,758,4,806,com.android.providers.contacts,1241,android.permission.READ_CONTACTS]
09-10 05:10:52.277   566   566 I sysui_multi_action: [757,1243,758,4,806,com.android.managedprovisioning,1241,android.permission.POST_NOTIFICATIONS]
09-10 05:10:52.277   566   566 I sysui_multi_action: [757,1243,758,4,806,com.android.sharedstoragebackup,1241,android.permission.READ_EXTERNAL_STORAGE]
09-10 05:10:52.277   566   566 I sysui_multi_action: [757,1243,758,4,806,com.android.sharedstoragebackup,1241,android.permission.WRITE_EXTERNAL_STORAGE]
09-10 05:10:52.278   566   566 I sysui_multi_action: [757,1243,758,4,806,com.android.bips,1241,android.permission.POST_NOTIFICATIONS]
09-10 05:10:52.278   566   566 I sysui_multi_action: [757,1243,758,4,806,com.android.providers.downloads,1241,android.permission.POST_NOTIFICATIONS]
09-10 05:10:52.278   566   566 I sysui_multi_action: [757,1243,758,4,806,com.android.providers.downloads,1241,android.permission.READ_EXTERNAL_STORAGE]
09-10 05:10:52.278   566   566 I sysui_multi_action: [757,1243,758,4,806,com.android.providers.downloads,1241,android.permission.WRITE_EXTERNAL_STORAGE]
09-10 05:10:52.278   566   566 I sysui_multi_action: [757,1243,758,4,806,com.android.apps.tag,1241,android.permission.CALL_PHONE]
09-10 05:10:52.278   566   566 I sysui_multi_action: [757,1243,758,4,806,com.android.apps.tag,1241,android.permission.READ_CONTACTS]
09-10 05:10:52.279   566   566 I sysui_multi_action: [757,1243,758,4,806,com.android.statementservice,1241,android.permission.POST_NOTIFICATIONS]
09-10 05:10:52.279   566   566 I sysui_multi_action: [757,1243,758,4,806,com.android.providers.calendar,1241,android.permission.READ_CALENDAR]
09-10 05:10:52.279   566   566 I sysui_multi_action: [757,1243,758,4,806,com.android.providers.calendar,1241,android.permission.READ_EXTERNAL_STORAGE]
09-10 05:10:52.279   566   566 I sysui_multi_action: [757,1243,758,4,806,com.android.providers.calendar,1241,android.permission.WRITE_CALENDAR]
09-10 05:10:52.279   566   566 I sysui_multi_action: [757,1243,758,4,806,com.android.providers.calendar,1241,android.permission.GET_ACCOUNTS]
09-10 05:10:52.279   566   566 I sysui_multi_action: [757,1243,758,4,806,com.android.providers.calendar,1241,android.permission.WRITE_EXTERNAL_STORAGE]
09-10 05:10:52.279   566   566 I sysui_multi_action: [757,1243,758,4,806,com.android.printspooler,1241,android.permission.POST_NOTIFICATIONS]
09-10 05:10:52.279   566   566 I sysui_multi_action: [757,1243,758,4,806,com.android.printspooler,1241,android.permission.ACCESS_FINE_LOCATION]
09-10 05:10:52.280   566   566 I sysui_multi_action: [757,1243,758,4,806,com.android.printspooler,1241,android.permission.ACCESS_COARSE_LOCATION]
09-10 05:10:52.280   566   566 I sysui_multi_action: [757,1243,758,4,806,com.android.egg,1241,android.permission.POST_NOTIFICATIONS]
09-10 05:10:52.280   566   566 I sysui_multi_action: [757,1243,758,4,806,com.android.carrierdefaultapp,1241,android.permission.POST_NOTIFICATIONS]
09-10 05:10:52.280   566   566 I sysui_multi_action: [757,1243,758,4,806,com.android.bluetoothmidiservice,1241,android.permission.BLUETOOTH_CONNECT]
09-10 05:10:52.280   566   566 I sysui_multi_action: [757,1243,758,4,806,com.android.bluetoothmidiservice,1241,android.permission.BLUETOOTH_ADVERTISE]
09-10 05:10:52.280   566   566 I sysui_multi_action: [757,1243,758,4,806,com.android.bluetoothmidiservice,1241,android.permission.BLUETOOTH_SCAN]
09-10 05:10:52.280   566   566 I sysui_multi_action: [757,1243,758,4,806,com.android.captiveportallogin,1241,android.permission.POST_NOTIFICATIONS]
09-10 05:10:52.280   566   566 I sysui_multi_action: [757,1243,758,4,806,com.android.traceur,1241,android.permission.POST_NOTIFICATIONS]
09-10 05:10:52.281   566   566 I sysui_multi_action: [757,1243,758,4,806,com.android.companiondevicemanager,1241,android.permission.ACCESS_FINE_LOCATION]
09-10 05:10:52.281   566   566 I sysui_multi_action: [757,1243,758,4,806,com.android.companiondevicemanager,1241,android.permission.BLUETOOTH_CONNECT]
09-10 05:10:52.281   566   566 I sysui_multi_action: [757,1243,758,4,806,com.android.companiondevicemanager,1241,android.permission.ACCESS_COARSE_LOCATION]
09-10 05:10:52.281   566   566 I sysui_multi_action: [757,1243,758,4,806,com.android.companiondevicemanager,1241,android.permission.BLUETOOTH_ADVERTISE]
09-10 05:10:52.281   566   566 I sysui_multi_action: [757,1243,758,4,806,com.android.companiondevicemanager,1241,android.permission.ACCESS_BACKGROUND_LOCATION]
09-10 05:10:52.281   566   566 I sysui_multi_action: [757,1243,758,4,806,com.android.companiondevicemanager,1241,android.permission.BLUETOOTH_SCAN]
09-10 05:10:52.281   566   566 I sysui_multi_action: [757,1243,758,4,806,com.android.dialer,1241,android.permission.POST_NOTIFICATIONS]
09-10 05:10:52.281   566   566 I sysui_multi_action: [757,1243,758,4,806,com.android.dialer,1241,android.permission.READ_CALL_LOG]
09-10 05:10:52.281   566   566 I sysui_multi_action: [757,1243,758,4,806,com.android.dialer,1241,android.permission.READ_PHONE_STATE]
09-10 05:10:52.282   566   566 I sysui_multi_action: [757,1243,758,4,806,com.android.dialer,1241,android.permission.SEND_SMS]
09-10 05:10:52.282   566   566 I sysui_multi_action: [757,1243,758,4,806,com.android.dialer,1241,android.permission.CALL_PHONE]
09-10 05:10:52.282   566   566 I sysui_multi_action: [757,1243,758,4,806,com.android.dialer,1241,android.permission.WRITE_CONTACTS]
09-10 05:10:52.282   566   566 I sysui_multi_action: [757,1243,758,4,806,com.android.dialer,1241,android.permission.CAMERA]
09-10 05:10:52.282   566   566 I sysui_multi_action: [757,1243,758,4,806,com.android.dialer,1241,android.permission.WRITE_CALL_LOG]
09-10 05:10:52.282   566   566 I sysui_multi_action: [757,1243,758,4,806,com.android.dialer,1241,android.permission.PROCESS_OUTGOING_CALLS]
09-10 05:10:52.282   566   566 I sysui_multi_action: [757,1243,758,4,806,com.android.dialer,1241,android.permission.GET_ACCOUNTS]
09-10 05:10:52.282   566   566 I sysui_multi_action: [757,1243,758,4,806,com.android.dialer,1241,android.permission.READ_CONTACTS]
09-10 05:10:52.283   566   566 I sysui_multi_action: [757,1243,758,4,806,com.android.dialer,1241,com.android.voicemail.permission.ADD_VOICEMAIL]
09-10 05:10:52.283   566   566 I sysui_multi_action: [757,1243,758,4,806,com.android.contacts,1241,android.permission.READ_CALL_LOG]
09-10 05:10:52.283   566   566 I sysui_multi_action: [757,1243,758,4,806,com.android.contacts,1241,android.permission.READ_PHONE_STATE]
09-10 05:10:52.283   566   566 I sysui_multi_action: [757,1243,758,4,806,com.android.contacts,1241,android.permission.CALL_PHONE]
09-10 05:10:52.283   566   566 I sysui_multi_action: [757,1243,758,4,806,com.android.contacts,1241,android.permission.WRITE_CONTACTS]
09-10 05:10:52.283   566   566 I sysui_multi_action: [757,1243,758,4,806,com.android.contacts,1241,android.permission.GET_ACCOUNTS]
09-10 05:10:52.283   566   566 I sysui_multi_action: [757,1243,758,4,806,com.android.contacts,1241,android.permission.READ_CONTACTS]
09-10 05:10:52.284   566   566 I sysui_multi_action: [757,1243,758,4,806,com.android.music,1241,android.permission.READ_MEDIA_VISUAL_USER_SELECTED]
09-10 05:10:52.284   566   566 I sysui_multi_action: [757,1243,758,4,806,com.android.music,1241,android.permission.READ_EXTERNAL_STORAGE]
09-10 05:10:52.284   566   566 I sysui_multi_action: [757,1243,758,4,806,com.android.music,1241,android.permission.READ_MEDIA_IMAGES]
09-10 05:10:52.284   566   566 I sysui_multi_action: [757,1243,758,4,806,com.android.music,1241,android.permission.READ_MEDIA_AUDIO]
09-10 05:10:52.284   566   566 I sysui_multi_action: [757,1243,758,4,806,com.android.music,1241,android.permission.READ_MEDIA_VIDEO]
09-10 05:10:52.284   566   566 I sysui_multi_action: [757,1243,758,4,806,com.android.camera2,1241,android.permission.CAMERA]
09-10 05:10:52.284   566   566 I sysui_multi_action: [757,1243,758,4,806,com.android.camera2,1241,android.permission.RECORD_AUDIO]
09-10 05:10:52.284   566   566 I sysui_multi_action: [757,1243,758,4,806,com.android.calendar,1241,android.permission.READ_CALENDAR]
09-10 05:10:52.284   566   566 I sysui_multi_action: [757,1243,758,4,806,com.android.calendar,1241,android.permission.POST_NOTIFICATIONS]
09-10 05:10:52.285   566   566 I sysui_multi_action: [757,1243,758,4,806,com.android.calendar,1241,android.permission.WRITE_CALENDAR]
09-10 05:10:52.285   566   566 I sysui_multi_action: [757,1243,758,4,806,com.android.calendar,1241,android.permission.GET_ACCOUNTS]
09-10 05:10:52.285   566   566 I sysui_multi_action: [757,1243,758,4,806,com.android.calendar,1241,android.permission.READ_CONTACTS]
09-10 05:10:52.285   566   566 I sysui_multi_action: [757,1243,758,4,806,com.android.messaging,1241,android.permission.READ_SMS]
09-10 05:10:52.285   566   566 I sysui_multi_action: [757,1243,758,4,806,com.android.messaging,1241,android.permission.POST_NOTIFICATIONS]
09-10 05:10:52.285   566   566 I sysui_multi_action: [757,1243,758,4,806,com.android.messaging,1241,android.permission.READ_MEDIA_VISUAL_USER_SELECTED]
09-10 05:10:52.285   566   566 I sysui_multi_action: [757,1243,758,4,806,com.android.messaging,1241,android.permission.RECEIVE_MMS]
09-10 05:10:52.285   566   566 I sysui_multi_action: [757,1243,758,4,806,com.android.messaging,1241,android.permission.RECEIVE_SMS]
09-10 05:10:52.285   566   566 I sysui_multi_action: [757,1243,758,4,806,com.android.messaging,1241,android.permission.READ_EXTERNAL_STORAGE]
09-10 05:10:52.285   566   566 I sysui_multi_action: [757,1243,758,4,806,com.android.messaging,1241,android.permission.READ_PHONE_STATE]
09-10 05:10:52.286   566   566 I sysui_multi_action: [757,1243,758,4,806,com.android.messaging,1241,android.permission.SEND_SMS]
09-10 05:10:52.286   566   566 I sysui_multi_action: [757,1243,758,4,806,com.android.messaging,1241,android.permission.CALL_PHONE]
09-10 05:10:52.286   566   566 I sysui_multi_action: [757,1243,758,4,806,com.android.messaging,1241,android.permission.READ_MEDIA_IMAGES]
09-10 05:10:52.286   566   566 I sysui_multi_action: [757,1243,758,4,806,com.android.messaging,1241,android.permission.WRITE_CONTACTS]
09-10 05:10:52.286   566   566 I sysui_multi_action: [757,1243,758,4,806,com.android.messaging,1241,android.permission.CAMERA]
09-10 05:10:52.286   566   566 I sysui_multi_action: [757,1243,758,4,806,com.android.messaging,1241,android.permission.READ_MEDIA_AUDIO]
09-10 05:10:52.286   566   566 I sysui_multi_action: [757,1243,758,4,806,com.android.messaging,1241,android.permission.READ_MEDIA_VIDEO]
09-10 05:10:52.287   566   566 I sysui_multi_action: [757,1243,758,4,806,com.android.messaging,1241,android.permission.WRITE_EXTERNAL_STORAGE]
09-10 05:10:52.287   566   566 I sysui_multi_action: [757,1243,758,4,806,com.android.messaging,1241,android.permission.RECORD_AUDIO]
09-10 05:10:52.287   566   566 I sysui_multi_action: [757,1243,758,4,806,com.android.messaging,1241,android.permission.READ_CONTACTS]
09-10 05:10:52.287   566   566 I sysui_multi_action: [757,1243,758,4,806,com.android.messaging,1241,android.permission.ACCESS_MEDIA_LOCATION]
09-10 05:10:52.287   566   566 I sysui_multi_action: [757,1243,758,4,806,com.android.emergency,1241,android.permission.READ_PHONE_STATE]
09-10 05:10:52.287   566   566 I sysui_multi_action: [757,1243,758,4,806,com.android.emergency,1241,android.permission.CALL_PHONE]
09-10 05:10:52.287   566   566 I sysui_multi_action: [757,1243,758,4,806,com.android.emergency,1241,android.permission.READ_CONTACTS]
09-10 05:10:52.288   566   566 I sysui_multi_action: [757,1243,758,4,806,com.android.launcher3,1241,android.permission.POST_NOTIFICATIONS]
09-10 05:10:52.288   566   566 I sysui_multi_action: [757,1243,758,4,806,com.android.systemui,1241,android.permission.POST_NOTIFICATIONS]
09-10 05:10:52.288   566   566 I sysui_multi_action: [757,1243,758,4,806,com.android.systemui,1241,android.permission.BLUETOOTH_CONNECT]
09-10 05:10:52.288   566   566 I sysui_multi_action: [757,1243,758,4,806,com.android.systemui,1241,android.permission.READ_EXTERNAL_STORAGE]
09-10 05:10:52.288   566   566 I sysui_multi_action: [757,1243,758,4,806,com.android.systemui,1241,android.permission.CAMERA]
09-10 05:10:52.289   566   566 I sysui_multi_action: [757,1243,758,4,806,com.android.systemui,1241,android.permission.BLUETOOTH_ADVERTISE]
09-10 05:10:52.289   566   566 I sysui_multi_action: [757,1243,758,4,806,com.android.systemui,1241,android.permission.GET_ACCOUNTS]
09-10 05:10:52.289   566   566 I sysui_multi_action: [757,1243,758,4,806,com.android.systemui,1241,android.permission.RECORD_AUDIO]
09-10 05:10:52.289   566   566 I sysui_multi_action: [757,1243,758,4,806,com.android.systemui,1241,android.permission.READ_CONTACTS]
09-10 05:10:52.289   566   566 I sysui_multi_action: [757,1243,758,4,806,com.android.systemui,1241,android.permission.BLUETOOTH_SCAN]
09-10 05:10:52.289   566   566 I sysui_multi_action: [757,1243,758,4,806,com.android.storagemanager,1241,android.permission.POST_NOTIFICATIONS]
09-10 05:10:52.289   566   566 I sysui_multi_action: [757,1243,758,4,806,com.android.storagemanager,1241,android.permission.READ_EXTERNAL_STORAGE]
09-10 05:10:52.290   566   566 I sysui_multi_action: [757,1243,758,4,806,com.android.storagemanager,1241,android.permission.WRITE_EXTERNAL_STORAGE]
09-10 05:10:52.290   566   566 I sysui_multi_action: [757,1243,758,4,806,android.ext.services,1241,android.permission.ACCESS_COARSE_LOCATION]
09-10 05:10:52.290   566   566 I sysui_multi_action: [757,1243,758,4,806,com.android.devicelockcontroller,1241,android.permission.POST_NOTIFICATIONS]
09-10 05:10:52.290   566   566 I sysui_multi_action: [757,1243,758,4,806,com.android.permissioncontroller,1241,android.permission.POST_NOTIFICATIONS]
09-10 05:10:52.290   566   566 I sysui_multi_action: [757,1243,758,4,806,com.android.providers.media.module,1241,android.permission.POST_NOTIFICATIONS]
09-10 05:10:52.290   566   566 I sysui_multi_action: [757,1243,758,4,806,com.android.providers.media.module,1241,android.permission.READ_EXTERNAL_STORAGE]
09-10 05:10:52.290   566   566 I sysui_multi_action: [757,1243,758,4,806,com.android.providers.media.module,1241,android.permission.WRITE_EXTERNAL_STORAGE]
09-10 05:10:52.291   566   566 I sysui_multi_action: [757,1243,758,4,806,com.android.cellbroadcastreceiver.module,1241,android.permission.READ_SMS]
09-10 05:10:52.291   566   566 I sysui_multi_action: [757,1243,758,4,806,com.android.cellbroadcastreceiver.module,1241,android.permission.POST_NOTIFICATIONS]
09-10 05:10:52.291   566   566 I sysui_multi_action: [757,1243,758,4,806,com.android.cellbroadcastreceiver.module,1241,android.permission.RECEIVE_SMS]
09-10 05:10:52.291   566   566 I sysui_multi_action: [757,1243,758,4,806,com.android.cellbroadcastreceiver.module,1241,android.permission.BLUETOOTH_CONNECT]
09-10 05:10:52.291   566   566 I sysui_multi_action: [757,1243,758,4,806,com.android.cellbroadcastreceiver.module,1241,android.permission.READ_CELL_BROADCASTS]
09-10 05:10:52.295   566   566 I rescue_note: [0,1,18823]
09-10 05:10:52.361   566   566 I boot_progress_ams_ready: 18889
09-10 05:10:52.363   566   566 I configuration_changed: 268468224
09-10 05:10:52.372   566   566 I thermal_changed: [test temperature sensor,3,30.799999,0,0]
09-10 05:10:52.405   566   666 I commit_sys_config_file: [settings-0-0,3]
09-10 05:10:52.421   566   666 I commit_sys_config_file: [settings-2-0,3]
09-10 05:10:52.430   566   566 I am_uid_running: 10121
09-10 05:10:52.446   566   918 I am_uid_running: 10132
09-10 05:10:52.452   566   603 I am_proc_start: [0,931,10121,com.android.systemui,service,{com.android.systemui/com.android.systemui.wallpapers.ImageWallpaper}]
09-10 05:10:52.461   566   603 I am_proc_start: [0,941,10132,com.android.permissioncontroller,service,{com.android.permissioncontroller/com.android.permissioncontroller.permission.service.PermissionControllerServiceImpl}]
09-10 05:10:52.463   566   592 I commit_sys_config_file: [notification-policy,7]
09-10 05:10:52.468   566   839 I am_proc_bound: [0,931,com.android.systemui]
09-10 05:10:52.481   566   839 I am_uid_active: 10121
09-10 05:10:52.486   566   641 I am_proc_bound: [0,941,com.android.permissioncontroller]
09-10 05:10:52.498   566   638 I am_uid_running: 1037
09-10 05:10:52.499   566   844 I commit_sys_config_file: [net-policy,4]
09-10 05:10:52.511   566   603 I am_proc_start: [0,959,1037,WebViewLoader-x86_64,,]
09-10 05:10:52.527   566   839 I am_proc_bound: [0,959,WebViewLoader-x86_64]
09-10 05:10:52.529   566   842 I netstats_mobile_sample: [0,0,0,0,0,0,0,0,1789017052529]
09-10 05:10:52.529   566   842 I netstats_wifi_sample: [0,0,0,0,0,0,0,0,1789017052529]
09-10 05:10:52.533   566   839 I am_uid_active: 1037
09-10 05:10:52.533   566   842 I netstats_mobile_sample: [0,0,0,0,0,0,0,0,1789017052533]
09-10 05:10:52.534   566   842 I netstats_wifi_sample: [0,0,0,0,0,0,0,0,1789017052533]
09-10 05:10:52.607   566   642 I am_proc_died: [0,959,WebViewLoader-x86_64,-700,0]
09-10 05:10:52.608   566   642 I am_uid_stopped: 1037
09-10 05:10:52.622   566   641 I am_mem_factor: [3,0]
09-10 05:10:52.622   566   641 I am_uid_active: 10132
09-10 05:10:52.641   566   666 I commit_sys_config_file: [settings-0-0,6]
09-10 05:10:52.672   566   566 I am_uid_running: 1073
09-10 05:10:52.682   566   590 I service_manager_stats: [441,214,5000]
09-10 05:10:52.683   566   566 I ssm_user_starting: 0
09-10 05:10:52.685   566   584 I wm_task_created: 2
09-10 05:10:52.686   566   902 I service_manager_slow: [13,tethering]
09-10 05:10:52.688   566   593 I commit_sys_config_file: [input-state,6]
09-10 05:10:52.690   566   603 I am_proc_start: [0,1018,1073,com.android.networkstack.process,service,{com.android.networkstack/com.android.server.NetworkStackService}]
09-10 05:10:52.691   566   584 I wm_task_created: 3
09-10 05:10:52.709   566   584 I wm_task_created: 4
09-10 05:10:52.709   566   601 I service_manager_slow: [14,time_detector]
09-10 05:10:52.709   566   601 I netstats_mobile_sample: [0,0,0,0,0,0,0,0,1789017052709]
09-10 05:10:52.709   566   601 I netstats_wifi_sample: [0,0,0,0,0,0,0,0,1789017052709]
09-10 05:10:52.730   566   601 I service_manager_slow: [20,phone]
09-10 05:10:52.738   566   585 I am_proc_bound: [0,1018,com.android.networkstack.process]
09-10 05:10:52.742   566  1032 I sysui_multi_action: [757,1243,758,4,806,com.android.settings.intelligence,1241,android.permission.POST_NOTIFICATIONS]
09-10 05:10:52.749   566  1032 I sysui_multi_action: [757,1243,758,4,806,com.android.gallery3d,1241,android.permission.ACCESS_MEDIA_LOCATION]
09-10 05:10:52.749   566  1032 I sysui_multi_action: [757,1243,758,4,806,com.android.gallery3d,1241,android.permission.WRITE_EXTERNAL_STORAGE]
09-10 05:10:52.750   566  1032 I sysui_multi_action: [757,1243,758,4,806,com.android.gallery3d,1241,android.permission.READ_MEDIA_VIDEO]
09-10 05:10:52.750   566  1032 I sysui_multi_action: [757,1243,758,4,806,com.android.gallery3d,1241,android.permission.READ_MEDIA_AUDIO]
09-10 05:10:52.750   566  1032 I sysui_multi_action: [757,1243,758,4,806,com.android.gallery3d,1241,android.permission.READ_MEDIA_IMAGES]
09-10 05:10:52.751   566  1032 I sysui_multi_action: [757,1243,758,4,806,com.android.gallery3d,1241,android.permission.READ_EXTERNAL_STORAGE]
09-10 05:10:52.751   566  1032 I sysui_multi_action: [757,1243,758,4,806,com.android.gallery3d,1241,android.permission.READ_MEDIA_VISUAL_USER_SELECTED]
09-10 05:10:52.762   566   666 I commit_sys_config_file: [settings-2-0,5]
09-10 05:10:52.781   566   585 I am_uid_active: 1073
09-10 05:10:52.789   566   601 I service_manager_slow: [37,time_detector]
09-10 05:10:52.790   566   601 I netstats_mobile_sample: [0,0,0,0,0,0,0,0,1789017052790]
09-10 05:10:52.790   566   601 I netstats_wifi_sample: [0,0,0,0,0,0,0,0,1789017052790]
09-10 05:10:52.793   566   585 I wm_task_removed: [3,3,0,reParentTask:sanitizeAndApplyHierarchyOp]
09-10 05:10:52.794   566   585 I wm_task_moved: [3,2,0,1,2147483647]
09-10 05:10:52.794   566   585 I wm_task_removed: [4,4,0,reParentTask:sanitizeAndApplyHierarchyOp]
09-10 05:10:52.794   566   585 I wm_task_moved: [4,2,0,1,2147483647]
09-10 05:10:52.799   931   972 I viewroot_draw_event: [VRI[ShellDropTarget],Not drawing due to not visible. Reason=View.INVISIBLE]
09-10 05:10:52.830   566   592 I commit_sys_config_file: [notification-policy,22]
09-10 05:10:52.845   566   601 I netstats_mobile_sample: [0,0,0,0,0,0,0,0,1789017052845]
09-10 05:10:52.845   566   601 I netstats_wifi_sample: [0,0,0,0,0,0,0,0,1789017052845]
09-10 05:10:52.854   566   642 I sysui_multi_action: [757,856,758,1,806,com.android.networkstack,857,connected_note_loud,858,4]
09-10 05:10:52.855   566  1026 I sysui_multi_action: [757,856,758,1,806,com.android.networkstack,857,connected_note,858,3]
09-10 05:10:52.857   566  1032 I sysui_multi_action: [757,1243,758,4,806,org.chromium.webview_shell,1241,android.permission.ACCESS_FINE_LOCATION]
09-10 05:10:52.869   566   640 I sysui_multi_action: [757,856,758,1,806,com.android.networkstack.tethering,857,TETHERING_STATUS,858,2]
09-10 05:10:52.880   566   601 I netstats_mobile_sample: [0,0,0,0,0,0,0,0,1789017052880]
09-10 05:10:52.880   566   601 I netstats_wifi_sample: [0,0,0,0,0,0,0,0,1789017052880]
09-10 05:10:52.899   566   585 I am_wtf  : [0,1018,com.android.networkstack.process,680050253,SystemServiceRegistry,No service published for: ethernet]
09-10 05:10:52.897  1018  1018 I auditd  : type=1400 audit(0.0:6): avc:  granted  { read } for  comm="rkstack.process" name="psched" dev="proc" ino=4026532021 scontext=u:r:network_stack:s0 tcontext=u:object_r:proc_net:s0 tclass=file
09-10 05:10:52.897  1018  1018 I auditd  : type=1400 audit(0.0:7): avc:  granted  { read open } for  comm="rkstack.process" path="/proc/1018/net/psched" dev="proc" ino=4026532021 scontext=u:r:network_stack:s0 tcontext=u:object_r:proc_net:s0 tclass=file
09-10 05:10:52.897  1018  1018 I auditd  : type=1400 audit(0.0:8): avc:  granted  { getattr } for  comm="rkstack.process" path="/proc/1018/net/psched" dev="proc" ino=4026532021 scontext=u:r:network_stack:s0 tcontext=u:object_r:proc_net:s0 tclass=file
09-10 05:10:52.932   566   601 I netstats_mobile_sample: [0,0,0,0,0,0,0,0,1789017052932]
09-10 05:10:52.932   566   601 I netstats_wifi_sample: [0,0,0,0,0,0,0,0,1789017052932]
09-10 05:10:52.937   566   683 I am_uid_running: 1002
09-10 05:10:52.953   566   603 I am_proc_start: [0,1087,1002,com.android.bluetooth,service,{com.android.bluetooth/com.android.bluetooth.btservice.AdapterService}]
09-10 05:10:52.958   566   642 I am_proc_bound: [0,1087,com.android.bluetooth]
09-10 05:10:52.963   566   601 I netstats_mobile_sample: [0,0,0,0,0,0,0,0,1789017052963]
09-10 05:10:52.963   566   601 I netstats_wifi_sample: [0,0,0,0,0,0,0,0,1789017052963]
09-10 05:10:52.974   566   566 I um_user_visibility_changed: [0,1]
09-10 05:10:52.979   566   566 I am_uid_running: 1068
09-10 05:10:52.980   566   566 I am_uid_running: 1001
09-10 05:10:52.997   566   566 I wm_task_created: 5
09-10 05:10:52.998   566   566 I wm_task_moved: [5,1,0,1,2147483647]
09-10 05:10:52.998   566   566 I wm_task_moved: [1,1,0,1,1]
09-10 05:10:52.999   566   566 I wm_create_task: [0,5,1,0]
09-10 05:10:52.999   566   566 I wm_create_activity: [0,109882549,5,com.android.settings/.FallbackHome,android.intent.action.MAIN,NULL,NULL,276824320]
09-10 05:10:52.999   566   566 I wm_task_moved: [1,1,0,1,1]
09-10 05:10:52.999   566   566 I wm_task_moved: [5,1,0,1,2147483647]
09-10 05:10:52.999   566   566 I wm_task_to_front: [0,5,0]
09-10 05:10:53.001   566   566 I uc_send_user_broadcast: [0,android.intent.action.USER_STARTED]
09-10 05:10:53.001   566   566 I uc_send_user_broadcast: [0,android.intent.action.USER_STARTING]
09-10 05:10:53.002   566   566 I uc_send_user_broadcast: [0,android.intent.action.USER_FOREGROUND]
09-10 05:10:53.002   566   566 I uc_send_user_broadcast: [0,android.intent.action.USER_SWITCHED]
09-10 05:10:53.006   566  1026 I am_uid_active: 1002
09-10 05:10:53.011   566   603 I am_proc_start: [0,1101,1068,com.android.se,added application,com.android.se]
09-10 05:10:53.011   566  1071 I am_proc_bound: [0,1101,com.android.se]
09-10 05:10:53.017   566  1071 I am_uid_active: 1068
09-10 05:10:53.018   566   603 I am_proc_start: [0,1113,1001,com.android.phone,added application,com.android.phone]
09-10 05:10:53.033   566  1026 I am_proc_bound: [0,1113,com.android.phone]
09-10 05:10:53.035   566  1026 I am_uid_active: 1001
09-10 05:10:53.039   566   603 I am_proc_start: [0,1125,1000,com.android.settings,top-activity,{com.android.settings/com.android.settings.FallbackHome}]
09-10 05:10:53.048   566   585 I am_proc_bound: [0,1125,com.android.settings]
09-10 05:10:53.091   566   666 I commit_sys_config_file: [settings-0-0,5]
09-10 05:10:53.117   566   592 I commit_sys_config_file: [notification-policy,13]
09-10 05:10:53.121   566   566 I notification_cancel_all: [1000,566,android,0,0,0,20,NULL]
09-10 05:10:53.121   566   566 I notification_cancel_all: [1000,566,android,0,0,0,20,NULL]
09-10 05:10:53.121   566   566 I notification_cancel_all: [1000,566,android,0,0,0,20,NULL]
09-10 05:10:53.185   566   666 I commit_sys_config_file: [settings-2-0,6]
09-10 05:10:53.266   566   585 I wm_restart_activity: [0,109882549,5,com.android.settings/.FallbackHome]
09-10 05:10:53.267   566   585 I wm_set_resumed_activity: [0,com.android.settings/.FallbackHome,realStartActivityLocked - onActivityStateChanged]
09-10 05:10:53.298   566   566 I notification_enqueue: [1000,566,android,19,NULL,-1,Notification(channel=PHYSICAL_KEYBOARD shortcut=null contentView=null vibrate=null sound=null defaults=0 flags=AUTO_CANCEL|CAN_COLORIZE color=0x00000000 vis=PRIVATE),0]
09-10 05:10:53.298  1125  1125 I wm_on_create_called: [109882549,com.android.settings.FallbackHome,performCreate,19]
09-10 05:10:53.300  1125  1125 I wm_on_start_called: [109882549,com.android.settings.FallbackHome,handleStartActivity,0]
09-10 05:10:53.301  1125  1125 I wm_on_resume_called: [109882549,com.android.settings.FallbackHome,RESUME_ACTIVITY,0]
09-10 05:10:53.332  1125  1125 I wm_on_top_resumed_gained_called: [109882549,com.android.settings.FallbackHome,topStateChangedWhenResumed]
09-10 05:10:53.341   566   594 I input_focus: [Focus request 9a8369a com.android.settings/com.android.settings.FallbackHome,reason=UpdateInputWindows]
09-10 05:10:53.358   566   566 I sysui_multi_action: [757,856,758,1,806,com.android.server.telecom,857,TelecomMissedCalls,858,3]
09-10 05:10:53.359   566   566 I sysui_multi_action: [757,856,758,1,806,com.android.server.telecom,857,TelecomIncomingCalls,858,5]
09-10 05:10:53.359   566   566 I sysui_multi_action: [757,856,758,1,806,com.android.server.telecom,857,TelecomCallBlocking,858,2]
09-10 05:10:53.359   566   566 I sysui_multi_action: [757,856,758,1,806,com.android.server.telecom,857,TelecomBackgroundAudioProcessing,858,2]
09-10 05:10:53.359   566   566 I sysui_multi_action: [757,856,758,1,806,com.android.server.telecom,857,TelecomDisconnectedCalls,858,3]
09-10 05:10:53.359   566   566 I sysui_multi_action: [757,856,758,1,806,com.android.server.telecom,857,TelecomInCallServiceCrash,858,3]
09-10 05:10:53.360   566   566 I sysui_multi_action: [757,856,758,1,806,com.android.server.telecom,857,TelecomCallStreaming,858,3]
09-10 05:10:53.428  1125  1125 I viewroot_draw_event: [VRI[FallbackHome],reportDrawFinished seqId=0]
09-10 05:10:53.438   566   593 I boot_progress_enable_screen: 19966
09-10 05:10:53.438   566   593 I screen_toggled: 1
09-10 05:10:53.443   566   590 I sysui_multi_action: [319,451,322,447,325,19,757,761,758,7,759,2,806,com.android.settings,871,com.android.settings.FallbackHome,905,0,945,67,1320,4,1321,23]
09-10 05:10:53.451   566   590 I wm_activity_launch_time: [0,109882549,com.android.settings/.FallbackHome,447]
09-10 05:10:53.484   566   566 I sysui_multi_action: [757,1501,758,1,793,778,794,0,795,778,796,19,806,android,857,PHYSICAL_KEYBOARD,858,2,947,0,1500,0]
09-10 05:10:53.484   566   566 I sysui_multi_action: [757,804,799,note_interruptive,801,0,802,1]
09-10 05:10:53.521   566   842 I netstats_mobile_sample: [0,0,0,0,0,0,0,0,1789017053521]
09-10 05:10:53.521   566   842 I netstats_wifi_sample: [0,0,0,0,0,0,0,0,1789017053521]
09-10 05:10:53.534   566  1071 I am_uid_running: 10120
09-10 05:10:53.549   566   603 I am_proc_start: [0,1204,10120,com.android.launcher3,service,{com.android.launcher3/com.android.quickstep.TouchInteractionService}]
09-10 05:10:53.585   566   566 I sysui_multi_action: [757,859,758,6,806,android,860,safety_center_channels]
09-10 05:10:53.585   566   566 I sysui_multi_action: [757,856,758,1,806,android,857,safety_center_information,858,2]
09-10 05:10:53.586   566   566 I sysui_multi_action: [757,856,758,1,806,android,857,safety_center_recommendation,858,3]
09-10 05:10:53.586   566   566 I sysui_multi_action: [757,856,758,1,806,android,857,safety_center_critical_warning,858,4]
09-10 05:10:53.592   931  1203 I viewroot_draw_event: [VRI[ScreenDecorOverlay],Not drawing due to not visible. Reason=View.INVISIBLE]
09-10 05:10:53.601   931  1203 I viewroot_draw_event: [VRI[ScreenDecorOverlayBottom],Not drawing due to not visible. Reason=View.INVISIBLE]
09-10 05:10:53.602   566  1212 I am_proc_bound: [0,1204,com.android.launcher3]
09-10 05:10:53.624   566   592 I commit_sys_config_file: [notification-policy,14]
09-10 05:10:53.691   566   666 I commit_sys_config_file: [settings-2-0,15]
09-10 05:10:53.694   566   584 I am_uid_active: 10120
09-10 05:10:53.715   566   602 I am_wtf  : [0,566,system_server,-1,Binder,Outgoing transactions from this process must be FLAG_ONEWAY]
09-10 05:10:53.721  1204  1229 I jank_cuj_events_cancel_request: [-1,1789017053691971000,20219790298,20219790358]
09-10 05:10:53.872   566  1075 I sysui_multi_action: [757,856,758,1,806,com.android.bluetooth,857,opp_notification_channel,858,4]
09-10 05:10:53.883   566   623 I commit_sys_config_file: [package-user-0,38]
09-10 05:10:53.896   566   623 I commit_sys_config_file: [package-user-0,38]
09-10 05:10:53.911   566   623 I commit_sys_config_file: [package-user-0,51]
09-10 05:10:53.925   566   623 I commit_sys_config_file: [package-user-0,59]
09-10 05:10:53.938   566   623 I commit_sys_config_file: [package-user-0,70]
09-10 05:10:53.989   566   666 I commit_sys_config_file: [settings-0-0,29]
09-10 05:10:54.013   566   623 I commit_sys_config_file: [package-user-0,144]
09-10 05:10:54.027   566   623 I commit_sys_config_file: [package-user-0,158]
09-10 05:10:54.034   566   623 I commit_sys_config_file: [package-user-0,164]
09-10 05:10:54.047   566   623 I commit_sys_config_file: [package-user-0,177]
09-10 05:10:54.062   566   623 I commit_sys_config_file: [package-user-0,185]
09-10 05:10:54.129   566   592 I commit_sys_config_file: [notification-policy,6]
09-10 05:10:54.132   931  1265 I sysui_multi_action: [757,213,758,4,759,-1]
09-10 05:10:54.205   566   592 I commit_sys_config_file: [jobs,1]
09-10 05:10:54.278   566  1075 I sysui_multi_action: [757,127,758,2]
09-10 05:10:54.279   566  1075 I notification_panel_hidden: 
09-10 05:10:54.296   566   666 I commit_sys_config_file: [settings-2-0,2]
09-10 05:10:54.319   566   602 I am_uid_running: 10147
09-10 05:10:54.328   566   603 I am_proc_start: [0,1299,10147,com.android.cellbroadcastreceiver.module,broadcast,{com.android.cellbroadcastreceiver.module/com.android.cellbroadcastreceiver.CellBroadcastReceiver}]
09-10 05:10:54.346   566   585 I am_proc_bound: [0,1299,com.android.cellbroadcastreceiver.module]
09-10 05:10:54.420   566  1212 I sysui_multi_action: [757,856,758,1,806,com.android.systemui,857,ALR,858,4]
09-10 05:10:54.420   566  1212 I sysui_multi_action: [757,856,758,1,806,com.android.systemui,857,INS,858,1]
09-10 05:10:54.421   566  1212 I sysui_multi_action: [757,856,758,1,806,com.android.systemui,857,STP,858,3]
09-10 05:10:54.421   566  1212 I sysui_multi_action: [757,856,758,1,806,com.android.systemui,857,DSK,858,2]
09-10 05:10:54.421   566  1212 I sysui_multi_action: [757,856,758,1,806,com.android.systemui,857,SCN_HEADSUP,858,4]
09-10 05:10:54.421   566  1212 I sysui_multi_action: [757,856,758,1,806,com.android.systemui,857,BAT,858,5]
09-10 05:10:54.421   566  1212 I sysui_multi_action: [757,856,758,1,806,com.android.systemui,857,HNT,858,3]
09-10 05:10:54.425   566   584 I am_uid_running: 10070
09-10 05:10:54.427   566   566 I notification_cancel_all: [1000,566,com.android.systemui,0,0,0,20,NULL]
09-10 05:10:54.432   566   603 I am_proc_start: [0,1319,10070,com.android.cellbroadcastreceiver,content provider,{com.android.cellbroadcastreceiver/com.android.cellbroadcastreceiver.LegacyCellBroadcastContentProvider}]
09-10 05:10:54.448   566  1269 I am_proc_bound: [0,1319,com.android.cellbroadcastreceiver]
09-10 05:10:54.450   566   585 I commit_sys_config_file: [overlays,4]
09-10 05:10:54.464   566   590 I configuration_changed: -2147483648
09-10 05:10:54.471   566   590 I wm_relaunch_resume_activity: [0,109882549,5,com.android.settings/.FallbackHome,80000000]
09-10 05:10:54.473  1125  1125 I wm_on_top_resumed_lost_called: [109882549,com.android.settings.FallbackHome,pausing]
09-10 05:10:54.473  1125  1125 I wm_on_paused_called: [109882549,com.android.settings.FallbackHome,performPause,0]
09-10 05:10:54.474  1125  1125 I wm_on_stop_called: [109882549,com.android.settings.FallbackHome,handleRelaunchActivity,0]
09-10 05:10:54.475  1125  1125 I wm_on_destroy_called: [109882549,com.android.settings.FallbackHome,performDestroy,0]
09-10 05:10:54.480   566   594 I input_focus: [Requesting to set focus to null window,reason=UpdateInputWindows]
09-10 05:10:54.482  1125  1332 I jank_cuj_events_cancel_request: [81,1789017054481147000,21008965701,21008965761]
09-10 05:10:54.482  1125  1332 I jank_cuj_events_end_request: [81,1789017054481166000,21008987171,21008987231]
09-10 05:10:54.492  1125  1125 I wm_on_create_called: [109882549,com.android.settings.FallbackHome,performCreate,10]
09-10 05:10:54.492  1125  1125 I wm_on_start_called: [109882549,com.android.settings.FallbackHome,handleStartActivity,0]
09-10 05:10:54.493  1125  1125 I wm_on_resume_called: [109882549,com.android.settings.FallbackHome,RESUME_ACTIVITY,0]
09-10 05:10:54.493  1125  1125 I wm_on_top_resumed_gained_called: [109882549,com.android.settings.FallbackHome,topWhenResuming]
09-10 05:10:54.502   566  1270 I am_wtf  : [0,1018,com.android.networkstack.process,680050253,SystemServiceRegistry,No service published for: ethernet]
09-10 05:10:54.551   566   594 I input_focus: [Focus request 7c00dc6 com.android.settings/com.android.settings.FallbackHome,reason=UpdateInputWindows]
09-10 05:10:54.552   566   566 I dvm_lock_sample: [system_server,0,main,36,ActivityManagerService.java,14287,void com.android.server.am.ActivityManagerService.serviceDoneExecuting(android.os.IBinder, int, int, int, android.content.Intent),-,5051,void com.android.server.am.ActivityManagerService.finishAttachApplicationInner(long, int, int),7]
09-10 05:10:54.614  1125  1125 I viewroot_draw_event: [VRI[FallbackHome],reportDrawFinished seqId=0]
09-10 05:10:54.637  1125  1125 I viewroot_draw_event: [VRI[FallbackHome],reportDrawFinished seqId=0]
09-10 05:10:54.638   438  1162 I sf_stop_bootanim: 21166
09-10 05:10:54.638   566   593 I wm_boot_animation_done: 21166
09-10 05:10:54.730   566   593 I uc_finish_user_boot: 0
09-10 05:10:54.730   566   593 I am_user_state_changed: [0,1]
09-10 05:10:54.730   566   593 I uc_send_user_broadcast: [0,android.intent.action.LOCKED_BOOT_COMPLETED]
09-10 05:10:54.731   566   593 I uc_finish_user_unlocking: 0
09-10 05:10:54.733   566   566 I notification_enqueue: [1000,566,android,55,NULL,-1,Notification(channel=DEVELOPER shortcut=null contentView=null vibrate=null sound=null tick defaults=0 flags=ONGOING_EVENT|CAN_COLORIZE color=0x00000000 vis=PUBLIC),0]
09-10 05:10:54.734   566   566 I sysui_multi_action: [757,1501,758,1,793,2,794,0,795,2,796,55,806,android,857,DEVELOPER,858,2,947,0,1500,0]
09-10 05:10:54.734   566   566 I sysui_multi_action: [757,804,799,note_interruptive,801,0,802,1]
09-10 05:10:54.742   566   566 I notification_autogrouped: -1|android|55|null|1000
09-10 05:10:54.742   566   566 I notification_autogrouped: -1|android|19|null|1000
09-10 05:10:54.742   566   566 I notification_enqueue: [1000,566,android,2147483647,ranker_group,-1,Notification(channel=DEVELOPER shortcut=null contentView=null vibrate=null sound=null defaults=0 flags=ONGOING_EVENT|LOCAL_ONLY|GROUP_SUMMARY|AUTOGROUP_SUMMARY color=0x00000000 groupKey=ranker_group vis=PUBLIC),0]
09-10 05:10:54.744   566   592 I commit_sys_config_file: [notification-policy,67]
09-10 05:10:54.771   438   438 I sf_frame_dur: [com.android.settings/com.android.settings.FallbackHome#57,0,0,0,0,0,0,1]
09-10 05:10:54.773   566   603 I am_proc_start: [0,1353,10129,android.ext.services,on-hold,]
09-10 05:10:54.773   566   680 I input_focus: [Focus entering 7c00dc6 com.android.settings/com.android.settings.FallbackHome (server),reason=Window became focusable. Previous reason: NOT_VISIBLE]
09-10 05:10:54.780   566  1212 I am_proc_bound: [0,1353,android.ext.services]
09-10 05:10:54.785   931   931 I viewroot_draw_event: [VRI[NotificationShade],Not drawing due to not visible. Reason=View.INVISIBLE]
09-10 05:10:54.807   566   860 I notification_adjusted: [-1|android|55|null|1000,key_group_key,ranker_group]
09-10 05:10:54.807   566   860 I notification_adjusted: [-1|android|19|null|1000,key_group_key,ranker_group]
09-10 05:10:54.830   566   688 I am_uid_running: 10113
09-10 05:10:54.870   566  1270 I am_uid_active: 10129
09-10 05:10:54.876   931   931 I viewroot_draw_event: [VRI[StatusBar],reportDrawFinished seqId=0]
09-10 05:10:54.917   566   666 I commit_sys_config_file: [settings-0-0,37]
09-10 05:10:54.918   566   666 I commit_sys_config_file: [settings-2-0,1]
09-10 05:10:54.924   566   603 I am_proc_start: [0,1377,10113,com.android.inputmethod.latin,service,{com.android.inputmethod.latin/com.android.inputmethod.latin.LatinIME}]
09-10 05:10:54.939   566  1270 I sysui_multi_action: [757,856,758,1,806,com.android.phone,857,sms,858,4]
09-10 05:10:54.954   566  1270 I sysui_multi_action: [757,856,758,1,806,com.android.phone,857,wfc,858,2]
09-10 05:10:54.954   566  1270 I sysui_multi_action: [757,856,758,1,806,com.android.phone,857,simHighPriority,858,4]
09-10 05:10:54.954   566  1270 I sysui_multi_action: [757,856,758,1,806,com.android.phone,857,alert,858,3]
09-10 05:10:54.954   566  1270 I sysui_multi_action: [757,856,758,1,806,com.android.phone,857,mobileDataAlertNew,858,2]
09-10 05:10:54.954   566  1270 I sysui_multi_action: [757,856,758,1,806,com.android.phone,857,sim,858,2]
09-10 05:10:54.954   566  1270 I sysui_multi_action: [757,856,758,1,806,com.android.phone,857,callForwardNew,858,3]
09-10 05:10:54.949     1     1 I auditd  : type=1400 audit(0.0:9): avc:  denied  { write } for  comm="init" name="cfg80211_gtk_rekey_notify" dev="tracefs" ino=16540 scontext=u:r:init:s0 tcontext=u:object_r:debugfs_wifi_tracing:s0 tclass=dir permissive=0
09-10 05:10:54.957     1     1 I auditd  : type=1400 audit(0.0:10): avc:  denied  { write } for  comm="init" name="rdev_add_key" dev="tracefs" ino=12960 scontext=u:r:init:s0 tcontext=u:object_r:debugfs_wifi_tracing:s0 tclass=dir permissive=0
09-10 05:10:54.968   566  1270 I am_proc_bound: [0,1377,com.android.inputmethod.latin]
09-10 05:10:54.957     1     1 I auditd  : type=1400 audit(0.0:11): avc:  denied  { write } for  comm="init" name="rdev_assoc" dev="tracefs" ino=12963 scontext=u:r:init:s0 tcontext=u:object_r:debugfs_wifi_tracing:s0 tclass=dir permissive=0
09-10 05:10:54.957     1     1 I auditd  : type=1400 audit(0.0:12): avc:  denied  { write } for  comm="init" name="rdev_auth" dev="tracefs" ino=12966 scontext=u:r:init:s0 tcontext=u:object_r:debugfs_wifi_tracing:s0 tclass=dir permissive=0
09-10 05:10:54.969     1     1 I auditd  : type=1400 audit(0.0:13): avc:  denied  { write } for  comm="init" name="rdev_connect" dev="tracefs" ino=12969 scontext=u:r:init:s0 tcontext=u:object_r:debugfs_wifi_tracing:s0 tclass=dir permissive=0
09-10 05:10:54.973     1     1 I auditd  : type=1400 audit(0.0:14): avc:  denied  { write } for  comm="init" name="rdev_set_default_key" dev="tracefs" ino=16545 scontext=u:r:init:s0 tcontext=u:object_r:debugfs_wifi_tracing:s0 tclass=dir permissive=0
09-10 05:10:54.981     1     1 I auditd  : type=1400 audit(0.0:15): avc:  denied  { write } for  comm="init" name="rdev_set_default_mgmt_key" dev="tracefs" ino=16548 scontext=u:r:init:s0 tcontext=u:object_r:debugfs_wifi_tracing:s0 tclass=dir permissive=0
09-10 05:10:54.990  1113  1267 I dvm_lock_sample: [com.android.phone,0,DeviceStateHelperThread,869,PhoneFactory.java,382,com.android.internal.telephony.Phone[] com.android.internal.telephony.PhoneFactory.getPhones(),-,486,com.android.internal.telephony.CommandsInterface[] com.android.internal.telephony.PhoneFactory.getCommandsInterfaces(),100]
09-10 05:10:54.985     1     1 I auditd  : type=1400 audit(0.0:16): avc:  denied  { write } for  comm="init" name="rdev_set_rekey_data" dev="tracefs" ino=16551 scontext=u:r:init:s0 tcontext=u:object_r:debugfs_wifi_tracing:s0 tclass=dir permissive=0
09-10 05:10:54.993     1     1 I auditd  : type=1400 audit(0.0:17): avc:  denied  { write } for  comm="init" name="net" dev="tracefs" ino=16554 scontext=u:r:init:s0 tcontext=u:object_r:debugfs_wifi_tracing:s0 tclass=dir permissive=0
09-10 05:10:55.005   566   592 I commit_sys_config_file: [notification-policy,31]
09-10 05:10:55.057   566  1269 I am_uid_active: 10113
09-10 05:10:55.120   566   585 I am_proc_died: [0,1377,com.android.inputmethod.latin,0,7]
09-10 05:10:55.121   566   585 I am_schedule_service_restart: [0,com.android.inputmethod.latin/.LatinIME,30000]
09-10 05:10:55.121   566   585 I am_uid_stopped: 10113
09-10 05:10:55.203   566   590 I am_user_state_changed: [0,2]
09-10 05:10:55.212   566   602 I ssm_user_unlocking: 0
09-10 05:10:55.260   566   692 I am_uid_running: 10133
09-10 05:10:55.292   566   603 I am_proc_start: [0,1426,10133,com.android.providers.media.module,service,{com.android.providers.media.module/com.android.providers.media.fuse.ExternalStorageServiceImpl}]
09-10 05:10:55.317   566   602 I uc_finish_user_unlocked: 0
09-10 05:10:55.317   566   602 I am_user_state_changed: [0,3]
09-10 05:10:55.333   566   602 I uc_send_user_broadcast: [0,android.intent.action.USER_UNLOCKED]
09-10 05:10:55.335   566  1212 I am_proc_bound: [0,1426,com.android.providers.media.module]
09-10 05:10:55.340   566   602 I uc_send_user_broadcast: [0,android.intent.action.PRE_BOOT_COMPLETED]
09-10 05:10:55.341   566   602 I am_pre_boot: [0,com.android.documentsui]
09-10 05:10:55.371   566   601 I am_uid_running: 10083
09-10 05:10:55.379   566   566 I notification_enqueue: [1000,566,android,13,PreBootBroadcaster,0,Notification(channel=UPDATES shortcut=null contentView=null vibrate=null sound=null tick defaults=0 flags=ONGOING_EVENT|CAN_COLORIZE color=0x00000000 vis=PUBLIC),0]
09-10 05:10:55.384   566   666 I commit_sys_config_file: [settings-1-0,38]
09-10 05:10:55.389   566   602 I am_uid_running: 10062
09-10 05:10:55.391   566   584 I wm_finish_activity: [0,109882549,5,com.android.settings/.FallbackHome,app-request]
09-10 05:10:55.392   566   584 I wm_pause_activity: [0,109882549,com.android.settings/.FallbackHome,userLeaving=false,finish]
09-10 05:10:55.393  1125  1125 I wm_on_top_resumed_lost_called: [109882549,com.android.settings.FallbackHome,topStateChangedWhenResumed]
09-10 05:10:55.393  1125  1125 I wm_on_paused_called: [109882549,com.android.settings.FallbackHome,performPause,0]
09-10 05:10:55.400   566  1026 I wm_task_created: 6
09-10 05:10:55.402   566  1026 I wm_task_moved: [6,1,0,1,2147483647]
09-10 05:10:55.407   566  1026 I wm_task_moved: [1,1,0,1,1]
09-10 05:10:55.407   566  1026 I wm_create_task: [0,6,1,0]
09-10 05:10:55.407   566  1026 I wm_create_activity: [0,141806934,6,com.android.sdksetup/.DefaultActivity,android.intent.action.MAIN,NULL,NULL,276824320]
09-10 05:10:55.407   566  1026 I wm_task_moved: [1,1,0,1,1]
09-10 05:10:55.407   566  1026 I wm_task_moved: [6,1,0,1,2147483647]
09-10 05:10:55.407   566  1026 I wm_task_to_front: [0,6,0]
09-10 05:10:55.410   566   603 I am_proc_start: [0,1448,1000,com.android.emulator.multidisplay,added application,com.android.emulator.multidisplay]
09-10 05:10:55.410   566   590 I sysui_multi_action: [757,803,799,window_time_0,802,8]
09-10 05:10:55.425   566   585 I am_uid_running: 10105
09-10 05:10:55.434   566   666 I commit_sys_config_file: [settings-2-0,10]
09-10 05:10:55.441   566   878 I dvm_lock_sample: [system_server,0,backup,48,ActivityManagerService.java,14895,android.content.Intent com.android.server.am.ActivityManagerService.registerReceiverWithFeatureTraced(android.app.IApplicationThread, java.lang.String, java.lang.String, java.lang.String, android.content.IIntentReceiver, android.content.IntentFilter, java.lang.String, int, int),,0,null,9]
09-10 05:10:55.463   566   593 I am_uid_running: 10116
09-10 05:10:55.464   566   603 I am_proc_start: [0,1468,10083,com.android.printspooler,service,{com.android.printspooler/com.android.printspooler.model.PrintSpoolerService}]
09-10 05:10:55.480   566   680 I input_focus: [Focus leaving 7c00dc6 com.android.settings/com.android.settings.FallbackHome (server),reason=NO_WINDOW]
09-10 05:10:55.480   566  1269 I dvm_lock_sample: [system_server,1,binder:566_B,92,ActivityManagerService.java,-1,void com.android.server.am.ActivityManagerService.registerStrictModeCallback(android.os.IBinder),BroadcastQueueModernImpl.java,450,void com.android.server.am.BroadcastQueueModernImpl.updateRunningList(),18]
09-10 05:10:55.485   566   584 I am_proc_bound: [0,1448,com.android.emulator.multidisplay]
09-10 05:10:55.488   566   603 I am_proc_start: [0,1476,10062,com.android.documentsui,broadcast,{com.android.documentsui/com.android.documentsui.PreBootReceiver}]
09-10 05:10:55.499   566   603 I am_proc_start: [0,1480,10105,com.android.music,service,{com.android.music/com.android.music.MediaPlaybackService}]
09-10 05:10:55.511   566   603 I am_proc_start: [0,1493,10116,com.android.sdksetup,top-activity,{com.android.sdksetup/com.android.sdksetup.DefaultActivity}]
09-10 05:10:55.534   566   585 I am_proc_bound: [0,1480,com.android.music]
09-10 05:10:55.593  1468  1468 I service_manager_slow: [60,activity]
09-10 05:10:55.598   566   603 I am_proc_start: [0,1518,1000,com.android.keychain,service,{com.android.keychain/com.android.keychain.KeyChainService}]
09-10 05:10:55.604   566  1270 I am_proc_bound: [0,1468,com.android.printspooler]
09-10 05:10:55.606   566  1026 I am_proc_bound: [0,1476,com.android.documentsui]
09-10 05:10:55.625   566  1212 I am_proc_bound: [0,1493,com.android.sdksetup]
09-10 05:10:55.639   566  1212 I am_uid_active: 10116
09-10 05:10:55.670   566  1212 I wm_restart_activity: [0,141806934,6,com.android.sdksetup/.DefaultActivity]
09-10 05:10:55.685   566  1212 I wm_set_resumed_activity: [0,com.android.sdksetup/.DefaultActivity,realStartActivityLocked - onActivityStateChanged]
09-10 05:10:55.688   566  1026 I am_uid_active: 10105
09-10 05:10:55.711   566   640 I am_uid_active: 10083
09-10 05:10:55.727   566  1212 I sysui_multi_action: [757,856,758,1,806,com.android.printspooler,857,PRINT_PROGRESS,858,2]
09-10 05:10:55.740   566  1269 I sysui_multi_action: [757,856,758,1,806,com.android.printspooler,857,PRINT_FAILURES,858,3]
09-10 05:10:55.819   566  1270 I am_proc_bound: [0,1518,com.android.keychain]
09-10 05:10:55.822   566  1269 I dvm_lock_sample: [system_server,1,binder:566_B,34,ActivityManagerService.java,5981,int com.android.server.am.ActivityManagerService.getUidState(int),OomAdjusterModernImpl.java,919,void com.android.server.am.OomAdjusterModernImpl.performUpdateOomAdjPendingTargetsLocked(int),6]
09-10 05:10:55.851   566  1269 I am_uid_running: 10064
09-10 05:10:55.901   566   566 I sysui_multi_action: [757,1501,758,1,793,518,794,0,795,518,796,13,797,PreBootBroadcaster,806,android,857,UPDATES,858,2,947,0,1500,0,1688,1]
09-10 05:10:55.901   566   566 I sysui_multi_action: [757,804,799,note_interruptive,801,0,802,1]
09-10 05:10:55.916   566   603 I am_proc_start: [0,1570,10064,com.android.externalstorage,content provider,{com.android.externalstorage/com.android.externalstorage.ExternalStorageProvider}]
09-10 05:10:55.922  1113  1113 I gsm_service_state_change: [1,1,3,1]
09-10 05:10:55.935   566   839 I am_proc_bound: [0,1570,com.android.externalstorage]
09-10 05:10:55.942   566  1026 I sysui_multi_action: [757,856,758,1,806,com.android.providers.media.module,857,native_transcode_alert_channel,858,4]
09-10 05:10:55.944   566   641 I sysui_multi_action: [757,856,758,1,806,com.android.providers.media.module,857,native_transcode_progress_channel,858,2]
09-10 05:10:55.973   566  1269 I dvm_lock_sample: [system_server,1,binder:566_B,9,PackageManagerService.java,1196,com.android.server.pm.Computer com.android.server.pm.PackageManagerService.snapshotComputer(boolean),-,1222,com.android.server.pm.Computer com.android.server.pm.PackageManagerService.snapshotComputer(boolean),1]
09-10 05:10:55.975   566   642 I am_uid_active: 10062
09-10 05:10:55.991   566   642 I am_mem_factor: [2,3]
09-10 05:10:55.992   566   590 I am_pre_boot: [0,com.android.managedprovisioning]
09-10 05:10:55.993   566   602 I am_uid_running: 10068
09-10 05:10:55.994   566   566 I notification_enqueue: [1000,566,android,13,PreBootBroadcaster,0,Notification(channel=UPDATES shortcut=null contentView=null vibrate=null sound=null tick defaults=0 flags=ONGOING_EVENT|CAN_COLORIZE color=0x00000000 vis=PUBLIC),1]
09-10 05:10:56.004   566   603 I am_proc_start: [0,1604,10068,com.android.managedprovisioning,broadcast,{com.android.managedprovisioning/com.android.managedprovisioning.ota.PreBootListener}]
09-10 05:10:56.018   566   592 I commit_sys_config_file: [notification-policy,29]
09-10 05:10:56.018   566   666 I commit_sys_config_file: [settings-0-0,21]
09-10 05:10:56.029   566   641 I am_uid_running: 10074
09-10 05:10:56.046   566   603 I am_proc_start: [0,1609,10074,android.process.media,content provider,{com.android.mtp/com.android.mtp.MtpDocumentsProvider}]
09-10 05:10:56.087   566   601 I am_schedule_service_restart: [0,com.android.inputmethod.latin/.LatinIME,19034]
09-10 05:10:56.094   566   585 I am_proc_bound: [0,1604,com.android.managedprovisioning]
09-10 05:10:56.123   566   666 I commit_sys_config_file: [settings-2-0,17]
09-10 05:10:56.130   566  1212 I am_proc_bound: [0,1609,android.process.media]
09-10 05:10:56.143   566  1071 I am_uid_active: 10133
09-10 05:10:56.191   566  1212 I am_uid_active: 10068
09-10 05:10:56.199   566   602 I am_uid_running: 10130
09-10 05:10:56.221   566   603 I am_proc_start: [0,1642,10130,com.android.devicelockcontroller,broadcast,{com.android.devicelockcontroller/com.android.devicelockcontroller.receivers.RecordBootTimestampReceiver}]
09-10 05:10:56.246   566  1442 I am_uid_running: 10067
09-10 05:10:56.257   566   603 I am_proc_start: [0,1654,10067,android.process.acore,content provider,{com.android.providers.contacts/com.android.providers.contacts.ContactsProvider2}]
09-10 05:10:56.259   566  1269 I am_proc_bound: [0,1642,com.android.devicelockcontroller]
09-10 05:10:56.271   566   839 I sysui_multi_action: [757,856,758,1,806,com.android.mtp,857,device_notification_channel,858,2]
09-10 05:10:56.294   566  1075 I am_mem_factor: [1,2]
09-10 05:10:56.307   566   590 I am_pre_boot: [0,com.android.providers.calendar]
09-10 05:10:56.311   566   601 I am_schedule_service_restart: [0,com.android.inputmethod.latin/.LatinIME,8809]
09-10 05:10:56.312   566   566 I notification_enqueue: [1000,566,android,13,PreBootBroadcaster,0,Notification(channel=UPDATES shortcut=null contentView=null vibrate=null sound=null tick defaults=0 flags=ONGOING_EVENT|CAN_COLORIZE color=0x00000000 vis=PUBLIC),1]
09-10 05:10:56.353   566  1071 I am_uid_active: 10130
09-10 05:10:56.360   566  1026 I am_proc_bound: [0,1654,android.process.acore]
09-10 05:10:56.366   566   602 I am_uid_running: 10079
09-10 05:10:56.394   566   603 I am_proc_start: [0,1673,10079,com.android.providers.calendar,broadcast,{com.android.providers.calendar/com.android.providers.calendar.CalendarUpgradeReceiver}]
09-10 05:10:56.415   566   839 I wm_finish_activity: [0,141806934,6,com.android.sdksetup/.DefaultActivity,app-request]
09-10 05:10:56.419   566   839 I wm_pause_activity: [0,141806934,com.android.sdksetup/.DefaultActivity,userLeaving=false,finish]
09-10 05:10:56.420   566   593 I sysui_multi_action: [757,1144,758,7,806,com.android.sdksetup,871,com.android.sdksetup.DefaultActivity]
09-10 05:10:56.421  1493  1493 I wm_on_create_called: [141806934,com.android.sdksetup.DefaultActivity,performCreate,705]
09-10 05:10:56.428   566   666 I commit_sys_config_file: [settings-2-0,4]
09-10 05:10:56.431   566   666 I commit_sys_config_file: [settings-0-0,3]
09-10 05:10:56.434   566   839 I am_proc_bound: [0,1673,com.android.providers.calendar]
09-10 05:10:56.453   566   642 I wm_task_created: 7
09-10 05:10:56.453   566   642 I wm_task_moved: [7,1,0,1,2147483647]
09-10 05:10:56.455   566   642 I wm_task_moved: [1,1,0,1,1]
09-10 05:10:56.455   566   642 I wm_create_task: [0,7,1,0]
09-10 05:10:56.455   566   642 I wm_create_activity: [0,181152051,7,com.android.launcher3/.uioverrides.QuickstepLauncher,android.intent.action.MAIN,NULL,NULL,268435712]
09-10 05:10:56.455   566   642 I wm_task_moved: [1,1,0,1,1]
09-10 05:10:56.455   566   642 I wm_task_moved: [7,1,0,1,2147483647]
09-10 05:10:56.455   566   642 I wm_task_to_front: [0,7,0]
09-10 05:10:56.458   566   642 I wm_restart_activity: [0,181152051,7,com.android.launcher3/.uioverrides.QuickstepLauncher]
09-10 05:10:56.460   566   642 I wm_set_resumed_activity: [0,com.android.launcher3/.uioverrides.QuickstepLauncher,realStartActivityLocked - onActivityStateChanged]
09-10 05:10:56.463   566   590 I sysui_multi_action: [757,803,799,window_time_0,802,1]
09-10 05:10:56.535  1476  1566 I dvm_lock_sample: [com.android.documentsui,0,pool-2-thread-4,691,ProvidersCache.java,645,void com.android.documentsui.roots.ProvidersCache$MultiProviderUpdateTask.handleDocumentsProvider(android.content.pm.ProviderInfo, com.android.documentsui.base.UserId),-,648,void com.android.documentsui.roots.ProvidersCache$MultiProviderUpdateTask.handleDocumentsProvider(android.content.pm.ProviderInfo, com.android.documentsui.base.UserId),100]
09-10 05:10:56.569  1476  1567 I dvm_lock_sample: [com.android.documentsui,0,pool-2-thread-5,725,ProvidersCache.java,645,void com.android.documentsui.roots.ProvidersCache$MultiProviderUpdateTask.handleDocumentsProvider(android.content.pm.ProviderInfo, com.android.documentsui.base.UserId),-,648,void com.android.documentsui.roots.ProvidersCache$MultiProviderUpdateTask.handleDocumentsProvider(android.content.pm.ProviderInfo, com.android.documentsui.base.UserId),100]
09-10 05:10:56.578   566   585 I dvm_lock_sample: [system_server,1,binder:566_2,42,UserManagerService.java,2913,android.content.pm.UserInfo com.android.server.pm.UserManagerService.getUserInfoNoChecks(int),-,1432,java.util.List com.android.server.pm.UserManagerService.getUsersInternal(boolean, boolean, boolean),8]
09-10 05:10:56.581   566   642 I am_uid_active: 10074
09-10 05:10:56.582   566   592 I commit_sys_config_file: [notification-policy,45]
09-10 05:10:56.601   566   592 I commit_sys_config_file: [jobs,18]
09-10 05:10:56.607   566   666 I commit_sys_config_file: [settings-1-0,8]
09-10 05:10:56.688   566   585 I am_uid_active: 10067
09-10 05:10:56.701   566   666 I commit_sys_config_file: [settings-2-0,70]
09-10 05:10:56.859  1204  1204 I wm_on_create_called: [181152051,com.android.launcher3.uioverrides.QuickstepLauncher,performCreate,240]
09-10 05:10:56.864  1204  1204 I wm_on_start_called: [181152051,com.android.launcher3.uioverrides.QuickstepLauncher,handleStartActivity,0]
09-10 05:10:56.865  1204  1204 I wm_on_resume_called: [181152051,com.android.launcher3.uioverrides.QuickstepLauncher,RESUME_ACTIVITY,0]
09-10 05:10:56.868   566   666 I commit_sys_config_file: [settings-2-0,26]
09-10 05:10:56.869  1204  1204 I wm_on_top_resumed_gained_called: [181152051,com.android.launcher3.uioverrides.QuickstepLauncher,topStateChangedWhenResumed]
09-10 05:10:56.871   566   839 I am_uid_active: 10079
09-10 05:10:56.885  1673  1673 I calendar_upgrade_receiver: 14
09-10 05:10:56.887   566   602 I am_uid_running: 10104
09-10 05:10:56.963   566   590 I am_pre_boot: [0,com.android.providers.contacts]
09-10 05:10:56.963   566  1270 I am_mem_factor: [0,1]
09-10 05:10:56.977   566   601 I am_schedule_service_restart: [0,com.android.inputmethod.latin/.LatinIME,0]
09-10 05:10:56.977   566   602 I am_uid_running: 10113
09-10 05:10:56.980   566   603 I am_proc_start: [0,1721,10104,com.android.quicksearchbox,broadcast,{com.android.quicksearchbox/com.android.quicksearchbox.SearchWidgetProvider}]
09-10 05:10:56.982   566   591 I dvm_lock_sample: [system_server,1,android.ui,19,ActivityManagerService.java,19561,android.app.ActivityManagerInternal$ServiceNotificationPolicy com.android.server.am.ActivityManagerService$LocalService.applyForegroundServiceNotification(android.app.Notification, java.lang.String, int, java.lang.String, int),,0,null,3]
09-10 05:10:57.000   566   603 I am_proc_start: [0,1727,10113,com.android.inputmethod.latin,service,{com.android.inputmethod.latin/com.android.inputmethod.latin.LatinIME}]
09-10 05:10:57.008   566   566 I notification_enqueue: [1000,566,android,13,PreBootBroadcaster,0,Notification(channel=UPDATES shortcut=null contentView=null vibrate=null sound=null tick defaults=0 flags=ONGOING_EVENT|CAN_COLORIZE color=0x00000000 vis=PUBLIC),1]
09-10 05:10:57.036   566  1075 I am_proc_bound: [0,1721,com.android.quicksearchbox]
09-10 05:10:57.085   566  1026 I dvm_lock_sample: [system_server,1,binder:566_7,49,ActivityManagerService.java,14266,void com.android.server.am.ActivityManagerService.publishService(android.os.IBinder, android.content.Intent, android.os.IBinder),-,4925,void com.android.server.am.ActivityManagerService.attachApplication(android.app.IApplicationThread, long),9]
09-10 05:10:57.085   566  1270 I am_proc_bound: [0,1727,com.android.inputmethod.latin]
09-10 05:10:57.148   566   666 I commit_sys_config_file: [settings-2-0,13]
09-10 05:10:57.169   566  1075 I sysui_multi_action: [757,856,758,1,806,com.android.providers.downloads,857,active,858,1]
09-10 05:10:57.169   566  1075 I sysui_multi_action: [757,856,758,1,806,com.android.providers.downloads,857,waiting,858,3]
09-10 05:10:57.180  1204  1204 I viewroot_draw_event: [VRI[Taskbar],reportDrawFinished seqId=0]
09-10 05:10:57.199  1113  1113 I gsm_service_state_change: [3,1,0,0]
09-10 05:10:57.199  1113  1113 I gsm_rat_switched_new: [47108,0,14]
09-10 05:10:57.215   566   594 I input_focus: [Focus request d3df771 com.android.launcher3/com.android.launcher3.uioverrides.QuickstepLauncher,reason=UpdateInputWindows]
09-10 05:10:57.216   566  1656 I sysui_multi_action: [757,856,758,1,806,com.android.providers.downloads,857,complete,858,3]
09-10 05:10:57.252  1204  1204 I viewroot_draw_event: [VRI[QuickstepLauncher],Canceling draw. cancelDueToPreDrawListener=true cancelDueToSync=false]
09-10 05:10:57.253  1125  1332 I jank_cuj_events_cancel_request: [81,1789017057253795000,23781614430,23781614591]
09-10 05:10:57.254  1125  1332 I jank_cuj_events_end_request: [81,1789017057253817000,23781635349,23781635410]
09-10 05:10:57.270   566   839 I wm_set_requested_orientation: [5,com.android.launcher3/.uioverrides.QuickstepLauncher]
09-10 05:10:57.270   566  1026 I am_uid_active: 10113
09-10 05:10:57.344   566   585 I dvm_lock_sample: [system_server,1,binder:566_2,19,TelephonyRegistry.java,1147,void com.android.server.TelephonyRegistry.listen(boolean, boolean, java.lang.String, java.lang.String, com.android.internal.telephony.IPhoneStateListener, java.util.Set, boolean, int),-,1060,void com.android.server.TelephonyRegistry.notifySubscriptionInfoChanged(),3]
09-10 05:10:57.375   566   924 I commit_sys_config_file: [input-subtypes,15]
09-10 05:10:57.380   566   844 I commit_sys_config_file: [net-policy,5]
09-10 05:10:57.424   566   592 I commit_sys_config_file: [notification-policy,3]
09-10 05:10:57.439  1727  1727 I viewroot_draw_event: [VRI[InputMethod],Not drawing due to not visible. Reason=View.INVISIBLE]
09-10 05:10:57.457   566  1270 I sysui_multi_action: [757,856,758,1,806,com.android.phone,857,voiceMail,858,3]
09-10 05:10:57.462   566   642 I am_uid_running: 10119
09-10 05:10:57.465   566  1026 I configuration_changed: 3
09-10 05:10:57.474   566   603 I am_proc_start: [0,1774,10119,com.android.carrierconfig,service,{com.android.carrierconfig/com.android.carrierconfig.DefaultCarrierConfigService}]
09-10 05:10:57.501  1654  1654 I contacts_upgrade_receiver: 522
09-10 05:10:57.657   566   585 I am_uid_running: 10102
09-10 05:10:57.659   566  1075 I am_proc_bound: [0,1774,com.android.carrierconfig]
09-10 05:10:57.664   566   590 I am_pre_boot: [0,com.android.providers.media.module]
09-10 05:10:57.672   566   603 I am_proc_start: [0,1789,10102,com.android.contacts,content provider,{com.android.contacts/com.android.contacts.sdn.SdnProvider}]
09-10 05:10:57.678   566   590 I am_pre_boot: [0,com.android.settings]
09-10 05:10:57.681   566  1270 I am_wtf  : [0,1018,com.android.networkstack.process,680050253,SystemServiceRegistry,No service published for: ethernet]
09-10 05:10:57.691   566   566 I notification_enqueue: [1000,566,android,13,PreBootBroadcaster,0,Notification(channel=UPDATES shortcut=null contentView=null vibrate=null sound=null tick defaults=0 flags=ONGOING_EVENT|CAN_COLORIZE color=0x00000000 vis=PUBLIC),1]
09-10 05:10:57.694   566  1656 I service_manager_stats: [242,372,5012]
09-10 05:10:57.703   566  1026 I am_uid_active: 10119
09-10 05:10:57.707   566   566 I notification_enqueue: [1000,566,android,13,PreBootBroadcaster,0,Notification(channel=UPDATES shortcut=null contentView=null vibrate=null sound=null tick defaults=0 flags=ONGOING_EVENT|CAN_COLORIZE color=0x00000000 vis=PUBLIC),1]
09-10 05:10:57.731   566   590 I am_pre_boot: [0,com.android.settings]
09-10 05:10:57.733   566   566 I notification_enqueue: [1000,566,android,13,PreBootBroadcaster,0,Notification(channel=UPDATES shortcut=null contentView=null vibrate=null sound=null tick defaults=0 flags=ONGOING_EVENT|CAN_COLORIZE color=0x00000000 vis=PUBLIC),1]
09-10 05:10:57.741   566   592 I commit_sys_config_file: [notification-policy,19]
09-10 05:10:57.745   566   590 I uc_finish_user_unlocked_completed: 0
09-10 05:10:57.746   566   602 I ssm_user_unlocked: 0
09-10 05:10:57.747   566  1656 I am_proc_bound: [0,1789,com.android.contacts]
09-10 05:10:57.753   566   590 I uc_send_user_broadcast: [0,android.intent.action.BOOT_COMPLETED]
09-10 05:10:57.759   566   566 I sysui_multi_action: [757,128,758,5,759,8,793,2392,794,0,795,777,796,13,797,PreBootBroadcaster,806,android,857,UPDATES,858,2,947,0,1500,777,1688,1]
09-10 05:10:57.769   566   566 I notification_canceled: [0|android|13|PreBootBroadcaster|1000,8,2392,777,0,-1,-1,NULL]
09-10 05:10:57.797   566   602 I am_uid_running: 10076
09-10 05:10:57.816   566   603 I am_proc_start: [0,1814,10076,com.android.statementservice,broadcast,{com.android.statementservice/com.android.statementservice.domain.DomainVerificationReceiverV1}]
09-10 05:10:57.844   566   585 I am_proc_bound: [0,1814,com.android.statementservice]
09-10 05:10:57.845   566   585 I am_uid_active: 10076
09-10 05:10:57.881   566  1270 I am_uid_active: 10102
09-10 05:10:57.926   566   666 I commit_sys_config_file: [settings-0-0,40]
09-10 05:10:57.959   566   602 I am_uid_running: 10097
09-10 05:10:57.975   566   603 I am_proc_start: [0,1837,10097,com.android.traceur,broadcast,{com.android.traceur/com.android.traceur.Receiver}]
09-10 05:10:58.057   566   641 I am_proc_bound: [0,1837,com.android.traceur]
09-10 05:10:58.101   566  1270 I am_uid_active: 10097
09-10 05:10:58.106   566  1270 I sysui_multi_action: [757,856,758,1,806,com.android.traceur,857,trace-is-being-recorded,858,4]
09-10 05:10:58.106   566  1270 I sysui_multi_action: [757,856,758,1,806,com.android.traceur,857,system-tracing,858,4]
09-10 05:10:58.115   566   602 I am_uid_running: 10111
09-10 05:10:58.119   566   602 I am_uid_active: 10147
09-10 05:10:58.121   566  1862 I commit_sys_config_file: [log-files,5]
09-10 05:10:58.125   566   603 I am_proc_start: [0,1864,10111,com.android.calendar,broadcast,{com.android.calendar/com.android.calendar.UpgradeReceiver}]
09-10 05:10:58.127   566   839 I sysui_multi_action: [757,856,758,1,806,com.android.contacts,857,DEFAULT_CHANNEL,858,2]
09-10 05:10:58.149   566   625 I am_uid_stopped: 10129
09-10 05:10:58.149   566   625 I am_kill : [0,1353,android.ext.services,0,change android.ext.services,118124]
09-10 05:10:58.149   566   625 I am_schedule_service_restart: [0,android.ext.services/.notification.Assistant,1000]
09-10 05:10:58.176   566   839 I am_proc_bound: [0,1864,com.android.calendar]
09-10 05:10:58.208   566   922 I service_manager_slow: [44,user]
09-10 05:10:58.229   566   839 I am_uid_active: 10111
09-10 05:10:58.256  1204  1719 I viewroot_draw_event: [VRI[Taskbar],reportDrawFinished seqId=0]
09-10 05:10:58.267   566   602 I am_uid_running: 10129
09-10 05:10:58.280   566   603 I am_proc_start: [0,1883,10129,.adservices,broadcast,{android.ext.services/com.android.adservices.service.common.AdExtBootCompletedReceiver}]
09-10 05:10:58.301   566   666 I commit_sys_config_file: [settings-0-0,5]
09-10 05:10:58.308   566   666 I commit_sys_config_file: [settings-2-0,5]
09-10 05:10:58.327   566   641 I am_proc_bound: [0,1883,.adservices]
09-10 05:10:58.329   566   641 I am_uid_active: 10129
09-10 05:10:58.377   566   602 I am_uid_running: 10108
09-10 05:10:58.388   566   592 I commit_sys_config_file: [notification-policy,24]
09-10 05:10:58.405   566   603 I am_proc_start: [0,1900,10108,com.android.camera2,broadcast,{com.android.camera2/com.android.camera.SetActivitiesCameraReceiver}]
09-10 05:10:58.439   566  1026 I am_proc_bound: [0,1900,com.android.camera2]
09-10 05:10:58.463   566   566 I notification_cancel_all: [10108,1900,com.android.camera2,0,0,32832,9,NULL]
09-10 05:10:58.464   566  1876 I am_uid_active: 10108
09-10 05:10:58.482   566   603 I am_proc_start: [0,1914,1000,com.android.dynsystem,broadcast,{com.android.dynsystem/com.android.dynsystem.BootCompletedReceiver}]
09-10 05:10:58.505   566   842 I netstats_mobile_sample: [0,0,0,0,0,0,0,0,1789017058505]
09-10 05:10:58.505   566   842 I netstats_wifi_sample: [0,0,0,0,0,0,0,0,1789017058505]
09-10 05:10:58.508   566  1026 I am_proc_bound: [0,1914,com.android.dynsystem]
09-10 05:10:58.528   566   602 I am_uid_running: 10145
09-10 05:10:58.531   566  1443 I backup_transport_lifecycle: [com.android.localtransport/.LocalTransportService,1]
09-10 05:10:58.536   566   603 I am_proc_start: [0,1927,1000,com.android.dynsystem:dynsystem,service,{com.android.dynsystem/com.android.dynsystem.DynamicSystemInstallationService}]
09-10 05:10:58.544   566   603 I am_proc_start: [0,1935,10145,com.android.federatedcompute.services,broadcast,{com.android.federatedcompute.services/com.android.federatedcompute.services.FederatedComputeBroadcastReceiver}]
09-10 05:10:58.552   566   603 I am_proc_start: [0,1939,1000,com.android.localtransport,service,{com.android.localtransport/com.android.localtransport.LocalTransportService}]
09-10 05:10:58.568   566  1026 I am_proc_bound: [0,1927,com.android.dynsystem:dynsystem]
09-10 05:10:58.598   566  1876 I commit_sys_config_file: [overlays,14]
09-10 05:10:58.617   566   590 I configuration_changed: -2147483648
09-10 05:10:58.641   566   590 I wm_relaunch_resume_activity: [0,181152051,7,com.android.launcher3/.uioverrides.QuickstepLauncher,80000000]
09-10 05:10:58.652   566   641 I am_proc_bound: [0,1935,com.android.federatedcompute.services]
09-10 05:10:58.659  1939  1939 I service_manager_slow: [12,activity]
09-10 05:10:58.677   566   593 I dvm_lock_sample: [system_server,1,android.display,60,ActivityManagerService.java,19271,void com.android.server.am.ActivityManagerService$LocalService.updateOomLevelsForDisplay(int),,0,null,12]
09-10 05:10:58.703   566  1269 I am_proc_bound: [0,1939,com.android.localtransport]
09-10 05:10:58.721   566  1212 I sysui_multi_action: [757,856,758,1,806,com.android.dynsystem,857,com.android.dynsystem,858,2]
09-10 05:10:58.742   566  1071 I am_uid_active: 10145
09-10 05:10:58.743   566   602 I am_uid_running: 10140
09-10 05:10:58.748   931  1203 I viewroot_draw_event: [VRI[ScreenDecorOverlay],Start draw after previous draw not visible]
09-10 05:10:58.767   566   603 I am_proc_start: [0,2003,10140,com.android.healthconnect.controller,broadcast,{com.android.healthconnect.controller/com.android.healthconnect.controller.safetycenter.SafetySourceBroadcastReceiver}]
09-10 05:10:58.809  1018  1074 I service_manager_slow: [56,carrier_config]
09-10 05:10:58.839   566  1212 I am_wtf  : [0,1018,com.android.networkstack.process,680050253,SystemServiceRegistry,No service published for: ethernet]
09-10 05:10:58.856   566  1656 I commit_sys_config_file: [overlays,18]
09-10 05:10:58.866   566  1075 I am_proc_bound: [0,2003,com.android.healthconnect.controller]
09-10 05:10:58.892   566   566 I backup_transport_connection: [com.android.localtransport/.LocalTransportService,1]
09-10 05:10:58.892   566  1270 I dvm_lock_sample: [system_server,0,binder:566_C,195,OverlayManagerService.java,737,boolean com.android.server.om.OverlayManagerService$1.setEnabledExclusiveInCategory(java.lang.String, int),,0,null,39]
09-10 05:10:58.922   931  1203 I viewroot_draw_event: [VRI[ScreenDecorOverlay],reportDrawFinished seqId=0]
09-10 05:10:58.926   566   641 I dvm_lock_sample: [system_server,0,binder:566_4,137,OverlayManagerService.java,737,boolean com.android.server.om.OverlayManagerService$1.setEnabledExclusiveInCategory(java.lang.String, int),,0,null,27]
09-10 05:10:58.935   931  1203 I viewroot_draw_event: [VRI[ScreenDecorOverlayBottom],Start draw after previous draw not visible]
09-10 05:10:58.939   566  1443 I backup_transport_lifecycle: [com.android.localtransport/.LocalTransportService,0]
09-10 05:10:58.939   566  1443 I backup_transport_connection: [com.android.localtransport/.LocalTransportService,0]
09-10 05:10:58.940   566  1581 I dvm_lock_sample: [system_server,0,binder:566_D,282,OverlayManagerService.java,737,boolean com.android.server.om.OverlayManagerService$1.setEnabledExclusiveInCategory(java.lang.String, int),,0,null,56]
09-10 05:10:58.950  1113  1113 I service_manager_stats: [100,57,25478]
09-10 05:10:58.959   566   641 I am_uid_active: 10140
09-10 05:10:58.962   566   602 I am_uid_running: 10114
09-10 05:10:58.976   566   592 I commit_sys_config_file: [notification-policy,6]
09-10 05:10:58.988   566   625 I am_uid_stopped: 10140
09-10 05:10:58.988   566   625 I am_kill : [0,2003,com.android.healthconnect.controller,0,change com.android.healthconnect.controller,107376]
09-10 05:10:58.997   566   603 I am_proc_start: [0,2044,10114,com.android.messaging,broadcast,{com.android.messaging/com.android.messaging.receiver.BootAndPackageReplacedReceiver}]
09-10 05:10:58.999   931  1203 I viewroot_draw_event: [VRI[ScreenDecorOverlayBottom],reportDrawFinished seqId=0]
09-10 05:10:59.047   566  1269 I am_proc_bound: [0,2044,com.android.messaging]
09-10 05:10:59.069   566   839 I am_wtf  : [0,1018,com.android.networkstack.process,680050253,SystemServiceRegistry,No service published for: ethernet]
09-10 05:10:59.169   566   625 I commit_sys_config_file: [package,22]
09-10 05:10:59.194   566   603 I am_proc_start: [0,2058,10129,android.ext.services,service,{android.ext.services/android.ext.services.notification.Assistant}]
09-10 05:10:59.201   566   623 I commit_sys_config_file: [package-user-0,32]
09-10 05:10:59.211  1113  1113 I gsm_service_state_change: [0,0,1,1]
09-10 05:10:59.211  1113  1113 I gsm_rat_switched_new: [-1,14,0]
09-10 05:10:59.254   566  2035 I am_proc_bound: [0,2058,android.ext.services]
09-10 05:10:59.261   566  1269 I am_uid_active: 10114
09-10 05:10:59.263   566   602 I am_uid_running: 10100
09-10 05:10:59.281   566   603 I am_proc_start: [0,2079,10100,com.android.imsserviceentitlement,broadcast,{com.android.imsserviceentitlement/com.android.imsserviceentitlement.ImsEntitlementReceiver}]
09-10 05:10:59.346   566  1269 I am_proc_bound: [0,2079,com.android.imsserviceentitlement]
09-10 05:10:59.383   931   931 I viewroot_draw_event: [VRI[StatusBar],reportDrawFinished seqId=0]
09-10 05:10:59.435  2044  2077 I dvm_lock_sample: [com.android.messaging,0,AsyncTask #1,117,go/retraceme 0f6d98da91b3c4853d6f803be8640fde018056ba9fcaa4b712230220755a1ca7,3,void com.android.messaging.sms.MmsConfig.load(),,0,null,23]
09-10 05:10:59.481  1113  1271 I service_manager_slow: [30,permission_checker]
09-10 05:10:59.505   566   602 I am_uid_running: 1027
09-10 05:10:59.506   566  1071 I am_uid_active: 10100
09-10 05:10:59.514   566   603 I am_proc_start: [0,2106,1027,com.android.nfc,broadcast,{com.android.nfc/com.android.nfc.NfcBootCompletedReceiver}]
09-10 05:10:59.542   566   641 I am_proc_bound: [0,2106,com.android.nfc]
09-10 05:10:59.579   931   931 I viewroot_draw_event: [VRI[StatusBar],reportDrawFinished seqId=0]
09-10 05:10:59.629   566  1656 I am_uid_active: 1027
09-10 05:10:59.631   566   602 I am_uid_running: 10144
09-10 05:10:59.641   566   625 I am_uid_stopped: 1027
09-10 05:10:59.643   566   625 I am_kill : [0,2106,com.android.nfc,0,change com.android.nfc,102512]
09-10 05:10:59.652   566   603 I am_proc_start: [0,2118,10144,com.android.ondevicepersonalization.services,broadcast,{com.android.ondevicepersonalization.services/com.android.ondevicepersonalization.services.OnDevicePersonalizationBroadcastReceiver}]
09-10 05:10:59.655   566  1581 I dvm_lock_sample: [system_server,1,binder:566_D,9,ActivityManagerService.java,6314,boolean com.android.server.am.ActivityManagerService.isAppStartModeDisabled(int, java.lang.String),OomAdjuster.java,578,void com.android.server.am.OomAdjuster.updateOomAdjLocked(int),1]
09-10 05:10:59.661   566   566 I notification_cancel_all: [1000,566,com.android.nfc,0,0,0,5,NULL]
09-10 05:10:59.667   931   931 I viewroot_draw_event: [VRI[StatusBar],reportDrawFinished seqId=0]
09-10 05:10:59.698   566   641 I am_proc_bound: [0,2118,com.android.ondevicepersonalization.services]
09-10 05:10:59.738   566  1071 I am_uid_active: 10144
09-10 05:10:59.739   566   602 I am_uid_running: 10063
09-10 05:10:59.755   566   603 I am_proc_start: [0,2130,10063,com.android.packageinstaller,broadcast,{com.android.packageinstaller/com.android.packageinstaller.common.TemporaryFileManager}]
09-10 05:10:59.790   566   641 I am_proc_bound: [0,2130,com.android.packageinstaller]
09-10 05:10:59.855   566  1876 I am_uid_active: 10063
09-10 05:10:59.860   566   602 I am_uid_running: 10146
09-10 05:10:59.867   566   603 I am_proc_start: [0,2143,10146,com.android.rkpdapp,broadcast,{com.android.rkpdapp/com.android.rkpdapp.BootReceiver}]
09-10 05:10:59.910   566   641 I am_proc_bound: [0,2143,com.android.rkpdapp]
09-10 05:11:00.003   566  1581 I am_uid_active: 10146
09-10 05:11:00.010   566   602 I am_uid_running: 2000
09-10 05:11:00.023   566   603 I am_proc_start: [0,2158,2000,com.android.shell,broadcast,{com.android.shell/com.android.shell.HeapDumpReceiver}]
09-10 05:11:00.064   566  1581 I am_proc_bound: [0,2158,com.android.shell]
09-10 05:11:00.091   566  1876 I am_uid_active: 2000
09-10 05:11:00.138   566   592 I commit_sys_config_file: [jobs,4]
09-10 05:11:00.150   566   592 I commit_sys_config_file: [jobs,11]
09-10 05:11:00.276   566   602 I am_uid_running: 10086
09-10 05:11:00.282   566   603 I am_proc_start: [0,2180,10086,com.android.carrierdefaultapp,broadcast,{com.android.carrierdefaultapp/com.android.carrierdefaultapp.CarrierDefaultBroadcastReceiver}]
09-10 05:11:00.333   566  1656 I am_proc_bound: [0,2180,com.android.carrierdefaultapp]
09-10 05:11:00.346  1113  1113 I gsm_service_state_change: [1,1,0,0]
09-10 05:11:00.346  1113  1113 I gsm_rat_switched_new: [47108,0,11]
09-10 05:11:00.351   566   566 I notification_cancel_all: [10086,2180,com.android.carrierdefaultapp,0,0,32832,9,NULL]
09-10 05:11:00.451  1204  1229 I jank_cuj_events_end_request: [80,1789017060448580000,26976399135,26976399215]
09-10 05:11:00.691  1125  1125 I viewroot_draw_event: [VRI[FallbackHome],Not drawing due to not visible. Reason=!mAppVisible && !mForceDecorViewVisibility]
09-10 05:11:00.737   566   893 I sysui_multi_action: [757,1717,758,1,759,0]
09-10 05:11:00.746   566   893 I sysui_multi_action: [757,1717,758,2,759,0]
09-10 05:11:00.746   566   893 I sysui_multi_action: [757,1717,758,3,759,0]
09-10 05:11:00.746  1204  1204 I wm_on_top_resumed_lost_called: [181152051,com.android.launcher3.uioverrides.QuickstepLauncher,pausing]
09-10 05:11:00.746  1204  1204 I wm_on_paused_called: [181152051,com.android.launcher3.uioverrides.QuickstepLauncher,performPause,0]
09-10 05:11:00.751  1204  1204 I wm_on_stop_called: [181152051,com.android.launcher3.uioverrides.QuickstepLauncher,handleRelaunchActivity,5]
09-10 05:11:00.755  1204  1204 I wm_on_destroy_called: [181152051,com.android.launcher3.uioverrides.QuickstepLauncher,performDestroy,2]
09-10 05:11:00.762   566   853 I netstats_mobile_sample: [0,0,0,0,0,0,0,0,1789017060762]
09-10 05:11:00.763   566   853 I netstats_wifi_sample: [0,0,0,0,0,0,0,0,1789017060762]
09-10 05:11:00.765   566   594 I input_focus: [Requesting to set focus to null window,reason=UpdateInputWindows]
09-10 05:11:00.816   566   853 I netstats_mobile_sample: [0,0,0,0,0,0,0,0,1789017060815]
09-10 05:11:00.816   566   853 I netstats_wifi_sample: [0,0,0,0,0,0,0,0,1789017060815]
09-10 05:11:00.832  1204  1204 I wm_on_create_called: [181152051,com.android.launcher3.uioverrides.QuickstepLauncher,performCreate,65]
09-10 05:11:00.832   566  2035 I wm_set_requested_orientation: [5,com.android.launcher3/.uioverrides.QuickstepLauncher]
09-10 05:11:00.833  1204  1204 I wm_on_start_called: [181152051,com.android.launcher3.uioverrides.QuickstepLauncher,handleStartActivity,0]
09-10 05:11:00.834  1204  1204 I wm_on_resume_called: [181152051,com.android.launcher3.uioverrides.QuickstepLauncher,RESUME_ACTIVITY,0]
09-10 05:11:00.834  1204  1204 I wm_on_top_resumed_gained_called: [181152051,com.android.launcher3.uioverrides.QuickstepLauncher,topWhenResuming]
09-10 05:11:00.858   566   853 I netstats_mobile_sample: [0,0,0,0,0,0,0,0,1789017060858]
09-10 05:11:00.858   566   853 I netstats_wifi_sample: [0,175,0,3,0,135,0,2,1789017060858]
09-10 05:11:00.862  1204  1204 I viewroot_draw_event: [VRI[Taskbar],reportDrawFinished seqId=0]
09-10 05:11:00.866   566   594 I input_focus: [Focus request 2ec8911 com.android.launcher3/com.android.launcher3.uioverrides.QuickstepLauncher,reason=UpdateInputWindows]
09-10 05:11:00.871  1204  1204 I viewroot_draw_event: [VRI[QuickstepLauncher],Canceling draw. cancelDueToPreDrawListener=true cancelDueToSync=false]
09-10 05:11:00.929   566   625 I am_uid_stopped: 10130
09-10 05:11:00.931   566   625 I am_kill : [0,1642,com.android.devicelockcontroller,0,change com.android.devicelockcontroller,119536]
09-10 05:11:00.932   566   625 I am_schedule_service_restart: [0,com.android.devicelockcontroller/.DeviceLockControllerService,1000]
09-10 05:11:00.953   566   566 I notification_cancel_all: [1000,566,com.android.devicelockcontroller,0,0,0,5,NULL]
09-10 05:11:01.009   566   585 I am_wtf  : [0,1018,com.android.networkstack.process,680050253,SystemServiceRegistry,No service published for: ethernet]
09-10 05:11:01.050   566   844 I commit_sys_config_file: [net-policy,3]
09-10 05:11:01.442   566   666 I commit_sys_config_file: [settings-0-0,2]
09-10 05:11:01.472   566  2245 I am_anr  : [0,1204,com.android.launcher3,885767749,Input dispatching timed out (Application does not have a focused window).]
09-10 05:11:01.593   566  1657 I am_wtf  : [0,1018,com.android.networkstack.process,680050253,SystemServiceRegistry,No service published for: ethernet]
09-10 05:11:01.598   566   880 I ntp_success: [time.android.com/216.239.35.4,499,-71]
09-10 05:11:01.622   566   842 I netstats_mobile_sample: [0,0,0,0,0,0,0,0,1789017061551]
09-10 05:11:01.622   566   842 I netstats_wifi_sample: [1433,2905,13,21,1807,2081,15,15,1789017061551]
09-10 05:11:01.782   566   594 I input_focus: [Focus request e6869dc Application Not Responding: com.android.launcher3,reason=UpdateInputWindows]
09-10 05:11:01.852   566   591 I viewroot_draw_event: [VRI[launcher3],reportDrawFinished seqId=0]
09-10 05:11:01.924   566   680 I input_focus: [Focus entering e6869dc Application Not Responding: com.android.launcher3 (server),reason=Window became focusable. Previous reason: NOT_VISIBLE]
09-10 05:11:01.985  1204  1204 I viewroot_draw_event: [VRI[QuickstepLauncher],Draw frame after cancel]
09-10 05:11:02.088   566   853 I netstats_mobile_sample: [0,0,0,0,0,0,0,0,1789017062017]
09-10 05:11:02.088   566   853 I netstats_wifi_sample: [2403,5033,21,42,2964,3215,24,26,1789017062017]
09-10 05:11:02.132   566   566 I notification_cancel_all: [10086,2180,com.android.carrierdefaultapp,0,0,32832,9,NULL]
09-10 05:11:02.137   566   566 I notification_cancel_all: [10086,2180,com.android.carrierdefaultapp,0,0,32832,9,NULL]
09-10 05:11:02.158   566   853 I netstats_mobile_sample: [0,0,0,0,0,0,0,0,1789017062087]
09-10 05:11:02.158   566   853 I netstats_wifi_sample: [7888,5715,33,51,7420,3415,30,31,1789017062087]
09-10 05:11:02.159   566  1100 I dvm_lock_sample: [system_server,0,MobileDataStatsHandler,31,NetworkStatsService.java,1895,java.lang.String[] android.net.connectivity.com.android.server.net.NetworkStatsService.getAllIfacesSinceBoot(int),-,2332,void android.net.connectivity.com.android.server.net.NetworkStatsService.handleNotifyNetworkStatus(android.net.Network[], android.net.NetworkStateSnapshot[], java.lang.String, android.net.connectivity.com.android.server.net.NetworkStatsEventLogger$PollEvent),6]
09-10 05:11:02.289   566   842 I service_manager_slow: [54,time_detector]
09-10 05:11:02.289   566   842 I netstats_mobile_sample: [279,135,2,2,188,60,1,1,1789017062218]
09-10 05:11:02.289   566   842 I netstats_wifi_sample: [7888,5715,33,51,8449,3897,36,35,1789017062218]
09-10 05:11:02.290  1113  1399 I service_manager_slow: [53,carrier_config]
09-10 05:11:02.304   566   666 I commit_sys_config_file: [settings-0-0,35]
09-10 05:11:02.352   566   844 I dvm_lock_sample: [system_server,0,NetworkPolicy,144,NetworkStatsService.java,2043,void android.net.connectivity.com.android.server.net.NetworkStatsService.advisePersistThreshold(long),-,2590,void android.net.connectivity.com.android.server.net.NetworkStatsService.performPoll(int, android.net.connectivity.com.android.server.net.NetworkStatsEventLogger$PollEvent),28]
09-10 05:11:02.356   566   585 I dvm_lock_sample: [system_server,1,binder:566_2,66,PowerManagerService.java,1624,void com.android.server.power.PowerManagerService.acquireWakeLockInternal(android.os.IBinder, int, int, java.lang.String, java.lang.String, android.os.WorkSource, java.lang.String, int, int, android.os.IWakeLockCallback),-,1816,void com.android.server.power.PowerManagerService.releaseWakeLockInternal(android.os.IBinder, int),13]
09-10 05:11:02.368   566   659 I dvm_lock_sample: [system_server,0,appscheduling.default,58,PowerManagerService.java,1793,void com.android.server.power.PowerManagerService.releaseWakeLockInternal(android.os.IBinder, int),-,1816,void com.android.server.power.PowerManagerService.releaseWakeLockInternal(android.os.IBinder, int),11]
09-10 05:11:02.373   566   640 I am_wtf  : [0,1018,com.android.networkstack.process,680050253,SystemServiceRegistry,No service published for: ethernet]
09-10 05:11:02.411  1204  1204 I viewroot_draw_event: [VRI[QuickstepLauncher],reportDrawFinished seqId=0]
09-10 05:11:02.437   566   594 I dvm_lock_sample: [system_server,1,android.anim,17,WindowAnimator.java,97,void com.android.server.wm.WindowAnimator.lambda$new$1(long),WindowManagerService.java,9019,void com.android.server.wm.WindowManagerService.onAnimationFinished(),3]
09-10 05:11:02.443   566   593 I wm_destroy_activity: [0,109882549,5,com.android.settings/.FallbackHome,finish-transit]
09-10 05:11:02.443   566   593 I wm_destroy_activity: [0,141806934,6,com.android.sdksetup/.DefaultActivity,finish-transit]
09-10 05:11:02.465   566   590 I sysui_multi_action: [319,3955,322,6000,325,22,757,761,758,8,759,2,806,com.android.launcher3,871,com.android.launcher3.uioverrides.QuickstepLauncher,905,0,1320,4,1321,23]
09-10 05:11:02.506  1493  1493 I wm_on_destroy_called: [141806934,com.android.sdksetup.DefaultActivity,performDestroy,0]
09-10 05:11:02.506   566  1657 I wm_task_removed: [6,1,0,removeChild, last child = ActivityRecord{873cd56 u0 com.android.sdksetup/.DefaultActivity t-1 f}} in Task{862d1d7 #6 type=home A=10116:com.android.sdksetup}]
09-10 05:11:02.510  1125  1125 I wm_on_stop_called: [109882549,com.android.settings.FallbackHome,LIFECYCLER_STOP_ACTIVITY,0]
09-10 05:11:02.530  1125  1125 I wm_on_destroy_called: [109882549,com.android.settings.FallbackHome,performDestroy,20]
09-10 05:11:02.537   566   590 I wm_activity_launch_time: [0,181152051,com.android.launcher3/.uioverrides.QuickstepLauncher,6000]
09-10 05:11:02.548   566   594 I wm_wallpaper_surface: [0,1,Window{2ec8911 u0 com.android.launcher3/com.android.launcher3.uioverrides.QuickstepLauncher}]
09-10 05:11:02.588   566   844 I service_manager_slow: [80,carrier_config]
09-10 05:11:02.624   566   666 I commit_sys_config_file: [settings-0-0,7]
09-10 05:11:02.649   566   842 I netstats_mobile_sample: [2394,2619,19,21,1960,1807,15,15,1789017062571]
09-10 05:11:02.649   566   842 I netstats_wifi_sample: [8378,6953,35,59,8449,4055,36,37,1789017062571]
09-10 05:11:02.709   566   844 I service_manager_stats: [235,369,5015]
09-10 05:11:02.715   566   640 I wm_task_removed: [5,1,0,removeChild, last child = ActivityRecord{68cacb5 u0 com.android.settings/.FallbackHome t-1 f}} in Task{f82df4a #5 type=home A=1000:com.android.settings.FallbackHome}]
09-10 05:11:02.781   566   602 I ssm_user_completed_event: [0,2]
09-10 05:11:02.802   566  2347 I liblog  : 52
09-10 05:11:02.805   566   844 I commit_sys_config_file: [net-policy,20]
09-10 05:11:02.845   566   842 I netstats_mobile_sample: [2824,3479,22,27,3906,2695,28,22,1789017062774]
09-10 05:11:02.845   566   842 I netstats_wifi_sample: [9522,8113,41,66,11573,5255,50,45,1789017062774]
09-10 05:11:02.902   566   958 I commit_sys_config_file: [appops_accesses,70]
09-10 05:11:02.946   566   666 I commit_sys_config_file: [settings-1-0,17]
09-10 05:11:02.982   566   641 I dvm_lock_sample: [system_server,0,binder:566_4,159,ActivityManagerService.java,16422,void com.android.server.am.ActivityManagerService.finishReceiver(android.os.IBinder, int, java.lang.String, android.os.Bundle, boolean, int),BroadcastQueueModernImpl.java,450,void com.android.server.am.BroadcastQueueModernImpl.updateRunningList(),31]
09-10 05:11:02.985   566   611 I dvm_lock_sample: [system_server,0,bgres-controller,86,ActivityManagerService.java,19626,boolean com.android.server.am.ActivityManagerService$LocalService.isProfileOwner(int),BroadcastQueueModernImpl.java,450,void com.android.server.am.BroadcastQueueModernImpl.updateRunningList(),17]
09-10 05:11:03.008   566   566 I dvm_lock_sample: [system_server,0,main,39,AccessibilityManagerService.java,3635,void com.android.server.accessibility.AccessibilityManagerService.updateFingerprintGestureHandling(com.android.server.accessibility.AccessibilityUserState),-,5361,java.util.ArrayList com.android.server.accessibility.AccessibilityManagerService$AccessibilityDisplayListener.getValidDisplayList(),7]
09-10 05:11:03.018   566   566 I notification_cancel_all: [1000,566,com.android.devicelockcontroller,0,0,0,5,NULL]
09-10 05:11:03.054   566   842 I netstats_mobile_sample: [3370,4507,26,35,3906,2695,28,22,1789017062982]
09-10 05:11:03.054   566   842 I netstats_wifi_sample: [10088,9245,44,72,11573,5315,50,46,1789017062982]
09-10 05:11:03.063   566   642 I dvm_lock_sample: [system_server,0,binder:566_5,11,MessageQueue.java,962,void android.os.MessageQueue.removeCallbacksAndMessages(android.os.Handler, java.lang.Object),-,695,boolean android.os.MessageQueue.enqueueMessage(android.os.Message, long),2]
09-10 05:11:03.158   566   842 I netstats_mobile_sample: [3370,4507,26,35,4993,3273,35,27,1789017063087]
09-10 05:11:03.158   566   842 I netstats_wifi_sample: [10088,9245,44,72,12884,5881,56,49,1789017063087]
09-10 05:11:03.173   566   666 I commit_sys_config_file: [settings-2-0,13]
09-10 05:11:03.354   566   602 I am_wtf  : [0,566,system_server,-1,Binder,Outgoing transactions from this process must be FLAG_ONEWAY]
09-10 05:11:03.563   566   666 I commit_sys_config_file: [settings-1-0,3]
09-10 05:11:04.639   566   591 I wm_new_intent: [0,181152051,7,com.android.launcher3/.uioverrides.QuickstepLauncher,android.intent.action.MAIN,NULL,NULL,268435712]
09-10 05:11:04.639   566   591 I wm_task_moved: [1,1,0,1,1]
09-10 05:11:04.639   566   591 I wm_set_keyguard_occluded: [0,0,0,setOccluded]
09-10 05:11:04.640   566   591 I sysui_multi_action: [757,317,758,4,759,1]
09-10 05:11:04.640   566   591 I am_kill : [0,1204,com.android.launcher3,0,user request after error,234272]
09-10 05:11:04.643   931   931 I sysui_keyguard: [0,0]
09-10 05:11:04.643   931   984 I jank_cuj_events_cancel_request: [23,1789017064643145000,31170964614,31170964755]
09-10 05:11:04.645   566   594 I input_focus: [Focus request 2ec8911 com.android.launcher3/com.android.launcher3.uioverrides.QuickstepLauncher,reason=UpdateInputWindows]
09-10 05:11:04.652   931   984 I jank_cuj_events_end_request: [55,1789017064652823000,31180642538,31180642629]
09-10 05:11:04.653   566  2035 I am_proc_died: [0,1204,com.android.launcher3,0,2]
09-10 05:11:04.662   566  2035 I am_schedule_service_restart: [0,com.android.launcher3/com.android.quickstep.TouchInteractionService,1000]
09-10 05:11:04.671   566   594 I input_focus: [Requesting to set focus to null window,reason=UpdateInputWindows]
09-10 05:11:04.671   566   594 I wm_wallpaper_surface: [0,0,null]
09-10 05:11:04.672   566  2035 I am_uid_stopped: 10120
09-10 05:11:04.679   566   642 I am_uid_running: 10120
09-10 05:11:04.689   566   603 I am_proc_start: [0,2436,10120,com.android.launcher3,service,{com.android.launcher3/com.android.quickstep.TouchInteractionService}]
09-10 05:11:04.743   566   642 I am_proc_bound: [0,2436,com.android.launcher3]
09-10 05:11:04.775   566   585 I wm_restart_activity: [0,181152051,7,com.android.launcher3/.uioverrides.QuickstepLauncher]
09-10 05:11:04.776   566   585 I wm_set_resumed_activity: [0,com.android.launcher3/.uioverrides.QuickstepLauncher,realStartActivityLocked - onActivityStateChanged]
09-10 05:11:04.776  2436  2449 I jank_cuj_events_cancel_request: [-1,1789017064773961000,31301779849,31301779969]
09-10 05:11:04.777   566   585 I am_uid_active: 10120
09-10 05:11:04.911  2436  2436 I wm_on_create_called: [181152051,com.android.launcher3.uioverrides.QuickstepLauncher,performCreate,128]
09-10 05:11:04.912  2436  2436 I wm_on_start_called: [181152051,com.android.launcher3.uioverrides.QuickstepLauncher,handleStartActivity,0]
09-10 05:11:04.912  2436  2436 I wm_on_resume_called: [181152051,com.android.launcher3.uioverrides.QuickstepLauncher,RESUME_ACTIVITY,0]
09-10 05:11:04.916  2436  2436 I wm_on_top_resumed_gained_called: [181152051,com.android.launcher3.uioverrides.QuickstepLauncher,topStateChangedWhenResumed]
09-10 05:11:04.995   566   585 I wm_set_requested_orientation: [5,com.android.launcher3/.uioverrides.QuickstepLauncher]
09-10 05:11:05.008   566   594 I input_focus: [Focus request 1411623 com.android.launcher3/com.android.launcher3.uioverrides.QuickstepLauncher,reason=UpdateInputWindows]
09-10 05:11:05.013  2436  2436 I viewroot_draw_event: [VRI[QuickstepLauncher],Canceling draw. cancelDueToPreDrawListener=true cancelDueToSync=false]
09-10 05:11:05.045  2436  2436 I viewroot_draw_event: [VRI[Taskbar],reportDrawFinished seqId=0]
09-10 05:11:05.061  2436  2436 I viewroot_draw_event: [VRI[Taskbar],reportDrawFinished seqId=0]
09-10 05:11:05.119   566   666 I commit_sys_config_file: [settings-2-0,2]
09-10 05:11:05.120  2436  2436 I viewroot_draw_event: [VRI[QuickstepLauncher],Draw frame after cancel]
09-10 05:11:05.143  2436  2436 I viewroot_draw_event: [VRI[QuickstepLauncher],reportDrawFinished seqId=0]
09-10 05:11:05.153   566   594 I wm_wallpaper_surface: [0,1,Window{1411623 u0 com.android.launcher3/com.android.launcher3.uioverrides.QuickstepLauncher}]
09-10 05:11:05.255   566   680 I input_focus: [Focus entering 1411623 com.android.launcher3/com.android.launcher3.uioverrides.QuickstepLauncher (server),reason=Window became focusable. Previous reason: NOT_VISIBLE]
09-10 05:11:05.748   566   667 I am_freeze: [1480,com.android.music]
09-10 05:11:05.759   566   667 I am_compact: [1480,com.android.music,ANON,103408,51712,51056,0,-3200,0,-3200,3200,11,SOME,0,999,19,20,-2640]
09-10 05:11:06.766   566   666 I commit_sys_config_file: [settings-2-0,2]
09-10 05:11:06.767   566   666 I commit_sys_config_file: [settings-1-0,1]
09-10 05:11:07.770   566   666 I commit_sys_config_file: [settings-2-0,2]
09-10 05:11:08.159   566   667 I am_freeze: [1493,com.android.sdksetup]
09-10 05:11:08.172   566   667 I am_compact: [1493,com.android.sdksetup,ANON,117232,64256,52336,0,-4992,0,-4992,4992,14,SOME,0,935,19,2660,-1232]
09-10 05:11:08.203   566   667 I am_freeze: [1468,com.android.printspooler]
09-10 05:11:08.213   566   667 I am_compact: [1468,com.android.printspooler,ANON,105968,54016,51312,0,-3328,0,-3328,3328,10,SOME,0,999,19,3892,-1064]
09-10 05:11:08.782   566   666 I commit_sys_config_file: [settings-2-0,2]
09-10 05:11:09.241   566   623 I commit_sys_config_file: [package-user-0,4]
09-10 05:11:09.577   566  1876 I service_manager_stats: [108,75,6868]
09-10 05:11:09.781   566   666 I commit_sys_config_file: [settings-2-0,3]
09-10 05:11:10.531   566   667 I am_freeze: [1319,com.android.cellbroadcastreceiver]
09-10 05:11:10.541   566   667 I am_compact: [1319,com.android.cellbroadcastreceiver,ANON,104536,52864,51032,0,-3328,0,-3328,3328,10,SOME,0,965,19,4956,-964]
09-10 05:11:10.791   566   666 I commit_sys_config_file: [settings-2-0,2]
09-10 05:11:10.806   566   667 I am_freeze: [1774,com.android.carrierconfig]
09-10 05:11:10.817   566   667 I am_compact: [1774,com.android.carrierconfig,ANON,105968,54016,51312,0,-3456,0,-3456,3456,11,SOME,0,965,19,5920,-1012]
09-10 05:11:11.929   566   666 I commit_sys_config_file: [settings-2-0,2]
09-10 05:11:12.138   566   667 I am_freeze: [2180,com.android.carrierdefaultapp]
09-10 05:11:12.149   566   667 I am_compact: [2180,com.android.carrierdefaultapp,ANON,105200,53248,51312,0,-3456,0,-3456,3456,11,SOME,0,955,19,6932,-1120]
09-10 05:11:12.940   566   666 I commit_sys_config_file: [settings-2-0,2]
09-10 05:11:12.987   566   667 I am_freeze: [1721,com.android.quicksearchbox]
09-10 05:11:12.998   566   667 I am_compact: [1721,com.android.quicksearchbox,ANON,105072,53248,51184,0,-3456,0,-3456,3584,11,SOME,0,925,19,8052,-1172]
09-10 05:11:13.781   566   625 I commit_sys_config_file: [package,14]
09-10 05:11:13.785   566   623 I commit_sys_config_file: [package-user-0,3]
09-10 05:11:14.316   566   666 I commit_sys_config_file: [settings-0-0,2]
09-10 05:11:14.639   566   680 I input_interaction: Interaction with: 1411623 com.android.launcher3/com.android.launcher3.uioverrides.QuickstepLauncher (server), PointerEventDispatcher0 (server), 
09-10 05:11:14.652   931   984 I jank_cuj_events_end_request: [55,1789017074652782000,41180601264,41180601324]
09-10 05:11:14.897   566   666 I commit_sys_config_file: [settings-0-0,1]
09-10 05:11:15.986   931   984 I jank_cuj_events_end_request: [55,1789017075986243000,42514061790,42514061870]
09-10 05:11:15.991   566   591 I wm_new_intent: [0,181152051,7,com.android.launcher3/.uioverrides.QuickstepLauncher,android.intent.action.MAIN,NULL,NULL,268435712]
09-10 05:11:15.992   566   591 I wm_task_moved: [1,1,0,1,1]
09-10 05:11:15.992   566   591 I wm_set_keyguard_occluded: [0,0,0,setOccluded]
09-10 05:11:15.993  2436  2436 I wm_on_top_resumed_lost_called: [181152051,com.android.launcher3.uioverrides.QuickstepLauncher,pausing]
09-10 05:11:15.996   931   931 I sysui_keyguard: [0,0]
09-10 05:11:15.996   931   984 I jank_cuj_events_cancel_request: [23,1789017075996381000,42524200003,42524200073]
09-10 05:11:15.997  2436  2436 I wm_on_paused_called: [181152051,com.android.launcher3.uioverrides.QuickstepLauncher,performPause,3]
09-10 05:11:15.997  2436  2436 I wm_on_resume_called: [181152051,com.android.launcher3.uioverrides.QuickstepLauncher,LIFECYCLER_RESUME_ACTIVITY,0]
09-10 05:11:15.998  2436  2436 I wm_on_top_resumed_gained_called: [181152051,com.android.launcher3.uioverrides.QuickstepLauncher,topWhenResuming]
09-10 05:11:16.411   566   666 I commit_sys_config_file: [settings-2-0,2]
09-10 05:11:17.762   566   666 I commit_sys_config_file: [settings-2-0,1]
09-10 05:11:18.766   566   666 I commit_sys_config_file: [settings-2-0,2]
09-10 05:11:19.777   566   666 I commit_sys_config_file: [settings-2-0,2]
09-10 05:11:20.785   566   666 I commit_sys_config_file: [settings-2-0,1]
09-10 05:11:21.797   566   666 I commit_sys_config_file: [settings-2-0,2]
09-10 05:11:22.841   566   566 I auditd  : type=1400 audit(0.0:22): avc:  denied  { getopt } for  comm="binder:566_14" scontext=u:r:system_server:s0 tcontext=u:r:shell:s0 tclass=unix_stream_socket permissive=0
09-10 05:11:22.841   566   566 I auditd  : type=1400 audit(0.0:23): avc:  denied  { getopt } for  comm="binder:566_14" scontext=u:r:system_server:s0 tcontext=u:r:shell:s0 tclass=unix_stream_socket permissive=0
09-10 05:11:22.841   566   566 I auditd  : type=1400 audit(0.0:24): avc:  denied  { getopt } for  comm="binder:566_14" scontext=u:r:system_server:s0 tcontext=u:r:shell:s0 tclass=unix_stream_socket permissive=0
09-10 05:11:22.861   566   592 I commit_sys_config_file: [package-session,3]
09-10 05:11:22.862   566   592 I commit_sys_config_file: [package-session,2]
09-10 05:11:23.078   566   667 I am_freeze: [1570,com.android.externalstorage]
09-10 05:11:23.093   566   667 I am_compact: [1570,com.android.externalstorage,ANON,106352,54656,51056,0,-3200,0,-3200,3328,15,SOME,0,965,19,9224,-972]
09-10 05:11:23.600   566   602 I am_wtf  : [0,2832,system_server,-1,SystemServiceRegistry,No service published for: persistent_data_block]
09-10 05:11:23.601   566   602 I am_wtf  : [0,2832,system_server,-1,SystemServiceRegistry,Manager wrapper not available: persistent_data_block]
09-10 05:11:23.593   566   566 I auditd  : type=1400 audit(0.0:25): avc:  denied  { getopt } for  comm="binder:566_14" scontext=u:r:system_server:s0 tcontext=u:r:shell:s0 tclass=unix_stream_socket permissive=0
09-10 05:11:23.603   566   639 I commit_sys_config_file: [package-session,3]
09-10 05:11:24.376   566   592 I commit_sys_config_file: [package-session,2]
09-10 05:11:24.394   566   625 I commit_sys_config_file: [package,11]
09-10 05:11:24.398   566   623 I commit_sys_config_file: [package-user-0,4]
09-10 05:11:24.459   566   625 I backup_transport_lifecycle: [com.android.localtransport/.LocalTransportService,1]
09-10 05:11:24.460   566   566 I backup_transport_connection: [com.android.localtransport/.LocalTransportService,1]
09-10 05:11:24.462   566   625 I backup_transport_lifecycle: [com.android.localtransport/.LocalTransportService,0]
09-10 05:11:24.462   566   625 I backup_transport_connection: [com.android.localtransport/.LocalTransportService,0]
09-10 05:11:24.465   566   625 I unknown_sources_enabled: 1
09-10 05:11:24.478   566   592 I commit_sys_config_file: [package-session,5]
09-10 05:11:24.469   566   566 I auditd  : type=1400 audit(0.0:26): avc:  denied  { getopt } for  comm="binder:566_14" scontext=u:r:system_server:s0 tcontext=u:r:shell:s0 tclass=unix_stream_socket permissive=0
09-10 05:11:24.484   566   922 I service_manager_slow: [10,user]
09-10 05:11:24.490   566   639 I commit_sys_config_file: [package-session,18]
09-10 05:11:24.492   566   645 I commit_sys_config_file: [overlays,12]
09-10 05:11:24.492   566   566 I notification_cancel_all: [1000,566,dev.partydeck.godot.compare,0,0,0,5,NULL]
09-10 05:11:24.469   566   566 I auditd  : type=1400 audit(0.0:27): avc:  denied  { getopt } for  comm="binder:566_14" scontext=u:r:system_server:s0 tcontext=u:r:shell:s0 tclass=unix_stream_socket permissive=0
09-10 05:11:24.469   566   566 I auditd  : type=1400 audit(0.0:28): avc:  denied  { getopt } for  comm="binder:566_14" scontext=u:r:system_server:s0 tcontext=u:r:shell:s0 tclass=unix_stream_socket permissive=0
09-10 05:11:24.506  1113  1113 I service_manager_stats: [148,354,25555]
09-10 05:11:24.515   566  1071 I am_clear_app_data_caller: [2852,2000,dev.partydeck.godot.compare]
09-10 05:11:24.523   566  1071 I pm_clear_app_data_caller: [566,1000,dev.partydeck.godot.compare]
09-10 05:11:24.523   566   566 I notification_cancel_all: [1000,566,dev.partydeck.godot.compare,0,0,0,21,NULL]
09-10 05:11:24.524   566   625 I installer_clear_app_data_caller: [566,1000,dev.partydeck.godot.compare,7]
09-10 05:11:24.524   566   625 I installer_clear_app_data_call_stack: [clearAppData,com.android.server.pm.Installer,Installer.java,427]
09-10 05:11:24.524   566   625 I installer_clear_app_data_call_stack: [clearAppDataLeafLIF,com.android.server.pm.AppDataHelper,AppDataHelper.java,572]
09-10 05:11:24.524   566   625 I installer_clear_app_data_call_stack: [clearAppDataLIF,com.android.server.pm.AppDataHelper,AppDataHelper.java,557]
09-10 05:11:24.524   566   625 I installer_clear_app_data_call_stack: [clearApplicationUserDataLIF,com.android.server.pm.PackageManagerService,PackageManagerService.java,3433]
09-10 05:11:24.524   566   625 I installer_clear_app_data_call_stack: [-$$Nest$mclearApplicationUserDataLIF,com.android.server.pm.PackageManagerService,PackageManagerService.java,0]
09-10 05:11:24.524   566   625 I installer_clear_app_data_call_stack: [run,com.android.server.pm.PackageManagerService$IPackageManagerImpl$1,PackageManagerService.java,4787]
09-10 05:11:24.524   566   625 I installer_clear_app_data_call_stack: [handleCallback,android.os.Handler,Handler.java,959]
09-10 05:11:24.524   566   625 I installer_clear_app_data_call_stack: [dispatchMessage,android.os.Handler,Handler.java,100]
09-10 05:11:24.524   566   625 I installer_clear_app_data_call_stack: [loopOnce,android.os.Looper,Looper.java,232]
09-10 05:11:24.524   566   625 I installer_clear_app_data_call_stack: [loop,android.os.Looper,Looper.java,317]
09-10 05:11:24.524   566   625 I installer_clear_app_data_call_stack: [run,android.os.HandlerThread,HandlerThread.java,85]
09-10 05:11:24.524   566   625 I installer_clear_app_data_call_stack: [run,com.android.server.ServiceThread,ServiceThread.java,46]
09-10 05:11:24.527   566   862 I storage_state: [41217664-9172-527a-b3d5-edabb50a7d69,0,0,5475954688,6228115456]
09-10 05:11:24.532   566   566 I notification_cancel_all: [1000,566,dev.partydeck.godot.compare,0,0,0,5,NULL]
09-10 05:11:24.538   566   881 I commit_sys_config_file: [session_index,5]
09-10 05:11:24.541   566   881 I commit_sys_config_file: [blobs_index,3]
09-10 05:11:24.715   566   666 I commit_sys_config_file: [settings-2-0,2]
09-10 05:11:24.775   566   592 I commit_sys_config_file: [notification-policy,2]
09-10 05:11:25.674   566   593 I configuration_changed: 1073741824
09-10 05:11:25.705   566   593 I wm_relaunch_resume_activity: [0,181152051,7,com.android.launcher3/.uioverrides.QuickstepLauncher,40000000]
09-10 05:11:25.726   566  2432 I am_wtf  : [0,1018,com.android.networkstack.process,680050253,SystemServiceRegistry,No service published for: ethernet]
09-10 05:11:25.801   566  2035 I wm_task_created: 8
09-10 05:11:25.802   566  2035 I wm_task_moved: [8,8,0,1,2]
09-10 05:11:25.802   566  2035 I wm_task_to_front: [0,8,0]
09-10 05:11:25.803   566  2035 I wm_create_task: [0,8,8,0]
09-10 05:11:25.803   566  2035 I wm_create_activity: [0,231576130,8,dev.partydeck.godot.compare/.ComparisonActivity,NULL,NULL,NULL,268435456]
09-10 05:11:25.803   566  2035 I wm_task_moved: [8,8,0,1,2]
09-10 05:11:25.803   566  2035 I wm_pause_activity: [0,181152051,com.android.launcher3/.uioverrides.QuickstepLauncher,userLeaving=true,pauseBackTasks]
09-10 05:11:25.807   566   593 I am_uid_running: 10148
09-10 05:11:25.821   566   603 I am_proc_start: [0,2895,10148,dev.partydeck.godot.compare,next-top-activity,{dev.partydeck.godot.compare/dev.partydeck.godot.compare.ComparisonActivity}]
09-10 05:11:25.949   566   666 I commit_sys_config_file: [settings-1-0,32]
09-10 05:11:25.997   931  1005 I viewroot_draw_event: [VRI[compare],reportDrawFinished seqId=0]
09-10 05:11:26.010   566  2432 I am_proc_bound: [0,2895,dev.partydeck.godot.compare]
09-10 05:11:26.011   566  2432 I am_uid_active: 10148
09-10 05:11:26.057   931  1203 I viewroot_draw_event: [VRI[ScreenDecorOverlay],reportDrawFinished seqId=0]
09-10 05:11:26.118   931  1203 I viewroot_draw_event: [VRI[ScreenDecorOverlayBottom],reportDrawFinished seqId=0]
09-10 05:11:26.235  2436  2436 I wm_on_top_resumed_lost_called: [181152051,com.android.launcher3.uioverrides.QuickstepLauncher,pausing]
09-10 05:11:26.236  2436  2436 I wm_on_paused_called: [181152051,com.android.launcher3.uioverrides.QuickstepLauncher,performPause,1]
09-10 05:11:26.240  2436  2436 I wm_on_stop_called: [181152051,com.android.launcher3.uioverrides.QuickstepLauncher,handleRelaunchActivity,3]
09-10 05:11:26.247  2436  2436 I wm_on_destroy_called: [181152051,com.android.launcher3.uioverrides.QuickstepLauncher,performDestroy,6]
09-10 05:11:26.268   566   594 I input_focus: [Requesting to set focus to null window,reason=UpdateInputWindows]
09-10 05:11:26.314   931   931 I viewroot_draw_event: [VRI[StatusBar],reportDrawFinished seqId=0]
09-10 05:11:26.323   566   593 I wm_add_to_stopping: [0,181152051,com.android.launcher3/.uioverrides.QuickstepLauncher,makeInvisible]
09-10 05:11:26.324   566   593 I wm_restart_activity: [0,231576130,8,dev.partydeck.godot.compare/.ComparisonActivity]
09-10 05:11:26.324   566   593 I wm_set_resumed_activity: [0,dev.partydeck.godot.compare/.ComparisonActivity,realStartActivityLocked - onActivityStateChanged]
09-10 05:11:26.325   566   590 I sysui_multi_action: [757,803,799,window_time_0,802,30]
09-10 05:11:26.372  2436  2454 I dvm_lock_sample: [com.android.launcher3,0,UiThreadHelper,90,MessageQueue.java,348,android.os.Message android.os.MessageQueue.next(),-,695,boolean android.os.MessageQueue.enqueueMessage(android.os.Message, long),18]
09-10 05:11:26.497   931   931 I viewroot_draw_event: [VRI[StatusBar],reportDrawFinished seqId=0]
09-10 05:11:26.513   931  1203 I viewroot_draw_event: [VRI[ScreenDecorOverlay],reportDrawFinished seqId=0]
09-10 05:11:26.520   931  1203 I viewroot_draw_event: [VRI[ScreenDecorOverlayBottom],reportDrawFinished seqId=0]
09-10 05:11:26.552   566  2432 I wm_set_requested_orientation: [5,com.android.launcher3/.uioverrides.QuickstepLauncher]
09-10 05:11:26.553  2436  2436 I wm_on_create_called: [181152051,com.android.launcher3.uioverrides.QuickstepLauncher,performCreate,295]
09-10 05:11:26.556  2436  2436 I wm_on_start_called: [181152051,com.android.launcher3.uioverrides.QuickstepLauncher,handleStartActivity,0]
09-10 05:11:26.556  2436  2436 I wm_on_resume_called: [181152051,com.android.launcher3.uioverrides.QuickstepLauncher,RESUME_ACTIVITY,0]
09-10 05:11:26.564  2436  2436 I wm_on_top_resumed_gained_called: [181152051,com.android.launcher3.uioverrides.QuickstepLauncher,topWhenResuming]
09-10 05:11:26.584  2436  2436 I viewroot_draw_event: [VRI[Taskbar],reportDrawFinished seqId=0]
09-10 05:11:26.586  2895  2895 I wm_on_create_called: [231576130,dev.partydeck.godot.compare.ComparisonActivity,performCreate,121]
09-10 05:11:26.587  2895  2895 I wm_on_start_called: [231576130,dev.partydeck.godot.compare.ComparisonActivity,handleStartActivity,0]
09-10 05:11:26.596  2895  2895 I wm_on_resume_called: [231576130,dev.partydeck.godot.compare.ComparisonActivity,RESUME_ACTIVITY,7]
09-10 05:11:26.622  2895  2895 I wm_on_top_resumed_gained_called: [231576130,dev.partydeck.godot.compare.ComparisonActivity,topStateChangedWhenResumed]
09-10 05:11:26.652   566   594 I wm_wallpaper_surface: [0,0,null]
09-10 05:11:26.672   566   594 I input_focus: [Focus request b432bd1 dev.partydeck.godot.compare/dev.partydeck.godot.compare.ComparisonActivity,reason=UpdateInputWindows]
09-10 05:11:26.722   931   931 I viewroot_draw_event: [VRI[StatusBar],reportDrawFinished seqId=0]
09-10 05:11:26.851  2436  2436 I viewroot_draw_event: [VRI[QuickstepLauncher],reportDrawFinished seqId=0]
09-10 05:11:26.852  2436  2436 I wm_on_top_resumed_lost_called: [181152051,com.android.launcher3.uioverrides.QuickstepLauncher,topStateChangedWhenResumed]
09-10 05:11:26.855  2436  2436 I wm_on_paused_called: [181152051,com.android.launcher3.uioverrides.QuickstepLauncher,performPause,3]
09-10 05:11:26.856   566  2373 I wm_failed_to_pause: [0,181152051,com.android.launcher3/.uioverrides.QuickstepLauncher,(none)]
09-10 05:11:26.977  2436  2450 I viewroot_draw_event: [VRI[Taskbar],reportDrawFinished seqId=0]
09-10 05:11:27.162  2436  2436 I viewroot_draw_event: [VRI[QuickstepLauncher],Not drawing due to not visible. Reason=!mAppVisible && !mForceDecorViewVisibility]
09-10 05:11:27.163   566   585 I wm_stop_activity: [0,181152051,com.android.launcher3/.uioverrides.QuickstepLauncher]
09-10 05:11:27.168  2436  2436 I wm_on_stop_called: [181152051,com.android.launcher3.uioverrides.QuickstepLauncher,STOP_ACTIVITY_ITEM,5]
09-10 05:11:27.333  2895  2895 I viewroot_draw_event: [VRI[ComparisonActivity],reportDrawFinished seqId=0]
09-10 05:11:27.337   566   590 I sysui_multi_action: [319,810,321,211,322,1549,325,52,757,761,758,7,759,1,806,dev.partydeck.godot.compare,871,dev.partydeck.godot.compare.ComparisonActivity,904,com.android.shell,905,0,945,224,1320,12,1321,1]
09-10 05:11:27.337   566   590 I wm_activity_launch_time: [0,231576130,dev.partydeck.godot.compare/.ComparisonActivity,1549]
09-10 05:11:27.341   931   984 I jank_cuj_events_begin_request: [39,1789017087340919000,53868738099,53868738209,]
09-10 05:11:27.363   931   984 I jank_cuj_events_end_request: [39,1789017087355772000,53883591519,53883591609]
09-10 05:11:27.363   931  1005 I viewroot_draw_event: [VRI[compare],Not drawing due to not visible. Reason=View.GONE]
09-10 05:11:27.427   566   680 I input_focus: [Focus entering b432bd1 dev.partydeck.godot.compare/dev.partydeck.godot.compare.ComparisonActivity (server),reason=Window became focusable. Previous reason: NOT_VISIBLE]
09-10 05:11:27.939   566   666 I commit_sys_config_file: [settings-2-0,2]
09-10 05:11:28.113   566   667 I am_freeze: [1837,com.android.traceur]
09-10 05:11:28.125   566   667 I am_compact: [1837,com.android.traceur,ANON,108064,56064,51360,0,-3456,0,-3456,3584,11,SOME,0,999,19,10196,-1120]
09-10 05:11:28.125   566   667 I am_freeze: [1299,com.android.cellbroadcastreceiver.module]
09-10 05:11:28.140   566   667 I am_compact: [1299,com.android.cellbroadcastreceiver.module,ANON,130848,76544,53664,0,-8832,-2688,-6144,6016,15,SOME,0,965,19,11316,-1952]
09-10 05:11:28.163   566   667 I am_freeze: [1604,com.android.managedprovisioning]
09-10 05:11:28.176   566   667 I am_compact: [1604,com.android.managedprovisioning,ANON,111528,58240,52648,0,-4864,0,-4864,4864,13,SOME,0,999,19,13268,-1600]
09-10 05:11:28.271   566   667 I am_freeze: [1864,com.android.calendar]
09-10 05:11:28.293   566   667 I am_compact: [1864,com.android.calendar,ANON,109800,57984,51176,0,-3712,0,-3712,3840,22,SOME,0,999,19,14868,-1248]
09-10 05:11:28.305   566   667 I am_freeze: [1673,com.android.providers.calendar]
09-10 05:11:28.329   566   667 I am_compact: [1673,com.android.providers.calendar,ANON,113904,61312,51952,0,-4480,0,-4480,4480,24,SOME,0,935,19,16116,-1436]
09-10 05:11:28.336   566   667 I am_freeze: [1814,com.android.statementservice]
09-10 05:11:28.382   566   667 I am_compact: [1814,com.android.statementservice,ANON,120984,66944,53400,0,-6400,0,-6400,6528,46,SOME,0,925,19,17552,-2040]
09-10 05:11:28.383   566   667 I am_freeze: [1883,.adservices]
09-10 05:11:28.404   566   667 I am_compact: [1883,.adservices,ANON,110656,58880,51136,0,-4352,-768,-3584,3456,20,SOME,0,999,19,19592,-1064]
09-10 05:11:28.465   566   667 I am_freeze: [1900,com.android.camera2]
09-10 05:11:28.485   566   667 I am_compact: [1900,com.android.camera2,ANON,107380,55552,51188,0,-3328,0,-3328,3456,21,SOME,0,999,19,20656,-1116]
09-10 05:11:28.534   566   667 I am_freeze: [1125,com.android.settings]
09-10 05:11:28.534   566   667 I am_freeze: [1927,com.android.dynsystem:dynsystem]
09-10 05:11:28.534   566   667 I am_freeze: [1914,com.android.dynsystem]
09-10 05:11:28.534   566   667 I am_freeze: [1518,com.android.keychain]
09-10 05:11:28.586   566   667 I am_compact: [1125,com.android.settings,ANON,161616,104060,56788,0,-9856,0,-9856,9728,51,SOME,0,925,19,21772,-3516]
09-10 05:11:28.607   566   667 I am_compact: [1927,com.android.dynsystem:dynsystem,ANON,104832,53120,51072,0,-3456,0,-3456,3328,20,SOME,0,999,19,25288,-996]
09-10 05:11:28.635   566   667 I am_compact: [1914,com.android.dynsystem,ANON,103564,51840,51084,0,-3456,0,-3456,3328,28,SOME,0,999,19,26284,-1288]
09-10 05:11:28.653   566   667 I am_compact: [1518,com.android.keychain,ANON,105924,54272,51012,0,-3200,0,-3200,3200,18,SOME,0,999,19,27572,-996]
09-10 05:11:28.745   566   667 I am_freeze: [1935,com.android.federatedcompute.services]
09-10 05:11:28.761   566   667 I am_compact: [1935,com.android.federatedcompute.services,ANON,104048,52224,51184,0,-3712,-512,-3200,3200,15,SOME,0,999,19,28568,-984]
09-10 05:11:28.956   566   666 I commit_sys_config_file: [settings-2-0,2]
09-10 05:11:29.266   566   667 I am_freeze: [2044,com.android.messaging]
09-10 05:11:29.286   566   667 I am_compact: [2044,com.android.messaging,ANON,124148,68108,55400,0,-8192,0,-8192,8192,20,SOME,0,965,19,29552,-2668]
09-10 05:11:29.509   566   667 I am_freeze: [2079,com.android.imsserviceentitlement]
09-10 05:11:29.521   566   667 I am_compact: [2079,com.android.imsserviceentitlement,ANON,108400,55936,51824,0,-3968,0,-3968,3968,12,SOME,0,955,19,32220,-1340]
09-10 05:11:29.739   566   667 I am_freeze: [2118,com.android.ondevicepersonalization.services]
09-10 05:11:29.751   566   667 I am_compact: [2118,com.android.ondevicepersonalization.services,ANON,105384,53504,51240,0,-4608,-1280,-3328,3456,11,SOME,0,995,19,33560,-1008]
09-10 05:11:29.969   566   666 I commit_sys_config_file: [settings-2-0,1]
09-10 05:11:30.012   566   667 I am_freeze: [2143,com.android.rkpdapp]
09-10 05:11:30.029   566   667 I am_compact: [2143,com.android.rkpdapp,ANON,123148,68608,53900,0,-7936,-896,-7040,7040,18,SOME,0,915,19,34568,-2188]
09-10 05:11:30.093   566   667 I am_freeze: [2158,com.android.shell]
09-10 05:11:30.103   566   667 I am_compact: [2158,com.android.shell,ANON,103844,52096,51108,0,-3328,0,-3328,3200,10,SOME,0,995,19,36756,-1032]
09-10 05:11:30.986   566   666 I commit_sys_config_file: [settings-2-0,2]
09-10 05:11:31.635   566   680 I input_interaction: Interaction with: b432bd1 dev.partydeck.godot.compare/dev.partydeck.godot.compare.ComparisonActivity (server), PointerEventDispatcher0 (server), 
09-10 05:11:32.105   566   666 I commit_sys_config_file: [settings-2-0,2]
09-10 05:11:33.127   566   666 I commit_sys_config_file: [settings-2-0,1]
09-10 05:11:33.474   566   667 I am_unfreeze: [1125,com.android.settings,3]
09-10 05:11:34.116   566   666 I commit_sys_config_file: [settings-2-0,1]
09-10 05:11:34.468   566   667 I am_freeze: [1939,com.android.localtransport]
09-10 05:11:34.479   566   667 I am_compact: [1939,com.android.localtransport,ANON,104844,53248,51084,0,-3328,0,-3328,3328,10,SOME,0,915,19,37728,-596]
09-10 05:11:34.488   566   958 I commit_sys_config_file: [appops_accesses,2]
09-10 05:11:34.490   566   667 I am_freeze: [2130,com.android.packageinstaller]
09-10 05:11:34.501   566   667 I am_compact: [2130,com.android.packageinstaller,ANON,106036,54272,51124,0,-3456,0,-3456,3456,11,SOME,0,905,19,38324,-1064]
09-10 05:11:34.528   566   667 I am_freeze: [1789,com.android.contacts]
09-10 05:11:34.528   566   667 I am_freeze: [1609,android.process.media]
09-10 05:11:34.540   566   667 I am_compact: [1789,com.android.contacts,ANON,110380,58632,51108,0,-3712,0,-3712,3712,11,SOME,0,935,19,39388,-1236]
09-10 05:11:34.553   566   667 I am_compact: [1609,android.process.media,ANON,116180,63232,52308,0,-4992,0,-4992,4992,14,SOME,0,945,19,40624,-1432]
09-10 05:11:34.554   566   667 I am_freeze: [1476,com.android.documentsui]
09-10 05:11:34.573   566   667 I am_compact: [1476,com.android.documentsui,ANON,127016,71376,55000,0,-8064,0,-8064,8064,19,SOME,0,905,19,42056,-2608]
09-10 05:11:35.129   566   666 I commit_sys_config_file: [settings-2-0,1]
09-10 05:11:35.918   566  2373 I service_manager_stats: [100,45,26341]
09-10 05:11:36.116   566   666 I commit_sys_config_file: [settings-2-0,2]
09-10 05:11:36.340   566   623 I commit_sys_config_file: [package-user-0,4]
09-10 05:11:37.127   566   666 I commit_sys_config_file: [settings-2-0,1]
09-10 05:11:38.117   566   666 I commit_sys_config_file: [settings-2-0,2]
09-10 05:11:39.127   566   666 I commit_sys_config_file: [settings-2-0,1]
09-10 05:11:40.237   566   666 I commit_sys_config_file: [settings-2-0,1]
09-10 05:11:41.264   566   666 I commit_sys_config_file: [settings-2-0,1]
09-10 05:11:42.259   566   666 I commit_sys_config_file: [settings-2-0,2]
09-10 05:11:43.269   566   666 I commit_sys_config_file: [settings-2-0,2]
09-10 05:11:43.500   566   667 I am_freeze: [1125,com.android.settings]
09-10 05:11:44.520   566   667 I am_freeze: [941,com.android.permissioncontroller]
09-10 05:11:44.543   566   667 I am_compact: [941,com.android.permissioncontroller,ANON,136932,80424,55612,0,-14464,-6016,-8448,8448,23,SOME,0,905,19,44656,-2744]
09-10 05:11:45.939   566   666 I commit_sys_config_file: [settings-2-0,1]
09-10 05:11:46.950   566   666 I commit_sys_config_file: [settings-2-0,2]
09-10 05:11:47.619   566   642 I wm_task_moved: [8,8,0,1,2]
09-10 05:11:47.619   566   642 I wm_create_activity: [0,121873743,8,dev.partydeck.godot.compare/.GodotGameActivity,NULL,NULL,NULL,0]
09-10 05:11:47.620   566   642 I wm_pause_activity: [0,231576130,dev.partydeck.godot.compare/.ComparisonActivity,userLeaving=true,resumeTopActivity]
09-10 05:11:47.641   566   603 I am_proc_start: [0,3140,10148,dev.partydeck.godot.compare:godot,next-top-activity,{dev.partydeck.godot.compare/dev.partydeck.godot.compare.GodotGameActivity}]
09-10 05:11:47.679   931  1005 I viewroot_draw_event: [VRI[compare],reportDrawFinished seqId=0]
09-10 05:11:47.714   566  1876 I am_proc_bound: [0,3140,dev.partydeck.godot.compare:godot]
09-10 05:11:47.955  2895  2895 I wm_on_top_resumed_lost_called: [231576130,dev.partydeck.godot.compare.ComparisonActivity,topStateChangedWhenResumed]
09-10 05:11:47.956  2895  2895 I wm_on_paused_called: [231576130,dev.partydeck.godot.compare.ComparisonActivity,performPause,0]
09-10 05:11:47.957   566  1071 I wm_add_to_stopping: [0,231576130,dev.partydeck.godot.compare/.ComparisonActivity,makeInvisible]
09-10 05:11:47.957   566  1071 I wm_restart_activity: [0,121873743,8,dev.partydeck.godot.compare/.GodotGameActivity]
09-10 05:11:47.961   566  1071 I wm_set_resumed_activity: [0,dev.partydeck.godot.compare/.GodotGameActivity,realStartActivityLocked - onActivityStateChanged]
09-10 05:11:47.961   566   590 I sysui_multi_action: [757,803,799,window_time_0,802,22]
09-10 05:11:47.970   566   594 I input_focus: [Requesting to set focus to null window,reason=UpdateInputWindows]
09-10 05:11:48.101   566   666 I commit_sys_config_file: [settings-2-0,9]
09-10 05:11:48.135   566   680 I input_focus: [Focus leaving b432bd1 dev.partydeck.godot.compare/dev.partydeck.godot.compare.ComparisonActivity (server),reason=NO_WINDOW]
09-10 05:11:48.477  3140  3140 I wm_on_create_called: [121873743,dev.partydeck.godot.compare.GodotGameActivity,performCreate,442]
09-10 05:11:48.496  3140  3140 I wm_on_start_called: [121873743,dev.partydeck.godot.compare.GodotGameActivity,handleStartActivity,13]
09-10 05:11:48.508  3140  3140 I wm_on_resume_called: [121873743,dev.partydeck.godot.compare.GodotGameActivity,RESUME_ACTIVITY,6]
09-10 05:11:48.534  3140  3140 I wm_on_top_resumed_gained_called: [121873743,dev.partydeck.godot.compare.GodotGameActivity,topStateChangedWhenResumed]
09-10 05:11:48.537  2895  2895 I viewroot_draw_event: [VRI[ComparisonActivity],Not drawing due to not visible. Reason=!mAppVisible && !mForceDecorViewVisibility]
09-10 05:11:48.543   566   666 I commit_sys_config_file: [settings-3-0,13]
09-10 05:11:48.562   566   594 I input_focus: [Focus request 1d6bec5 dev.partydeck.godot.compare/dev.partydeck.godot.compare.GodotGameActivity,reason=UpdateInputWindows]
09-10 05:11:48.773   566  1071 I wm_set_requested_orientation: [1,dev.partydeck.godot.compare/.GodotGameActivity]
09-10 05:11:48.808   566  1071 I wm_stop_activity: [0,231576130,dev.partydeck.godot.compare/.ComparisonActivity]
09-10 05:11:48.879  2895  2895 I wm_on_stop_called: [231576130,dev.partydeck.godot.compare.ComparisonActivity,STOP_ACTIVITY_ITEM,1]
09-10 05:11:49.704  3140  3180 I viewroot_draw_event: [VRI[GodotGameActivity],reportDrawFinished seqId=0]
09-10 05:11:49.708   931   984 I jank_cuj_events_begin_request: [39,1789017109707939000,76235758691,76235758791,]
09-10 05:11:49.708   566   590 I sysui_multi_action: [319,356,321,66,322,2094,325,74,757,761,758,7,759,2,806,dev.partydeck.godot.compare,871,dev.partydeck.godot.compare.GodotGameActivity,904,dev.partydeck.godot.compare,905,0,945,102,1320,12,1321,1]
09-10 05:11:49.709   566   590 I wm_activity_launch_time: [0,121873743,dev.partydeck.godot.compare/.GodotGameActivity,2094]
09-10 05:11:49.721   931   984 I jank_cuj_events_end_request: [39,1789017109721329000,76249147496,76249147555]
09-10 05:11:49.723   931  1005 I viewroot_draw_event: [VRI[compare],Not drawing due to not visible. Reason=View.GONE]
09-10 05:11:49.788   566   680 I input_focus: [Focus entering 1d6bec5 dev.partydeck.godot.compare/dev.partydeck.godot.compare.GodotGameActivity (server),reason=Window became focusable. Previous reason: NOT_VISIBLE]
09-10 05:11:49.814   566   666 I commit_sys_config_file: [settings-2-0,29]
09-10 05:11:50.942   566   666 I commit_sys_config_file: [settings-2-0,17]
09-10 05:11:52.240   566   667 I am_unfreeze: [941,com.android.permissioncontroller,6]
09-10 05:11:52.861   566   666 I commit_sys_config_file: [settings-2-0,1]
09-10 05:11:53.896   566   666 I commit_sys_config_file: [settings-2-0,1]
09-10 05:11:54.451   566   602 I am_uid_idle: 10070
09-10 05:11:54.907   566   666 I commit_sys_config_file: [settings-2-0,2]
09-10 05:11:55.736   566   602 I am_uid_idle: 10105
09-10 05:11:55.940   566   602 I am_uid_idle: 10064
09-10 05:11:57.047   566   602 I am_uid_idle: 10104
09-10 05:11:57.571   566   666 I commit_sys_config_file: [settings-2-0,2]
09-10 05:11:58.151   566   602 I am_uid_idle: 10116
09-10 05:11:58.201   566   602 I am_uid_idle: 10083
09-10 05:11:58.582   566   666 I commit_sys_config_file: [settings-2-0,2]
09-10 05:11:59.589   566   666 I commit_sys_config_file: [settings-2-0,1]
09-10 05:12:00.335   566   602 I am_uid_idle: 10086
09-10 05:12:00.602   566   666 I commit_sys_config_file: [settings-2-0,2]
09-10 05:12:00.803   566   602 I am_uid_idle: 10119
09-10 05:12:01.247   566   680 I input_interaction: Interaction with: 1d6bec5 dev.partydeck.godot.compare/dev.partydeck.godot.compare.GodotGameActivity (server), PointerEventDispatcher0 (server), 
09-10 05:12:01.808   566   666 I commit_sys_config_file: [settings-2-0,2]
09-10 05:12:02.820   566   666 I commit_sys_config_file: [settings-2-0,2]
09-10 05:12:03.662   566   846 I service_manager_stats: [100,28,27744]
09-10 05:12:03.833   566   666 I commit_sys_config_file: [settings-2-0,2]
09-10 05:12:04.842   566   666 I commit_sys_config_file: [settings-2-0,2]
09-10 05:12:05.910   566   666 I commit_sys_config_file: [settings-2-0,2]
09-10 05:12:06.920   566   666 I commit_sys_config_file: [settings-2-0,1]
09-10 05:12:07.933   566   666 I commit_sys_config_file: [settings-2-0,1]
09-10 05:12:08.944   566   666 I commit_sys_config_file: [settings-2-0,1]
09-10 05:12:10.181   566   666 I commit_sys_config_file: [settings-2-0,2]
09-10 05:12:11.193   566   666 I commit_sys_config_file: [settings-2-0,2]
09-10 05:12:12.012   566   585 I dvm_lock_sample: [system_server,1,binder:566_2,8,WindowManagerService.java,8383,int com.android.server.wm.WindowManagerService$LocalService.getDisplayIdForWindow(android.os.IBinder),-,8495,void com.android.server.wm.WindowManagerService$LocalService.setAccessibilityIdToSurfaceMetadata(android.os.IBinder, int),1]
09-10 05:12:12.204   566   666 I commit_sys_config_file: [settings-2-0,2]
09-10 05:12:12.377   566   667 I am_freeze: [941,com.android.permissioncontroller]
09-10 05:12:12.394   566   667 I am_compact: [941,com.android.permissioncontroller,ANON,131472,78248,52328,3456,-9344,-3968,-5376,5248,16,FULL,71071,905,19,46796,-804]
09-10 05:12:13.225   566   666 I commit_sys_config_file: [settings-2-0,1]
09-10 05:12:15.842   566   666 I commit_sys_config_file: [settings-2-0,2]
09-10 05:12:15.984   566   602 I am_uid_idle: 10062
09-10 05:12:16.853   566   666 I commit_sys_config_file: [settings-2-0,2]
09-10 05:12:17.862   566   666 I commit_sys_config_file: [settings-2-0,2]
09-10 05:12:18.105   566   602 I am_uid_idle: 10097
09-10 05:12:18.122   566   602 I am_uid_idle: 10147
09-10 05:12:18.126   566   602 I am_uid_idle: 10102
09-10 05:12:18.162   566   602 I am_uid_idle: 10068
09-10 05:12:18.176   566   602 I am_uid_idle: 10074
09-10 05:12:18.267   566   602 I am_uid_idle: 10111
09-10 05:12:18.304   566   602 I am_uid_idle: 10079
09-10 05:12:18.334   566   602 I am_uid_idle: 10076
09-10 05:12:18.465   566   602 I am_uid_idle: 10108
09-10 05:12:18.745   566   602 I am_uid_idle: 10145
09-10 05:12:18.874   566   666 I commit_sys_config_file: [settings-2-0,1]
09-10 05:12:19.263   566   602 I am_uid_idle: 10114
09-10 05:12:19.508   566   602 I am_uid_idle: 10100
09-10 05:12:19.739   566   602 I am_uid_idle: 10144
09-10 05:12:19.857   566   602 I am_uid_idle: 10063
09-10 05:12:20.010   566   602 I am_uid_idle: 10146
09-10 05:12:20.077   566   666 I commit_sys_config_file: [settings-2-0,2]
09-10 05:12:20.092   566   602 I am_uid_idle: 2000
09-10 05:12:21.089   566   666 I commit_sys_config_file: [settings-2-0,1]
09-10 05:12:22.103   566   666 I commit_sys_config_file: [settings-2-0,2]
09-10 05:12:23.114   566   666 I commit_sys_config_file: [settings-2-0,2]
09-10 05:12:24.190   566   666 I commit_sys_config_file: [settings-2-0,2]
09-10 05:12:25.200   566   666 I commit_sys_config_file: [settings-2-0,1]
09-10 05:12:26.209   566   666 I commit_sys_config_file: [settings-2-0,2]
09-10 05:12:27.221   566   666 I commit_sys_config_file: [settings-2-0,2]
09-10 05:12:28.393   566   666 I commit_sys_config_file: [settings-2-0,2]
09-10 05:12:29.404   566   666 I commit_sys_config_file: [settings-2-0,2]
09-10 05:12:30.414   566   666 I commit_sys_config_file: [settings-2-0,2]
09-10 05:12:31.426   566   666 I commit_sys_config_file: [settings-2-0,2]
09-10 05:12:31.968   566   602 I am_uid_idle: 10067
09-10 05:12:34.065   566   666 I commit_sys_config_file: [settings-2-0,1]
09-10 05:12:35.077   566   666 I commit_sys_config_file: [settings-2-0,1]
09-10 05:12:36.088   566   666 I commit_sys_config_file: [settings-2-0,1]
09-10 05:12:37.101   566   666 I commit_sys_config_file: [settings-2-0,2]
09-10 05:12:38.280   566   666 I commit_sys_config_file: [settings-2-0,1]
09-10 05:12:39.304   566   666 I commit_sys_config_file: [settings-2-0,1]
09-10 05:12:40.319   566   666 I commit_sys_config_file: [settings-2-0,1]
09-10 05:12:41.332   566   666 I commit_sys_config_file: [settings-2-0,2]
09-10 05:12:42.411   566   666 I commit_sys_config_file: [settings-2-0,2]
09-10 05:12:43.423   566   666 I commit_sys_config_file: [settings-2-0,2]
09-10 05:12:44.432   566   666 I commit_sys_config_file: [settings-2-0,2]
09-10 05:12:45.443   566   666 I commit_sys_config_file: [settings-2-0,1]
09-10 05:12:45.735   566   846 I service_manager_stats: [100,33,42073]
09-10 05:12:46.660   566   666 I commit_sys_config_file: [settings-2-0,1]
09-10 05:12:47.680   566   666 I commit_sys_config_file: [settings-2-0,1]
09-10 05:12:48.695   566   666 I commit_sys_config_file: [settings-2-0,2]
09-10 05:12:49.705   566   666 I commit_sys_config_file: [settings-2-0,1]
09-10 05:12:50.141   566   667 I am_unfreeze: [1125,com.android.settings,10]
09-10 05:12:50.142   566   667 I am_unfreeze: [1939,com.android.localtransport,10]
09-10 05:12:50.142   566   667 I am_unfreeze: [1927,com.android.dynsystem:dynsystem,10]
09-10 05:12:50.142   566   667 I am_unfreeze: [1914,com.android.dynsystem,10]
09-10 05:12:50.142   566   667 I am_unfreeze: [1518,com.android.keychain,10]
09-10 05:12:52.369   566   666 I commit_sys_config_file: [settings-2-0,1]
09-10 05:12:53.382   566   666 I commit_sys_config_file: [settings-2-0,2]
09-10 05:12:54.391   566   666 I commit_sys_config_file: [settings-2-0,2]
09-10 05:12:55.404   566   666 I commit_sys_config_file: [settings-2-0,2]
09-10 05:12:56.581   566   666 I commit_sys_config_file: [settings-2-0,2]
09-10 05:12:57.598   566   666 I commit_sys_config_file: [settings-2-0,2]
09-10 05:12:58.608   566   666 I commit_sys_config_file: [settings-2-0,1]
09-10 05:12:59.618   566   666 I commit_sys_config_file: [settings-2-0,2]
09-10 05:13:00.689   566   666 I commit_sys_config_file: [settings-2-0,1]
09-10 05:13:01.701   566   666 I commit_sys_config_file: [settings-2-0,2]
09-10 05:13:02.338   566   602 I am_uid_idle: 10132
09-10 05:13:02.713   566   666 I commit_sys_config_file: [settings-2-0,2]
09-10 05:13:03.724   566   666 I commit_sys_config_file: [settings-2-0,2]
09-10 05:13:04.925   566   666 I commit_sys_config_file: [settings-2-0,2]
09-10 05:13:05.940   566   666 I commit_sys_config_file: [settings-2-0,2]
09-10 05:13:06.946   566   666 I commit_sys_config_file: [settings-2-0,2]
09-10 05:13:07.957   566   666 I commit_sys_config_file: [settings-2-0,2]
09-10 05:13:08.969   566   666 I commit_sys_config_file: [settings-2-0,2]
09-10 05:13:09.985   566   666 I commit_sys_config_file: [settings-2-0,2]
09-10 05:13:10.152   566   667 I am_freeze: [1125,com.android.settings]
09-10 05:13:10.152   566   667 I am_freeze: [1939,com.android.localtransport]
09-10 05:13:10.152   566   667 I am_freeze: [1927,com.android.dynsystem:dynsystem]
09-10 05:13:10.153   566   667 I am_freeze: [1914,com.android.dynsystem]
09-10 05:13:10.153   566   667 I am_freeze: [1518,com.android.keychain]
09-10 05:13:11.193   566   666 I commit_sys_config_file: [settings-2-0,1]
09-10 05:13:12.212   566   666 I commit_sys_config_file: [settings-2-0,2]
09-10 05:13:13.225   566   666 I commit_sys_config_file: [settings-2-0,1]
09-10 05:13:14.237   566   666 I commit_sys_config_file: [settings-2-0,2]
09-10 05:13:15.326   566   666 I commit_sys_config_file: [settings-2-0,1]
09-10 05:13:16.338   566   666 I commit_sys_config_file: [settings-2-0,2]
09-10 05:13:17.346   566   666 I commit_sys_config_file: [settings-2-0,2]
09-10 05:13:18.357   566   666 I commit_sys_config_file: [settings-2-0,2]
09-10 05:13:19.562   566   666 I commit_sys_config_file: [settings-2-0,2]
09-10 05:13:20.580   566   666 I commit_sys_config_file: [settings-2-0,1]
09-10 05:13:21.249   566   591 I wm_task_moved: [1,1,0,1,2]
09-10 05:13:21.249   566   591 I wm_task_moved: [7,1,0,1,2147483647]
09-10 05:13:21.249   566   591 I wm_task_to_front: [0,7,0]
09-10 05:13:21.249   566   591 I wm_focused_root_task: [0,0,1,8,bringingFoundTaskToFront]
09-10 05:13:21.249   566   591 I wm_new_intent: [0,181152051,7,com.android.launcher3/.uioverrides.QuickstepLauncher,android.intent.action.MAIN,NULL,NULL,268435712]
09-10 05:13:21.250   566   591 I wm_pause_activity: [0,121873743,dev.partydeck.godot.compare/.GodotGameActivity,userLeaving=true,pauseBackTasks]
09-10 05:13:21.251   566   591 I wm_add_to_stopping: [0,121873743,dev.partydeck.godot.compare/.GodotGameActivity,makeInvisible]
09-10 05:13:21.251   566   590 I sysui_multi_action: [757,803,799,window_time_0,802,93]
09-10 05:13:21.252   566   591 I wm_set_resumed_activity: [0,com.android.launcher3/.uioverrides.QuickstepLauncher,resumeTopActivity - onActivityStateChanged]
09-10 05:13:21.252   566   591 I wm_resume_activity: [0,181152051,7,com.android.launcher3/.uioverrides.QuickstepLauncher]
09-10 05:13:21.252   931   984 I jank_cuj_events_end_request: [55,1789017201252853000,167780671781,167780671872]
09-10 05:13:21.254  3140  3140 I wm_on_top_resumed_lost_called: [121873743,dev.partydeck.godot.compare.GodotGameActivity,topStateChangedWhenResumed]
09-10 05:13:21.256   566   594 I input_focus: [Requesting to set focus to null window,reason=UpdateInputWindows]
09-10 05:13:21.259  2436  2436 I wm_on_restart_called: [181152051,com.android.launcher3.uioverrides.QuickstepLauncher,performRestart,0]
09-10 05:13:21.260  2436  2436 I wm_on_start_called: [181152051,com.android.launcher3.uioverrides.QuickstepLauncher,handleStartActivity,1]
09-10 05:13:21.260  2436  2436 I wm_on_resume_called: [181152051,com.android.launcher3.uioverrides.QuickstepLauncher,RESUME_ACTIVITY,0]
09-10 05:13:21.264  3140  3140 I wm_on_paused_called: [121873743,dev.partydeck.godot.compare.GodotGameActivity,performPause,8]
09-10 05:13:21.280   566   594 I input_focus: [Focus request fb5b8ae com.android.launcher3/com.android.launcher3.uioverrides.QuickstepLauncher,reason=UpdateInputWindows]
09-10 05:13:21.287  2436  2436 I viewroot_draw_event: [VRI[QuickstepLauncher],Start draw after previous draw not visible]
09-10 05:13:21.355   566   680 I input_focus: [Focus leaving 1d6bec5 dev.partydeck.godot.compare/dev.partydeck.godot.compare.GodotGameActivity (server),reason=NO_WINDOW]
09-10 05:13:21.476  2436  2436 I viewroot_draw_event: [VRI[QuickstepLauncher],reportDrawFinished seqId=0]
09-10 05:13:21.476  2436  2436 I wm_on_top_resumed_gained_called: [181152051,com.android.launcher3.uioverrides.QuickstepLauncher,topStateChangedWhenResumed]
09-10 05:13:21.486   566   590 I sysui_multi_action: [319,236,322,231,325,167,757,761,758,9,759,2,806,com.android.launcher3,871,com.android.launcher3.uioverrides.QuickstepLauncher,905,0,1320,4,1321,23]
09-10 05:13:21.559  2436  2449 I jank_cuj_events_end_request: [78,1789017201506399000,168034218680,168034218751]
09-10 05:13:21.559  2436  2449 I jank_cuj_events_begin_request: [78,1789017201550892000,168078712283,168078712563,]
09-10 05:13:21.975   566   680 I input_focus: [Focus entering fb5b8ae com.android.launcher3/com.android.launcher3.uioverrides.QuickstepLauncher (server),reason=Window became focusable. Previous reason: NOT_VISIBLE]
09-10 05:13:22.111   566   593 I dvm_lock_sample: [system_server,1,android.display,633,WindowManagerService.java,5826,void com.android.server.wm.WindowManagerService$H.handleMessage(android.os.Message),WindowSurfacePlacer.java,58,void com.android.server.wm.WindowSurfacePlacer$Traverser.run(),100]
09-10 05:13:22.111   566  1656 I dvm_lock_sample: [system_server,0,binder:566_F,630,ActivityClientController.java,179,void com.android.server.wm.ActivityClientController.activityIdle(android.os.IBinder, android.content.res.Configuration, boolean),WindowSurfacePlacer.java,58,void com.android.server.wm.WindowSurfacePlacer$Traverser.run(),100]
09-10 05:13:22.112   566  1071 I dvm_lock_sample: [system_server,1,binder:566_8,623,ActivityTaskManagerService.java,5751,void com.android.server.wm.ActivityTaskManagerService.setRunningRemoteTransitionDelegate(android.app.IApplicationThread),WindowSurfacePlacer.java,58,void com.android.server.wm.WindowSurfacePlacer$Traverser.run(),100]
09-10 05:13:22.112   566  1876 I dvm_lock_sample: [system_server,1,binder:566_12,618,ActivityTaskManagerService.java,1998,android.app.ActivityTaskManager$RootTaskInfo com.android.server.wm.ActivityTaskManagerService.getFocusedRootTaskInfo(),WindowSurfacePlacer.java,58,void com.android.server.wm.WindowSurfacePlacer$Traverser.run(),100]
09-10 05:13:22.112   566  2373 I dvm_lock_sample: [system_server,0,binder:566_14,562,BLASTSyncEngine.java,237,void com.android.server.wm.BLASTSyncEngine$SyncGroup$1CommitCallback.onCommitted(android.view.SurfaceControl$Transaction),WindowSurfacePlacer.java,58,void com.android.server.wm.WindowSurfacePlacer$Traverser.run(),100]
09-10 05:13:22.113   566  2432 I dvm_lock_sample: [system_server,1,binder:566_15,303,ActivityTaskManagerService.java,5977,void com.android.server.wm.ActivityTaskManagerService$LocalService.setAccessibilityServiceUids(android.util.IntArray),,0,null,60]
09-10 05:13:22.113   566  2035 I dvm_lock_sample: [system_server,0,binder:566_13,635,WindowManagerService.java,4916,void com.android.server.wm.WindowManagerService.reportSystemGestureExclusionChanged(com.android.server.wm.Session, android.view.IWindow, java.util.List),,0,null,100]
09-10 05:13:22.113   566   594 I wm_wallpaper_surface: [0,1,Window{fb5b8ae u0 com.android.launcher3/com.android.launcher3.uioverrides.QuickstepLauncher}]
09-10 05:13:22.117   566   593 I wm_stop_activity: [0,121873743,dev.partydeck.godot.compare/.GodotGameActivity]
09-10 05:13:22.203  3140  3140 I viewroot_draw_event: [VRI[GodotGameActivity],applyTransactionOnDraw applyImmediately]
09-10 05:13:22.203  3140  3140 I viewroot_draw_event: [VRI[GodotGameActivity],applyTransactionOnDraw applyImmediately]
09-10 05:13:22.203  3140  3140 I viewroot_draw_event: [VRI[GodotGameActivity],Not drawing due to not visible. Reason=!mAppVisible && !mForceDecorViewVisibility]
09-10 05:13:22.283  3140  3140 I wm_on_stop_called: [121873743,dev.partydeck.godot.compare.GodotGameActivity,STOP_ACTIVITY_ITEM,1]
09-10 05:13:22.305  3140  3140 I viewroot_draw_event: [VRI[GodotGameActivity],applyTransactionOnDraw applyImmediately]
09-10 05:13:22.385   566   666 I commit_sys_config_file: [settings-2-0,71]
09-10 05:13:23.342   566   666 I commit_sys_config_file: [settings-2-0,2]
09-10 05:13:24.378   566   666 I commit_sys_config_file: [settings-2-0,1]
09-10 05:13:25.392   566   666 I commit_sys_config_file: [settings-2-0,2]
09-10 05:13:26.380   566   666 I commit_sys_config_file: [settings-2-0,2]
09-10 05:13:27.392   566   666 I commit_sys_config_file: [settings-2-0,2]
09-10 05:13:30.702   931   984 I jank_cuj_events_end_request: [55,1789017210702702000,177230520807,177230520878]
09-10 05:13:31.215   566   666 I commit_sys_config_file: [settings-2-0,2]
09-10 05:13:31.300   566   667 I am_freeze: [1654,android.process.acore]
09-10 05:13:31.301   566   667 I am_freeze: [2895,dev.partydeck.godot.compare]
09-10 05:13:31.324   566   667 I am_compact: [1654,android.process.acore,ANON,128800,72124,56036,0,-9088,0,-9088,8960,23,SOME,0,915,19,47576,-2412]
09-10 05:13:31.385   566   667 I am_compact: [2895,dev.partydeck.godot.compare,ANON,155912,78208,63752,0,-24320,0,-24320,24320,60,SOME,0,900,16,49988,-11024]
09-10 05:13:32.230   566   666 I commit_sys_config_file: [settings-2-0,1]
09-10 05:13:33.214   566   666 I commit_sys_config_file: [settings-2-0,3]
09-10 05:13:33.801   566   846 I service_manager_stats: [100,17,48066]
09-10 05:13:34.227   566   666 I commit_sys_config_file: [settings-2-0,2]
09-10 05:13:36.231   566  2373 I wm_task_moved: [8,8,0,1,2]
09-10 05:13:36.231   566  2373 I wm_task_to_front: [0,8,0]
09-10 05:13:36.231   566  2373 I wm_focused_root_task: [0,0,8,1,setFocusedTask]
09-10 05:13:36.231  2436  2436 I wm_on_top_resumed_lost_called: [181152051,com.android.launcher3.uioverrides.QuickstepLauncher,topStateChangedWhenResumed]
09-10 05:13:36.231   566  2373 I wm_pause_activity: [0,181152051,com.android.launcher3/.uioverrides.QuickstepLauncher,userLeaving=false,pauseBackTasks]
09-10 05:13:36.233  2436  2436 I wm_on_paused_called: [181152051,com.android.launcher3.uioverrides.QuickstepLauncher,performPause,1]
09-10 05:13:36.236   566   585 I wm_set_resumed_activity: [0,dev.partydeck.godot.compare/.GodotGameActivity,resumeTopActivity - onActivityStateChanged]
09-10 05:13:36.236   566   585 I wm_add_to_stopping: [0,181152051,com.android.launcher3/.uioverrides.QuickstepLauncher,makeInvisible]
09-10 05:13:36.237   566   585 I wm_resume_activity: [0,121873743,8,dev.partydeck.godot.compare/.GodotGameActivity]
09-10 05:13:36.237   566   590 I sysui_multi_action: [757,803,799,window_time_0,802,15]
09-10 05:13:36.239  3140  3140 I wm_on_restart_called: [121873743,dev.partydeck.godot.compare.GodotGameActivity,performRestart,0]
09-10 05:13:36.239  3140  3140 I wm_on_start_called: [121873743,dev.partydeck.godot.compare.GodotGameActivity,handleStartActivity,0]
09-10 05:13:36.242   566   594 I input_focus: [Requesting to set focus to null window,reason=UpdateInputWindows]
09-10 05:13:36.252  3140  3140 I wm_on_resume_called: [121873743,dev.partydeck.godot.compare.GodotGameActivity,RESUME_ACTIVITY,12]
09-10 05:13:36.252  3140  3140 I wm_on_top_resumed_gained_called: [121873743,dev.partydeck.godot.compare.GodotGameActivity,topWhenResuming]
09-10 05:13:36.259  3140  3140 I viewroot_draw_event: [VRI[GodotGameActivity],applyTransactionOnDraw applyImmediately]
09-10 05:13:36.265   566   594 I input_focus: [Focus request 1d6bec5 dev.partydeck.godot.compare/dev.partydeck.godot.compare.GodotGameActivity,reason=UpdateInputWindows]
09-10 05:13:36.276  3140  3140 I viewroot_draw_event: [VRI[GodotGameActivity],Start draw after previous draw not visible]
09-10 05:13:36.289   566   680 I input_focus: [Focus leaving fb5b8ae com.android.launcher3/com.android.launcher3.uioverrides.QuickstepLauncher (server),reason=NO_WINDOW]
09-10 05:13:36.493  3140  3176 I viewroot_draw_event: [VRI[GodotGameActivity],reportDrawFinished seqId=0]
09-10 05:13:36.532   566   593 I wm_stop_activity: [0,181152051,com.android.launcher3/.uioverrides.QuickstepLauncher]
09-10 05:13:36.536   566   594 I wm_wallpaper_surface: [0,0,Window{fb5b8ae u0 com.android.launcher3/com.android.launcher3.uioverrides.QuickstepLauncher}]
09-10 05:13:36.588  2436  2436 I wm_on_stop_called: [181152051,com.android.launcher3.uioverrides.QuickstepLauncher,STOP_ACTIVITY_ITEM,5]
09-10 05:13:36.594  2436  2436 I viewroot_draw_event: [VRI[QuickstepLauncher],Not drawing due to not visible. Reason=!mAppVisible && !mForceDecorViewVisibility]
09-10 05:13:36.645   566   680 I input_focus: [Focus entering 1d6bec5 dev.partydeck.godot.compare/dev.partydeck.godot.compare.GodotGameActivity (server),reason=Window became focusable. Previous reason: NOT_VISIBLE]
09-10 05:13:37.004   566   666 I commit_sys_config_file: [settings-2-0,3]
09-10 05:13:38.387   566   666 I commit_sys_config_file: [settings-2-0,2]
09-10 05:13:39.399   566   666 I commit_sys_config_file: [settings-2-0,2]
09-10 05:13:40.409   566   666 I commit_sys_config_file: [settings-2-0,1]
09-10 05:13:41.618   566   666 I commit_sys_config_file: [settings-2-0,2]
09-10 05:13:42.637   566   666 I commit_sys_config_file: [settings-2-0,1]
09-10 05:13:43.681   566   666 I commit_sys_config_file: [settings-2-0,2]
09-10 05:13:44.692   566   666 I commit_sys_config_file: [settings-2-0,2]
09-10 05:13:47.362   566   666 I commit_sys_config_file: [settings-2-0,2]
09-10 05:13:48.373   566   666 I commit_sys_config_file: [settings-2-0,1]
09-10 05:13:49.384   566   666 I commit_sys_config_file: [settings-2-0,2]
09-10 05:13:50.393   566   666 I commit_sys_config_file: [settings-2-0,2]
09-10 05:13:51.596   566   666 I commit_sys_config_file: [settings-2-0,2]
09-10 05:13:52.612   566   666 I commit_sys_config_file: [settings-2-0,2]
09-10 05:13:53.429   566  2432 I force_gc: Binder
09-10 05:13:53.634   566   666 I commit_sys_config_file: [settings-2-0,2]
09-10 05:13:54.651   566   666 I commit_sys_config_file: [settings-2-0,2]
09-10 05:13:55.744   566   666 I commit_sys_config_file: [settings-2-0,2]
09-10 05:13:56.754   566   666 I commit_sys_config_file: [settings-2-0,2]
09-10 05:13:57.766   566   666 I commit_sys_config_file: [settings-2-0,1]
09-10 05:13:58.777   566   666 I commit_sys_config_file: [settings-2-0,2]
09-10 05:13:59.990   566   666 I commit_sys_config_file: [settings-2-0,4]
09-10 05:14:01.005   566   666 I commit_sys_config_file: [settings-2-0,2]
09-10 05:14:02.016   566   666 I commit_sys_config_file: [settings-2-0,1]
09-10 05:14:03.025   566   666 I commit_sys_config_file: [settings-2-0,2]
09-10 05:14:04.034   566   666 I commit_sys_config_file: [settings-2-0,2]
09-10 05:14:05.046   566   666 I commit_sys_config_file: [settings-2-0,2]
09-10 05:14:06.290   566   666 I commit_sys_config_file: [settings-2-0,2]
09-10 05:14:07.299   566   666 I commit_sys_config_file: [settings-2-0,1]
09-10 05:14:08.315   566   666 I commit_sys_config_file: [settings-2-0,2]
09-10 05:14:09.325   566   666 I commit_sys_config_file: [settings-2-0,2]
09-10 05:14:10.415   566   666 I commit_sys_config_file: [settings-2-0,2]
09-10 05:14:11.428   566   666 I commit_sys_config_file: [settings-2-0,2]
09-10 05:14:12.446   566   666 I commit_sys_config_file: [settings-2-0,2]
09-10 05:14:13.459   566   666 I commit_sys_config_file: [settings-2-0,2]
09-10 05:14:14.602   566   666 I commit_sys_config_file: [settings-2-0,2]
09-10 05:14:15.617   566   666 I commit_sys_config_file: [settings-2-0,1]
09-10 05:14:16.627   566   666 I commit_sys_config_file: [settings-2-0,2]
09-10 05:14:17.639   566   666 I commit_sys_config_file: [settings-2-0,2]
09-10 05:14:18.646   566   666 I commit_sys_config_file: [settings-2-0,2]
09-10 05:14:18.865   566   846 I service_manager_stats: [100,17,45064]
09-10 05:14:19.656   566   666 I commit_sys_config_file: [settings-2-0,1]
09-10 05:14:20.820   566   666 I commit_sys_config_file: [settings-2-0,1]
09-10 05:14:21.845   566   666 I commit_sys_config_file: [settings-2-0,2]
09-10 05:14:22.857   566   666 I commit_sys_config_file: [settings-2-0,2]
09-10 05:14:23.867   566   666 I commit_sys_config_file: [settings-2-0,2]
09-10 05:14:25.814   566   666 I commit_sys_config_file: [settings-2-0,1]
09-10 05:14:26.842   566   666 I commit_sys_config_file: [settings-2-0,2]
09-10 05:14:27.849   566   666 I commit_sys_config_file: [settings-2-0,1]
09-10 05:14:28.861   566   666 I commit_sys_config_file: [settings-2-0,2]
09-10 05:14:30.033   566   666 I commit_sys_config_file: [settings-2-0,2]
09-10 05:14:31.060   566   666 I commit_sys_config_file: [settings-2-0,2]
09-10 05:14:32.068   566   666 I commit_sys_config_file: [settings-2-0,1]
09-10 05:14:33.085   566   666 I commit_sys_config_file: [settings-2-0,2]
09-10 05:14:34.372   566   666 I commit_sys_config_file: [settings-2-0,6]
09-10 05:14:35.722   566   666 I commit_sys_config_file: [settings-2-0,1]
09-10 05:14:36.268   566   667 I am_unfreeze: [1125,com.android.settings,10]
09-10 05:14:36.270   566   667 I am_unfreeze: [1939,com.android.localtransport,10]
09-10 05:14:36.270   566   667 I am_unfreeze: [1927,com.android.dynsystem:dynsystem,10]
09-10 05:14:36.270   566   667 I am_unfreeze: [1914,com.android.dynsystem,10]
09-10 05:14:36.270   566   667 I am_unfreeze: [1518,com.android.keychain,10]
09-10 05:14:36.735   566   666 I commit_sys_config_file: [settings-2-0,2]
09-10 05:14:37.749   566   666 I commit_sys_config_file: [settings-2-0,1]
09-10 05:14:38.980   566   666 I commit_sys_config_file: [settings-2-0,2]
09-10 05:14:39.994   566   666 I commit_sys_config_file: [settings-2-0,2]
09-10 05:14:41.002   566   666 I commit_sys_config_file: [settings-2-0,2]
09-10 05:14:42.023   566   666 I commit_sys_config_file: [settings-2-0,2]
09-10 05:14:43.031   566   666 I commit_sys_config_file: [settings-2-0,1]
09-10 05:14:44.042   566   666 I commit_sys_config_file: [settings-2-0,1]
09-10 05:14:45.214   566   666 I commit_sys_config_file: [settings-2-0,2]
09-10 05:14:46.227   566   666 I commit_sys_config_file: [settings-2-0,1]
09-10 05:14:47.236   566   666 I commit_sys_config_file: [settings-2-0,2]
09-10 05:14:48.247   566   666 I commit_sys_config_file: [settings-2-0,2]
09-10 05:14:50.913   566   666 I commit_sys_config_file: [settings-2-0,2]
09-10 05:14:51.924   566   666 I commit_sys_config_file: [settings-2-0,2]
09-10 05:14:54.589   566   666 I commit_sys_config_file: [settings-2-0,2]
09-10 05:14:55.603   566   666 I commit_sys_config_file: [settings-2-0,5]
09-10 05:14:56.318   566   667 I am_freeze: [1125,com.android.settings]
09-10 05:14:56.319   566   667 I am_freeze: [1939,com.android.localtransport]
09-10 05:14:56.319   566   667 I am_freeze: [1927,com.android.dynsystem:dynsystem]
09-10 05:14:56.319   566   667 I am_freeze: [1914,com.android.dynsystem]
09-10 05:14:56.319   566   667 I am_freeze: [1518,com.android.keychain]
09-10 05:14:56.610   566   666 I commit_sys_config_file: [settings-2-0,1]
09-10 05:14:57.623   566   666 I commit_sys_config_file: [settings-2-0,2]
09-10 05:14:58.856   566   666 I commit_sys_config_file: [settings-2-0,2]
09-10 05:14:59.867   566   666 I commit_sys_config_file: [settings-2-0,2]
09-10 05:15:00.878   566   666 I commit_sys_config_file: [settings-2-0,2]
09-10 05:15:01.889   566   666 I commit_sys_config_file: [settings-2-0,1]
09-10 05:15:04.010   566   666 I commit_sys_config_file: [settings-2-0,2]
09-10 05:15:05.026   566   666 I commit_sys_config_file: [settings-2-0,1]
09-10 05:15:06.032   566   666 I commit_sys_config_file: [settings-2-0,1]
09-10 05:15:06.953   566   846 I service_manager_stats: [100,30,48088]
09-10 05:15:07.045   566   666 I commit_sys_config_file: [settings-2-0,2]
09-10 05:15:08.266   566   666 I commit_sys_config_file: [settings-2-0,2]
09-10 05:15:09.282   566   666 I commit_sys_config_file: [settings-2-0,2]
09-10 05:15:10.295   566   666 I commit_sys_config_file: [settings-2-0,2]
09-10 05:15:11.305   566   666 I commit_sys_config_file: [settings-2-0,1]
09-10 05:15:12.549   566   666 I commit_sys_config_file: [settings-2-0,2]
09-10 05:15:13.931   566   666 I commit_sys_config_file: [settings-2-0,1]
09-10 05:15:14.943   566   666 I commit_sys_config_file: [settings-2-0,2]
09-10 05:15:15.953   566   666 I commit_sys_config_file: [settings-2-0,2]
09-10 05:15:17.136   566   666 I commit_sys_config_file: [settings-2-0,2]
09-10 05:15:18.153   566   666 I commit_sys_config_file: [settings-2-0,2]
09-10 05:15:19.161   566   666 I commit_sys_config_file: [settings-2-0,2]
09-10 05:15:20.172   566   666 I commit_sys_config_file: [settings-2-0,2]
09-10 05:15:21.183   566   666 I commit_sys_config_file: [settings-2-0,2]
09-10 05:15:22.193   566   666 I commit_sys_config_file: [settings-2-0,2]
09-10 05:15:23.309   566   666 I commit_sys_config_file: [settings-2-0,1]
09-10 05:15:24.325   566   666 I commit_sys_config_file: [settings-2-0,1]
09-10 05:15:25.331   566   666 I commit_sys_config_file: [settings-2-0,1]
09-10 05:15:26.344   566   666 I commit_sys_config_file: [settings-2-0,2]
09-10 05:15:29.015   566   666 I commit_sys_config_file: [settings-2-0,1]
09-10 05:15:30.026   566   666 I commit_sys_config_file: [settings-2-0,1]
09-10 05:15:31.035   566   666 I commit_sys_config_file: [settings-2-0,2]
09-10 05:15:32.048   566   666 I commit_sys_config_file: [settings-2-0,2]
09-10 05:15:33.206   566   666 I commit_sys_config_file: [settings-2-0,1]
09-10 05:15:34.221   566   666 I commit_sys_config_file: [settings-2-0,2]
09-10 05:15:35.231   566   666 I commit_sys_config_file: [settings-2-0,2]
09-10 05:15:36.242   566   666 I commit_sys_config_file: [settings-2-0,2]
09-10 05:15:38.390   566   666 I commit_sys_config_file: [settings-2-0,2]
09-10 05:15:39.406   566   666 I commit_sys_config_file: [settings-2-0,2]
09-10 05:15:40.413   566   666 I commit_sys_config_file: [settings-2-0,1]
09-10 05:15:41.425   566   666 I commit_sys_config_file: [settings-2-0,2]
09-10 05:15:42.663   566   666 I commit_sys_config_file: [settings-2-0,2]
09-10 05:15:43.673   566   666 I commit_sys_config_file: [settings-2-0,1]
09-10 05:15:44.684   566   666 I commit_sys_config_file: [settings-2-0,1]
09-10 05:15:45.695   566   666 I commit_sys_config_file: [settings-2-0,1]
09-10 05:15:46.909   566   666 I commit_sys_config_file: [settings-2-0,10]
09-10 05:15:48.345   566   666 I commit_sys_config_file: [settings-2-0,2]
09-10 05:15:49.354   566   666 I commit_sys_config_file: [settings-2-0,2]
09-10 05:15:50.371   566   666 I commit_sys_config_file: [settings-2-0,2]
09-10 05:15:51.582   566   666 I commit_sys_config_file: [settings-2-0,2]
09-10 05:15:52.600   566   666 I commit_sys_config_file: [settings-2-0,2]
09-10 05:15:53.604   566   666 I commit_sys_config_file: [settings-2-0,2]
09-10 05:15:54.615   566   666 I commit_sys_config_file: [settings-2-0,2]
09-10 05:15:55.017   566   846 I service_manager_stats: [100,18,48064]
09-10 05:15:55.622   566   666 I commit_sys_config_file: [settings-2-0,1]
09-10 05:15:56.633   566   666 I commit_sys_config_file: [settings-2-0,2]
09-10 05:15:57.826   566   666 I commit_sys_config_file: [settings-2-0,1]
09-10 05:15:58.840   566   666 I commit_sys_config_file: [settings-2-0,2]
09-10 05:15:59.849   566   666 I commit_sys_config_file: [settings-2-0,2]
09-10 05:16:00.861   566   666 I commit_sys_config_file: [settings-2-0,2]
09-10 05:16:01.867   566   666 I commit_sys_config_file: [settings-2-0,2]
09-10 05:16:02.878   566   666 I commit_sys_config_file: [settings-2-0,1]
09-10 05:16:04.108   566   666 I commit_sys_config_file: [settings-2-0,2]
09-10 05:16:05.126   566   666 I commit_sys_config_file: [settings-2-0,1]
09-10 05:16:06.134   566   666 I commit_sys_config_file: [settings-2-0,1]
09-10 05:16:07.146   566   666 I commit_sys_config_file: [settings-2-0,1]
09-10 05:16:09.226   566   666 I commit_sys_config_file: [settings-2-0,1]
09-10 05:16:10.243   566   666 I commit_sys_config_file: [settings-2-0,2]
09-10 05:16:11.253   566   666 I commit_sys_config_file: [settings-2-0,2]
09-10 05:16:12.269   566   666 I commit_sys_config_file: [settings-2-0,2]
09-10 05:16:13.413   566   666 I commit_sys_config_file: [settings-2-0,1]
09-10 05:16:14.423   566   666 I commit_sys_config_file: [settings-2-0,1]
09-10 05:16:15.436   566   666 I commit_sys_config_file: [settings-2-0,2]
09-10 05:16:16.448   566   666 I commit_sys_config_file: [settings-2-0,1]
09-10 05:16:17.706   566   666 I commit_sys_config_file: [settings-2-0,1]
09-10 05:16:19.054   566   666 I commit_sys_config_file: [settings-2-0,2]
09-10 05:16:20.061   566   666 I commit_sys_config_file: [settings-2-0,1]
09-10 05:16:21.073   566   666 I commit_sys_config_file: [settings-2-0,1]
09-10 05:16:22.268   566   666 I commit_sys_config_file: [settings-2-0,2]
09-10 05:16:23.279   566   666 I commit_sys_config_file: [settings-2-0,1]
09-10 05:16:24.286   566   666 I commit_sys_config_file: [settings-2-0,2]
09-10 05:16:25.303   566   666 I commit_sys_config_file: [settings-2-0,2]
09-10 05:16:26.312   566   666 I commit_sys_config_file: [settings-2-0,2]
09-10 05:16:27.322   566   666 I commit_sys_config_file: [settings-2-0,2]
09-10 05:16:28.530   566   666 I commit_sys_config_file: [settings-2-0,2]
09-10 05:16:29.542   566   666 I commit_sys_config_file: [settings-2-0,1]
09-10 05:16:30.551   566   666 I commit_sys_config_file: [settings-2-0,2]
09-10 05:16:31.562   566   666 I commit_sys_config_file: [settings-2-0,1]
09-10 05:16:32.571   566   666 I commit_sys_config_file: [settings-2-0,2]
09-10 05:16:33.588   566   666 I commit_sys_config_file: [settings-2-0,1]
09-10 05:16:34.575   566   585 I force_gc: Binder
09-10 05:16:34.775   566   666 I commit_sys_config_file: [settings-2-0,2]
09-10 05:16:35.798   566   666 I commit_sys_config_file: [settings-2-0,2]
09-10 05:16:36.804   566   666 I commit_sys_config_file: [settings-2-0,2]
09-10 05:16:37.820   566   666 I commit_sys_config_file: [settings-2-0,1]
09-10 05:16:39.778   566   666 I commit_sys_config_file: [settings-2-0,1]
09-10 05:16:40.799   566   666 I commit_sys_config_file: [settings-2-0,1]
09-10 05:16:41.606   566  2432 I service_manager_stats: [100,28,46588]
09-10 05:16:41.809   566   666 I commit_sys_config_file: [settings-2-0,1]
09-10 05:16:42.819   566   666 I commit_sys_config_file: [settings-2-0,1]
09-10 05:16:44.002   566   666 I commit_sys_config_file: [settings-2-0,1]
09-10 05:16:45.016   566   666 I commit_sys_config_file: [settings-2-0,1]
09-10 05:16:46.021   566   666 I commit_sys_config_file: [settings-2-0,1]
09-10 05:16:47.031   566   666 I commit_sys_config_file: [settings-2-0,2]
09-10 05:16:48.244   566   666 I commit_sys_config_file: [settings-2-0,2]
09-10 05:16:49.259   566   666 I commit_sys_config_file: [settings-2-0,1]
09-10 05:16:50.267   566   666 I commit_sys_config_file: [settings-2-0,1]
09-10 05:16:51.276   566   666 I commit_sys_config_file: [settings-2-0,1]
09-10 05:16:52.395   566   666 I commit_sys_config_file: [settings-2-0,1]
09-10 05:16:53.404   566   666 I commit_sys_config_file: [settings-2-0,2]
09-10 05:16:54.411   566   666 I commit_sys_config_file: [settings-2-0,2]
09-10 05:16:55.423   566   666 I commit_sys_config_file: [settings-2-0,1]
09-10 05:16:56.431   566   666 I commit_sys_config_file: [settings-2-0,2]
09-10 05:16:57.443   566   666 I commit_sys_config_file: [settings-2-0,2]
09-10 05:16:58.606   566   666 I commit_sys_config_file: [settings-2-0,2]
09-10 05:16:59.620   566   666 I commit_sys_config_file: [settings-2-0,2]
09-10 05:17:00.629   566   666 I commit_sys_config_file: [settings-2-0,1]
09-10 05:17:01.644   566   666 I commit_sys_config_file: [settings-2-0,1]
09-10 05:17:04.320   566   666 I commit_sys_config_file: [settings-2-0,2]
09-10 05:17:05.332   566   666 I commit_sys_config_file: [settings-2-0,1]
09-10 05:17:06.341   566   666 I commit_sys_config_file: [settings-2-0,1]
09-10 05:17:07.351   566   666 I commit_sys_config_file: [settings-2-0,2]
09-10 05:17:08.549   566   666 I commit_sys_config_file: [settings-2-0,1]
09-10 05:17:09.565   566   666 I commit_sys_config_file: [settings-2-0,2]
09-10 05:17:10.576   566   666 I commit_sys_config_file: [settings-2-0,1]
09-10 05:17:11.586   566   666 I commit_sys_config_file: [settings-2-0,2]
09-10 05:17:13.694   566   666 I commit_sys_config_file: [settings-2-0,1]
09-10 05:17:14.708   566   666 I commit_sys_config_file: [settings-2-0,1]
09-10 05:17:15.719   566   666 I commit_sys_config_file: [settings-2-0,2]
09-10 05:17:16.729   566   666 I commit_sys_config_file: [settings-2-0,1]
09-10 05:17:17.905   566   666 I commit_sys_config_file: [settings-2-0,2]
09-10 05:17:18.916   566   666 I commit_sys_config_file: [settings-2-0,1]
09-10 05:17:19.927   566   666 I commit_sys_config_file: [settings-2-0,2]
09-10 05:17:20.939   566   666 I commit_sys_config_file: [settings-2-0,2]
09-10 05:17:22.067   566   666 I commit_sys_config_file: [settings-2-0,4]
09-10 05:17:23.091   566   666 I commit_sys_config_file: [settings-2-0,2]
09-10 05:17:24.099   566   666 I commit_sys_config_file: [settings-2-0,1]
09-10 05:17:25.110   566   666 I commit_sys_config_file: [settings-2-0,2]
09-10 05:17:26.297   566   666 I commit_sys_config_file: [settings-2-0,2]
09-10 05:17:27.307   566   666 I commit_sys_config_file: [settings-2-0,2]
09-10 05:17:28.161   566   846 I service_manager_stats: [100,18,46556]
09-10 05:17:28.316   566   666 I commit_sys_config_file: [settings-2-0,1]
09-10 05:17:29.329   566   666 I commit_sys_config_file: [settings-2-0,2]
09-10 05:17:30.348   566   666 I commit_sys_config_file: [settings-2-0,2]
09-10 05:17:31.363   566   666 I commit_sys_config_file: [settings-2-0,1]
09-10 05:17:32.567   566   666 I commit_sys_config_file: [settings-2-0,1]
09-10 05:17:33.576   566   666 I commit_sys_config_file: [settings-2-0,1]
09-10 05:17:34.587   566   666 I commit_sys_config_file: [settings-2-0,1]
09-10 05:17:35.598   566   666 I commit_sys_config_file: [settings-2-0,1]
09-10 05:17:36.607   566   666 I commit_sys_config_file: [settings-2-0,1]
09-10 05:17:37.619   566   666 I commit_sys_config_file: [settings-2-0,2]
09-10 05:17:38.836   566   666 I commit_sys_config_file: [settings-2-0,2]
09-10 05:17:39.852   566   666 I commit_sys_config_file: [settings-2-0,1]
09-10 05:17:40.867   566   666 I commit_sys_config_file: [settings-2-0,1]
09-10 05:17:41.878   566   666 I commit_sys_config_file: [settings-2-0,2]
09-10 05:17:42.965   566   666 I commit_sys_config_file: [settings-2-0,2]
09-10 05:17:43.976   566   666 I commit_sys_config_file: [settings-2-0,1]
09-10 05:17:44.984   566   666 I commit_sys_config_file: [settings-2-0,2]
09-10 05:17:45.994   566   666 I commit_sys_config_file: [settings-2-0,1]
09-10 05:17:47.182   566   666 I commit_sys_config_file: [settings-2-0,2]
09-10 05:17:48.196   566   666 I commit_sys_config_file: [settings-2-0,1]
09-10 05:17:49.205   566   666 I commit_sys_config_file: [settings-2-0,2]
09-10 05:17:50.217   566   666 I commit_sys_config_file: [settings-2-0,2]
09-10 05:17:51.220   566   666 I commit_sys_config_file: [settings-2-0,1]
09-10 05:17:52.233   566   666 I commit_sys_config_file: [settings-2-0,2]
09-10 05:17:53.405   566   666 I commit_sys_config_file: [settings-2-0,2]
09-10 05:17:54.424   566   666 I commit_sys_config_file: [settings-2-0,2]
09-10 05:17:55.434   566   666 I commit_sys_config_file: [settings-2-0,2]
09-10 05:17:56.444   566   666 I commit_sys_config_file: [settings-2-0,2]
09-10 05:17:57.503   566   666 I commit_sys_config_file: [settings-2-0,1]
09-10 05:17:58.528   566   666 I commit_sys_config_file: [settings-2-0,2]
09-10 05:17:59.534   566   666 I commit_sys_config_file: [settings-2-0,2]
09-10 05:18:00.545   566   666 I commit_sys_config_file: [settings-2-0,1]
09-10 05:18:01.762   566   666 I commit_sys_config_file: [settings-2-0,2]
09-10 05:18:02.772   566   666 I commit_sys_config_file: [settings-2-0,1]
09-10 05:18:03.780   566   666 I commit_sys_config_file: [settings-2-0,1]
09-10 05:18:04.793   566   666 I commit_sys_config_file: [settings-2-0,2]
09-10 05:18:05.801   566   666 I commit_sys_config_file: [settings-2-0,1]
09-10 05:18:06.813   566   666 I commit_sys_config_file: [settings-2-0,2]
09-10 05:18:07.981   566   666 I commit_sys_config_file: [settings-2-0,1]
09-10 05:18:08.995   566   666 I commit_sys_config_file: [settings-2-0,1]
09-10 05:18:10.004   566   666 I commit_sys_config_file: [settings-2-0,1]
09-10 05:18:11.018   566   666 I commit_sys_config_file: [settings-2-0,2]
09-10 05:18:13.033   566   666 I commit_sys_config_file: [settings-2-0,5]
09-10 05:18:14.043   566   666 I commit_sys_config_file: [settings-2-0,2]
09-10 05:18:15.051   566   666 I commit_sys_config_file: [settings-2-0,2]
09-10 05:18:16.063   566   666 I commit_sys_config_file: [settings-2-0,2]
09-10 05:18:16.231   566   846 I service_manager_stats: [100,15,48069]
09-10 05:18:17.159   566   666 I commit_sys_config_file: [settings-2-0,2]
09-10 05:18:18.173   566   666 I commit_sys_config_file: [settings-2-0,2]
09-10 05:18:19.177   566   666 I commit_sys_config_file: [settings-2-0,1]
09-10 05:18:20.194   566   666 I commit_sys_config_file: [settings-2-0,1]
09-10 05:18:21.424   566   666 I commit_sys_config_file: [settings-2-0,6]
09-10 05:18:22.817   566   666 I commit_sys_config_file: [settings-2-0,1]
09-10 05:18:23.825   566   666 I commit_sys_config_file: [settings-2-0,1]
09-10 05:18:24.836   566   666 I commit_sys_config_file: [settings-2-0,2]
09-10 05:18:26.040   566   666 I commit_sys_config_file: [settings-2-0,2]
09-10 05:18:27.060   566   666 I commit_sys_config_file: [settings-2-0,2]
09-10 05:18:28.067   566   666 I commit_sys_config_file: [settings-2-0,1]
09-10 05:18:29.077   566   666 I commit_sys_config_file: [settings-2-0,2]
09-10 05:18:30.089   566   666 I commit_sys_config_file: [settings-2-0,2]
09-10 05:18:31.099   566   666 I commit_sys_config_file: [settings-2-0,1]
09-10 05:18:32.285   566   666 I commit_sys_config_file: [settings-2-0,1]
09-10 05:18:33.307   566   666 I commit_sys_config_file: [settings-2-0,2]
09-10 05:18:34.317   566   666 I commit_sys_config_file: [settings-2-0,2]
09-10 05:18:35.326   566   666 I commit_sys_config_file: [settings-2-0,1]
09-10 05:18:36.336   566   666 I commit_sys_config_file: [settings-2-0,1]
09-10 05:18:37.347   566   666 I commit_sys_config_file: [settings-2-0,1]
09-10 05:18:38.566   566   666 I commit_sys_config_file: [settings-2-0,1]
09-10 05:18:39.576   566   666 I commit_sys_config_file: [settings-2-0,1]
09-10 05:18:40.589   566   666 I commit_sys_config_file: [settings-2-0,2]
09-10 05:18:41.599   566   666 I commit_sys_config_file: [settings-2-0,1]
09-10 05:18:43.774   566   666 I commit_sys_config_file: [settings-2-0,5]
09-10 05:18:44.789   566   666 I commit_sys_config_file: [settings-2-0,1]
09-10 05:18:45.798   566   666 I commit_sys_config_file: [settings-2-0,2]
09-10 05:18:46.809   566   666 I commit_sys_config_file: [settings-2-0,1]
09-10 05:18:48.006   566   666 I commit_sys_config_file: [settings-2-0,1]
09-10 05:18:49.021   566   666 I commit_sys_config_file: [settings-2-0,2]
09-10 05:18:50.029   566   666 I commit_sys_config_file: [settings-2-0,2]
09-10 05:18:51.042   566   666 I commit_sys_config_file: [settings-2-0,2]
09-10 05:18:52.210   566   666 I commit_sys_config_file: [settings-2-0,2]
09-10 05:18:53.663   566   666 I commit_sys_config_file: [settings-2-0,1]
09-10 05:18:54.667   566   666 I commit_sys_config_file: [settings-2-0,2]
09-10 05:18:55.678   566   666 I commit_sys_config_file: [settings-2-0,1]
09-10 05:18:56.879   566   666 I commit_sys_config_file: [settings-2-0,1]
09-10 05:18:57.896   566   666 I commit_sys_config_file: [settings-2-0,2]
09-10 05:18:58.909   566   666 I commit_sys_config_file: [settings-2-0,2]
09-10 05:18:59.920   566   666 I commit_sys_config_file: [settings-2-0,2]
09-10 05:19:00.927   566   666 I commit_sys_config_file: [settings-2-0,1]
09-10 05:19:01.294   566   846 I service_manager_stats: [100,23,45063]
09-10 05:19:01.936   566   666 I commit_sys_config_file: [settings-2-0,2]
09-10 05:19:03.101   566   666 I commit_sys_config_file: [settings-2-0,2]
09-10 05:19:04.111   566   666 I commit_sys_config_file: [settings-2-0,1]
09-10 05:19:05.122   566   666 I commit_sys_config_file: [settings-2-0,2]
09-10 05:19:06.132   566   666 I commit_sys_config_file: [settings-2-0,2]
09-10 05:19:07.140   566   666 I commit_sys_config_file: [settings-2-0,2]
09-10 05:19:08.150   566   666 I commit_sys_config_file: [settings-2-0,1]
09-10 05:19:09.358   566   666 I commit_sys_config_file: [settings-2-0,2]
09-10 05:19:10.375   566   666 I commit_sys_config_file: [settings-2-0,2]
09-10 05:19:11.186   566  2035 I force_gc: Binder
09-10 05:19:11.385   566   666 I commit_sys_config_file: [settings-2-0,1]
09-10 05:19:12.407   566   666 I commit_sys_config_file: [settings-2-0,2]
09-10 05:19:14.644   566   666 I commit_sys_config_file: [settings-2-0,2]
09-10 05:19:15.660   566   666 I commit_sys_config_file: [settings-2-0,2]
09-10 05:19:16.670   566   666 I commit_sys_config_file: [settings-2-0,1]
09-10 05:19:17.682   566   666 I commit_sys_config_file: [settings-2-0,1]
09-10 05:19:18.898   566   666 I commit_sys_config_file: [settings-2-0,1]
09-10 05:19:19.911   566   666 I commit_sys_config_file: [settings-2-0,1]
09-10 05:19:20.922   566   666 I commit_sys_config_file: [settings-2-0,1]
09-10 05:19:21.933   566   666 I commit_sys_config_file: [settings-2-0,2]
09-10 05:19:23.099   566   666 I commit_sys_config_file: [settings-2-0,2]
09-10 05:19:24.553   566   666 I commit_sys_config_file: [settings-2-0,2]
09-10 05:19:25.562   566   666 I commit_sys_config_file: [settings-2-0,1]
09-10 05:19:26.573   566   666 I commit_sys_config_file: [settings-2-0,2]
09-10 05:19:27.756   566   666 I commit_sys_config_file: [settings-2-0,2]
09-10 05:19:28.768   566   666 I commit_sys_config_file: [settings-2-0,1]
09-10 05:19:29.780   566   666 I commit_sys_config_file: [settings-2-0,2]
09-10 05:19:30.791   566   666 I commit_sys_config_file: [settings-2-0,2]
09-10 05:19:31.808   566   666 I commit_sys_config_file: [settings-2-0,1]
09-10 05:19:32.820   566   666 I commit_sys_config_file: [settings-2-0,2]
09-10 05:19:33.958   566   666 I commit_sys_config_file: [settings-2-0,1]
09-10 05:19:34.971   566   666 I commit_sys_config_file: [settings-2-0,2]
09-10 05:19:35.982   566   666 I commit_sys_config_file: [settings-2-0,1]
09-10 05:19:36.994   566   666 I commit_sys_config_file: [settings-2-0,2]
09-10 05:19:38.002   566   666 I commit_sys_config_file: [settings-2-0,1]
09-10 05:19:39.013   566   666 I commit_sys_config_file: [settings-2-0,2]
09-10 05:19:40.202   566   666 I commit_sys_config_file: [settings-2-0,2]
09-10 05:19:41.219   566   666 I commit_sys_config_file: [settings-2-0,2]
09-10 05:19:42.230   566   666 I commit_sys_config_file: [settings-2-0,2]
09-10 05:19:43.243   566   666 I commit_sys_config_file: [settings-2-0,2]
09-10 05:19:45.463   566   666 I commit_sys_config_file: [settings-2-0,1]
09-10 05:19:46.485   566   666 I commit_sys_config_file: [settings-2-0,2]
09-10 05:19:47.494   566   666 I commit_sys_config_file: [settings-2-0,2]
09-10 05:19:48.507   566   666 I commit_sys_config_file: [settings-2-0,4]
09-10 05:19:49.378   566   846 I service_manager_stats: [100,27,48085]
09-10 05:19:49.708   566   666 I commit_sys_config_file: [settings-2-0,1]
09-10 05:19:50.719   566   666 I commit_sys_config_file: [settings-2-0,2]
09-10 05:19:51.732   566   666 I commit_sys_config_file: [settings-2-0,1]
09-10 05:19:52.744   566   666 I commit_sys_config_file: [settings-2-0,1]
09-10 05:19:54.286   566   666 I commit_sys_config_file: [settings-2-0,1]
09-10 05:19:55.301   566   666 I commit_sys_config_file: [settings-2-0,2]
09-10 05:19:56.311   566   666 I commit_sys_config_file: [settings-2-0,1]
09-10 05:19:57.324   566   666 I commit_sys_config_file: [settings-2-0,2]
09-10 05:19:58.532   566   666 I commit_sys_config_file: [settings-2-0,1]
09-10 05:19:59.553   566   666 I commit_sys_config_file: [settings-2-0,1]
09-10 05:20:00.564   566   666 I commit_sys_config_file: [settings-2-0,2]
09-10 05:20:01.576   566   666 I commit_sys_config_file: [settings-2-0,1]
09-10 05:20:02.808   566   666 I commit_sys_config_file: [settings-2-0,2]
09-10 05:20:04.206   566   666 I commit_sys_config_file: [settings-2-0,2]
09-10 05:20:05.216   566   666 I commit_sys_config_file: [settings-2-0,2]
09-10 05:20:06.226   566   666 I commit_sys_config_file: [settings-2-0,2]
09-10 05:20:07.385   566   666 I commit_sys_config_file: [settings-2-0,1]
09-10 05:20:08.402   566   666 I commit_sys_config_file: [settings-2-0,1]
09-10 05:20:09.411   566   666 I commit_sys_config_file: [settings-2-0,1]
09-10 05:20:10.423   566   666 I commit_sys_config_file: [settings-2-0,2]
09-10 05:20:11.433   566   666 I commit_sys_config_file: [settings-2-0,2]
09-10 05:20:12.445   566   666 I commit_sys_config_file: [settings-2-0,1]
09-10 05:20:13.619   566   666 I commit_sys_config_file: [settings-2-0,2]
09-10 05:20:14.631   566   666 I commit_sys_config_file: [settings-2-0,2]
09-10 05:20:15.637   566   666 I commit_sys_config_file: [settings-2-0,1]
09-10 05:20:16.649   566   666 I commit_sys_config_file: [settings-2-0,2]
09-10 05:20:17.659   566   666 I commit_sys_config_file: [settings-2-0,1]
09-10 05:20:18.670   566   666 I commit_sys_config_file: [settings-2-0,1]
09-10 05:20:19.891   566   666 I commit_sys_config_file: [settings-2-0,2]
09-10 05:20:20.904   566   666 I commit_sys_config_file: [settings-2-0,2]
09-10 05:20:21.912   566   666 I commit_sys_config_file: [settings-2-0,2]
09-10 05:20:22.922   566   666 I commit_sys_config_file: [settings-2-0,1]
09-10 05:20:24.648   566   666 I commit_sys_config_file: [settings-2-0,2]
09-10 05:20:25.671   566   666 I commit_sys_config_file: [settings-2-0,1]
09-10 05:20:26.682   566   666 I commit_sys_config_file: [settings-2-0,1]
09-10 05:20:27.693   566   666 I commit_sys_config_file: [settings-2-0,1]
09-10 05:20:28.831   566   666 I commit_sys_config_file: [settings-2-0,1]
09-10 05:20:29.843   566   666 I commit_sys_config_file: [settings-2-0,1]
09-10 05:20:30.853   566   666 I commit_sys_config_file: [settings-2-0,2]
09-10 05:20:31.868   566   666 I commit_sys_config_file: [settings-2-0,2]
09-10 05:20:33.178   566   666 I commit_sys_config_file: [settings-2-0,2]
09-10 05:20:34.199   566   666 I commit_sys_config_file: [settings-2-0,1]
09-10 05:20:35.004   566  1656 I service_manager_stats: [100,27,45625]
09-10 05:20:35.207   566   666 I commit_sys_config_file: [settings-2-0,1]
09-10 05:20:36.218   566   666 I commit_sys_config_file: [settings-2-0,2]
09-10 05:20:37.412   566   666 I commit_sys_config_file: [settings-2-0,1]
09-10 05:20:38.430   566   666 I commit_sys_config_file: [settings-2-0,2]
09-10 05:20:39.437   566   666 I commit_sys_config_file: [settings-2-0,2]
09-10 05:20:40.450   566   666 I commit_sys_config_file: [settings-2-0,2]
09-10 05:20:41.457   566   666 I commit_sys_config_file: [settings-2-0,2]
09-10 05:20:42.469   566   666 I commit_sys_config_file: [settings-2-0,2]
09-10 05:20:43.662   566   666 I commit_sys_config_file: [settings-2-0,2]
09-10 05:20:44.678   566   666 I commit_sys_config_file: [settings-2-0,2]
09-10 05:20:45.684   566   666 I commit_sys_config_file: [settings-2-0,1]
09-10 05:20:46.693   566   666 I commit_sys_config_file: [settings-2-0,1]
09-10 05:20:47.702   566   666 I commit_sys_config_file: [settings-2-0,1]
09-10 05:20:48.713   566   666 I commit_sys_config_file: [settings-2-0,1]
09-10 05:20:49.936   566   666 I commit_sys_config_file: [settings-2-0,2]
09-10 05:20:50.946   566   666 I commit_sys_config_file: [settings-2-0,2]
09-10 05:20:51.953   566   666 I commit_sys_config_file: [settings-2-0,2]
09-10 05:20:52.964   566   666 I commit_sys_config_file: [settings-2-0,1]
09-10 05:20:55.154   566   666 I commit_sys_config_file: [settings-2-0,2]
09-10 05:20:55.770   566   601 I commit_sys_config_file: [sync-status,2]
09-10 05:20:56.176   566   666 I commit_sys_config_file: [settings-2-0,1]
09-10 05:20:57.185   566   666 I commit_sys_config_file: [settings-2-0,2]
09-10 05:20:58.194   566   666 I commit_sys_config_file: [settings-2-0,2]
09-10 05:20:59.436   566   666 I commit_sys_config_file: [settings-2-0,2]
09-10 05:21:00.447   566   666 I commit_sys_config_file: [settings-2-0,2]
09-10 05:21:01.256   931   931 I force_gc: Binder
09-10 05:21:01.451   566   666 I commit_sys_config_file: [settings-2-0,2]
09-10 05:21:02.462   566   666 I commit_sys_config_file: [settings-2-0,2]
09-10 05:21:04.005   566   666 I commit_sys_config_file: [settings-2-0,2]
09-10 05:21:05.016   566   666 I commit_sys_config_file: [settings-2-0,1]
09-10 05:21:06.029   566   666 I commit_sys_config_file: [settings-2-0,2]
09-10 05:21:07.040   566   666 I commit_sys_config_file: [settings-2-0,1]
09-10 05:21:08.232   566   666 I commit_sys_config_file: [settings-2-0,2]
09-10 05:21:09.249   566   666 I commit_sys_config_file: [settings-2-0,1]
09-10 05:21:10.262   566   666 I commit_sys_config_file: [settings-2-0,2]
09-10 05:21:11.273   566   666 I commit_sys_config_file: [settings-2-0,1]
09-10 05:21:12.422   566   666 I commit_sys_config_file: [settings-2-0,4]
09-10 05:21:13.891   566   666 I commit_sys_config_file: [settings-2-0,1]
09-10 05:21:14.901   566   666 I commit_sys_config_file: [settings-2-0,2]
09-10 05:21:15.913   566   666 I commit_sys_config_file: [settings-2-0,2]
09-10 05:21:17.099   566   666 I commit_sys_config_file: [settings-2-0,2]
09-10 05:21:18.120   566   666 I commit_sys_config_file: [settings-2-0,2]
09-10 05:21:19.129   566   666 I commit_sys_config_file: [settings-2-0,2]
09-10 05:21:20.140   566   666 I commit_sys_config_file: [settings-2-0,2]
09-10 05:21:21.145   566   666 I commit_sys_config_file: [settings-2-0,1]
09-10 05:21:22.155   566   666 I commit_sys_config_file: [settings-2-0,2]
09-10 05:21:22.533   566   846 I service_manager_stats: [100,20,47530]
09-10 05:21:23.334   566   666 I commit_sys_config_file: [settings-2-0,2]
09-10 05:21:24.347   566   666 I commit_sys_config_file: [settings-2-0,2]
09-10 05:21:25.356   566   666 I commit_sys_config_file: [settings-2-0,1]
09-10 05:21:26.367   566   666 I commit_sys_config_file: [settings-2-0,2]
09-10 05:21:27.376   566   666 I commit_sys_config_file: [settings-2-0,2]
09-10 05:21:28.387   566   666 I commit_sys_config_file: [settings-2-0,2]
09-10 05:21:29.608   566   666 I commit_sys_config_file: [settings-2-0,2]
09-10 05:21:30.619   566   666 I commit_sys_config_file: [settings-2-0,1]
09-10 05:21:31.630   566   666 I commit_sys_config_file: [settings-2-0,1]
09-10 05:21:32.643   566   666 I commit_sys_config_file: [settings-2-0,2]
09-10 05:21:34.788   566   666 I commit_sys_config_file: [settings-2-0,1]
09-10 05:21:35.811   566   666 I commit_sys_config_file: [settings-2-0,2]
09-10 05:21:36.819   566   666 I commit_sys_config_file: [settings-2-0,1]
09-10 05:21:37.840   566   666 I commit_sys_config_file: [settings-2-0,1]
09-10 05:21:38.969   566   666 I commit_sys_config_file: [settings-2-0,2]
09-10 05:21:39.986   566   666 I commit_sys_config_file: [settings-2-0,2]
09-10 05:21:40.998   566   666 I commit_sys_config_file: [settings-2-0,1]
09-10 05:21:42.009   566   666 I commit_sys_config_file: [settings-2-0,2]
09-10 05:21:43.208   566   666 I commit_sys_config_file: [settings-2-0,2]
09-10 05:21:44.619   566   666 I commit_sys_config_file: [settings-2-0,1]
09-10 05:21:45.624   566   666 I commit_sys_config_file: [settings-2-0,2]
09-10 05:21:46.635   566   666 I commit_sys_config_file: [settings-2-0,2]
09-10 05:21:47.805   566   666 I commit_sys_config_file: [settings-2-0,2]
09-10 05:21:48.822   566   666 I commit_sys_config_file: [settings-2-0,1]
09-10 05:21:49.633   566   585 I force_gc: Binder
09-10 05:21:49.837   566   666 I commit_sys_config_file: [settings-2-0,1]
09-10 05:21:50.859   566   666 I commit_sys_config_file: [settings-2-0,2]
09-10 05:21:51.868   566   666 I commit_sys_config_file: [settings-2-0,2]
09-10 05:21:52.883   566   666 I commit_sys_config_file: [settings-2-0,2]
09-10 05:21:54.097   566   666 I commit_sys_config_file: [settings-2-0,1]
09-10 05:21:55.115   566   666 I commit_sys_config_file: [settings-2-0,1]
09-10 05:21:56.125   566   666 I commit_sys_config_file: [settings-2-0,1]
09-10 05:21:57.136   566   666 I commit_sys_config_file: [settings-2-0,2]
09-10 05:21:58.142   566   666 I commit_sys_config_file: [settings-2-0,1]
09-10 05:21:59.153   566   666 I commit_sys_config_file: [settings-2-0,2]
09-10 05:22:00.416   566   666 I commit_sys_config_file: [settings-2-0,2]
09-10 05:22:01.430   566   666 I commit_sys_config_file: [settings-2-0,2]
09-10 05:22:02.439   566   666 I commit_sys_config_file: [settings-2-0,1]
09-10 05:22:03.450   566   666 I commit_sys_config_file: [settings-2-0,1]
09-10 05:22:05.602   566   666 I commit_sys_config_file: [settings-2-0,1]
09-10 05:22:06.625   566   666 I commit_sys_config_file: [settings-2-0,1]
09-10 05:22:07.603   566   846 I service_manager_stats: [100,20,45070]
09-10 05:22:07.634   566   666 I commit_sys_config_file: [settings-2-0,1]
09-10 05:22:08.646   566   666 I commit_sys_config_file: [settings-2-0,1]
09-10 05:22:09.879   566   666 I commit_sys_config_file: [settings-2-0,1]
09-10 05:22:10.887   566   666 I commit_sys_config_file: [settings-2-0,1]
09-10 05:22:11.895   566   666 I commit_sys_config_file: [settings-2-0,2]
09-10 05:22:12.906   566   666 I commit_sys_config_file: [settings-2-0,1]
09-10 05:22:14.134   566   666 I commit_sys_config_file: [settings-2-0,1]
09-10 05:22:15.525   566   666 I commit_sys_config_file: [settings-2-0,1]
09-10 05:22:16.532   566   666 I commit_sys_config_file: [settings-2-0,1]
09-10 05:22:17.542   566   666 I commit_sys_config_file: [settings-2-0,2]
09-10 05:22:18.744   566   666 I commit_sys_config_file: [settings-2-0,2]
09-10 05:22:19.768   566   666 I commit_sys_config_file: [settings-2-0,2]
09-10 05:22:20.777   566   666 I commit_sys_config_file: [settings-2-0,2]
09-10 05:22:21.786   566   666 I commit_sys_config_file: [settings-2-0,2]
09-10 05:22:22.797   566   666 I commit_sys_config_file: [settings-2-0,2]
09-10 05:22:23.806   566   666 I commit_sys_config_file: [settings-2-0,1]
09-10 05:22:25.000   566   666 I commit_sys_config_file: [settings-2-0,1]
09-10 05:22:26.012   566   666 I commit_sys_config_file: [settings-2-0,1]
09-10 05:22:27.016   566   666 I commit_sys_config_file: [settings-2-0,1]
09-10 05:22:28.028   566   666 I commit_sys_config_file: [settings-2-0,2]
09-10 05:22:29.039   566   666 I commit_sys_config_file: [settings-2-0,2]
09-10 05:22:30.053   566   666 I commit_sys_config_file: [settings-2-0,2]
09-10 05:22:31.225   566   666 I commit_sys_config_file: [settings-2-0,2]
09-10 05:22:32.247   566   666 I commit_sys_config_file: [settings-2-0,1]
09-10 05:22:33.258   566   666 I commit_sys_config_file: [settings-2-0,2]
09-10 05:22:34.269   566   666 I commit_sys_config_file: [settings-2-0,2]
09-10 05:22:36.443   566   666 I commit_sys_config_file: [settings-2-0,2]
09-10 05:22:37.461   566   666 I commit_sys_config_file: [settings-2-0,1]
09-10 05:22:38.470   566   666 I commit_sys_config_file: [settings-2-0,2]
09-10 05:22:39.481   566   666 I commit_sys_config_file: [settings-2-0,1]
09-10 05:22:40.698   566   666 I commit_sys_config_file: [settings-2-0,2]
09-10 05:22:41.715   566   666 I commit_sys_config_file: [settings-2-0,2]
09-10 05:22:42.725   566   666 I commit_sys_config_file: [settings-2-0,2]
09-10 05:22:43.737   566   666 I commit_sys_config_file: [settings-2-0,2]
09-10 05:22:44.972   566   666 I commit_sys_config_file: [settings-2-0,1]
09-10 05:22:46.350   566   666 I commit_sys_config_file: [settings-2-0,2]
09-10 05:22:47.357   566   666 I commit_sys_config_file: [settings-2-0,2]
09-10 05:22:48.369   566   666 I commit_sys_config_file: [settings-2-0,2]
09-10 05:22:49.594   566   666 I commit_sys_config_file: [settings-2-0,2]
09-10 05:22:50.603   566   666 I commit_sys_config_file: [settings-2-0,1]
09-10 05:22:51.628   566   666 I commit_sys_config_file: [settings-2-0,1]
09-10 05:22:52.638   566   666 I commit_sys_config_file: [settings-2-0,1]
09-10 05:22:53.648   566   666 I commit_sys_config_file: [settings-2-0,2]
09-10 05:22:54.659   566   666 I commit_sys_config_file: [settings-2-0,1]
09-10 05:22:55.676   566   846 I service_manager_stats: [100,16,48073]
09-10 05:22:55.839   566   666 I commit_sys_config_file: [settings-2-0,1]
09-10 05:22:56.856   566   666 I commit_sys_config_file: [settings-2-0,2]
09-10 05:22:57.866   566   666 I commit_sys_config_file: [settings-2-0,2]
09-10 05:22:58.878   566   666 I commit_sys_config_file: [settings-2-0,2]
09-10 05:22:59.887   566   666 I commit_sys_config_file: [settings-2-0,1]
09-10 05:23:00.899   566   666 I commit_sys_config_file: [settings-2-0,2]
09-10 05:23:02.122   566   666 I commit_sys_config_file: [settings-2-0,1]
09-10 05:23:03.131   566   666 I commit_sys_config_file: [settings-2-0,1]
09-10 05:23:04.140   566   666 I commit_sys_config_file: [settings-2-0,2]
09-10 05:23:05.151   566   666 I commit_sys_config_file: [settings-2-0,1]
09-10 05:23:07.398   566   666 I commit_sys_config_file: [settings-2-0,32]
09-10 05:23:08.390   566   666 I commit_sys_config_file: [settings-2-0,1]
09-10 05:23:09.399   566   666 I commit_sys_config_file: [settings-2-0,2]
09-10 05:23:10.410   566   666 I commit_sys_config_file: [settings-2-0,2]
09-10 05:23:11.552   566   666 I commit_sys_config_file: [settings-2-0,1]
09-10 05:23:12.569   566   666 I commit_sys_config_file: [settings-2-0,2]
09-10 05:23:13.581   566   666 I commit_sys_config_file: [settings-2-0,1]
09-10 05:23:14.593   566   666 I commit_sys_config_file: [settings-2-0,2]
09-10 05:23:15.794   566   666 I commit_sys_config_file: [settings-2-0,2]
09-10 05:23:17.208   566   666 I commit_sys_config_file: [settings-2-0,2]
09-10 05:23:18.221   566   666 I commit_sys_config_file: [settings-2-0,2]
09-10 05:23:19.231   566   666 I commit_sys_config_file: [settings-2-0,2]
09-10 05:23:20.449   566   666 I commit_sys_config_file: [settings-2-0,2]
09-10 05:23:21.458   566   666 I commit_sys_config_file: [settings-2-0,2]
09-10 05:23:22.466   566   666 I commit_sys_config_file: [settings-2-0,1]
09-10 05:23:23.477   566   666 I commit_sys_config_file: [settings-2-0,1]
09-10 05:23:24.483   566   666 I commit_sys_config_file: [settings-2-0,1]
09-10 05:23:25.494   566   666 I commit_sys_config_file: [settings-2-0,1]
09-10 05:23:26.657   566   666 I commit_sys_config_file: [settings-2-0,1]
09-10 05:23:27.669   566   666 I commit_sys_config_file: [settings-2-0,2]
09-10 05:23:28.680   566   666 I commit_sys_config_file: [settings-2-0,1]
09-10 05:23:29.693   566   666 I commit_sys_config_file: [settings-2-0,2]
09-10 05:23:30.699   566   666 I commit_sys_config_file: [settings-2-0,2]
09-10 05:23:31.708   566   666 I commit_sys_config_file: [settings-2-0,2]
09-10 05:23:32.842   566   666 I commit_sys_config_file: [settings-2-0,2]
09-10 05:23:33.858   566   666 I commit_sys_config_file: [settings-2-0,2]
09-10 05:23:34.868   566   666 I commit_sys_config_file: [settings-2-0,1]
09-10 05:23:35.880   566   666 I commit_sys_config_file: [settings-2-0,2]
09-10 05:23:37.968   566   666 I commit_sys_config_file: [settings-2-0,1]
09-10 05:23:38.986   566   666 I commit_sys_config_file: [settings-2-0,1]
09-10 05:23:39.998   566   666 I commit_sys_config_file: [settings-2-0,1]
09-10 05:23:41.009   566   666 I commit_sys_config_file: [settings-2-0,2]
09-10 05:23:42.131   566   666 I commit_sys_config_file: [settings-2-0,2]
09-10 05:23:43.143   566   666 I commit_sys_config_file: [settings-2-0,2]
09-10 05:23:43.752   566   846 I service_manager_stats: [100,19,48076]
09-10 05:23:44.153   566   666 I commit_sys_config_file: [settings-2-0,2]
09-10 05:23:45.167   566   666 I commit_sys_config_file: [settings-2-0,1]
09-10 05:23:46.358   566   666 I commit_sys_config_file: [settings-2-0,7]
09-10 05:23:47.782   566   666 I commit_sys_config_file: [settings-2-0,2]
09-10 05:23:48.792   566   666 I commit_sys_config_file: [settings-2-0,2]
09-10 05:23:49.804   566   666 I commit_sys_config_file: [settings-2-0,2]
09-10 05:23:50.999   566   666 I commit_sys_config_file: [settings-2-0,2]
09-10 05:23:52.013   566   666 I commit_sys_config_file: [settings-2-0,2]
09-10 05:23:53.022   566   666 I commit_sys_config_file: [settings-2-0,2]
09-10 05:23:54.033   566   666 I commit_sys_config_file: [settings-2-0,2]
09-10 05:23:55.042   566   666 I commit_sys_config_file: [settings-2-0,2]
09-10 05:23:56.055   566   666 I commit_sys_config_file: [settings-2-0,1]
09-10 05:23:57.275   566   666 I commit_sys_config_file: [settings-2-0,1]
09-10 05:23:58.288   566   666 I commit_sys_config_file: [settings-2-0,2]
09-10 05:23:59.298   566   666 I commit_sys_config_file: [settings-2-0,2]
09-10 05:24:00.313   566   666 I commit_sys_config_file: [settings-2-0,2]
09-10 05:24:02.978   566   666 I commit_sys_config_file: [settings-2-0,2]
09-10 05:24:03.991   566   666 I commit_sys_config_file: [settings-2-0,2]
09-10 05:24:04.998   566   666 I commit_sys_config_file: [settings-2-0,1]
09-10 05:24:06.014   566   666 I commit_sys_config_file: [settings-2-0,2]
09-10 05:24:07.230   566   666 I commit_sys_config_file: [settings-2-0,2]
09-10 05:24:08.242   566   666 I commit_sys_config_file: [settings-2-0,1]
09-10 05:24:09.253   566   666 I commit_sys_config_file: [settings-2-0,1]
09-10 05:24:10.274   566   666 I commit_sys_config_file: [settings-2-0,2]
09-10 05:24:12.387   566   666 I commit_sys_config_file: [settings-2-0,1]
09-10 05:24:13.411   566   666 I commit_sys_config_file: [settings-2-0,2]
09-10 05:24:14.417   566   666 I commit_sys_config_file: [settings-2-0,1]
09-10 05:24:15.428   566   666 I commit_sys_config_file: [settings-2-0,2]
09-10 05:24:16.621   566   666 I commit_sys_config_file: [settings-2-0,2]
09-10 05:24:17.645   566   666 I commit_sys_config_file: [settings-2-0,2]
09-10 05:24:18.657   566   666 I commit_sys_config_file: [settings-2-0,1]
09-10 05:24:19.668   566   666 I commit_sys_config_file: [settings-2-0,2]
09-10 05:24:20.593   566  1071 I wm_finish_activity: [0,121873743,8,dev.partydeck.godot.compare/.GodotGameActivity,app-request]
09-10 05:24:20.594   566  1071 I wm_pause_activity: [0,121873743,dev.partydeck.godot.compare/.GodotGameActivity,userLeaving=false,finish]
09-10 05:24:20.601  3140  3140 I wm_on_top_resumed_lost_called: [121873743,dev.partydeck.godot.compare.GodotGameActivity,topStateChangedWhenResumed]
09-10 05:24:20.603  3140  3140 I wm_on_paused_called: [121873743,dev.partydeck.godot.compare.GodotGameActivity,performPause,0]
09-10 05:24:20.603   566  1071 I wm_add_to_stopping: [0,121873743,dev.partydeck.godot.compare/.GodotGameActivity,completeFinishing]
09-10 05:24:20.617   566  1071 I wm_set_resumed_activity: [0,dev.partydeck.godot.compare/.ComparisonActivity,resumeTopActivity - onActivityStateChanged]
09-10 05:24:20.617   566  1071 I wm_resume_activity: [0,231576130,8,dev.partydeck.godot.compare/.ComparisonActivity]
09-10 05:24:20.620   566   590 I sysui_multi_action: [757,803,799,window_time_0,802,645]
09-10 05:24:20.622   566   593 I am_kill : [0,2180,com.android.carrierdefaultapp,985,empty #17,101744]
09-10 05:24:20.622   566   594 I input_focus: [Requesting to set focus to null window,reason=UpdateInputWindows]
09-10 05:24:20.622   566   593 I am_kill : [0,1570,com.android.externalstorage,985,empty #18,103152]
09-10 05:24:20.622   566   593 I am_kill : [0,1774,com.android.carrierconfig,995,empty #19,102512]
09-10 05:24:20.622   566   593 I am_kill : [0,1319,com.android.cellbroadcastreceiver,995,empty #20,101208]
09-10 05:24:20.622   566   593 I am_kill : [0,2158,com.android.shell,999,empty #21,100516]
09-10 05:24:20.622   566   593 I am_kill : [0,2118,com.android.ondevicepersonalization.services,999,empty #22,100776]
09-10 05:24:20.623   566   593 I am_kill : [0,1935,com.android.federatedcompute.services,999,empty #23,100336]
09-10 05:24:20.623   566   593 I am_kill : [0,1927,com.android.dynsystem:dynsystem,915,empty #24,101760]
09-10 05:24:20.623   566   593 I am_kill : [0,1914,com.android.dynsystem,915,empty #25,100492]
09-10 05:24:20.623   566   593 I am_kill : [0,1900,com.android.camera2,999,empty #26,104052]
09-10 05:24:20.623   566   593 I am_kill : [0,1883,.adservices,999,empty #27,106304]
09-10 05:24:20.623   566   593 I am_kill : [0,1864,com.android.calendar,999,empty #28,106088]
09-10 05:24:20.623   566   593 I am_kill : [0,1468,com.android.printspooler,999,empty #29,102640]
09-10 05:24:20.623   566   593 I am_kill : [0,1604,com.android.managedprovisioning,999,empty #30,106664]
09-10 05:24:20.623   566   593 I am_kill : [0,1837,com.android.traceur,999,empty #31,104608]
09-10 05:24:20.624   566   593 I am_kill : [0,1518,com.android.keychain,925,empty #32,102852]
09-10 05:24:20.624   566   593 I am_kill : [0,1480,com.android.music,999,empty #33,100208]
09-10 05:24:20.624   566   667 I am_unfreeze: [2895,dev.partydeck.godot.compare,1]
09-10 05:24:20.676   566   680 I input_focus: [Focus leaving 1d6bec5 dev.partydeck.godot.compare/dev.partydeck.godot.compare.GodotGameActivity (server),reason=NO_WINDOW]
09-10 05:24:20.686  2895  2895 I wm_on_restart_called: [231576130,dev.partydeck.godot.compare.ComparisonActivity,performRestart,0]
09-10 05:24:20.686  2895  2895 I wm_on_start_called: [231576130,dev.partydeck.godot.compare.ComparisonActivity,handleStartActivity,0]
09-10 05:24:20.689  2895  2895 I wm_on_activity_result_called: [231576130,dev.partydeck.godot.compare.ComparisonActivity,ACTIVITY_RESULT]
09-10 05:24:20.697   566  2035 I am_proc_died: [0,1774,com.android.carrierconfig,995,19]
09-10 05:24:20.697   566  2035 I am_uid_stopped: 10119
09-10 05:24:20.703   566   640 I am_proc_died: [0,1914,com.android.dynsystem,915,19]
09-10 05:24:20.706   566   640 I am_proc_died: [0,2158,com.android.shell,999,19]
09-10 05:24:20.706   566   640 I am_uid_stopped: 2000
09-10 05:24:20.709   566   642 I am_proc_died: [0,1604,com.android.managedprovisioning,999,19]
09-10 05:24:20.709   566   642 I am_uid_stopped: 10068
09-10 05:24:20.722  2895  2895 I wm_on_resume_called: [231576130,dev.partydeck.godot.compare.ComparisonActivity,RESUME_ACTIVITY,33]
09-10 05:24:20.723  2895  2895 I wm_on_top_resumed_gained_called: [231576130,dev.partydeck.godot.compare.ComparisonActivity,topWhenResuming]
09-10 05:24:20.743   566   640 I am_proc_died: [0,1864,com.android.calendar,999,19]
09-10 05:24:20.748   566   640 I am_uid_stopped: 10111
09-10 05:24:20.750   566  1876 I am_proc_died: [0,1518,com.android.keychain,925,19]
09-10 05:24:20.751   566   839 I am_proc_died: [0,1480,com.android.music,999,19]
09-10 05:24:20.751   566   839 I am_uid_stopped: 10105
09-10 05:24:20.752   566   585 I am_proc_died: [0,2118,com.android.ondevicepersonalization.services,999,19]
09-10 05:24:20.752   566   585 I am_uid_stopped: 10144
09-10 05:24:20.752   566  1581 I am_proc_died: [0,1570,com.android.externalstorage,985,19]
09-10 05:24:20.752   566  1581 I am_uid_stopped: 10064
09-10 05:24:20.752   566  1212 I am_proc_died: [0,1837,com.android.traceur,999,19]
09-10 05:24:20.752   566  1212 I am_uid_stopped: 10097
09-10 05:24:20.753   566  2035 I am_proc_died: [0,1935,com.android.federatedcompute.services,999,19]
09-10 05:24:20.753   566  2035 I am_uid_stopped: 10145
09-10 05:24:20.755   566  2373 I am_proc_died: [0,1900,com.android.camera2,999,19]
09-10 05:24:20.755   566  2373 I am_uid_stopped: 10108
09-10 05:24:20.755   566  1656 I am_proc_died: [0,1927,com.android.dynsystem:dynsystem,915,19]
09-10 05:24:20.755   566   641 I am_proc_died: [0,1883,.adservices,999,19]
09-10 05:24:20.756   566  1270 I am_proc_died: [0,1319,com.android.cellbroadcastreceiver,995,19]
09-10 05:24:20.756   566  1270 I am_uid_stopped: 10070
09-10 05:24:20.764   566   839 I am_proc_died: [0,1468,com.android.printspooler,999,19]
09-10 05:24:20.764   566   839 I am_uid_stopped: 10083
09-10 05:24:20.766   566  2432 I am_proc_died: [0,2180,com.android.carrierdefaultapp,985,19]
09-10 05:24:20.766   566  2432 I am_uid_stopped: 10086
09-10 05:24:20.801   566  1658 I am_proc_died: [0,3140,dev.partydeck.godot.compare:godot,0,2]
09-10 05:24:20.833  2895  2895 I viewroot_draw_event: [VRI[ComparisonActivity],Start draw after previous draw not visible]
09-10 05:24:20.834   566   594 I input_focus: [Focus request b432bd1 dev.partydeck.godot.compare/dev.partydeck.godot.compare.ComparisonActivity,reason=UpdateInputWindows]
09-10 05:24:20.962  2895  2895 I viewroot_draw_event: [VRI[ComparisonActivity],reportDrawFinished seqId=0]
09-10 05:24:20.991   566   666 I commit_sys_config_file: [settings-2-0,5]
09-10 05:24:20.994   566  1071 I force_gc: Binder
09-10 05:24:21.125   566   680 I input_focus: [Focus entering b432bd1 dev.partydeck.godot.compare/dev.partydeck.godot.compare.ComparisonActivity (server),reason=Window became focusable. Previous reason: NOT_VISIBLE]
09-10 05:24:22.680   566   666 I commit_sys_config_file: [settings-2-0,7]
09-10 05:24:23.695   566   666 I commit_sys_config_file: [settings-2-0,2]
09-10 05:24:24.708   566   666 I commit_sys_config_file: [settings-2-0,2]
09-10 05:24:25.731   566   666 I commit_sys_config_file: [settings-2-0,1]
09-10 05:24:26.741   566   666 I commit_sys_config_file: [settings-2-0,2]
09-10 05:24:27.731   566   666 I commit_sys_config_file: [settings-2-0,2]
09-10 05:24:28.746   566   666 I commit_sys_config_file: [settings-2-0,2]
09-10 05:24:28.817   566   846 I service_manager_stats: [100,23,45065]
09-10 05:24:29.779   566   666 I commit_sys_config_file: [settings-2-0,2]
09-10 05:24:30.789   566   666 I commit_sys_config_file: [settings-2-0,1]
09-10 05:24:33.474   566   666 I commit_sys_config_file: [settings-2-0,2]
09-10 05:24:34.490   566   666 I commit_sys_config_file: [settings-2-0,1]
09-10 05:24:35.138   566   680 I input_interaction: Interaction with: b432bd1 dev.partydeck.godot.compare/dev.partydeck.godot.compare.ComparisonActivity (server), PointerEventDispatcher0 (server), 
09-10 05:24:35.161   566  1071 I wm_task_moved: [8,8,0,1,2]
09-10 05:24:35.161   566  1071 I wm_create_activity: [0,222251228,8,dev.partydeck.godot.compare/.GodotGameActivity,NULL,NULL,NULL,0]
09-10 05:24:35.163   566  1071 I wm_pause_activity: [0,231576130,dev.partydeck.godot.compare/.ComparisonActivity,userLeaving=true,resumeTopActivity]
09-10 05:24:35.180   566   603 I am_proc_start: [0,10611,10148,dev.partydeck.godot.compare:godot,next-top-activity,{dev.partydeck.godot.compare/dev.partydeck.godot.compare.GodotGameActivity}]
09-10 05:24:35.258   566  1071 I am_proc_bound: [0,10611,dev.partydeck.godot.compare:godot]
09-10 05:24:35.266   931  1005 I viewroot_draw_event: [VRI[compare],reportDrawFinished seqId=0]
09-10 05:24:35.300  2895  2895 I wm_on_top_resumed_lost_called: [231576130,dev.partydeck.godot.compare.ComparisonActivity,topStateChangedWhenResumed]
09-10 05:24:35.300  2895  2895 I wm_on_paused_called: [231576130,dev.partydeck.godot.compare.ComparisonActivity,performPause,0]
09-10 05:24:35.301   566  1071 I wm_add_to_stopping: [0,231576130,dev.partydeck.godot.compare/.ComparisonActivity,makeInvisible]
09-10 05:24:35.301   566  1071 I wm_restart_activity: [0,222251228,8,dev.partydeck.godot.compare/.GodotGameActivity]
09-10 05:24:35.302   566  1071 I wm_set_resumed_activity: [0,dev.partydeck.godot.compare/.GodotGameActivity,realStartActivityLocked - onActivityStateChanged]
09-10 05:24:35.303   566   590 I sysui_multi_action: [757,803,799,window_time_0,802,14]
09-10 05:24:35.347   566   594 I input_focus: [Requesting to set focus to null window,reason=UpdateInputWindows]
09-10 05:24:35.353   566   593 I dvm_lock_sample: [system_server,1,android.display,49,ActivityTaskSupervisor.java,2618,void com.android.server.wm.ActivityTaskSupervisor$ActivityTaskSupervisorHandler.handleMessage(android.os.Message),ActivityClientController.java,234,void com.android.server.wm.ActivityClientController.activityPaused(android.os.IBinder),9]
09-10 05:24:35.437   566   680 I input_focus: [Focus leaving b432bd1 dev.partydeck.godot.compare/dev.partydeck.godot.compare.ComparisonActivity (server),reason=Waiting for window because NO_WINDOW]
09-10 05:24:35.805   566   666 I commit_sys_config_file: [settings-2-0,7]
09-10 05:24:35.944  2895  2895 I viewroot_draw_event: [VRI[ComparisonActivity],Not drawing due to not visible. Reason=!mAppVisible && !mForceDecorViewVisibility]
09-10 05:24:36.090 10611 10611 I wm_on_create_called: [222251228,dev.partydeck.godot.compare.GodotGameActivity,performCreate,495]
09-10 05:24:36.096 10611 10611 I wm_on_start_called: [222251228,dev.partydeck.godot.compare.GodotGameActivity,handleStartActivity,4]
09-10 05:24:36.099 10611 10611 I wm_on_resume_called: [222251228,dev.partydeck.godot.compare.GodotGameActivity,RESUME_ACTIVITY,2]
09-10 05:24:36.108 10611 10611 I wm_on_top_resumed_gained_called: [222251228,dev.partydeck.godot.compare.GodotGameActivity,topStateChangedWhenResumed]
09-10 05:24:36.120   566   594 I input_focus: [Focus request ad49928 dev.partydeck.godot.compare/dev.partydeck.godot.compare.GodotGameActivity,reason=UpdateInputWindows]
09-10 05:24:36.318   566   839 I wm_set_requested_orientation: [1,dev.partydeck.godot.compare/.GodotGameActivity]
09-10 05:24:36.363   566   839 I wm_stop_activity: [0,231576130,dev.partydeck.godot.compare/.ComparisonActivity]
09-10 05:24:36.408  2895  2895 I wm_on_stop_called: [231576130,dev.partydeck.godot.compare.ComparisonActivity,STOP_ACTIVITY_ITEM,0]
09-10 05:24:37.142 10611 10651 I viewroot_draw_event: [VRI[GodotGameActivity],reportDrawFinished seqId=0]
09-10 05:24:37.146   566   590 I sysui_multi_action: [319,160,321,110,322,1988,325,841,757,761,758,7,759,2,806,dev.partydeck.godot.compare,871,dev.partydeck.godot.compare.GodotGameActivity,904,dev.partydeck.godot.compare,905,0,945,101,1320,12,1321,1]
09-10 05:24:37.146   566   590 I wm_activity_launch_time: [0,222251228,dev.partydeck.godot.compare/.GodotGameActivity,1988]
09-10 05:24:37.148   931   984 I jank_cuj_events_begin_request: [39,1789017877148381000,843676199999,843676200109,]
09-10 05:24:37.153   931   984 I jank_cuj_events_end_request: [39,1789017877153481000,843681300064,843681300134]
09-10 05:24:37.161   931  1005 I viewroot_draw_event: [VRI[compare],Not drawing due to not visible. Reason=View.GONE]
09-10 05:24:37.172   566  1658 I dvm_lock_sample: [system_server,1,binder:566_11,8,AccessibilityWindowManager.java,1446,void com.android.server.accessibility.AccessibilityWindowManager.removeAccessibilityInteractionConnection(android.view.IWindow),-,1479,void com.android.server.accessibility.AccessibilityWindowManager.removeAccessibilityInteractionConnection(android.view.IWindow),1]
09-10 05:24:37.226   566   680 I input_focus: [Focus entering ad49928 dev.partydeck.godot.compare/dev.partydeck.godot.compare.GodotGameActivity (server),reason=Window became focusable. Previous reason: NOT_VISIBLE]
09-10 05:24:37.355   566   666 I commit_sys_config_file: [settings-2-0,4]
09-10 05:24:38.741   566   666 I commit_sys_config_file: [settings-2-0,11]
09-10 05:24:39.962   566   666 I commit_sys_config_file: [settings-2-0,2]
09-10 05:24:40.975   566   666 I commit_sys_config_file: [settings-2-0,1]
09-10 05:24:41.989   566   666 I commit_sys_config_file: [settings-2-0,2]
09-10 05:24:44.658   566   666 I commit_sys_config_file: [settings-2-0,1]
09-10 05:24:45.677   566   666 I commit_sys_config_file: [settings-2-0,1]
09-10 05:24:46.685   566   666 I commit_sys_config_file: [settings-2-0,1]
09-10 05:24:47.701   566   666 I commit_sys_config_file: [settings-2-0,1]
09-10 05:24:48.346   566   680 I input_interaction: Interaction with: ad49928 dev.partydeck.godot.compare/dev.partydeck.godot.compare.GodotGameActivity (server), PointerEventDispatcher0 (server), 
09-10 05:24:48.919   566   666 I commit_sys_config_file: [settings-2-0,2]
09-10 05:24:49.935   566   666 I commit_sys_config_file: [settings-2-0,2]
09-10 05:24:50.943   566   666 I commit_sys_config_file: [settings-2-0,2]
09-10 05:24:51.958   566   666 I commit_sys_config_file: [settings-2-0,2]
09-10 05:24:52.802   566   642 I wm_finish_activity: [0,222251228,8,dev.partydeck.godot.compare/.GodotGameActivity,app-request]
09-10 05:24:52.802   566   642 I wm_pause_activity: [0,222251228,dev.partydeck.godot.compare/.GodotGameActivity,userLeaving=false,finish]
09-10 05:24:52.858 10611 10611 I wm_on_top_resumed_lost_called: [222251228,dev.partydeck.godot.compare.GodotGameActivity,topStateChangedWhenResumed]
09-10 05:24:52.865 10611 10611 I wm_on_paused_called: [222251228,dev.partydeck.godot.compare.GodotGameActivity,performPause,4]
09-10 05:24:52.865   566   642 I wm_add_to_stopping: [0,222251228,dev.partydeck.godot.compare/.GodotGameActivity,completeFinishing]
09-10 05:24:52.872   566   642 I wm_set_resumed_activity: [0,dev.partydeck.godot.compare/.ComparisonActivity,resumeTopActivity - onActivityStateChanged]
09-10 05:24:52.874   566   642 I wm_resume_activity: [0,231576130,8,dev.partydeck.godot.compare/.ComparisonActivity]
09-10 05:24:52.876   566   590 I sysui_multi_action: [757,803,799,window_time_0,802,18]
09-10 05:24:52.880  2895  2895 I wm_on_restart_called: [231576130,dev.partydeck.godot.compare.ComparisonActivity,performRestart,0]
09-10 05:24:52.880  2895  2895 I wm_on_start_called: [231576130,dev.partydeck.godot.compare.ComparisonActivity,handleStartActivity,0]
09-10 05:24:52.880  2895  2895 I wm_on_activity_result_called: [231576130,dev.partydeck.godot.compare.ComparisonActivity,ACTIVITY_RESULT]
09-10 05:24:52.881  2895  2895 I wm_on_resume_called: [231576130,dev.partydeck.godot.compare.ComparisonActivity,RESUME_ACTIVITY,1]
09-10 05:24:52.881  2895  2895 I wm_on_top_resumed_gained_called: [231576130,dev.partydeck.godot.compare.ComparisonActivity,topWhenResuming]
09-10 05:24:52.890   566   594 I input_focus: [Focus request b432bd1 dev.partydeck.godot.compare/dev.partydeck.godot.compare.ComparisonActivity,reason=UpdateInputWindows]
09-10 05:24:52.893  2895  2895 I viewroot_draw_event: [VRI[ComparisonActivity],Start draw after previous draw not visible]
09-10 05:24:52.895   566   680 I input_focus: [Focus leaving ad49928 dev.partydeck.godot.compare/dev.partydeck.godot.compare.GodotGameActivity (server),reason=NO_WINDOW]
09-10 05:24:53.015   566   584 I am_proc_died: [0,10611,dev.partydeck.godot.compare:godot,0,2]
09-10 05:24:53.051  2895  2895 I viewroot_draw_event: [VRI[ComparisonActivity],reportDrawFinished seqId=0]
09-10 05:24:53.305   566   666 I commit_sys_config_file: [settings-2-0,137]
09-10 05:24:53.423   566   680 I input_focus: [Focus entering b432bd1 dev.partydeck.godot.compare/dev.partydeck.godot.compare.ComparisonActivity (server),reason=Window became focusable. Previous reason: NOT_VISIBLE]
09-10 05:24:54.637   566   666 I commit_sys_config_file: [settings-2-0,3]
09-10 05:24:55.643   566   666 I commit_sys_config_file: [settings-2-0,1]
09-10 05:24:56.660   566   666 I commit_sys_config_file: [settings-2-0,2]
09-10 05:24:57.680   566   666 I commit_sys_config_file: [settings-2-0,1]
09-10 05:24:58.694   566   666 I commit_sys_config_file: [settings-2-0,1]
09-10 05:24:59.681   566   666 I commit_sys_config_file: [settings-2-0,2]
09-10 05:25:00.691   566   666 I commit_sys_config_file: [settings-2-0,1]
09-10 05:25:01.733   566   666 I commit_sys_config_file: [settings-2-0,2]
09-10 05:25:02.759   566   666 I commit_sys_config_file: [settings-2-0,1]
09-10 05:25:05.430   566   666 I commit_sys_config_file: [settings-2-0,2]
09-10 05:25:06.442   566   666 I commit_sys_config_file: [settings-2-0,2]
09-10 05:25:07.091   566   680 I input_interaction: Interaction with: b432bd1 dev.partydeck.godot.compare/dev.partydeck.godot.compare.ComparisonActivity (server), PointerEventDispatcher0 (server), 
09-10 05:25:07.112   566 10814 I wm_task_moved: [8,8,0,1,2]
09-10 05:25:07.112   566 10814 I wm_create_activity: [0,48505172,8,dev.partydeck.godot.compare/.GodotGameActivity,NULL,NULL,NULL,0]
09-10 05:25:07.113   566 10814 I wm_pause_activity: [0,231576130,dev.partydeck.godot.compare/.ComparisonActivity,userLeaving=true,resumeTopActivity]
09-10 05:25:07.128  2895  2895 I wm_on_top_resumed_lost_called: [231576130,dev.partydeck.godot.compare.ComparisonActivity,topStateChangedWhenResumed]
09-10 05:25:07.135  2895  2895 I wm_on_paused_called: [231576130,dev.partydeck.godot.compare.ComparisonActivity,performPause,0]
09-10 05:25:07.135   566 10489 I wm_add_to_stopping: [0,231576130,dev.partydeck.godot.compare/.ComparisonActivity,makeInvisible]
09-10 05:25:07.145   566   603 I am_proc_start: [0,10933,10148,dev.partydeck.godot.compare:godot,next-top-activity,{dev.partydeck.godot.compare/dev.partydeck.godot.compare.GodotGameActivity}]
09-10 05:25:07.145   566   590 I sysui_multi_action: [757,803,799,window_time_0,802,14]
09-10 05:25:07.212   566   680 I input_focus: [Focus leaving b432bd1 dev.partydeck.godot.compare/dev.partydeck.godot.compare.ComparisonActivity (server),reason=NO_WINDOW]
09-10 05:25:07.315   566 10814 I am_proc_bound: [0,10933,dev.partydeck.godot.compare:godot]
09-10 05:25:07.356   931  1005 I viewroot_draw_event: [VRI[compare],reportDrawFinished seqId=0]
09-10 05:25:07.539   566 10489 I wm_restart_activity: [0,48505172,8,dev.partydeck.godot.compare/.GodotGameActivity]
09-10 05:25:07.540   566 10489 I wm_set_resumed_activity: [0,dev.partydeck.godot.compare/.GodotGameActivity,realStartActivityLocked - onActivityStateChanged]
09-10 05:25:07.823   566   666 I commit_sys_config_file: [settings-2-0,16]
09-10 05:25:07.827  2895  2895 I viewroot_draw_event: [VRI[ComparisonActivity],Not drawing due to not visible. Reason=!mAppVisible && !mForceDecorViewVisibility]
09-10 05:25:08.070 10933 10933 I wm_on_create_called: [48505172,dev.partydeck.godot.compare.GodotGameActivity,performCreate,443]
09-10 05:25:08.075 10933 10933 I wm_on_start_called: [48505172,dev.partydeck.godot.compare.GodotGameActivity,handleStartActivity,4]
09-10 05:25:08.078 10933 10933 I wm_on_resume_called: [48505172,dev.partydeck.godot.compare.GodotGameActivity,RESUME_ACTIVITY,1]
09-10 05:25:08.089 10933 10933 I wm_on_top_resumed_gained_called: [48505172,dev.partydeck.godot.compare.GodotGameActivity,topStateChangedWhenResumed]
09-10 05:25:08.114   566   594 I input_focus: [Focus request 49ddd20 dev.partydeck.godot.compare/dev.partydeck.godot.compare.GodotGameActivity,reason=UpdateInputWindows]
09-10 05:25:08.292   566  1657 I wm_set_requested_orientation: [1,dev.partydeck.godot.compare/.GodotGameActivity]
09-10 05:25:08.335   566  1657 I wm_stop_activity: [0,231576130,dev.partydeck.godot.compare/.ComparisonActivity]
09-10 05:25:08.375  2895  2895 I wm_on_stop_called: [231576130,dev.partydeck.godot.compare.ComparisonActivity,STOP_ACTIVITY_ITEM,0]
09-10 05:25:09.134 10933 10974 I viewroot_draw_event: [VRI[GodotGameActivity],reportDrawFinished seqId=0]
09-10 05:25:09.139   931   984 I jank_cuj_events_begin_request: [39,1789017909139588000,875667407644,875667407764,]
09-10 05:25:09.141   566   590 I sysui_multi_action: [319,438,321,253,322,2032,325,873,757,761,758,7,759,2,806,dev.partydeck.godot.compare,871,dev.partydeck.godot.compare.GodotGameActivity,904,dev.partydeck.godot.compare,905,0,945,209,1320,12,1321,1]
09-10 05:25:09.143   566   590 I wm_activity_launch_time: [0,48505172,dev.partydeck.godot.compare/.GodotGameActivity,2032]
09-10 05:25:09.171   931   984 I jank_cuj_events_end_request: [39,1789017909165619000,875693438460,875693438530]
09-10 05:25:09.181   931  1005 I viewroot_draw_event: [VRI[compare],Not drawing due to not visible. Reason=View.GONE]
09-10 05:25:09.219   566   680 I input_focus: [Focus entering 49ddd20 dev.partydeck.godot.compare/dev.partydeck.godot.compare.GodotGameActivity (server),reason=Window became focusable. Previous reason: NOT_VISIBLE]
09-10 05:25:09.356   566   666 I commit_sys_config_file: [settings-2-0,12]
09-10 05:25:10.690   566   666 I commit_sys_config_file: [settings-2-0,2]
09-10 05:25:11.712   566   666 I commit_sys_config_file: [settings-2-0,2]
09-10 05:25:12.724   566   666 I commit_sys_config_file: [settings-2-0,2]
09-10 05:25:13.742   566   666 I commit_sys_config_file: [settings-2-0,2]
09-10 05:25:16.403   566   666 I commit_sys_config_file: [settings-2-0,2]
09-10 05:25:17.423   566   666 I commit_sys_config_file: [settings-2-0,1]
09-10 05:25:18.074   566   680 I input_interaction: Interaction with: 49ddd20 dev.partydeck.godot.compare/dev.partydeck.godot.compare.GodotGameActivity (server), PointerEventDispatcher0 (server), 
09-10 05:25:18.366   566 10484 I service_manager_stats: [100,29,49548]
09-10 05:25:18.434   566 10484 I wm_finish_activity: [0,48505172,8,dev.partydeck.godot.compare/.GodotGameActivity,app-request]
09-10 05:25:18.435   566 10484 I wm_pause_activity: [0,48505172,dev.partydeck.godot.compare/.GodotGameActivity,userLeaving=false,finish]
09-10 05:25:18.447 10933 10933 I wm_on_top_resumed_lost_called: [48505172,dev.partydeck.godot.compare.GodotGameActivity,topStateChangedWhenResumed]
09-10 05:25:18.451 10933 10933 I wm_on_paused_called: [48505172,dev.partydeck.godot.compare.GodotGameActivity,performPause,2]
09-10 05:25:18.452   566  2373 I wm_add_to_stopping: [0,48505172,dev.partydeck.godot.compare/.GodotGameActivity,completeFinishing]
09-10 05:25:18.455   566  2373 I wm_set_resumed_activity: [0,dev.partydeck.godot.compare/.ComparisonActivity,resumeTopActivity - onActivityStateChanged]
09-10 05:25:18.458   566  2373 I wm_resume_activity: [0,231576130,8,dev.partydeck.godot.compare/.ComparisonActivity]
09-10 05:25:18.459   566   590 I sysui_multi_action: [757,803,799,window_time_0,802,11]
09-10 05:25:18.461  2895  2895 I wm_on_restart_called: [231576130,dev.partydeck.godot.compare.ComparisonActivity,performRestart,0]
09-10 05:25:18.461  2895  2895 I wm_on_start_called: [231576130,dev.partydeck.godot.compare.ComparisonActivity,handleStartActivity,0]
09-10 05:25:18.461  2895  2895 I wm_on_activity_result_called: [231576130,dev.partydeck.godot.compare.ComparisonActivity,ACTIVITY_RESULT]
09-10 05:25:18.463  2895  2895 I wm_on_resume_called: [231576130,dev.partydeck.godot.compare.ComparisonActivity,RESUME_ACTIVITY,2]
09-10 05:25:18.463  2895  2895 I wm_on_top_resumed_gained_called: [231576130,dev.partydeck.godot.compare.ComparisonActivity,topWhenResuming]
09-10 05:25:18.473   566   594 I input_focus: [Focus request b432bd1 dev.partydeck.godot.compare/dev.partydeck.godot.compare.ComparisonActivity,reason=UpdateInputWindows]
09-10 05:25:18.478  2895  2895 I viewroot_draw_event: [VRI[ComparisonActivity],Start draw after previous draw not visible]
09-10 05:25:18.514   566   680 I input_focus: [Focus leaving 49ddd20 dev.partydeck.godot.compare/dev.partydeck.godot.compare.GodotGameActivity (server),reason=NO_WINDOW]
09-10 05:25:18.575   566   666 I commit_sys_config_file: [settings-2-0,9]
09-10 05:25:18.600  2895  2895 I viewroot_draw_event: [VRI[ComparisonActivity],reportDrawFinished seqId=0]
09-10 05:25:18.631   566   593 I am_kill : [0,2044,com.android.messaging,975,empty #17,115956]
09-10 05:25:18.697   566  1270 I am_proc_died: [0,2044,com.android.messaging,975,19]
09-10 05:25:18.698   566  1270 I am_uid_stopped: 10114
09-10 05:25:18.735   566  1582 I am_proc_died: [0,10933,dev.partydeck.godot.compare:godot,200,19]
09-10 05:25:18.913   566   680 I input_focus: [Focus entering b432bd1 dev.partydeck.godot.compare/dev.partydeck.godot.compare.ComparisonActivity (server),reason=Window became focusable. Previous reason: NOT_VISIBLE]
09-10 05:25:20.134   566   666 I commit_sys_config_file: [settings-2-0,11]
09-10 05:25:21.139   566   666 I commit_sys_config_file: [settings-2-0,1]
09-10 05:25:22.150   566   666 I commit_sys_config_file: [settings-2-0,2]
09-10 05:25:23.175   566   666 I commit_sys_config_file: [settings-2-0,2]
09-10 05:25:24.191   566   666 I commit_sys_config_file: [settings-2-0,2]
09-10 05:25:25.180   566   666 I commit_sys_config_file: [settings-2-0,1]
09-10 05:25:26.193   566   666 I commit_sys_config_file: [settings-2-0,2]
09-10 05:25:27.225   566   666 I commit_sys_config_file: [settings-2-0,2]
09-10 05:25:28.237   566   666 I commit_sys_config_file: [settings-2-0,2]
