--------- beginning of events
09-10 06:46:26.047   163   163 I snet_event_log: [121035042,-1,]
09-10 06:46:26.049   163   163 I auditd  : SELinux: Loaded service context from:
09-10 06:46:26.049   163   163 I auditd  : 		/system/etc/selinux/plat_service_contexts
09-10 06:46:26.049   163   163 I auditd  : 		/system_ext/etc/selinux/system_ext_service_contexts
09-10 06:46:26.049   163   163 I auditd  : 		/vendor/etc/selinux/vendor_service_contexts
09-10 06:46:21.150   157   157 I auditd  : type=2000 audit(0.0:1): state=initialized audit_enabled=0 res=1
09-10 06:46:25.490   157   157 I auditd  : type=1403 audit(0.0:2): auid=4294967295 ses=4294967295 lsm=selinux res=1
09-10 06:46:25.490   157   157 I auditd  : type=1404 audit(0.0:3): enforcing=1 old_enforcing=0 auid=4294967295 ses=4294967295 enabled=1 old-enabled=1 lsm=selinux res=1
09-10 06:46:25.522     1     1 I auditd  : type=1107 audit(0.0:4): uid=0 auid=4294967295 ses=4294967295 subj=u:r:init:s0 msg='avc:  denied  { set } for property=persist.sys.usb.config pid=1 uid=0 gid=0 scontext=u:r:vendor_init:s0 tcontext=u:object_r:system_prop:s0 tclass=property_service permissive=0'
09-10 06:46:26.439   188   197 I auditd  : SELinux: Loaded keystore2 context from:
09-10 06:46:26.439   188   197 I auditd  : 		/system/etc/selinux/plat_keystore2_key_contexts
09-10 06:46:26.439   188   197 I auditd  : 		/system_ext/etc/selinux/system_ext_keystore2_key_contexts
09-10 06:46:26.439   188   197 I auditd  : 		/vendor/etc/selinux/vendor_keystore2_key_contexts
09-10 06:46:27.242   232   232 I auditd  : SELinux: Loaded file context from:
09-10 06:46:27.243   232   232 I auditd  : 		/system/etc/selinux/plat_file_contexts
09-10 06:46:27.244   232   232 I auditd  : 		/system_ext/etc/selinux/system_ext_file_contexts
09-10 06:46:27.244   232   232 I auditd  : 		/vendor/etc/selinux/vendor_file_contexts
09-10 06:46:29.718     1     1 I auditd  : type=1400 audit(0.0:5): avc:  denied  { write } for  comm="init" name="error_report_end" dev="tracefs" ino=8999 scontext=u:r:init:s0 tcontext=u:object_r:debugfs_bootreceiver_tracing:s0 tclass=dir permissive=0
09-10 06:46:30.305   366   366 I boot_progress_start: 9490
09-10 06:46:30.705   366   366 I snet_event_log: [200284993,-1,]
09-10 06:46:30.875   366   366 I boot_progress_preload_start: 10060
09-10 06:46:31.482   366   366 I boot_progress_preload_end: 10666
09-10 06:46:31.812   568   568 I system_server_start: [1,10995,10995]
09-10 06:46:31.812   568   568 I boot_progress_system_run: 10997
09-10 06:46:32.138   568   634 I commit_sys_config_file: [batterystats,5]
09-10 06:46:32.143   568   634 I commit_sys_config_file: [batterystats,3]
09-10 06:46:32.226   568   568 I boot_progress_pms_start: 11410
09-10 06:46:32.228   568   634 I commit_sys_config_file: [display-state,8]
09-10 06:46:32.255   568   568 I pm_critical_info: No package manager settings file
09-10 06:46:32.268   568   568 I boot_progress_pms_system_scan_start: 11452
09-10 06:46:32.573   568   568 I service_manager_stats: [100,49,11757]
09-10 06:46:32.660   568   568 I pm_critical_info: Adding duplicate shared id: 1000 name=android
09-10 06:46:32.748   568   568 I pm_critical_info: Adding duplicate shared id: 1000 name=com.android.location.fused
09-10 06:46:32.769   568   568 I pm_critical_info: Adding duplicate app id: 10068 name=com.android.providers.contacts
09-10 06:46:32.786   568   568 I pm_critical_info: Adding duplicate app id: 10074 name=com.android.providers.downloads.ui
09-10 06:46:32.796   568   568 I pm_critical_info: Adding duplicate app id: 10068 name=com.android.providers.blockednumber
09-10 06:46:32.797   568   568 I pm_critical_info: Adding duplicate shared id: 1001 name=com.android.ons
09-10 06:46:32.801   568   568 I pm_critical_info: Adding duplicate app id: 10068 name=com.android.providers.userdictionary
09-10 06:46:32.816   568   568 I pm_critical_info: Adding duplicate shared id: 1001 name=com.android.phone
09-10 06:46:32.819   568   568 I pm_critical_info: Adding duplicate shared id: 2000 name=com.android.shell
09-10 06:46:32.838   568   568 I pm_critical_info: Adding duplicate app id: 10074 name=com.android.mtp
09-10 06:46:32.843   568   568 I pm_critical_info: Adding duplicate app id: 10068 name=com.android.calllogbackup
09-10 06:46:32.845   568   568 I pm_critical_info: Adding duplicate shared id: 1000 name=com.android.providers.settings
09-10 06:46:32.851   568   568 I pm_critical_info: Adding duplicate shared id: 1000 name=com.android.DeviceAsWebcam
09-10 06:46:32.877   568   568 I pm_critical_info: Adding duplicate shared id: 1000 name=com.android.dynsystem
09-10 06:46:32.880   568   568 I pm_critical_info: Adding duplicate app id: 10068 name=com.android.providers.contactkeys
09-10 06:46:32.885   568   568 I pm_critical_info: Adding duplicate shared id: 1000 name=com.android.inputdevices
09-10 06:46:32.889   568   568 I pm_critical_info: Adding duplicate shared id: 1073 name=com.android.networkstack
09-10 06:46:32.907   568   568 I pm_critical_info: Adding duplicate app id: 10078 name=com.android.providers.calendar
09-10 06:46:32.922   568   568 I pm_critical_info: Adding duplicate shared id: 1001 name=com.android.mms.service
09-10 06:46:32.928   568   568 I pm_critical_info: Adding duplicate app id: 10074 name=com.android.providers.media
09-10 06:46:32.929   568   568 I pm_critical_info: Adding duplicate shared id: 1000 name=com.android.server.telecom
09-10 06:46:32.930   568   568 I pm_critical_info: Adding duplicate shared id: 1001 name=com.android.providers.telephony
09-10 06:46:32.932   568   568 I pm_critical_info: Adding duplicate shared id: 1000 name=com.android.localtransport
09-10 06:46:32.934   568   568 I pm_critical_info: Adding duplicate app id: 10074 name=com.android.soundpicker
09-10 06:46:32.935   568   568 I pm_critical_info: Adding duplicate app id: 10074 name=com.android.providers.downloads
09-10 06:46:32.951   568   568 I pm_critical_info: Adding duplicate shared id: 1068 name=com.android.se
09-10 06:46:32.982   568   568 I pm_critical_info: Adding duplicate shared id: 1001 name=com.android.stk
09-10 06:46:32.998   568   568 I pm_critical_info: Adding duplicate shared id: 1000 name=com.android.keychain
09-10 06:46:33.179   568   568 I pm_critical_info: Adding duplicate app id: 10118 name=com.android.emergency
09-10 06:46:33.189   568   568 I pm_critical_info: Adding duplicate app id: 10120 name=com.android.systemui
09-10 06:46:33.193   568   568 I pm_critical_info: Adding duplicate shared id: 1000 name=com.android.emulator.multidisplay
09-10 06:46:33.230   568   568 I pm_critical_info: Adding duplicate shared id: 1000 name=com.android.settings
09-10 06:46:33.278   568   568 I pm_critical_info: Adding duplicate shared id: 1073 name=com.android.cellbroadcastservice
09-10 06:46:33.378   568   568 I pm_critical_info: Adding duplicate shared id: 1027 name=com.android.nfc
09-10 06:46:33.406   568   568 I pm_critical_info: Adding duplicate shared id: 1002 name=com.android.bluetooth
09-10 06:46:33.419   568   568 I pm_critical_info: Adding duplicate app id: 10132 name=com.android.cts.ctsshim
09-10 06:46:33.562   568   568 I pm_critical_info: Adding duplicate shared id: 1073 name=com.android.networkstack.tethering
09-10 06:46:33.602   568   568 I boot_progress_pms_data_scan_start: 12786
09-10 06:46:33.605   568   568 I boot_progress_pms_scan_end: 12789
09-10 06:46:33.674   568   568 I commit_sys_config_file: [package,13]
09-10 06:46:33.674   568   568 I boot_progress_pms_ready: 12858
09-10 06:46:33.685   568   658 I commit_sys_config_file: [package-user-0,11]
09-10 06:46:33.691   568   568 I am_uid_running: 1000
09-10 06:46:33.692   568   568 I am_uid_active: 1000
09-10 06:46:33.814   568   568 I commit_sys_config_file: [overlays,5]
09-10 06:46:33.825   568   619 I battery_status: [2,2,1,1,Li-ion]
09-10 06:46:33.825   568   619 I battery_level: [100,5000,250]
09-10 06:46:33.910   568   702 I commit_sys_config_file: [settings-1-0,4]
09-10 06:46:33.912   568   702 I commit_sys_config_file: [settings-0-0,3]
09-10 06:46:33.914   568   702 I commit_sys_config_file: [settings-2-0,2]
09-10 06:46:33.917   568   702 I commit_sys_config_file: [settings-1-0,2]
09-10 06:46:33.987   568   568 I wm_task_created: 1
09-10 06:46:33.990   568   626 I sysui_multi_action: [757,1594,758,4,759,1,806,NULL]
09-10 06:46:33.997   568   568 I commit_sys_config_file: [net-watchlist,1]
09-10 06:46:34.004   568   635 I am_wtf  : [0,568,system_server,-1,SystemServiceRegistry,No service published for: jobscheduler]
09-10 06:46:34.004   568   635 I am_wtf  : [0,568,system_server,-1,SystemServiceRegistry,Manager wrapper not available: jobscheduler]
09-10 06:46:34.024   568   568 I configuration_changed: 536894968
09-10 06:46:34.025   568   568 I sysui_multi_action: [757,1659,758,4,759,1,1660,0]
09-10 06:46:34.038   568   625 I am_uid_running: 10145
09-10 06:46:34.205   568   702 I commit_sys_config_file: [settings-0-0,6]
09-10 06:46:35.566   568   568 I sysui_multi_action: [757,804,799,opt_dialog_num_dexopted,801,18,802,1]
09-10 06:46:35.566   568   568 I sysui_multi_action: [757,804,799,opt_dialog_num_skipped,801,95,802,1]
09-10 06:46:35.566   568   568 I sysui_multi_action: [757,804,799,opt_dialog_num_failed,801,0,802,1]
09-10 06:46:35.567   568   568 I sysui_multi_action: [757,804,799,opt_dialog_num_total,801,113,802,1]
09-10 06:46:35.567   568   568 I sysui_multi_action: [757,804,799,opt_dialog_time_s,801,1,802,1]
09-10 06:46:35.593   568   568 I device_idle: [0,boot]
09-10 06:46:35.593   568   568 I device_idle_light: [0,boot]
09-10 06:46:35.699   568   635 I am_wtf  : [0,568,system_server,-1,SystemServiceRegistry,No service published for: jobscheduler]
09-10 06:46:35.700   568   635 I am_wtf  : [0,568,system_server,-1,SystemServiceRegistry,Manager wrapper not available: jobscheduler]
09-10 06:46:35.703   568   635 I am_wtf  : [0,568,system_server,-1,SystemServiceRegistry,No service published for: jobscheduler]
09-10 06:46:35.703   568   635 I am_wtf  : [0,568,system_server,-1,SystemServiceRegistry,Manager wrapper not available: jobscheduler]
09-10 06:46:35.704   568   568 I sysui_multi_action: [757,856,758,1,806,android,857,PHYSICAL_KEYBOARD,858,2]
09-10 06:46:35.704   568   568 I sysui_multi_action: [757,856,758,1,806,android,857,SECURITY,858,2]
09-10 06:46:35.704   568   568 I sysui_multi_action: [757,856,758,1,806,android,857,CAR_MODE,858,2]
09-10 06:46:35.704   568   568 I sysui_multi_action: [757,856,758,1,806,android,857,ACCOUNT,858,2]
09-10 06:46:35.704   568   568 I sysui_multi_action: [757,856,758,1,806,android,857,DEVELOPER,858,2]
09-10 06:46:35.704   568   568 I sysui_multi_action: [757,856,758,1,806,android,857,DEVELOPER_IMPORTANT,858,4]
09-10 06:46:35.704   568   568 I sysui_multi_action: [757,856,758,1,806,android,857,UPDATES,858,2]
09-10 06:46:35.704   568   568 I sysui_multi_action: [757,856,758,1,806,android,857,NETWORK_STATUS,858,2]
09-10 06:46:35.704   568   568 I sysui_multi_action: [757,856,758,1,806,android,857,NETWORK_ALERTS,858,4]
09-10 06:46:35.704   568   568 I sysui_multi_action: [757,856,758,1,806,android,857,NETWORK_AVAILABLE,858,2]
09-10 06:46:35.704   568   568 I sysui_multi_action: [757,856,758,1,806,android,857,VPN,858,2]
09-10 06:46:35.704   568   568 I sysui_multi_action: [757,856,758,1,806,android,857,DEVICE_ADMIN_ALERTS,858,4]
09-10 06:46:35.704   568   568 I sysui_multi_action: [757,856,758,1,806,android,857,ALERTS,858,3]
09-10 06:46:35.705   568   568 I sysui_multi_action: [757,856,758,1,806,android,857,RETAIL_MODE,858,2]
09-10 06:46:35.705   568   568 I sysui_multi_action: [757,856,758,1,806,android,857,USB,858,1]
09-10 06:46:35.705   568   568 I sysui_multi_action: [757,856,758,1,806,android,857,FOREGROUND_SERVICE,858,2]
09-10 06:46:35.705   568   568 I sysui_multi_action: [757,856,758,1,806,android,857,HEAVY_WEIGHT_APP,858,3]
09-10 06:46:35.705   568   568 I sysui_multi_action: [757,856,758,1,806,android,857,SYSTEM_CHANGES_ALERTS,858,3]
09-10 06:46:35.705   568   568 I sysui_multi_action: [757,856,758,1,806,android,857,DO_NOT_DISTURB,858,2]
09-10 06:46:35.705   568   568 I sysui_multi_action: [757,856,758,1,806,android,857,ACCESSIBILITY_MAGNIFICATION,858,4]
09-10 06:46:35.705   568   568 I sysui_multi_action: [757,856,758,1,806,android,857,ACCESSIBILITY_SECURITY_POLICY,858,2]
09-10 06:46:35.705   568   568 I sysui_multi_action: [757,856,758,1,806,android,857,ABUSIVE_BACKGROUND_APPS,858,2]
09-10 06:46:35.705   568   635 I am_wtf  : [0,568,system_server,-1,SystemServiceRegistry,No service published for: jobscheduler]
09-10 06:46:35.705   568   635 I am_wtf  : [0,568,system_server,-1,SystemServiceRegistry,Manager wrapper not available: jobscheduler]
09-10 06:46:35.712   568   897 I storage_state: [41217664-9172-527a-b3d5-edabb50a7d69,0,0,5814636544,6228115456]
09-10 06:46:35.753   568   635 I am_wtf  : [0,568,system_server,-1,SystemServiceRegistry,No service published for: jobscheduler]
09-10 06:46:35.754   568   635 I am_wtf  : [0,568,system_server,-1,SystemServiceRegistry,Manager wrapper not available: jobscheduler]
09-10 06:46:35.790   568   903 I stream_devices_changed: [4,0,2]
09-10 06:46:35.791   568   903 I stream_devices_changed: [6,0,2]
09-10 06:46:35.792   568   903 I stream_devices_changed: [3,0,2]
09-10 06:46:35.792   568   903 I stream_devices_changed: [5,0,2]
09-10 06:46:35.793   568   903 I stream_devices_changed: [2,0,2]
09-10 06:46:35.793   568   903 I stream_devices_changed: [0,0,2]
09-10 06:46:35.902   568   702 I commit_sys_config_file: [settings-2-0,2]
09-10 06:46:35.904   568   702 I commit_sys_config_file: [settings-0-0,1]
09-10 06:46:35.953   568   625 I commit_sys_config_file: [notification-policy,3]
09-10 06:46:35.954   568   702 I commit_sys_config_file: [settings-1-0,2]
09-10 06:46:35.962   568   568 I configuration_changed: 512
09-10 06:46:35.974   568   881 I sysui_multi_action: [757,856,758,1,806,android,857,APM_ALERTS,858,4]
09-10 06:46:35.992   568   568 I commit_sys_config_file: [package-session,1]
09-10 06:46:36.012   568   568 I sysui_multi_action: [757,1243,758,4,806,com.android.dynsystem,1241,android.permission.POST_NOTIFICATIONS]
09-10 06:46:36.012   568   568 I sysui_multi_action: [757,1243,758,4,806,com.android.server.telecom,1241,android.permission.READ_CALL_LOG]
09-10 06:46:36.012   568   568 I sysui_multi_action: [757,1243,758,4,806,com.android.settings,1241,android.permission.ACCESS_FINE_LOCATION]
09-10 06:46:36.012   568   568 I sysui_multi_action: [757,1243,758,4,806,com.android.settings,1241,android.permission.READ_PHONE_NUMBERS]
09-10 06:46:36.012   568   568 I sysui_multi_action: [757,1243,758,4,806,com.android.settings,1241,android.permission.READ_MEDIA_VISUAL_USER_SELECTED]
09-10 06:46:36.012   568   568 I sysui_multi_action: [757,1243,758,4,806,com.android.settings,1241,android.permission.BLUETOOTH_CONNECT]
09-10 06:46:36.012   568   568 I sysui_multi_action: [757,1243,758,4,806,com.android.server.telecom,1241,android.permission.READ_EXTERNAL_STORAGE]
09-10 06:46:36.013   568   568 I sysui_multi_action: [757,1243,758,4,806,com.android.settings,1241,android.permission.ACCESS_COARSE_LOCATION]
09-10 06:46:36.013   568   568 I sysui_multi_action: [757,1243,758,4,806,com.android.settings,1241,android.permission.READ_PHONE_STATE]
09-10 06:46:36.013   568   568 I sysui_multi_action: [757,1243,758,4,806,com.android.server.telecom,1241,android.permission.SEND_SMS]
09-10 06:46:36.013   568   568 I sysui_multi_action: [757,1243,758,4,806,com.android.settings,1241,android.permission.CALL_PHONE]
09-10 06:46:36.013   568   568 I sysui_multi_action: [757,1243,758,4,806,com.android.settings,1241,android.permission.READ_MEDIA_IMAGES]
09-10 06:46:36.013   568   568 I sysui_multi_action: [757,1243,758,4,806,com.android.settings,1241,android.permission.WRITE_CONTACTS]
09-10 06:46:36.013   568   568 I sysui_multi_action: [757,1243,758,4,806,com.android.DeviceAsWebcam,1241,android.permission.CAMERA]
09-10 06:46:36.013   568   568 I sysui_multi_action: [757,1243,758,4,806,com.android.server.telecom,1241,android.permission.WRITE_CALL_LOG]
09-10 06:46:36.013   568   568 I sysui_multi_action: [757,1243,758,4,806,com.android.settings,1241,android.permission.READ_MEDIA_AUDIO]
09-10 06:46:36.014   568   568 I sysui_multi_action: [757,1243,758,4,806,com.android.settings,1241,android.permission.READ_MEDIA_VIDEO]
09-10 06:46:36.014   568   568 I sysui_multi_action: [757,1243,758,4,806,com.android.settings,1241,android.permission.BLUETOOTH_ADVERTISE]
09-10 06:46:36.014   568   568 I sysui_multi_action: [757,1243,758,4,806,android,1241,android.permission.GET_ACCOUNTS]
09-10 06:46:36.014   568   568 I sysui_multi_action: [757,1243,758,4,806,com.android.settings,1241,android.permission.WRITE_EXTERNAL_STORAGE]
09-10 06:46:36.014   568   568 I sysui_multi_action: [757,1243,758,4,806,android,1241,android.permission.READ_CONTACTS]
09-10 06:46:36.014   568   568 I sysui_multi_action: [757,1243,758,4,806,com.android.location.fused,1241,android.permission.ACCESS_BACKGROUND_LOCATION]
09-10 06:46:36.014   568   568 I sysui_multi_action: [757,1243,758,4,806,com.android.settings,1241,android.permission.BLUETOOTH_SCAN]
09-10 06:46:36.014   568   568 I sysui_multi_action: [757,1243,758,4,806,com.android.mms.service,1241,android.permission.READ_SMS]
09-10 06:46:36.015   568   568 I sysui_multi_action: [757,1243,758,4,806,com.android.stk,1241,android.permission.POST_NOTIFICATIONS]
09-10 06:46:36.015   568   568 I sysui_multi_action: [757,1243,758,4,806,com.android.phone,1241,android.permission.READ_CALL_LOG]
09-10 06:46:36.015   568   568 I sysui_multi_action: [757,1243,758,4,806,com.android.phone,1241,android.permission.ACCESS_FINE_LOCATION]
09-10 06:46:36.015   568   568 I sysui_multi_action: [757,1243,758,4,806,com.android.providers.telephony,1241,android.permission.RECEIVE_SMS]
09-10 06:46:36.015   568   568 I sysui_multi_action: [757,1243,758,4,806,com.android.phone,1241,android.permission.BLUETOOTH_CONNECT]
09-10 06:46:36.015   568   568 I sysui_multi_action: [757,1243,758,4,806,com.android.providers.telephony,1241,android.permission.READ_EXTERNAL_STORAGE]
09-10 06:46:36.015   568   568 I sysui_multi_action: [757,1243,758,4,806,com.android.phone,1241,android.permission.ACCESS_COARSE_LOCATION]
09-10 06:46:36.015   568   568 I sysui_multi_action: [757,1243,758,4,806,com.android.mms.service,1241,android.permission.READ_PHONE_STATE]
09-10 06:46:36.016   568   568 I sysui_multi_action: [757,1243,758,4,806,com.android.phone,1241,android.permission.SEND_SMS]
09-10 06:46:36.016   568   568 I sysui_multi_action: [757,1243,758,4,806,com.android.phone,1241,android.permission.CALL_PHONE]
09-10 06:46:36.016   568   568 I sysui_multi_action: [757,1243,758,4,806,com.android.phone,1241,android.permission.WRITE_CONTACTS]
09-10 06:46:36.016   568   568 I sysui_multi_action: [757,1243,758,4,806,com.android.phone,1241,android.permission.WRITE_CALL_LOG]
09-10 06:46:36.016   568   568 I sysui_multi_action: [757,1243,758,4,806,com.android.phone,1241,android.permission.USE_SIP]
09-10 06:46:36.016   568   568 I sysui_multi_action: [757,1243,758,4,806,com.android.phone,1241,android.permission.GET_ACCOUNTS]
09-10 06:46:36.016   568   568 I sysui_multi_action: [757,1243,758,4,806,com.android.providers.telephony,1241,android.permission.WRITE_EXTERNAL_STORAGE]
09-10 06:46:36.016   568   568 I sysui_multi_action: [757,1243,758,4,806,com.android.phone,1241,android.permission.RECORD_AUDIO]
09-10 06:46:36.016   568   568 I sysui_multi_action: [757,1243,758,4,806,com.android.phone,1241,android.permission.READ_CONTACTS]
09-10 06:46:36.016   568   568 I sysui_multi_action: [757,1243,758,4,806,com.android.phone,1241,android.permission.BLUETOOTH_SCAN]
09-10 06:46:36.017   568   568 I sysui_multi_action: [757,1243,758,4,806,com.android.phone,1241,com.android.voicemail.permission.ADD_VOICEMAIL]
09-10 06:46:36.017   568   568 I sysui_multi_action: [757,1243,758,4,806,com.android.bluetooth,1241,android.permission.READ_SMS]
09-10 06:46:36.017   568   568 I sysui_multi_action: [757,1243,758,4,806,com.android.bluetooth,1241,android.permission.POST_NOTIFICATIONS]
09-10 06:46:36.017   568   568 I sysui_multi_action: [757,1243,758,4,806,com.android.bluetooth,1241,android.permission.READ_CALL_LOG]
09-10 06:46:36.017   568   568 I sysui_multi_action: [757,1243,758,4,806,com.android.bluetooth,1241,android.permission.ACCESS_FINE_LOCATION]
09-10 06:46:36.017   568   568 I sysui_multi_action: [757,1243,758,4,806,com.android.bluetooth,1241,android.permission.RECEIVE_SMS]
09-10 06:46:36.017   568   568 I sysui_multi_action: [757,1243,758,4,806,com.android.bluetooth,1241,android.permission.BLUETOOTH_CONNECT]
09-10 06:46:36.017   568   568 I sysui_multi_action: [757,1243,758,4,806,com.android.bluetooth,1241,android.permission.READ_EXTERNAL_STORAGE]
09-10 06:46:36.018   568   568 I sysui_multi_action: [757,1243,758,4,806,com.android.bluetooth,1241,android.permission.ACCESS_COARSE_LOCATION]
09-10 06:46:36.018   568   568 I sysui_multi_action: [757,1243,758,4,806,com.android.bluetooth,1241,android.permission.SEND_SMS]
09-10 06:46:36.018   568   568 I sysui_multi_action: [757,1243,758,4,806,com.android.bluetooth,1241,android.permission.WRITE_CONTACTS]
09-10 06:46:36.018   568   568 I sysui_multi_action: [757,1243,758,4,806,com.android.bluetooth,1241,android.permission.WRITE_CALL_LOG]
09-10 06:46:36.018   568   568 I sysui_multi_action: [757,1243,758,4,806,com.android.bluetooth,1241,android.permission.BLUETOOTH_ADVERTISE]
09-10 06:46:36.018   568   568 I sysui_multi_action: [757,1243,758,4,806,com.android.bluetooth,1241,android.permission.GET_ACCOUNTS]
09-10 06:46:36.018   568   568 I sysui_multi_action: [757,1243,758,4,806,com.android.bluetooth,1241,android.permission.WRITE_EXTERNAL_STORAGE]
09-10 06:46:36.018   568   568 I sysui_multi_action: [757,1243,758,4,806,com.android.bluetooth,1241,android.permission.READ_CONTACTS]
09-10 06:46:36.018   568   568 I sysui_multi_action: [757,1243,758,4,806,com.android.bluetooth,1241,android.permission.BLUETOOTH_SCAN]
09-10 06:46:36.018   568   568 I sysui_multi_action: [757,1243,758,4,806,com.android.nfc,1241,android.permission.POST_NOTIFICATIONS]
09-10 06:46:36.018   568   568 I sysui_multi_action: [757,1243,758,4,806,com.android.nfc,1241,android.permission.BLUETOOTH_CONNECT]
09-10 06:46:36.018   568   568 I sysui_multi_action: [757,1243,758,4,806,com.android.nfc,1241,android.permission.READ_EXTERNAL_STORAGE]
09-10 06:46:36.018   568   568 I sysui_multi_action: [757,1243,758,4,806,com.android.nfc,1241,android.permission.WRITE_EXTERNAL_STORAGE]
09-10 06:46:36.019   568   568 I sysui_multi_action: [757,1243,758,4,806,com.android.nfc,1241,android.permission.READ_CONTACTS]
09-10 06:46:36.019   568   568 I sysui_multi_action: [757,1243,758,4,806,com.android.nfc,1241,android.permission.BLUETOOTH_SCAN]
09-10 06:46:36.019   568   568 I sysui_multi_action: [757,1243,758,4,806,com.android.networkstack.tethering,1241,android.permission.POST_NOTIFICATIONS]
09-10 06:46:36.019   568   568 I sysui_multi_action: [757,1243,758,4,806,com.android.networkstack,1241,android.permission.ACCESS_FINE_LOCATION]
09-10 06:46:36.019   568   568 I sysui_multi_action: [757,1243,758,4,806,com.android.cellbroadcastservice,1241,android.permission.RECEIVE_SMS]
09-10 06:46:36.019   568   568 I sysui_multi_action: [757,1243,758,4,806,com.android.networkstack.tethering,1241,android.permission.BLUETOOTH_CONNECT]
09-10 06:46:36.019   568   568 I sysui_multi_action: [757,1243,758,4,806,com.android.networkstack,1241,android.permission.ACCESS_COARSE_LOCATION]
09-10 06:46:36.019   568   568 I sysui_multi_action: [757,1243,758,4,806,com.android.networkstack.tethering,1241,android.permission.READ_PHONE_STATE]
09-10 06:46:36.019   568   568 I sysui_multi_action: [757,1243,758,4,806,com.android.cellbroadcastservice,1241,android.permission.READ_CELL_BROADCASTS]
09-10 06:46:36.019   568   568 I sysui_multi_action: [757,1243,758,4,806,com.android.shell,1241,android.permission.READ_SMS]
09-10 06:46:36.019   568   568 I sysui_multi_action: [757,1243,758,4,806,com.android.shell,1241,android.permission.READ_CALENDAR]
09-10 06:46:36.019   568   568 I sysui_multi_action: [757,1243,758,4,806,com.android.shell,1241,android.permission.POST_NOTIFICATIONS]
09-10 06:46:36.020   568   568 I sysui_multi_action: [757,1243,758,4,806,com.android.shell,1241,android.permission.READ_CALL_LOG]
09-10 06:46:36.020   568   568 I sysui_multi_action: [757,1243,758,4,806,com.android.shell,1241,android.permission.ACCESS_FINE_LOCATION]
09-10 06:46:36.020   568   568 I sysui_multi_action: [757,1243,758,4,806,com.android.shell,1241,android.permission.ANSWER_PHONE_CALLS]
09-10 06:46:36.020   568   568 I sysui_multi_action: [757,1243,758,4,806,com.android.shell,1241,android.permission.RECEIVE_WAP_PUSH]
09-10 06:46:36.020   568   568 I sysui_multi_action: [757,1243,758,4,806,com.android.shell,1241,android.permission.BODY_SENSORS]
09-10 06:46:36.020   568   568 I sysui_multi_action: [757,1243,758,4,806,com.android.shell,1241,android.permission.READ_PHONE_NUMBERS]
09-10 06:46:36.020   568   568 I sysui_multi_action: [757,1243,758,4,806,com.android.shell,1241,android.permission.READ_MEDIA_VISUAL_USER_SELECTED]
09-10 06:46:36.020   568   568 I sysui_multi_action: [757,1243,758,4,806,com.android.shell,1241,android.permission.NEARBY_WIFI_DEVICES]
09-10 06:46:36.020   568   568 I sysui_multi_action: [757,1243,758,4,806,com.android.shell,1241,android.permission.RECEIVE_MMS]
09-10 06:46:36.020   568   568 I sysui_multi_action: [757,1243,758,4,806,com.android.shell,1241,android.permission.RECEIVE_SMS]
09-10 06:46:36.021   568   568 I sysui_multi_action: [757,1243,758,4,806,com.android.shell,1241,android.permission.BLUETOOTH_CONNECT]
09-10 06:46:36.021   568   568 I sysui_multi_action: [757,1243,758,4,806,com.android.shell,1241,android.permission.READ_EXTERNAL_STORAGE]
09-10 06:46:36.021   568   568 I sysui_multi_action: [757,1243,758,4,806,com.android.shell,1241,android.permission.ACCESS_COARSE_LOCATION]
09-10 06:46:36.021   568   568 I sysui_multi_action: [757,1243,758,4,806,com.android.shell,1241,android.permission.READ_PHONE_STATE]
09-10 06:46:36.021   568   568 I sysui_multi_action: [757,1243,758,4,806,com.android.shell,1241,android.permission.SEND_SMS]
09-10 06:46:36.021   568   568 I sysui_multi_action: [757,1243,758,4,806,com.android.shell,1241,android.permission.CALL_PHONE]
09-10 06:46:36.021   568   568 I sysui_multi_action: [757,1243,758,4,806,com.android.shell,1241,android.permission.WRITE_CONTACTS]
09-10 06:46:36.021   568   568 I sysui_multi_action: [757,1243,758,4,806,com.android.shell,1241,android.permission.ACCEPT_HANDOVER]
09-10 06:46:36.022   568   568 I sysui_multi_action: [757,1243,758,4,806,com.android.shell,1241,android.permission.CAMERA]
09-10 06:46:36.022   568   568 I sysui_multi_action: [757,1243,758,4,806,com.android.shell,1241,android.permission.WRITE_CALENDAR]
09-10 06:46:36.022   568   568 I sysui_multi_action: [757,1243,758,4,806,com.android.shell,1241,android.permission.WRITE_CALL_LOG]
09-10 06:46:36.023   568   568 I sysui_multi_action: [757,1243,758,4,806,com.android.shell,1241,android.permission.USE_SIP]
09-10 06:46:36.023   568   568 I sysui_multi_action: [757,1243,758,4,806,com.android.shell,1241,android.permission.PROCESS_OUTGOING_CALLS]
09-10 06:46:36.023   568   568 I sysui_multi_action: [757,1243,758,4,806,com.android.shell,1241,android.permission.READ_CELL_BROADCASTS]
09-10 06:46:36.023   568   568 I sysui_multi_action: [757,1243,758,4,806,com.android.shell,1241,android.permission.BLUETOOTH_ADVERTISE]
09-10 06:46:36.023   568   568 I sysui_multi_action: [757,1243,758,4,806,com.android.shell,1241,android.permission.GET_ACCOUNTS]
09-10 06:46:36.023   568   568 I sysui_multi_action: [757,1243,758,4,806,com.android.shell,1241,android.permission.WRITE_EXTERNAL_STORAGE]
09-10 06:46:36.023   568   568 I sysui_multi_action: [757,1243,758,4,806,com.android.shell,1241,android.permission.UWB_RANGING]
09-10 06:46:36.024   568   568 I sysui_multi_action: [757,1243,758,4,806,com.android.shell,1241,android.permission.ACTIVITY_RECOGNITION]
09-10 06:46:36.024   568   568 I sysui_multi_action: [757,1243,758,4,806,com.android.shell,1241,android.permission.RECORD_AUDIO]
09-10 06:46:36.024   568   568 I sysui_multi_action: [757,1243,758,4,806,com.android.shell,1241,android.permission.READ_CONTACTS]
09-10 06:46:36.024   568   568 I sysui_multi_action: [757,1243,758,4,806,com.android.shell,1241,android.permission.ACCESS_BACKGROUND_LOCATION]
09-10 06:46:36.024   568   568 I sysui_multi_action: [757,1243,758,4,806,com.android.shell,1241,android.permission.BLUETOOTH_SCAN]
09-10 06:46:36.024   568   568 I sysui_multi_action: [757,1243,758,4,806,com.android.shell,1241,android.permission.ACCESS_MEDIA_LOCATION]
09-10 06:46:36.024   568   568 I sysui_multi_action: [757,1243,758,4,806,com.android.shell,1241,com.android.voicemail.permission.ADD_VOICEMAIL]
09-10 06:46:36.024   568   568 I sysui_multi_action: [757,1243,758,4,806,com.android.documentsui,1241,android.permission.POST_NOTIFICATIONS]
09-10 06:46:36.024   568   568 I sysui_multi_action: [757,1243,758,4,806,com.android.packageinstaller,1241,android.permission.POST_NOTIFICATIONS]
09-10 06:46:36.024   568   568 I sysui_multi_action: [757,1243,758,4,806,com.android.externalstorage,1241,android.permission.READ_EXTERNAL_STORAGE]
09-10 06:46:36.025   568   568 I sysui_multi_action: [757,1243,758,4,806,com.android.externalstorage,1241,android.permission.WRITE_EXTERNAL_STORAGE]
09-10 06:46:36.025   568   568 I sysui_multi_action: [757,1243,758,4,806,com.android.managedprovisioning,1241,android.permission.POST_NOTIFICATIONS]
09-10 06:46:36.025   568   568 I sysui_multi_action: [757,1243,758,4,806,com.android.providers.contacts,1241,android.permission.READ_CALL_LOG]
09-10 06:46:36.025   568   568 I sysui_multi_action: [757,1243,758,4,806,com.android.providers.contacts,1241,android.permission.READ_PHONE_STATE]
09-10 06:46:36.025   568   568 I sysui_multi_action: [757,1243,758,4,806,com.android.providers.contacts,1241,android.permission.WRITE_CONTACTS]
09-10 06:46:36.025   568   568 I sysui_multi_action: [757,1243,758,4,806,com.android.providers.contacts,1241,android.permission.WRITE_CALL_LOG]
09-10 06:46:36.025   568   568 I sysui_multi_action: [757,1243,758,4,806,com.android.providers.contacts,1241,android.permission.GET_ACCOUNTS]
09-10 06:46:36.025   568   568 I sysui_multi_action: [757,1243,758,4,806,com.android.providers.contacts,1241,android.permission.READ_CONTACTS]
09-10 06:46:36.025   568   568 I sysui_multi_action: [757,1243,758,4,806,com.android.sharedstoragebackup,1241,android.permission.READ_EXTERNAL_STORAGE]
09-10 06:46:36.025   568   568 I sysui_multi_action: [757,1243,758,4,806,com.android.sharedstoragebackup,1241,android.permission.WRITE_EXTERNAL_STORAGE]
09-10 06:46:36.025   568   568 I sysui_multi_action: [757,1243,758,4,806,com.android.bips,1241,android.permission.POST_NOTIFICATIONS]
09-10 06:46:36.026   568   568 I sysui_multi_action: [757,1243,758,4,806,com.android.providers.downloads,1241,android.permission.POST_NOTIFICATIONS]
09-10 06:46:36.026   568   568 I sysui_multi_action: [757,1243,758,4,806,com.android.providers.downloads,1241,android.permission.READ_EXTERNAL_STORAGE]
09-10 06:46:36.026   568   568 I sysui_multi_action: [757,1243,758,4,806,com.android.providers.downloads,1241,android.permission.WRITE_EXTERNAL_STORAGE]
09-10 06:46:36.026   568   568 I sysui_multi_action: [757,1243,758,4,806,com.android.apps.tag,1241,android.permission.CALL_PHONE]
09-10 06:46:36.026   568   568 I sysui_multi_action: [757,1243,758,4,806,com.android.apps.tag,1241,android.permission.READ_CONTACTS]
09-10 06:46:36.026   568   568 I sysui_multi_action: [757,1243,758,4,806,com.android.statementservice,1241,android.permission.POST_NOTIFICATIONS]
09-10 06:46:36.026   568   568 I sysui_multi_action: [757,1243,758,4,806,com.android.providers.calendar,1241,android.permission.READ_CALENDAR]
09-10 06:46:36.026   568   568 I sysui_multi_action: [757,1243,758,4,806,com.android.providers.calendar,1241,android.permission.READ_EXTERNAL_STORAGE]
09-10 06:46:36.026   568   568 I sysui_multi_action: [757,1243,758,4,806,com.android.providers.calendar,1241,android.permission.WRITE_CALENDAR]
09-10 06:46:36.026   568   568 I sysui_multi_action: [757,1243,758,4,806,com.android.providers.calendar,1241,android.permission.GET_ACCOUNTS]
09-10 06:46:36.026   568   568 I sysui_multi_action: [757,1243,758,4,806,com.android.providers.calendar,1241,android.permission.WRITE_EXTERNAL_STORAGE]
09-10 06:46:36.026   568   568 I sysui_multi_action: [757,1243,758,4,806,com.android.printspooler,1241,android.permission.POST_NOTIFICATIONS]
09-10 06:46:36.026   568   568 I sysui_multi_action: [757,1243,758,4,806,com.android.printspooler,1241,android.permission.ACCESS_FINE_LOCATION]
09-10 06:46:36.027   568   568 I sysui_multi_action: [757,1243,758,4,806,com.android.printspooler,1241,android.permission.ACCESS_COARSE_LOCATION]
09-10 06:46:36.027   568   568 I sysui_multi_action: [757,1243,758,4,806,com.android.egg,1241,android.permission.POST_NOTIFICATIONS]
09-10 06:46:36.027   568   568 I sysui_multi_action: [757,1243,758,4,806,com.android.carrierdefaultapp,1241,android.permission.POST_NOTIFICATIONS]
09-10 06:46:36.027   568   568 I sysui_multi_action: [757,1243,758,4,806,com.android.bluetoothmidiservice,1241,android.permission.BLUETOOTH_CONNECT]
09-10 06:46:36.027   568   568 I sysui_multi_action: [757,1243,758,4,806,com.android.bluetoothmidiservice,1241,android.permission.BLUETOOTH_ADVERTISE]
09-10 06:46:36.027   568   568 I sysui_multi_action: [757,1243,758,4,806,com.android.bluetoothmidiservice,1241,android.permission.BLUETOOTH_SCAN]
09-10 06:46:36.027   568   568 I sysui_multi_action: [757,1243,758,4,806,com.android.captiveportallogin,1241,android.permission.POST_NOTIFICATIONS]
09-10 06:46:36.027   568   568 I sysui_multi_action: [757,1243,758,4,806,com.android.traceur,1241,android.permission.POST_NOTIFICATIONS]
09-10 06:46:36.027   568   568 I sysui_multi_action: [757,1243,758,4,806,com.android.companiondevicemanager,1241,android.permission.ACCESS_FINE_LOCATION]
09-10 06:46:36.027   568   568 I sysui_multi_action: [757,1243,758,4,806,com.android.companiondevicemanager,1241,android.permission.BLUETOOTH_CONNECT]
09-10 06:46:36.027   568   568 I sysui_multi_action: [757,1243,758,4,806,com.android.companiondevicemanager,1241,android.permission.ACCESS_COARSE_LOCATION]
09-10 06:46:36.027   568   568 I sysui_multi_action: [757,1243,758,4,806,com.android.companiondevicemanager,1241,android.permission.BLUETOOTH_ADVERTISE]
09-10 06:46:36.027   568   568 I sysui_multi_action: [757,1243,758,4,806,com.android.companiondevicemanager,1241,android.permission.ACCESS_BACKGROUND_LOCATION]
09-10 06:46:36.027   568   568 I sysui_multi_action: [757,1243,758,4,806,com.android.companiondevicemanager,1241,android.permission.BLUETOOTH_SCAN]
09-10 06:46:36.027   568   568 I sysui_multi_action: [757,1243,758,4,806,com.android.contacts,1241,android.permission.READ_CALL_LOG]
09-10 06:46:36.028   568   568 I sysui_multi_action: [757,1243,758,4,806,com.android.contacts,1241,android.permission.READ_PHONE_STATE]
09-10 06:46:36.028   568   568 I sysui_multi_action: [757,1243,758,4,806,com.android.contacts,1241,android.permission.CALL_PHONE]
09-10 06:46:36.028   568   568 I sysui_multi_action: [757,1243,758,4,806,com.android.contacts,1241,android.permission.WRITE_CONTACTS]
09-10 06:46:36.028   568   568 I sysui_multi_action: [757,1243,758,4,806,com.android.contacts,1241,android.permission.GET_ACCOUNTS]
09-10 06:46:36.028   568   568 I sysui_multi_action: [757,1243,758,4,806,com.android.contacts,1241,android.permission.READ_CONTACTS]
09-10 06:46:36.028   568   568 I sysui_multi_action: [757,1243,758,4,806,com.android.dialer,1241,android.permission.POST_NOTIFICATIONS]
09-10 06:46:36.028   568   568 I sysui_multi_action: [757,1243,758,4,806,com.android.dialer,1241,android.permission.READ_CALL_LOG]
09-10 06:46:36.028   568   568 I sysui_multi_action: [757,1243,758,4,806,com.android.dialer,1241,android.permission.READ_PHONE_STATE]
09-10 06:46:36.028   568   568 I sysui_multi_action: [757,1243,758,4,806,com.android.dialer,1241,android.permission.SEND_SMS]
09-10 06:46:36.028   568   568 I sysui_multi_action: [757,1243,758,4,806,com.android.dialer,1241,android.permission.CALL_PHONE]
09-10 06:46:36.028   568   568 I sysui_multi_action: [757,1243,758,4,806,com.android.dialer,1241,android.permission.WRITE_CONTACTS]
09-10 06:46:36.028   568   568 I sysui_multi_action: [757,1243,758,4,806,com.android.dialer,1241,android.permission.CAMERA]
09-10 06:46:36.029   568   568 I sysui_multi_action: [757,1243,758,4,806,com.android.dialer,1241,android.permission.WRITE_CALL_LOG]
09-10 06:46:36.029   568   568 I sysui_multi_action: [757,1243,758,4,806,com.android.dialer,1241,android.permission.PROCESS_OUTGOING_CALLS]
09-10 06:46:36.029   568   568 I sysui_multi_action: [757,1243,758,4,806,com.android.dialer,1241,android.permission.GET_ACCOUNTS]
09-10 06:46:36.029   568   568 I sysui_multi_action: [757,1243,758,4,806,com.android.dialer,1241,android.permission.READ_CONTACTS]
09-10 06:46:36.029   568   568 I sysui_multi_action: [757,1243,758,4,806,com.android.dialer,1241,com.android.voicemail.permission.ADD_VOICEMAIL]
09-10 06:46:36.029   568   568 I sysui_multi_action: [757,1243,758,4,806,com.android.music,1241,android.permission.READ_MEDIA_VISUAL_USER_SELECTED]
09-10 06:46:36.029   568   568 I sysui_multi_action: [757,1243,758,4,806,com.android.music,1241,android.permission.READ_EXTERNAL_STORAGE]
09-10 06:46:36.030   568   568 I sysui_multi_action: [757,1243,758,4,806,com.android.music,1241,android.permission.READ_MEDIA_IMAGES]
09-10 06:46:36.030   568   568 I sysui_multi_action: [757,1243,758,4,806,com.android.music,1241,android.permission.READ_MEDIA_AUDIO]
09-10 06:46:36.030   568   568 I sysui_multi_action: [757,1243,758,4,806,com.android.music,1241,android.permission.READ_MEDIA_VIDEO]
09-10 06:46:36.030   568   568 I sysui_multi_action: [757,1243,758,4,806,com.android.camera2,1241,android.permission.CAMERA]
09-10 06:46:36.030   568   568 I sysui_multi_action: [757,1243,758,4,806,com.android.camera2,1241,android.permission.RECORD_AUDIO]
09-10 06:46:36.030   568   568 I sysui_multi_action: [757,1243,758,4,806,com.android.calendar,1241,android.permission.READ_CALENDAR]
09-10 06:46:36.030   568   568 I sysui_multi_action: [757,1243,758,4,806,com.android.calendar,1241,android.permission.POST_NOTIFICATIONS]
09-10 06:46:36.030   568   568 I sysui_multi_action: [757,1243,758,4,806,com.android.calendar,1241,android.permission.WRITE_CALENDAR]
09-10 06:46:36.030   568   568 I sysui_multi_action: [757,1243,758,4,806,com.android.calendar,1241,android.permission.GET_ACCOUNTS]
09-10 06:46:36.030   568   568 I sysui_multi_action: [757,1243,758,4,806,com.android.calendar,1241,android.permission.READ_CONTACTS]
09-10 06:46:36.030   568   568 I sysui_multi_action: [757,1243,758,4,806,com.android.messaging,1241,android.permission.READ_SMS]
09-10 06:46:36.030   568   568 I sysui_multi_action: [757,1243,758,4,806,com.android.messaging,1241,android.permission.POST_NOTIFICATIONS]
09-10 06:46:36.030   568   568 I sysui_multi_action: [757,1243,758,4,806,com.android.messaging,1241,android.permission.READ_MEDIA_VISUAL_USER_SELECTED]
09-10 06:46:36.031   568   568 I sysui_multi_action: [757,1243,758,4,806,com.android.messaging,1241,android.permission.RECEIVE_MMS]
09-10 06:46:36.031   568   568 I sysui_multi_action: [757,1243,758,4,806,com.android.messaging,1241,android.permission.RECEIVE_SMS]
09-10 06:46:36.031   568   568 I sysui_multi_action: [757,1243,758,4,806,com.android.messaging,1241,android.permission.READ_EXTERNAL_STORAGE]
09-10 06:46:36.031   568   568 I sysui_multi_action: [757,1243,758,4,806,com.android.messaging,1241,android.permission.READ_PHONE_STATE]
09-10 06:46:36.031   568   568 I sysui_multi_action: [757,1243,758,4,806,com.android.messaging,1241,android.permission.SEND_SMS]
09-10 06:46:36.031   568   568 I sysui_multi_action: [757,1243,758,4,806,com.android.messaging,1241,android.permission.CALL_PHONE]
09-10 06:46:36.031   568   568 I sysui_multi_action: [757,1243,758,4,806,com.android.messaging,1241,android.permission.READ_MEDIA_IMAGES]
09-10 06:46:36.031   568   568 I sysui_multi_action: [757,1243,758,4,806,com.android.messaging,1241,android.permission.WRITE_CONTACTS]
09-10 06:46:36.031   568   568 I sysui_multi_action: [757,1243,758,4,806,com.android.messaging,1241,android.permission.CAMERA]
09-10 06:46:36.031   568   568 I sysui_multi_action: [757,1243,758,4,806,com.android.messaging,1241,android.permission.READ_MEDIA_AUDIO]
09-10 06:46:36.031   568   568 I sysui_multi_action: [757,1243,758,4,806,com.android.messaging,1241,android.permission.READ_MEDIA_VIDEO]
09-10 06:46:36.031   568   568 I sysui_multi_action: [757,1243,758,4,806,com.android.messaging,1241,android.permission.WRITE_EXTERNAL_STORAGE]
09-10 06:46:36.031   568   568 I sysui_multi_action: [757,1243,758,4,806,com.android.messaging,1241,android.permission.RECORD_AUDIO]
09-10 06:46:36.032   568   568 I sysui_multi_action: [757,1243,758,4,806,com.android.messaging,1241,android.permission.READ_CONTACTS]
09-10 06:46:36.032   568   568 I sysui_multi_action: [757,1243,758,4,806,com.android.messaging,1241,android.permission.ACCESS_MEDIA_LOCATION]
09-10 06:46:36.032   568   568 I sysui_multi_action: [757,1243,758,4,806,com.android.emergency,1241,android.permission.READ_PHONE_STATE]
09-10 06:46:36.032   568   568 I sysui_multi_action: [757,1243,758,4,806,com.android.emergency,1241,android.permission.CALL_PHONE]
09-10 06:46:36.032   568   568 I sysui_multi_action: [757,1243,758,4,806,com.android.emergency,1241,android.permission.READ_CONTACTS]
09-10 06:46:36.032   568   568 I sysui_multi_action: [757,1243,758,4,806,com.android.systemui,1241,android.permission.POST_NOTIFICATIONS]
09-10 06:46:36.032   568   568 I sysui_multi_action: [757,1243,758,4,806,com.android.systemui,1241,android.permission.BLUETOOTH_CONNECT]
09-10 06:46:36.032   568   568 I sysui_multi_action: [757,1243,758,4,806,com.android.systemui,1241,android.permission.READ_EXTERNAL_STORAGE]
09-10 06:46:36.032   568   568 I sysui_multi_action: [757,1243,758,4,806,com.android.systemui,1241,android.permission.CAMERA]
09-10 06:46:36.032   568   568 I sysui_multi_action: [757,1243,758,4,806,com.android.systemui,1241,android.permission.BLUETOOTH_ADVERTISE]
09-10 06:46:36.032   568   568 I sysui_multi_action: [757,1243,758,4,806,com.android.systemui,1241,android.permission.GET_ACCOUNTS]
09-10 06:46:36.032   568   568 I sysui_multi_action: [757,1243,758,4,806,com.android.systemui,1241,android.permission.RECORD_AUDIO]
09-10 06:46:36.032   568   568 I sysui_multi_action: [757,1243,758,4,806,com.android.systemui,1241,android.permission.READ_CONTACTS]
09-10 06:46:36.032   568   568 I sysui_multi_action: [757,1243,758,4,806,com.android.systemui,1241,android.permission.BLUETOOTH_SCAN]
09-10 06:46:36.033   568   568 I sysui_multi_action: [757,1243,758,4,806,com.android.launcher3,1241,android.permission.POST_NOTIFICATIONS]
09-10 06:46:36.033   568   568 I sysui_multi_action: [757,1243,758,4,806,com.android.storagemanager,1241,android.permission.POST_NOTIFICATIONS]
09-10 06:46:36.033   568   568 I sysui_multi_action: [757,1243,758,4,806,com.android.storagemanager,1241,android.permission.READ_EXTERNAL_STORAGE]
09-10 06:46:36.033   568   568 I sysui_multi_action: [757,1243,758,4,806,com.android.storagemanager,1241,android.permission.WRITE_EXTERNAL_STORAGE]
09-10 06:46:36.033   568   568 I sysui_multi_action: [757,1243,758,4,806,com.android.cellbroadcastreceiver.module,1241,android.permission.READ_SMS]
09-10 06:46:36.033   568   568 I sysui_multi_action: [757,1243,758,4,806,com.android.cellbroadcastreceiver.module,1241,android.permission.POST_NOTIFICATIONS]
09-10 06:46:36.033   568   568 I sysui_multi_action: [757,1243,758,4,806,com.android.cellbroadcastreceiver.module,1241,android.permission.RECEIVE_SMS]
09-10 06:46:36.033   568   568 I sysui_multi_action: [757,1243,758,4,806,com.android.cellbroadcastreceiver.module,1241,android.permission.BLUETOOTH_CONNECT]
09-10 06:46:36.033   568   568 I sysui_multi_action: [757,1243,758,4,806,com.android.cellbroadcastreceiver.module,1241,android.permission.READ_CELL_BROADCASTS]
09-10 06:46:36.033   568   568 I sysui_multi_action: [757,1243,758,4,806,com.android.providers.media.module,1241,android.permission.POST_NOTIFICATIONS]
09-10 06:46:36.033   568   568 I sysui_multi_action: [757,1243,758,4,806,com.android.providers.media.module,1241,android.permission.READ_EXTERNAL_STORAGE]
09-10 06:46:36.033   568   568 I sysui_multi_action: [757,1243,758,4,806,com.android.providers.media.module,1241,android.permission.WRITE_EXTERNAL_STORAGE]
09-10 06:46:36.033   568   568 I sysui_multi_action: [757,1243,758,4,806,com.android.permissioncontroller,1241,android.permission.POST_NOTIFICATIONS]
09-10 06:46:36.033   568   568 I sysui_multi_action: [757,1243,758,4,806,com.android.devicelockcontroller,1241,android.permission.POST_NOTIFICATIONS]
09-10 06:46:36.034   568   568 I sysui_multi_action: [757,1243,758,4,806,android.ext.services,1241,android.permission.ACCESS_COARSE_LOCATION]
09-10 06:46:36.038   568   568 I rescue_note: [0,1,15222]
09-10 06:46:36.091   568   568 I boot_progress_ams_ready: 15275
09-10 06:46:36.092   568   568 I configuration_changed: 268468224
09-10 06:46:36.099   568   568 I thermal_changed: [test temperature sensor,3,30.799999,0,0]
09-10 06:46:36.140   568   568 I am_uid_running: 10120
09-10 06:46:36.157   568   953 I am_uid_running: 10139
09-10 06:46:36.158   568   636 I am_proc_start: [0,966,10120,com.android.systemui,service,{com.android.systemui/com.android.systemui.wallpapers.ImageWallpaper}]
09-10 06:46:36.171   568   618 I am_proc_bound: [0,966,com.android.systemui]
09-10 06:46:36.175   568   702 I commit_sys_config_file: [settings-0-0,4]
09-10 06:46:36.177   568   618 I am_uid_active: 10120
09-10 06:46:36.180   568   636 I am_proc_start: [0,981,10139,com.android.permissioncontroller,service,{com.android.permissioncontroller/com.android.permissioncontroller.permission.service.PermissionControllerServiceImpl}]
09-10 06:46:36.184   568   619 I am_proc_bound: [0,981,com.android.permissioncontroller]
09-10 06:46:36.185   568   702 I commit_sys_config_file: [settings-2-0,2]
09-10 06:46:36.187   568   672 I am_uid_running: 1037
09-10 06:46:36.190   568   879 I commit_sys_config_file: [net-policy,1]
09-10 06:46:36.192   568   636 I am_proc_start: [0,995,1037,WebViewLoader-x86_64,,]
09-10 06:46:36.205   568   877 I netstats_mobile_sample: [0,0,0,0,0,0,0,0,1789022796205]
09-10 06:46:36.205   568   877 I netstats_wifi_sample: [0,0,0,0,0,0,0,0,1789022796205]
09-10 06:46:36.212   568   619 I am_proc_bound: [0,995,WebViewLoader-x86_64]
09-10 06:46:36.213   568   619 I am_uid_active: 1037
09-10 06:46:36.215   568   877 I netstats_mobile_sample: [0,0,0,0,0,0,0,0,1789022796215]
09-10 06:46:36.215   568   877 I netstats_wifi_sample: [0,0,0,0,0,0,0,0,1789022796215]
09-10 06:46:36.235   568   625 I commit_sys_config_file: [notification-policy,12]
09-10 06:46:36.266   568   620 I am_uid_active: 10139
09-10 06:46:36.269   568   618 I am_proc_died: [0,995,WebViewLoader-x86_64,-700,0]
09-10 06:46:36.269   568   618 I am_uid_stopped: 1037
09-10 06:46:36.272   568   618 I am_low_memory: 3
09-10 06:46:36.273   568   676 I am_mem_factor: [3,0]
09-10 06:46:36.309   568   568 I am_uid_running: 1073
09-10 06:46:36.314   568   634 I netstats_mobile_sample: [0,0,0,0,0,0,0,0,1789022796314]
09-10 06:46:36.314   568   634 I netstats_wifi_sample: [0,0,0,0,0,0,0,0,1789022796314]
09-10 06:46:36.326   568   634 I netstats_mobile_sample: [0,0,0,0,0,0,0,0,1789022796326]
09-10 06:46:36.326   568   634 I netstats_wifi_sample: [0,0,0,0,0,0,0,0,1789022796326]
09-10 06:46:36.327   568   636 I am_proc_start: [0,1055,1073,com.android.networkstack.process,service,{com.android.networkstack/com.android.server.NetworkStackService}]
09-10 06:46:36.338   568   620 I wm_task_created: 2
09-10 06:46:36.341   568   620 I wm_task_created: 3
09-10 06:46:36.341   568   626 I commit_sys_config_file: [input-state,3]
09-10 06:46:36.344   568   568 I ssm_user_starting: 0
09-10 06:46:36.346   568  1050 I am_proc_bound: [0,1055,com.android.networkstack.process]
09-10 06:46:36.354   568   618 I wm_task_created: 4
09-10 06:46:36.359   568   634 I netstats_mobile_sample: [0,0,0,0,0,0,0,0,1789022796359]
09-10 06:46:36.360   568   634 I netstats_wifi_sample: [0,0,0,0,0,0,0,0,1789022796359]
09-10 06:46:36.368   568  1050 I am_uid_active: 1073
09-10 06:46:36.397   568  1099 I sysui_multi_action: [757,1243,758,4,806,com.android.settings.intelligence,1241,android.permission.POST_NOTIFICATIONS]
09-10 06:46:36.399   568   634 I netstats_mobile_sample: [0,0,0,0,0,0,0,0,1789022796399]
09-10 06:46:36.399   568   634 I netstats_wifi_sample: [0,0,0,0,0,0,0,0,1789022796399]
09-10 06:46:36.400   568  1099 I sysui_multi_action: [757,1243,758,4,806,com.android.gallery3d,1241,android.permission.ACCESS_MEDIA_LOCATION]
09-10 06:46:36.401   568  1099 I sysui_multi_action: [757,1243,758,4,806,com.android.gallery3d,1241,android.permission.WRITE_EXTERNAL_STORAGE]
09-10 06:46:36.401   568  1099 I sysui_multi_action: [757,1243,758,4,806,com.android.gallery3d,1241,android.permission.READ_MEDIA_VIDEO]
09-10 06:46:36.401   568  1099 I sysui_multi_action: [757,1243,758,4,806,com.android.gallery3d,1241,android.permission.READ_MEDIA_AUDIO]
09-10 06:46:36.401   568  1099 I sysui_multi_action: [757,1243,758,4,806,com.android.gallery3d,1241,android.permission.READ_MEDIA_IMAGES]
09-10 06:46:36.402   568  1099 I sysui_multi_action: [757,1243,758,4,806,com.android.gallery3d,1241,android.permission.READ_EXTERNAL_STORAGE]
09-10 06:46:36.402   568  1099 I sysui_multi_action: [757,1243,758,4,806,com.android.gallery3d,1241,android.permission.READ_MEDIA_VISUAL_USER_SELECTED]
09-10 06:46:36.410   568   634 I netstats_mobile_sample: [0,0,0,0,0,0,0,0,1789022796410]
09-10 06:46:36.410   568   634 I netstats_wifi_sample: [0,0,0,0,0,0,0,0,1789022796410]
09-10 06:46:36.412   568   634 I netstats_mobile_sample: [0,0,0,0,0,0,0,0,1789022796412]
09-10 06:46:36.412   568   634 I netstats_wifi_sample: [0,0,0,0,0,0,0,0,1789022796412]
09-10 06:46:36.419   568  1099 I sysui_multi_action: [757,1243,758,4,806,org.chromium.webview_shell,1241,android.permission.ACCESS_FINE_LOCATION]
09-10 06:46:36.425   568   634 I service_manager_slow: [12,phone]
09-10 06:46:36.432   568   702 I commit_sys_config_file: [settings-0-0,8]
09-10 06:46:36.438   568   717 I am_uid_running: 1002
09-10 06:46:36.447   568   636 I am_proc_start: [0,1111,1002,com.android.bluetooth,service,{com.android.bluetooth/com.android.bluetooth.btservice.AdapterService}]
09-10 06:46:36.449   568   702 I commit_sys_config_file: [settings-2-0,4]
09-10 06:46:36.454   568   675 I wm_task_removed: [3,3,0,reParentTask:sanitizeAndApplyHierarchyOp]
09-10 06:46:36.454   568   675 I wm_task_moved: [3,2,0,1,2147483647]
09-10 06:46:36.454   568   675 I wm_task_removed: [4,4,0,reParentTask:sanitizeAndApplyHierarchyOp]
09-10 06:46:36.454   568   675 I wm_task_moved: [4,2,0,1,2147483647]
09-10 06:46:36.463   568   568 I um_user_visibility_changed: [0,1]
09-10 06:46:36.465   966  1008 I viewroot_draw_event: [VRI[ShellDropTarget],Not drawing due to not visible. Reason=View.INVISIBLE]
09-10 06:46:36.467   568   568 I am_uid_running: 1068
09-10 06:46:36.475   568   568 I am_uid_running: 1001
09-10 06:46:36.499   568   625 I commit_sys_config_file: [notification-policy,20]
09-10 06:46:36.501   568   568 I wm_task_created: 5
09-10 06:46:36.502   568   568 I wm_task_moved: [5,1,0,1,2147483647]
09-10 06:46:36.503   568   568 I wm_task_moved: [1,1,0,1,1]
09-10 06:46:36.504   568   568 I wm_create_task: [0,5,1,0]
09-10 06:46:36.504   568   568 I wm_create_activity: [0,209579471,5,com.android.settings/.FallbackHome,android.intent.action.MAIN,NULL,NULL,276824320]
09-10 06:46:36.505   568   568 I wm_task_moved: [1,1,0,1,1]
09-10 06:46:36.505   568   568 I wm_task_moved: [5,1,0,1,2147483647]
09-10 06:46:36.505   568   568 I wm_task_to_front: [0,5,0]
09-10 06:46:36.507   568   675 I sysui_multi_action: [757,856,758,1,806,com.android.networkstack,857,connected_note_loud,858,4]
09-10 06:46:36.508   568  1097 I sysui_multi_action: [757,856,758,1,806,com.android.networkstack,857,connected_note,858,3]
09-10 06:46:36.512   568   568 I uc_send_user_broadcast: [0,android.intent.action.USER_STARTED]
09-10 06:46:36.513   568   568 I uc_send_user_broadcast: [0,android.intent.action.USER_STARTING]
09-10 06:46:36.513   568   568 I uc_send_user_broadcast: [0,android.intent.action.USER_FOREGROUND]
09-10 06:46:36.513   568   568 I uc_send_user_broadcast: [0,android.intent.action.USER_SWITCHED]
09-10 06:46:36.516   568   619 I am_proc_bound: [0,1111,com.android.bluetooth]
09-10 06:46:36.520   568   636 I dvm_lock_sample: [system_server,1,ActivityManager:procStart,40,ProcessList.java,2200,void com.android.server.am.ProcessList.lambda$handleProcessStart$1(com.android.server.am.ProcessRecord, java.lang.String, int[], int, int, int, java.lang.String, java.lang.String, java.lang.String, long),UserController.java,3799,int com.android.server.am.UserController$Injector.broadcastIntent(android.content.Intent, java.lang.String, android.content.IIntentReceiver, int, java.lang.String, android.os.Bundle, java.lang.String[], int, android.os.Bundle, boolean, int, int, int, int, int),8]
09-10 06:46:36.521   568   636 I am_proc_start: [0,1125,1068,com.android.se,added application,com.android.se]
09-10 06:46:36.523   568  1051 I am_proc_bound: [0,1125,com.android.se]
09-10 06:46:36.525   568  1051 I am_uid_active: 1068
09-10 06:46:36.530   568   636 I am_proc_start: [0,1142,1001,com.android.phone,added application,com.android.phone]
09-10 06:46:36.540   568  1051 I am_proc_bound: [0,1142,com.android.phone]
09-10 06:46:36.543   568  1051 I am_uid_active: 1001
09-10 06:46:36.544   568   636 I am_proc_start: [0,1156,1000,com.android.settings,top-activity,{com.android.settings/com.android.settings.FallbackHome}]
09-10 06:46:36.552   568   675 I am_proc_bound: [0,1156,com.android.settings]
09-10 06:46:36.576   568  1050 I sysui_multi_action: [757,856,758,1,806,com.android.networkstack.tethering,857,TETHERING_STATUS,858,2]
09-10 06:46:36.595   568   676 I am_uid_active: 1002
09-10 06:46:36.611   568   676 I am_wtf  : [0,1055,com.android.networkstack.process,680050253,SystemServiceRegistry,No service published for: ethernet]
09-10 06:46:36.626   568   568 I notification_cancel_all: [1000,568,android,0,0,0,20,NULL]
09-10 06:46:36.626   568   568 I notification_cancel_all: [1000,568,android,0,0,0,20,NULL]
09-10 06:46:36.626   568   568 I notification_cancel_all: [1000,568,android,0,0,0,20,NULL]
09-10 06:46:36.627   568   702 I commit_sys_config_file: [settings-0-0,2]
09-10 06:46:36.614  1055  1055 I auditd  : type=1400 audit(0.0:6): avc:  granted  { read } for  comm="rkstack.process" name="psched" dev="proc" ino=4026532021 scontext=u:r:network_stack:s0 tcontext=u:object_r:proc_net:s0 tclass=file
09-10 06:46:36.614  1055  1055 I auditd  : type=1400 audit(0.0:7): avc:  granted  { read open } for  comm="rkstack.process" path="/proc/1055/net/psched" dev="proc" ino=4026532021 scontext=u:r:network_stack:s0 tcontext=u:object_r:proc_net:s0 tclass=file
09-10 06:46:36.614  1055  1055 I auditd  : type=1400 audit(0.0:8): avc:  granted  { getattr } for  comm="rkstack.process" path="/proc/1055/net/psched" dev="proc" ino=4026532021 scontext=u:r:network_stack:s0 tcontext=u:object_r:proc_net:s0 tclass=file
09-10 06:46:36.673   568  1050 I wm_restart_activity: [0,209579471,5,com.android.settings/.FallbackHome]
09-10 06:46:36.674   568  1050 I wm_set_resumed_activity: [0,com.android.settings/.FallbackHome,realStartActivityLocked - onActivityStateChanged]
09-10 06:46:36.698  1156  1156 I wm_on_create_called: [209579471,com.android.settings.FallbackHome,performCreate,10]
09-10 06:46:36.699  1156  1156 I wm_on_start_called: [209579471,com.android.settings.FallbackHome,handleStartActivity,0]
09-10 06:46:36.700  1156  1156 I wm_on_resume_called: [209579471,com.android.settings.FallbackHome,RESUME_ACTIVITY,0]
09-10 06:46:36.707  1156  1156 I wm_on_top_resumed_gained_called: [209579471,com.android.settings.FallbackHome,topStateChangedWhenResumed]
09-10 06:46:36.718   568   627 I input_focus: [Focus request ae105cc com.android.settings/com.android.settings.FallbackHome,reason=UpdateInputWindows]
09-10 06:46:36.762   568   568 I notification_enqueue: [1000,568,android,19,NULL,-1,Notification(channel=PHYSICAL_KEYBOARD shortcut=null contentView=null vibrate=null sound=null defaults=0 flags=AUTO_CANCEL|CAN_COLORIZE color=0x00000000 vis=PRIVATE),0]
09-10 06:46:36.768   568   625 I commit_sys_config_file: [notification-policy,10]
09-10 06:46:36.811  1156  1156 I viewroot_draw_event: [VRI[FallbackHome],reportDrawFinished seqId=0]
09-10 06:46:36.813   568   893 I service_manager_slow: [21,connectivity]
09-10 06:46:36.813   568   626 I boot_progress_enable_screen: 15997
09-10 06:46:36.815   568   626 I screen_toggled: 1
09-10 06:46:36.816   568   702 I commit_sys_config_file: [settings-2-0,61]
09-10 06:46:36.824   568   568 I sysui_multi_action: [757,856,758,1,806,com.android.server.telecom,857,TelecomMissedCalls,858,3]
09-10 06:46:36.824   568   568 I sysui_multi_action: [757,856,758,1,806,com.android.server.telecom,857,TelecomIncomingCalls,858,5]
09-10 06:46:36.825   568   568 I sysui_multi_action: [757,856,758,1,806,com.android.server.telecom,857,TelecomCallBlocking,858,2]
09-10 06:46:36.825   568   568 I sysui_multi_action: [757,856,758,1,806,com.android.server.telecom,857,TelecomBackgroundAudioProcessing,858,2]
09-10 06:46:36.825   568   568 I sysui_multi_action: [757,856,758,1,806,com.android.server.telecom,857,TelecomDisconnectedCalls,858,3]
09-10 06:46:36.825   568   568 I sysui_multi_action: [757,856,758,1,806,com.android.server.telecom,857,TelecomInCallServiceCrash,858,3]
09-10 06:46:36.825   568   568 I sysui_multi_action: [757,856,758,1,806,com.android.server.telecom,857,TelecomCallStreaming,858,3]
09-10 06:46:36.827   568   623 I sysui_multi_action: [319,340,322,337,325,15,757,761,758,7,759,2,806,com.android.settings,871,com.android.settings.FallbackHome,905,0,945,81,1320,4,1321,23]
09-10 06:46:36.837   568   623 I wm_activity_launch_time: [0,209579471,com.android.settings/.FallbackHome,337]
09-10 06:46:36.921   568   877 I netstats_mobile_sample: [0,0,0,0,0,0,0,0,1789022796921]
09-10 06:46:36.921   568   877 I netstats_wifi_sample: [0,0,0,0,0,0,0,0,1789022796921]
09-10 06:46:36.927   568   568 I sysui_multi_action: [757,1501,758,1,793,585,794,0,795,585,796,19,806,android,857,PHYSICAL_KEYBOARD,858,2,947,0,1500,0]
09-10 06:46:36.927   568   568 I sysui_multi_action: [757,804,799,note_interruptive,801,0,802,1]
09-10 06:46:36.942   568   568 I sysui_multi_action: [757,859,758,6,806,android,860,safety_center_channels]
09-10 06:46:36.942   568   568 I sysui_multi_action: [757,856,758,1,806,android,857,safety_center_information,858,2]
09-10 06:46:36.942   568   568 I sysui_multi_action: [757,856,758,1,806,android,857,safety_center_recommendation,858,3]
09-10 06:46:36.942   568   568 I sysui_multi_action: [757,856,758,1,806,android,857,safety_center_critical_warning,858,4]
09-10 06:46:36.973   568  1050 I am_uid_running: 10122
09-10 06:46:37.004   568   636 I am_proc_start: [0,1241,10122,com.android.launcher3,service,{com.android.launcher3/com.android.quickstep.TouchInteractionService}]
09-10 06:46:37.034   568   620 I am_proc_bound: [0,1241,com.android.launcher3]
09-10 06:46:37.038   966  1236 I viewroot_draw_event: [VRI[ScreenDecorOverlay],Not drawing due to not visible. Reason=View.INVISIBLE]
09-10 06:46:37.086   568   702 I commit_sys_config_file: [settings-2-0,20]
09-10 06:46:37.090   568   625 I commit_sys_config_file: [notification-policy,3]
09-10 06:46:37.108  1241  1258 I jank_cuj_events_cancel_request: [-1,1789022797105034000,16289353808,16289353904]
09-10 06:46:37.109   568  1249 I am_uid_active: 10122
09-10 06:46:37.150   568   635 I am_wtf  : [0,568,system_server,-1,Binder,Outgoing transactions from this process must be FLAG_ONEWAY]
09-10 06:46:37.200   966  1236 I viewroot_draw_event: [VRI[ScreenDecorOverlayBottom],Not drawing due to not visible. Reason=View.INVISIBLE]
09-10 06:46:37.279   568   658 I commit_sys_config_file: [package-user-0,21]
09-10 06:46:37.287   568   618 I sysui_multi_action: [757,856,758,1,806,com.android.bluetooth,857,opp_notification_channel,858,4]
09-10 06:46:37.307   568   702 I commit_sys_config_file: [settings-2-0,2]
09-10 06:46:37.322   568   658 I commit_sys_config_file: [package-user-0,49]
09-10 06:46:37.328   568   658 I commit_sys_config_file: [package-user-0,51]
09-10 06:46:37.331   568   658 I commit_sys_config_file: [package-user-0,51]
09-10 06:46:37.339   568   658 I commit_sys_config_file: [package-user-0,57]
09-10 06:46:37.347   568   658 I commit_sys_config_file: [package-user-0,63]
09-10 06:46:37.353   568   658 I commit_sys_config_file: [package-user-0,68]
09-10 06:46:37.357   568   658 I commit_sys_config_file: [package-user-0,71]
09-10 06:46:37.361   568   658 I commit_sys_config_file: [package-user-0,74]
09-10 06:46:37.364   568   658 I commit_sys_config_file: [package-user-0,73]
09-10 06:46:37.371   568   702 I commit_sys_config_file: [settings-0-0,5]
09-10 06:46:37.399   966  1304 I sysui_multi_action: [757,213,758,4,759,-1]
09-10 06:46:37.441   568   635 I am_uid_running: 10128
09-10 06:46:37.459   568   636 I am_proc_start: [0,1318,10128,com.android.cellbroadcastreceiver.module,broadcast,{com.android.cellbroadcastreceiver.module/com.android.cellbroadcastreceiver.CellBroadcastReceiver}]
09-10 06:46:37.475   568   620 I am_proc_bound: [0,1318,com.android.cellbroadcastreceiver.module]
09-10 06:46:37.486   568  1097 I sysui_multi_action: [757,127,758,2]
09-10 06:46:37.486   568  1097 I notification_panel_hidden: 
09-10 06:46:37.529   568   618 I am_uid_running: 10069
09-10 06:46:37.544   568   636 I am_proc_start: [0,1349,10069,com.android.cellbroadcastreceiver,content provider,{com.android.cellbroadcastreceiver/com.android.cellbroadcastreceiver.LegacyCellBroadcastContentProvider}]
09-10 06:46:37.545   568   625 I commit_sys_config_file: [notification-policy,7]
09-10 06:46:37.552   568  1050 I am_proc_bound: [0,1349,com.android.cellbroadcastreceiver]
09-10 06:46:37.568   568   702 I commit_sys_config_file: [settings-2-0,2]
09-10 06:46:37.607   568  1249 I sysui_multi_action: [757,856,758,1,806,com.android.systemui,857,ALR,858,4]
09-10 06:46:37.607   568  1249 I sysui_multi_action: [757,856,758,1,806,com.android.systemui,857,INS,858,1]
09-10 06:46:37.607   568  1249 I sysui_multi_action: [757,856,758,1,806,com.android.systemui,857,STP,858,3]
09-10 06:46:37.607   568  1249 I sysui_multi_action: [757,856,758,1,806,com.android.systemui,857,DSK,858,2]
09-10 06:46:37.607   568  1249 I sysui_multi_action: [757,856,758,1,806,com.android.systemui,857,SCN_HEADSUP,858,4]
09-10 06:46:37.607   568  1249 I sysui_multi_action: [757,856,758,1,806,com.android.systemui,857,BAT,858,5]
09-10 06:46:37.607   568  1249 I sysui_multi_action: [757,856,758,1,806,com.android.systemui,857,HNT,858,3]
09-10 06:46:37.608   568   568 I notification_cancel_all: [1000,568,com.android.systemui,0,0,0,20,NULL]
09-10 06:46:37.635   568  1050 I commit_sys_config_file: [overlays,10]
09-10 06:46:37.662   568   623 I configuration_changed: -2147483648
09-10 06:46:37.664   568   568 I service_manager_stats: [596,343,5091]
09-10 06:46:37.678   568   623 I wm_relaunch_resume_activity: [0,209579471,5,com.android.settings/.FallbackHome,80000000]
09-10 06:46:37.679  1156  1156 I wm_on_top_resumed_lost_called: [209579471,com.android.settings.FallbackHome,pausing]
09-10 06:46:37.680  1156  1156 I wm_on_paused_called: [209579471,com.android.settings.FallbackHome,performPause,0]
09-10 06:46:37.681  1156  1156 I wm_on_stop_called: [209579471,com.android.settings.FallbackHome,handleRelaunchActivity,0]
09-10 06:46:37.688  1156  1156 I wm_on_destroy_called: [209579471,com.android.settings.FallbackHome,performDestroy,7]
09-10 06:46:37.690   568   627 I input_focus: [Requesting to set focus to null window,reason=UpdateInputWindows]
09-10 06:46:37.693  1156  1369 I jank_cuj_events_cancel_request: [81,1789022797691119000,16875438081,16875438192]
09-10 06:46:37.693  1156  1369 I jank_cuj_events_end_request: [81,1789022797691138000,16875456682,16875456705]
09-10 06:46:37.696   436   656 I sf_stop_bootanim: 16880
09-10 06:46:37.698   568   618 I am_wtf  : [0,1055,com.android.networkstack.process,680050253,SystemServiceRegistry,No service published for: ethernet]
09-10 06:46:37.699   568   626 I wm_boot_animation_done: 16883
09-10 06:46:37.707   568  1249 I sysui_multi_action: [757,856,758,1,806,com.android.phone,857,sms,858,4]
09-10 06:46:37.707   568  1249 I sysui_multi_action: [757,856,758,1,806,com.android.phone,857,wfc,858,2]
09-10 06:46:37.707   568  1249 I sysui_multi_action: [757,856,758,1,806,com.android.phone,857,simHighPriority,858,4]
09-10 06:46:37.707   568  1249 I sysui_multi_action: [757,856,758,1,806,com.android.phone,857,alert,858,3]
09-10 06:46:37.707   568  1249 I sysui_multi_action: [757,856,758,1,806,com.android.phone,857,mobileDataAlertNew,858,2]
09-10 06:46:37.707   568  1249 I sysui_multi_action: [757,856,758,1,806,com.android.phone,857,sim,858,2]
09-10 06:46:37.707   568  1249 I sysui_multi_action: [757,856,758,1,806,com.android.phone,857,callForwardNew,858,3]
09-10 06:46:37.712  1156  1156 I wm_on_create_called: [209579471,com.android.settings.FallbackHome,performCreate,6]
09-10 06:46:37.712  1156  1156 I wm_on_start_called: [209579471,com.android.settings.FallbackHome,handleStartActivity,0]
09-10 06:46:37.716  1156  1156 I wm_on_resume_called: [209579471,com.android.settings.FallbackHome,RESUME_ACTIVITY,0]
09-10 06:46:37.716  1156  1156 I wm_on_top_resumed_gained_called: [209579471,com.android.settings.FallbackHome,topWhenResuming]
09-10 06:46:37.758   568   627 I input_focus: [Focus request 7e274a0 com.android.settings/com.android.settings.FallbackHome,reason=UpdateInputWindows]
09-10 06:46:37.783  1142  1142 I service_manager_slow: [10,location]
09-10 06:46:37.804  1156  1156 I viewroot_draw_event: [VRI[FallbackHome],reportDrawFinished seqId=0]
09-10 06:46:37.831   568   626 I uc_finish_user_boot: 0
09-10 06:46:37.832   568   626 I am_user_state_changed: [0,1]
09-10 06:46:37.835   568   626 I uc_send_user_broadcast: [0,android.intent.action.LOCKED_BOOT_COMPLETED]
09-10 06:46:37.841   568   626 I uc_finish_user_unlocking: 0
09-10 06:46:37.846   568   636 I am_proc_start: [0,1396,10145,android.ext.services,on-hold,]
09-10 06:46:37.865   568   568 I notification_enqueue: [1000,568,android,55,NULL,-1,Notification(channel=DEVELOPER shortcut=null contentView=null vibrate=null sound=null tick defaults=0 flags=ONGOING_EVENT|CAN_COLORIZE color=0x00000000 vis=PUBLIC),0]
09-10 06:46:37.866   568   568 I sysui_multi_action: [757,1501,758,1,793,19,794,0,795,19,796,55,806,android,857,DEVELOPER,858,2,947,0,1500,0]
09-10 06:46:37.866   568   568 I sysui_multi_action: [757,804,799,note_interruptive,801,0,802,1]
09-10 06:46:37.868   568   625 I commit_sys_config_file: [notification-policy,8]
09-10 06:46:37.875   568   568 I notification_autogrouped: -1|android|55|null|1000
09-10 06:46:37.879   568   568 I notification_autogrouped: -1|android|19|null|1000
09-10 06:46:37.879   568   568 I notification_enqueue: [1000,568,android,2147483647,ranker_group,-1,Notification(channel=DEVELOPER shortcut=null contentView=null vibrate=null sound=null defaults=0 flags=ONGOING_EVENT|LOCAL_ONLY|GROUP_SUMMARY|AUTOGROUP_SUMMARY color=0x00000000 groupKey=ranker_group vis=PUBLIC),0]
09-10 06:46:37.882   568   618 I am_proc_bound: [0,1396,android.ext.services]
09-10 06:46:37.885   568   895 I notification_adjusted: [-1|android|55|null|1000,key_group_key,ranker_group]
09-10 06:46:37.898   436   436 I sf_frame_dur: [com.android.settings/com.android.settings.FallbackHome#57,0,0,0,0,0,0,1]
09-10 06:46:37.908   568   715 I input_focus: [Focus entering 7e274a0 com.android.settings/com.android.settings.FallbackHome (server),reason=Window became focusable. Previous reason: NOT_VISIBLE]
09-10 06:46:37.916   568   895 I notification_adjusted: [-1|android|19|null|1000,key_group_key,ranker_group]
09-10 06:46:37.926   568   723 I am_uid_running: 10108
09-10 06:46:37.938   568   618 I am_uid_active: 10145
09-10 06:46:37.939   568   636 I am_proc_start: [0,1420,10108,com.android.inputmethod.latin,service,{com.android.inputmethod.latin/com.android.inputmethod.latin.LatinIME}]
09-10 06:46:37.955   568   702 I commit_sys_config_file: [settings-0-0,27]
09-10 06:46:37.996   568   618 I am_proc_bound: [0,1420,com.android.inputmethod.latin]
09-10 06:46:38.003   568   702 I commit_sys_config_file: [settings-2-0,27]
09-10 06:46:38.004   568   625 I commit_sys_config_file: [jobs,30]
09-10 06:46:38.002     1     1 I auditd  : type=1400 audit(0.0:9): avc:  denied  { write } for  comm="init" name="cfg80211_gtk_rekey_notify" dev="tracefs" ino=13210 scontext=u:r:init:s0 tcontext=u:object_r:debugfs_wifi_tracing:s0 tclass=dir permissive=0
09-10 06:46:38.006     1     1 I auditd  : type=1400 audit(0.0:10): avc:  denied  { write } for  comm="init" name="rdev_add_key" dev="tracefs" ino=13213 scontext=u:r:init:s0 tcontext=u:object_r:debugfs_wifi_tracing:s0 tclass=dir permissive=0
09-10 06:46:38.006     1     1 I auditd  : type=1400 audit(0.0:11): avc:  denied  { write } for  comm="init" name="rdev_assoc" dev="tracefs" ino=13216 scontext=u:r:init:s0 tcontext=u:object_r:debugfs_wifi_tracing:s0 tclass=dir permissive=0
09-10 06:46:38.006     1     1 I auditd  : type=1400 audit(0.0:12): avc:  denied  { write } for  comm="init" name="rdev_auth" dev="tracefs" ino=13219 scontext=u:r:init:s0 tcontext=u:object_r:debugfs_wifi_tracing:s0 tclass=dir permissive=0
09-10 06:46:38.010     1     1 I auditd  : type=1400 audit(0.0:13): avc:  denied  { write } for  comm="init" name="rdev_connect" dev="tracefs" ino=13222 scontext=u:r:init:s0 tcontext=u:object_r:debugfs_wifi_tracing:s0 tclass=dir permissive=0
09-10 06:46:38.010     1     1 I auditd  : type=1400 audit(0.0:14): avc:  denied  { write } for  comm="init" name="rdev_set_default_key" dev="tracefs" ino=13225 scontext=u:r:init:s0 tcontext=u:object_r:debugfs_wifi_tracing:s0 tclass=dir permissive=0
09-10 06:46:38.010     1     1 I auditd  : type=1400 audit(0.0:15): avc:  denied  { write } for  comm="init" name="rdev_set_default_mgmt_key" dev="tracefs" ino=13228 scontext=u:r:init:s0 tcontext=u:object_r:debugfs_wifi_tracing:s0 tclass=dir permissive=0
09-10 06:46:38.010     1     1 I auditd  : type=1400 audit(0.0:16): avc:  denied  { write } for  comm="init" name="rdev_set_rekey_data" dev="tracefs" ino=13231 scontext=u:r:init:s0 tcontext=u:object_r:debugfs_wifi_tracing:s0 tclass=dir permissive=0
09-10 06:46:38.010     1     1 I auditd  : type=1400 audit(0.0:17): avc:  denied  { write } for  comm="init" name="net" dev="tracefs" ino=13234 scontext=u:r:init:s0 tcontext=u:object_r:debugfs_wifi_tracing:s0 tclass=dir permissive=0
09-10 06:46:38.084   568  1097 I service_manager_slow: [26,user]
09-10 06:46:38.123   568   620 I am_uid_active: 10108
09-10 06:46:38.152   568   620 I am_proc_died: [0,1420,com.android.inputmethod.latin,0,7]
09-10 06:46:38.152   568   620 I am_schedule_service_restart: [0,com.android.inputmethod.latin/.LatinIME,30000]
09-10 06:46:38.153   568   620 I am_uid_stopped: 10108
09-10 06:46:38.155   568   623 I am_user_state_changed: [0,2]
09-10 06:46:38.159   568   635 I ssm_user_unlocking: 0
09-10 06:46:38.195   966   966 I viewroot_draw_event: [VRI[NotificationShade],Not drawing due to not visible. Reason=View.INVISIBLE]
09-10 06:46:38.197   568   727 I am_uid_running: 10129
09-10 06:46:38.204   568   636 I am_proc_start: [0,1456,10129,com.android.providers.media.module,service,{com.android.providers.media.module/com.android.providers.media.fuse.ExternalStorageServiceImpl}]
09-10 06:46:38.233   568   635 I uc_finish_user_unlocked: 0
09-10 06:46:38.233   568   635 I am_user_state_changed: [0,3]
09-10 06:46:38.247   568   635 I uc_send_user_broadcast: [0,android.intent.action.USER_UNLOCKED]
09-10 06:46:38.247   568   635 I uc_send_user_broadcast: [0,android.intent.action.PRE_BOOT_COMPLETED]
09-10 06:46:38.248   568   635 I am_pre_boot: [0,com.android.documentsui]
09-10 06:46:38.261   568   636 I am_proc_start: [0,1472,1000,com.android.emulator.multidisplay,added application,com.android.emulator.multidisplay]
09-10 06:46:38.266   568  1097 I wm_finish_activity: [0,209579471,5,com.android.settings/.FallbackHome,app-request]
09-10 06:46:38.273   568  1097 I wm_pause_activity: [0,209579471,com.android.settings/.FallbackHome,userLeaving=false,finish]
09-10 06:46:38.274  1156  1156 I wm_on_top_resumed_lost_called: [209579471,com.android.settings.FallbackHome,topStateChangedWhenResumed]
09-10 06:46:38.274   568   635 I am_uid_running: 10062
09-10 06:46:38.283  1156  1156 I wm_on_paused_called: [209579471,com.android.settings.FallbackHome,performPause,0]
09-10 06:46:38.290   568  1097 I wm_task_created: 6
09-10 06:46:38.292   568  1097 I wm_task_moved: [6,1,0,1,2147483647]
09-10 06:46:38.294   568  1097 I wm_task_moved: [1,1,0,1,1]
09-10 06:46:38.294   568  1097 I wm_create_task: [0,6,1,0]
09-10 06:46:38.294   568  1097 I wm_create_activity: [0,76597988,6,com.android.sdksetup/.DefaultActivity,android.intent.action.MAIN,NULL,NULL,276824320]
09-10 06:46:38.294   568  1097 I wm_task_moved: [1,1,0,1,1]
09-10 06:46:38.294   568  1097 I wm_task_moved: [6,1,0,1,2147483647]
09-10 06:46:38.294   568  1097 I wm_task_to_front: [0,6,0]
09-10 06:46:38.304   568   715 I input_focus: [Focus leaving 7e274a0 com.android.settings/com.android.settings.FallbackHome (server),reason=NO_WINDOW]
09-10 06:46:38.307   568   623 I sysui_multi_action: [757,803,799,window_time_0,802,6]
09-10 06:46:38.309   568  1051 I dvm_lock_sample: [system_server,1,binder:568_8,22,ActivityTaskManagerService.java,6199,void com.android.server.wm.ActivityTaskManagerService$LocalService.onProcessRemoved(java.lang.String, int),ActivityStarter.java,825,int com.android.server.wm.ActivityStarter.execute(),4]
09-10 06:46:38.314   568   626 I dvm_lock_sample: [system_server,1,android.display,23,RootWindowContainer.java,3849,void com.android.server.wm.RootWindowContainer$RankTaskLayersRunnable.run(),ActivityStarter.java,825,int com.android.server.wm.ActivityStarter.execute(),4]
09-10 06:46:38.315   568  1051 I am_uid_running: 10103
09-10 06:46:38.341   568   636 I dvm_lock_sample: [system_server,1,ActivityManager:procStart,50,ProcessList.java,2200,void com.android.server.am.ProcessList.lambda$handleProcessStart$1(com.android.server.am.ProcessRecord, java.lang.String, int[], int, int, int, java.lang.String, java.lang.String, java.lang.String, long),,0,null,10]
09-10 06:46:38.341   568   636 I am_proc_start: [0,1483,10062,com.android.documentsui,broadcast,{com.android.documentsui/com.android.documentsui.PreBootReceiver}]
09-10 06:46:38.352   568   634 I am_uid_running: 10083
09-10 06:46:38.357   568   636 I am_proc_start: [0,1493,10103,com.android.music,service,{com.android.music/com.android.music.MediaPlaybackService}]
09-10 06:46:38.358   568   619 I am_proc_bound: [0,1483,com.android.documentsui]
09-10 06:46:38.361   568   676 I am_proc_bound: [0,1472,com.android.emulator.multidisplay]
09-10 06:46:38.364   568  1050 I am_proc_bound: [0,1456,com.android.providers.media.module]
09-10 06:46:38.382   568   636 I am_proc_start: [0,1499,10083,com.android.printspooler,service,{com.android.printspooler/com.android.printspooler.model.PrintSpoolerService}]
09-10 06:46:38.391   568   702 I commit_sys_config_file: [settings-1-0,42]
09-10 06:46:38.399   568   626 I am_uid_running: 10115
09-10 06:46:38.418   568   636 I am_proc_start: [0,1509,10115,com.android.sdksetup,top-activity,{com.android.sdksetup/com.android.sdksetup.DefaultActivity}]
09-10 06:46:38.447   568  1249 I am_proc_bound: [0,1493,com.android.music]
09-10 06:46:38.452   568  1051 I am_proc_bound: [0,1499,com.android.printspooler]
09-10 06:46:38.458   568  1051 I am_proc_bound: [0,1509,com.android.sdksetup]
09-10 06:46:38.460   568  1051 I am_uid_active: 10115
09-10 06:46:38.471   568   702 I commit_sys_config_file: [settings-2-0,44]
09-10 06:46:38.489   966   966 I viewroot_draw_event: [VRI[StatusBar],reportDrawFinished seqId=0]
09-10 06:46:38.521   568  1097 I wm_restart_activity: [0,76597988,6,com.android.sdksetup/.DefaultActivity]
09-10 06:46:38.522   568  1097 I wm_set_resumed_activity: [0,com.android.sdksetup/.DefaultActivity,realStartActivityLocked - onActivityStateChanged]
09-10 06:46:38.567   568   568 I notification_enqueue: [1000,568,android,13,PreBootBroadcaster,0,Notification(channel=UPDATES shortcut=null contentView=null vibrate=null sound=null tick defaults=0 flags=ONGOING_EVENT|CAN_COLORIZE color=0x00000000 vis=PUBLIC),0]
09-10 06:46:38.569   568   568 I sysui_multi_action: [757,1501,758,1,793,239,794,0,795,239,796,13,797,PreBootBroadcaster,806,android,857,UPDATES,858,2,947,0,1500,0]
09-10 06:46:38.569   568   568 I sysui_multi_action: [757,804,799,note_interruptive,801,0,802,1]
09-10 06:46:38.604   568   676 I am_uid_active: 10103
09-10 06:46:38.640   568  1050 I am_uid_running: 10064
09-10 06:46:38.663   568   636 I am_proc_start: [0,1587,10064,com.android.externalstorage,content provider,{com.android.externalstorage/com.android.externalstorage.ExternalStorageProvider}]
09-10 06:46:38.696   568  1051 I am_uid_active: 10083
09-10 06:46:38.708   568   676 I am_proc_bound: [0,1587,com.android.externalstorage]
09-10 06:46:38.713   568  1249 I dvm_lock_sample: [system_server,1,binder:568_C,31,ActivityManagerService.java,16310,int com.android.server.am.ActivityManagerService.broadcastIntentWithFeature(android.app.IApplicationThread, java.lang.String, android.content.Intent, java.lang.String, android.content.IIntentReceiver, int, java.lang.String, android.os.Bundle, java.lang.String[], java.lang.String[], java.lang.String[], int, android.os.Bundle, boolean, boolean, int),,0,null,6]
09-10 06:46:38.713   568  1051 I sysui_multi_action: [757,856,758,1,806,com.android.printspooler,857,PRINT_PROGRESS,858,2]
09-10 06:46:38.717   568   620 I sysui_multi_action: [757,856,758,1,806,com.android.printspooler,857,PRINT_FAILURES,858,3]
09-10 06:46:38.756   568  1097 I am_uid_active: 10062
09-10 06:46:38.757   568   620 I am_mem_factor: [2,3]
09-10 06:46:38.771   568   702 I commit_sys_config_file: [settings-0-0,34]
09-10 06:46:38.772   568   623 I am_pre_boot: [0,com.android.managedprovisioning]
09-10 06:46:38.773  1142  1142 I service_manager_slow: [15,carrier_config]
09-10 06:46:38.779   568   635 I am_uid_running: 10067
09-10 06:46:38.781   568   618 I am_uid_running: 10074
09-10 06:46:38.782   568   568 I notification_enqueue: [1000,568,android,13,PreBootBroadcaster,0,Notification(channel=UPDATES shortcut=null contentView=null vibrate=null sound=null tick defaults=0 flags=ONGOING_EVENT|CAN_COLORIZE color=0x00000000 vis=PUBLIC),1]
09-10 06:46:38.785   568   636 I am_proc_start: [0,1611,1000,com.android.keychain,service,{com.android.keychain/com.android.keychain.KeyChainService}]
09-10 06:46:38.796  1142  1142 I gsm_service_state_change: [1,1,3,1]
09-10 06:46:38.801   568   636 I am_proc_start: [0,1615,10067,com.android.managedprovisioning,broadcast,{com.android.managedprovisioning/com.android.managedprovisioning.ota.PreBootListener}]
09-10 06:46:38.811   568   636 I am_proc_start: [0,1636,10074,android.process.media,content provider,{com.android.providers.downloads/com.android.providers.downloads.DownloadStorageProvider}]
09-10 06:46:38.812   568  1050 I am_proc_bound: [0,1615,com.android.managedprovisioning]
09-10 06:46:38.836   568  1249 I am_proc_bound: [0,1611,com.android.keychain]
09-10 06:46:38.877   568  1249 I am_proc_bound: [0,1636,android.process.media]
09-10 06:46:38.897   568   702 I commit_sys_config_file: [settings-2-0,15]
09-10 06:46:38.914   568  1051 I sysui_multi_action: [757,856,758,1,806,com.android.providers.media.module,857,native_transcode_alert_channel,858,4]
09-10 06:46:38.915   568  1051 I sysui_multi_action: [757,856,758,1,806,com.android.providers.media.module,857,native_transcode_progress_channel,858,2]
09-10 06:46:38.932   568  1051 I am_uid_active: 10067
09-10 06:46:38.970   568  1097 I am_mem_factor: [1,2]
09-10 06:46:38.975   568   623 I am_pre_boot: [0,com.android.providers.calendar]
09-10 06:46:38.976   568   625 I commit_sys_config_file: [notification-policy,11]
09-10 06:46:38.984   568   568 I notification_enqueue: [1000,568,android,13,PreBootBroadcaster,0,Notification(channel=UPDATES shortcut=null contentView=null vibrate=null sound=null tick defaults=0 flags=ONGOING_EVENT|CAN_COLORIZE color=0x00000000 vis=PUBLIC),1]
09-10 06:46:38.986   568   635 I am_uid_running: 10078
09-10 06:46:39.022   568   636 I am_proc_start: [0,1675,10078,com.android.providers.calendar,broadcast,{com.android.providers.calendar/com.android.providers.calendar.CalendarUpgradeReceiver}]
09-10 06:46:39.033   568   634 I am_schedule_service_restart: [0,com.android.inputmethod.latin/.LatinIME,19119]
09-10 06:46:39.041   568   634 I am_schedule_service_restart: [0,com.android.inputmethod.latin/.LatinIME,9112]
09-10 06:46:39.050   568  1469 I am_uid_running: 10068
09-10 06:46:39.060   568   636 I am_proc_start: [0,1689,10068,android.process.acore,content provider,{com.android.providers.contacts/com.android.providers.contacts.ContactsProvider2}]
09-10 06:46:39.097   568  1249 I am_proc_bound: [0,1689,android.process.acore]
09-10 06:46:39.105   568   881 I service_manager_slow: [42,time_detector]
09-10 06:46:39.128   568  1097 I sysui_multi_action: [757,856,758,1,806,com.android.mtp,857,device_notification_channel,858,2]
09-10 06:46:39.129   568   618 I am_uid_active: 10129
09-10 06:46:39.136  1241  1241 I viewroot_draw_event: [VRI[Taskbar],reportDrawFinished seqId=0]
09-10 06:46:39.159   568   623 I dvm_lock_sample: [system_server,0,android.fg,5,ActivityManagerService.java,16310,int com.android.server.am.ActivityManagerService.broadcastIntentWithFeature(android.app.IApplicationThread, java.lang.String, android.content.Intent, java.lang.String, android.content.IIntentReceiver, int, java.lang.String, android.os.Bundle, java.lang.String[], java.lang.String[], java.lang.String[], int, android.os.Bundle, boolean, boolean, int),-,16332,int com.android.server.am.ActivityManagerService.broadcastIntentWithFeature(android.app.IApplicationThread, java.lang.String, android.content.Intent, java.lang.String, android.content.IIntentReceiver, int, java.lang.String, android.os.Bundle, java.lang.String[], java.lang.String[], java.lang.String[], int, android.os.Bundle, boolean, boolean, int),1]
09-10 06:46:39.160   568  1249 I am_proc_bound: [0,1675,com.android.providers.calendar]
09-10 06:46:39.272   568  1666 I wm_finish_activity: [0,76597988,6,com.android.sdksetup/.DefaultActivity,app-request]
09-10 06:46:39.272   568  1666 I wm_pause_activity: [0,76597988,com.android.sdksetup/.DefaultActivity,userLeaving=false,finish]
09-10 06:46:39.275   568   626 I sysui_multi_action: [757,1144,758,7,806,com.android.sdksetup,871,com.android.sdksetup.DefaultActivity]
09-10 06:46:39.275  1509  1509 I wm_on_create_called: [76597988,com.android.sdksetup.DefaultActivity,performCreate,731]
09-10 06:46:39.308   568   702 I commit_sys_config_file: [settings-2-0,29]
09-10 06:46:39.312   568   675 I wm_task_created: 7
09-10 06:46:39.315   568   675 I wm_task_moved: [7,1,0,1,2147483647]
09-10 06:46:39.318   568   702 I commit_sys_config_file: [settings-0-0,11]
09-10 06:46:39.326   568   675 I wm_task_moved: [1,1,0,1,1]
09-10 06:46:39.326   568   675 I wm_create_task: [0,7,1,0]
09-10 06:46:39.326   568   675 I wm_create_activity: [0,251575828,7,com.android.launcher3/.uioverrides.QuickstepLauncher,android.intent.action.MAIN,NULL,NULL,268435712]
09-10 06:46:39.326   568   675 I wm_task_moved: [1,1,0,1,1]
09-10 06:46:39.326   568   675 I wm_task_moved: [7,1,0,1,2147483647]
09-10 06:46:39.326   568   675 I wm_task_to_front: [0,7,0]
09-10 06:46:39.339   568   675 I wm_restart_activity: [0,251575828,7,com.android.launcher3/.uioverrides.QuickstepLauncher]
09-10 06:46:39.351   568   675 I wm_set_resumed_activity: [0,com.android.launcher3/.uioverrides.QuickstepLauncher,realStartActivityLocked - onActivityStateChanged]
09-10 06:46:39.354  1241  1241 I viewroot_draw_event: [VRI[Taskbar],reportDrawFinished seqId=0]
09-10 06:46:39.361   568   623 I sysui_multi_action: [757,803,799,window_time_0,802,1]
09-10 06:46:39.392   568   618 I am_uid_active: 10078
09-10 06:46:39.395   568   625 I commit_sys_config_file: [notification-policy,16]
09-10 06:46:39.402   568   635 I am_uid_running: 10140
09-10 06:46:39.411  1675  1675 I calendar_upgrade_receiver: 13
09-10 06:46:39.412   568   623 I am_pre_boot: [0,com.android.providers.contacts]
09-10 06:46:39.415   568   635 I am_uid_active: 10068
09-10 06:46:39.431   568   568 I notification_enqueue: [1000,568,android,13,PreBootBroadcaster,0,Notification(channel=UPDATES shortcut=null contentView=null vibrate=null sound=null tick defaults=0 flags=ONGOING_EVENT|CAN_COLORIZE color=0x00000000 vis=PUBLIC),1]
09-10 06:46:39.437   568   636 I am_proc_start: [0,1732,10140,com.android.devicelockcontroller,broadcast,{com.android.devicelockcontroller/com.android.devicelockcontroller.receivers.RecordBootTimestampReceiver}]
09-10 06:46:39.466   568   702 I commit_sys_config_file: [settings-1-0,27]
09-10 06:46:39.482   568   675 I am_uid_active: 10074
09-10 06:46:39.491   568   675 I am_proc_bound: [0,1732,com.android.devicelockcontroller]
09-10 06:46:39.498  1156  1369 I jank_cuj_events_end_request: [81,1789022799496488000,18680807622,18680807715]
09-10 06:46:39.534  1483  1576 I dvm_lock_sample: [com.android.documentsui,0,pool-3-thread-5,901,ProvidersCache.java,645,void com.android.documentsui.roots.ProvidersCache$MultiProviderUpdateTask.handleDocumentsProvider(android.content.pm.ProviderInfo, com.android.documentsui.base.UserId),-,648,void com.android.documentsui.roots.ProvidersCache$MultiProviderUpdateTask.handleDocumentsProvider(android.content.pm.ProviderInfo, com.android.documentsui.base.UserId),100]
09-10 06:46:39.545   568  1249 I sysui_multi_action: [757,856,758,1,806,com.android.phone,857,voiceMail,858,3]
09-10 06:46:39.550   568  1249 I am_uid_active: 10140
09-10 06:46:39.577  1483  1574 I dvm_lock_sample: [com.android.documentsui,0,pool-3-thread-3,943,ProvidersCache.java,645,void com.android.documentsui.roots.ProvidersCache$MultiProviderUpdateTask.handleDocumentsProvider(android.content.pm.ProviderInfo, com.android.documentsui.base.UserId),-,648,void com.android.documentsui.roots.ProvidersCache$MultiProviderUpdateTask.handleDocumentsProvider(android.content.pm.ProviderInfo, com.android.documentsui.base.UserId),100]
09-10 06:46:39.578   568   619 I am_mem_factor: [0,1]
09-10 06:46:39.586   568   879 I commit_sys_config_file: [net-policy,2]
09-10 06:46:39.587   568   702 I commit_sys_config_file: [settings-2-0,1]
09-10 06:46:39.591   568   881 I service_manager_slow: [45,device_policy]
09-10 06:46:39.610   568   634 I am_schedule_service_restart: [0,com.android.inputmethod.latin/.LatinIME,0]
09-10 06:46:39.617   568   635 I am_uid_running: 10108
09-10 06:46:39.643   568   635 I am_uid_running: 10105
09-10 06:46:39.646   568   636 I am_proc_start: [0,1774,10108,com.android.inputmethod.latin,service,{com.android.inputmethod.latin/com.android.inputmethod.latin.LatinIME}]
09-10 06:46:39.668   568  1758 I am_uid_running: 10119
09-10 06:46:39.673   568   636 I am_proc_start: [0,1783,10105,com.android.quicksearchbox,broadcast,{com.android.quicksearchbox/com.android.quicksearchbox.SearchWidgetProvider}]
09-10 06:46:39.678  1142  1142 I gsm_service_state_change: [3,1,0,0]
09-10 06:46:39.678  1142  1142 I gsm_rat_switched_new: [47108,0,14]
09-10 06:46:39.680   568  1050 I am_proc_bound: [0,1783,com.android.quicksearchbox]
09-10 06:46:39.684   568  1097 I am_proc_bound: [0,1774,com.android.inputmethod.latin]
09-10 06:46:39.687  1241  1241 I wm_on_create_called: [251575828,com.android.launcher3.uioverrides.QuickstepLauncher,performCreate,160]
09-10 06:46:39.688  1241  1241 I wm_on_start_called: [251575828,com.android.launcher3.uioverrides.QuickstepLauncher,handleStartActivity,0]
09-10 06:46:39.688  1241  1241 I wm_on_resume_called: [251575828,com.android.launcher3.uioverrides.QuickstepLauncher,RESUME_ACTIVITY,0]
09-10 06:46:39.691   966  1057 I service_manager_slow: [71,lock_settings]
09-10 06:46:39.694   568   636 I am_proc_start: [0,1795,10119,com.android.carrierconfig,service,{com.android.carrierconfig/com.android.carrierconfig.DefaultCarrierConfigService}]
09-10 06:46:39.733   568   702 I commit_sys_config_file: [settings-1-0,31]
09-10 06:46:39.741   568   644 I dvm_lock_sample: [system_server,0,bgres-controller,49,ActivityManagerService.java,19626,boolean com.android.server.am.ActivityManagerService$LocalService.isProfileOwner(int),,0,null,9]
09-10 06:46:39.742  1241  1241 I wm_on_top_resumed_gained_called: [251575828,com.android.launcher3.uioverrides.QuickstepLauncher,topStateChangedWhenResumed]
09-10 06:46:39.753   568  1758 I am_uid_active: 10108
09-10 06:46:39.789   568   888 I netstats_mobile_sample: [0,0,0,0,0,0,0,0,1789022799789]
09-10 06:46:39.789   568   888 I netstats_wifi_sample: [0,0,0,0,0,0,0,0,1789022799789]
09-10 06:46:39.794  1689  1689 I contacts_upgrade_receiver: 341
09-10 06:46:39.795   568  1758 I configuration_changed: 3
09-10 06:46:39.796   568   618 I am_proc_bound: [0,1795,com.android.carrierconfig]
09-10 06:46:39.802   568   625 I commit_sys_config_file: [notification-policy,6]
09-10 06:46:39.820  1241  1241 I viewroot_draw_event: [VRI[QuickstepLauncher],Canceling draw. cancelDueToPreDrawListener=true cancelDueToSync=false]
09-10 06:46:39.877   568  1051 I wm_set_requested_orientation: [5,com.android.launcher3/.uioverrides.QuickstepLauncher]
09-10 06:46:39.879   568   627 I dvm_lock_sample: [system_server,1,android.anim,81,InputMonitor.java,120,void com.android.server.wm.InputMonitor$UpdateInputWindows.run(),ActivityTaskManagerService.java,3898,boolean com.android.server.wm.ActivityTaskManagerService.updateConfiguration(android.content.res.Configuration),16]
09-10 06:46:39.879   568   627 I input_focus: [Focus request 6fb0321 com.android.launcher3/com.android.launcher3.uioverrides.QuickstepLauncher,reason=UpdateInputWindows]
09-10 06:46:39.891   568   626 I dvm_lock_sample: [system_server,1,android.display,93,ActivityManagerService.java,19271,void com.android.server.am.ActivityManagerService$LocalService.updateOomLevelsForDisplay(int),-,4925,void com.android.server.am.ActivityManagerService.attachApplication(android.app.IApplicationThread, long),18]
09-10 06:46:39.893   568   959 I commit_sys_config_file: [input-subtypes,3]
09-10 06:46:39.895   568   635 I dvm_lock_sample: [system_server,1,ActivityManager,65,BroadcastQueueModernImpl.java,2050,void com.android.server.am.BroadcastQueueModernImpl.handleProcessFreezableChanged(com.android.server.am.ProcessRecord),ActivityManagerService.java,4925,void com.android.server.am.ActivityManagerService.attachApplication(android.app.IApplicationThread, long),13]
09-10 06:46:39.913   568  1040 I am_uid_running: 10101
09-10 06:46:39.923   568   623 I am_pre_boot: [0,com.android.providers.media.module]
09-10 06:46:39.931   568   568 I notification_enqueue: [1000,568,android,13,PreBootBroadcaster,0,Notification(channel=UPDATES shortcut=null contentView=null vibrate=null sound=null tick defaults=0 flags=ONGOING_EVENT|CAN_COLORIZE color=0x00000000 vis=PUBLIC),1]
09-10 06:46:39.941   568   636 I am_proc_start: [0,1816,10101,com.android.contacts,content provider,{com.android.contacts/com.android.contacts.sdn.SdnProvider}]
09-10 06:46:39.943   568  1050 I sysui_multi_action: [757,856,758,1,806,com.android.providers.downloads,857,active,858,1]
09-10 06:46:39.949   568  1040 I sysui_multi_action: [757,856,758,1,806,com.android.providers.downloads,857,waiting,858,3]
09-10 06:46:39.958   568   623 I am_pre_boot: [0,com.android.settings]
09-10 06:46:39.962   568   568 I notification_enqueue: [1000,568,android,13,PreBootBroadcaster,0,Notification(channel=UPDATES shortcut=null contentView=null vibrate=null sound=null tick defaults=0 flags=ONGOING_EVENT|CAN_COLORIZE color=0x00000000 vis=PUBLIC),1]
09-10 06:46:39.966   568  1040 I sysui_multi_action: [757,856,758,1,806,com.android.providers.downloads,857,complete,858,3]
09-10 06:46:39.967   568   676 I am_proc_bound: [0,1816,com.android.contacts]
09-10 06:46:39.968   568  1249 I am_wtf  : [0,1055,com.android.networkstack.process,680050253,SystemServiceRegistry,No service published for: ethernet]
09-10 06:46:39.986   568   623 I am_pre_boot: [0,com.android.settings]
09-10 06:46:39.989   568  1050 I am_uid_active: 10119
09-10 06:46:40.003   568   568 I notification_enqueue: [1000,568,android,13,PreBootBroadcaster,0,Notification(channel=UPDATES shortcut=null contentView=null vibrate=null sound=null tick defaults=0 flags=ONGOING_EVENT|CAN_COLORIZE color=0x00000000 vis=PUBLIC),1]
09-10 06:46:40.016   568   623 I uc_finish_user_unlocked_completed: 0
09-10 06:46:40.017   568   623 I uc_send_user_broadcast: [0,android.intent.action.BOOT_COMPLETED]
09-10 06:46:40.021   568   635 I ssm_user_unlocked: 0
09-10 06:46:40.022   568   568 I sysui_multi_action: [757,128,758,5,759,8,793,1693,794,0,795,608,796,13,797,PreBootBroadcaster,806,android,857,UPDATES,858,2,947,0,1500,608,1688,1]
09-10 06:46:40.022   568   568 I notification_canceled: [0|android|13|PreBootBroadcaster|1000,8,1693,608,0,-1,-1,NULL]
09-10 06:46:40.024  1774  1774 I viewroot_draw_event: [VRI[InputMethod],Not drawing due to not visible. Reason=View.INVISIBLE]
09-10 06:46:40.116   568   635 I am_uid_running: 10077
09-10 06:46:40.143   568   888 I dvm_lock_sample: [system_server,0,ConnectivityServiceThread,18,ActivityManagerService.java,16310,int com.android.server.am.ActivityManagerService.broadcastIntentWithFeature(android.app.IApplicationThread, java.lang.String, android.content.Intent, java.lang.String, android.content.IIntentReceiver, int, java.lang.String, android.os.Bundle, java.lang.String[], java.lang.String[], java.lang.String[], int, android.os.Bundle, boolean, boolean, int),BroadcastQueueModernImpl.java,450,void com.android.server.am.BroadcastQueueModernImpl.updateRunningList(),3]
09-10 06:46:40.153   568   676 I am_uid_active: 10101
09-10 06:46:40.156   568   636 I am_proc_start: [0,1852,10077,com.android.statementservice,broadcast,{com.android.statementservice/com.android.statementservice.domain.DomainVerificationReceiverV1}]
09-10 06:46:40.170   568   702 I commit_sys_config_file: [settings-0-0,31]
09-10 06:46:40.175   568   888 I netstats_mobile_sample: [0,0,0,0,0,0,0,0,1789022800175]
09-10 06:46:40.175   568   888 I netstats_wifi_sample: [0,0,0,0,0,0,0,0,1789022800175]
09-10 06:46:40.187   568  1040 I am_proc_bound: [0,1852,com.android.statementservice]
09-10 06:46:40.191   568  1040 I am_uid_active: 10077
09-10 06:46:40.191   568   625 I commit_sys_config_file: [jobs,22]
09-10 06:46:40.213   568   625 I commit_sys_config_file: [notification-policy,19]
09-10 06:46:40.217   568   888 I netstats_mobile_sample: [0,0,0,0,0,0,0,0,1789022800217]
09-10 06:46:40.217   568   888 I netstats_wifi_sample: [0,135,0,2,0,135,0,2,1789022800217]
09-10 06:46:40.303   568   635 I am_uid_running: 10092
09-10 06:46:40.326   568   636 I am_proc_start: [0,1881,10092,com.android.traceur,broadcast,{com.android.traceur/com.android.traceur.Receiver}]
09-10 06:46:40.395   568  1666 I am_proc_bound: [0,1881,com.android.traceur]
09-10 06:46:40.510   568   702 I commit_sys_config_file: [settings-2-0,32]
09-10 06:46:40.525   568   619 I am_uid_active: 10092
09-10 06:46:40.541   568  1050 I sysui_multi_action: [757,856,758,1,806,com.android.traceur,857,trace-is-being-recorded,858,4]
09-10 06:46:40.541   568  1249 I sysui_multi_action: [757,856,758,1,806,com.android.traceur,857,system-tracing,858,4]
09-10 06:46:40.557   568  1905 I commit_sys_config_file: [log-files,0]
09-10 06:46:40.560   568   635 I am_uid_running: 10110
09-10 06:46:40.578   568   635 I am_uid_active: 10128
09-10 06:46:40.587   568   636 I am_proc_start: [0,1910,10110,com.android.calendar,broadcast,{com.android.calendar/com.android.calendar.UpgradeReceiver}]
09-10 06:46:40.597  1456  1652 I dvm_lock_sample: [com.android.providers.media.modu,0,fg,608,SQLiteOpenHelper.java,315,android.database.sqlite.SQLiteDatabase android.database.sqlite.SQLiteOpenHelper.getWritableDatabase(),-,316,android.database.sqlite.SQLiteDatabase android.database.sqlite.SQLiteOpenHelper.getWritableDatabase(),100]
09-10 06:46:40.606   568  1040 I sysui_multi_action: [757,856,758,1,806,com.android.contacts,857,DEFAULT_CHANNEL,858,2]
09-10 06:46:40.614   568   660 I am_uid_stopped: 10145
09-10 06:46:40.615   568   660 I am_kill : [0,1396,android.ext.services,0,change android.ext.services,118232]
09-10 06:46:40.615   568   660 I am_schedule_service_restart: [0,android.ext.services/.notification.Assistant,1000]
09-10 06:46:40.639   568   676 I am_proc_bound: [0,1910,com.android.calendar]
09-10 06:46:40.671  1241  1258 I jank_cuj_events_end_request: [80,1789022800671274000,19855593748,19855593823]
09-10 06:46:40.673  1241  1241 I viewroot_draw_event: [VRI[QuickstepLauncher],Draw frame after cancel]
09-10 06:46:40.699   568   676 I am_uid_active: 10110
09-10 06:46:40.717   568   635 I am_uid_running: 10145
09-10 06:46:40.748   568   636 I am_proc_start: [0,1940,10145,.adservices,broadcast,{android.ext.services/com.android.adservices.service.common.AdExtBootCompletedReceiver}]
09-10 06:46:40.764   568   675 I am_proc_bound: [0,1940,.adservices]
09-10 06:46:40.765   568   675 I am_uid_active: 10145
09-10 06:46:40.765  1241  1241 I viewroot_draw_event: [VRI[QuickstepLauncher],reportDrawFinished seqId=0]
09-10 06:46:40.797   568   626 I wm_destroy_activity: [0,209579471,5,com.android.settings/.FallbackHome,finish-transit]
09-10 06:46:40.797   568   626 I wm_destroy_activity: [0,76597988,6,com.android.sdksetup/.DefaultActivity,finish-transit]
09-10 06:46:40.798  1509  1509 I wm_on_destroy_called: [76597988,com.android.sdksetup.DefaultActivity,performDestroy,0]
09-10 06:46:40.800   568   675 I wm_task_removed: [6,1,0,removeChild, last child = ActivityRecord{490cae4 u0 com.android.sdksetup/.DefaultActivity t-1 f}} in Task{758927c #6 type=home A=10115:com.android.sdksetup}]
09-10 06:46:40.800   568   627 I wm_wallpaper_surface: [0,1,Window{6fb0321 u0 com.android.launcher3/com.android.launcher3.uioverrides.QuickstepLauncher}]
09-10 06:46:40.806   568   660 I am_uid_stopped: 10140
09-10 06:46:40.806   568   660 I am_kill : [0,1732,com.android.devicelockcontroller,0,change com.android.devicelockcontroller,119388]
09-10 06:46:40.807   568   660 I am_schedule_service_restart: [0,com.android.devicelockcontroller/.DeviceLockControllerService,10808]
09-10 06:46:40.813   568   623 I sysui_multi_action: [319,1496,322,1492,325,18,757,761,758,8,759,2,806,com.android.launcher3,871,com.android.launcher3.uioverrides.QuickstepLauncher,905,0,1320,4,1321,23]
09-10 06:46:40.813   568   623 I wm_activity_launch_time: [0,251575828,com.android.launcher3/.uioverrides.QuickstepLauncher,1492]
09-10 06:46:40.815   568   625 I commit_sys_config_file: [notification-policy,22]
09-10 06:46:40.827  1156  1156 I wm_on_stop_called: [209579471,com.android.settings.FallbackHome,LIFECYCLER_STOP_ACTIVITY,1]
09-10 06:46:40.832   568   568 I notification_cancel_all: [1000,568,com.android.devicelockcontroller,0,0,0,5,NULL]
09-10 06:46:40.854  1156  1156 I wm_on_destroy_called: [209579471,com.android.settings.FallbackHome,performDestroy,1]
09-10 06:46:40.856   568   635 I am_uid_running: 10107
09-10 06:46:40.864   568   715 I input_focus: [Focus entering 6fb0321 com.android.launcher3/com.android.launcher3.uioverrides.QuickstepLauncher (server),reason=Window became focusable. Previous reason: NOT_VISIBLE]
09-10 06:46:40.864   568   636 I am_proc_start: [0,1962,10107,com.android.camera2,broadcast,{com.android.camera2/com.android.camera.SetActivitiesCameraReceiver}]
09-10 06:46:40.889   568  1758 I am_proc_bound: [0,1962,com.android.camera2]
09-10 06:46:40.917   568  1040 I wm_task_removed: [5,1,0,removeChild, last child = ActivityRecord{c7dedcf u0 com.android.settings/.FallbackHome t-1 f}} in Task{d2d835c #5 type=home A=1000:com.android.settings.FallbackHome}]
09-10 06:46:40.918   568   715 I input_interaction: Interaction with: 6fb0321 com.android.launcher3/com.android.launcher3.uioverrides.QuickstepLauncher (server), PointerEventDispatcher0 (server), 
09-10 06:46:40.934   568   568 I notification_cancel_all: [10107,1962,com.android.camera2,0,0,32832,9,NULL]
09-10 06:46:40.938   568  1758 I am_uid_active: 10107
09-10 06:46:40.953   568   636 I am_proc_start: [0,1978,1000,com.android.dynsystem,broadcast,{com.android.dynsystem/com.android.dynsystem.BootCompletedReceiver}]
09-10 06:46:40.978   568   675 I am_proc_bound: [0,1978,com.android.dynsystem]
09-10 06:46:41.011   568   635 I am_uid_running: 10126
09-10 06:46:41.020   568   636 I am_proc_start: [0,1994,10126,com.android.federatedcompute.services,broadcast,{com.android.federatedcompute.services/com.android.federatedcompute.services.FederatedComputeBroadcastReceiver}]
09-10 06:46:41.027   568   636 I am_proc_start: [0,1996,1000,com.android.dynsystem:dynsystem,service,{com.android.dynsystem/com.android.dynsystem.DynamicSystemInstallationService}]
09-10 06:46:41.031   568   915 I ntp_success: [time.android.com/216.239.35.4,494,-101]
09-10 06:46:41.045   568  1137 I am_proc_bound: [0,1996,com.android.dynsystem:dynsystem]
09-10 06:46:41.050   568  1137 I am_proc_bound: [0,1994,com.android.federatedcompute.services]
09-10 06:46:41.082   568  1050 I am_uid_active: 10126
09-10 06:46:41.098   568   635 I am_uid_running: 10146
09-10 06:46:41.123   568   636 I am_proc_start: [0,2034,10146,com.android.healthconnect.controller,broadcast,{com.android.healthconnect.controller/com.android.healthconnect.controller.safetycenter.SafetySourceBroadcastReceiver}]
09-10 06:46:41.127   568  1097 I sysui_multi_action: [757,856,758,1,806,com.android.dynsystem,857,com.android.dynsystem,858,2]
09-10 06:46:41.157   568   675 I am_proc_bound: [0,2034,com.android.healthconnect.controller]
09-10 06:46:41.213  1142  1142 I service_manager_stats: [100,108,20397]
09-10 06:46:41.244   568  1050 I am_wtf  : [0,1055,com.android.networkstack.process,680050253,SystemServiceRegistry,No service published for: ethernet]
09-10 06:46:41.247   568  1050 I am_uid_active: 10146
09-10 06:46:41.248   568   635 I am_uid_running: 10100
09-10 06:46:41.260   568   636 I am_proc_start: [0,2071,10100,com.android.imsserviceentitlement,broadcast,{com.android.imsserviceentitlement/com.android.imsserviceentitlement.ImsEntitlementReceiver}]
09-10 06:46:41.265   966  1019 I jank_cuj_events_end_request: [55,1789022801265369000,20449688855,20449688927]
09-10 06:46:41.270   568   660 I am_uid_stopped: 10146
09-10 06:46:41.270   568   660 I am_kill : [0,2034,com.android.healthconnect.controller,0,change com.android.healthconnect.controller,107228]
09-10 06:46:41.276   568   675 I am_proc_bound: [0,2071,com.android.imsserviceentitlement]
09-10 06:46:41.345   568   702 I commit_sys_config_file: [settings-0-0,50]
09-10 06:46:41.346   568   636 I am_proc_start: [0,2097,1000,com.android.localtransport,service,{com.android.localtransport/com.android.localtransport.LocalTransportService}]
09-10 06:46:41.347   568   635 I am_uid_running: 10114
09-10 06:46:41.353   568  1471 I backup_transport_lifecycle: [com.android.localtransport/.LocalTransportService,1]
09-10 06:46:41.353   568  1758 I am_uid_active: 10100
09-10 06:46:41.358   568   636 I am_proc_start: [0,2100,10114,com.android.messaging,broadcast,{com.android.messaging/com.android.messaging.receiver.BootAndPackageReplacedReceiver}]
09-10 06:46:41.368   568  1137 I am_proc_bound: [0,2097,com.android.localtransport]
09-10 06:46:41.390   568   625 I commit_sys_config_file: [notification-policy,11]
09-10 06:46:41.409   568   877 I netstats_mobile_sample: [0,0,0,0,0,0,0,0,1789022801310]
09-10 06:46:41.409   568   877 I netstats_wifi_sample: [3087,6281,21,39,4076,3899,25,26,1789022801310]
09-10 06:46:41.413   568   618 I am_proc_bound: [0,2100,com.android.messaging]
09-10 06:46:41.536   568   702 I commit_sys_config_file: [settings-1-0,2]
09-10 06:46:41.562   966   966 I dvm_lock_sample: [com.android.systemui,1,main,192,MessageQueue.java,348,android.os.Message android.os.MessageQueue.next(),-,695,boolean android.os.MessageQueue.enqueueMessage(android.os.Message, long),38]
09-10 06:46:41.605   568   877 I netstats_mobile_sample: [0,0,0,0,0,0,0,0,1789022801505]
09-10 06:46:41.605   568   877 I netstats_wifi_sample: [6201,6441,26,43,7190,4059,30,30,1789022801505]
09-10 06:46:41.610  2097  2097 I service_manager_slow: [36,content_capture]
09-10 06:46:41.621   568  1040 I commit_sys_config_file: [overlays,13]
09-10 06:46:41.671   568   623 I configuration_changed: -2147483648
09-10 06:46:41.797   568   623 I wm_relaunch_resume_activity: [0,251575828,7,com.android.launcher3/.uioverrides.QuickstepLauncher,80000000]
09-10 06:46:41.808   568  1051 I dvm_lock_sample: [system_server,1,binder:568_8,162,ProcessList.java,3868,void com.android.server.am.ProcessList.updateLruProcessLocked(com.android.server.am.ProcessRecord, boolean, com.android.server.am.ProcessRecord),ActivityManagerService.java,20499,void com.android.server.am.ActivityManagerService.scheduleApplicationInfoChanged(java.util.List, int),32]
09-10 06:46:41.815  1142  1142 I dvm_lock_sample: [com.android.phone,1,main,220,TelephonyProvider.java,4512,android.database.Cursor com.android.providers.telephony.TelephonyProvider.queryInternal(android.net.Uri, java.lang.String[], java.lang.String, java.lang.String[], java.lang.String),-,5425,int com.android.providers.telephony.TelephonyProvider.updateSynchronized(android.net.Uri, android.content.ContentValues, java.lang.String, java.lang.String[]),44]
09-10 06:46:41.815   568  1249 I commit_sys_config_file: [overlays,13]
09-10 06:46:41.817   568   620 I dvm_lock_sample: [system_server,0,binder:568_3,204,OverlayManagerService.java,737,boolean com.android.server.om.OverlayManagerService$1.setEnabledExclusiveInCategory(java.lang.String, int),,0,null,40]
09-10 06:46:41.824   568  1050 I dvm_lock_sample: [system_server,1,binder:568_7,204,ContentProviderHelper.java,180,android.app.ContentProviderHolder com.android.server.am.ContentProviderHelper.getContentProviderImpl(android.app.IApplicationThread, java.lang.String, android.os.IBinder, int, java.lang.String, java.lang.String, boolean, int),,0,null,40]
09-10 06:46:41.844   568  1758 I dvm_lock_sample: [system_server,1,binder:568_E,174,ActivityManagerService.java,3991,void com.android.server.am.ActivityManagerService.addPackageDependency(java.lang.String),,0,null,34]
09-10 06:46:41.844   568   568 I dvm_lock_sample: [system_server,0,main,231,ContentProviderHelper.java,844,void com.android.server.am.ContentProviderHelper.removeContentProvider(android.os.IBinder, boolean),,0,null,46]
09-10 06:46:41.850   568   695 I dvm_lock_sample: [system_server,0,appscheduling.default,36,ActivityManagerService.java,14230,int com.android.server.am.ActivityManagerService.bindServiceInstance(android.app.IApplicationThread, android.os.IBinder, android.content.Intent, java.lang.String, android.app.IServiceConnection, long, java.lang.String, boolean, int, java.lang.String, android.app.IApplicationThread, java.lang.String, int),,0,null,7]
09-10 06:46:41.863   568  1758 I am_uid_active: 10114
09-10 06:46:41.872   568   636 I am_proc_start: [0,2226,10145,android.ext.services,service,{android.ext.services/android.ext.services.notification.Assistant}]
09-10 06:46:41.875   568   635 I am_uid_running: 1027
09-10 06:46:41.877  1241  1241 I wm_on_top_resumed_lost_called: [251575828,com.android.launcher3.uioverrides.QuickstepLauncher,pausing]
09-10 06:46:41.877  1241  1241 I wm_on_paused_called: [251575828,com.android.launcher3.uioverrides.QuickstepLauncher,performPause,0]
09-10 06:46:41.879  1241  1241 I wm_on_stop_called: [251575828,com.android.launcher3.uioverrides.QuickstepLauncher,handleRelaunchActivity,1]
09-10 06:46:41.897   568   676 I dvm_lock_sample: [system_server,0,binder:568_5,282,OverlayManagerService.java,737,boolean com.android.server.om.OverlayManagerService$1.setEnabledExclusiveInCategory(java.lang.String, int),,0,null,56]
09-10 06:46:41.914   568  1927 I dvm_lock_sample: [system_server,1,binder:568_F,32,ActivityManagerService.java,14252,boolean com.android.server.am.ActivityManagerService.unbindService(android.app.IServiceConnection),,0,null,6]
09-10 06:46:41.915   568   624 I dvm_lock_sample: [system_server,1,android.ui,51,ActivityManagerService.java,17746,void com.android.server.am.ActivityManagerService.pushTempAllowlist(),,0,null,10]
09-10 06:46:41.915   568  1758 I am_proc_bound: [0,2226,android.ext.services]
09-10 06:46:41.920   568   636 I am_proc_start: [0,2250,1027,com.android.nfc,broadcast,{com.android.nfc/com.android.nfc.NfcBootCompletedReceiver}]
09-10 06:46:41.921  1241  1241 I wm_on_destroy_called: [251575828,com.android.launcher3.uioverrides.QuickstepLauncher,performDestroy,40]
09-10 06:46:41.927   568   627 I input_focus: [Requesting to set focus to null window,reason=UpdateInputWindows]
09-10 06:46:41.932   568   568 I backup_transport_connection: [com.android.localtransport/.LocalTransportService,1]
09-10 06:46:42.011   568   935 I dvm_lock_sample: [system_server,0,SliceManagerService,23,ContentProviderHelper.java,180,android.app.ContentProviderHolder com.android.server.am.ContentProviderHelper.getContentProviderImpl(android.app.IApplicationThread, java.lang.String, android.os.IBinder, int, java.lang.String, java.lang.String, boolean, int),ActivityManagerService.java,14253,boolean com.android.server.am.ActivityManagerService.unbindService(android.app.IServiceConnection),4]
09-10 06:46:42.025  2250  2250 I service_manager_slow: [59,activity]
09-10 06:46:42.034   568  1137 I am_wtf  : [0,1055,com.android.networkstack.process,680050253,SystemServiceRegistry,No service published for: ethernet]
09-10 06:46:42.034   568  1666 I am_proc_bound: [0,2250,com.android.nfc]
09-10 06:46:42.049   568  2211 I dvm_lock_sample: [system_server,1,binder:568_15,103,ActivityManagerService.java,-1,void com.android.server.am.ActivityManagerService.registerStrictModeCallback(android.os.IBinder),,0,null,20]
09-10 06:46:42.058   568  1097 I wm_set_requested_orientation: [5,com.android.launcher3/.uioverrides.QuickstepLauncher]
09-10 06:46:42.058  1241  1241 I wm_on_create_called: [251575828,com.android.launcher3.uioverrides.QuickstepLauncher,performCreate,126]
09-10 06:46:42.058  1241  1241 I wm_on_start_called: [251575828,com.android.launcher3.uioverrides.QuickstepLauncher,handleStartActivity,0]
09-10 06:46:42.060  1241  1241 I wm_on_resume_called: [251575828,com.android.launcher3.uioverrides.QuickstepLauncher,RESUME_ACTIVITY,0]
09-10 06:46:42.060  1241  1241 I wm_on_top_resumed_gained_called: [251575828,com.android.launcher3.uioverrides.QuickstepLauncher,topWhenResuming]
09-10 06:46:42.062   568   702 I commit_sys_config_file: [settings-2-0,38]
09-10 06:46:42.079  1241  1241 I viewroot_draw_event: [VRI[Taskbar],reportDrawFinished seqId=0]
09-10 06:46:42.093   568   627 I input_focus: [Focus request b935494 com.android.launcher3/com.android.launcher3.uioverrides.QuickstepLauncher,reason=UpdateInputWindows]
09-10 06:46:42.098  1241  1241 I viewroot_draw_event: [VRI[QuickstepLauncher],Canceling draw. cancelDueToPreDrawListener=true cancelDueToSync=false]
09-10 06:46:42.160   568  2210 I am_uid_active: 1027
09-10 06:46:42.163   568   635 I am_uid_running: 10125
09-10 06:46:42.173   568   636 I am_proc_start: [0,2276,10125,com.android.ondevicepersonalization.services,broadcast,{com.android.ondevicepersonalization.services/com.android.ondevicepersonalization.services.OnDevicePersonalizationBroadcastReceiver}]
09-10 06:46:42.174   568   660 I am_uid_stopped: 1027
09-10 06:46:42.175   966  1236 I viewroot_draw_event: [VRI[ScreenDecorOverlay],Start draw after previous draw not visible]
09-10 06:46:42.175   568   660 I am_kill : [0,2250,com.android.nfc,905,change com.android.nfc,102620]
09-10 06:46:42.194   568  2211 I dvm_lock_sample: [system_server,1,binder:568_15,21,ActivityManagerService.java,14252,boolean com.android.server.am.ActivityManagerService.unbindService(android.app.IServiceConnection),,0,null,4]
09-10 06:46:42.209   568  1249 I am_proc_bound: [0,2276,com.android.ondevicepersonalization.services]
09-10 06:46:42.232   568   702 I commit_sys_config_file: [settings-0-0,7]
09-10 06:46:42.242   568   568 I notification_cancel_all: [1000,568,com.android.nfc,0,0,0,5,NULL]
09-10 06:46:42.243   966  1236 I viewroot_draw_event: [VRI[ScreenDecorOverlay],reportDrawFinished seqId=0]
09-10 06:46:42.244   568  1471 I backup_transport_lifecycle: [com.android.localtransport/.LocalTransportService,0]
09-10 06:46:42.244   568  1471 I backup_transport_connection: [com.android.localtransport/.LocalTransportService,0]
09-10 06:46:42.280   568  2210 I am_uid_active: 10125
09-10 06:46:42.281   568   635 I am_uid_running: 10063
09-10 06:46:42.303   568   636 I am_proc_start: [0,2299,10063,com.android.packageinstaller,broadcast,{com.android.packageinstaller/com.android.packageinstaller.common.TemporaryFileManager}]
09-10 06:46:42.334   966   966 I viewroot_draw_event: [VRI[StatusBar],reportDrawFinished seqId=0]
09-10 06:46:42.342   966  1236 I viewroot_draw_event: [VRI[ScreenDecorOverlayBottom],Start draw after previous draw not visible]
09-10 06:46:42.353   568  1249 I am_proc_bound: [0,2299,com.android.packageinstaller]
09-10 06:46:42.360   966  1236 I viewroot_draw_event: [VRI[ScreenDecorOverlayBottom],reportDrawFinished seqId=0]
09-10 06:46:42.406  1142  1142 I gsm_service_state_change: [0,0,1,1]
09-10 06:46:42.406  1142  1142 I gsm_rat_switched_new: [-1,14,0]
09-10 06:46:42.424   568  1249 I am_uid_active: 10063
09-10 06:46:42.425   568   635 I am_uid_running: 10142
09-10 06:46:42.438   568   636 I am_proc_start: [0,2312,10142,com.android.rkpdapp,broadcast,{com.android.rkpdapp/com.android.rkpdapp.BootReceiver}]
09-10 06:46:42.499   568  2210 I am_proc_bound: [0,2312,com.android.rkpdapp]
09-10 06:46:42.561   568  1758 I am_uid_active: 10142
09-10 06:46:42.572   568   635 I am_uid_running: 2000
09-10 06:46:42.601   568   625 I commit_sys_config_file: [jobs,3]
09-10 06:46:42.603   568   636 I am_proc_start: [0,2332,2000,com.android.shell,broadcast,{com.android.shell/com.android.shell.HeapDumpReceiver}]
09-10 06:46:42.607   568   625 I commit_sys_config_file: [jobs,6]
09-10 06:46:42.645  2332  2332 I service_manager_slow: [14,activity]
09-10 06:46:42.645   568  1249 I am_proc_bound: [0,2332,com.android.shell]
09-10 06:46:42.679   568   881 I service_manager_stats: [220,377,5015]
09-10 06:46:42.682  1142  1453 I service_manager_slow: [24,carrier_config]
09-10 06:46:42.706   966   966 I viewroot_draw_event: [VRI[StatusBar],reportDrawFinished seqId=0]
09-10 06:46:42.711   568  2210 I am_uid_active: 2000
09-10 06:46:42.755   966  1236 I viewroot_draw_event: [VRI[ScreenDecorOverlay],reportDrawFinished seqId=0]
09-10 06:46:42.841   966   966 I viewroot_draw_event: [VRI[StatusBar],reportDrawFinished seqId=0]
09-10 06:46:42.906  1142  1142 I gsm_service_state_change: [1,1,0,0]
09-10 06:46:42.906  1142  1142 I gsm_rat_switched_new: [47108,0,11]
09-10 06:46:42.995   568   930 I sysui_multi_action: [757,1717,758,1,759,0]
09-10 06:46:42.995   568   930 I sysui_multi_action: [757,1717,758,2,759,0]
09-10 06:46:42.995   568   930 I sysui_multi_action: [757,1717,758,3,759,0]
09-10 06:46:43.062   568   635 I am_uid_running: 10087
09-10 06:46:43.082   568   636 I am_proc_start: [0,2365,10087,com.android.carrierdefaultapp,broadcast,{com.android.carrierdefaultapp/com.android.carrierdefaultapp.CarrierDefaultBroadcastReceiver}]
09-10 06:46:43.089   568   624 I wm_new_intent: [0,251575828,7,com.android.launcher3/.uioverrides.QuickstepLauncher,android.intent.action.MAIN,NULL,NULL,268435712]
09-10 06:46:43.089   568   624 I wm_task_moved: [1,1,0,1,1]
09-10 06:46:43.098   966  1019 I jank_cuj_events_end_request: [55,1789022803098153000,22282472797,22282472853]
09-10 06:46:43.142   568   675 I am_proc_bound: [0,2365,com.android.carrierdefaultapp]
09-10 06:46:43.164   568   568 I notification_cancel_all: [10087,2365,com.android.carrierdefaultapp,0,0,32832,9,NULL]
09-10 06:46:43.191  1241  1692 I viewroot_draw_event: [VRI[Taskbar],reportDrawFinished seqId=0]
09-10 06:46:43.503   568   702 I commit_sys_config_file: [settings-2-0,2]
09-10 06:46:43.585   568  1137 I am_wtf  : [0,1055,com.android.networkstack.process,680050253,SystemServiceRegistry,No service published for: ethernet]
09-10 06:46:43.606   568   879 I commit_sys_config_file: [net-policy,2]
09-10 06:46:43.696   568   660 I commit_sys_config_file: [package,15]
09-10 06:46:43.711   568   658 I commit_sys_config_file: [package-user-0,15]
09-10 06:46:43.778  1241  1241 I wm_on_top_resumed_lost_called: [251575828,com.android.launcher3.uioverrides.QuickstepLauncher,pausing]
09-10 06:46:43.778  1241  1241 I wm_on_paused_called: [251575828,com.android.launcher3.uioverrides.QuickstepLauncher,performPause,0]
09-10 06:46:43.779  1241  1241 I wm_on_resume_called: [251575828,com.android.launcher3.uioverrides.QuickstepLauncher,LIFECYCLER_RESUME_ACTIVITY,0]
09-10 06:46:43.779  1241  1241 I wm_on_top_resumed_gained_called: [251575828,com.android.launcher3.uioverrides.QuickstepLauncher,topWhenResuming]
09-10 06:46:43.811  1241  1241 I viewroot_draw_event: [VRI[QuickstepLauncher],Draw frame after cancel]
09-10 06:46:43.827  1241  1241 I viewroot_draw_event: [VRI[QuickstepLauncher],reportDrawFinished seqId=0]
09-10 06:46:43.853   568   715 I input_focus: [Focus entering b935494 com.android.launcher3/com.android.launcher3.uioverrides.QuickstepLauncher (server),reason=Window became focusable. Previous reason: NOT_VISIBLE]
09-10 06:46:44.106   568   702 I commit_sys_config_file: [settings-0-0,4]
09-10 06:46:44.188   568   635 I am_wtf  : [0,568,system_server,-1,Binder,Outgoing transactions from this process must be FLAG_ONEWAY]
09-10 06:46:44.225   568   877 I netstats_mobile_sample: [0,0,0,0,0,0,0,0,1789022804125]
09-10 06:46:44.225   568   877 I netstats_wifi_sample: [40642,19945,83,108,42310,13769,90,81,1789022804125]
09-10 06:46:44.341   568   675 I am_wtf  : [0,1055,com.android.networkstack.process,680050253,SystemServiceRegistry,No service published for: ethernet]
09-10 06:46:44.394   568   702 I commit_sys_config_file: [settings-1-0,6]
09-10 06:46:44.586   568   568 I notification_cancel_all: [10087,2365,com.android.carrierdefaultapp,0,0,32832,9,NULL]
09-10 06:46:44.588   568   568 I notification_cancel_all: [10087,2365,com.android.carrierdefaultapp,0,0,32832,9,NULL]
09-10 06:46:44.604   568   888 I netstats_mobile_sample: [0,0,0,0,0,0,0,0,1789022804504]
09-10 06:46:44.604   568   888 I netstats_wifi_sample: [40718,20137,84,111,42310,13769,90,81,1789022804504]
09-10 06:46:44.605   568  1108 I dvm_lock_sample: [system_server,0,MobileDataStatsHandler,20,NetworkStatsService.java,1895,java.lang.String[] android.net.connectivity.com.android.server.net.NetworkStatsService.getAllIfacesSinceBoot(int),-,2332,void android.net.connectivity.com.android.server.net.NetworkStatsService.handleNotifyNetworkStatus(android.net.Network[], android.net.NetworkStateSnapshot[], java.lang.String, android.net.connectivity.com.android.server.net.NetworkStatsEventLogger$PollEvent),4]
09-10 06:46:44.620   568  1927 I am_wtf  : [0,1055,com.android.networkstack.process,680050253,SystemServiceRegistry,No service published for: ethernet]
09-10 06:46:44.652   568   888 I netstats_mobile_sample: [0,0,0,0,0,0,0,0,1789022804553]
09-10 06:46:44.652   568   888 I netstats_wifi_sample: [40718,20137,84,111,42386,13845,91,82,1789022804553]
09-10 06:46:44.656   568   880 I dvm_lock_sample: [system_server,1,NetworkPolicy.uid,36,NetworkStatsService.java,1981,void android.net.connectivity.com.android.server.net.NetworkStatsService.noteUidForeground(int, boolean),-,2332,void android.net.connectivity.com.android.server.net.NetworkStatsService.handleNotifyNetworkStatus(android.net.Network[], android.net.NetworkStateSnapshot[], java.lang.String, android.net.connectivity.com.android.server.net.NetworkStatsEventLogger$PollEvent),7]
09-10 06:46:44.663   568   879 I commit_sys_config_file: [net-policy,2]
09-10 06:46:44.684   568   877 I netstats_mobile_sample: [279,255,2,4,279,195,2,3,1789022804584]
09-10 06:46:44.684   568   877 I netstats_wifi_sample: [40718,20137,84,111,42386,13845,91,82,1789022804584]
09-10 06:46:44.721   568   877 I netstats_mobile_sample: [4727,1663,11,12,279,255,2,4,1789022804621]
09-10 06:46:44.721   568   877 I netstats_wifi_sample: [40718,20137,84,111,42386,13845,91,82,1789022804621]
09-10 06:46:44.721   568   879 I dvm_lock_sample: [system_server,0,NetworkPolicy,34,NetworkStatsService.java,2043,void android.net.connectivity.com.android.server.net.NetworkStatsService.advisePersistThreshold(long),-,2590,void android.net.connectivity.com.android.server.net.NetworkStatsService.performPoll(int, android.net.connectivity.com.android.server.net.NetworkStatsEventLogger$PollEvent),6]
09-10 06:46:44.734  1055  1055 I auditd  : type=1400 audit(0.0:22): avc:  granted  { read } for  comm="NetworkMonitor/" name="psched" dev="proc" ino=4026532021 scontext=u:r:network_stack:s0 tcontext=u:object_r:proc_net:s0 tclass=file
09-10 06:46:44.734  1055  1055 I auditd  : type=1400 audit(0.0:23): avc:  granted  { read open } for  comm="NetworkMonitor/" path="/proc/1055/net/psched" dev="proc" ino=4026532021 scontext=u:r:network_stack:s0 tcontext=u:object_r:proc_net:s0 tclass=file
09-10 06:46:44.734  1055  1055 I auditd  : type=1400 audit(0.0:24): avc:  granted  { getattr } for  comm="NetworkMonitor/" path="/proc/1055/net/psched" dev="proc" ino=4026532021 scontext=u:r:network_stack:s0 tcontext=u:object_r:proc_net:s0 tclass=file
09-10 06:46:44.760   568   877 I netstats_mobile_sample: [5982,1951,19,18,4993,1743,14,14,1789022804660]
09-10 06:46:44.760   568   877 I netstats_wifi_sample: [40718,20137,84,111,42386,13845,91,82,1789022804660]
09-10 06:46:44.760   568   879 I dvm_lock_sample: [system_server,0,NetworkPolicy,36,NetworkStatsService.java,1833,android.net.NetworkStatsHistory android.net.connectivity.com.android.server.net.NetworkStatsService.internalGetHistoryForNetwork(android.net.NetworkTemplate, int, int, int, int, long, long),-,2590,void android.net.connectivity.com.android.server.net.NetworkStatsService.performPoll(int, android.net.connectivity.com.android.server.net.NetworkStatsEventLogger$PollEvent),7]
09-10 06:46:44.784   568   877 I netstats_mobile_sample: [5982,1951,19,18,5982,1911,19,17,1789022804684]
09-10 06:46:44.784   568   877 I netstats_wifi_sample: [40718,20137,84,111,42386,13845,91,82,1789022804684]
09-10 06:46:45.063   568   635 I ssm_user_completed_event: [0,2]
09-10 06:46:45.549   568   702 I commit_sys_config_file: [settings-2-0,2]
09-10 06:46:45.550   568   702 I commit_sys_config_file: [settings-1-0,1]
09-10 06:46:46.389   568   953 I dvm_lock_sample: [system_server,0,android.perm,26,MessageQueue.java,348,android.os.Message android.os.MessageQueue.next(),-,695,boolean android.os.MessageQueue.enqueueMessage(android.os.Message, long),5]
09-10 06:46:46.404   568   957 I service_manager_slow: [97,user]
09-10 06:46:46.449   568  2211 I dvm_lock_sample: [system_server,1,binder:568_15,9,AbstractAccessibilityServiceConnection.java,521,void com.android.server.accessibility.AbstractAccessibilityServiceConnection.setServiceInfo(android.accessibilityservice.AccessibilityServiceInfo),,0,null,1]
09-10 06:46:46.473   568   568 I notification_cancel_all: [1000,568,com.android.devicelockcontroller,0,0,0,5,NULL]
09-10 06:46:46.483   568  1867 I commit_sys_config_file: [appops_accesses,19]
09-10 06:46:46.537   568   702 I commit_sys_config_file: [settings-2-0,12]
09-10 06:46:47.811   568   702 I commit_sys_config_file: [settings-2-0,2]
09-10 06:46:48.693   568   881 I service_manager_stats: [200,212,6014]
09-10 06:46:48.740   568   703 I am_freeze: [1493,com.android.music]
09-10 06:46:48.753   568   703 I am_compact: [1493,com.android.music,ANON,103644,51968,51164,0,-3200,0,-3200,3200,12,SOME,0,999,19,20,-2660]
09-10 06:46:49.086   568   702 I commit_sys_config_file: [settings-2-0,2]
09-10 06:46:50.097   568   702 I commit_sys_config_file: [settings-2-0,2]
09-10 06:46:50.623   568   703 I am_freeze: [1509,com.android.sdksetup]
09-10 06:46:50.635   568   703 I am_compact: [1509,com.android.sdksetup,ANON,117212,64256,52316,0,-4992,0,-4992,4992,11,SOME,0,999,19,2680,-1212]
09-10 06:46:50.656   568   703 I am_freeze: [1499,com.android.printspooler]
09-10 06:46:50.666   568   703 I am_compact: [1499,com.android.printspooler,ANON,106332,54272,51420,0,-3328,0,-3328,3328,9,SOME,0,999,19,3892,-1116]
09-10 06:46:51.600   568   702 I commit_sys_config_file: [settings-2-0,2]
09-10 06:46:52.614   568   702 I commit_sys_config_file: [settings-2-0,1]
09-10 06:46:53.459   568   703 I am_freeze: [1795,com.android.carrierconfig]
09-10 06:46:53.470   568   703 I am_compact: [1795,com.android.carrierconfig,ANON,105692,53760,51292,0,-3456,0,-3456,3456,11,SOME,0,925,19,5008,-844]
09-10 06:46:53.779   568   703 I am_freeze: [1783,com.android.quicksearchbox]
09-10 06:46:53.790   568   703 I am_compact: [1783,com.android.quicksearchbox,ANON,105052,52992,51420,0,-3456,0,-3456,3456,11,SOME,0,905,19,5852,-1164]
09-10 06:46:53.903   568   702 I commit_sys_config_file: [settings-0-0,3]
09-10 06:46:54.234   568   715 I input_interaction: Interaction with: b935494 com.android.launcher3/com.android.launcher3.uioverrides.QuickstepLauncher (server), PointerEventDispatcher0 (server), 
09-10 06:46:54.248   966  1019 I jank_cuj_events_end_request: [55,1789022814248327000,33432647106,33432647182]
09-10 06:46:54.520   568   702 I commit_sys_config_file: [settings-0-0,1]
09-10 06:46:54.592   568   703 I am_freeze: [2365,com.android.carrierdefaultapp]
09-10 06:46:54.602   568   703 I am_compact: [2365,com.android.carrierdefaultapp,ANON,105308,53248,51420,0,-3328,0,-3328,3456,10,SOME,0,905,19,7016,-1160]
09-10 06:46:54.783   568   703 I am_freeze: [1587,com.android.externalstorage]
09-10 06:46:54.793   568   703 I am_compact: [1587,com.android.externalstorage,ANON,106588,54784,51164,0,-3200,0,-3200,3200,9,SOME,0,905,19,8176,-1020]
09-10 06:46:55.519   568   624 I wm_new_intent: [0,251575828,7,com.android.launcher3/.uioverrides.QuickstepLauncher,android.intent.action.MAIN,NULL,NULL,268435712]
09-10 06:46:55.520   568   624 I wm_task_moved: [1,1,0,1,1]
09-10 06:46:55.520   568   624 I wm_set_keyguard_occluded: [0,0,0,setOccluded]
09-10 06:46:55.521   966   966 I sysui_keyguard: [0,0]
09-10 06:46:55.521  1241  1241 I wm_on_top_resumed_lost_called: [251575828,com.android.launcher3.uioverrides.QuickstepLauncher,pausing]
09-10 06:46:55.522   966  1019 I jank_cuj_events_cancel_request: [23,1789022815521274000,34705594317,34705594403]
09-10 06:46:55.522  1241  1241 I wm_on_paused_called: [251575828,com.android.launcher3.uioverrides.QuickstepLauncher,performPause,0]
09-10 06:46:55.523  1241  1241 I wm_on_resume_called: [251575828,com.android.launcher3.uioverrides.QuickstepLauncher,LIFECYCLER_RESUME_ACTIVITY,0]
09-10 06:46:55.523  1241  1241 I wm_on_top_resumed_gained_called: [251575828,com.android.launcher3.uioverrides.QuickstepLauncher,topWhenResuming]
09-10 06:46:55.532   966  1019 I jank_cuj_events_end_request: [55,1789022815532436000,34716755525,34716755626]
09-10 06:46:55.535   568   703 I am_unfreeze: [1587,com.android.externalstorage,1]
09-10 06:46:55.895   568   702 I commit_sys_config_file: [settings-2-0,2]
09-10 06:46:57.288   568   702 I commit_sys_config_file: [settings-2-0,2]
09-10 06:46:58.289   568   702 I commit_sys_config_file: [settings-2-0,1]
09-10 06:46:59.299   568   702 I commit_sys_config_file: [settings-2-0,1]
09-10 06:47:00.321   568   702 I commit_sys_config_file: [settings-2-0,2]
09-10 06:47:01.333   568   702 I commit_sys_config_file: [settings-2-0,3]
09-10 06:47:02.150   568   568 I auditd  : type=1400 audit(0.0:25): avc:  denied  { getopt } for  comm="binder:568_B" scontext=u:r:system_server:s0 tcontext=u:r:shell:s0 tclass=unix_stream_socket permissive=0
09-10 06:47:02.150   568   568 I auditd  : type=1400 audit(0.0:26): avc:  denied  { getopt } for  comm="binder:568_B" scontext=u:r:system_server:s0 tcontext=u:r:shell:s0 tclass=unix_stream_socket permissive=0
09-10 06:47:02.150   568   568 I auditd  : type=1400 audit(0.0:27): avc:  denied  { getopt } for  comm="binder:568_B" scontext=u:r:system_server:s0 tcontext=u:r:shell:s0 tclass=unix_stream_socket permissive=0
09-10 06:47:02.169   568   625 I commit_sys_config_file: [package-session,2]
09-10 06:47:02.173   568   625 I commit_sys_config_file: [package-session,5]
09-10 06:47:02.910   568   568 I auditd  : type=1400 audit(0.0:28): avc:  denied  { getopt } for  comm="binder:568_B" scontext=u:r:system_server:s0 tcontext=u:r:shell:s0 tclass=unix_stream_socket permissive=0
09-10 06:47:02.916   568   635 I am_wtf  : [0,2791,system_server,-1,SystemServiceRegistry,No service published for: persistent_data_block]
09-10 06:47:02.917   568   635 I am_wtf  : [0,2791,system_server,-1,SystemServiceRegistry,Manager wrapper not available: persistent_data_block]
09-10 06:47:02.919   568   673 I commit_sys_config_file: [package-session,2]
09-10 06:47:03.640   568   625 I commit_sys_config_file: [package-session,2]
09-10 06:47:03.660   568   660 I commit_sys_config_file: [package,14]
09-10 06:47:03.667   568   658 I commit_sys_config_file: [package-user-0,7]
09-10 06:47:03.671   568   660 I backup_transport_lifecycle: [com.android.localtransport/.LocalTransportService,1]
09-10 06:47:03.672   568   568 I backup_transport_connection: [com.android.localtransport/.LocalTransportService,1]
09-10 06:47:03.674   568   660 I backup_transport_lifecycle: [com.android.localtransport/.LocalTransportService,0]
09-10 06:47:03.674   568   660 I backup_transport_connection: [com.android.localtransport/.LocalTransportService,0]
09-10 06:47:03.677   568   660 I unknown_sources_enabled: 1
09-10 06:47:03.686   568   625 I commit_sys_config_file: [package-session,6]
09-10 06:47:03.686   568   673 I commit_sys_config_file: [package-session,6]
09-10 06:47:03.674   568   568 I auditd  : type=1400 audit(0.0:29): avc:  denied  { getopt } for  comm="binder:568_B" scontext=u:r:system_server:s0 tcontext=u:r:shell:s0 tclass=unix_stream_socket permissive=0
09-10 06:47:03.698   568   678 I commit_sys_config_file: [overlays,15]
09-10 06:47:03.698  1142  1142 I service_manager_stats: [144,105,22485]
09-10 06:47:03.678   568   568 I auditd  : type=1400 audit(0.0:30): avc:  denied  { getopt } for  comm="binder:568_B" scontext=u:r:system_server:s0 tcontext=u:r:shell:s0 tclass=unix_stream_socket permissive=0
09-10 06:47:03.678   568   568 I auditd  : type=1400 audit(0.0:31): avc:  denied  { getopt } for  comm="binder:568_B" scontext=u:r:system_server:s0 tcontext=u:r:shell:s0 tclass=unix_stream_socket permissive=0
09-10 06:47:03.705   568   568 I notification_cancel_all: [1000,568,dev.partydeck.godot.compare,0,0,0,5,NULL]
09-10 06:47:03.711   568   619 I am_clear_app_data_caller: [2807,2000,dev.partydeck.godot.compare]
09-10 06:47:03.713   568   619 I pm_clear_app_data_caller: [568,1000,dev.partydeck.godot.compare]
09-10 06:47:03.714   568   660 I installer_clear_app_data_caller: [568,1000,dev.partydeck.godot.compare,7]
09-10 06:47:03.714   568   660 I installer_clear_app_data_call_stack: [clearAppData,com.android.server.pm.Installer,Installer.java,427]
09-10 06:47:03.714   568   660 I installer_clear_app_data_call_stack: [clearAppDataLeafLIF,com.android.server.pm.AppDataHelper,AppDataHelper.java,572]
09-10 06:47:03.714   568   660 I installer_clear_app_data_call_stack: [clearAppDataLIF,com.android.server.pm.AppDataHelper,AppDataHelper.java,557]
09-10 06:47:03.714   568   660 I installer_clear_app_data_call_stack: [clearApplicationUserDataLIF,com.android.server.pm.PackageManagerService,PackageManagerService.java,3433]
09-10 06:47:03.714   568   660 I installer_clear_app_data_call_stack: [-$$Nest$mclearApplicationUserDataLIF,com.android.server.pm.PackageManagerService,PackageManagerService.java,0]
09-10 06:47:03.714   568   660 I installer_clear_app_data_call_stack: [run,com.android.server.pm.PackageManagerService$IPackageManagerImpl$1,PackageManagerService.java,4787]
09-10 06:47:03.714   568   660 I installer_clear_app_data_call_stack: [handleCallback,android.os.Handler,Handler.java,959]
09-10 06:47:03.714   568   660 I installer_clear_app_data_call_stack: [dispatchMessage,android.os.Handler,Handler.java,100]
09-10 06:47:03.714   568   660 I installer_clear_app_data_call_stack: [loopOnce,android.os.Looper,Looper.java,232]
09-10 06:47:03.714   568   660 I installer_clear_app_data_call_stack: [loop,android.os.Looper,Looper.java,317]
09-10 06:47:03.714   568   660 I installer_clear_app_data_call_stack: [run,android.os.HandlerThread,HandlerThread.java,85]
09-10 06:47:03.714   568   660 I installer_clear_app_data_call_stack: [run,com.android.server.ServiceThread,ServiceThread.java,46]
09-10 06:47:03.714   568   568 I notification_cancel_all: [1000,568,dev.partydeck.godot.compare,0,0,0,21,NULL]
09-10 06:47:03.727   568   897 I storage_state: [41217664-9172-527a-b3d5-edabb50a7d69,0,0,5475729408,6228115456]
09-10 06:47:03.748   568   568 I notification_cancel_all: [1000,568,dev.partydeck.godot.compare,0,0,0,5,NULL]
09-10 06:47:03.750   568   916 I commit_sys_config_file: [session_index,3]
09-10 06:47:03.756   568   916 I commit_sys_config_file: [blobs_index,6]
09-10 06:47:03.963   568   702 I commit_sys_config_file: [settings-2-0,2]
09-10 06:47:03.966   568   625 I commit_sys_config_file: [notification-policy,2]
09-10 06:47:04.863   568  2210 I wm_task_created: 8
09-10 06:47:04.866   568  2210 I wm_task_moved: [8,8,0,1,2]
09-10 06:47:04.866   568  2210 I wm_task_to_front: [0,8,0]
09-10 06:47:04.866   568  2210 I wm_create_task: [0,8,8,0]
09-10 06:47:04.866   568  2210 I wm_create_activity: [0,246948463,8,dev.partydeck.godot.compare/.ComparisonActivity,NULL,NULL,NULL,268435456]
09-10 06:47:04.866   568  2210 I wm_task_moved: [8,8,0,1,2]
09-10 06:47:04.867   568  2210 I wm_pause_activity: [0,251575828,com.android.launcher3/.uioverrides.QuickstepLauncher,userLeaving=true,pauseBackTasks]
09-10 06:47:04.869  1241  1241 I wm_on_top_resumed_lost_called: [251575828,com.android.launcher3.uioverrides.QuickstepLauncher,topStateChangedWhenResumed]
09-10 06:47:04.869  1241  1241 I wm_on_paused_called: [251575828,com.android.launcher3.uioverrides.QuickstepLauncher,performPause,1]
09-10 06:47:04.871   568  1927 I wm_add_to_stopping: [0,251575828,com.android.launcher3/.uioverrides.QuickstepLauncher,makeInvisible]
09-10 06:47:04.871   568   623 I sysui_multi_action: [757,803,799,window_time_0,802,26]
09-10 06:47:04.871   568   626 I am_uid_running: 10148
09-10 06:47:04.883   568   636 I am_proc_start: [0,2849,10148,dev.partydeck.godot.compare,next-top-activity,{dev.partydeck.godot.compare/dev.partydeck.godot.compare.ComparisonActivity}]
09-10 06:47:04.914   966  1044 I viewroot_draw_event: [VRI[compare],reportDrawFinished seqId=0]
09-10 06:47:04.930   568   715 I input_focus: [Focus leaving b935494 com.android.launcher3/com.android.launcher3.uioverrides.QuickstepLauncher (server),reason=NO_WINDOW]
09-10 06:47:05.001   568  1137 I am_proc_bound: [0,2849,dev.partydeck.godot.compare]
09-10 06:47:05.003   568  1137 I am_uid_active: 10148
09-10 06:47:05.058  1241  1241 I viewroot_draw_event: [VRI[QuickstepLauncher],Not drawing due to not visible. Reason=!mAppVisible && !mForceDecorViewVisibility]
09-10 06:47:05.064   568   627 I wm_wallpaper_surface: [0,0,null]
09-10 06:47:05.157   568  1927 I wm_restart_activity: [0,246948463,8,dev.partydeck.godot.compare/.ComparisonActivity]
09-10 06:47:05.157   568  1927 I wm_set_resumed_activity: [0,dev.partydeck.godot.compare/.ComparisonActivity,realStartActivityLocked - onActivityStateChanged]
09-10 06:47:05.211  2849  2849 I wm_on_create_called: [246948463,dev.partydeck.godot.compare.ComparisonActivity,performCreate,40]
09-10 06:47:05.211  2849  2849 I wm_on_start_called: [246948463,dev.partydeck.godot.compare.ComparisonActivity,handleStartActivity,1]
09-10 06:47:05.213  2849  2849 I wm_on_resume_called: [246948463,dev.partydeck.godot.compare.ComparisonActivity,RESUME_ACTIVITY,0]
09-10 06:47:05.222  2849  2849 I wm_on_top_resumed_gained_called: [246948463,dev.partydeck.godot.compare.ComparisonActivity,topStateChangedWhenResumed]
09-10 06:47:05.238   568   627 I input_focus: [Focus request 10520d dev.partydeck.godot.compare/dev.partydeck.godot.compare.ComparisonActivity,reason=UpdateInputWindows]
09-10 06:47:05.369  2849  2849 I viewroot_draw_event: [VRI[ComparisonActivity],reportDrawFinished seqId=0]
09-10 06:47:05.380   568  1137 I wm_stop_activity: [0,251575828,com.android.launcher3/.uioverrides.QuickstepLauncher]
09-10 06:47:05.380   568   623 I sysui_multi_action: [319,67,321,66,322,518,325,44,757,761,758,7,759,1,806,dev.partydeck.godot.compare,871,dev.partydeck.godot.compare.ComparisonActivity,904,com.android.shell,905,0,945,144,1320,12,1321,1]
09-10 06:47:05.381   568   623 I wm_activity_launch_time: [0,246948463,dev.partydeck.godot.compare/.ComparisonActivity,518]
09-10 06:47:05.383   966  1019 I jank_cuj_events_begin_request: [39,1789022825381793000,44566113478,44566113530,]
09-10 06:47:05.405  1241  1241 I wm_on_stop_called: [251575828,com.android.launcher3.uioverrides.QuickstepLauncher,STOP_ACTIVITY_ITEM,23]
09-10 06:47:05.433   966  1019 I jank_cuj_events_end_request: [39,1789022825433765000,44618084386,44618084474]
09-10 06:47:05.434   568   715 I input_focus: [Focus entering 10520d dev.partydeck.godot.compare/dev.partydeck.godot.compare.ComparisonActivity (server),reason=Window became focusable. Previous reason: NOT_VISIBLE]
09-10 06:47:05.439   966  1044 I viewroot_draw_event: [VRI[compare],Not drawing due to not visible. Reason=View.GONE]
09-10 06:47:05.874   568   702 I commit_sys_config_file: [settings-2-0,2]
09-10 06:47:05.982   568   703 I am_freeze: [1587,com.android.externalstorage]
09-10 06:47:06.899   568   702 I commit_sys_config_file: [settings-2-0,12]
09-10 06:47:07.905   568   702 I commit_sys_config_file: [settings-2-0,1]
09-10 06:47:08.917   568   702 I commit_sys_config_file: [settings-2-0,2]
09-10 06:47:09.563   568   715 I input_interaction: Interaction with: 10520d dev.partydeck.godot.compare/dev.partydeck.godot.compare.ComparisonActivity (server), PointerEventDispatcher0 (server), 
09-10 06:47:10.067   568   702 I commit_sys_config_file: [settings-2-0,2]
09-10 06:47:10.562   568   703 I am_freeze: [1881,com.android.traceur]
09-10 06:47:10.572   568   703 I am_compact: [1881,com.android.traceur,ANON,108208,56192,51376,0,-3456,0,-3456,3456,10,SOME,0,999,19,9160,-936]
09-10 06:47:10.582   568   703 I am_freeze: [1318,com.android.cellbroadcastreceiver.module]
09-10 06:47:10.595   568   703 I am_compact: [1318,com.android.cellbroadcastreceiver.module,ANON,129704,76032,53032,0,-8064,-2560,-5504,5504,12,SOME,0,925,19,10096,-1688]
09-10 06:47:10.647   568   703 I am_freeze: [1615,com.android.managedprovisioning]
09-10 06:47:10.658   568   703 I am_compact: [1615,com.android.managedprovisioning,ANON,110772,58240,51892,0,-4096,0,-4096,4096,10,SOME,0,999,19,11784,-1356]
09-10 06:47:10.715   568   703 I am_freeze: [1910,com.android.calendar]
09-10 06:47:10.724   568   703 I am_compact: [1910,com.android.calendar,ANON,109888,57856,51392,0,-3840,0,-3840,3840,10,SOME,0,999,19,13140,-1296]
09-10 06:47:10.742   568   703 I am_freeze: [1675,com.android.providers.calendar]
09-10 06:47:10.753   568   703 I am_compact: [1675,com.android.providers.calendar,ANON,113508,61184,51684,0,-4224,0,-4224,4224,10,SOME,0,925,19,14436,-1380]
09-10 06:47:10.753   568   703 I am_freeze: [1852,com.android.statementservice]
09-10 06:47:10.775   568   703 I am_compact: [1852,com.android.statementservice,ANON,124252,65664,57820,0,-10496,0,-10496,10624,21,SOME,0,965,19,15816,-3616]
09-10 06:47:10.857   568   703 I am_freeze: [1940,.adservices]
09-10 06:47:10.867   568   703 I am_compact: [1940,.adservices,ANON,110428,58368,51420,0,-4096,-512,-3584,3584,9,SOME,0,999,19,19432,-1092]
09-10 06:47:10.948   568   703 I am_freeze: [1962,com.android.camera2]
09-10 06:47:10.958   568   703 I am_compact: [1962,com.android.camera2,ANON,107684,55680,51364,0,-3328,0,-3328,3328,9,SOME,0,999,19,20524,-900]
09-10 06:47:11.018   568   703 I am_freeze: [1156,com.android.settings]
09-10 06:47:11.019   568   703 I am_freeze: [1996,com.android.dynsystem:dynsystem]
09-10 06:47:11.019   568   703 I am_freeze: [1978,com.android.dynsystem]
09-10 06:47:11.019   568   703 I am_freeze: [1611,com.android.keychain]
09-10 06:47:11.040   568   703 I am_compact: [1156,com.android.settings,ANON,161588,104016,56932,0,-9984,0,-9984,9984,22,SOME,0,915,19,21424,-3620]
09-10 06:47:11.049   568   703 I am_compact: [1996,com.android.dynsystem:dynsystem,ANON,104368,52736,50992,0,-3456,0,-3456,3328,8,SOME,0,985,19,25044,-1112]
09-10 06:47:11.056   568   703 I am_compact: [1978,com.android.dynsystem,ANON,103696,51968,51088,0,-3328,0,-3328,3328,8,SOME,0,995,19,26156,-916]
09-10 06:47:11.064   568   703 I am_compact: [1611,com.android.keychain,ANON,105920,54272,51008,0,-3200,0,-3200,3328,8,SOME,0,999,19,27072,-1092]
09-10 06:47:11.081   568   702 I commit_sys_config_file: [settings-2-0,2]
09-10 06:47:11.084   568   703 I am_freeze: [1994,com.android.federatedcompute.services]
09-10 06:47:11.093   568   703 I am_compact: [1994,com.android.federatedcompute.services,ANON,104412,52352,51420,0,-3840,-512,-3328,3328,8,SOME,0,995,19,28164,-1072]
09-10 06:47:11.362   568   703 I am_freeze: [2071,com.android.imsserviceentitlement]
09-10 06:47:11.373   568   703 I am_compact: [2071,com.android.imsserviceentitlement,ANON,108764,56192,51932,0,-3840,0,-3840,3968,11,SOME,0,935,19,29236,-1576]
09-10 06:47:11.920   568   703 I am_freeze: [2100,com.android.messaging]
09-10 06:47:11.936   568   703 I am_compact: [2100,com.android.messaging,ANON,125936,70244,55052,0,-7808,0,-7808,7808,15,SOME,0,935,19,30812,-2336]
09-10 06:47:12.071   568   702 I commit_sys_config_file: [settings-2-0,1]
09-10 06:47:12.285   568   703 I am_freeze: [2276,com.android.ondevicepersonalization.services]
09-10 06:47:12.296   568   703 I am_compact: [2276,com.android.ondevicepersonalization.services,ANON,105524,53632,51252,0,-4352,-1152,-3200,3328,10,SOME,0,985,19,33148,-1104]
09-10 06:47:12.575   568   703 I am_freeze: [2312,com.android.rkpdapp]
09-10 06:47:12.595   568   703 I am_compact: [2312,com.android.rkpdapp,ANON,124972,67456,56876,0,-10752,-1024,-9728,9728,20,SOME,0,955,19,34252,-3092]
09-10 06:47:12.713   568   703 I am_freeze: [2332,com.android.shell]
09-10 06:47:12.723   568   703 I am_compact: [2332,com.android.shell,ANON,104144,52352,51152,0,-3072,0,-3072,3200,9,SOME,0,975,19,37344,-1092]
09-10 06:47:13.085   568   702 I commit_sys_config_file: [settings-2-0,3]
09-10 06:47:13.681   568   703 I am_freeze: [2097,com.android.localtransport]
09-10 06:47:13.690   568   703 I am_compact: [2097,com.android.localtransport,ANON,105768,54016,51112,0,-3328,0,-3328,3328,10,SOME,0,915,19,38436,-944]
09-10 06:47:13.697   568   703 I am_freeze: [2299,com.android.packageinstaller]
09-10 06:47:13.708   568   703 I am_compact: [2299,com.android.packageinstaller,ANON,106476,54528,51308,0,-3328,0,-3328,3456,11,SOME,0,905,19,39380,-1116]
09-10 06:47:13.712   568   703 I am_freeze: [1349,com.android.cellbroadcastreceiver]
09-10 06:47:13.724   568   703 I am_compact: [1349,com.android.cellbroadcastreceiver,ANON,105204,53248,51316,0,-3456,0,-3456,3456,11,SOME,0,955,19,40496,-1224]
09-10 06:47:13.752   568   703 I am_freeze: [1483,com.android.documentsui]
09-10 06:47:13.768   568   703 I am_compact: [1483,com.android.documentsui,ANON,127276,71188,55448,0,-7936,0,-7936,7936,15,SOME,0,905,19,41720,-2492]
09-10 06:47:13.879   568  2210 I service_manager_stats: [100,18,25187]
09-10 06:47:14.077   568   702 I commit_sys_config_file: [settings-2-0,2]
09-10 06:47:14.882   568   658 I commit_sys_config_file: [package-user-0,5]
09-10 06:47:15.092   568   702 I commit_sys_config_file: [settings-2-0,2]
09-10 06:47:16.077   568   702 I commit_sys_config_file: [settings-2-0,2]
09-10 06:47:17.090   568   702 I commit_sys_config_file: [settings-2-0,2]
09-10 06:47:18.304   568   702 I commit_sys_config_file: [settings-2-0,2]
09-10 06:47:19.317   568   702 I commit_sys_config_file: [settings-2-0,2]
09-10 06:47:20.311   568   702 I commit_sys_config_file: [settings-2-0,2]
09-10 06:47:20.818   568   703 I am_unfreeze: [1156,com.android.settings,3]
09-10 06:47:21.325   568   702 I commit_sys_config_file: [settings-2-0,3]
09-10 06:47:23.388   568   702 I commit_sys_config_file: [settings-2-0,2]
09-10 06:47:23.743   568   703 I am_freeze: [981,com.android.permissioncontroller]
09-10 06:47:23.761   568   703 I am_compact: [981,com.android.permissioncontroller,ANON,136024,79828,55428,0,-14336,-6016,-8320,8320,19,SOME,0,905,19,44196,-2396]
09-10 06:47:24.399   568   702 I commit_sys_config_file: [settings-2-0,2]
09-10 06:47:25.073   568  1097 I wm_task_moved: [8,8,0,1,2]
09-10 06:47:25.073   568  1097 I wm_create_activity: [0,51545827,8,dev.partydeck.godot.compare/.GodotGameActivity,NULL,NULL,NULL,0]
09-10 06:47:25.079   568  1097 I wm_pause_activity: [0,246948463,dev.partydeck.godot.compare/.ComparisonActivity,userLeaving=true,resumeTopActivity]
09-10 06:47:25.091  2849  2849 I wm_on_top_resumed_lost_called: [246948463,dev.partydeck.godot.compare.ComparisonActivity,topStateChangedWhenResumed]
09-10 06:47:25.102  2849  2849 I wm_on_paused_called: [246948463,dev.partydeck.godot.compare.ComparisonActivity,performPause,0]
09-10 06:47:25.103   568   618 I wm_add_to_stopping: [0,246948463,dev.partydeck.godot.compare/.ComparisonActivity,makeInvisible]
09-10 06:47:25.108   568   623 I sysui_multi_action: [757,803,799,window_time_0,802,20]
09-10 06:47:25.108   568   636 I am_proc_start: [0,3085,10148,dev.partydeck.godot.compare:godot,next-top-activity,{dev.partydeck.godot.compare/dev.partydeck.godot.compare.GodotGameActivity}]
09-10 06:47:25.164   966  1044 I viewroot_draw_event: [VRI[compare],reportDrawFinished seqId=0]
09-10 06:47:25.176   568   618 I am_proc_bound: [0,3085,dev.partydeck.godot.compare:godot]
09-10 06:47:25.193   568   715 I input_focus: [Focus leaving 10520d dev.partydeck.godot.compare/dev.partydeck.godot.compare.ComparisonActivity (server),reason=NO_WINDOW]
09-10 06:47:25.294   568   618 I wm_restart_activity: [0,51545827,8,dev.partydeck.godot.compare/.GodotGameActivity]
09-10 06:47:25.295   568   618 I wm_set_resumed_activity: [0,dev.partydeck.godot.compare/.GodotGameActivity,realStartActivityLocked - onActivityStateChanged]
09-10 06:47:25.577  2849  2849 I viewroot_draw_event: [VRI[ComparisonActivity],Not drawing due to not visible. Reason=!mAppVisible && !mForceDecorViewVisibility]
09-10 06:47:25.623   568   702 I commit_sys_config_file: [settings-2-0,9]
09-10 06:47:25.695  3085  3085 I wm_on_create_called: [51545827,dev.partydeck.godot.compare.GodotGameActivity,performCreate,354]
09-10 06:47:25.700  3085  3085 I wm_on_start_called: [51545827,dev.partydeck.godot.compare.GodotGameActivity,handleStartActivity,4]
09-10 06:47:25.702  3085  3085 I wm_on_resume_called: [51545827,dev.partydeck.godot.compare.GodotGameActivity,RESUME_ACTIVITY,0]
09-10 06:47:25.713  3085  3085 I wm_on_top_resumed_gained_called: [51545827,dev.partydeck.godot.compare.GodotGameActivity,topStateChangedWhenResumed]
09-10 06:47:25.741   568   627 I input_focus: [Focus request e51c135 dev.partydeck.godot.compare/dev.partydeck.godot.compare.GodotGameActivity,reason=UpdateInputWindows]
09-10 06:47:25.813   568   702 I commit_sys_config_file: [settings-3-0,2]
09-10 06:47:25.958   568   618 I wm_set_requested_orientation: [1,dev.partydeck.godot.compare/.GodotGameActivity]
09-10 06:47:25.965   568  1097 I wm_stop_activity: [0,246948463,dev.partydeck.godot.compare/.ComparisonActivity]
09-10 06:47:25.968  2849  2849 I wm_on_stop_called: [246948463,dev.partydeck.godot.compare.ComparisonActivity,STOP_ACTIVITY_ITEM,0]
09-10 06:47:26.651   568   702 I commit_sys_config_file: [settings-2-0,7]
09-10 06:47:26.657  3085  3121 I viewroot_draw_event: [VRI[GodotGameActivity],reportDrawFinished seqId=0]
09-10 06:47:26.659   568   623 I sysui_multi_action: [319,233,321,119,322,1592,325,64,757,761,758,7,759,2,806,dev.partydeck.godot.compare,871,dev.partydeck.godot.compare.GodotGameActivity,904,dev.partydeck.godot.compare,905,0,945,109,1320,12,1321,1]
09-10 06:47:26.660   568   623 I wm_activity_launch_time: [0,51545827,dev.partydeck.godot.compare/.GodotGameActivity,1592]
09-10 06:47:26.662   966  1019 I jank_cuj_events_begin_request: [39,1789022846661687000,65846007107,65846007190,]
09-10 06:47:26.670   966  1044 I viewroot_draw_event: [VRI[compare],Not drawing due to not visible. Reason=View.GONE]
09-10 06:47:26.711   966  1019 I jank_cuj_events_end_request: [39,1789022846667738000,65852058015,65852058113]
09-10 06:47:26.760   568   715 I input_focus: [Focus entering e51c135 dev.partydeck.godot.compare/dev.partydeck.godot.compare.GodotGameActivity (server),reason=Window became focusable. Previous reason: NOT_VISIBLE]
09-10 06:47:27.781   568   702 I commit_sys_config_file: [settings-2-0,2]
09-10 06:47:28.812   568   702 I commit_sys_config_file: [settings-2-0,2]
09-10 06:47:30.134   568   702 I commit_sys_config_file: [settings-2-0,1]
09-10 06:47:30.856   568   703 I am_freeze: [1156,com.android.settings]
09-10 06:47:31.147   568   702 I commit_sys_config_file: [settings-2-0,2]
09-10 06:47:32.159   568   702 I commit_sys_config_file: [settings-2-0,2]
09-10 06:47:33.171   568   702 I commit_sys_config_file: [settings-2-0,1]
09-10 06:47:35.127   568   703 I am_freeze: [1689,android.process.acore]
09-10 06:47:35.128   568   703 I am_freeze: [1636,android.process.media]
09-10 06:47:35.128   568   703 I am_freeze: [1816,com.android.contacts]
09-10 06:47:35.157   568   703 I am_compact: [1689,android.process.acore,ANON,128724,71804,56280,0,-9216,0,-9216,9216,28,SOME,0,915,19,46592,-3064]
09-10 06:47:35.173   568   703 I am_compact: [1636,android.process.media,ANON,116324,63360,52324,0,-4736,0,-4736,4736,13,SOME,0,955,19,49656,-1364]
09-10 06:47:35.182   568   703 I am_compact: [1816,com.android.contacts,ANON,110480,58528,51312,0,-3456,0,-3456,3456,9,SOME,0,995,19,51020,-1128]
09-10 06:47:35.285   568   702 I commit_sys_config_file: [settings-2-0,2]
09-10 06:47:35.998   568   703 I am_unfreeze: [981,com.android.permissioncontroller,6]
09-10 06:47:36.297   568   702 I commit_sys_config_file: [settings-2-0,2]
09-10 06:47:37.306   568   702 I commit_sys_config_file: [settings-2-0,2]
09-10 06:47:37.554   568   635 I am_uid_idle: 10069
09-10 06:47:38.318   568   702 I commit_sys_config_file: [settings-2-0,2]
09-10 06:47:38.695   568   635 I am_uid_idle: 10103
09-10 06:47:38.709   568   635 I am_uid_idle: 10064
09-10 06:47:38.968   568   715 I input_interaction: Interaction with: e51c135 dev.partydeck.godot.compare/dev.partydeck.godot.compare.GodotGameActivity (server), PointerEventDispatcher0 (server), 
09-10 06:47:39.428   568   702 I commit_sys_config_file: [settings-2-0,2]
09-10 06:47:39.682   568   635 I am_uid_idle: 10105
09-10 06:47:40.450   568   702 I commit_sys_config_file: [settings-2-0,2]
09-10 06:47:40.616   568   635 I am_uid_idle: 10115
09-10 06:47:40.655   568   635 I am_uid_idle: 10083
09-10 06:47:41.471   568   702 I commit_sys_config_file: [settings-2-0,2]
09-10 06:47:42.488   568   702 I commit_sys_config_file: [settings-2-0,2]
09-10 06:47:42.761   568   881 I service_manager_stats: [100,11,28881]
09-10 06:47:43.144   568   635 I am_uid_idle: 10087
09-10 06:47:43.448   568   635 I am_uid_idle: 10119
09-10 06:47:43.575   568   702 I commit_sys_config_file: [settings-2-0,1]
09-10 06:47:44.602   568   702 I commit_sys_config_file: [settings-2-0,1]
09-10 06:47:45.637   568   702 I commit_sys_config_file: [settings-2-0,2]
09-10 06:47:46.651   568   702 I commit_sys_config_file: [settings-2-0,2]
09-10 06:47:47.783   568   702 I commit_sys_config_file: [settings-2-0,2]
09-10 06:47:48.798   568   702 I commit_sys_config_file: [settings-2-0,2]
09-10 06:47:49.812   568   702 I commit_sys_config_file: [settings-2-0,2]
09-10 06:47:50.822   568   702 I commit_sys_config_file: [settings-2-0,2]
09-10 06:47:52.926   568   702 I commit_sys_config_file: [settings-2-0,2]
09-10 06:47:53.938   568   702 I commit_sys_config_file: [settings-2-0,3]
09-10 06:47:55.013   568   702 I commit_sys_config_file: [settings-2-0,2]
09-10 06:47:56.027   568   702 I commit_sys_config_file: [settings-2-0,2]
09-10 06:47:56.071   568   703 I am_freeze: [981,com.android.permissioncontroller]
09-10 06:47:56.086   568   703 I am_compact: [981,com.android.permissioncontroller,ANON,131248,78164,52316,3328,-9600,-4224,-5376,5248,14,FULL,62946,905,19,51804,-492]
09-10 06:47:57.168   568   702 I commit_sys_config_file: [settings-2-0,2]
09-10 06:47:58.180   568   702 I commit_sys_config_file: [settings-2-0,2]
09-10 06:47:58.763   568   635 I am_uid_idle: 10062
09-10 06:47:59.190   568   702 I commit_sys_config_file: [settings-2-0,2]
09-10 06:47:59.431   568   635 I am_uid_idle: 10068
09-10 06:48:00.203   568   702 I commit_sys_config_file: [settings-2-0,1]
09-10 06:48:00.543   568   635 I am_uid_idle: 10092
09-10 06:48:00.582   568   635 I am_uid_idle: 10128
09-10 06:48:00.601   568   635 I am_uid_idle: 10101
09-10 06:48:00.647   568   635 I am_uid_idle: 10067
09-10 06:48:00.673   568   635 I am_uid_idle: 10074
09-10 06:48:00.714   568   635 I am_uid_idle: 10110
09-10 06:48:00.741   568   635 I am_uid_idle: 10078
09-10 06:48:00.753   568   635 I am_uid_idle: 10077
09-10 06:48:00.951   568   635 I am_uid_idle: 10107
09-10 06:48:01.083   568   635 I am_uid_idle: 10126
09-10 06:48:01.282   568   702 I commit_sys_config_file: [settings-2-0,2]
09-10 06:48:01.360   568   635 I am_uid_idle: 10100
09-10 06:48:01.919   568   635 I am_uid_idle: 10114
09-10 06:48:02.282   568   635 I am_uid_idle: 10125
09-10 06:48:02.297   568   702 I commit_sys_config_file: [settings-2-0,2]
09-10 06:48:02.425   568   635 I am_uid_idle: 10063
09-10 06:48:02.572   568   635 I am_uid_idle: 10142
09-10 06:48:02.713   568   635 I am_uid_idle: 2000
09-10 06:48:03.310   568   702 I commit_sys_config_file: [settings-2-0,2]
09-10 06:48:04.327   568   702 I commit_sys_config_file: [settings-2-0,2]
09-10 06:48:05.463   568   702 I commit_sys_config_file: [settings-2-0,2]
09-10 06:48:06.477   568   702 I commit_sys_config_file: [settings-2-0,2]
09-10 06:48:07.484   568   702 I commit_sys_config_file: [settings-2-0,2]
09-10 06:48:08.499   568   702 I commit_sys_config_file: [settings-2-0,2]
09-10 06:48:10.591   568   702 I commit_sys_config_file: [settings-2-0,2]
09-10 06:48:11.605   568   702 I commit_sys_config_file: [settings-2-0,2]
09-10 06:48:12.620   568   702 I commit_sys_config_file: [settings-2-0,2]
09-10 06:48:13.633   568   702 I commit_sys_config_file: [settings-2-0,1]
09-10 06:48:14.762   568   702 I commit_sys_config_file: [settings-2-0,2]
09-10 06:48:15.779   568   702 I commit_sys_config_file: [settings-2-0,2]
09-10 06:48:16.784   568   702 I commit_sys_config_file: [settings-2-0,2]
09-10 06:48:17.801   568   702 I commit_sys_config_file: [settings-2-0,2]
09-10 06:48:18.748  3641  3641 I service_manager_slow: [13,window]
09-10 06:48:18.959   568   702 I commit_sys_config_file: [settings-2-0,1]
09-10 06:48:19.981   568   702 I commit_sys_config_file: [settings-2-0,2]
09-10 06:48:20.796   568  2192 I service_manager_stats: [100,20,38035]
09-10 06:48:20.999   568   702 I commit_sys_config_file: [settings-2-0,2]
09-10 06:48:22.028   568   702 I commit_sys_config_file: [settings-2-0,2]
09-10 06:48:23.168   568   702 I commit_sys_config_file: [settings-2-0,2]
09-10 06:48:24.188   568   702 I commit_sys_config_file: [settings-2-0,2]
09-10 06:48:25.221   568   702 I commit_sys_config_file: [settings-2-0,2]
09-10 06:48:26.234   568   702 I commit_sys_config_file: [settings-2-0,2]
09-10 06:48:26.593   568   703 I am_unfreeze: [1156,com.android.settings,10]
09-10 06:48:26.595   568   703 I am_unfreeze: [2097,com.android.localtransport,10]
09-10 06:48:26.595   568   703 I am_unfreeze: [1996,com.android.dynsystem:dynsystem,10]
09-10 06:48:26.595   568   703 I am_unfreeze: [1978,com.android.dynsystem,10]
09-10 06:48:26.595   568   703 I am_unfreeze: [1611,com.android.keychain,10]
09-10 06:48:28.301   568   702 I commit_sys_config_file: [settings-2-0,2]
09-10 06:48:29.316   568   702 I commit_sys_config_file: [settings-2-0,3]
09-10 06:48:30.330   568   702 I commit_sys_config_file: [settings-2-0,1]
09-10 06:48:31.346   568   702 I commit_sys_config_file: [settings-2-0,2]
09-10 06:48:32.493   568   702 I commit_sys_config_file: [settings-2-0,3]
09-10 06:48:33.506   568   702 I commit_sys_config_file: [settings-2-0,2]
09-10 06:48:34.514   568   702 I commit_sys_config_file: [settings-2-0,2]
09-10 06:48:35.532   568   702 I commit_sys_config_file: [settings-2-0,2]
09-10 06:48:36.468   568  1927 I dvm_lock_sample: [system_server,1,binder:568_F,6,WindowManagerService.java,8383,int com.android.server.wm.WindowManagerService$LocalService.getDisplayIdForWindow(android.os.IBinder),,0,null,1]
09-10 06:48:36.661   568   702 I commit_sys_config_file: [settings-2-0,2]
09-10 06:48:37.679   568   702 I commit_sys_config_file: [settings-2-0,1]
09-10 06:48:38.687   568   702 I commit_sys_config_file: [settings-2-0,2]
09-10 06:48:39.703   568   702 I commit_sys_config_file: [settings-2-0,2]
09-10 06:48:40.858   568   702 I commit_sys_config_file: [settings-2-0,2]
09-10 06:48:41.871   568   702 I commit_sys_config_file: [settings-2-0,2]
09-10 06:48:42.886   568   702 I commit_sys_config_file: [settings-2-0,2]
09-10 06:48:43.898   568   702 I commit_sys_config_file: [settings-2-0,2]
09-10 06:48:44.910   568   702 I commit_sys_config_file: [settings-2-0,2]
09-10 06:48:45.922   568   702 I commit_sys_config_file: [settings-2-0,2]
09-10 06:48:46.066   568   635 I am_uid_idle: 10139
09-10 06:48:46.648   568   703 I am_freeze: [1156,com.android.settings]
09-10 06:48:46.649   568   703 I am_freeze: [2097,com.android.localtransport]
09-10 06:48:46.649   568   703 I am_freeze: [1996,com.android.dynsystem:dynsystem]
09-10 06:48:46.649   568   703 I am_freeze: [1978,com.android.dynsystem]
09-10 06:48:46.649   568   703 I am_freeze: [1611,com.android.keychain]
09-10 06:48:47.066   568   702 I commit_sys_config_file: [settings-2-0,1]
09-10 06:48:48.081   568   702 I commit_sys_config_file: [settings-2-0,2]
09-10 06:48:49.101   568   702 I commit_sys_config_file: [settings-2-0,2]
09-10 06:48:50.112   568   702 I commit_sys_config_file: [settings-2-0,1]
09-10 06:48:51.246   568   702 I commit_sys_config_file: [settings-2-0,1]
09-10 06:48:52.269   568   702 I commit_sys_config_file: [settings-2-0,2]
09-10 06:48:53.305   568   702 I commit_sys_config_file: [settings-2-0,2]
09-10 06:48:54.319   568   702 I commit_sys_config_file: [settings-2-0,2]
09-10 06:48:55.468   568   702 I commit_sys_config_file: [settings-2-0,3]
09-10 06:48:56.479   568   702 I commit_sys_config_file: [settings-2-0,1]
09-10 06:48:57.154   568   624 I wm_task_moved: [1,1,0,1,2]
09-10 06:48:57.154   568   624 I wm_task_moved: [7,1,0,1,2147483647]
09-10 06:48:57.154   568   624 I wm_task_to_front: [0,7,0]
09-10 06:48:57.154   568   624 I wm_focused_root_task: [0,0,1,8,bringingFoundTaskToFront]
09-10 06:48:57.154   568   624 I wm_new_intent: [0,251575828,7,com.android.launcher3/.uioverrides.QuickstepLauncher,android.intent.action.MAIN,NULL,NULL,268435712]
09-10 06:48:57.155   568   624 I wm_pause_activity: [0,51545827,dev.partydeck.godot.compare/.GodotGameActivity,userLeaving=true,pauseBackTasks]
09-10 06:48:57.155   568   624 I wm_add_to_stopping: [0,51545827,dev.partydeck.godot.compare/.GodotGameActivity,makeInvisible]
09-10 06:48:57.155   568   623 I sysui_multi_action: [757,803,799,window_time_0,802,92]
09-10 06:48:57.157   568   624 I wm_set_resumed_activity: [0,com.android.launcher3/.uioverrides.QuickstepLauncher,resumeTopActivity - onActivityStateChanged]
09-10 06:48:57.157   568   624 I wm_resume_activity: [0,251575828,7,com.android.launcher3/.uioverrides.QuickstepLauncher]
09-10 06:48:57.159  3085  3085 I wm_on_top_resumed_lost_called: [51545827,dev.partydeck.godot.compare.GodotGameActivity,topStateChangedWhenResumed]
09-10 06:48:57.159  1241  1241 I wm_on_restart_called: [251575828,com.android.launcher3.uioverrides.QuickstepLauncher,performRestart,0]
09-10 06:48:57.160   568   627 I input_focus: [Requesting to set focus to null window,reason=UpdateInputWindows]
09-10 06:48:57.162  1241  1241 I wm_on_start_called: [251575828,com.android.launcher3.uioverrides.QuickstepLauncher,handleStartActivity,2]
09-10 06:48:57.162  1241  1241 I wm_on_resume_called: [251575828,com.android.launcher3.uioverrides.QuickstepLauncher,RESUME_ACTIVITY,0]
09-10 06:48:57.180   966  1019 I jank_cuj_events_end_request: [55,1789022937167536000,156351855991,156351856077]
09-10 06:48:57.184  1241  1241 I viewroot_draw_event: [VRI[QuickstepLauncher],Start draw after previous draw not visible]
09-10 06:48:57.195   568   627 I input_focus: [Focus request b935494 com.android.launcher3/com.android.launcher3.uioverrides.QuickstepLauncher,reason=UpdateInputWindows]
09-10 06:48:57.202  3085  3085 I wm_on_paused_called: [51545827,dev.partydeck.godot.compare.GodotGameActivity,performPause,43]
09-10 06:48:57.231   568   715 I input_focus: [Focus leaving e51c135 dev.partydeck.godot.compare/dev.partydeck.godot.compare.GodotGameActivity (server),reason=NO_WINDOW]
09-10 06:48:57.273  1241  1241 I viewroot_draw_event: [VRI[QuickstepLauncher],reportDrawFinished seqId=0]
09-10 06:48:57.274  1241  1241 I wm_on_top_resumed_gained_called: [251575828,com.android.launcher3.uioverrides.QuickstepLauncher,topStateChangedWhenResumed]
09-10 06:48:57.286   568   623 I sysui_multi_action: [319,132,322,127,325,156,757,761,758,9,759,2,806,com.android.launcher3,871,com.android.launcher3.uioverrides.QuickstepLauncher,905,0,1320,4,1321,23]
09-10 06:48:57.332  1241  1258 I jank_cuj_events_end_request: [78,1789022937332073000,156516392881,156516392974]
09-10 06:48:57.334  1241  1258 I jank_cuj_events_begin_request: [78,1789022937332749000,156517068325,156517068379,]
09-10 06:48:57.491   568   715 I input_focus: [Focus entering b935494 com.android.launcher3/com.android.launcher3.uioverrides.QuickstepLauncher (server),reason=Window became focusable. Previous reason: NOT_VISIBLE]
09-10 06:48:57.655   568   619 I dvm_lock_sample: [system_server,0,binder:568_2,377,ActivityClientController.java,179,void com.android.server.wm.ActivityClientController.activityIdle(android.os.IBinder, android.content.res.Configuration, boolean),WindowSurfacePlacer.java,58,void com.android.server.wm.WindowSurfacePlacer$Traverser.run(),75]
09-10 06:48:57.656   568  2211 I dvm_lock_sample: [system_server,1,binder:568_15,368,ActivityTaskManagerService.java,5751,void com.android.server.wm.ActivityTaskManagerService.setRunningRemoteTransitionDelegate(android.app.IApplicationThread),WindowSurfacePlacer.java,58,void com.android.server.wm.WindowSurfacePlacer$Traverser.run(),73]
09-10 06:48:57.657   568  1137 I dvm_lock_sample: [system_server,1,binder:568_B,349,ActivityTaskManagerService.java,1998,android.app.ActivityTaskManager$RootTaskInfo com.android.server.wm.ActivityTaskManagerService.getFocusedRootTaskInfo(),WindowSurfacePlacer.java,58,void com.android.server.wm.WindowSurfacePlacer$Traverser.run(),69]
09-10 06:48:57.658   568   626 I dvm_lock_sample: [system_server,1,android.display,374,WindowManagerService.java,5826,void com.android.server.wm.WindowManagerService$H.handleMessage(android.os.Message),WindowSurfacePlacer.java,58,void com.android.server.wm.WindowSurfacePlacer$Traverser.run(),74]
09-10 06:48:57.658   568   627 I wm_wallpaper_surface: [0,1,Window{b935494 u0 com.android.launcher3/com.android.launcher3.uioverrides.QuickstepLauncher}]
09-10 06:48:57.663   568   626 I wm_stop_activity: [0,51545827,dev.partydeck.godot.compare/.GodotGameActivity]
09-10 06:48:57.786  3085  3085 I viewroot_draw_event: [VRI[GodotGameActivity],applyTransactionOnDraw applyImmediately]
09-10 06:48:57.786  3085  3085 I viewroot_draw_event: [VRI[GodotGameActivity],applyTransactionOnDraw applyImmediately]
09-10 06:48:57.786  3085  3085 I viewroot_draw_event: [VRI[GodotGameActivity],Not drawing due to not visible. Reason=!mAppVisible && !mForceDecorViewVisibility]
09-10 06:48:57.790  3085  3085 I wm_on_stop_called: [51545827,dev.partydeck.godot.compare.GodotGameActivity,STOP_ACTIVITY_ITEM,1]
09-10 06:48:57.800  3085  3085 I viewroot_draw_event: [VRI[GodotGameActivity],applyTransactionOnDraw applyImmediately]
09-10 06:48:57.861   568   702 I commit_sys_config_file: [settings-2-0,2]
09-10 06:48:58.889   568   702 I commit_sys_config_file: [settings-2-0,2]
09-10 06:48:59.926   568   702 I commit_sys_config_file: [settings-2-0,2]
09-10 06:49:00.940   568   702 I commit_sys_config_file: [settings-2-0,2]
09-10 06:49:01.931   568   702 I commit_sys_config_file: [settings-2-0,2]
09-10 06:49:02.943   568   702 I commit_sys_config_file: [settings-2-0,2]
09-10 06:49:05.232   966  1019 I jank_cuj_events_end_request: [55,1789022945231843000,164416162428,164416162480]
09-10 06:49:05.668   568   702 I commit_sys_config_file: [settings-2-0,1]
09-10 06:49:06.683   568   702 I commit_sys_config_file: [settings-2-0,2]
09-10 06:49:06.889   568   881 I service_manager_stats: [100,23,46094]
09-10 06:49:07.181   568   703 I am_freeze: [2849,dev.partydeck.godot.compare]
09-10 06:49:07.232   568   703 I am_compact: [2849,dev.partydeck.godot.compare,ANON,155216,78080,63440,0,-23808,0,-23808,23936,51,SOME,0,900,16,52284,-10324]
09-10 06:49:07.671   568   702 I commit_sys_config_file: [settings-2-0,1]
09-10 06:49:08.685   568   702 I commit_sys_config_file: [settings-2-0,2]
09-10 06:49:10.093   568  1097 I wm_task_moved: [8,8,0,1,2]
09-10 06:49:10.093   568  1097 I wm_task_to_front: [0,8,0]
09-10 06:49:10.094   568  1097 I wm_focused_root_task: [0,0,8,1,setFocusedTask]
09-10 06:49:10.094  1241  1241 I wm_on_top_resumed_lost_called: [251575828,com.android.launcher3.uioverrides.QuickstepLauncher,topStateChangedWhenResumed]
09-10 06:49:10.094   568  1097 I wm_pause_activity: [0,251575828,com.android.launcher3/.uioverrides.QuickstepLauncher,userLeaving=false,pauseBackTasks]
09-10 06:49:10.098  1241  1241 I wm_on_paused_called: [251575828,com.android.launcher3.uioverrides.QuickstepLauncher,performPause,3]
09-10 06:49:10.101   568   619 I wm_set_resumed_activity: [0,dev.partydeck.godot.compare/.GodotGameActivity,resumeTopActivity - onActivityStateChanged]
09-10 06:49:10.101   568   619 I wm_add_to_stopping: [0,251575828,com.android.launcher3/.uioverrides.QuickstepLauncher,makeInvisible]
09-10 06:49:10.101   568   619 I wm_resume_activity: [0,51545827,8,dev.partydeck.godot.compare/.GodotGameActivity]
09-10 06:49:10.102   568   627 I input_focus: [Requesting to set focus to null window,reason=UpdateInputWindows]
09-10 06:49:10.107  3085  3085 I wm_on_restart_called: [51545827,dev.partydeck.godot.compare.GodotGameActivity,performRestart,0]
09-10 06:49:10.109  3085  3085 I wm_on_start_called: [51545827,dev.partydeck.godot.compare.GodotGameActivity,handleStartActivity,1]
09-10 06:49:10.109   568   623 I sysui_multi_action: [757,803,799,window_time_0,802,13]
09-10 06:49:10.114  3085  3085 I wm_on_resume_called: [51545827,dev.partydeck.godot.compare.GodotGameActivity,RESUME_ACTIVITY,5]
09-10 06:49:10.115  3085  3085 I wm_on_top_resumed_gained_called: [51545827,dev.partydeck.godot.compare.GodotGameActivity,topWhenResuming]
09-10 06:49:10.122  3085  3085 I viewroot_draw_event: [VRI[GodotGameActivity],applyTransactionOnDraw applyImmediately]
09-10 06:49:10.132  3085  3085 I viewroot_draw_event: [VRI[GodotGameActivity],applyTransactionOnDraw applyImmediately]
09-10 06:49:10.136   568   715 I input_focus: [Focus leaving b935494 com.android.launcher3/com.android.launcher3.uioverrides.QuickstepLauncher (server),reason=NO_WINDOW]
09-10 06:49:10.148  3085  3085 I viewroot_draw_event: [VRI[GodotGameActivity],applyTransactionOnDraw applyImmediately]
09-10 06:49:10.154   568   627 I input_focus: [Focus request e51c135 dev.partydeck.godot.compare/dev.partydeck.godot.compare.GodotGameActivity,reason=UpdateInputWindows]
09-10 06:49:10.156  3085  3085 I viewroot_draw_event: [VRI[GodotGameActivity],Start draw after previous draw not visible]
09-10 06:49:10.415  3085  3121 I viewroot_draw_event: [VRI[GodotGameActivity],reportDrawFinished seqId=0]
09-10 06:49:10.448   568   626 I wm_stop_activity: [0,251575828,com.android.launcher3/.uioverrides.QuickstepLauncher]
09-10 06:49:10.465  1241  1241 I viewroot_draw_event: [VRI[QuickstepLauncher],Not drawing due to not visible. Reason=!mAppVisible && !mForceDecorViewVisibility]
09-10 06:49:10.471   568   627 I wm_wallpaper_surface: [0,0,null]
09-10 06:49:10.477  1241  1241 I wm_on_stop_called: [251575828,com.android.launcher3.uioverrides.QuickstepLauncher,STOP_ACTIVITY_ITEM,6]
09-10 06:49:10.535   568   715 I input_focus: [Focus entering e51c135 dev.partydeck.godot.compare/dev.partydeck.godot.compare.GodotGameActivity (server),reason=Window became focusable. Previous reason: NOT_VISIBLE]
09-10 06:49:10.631   568   702 I commit_sys_config_file: [settings-2-0,7]
09-10 06:49:12.182   568   702 I commit_sys_config_file: [settings-2-0,1]
09-10 06:49:13.198   568   702 I commit_sys_config_file: [settings-2-0,1]
09-10 06:49:14.213   568   702 I commit_sys_config_file: [settings-2-0,2]
09-10 06:49:15.359   568   702 I commit_sys_config_file: [settings-2-0,3]
09-10 06:49:16.371   568   702 I commit_sys_config_file: [settings-2-0,3]
09-10 06:49:17.405   568   702 I commit_sys_config_file: [settings-2-0,3]
09-10 06:49:18.417   568   702 I commit_sys_config_file: [settings-2-0,1]
09-10 06:49:20.482   568   702 I commit_sys_config_file: [settings-2-0,2]
09-10 06:49:21.500   568   702 I commit_sys_config_file: [settings-2-0,1]
09-10 06:49:22.508   568   702 I commit_sys_config_file: [settings-2-0,3]
09-10 06:49:23.519   568   702 I commit_sys_config_file: [settings-2-0,2]
09-10 06:49:24.665   568   702 I commit_sys_config_file: [settings-2-0,2]
09-10 06:49:25.687   568   702 I commit_sys_config_file: [settings-2-0,3]
09-10 06:49:26.494   568  1137 I force_gc: Binder
09-10 06:49:26.693   568   702 I commit_sys_config_file: [settings-2-0,2]
09-10 06:49:27.706   568   702 I commit_sys_config_file: [settings-2-0,2]
09-10 06:49:28.788   568   702 I commit_sys_config_file: [settings-2-0,2]
09-10 06:49:29.820   568   702 I commit_sys_config_file: [settings-2-0,2]
09-10 06:49:30.832   568   702 I commit_sys_config_file: [settings-2-0,3]
09-10 06:49:31.846   568   702 I commit_sys_config_file: [settings-2-0,2]
09-10 06:49:33.009   568   702 I commit_sys_config_file: [settings-2-0,2]
09-10 06:49:34.025   568   702 I commit_sys_config_file: [settings-2-0,2]
09-10 06:49:35.030   568   702 I commit_sys_config_file: [settings-2-0,2]
09-10 06:49:36.042   568   702 I commit_sys_config_file: [settings-2-0,2]
09-10 06:49:37.063   568   702 I commit_sys_config_file: [settings-2-0,2]
09-10 06:49:38.079   568   702 I commit_sys_config_file: [settings-2-0,2]
09-10 06:49:39.228   568   702 I commit_sys_config_file: [settings-2-0,2]
09-10 06:49:40.241   568   702 I commit_sys_config_file: [settings-2-0,2]
09-10 06:49:41.253   568   702 I commit_sys_config_file: [settings-2-0,2]
09-10 06:49:42.264   568   702 I commit_sys_config_file: [settings-2-0,2]
09-10 06:49:43.231  4483  4483 I service_manager_slow: [10,window]
09-10 06:49:43.441   568   702 I commit_sys_config_file: [settings-2-0,3]
09-10 06:49:44.456   568   702 I commit_sys_config_file: [settings-2-0,2]
09-10 06:49:45.473   568   702 I commit_sys_config_file: [settings-2-0,3]
09-10 06:49:46.486   568   702 I commit_sys_config_file: [settings-2-0,2]
09-10 06:49:47.649   568   702 I commit_sys_config_file: [settings-2-0,1]
09-10 06:49:48.664   568   702 I commit_sys_config_file: [settings-2-0,2]
09-10 06:49:49.679   568   702 I commit_sys_config_file: [settings-2-0,1]
09-10 06:49:50.692   568   702 I commit_sys_config_file: [settings-2-0,2]
09-10 06:49:51.716   568   702 I commit_sys_config_file: [settings-2-0,2]
09-10 06:49:52.730   568   702 I commit_sys_config_file: [settings-2-0,2]
09-10 06:49:53.883   568   702 I commit_sys_config_file: [settings-2-0,3]
09-10 06:49:54.894   568   702 I commit_sys_config_file: [settings-2-0,2]
09-10 06:49:54.956   568   881 I service_manager_stats: [100,14,48066]
09-10 06:49:55.916   568   702 I commit_sys_config_file: [settings-2-0,2]
09-10 06:49:56.932   568   702 I commit_sys_config_file: [settings-2-0,2]
09-10 06:49:58.007   568   702 I commit_sys_config_file: [settings-2-0,12]
09-10 06:49:59.552   568   702 I commit_sys_config_file: [settings-2-0,2]
09-10 06:50:00.568   568   702 I commit_sys_config_file: [settings-2-0,2]
09-10 06:50:01.581   568   702 I commit_sys_config_file: [settings-2-0,2]
09-10 06:50:02.730   568   702 I commit_sys_config_file: [settings-2-0,2]
09-10 06:50:03.745   568   702 I commit_sys_config_file: [settings-2-0,2]
09-10 06:50:04.761   568   702 I commit_sys_config_file: [settings-2-0,2]
09-10 06:50:05.773   568   702 I commit_sys_config_file: [settings-2-0,3]
09-10 06:50:06.790   568   702 I commit_sys_config_file: [settings-2-0,2]
09-10 06:50:07.805   568   702 I commit_sys_config_file: [settings-2-0,3]
09-10 06:50:08.949   568   702 I commit_sys_config_file: [settings-2-0,2]
09-10 06:50:09.984   568   702 I commit_sys_config_file: [settings-2-0,2]
09-10 06:50:10.117   568   703 I am_unfreeze: [1156,com.android.settings,10]
09-10 06:50:10.118   568   703 I am_unfreeze: [2097,com.android.localtransport,10]
09-10 06:50:10.118   568   703 I am_unfreeze: [1996,com.android.dynsystem:dynsystem,10]
09-10 06:50:10.118   568   703 I am_unfreeze: [1978,com.android.dynsystem,10]
09-10 06:50:10.118   568   703 I am_unfreeze: [1611,com.android.keychain,10]
09-10 06:50:11.001   568   702 I commit_sys_config_file: [settings-2-0,1]
09-10 06:50:12.016   568   702 I commit_sys_config_file: [settings-2-0,2]
09-10 06:50:14.069   568   702 I commit_sys_config_file: [settings-2-0,2]
09-10 06:50:15.084   568   702 I commit_sys_config_file: [settings-2-0,2]
09-10 06:50:17.151   568   702 I commit_sys_config_file: [settings-2-0,2]
09-10 06:50:18.166   568   702 I commit_sys_config_file: [settings-2-0,1]
09-10 06:50:19.177   568   702 I commit_sys_config_file: [settings-2-0,2]
09-10 06:50:20.189   568   702 I commit_sys_config_file: [settings-2-0,2]
09-10 06:50:21.304   568   702 I commit_sys_config_file: [settings-2-0,2]
09-10 06:50:22.315   568   702 I commit_sys_config_file: [settings-2-0,2]
09-10 06:50:23.327   568   702 I commit_sys_config_file: [settings-2-0,2]
09-10 06:50:24.340   568   702 I commit_sys_config_file: [settings-2-0,2]
09-10 06:50:25.399   568   702 I commit_sys_config_file: [settings-2-0,2]
09-10 06:50:26.966   568   702 I commit_sys_config_file: [settings-2-0,2]
09-10 06:50:27.970   568   702 I commit_sys_config_file: [settings-2-0,2]
09-10 06:50:28.982   568   702 I commit_sys_config_file: [settings-2-0,2]
09-10 06:50:30.124   568   702 I commit_sys_config_file: [settings-2-0,2]
09-10 06:50:30.161   568   703 I am_freeze: [1156,com.android.settings]
09-10 06:50:30.161   568   703 I am_freeze: [2097,com.android.localtransport]
09-10 06:50:30.162   568   703 I am_freeze: [1996,com.android.dynsystem:dynsystem]
09-10 06:50:30.162   568   703 I am_freeze: [1978,com.android.dynsystem]
09-10 06:50:30.162   568   703 I am_freeze: [1611,com.android.keychain]
09-10 06:50:31.138   568   702 I commit_sys_config_file: [settings-2-0,2]
09-10 06:50:32.150   568   702 I commit_sys_config_file: [settings-2-0,2]
09-10 06:50:33.164   568   702 I commit_sys_config_file: [settings-2-0,2]
09-10 06:50:34.178   568   702 I commit_sys_config_file: [settings-2-0,2]
09-10 06:50:35.189   568   702 I commit_sys_config_file: [settings-2-0,3]
09-10 06:50:36.330   568   702 I commit_sys_config_file: [settings-2-0,2]
09-10 06:50:37.344   568   702 I commit_sys_config_file: [settings-2-0,2]
09-10 06:50:38.355   568   702 I commit_sys_config_file: [settings-2-0,2]
09-10 06:50:39.367   568   702 I commit_sys_config_file: [settings-2-0,2]
09-10 06:50:41.176   568  2211 I service_manager_stats: [100,14,46220]
09-10 06:50:41.380   568   702 I commit_sys_config_file: [settings-2-0,2]
09-10 06:50:42.392   568   702 I commit_sys_config_file: [settings-2-0,1]
09-10 06:50:43.408   568   702 I commit_sys_config_file: [settings-2-0,2]
09-10 06:50:44.421   568   702 I commit_sys_config_file: [settings-2-0,1]
09-10 06:50:45.511   568   702 I commit_sys_config_file: [settings-2-0,2]
09-10 06:50:46.531   568   702 I commit_sys_config_file: [settings-2-0,1]
09-10 06:50:47.558   568   702 I commit_sys_config_file: [settings-2-0,2]
09-10 06:50:48.569   568   702 I commit_sys_config_file: [settings-2-0,2]
09-10 06:50:49.700   568   702 I commit_sys_config_file: [settings-2-0,18]
09-10 06:50:51.183   568   702 I commit_sys_config_file: [settings-2-0,2]
09-10 06:50:52.212   568   702 I commit_sys_config_file: [settings-2-0,3]
09-10 06:50:53.225   568   702 I commit_sys_config_file: [settings-2-0,3]
09-10 06:50:54.322   568   702 I commit_sys_config_file: [settings-2-0,1]
09-10 06:50:55.336   568   702 I commit_sys_config_file: [settings-2-0,2]
09-10 06:50:56.343   568   702 I commit_sys_config_file: [settings-2-0,2]
09-10 06:50:57.357   568   702 I commit_sys_config_file: [settings-2-0,3]
09-10 06:50:58.365   568   702 I commit_sys_config_file: [settings-2-0,2]
09-10 06:50:59.377   568   702 I commit_sys_config_file: [settings-2-0,2]
09-10 06:51:00.522   568   702 I commit_sys_config_file: [settings-2-0,2]
09-10 06:51:01.535   568   702 I commit_sys_config_file: [settings-2-0,3]
09-10 06:51:02.549   568   702 I commit_sys_config_file: [settings-2-0,3]
09-10 06:51:03.568   568   702 I commit_sys_config_file: [settings-2-0,2]
09-10 06:51:04.574   568   702 I commit_sys_config_file: [settings-2-0,2]
09-10 06:51:05.585   568   702 I commit_sys_config_file: [settings-2-0,2]
09-10 06:51:06.722   568   702 I commit_sys_config_file: [settings-2-0,1]
09-10 06:51:07.734   568   702 I commit_sys_config_file: [settings-2-0,2]
09-10 06:51:08.743   568   702 I commit_sys_config_file: [settings-2-0,2]
09-10 06:51:09.753   568   702 I commit_sys_config_file: [settings-2-0,2]
09-10 06:51:10.910   568   702 I commit_sys_config_file: [settings-2-0,27]
09-10 06:51:12.355   568   702 I commit_sys_config_file: [settings-2-0,2]
09-10 06:51:13.372   568   702 I commit_sys_config_file: [settings-2-0,3]
09-10 06:51:14.383   568   702 I commit_sys_config_file: [settings-2-0,1]
09-10 06:51:15.514   568   702 I commit_sys_config_file: [settings-2-0,1]
09-10 06:51:16.526   568   702 I commit_sys_config_file: [settings-2-0,2]
09-10 06:51:17.535   568   702 I commit_sys_config_file: [settings-2-0,2]
09-10 06:51:18.550   568   702 I commit_sys_config_file: [settings-2-0,2]
09-10 06:51:19.561   568   702 I commit_sys_config_file: [settings-2-0,3]
09-10 06:51:20.573   568   702 I commit_sys_config_file: [settings-2-0,2]
09-10 06:51:21.701   568   702 I commit_sys_config_file: [settings-2-0,2]
09-10 06:51:22.716   568   702 I commit_sys_config_file: [settings-2-0,2]
09-10 06:51:23.725   568   702 I commit_sys_config_file: [settings-2-0,2]
09-10 06:51:24.738   568   702 I commit_sys_config_file: [settings-2-0,2]
09-10 06:51:25.756   568   702 I commit_sys_config_file: [settings-2-0,3]
09-10 06:51:26.769   568   702 I commit_sys_config_file: [settings-2-0,2]
09-10 06:51:27.917   568   702 I commit_sys_config_file: [settings-2-0,2]
09-10 06:51:28.095   568   881 I service_manager_stats: [100,13,46919]
09-10 06:51:28.931   568   702 I commit_sys_config_file: [settings-2-0,2]
09-10 06:51:29.939   568   702 I commit_sys_config_file: [settings-2-0,2]
09-10 06:51:30.954   568   702 I commit_sys_config_file: [settings-2-0,2]
09-10 06:51:32.069   568   702 I commit_sys_config_file: [settings-2-0,17]
09-10 06:51:33.100   568   702 I commit_sys_config_file: [settings-2-0,2]
09-10 06:51:34.103   568   702 I commit_sys_config_file: [settings-2-0,2]
09-10 06:51:35.114   568   702 I commit_sys_config_file: [settings-2-0,3]
09-10 06:51:36.247   568   702 I commit_sys_config_file: [settings-2-0,2]
09-10 06:51:37.261   568   702 I commit_sys_config_file: [settings-2-0,2]
09-10 06:51:38.271   568   702 I commit_sys_config_file: [settings-2-0,3]
09-10 06:51:39.282   568   702 I commit_sys_config_file: [settings-2-0,2]
09-10 06:51:40.297   568   702 I commit_sys_config_file: [settings-2-0,1]
09-10 06:51:41.313   568   702 I commit_sys_config_file: [settings-2-0,2]
09-10 06:51:42.429   568   702 I commit_sys_config_file: [settings-2-0,2]
09-10 06:51:43.448   568   702 I commit_sys_config_file: [settings-2-0,2]
09-10 06:51:44.459   568   702 I commit_sys_config_file: [settings-2-0,4]
09-10 06:51:45.470   568   702 I commit_sys_config_file: [settings-2-0,2]
09-10 06:51:47.496   568   702 I commit_sys_config_file: [settings-2-0,2]
09-10 06:51:48.508   568   702 I commit_sys_config_file: [settings-2-0,3]
09-10 06:51:49.519   568   702 I commit_sys_config_file: [settings-2-0,2]
09-10 06:51:50.532   568   702 I commit_sys_config_file: [settings-2-0,2]
09-10 06:51:51.662   568   702 I commit_sys_config_file: [settings-2-0,2]
09-10 06:51:52.675   568   702 I commit_sys_config_file: [settings-2-0,1]
09-10 06:51:53.683   568   702 I commit_sys_config_file: [settings-2-0,2]
09-10 06:51:54.699   568   702 I commit_sys_config_file: [settings-2-0,1]
09-10 06:51:55.862   568   702 I commit_sys_config_file: [settings-2-0,1]
09-10 06:51:56.891   568   702 I commit_sys_config_file: [settings-2-0,3]
09-10 06:51:57.896   568   702 I commit_sys_config_file: [settings-2-0,2]
09-10 06:51:58.909   568   702 I commit_sys_config_file: [settings-2-0,2]
09-10 06:52:00.066   568   702 I commit_sys_config_file: [settings-2-0,6]
09-10 06:52:01.075   568   702 I commit_sys_config_file: [settings-2-0,1]
09-10 06:52:01.884   568  1137 I force_gc: Binder
09-10 06:52:02.085   568   702 I commit_sys_config_file: [settings-2-0,2]
09-10 06:52:03.101   568   702 I commit_sys_config_file: [settings-2-0,2]
09-10 06:52:04.106   568   702 I commit_sys_config_file: [settings-2-0,2]
09-10 06:52:05.120   568   702 I commit_sys_config_file: [settings-2-0,2]
09-10 06:52:06.246   568   702 I commit_sys_config_file: [settings-2-0,2]
09-10 06:52:07.257   568   702 I commit_sys_config_file: [settings-2-0,2]
09-10 06:52:08.264   568   702 I commit_sys_config_file: [settings-2-0,2]
09-10 06:52:09.274   568   702 I commit_sys_config_file: [settings-2-0,2]
09-10 06:52:10.278   568   702 I commit_sys_config_file: [settings-2-0,1]
09-10 06:52:11.291   568   702 I commit_sys_config_file: [settings-2-0,2]
09-10 06:52:12.437   568   702 I commit_sys_config_file: [settings-2-0,2]
09-10 06:52:13.167   568   881 I service_manager_stats: [100,16,45072]
09-10 06:52:13.450   568   702 I commit_sys_config_file: [settings-2-0,2]
09-10 06:52:14.459   568   702 I commit_sys_config_file: [settings-2-0,2]
09-10 06:52:15.472   568   702 I commit_sys_config_file: [settings-2-0,2]
09-10 06:52:16.570   568   702 I commit_sys_config_file: [settings-2-0,2]
09-10 06:52:17.583   568   702 I commit_sys_config_file: [settings-2-0,2]
09-10 06:52:18.600   568   702 I commit_sys_config_file: [settings-2-0,2]
09-10 06:52:19.612   568   702 I commit_sys_config_file: [settings-2-0,2]
09-10 06:52:20.755   568   702 I commit_sys_config_file: [settings-2-0,3]
09-10 06:52:21.767   568   702 I commit_sys_config_file: [settings-2-0,2]
09-10 06:52:22.784   568   702 I commit_sys_config_file: [settings-2-0,2]
09-10 06:52:23.798   568   702 I commit_sys_config_file: [settings-2-0,1]
09-10 06:52:24.828   568   702 I commit_sys_config_file: [settings-2-0,3]
09-10 06:52:25.840   568   702 I commit_sys_config_file: [settings-2-0,2]
09-10 06:52:26.992   568   702 I commit_sys_config_file: [settings-2-0,2]
09-10 06:52:28.007   568   702 I commit_sys_config_file: [settings-2-0,2]
09-10 06:52:29.015   568   702 I commit_sys_config_file: [settings-2-0,2]
09-10 06:52:30.027   568   702 I commit_sys_config_file: [settings-2-0,2]
09-10 06:52:31.131   568   702 I commit_sys_config_file: [settings-2-0,2]
09-10 06:52:32.146   568   702 I commit_sys_config_file: [settings-2-0,1]
09-10 06:52:33.161   568   702 I commit_sys_config_file: [settings-2-0,2]
09-10 06:52:34.172   568   702 I commit_sys_config_file: [settings-2-0,2]
09-10 06:52:35.304   568   702 I commit_sys_config_file: [settings-2-0,2]
09-10 06:52:36.318   568   702 I commit_sys_config_file: [settings-2-0,3]
09-10 06:52:37.349   568   702 I commit_sys_config_file: [settings-2-0,2]
09-10 06:52:38.369   568   702 I commit_sys_config_file: [settings-2-0,2]
09-10 06:52:39.382   568   702 I commit_sys_config_file: [settings-2-0,2]
09-10 06:52:40.397   568   702 I commit_sys_config_file: [settings-2-0,1]
09-10 06:52:41.527   568   702 I commit_sys_config_file: [settings-2-0,2]
09-10 06:52:42.538   568   702 I commit_sys_config_file: [settings-2-0,1]
09-10 06:52:43.555   568   702 I commit_sys_config_file: [settings-2-0,3]
09-10 06:52:44.566   568   702 I commit_sys_config_file: [settings-2-0,2]
09-10 06:52:45.711   568   702 I commit_sys_config_file: [settings-2-0,5]
09-10 06:52:47.165   568   702 I commit_sys_config_file: [settings-2-0,2]
09-10 06:52:48.171   568   702 I commit_sys_config_file: [settings-2-0,2]
09-10 06:52:49.181   568   702 I commit_sys_config_file: [settings-2-0,2]
09-10 06:52:50.308   568   702 I commit_sys_config_file: [settings-2-0,2]
09-10 06:52:51.318   568   702 I commit_sys_config_file: [settings-2-0,2]
09-10 06:52:52.325   568   702 I commit_sys_config_file: [settings-2-0,2]
09-10 06:52:53.341   568   702 I commit_sys_config_file: [settings-2-0,2]
09-10 06:52:54.345   568   702 I commit_sys_config_file: [settings-2-0,2]
09-10 06:52:55.356   568   702 I commit_sys_config_file: [settings-2-0,2]
09-10 06:52:56.503   568   702 I commit_sys_config_file: [settings-2-0,2]
09-10 06:52:57.518   568   702 I commit_sys_config_file: [settings-2-0,2]
09-10 06:52:58.532   568   702 I commit_sys_config_file: [settings-2-0,2]
09-10 06:52:59.545   568   702 I commit_sys_config_file: [settings-2-0,3]
09-10 06:53:00.561   568   702 I commit_sys_config_file: [settings-2-0,2]
09-10 06:53:01.262   568   881 I service_manager_stats: [100,32,48095]
09-10 06:53:01.573   568   702 I commit_sys_config_file: [settings-2-0,2]
09-10 06:53:02.729   568   702 I commit_sys_config_file: [settings-2-0,3]
09-10 06:53:03.741   568   702 I commit_sys_config_file: [settings-2-0,1]
09-10 06:53:04.751   568   702 I commit_sys_config_file: [settings-2-0,2]
09-10 06:53:05.761   568   702 I commit_sys_config_file: [settings-2-0,1]
09-10 06:53:06.905   568   702 I commit_sys_config_file: [settings-2-0,6]
09-10 06:53:08.376   568   702 I commit_sys_config_file: [settings-2-0,2]
09-10 06:53:09.385   568   702 I commit_sys_config_file: [settings-2-0,2]
09-10 06:53:10.398   568   702 I commit_sys_config_file: [settings-2-0,2]
09-10 06:53:11.529   568   702 I commit_sys_config_file: [settings-2-0,1]
09-10 06:53:12.543   568   702 I commit_sys_config_file: [settings-2-0,2]
09-10 06:53:13.556   568   702 I commit_sys_config_file: [settings-2-0,2]
09-10 06:53:14.569   568   702 I commit_sys_config_file: [settings-2-0,2]
09-10 06:53:15.578   568   702 I commit_sys_config_file: [settings-2-0,2]
09-10 06:53:16.592   568   702 I commit_sys_config_file: [settings-2-0,2]
09-10 06:53:17.726   568   702 I commit_sys_config_file: [settings-2-0,2]
09-10 06:53:18.739   568   702 I commit_sys_config_file: [settings-2-0,1]
09-10 06:53:19.747   568   702 I commit_sys_config_file: [settings-2-0,2]
09-10 06:53:20.758   568   702 I commit_sys_config_file: [settings-2-0,2]
09-10 06:53:21.770   568   702 I commit_sys_config_file: [settings-2-0,2]
09-10 06:53:22.783   568   702 I commit_sys_config_file: [settings-2-0,3]
09-10 06:53:23.666   568  1137 I dvm_lock_sample: [system_server,1,binder:568_B,5,WindowManagerService.java,8383,int com.android.server.wm.WindowManagerService$LocalService.getDisplayIdForWindow(android.os.IBinder),-,8495,void com.android.server.wm.WindowManagerService$LocalService.setAccessibilityIdToSurfaceMetadata(android.os.IBinder, int),1]
09-10 06:53:23.860   568   702 I commit_sys_config_file: [settings-2-0,2]
09-10 06:53:24.881   568   702 I commit_sys_config_file: [settings-2-0,2]
09-10 06:53:25.897   568   702 I commit_sys_config_file: [settings-2-0,2]
09-10 06:53:26.906   568   702 I commit_sys_config_file: [settings-2-0,2]
09-10 06:53:28.047   568   702 I commit_sys_config_file: [settings-2-0,14]
09-10 06:53:29.513   568   702 I commit_sys_config_file: [settings-2-0,2]
09-10 06:53:30.526   568   702 I commit_sys_config_file: [settings-2-0,2]
09-10 06:53:31.539   568   702 I commit_sys_config_file: [settings-2-0,3]
09-10 06:53:32.446  6779  6779 I service_manager_slow: [10,window]
09-10 06:53:32.652   568   702 I commit_sys_config_file: [settings-2-0,2]
09-10 06:53:33.670   568   702 I commit_sys_config_file: [settings-2-0,1]
09-10 06:53:34.716   568   702 I commit_sys_config_file: [settings-2-0,3]
09-10 06:53:35.728   568   702 I commit_sys_config_file: [settings-2-0,1]
09-10 06:53:36.752   568   702 I commit_sys_config_file: [settings-2-0,2]
09-10 06:53:37.764   568   702 I commit_sys_config_file: [settings-2-0,1]
09-10 06:53:38.905   568   702 I commit_sys_config_file: [settings-2-0,2]
09-10 06:53:39.919   568   702 I commit_sys_config_file: [settings-2-0,2]
09-10 06:53:40.937   568   702 I commit_sys_config_file: [settings-2-0,1]
09-10 06:53:41.948   568   702 I commit_sys_config_file: [settings-2-0,2]
09-10 06:53:42.961   568   702 I commit_sys_config_file: [settings-2-0,1]
09-10 06:53:43.974   568   702 I commit_sys_config_file: [settings-2-0,1]
09-10 06:53:45.123   568   702 I commit_sys_config_file: [settings-2-0,3]
09-10 06:53:46.134   568   702 I commit_sys_config_file: [settings-2-0,2]
09-10 06:53:46.937   568  2210 I service_manager_stats: [100,28,45676]
09-10 06:53:47.140   568   702 I commit_sys_config_file: [settings-2-0,2]
09-10 06:53:48.152   568   702 I commit_sys_config_file: [settings-2-0,2]
09-10 06:53:49.295   568   702 I commit_sys_config_file: [settings-2-0,19]
09-10 06:53:50.762   568   702 I commit_sys_config_file: [settings-2-0,2]
09-10 06:53:51.773   568   702 I commit_sys_config_file: [settings-2-0,2]
09-10 06:53:52.786   568   702 I commit_sys_config_file: [settings-2-0,2]
09-10 06:53:53.710   966  1008 I force_gc: Binder
09-10 06:53:53.910   568   702 I commit_sys_config_file: [settings-2-0,2]
09-10 06:53:54.921   568   702 I commit_sys_config_file: [settings-2-0,2]
09-10 06:53:55.927   568   702 I commit_sys_config_file: [settings-2-0,2]
09-10 06:53:56.941   568   702 I commit_sys_config_file: [settings-2-0,2]
09-10 06:53:57.951   568   702 I commit_sys_config_file: [settings-2-0,2]
09-10 06:53:58.962   568   702 I commit_sys_config_file: [settings-2-0,2]
09-10 06:54:00.101   568   702 I commit_sys_config_file: [settings-2-0,1]
09-10 06:54:01.114   568   702 I commit_sys_config_file: [settings-2-0,2]
09-10 06:54:02.128   568   702 I commit_sys_config_file: [settings-2-0,2]
09-10 06:54:03.139   568   702 I commit_sys_config_file: [settings-2-0,2]
09-10 06:54:04.149   568   702 I commit_sys_config_file: [settings-2-0,2]
09-10 06:54:05.168   568   702 I commit_sys_config_file: [settings-2-0,1]
09-10 06:54:06.325   568   702 I commit_sys_config_file: [settings-2-0,2]
09-10 06:54:07.340   568   702 I commit_sys_config_file: [settings-2-0,2]
09-10 06:54:08.347   568   702 I commit_sys_config_file: [settings-2-0,2]
09-10 06:54:09.368   568   702 I commit_sys_config_file: [settings-2-0,1]
09-10 06:54:10.469   568   702 I commit_sys_config_file: [settings-2-0,16]
09-10 06:54:11.470   568   702 I commit_sys_config_file: [settings-2-0,2]
09-10 06:54:12.481   568   702 I commit_sys_config_file: [settings-2-0,2]
09-10 06:54:13.502   568   702 I commit_sys_config_file: [settings-2-0,2]
09-10 06:54:14.695   568   702 I commit_sys_config_file: [settings-2-0,2]
09-10 06:54:15.709   568   702 I commit_sys_config_file: [settings-2-0,2]
09-10 06:54:16.719   568   702 I commit_sys_config_file: [settings-2-0,1]
09-10 06:54:17.731   568   702 I commit_sys_config_file: [settings-2-0,3]
09-10 06:54:18.744   568   702 I commit_sys_config_file: [settings-2-0,2]
09-10 06:54:19.756   568   702 I commit_sys_config_file: [settings-2-0,1]
09-10 06:54:20.902   568   702 I commit_sys_config_file: [settings-2-0,2]
09-10 06:54:21.914   568   702 I commit_sys_config_file: [settings-2-0,1]
09-10 06:54:22.949   568   702 I commit_sys_config_file: [settings-2-0,3]
09-10 06:54:23.965   568   702 I commit_sys_config_file: [settings-2-0,2]
09-10 06:54:24.971   568   702 I commit_sys_config_file: [settings-2-0,2]
09-10 06:54:25.984   568   702 I commit_sys_config_file: [settings-2-0,2]
09-10 06:54:27.126   568   702 I commit_sys_config_file: [settings-2-0,2]
09-10 06:54:28.140   568   702 I commit_sys_config_file: [settings-2-0,1]
09-10 06:54:29.160   568   702 I commit_sys_config_file: [settings-2-0,1]
09-10 06:54:30.172   568   702 I commit_sys_config_file: [settings-2-0,2]
09-10 06:54:31.320   568   702 I commit_sys_config_file: [settings-2-0,4]
09-10 06:54:32.808   568   702 I commit_sys_config_file: [settings-2-0,1]
09-10 06:54:33.610   568   618 I force_gc: Binder
09-10 06:54:33.810   568   702 I commit_sys_config_file: [settings-2-0,2]
09-10 06:54:34.428   568   881 I service_manager_stats: [100,17,47490]
09-10 06:54:34.825   568   702 I commit_sys_config_file: [settings-2-0,2]
09-10 06:54:35.946   568   702 I commit_sys_config_file: [settings-2-0,2]
09-10 06:54:36.976   568   702 I commit_sys_config_file: [settings-2-0,3]
09-10 06:54:37.984   568   702 I commit_sys_config_file: [settings-2-0,2]
09-10 06:54:38.994   568   702 I commit_sys_config_file: [settings-2-0,2]
09-10 06:54:40.028   568   702 I commit_sys_config_file: [settings-2-0,2]
09-10 06:54:41.041   568   702 I commit_sys_config_file: [settings-2-0,2]
09-10 06:54:42.160   568   702 I commit_sys_config_file: [settings-2-0,2]
09-10 06:54:43.176   568   702 I commit_sys_config_file: [settings-2-0,2]
09-10 06:54:44.200   568   702 I commit_sys_config_file: [settings-2-0,2]
09-10 06:54:45.211   568   702 I commit_sys_config_file: [settings-2-0,2]
09-10 06:54:46.232   568   702 I commit_sys_config_file: [settings-2-0,2]
09-10 06:54:47.245   568   702 I commit_sys_config_file: [settings-2-0,2]
09-10 06:54:48.363   568   702 I commit_sys_config_file: [settings-2-0,3]
09-10 06:54:49.376   568   702 I commit_sys_config_file: [settings-2-0,1]
09-10 06:54:50.403   568   702 I commit_sys_config_file: [settings-2-0,2]
09-10 06:54:51.413   568   702 I commit_sys_config_file: [settings-2-0,1]
09-10 06:54:52.585   568   702 I commit_sys_config_file: [settings-2-0,1]
09-10 06:54:54.015   568   702 I commit_sys_config_file: [settings-2-0,2]
09-10 06:54:55.029   568   702 I commit_sys_config_file: [settings-2-0,3]
09-10 06:54:56.042   568   702 I commit_sys_config_file: [settings-2-0,2]
09-10 06:54:57.171   568   702 I commit_sys_config_file: [settings-2-0,2]
09-10 06:54:58.183   568   702 I commit_sys_config_file: [settings-2-0,2]
09-10 06:54:59.199   568   702 I commit_sys_config_file: [settings-2-0,2]
09-10 06:55:00.218   568   702 I commit_sys_config_file: [settings-2-0,2]
09-10 06:55:01.225   568   702 I commit_sys_config_file: [settings-2-0,2]
09-10 06:55:02.239   568   702 I commit_sys_config_file: [settings-2-0,2]
09-10 06:55:03.371   568   702 I commit_sys_config_file: [settings-2-0,3]
09-10 06:55:04.383   568   702 I commit_sys_config_file: [settings-2-0,3]
09-10 06:55:05.384   568   702 I commit_sys_config_file: [settings-2-0,2]
09-10 06:55:06.399   568   702 I commit_sys_config_file: [settings-2-0,2]
09-10 06:55:07.405   568   702 I commit_sys_config_file: [settings-2-0,1]
09-10 06:55:08.418   568   702 I commit_sys_config_file: [settings-2-0,2]
09-10 06:55:09.562   568   702 I commit_sys_config_file: [settings-2-0,1]
09-10 06:55:10.574   568   702 I commit_sys_config_file: [settings-2-0,2]
09-10 06:55:11.576   568   702 I commit_sys_config_file: [settings-2-0,1]
09-10 06:55:12.587   568   702 I commit_sys_config_file: [settings-2-0,1]
09-10 06:55:13.691   568   702 I commit_sys_config_file: [settings-2-0,10]
09-10 06:55:15.181   568   702 I commit_sys_config_file: [settings-2-0,2]
09-10 06:55:16.202   568   702 I commit_sys_config_file: [settings-2-0,4]
09-10 06:55:17.214   568   702 I commit_sys_config_file: [settings-2-0,1]
09-10 06:55:18.339   568   702 I commit_sys_config_file: [settings-2-0,2]
09-10 06:55:19.351   568   702 I commit_sys_config_file: [settings-2-0,1]
09-10 06:55:19.511   568   881 I service_manager_stats: [100,33,45083]
09-10 06:55:20.365   568   702 I commit_sys_config_file: [settings-2-0,1]
09-10 06:55:21.376   568   702 I commit_sys_config_file: [settings-2-0,2]
09-10 06:55:22.387   568   702 I commit_sys_config_file: [settings-2-0,2]
09-10 06:55:23.396   568   702 I commit_sys_config_file: [settings-2-0,1]
09-10 06:55:24.531   568   702 I commit_sys_config_file: [settings-2-0,3]
09-10 06:55:25.544   568   702 I commit_sys_config_file: [settings-2-0,2]
09-10 06:55:26.549   568   702 I commit_sys_config_file: [settings-2-0,2]
09-10 06:55:27.571   568   702 I commit_sys_config_file: [settings-2-0,2]
09-10 06:55:28.611   568   702 I commit_sys_config_file: [settings-2-0,3]
09-10 06:55:29.623   568   702 I commit_sys_config_file: [settings-2-0,2]
09-10 06:55:30.747   568   702 I commit_sys_config_file: [settings-2-0,2]
09-10 06:55:31.767   568   702 I commit_sys_config_file: [settings-2-0,2]
09-10 06:55:32.781   568   702 I commit_sys_config_file: [settings-2-0,2]
09-10 06:55:33.802   568   702 I commit_sys_config_file: [settings-2-0,2]
09-10 06:55:34.765  8012  8012 I service_manager_slow: [10,window]
09-10 06:55:34.996   568   702 I commit_sys_config_file: [settings-2-0,2]
09-10 06:55:36.420   568   702 I commit_sys_config_file: [settings-2-0,2]
09-10 06:55:37.429   568   702 I commit_sys_config_file: [settings-2-0,2]
09-10 06:55:38.442   568   702 I commit_sys_config_file: [settings-2-0,1]
09-10 06:55:39.573   568   702 I commit_sys_config_file: [settings-2-0,2]
09-10 06:55:40.587   568   702 I commit_sys_config_file: [settings-2-0,2]
09-10 06:55:41.598   568   702 I commit_sys_config_file: [settings-2-0,2]
09-10 06:55:42.612   568   702 I commit_sys_config_file: [settings-2-0,2]
09-10 06:55:43.624   568   702 I commit_sys_config_file: [settings-2-0,2]
09-10 06:55:44.637   568   702 I commit_sys_config_file: [settings-2-0,2]
09-10 06:55:45.753   568   702 I commit_sys_config_file: [settings-2-0,1]
09-10 06:55:46.787   568   702 I commit_sys_config_file: [settings-2-0,2]
09-10 06:55:47.795   568   702 I commit_sys_config_file: [settings-2-0,2]
09-10 06:55:48.805   568   702 I commit_sys_config_file: [settings-2-0,2]
09-10 06:55:49.807   568   702 I commit_sys_config_file: [settings-2-0,2]
09-10 06:55:50.817   568   702 I commit_sys_config_file: [settings-2-0,2]
09-10 06:55:51.937   568   702 I commit_sys_config_file: [settings-2-0,2]
09-10 06:55:52.956   568   702 I commit_sys_config_file: [settings-2-0,2]
09-10 06:55:53.966   568   702 I commit_sys_config_file: [settings-2-0,1]
09-10 06:55:54.981   568   702 I commit_sys_config_file: [settings-2-0,2]
09-10 06:55:56.112   568   702 I commit_sys_config_file: [settings-2-0,20]
09-10 06:55:57.594   568   702 I commit_sys_config_file: [settings-2-0,2]
09-10 06:55:58.602   568   702 I commit_sys_config_file: [settings-2-0,2]
09-10 06:55:59.616   568   702 I commit_sys_config_file: [settings-2-0,3]
09-10 06:56:00.748   568   702 I commit_sys_config_file: [settings-2-0,2]
09-10 06:56:01.764   568   702 I commit_sys_config_file: [settings-2-0,2]
09-10 06:56:02.771   568   702 I commit_sys_config_file: [settings-2-0,2]
09-10 06:56:03.782   568   702 I commit_sys_config_file: [settings-2-0,2]
09-10 06:56:04.797   568   702 I commit_sys_config_file: [settings-2-0,2]
09-10 06:56:05.807   568   702 I commit_sys_config_file: [settings-2-0,2]
09-10 06:56:06.942   568   702 I commit_sys_config_file: [settings-2-0,2]
09-10 06:56:07.580   568   881 I service_manager_stats: [100,12,48070]
09-10 06:56:07.953   568   702 I commit_sys_config_file: [settings-2-0,1]
09-10 06:56:08.963   568   702 I commit_sys_config_file: [settings-2-0,2]
09-10 06:56:09.975   568   702 I commit_sys_config_file: [settings-2-0,2]
09-10 06:56:10.989   568   702 I commit_sys_config_file: [settings-2-0,2]
09-10 06:56:12.003   568   702 I commit_sys_config_file: [settings-2-0,2]
09-10 06:56:12.906   568  1052 I dvm_lock_sample: [system_server,1,binder:568_9,15,WindowManagerService.java,8383,int com.android.server.wm.WindowManagerService$LocalService.getDisplayIdForWindow(android.os.IBinder),-,8495,void com.android.server.wm.WindowManagerService$LocalService.setAccessibilityIdToSurfaceMetadata(android.os.IBinder, int),3]
09-10 06:56:13.073   568   702 I commit_sys_config_file: [settings-2-0,2]
09-10 06:56:14.123   568   702 I commit_sys_config_file: [settings-2-0,3]
09-10 06:56:15.138   568   702 I commit_sys_config_file: [settings-2-0,3]
09-10 06:56:16.149   568   702 I commit_sys_config_file: [settings-2-0,2]
09-10 06:56:17.304   568   702 I commit_sys_config_file: [settings-2-0,4]
09-10 06:56:18.788   568   702 I commit_sys_config_file: [settings-2-0,3]
09-10 06:56:19.801   568   702 I commit_sys_config_file: [settings-2-0,2]
09-10 06:56:20.814   568   702 I commit_sys_config_file: [settings-2-0,1]
09-10 06:56:21.952   568   702 I commit_sys_config_file: [settings-2-0,3]
09-10 06:56:22.966   568   702 I commit_sys_config_file: [settings-2-0,2]
09-10 06:56:23.983   568   702 I commit_sys_config_file: [settings-2-0,1]
09-10 06:56:24.995   568   702 I commit_sys_config_file: [settings-2-0,2]
09-10 06:56:26.014   568   702 I commit_sys_config_file: [settings-2-0,2]
09-10 06:56:27.033   568   702 I commit_sys_config_file: [settings-2-0,2]
09-10 06:56:28.181   568   702 I commit_sys_config_file: [settings-2-0,2]
09-10 06:56:29.191   568   702 I commit_sys_config_file: [settings-2-0,1]
09-10 06:56:30.200   568   702 I commit_sys_config_file: [settings-2-0,2]
09-10 06:56:31.215   568   702 I commit_sys_config_file: [settings-2-0,3]
09-10 06:56:33.269   568   702 I commit_sys_config_file: [settings-2-0,2]
09-10 06:56:34.281   568   702 I commit_sys_config_file: [settings-2-0,3]
09-10 06:56:35.289   568   702 I commit_sys_config_file: [settings-2-0,2]
09-10 06:56:36.302   568   702 I commit_sys_config_file: [settings-2-0,2]
09-10 06:56:37.429   568   702 I commit_sys_config_file: [settings-2-0,2]
09-10 06:56:38.456   568   702 I commit_sys_config_file: [settings-2-0,2]
09-10 06:56:38.514   568   634 I commit_sys_config_file: [sync-status,2]
09-10 06:56:39.473   568   702 I commit_sys_config_file: [settings-2-0,3]
09-10 06:56:40.483   568   702 I commit_sys_config_file: [settings-2-0,1]
09-10 06:56:41.591   568  1052 I wm_finish_activity: [0,51545827,8,dev.partydeck.godot.compare/.GodotGameActivity,app-request]
09-10 06:56:41.593   568  1052 I wm_pause_activity: [0,51545827,dev.partydeck.godot.compare/.GodotGameActivity,userLeaving=false,finish]
09-10 06:56:41.612  3085  3085 I wm_on_top_resumed_lost_called: [51545827,dev.partydeck.godot.compare.GodotGameActivity,topStateChangedWhenResumed]
09-10 06:56:41.623   568   702 I commit_sys_config_file: [settings-2-0,19]
09-10 06:56:41.623  3085  3085 I wm_on_paused_called: [51545827,dev.partydeck.godot.compare.GodotGameActivity,performPause,1]
09-10 06:56:41.624   568  2192 I wm_add_to_stopping: [0,51545827,dev.partydeck.godot.compare/.GodotGameActivity,completeFinishing]
09-10 06:56:41.626   568  2192 I wm_set_resumed_activity: [0,dev.partydeck.godot.compare/.ComparisonActivity,resumeTopActivity - onActivityStateChanged]
09-10 06:56:41.628   568  2192 I wm_resume_activity: [0,246948463,8,dev.partydeck.godot.compare/.ComparisonActivity]
09-10 06:56:41.632   568   623 I sysui_multi_action: [757,803,799,window_time_0,802,451]
09-10 06:56:41.635   568   715 I input_focus: [Focus leaving e51c135 dev.partydeck.godot.compare/dev.partydeck.godot.compare.GodotGameActivity (server),reason=NO_WINDOW]
09-10 06:56:41.640   568   626 I am_kill : [0,1852,com.android.statementservice,985,empty #17,113756]
09-10 06:56:41.640   568   626 I am_kill : [0,2332,com.android.shell,985,empty #18,101072]
09-10 06:56:41.640   568   626 I am_kill : [0,1816,com.android.contacts,995,empty #19,107024]
09-10 06:56:41.640   568   626 I am_kill : [0,1587,com.android.externalstorage,995,empty #20,104028]
09-10 06:56:41.640   568   626 I am_kill : [0,2276,com.android.ondevicepersonalization.services,999,empty #21,101172]
09-10 06:56:41.640   568   703 I am_unfreeze: [2849,dev.partydeck.godot.compare,1]
09-10 06:56:41.640   568   626 I am_kill : [0,1996,com.android.dynsystem:dynsystem,915,empty #22,101552]
09-10 06:56:41.641   568   626 I am_kill : [0,1994,com.android.federatedcompute.services,999,empty #23,100572]
09-10 06:56:41.642   568   626 I am_kill : [0,1978,com.android.dynsystem,915,empty #24,100880]
09-10 06:56:41.642   568   626 I am_kill : [0,1962,com.android.camera2,999,empty #25,104356]
09-10 06:56:41.642   568   626 I am_kill : [0,1940,.adservices,999,empty #26,106332]
09-10 06:56:41.643   568   626 I am_kill : [0,1509,com.android.sdksetup,999,empty #27,112604]
09-10 06:56:41.643   568   626 I am_kill : [0,1910,com.android.calendar,999,empty #28,106048]
09-10 06:56:41.643   568   626 I am_kill : [0,1499,com.android.printspooler,999,empty #29,103004]
09-10 06:56:41.648   568   626 I am_kill : [0,1615,com.android.managedprovisioning,999,empty #30,106676]
09-10 06:56:41.652   568   626 I am_kill : [0,1881,com.android.traceur,999,empty #31,104752]
09-10 06:56:41.652   568   626 I am_kill : [0,1611,com.android.keychain,925,empty #32,102848]
09-10 06:56:41.652   568   626 I am_kill : [0,1493,com.android.music,999,empty #33,100444]
09-10 06:56:41.671  2849  2849 I wm_on_restart_called: [246948463,dev.partydeck.godot.compare.ComparisonActivity,performRestart,0]
09-10 06:56:41.671  2849  2849 I wm_on_start_called: [246948463,dev.partydeck.godot.compare.ComparisonActivity,handleStartActivity,0]
09-10 06:56:41.672  2849  2849 I wm_on_activity_result_called: [246948463,dev.partydeck.godot.compare.ComparisonActivity,ACTIVITY_RESULT]
09-10 06:56:41.676  2849  2849 I wm_on_resume_called: [246948463,dev.partydeck.godot.compare.ComparisonActivity,RESUME_ACTIVITY,4]
09-10 06:56:41.676  2849  2849 I wm_on_top_resumed_gained_called: [246948463,dev.partydeck.godot.compare.ComparisonActivity,topWhenResuming]
09-10 06:56:41.697   568  1137 I am_proc_died: [0,1881,com.android.traceur,999,19]
09-10 06:56:41.697   568  1137 I am_uid_stopped: 10092
09-10 06:56:41.713   568  1927 I am_proc_died: [0,1962,com.android.camera2,999,19]
09-10 06:56:41.713   568  1927 I am_uid_stopped: 10107
09-10 06:56:41.714   568  1249 I am_proc_died: [0,1611,com.android.keychain,925,19]
09-10 06:56:41.714   568  1052 I am_proc_died: [0,1910,com.android.calendar,999,19]
09-10 06:56:41.714   568  1052 I am_uid_stopped: 10110
09-10 06:56:41.724   568   627 I input_focus: [Focus request 10520d dev.partydeck.godot.compare/dev.partydeck.godot.compare.ComparisonActivity,reason=UpdateInputWindows]
09-10 06:56:41.726  2849  2849 I viewroot_draw_event: [VRI[ComparisonActivity],Start draw after previous draw not visible]
09-10 06:56:41.728   568  1052 I am_proc_died: [0,1996,com.android.dynsystem:dynsystem,915,19]
09-10 06:56:41.732   568  2192 I am_proc_died: [0,1978,com.android.dynsystem,915,19]
09-10 06:56:41.735   568  1137 I am_proc_died: [0,1940,.adservices,999,19]
09-10 06:56:41.761   568   618 I am_proc_died: [0,1587,com.android.externalstorage,995,19]
09-10 06:56:41.762   568   618 I am_uid_stopped: 10064
09-10 06:56:41.767   568  1137 I am_proc_died: [0,2332,com.android.shell,985,19]
09-10 06:56:41.767   568  1137 I am_uid_stopped: 2000
09-10 06:56:41.775   568  1137 I am_proc_died: [0,1994,com.android.federatedcompute.services,999,19]
09-10 06:56:41.775   568  1137 I am_uid_stopped: 10126
09-10 06:56:41.777   568  1137 I am_proc_died: [0,1615,com.android.managedprovisioning,999,19]
09-10 06:56:41.777   568  1137 I am_uid_stopped: 10067
09-10 06:56:41.777   568  1137 I am_proc_died: [0,1509,com.android.sdksetup,999,19]
09-10 06:56:41.778   568  1137 I am_uid_stopped: 10115
09-10 06:56:41.823   568  1137 I am_proc_died: [0,3085,dev.partydeck.godot.compare:godot,0,2]
09-10 06:56:41.826   568  1052 I am_proc_died: [0,1499,com.android.printspooler,999,19]
09-10 06:56:41.827   568  1052 I am_uid_stopped: 10083
09-10 06:56:41.827   568  1050 I am_proc_died: [0,1493,com.android.music,999,19]
09-10 06:56:41.827   568  1050 I am_uid_stopped: 10103
09-10 06:56:41.828   568  2193 I am_proc_died: [0,2276,com.android.ondevicepersonalization.services,999,19]
09-10 06:56:41.831   568  2193 I am_uid_stopped: 10125
09-10 06:56:41.833   568  2211 I am_proc_died: [0,1816,com.android.contacts,995,19]
09-10 06:56:41.834   568  2211 I am_uid_stopped: 10101
09-10 06:56:41.834   568  1758 I am_proc_died: [0,1852,com.android.statementservice,985,19]
09-10 06:56:41.834   568  1758 I am_uid_stopped: 10077
09-10 06:56:41.950  2849  2849 I viewroot_draw_event: [VRI[ComparisonActivity],reportDrawFinished seqId=0]
09-10 06:56:42.066   568   715 I input_focus: [Focus entering 10520d dev.partydeck.godot.compare/dev.partydeck.godot.compare.ComparisonActivity (server),reason=Window became focusable. Previous reason: NOT_VISIBLE]
09-10 06:56:42.216   568  2220 I force_gc: Binder
09-10 06:56:43.521   568   702 I commit_sys_config_file: [settings-2-0,8]
09-10 06:56:44.555   568   702 I commit_sys_config_file: [settings-2-0,3]
09-10 06:56:45.566   568   702 I commit_sys_config_file: [settings-2-0,2]
09-10 06:56:46.601   568   702 I commit_sys_config_file: [settings-2-0,2]
09-10 06:56:47.615   568   702 I commit_sys_config_file: [settings-2-0,2]
09-10 06:56:48.626   568   702 I commit_sys_config_file: [settings-2-0,3]
09-10 06:56:49.639   568   702 I commit_sys_config_file: [settings-2-0,2]
09-10 06:56:50.674   568   702 I commit_sys_config_file: [settings-2-0,2]
09-10 06:56:51.688   568   702 I commit_sys_config_file: [settings-2-0,2]
09-10 06:56:53.414   568  1050 I service_manager_stats: [100,17,45834]
09-10 06:56:53.618   568   702 I commit_sys_config_file: [settings-2-0,2]
09-10 06:56:54.628   568   702 I commit_sys_config_file: [settings-2-0,2]
09-10 06:56:55.276   568   715 I input_interaction: Interaction with: 10520d dev.partydeck.godot.compare/dev.partydeck.godot.compare.ComparisonActivity (server), PointerEventDispatcher0 (server), 
09-10 06:56:55.291   568   675 I wm_task_moved: [8,8,0,1,2]
09-10 06:56:55.291   568   675 I wm_create_activity: [0,227395296,8,dev.partydeck.godot.compare/.GodotGameActivity,NULL,NULL,NULL,0]
09-10 06:56:55.292   568   675 I wm_pause_activity: [0,246948463,dev.partydeck.godot.compare/.ComparisonActivity,userLeaving=true,resumeTopActivity]
09-10 06:56:55.320   568   636 I am_proc_start: [0,8821,10148,dev.partydeck.godot.compare:godot,next-top-activity,{dev.partydeck.godot.compare/dev.partydeck.godot.compare.GodotGameActivity}]
09-10 06:56:55.331  2849  2849 I wm_on_top_resumed_lost_called: [246948463,dev.partydeck.godot.compare.ComparisonActivity,topStateChangedWhenResumed]
09-10 06:56:55.331  2849  2849 I wm_on_paused_called: [246948463,dev.partydeck.godot.compare.ComparisonActivity,performPause,0]
09-10 06:56:55.332   568  2200 I wm_add_to_stopping: [0,246948463,dev.partydeck.godot.compare/.ComparisonActivity,makeInvisible]
09-10 06:56:55.332   568   623 I sysui_multi_action: [757,803,799,window_time_0,802,14]
09-10 06:56:55.409   568   715 I input_focus: [Focus leaving 10520d dev.partydeck.godot.compare/dev.partydeck.godot.compare.ComparisonActivity (server),reason=NO_WINDOW]
09-10 06:56:55.436   966  1044 I viewroot_draw_event: [VRI[compare],reportDrawFinished seqId=0]
09-10 06:56:55.480   568  2200 I am_proc_bound: [0,8821,dev.partydeck.godot.compare:godot]
09-10 06:56:55.637   568  2200 I wm_restart_activity: [0,227395296,8,dev.partydeck.godot.compare/.GodotGameActivity]
09-10 06:56:55.637   568  2200 I wm_set_resumed_activity: [0,dev.partydeck.godot.compare/.GodotGameActivity,realStartActivityLocked - onActivityStateChanged]
09-10 06:56:55.733   568   702 I commit_sys_config_file: [settings-2-0,22]
09-10 06:56:55.889  2849  2849 I viewroot_draw_event: [VRI[ComparisonActivity],Not drawing due to not visible. Reason=!mAppVisible && !mForceDecorViewVisibility]
09-10 06:56:55.995  8821  8821 I wm_on_create_called: [227395296,dev.partydeck.godot.compare.GodotGameActivity,performCreate,312]
09-10 06:56:56.000  8821  8821 I wm_on_start_called: [227395296,dev.partydeck.godot.compare.GodotGameActivity,handleStartActivity,4]
09-10 06:56:56.003  8821  8821 I wm_on_resume_called: [227395296,dev.partydeck.godot.compare.GodotGameActivity,RESUME_ACTIVITY,2]
09-10 06:56:56.013  8821  8821 I wm_on_top_resumed_gained_called: [227395296,dev.partydeck.godot.compare.GodotGameActivity,topStateChangedWhenResumed]
09-10 06:56:56.034   568   627 I input_focus: [Focus request 919656c dev.partydeck.godot.compare/dev.partydeck.godot.compare.GodotGameActivity,reason=UpdateInputWindows]
09-10 06:56:56.181   568   675 I wm_set_requested_orientation: [1,dev.partydeck.godot.compare/.GodotGameActivity]
09-10 06:56:56.205   568   675 I wm_stop_activity: [0,246948463,dev.partydeck.godot.compare/.ComparisonActivity]
09-10 06:56:56.230  2849  2849 I wm_on_stop_called: [246948463,dev.partydeck.godot.compare.ComparisonActivity,STOP_ACTIVITY_ITEM,0]
09-10 06:56:56.861  8821  8858 I viewroot_draw_event: [VRI[GodotGameActivity],reportDrawFinished seqId=0]
09-10 06:56:56.864   568   623 I sysui_multi_action: [319,354,321,155,322,1577,325,634,757,761,758,7,759,2,806,dev.partydeck.godot.compare,871,dev.partydeck.godot.compare.GodotGameActivity,904,dev.partydeck.godot.compare,905,0,945,196,1320,12,1321,1]
09-10 06:56:56.866   568   623 I wm_activity_launch_time: [0,227395296,dev.partydeck.godot.compare/.GodotGameActivity,1577]
09-10 06:56:56.877   966  1019 I jank_cuj_events_begin_request: [39,1789023416870209000,636054529405,636054529461,]
09-10 06:56:56.885   966  1019 I jank_cuj_events_end_request: [39,1789023416884672000,636068991953,636068992013]
09-10 06:56:56.891   966  1044 I viewroot_draw_event: [VRI[compare],Not drawing due to not visible. Reason=View.GONE]
09-10 06:56:56.901   568   715 I input_focus: [Focus entering 919656c dev.partydeck.godot.compare/dev.partydeck.godot.compare.GodotGameActivity (server),reason=Window became focusable. Previous reason: NOT_VISIBLE]
09-10 06:56:58.800   568   702 I commit_sys_config_file: [settings-2-0,3]
09-10 06:57:00.045   568   702 I commit_sys_config_file: [settings-2-0,3]
09-10 06:57:01.056   568   702 I commit_sys_config_file: [settings-2-0,2]
09-10 06:57:02.069   568   702 I commit_sys_config_file: [settings-2-0,2]
09-10 06:57:03.081   568   702 I commit_sys_config_file: [settings-2-0,2]
09-10 06:57:05.222   568   702 I commit_sys_config_file: [settings-2-0,3]
09-10 06:57:06.238   568   702 I commit_sys_config_file: [settings-2-0,3]
09-10 06:57:07.250   568   702 I commit_sys_config_file: [settings-2-0,2]
09-10 06:57:08.261   568   702 I commit_sys_config_file: [settings-2-0,2]
09-10 06:57:08.908   568   715 I input_interaction: Interaction with: 919656c dev.partydeck.godot.compare/dev.partydeck.godot.compare.GodotGameActivity (server), PointerEventDispatcher0 (server), 
09-10 06:57:09.424   568   702 I commit_sys_config_file: [settings-2-0,2]
09-10 06:57:10.439   568   702 I commit_sys_config_file: [settings-2-0,2]
09-10 06:57:11.453   568   702 I commit_sys_config_file: [settings-2-0,3]
09-10 06:57:12.465   568   702 I commit_sys_config_file: [settings-2-0,2]
09-10 06:57:13.301   568  1052 I wm_finish_activity: [0,227395296,8,dev.partydeck.godot.compare/.GodotGameActivity,app-request]
09-10 06:57:13.302   568  1052 I wm_pause_activity: [0,227395296,dev.partydeck.godot.compare/.GodotGameActivity,userLeaving=false,finish]
09-10 06:57:13.307  8821  8821 I wm_on_top_resumed_lost_called: [227395296,dev.partydeck.godot.compare.GodotGameActivity,topStateChangedWhenResumed]
09-10 06:57:13.308  8821  8821 I wm_on_paused_called: [227395296,dev.partydeck.godot.compare.GodotGameActivity,performPause,1]
09-10 06:57:13.308   568  1052 I wm_add_to_stopping: [0,227395296,dev.partydeck.godot.compare/.GodotGameActivity,completeFinishing]
09-10 06:57:13.313   568  1052 I wm_set_resumed_activity: [0,dev.partydeck.godot.compare/.ComparisonActivity,resumeTopActivity - onActivityStateChanged]
09-10 06:57:13.314   568  1052 I wm_resume_activity: [0,246948463,8,dev.partydeck.godot.compare/.ComparisonActivity]
09-10 06:57:13.322   568   623 I sysui_multi_action: [757,803,799,window_time_0,802,18]
09-10 06:57:13.325  2849  2849 I wm_on_restart_called: [246948463,dev.partydeck.godot.compare.ComparisonActivity,performRestart,0]
09-10 06:57:13.325  2849  2849 I wm_on_start_called: [246948463,dev.partydeck.godot.compare.ComparisonActivity,handleStartActivity,0]
09-10 06:57:13.325  2849  2849 I wm_on_activity_result_called: [246948463,dev.partydeck.godot.compare.ComparisonActivity,ACTIVITY_RESULT]
09-10 06:57:13.330  2849  2849 I wm_on_resume_called: [246948463,dev.partydeck.godot.compare.ComparisonActivity,RESUME_ACTIVITY,6]
09-10 06:57:13.333  2849  2849 I wm_on_top_resumed_gained_called: [246948463,dev.partydeck.godot.compare.ComparisonActivity,topWhenResuming]
09-10 06:57:13.346   568   715 I input_focus: [Focus leaving 919656c dev.partydeck.godot.compare/dev.partydeck.godot.compare.GodotGameActivity (server),reason=NO_WINDOW]
09-10 06:57:13.354   568   627 I input_focus: [Focus request 10520d dev.partydeck.godot.compare/dev.partydeck.godot.compare.ComparisonActivity,reason=UpdateInputWindows]
09-10 06:57:13.375  2849  2849 I viewroot_draw_event: [VRI[ComparisonActivity],Start draw after previous draw not visible]
09-10 06:57:13.472  2849  2849 I viewroot_draw_event: [VRI[ComparisonActivity],reportDrawFinished seqId=0]
09-10 06:57:13.488   568  1137 I am_proc_died: [0,8821,dev.partydeck.godot.compare:godot,0,2]
09-10 06:57:13.502  9013  9013 I service_manager_slow: [14,window]
09-10 06:57:13.655   568   715 I input_focus: [Focus entering 10520d dev.partydeck.godot.compare/dev.partydeck.godot.compare.ComparisonActivity (server),reason=Window became focusable. Previous reason: NOT_VISIBLE]
09-10 06:57:13.719   568   702 I commit_sys_config_file: [settings-2-0,12]
09-10 06:57:14.871   568   702 I commit_sys_config_file: [settings-2-0,2]
09-10 06:57:15.887   568   702 I commit_sys_config_file: [settings-2-0,2]
09-10 06:57:16.898   568   702 I commit_sys_config_file: [settings-2-0,1]
09-10 06:57:17.926   568   702 I commit_sys_config_file: [settings-2-0,2]
09-10 06:57:18.937   568   702 I commit_sys_config_file: [settings-2-0,2]
09-10 06:57:19.939   568   702 I commit_sys_config_file: [settings-2-0,2]
09-10 06:57:20.950   568   702 I commit_sys_config_file: [settings-2-0,2]
09-10 06:57:21.976   568   702 I commit_sys_config_file: [settings-2-0,1]
09-10 06:57:22.989   568   702 I commit_sys_config_file: [settings-2-0,2]
09-10 06:57:24.870   568   702 I commit_sys_config_file: [settings-2-0,2]
09-10 06:57:25.883   568   702 I commit_sys_config_file: [settings-2-0,2]
09-10 06:57:26.529   568   715 I input_interaction: Interaction with: 10520d dev.partydeck.godot.compare/dev.partydeck.godot.compare.ComparisonActivity (server), PointerEventDispatcher0 (server), 
09-10 06:57:26.544   568   675 I wm_task_moved: [8,8,0,1,2]
09-10 06:57:26.545   568   675 I wm_create_activity: [0,223500164,8,dev.partydeck.godot.compare/.GodotGameActivity,NULL,NULL,NULL,0]
09-10 06:57:26.552   568   675 I wm_pause_activity: [0,246948463,dev.partydeck.godot.compare/.ComparisonActivity,userLeaving=true,resumeTopActivity]
09-10 06:57:26.564  2849  2849 I wm_on_top_resumed_lost_called: [246948463,dev.partydeck.godot.compare.ComparisonActivity,topStateChangedWhenResumed]
09-10 06:57:26.564  2849  2849 I wm_on_paused_called: [246948463,dev.partydeck.godot.compare.ComparisonActivity,performPause,0]
09-10 06:57:26.570   568   675 I wm_add_to_stopping: [0,246948463,dev.partydeck.godot.compare/.ComparisonActivity,makeInvisible]
09-10 06:57:26.572   568   623 I sysui_multi_action: [757,803,799,window_time_0,802,13]
09-10 06:57:26.582   568   636 I am_proc_start: [0,9147,10148,dev.partydeck.godot.compare:godot,next-top-activity,{dev.partydeck.godot.compare/dev.partydeck.godot.compare.GodotGameActivity}]
09-10 06:57:26.615   966  1044 I viewroot_draw_event: [VRI[compare],reportDrawFinished seqId=0]
09-10 06:57:26.616   568   715 I input_focus: [Focus leaving 10520d dev.partydeck.godot.compare/dev.partydeck.godot.compare.ComparisonActivity (server),reason=NO_WINDOW]
09-10 06:57:26.719   568  1052 I am_proc_bound: [0,9147,dev.partydeck.godot.compare:godot]
09-10 06:57:26.861   568  1052 I wm_restart_activity: [0,223500164,8,dev.partydeck.godot.compare/.GodotGameActivity]
09-10 06:57:26.861   568  1052 I wm_set_resumed_activity: [0,dev.partydeck.godot.compare/.GodotGameActivity,realStartActivityLocked - onActivityStateChanged]
09-10 06:57:27.068  2849  2849 I viewroot_draw_event: [VRI[ComparisonActivity],Not drawing due to not visible. Reason=!mAppVisible && !mForceDecorViewVisibility]
09-10 06:57:27.084   568   702 I commit_sys_config_file: [settings-2-0,12]
09-10 06:57:27.191  9147  9147 I wm_on_create_called: [223500164,dev.partydeck.godot.compare.GodotGameActivity,performCreate,270]
09-10 06:57:27.195  9147  9147 I wm_on_start_called: [223500164,dev.partydeck.godot.compare.GodotGameActivity,handleStartActivity,3]
09-10 06:57:27.201  9147  9147 I wm_on_resume_called: [223500164,dev.partydeck.godot.compare.GodotGameActivity,RESUME_ACTIVITY,1]
09-10 06:57:27.212  9147  9147 I wm_on_top_resumed_gained_called: [223500164,dev.partydeck.godot.compare.GodotGameActivity,topStateChangedWhenResumed]
09-10 06:57:27.225   568   627 I input_focus: [Focus request c7d9e50 dev.partydeck.godot.compare/dev.partydeck.godot.compare.GodotGameActivity,reason=UpdateInputWindows]
09-10 06:57:27.375   568   675 I wm_set_requested_orientation: [1,dev.partydeck.godot.compare/.GodotGameActivity]
09-10 06:57:27.392   568   675 I wm_stop_activity: [0,246948463,dev.partydeck.godot.compare/.ComparisonActivity]
09-10 06:57:27.435  2849  2849 I wm_on_stop_called: [246948463,dev.partydeck.godot.compare.ComparisonActivity,STOP_ACTIVITY_ITEM,3]
09-10 06:57:28.064  9147  9183 I viewroot_draw_event: [VRI[GodotGameActivity],reportDrawFinished seqId=0]
09-10 06:57:28.069   966  1019 I jank_cuj_events_begin_request: [39,1789023448069636000,667253955848,667253955902,]
09-10 06:57:28.077   568   623 I sysui_multi_action: [319,332,321,78,322,1531,325,665,757,761,758,7,759,2,806,dev.partydeck.godot.compare,871,dev.partydeck.godot.compare.GodotGameActivity,904,dev.partydeck.godot.compare,905,0,945,182,1320,12,1321,1]
09-10 06:57:28.077   568   623 I wm_activity_launch_time: [0,223500164,dev.partydeck.godot.compare/.GodotGameActivity,1531]
09-10 06:57:28.087   966  1019 I jank_cuj_events_end_request: [39,1789023448087101000,667271421543,667271421627]
09-10 06:57:28.092   966  1044 I viewroot_draw_event: [VRI[compare],Not drawing due to not visible. Reason=View.GONE]
09-10 06:57:28.152   568   715 I input_focus: [Focus entering c7d9e50 dev.partydeck.godot.compare/dev.partydeck.godot.compare.GodotGameActivity (server),reason=Window became focusable. Previous reason: NOT_VISIBLE]
09-10 06:57:29.820   568   702 I commit_sys_config_file: [settings-2-0,5]
09-10 06:57:31.078   568   702 I commit_sys_config_file: [settings-2-0,3]
09-10 06:57:32.090   568   702 I commit_sys_config_file: [settings-2-0,2]
09-10 06:57:33.118   568   702 I commit_sys_config_file: [settings-2-0,3]
09-10 06:57:34.134   568   702 I commit_sys_config_file: [settings-2-0,2]
09-10 06:57:35.862   568   715 I input_interaction: Interaction with: c7d9e50 dev.partydeck.godot.compare/dev.partydeck.godot.compare.GodotGameActivity (server), PointerEventDispatcher0 (server), 
09-10 06:57:35.865   568   618 I sysui_multi_action: [757,803,799,key_back_press,802,1]
09-10 06:57:36.078   568  2192 I wm_finish_activity: [0,223500164,8,dev.partydeck.godot.compare/.GodotGameActivity,app-request]
09-10 06:57:36.079   568  2192 I wm_pause_activity: [0,223500164,dev.partydeck.godot.compare/.GodotGameActivity,userLeaving=false,finish]
09-10 06:57:36.080  9147  9147 I wm_on_top_resumed_lost_called: [223500164,dev.partydeck.godot.compare.GodotGameActivity,topStateChangedWhenResumed]
09-10 06:57:36.089  9147  9147 I wm_on_paused_called: [223500164,dev.partydeck.godot.compare.GodotGameActivity,performPause,5]
09-10 06:57:36.089   568  2192 I wm_add_to_stopping: [0,223500164,dev.partydeck.godot.compare/.GodotGameActivity,completeFinishing]
09-10 06:57:36.090   568  2192 I wm_set_resumed_activity: [0,dev.partydeck.godot.compare/.ComparisonActivity,resumeTopActivity - onActivityStateChanged]
09-10 06:57:36.096   568  2192 I wm_resume_activity: [0,246948463,8,dev.partydeck.godot.compare/.ComparisonActivity]
09-10 06:57:36.097   568   623 I sysui_multi_action: [757,803,799,window_time_0,802,10]
09-10 06:57:36.102  2849  2849 I wm_on_restart_called: [246948463,dev.partydeck.godot.compare.ComparisonActivity,performRestart,0]
09-10 06:57:36.102  2849  2849 I wm_on_start_called: [246948463,dev.partydeck.godot.compare.ComparisonActivity,handleStartActivity,0]
09-10 06:57:36.102  2849  2849 I wm_on_activity_result_called: [246948463,dev.partydeck.godot.compare.ComparisonActivity,ACTIVITY_RESULT]
09-10 06:57:36.105  2849  2849 I wm_on_resume_called: [246948463,dev.partydeck.godot.compare.ComparisonActivity,RESUME_ACTIVITY,3]
09-10 06:57:36.105  2849  2849 I wm_on_top_resumed_gained_called: [246948463,dev.partydeck.godot.compare.ComparisonActivity,topWhenResuming]
09-10 06:57:36.124   568   715 I input_focus: [Focus leaving c7d9e50 dev.partydeck.godot.compare/dev.partydeck.godot.compare.GodotGameActivity (server),reason=NO_WINDOW]
09-10 06:57:36.135   568   627 I input_focus: [Focus request 10520d dev.partydeck.godot.compare/dev.partydeck.godot.compare.ComparisonActivity,reason=UpdateInputWindows]
09-10 06:57:36.137  2849  2849 I viewroot_draw_event: [VRI[ComparisonActivity],Start draw after previous draw not visible]
09-10 06:57:36.227  2849  2849 I viewroot_draw_event: [VRI[ComparisonActivity],reportDrawFinished seqId=0]
09-10 06:57:36.237   568   626 I am_kill : [0,1795,com.android.carrierconfig,975,empty #17,102236]
09-10 06:57:36.263   568   676 I am_proc_died: [0,1795,com.android.carrierconfig,975,19]
09-10 06:57:36.263   568   676 I am_uid_stopped: 10119
09-10 06:57:36.294   568  2211 I am_proc_died: [0,9147,dev.partydeck.godot.compare:godot,200,19]
09-10 06:57:36.352   568   702 I commit_sys_config_file: [settings-2-0,7]
09-10 06:57:36.436   568   715 I input_focus: [Focus entering 10520d dev.partydeck.godot.compare/dev.partydeck.godot.compare.ComparisonActivity (server),reason=Window became focusable. Previous reason: NOT_VISIBLE]
09-10 06:57:37.648   568   702 I commit_sys_config_file: [settings-2-0,2]
