--------- beginning of events
09-10 10:06:12.560   163   163 I snet_event_log: [121035042,-1,]
09-10 10:06:12.564   163   163 I auditd  : SELinux: Loaded service context from:
09-10 10:06:12.567   163   163 I auditd  : 		/system/etc/selinux/plat_service_contexts
09-10 10:06:12.570   163   163 I auditd  : 		/system_ext/etc/selinux/system_ext_service_contexts
09-10 10:06:12.575   163   163 I auditd  : 		/vendor/etc/selinux/vendor_service_contexts
09-10 10:06:07.090   161   161 I auditd  : type=2000 audit(0.0:1): state=initialized audit_enabled=0 res=1
09-10 10:06:11.830   161   161 I auditd  : type=1403 audit(0.0:2): auid=4294967295 ses=4294967295 lsm=selinux res=1
09-10 10:06:11.830   161   161 I auditd  : type=1404 audit(0.0:3): enforcing=1 old_enforcing=0 auid=4294967295 ses=4294967295 enabled=1 old-enabled=1 lsm=selinux res=1
09-10 10:06:11.866     1     1 I auditd  : type=1107 audit(0.0:4): uid=0 auid=4294967295 ses=4294967295 subj=u:r:init:s0 msg='avc:  denied  { set } for property=persist.sys.usb.config pid=1 uid=0 gid=0 scontext=u:r:vendor_init:s0 tcontext=u:object_r:system_prop:s0 tclass=property_service permissive=0'
09-10 10:06:13.058   189   189 I auditd  : SELinux: Loaded keystore2 context from:
09-10 10:06:13.058   189   189 I auditd  : 		/system/etc/selinux/plat_keystore2_key_contexts
09-10 10:06:13.058   189   189 I auditd  : 		/system_ext/etc/selinux/system_ext_keystore2_key_contexts
09-10 10:06:13.058   189   189 I auditd  : 		/vendor/etc/selinux/vendor_keystore2_key_contexts
09-10 10:06:13.919   232   232 I auditd  : SELinux: Loaded file context from:
09-10 10:06:13.920   232   232 I auditd  : 		/system/etc/selinux/plat_file_contexts
09-10 10:06:13.922   232   232 I auditd  : 		/system_ext/etc/selinux/system_ext_file_contexts
09-10 10:06:13.923   232   232 I auditd  : 		/vendor/etc/selinux/vendor_file_contexts
09-10 10:06:16.990     1     1 I auditd  : type=1400 audit(0.0:5): avc:  denied  { write } for  comm="init" name="error_report_end" dev="tracefs" ino=6583 scontext=u:r:init:s0 tcontext=u:object_r:debugfs_bootreceiver_tracing:s0 tclass=dir permissive=0
09-10 10:06:17.823   367   367 I boot_progress_start: 11102
09-10 10:06:18.405   367   367 I snet_event_log: [200284993,-1,]
09-10 10:06:18.696   367   367 I boot_progress_preload_start: 11975
09-10 10:06:19.463   367   367 I boot_progress_preload_end: 12742
09-10 10:06:20.056   562   562 I system_server_start: [1,13334,13334]
09-10 10:06:20.056   562   562 I boot_progress_system_run: 13335
09-10 10:06:20.406   562   595 I commit_sys_config_file: [batterystats,1]
09-10 10:06:20.408   562   595 I commit_sys_config_file: [batterystats,1]
09-10 10:06:20.484   562   595 I commit_sys_config_file: [display-state,2]
09-10 10:06:20.489   562   562 I boot_progress_pms_start: 13768
09-10 10:06:20.509   562   562 I pm_critical_info: No package manager settings file
09-10 10:06:20.513   562   562 I boot_progress_pms_system_scan_start: 13791
09-10 10:06:20.879   562   562 I service_manager_stats: [100,25,14158]
09-10 10:06:20.980   562   562 I pm_critical_info: Adding duplicate shared id: 1000 name=android
09-10 10:06:21.068   562   562 I pm_critical_info: Adding duplicate app id: 10066 name=com.android.providers.contacts
09-10 10:06:21.076   562   562 I pm_critical_info: Adding duplicate shared id: 1000 name=com.android.location.fused
09-10 10:06:21.120   562   562 I pm_critical_info: Adding duplicate app id: 10074 name=com.android.providers.downloads.ui
09-10 10:06:21.123   562   562 I pm_critical_info: Adding duplicate shared id: 1001 name=com.android.ons
09-10 10:06:21.125   562   562 I pm_critical_info: Adding duplicate app id: 10066 name=com.android.providers.blockednumber
09-10 10:06:21.126   562   562 I pm_critical_info: Adding duplicate app id: 10066 name=com.android.providers.userdictionary
09-10 10:06:21.142   562   562 I pm_critical_info: Adding duplicate shared id: 1000 name=com.android.DeviceAsWebcam
09-10 10:06:21.145   562   562 I pm_critical_info: Adding duplicate shared id: 1001 name=com.android.phone
09-10 10:06:21.148   562   562 I pm_critical_info: Adding duplicate app id: 10074 name=com.android.mtp
09-10 10:06:21.153   562   562 I pm_critical_info: Adding duplicate app id: 10066 name=com.android.calllogbackup
09-10 10:06:21.157   562   562 I pm_critical_info: Adding duplicate shared id: 1000 name=com.android.providers.settings
09-10 10:06:21.160   562   562 I pm_critical_info: Adding duplicate shared id: 1000 name=com.android.dynsystem
09-10 10:06:21.165   562   562 I pm_critical_info: Adding duplicate app id: 10066 name=com.android.providers.contactkeys
09-10 10:06:21.169   562   562 I pm_critical_info: Adding duplicate shared id: 2000 name=com.android.shell
09-10 10:06:21.187   562   562 I pm_critical_info: Adding duplicate shared id: 1000 name=com.android.inputdevices
09-10 10:06:21.194   562   562 I pm_critical_info: Adding duplicate shared id: 1001 name=com.android.mms.service
09-10 10:06:21.201   562   562 I pm_critical_info: Adding duplicate shared id: 1073 name=com.android.networkstack
09-10 10:06:21.207   562   562 I pm_critical_info: Adding duplicate app id: 10079 name=com.android.providers.calendar
09-10 10:06:21.222   562   562 I pm_critical_info: Adding duplicate app id: 10074 name=com.android.providers.media
09-10 10:06:21.225   562   562 I pm_critical_info: Adding duplicate shared id: 1001 name=com.android.providers.telephony
09-10 10:06:21.231   562   562 I pm_critical_info: Adding duplicate shared id: 1000 name=com.android.server.telecom
09-10 10:06:21.240   562   562 I pm_critical_info: Adding duplicate shared id: 1000 name=com.android.localtransport
09-10 10:06:21.242   562   562 I pm_critical_info: Adding duplicate app id: 10074 name=com.android.soundpicker
09-10 10:06:21.244   562   562 I pm_critical_info: Adding duplicate app id: 10074 name=com.android.providers.downloads
09-10 10:06:21.257   562   562 I pm_critical_info: Adding duplicate shared id: 1068 name=com.android.se
09-10 10:06:21.288   562   562 I pm_critical_info: Adding duplicate shared id: 1001 name=com.android.stk
09-10 10:06:21.293   562   562 I pm_critical_info: Adding duplicate shared id: 1000 name=com.android.keychain
09-10 10:06:21.463   562   562 I pm_critical_info: Adding duplicate app id: 10119 name=com.android.emergency
09-10 10:06:21.468   562   562 I pm_critical_info: Adding duplicate shared id: 1000 name=com.android.emulator.multidisplay
09-10 10:06:21.484   562   562 I pm_critical_info: Adding duplicate app id: 10121 name=com.android.systemui
09-10 10:06:21.533   562   562 I pm_critical_info: Adding duplicate shared id: 1000 name=com.android.settings
09-10 10:06:21.559   562   562 I pm_critical_info: Adding duplicate shared id: 1073 name=com.android.cellbroadcastservice
09-10 10:06:21.784   562   562 I pm_critical_info: Adding duplicate app id: 10131 name=com.android.cts.ctsshim
09-10 10:06:21.823   562   562 I pm_critical_info: Adding duplicate shared id: 1073 name=com.android.networkstack.tethering
09-10 10:06:21.855   562   562 I pm_critical_info: Adding duplicate shared id: 1027 name=com.android.nfc
09-10 10:06:22.199   562   562 I pm_critical_info: Adding duplicate shared id: 1002 name=com.android.bluetooth
09-10 10:06:22.204   562   562 I boot_progress_pms_data_scan_start: 15483
09-10 10:06:22.207   562   562 I boot_progress_pms_scan_end: 15486
09-10 10:06:22.328   562   562 I commit_sys_config_file: [package,18]
09-10 10:06:22.328   562   562 I boot_progress_pms_ready: 15607
09-10 10:06:22.342   562   618 I commit_sys_config_file: [package-user-0,13]
09-10 10:06:22.354   562   562 I am_uid_running: 1000
09-10 10:06:22.355   562   562 I am_uid_active: 1000
09-10 10:06:22.544   562   562 I commit_sys_config_file: [overlays,9]
09-10 10:06:22.568   562   634 I battery_status: [2,2,1,1,Li-ion]
09-10 10:06:22.568   562   634 I battery_level: [100,5000,250]
09-10 10:06:22.710   562   663 I commit_sys_config_file: [settings-1-0,3]
09-10 10:06:22.712   562   663 I commit_sys_config_file: [settings-0-0,2]
09-10 10:06:22.713   562   663 I commit_sys_config_file: [settings-2-0,1]
09-10 10:06:22.714   562   663 I commit_sys_config_file: [settings-1-0,1]
09-10 10:06:22.795   562   562 I wm_task_created: 1
09-10 10:06:22.799   562   588 I sysui_multi_action: [757,1594,758,4,759,1,806,NULL]
09-10 10:06:22.808   562   562 I commit_sys_config_file: [net-watchlist,2]
09-10 10:06:22.817   562   596 I am_wtf  : [0,562,system_server,-1,SystemServiceRegistry,No service published for: jobscheduler]
09-10 10:06:22.817   562   596 I am_wtf  : [0,562,system_server,-1,SystemServiceRegistry,Manager wrapper not available: jobscheduler]
09-10 10:06:22.842   562   562 I configuration_changed: 536894968
09-10 10:06:22.844   562   562 I sysui_multi_action: [757,1659,758,4,759,1,1660,0]
09-10 10:06:22.859   562   587 I am_uid_running: 10136
09-10 10:06:23.017   562   663 I commit_sys_config_file: [settings-0-0,3]
09-10 10:06:24.947   562   562 I sysui_multi_action: [757,804,799,opt_dialog_num_dexopted,801,18,802,1]
09-10 10:06:24.947   562   562 I sysui_multi_action: [757,804,799,opt_dialog_num_skipped,801,95,802,1]
09-10 10:06:24.947   562   562 I sysui_multi_action: [757,804,799,opt_dialog_num_failed,801,0,802,1]
09-10 10:06:24.948   562   562 I sysui_multi_action: [757,804,799,opt_dialog_num_total,801,113,802,1]
09-10 10:06:24.948   562   562 I sysui_multi_action: [757,804,799,opt_dialog_time_s,801,2,802,1]
09-10 10:06:24.970   562   562 I device_idle: [0,boot]
09-10 10:06:24.970   562   562 I device_idle_light: [0,boot]
09-10 10:06:25.092   562   596 I am_wtf  : [0,562,system_server,-1,SystemServiceRegistry,No service published for: jobscheduler]
09-10 10:06:25.092   562   596 I am_wtf  : [0,562,system_server,-1,SystemServiceRegistry,Manager wrapper not available: jobscheduler]
09-10 10:06:25.095   562   596 I am_wtf  : [0,562,system_server,-1,SystemServiceRegistry,No service published for: jobscheduler]
09-10 10:06:25.098   562   596 I am_wtf  : [0,562,system_server,-1,SystemServiceRegistry,Manager wrapper not available: jobscheduler]
09-10 10:06:25.098   562   596 I am_wtf  : [0,562,system_server,-1,SystemServiceRegistry,No service published for: jobscheduler]
09-10 10:06:25.098   562   596 I am_wtf  : [0,562,system_server,-1,SystemServiceRegistry,Manager wrapper not available: jobscheduler]
09-10 10:06:25.100   562   562 I sysui_multi_action: [757,856,758,1,806,android,857,PHYSICAL_KEYBOARD,858,2]
09-10 10:06:25.101   562   562 I sysui_multi_action: [757,856,758,1,806,android,857,SECURITY,858,2]
09-10 10:06:25.101   562   562 I sysui_multi_action: [757,856,758,1,806,android,857,CAR_MODE,858,2]
09-10 10:06:25.101   562   562 I sysui_multi_action: [757,856,758,1,806,android,857,ACCOUNT,858,2]
09-10 10:06:25.101   562   562 I sysui_multi_action: [757,856,758,1,806,android,857,DEVELOPER,858,2]
09-10 10:06:25.101   562   562 I sysui_multi_action: [757,856,758,1,806,android,857,DEVELOPER_IMPORTANT,858,4]
09-10 10:06:25.101   562   562 I sysui_multi_action: [757,856,758,1,806,android,857,UPDATES,858,2]
09-10 10:06:25.101   562   562 I sysui_multi_action: [757,856,758,1,806,android,857,NETWORK_STATUS,858,2]
09-10 10:06:25.101   562   562 I sysui_multi_action: [757,856,758,1,806,android,857,NETWORK_ALERTS,858,4]
09-10 10:06:25.101   562   562 I sysui_multi_action: [757,856,758,1,806,android,857,NETWORK_AVAILABLE,858,2]
09-10 10:06:25.102   562   562 I sysui_multi_action: [757,856,758,1,806,android,857,VPN,858,2]
09-10 10:06:25.102   562   562 I sysui_multi_action: [757,856,758,1,806,android,857,DEVICE_ADMIN_ALERTS,858,4]
09-10 10:06:25.102   562   562 I sysui_multi_action: [757,856,758,1,806,android,857,ALERTS,858,3]
09-10 10:06:25.102   562   562 I sysui_multi_action: [757,856,758,1,806,android,857,RETAIL_MODE,858,2]
09-10 10:06:25.102   562   562 I sysui_multi_action: [757,856,758,1,806,android,857,USB,858,1]
09-10 10:06:25.102   562   562 I sysui_multi_action: [757,856,758,1,806,android,857,FOREGROUND_SERVICE,858,2]
09-10 10:06:25.102   562   562 I sysui_multi_action: [757,856,758,1,806,android,857,HEAVY_WEIGHT_APP,858,3]
09-10 10:06:25.102   562   562 I sysui_multi_action: [757,856,758,1,806,android,857,SYSTEM_CHANGES_ALERTS,858,3]
09-10 10:06:25.102   562   562 I sysui_multi_action: [757,856,758,1,806,android,857,DO_NOT_DISTURB,858,2]
09-10 10:06:25.102   562   562 I sysui_multi_action: [757,856,758,1,806,android,857,ACCESSIBILITY_MAGNIFICATION,858,4]
09-10 10:06:25.103   562   562 I sysui_multi_action: [757,856,758,1,806,android,857,ACCESSIBILITY_SECURITY_POLICY,858,2]
09-10 10:06:25.103   562   562 I sysui_multi_action: [757,856,758,1,806,android,857,ABUSIVE_BACKGROUND_APPS,858,2]
09-10 10:06:25.107   562   857 I storage_state: [41217664-9172-527a-b3d5-edabb50a7d69,0,0,5814636544,6228115456]
09-10 10:06:25.163   562   596 I am_wtf  : [0,562,system_server,-1,SystemServiceRegistry,No service published for: jobscheduler]
09-10 10:06:25.163   562   596 I am_wtf  : [0,562,system_server,-1,SystemServiceRegistry,Manager wrapper not available: jobscheduler]
09-10 10:06:25.185   562   863 I stream_devices_changed: [4,0,2]
09-10 10:06:25.187   562   863 I stream_devices_changed: [6,0,2]
09-10 10:06:25.189   562   863 I stream_devices_changed: [3,0,2]
09-10 10:06:25.189   562   863 I stream_devices_changed: [5,0,2]
09-10 10:06:25.190   562   863 I stream_devices_changed: [2,0,2]
09-10 10:06:25.191   562   863 I stream_devices_changed: [0,0,2]
09-10 10:06:25.300   562   663 I commit_sys_config_file: [settings-2-0,5]
09-10 10:06:25.304   562   663 I commit_sys_config_file: [settings-0-0,3]
09-10 10:06:25.342   562   587 I commit_sys_config_file: [notification-policy,2]
09-10 10:06:25.362   562   663 I commit_sys_config_file: [settings-1-0,3]
09-10 10:06:25.427   562   562 I configuration_changed: 512
09-10 10:06:25.439   562   840 I sysui_multi_action: [757,856,758,1,806,android,857,APM_ALERTS,858,4]
09-10 10:06:25.465   562   562 I commit_sys_config_file: [package-session,1]
09-10 10:06:25.485   562   562 I sysui_multi_action: [757,1243,758,4,806,com.android.dynsystem,1241,android.permission.POST_NOTIFICATIONS]
09-10 10:06:25.485   562   562 I sysui_multi_action: [757,1243,758,4,806,com.android.server.telecom,1241,android.permission.READ_CALL_LOG]
09-10 10:06:25.485   562   562 I sysui_multi_action: [757,1243,758,4,806,com.android.settings,1241,android.permission.ACCESS_FINE_LOCATION]
09-10 10:06:25.486   562   562 I sysui_multi_action: [757,1243,758,4,806,com.android.settings,1241,android.permission.READ_PHONE_NUMBERS]
09-10 10:06:25.486   562   562 I sysui_multi_action: [757,1243,758,4,806,com.android.settings,1241,android.permission.READ_MEDIA_VISUAL_USER_SELECTED]
09-10 10:06:25.486   562   562 I sysui_multi_action: [757,1243,758,4,806,com.android.settings,1241,android.permission.BLUETOOTH_CONNECT]
09-10 10:06:25.486   562   562 I sysui_multi_action: [757,1243,758,4,806,com.android.server.telecom,1241,android.permission.READ_EXTERNAL_STORAGE]
09-10 10:06:25.486   562   562 I sysui_multi_action: [757,1243,758,4,806,com.android.settings,1241,android.permission.ACCESS_COARSE_LOCATION]
09-10 10:06:25.487   562   562 I sysui_multi_action: [757,1243,758,4,806,com.android.settings,1241,android.permission.READ_PHONE_STATE]
09-10 10:06:25.487   562   562 I sysui_multi_action: [757,1243,758,4,806,com.android.server.telecom,1241,android.permission.SEND_SMS]
09-10 10:06:25.487   562   562 I sysui_multi_action: [757,1243,758,4,806,com.android.settings,1241,android.permission.CALL_PHONE]
09-10 10:06:25.487   562   562 I sysui_multi_action: [757,1243,758,4,806,com.android.settings,1241,android.permission.READ_MEDIA_IMAGES]
09-10 10:06:25.487   562   562 I sysui_multi_action: [757,1243,758,4,806,com.android.settings,1241,android.permission.WRITE_CONTACTS]
09-10 10:06:25.488   562   562 I sysui_multi_action: [757,1243,758,4,806,com.android.DeviceAsWebcam,1241,android.permission.CAMERA]
09-10 10:06:25.488   562   562 I sysui_multi_action: [757,1243,758,4,806,com.android.server.telecom,1241,android.permission.WRITE_CALL_LOG]
09-10 10:06:25.488   562   562 I sysui_multi_action: [757,1243,758,4,806,com.android.settings,1241,android.permission.READ_MEDIA_AUDIO]
09-10 10:06:25.488   562   562 I sysui_multi_action: [757,1243,758,4,806,com.android.settings,1241,android.permission.READ_MEDIA_VIDEO]
09-10 10:06:25.488   562   562 I sysui_multi_action: [757,1243,758,4,806,com.android.settings,1241,android.permission.BLUETOOTH_ADVERTISE]
09-10 10:06:25.488   562   562 I sysui_multi_action: [757,1243,758,4,806,android,1241,android.permission.GET_ACCOUNTS]
09-10 10:06:25.489   562   562 I sysui_multi_action: [757,1243,758,4,806,com.android.settings,1241,android.permission.WRITE_EXTERNAL_STORAGE]
09-10 10:06:25.489   562   562 I sysui_multi_action: [757,1243,758,4,806,android,1241,android.permission.READ_CONTACTS]
09-10 10:06:25.489   562   562 I sysui_multi_action: [757,1243,758,4,806,com.android.location.fused,1241,android.permission.ACCESS_BACKGROUND_LOCATION]
09-10 10:06:25.489   562   562 I sysui_multi_action: [757,1243,758,4,806,com.android.settings,1241,android.permission.BLUETOOTH_SCAN]
09-10 10:06:25.489   562   562 I sysui_multi_action: [757,1243,758,4,806,com.android.mms.service,1241,android.permission.READ_SMS]
09-10 10:06:25.490   562   562 I sysui_multi_action: [757,1243,758,4,806,com.android.stk,1241,android.permission.POST_NOTIFICATIONS]
09-10 10:06:25.490   562   562 I sysui_multi_action: [757,1243,758,4,806,com.android.phone,1241,android.permission.READ_CALL_LOG]
09-10 10:06:25.490   562   562 I sysui_multi_action: [757,1243,758,4,806,com.android.phone,1241,android.permission.ACCESS_FINE_LOCATION]
09-10 10:06:25.490   562   562 I sysui_multi_action: [757,1243,758,4,806,com.android.providers.telephony,1241,android.permission.RECEIVE_SMS]
09-10 10:06:25.490   562   562 I sysui_multi_action: [757,1243,758,4,806,com.android.phone,1241,android.permission.BLUETOOTH_CONNECT]
09-10 10:06:25.490   562   562 I sysui_multi_action: [757,1243,758,4,806,com.android.providers.telephony,1241,android.permission.READ_EXTERNAL_STORAGE]
09-10 10:06:25.491   562   562 I sysui_multi_action: [757,1243,758,4,806,com.android.phone,1241,android.permission.ACCESS_COARSE_LOCATION]
09-10 10:06:25.491   562   562 I sysui_multi_action: [757,1243,758,4,806,com.android.mms.service,1241,android.permission.READ_PHONE_STATE]
09-10 10:06:25.491   562   562 I sysui_multi_action: [757,1243,758,4,806,com.android.phone,1241,android.permission.SEND_SMS]
09-10 10:06:25.491   562   562 I sysui_multi_action: [757,1243,758,4,806,com.android.phone,1241,android.permission.CALL_PHONE]
09-10 10:06:25.491   562   562 I sysui_multi_action: [757,1243,758,4,806,com.android.phone,1241,android.permission.WRITE_CONTACTS]
09-10 10:06:25.491   562   562 I sysui_multi_action: [757,1243,758,4,806,com.android.phone,1241,android.permission.WRITE_CALL_LOG]
09-10 10:06:25.492   562   562 I sysui_multi_action: [757,1243,758,4,806,com.android.phone,1241,android.permission.USE_SIP]
09-10 10:06:25.492   562   562 I sysui_multi_action: [757,1243,758,4,806,com.android.phone,1241,android.permission.GET_ACCOUNTS]
09-10 10:06:25.492   562   562 I sysui_multi_action: [757,1243,758,4,806,com.android.providers.telephony,1241,android.permission.WRITE_EXTERNAL_STORAGE]
09-10 10:06:25.492   562   562 I sysui_multi_action: [757,1243,758,4,806,com.android.phone,1241,android.permission.RECORD_AUDIO]
09-10 10:06:25.492   562   562 I sysui_multi_action: [757,1243,758,4,806,com.android.phone,1241,android.permission.READ_CONTACTS]
09-10 10:06:25.492   562   562 I sysui_multi_action: [757,1243,758,4,806,com.android.phone,1241,android.permission.BLUETOOTH_SCAN]
09-10 10:06:25.493   562   562 I sysui_multi_action: [757,1243,758,4,806,com.android.phone,1241,com.android.voicemail.permission.ADD_VOICEMAIL]
09-10 10:06:25.493   562   562 I sysui_multi_action: [757,1243,758,4,806,com.android.bluetooth,1241,android.permission.READ_SMS]
09-10 10:06:25.493   562   562 I sysui_multi_action: [757,1243,758,4,806,com.android.bluetooth,1241,android.permission.POST_NOTIFICATIONS]
09-10 10:06:25.493   562   562 I sysui_multi_action: [757,1243,758,4,806,com.android.bluetooth,1241,android.permission.READ_CALL_LOG]
09-10 10:06:25.493   562   562 I sysui_multi_action: [757,1243,758,4,806,com.android.bluetooth,1241,android.permission.ACCESS_FINE_LOCATION]
09-10 10:06:25.493   562   562 I sysui_multi_action: [757,1243,758,4,806,com.android.bluetooth,1241,android.permission.RECEIVE_SMS]
09-10 10:06:25.494   562   562 I sysui_multi_action: [757,1243,758,4,806,com.android.bluetooth,1241,android.permission.BLUETOOTH_CONNECT]
09-10 10:06:25.494   562   562 I sysui_multi_action: [757,1243,758,4,806,com.android.bluetooth,1241,android.permission.READ_EXTERNAL_STORAGE]
09-10 10:06:25.494   562   562 I sysui_multi_action: [757,1243,758,4,806,com.android.bluetooth,1241,android.permission.ACCESS_COARSE_LOCATION]
09-10 10:06:25.494   562   562 I sysui_multi_action: [757,1243,758,4,806,com.android.bluetooth,1241,android.permission.SEND_SMS]
09-10 10:06:25.494   562   562 I sysui_multi_action: [757,1243,758,4,806,com.android.bluetooth,1241,android.permission.WRITE_CONTACTS]
09-10 10:06:25.494   562   562 I sysui_multi_action: [757,1243,758,4,806,com.android.bluetooth,1241,android.permission.WRITE_CALL_LOG]
09-10 10:06:25.495   562   562 I sysui_multi_action: [757,1243,758,4,806,com.android.bluetooth,1241,android.permission.BLUETOOTH_ADVERTISE]
09-10 10:06:25.495   562   562 I sysui_multi_action: [757,1243,758,4,806,com.android.bluetooth,1241,android.permission.GET_ACCOUNTS]
09-10 10:06:25.495   562   562 I sysui_multi_action: [757,1243,758,4,806,com.android.bluetooth,1241,android.permission.WRITE_EXTERNAL_STORAGE]
09-10 10:06:25.495   562   562 I sysui_multi_action: [757,1243,758,4,806,com.android.bluetooth,1241,android.permission.READ_CONTACTS]
09-10 10:06:25.495   562   562 I sysui_multi_action: [757,1243,758,4,806,com.android.bluetooth,1241,android.permission.BLUETOOTH_SCAN]
09-10 10:06:25.495   562   562 I sysui_multi_action: [757,1243,758,4,806,com.android.nfc,1241,android.permission.POST_NOTIFICATIONS]
09-10 10:06:25.496   562   562 I sysui_multi_action: [757,1243,758,4,806,com.android.nfc,1241,android.permission.BLUETOOTH_CONNECT]
09-10 10:06:25.496   562   562 I sysui_multi_action: [757,1243,758,4,806,com.android.nfc,1241,android.permission.READ_EXTERNAL_STORAGE]
09-10 10:06:25.496   562   562 I sysui_multi_action: [757,1243,758,4,806,com.android.nfc,1241,android.permission.WRITE_EXTERNAL_STORAGE]
09-10 10:06:25.496   562   562 I sysui_multi_action: [757,1243,758,4,806,com.android.nfc,1241,android.permission.READ_CONTACTS]
09-10 10:06:25.496   562   562 I sysui_multi_action: [757,1243,758,4,806,com.android.nfc,1241,android.permission.BLUETOOTH_SCAN]
09-10 10:06:25.496   562   562 I sysui_multi_action: [757,1243,758,4,806,com.android.networkstack.tethering,1241,android.permission.POST_NOTIFICATIONS]
09-10 10:06:25.497   562   562 I sysui_multi_action: [757,1243,758,4,806,com.android.networkstack,1241,android.permission.ACCESS_FINE_LOCATION]
09-10 10:06:25.497   562   562 I sysui_multi_action: [757,1243,758,4,806,com.android.cellbroadcastservice,1241,android.permission.RECEIVE_SMS]
09-10 10:06:25.497   562   562 I sysui_multi_action: [757,1243,758,4,806,com.android.networkstack.tethering,1241,android.permission.BLUETOOTH_CONNECT]
09-10 10:06:25.497   562   562 I sysui_multi_action: [757,1243,758,4,806,com.android.networkstack,1241,android.permission.ACCESS_COARSE_LOCATION]
09-10 10:06:25.497   562   562 I sysui_multi_action: [757,1243,758,4,806,com.android.networkstack.tethering,1241,android.permission.READ_PHONE_STATE]
09-10 10:06:25.498   562   562 I sysui_multi_action: [757,1243,758,4,806,com.android.cellbroadcastservice,1241,android.permission.READ_CELL_BROADCASTS]
09-10 10:06:25.498   562   562 I sysui_multi_action: [757,1243,758,4,806,com.android.shell,1241,android.permission.READ_SMS]
09-10 10:06:25.498   562   562 I sysui_multi_action: [757,1243,758,4,806,com.android.shell,1241,android.permission.READ_CALENDAR]
09-10 10:06:25.498   562   562 I sysui_multi_action: [757,1243,758,4,806,com.android.shell,1241,android.permission.POST_NOTIFICATIONS]
09-10 10:06:25.498   562   562 I sysui_multi_action: [757,1243,758,4,806,com.android.shell,1241,android.permission.READ_CALL_LOG]
09-10 10:06:25.499   562   562 I sysui_multi_action: [757,1243,758,4,806,com.android.shell,1241,android.permission.ACCESS_FINE_LOCATION]
09-10 10:06:25.499   562   562 I sysui_multi_action: [757,1243,758,4,806,com.android.shell,1241,android.permission.ANSWER_PHONE_CALLS]
09-10 10:06:25.499   562   562 I sysui_multi_action: [757,1243,758,4,806,com.android.shell,1241,android.permission.RECEIVE_WAP_PUSH]
09-10 10:06:25.499   562   562 I sysui_multi_action: [757,1243,758,4,806,com.android.shell,1241,android.permission.BODY_SENSORS]
09-10 10:06:25.499   562   562 I sysui_multi_action: [757,1243,758,4,806,com.android.shell,1241,android.permission.READ_PHONE_NUMBERS]
09-10 10:06:25.499   562   562 I sysui_multi_action: [757,1243,758,4,806,com.android.shell,1241,android.permission.READ_MEDIA_VISUAL_USER_SELECTED]
09-10 10:06:25.500   562   562 I sysui_multi_action: [757,1243,758,4,806,com.android.shell,1241,android.permission.NEARBY_WIFI_DEVICES]
09-10 10:06:25.500   562   562 I sysui_multi_action: [757,1243,758,4,806,com.android.shell,1241,android.permission.RECEIVE_MMS]
09-10 10:06:25.500   562   562 I sysui_multi_action: [757,1243,758,4,806,com.android.shell,1241,android.permission.RECEIVE_SMS]
09-10 10:06:25.500   562   562 I sysui_multi_action: [757,1243,758,4,806,com.android.shell,1241,android.permission.BLUETOOTH_CONNECT]
09-10 10:06:25.500   562   562 I sysui_multi_action: [757,1243,758,4,806,com.android.shell,1241,android.permission.READ_EXTERNAL_STORAGE]
09-10 10:06:25.501   562   562 I sysui_multi_action: [757,1243,758,4,806,com.android.shell,1241,android.permission.ACCESS_COARSE_LOCATION]
09-10 10:06:25.501   562   562 I sysui_multi_action: [757,1243,758,4,806,com.android.shell,1241,android.permission.READ_PHONE_STATE]
09-10 10:06:25.501   562   562 I sysui_multi_action: [757,1243,758,4,806,com.android.shell,1241,android.permission.SEND_SMS]
09-10 10:06:25.502   562   562 I sysui_multi_action: [757,1243,758,4,806,com.android.shell,1241,android.permission.CALL_PHONE]
09-10 10:06:25.502   562   562 I sysui_multi_action: [757,1243,758,4,806,com.android.shell,1241,android.permission.WRITE_CONTACTS]
09-10 10:06:25.502   562   562 I sysui_multi_action: [757,1243,758,4,806,com.android.shell,1241,android.permission.ACCEPT_HANDOVER]
09-10 10:06:25.503   562   562 I sysui_multi_action: [757,1243,758,4,806,com.android.shell,1241,android.permission.CAMERA]
09-10 10:06:25.503   562   562 I sysui_multi_action: [757,1243,758,4,806,com.android.shell,1241,android.permission.WRITE_CALENDAR]
09-10 10:06:25.503   562   562 I sysui_multi_action: [757,1243,758,4,806,com.android.shell,1241,android.permission.WRITE_CALL_LOG]
09-10 10:06:25.503   562   562 I sysui_multi_action: [757,1243,758,4,806,com.android.shell,1241,android.permission.USE_SIP]
09-10 10:06:25.503   562   562 I sysui_multi_action: [757,1243,758,4,806,com.android.shell,1241,android.permission.PROCESS_OUTGOING_CALLS]
09-10 10:06:25.504   562   562 I sysui_multi_action: [757,1243,758,4,806,com.android.shell,1241,android.permission.READ_CELL_BROADCASTS]
09-10 10:06:25.504   562   562 I sysui_multi_action: [757,1243,758,4,806,com.android.shell,1241,android.permission.BLUETOOTH_ADVERTISE]
09-10 10:06:25.504   562   562 I sysui_multi_action: [757,1243,758,4,806,com.android.shell,1241,android.permission.GET_ACCOUNTS]
09-10 10:06:25.504   562   562 I sysui_multi_action: [757,1243,758,4,806,com.android.shell,1241,android.permission.WRITE_EXTERNAL_STORAGE]
09-10 10:06:25.504   562   562 I sysui_multi_action: [757,1243,758,4,806,com.android.shell,1241,android.permission.UWB_RANGING]
09-10 10:06:25.505   562   562 I sysui_multi_action: [757,1243,758,4,806,com.android.shell,1241,android.permission.ACTIVITY_RECOGNITION]
09-10 10:06:25.505   562   562 I sysui_multi_action: [757,1243,758,4,806,com.android.shell,1241,android.permission.RECORD_AUDIO]
09-10 10:06:25.505   562   562 I sysui_multi_action: [757,1243,758,4,806,com.android.shell,1241,android.permission.READ_CONTACTS]
09-10 10:06:25.505   562   562 I sysui_multi_action: [757,1243,758,4,806,com.android.shell,1241,android.permission.ACCESS_BACKGROUND_LOCATION]
09-10 10:06:25.506   562   562 I sysui_multi_action: [757,1243,758,4,806,com.android.shell,1241,android.permission.BLUETOOTH_SCAN]
09-10 10:06:25.506   562   562 I sysui_multi_action: [757,1243,758,4,806,com.android.shell,1241,android.permission.ACCESS_MEDIA_LOCATION]
09-10 10:06:25.506   562   562 I sysui_multi_action: [757,1243,758,4,806,com.android.shell,1241,com.android.voicemail.permission.ADD_VOICEMAIL]
09-10 10:06:25.506   562   562 I sysui_multi_action: [757,1243,758,4,806,com.android.documentsui,1241,android.permission.POST_NOTIFICATIONS]
09-10 10:06:25.507   562   562 I sysui_multi_action: [757,1243,758,4,806,com.android.packageinstaller,1241,android.permission.POST_NOTIFICATIONS]
09-10 10:06:25.507   562   562 I sysui_multi_action: [757,1243,758,4,806,com.android.externalstorage,1241,android.permission.READ_EXTERNAL_STORAGE]
09-10 10:06:25.507   562   562 I sysui_multi_action: [757,1243,758,4,806,com.android.externalstorage,1241,android.permission.WRITE_EXTERNAL_STORAGE]
09-10 10:06:25.507   562   562 I sysui_multi_action: [757,1243,758,4,806,com.android.providers.contacts,1241,android.permission.READ_CALL_LOG]
09-10 10:06:25.507   562   562 I sysui_multi_action: [757,1243,758,4,806,com.android.providers.contacts,1241,android.permission.READ_PHONE_STATE]
09-10 10:06:25.508   562   562 I sysui_multi_action: [757,1243,758,4,806,com.android.providers.contacts,1241,android.permission.WRITE_CONTACTS]
09-10 10:06:25.508   562   562 I sysui_multi_action: [757,1243,758,4,806,com.android.providers.contacts,1241,android.permission.WRITE_CALL_LOG]
09-10 10:06:25.508   562   562 I sysui_multi_action: [757,1243,758,4,806,com.android.providers.contacts,1241,android.permission.GET_ACCOUNTS]
09-10 10:06:25.508   562   562 I sysui_multi_action: [757,1243,758,4,806,com.android.providers.contacts,1241,android.permission.READ_CONTACTS]
09-10 10:06:25.508   562   562 I sysui_multi_action: [757,1243,758,4,806,com.android.managedprovisioning,1241,android.permission.POST_NOTIFICATIONS]
09-10 10:06:25.509   562   562 I sysui_multi_action: [757,1243,758,4,806,com.android.sharedstoragebackup,1241,android.permission.READ_EXTERNAL_STORAGE]
09-10 10:06:25.509   562   562 I sysui_multi_action: [757,1243,758,4,806,com.android.sharedstoragebackup,1241,android.permission.WRITE_EXTERNAL_STORAGE]
09-10 10:06:25.509   562   562 I sysui_multi_action: [757,1243,758,4,806,com.android.bips,1241,android.permission.POST_NOTIFICATIONS]
09-10 10:06:25.509   562   562 I sysui_multi_action: [757,1243,758,4,806,com.android.providers.downloads,1241,android.permission.POST_NOTIFICATIONS]
09-10 10:06:25.509   562   562 I sysui_multi_action: [757,1243,758,4,806,com.android.providers.downloads,1241,android.permission.READ_EXTERNAL_STORAGE]
09-10 10:06:25.510   562   562 I sysui_multi_action: [757,1243,758,4,806,com.android.providers.downloads,1241,android.permission.WRITE_EXTERNAL_STORAGE]
09-10 10:06:25.510   562   562 I sysui_multi_action: [757,1243,758,4,806,com.android.apps.tag,1241,android.permission.CALL_PHONE]
09-10 10:06:25.510   562   562 I sysui_multi_action: [757,1243,758,4,806,com.android.apps.tag,1241,android.permission.READ_CONTACTS]
09-10 10:06:25.510   562   562 I sysui_multi_action: [757,1243,758,4,806,com.android.statementservice,1241,android.permission.POST_NOTIFICATIONS]
09-10 10:06:25.510   562   562 I sysui_multi_action: [757,1243,758,4,806,com.android.providers.calendar,1241,android.permission.READ_CALENDAR]
09-10 10:06:25.510   562   562 I sysui_multi_action: [757,1243,758,4,806,com.android.providers.calendar,1241,android.permission.READ_EXTERNAL_STORAGE]
09-10 10:06:25.511   562   562 I sysui_multi_action: [757,1243,758,4,806,com.android.providers.calendar,1241,android.permission.WRITE_CALENDAR]
09-10 10:06:25.511   562   562 I sysui_multi_action: [757,1243,758,4,806,com.android.providers.calendar,1241,android.permission.GET_ACCOUNTS]
09-10 10:06:25.511   562   562 I sysui_multi_action: [757,1243,758,4,806,com.android.providers.calendar,1241,android.permission.WRITE_EXTERNAL_STORAGE]
09-10 10:06:25.511   562   562 I sysui_multi_action: [757,1243,758,4,806,com.android.egg,1241,android.permission.POST_NOTIFICATIONS]
09-10 10:06:25.511   562   562 I sysui_multi_action: [757,1243,758,4,806,com.android.printspooler,1241,android.permission.POST_NOTIFICATIONS]
09-10 10:06:25.511   562   562 I sysui_multi_action: [757,1243,758,4,806,com.android.printspooler,1241,android.permission.ACCESS_FINE_LOCATION]
09-10 10:06:25.511   562   562 I sysui_multi_action: [757,1243,758,4,806,com.android.printspooler,1241,android.permission.ACCESS_COARSE_LOCATION]
09-10 10:06:25.512   562   562 I sysui_multi_action: [757,1243,758,4,806,com.android.carrierdefaultapp,1241,android.permission.POST_NOTIFICATIONS]
09-10 10:06:25.512   562   562 I sysui_multi_action: [757,1243,758,4,806,com.android.bluetoothmidiservice,1241,android.permission.BLUETOOTH_CONNECT]
09-10 10:06:25.512   562   562 I sysui_multi_action: [757,1243,758,4,806,com.android.bluetoothmidiservice,1241,android.permission.BLUETOOTH_ADVERTISE]
09-10 10:06:25.512   562   562 I sysui_multi_action: [757,1243,758,4,806,com.android.bluetoothmidiservice,1241,android.permission.BLUETOOTH_SCAN]
09-10 10:06:25.512   562   562 I sysui_multi_action: [757,1243,758,4,806,com.android.captiveportallogin,1241,android.permission.POST_NOTIFICATIONS]
09-10 10:06:25.512   562   562 I sysui_multi_action: [757,1243,758,4,806,com.android.traceur,1241,android.permission.POST_NOTIFICATIONS]
09-10 10:06:25.512   562   562 I sysui_multi_action: [757,1243,758,4,806,com.android.companiondevicemanager,1241,android.permission.ACCESS_FINE_LOCATION]
09-10 10:06:25.513   562   562 I sysui_multi_action: [757,1243,758,4,806,com.android.companiondevicemanager,1241,android.permission.BLUETOOTH_CONNECT]
09-10 10:06:25.513   562   562 I sysui_multi_action: [757,1243,758,4,806,com.android.companiondevicemanager,1241,android.permission.ACCESS_COARSE_LOCATION]
09-10 10:06:25.513   562   562 I sysui_multi_action: [757,1243,758,4,806,com.android.companiondevicemanager,1241,android.permission.BLUETOOTH_ADVERTISE]
09-10 10:06:25.513   562   562 I sysui_multi_action: [757,1243,758,4,806,com.android.companiondevicemanager,1241,android.permission.ACCESS_BACKGROUND_LOCATION]
09-10 10:06:25.513   562   562 I sysui_multi_action: [757,1243,758,4,806,com.android.companiondevicemanager,1241,android.permission.BLUETOOTH_SCAN]
09-10 10:06:25.513   562   562 I sysui_multi_action: [757,1243,758,4,806,com.android.contacts,1241,android.permission.READ_CALL_LOG]
09-10 10:06:25.514   562   562 I sysui_multi_action: [757,1243,758,4,806,com.android.contacts,1241,android.permission.READ_PHONE_STATE]
09-10 10:06:25.514   562   562 I sysui_multi_action: [757,1243,758,4,806,com.android.contacts,1241,android.permission.CALL_PHONE]
09-10 10:06:25.514   562   562 I sysui_multi_action: [757,1243,758,4,806,com.android.contacts,1241,android.permission.WRITE_CONTACTS]
09-10 10:06:25.514   562   562 I sysui_multi_action: [757,1243,758,4,806,com.android.contacts,1241,android.permission.GET_ACCOUNTS]
09-10 10:06:25.515   562   562 I sysui_multi_action: [757,1243,758,4,806,com.android.contacts,1241,android.permission.READ_CONTACTS]
09-10 10:06:25.515   562   562 I sysui_multi_action: [757,1243,758,4,806,com.android.dialer,1241,android.permission.POST_NOTIFICATIONS]
09-10 10:06:25.515   562   562 I sysui_multi_action: [757,1243,758,4,806,com.android.dialer,1241,android.permission.READ_CALL_LOG]
09-10 10:06:25.515   562   562 I sysui_multi_action: [757,1243,758,4,806,com.android.dialer,1241,android.permission.READ_PHONE_STATE]
09-10 10:06:25.515   562   562 I sysui_multi_action: [757,1243,758,4,806,com.android.dialer,1241,android.permission.SEND_SMS]
09-10 10:06:25.515   562   562 I sysui_multi_action: [757,1243,758,4,806,com.android.dialer,1241,android.permission.CALL_PHONE]
09-10 10:06:25.516   562   562 I sysui_multi_action: [757,1243,758,4,806,com.android.dialer,1241,android.permission.WRITE_CONTACTS]
09-10 10:06:25.516   562   562 I sysui_multi_action: [757,1243,758,4,806,com.android.dialer,1241,android.permission.CAMERA]
09-10 10:06:25.516   562   562 I sysui_multi_action: [757,1243,758,4,806,com.android.dialer,1241,android.permission.WRITE_CALL_LOG]
09-10 10:06:25.516   562   562 I sysui_multi_action: [757,1243,758,4,806,com.android.dialer,1241,android.permission.PROCESS_OUTGOING_CALLS]
09-10 10:06:25.516   562   562 I sysui_multi_action: [757,1243,758,4,806,com.android.dialer,1241,android.permission.GET_ACCOUNTS]
09-10 10:06:25.516   562   562 I sysui_multi_action: [757,1243,758,4,806,com.android.dialer,1241,android.permission.READ_CONTACTS]
09-10 10:06:25.516   562   562 I sysui_multi_action: [757,1243,758,4,806,com.android.dialer,1241,com.android.voicemail.permission.ADD_VOICEMAIL]
09-10 10:06:25.517   562   562 I sysui_multi_action: [757,1243,758,4,806,com.android.music,1241,android.permission.READ_MEDIA_VISUAL_USER_SELECTED]
09-10 10:06:25.517   562   562 I sysui_multi_action: [757,1243,758,4,806,com.android.music,1241,android.permission.READ_EXTERNAL_STORAGE]
09-10 10:06:25.517   562   562 I sysui_multi_action: [757,1243,758,4,806,com.android.music,1241,android.permission.READ_MEDIA_IMAGES]
09-10 10:06:25.517   562   562 I sysui_multi_action: [757,1243,758,4,806,com.android.music,1241,android.permission.READ_MEDIA_AUDIO]
09-10 10:06:25.517   562   562 I sysui_multi_action: [757,1243,758,4,806,com.android.music,1241,android.permission.READ_MEDIA_VIDEO]
09-10 10:06:25.517   562   562 I sysui_multi_action: [757,1243,758,4,806,com.android.camera2,1241,android.permission.CAMERA]
09-10 10:06:25.517   562   562 I sysui_multi_action: [757,1243,758,4,806,com.android.camera2,1241,android.permission.RECORD_AUDIO]
09-10 10:06:25.518   562   562 I sysui_multi_action: [757,1243,758,4,806,com.android.calendar,1241,android.permission.READ_CALENDAR]
09-10 10:06:25.518   562   562 I sysui_multi_action: [757,1243,758,4,806,com.android.calendar,1241,android.permission.POST_NOTIFICATIONS]
09-10 10:06:25.518   562   562 I sysui_multi_action: [757,1243,758,4,806,com.android.calendar,1241,android.permission.WRITE_CALENDAR]
09-10 10:06:25.518   562   562 I sysui_multi_action: [757,1243,758,4,806,com.android.calendar,1241,android.permission.GET_ACCOUNTS]
09-10 10:06:25.518   562   562 I sysui_multi_action: [757,1243,758,4,806,com.android.calendar,1241,android.permission.READ_CONTACTS]
09-10 10:06:25.518   562   562 I sysui_multi_action: [757,1243,758,4,806,com.android.messaging,1241,android.permission.READ_SMS]
09-10 10:06:25.518   562   562 I sysui_multi_action: [757,1243,758,4,806,com.android.messaging,1241,android.permission.POST_NOTIFICATIONS]
09-10 10:06:25.518   562   562 I sysui_multi_action: [757,1243,758,4,806,com.android.messaging,1241,android.permission.READ_MEDIA_VISUAL_USER_SELECTED]
09-10 10:06:25.519   562   562 I sysui_multi_action: [757,1243,758,4,806,com.android.messaging,1241,android.permission.RECEIVE_MMS]
09-10 10:06:25.519   562   562 I sysui_multi_action: [757,1243,758,4,806,com.android.messaging,1241,android.permission.RECEIVE_SMS]
09-10 10:06:25.519   562   562 I sysui_multi_action: [757,1243,758,4,806,com.android.messaging,1241,android.permission.READ_EXTERNAL_STORAGE]
09-10 10:06:25.519   562   562 I sysui_multi_action: [757,1243,758,4,806,com.android.messaging,1241,android.permission.READ_PHONE_STATE]
09-10 10:06:25.519   562   562 I sysui_multi_action: [757,1243,758,4,806,com.android.messaging,1241,android.permission.SEND_SMS]
09-10 10:06:25.519   562   562 I sysui_multi_action: [757,1243,758,4,806,com.android.messaging,1241,android.permission.CALL_PHONE]
09-10 10:06:25.520   562   562 I sysui_multi_action: [757,1243,758,4,806,com.android.messaging,1241,android.permission.READ_MEDIA_IMAGES]
09-10 10:06:25.520   562   562 I sysui_multi_action: [757,1243,758,4,806,com.android.messaging,1241,android.permission.WRITE_CONTACTS]
09-10 10:06:25.520   562   562 I sysui_multi_action: [757,1243,758,4,806,com.android.messaging,1241,android.permission.CAMERA]
09-10 10:06:25.520   562   562 I sysui_multi_action: [757,1243,758,4,806,com.android.messaging,1241,android.permission.READ_MEDIA_AUDIO]
09-10 10:06:25.520   562   562 I sysui_multi_action: [757,1243,758,4,806,com.android.messaging,1241,android.permission.READ_MEDIA_VIDEO]
09-10 10:06:25.520   562   562 I sysui_multi_action: [757,1243,758,4,806,com.android.messaging,1241,android.permission.WRITE_EXTERNAL_STORAGE]
09-10 10:06:25.520   562   562 I sysui_multi_action: [757,1243,758,4,806,com.android.messaging,1241,android.permission.RECORD_AUDIO]
09-10 10:06:25.520   562   562 I sysui_multi_action: [757,1243,758,4,806,com.android.messaging,1241,android.permission.READ_CONTACTS]
09-10 10:06:25.521   562   562 I sysui_multi_action: [757,1243,758,4,806,com.android.messaging,1241,android.permission.ACCESS_MEDIA_LOCATION]
09-10 10:06:25.521   562   562 I sysui_multi_action: [757,1243,758,4,806,com.android.emergency,1241,android.permission.READ_PHONE_STATE]
09-10 10:06:25.521   562   562 I sysui_multi_action: [757,1243,758,4,806,com.android.emergency,1241,android.permission.CALL_PHONE]
09-10 10:06:25.521   562   562 I sysui_multi_action: [757,1243,758,4,806,com.android.emergency,1241,android.permission.READ_CONTACTS]
09-10 10:06:25.521   562   562 I sysui_multi_action: [757,1243,758,4,806,com.android.launcher3,1241,android.permission.POST_NOTIFICATIONS]
09-10 10:06:25.521   562   562 I sysui_multi_action: [757,1243,758,4,806,com.android.systemui,1241,android.permission.POST_NOTIFICATIONS]
09-10 10:06:25.521   562   562 I sysui_multi_action: [757,1243,758,4,806,com.android.systemui,1241,android.permission.BLUETOOTH_CONNECT]
09-10 10:06:25.522   562   562 I sysui_multi_action: [757,1243,758,4,806,com.android.systemui,1241,android.permission.READ_EXTERNAL_STORAGE]
09-10 10:06:25.522   562   562 I sysui_multi_action: [757,1243,758,4,806,com.android.systemui,1241,android.permission.CAMERA]
09-10 10:06:25.522   562   562 I sysui_multi_action: [757,1243,758,4,806,com.android.systemui,1241,android.permission.BLUETOOTH_ADVERTISE]
09-10 10:06:25.522   562   562 I sysui_multi_action: [757,1243,758,4,806,com.android.systemui,1241,android.permission.GET_ACCOUNTS]
09-10 10:06:25.522   562   562 I sysui_multi_action: [757,1243,758,4,806,com.android.systemui,1241,android.permission.RECORD_AUDIO]
09-10 10:06:25.522   562   562 I sysui_multi_action: [757,1243,758,4,806,com.android.systemui,1241,android.permission.READ_CONTACTS]
09-10 10:06:25.522   562   562 I sysui_multi_action: [757,1243,758,4,806,com.android.systemui,1241,android.permission.BLUETOOTH_SCAN]
09-10 10:06:25.522   562   562 I sysui_multi_action: [757,1243,758,4,806,com.android.storagemanager,1241,android.permission.POST_NOTIFICATIONS]
09-10 10:06:25.523   562   562 I sysui_multi_action: [757,1243,758,4,806,com.android.storagemanager,1241,android.permission.READ_EXTERNAL_STORAGE]
09-10 10:06:25.523   562   562 I sysui_multi_action: [757,1243,758,4,806,com.android.storagemanager,1241,android.permission.WRITE_EXTERNAL_STORAGE]
09-10 10:06:25.523   562   562 I sysui_multi_action: [757,1243,758,4,806,com.android.cellbroadcastreceiver.module,1241,android.permission.READ_SMS]
09-10 10:06:25.523   562   562 I sysui_multi_action: [757,1243,758,4,806,com.android.cellbroadcastreceiver.module,1241,android.permission.POST_NOTIFICATIONS]
09-10 10:06:25.523   562   562 I sysui_multi_action: [757,1243,758,4,806,com.android.cellbroadcastreceiver.module,1241,android.permission.RECEIVE_SMS]
09-10 10:06:25.523   562   562 I sysui_multi_action: [757,1243,758,4,806,com.android.cellbroadcastreceiver.module,1241,android.permission.BLUETOOTH_CONNECT]
09-10 10:06:25.523   562   562 I sysui_multi_action: [757,1243,758,4,806,com.android.cellbroadcastreceiver.module,1241,android.permission.READ_CELL_BROADCASTS]
09-10 10:06:25.523   562   562 I sysui_multi_action: [757,1243,758,4,806,com.android.permissioncontroller,1241,android.permission.POST_NOTIFICATIONS]
09-10 10:06:25.524   562   562 I sysui_multi_action: [757,1243,758,4,806,android.ext.services,1241,android.permission.ACCESS_COARSE_LOCATION]
09-10 10:06:25.524   562   562 I sysui_multi_action: [757,1243,758,4,806,com.android.providers.media.module,1241,android.permission.POST_NOTIFICATIONS]
09-10 10:06:25.524   562   562 I sysui_multi_action: [757,1243,758,4,806,com.android.providers.media.module,1241,android.permission.READ_EXTERNAL_STORAGE]
09-10 10:06:25.524   562   562 I sysui_multi_action: [757,1243,758,4,806,com.android.providers.media.module,1241,android.permission.WRITE_EXTERNAL_STORAGE]
09-10 10:06:25.524   562   562 I sysui_multi_action: [757,1243,758,4,806,com.android.devicelockcontroller,1241,android.permission.POST_NOTIFICATIONS]
09-10 10:06:25.530   562   562 I rescue_note: [0,1,18808]
09-10 10:06:25.603   562   562 I boot_progress_ams_ready: 18882
09-10 10:06:25.604   562   562 I configuration_changed: 268468224
09-10 10:06:25.613   562   562 I thermal_changed: [test temperature sensor,3,30.799999,0,0]
09-10 10:06:25.638   562   663 I commit_sys_config_file: [settings-0-0,3]
09-10 10:06:25.659   562   663 I commit_sys_config_file: [settings-2-0,5]
09-10 10:06:25.667   562   562 I am_uid_running: 10121
09-10 10:06:25.678   562   916 I am_uid_running: 10129
09-10 10:06:25.685   562   597 I am_proc_start: [0,929,10121,com.android.systemui,service,{com.android.systemui/com.android.systemui.wallpapers.ImageWallpaper}]
09-10 10:06:25.696   562   587 I commit_sys_config_file: [notification-policy,5]
09-10 10:06:25.703   562   597 I am_proc_start: [0,932,10129,com.android.permissioncontroller,service,{com.android.permissioncontroller/com.android.permissioncontroller.permission.service.PermissionControllerServiceImpl}]
09-10 10:06:25.710   562   634 I am_proc_bound: [0,929,com.android.systemui]
09-10 10:06:25.718   562   634 I am_uid_active: 10121
09-10 10:06:25.720   562   838 I commit_sys_config_file: [net-policy,5]
09-10 10:06:25.722   562   592 I am_uid_running: 1037
09-10 10:06:25.724   562   579 I am_proc_bound: [0,932,com.android.permissioncontroller]
09-10 10:06:25.734   562   597 I am_proc_start: [0,957,1037,WebViewLoader-x86_64,,]
09-10 10:06:25.754   562   836 I netstats_mobile_sample: [0,0,0,0,0,0,0,0,1789034785740]
09-10 10:06:25.754   562   836 I netstats_wifi_sample: [0,0,0,0,0,0,0,0,1789034785740]
09-10 10:06:25.766   562   579 I am_proc_bound: [0,957,WebViewLoader-x86_64]
09-10 10:06:25.774   562   579 I am_uid_active: 1037
09-10 10:06:25.778   562   836 I netstats_mobile_sample: [0,0,0,0,0,0,0,0,1789034785778]
09-10 10:06:25.778   562   836 I netstats_wifi_sample: [0,0,0,0,0,0,0,0,1789034785778]
09-10 10:06:25.836   562   637 I am_uid_active: 10129
09-10 10:06:25.878   562   663 I commit_sys_config_file: [settings-0-0,7]
09-10 10:06:25.880   562   585 I service_manager_stats: [439,205,5000]
09-10 10:06:25.886   562   562 I am_uid_running: 1073
09-10 10:06:25.915   562   597 I am_proc_start: [0,1020,1073,com.android.networkstack.process,service,{com.android.networkstack/com.android.server.NetworkStackService}]
09-10 10:06:25.919   562   580 I am_proc_bound: [0,1020,com.android.networkstack.process]
09-10 10:06:25.921   562   580 I am_uid_active: 1073
09-10 10:06:25.935   562   588 I commit_sys_config_file: [input-state,1]
09-10 10:06:25.942   562   580 I am_proc_died: [0,957,WebViewLoader-x86_64,-700,0]
09-10 10:06:25.942   562   580 I am_uid_stopped: 1037
09-10 10:06:25.943   562   580 I am_low_memory: 4
09-10 10:06:25.959   562   562 I ssm_user_starting: 0
09-10 10:06:25.980   562   595 I service_manager_slow: [14,time_detector]
09-10 10:06:25.980   562   595 I netstats_mobile_sample: [0,0,0,0,0,0,0,0,1789034785980]
09-10 10:06:25.980   562   595 I netstats_wifi_sample: [0,0,0,0,0,0,0,0,1789034785980]
09-10 10:06:25.982   562   580 I am_mem_factor: [3,0]
09-10 10:06:25.983   562   663 I commit_sys_config_file: [settings-2-0,4]
09-10 10:06:25.994   562   595 I netstats_mobile_sample: [0,0,0,0,0,0,0,0,1789034785994]
09-10 10:06:25.994   562   595 I netstats_wifi_sample: [0,0,0,0,0,0,0,0,1789034785994]
09-10 10:06:26.015   562  1056 I sysui_multi_action: [757,1243,758,4,806,com.android.settings.intelligence,1241,android.permission.POST_NOTIFICATIONS]
09-10 10:06:26.023   562  1056 I sysui_multi_action: [757,1243,758,4,806,com.android.gallery3d,1241,android.permission.ACCESS_MEDIA_LOCATION]
09-10 10:06:26.023   562  1056 I sysui_multi_action: [757,1243,758,4,806,com.android.gallery3d,1241,android.permission.WRITE_EXTERNAL_STORAGE]
09-10 10:06:26.024   562  1056 I sysui_multi_action: [757,1243,758,4,806,com.android.gallery3d,1241,android.permission.READ_MEDIA_VIDEO]
09-10 10:06:26.024   562  1056 I sysui_multi_action: [757,1243,758,4,806,com.android.gallery3d,1241,android.permission.READ_MEDIA_AUDIO]
09-10 10:06:26.024   562  1056 I sysui_multi_action: [757,1243,758,4,806,com.android.gallery3d,1241,android.permission.READ_MEDIA_IMAGES]
09-10 10:06:26.025   562  1056 I sysui_multi_action: [757,1243,758,4,806,com.android.gallery3d,1241,android.permission.READ_EXTERNAL_STORAGE]
09-10 10:06:26.025   562  1056 I sysui_multi_action: [757,1243,758,4,806,com.android.gallery3d,1241,android.permission.READ_MEDIA_VISUAL_USER_SELECTED]
09-10 10:06:26.050   562   595 I netstats_mobile_sample: [0,0,0,0,0,0,0,0,1789034786050]
09-10 10:06:26.050   562   595 I netstats_wifi_sample: [0,0,0,0,0,0,0,0,1789034786050]
09-10 10:06:26.054   562   587 I commit_sys_config_file: [notification-policy,24]
09-10 10:06:26.061   562   580 I sysui_multi_action: [757,856,758,1,806,com.android.networkstack,857,connected_note_loud,858,4]
09-10 10:06:26.062   562   636 I sysui_multi_action: [757,856,758,1,806,com.android.networkstack,857,connected_note,858,3]
09-10 10:06:26.067   562   636 I wm_task_created: 2
09-10 10:06:26.071   562  1023 I wm_task_created: 3
09-10 10:06:26.077   562  1023 I wm_task_created: 4
09-10 10:06:26.087   562  1056 I sysui_multi_action: [757,1243,758,4,806,org.chromium.webview_shell,1241,android.permission.ACCESS_FINE_LOCATION]
09-10 10:06:26.100   562  1023 I sysui_multi_action: [757,856,758,1,806,com.android.networkstack.tethering,857,TETHERING_STATUS,858,2]
09-10 10:06:26.108   562   595 I service_manager_slow: [16,phone]
09-10 10:06:26.123   562   679 I am_uid_running: 1002
09-10 10:06:26.131   562   597 I am_proc_start: [0,1077,1002,com.android.bluetooth,service,{com.android.bluetooth/com.android.bluetooth.btservice.AdapterService}]
09-10 10:06:26.131   562   562 I um_user_visibility_changed: [0,1]
09-10 10:06:26.131   562   562 I am_uid_running: 1068
09-10 10:06:26.140   562   562 I am_uid_running: 1001
09-10 10:06:26.155   562  1023 I am_wtf  : [0,1020,com.android.networkstack.process,680050253,SystemServiceRegistry,No service published for: ethernet]
09-10 10:06:26.160   562   562 I wm_task_created: 5
09-10 10:06:26.161   562   562 I wm_task_moved: [5,1,0,1,2147483647]
09-10 10:06:26.162   562   562 I wm_task_moved: [1,1,0,1,3]
09-10 10:06:26.162   562   562 I wm_create_task: [0,5,1,0]
09-10 10:06:26.162   562   562 I wm_create_activity: [0,3544359,5,com.android.settings/.FallbackHome,android.intent.action.MAIN,NULL,NULL,276824320]
09-10 10:06:26.167   562   562 I wm_task_moved: [1,1,0,1,3]
09-10 10:06:26.167   562   562 I wm_task_moved: [5,1,0,1,2147483647]
09-10 10:06:26.167   562   562 I wm_task_to_front: [0,5,0]
09-10 10:06:26.158  1020  1020 I auditd  : type=1400 audit(0.0:6): avc:  granted  { read } for  comm="rkstack.process" name="psched" dev="proc" ino=4026532021 scontext=u:r:network_stack:s0 tcontext=u:object_r:proc_net:s0 tclass=file
09-10 10:06:26.168   562   562 I uc_send_user_broadcast: [0,android.intent.action.USER_STARTED]
09-10 10:06:26.169   562   562 I uc_send_user_broadcast: [0,android.intent.action.USER_STARTING]
09-10 10:06:26.169   562   562 I uc_send_user_broadcast: [0,android.intent.action.USER_FOREGROUND]
09-10 10:06:26.169   562   562 I uc_send_user_broadcast: [0,android.intent.action.USER_SWITCHED]
09-10 10:06:26.171   562   839 I dvm_lock_sample: [system_server,1,NetworkPolicy.uid,33,NetworkStatsService.java,1981,void android.net.connectivity.com.android.server.net.NetworkStatsService.noteUidForeground(int, boolean),-,1628,android.net.NetworkStatsCollection android.net.connectivity.com.android.server.net.NetworkStatsService$1.getUidComplete(),6]
09-10 10:06:26.172  1079  1079 I service_manager_slow: [11,activity]
09-10 10:06:26.158  1020  1020 I auditd  : type=1400 audit(0.0:7): avc:  granted  { read open } for  comm="rkstack.process" path="/proc/1020/net/psched" dev="proc" ino=4026532021 scontext=u:r:network_stack:s0 tcontext=u:object_r:proc_net:s0 tclass=file
09-10 10:06:26.174   562   597 I am_proc_start: [0,1079,1068,com.android.se,added application,com.android.se]
09-10 10:06:26.177   562  1008 I am_proc_bound: [0,1079,com.android.se]
09-10 10:06:26.178   562  1008 I am_uid_active: 1068
09-10 10:06:26.180   562   597 I am_proc_start: [0,1098,1001,com.android.phone,added application,com.android.phone]
09-10 10:06:26.158  1020  1020 I auditd  : type=1400 audit(0.0:8): avc:  granted  { getattr } for  comm="rkstack.process" path="/proc/1020/net/psched" dev="proc" ino=4026532021 scontext=u:r:network_stack:s0 tcontext=u:object_r:proc_net:s0 tclass=file
09-10 10:06:26.182   562   579 I am_proc_bound: [0,1077,com.android.bluetooth]
09-10 10:06:26.197   562   597 I am_proc_start: [0,1100,1000,com.android.settings,top-activity,{com.android.settings/com.android.settings.FallbackHome}]
09-10 10:06:26.201   562   579 I am_proc_bound: [0,1098,com.android.phone]
09-10 10:06:26.207   562   579 I am_uid_active: 1001
09-10 10:06:26.209   562   595 I service_manager_slow: [30,phone]
09-10 10:06:26.211   562  1074 I am_proc_bound: [0,1100,com.android.settings]
09-10 10:06:26.231   562   595 I netstats_mobile_sample: [0,0,0,0,0,0,0,0,1789034786231]
09-10 10:06:26.231   562   595 I netstats_wifi_sample: [0,0,0,0,0,0,0,0,1789034786231]
09-10 10:06:26.234   562   595 I netstats_mobile_sample: [0,0,0,0,0,0,0,0,1789034786234]
09-10 10:06:26.235   562   595 I netstats_wifi_sample: [0,0,0,0,0,0,0,0,1789034786234]
09-10 10:06:26.241   562   595 I netstats_mobile_sample: [0,0,0,0,0,0,0,0,1789034786241]
09-10 10:06:26.241   562   595 I netstats_wifi_sample: [0,0,0,0,0,0,0,0,1789034786241]
09-10 10:06:26.279   562  1074 I am_uid_active: 1002
09-10 10:06:26.285   562   562 I notification_cancel_all: [1000,562,android,0,0,0,20,NULL]
09-10 10:06:26.285   562   562 I notification_cancel_all: [1000,562,android,0,0,0,20,NULL]
09-10 10:06:26.285   562   562 I notification_cancel_all: [1000,562,android,0,0,0,20,NULL]
09-10 10:06:26.288   929   965 I viewroot_draw_event: [VRI[ShellDropTarget],Not drawing due to not visible. Reason=View.INVISIBLE]
09-10 10:06:26.318   562   587 I commit_sys_config_file: [notification-policy,5]
09-10 10:06:26.322   562   663 I commit_sys_config_file: [settings-0-0,8]
09-10 10:06:26.419   562   579 I wm_restart_activity: [0,3544359,5,com.android.settings/.FallbackHome]
09-10 10:06:26.420   562   579 I wm_set_resumed_activity: [0,com.android.settings/.FallbackHome,realStartActivityLocked - onActivityStateChanged]
09-10 10:06:26.442   562   562 I notification_enqueue: [1000,562,android,19,NULL,-1,Notification(channel=PHYSICAL_KEYBOARD shortcut=null contentView=null vibrate=null sound=null defaults=0 flags=AUTO_CANCEL|CAN_COLORIZE color=0x00000000 vis=PRIVATE),0]
09-10 10:06:26.455  1100  1100 I wm_on_create_called: [3544359,com.android.settings.FallbackHome,performCreate,24]
09-10 10:06:26.456  1100  1100 I wm_on_start_called: [3544359,com.android.settings.FallbackHome,handleStartActivity,0]
09-10 10:06:26.457  1100  1100 I wm_on_resume_called: [3544359,com.android.settings.FallbackHome,RESUME_ACTIVITY,0]
09-10 10:06:26.468  1100  1100 I wm_on_top_resumed_gained_called: [3544359,com.android.settings.FallbackHome,topStateChangedWhenResumed]
09-10 10:06:26.476   562   589 I input_focus: [Focus request a726aa0 com.android.settings/com.android.settings.FallbackHome,reason=UpdateInputWindows]
09-10 10:06:26.485   562   562 I sysui_multi_action: [757,856,758,1,806,com.android.server.telecom,857,TelecomMissedCalls,858,3]
09-10 10:06:26.485   562   562 I sysui_multi_action: [757,856,758,1,806,com.android.server.telecom,857,TelecomIncomingCalls,858,5]
09-10 10:06:26.485   562   562 I sysui_multi_action: [757,856,758,1,806,com.android.server.telecom,857,TelecomCallBlocking,858,2]
09-10 10:06:26.485   562   562 I sysui_multi_action: [757,856,758,1,806,com.android.server.telecom,857,TelecomBackgroundAudioProcessing,858,2]
09-10 10:06:26.485   562   562 I sysui_multi_action: [757,856,758,1,806,com.android.server.telecom,857,TelecomDisconnectedCalls,858,3]
09-10 10:06:26.485   562   562 I sysui_multi_action: [757,856,758,1,806,com.android.server.telecom,857,TelecomInCallServiceCrash,858,3]
09-10 10:06:26.485   562   562 I sysui_multi_action: [757,856,758,1,806,com.android.server.telecom,857,TelecomCallStreaming,858,3]
09-10 10:06:26.528   562   836 I netstats_mobile_sample: [0,0,0,0,0,0,0,0,1789034786528]
09-10 10:06:26.529   562   836 I netstats_wifi_sample: [0,0,0,0,0,0,0,0,1789034786528]
09-10 10:06:26.542   562   663 I commit_sys_config_file: [settings-2-0,18]
09-10 10:06:26.580  1098  1098 I service_manager_slow: [12,isub]
09-10 10:06:26.590  1100  1100 I viewroot_draw_event: [VRI[FallbackHome],reportDrawFinished seqId=0]
09-10 10:06:26.598  1098  1098 I service_manager_slow: [17,isub]
09-10 10:06:26.614   562   562 I sysui_multi_action: [757,1501,758,1,793,677,794,0,795,677,796,19,806,android,857,PHYSICAL_KEYBOARD,858,2,947,0,1500,0]
09-10 10:06:26.614   562   562 I sysui_multi_action: [757,804,799,note_interruptive,801,0,802,1]
09-10 10:06:26.616   562   585 I sysui_multi_action: [319,466,322,450,325,19,757,761,758,7,759,2,806,com.android.settings,871,com.android.settings.FallbackHome,905,0,945,75,1320,4,1321,23]
09-10 10:06:26.623   562   585 I wm_activity_launch_time: [0,3544359,com.android.settings/.FallbackHome,450]
09-10 10:06:26.628   562   588 I wm_task_removed: [3,3,0,reParentTask:sanitizeAndApplyHierarchyOp]
09-10 10:06:26.631   562   588 I wm_task_moved: [3,2,0,1,2147483647]
09-10 10:06:26.631   562   588 I wm_task_removed: [4,4,0,reParentTask:sanitizeAndApplyHierarchyOp]
09-10 10:06:26.631   562   588 I wm_task_moved: [4,2,0,1,2147483647]
09-10 10:06:26.635   562   588 I boot_progress_enable_screen: 19914
09-10 10:06:26.638   562   588 I screen_toggled: 1
09-10 10:06:26.673   562   562 I sysui_multi_action: [757,859,758,6,806,android,860,safety_center_channels]
09-10 10:06:26.674   562   562 I sysui_multi_action: [757,856,758,1,806,android,857,safety_center_information,858,2]
09-10 10:06:26.674   562   562 I sysui_multi_action: [757,856,758,1,806,android,857,safety_center_recommendation,858,3]
09-10 10:06:26.674   562   562 I sysui_multi_action: [757,856,758,1,806,android,857,safety_center_critical_warning,858,4]
09-10 10:06:26.739   562   663 I commit_sys_config_file: [settings-2-0,9]
09-10 10:06:26.740   562   587 I commit_sys_config_file: [notification-policy,3]
09-10 10:06:26.851   562  1021 I am_uid_running: 10120
09-10 10:06:26.866   562   597 I am_proc_start: [0,1204,10120,com.android.launcher3,service,{com.android.launcher3/com.android.quickstep.TouchInteractionService}]
09-10 10:06:26.908   562   580 I am_proc_bound: [0,1204,com.android.launcher3]
09-10 10:06:26.984   562   636 I am_uid_active: 10120
09-10 10:06:26.993   562   596 I am_wtf  : [0,562,system_server,-1,Binder,Outgoing transactions from this process must be FLAG_ONEWAY]
09-10 10:06:27.000  1204  1224 I jank_cuj_events_cancel_request: [-1,1789034786978528000,20257290892,20257290953]
09-10 10:06:27.057   929  1201 I viewroot_draw_event: [VRI[ScreenDecorOverlay],Not drawing due to not visible. Reason=View.INVISIBLE]
09-10 10:06:27.059   929  1201 I viewroot_draw_event: [VRI[ScreenDecorOverlayBottom],Not drawing due to not visible. Reason=View.INVISIBLE]
09-10 10:06:27.133  1077  1077 I service_manager_slow: [15,audio]
09-10 10:06:27.134   562   663 I commit_sys_config_file: [settings-2-0,19]
09-10 10:06:27.156   562   618 I commit_sys_config_file: [package-user-0,14]
09-10 10:06:27.164   562   618 I commit_sys_config_file: [package-user-0,14]
09-10 10:06:27.176   562   618 I commit_sys_config_file: [package-user-0,21]
09-10 10:06:27.183   562   618 I commit_sys_config_file: [package-user-0,22]
09-10 10:06:27.186   562   618 I commit_sys_config_file: [package-user-0,24]
09-10 10:06:27.190   562   618 I commit_sys_config_file: [package-user-0,26]
09-10 10:06:27.192   562   634 I sysui_multi_action: [757,856,758,1,806,com.android.bluetooth,857,opp_notification_channel,858,4]
09-10 10:06:27.194   562   618 I commit_sys_config_file: [package-user-0,19]
09-10 10:06:27.198   562   618 I commit_sys_config_file: [package-user-0,18]
09-10 10:06:27.204   562   618 I commit_sys_config_file: [package-user-0,22]
09-10 10:06:27.218   562   663 I commit_sys_config_file: [settings-0-0,4]
09-10 10:06:27.218   562   618 I commit_sys_config_file: [package-user-0,7]
09-10 10:06:27.334   929  1270 I sysui_multi_action: [757,213,758,4,759,-1]
09-10 10:06:27.355   562   596 I am_uid_running: 10126
09-10 10:06:27.363   562   597 I am_proc_start: [0,1276,10126,com.android.cellbroadcastreceiver.module,broadcast,{com.android.cellbroadcastreceiver.module/com.android.cellbroadcastreceiver.CellBroadcastReceiver}]
09-10 10:06:27.375   562  1253 I am_proc_bound: [0,1276,com.android.cellbroadcastreceiver.module]
09-10 10:06:27.412   562   634 I am_uid_running: 10070
09-10 10:06:27.419   562   597 I am_proc_start: [0,1302,10070,com.android.cellbroadcastreceiver,content provider,{com.android.cellbroadcastreceiver/com.android.cellbroadcastreceiver.LegacyCellBroadcastContentProvider}]
09-10 10:06:27.442   562   587 I commit_sys_config_file: [jobs,2]
09-10 10:06:27.448   562   587 I commit_sys_config_file: [notification-policy,2]
09-10 10:06:27.460   562   634 I sysui_multi_action: [757,127,758,2]
09-10 10:06:27.460   562   634 I notification_panel_hidden: 
09-10 10:06:27.482   562   634 I am_proc_bound: [0,1302,com.android.cellbroadcastreceiver]
09-10 10:06:27.493   562   663 I commit_sys_config_file: [settings-2-0,2]
09-10 10:06:27.596   562   636 I sysui_multi_action: [757,856,758,1,806,com.android.systemui,857,ALR,858,4]
09-10 10:06:27.596   562   636 I sysui_multi_action: [757,856,758,1,806,com.android.systemui,857,INS,858,1]
09-10 10:06:27.596   562   636 I sysui_multi_action: [757,856,758,1,806,com.android.systemui,857,STP,858,3]
09-10 10:06:27.597   562   636 I sysui_multi_action: [757,856,758,1,806,com.android.systemui,857,DSK,858,2]
09-10 10:06:27.597   562   636 I sysui_multi_action: [757,856,758,1,806,com.android.systemui,857,SCN_HEADSUP,858,4]
09-10 10:06:27.597   562   636 I sysui_multi_action: [757,856,758,1,806,com.android.systemui,857,BAT,858,5]
09-10 10:06:27.597   562   636 I sysui_multi_action: [757,856,758,1,806,com.android.systemui,857,HNT,858,3]
09-10 10:06:27.597   562   562 I notification_cancel_all: [1000,562,com.android.systemui,0,0,0,20,NULL]
09-10 10:06:27.630   562  1127 I commit_sys_config_file: [overlays,5]
09-10 10:06:27.632   437   617 I sf_stop_bootanim: 20911
09-10 10:06:27.634   562   588 I wm_boot_animation_done: 20912
09-10 10:06:27.645   562   585 I configuration_changed: -2147483648
09-10 10:06:27.651   562   676 I input_focus: [Focus entering a726aa0 com.android.settings/com.android.settings.FallbackHome (server),reason=setFocusedWindow]
09-10 10:06:27.689   562   585 I wm_relaunch_resume_activity: [0,3544359,5,com.android.settings/.FallbackHome,80000000]
09-10 10:06:27.690  1100  1100 I wm_on_top_resumed_lost_called: [3544359,com.android.settings.FallbackHome,pausing]
09-10 10:06:27.690  1100  1100 I wm_on_paused_called: [3544359,com.android.settings.FallbackHome,performPause,0]
09-10 10:06:27.692   562  1127 I dvm_lock_sample: [system_server,1,binder:562_C,52,ActivityManagerService.java,14684,android.content.Intent com.android.server.am.ActivityManagerService.registerReceiverWithFeatureTraced(android.app.IApplicationThread, java.lang.String, java.lang.String, java.lang.String, android.content.IIntentReceiver, android.content.IntentFilter, java.lang.String, int, int),-,20499,void com.android.server.am.ActivityManagerService.scheduleApplicationInfoChanged(java.util.List, int),10]
09-10 10:06:27.700   562   684 I am_uid_running: 10112
09-10 10:06:27.726  1100  1100 I wm_on_stop_called: [3544359,com.android.settings.FallbackHome,handleRelaunchActivity,0]
09-10 10:06:27.727  1100  1100 I wm_on_destroy_called: [3544359,com.android.settings.FallbackHome,performDestroy,0]
09-10 10:06:27.743   562   589 I input_focus: [Requesting to set focus to null window,reason=UpdateInputWindows]
09-10 10:06:27.744   562   597 I am_proc_start: [0,1339,10112,com.android.inputmethod.latin,service,{com.android.inputmethod.latin/com.android.inputmethod.latin.LatinIME}]
09-10 10:06:27.756   562  1127 I sysui_multi_action: [757,856,758,1,806,com.android.phone,857,sms,858,4]
09-10 10:06:27.756   562  1127 I sysui_multi_action: [757,856,758,1,806,com.android.phone,857,wfc,858,2]
09-10 10:06:27.756   562  1127 I sysui_multi_action: [757,856,758,1,806,com.android.phone,857,simHighPriority,858,4]
09-10 10:06:27.756   562  1127 I sysui_multi_action: [757,856,758,1,806,com.android.phone,857,alert,858,3]
09-10 10:06:27.756   562  1127 I sysui_multi_action: [757,856,758,1,806,com.android.phone,857,mobileDataAlertNew,858,2]
09-10 10:06:27.756   562  1127 I sysui_multi_action: [757,856,758,1,806,com.android.phone,857,sim,858,2]
09-10 10:06:27.756   562  1127 I sysui_multi_action: [757,856,758,1,806,com.android.phone,857,callForwardNew,858,3]
09-10 10:06:27.758  1098  1249 I dvm_lock_sample: [com.android.phone,0,DeviceStateHelperThread,586,PhoneFactory.java,382,com.android.internal.telephony.Phone[] com.android.internal.telephony.PhoneFactory.getPhones(),-,486,com.android.internal.telephony.CommandsInterface[] com.android.internal.telephony.PhoneFactory.getCommandsInterfaces(),100]
09-10 10:06:27.777  1100  1100 I wm_on_create_called: [3544359,com.android.settings.FallbackHome,performCreate,2]
09-10 10:06:27.777  1100  1100 I wm_on_start_called: [3544359,com.android.settings.FallbackHome,handleStartActivity,0]
09-10 10:06:27.778  1100  1100 I wm_on_resume_called: [3544359,com.android.settings.FallbackHome,RESUME_ACTIVITY,0]
09-10 10:06:27.778  1100  1100 I wm_on_top_resumed_gained_called: [3544359,com.android.settings.FallbackHome,topWhenResuming]
09-10 10:06:27.787  1100  1341 I jank_cuj_events_cancel_request: [81,1789034787778776000,21057538604,21057538694]
09-10 10:06:27.787  1100  1341 I jank_cuj_events_end_request: [81,1789034787778800000,21057562849,21057562899]
09-10 10:06:27.788   562   589 I input_focus: [Focus request f5eeb09 com.android.settings/com.android.settings.FallbackHome,reason=UpdateInputWindows]
09-10 10:06:27.811   562  1127 I am_proc_bound: [0,1339,com.android.inputmethod.latin]
09-10 10:06:27.835  1100  1100 I viewroot_draw_event: [VRI[FallbackHome],reportDrawFinished seqId=0]
09-10 10:06:27.846   562   636 I am_uid_active: 10112
09-10 10:06:27.872   562   587 I commit_sys_config_file: [notification-policy,19]
09-10 10:06:27.890   562   588 I uc_finish_user_boot: 0
09-10 10:06:27.902   562   588 I am_user_state_changed: [0,1]
09-10 10:06:27.910   562   588 I uc_send_user_broadcast: [0,android.intent.action.LOCKED_BOOT_COMPLETED]
09-10 10:06:27.910   562   588 I uc_finish_user_unlocking: 0
09-10 10:06:27.913   562   597 I am_proc_start: [0,1369,10136,android.ext.services,on-hold,]
09-10 10:06:27.914   562   562 I notification_enqueue: [1000,562,android,55,NULL,-1,Notification(channel=DEVELOPER shortcut=null contentView=null vibrate=null sound=null tick defaults=0 flags=ONGOING_EVENT|CAN_COLORIZE color=0x00000000 vis=PUBLIC),0]
09-10 10:06:27.916   562   580 I am_proc_died: [0,1339,com.android.inputmethod.latin,0,7]
09-10 10:06:27.917   562   580 I am_schedule_service_restart: [0,com.android.inputmethod.latin/.LatinIME,30000]
09-10 10:06:27.917   562   580 I am_uid_stopped: 10112
09-10 10:06:27.922   562   562 I sysui_multi_action: [757,1501,758,1,793,10,794,0,795,10,796,55,806,android,857,DEVELOPER,858,2,947,0,1500,0]
09-10 10:06:27.922   562   562 I sysui_multi_action: [757,804,799,note_interruptive,801,0,802,1]
09-10 10:06:27.960   562   562 I notification_autogrouped: -1|android|55|null|1000
09-10 10:06:27.960   562   562 I notification_autogrouped: -1|android|19|null|1000
09-10 10:06:27.960   562   562 I notification_enqueue: [1000,562,android,2147483647,ranker_group,-1,Notification(channel=DEVELOPER shortcut=null contentView=null vibrate=null sound=null defaults=0 flags=ONGOING_EVENT|LOCAL_ONLY|GROUP_SUMMARY|AUTOGROUP_SUMMARY color=0x00000000 groupKey=ranker_group vis=PUBLIC),0]
09-10 10:06:27.965   562  1127 I am_proc_bound: [0,1369,android.ext.services]
09-10 10:06:27.977   562   855 I notification_adjusted: [-1|android|55|null|1000,key_group_key,ranker_group]
09-10 10:06:27.977   562   855 I notification_adjusted: [-1|android|19|null|1000,key_group_key,ranker_group]
09-10 10:06:27.980   562  1127 I am_wtf  : [0,1020,com.android.networkstack.process,680050253,SystemServiceRegistry,No service published for: ethernet]
09-10 10:06:28.002   562   676 I input_focus: [Focus entering f5eeb09 com.android.settings/com.android.settings.FallbackHome (server),reason=Window became focusable. Previous reason: NOT_VISIBLE]
09-10 10:06:28.007   562   663 I commit_sys_config_file: [settings-0-0,43]
09-10 10:06:28.023   562  1127 I am_uid_active: 10136
09-10 10:06:28.080   562   663 I commit_sys_config_file: [settings-2-0,49]
09-10 10:06:28.132   562   587 I commit_sys_config_file: [notification-policy,3]
09-10 10:06:28.126     1     1 I auditd  : type=1400 audit(0.0:9): avc:  denied  { write } for  comm="init" name="cfg80211_gtk_rekey_notify" dev="tracefs" ino=16484 scontext=u:r:init:s0 tcontext=u:object_r:debugfs_wifi_tracing:s0 tclass=dir permissive=0
09-10 10:06:28.126     1     1 I auditd  : type=1400 audit(0.0:10): avc:  denied  { write } for  comm="init" name="rdev_add_key" dev="tracefs" ino=16487 scontext=u:r:init:s0 tcontext=u:object_r:debugfs_wifi_tracing:s0 tclass=dir permissive=0
09-10 10:06:28.130     1     1 I auditd  : type=1400 audit(0.0:11): avc:  denied  { write } for  comm="init" name="rdev_assoc" dev="tracefs" ino=16490 scontext=u:r:init:s0 tcontext=u:object_r:debugfs_wifi_tracing:s0 tclass=dir permissive=0
09-10 10:06:28.130     1     1 I auditd  : type=1400 audit(0.0:12): avc:  denied  { write } for  comm="init" name="rdev_auth" dev="tracefs" ino=16493 scontext=u:r:init:s0 tcontext=u:object_r:debugfs_wifi_tracing:s0 tclass=dir permissive=0
09-10 10:06:28.130     1     1 I auditd  : type=1400 audit(0.0:13): avc:  denied  { write } for  comm="init" name="rdev_connect" dev="tracefs" ino=16496 scontext=u:r:init:s0 tcontext=u:object_r:debugfs_wifi_tracing:s0 tclass=dir permissive=0
09-10 10:06:28.130     1     1 I auditd  : type=1400 audit(0.0:14): avc:  denied  { write } for  comm="init" name="rdev_set_default_key" dev="tracefs" ino=16499 scontext=u:r:init:s0 tcontext=u:object_r:debugfs_wifi_tracing:s0 tclass=dir permissive=0
09-10 10:06:28.130     1     1 I auditd  : type=1400 audit(0.0:15): avc:  denied  { write } for  comm="init" name="rdev_set_default_mgmt_key" dev="tracefs" ino=16502 scontext=u:r:init:s0 tcontext=u:object_r:debugfs_wifi_tracing:s0 tclass=dir permissive=0
09-10 10:06:28.262   929   929 I viewroot_draw_event: [VRI[NotificationShade],Not drawing due to not visible. Reason=View.INVISIBLE]
09-10 10:06:28.130     1     1 I auditd  : type=1400 audit(0.0:16): avc:  denied  { write } for  comm="init" name="rdev_set_rekey_data" dev="tracefs" ino=16505 scontext=u:r:init:s0 tcontext=u:object_r:debugfs_wifi_tracing:s0 tclass=dir permissive=0
09-10 10:06:28.292   562   585 I am_user_state_changed: [0,2]
09-10 10:06:28.294   562   596 I ssm_user_unlocking: 0
09-10 10:06:28.130     1     1 I auditd  : type=1400 audit(0.0:17): avc:  denied  { write } for  comm="init" name="net" dev="tracefs" ino=16508 scontext=u:r:init:s0 tcontext=u:object_r:debugfs_wifi_tracing:s0 tclass=dir permissive=0
09-10 10:06:28.365   562   688 I am_uid_running: 10138
09-10 10:06:28.385   562   597 I am_proc_start: [0,1423,10138,com.android.providers.media.module,service,{com.android.providers.media.module/com.android.providers.media.fuse.ExternalStorageServiceImpl}]
09-10 10:06:28.441   562   637 I am_proc_bound: [0,1423,com.android.providers.media.module]
09-10 10:06:28.445   562   596 I uc_finish_user_unlocked: 0
09-10 10:06:28.448   562   596 I am_user_state_changed: [0,3]
09-10 10:06:28.468   562   596 I uc_send_user_broadcast: [0,android.intent.action.USER_UNLOCKED]
09-10 10:06:28.471   562   596 I uc_send_user_broadcast: [0,android.intent.action.PRE_BOOT_COMPLETED]
09-10 10:06:28.472   562   596 I am_pre_boot: [0,com.android.documentsui]
09-10 10:06:28.472   562   597 I am_proc_start: [0,1444,1000,com.android.emulator.multidisplay,added application,com.android.emulator.multidisplay]
09-10 10:06:28.486   562   595 I am_uid_running: 10084
09-10 10:06:28.487   562   596 I am_uid_running: 10062
09-10 10:06:28.492   562   636 I wm_finish_activity: [0,3544359,5,com.android.settings/.FallbackHome,app-request]
09-10 10:06:28.499   562   636 I wm_pause_activity: [0,3544359,com.android.settings/.FallbackHome,userLeaving=false,finish]
09-10 10:06:28.500  1100  1100 I wm_on_top_resumed_lost_called: [3544359,com.android.settings.FallbackHome,topStateChangedWhenResumed]
09-10 10:06:28.501  1100  1100 I wm_on_paused_called: [3544359,com.android.settings.FallbackHome,performPause,0]
09-10 10:06:28.509   929   929 I viewroot_draw_event: [VRI[StatusBar],reportDrawFinished seqId=0]
09-10 10:06:28.516   562   663 I commit_sys_config_file: [settings-2-0,3]
09-10 10:06:28.521   562   663 I commit_sys_config_file: [settings-1-0,4]
09-10 10:06:28.574   562  1005 I wm_task_created: 6
09-10 10:06:28.575   562  1005 I wm_task_moved: [6,1,0,1,2147483647]
09-10 10:06:28.576   562  1005 I wm_task_moved: [1,1,0,1,1]
09-10 10:06:28.576   562  1005 I wm_create_task: [0,6,1,0]
09-10 10:06:28.576   562  1005 I wm_create_activity: [0,22513996,6,com.android.sdksetup/.DefaultActivity,android.intent.action.MAIN,NULL,NULL,276824320]
09-10 10:06:28.576   562  1005 I wm_task_moved: [1,1,0,1,1]
09-10 10:06:28.576   562  1005 I wm_task_moved: [6,1,0,1,2147483647]
09-10 10:06:28.576   562  1005 I wm_task_to_front: [0,6,0]
09-10 10:06:28.578   562   585 I sysui_multi_action: [757,803,799,window_time_0,802,8]
09-10 10:06:28.612  1444  1444 I service_manager_slow: [89,activity]
09-10 10:06:28.612  1457  1457 I service_manager_slow: [53,activity]
09-10 10:06:28.619   562   637 I am_uid_running: 10105
09-10 10:06:28.663   562   676 I input_focus: [Focus leaving f5eeb09 com.android.settings/com.android.settings.FallbackHome (server),reason=NO_WINDOW]
09-10 10:06:28.663   562   597 I am_proc_start: [0,1457,10084,com.android.printspooler,service,{com.android.printspooler/com.android.printspooler.model.PrintSpoolerService}]
09-10 10:06:28.664   562   562 I notification_enqueue: [1000,562,android,13,PreBootBroadcaster,0,Notification(channel=UPDATES shortcut=null contentView=null vibrate=null sound=null tick defaults=0 flags=ONGOING_EVENT|CAN_COLORIZE color=0x00000000 vis=PUBLIC),0]
09-10 10:06:28.666   562  1005 I am_proc_bound: [0,1457,com.android.printspooler]
09-10 10:06:28.677   562   597 I am_proc_start: [0,1476,10062,com.android.documentsui,broadcast,{com.android.documentsui/com.android.documentsui.PreBootReceiver}]
09-10 10:06:28.678   562   588 I am_uid_running: 10116
09-10 10:06:28.679   562  1021 I am_proc_bound: [0,1444,com.android.emulator.multidisplay]
09-10 10:06:28.688   562   597 I am_proc_start: [0,1478,10105,com.android.music,service,{com.android.music/com.android.music.MediaPlaybackService}]
09-10 10:06:28.695   562   597 I am_proc_start: [0,1482,10116,com.android.sdksetup,top-activity,{com.android.sdksetup/com.android.sdksetup.DefaultActivity}]
09-10 10:06:28.799   562   580 I am_proc_bound: [0,1478,com.android.music]
09-10 10:06:28.815   562  1252 I am_uid_active: 10084
09-10 10:06:28.816   562  1021 I am_proc_bound: [0,1482,com.android.sdksetup]
09-10 10:06:28.819   562  1021 I am_uid_active: 10116
09-10 10:06:28.819   562   636 I am_proc_bound: [0,1476,com.android.documentsui]
09-10 10:06:28.825   562   634 I sysui_multi_action: [757,856,758,1,806,com.android.printspooler,857,PRINT_PROGRESS,858,2]
09-10 10:06:28.826   562   634 I sysui_multi_action: [757,856,758,1,806,com.android.printspooler,857,PRINT_FAILURES,858,3]
09-10 10:06:28.847  1098  1098 I gsm_service_state_change: [1,1,3,1]
09-10 10:06:28.860   562   597 I am_proc_start: [0,1542,1000,com.android.keychain,service,{com.android.keychain/com.android.keychain.KeyChainService}]
09-10 10:06:28.876   562  1021 I wm_restart_activity: [0,22513996,6,com.android.sdksetup/.DefaultActivity]
09-10 10:06:28.883   562  1021 I wm_set_resumed_activity: [0,com.android.sdksetup/.DefaultActivity,realStartActivityLocked - onActivityStateChanged]
09-10 10:06:28.885   562   663 I commit_sys_config_file: [settings-0-0,20]
09-10 10:06:28.887   562  1252 I am_uid_active: 10105
09-10 10:06:28.890   562  1252 I am_proc_bound: [0,1542,com.android.keychain]
09-10 10:06:28.903   562   562 I sysui_multi_action: [757,1501,758,1,793,430,794,0,795,430,796,13,797,PreBootBroadcaster,806,android,857,UPDATES,858,2,947,0,1500,0]
09-10 10:06:28.903   562   562 I sysui_multi_action: [757,804,799,note_interruptive,801,0,802,1]
09-10 10:06:29.008   562   663 I commit_sys_config_file: [settings-2-0,10]
09-10 10:06:29.029   562   634 I am_uid_active: 10062
09-10 10:06:29.031   562   580 I am_mem_factor: [2,3]
09-10 10:06:29.037   562   585 I am_pre_boot: [0,com.android.managedprovisioning]
09-10 10:06:29.042   562   562 I notification_enqueue: [1000,562,android,13,PreBootBroadcaster,0,Notification(channel=UPDATES shortcut=null contentView=null vibrate=null sound=null tick defaults=0 flags=ONGOING_EVENT|CAN_COLORIZE color=0x00000000 vis=PUBLIC),1]
09-10 10:06:29.053   562   596 I am_uid_running: 10067
09-10 10:06:29.070   562   597 I am_proc_start: [0,1577,10067,com.android.managedprovisioning,broadcast,{com.android.managedprovisioning/com.android.managedprovisioning.ota.PreBootListener}]
09-10 10:06:29.085   562   595 I am_schedule_service_restart: [0,com.android.inputmethod.latin/.LatinIME,18831]
09-10 10:06:29.086   562   587 I commit_sys_config_file: [notification-policy,11]
09-10 10:06:29.108   562   636 I am_proc_bound: [0,1577,com.android.managedprovisioning]
09-10 10:06:29.144   562  1021 I sysui_multi_action: [757,856,758,1,806,com.android.providers.media.module,857,native_transcode_alert_channel,858,4]
09-10 10:06:29.153   562  1021 I sysui_multi_action: [757,856,758,1,806,com.android.providers.media.module,857,native_transcode_progress_channel,858,2]
09-10 10:06:29.190   562   663 I commit_sys_config_file: [settings-0-0,5]
09-10 10:06:29.232   562  1441 I am_uid_running: 10066
09-10 10:06:29.246   562   597 I am_proc_start: [0,1610,10066,android.process.acore,content provider,{com.android.providers.contacts/com.android.providers.contacts.ContactsProvider2}]
09-10 10:06:29.271   562   663 I commit_sys_config_file: [settings-2-0,4]
09-10 10:06:29.281   562   634 I am_uid_active: 10067
09-10 10:06:29.286   562   596 I am_uid_running: 10141
09-10 10:06:29.305   562   637 I am_proc_bound: [0,1610,android.process.acore]
09-10 10:06:29.320   562   597 I am_proc_start: [0,1623,10141,com.android.devicelockcontroller,broadcast,{com.android.devicelockcontroller/com.android.devicelockcontroller.receivers.RecordBootTimestampReceiver}]
09-10 10:06:29.355   562   585 I am_pre_boot: [0,com.android.providers.calendar]
09-10 10:06:29.356   562   562 I notification_enqueue: [1000,562,android,13,PreBootBroadcaster,0,Notification(channel=UPDATES shortcut=null contentView=null vibrate=null sound=null tick defaults=0 flags=ONGOING_EVENT|CAN_COLORIZE color=0x00000000 vis=PUBLIC),1]
09-10 10:06:29.369   562  1253 I am_proc_bound: [0,1623,com.android.devicelockcontroller]
09-10 10:06:29.396   562  1628 I am_uid_running: 10064
09-10 10:06:29.406   562   587 I commit_sys_config_file: [notification-policy,11]
09-10 10:06:29.416   562   597 I am_proc_start: [0,1641,10064,com.android.externalstorage,content provider,{com.android.externalstorage/com.android.externalstorage.ExternalStorageProvider}]
09-10 10:06:29.427   562  1252 I am_uid_active: 10138
09-10 10:06:29.442   562  1252 I wm_finish_activity: [0,22513996,6,com.android.sdksetup/.DefaultActivity,app-request]
09-10 10:06:29.443   562  1252 I wm_pause_activity: [0,22513996,com.android.sdksetup/.DefaultActivity,userLeaving=false,finish]
09-10 10:06:29.445  1482  1482 I wm_on_create_called: [22513996,com.android.sdksetup.DefaultActivity,performCreate,485]
09-10 10:06:29.450   562   588 I sysui_multi_action: [757,1144,758,7,806,com.android.sdksetup,871,com.android.sdksetup.DefaultActivity]
09-10 10:06:29.458   562  1625 I am_uid_running: 10074
09-10 10:06:29.474   562  1253 I dvm_lock_sample: [system_server,1,binder:562_E,13,ActivityManagerService.java,14895,android.content.Intent com.android.server.am.ActivityManagerService.registerReceiverWithFeatureTraced(android.app.IApplicationThread, java.lang.String, java.lang.String, java.lang.String, android.content.IIntentReceiver, android.content.IntentFilter, java.lang.String, int, int),ContentProviderHelper.java,648,android.app.ContentProviderHolder com.android.server.am.ContentProviderHelper.getContentProviderImpl(android.app.IApplicationThread, java.lang.String, android.os.IBinder, int, java.lang.String, java.lang.String, boolean, int),2]
09-10 10:06:29.475   562   597 I am_proc_start: [0,1653,10074,android.process.media,content provider,{com.android.providers.media/com.android.providers.media.LegacyMediaProvider}]
09-10 10:06:29.487   562  1253 I wm_task_created: 7
09-10 10:06:29.489   562  1253 I wm_task_moved: [7,1,0,1,2147483647]
09-10 10:06:29.491   562  1253 I wm_task_moved: [1,1,0,1,1]
09-10 10:06:29.491   562  1253 I wm_create_task: [0,7,1,0]
09-10 10:06:29.491   562  1253 I wm_create_activity: [0,54953891,7,com.android.launcher3/.uioverrides.QuickstepLauncher,android.intent.action.MAIN,NULL,NULL,268435712]
09-10 10:06:29.491   562  1253 I wm_task_moved: [1,1,0,1,1]
09-10 10:06:29.492   562  1253 I wm_task_moved: [7,1,0,1,2147483647]
09-10 10:06:29.492   562  1253 I wm_task_to_front: [0,7,0]
09-10 10:06:29.494   562  1253 I wm_restart_activity: [0,54953891,7,com.android.launcher3/.uioverrides.QuickstepLauncher]
09-10 10:06:29.495   562  1253 I wm_set_resumed_activity: [0,com.android.launcher3/.uioverrides.QuickstepLauncher,realStartActivityLocked - onActivityStateChanged]
09-10 10:06:29.497   562   585 I sysui_multi_action: [757,803,799,window_time_0,802,1]
09-10 10:06:29.521   562   663 I commit_sys_config_file: [settings-2-0,9]
09-10 10:06:29.526   562  1252 I am_uid_active: 10141
09-10 10:06:29.530   562   636 I am_proc_bound: [0,1653,android.process.media]
09-10 10:06:29.548   562  1253 I am_proc_bound: [0,1641,com.android.externalstorage]
09-10 10:06:29.563   562   596 I am_uid_running: 10079
09-10 10:06:29.583   562   663 I commit_sys_config_file: [settings-0-0,20]
09-10 10:06:29.621   562   597 I am_proc_start: [0,1684,10079,com.android.providers.calendar,broadcast,{com.android.providers.calendar/com.android.providers.calendar.CalendarUpgradeReceiver}]
09-10 10:06:29.636   562  1629 I am_mem_factor: [1,2]
09-10 10:06:29.639   562   595 I am_schedule_service_restart: [0,com.android.inputmethod.latin/.LatinIME,8277]
09-10 10:06:29.644   562   663 I commit_sys_config_file: [settings-1-0,11]
09-10 10:06:29.657   562  1628 I am_uid_active: 10066
09-10 10:06:29.685   562   636 I am_proc_bound: [0,1684,com.android.providers.calendar]
09-10 10:06:29.701  1476  1567 I dvm_lock_sample: [com.android.documentsui,0,pool-3-thread-3,698,ProvidersCache.java,645,void com.android.documentsui.roots.ProvidersCache$MultiProviderUpdateTask.handleDocumentsProvider(android.content.pm.ProviderInfo, com.android.documentsui.base.UserId),-,648,void com.android.documentsui.roots.ProvidersCache$MultiProviderUpdateTask.handleDocumentsProvider(android.content.pm.ProviderInfo, com.android.documentsui.base.UserId),100]
09-10 10:06:29.740  1020  1033 I service_manager_slow: [21,wifi]
09-10 10:06:29.783   562   587 I commit_sys_config_file: [jobs,12]
09-10 10:06:29.800  1204  1204 I wm_on_create_called: [54953891,com.android.launcher3.uioverrides.QuickstepLauncher,performCreate,157]
09-10 10:06:29.801  1204  1204 I wm_on_start_called: [54953891,com.android.launcher3.uioverrides.QuickstepLauncher,handleStartActivity,1]
09-10 10:06:29.802   562  1629 I service_manager_slow: [51,carrier_config]
09-10 10:06:29.806  1204  1204 I wm_on_resume_called: [54953891,com.android.launcher3.uioverrides.QuickstepLauncher,RESUME_ACTIVITY,1]
09-10 10:06:29.810  1204  1204 I wm_on_top_resumed_gained_called: [54953891,com.android.launcher3.uioverrides.QuickstepLauncher,topStateChangedWhenResumed]
09-10 10:06:29.812   562   663 I commit_sys_config_file: [settings-2-0,20]
09-10 10:06:29.905   562  1127 I sysui_multi_action: [757,856,758,1,806,com.android.phone,857,voiceMail,858,3]
09-10 10:06:29.916  1098  1098 I gsm_service_state_change: [3,1,0,0]
09-10 10:06:29.916  1098  1098 I gsm_rat_switched_new: [47108,0,14]
09-10 10:06:29.993   562   637 I sysui_multi_action: [757,856,758,1,806,com.android.mtp,857,device_notification_channel,858,2]
09-10 10:06:30.044   562   663 I commit_sys_config_file: [settings-1-0,18]
09-10 10:06:30.114  1098  1350 I service_manager_slow: [21,telephony_ims]
09-10 10:06:30.116   562   840 I dvm_lock_sample: [system_server,0,WifiHandlerThread,69,TelephonyRegistry.java,681,void com.android.server.TelephonyRegistry.onMultiSimConfigChanged(),-,1060,void com.android.server.TelephonyRegistry.notifySubscriptionInfoChanged(),13]
09-10 10:06:30.122   562   636 I am_uid_active: 10079
09-10 10:06:30.129  1204  1204 I viewroot_draw_event: [VRI[Taskbar],reportDrawFinished seqId=0]
09-10 10:06:30.175   562   596 I am_uid_running: 10104
09-10 10:06:30.175  1684  1684 I calendar_upgrade_receiver: 5
09-10 10:06:30.181   562  1127 I am_mem_factor: [0,1]
09-10 10:06:30.183   562   587 I commit_sys_config_file: [notification-policy,25]
09-10 10:06:30.201  1100  1341 I jank_cuj_events_end_request: [81,1789034790187712000,23466474450,23466474520]
09-10 10:06:30.215   562   585 I am_pre_boot: [0,com.android.providers.contacts]
09-10 10:06:30.219   562   838 I commit_sys_config_file: [net-policy,11]
09-10 10:06:30.221   562   589 I input_focus: [Focus request 2afa3cc com.android.launcher3/com.android.launcher3.uioverrides.QuickstepLauncher,reason=UpdateInputWindows]
09-10 10:06:30.261   562   663 I commit_sys_config_file: [settings-2-0,34]
09-10 10:06:30.285   562   847 I netstats_mobile_sample: [0,0,0,0,0,0,0,0,1789034790278]
09-10 10:06:30.285   562   847 I netstats_wifi_sample: [0,0,0,0,0,0,0,0,1789034790278]
09-10 10:06:30.289   562   839 I dvm_lock_sample: [system_server,1,NetworkPolicy.uid,174,NetworkStatsService.java,1981,void android.net.connectivity.com.android.server.net.NetworkStatsService.noteUidForeground(int, boolean),-,2332,void android.net.connectivity.com.android.server.net.NetworkStatsService.handleNotifyNetworkStatus(android.net.Network[], android.net.NetworkStateSnapshot[], java.lang.String, android.net.connectivity.com.android.server.net.NetworkStatsEventLogger$PollEvent),34]
09-10 10:06:30.293   562   597 I am_proc_start: [0,1737,10104,com.android.quicksearchbox,broadcast,{com.android.quicksearchbox/com.android.quicksearchbox.SearchWidgetProvider}]
09-10 10:06:30.296   562   595 I am_schedule_service_restart: [0,com.android.inputmethod.latin/.LatinIME,0]
09-10 10:06:30.298   562   562 I notification_enqueue: [1000,562,android,13,PreBootBroadcaster,0,Notification(channel=UPDATES shortcut=null contentView=null vibrate=null sound=null tick defaults=0 flags=ONGOING_EVENT|CAN_COLORIZE color=0x00000000 vis=PUBLIC),1]
09-10 10:06:30.299   562   596 I am_uid_running: 10112
09-10 10:06:30.306  1204  1204 I viewroot_draw_event: [VRI[QuickstepLauncher],Canceling draw. cancelDueToPreDrawListener=true cancelDueToSync=false]
09-10 10:06:30.307   562   634 I am_proc_bound: [0,1737,com.android.quicksearchbox]
09-10 10:06:30.368   562   597 I am_proc_start: [0,1749,10112,com.android.inputmethod.latin,service,{com.android.inputmethod.latin/com.android.inputmethod.latin.LatinIME}]
09-10 10:06:30.383   562   634 I am_uid_running: 10118
09-10 10:06:30.385   562   634 I configuration_changed: 3
09-10 10:06:30.387   562  1629 I am_proc_bound: [0,1749,com.android.inputmethod.latin]
09-10 10:06:30.456   562  1629 I dvm_lock_sample: [system_server,1,binder:562_11,68,ActivityTaskManagerService.java,6405,android.content.res.CompatibilityInfo com.android.server.wm.ActivityTaskManagerService$LocalService.compatibilityInfoForPackage(android.content.pm.ApplicationInfo),-,3898,boolean com.android.server.wm.ActivityTaskManagerService.updateConfiguration(android.content.res.Configuration),13]
09-10 10:06:30.468   562  1253 I wm_set_requested_orientation: [5,com.android.launcher3/.uioverrides.QuickstepLauncher]
09-10 10:06:30.471   562   588 I dvm_lock_sample: [system_server,1,android.display,81,ActivityManagerService.java,19271,void com.android.server.am.ActivityManagerService$LocalService.updateOomLevelsForDisplay(int),-,4925,void com.android.server.am.ActivityManagerService.attachApplication(android.app.IApplicationThread, long),16]
09-10 10:06:30.478   562  1625 I am_uid_active: 10074
09-10 10:06:30.479   562   597 I am_proc_start: [0,1762,10118,com.android.carrierconfig,service,{com.android.carrierconfig/com.android.carrierconfig.DefaultCarrierConfigService}]
09-10 10:06:30.480   562   688 I dvm_lock_sample: [system_server,0,StorageManagerService,98,ActivityManagerService.java,16310,int com.android.server.am.ActivityManagerService.broadcastIntentWithFeature(android.app.IApplicationThread, java.lang.String, android.content.Intent, java.lang.String, android.content.IIntentReceiver, int, java.lang.String, android.os.Bundle, java.lang.String[], java.lang.String[], java.lang.String[], int, android.os.Bundle, boolean, boolean, int),,0,null,19]
09-10 10:06:30.496  1476  1568 I dvm_lock_sample: [com.android.documentsui,0,pool-3-thread-4,1491,ProvidersCache.java,645,void com.android.documentsui.roots.ProvidersCache$MultiProviderUpdateTask.handleDocumentsProvider(android.content.pm.ProviderInfo, com.android.documentsui.base.UserId),-,648,void com.android.documentsui.roots.ProvidersCache$MultiProviderUpdateTask.handleDocumentsProvider(android.content.pm.ProviderInfo, com.android.documentsui.base.UserId),100]
09-10 10:06:30.505   562  1732 I dvm_lock_sample: [system_server,0,pool-37-thread-1,23,AppOpsService.java,4575,com.android.server.appop.AppOpsService$PackageVerificationResult com.android.server.appop.AppOpsService.verifyAndGetBypass(int, java.lang.String, java.lang.String, java.lang.String, boolean),-,1544,void com.android.server.appop.AppOpsService.onUidStateChanged(int, int, boolean),4]
09-10 10:06:30.537   562   840 I dvm_lock_sample: [system_server,0,WifiHandlerThread,64,ActivityManagerService.java,16310,int com.android.server.am.ActivityManagerService.broadcastIntentWithFeature(android.app.IApplicationThread, java.lang.String, android.content.Intent, java.lang.String, android.content.IIntentReceiver, int, java.lang.String, android.os.Bundle, java.lang.String[], java.lang.String[], java.lang.String[], int, android.os.Bundle, boolean, boolean, int),-,4925,void com.android.server.am.ActivityManagerService.attachApplication(android.app.IApplicationThread, long),12]
09-10 10:06:30.570   562  1023 I am_wtf  : [0,1020,com.android.networkstack.process,680050253,SystemServiceRegistry,No service published for: ethernet]
09-10 10:06:30.587  1610  1610 I contacts_upgrade_receiver: 290
09-10 10:06:30.593   562  1127 I sysui_multi_action: [757,856,758,1,806,com.android.providers.downloads,857,active,858,1]
09-10 10:06:30.597   562   585 I am_pre_boot: [0,com.android.providers.media.module]
09-10 10:06:30.598   562   562 I notification_enqueue: [1000,562,android,13,PreBootBroadcaster,0,Notification(channel=UPDATES shortcut=null contentView=null vibrate=null sound=null tick defaults=0 flags=ONGOING_EVENT|CAN_COLORIZE color=0x00000000 vis=PUBLIC),1]
09-10 10:06:30.598   562  1127 I sysui_multi_action: [757,856,758,1,806,com.android.providers.downloads,857,waiting,858,3]
09-10 10:06:30.610   562   562 I notification_enqueue: [1000,562,android,13,PreBootBroadcaster,0,Notification(channel=UPDATES shortcut=null contentView=null vibrate=null sound=null tick defaults=0 flags=ONGOING_EVENT|CAN_COLORIZE color=0x00000000 vis=PUBLIC),1]
09-10 10:06:30.610   562   585 I am_pre_boot: [0,com.android.settings]
09-10 10:06:30.611   562  1023 I am_uid_running: 10101
09-10 10:06:30.617   562  1127 I am_proc_bound: [0,1762,com.android.carrierconfig]
09-10 10:06:30.617   562  1625 I sysui_multi_action: [757,856,758,1,806,com.android.providers.downloads,857,complete,858,3]
09-10 10:06:30.628   562   579 I am_uid_active: 10112
09-10 10:06:30.655   562   597 I dvm_lock_sample: [system_server,1,ActivityManager:procStart,20,ProcessList.java,2200,void com.android.server.am.ProcessList.lambda$handleProcessStart$1(com.android.server.am.ProcessRecord, java.lang.String, int[], int, int, int, java.lang.String, java.lang.String, java.lang.String, long),,0,null,4]
09-10 10:06:30.656   562   597 I am_proc_start: [0,1789,10101,com.android.contacts,content provider,{com.android.contacts/com.android.contacts.sdn.SdnProvider}]
09-10 10:06:30.662   562   636 I am_uid_active: 10118
09-10 10:06:30.694   562   636 I am_proc_bound: [0,1789,com.android.contacts]
09-10 10:06:30.700   562   585 I am_pre_boot: [0,com.android.settings]
09-10 10:06:30.700   562   847 I netstats_mobile_sample: [0,0,0,0,0,0,0,0,1789034790700]
09-10 10:06:30.700   562   847 I netstats_wifi_sample: [0,0,0,0,0,0,0,0,1789034790700]
09-10 10:06:30.702   562   562 I notification_enqueue: [1000,562,android,13,PreBootBroadcaster,0,Notification(channel=UPDATES shortcut=null contentView=null vibrate=null sound=null tick defaults=0 flags=ONGOING_EVENT|CAN_COLORIZE color=0x00000000 vis=PUBLIC),1]
09-10 10:06:30.729   562   585 I uc_finish_user_unlocked_completed: 0
09-10 10:06:30.733   562   585 I uc_send_user_broadcast: [0,android.intent.action.BOOT_COMPLETED]
09-10 10:06:30.733   562   596 I ssm_user_unlocked: 0
09-10 10:06:30.738   562   562 I sysui_multi_action: [757,128,758,5,759,8,793,2265,794,0,795,442,796,13,797,PreBootBroadcaster,806,android,857,UPDATES,858,2,947,0,1500,442,1688,1]
09-10 10:06:30.738   562   562 I notification_canceled: [0|android|13|PreBootBroadcaster|1000,8,2265,442,0,-1,-1,NULL]
09-10 10:06:30.780   562   847 I netstats_mobile_sample: [0,0,0,0,0,0,0,0,1789034790780]
09-10 10:06:30.780   562   847 I netstats_wifi_sample: [0,135,0,2,0,0,0,0,1789034790780]
09-10 10:06:30.807  1749  1749 I viewroot_draw_event: [VRI[InputMethod],Not drawing due to not visible. Reason=View.INVISIBLE]
09-10 10:06:30.813   562   596 I am_uid_running: 10076
09-10 10:06:30.837   562   597 I am_proc_start: [0,1826,10076,com.android.statementservice,broadcast,{com.android.statementservice/com.android.statementservice.domain.DomainVerificationReceiverV1}]
09-10 10:06:30.863   562   663 I commit_sys_config_file: [settings-0-0,146]
09-10 10:06:30.866   562   587 I commit_sys_config_file: [notification-policy,17]
09-10 10:06:30.866   562   922 I commit_sys_config_file: [input-subtypes,125]
09-10 10:06:30.892   562   838 I service_manager_stats: [270,516,5013]
09-10 10:06:30.931   562  1625 I am_uid_active: 10101
09-10 10:06:30.945   562   636 I am_proc_bound: [0,1826,com.android.statementservice]
09-10 10:06:30.947   562   636 I am_uid_active: 10076
09-10 10:06:31.078   562   596 I am_uid_running: 10097
09-10 10:06:31.091   562   597 I am_proc_start: [0,1853,10097,com.android.traceur,broadcast,{com.android.traceur/com.android.traceur.Receiver}]
09-10 10:06:31.158   562  1625 I am_proc_bound: [0,1853,com.android.traceur]
09-10 10:06:31.187   562   636 I am_uid_active: 10097
09-10 10:06:31.190   562   636 I sysui_multi_action: [757,856,758,1,806,com.android.traceur,857,trace-is-being-recorded,858,4]
09-10 10:06:31.191   562   636 I sysui_multi_action: [757,856,758,1,806,com.android.traceur,857,system-tracing,858,4]
09-10 10:06:31.214   562   596 I am_uid_running: 10111
09-10 10:06:31.242   562  1872 I commit_sys_config_file: [log-files,6]
09-10 10:06:31.247   562   596 I am_uid_active: 10126
09-10 10:06:31.248   562  1625 I dvm_lock_sample: [system_server,1,binder:562_F,12,ActivityManagerService.java,6314,boolean com.android.server.am.ActivityManagerService.isAppStartModeDisabled(int, java.lang.String),OomAdjusterModernImpl.java,919,void com.android.server.am.OomAdjusterModernImpl.performUpdateOomAdjPendingTargetsLocked(int),2]
09-10 10:06:31.249   562   597 I am_proc_start: [0,1874,10111,com.android.calendar,broadcast,{com.android.calendar/com.android.calendar.UpgradeReceiver}]
09-10 10:06:31.279   562   579 I sysui_multi_action: [757,856,758,1,806,com.android.contacts,857,DEFAULT_CHANNEL,858,2]
09-10 10:06:31.279   562  1021 I am_proc_bound: [0,1874,com.android.calendar]
09-10 10:06:31.288   562   620 I am_uid_stopped: 10136
09-10 10:06:31.289   562   620 I am_kill : [0,1369,android.ext.services,0,change android.ext.services,119380]
09-10 10:06:31.290   562   620 I am_schedule_service_restart: [0,android.ext.services/.notification.Assistant,1000]
09-10 10:06:31.437   562  1006 I am_uid_active: 10111
09-10 10:06:31.467   562  1420 I backup_transport_lifecycle: [com.android.localtransport/.LocalTransportService,1]
09-10 10:06:31.468  1204  1204 I viewroot_draw_event: [VRI[Taskbar],reportDrawFinished seqId=0]
09-10 10:06:31.491   562   597 I am_proc_start: [0,1902,1000,com.android.localtransport,service,{com.android.localtransport/com.android.localtransport.LocalTransportService}]
09-10 10:06:31.497   562   587 I commit_sys_config_file: [notification-policy,57]
09-10 10:06:31.526   562   596 I am_uid_running: 10136
09-10 10:06:31.530   562  1021 I am_proc_bound: [0,1902,com.android.localtransport]
09-10 10:06:31.530   562   836 I netstats_mobile_sample: [0,0,0,0,0,0,0,0,1789034791530]
09-10 10:06:31.530   562   836 I netstats_wifi_sample: [2469,4544,14,29,3271,2576,17,19,1789034791530]
09-10 10:06:31.544   562   597 I am_proc_start: [0,1917,10136,.adservices,broadcast,{android.ext.services/com.android.adservices.service.common.AdExtBootCompletedReceiver}]
09-10 10:06:31.569   562   663 I commit_sys_config_file: [settings-2-0,8]
09-10 10:06:31.594   562   562 I backup_transport_connection: [com.android.localtransport/.LocalTransportService,1]
09-10 10:06:31.617   562  1127 I am_proc_bound: [0,1917,.adservices]
09-10 10:06:31.618   562  1127 I am_uid_active: 10136
09-10 10:06:31.625   562  1420 I backup_transport_lifecycle: [com.android.localtransport/.LocalTransportService,0]
09-10 10:06:31.625   562  1420 I backup_transport_connection: [com.android.localtransport/.LocalTransportService,0]
09-10 10:06:31.629   562   836 I netstats_mobile_sample: [0,0,0,0,0,0,0,0,1789034791629]
09-10 10:06:31.629   562   836 I netstats_wifi_sample: [2469,4544,14,29,3271,2576,17,19,1789034791629]
09-10 10:06:31.630   562   839 I dvm_lock_sample: [system_server,1,NetworkPolicy.uid,139,NetworkStatsService.java,1981,void android.net.connectivity.com.android.server.net.NetworkStatsService.noteUidForeground(int, boolean),-,2332,void android.net.connectivity.com.android.server.net.NetworkStatsService.handleNotifyNetworkStatus(android.net.Network[], android.net.NetworkStateSnapshot[], java.lang.String, android.net.connectivity.com.android.server.net.NetworkStatsEventLogger$PollEvent),27]
09-10 10:06:31.640   562   620 I am_uid_stopped: 10141
09-10 10:06:31.641   562   620 I am_kill : [0,1623,com.android.devicelockcontroller,100,change com.android.devicelockcontroller,118740]
09-10 10:06:31.642   562   620 I am_schedule_service_restart: [0,com.android.devicelockcontroller/.DeviceLockControllerService,10648]
09-10 10:06:31.647   562   620 I am_schedule_service_restart: [0,com.android.devicelockcontroller/androidx.work.impl.background.systemjob.SystemJobService,20648]
09-10 10:06:31.689  1204  1204 I viewroot_draw_event: [VRI[QuickstepLauncher],Draw frame after cancel]
09-10 10:06:31.706   562   596 I am_uid_running: 10108
09-10 10:06:31.721   562   562 I notification_cancel_all: [1000,562,com.android.devicelockcontroller,0,0,0,5,NULL]
09-10 10:06:31.723   562   597 I am_proc_start: [0,1944,10108,com.android.camera2,broadcast,{com.android.camera2/com.android.camera.SetActivitiesCameraReceiver}]
09-10 10:06:31.747  1204  1204 I viewroot_draw_event: [VRI[QuickstepLauncher],reportDrawFinished seqId=0]
09-10 10:06:31.764   562   588 I wm_destroy_activity: [0,3544359,5,com.android.settings/.FallbackHome,finish-transit]
09-10 10:06:31.764   562   588 I wm_destroy_activity: [0,22513996,6,com.android.sdksetup/.DefaultActivity,finish-transit]
09-10 10:06:31.770   562   589 I wm_wallpaper_surface: [0,1,Window{2afa3cc u0 com.android.launcher3/com.android.launcher3.uioverrides.QuickstepLauncher}]
09-10 10:06:31.770   562   585 I sysui_multi_action: [319,2284,322,2274,325,22,757,761,758,8,759,2,806,com.android.launcher3,871,com.android.launcher3.uioverrides.QuickstepLauncher,905,0,1320,4,1321,23]
09-10 10:06:31.770   562   585 I wm_activity_launch_time: [0,54953891,com.android.launcher3/.uioverrides.QuickstepLauncher,2274]
09-10 10:06:31.771  1482  1482 I wm_on_destroy_called: [22513996,com.android.sdksetup.DefaultActivity,performDestroy,0]
09-10 10:06:31.774   562  1625 I wm_task_removed: [6,1,0,removeChild, last child = ActivityRecord{157894c u0 com.android.sdksetup/.DefaultActivity t-1 f}} in Task{ae2cd95 #6 type=home A=10116:com.android.sdksetup}]
09-10 10:06:31.930   562   676 I input_focus: [Focus entering 2afa3cc com.android.launcher3/com.android.launcher3.uioverrides.QuickstepLauncher (server),reason=Window became focusable. Previous reason: NOT_VISIBLE]
09-10 10:06:31.944   562   663 I commit_sys_config_file: [settings-0-0,167]
09-10 10:06:31.955   562   676 I input_interaction: Interaction with: 2afa3cc com.android.launcher3/com.android.launcher3.uioverrides.QuickstepLauncher (server), PointerEventDispatcher0 (server), 
09-10 10:06:31.964   562  1625 I am_proc_bound: [0,1944,com.android.camera2]
09-10 10:06:31.974  1100  1100 I wm_on_stop_called: [3544359,com.android.settings.FallbackHome,LIFECYCLER_STOP_ACTIVITY,0]
09-10 10:06:32.000  1100  1100 I wm_on_destroy_called: [3544359,com.android.settings.FallbackHome,performDestroy,26]
09-10 10:06:32.089   562   634 I wm_task_removed: [5,1,0,removeChild, last child = ActivityRecord{361527 u0 com.android.settings/.FallbackHome t-1 f}} in Task{4a313d4 #5 type=home A=1000:com.android.settings.FallbackHome}]
09-10 10:06:32.106   562   636 I commit_sys_config_file: [overlays,51]
09-10 10:06:32.149  1204  1224 I jank_cuj_events_end_request: [80,1789034792149374000,25428137586,25428137676]
09-10 10:06:32.166   562   634 I dvm_lock_sample: [system_server,0,binder:562_3,73,ActivityManagerService.java,16422,void com.android.server.am.ActivityManagerService.finishReceiver(android.os.IBinder, int, java.lang.String, android.os.Bundle, boolean, int),BroadcastQueueModernImpl.java,450,void com.android.server.am.BroadcastQueueModernImpl.updateRunningList(),14]
09-10 10:06:32.188   562  1074 I am_wtf  : [0,1020,com.android.networkstack.process,680050253,SystemServiceRegistry,No service published for: ethernet]
09-10 10:06:32.194   562  1942 I dvm_lock_sample: [system_server,1,binder:562_13,93,ActivityManagerService.java,19407,void com.android.server.am.ActivityManagerService$LocalService.broadcastCloseSystemDialogs(java.lang.String),BroadcastQueueModernImpl.java,450,void com.android.server.am.BroadcastQueueModernImpl.updateRunningList(),18]
09-10 10:06:32.205   562   585 I configuration_changed: -2147483648
09-10 10:06:32.268   929  1057 I service_manager_slow: [54,carrier_config]
09-10 10:06:32.308   562   636 I commit_sys_config_file: [overlays,115]
09-10 10:06:32.343   562  1628 I dvm_lock_sample: [system_server,0,binder:562_10,200,OverlayManagerService.java,737,boolean com.android.server.om.OverlayManagerService$1.setEnabledExclusiveInCategory(java.lang.String, int),-,1573,java.util.List com.android.server.om.OverlayManagerService.updatePackageManagerLocked(java.util.Collection, int),40]
09-10 10:06:32.376   562   620 I commit_sys_config_file: [package,37]
09-10 10:06:32.391   562   579 I dvm_lock_sample: [system_server,0,binder:562_1,270,OverlayManagerService.java,737,boolean com.android.server.om.OverlayManagerService$1.setEnabledExclusiveInCategory(java.lang.String, int),-,1573,java.util.List com.android.server.om.OverlayManagerService.updatePackageManagerLocked(java.util.Collection, int),54]
09-10 10:06:32.399   562   580 I dvm_lock_sample: [system_server,0,binder:562_2,244,OverlayManagerService.java,737,boolean com.android.server.om.OverlayManagerService$1.setEnabledExclusiveInCategory(java.lang.String, int),,0,null,48]
09-10 10:06:32.416   562  1074 I dvm_lock_sample: [system_server,0,binder:562_B,221,OverlayManagerService.java,737,boolean com.android.server.om.OverlayManagerService$1.setEnabledExclusiveInCategory(java.lang.String, int),-,1573,java.util.List com.android.server.om.OverlayManagerService.updatePackageManagerLocked(java.util.Collection, int),44]
09-10 10:06:32.417   562   585 I wm_relaunch_resume_activity: [0,54953891,7,com.android.launcher3/.uioverrides.QuickstepLauncher,80000000]
09-10 10:06:32.427   562  1127 I dvm_lock_sample: [system_server,1,binder:562_C,208,ActivityManagerService.java,3992,void com.android.server.am.ActivityManagerService.addPackageDependency(java.lang.String),-,20499,void com.android.server.am.ActivityManagerService.scheduleApplicationInfoChanged(java.util.List, int),41]
09-10 10:06:32.428   562  1942 I dvm_lock_sample: [system_server,1,binder:562_13,177,ContentProviderHelper.java,735,void com.android.server.am.ContentProviderHelper.publishContentProviders(android.app.IApplicationThread, java.util.List),ActivityManagerService.java,3998,void com.android.server.am.ActivityManagerService.addPackageDependency(java.lang.String),35]
09-10 10:06:32.432   562  1005 I dvm_lock_sample: [system_server,1,binder:562_6,213,WindowOrganizerController.java,302,android.os.IBinder com.android.server.wm.WindowOrganizerController.startTransition(int, android.os.IBinder, android.window.WindowContainerTransaction),ActivityTaskManagerService.java,3898,boolean com.android.server.wm.ActivityTaskManagerService.updateConfiguration(android.content.res.Configuration),42]
09-10 10:06:32.448   562  1253 I dvm_lock_sample: [system_server,0,binder:562_E,360,OverlayManagerService.java,737,boolean com.android.server.om.OverlayManagerService$1.setEnabledExclusiveInCategory(java.lang.String, int),-,1573,java.util.List com.android.server.om.OverlayManagerService.updatePackageManagerLocked(java.util.Collection, int),72]
09-10 10:06:32.463   562   585 I dvm_lock_sample: [system_server,0,android.fg,16,AppWidgetServiceImpl.java,5892,void com.android.server.appwidget.AppWidgetServiceImpl$AppWidgetManagerLocal.applyResourceOverlaysToWidgets(java.util.Set, int, boolean),-,1992,android.content.pm.ParceledListSlice com.android.server.appwidget.AppWidgetServiceImpl.getInstalledProvidersForProfile(int, int, java.lang.String),3]
09-10 10:06:32.501   562  1127 I am_wtf  : [0,1020,com.android.networkstack.process,680050253,SystemServiceRegistry,No service published for: ethernet]
09-10 10:06:32.511   562   597 I am_proc_start: [0,2038,10136,android.ext.services,service,{android.ext.services/android.ext.services.notification.Assistant}]
09-10 10:06:32.538  1098  1098 I service_manager_slow: [32,carrier_config]
09-10 10:06:32.538  1098  1098 I service_manager_stats: [100,204,25816]
09-10 10:06:32.540  1204  1204 I wm_on_top_resumed_lost_called: [54953891,com.android.launcher3.uioverrides.QuickstepLauncher,pausing]
09-10 10:06:32.541  1204  1204 I wm_on_paused_called: [54953891,com.android.launcher3.uioverrides.QuickstepLauncher,performPause,0]
09-10 10:06:32.544  1204  1204 I wm_on_stop_called: [54953891,com.android.launcher3.uioverrides.QuickstepLauncher,handleRelaunchActivity,3]
09-10 10:06:32.551   562  1887 I dvm_lock_sample: [system_server,0,binder:562_12,353,OverlayManagerService.java,737,boolean com.android.server.om.OverlayManagerService$1.setEnabledExclusiveInCategory(java.lang.String, int),-,1573,java.util.List com.android.server.om.OverlayManagerService.updatePackageManagerLocked(java.util.Collection, int),70]
09-10 10:06:32.554   562  1625 I am_uid_active: 10108
09-10 10:06:32.565   562   596 I am_uid_running: 10100
09-10 10:06:32.567  1204  1204 I wm_on_destroy_called: [54953891,com.android.launcher3.uioverrides.QuickstepLauncher,performDestroy,21]
09-10 10:06:32.571   562   562 I notification_cancel_all: [10108,1944,com.android.camera2,0,0,32832,9,NULL]
09-10 10:06:32.579   929  1201 I viewroot_draw_event: [VRI[ScreenDecorOverlay],Start draw after previous draw not visible]
09-10 10:06:32.597   562   597 I am_proc_start: [0,2051,10100,com.android.imsserviceentitlement,broadcast,{com.android.imsserviceentitlement/com.android.imsserviceentitlement.ImsEntitlementReceiver}]
09-10 10:06:32.602  1098  1098 I service_manager_slow: [33,carrier_config]
09-10 10:06:32.630   562  1006 I dvm_lock_sample: [system_server,0,binder:562_7,426,OverlayManagerService.java,737,boolean com.android.server.om.OverlayManagerService$1.setEnabledExclusiveInCategory(java.lang.String, int),-,1573,java.util.List com.android.server.om.OverlayManagerService.updatePackageManagerLocked(java.util.Collection, int),85]
09-10 10:06:32.646   562  1023 I dvm_lock_sample: [system_server,0,binder:562_A,407,OverlayManagerService.java,737,boolean com.android.server.om.OverlayManagerService$1.setEnabledExclusiveInCategory(java.lang.String, int),-,1573,java.util.List com.android.server.om.OverlayManagerService.updatePackageManagerLocked(java.util.Collection, int),81]
09-10 10:06:32.652   562   618 I commit_sys_config_file: [package-user-0,276]
09-10 10:06:32.657   562   589 I input_focus: [Requesting to set focus to null window,reason=UpdateInputWindows]
09-10 10:06:32.671   562  2015 I dvm_lock_sample: [system_server,0,binder:562_15,405,OverlayManagerService.java,737,boolean com.android.server.om.OverlayManagerService$1.setEnabledExclusiveInCategory(java.lang.String, int),-,1573,java.util.List com.android.server.om.OverlayManagerService.updatePackageManagerLocked(java.util.Collection, int),81]
09-10 10:06:32.674   929  1201 I viewroot_draw_event: [VRI[ScreenDecorOverlay],reportDrawFinished seqId=0]
09-10 10:06:32.687   929  1201 I viewroot_draw_event: [VRI[ScreenDecorOverlayBottom],Start draw after previous draw not visible]
09-10 10:06:32.725   562  1252 I am_proc_bound: [0,2051,com.android.imsserviceentitlement]
09-10 10:06:32.728   562   663 I commit_sys_config_file: [settings-0-0,43]
09-10 10:06:32.754   562  1629 I am_proc_bound: [0,2038,android.ext.services]
09-10 10:06:32.777   562  1252 I dvm_lock_sample: [system_server,0,binder:562_D,42,PackageManagerService.java,3015,void com.android.server.pm.PackageManagerService.notifyPackageUseInternal(java.lang.String, int),UserManagerService.java,7413,void com.android.server.pm.UserManagerService$MainHandler.handleMessage(android.os.Message),8]
09-10 10:06:32.798   929  1201 I viewroot_draw_event: [VRI[ScreenDecorOverlayBottom],reportDrawFinished seqId=0]
09-10 10:06:32.856  1204  1204 I wm_on_create_called: [54953891,com.android.launcher3.uioverrides.QuickstepLauncher,performCreate,196]
09-10 10:06:32.857  1204  1204 I wm_on_start_called: [54953891,com.android.launcher3.uioverrides.QuickstepLauncher,handleStartActivity,0]
09-10 10:06:32.862  1204  1204 I wm_on_resume_called: [54953891,com.android.launcher3.uioverrides.QuickstepLauncher,RESUME_ACTIVITY,0]
09-10 10:06:32.862  1204  1204 I wm_on_top_resumed_gained_called: [54953891,com.android.launcher3.uioverrides.QuickstepLauncher,topWhenResuming]
09-10 10:06:32.869   562  1629 I wm_set_requested_orientation: [5,com.android.launcher3/.uioverrides.QuickstepLauncher]
09-10 10:06:32.925   562  1629 I am_uid_active: 10100
09-10 10:06:32.937   562   597 I am_proc_start: [0,2109,1000,com.android.dynsystem,broadcast,{com.android.dynsystem/com.android.dynsystem.BootCompletedReceiver}]
09-10 10:06:32.954  1204  1204 I viewroot_draw_event: [VRI[Taskbar],reportDrawFinished seqId=0]
09-10 10:06:32.955   562   663 I commit_sys_config_file: [settings-0-0,4]
09-10 10:06:32.961   562   589 I input_focus: [Focus request 33f3d9a com.android.launcher3/com.android.launcher3.uioverrides.QuickstepLauncher,reason=UpdateInputWindows]
09-10 10:06:32.984  1204  1204 I viewroot_draw_event: [VRI[QuickstepLauncher],Canceling draw. cancelDueToPreDrawListener=true cancelDueToSync=false]
09-10 10:06:33.017   562  1023 I am_proc_bound: [0,2109,com.android.dynsystem]
09-10 10:06:33.087  1098  1098 I service_manager_slow: [69,carrier_config]
09-10 10:06:33.100   562   663 I commit_sys_config_file: [settings-1-0,13]
09-10 10:06:33.117  1098  1098 I gsm_service_state_change: [0,0,1,1]
09-10 10:06:33.117  1098  1098 I gsm_rat_switched_new: [-1,14,0]
09-10 10:06:33.137   562   596 I am_uid_running: 10140
09-10 10:06:33.148   562   597 I am_proc_start: [0,2145,10140,com.android.federatedcompute.services,broadcast,{com.android.federatedcompute.services/com.android.federatedcompute.services.FederatedComputeBroadcastReceiver}]
09-10 10:06:33.159   562   597 I am_proc_start: [0,2156,1000,com.android.dynsystem:dynsystem,service,{com.android.dynsystem/com.android.dynsystem.DynamicSystemInstallationService}]
09-10 10:06:33.187  1204  1204 I viewroot_draw_event: [VRI[QuickstepLauncher],Draw frame after cancel]
09-10 10:06:33.190   562  1942 I am_proc_bound: [0,2145,com.android.federatedcompute.services]
09-10 10:06:33.195   562  1629 I am_proc_bound: [0,2156,com.android.dynsystem:dynsystem]
09-10 10:06:33.244   562  1629 I am_uid_active: 10140
09-10 10:06:33.246   562   596 I am_uid_running: 10142
09-10 10:06:33.251   562   587 I commit_sys_config_file: [jobs,3]
09-10 10:06:33.261   562   587 I commit_sys_config_file: [jobs,10]
09-10 10:06:33.268   562   597 I am_proc_start: [0,2183,10142,com.android.healthconnect.controller,broadcast,{com.android.healthconnect.controller/com.android.healthconnect.controller.safetycenter.SafetySourceBroadcastReceiver}]
09-10 10:06:33.282   929   929 I viewroot_draw_event: [VRI[StatusBar],reportDrawFinished seqId=0]
09-10 10:06:33.289  1204  1534 I viewroot_draw_event: [VRI[Taskbar],reportDrawFinished seqId=0]
09-10 10:06:33.289  1204  1204 I viewroot_draw_event: [VRI[QuickstepLauncher],reportDrawFinished seqId=0]
09-10 10:06:33.335   562  1629 I am_proc_bound: [0,2183,com.android.healthconnect.controller]
09-10 10:06:33.359  2156  2156 I service_manager_slow: [15,content_capture]
09-10 10:06:33.402   562  1252 I sysui_multi_action: [757,856,758,1,806,com.android.dynsystem,857,com.android.dynsystem,858,2]
09-10 10:06:33.455   562   676 I input_focus: [Focus entering 33f3d9a com.android.launcher3/com.android.launcher3.uioverrides.QuickstepLauncher (server),reason=Window became focusable. Previous reason: NOT_VISIBLE]
09-10 10:06:33.463   562   589 I dvm_lock_sample: [system_server,1,android.anim,26,WindowAnimator.java,97,void com.android.server.wm.WindowAnimator.lambda$new$1(long),WindowManagerService.java,2736,int com.android.server.wm.WindowManagerService.relayoutWindowInner(com.android.server.wm.Session, android.view.IWindow, android.view.WindowManager$LayoutParams, int, int, int, int, int, int, android.window.ClientWindowFrames, android.util.MergedConfiguration, android.view.SurfaceControl, android.view.InsetsState, android.view.InsetsSourceControl$Array, android.os.Bundle, android.view.WindowRelayoutResult),5]
09-10 10:06:33.466   562   863 I dvm_lock_sample: [system_server,0,AudioService,37,AssetManager.java,630,boolean android.content.res.AssetManager.getResourceValue(int, int, android.util.TypedValue, boolean),-,879,int android.content.res.AssetManager.getResourceIdentifier(java.lang.String, java.lang.String, java.lang.String),7]
09-10 10:06:33.477   562   840 I dvm_lock_sample: [system_server,0,WifiHandlerThread,74,AssetManager.java,630,boolean android.content.res.AssetManager.getResourceValue(int, int, android.util.TypedValue, boolean),-,879,int android.content.res.AssetManager.getResourceIdentifier(java.lang.String, java.lang.String, java.lang.String),14]
09-10 10:06:33.550   562   663 I commit_sys_config_file: [settings-2-0,173]
09-10 10:06:33.563  1098  1098 I gsm_service_state_change: [1,1,0,0]
09-10 10:06:33.563  1098  1098 I gsm_rat_switched_new: [47108,0,11]
09-10 10:06:33.584   562  2015 I am_uid_active: 10142
09-10 10:06:33.595   562   596 I am_uid_running: 10114
09-10 10:06:33.657   562   597 I am_proc_start: [0,2198,10114,com.android.messaging,broadcast,{com.android.messaging/com.android.messaging.receiver.BootAndPackageReplacedReceiver}]
09-10 10:06:33.733   562  1942 I am_proc_bound: [0,2198,com.android.messaging]
09-10 10:06:33.756   562   587 I commit_sys_config_file: [notification-policy,86]
09-10 10:06:33.788   562   620 I am_uid_stopped: 10142
09-10 10:06:33.790   562   620 I am_kill : [0,2183,com.android.healthconnect.controller,0,change com.android.healthconnect.controller,107604]
09-10 10:06:33.790   562  2013 I dvm_lock_sample: [system_server,1,binder:562_14,11,PackageManagerService.java,1196,com.android.server.pm.Computer com.android.server.pm.PackageManagerService.snapshotComputer(boolean),-,1222,com.android.server.pm.Computer com.android.server.pm.PackageManagerService.snapshotComputer(boolean),2]
09-10 10:06:33.932   562   891 I sysui_multi_action: [757,1717,758,1,759,0]
09-10 10:06:33.932   562   891 I sysui_multi_action: [757,1717,758,2,759,0]
09-10 10:06:33.932   562   891 I sysui_multi_action: [757,1717,758,3,759,0]
09-10 10:06:34.074   562  1127 I am_uid_active: 10114
09-10 10:06:34.075   562   596 I am_uid_running: 1027
09-10 10:06:34.111   562   597 I am_proc_start: [0,2229,1027,com.android.nfc,broadcast,{com.android.nfc/com.android.nfc.NfcBootCompletedReceiver}]
09-10 10:06:34.160   562  1008 I am_proc_bound: [0,2229,com.android.nfc]
09-10 10:06:34.224   562   836 I netstats_mobile_sample: [0,0,0,0,0,0,0,0,1789034794224]
09-10 10:06:34.225   562   836 I netstats_wifi_sample: [3305,6396,16,36,4535,3592,20,24,1789034794224]
09-10 10:06:34.250   562  1008 I am_uid_active: 1027
09-10 10:06:34.254   562   596 I am_uid_running: 10139
09-10 10:06:34.263   562   620 I am_uid_stopped: 1027
09-10 10:06:34.264   562   620 I am_kill : [0,2229,com.android.nfc,905,change com.android.nfc,102612]
09-10 10:06:34.288   562   562 I notification_cancel_all: [1000,562,com.android.nfc,0,0,0,5,NULL]
09-10 10:06:34.293   562   597 I am_proc_start: [0,2243,10139,com.android.ondevicepersonalization.services,broadcast,{com.android.ondevicepersonalization.services/com.android.ondevicepersonalization.services.OnDevicePersonalizationBroadcastReceiver}]
09-10 10:06:34.311   562  1252 I am_proc_bound: [0,2243,com.android.ondevicepersonalization.services]
09-10 10:06:34.380   562  2015 I am_uid_active: 10139
09-10 10:06:34.386   929  1201 I viewroot_draw_event: [VRI[ScreenDecorOverlayBottom],reportDrawFinished seqId=0]
09-10 10:06:34.386   562   596 I am_uid_running: 10063
09-10 10:06:34.407   562   597 I am_proc_start: [0,2260,10063,com.android.packageinstaller,broadcast,{com.android.packageinstaller/com.android.packageinstaller.common.TemporaryFileManager}]
09-10 10:06:34.471   562   634 I am_proc_bound: [0,2260,com.android.packageinstaller]
09-10 10:06:34.481   929   972 I jank_cuj_events_end_request: [55,1789034794481788000,27760550957,27760551058]
09-10 10:06:34.504   562  1629 I am_uid_active: 10063
09-10 10:06:34.505   562   596 I am_uid_running: 10146
09-10 10:06:34.521   562   597 I am_proc_start: [0,2273,10146,com.android.rkpdapp,broadcast,{com.android.rkpdapp/com.android.rkpdapp.BootReceiver}]
09-10 10:06:34.570   562  1023 I am_proc_bound: [0,2273,com.android.rkpdapp]
09-10 10:06:34.646   929   929 I viewroot_draw_event: [VRI[StatusBar],reportDrawFinished seqId=0]
09-10 10:06:34.657   562   636 I am_uid_active: 10146
09-10 10:06:34.664   562   596 I am_uid_running: 2000
09-10 10:06:34.699   562   597 I am_proc_start: [0,2289,2000,com.android.shell,broadcast,{com.android.shell/com.android.shell.HeapDumpReceiver}]
09-10 10:06:34.743   562  1023 I am_proc_bound: [0,2289,com.android.shell]
09-10 10:06:34.798   562   634 I am_uid_active: 2000
09-10 10:06:34.815   562   596 I am_uid_running: 10086
09-10 10:06:34.828   929   929 I viewroot_draw_event: [VRI[StatusBar],reportDrawFinished seqId=0]
09-10 10:06:34.830   562   597 I am_proc_start: [0,2305,10086,com.android.carrierdefaultapp,broadcast,{com.android.carrierdefaultapp/com.android.carrierdefaultapp.CarrierDefaultBroadcastReceiver}]
09-10 10:06:34.912   562   636 I am_proc_bound: [0,2305,com.android.carrierdefaultapp]
09-10 10:06:34.943   562   562 I notification_cancel_all: [10086,2305,com.android.carrierdefaultapp,0,0,32832,9,NULL]
09-10 10:06:34.971   562   586 I wm_new_intent: [0,54953891,7,com.android.launcher3/.uioverrides.QuickstepLauncher,android.intent.action.MAIN,NULL,NULL,268435712]
09-10 10:06:34.971   562   586 I wm_task_moved: [1,1,0,1,1]
09-10 10:06:34.983   929   972 I jank_cuj_events_end_request: [55,1789034794982969000,28261731470,28261731551]
09-10 10:06:34.995  1204  1204 I wm_on_top_resumed_lost_called: [54953891,com.android.launcher3.uioverrides.QuickstepLauncher,pausing]
09-10 10:06:34.995  1204  1204 I wm_on_paused_called: [54953891,com.android.launcher3.uioverrides.QuickstepLauncher,performPause,0]
09-10 10:06:34.996  1204  1204 I wm_on_resume_called: [54953891,com.android.launcher3.uioverrides.QuickstepLauncher,LIFECYCLER_RESUME_ACTIVITY,0]
09-10 10:06:34.996  1204  1204 I wm_on_top_resumed_gained_called: [54953891,com.android.launcher3.uioverrides.QuickstepLauncher,topWhenResuming]
09-10 10:06:35.423   562  2013 I am_wtf  : [0,1020,com.android.networkstack.process,680050253,SystemServiceRegistry,No service published for: ethernet]
09-10 10:06:35.461   562   838 I commit_sys_config_file: [net-policy,15]
09-10 10:06:35.463   562   840 I service_manager_slow: [20,carrier_config]
09-10 10:06:35.507   562   663 I commit_sys_config_file: [settings-2-0,4]
09-10 10:06:35.558   562   836 I netstats_mobile_sample: [0,0,0,0,0,0,0,0,1789034795558]
09-10 10:06:35.558   562   836 I netstats_wifi_sample: [4141,8128,18,41,5799,4488,23,27,1789034795558]
09-10 10:06:35.775   562   596 I ssm_user_completed_event: [0,2]
09-10 10:06:35.842   562   595 I dvm_lock_sample: [system_server,0,android.bg,5,AppWidgetServiceImpl.java,363,boolean com.android.server.appwidget.AppWidgetServiceImpl.handleSaveMessage(android.os.Message),-,1992,android.content.pm.ParceledListSlice com.android.server.appwidget.AppWidgetServiceImpl.getInstalledProvidersForProfile(int, int, java.lang.String),1]
09-10 10:06:35.859   562   663 I commit_sys_config_file: [settings-0-0,13]
09-10 10:06:35.892   562   840 I service_manager_stats: [173,183,5000]
09-10 10:06:36.013   562   920 I service_manager_slow: [28,user]
09-10 10:06:36.069   562   956 I commit_sys_config_file: [appops_accesses,24]
09-10 10:06:36.348   562  2013 I am_wtf  : [0,1020,com.android.networkstack.process,680050253,SystemServiceRegistry,No service published for: ethernet]
09-10 10:06:36.404   562   877 I ntp_failure: [time.android.com/216.239.35.12,java.net.SocketTimeoutException: Poll timed out]
09-10 10:06:36.442   562   877 I ntp_success: [time.android.com/216.239.35.8,30,145]
09-10 10:06:36.966   562   562 I notification_cancel_all: [10086,2305,com.android.carrierdefaultapp,0,0,32832,9,NULL]
09-10 10:06:36.970   562   562 I notification_cancel_all: [10086,2305,com.android.carrierdefaultapp,0,0,32832,9,NULL]
09-10 10:06:36.979   562   847 I netstats_mobile_sample: [0,0,0,0,0,0,0,0,1789034797123]
09-10 10:06:36.979   562   847 I netstats_wifi_sample: [4932,9962,28,57,6550,5649,32,40,1789034797123]
09-10 10:06:37.004   562   847 I netstats_mobile_sample: [0,0,0,0,0,0,0,0,1789034797148]
09-10 10:06:37.004   562   847 I netstats_wifi_sample: [4932,9962,28,57,6590,6206,33,41,1789034797148]
09-10 10:06:37.020   562  2013 I am_wtf  : [0,1020,com.android.networkstack.process,680050253,SystemServiceRegistry,No service published for: ethernet]
09-10 10:06:37.021   562   838 I commit_sys_config_file: [net-policy,2]
09-10 10:06:37.055   562   836 I netstats_mobile_sample: [363,852,4,6,188,120,1,2,1789034797199]
09-10 10:06:37.055   562   836 I netstats_wifi_sample: [4932,10002,28,58,6590,6206,33,41,1789034797199]
09-10 10:06:37.090  1020  1020 I auditd  : type=1400 audit(0.0:22): avc:  granted  { read } for  comm="NetworkMonitor/" name="psched" dev="proc" ino=4026532021 scontext=u:r:network_stack:s0 tcontext=u:object_r:proc_net:s0 tclass=file
09-10 10:06:37.101   562   836 I netstats_mobile_sample: [5942,1801,18,16,4873,1279,11,11,1789034797246]
09-10 10:06:37.101   562   836 I netstats_wifi_sample: [4932,10002,28,58,6590,6206,33,41,1789034797246]
09-10 10:06:37.090  1020  1020 I auditd  : type=1400 audit(0.0:23): avc:  granted  { read open } for  comm="NetworkMonitor/" path="/proc/1020/net/psched" dev="proc" ino=4026532021 scontext=u:r:network_stack:s0 tcontext=u:object_r:proc_net:s0 tclass=file
09-10 10:06:37.114   562   596 I am_wtf  : [0,562,system_server,-1,Binder,Outgoing transactions from this process must be FLAG_ONEWAY]
09-10 10:06:37.090  1020  1020 I auditd  : type=1400 audit(0.0:24): avc:  granted  { getattr } for  comm="NetworkMonitor/" path="/proc/1020/net/psched" dev="proc" ino=4026532021 scontext=u:r:network_stack:s0 tcontext=u:object_r:proc_net:s0 tclass=file
09-10 10:06:37.147   562   847 I netstats_mobile_sample: [5942,1801,18,16,5942,1801,18,16,1789034797291]
09-10 10:06:37.147   562   847 I netstats_wifi_sample: [4932,10002,28,58,6590,6206,33,41,1789034797291]
09-10 10:06:37.221   562   836 I netstats_mobile_sample: [5982,1865,19,17,5942,1801,18,16,1789034797365]
09-10 10:06:37.221   562   836 I netstats_wifi_sample: [4932,10002,28,58,6590,6206,33,41,1789034797365]
09-10 10:06:37.311   562   663 I commit_sys_config_file: [settings-2-0,20]
09-10 10:06:37.324   562   663 I commit_sys_config_file: [settings-1-0,13]
09-10 10:06:37.499   562   847 I netstats_mobile_sample: [20904,5237,43,39,21445,4883,46,37,1789034797643]
09-10 10:06:37.499   562   847 I netstats_wifi_sample: [11832,11784,45,74,14235,7498,53,55,1789034797643]
09-10 10:06:38.309   562   663 I commit_sys_config_file: [settings-2-0,1]
09-10 10:06:38.999   562   664 I am_freeze: [1478,com.android.music]
09-10 10:06:39.010   562   664 I am_compact: [1478,com.android.music,ANON,103892,52352,50900,0,-3072,0,-3072,3072,11,SOME,0,999,19,20,-2680]
09-10 10:06:39.324   562   663 I commit_sys_config_file: [settings-2-0,2]
09-10 10:06:40.324   562   663 I commit_sys_config_file: [settings-2-0,2]
09-10 10:06:41.293   562   664 I am_freeze: [1482,com.android.sdksetup]
09-10 10:06:41.307   562   664 I am_compact: [1482,com.android.sdksetup,ANON,117588,64512,52308,0,-4864,0,-4864,4992,14,SOME,0,985,19,2700,-1184]
09-10 10:06:41.339   562   663 I commit_sys_config_file: [settings-2-0,2]
09-10 10:06:41.360   562   664 I am_freeze: [1457,com.android.printspooler]
09-10 10:06:41.371   562   664 I am_compact: [1457,com.android.printspooler,ANON,106196,54144,51412,0,-3456,0,-3456,3328,10,SOME,0,999,19,3884,-860]
09-10 10:06:41.901   562   840 I service_manager_stats: [190,237,6009]
09-10 10:06:42.483   562   663 I commit_sys_config_file: [settings-2-0,1]
09-10 10:06:42.545   562   618 I commit_sys_config_file: [package-user-0,4]
09-10 10:06:43.498   562   663 I commit_sys_config_file: [settings-2-0,2]
09-10 10:06:43.858   562   664 I am_freeze: [1302,com.android.cellbroadcastreceiver]
09-10 10:06:43.868   562   664 I am_compact: [1302,com.android.cellbroadcastreceiver,ANON,104880,52992,51248,0,-3328,0,-3328,3328,10,SOME,0,945,19,4744,-1016]
09-10 10:06:44.884   562   663 I commit_sys_config_file: [settings-0-0,2]
09-10 10:06:45.212   562   676 I input_interaction: Interaction with: 33f3d9a com.android.launcher3/com.android.launcher3.uioverrides.QuickstepLauncher (server), PointerEventDispatcher0 (server), 
09-10 10:06:45.232   929   972 I jank_cuj_events_end_request: [55,1789034805232208000,38510970642,38510970732]
09-10 10:06:45.361   562   664 I am_freeze: [1762,com.android.carrierconfig]
09-10 10:06:45.386   562   664 I am_compact: [1762,com.android.carrierconfig,ANON,105940,53888,51412,0,-3456,0,-3456,3456,25,SOME,0,905,19,5760,-1112]
09-10 10:06:45.472   562   663 I commit_sys_config_file: [settings-0-0,2]
09-10 10:06:45.705   562   664 I am_freeze: [1641,com.android.externalstorage]
09-10 10:06:45.716   562   664 I am_compact: [1641,com.android.externalstorage,ANON,106820,55040,51140,0,-3328,0,-3328,3328,11,SOME,0,905,19,6872,-852]
09-10 10:06:45.877   562   664 I am_freeze: [1737,com.android.quicksearchbox]
09-10 10:06:45.888   562   664 I am_compact: [1737,com.android.quicksearchbox,ANON,104916,52992,51284,0,-3456,0,-3456,3456,11,SOME,0,905,19,7724,-1216]
09-10 10:06:46.561   562   586 I wm_new_intent: [0,54953891,7,com.android.launcher3/.uioverrides.QuickstepLauncher,android.intent.action.MAIN,NULL,NULL,268435712]
09-10 10:06:46.561   562   586 I wm_task_moved: [1,1,0,1,1]
09-10 10:06:46.561   562   586 I wm_set_keyguard_occluded: [0,0,0,setOccluded]
09-10 10:06:46.562  1204  1204 I wm_on_top_resumed_lost_called: [54953891,com.android.launcher3.uioverrides.QuickstepLauncher,pausing]
09-10 10:06:46.562   929   929 I sysui_keyguard: [0,0]
09-10 10:06:46.563  1204  1204 I wm_on_paused_called: [54953891,com.android.launcher3.uioverrides.QuickstepLauncher,performPause,0]
09-10 10:06:46.563   929   972 I jank_cuj_events_cancel_request: [23,1789034806562840000,39841603344,39841603474]
09-10 10:06:46.564  1204  1204 I wm_on_resume_called: [54953891,com.android.launcher3.uioverrides.QuickstepLauncher,LIFECYCLER_RESUME_ACTIVITY,0]
09-10 10:06:46.564  1204  1204 I wm_on_top_resumed_gained_called: [54953891,com.android.launcher3.uioverrides.QuickstepLauncher,topWhenResuming]
09-10 10:06:46.565   929   972 I jank_cuj_events_end_request: [55,1789034806565512000,39844274761,39844274822]
09-10 10:06:46.569   562   664 I am_unfreeze: [1641,com.android.externalstorage,1]
09-10 10:06:46.968   562   663 I commit_sys_config_file: [settings-2-0,1]
09-10 10:06:46.971   562   664 I am_freeze: [2305,com.android.carrierdefaultapp]
09-10 10:06:46.982   562   664 I am_compact: [2305,com.android.carrierdefaultapp,ANON,105556,53504,51412,0,-3456,0,-3456,3456,11,SOME,0,935,19,8940,-1212]
09-10 10:06:47.405   562   620 I commit_sys_config_file: [package,12]
09-10 10:06:47.408   562   618 I commit_sys_config_file: [package-user-0,3]
09-10 10:06:48.327   562   663 I commit_sys_config_file: [settings-2-0,2]
09-10 10:06:49.328   562   663 I commit_sys_config_file: [settings-2-0,2]
09-10 10:06:50.342   562   663 I commit_sys_config_file: [settings-2-0,2]
09-10 10:06:51.347   562   663 I commit_sys_config_file: [settings-2-0,2]
09-10 10:06:52.361   562   663 I commit_sys_config_file: [settings-2-0,2]
09-10 10:06:53.034   562   562 I auditd  : type=1400 audit(0.0:25): avc:  denied  { getopt } for  comm="binder:562_14" scontext=u:r:system_server:s0 tcontext=u:r:shell:s0 tclass=unix_stream_socket permissive=0
09-10 10:06:53.034   562   562 I auditd  : type=1400 audit(0.0:26): avc:  denied  { getopt } for  comm="binder:562_14" scontext=u:r:system_server:s0 tcontext=u:r:shell:s0 tclass=unix_stream_socket permissive=0
09-10 10:06:53.034   562   562 I auditd  : type=1400 audit(0.0:27): avc:  denied  { getopt } for  comm="binder:562_14" scontext=u:r:system_server:s0 tcontext=u:r:shell:s0 tclass=unix_stream_socket permissive=0
09-10 10:06:53.051   562   587 I commit_sys_config_file: [package-session,7]
09-10 10:06:53.055   562   587 I commit_sys_config_file: [package-session,4]
09-10 10:06:53.794   562   562 I auditd  : type=1400 audit(0.0:28): avc:  denied  { getopt } for  comm="binder:562_14" scontext=u:r:system_server:s0 tcontext=u:r:shell:s0 tclass=unix_stream_socket permissive=0
09-10 10:06:53.805   562   596 I am_wtf  : [0,2760,system_server,-1,SystemServiceRegistry,No service published for: persistent_data_block]
09-10 10:06:53.806   562   596 I am_wtf  : [0,2760,system_server,-1,SystemServiceRegistry,Manager wrapper not available: persistent_data_block]
09-10 10:06:53.808   562   633 I commit_sys_config_file: [package-session,3]
09-10 10:06:54.582   562   587 I commit_sys_config_file: [package-session,3]
09-10 10:06:54.598   562   620 I commit_sys_config_file: [package,10]
09-10 10:06:54.602   562   618 I commit_sys_config_file: [package-user-0,5]
09-10 10:06:54.606   562   620 I backup_transport_lifecycle: [com.android.localtransport/.LocalTransportService,1]
09-10 10:06:54.607   562   562 I backup_transport_connection: [com.android.localtransport/.LocalTransportService,1]
09-10 10:06:54.608   562   620 I backup_transport_lifecycle: [com.android.localtransport/.LocalTransportService,0]
09-10 10:06:54.608   562   620 I backup_transport_connection: [com.android.localtransport/.LocalTransportService,0]
09-10 10:06:54.611   562   620 I unknown_sources_enabled: 1
09-10 10:06:54.619   562   587 I commit_sys_config_file: [package-session,6]
09-10 10:06:54.623   562   633 I commit_sys_config_file: [package-session,9]
09-10 10:06:54.610   562   562 I auditd  : type=1400 audit(0.0:29): avc:  denied  { getopt } for  comm="binder:562_14" scontext=u:r:system_server:s0 tcontext=u:r:shell:s0 tclass=unix_stream_socket permissive=0
09-10 10:06:54.625   562   562 I notification_cancel_all: [1000,562,dev.partydeck.godot.compare,0,0,0,5,NULL]
09-10 10:06:54.637   562   642 I commit_sys_config_file: [overlays,7]
09-10 10:06:54.610   562   562 I auditd  : type=1400 audit(0.0:30): avc:  denied  { getopt } for  comm="binder:562_14" scontext=u:r:system_server:s0 tcontext=u:r:shell:s0 tclass=unix_stream_socket permissive=0
09-10 10:06:54.610   562   562 I auditd  : type=1400 audit(0.0:31): avc:  denied  { getopt } for  comm="binder:562_14" scontext=u:r:system_server:s0 tcontext=u:r:shell:s0 tclass=unix_stream_socket permissive=0
09-10 10:06:54.652   562  2015 I am_clear_app_data_caller: [2775,2000,dev.partydeck.godot.compare]
09-10 10:06:54.653   562  2015 I pm_clear_app_data_caller: [562,1000,dev.partydeck.godot.compare]
09-10 10:06:54.656   562   620 I installer_clear_app_data_caller: [562,1000,dev.partydeck.godot.compare,7]
09-10 10:06:54.656   562   620 I installer_clear_app_data_call_stack: [clearAppData,com.android.server.pm.Installer,Installer.java,427]
09-10 10:06:54.656   562   620 I installer_clear_app_data_call_stack: [clearAppDataLeafLIF,com.android.server.pm.AppDataHelper,AppDataHelper.java,572]
09-10 10:06:54.656   562   620 I installer_clear_app_data_call_stack: [clearAppDataLIF,com.android.server.pm.AppDataHelper,AppDataHelper.java,557]
09-10 10:06:54.656   562   620 I installer_clear_app_data_call_stack: [clearApplicationUserDataLIF,com.android.server.pm.PackageManagerService,PackageManagerService.java,3433]
09-10 10:06:54.656   562   620 I installer_clear_app_data_call_stack: [-$$Nest$mclearApplicationUserDataLIF,com.android.server.pm.PackageManagerService,PackageManagerService.java,0]
09-10 10:06:54.656   562   620 I installer_clear_app_data_call_stack: [run,com.android.server.pm.PackageManagerService$IPackageManagerImpl$1,PackageManagerService.java,4787]
09-10 10:06:54.656   562   620 I installer_clear_app_data_call_stack: [handleCallback,android.os.Handler,Handler.java,959]
09-10 10:06:54.656   562   620 I installer_clear_app_data_call_stack: [dispatchMessage,android.os.Handler,Handler.java,100]
09-10 10:06:54.656   562   620 I installer_clear_app_data_call_stack: [loopOnce,android.os.Looper,Looper.java,232]
09-10 10:06:54.656   562   620 I installer_clear_app_data_call_stack: [loop,android.os.Looper,Looper.java,317]
09-10 10:06:54.656   562   620 I installer_clear_app_data_call_stack: [run,android.os.HandlerThread,HandlerThread.java,85]
09-10 10:06:54.656   562   620 I installer_clear_app_data_call_stack: [run,com.android.server.ServiceThread,ServiceThread.java,46]
09-10 10:06:54.663  1098  1098 I service_manager_stats: [143,293,22126]
09-10 10:06:54.663   562   562 I notification_cancel_all: [1000,562,dev.partydeck.godot.compare,0,0,0,21,NULL]
09-10 10:06:54.675   562   656 I dvm_lock_sample: [system_server,0,appscheduling.default,5,ActivityManagerService.java,18728,void com.android.server.am.ActivityManagerService$LocalService.updateDeviceIdleTempAllowlist(int[], int, boolean, long, int, int, java.lang.String, int),BroadcastQueueModernImpl.java,450,void com.android.server.am.BroadcastQueueModernImpl.updateRunningList(),1]
09-10 10:06:54.681   562   878 I commit_sys_config_file: [session_index,12]
09-10 10:06:54.683   562   857 I storage_state: [41217664-9172-527a-b3d5-edabb50a7d69,0,0,5475987456,6228115456]
09-10 10:06:54.691   562   562 I notification_cancel_all: [1000,562,dev.partydeck.godot.compare,0,0,0,5,NULL]
09-10 10:06:54.697   562   878 I commit_sys_config_file: [blobs_index,16]
09-10 10:06:54.841   562   663 I commit_sys_config_file: [settings-2-0,2]
09-10 10:06:54.906   562   587 I commit_sys_config_file: [notification-policy,2]
09-10 10:06:55.841   562  1629 I wm_task_created: 8
09-10 10:06:55.842   562  1629 I wm_task_moved: [8,8,0,1,2]
09-10 10:06:55.842   562  1629 I wm_task_to_front: [0,8,0]
09-10 10:06:55.842   562  1629 I wm_create_task: [0,8,8,0]
09-10 10:06:55.842   562  1629 I wm_create_activity: [0,180891068,8,dev.partydeck.godot.compare/.ComparisonActivity,NULL,NULL,NULL,268435456]
09-10 10:06:55.842   562  1629 I wm_task_moved: [8,8,0,1,2]
09-10 10:06:55.843   562  1629 I wm_pause_activity: [0,54953891,com.android.launcher3/.uioverrides.QuickstepLauncher,userLeaving=true,pauseBackTasks]
09-10 10:06:55.844  1204  1204 I wm_on_top_resumed_lost_called: [54953891,com.android.launcher3.uioverrides.QuickstepLauncher,topStateChangedWhenResumed]
09-10 10:06:55.844   562   588 I am_uid_running: 10148
09-10 10:06:55.845  1204  1204 I wm_on_paused_called: [54953891,com.android.launcher3.uioverrides.QuickstepLauncher,performPause,1]
09-10 10:06:55.847   562  1005 I wm_add_to_stopping: [0,54953891,com.android.launcher3/.uioverrides.QuickstepLauncher,makeInvisible]
09-10 10:06:55.847   562   585 I sysui_multi_action: [757,803,799,window_time_0,802,27]
09-10 10:06:55.864   562   597 I am_proc_start: [0,2818,10148,dev.partydeck.godot.compare,next-top-activity,{dev.partydeck.godot.compare/dev.partydeck.godot.compare.ComparisonActivity}]
09-10 10:06:55.920   929  1007 I viewroot_draw_event: [VRI[compare],reportDrawFinished seqId=0]
09-10 10:06:55.931   562   676 I input_focus: [Focus leaving 33f3d9a com.android.launcher3/com.android.launcher3.uioverrides.QuickstepLauncher (server),reason=NO_WINDOW]
09-10 10:06:56.049   562  1005 I am_proc_bound: [0,2818,dev.partydeck.godot.compare]
09-10 10:06:56.052   562  1005 I am_uid_active: 10148
09-10 10:06:56.086  1204  1204 I viewroot_draw_event: [VRI[QuickstepLauncher],Not drawing due to not visible. Reason=!mAppVisible && !mForceDecorViewVisibility]
09-10 10:06:56.099   562   589 I wm_wallpaper_surface: [0,0,null]
09-10 10:06:56.240   562  1005 I wm_restart_activity: [0,180891068,8,dev.partydeck.godot.compare/.ComparisonActivity]
09-10 10:06:56.241   562  1005 I wm_set_resumed_activity: [0,dev.partydeck.godot.compare/.ComparisonActivity,realStartActivityLocked - onActivityStateChanged]
09-10 10:06:56.296  2818  2818 I wm_on_create_called: [180891068,dev.partydeck.godot.compare.ComparisonActivity,performCreate,43]
09-10 10:06:56.297  2818  2818 I wm_on_start_called: [180891068,dev.partydeck.godot.compare.ComparisonActivity,handleStartActivity,0]
09-10 10:06:56.298  2818  2818 I wm_on_resume_called: [180891068,dev.partydeck.godot.compare.ComparisonActivity,RESUME_ACTIVITY,0]
09-10 10:06:56.306  2818  2818 I wm_on_top_resumed_gained_called: [180891068,dev.partydeck.godot.compare.ComparisonActivity,topStateChangedWhenResumed]
09-10 10:06:56.335   562   589 I input_focus: [Focus request 3ab6349 dev.partydeck.godot.compare/dev.partydeck.godot.compare.ComparisonActivity,reason=UpdateInputWindows]
09-10 10:06:56.505  2818  2818 I viewroot_draw_event: [VRI[ComparisonActivity],reportDrawFinished seqId=0]
09-10 10:06:56.512   562   585 I sysui_multi_action: [319,85,321,83,322,673,325,49,757,761,758,7,759,1,806,dev.partydeck.godot.compare,871,dev.partydeck.godot.compare.ComparisonActivity,904,com.android.shell,905,0,945,212,1320,12,1321,1]
09-10 10:06:56.513   562   585 I wm_activity_launch_time: [0,180891068,dev.partydeck.godot.compare/.ComparisonActivity,673]
09-10 10:06:56.521   929   972 I jank_cuj_events_begin_request: [39,1789034816518670000,49797433461,49797433581,]
09-10 10:06:56.527   562  1629 I wm_stop_activity: [0,54953891,com.android.launcher3/.uioverrides.QuickstepLauncher]
09-10 10:06:56.539  1204  1204 I wm_on_stop_called: [54953891,com.android.launcher3.uioverrides.QuickstepLauncher,STOP_ACTIVITY_ITEM,8]
09-10 10:06:56.577   929   972 I jank_cuj_events_end_request: [39,1789034816569064000,49847827902,49847828012]
09-10 10:06:56.577   562   676 I input_focus: [Focus entering 3ab6349 dev.partydeck.godot.compare/dev.partydeck.godot.compare.ComparisonActivity (server),reason=Window became focusable. Previous reason: NOT_VISIBLE]
09-10 10:06:56.585   929  1007 I viewroot_draw_event: [VRI[compare],Not drawing due to not visible. Reason=View.GONE]
09-10 10:06:56.650   562   664 I am_freeze: [1641,com.android.externalstorage]
09-10 10:06:57.140   562   663 I commit_sys_config_file: [settings-2-0,2]
09-10 10:06:58.221   562   663 I commit_sys_config_file: [settings-2-0,9]
09-10 10:06:59.271   562   663 I commit_sys_config_file: [settings-2-0,2]
09-10 10:07:00.282   562   663 I commit_sys_config_file: [settings-2-0,1]
09-10 10:07:00.926   562   676 I input_interaction: Interaction with: 3ab6349 dev.partydeck.godot.compare/dev.partydeck.godot.compare.ComparisonActivity (server), PointerEventDispatcher0 (server), 
09-10 10:07:01.205   562   664 I am_freeze: [1853,com.android.traceur]
09-10 10:07:01.232   562   664 I am_compact: [1853,com.android.traceur,ANON,108056,56192,51224,0,-3584,0,-3584,3584,26,SOME,0,999,19,10152,-1012]
09-10 10:07:01.253   562   664 I am_freeze: [1276,com.android.cellbroadcastreceiver.module]
09-10 10:07:01.292   562   664 I am_compact: [1276,com.android.cellbroadcastreceiver.module,ANON,130664,76416,53608,0,-8576,-2560,-6016,6016,39,SOME,0,935,19,11164,-1892]
09-10 10:07:01.333   562   664 I am_freeze: [1577,com.android.managedprovisioning]
09-10 10:07:01.346   562   664 I am_compact: [1577,com.android.managedprovisioning,ANON,110688,58240,51808,0,-4096,0,-4096,4096,13,SOME,0,999,19,13056,-1460]
09-10 10:07:01.461   562   663 I commit_sys_config_file: [settings-2-0,2]
09-10 10:07:01.477   562   664 I am_freeze: [1874,com.android.calendar]
09-10 10:07:01.489   562   664 I am_compact: [1874,com.android.calendar,ANON,110144,57984,51520,0,-3840,0,-3840,3840,11,SOME,0,999,19,14516,-1156]
09-10 10:07:01.617   562   664 I am_freeze: [1684,com.android.providers.calendar]
09-10 10:07:01.630   562   664 I am_compact: [1684,com.android.providers.calendar,ANON,114004,61312,52052,0,-4352,0,-4352,4352,12,SOME,0,955,19,15672,-1208]
09-10 10:07:01.697   562   664 I am_freeze: [1917,.adservices]
09-10 10:07:01.708   562   664 I am_compact: [1917,.adservices,ANON,110420,58368,51412,0,-4352,-768,-3584,3584,10,SOME,0,999,19,16880,-1076]
09-10 10:07:01.759   562   664 I am_freeze: [1826,com.android.statementservice]
09-10 10:07:01.776   562   664 I am_compact: [1826,com.android.statementservice,ANON,121132,67072,53292,0,-6272,0,-6272,6272,17,SOME,0,925,19,17956,-2088]
09-10 10:07:02.482   562   663 I commit_sys_config_file: [settings-2-0,2]
09-10 10:07:02.570   562   664 I am_freeze: [1944,com.android.camera2]
09-10 10:07:02.582   562   664 I am_compact: [1944,com.android.camera2,ANON,108036,56320,51076,0,-3328,0,-3328,3456,11,SOME,0,999,19,20044,-1088]
09-10 10:07:02.929   562   664 I am_freeze: [2051,com.android.imsserviceentitlement]
09-10 10:07:02.941   562   664 I am_compact: [2051,com.android.imsserviceentitlement,ANON,108372,55936,51796,0,-3968,0,-3968,3968,12,SOME,0,935,19,21132,-1404]
09-10 10:07:03.135   562   664 I am_freeze: [1100,com.android.settings]
09-10 10:07:03.136   562   664 I am_freeze: [2156,com.android.dynsystem:dynsystem]
09-10 10:07:03.136   562   664 I am_freeze: [2109,com.android.dynsystem]
09-10 10:07:03.136   562   664 I am_freeze: [1542,com.android.keychain]
09-10 10:07:03.160   562   664 I am_compact: [1100,com.android.settings,ANON,161848,104108,56844,0,-9856,0,-9856,9856,24,SOME,0,925,19,22536,-3564]
09-10 10:07:03.170   562   664 I am_compact: [2156,com.android.dynsystem:dynsystem,ANON,104400,52736,51024,0,-3200,0,-3200,3200,10,SOME,0,985,19,26100,-996]
09-10 10:07:03.180   562   664 I am_compact: [2109,com.android.dynsystem,ANON,103904,52224,51040,0,-3072,0,-3072,3200,10,SOME,0,995,19,27096,-848]
09-10 10:07:03.190   562   664 I am_compact: [1542,com.android.keychain,ANON,105876,54272,50964,0,-3328,0,-3328,3328,10,SOME,0,999,19,27944,-1164]
09-10 10:07:03.247   562   664 I am_freeze: [2145,com.android.federatedcompute.services]
09-10 10:07:03.259   562   664 I am_compact: [2145,com.android.federatedcompute.services,ANON,104020,52224,51156,0,-3712,-512,-3200,3200,12,SOME,0,995,19,29108,-896]
09-10 10:07:03.477   562   663 I commit_sys_config_file: [settings-2-0,2]
09-10 10:07:04.079   562   664 I am_freeze: [2198,com.android.messaging]
09-10 10:07:04.098   562   664 I am_compact: [2198,com.android.messaging,ANON,123612,68164,54680,0,-7552,0,-7552,7552,19,SOME,0,945,19,30004,-2636]
09-10 10:07:04.384   562   664 I am_freeze: [2243,com.android.ondevicepersonalization.services]
09-10 10:07:04.395   562   664 I am_compact: [2243,com.android.ondevicepersonalization.services,ANON,105312,53632,51040,0,-4736,-1280,-3456,3328,10,SOME,0,975,19,32640,-912]
09-10 10:07:04.488   562   663 I commit_sys_config_file: [settings-2-0,1]
09-10 10:07:04.610   562   664 I am_freeze: [1902,com.android.localtransport]
09-10 10:07:04.620   562   664 I am_compact: [1902,com.android.localtransport,ANON,105732,54016,51076,0,-3328,0,-3328,3328,10,SOME,0,915,19,33552,-1180]
09-10 10:07:04.642   562   956 I commit_sys_config_file: [appops_accesses,1]
09-10 10:07:04.651   562   664 I am_freeze: [2260,com.android.packageinstaller]
09-10 10:07:04.662   562   664 I am_compact: [2260,com.android.packageinstaller,ANON,106428,54656,51132,0,-3456,0,-3456,3456,10,SOME,0,905,19,34732,-1196]
09-10 10:07:04.675   562   664 I am_freeze: [2273,com.android.rkpdapp]
09-10 10:07:04.695   562   664 I am_compact: [2273,com.android.rkpdapp,ANON,122780,67328,54812,0,-8960,-1024,-7936,8064,20,SOME,0,915,19,35928,-2580]
09-10 10:07:04.696   562   664 I am_freeze: [1476,com.android.documentsui]
09-10 10:07:04.716   562   664 I am_compact: [1476,com.android.documentsui,ANON,126960,71192,55128,0,-7680,0,-7680,7808,20,SOME,0,905,19,38508,-2508]
09-10 10:07:04.800   562   664 I am_freeze: [2289,com.android.shell]
09-10 10:07:04.810   562   664 I am_compact: [2289,com.android.shell,ANON,104040,52352,51048,0,-3072,0,-3072,3200,10,SOME,0,965,19,41016,-888]
09-10 10:07:05.473   562   663 I commit_sys_config_file: [settings-2-0,1]
09-10 10:07:05.851   562   618 I commit_sys_config_file: [package-user-0,3]
09-10 10:07:06.486   562   663 I commit_sys_config_file: [settings-2-0,2]
09-10 10:07:06.723   562   664 I am_unfreeze: [1100,com.android.settings,3]
09-10 10:07:07.278   562  2013 I service_manager_stats: [100,22,25377]
09-10 10:07:07.474   562   663 I commit_sys_config_file: [settings-2-0,1]
09-10 10:07:08.488   562   663 I commit_sys_config_file: [settings-2-0,2]
09-10 10:07:09.688   562   663 I commit_sys_config_file: [settings-2-0,2]
09-10 10:07:10.702   562   663 I commit_sys_config_file: [settings-2-0,2]
09-10 10:07:11.691   562   663 I commit_sys_config_file: [settings-2-0,1]
09-10 10:07:12.704   562   663 I commit_sys_config_file: [settings-2-0,2]
09-10 10:07:14.748   562   664 I am_freeze: [932,com.android.permissioncontroller]
09-10 10:07:14.776   562   664 I am_compact: [932,com.android.permissioncontroller,ANON,137384,80672,55688,0,-14464,-6016,-8448,8448,27,SOME,0,905,19,41876,-2456]
09-10 10:07:15.195   562   663 I commit_sys_config_file: [settings-2-0,1]
09-10 10:07:16.208   562   663 I commit_sys_config_file: [settings-2-0,2]
09-10 10:07:16.738   562   664 I am_freeze: [1100,com.android.settings]
09-10 10:07:16.876   562   637 I wm_task_moved: [8,8,0,1,2]
09-10 10:07:16.876   562   637 I wm_create_activity: [0,255340742,8,dev.partydeck.godot.compare/.GodotGameActivity,NULL,NULL,NULL,0]
09-10 10:07:16.878   562   637 I wm_pause_activity: [0,180891068,dev.partydeck.godot.compare/.ComparisonActivity,userLeaving=true,resumeTopActivity]
09-10 10:07:16.897   562   597 I am_proc_start: [0,3051,10148,dev.partydeck.godot.compare:godot,next-top-activity,{dev.partydeck.godot.compare/dev.partydeck.godot.compare.GodotGameActivity}]
09-10 10:07:16.947   929  1007 I viewroot_draw_event: [VRI[compare],reportDrawFinished seqId=0]
09-10 10:07:16.993   562  1005 I am_proc_bound: [0,3051,dev.partydeck.godot.compare:godot]
09-10 10:07:17.035  2818  2818 I wm_on_top_resumed_lost_called: [180891068,dev.partydeck.godot.compare.ComparisonActivity,topStateChangedWhenResumed]
09-10 10:07:17.036  2818  2818 I wm_on_paused_called: [180891068,dev.partydeck.godot.compare.ComparisonActivity,performPause,0]
09-10 10:07:17.037   562  1005 I wm_add_to_stopping: [0,180891068,dev.partydeck.godot.compare/.ComparisonActivity,makeInvisible]
09-10 10:07:17.037   562  1005 I wm_restart_activity: [0,255340742,8,dev.partydeck.godot.compare/.GodotGameActivity]
09-10 10:07:17.043   562  1005 I wm_set_resumed_activity: [0,dev.partydeck.godot.compare/.GodotGameActivity,realStartActivityLocked - onActivityStateChanged]
09-10 10:07:17.047   562   585 I sysui_multi_action: [757,803,799,window_time_0,802,21]
09-10 10:07:17.098   562   589 I input_focus: [Requesting to set focus to null window,reason=UpdateInputWindows]
09-10 10:07:17.170   562   676 I input_focus: [Focus leaving 3ab6349 dev.partydeck.godot.compare/dev.partydeck.godot.compare.ComparisonActivity (server),reason=NO_WINDOW]
09-10 10:07:17.541   562   663 I commit_sys_config_file: [settings-2-0,20]
09-10 10:07:17.755  2818  2818 I viewroot_draw_event: [VRI[ComparisonActivity],Not drawing due to not visible. Reason=!mAppVisible && !mForceDecorViewVisibility]
09-10 10:07:17.927  3051  3051 I wm_on_create_called: [255340742,dev.partydeck.godot.compare.GodotGameActivity,performCreate,437]
09-10 10:07:17.935  3051  3051 I wm_on_start_called: [255340742,dev.partydeck.godot.compare.GodotGameActivity,handleStartActivity,6]
09-10 10:07:17.938  3051  3051 I wm_on_resume_called: [255340742,dev.partydeck.godot.compare.GodotGameActivity,RESUME_ACTIVITY,2]
09-10 10:07:17.947  3051  3051 I wm_on_top_resumed_gained_called: [255340742,dev.partydeck.godot.compare.GodotGameActivity,topStateChangedWhenResumed]
09-10 10:07:17.977   562   589 I input_focus: [Focus request 6276580 dev.partydeck.godot.compare/dev.partydeck.godot.compare.GodotGameActivity,reason=UpdateInputWindows]
09-10 10:07:18.033   562   663 I commit_sys_config_file: [settings-3-0,9]
09-10 10:07:18.147   562   637 I wm_set_requested_orientation: [13,dev.partydeck.godot.compare/.GodotGameActivity]
09-10 10:07:18.210   562   637 I wm_stop_activity: [0,180891068,dev.partydeck.godot.compare/.ComparisonActivity]
09-10 10:07:18.251  2818  2818 I wm_on_stop_called: [180891068,dev.partydeck.godot.compare.ComparisonActivity,STOP_ACTIVITY_ITEM,0]
09-10 10:07:19.059  3051  3091 I viewroot_draw_event: [VRI[GodotGameActivity],reportDrawFinished seqId=0]
09-10 10:07:19.070   929   972 I jank_cuj_events_begin_request: [39,1789034839070489000,72349252385,72349252485,]
09-10 10:07:19.074   562   585 I sysui_multi_action: [319,177,321,77,322,2198,325,70,757,761,758,7,759,2,806,dev.partydeck.godot.compare,871,dev.partydeck.godot.compare.GodotGameActivity,904,dev.partydeck.godot.compare,905,0,945,125,1320,12,1321,1]
09-10 10:07:19.074   562   585 I wm_activity_launch_time: [0,255340742,dev.partydeck.godot.compare/.GodotGameActivity,2198]
09-10 10:07:19.087   929   972 I jank_cuj_events_end_request: [39,1789034839087134000,72365896897,72365896977]
09-10 10:07:19.089   929  1007 I viewroot_draw_event: [VRI[compare],Not drawing due to not visible. Reason=View.GONE]
09-10 10:07:19.124   562   676 I input_focus: [Focus entering 6276580 dev.partydeck.godot.compare/dev.partydeck.godot.compare.GodotGameActivity (server),reason=Window became focusable. Previous reason: NOT_VISIBLE]
09-10 10:07:19.211   562   663 I commit_sys_config_file: [settings-2-0,7]
09-10 10:07:20.282   562   663 I commit_sys_config_file: [settings-2-0,2]
09-10 10:07:21.560   562   663 I commit_sys_config_file: [settings-2-0,1]
09-10 10:07:22.808   562   663 I commit_sys_config_file: [settings-2-0,3]
09-10 10:07:24.475   562   663 I commit_sys_config_file: [settings-2-0,2]
09-10 10:07:25.486   562   664 I am_unfreeze: [932,com.android.permissioncontroller,6]
09-10 10:07:25.490   562   663 I commit_sys_config_file: [settings-2-0,5]
09-10 10:07:26.499   562   663 I commit_sys_config_file: [settings-2-0,2]
09-10 10:07:27.117   562   664 I am_freeze: [1610,android.process.acore]
09-10 10:07:27.118   562   664 I am_freeze: [1653,android.process.media]
09-10 10:07:27.118   562   664 I am_freeze: [1789,com.android.contacts]
09-10 10:07:27.146   562   664 I am_compact: [1610,android.process.acore,ANON,128196,71984,55572,0,-8576,0,-8576,8576,28,SOME,0,915,19,44176,-2120]
09-10 10:07:27.160   562   664 I am_compact: [1653,android.process.media,ANON,116196,63232,52324,0,-4992,0,-4992,4992,14,SOME,0,955,19,46296,-1436]
09-10 10:07:27.171   562   664 I am_compact: [1789,com.android.contacts,ANON,110996,58988,51368,0,-3584,0,-3584,3584,11,SOME,0,975,19,47732,-1132]
09-10 10:07:27.489   562   596 I am_uid_idle: 10070
09-10 10:07:28.989   562   596 I am_uid_idle: 10105
09-10 10:07:29.335   562   663 I commit_sys_config_file: [settings-2-0,2]
09-10 10:07:29.558   562   596 I am_uid_idle: 10064
09-10 10:07:30.308   562   596 I am_uid_idle: 10104
09-10 10:07:30.352   562   663 I commit_sys_config_file: [settings-2-0,1]
09-10 10:07:31.292   562   596 I am_uid_idle: 10116
09-10 10:07:31.341   562   596 I am_uid_idle: 10084
09-10 10:07:31.368   562   663 I commit_sys_config_file: [settings-2-0,2]
09-10 10:07:32.381   562   663 I commit_sys_config_file: [settings-2-0,2]
09-10 10:07:33.027   562   676 I input_interaction: Interaction with: 6276580 dev.partydeck.godot.compare/dev.partydeck.godot.compare.GodotGameActivity (server), PointerEventDispatcher0 (server), 
09-10 10:07:33.553   562   663 I commit_sys_config_file: [settings-2-0,2]
09-10 10:07:34.567   562   663 I commit_sys_config_file: [settings-2-0,2]
09-10 10:07:34.917   562   596 I am_uid_idle: 10086
09-10 10:07:35.357   562   596 I am_uid_idle: 10118
09-10 10:07:35.578   562   663 I commit_sys_config_file: [settings-2-0,1]
09-10 10:07:35.968   562   840 I service_manager_stats: [100,20,28690]
09-10 10:07:36.590   562   663 I commit_sys_config_file: [settings-2-0,2]
09-10 10:07:37.725   562   663 I commit_sys_config_file: [settings-2-0,3]
09-10 10:07:38.747   562   663 I commit_sys_config_file: [settings-2-0,1]
09-10 10:07:39.753   562   663 I commit_sys_config_file: [settings-2-0,1]
09-10 10:07:40.766   562   663 I commit_sys_config_file: [settings-2-0,1]
09-10 10:07:41.994   562   663 I commit_sys_config_file: [settings-2-0,1]
09-10 10:07:43.007   562   663 I commit_sys_config_file: [settings-2-0,1]
09-10 10:07:44.014   562   663 I commit_sys_config_file: [settings-2-0,2]
09-10 10:07:45.025   562   663 I commit_sys_config_file: [settings-2-0,1]
09-10 10:07:45.580   562   664 I am_freeze: [932,com.android.permissioncontroller]
09-10 10:07:45.597   562   664 I am_compact: [932,com.android.permissioncontroller,ANON,132004,78624,52356,3456,-9344,-3968,-5376,5248,16,FULL,68054,905,19,48664,-1100]
09-10 10:07:47.831   562   663 I commit_sys_config_file: [settings-2-0,1]
09-10 10:07:48.842   562   663 I commit_sys_config_file: [settings-2-0,1]
09-10 10:07:49.035   562   596 I am_uid_idle: 10062
09-10 10:07:49.849   562   663 I commit_sys_config_file: [settings-2-0,2]
09-10 10:07:50.309   562   596 I am_uid_idle: 10066
09-10 10:07:50.863   562   663 I commit_sys_config_file: [settings-2-0,2]
09-10 10:07:51.189   562   596 I am_uid_idle: 10097
09-10 10:07:51.250   562   596 I am_uid_idle: 10126
09-10 10:07:51.272   562   596 I am_uid_idle: 10101
09-10 10:07:51.334   562   596 I am_uid_idle: 10067
09-10 10:07:51.367   562   596 I am_uid_idle: 10074
09-10 10:07:51.476   562   596 I am_uid_idle: 10111
09-10 10:07:51.618   562   596 I am_uid_idle: 10079
09-10 10:07:51.758   562   596 I am_uid_idle: 10076
09-10 10:07:52.046   562   663 I commit_sys_config_file: [settings-2-0,2]
09-10 10:07:52.567   562   596 I am_uid_idle: 10108
09-10 10:07:52.926   562   596 I am_uid_idle: 10100
09-10 10:07:53.063   562   663 I commit_sys_config_file: [settings-2-0,2]
09-10 10:07:53.247   562   596 I am_uid_idle: 10140
09-10 10:07:54.067   562   663 I commit_sys_config_file: [settings-2-0,2]
09-10 10:07:54.076   562   596 I am_uid_idle: 10114
09-10 10:07:54.382   562   596 I am_uid_idle: 10139
09-10 10:07:54.504   562   596 I am_uid_idle: 10063
09-10 10:07:54.675   562   596 I am_uid_idle: 10146
09-10 10:07:54.800   562   596 I am_uid_idle: 2000
09-10 10:07:55.078   562   663 I commit_sys_config_file: [settings-2-0,1]
09-10 10:07:56.189   562   663 I commit_sys_config_file: [settings-2-0,2]
09-10 10:07:57.207   562   663 I commit_sys_config_file: [settings-2-0,2]
09-10 10:07:58.221   562   663 I commit_sys_config_file: [settings-2-0,1]
09-10 10:07:59.233   562   663 I commit_sys_config_file: [settings-2-0,1]
09-10 10:08:00.453   562   663 I commit_sys_config_file: [settings-2-0,2]
09-10 10:08:01.467   562   663 I commit_sys_config_file: [settings-2-0,2]
09-10 10:08:02.472   562   663 I commit_sys_config_file: [settings-2-0,1]
09-10 10:08:03.483   562   663 I commit_sys_config_file: [settings-2-0,2]
09-10 10:08:06.294   562   663 I commit_sys_config_file: [settings-2-0,2]
09-10 10:08:07.307   562   663 I commit_sys_config_file: [settings-2-0,2]
09-10 10:08:08.311   562   663 I commit_sys_config_file: [settings-2-0,1]
09-10 10:08:09.321   562   663 I commit_sys_config_file: [settings-2-0,1]
09-10 10:08:10.489   562   663 I commit_sys_config_file: [settings-2-0,2]
09-10 10:08:11.511   562   663 I commit_sys_config_file: [settings-2-0,1]
09-10 10:08:12.520   562   663 I commit_sys_config_file: [settings-2-0,2]
09-10 10:08:13.532   562   663 I commit_sys_config_file: [settings-2-0,2]
09-10 10:08:14.687   562   663 I commit_sys_config_file: [settings-2-0,4]
09-10 10:08:15.702   562   663 I commit_sys_config_file: [settings-2-0,1]
09-10 10:08:16.709   562   663 I commit_sys_config_file: [settings-2-0,2]
09-10 10:08:17.721   562   663 I commit_sys_config_file: [settings-2-0,2]
09-10 10:08:18.035   562   840 I service_manager_stats: [100,22,42067]
09-10 10:08:18.902   562   663 I commit_sys_config_file: [settings-2-0,2]
09-10 10:08:19.449   562   664 I am_unfreeze: [1100,com.android.settings,10]
09-10 10:08:19.452   562   664 I am_unfreeze: [1902,com.android.localtransport,10]
09-10 10:08:19.452   562   664 I am_unfreeze: [2156,com.android.dynsystem:dynsystem,10]
09-10 10:08:19.452   562   664 I am_unfreeze: [2109,com.android.dynsystem,10]
09-10 10:08:19.452   562   664 I am_unfreeze: [1542,com.android.keychain,10]
09-10 10:08:19.919   562   663 I commit_sys_config_file: [settings-2-0,2]
09-10 10:08:20.921   562   663 I commit_sys_config_file: [settings-2-0,2]
09-10 10:08:21.934   562   663 I commit_sys_config_file: [settings-2-0,1]
09-10 10:08:24.770   562   663 I commit_sys_config_file: [settings-2-0,1]
09-10 10:08:25.783   562   663 I commit_sys_config_file: [settings-2-0,2]
09-10 10:08:26.790   562   663 I commit_sys_config_file: [settings-2-0,1]
09-10 10:08:27.802   562   663 I commit_sys_config_file: [settings-2-0,2]
09-10 10:08:29.023   562   663 I commit_sys_config_file: [settings-2-0,2]
09-10 10:08:30.035   562   663 I commit_sys_config_file: [settings-2-0,2]
09-10 10:08:31.038   562   663 I commit_sys_config_file: [settings-2-0,2]
09-10 10:08:32.051   562   663 I commit_sys_config_file: [settings-2-0,2]
09-10 10:08:32.983  3791  3791 I service_manager_slow: [10,window]
09-10 10:08:33.190   562   663 I commit_sys_config_file: [settings-2-0,2]
09-10 10:08:34.208   562   663 I commit_sys_config_file: [settings-2-0,1]
09-10 10:08:35.210   562   663 I commit_sys_config_file: [settings-2-0,1]
09-10 10:08:35.578   562   596 I am_uid_idle: 10129
09-10 10:08:36.221   562   663 I commit_sys_config_file: [settings-2-0,2]
09-10 10:08:37.363   562   663 I commit_sys_config_file: [settings-2-0,1]
09-10 10:08:38.382   562   663 I commit_sys_config_file: [settings-2-0,1]
09-10 10:08:39.388   562   663 I commit_sys_config_file: [settings-2-0,1]
09-10 10:08:39.504   562   664 I am_freeze: [1100,com.android.settings]
09-10 10:08:39.505   562   664 I am_freeze: [1902,com.android.localtransport]
09-10 10:08:39.505   562   664 I am_freeze: [2156,com.android.dynsystem:dynsystem]
09-10 10:08:39.505   562   664 I am_freeze: [2109,com.android.dynsystem]
09-10 10:08:39.506   562   664 I am_freeze: [1542,com.android.keychain]
09-10 10:08:40.400   562   663 I commit_sys_config_file: [settings-2-0,1]
09-10 10:08:41.407   562   663 I commit_sys_config_file: [settings-2-0,2]
09-10 10:08:42.419   562   663 I commit_sys_config_file: [settings-2-0,2]
09-10 10:08:43.671   562   663 I commit_sys_config_file: [settings-2-0,2]
09-10 10:08:44.691   562   663 I commit_sys_config_file: [settings-2-0,1]
09-10 10:08:45.699   562   663 I commit_sys_config_file: [settings-2-0,2]
09-10 10:08:46.718   562   663 I commit_sys_config_file: [settings-2-0,2]
09-10 10:08:47.873   562   663 I commit_sys_config_file: [settings-2-0,10]
09-10 10:08:48.885   562   663 I commit_sys_config_file: [settings-2-0,2]
09-10 10:08:49.893   562   663 I commit_sys_config_file: [settings-2-0,1]
09-10 10:08:50.905   562   663 I commit_sys_config_file: [settings-2-0,2]
09-10 10:08:52.077   562   663 I commit_sys_config_file: [settings-2-0,1]
09-10 10:08:53.095   562   663 I commit_sys_config_file: [settings-2-0,2]
09-10 10:08:53.765   929   972 I jank_cuj_events_end_request: [55,1789034933765603000,167044366251,167044366341]
09-10 10:08:53.765   562   586 I wm_task_moved: [1,1,0,1,2]
09-10 10:08:53.765   562   586 I wm_task_moved: [7,1,0,1,2147483647]
09-10 10:08:53.765   562   586 I wm_task_to_front: [0,7,0]
09-10 10:08:53.765   562   586 I wm_focused_root_task: [0,0,1,8,bringingFoundTaskToFront]
09-10 10:08:53.765   562   586 I wm_new_intent: [0,54953891,7,com.android.launcher3/.uioverrides.QuickstepLauncher,android.intent.action.MAIN,NULL,NULL,268435712]
09-10 10:08:53.766   562   586 I wm_pause_activity: [0,255340742,dev.partydeck.godot.compare/.GodotGameActivity,userLeaving=true,pauseBackTasks]
09-10 10:08:53.766   562   586 I wm_add_to_stopping: [0,255340742,dev.partydeck.godot.compare/.GodotGameActivity,makeInvisible]
09-10 10:08:53.766   562   585 I sysui_multi_action: [757,803,799,window_time_0,802,97]
09-10 10:08:53.767   562   586 I wm_set_resumed_activity: [0,com.android.launcher3/.uioverrides.QuickstepLauncher,resumeTopActivity - onActivityStateChanged]
09-10 10:08:53.768   562   586 I wm_resume_activity: [0,54953891,7,com.android.launcher3/.uioverrides.QuickstepLauncher]
09-10 10:08:53.770  1204  1204 I wm_on_restart_called: [54953891,com.android.launcher3.uioverrides.QuickstepLauncher,performRestart,0]
09-10 10:08:53.770   562   589 I input_focus: [Requesting to set focus to null window,reason=UpdateInputWindows]
09-10 10:08:53.770  3051  3051 I wm_on_top_resumed_lost_called: [255340742,dev.partydeck.godot.compare.GodotGameActivity,topStateChangedWhenResumed]
09-10 10:08:53.772  1204  1204 I wm_on_start_called: [54953891,com.android.launcher3.uioverrides.QuickstepLauncher,handleStartActivity,3]
09-10 10:08:53.774  1204  1204 I wm_on_resume_called: [54953891,com.android.launcher3.uioverrides.QuickstepLauncher,RESUME_ACTIVITY,2]
09-10 10:08:53.782  3051  3051 I wm_on_paused_called: [255340742,dev.partydeck.godot.compare.GodotGameActivity,performPause,8]
09-10 10:08:53.795   562   589 I input_focus: [Focus request 33f3d9a com.android.launcher3/com.android.launcher3.uioverrides.QuickstepLauncher,reason=UpdateInputWindows]
09-10 10:08:53.818  1204  1204 I viewroot_draw_event: [VRI[QuickstepLauncher],Start draw after previous draw not visible]
09-10 10:08:53.968   562   676 I input_focus: [Focus leaving 6276580 dev.partydeck.godot.compare/dev.partydeck.godot.compare.GodotGameActivity (server),reason=Waiting for window because NO_WINDOW]
09-10 10:08:54.121  1204  1204 I viewroot_draw_event: [VRI[QuickstepLauncher],reportDrawFinished seqId=0]
09-10 10:08:54.121  1204  1204 I wm_on_top_resumed_gained_called: [54953891,com.android.launcher3.uioverrides.QuickstepLauncher,topStateChangedWhenResumed]
09-10 10:08:54.173   562   585 I sysui_multi_action: [319,391,322,365,325,167,757,761,758,9,759,2,806,com.android.launcher3,871,com.android.launcher3.uioverrides.QuickstepLauncher,905,0,1320,4,1321,23]
09-10 10:08:54.302  1204  1224 I jank_cuj_events_end_request: [78,1789034934301186000,167579949628,167579949708]
09-10 10:08:54.302  1204  1224 I jank_cuj_events_begin_request: [78,1789034934301543000,167580306043,167580306174,]
09-10 10:08:54.587   562   676 I input_focus: [Focus entering 33f3d9a com.android.launcher3/com.android.launcher3.uioverrides.QuickstepLauncher (server),reason=Window became focusable. Previous reason: NOT_VISIBLE]
09-10 10:08:54.690   562  1005 I dvm_lock_sample: [system_server,0,binder:562_6,562,ActivityClientController.java,179,void com.android.server.wm.ActivityClientController.activityIdle(android.os.IBinder, android.content.res.Configuration, boolean),WindowSurfacePlacer.java,58,void com.android.server.wm.WindowSurfacePlacer$Traverser.run(),100]
09-10 10:08:54.692   562  1629 I dvm_lock_sample: [system_server,0,binder:562_11,564,WindowManagerService.java,4916,void com.android.server.wm.WindowManagerService.reportSystemGestureExclusionChanged(com.android.server.wm.Session, android.view.IWindow, java.util.List),WindowSurfacePlacer.java,58,void com.android.server.wm.WindowSurfacePlacer$Traverser.run(),100]
09-10 10:08:54.692   562   588 I dvm_lock_sample: [system_server,1,android.display,562,WindowManagerService.java,5826,void com.android.server.wm.WindowManagerService$H.handleMessage(android.os.Message),WindowSurfacePlacer.java,58,void com.android.server.wm.WindowSurfacePlacer$Traverser.run(),100]
09-10 10:08:54.692   562  2015 I dvm_lock_sample: [system_server,1,binder:562_15,548,ActivityTaskManagerService.java,5751,void com.android.server.wm.ActivityTaskManagerService.setRunningRemoteTransitionDelegate(android.app.IApplicationThread),WindowSurfacePlacer.java,58,void com.android.server.wm.WindowSurfacePlacer$Traverser.run(),100]
09-10 10:08:54.692   562  1023 I dvm_lock_sample: [system_server,0,binder:562_A,489,BLASTSyncEngine.java,237,void com.android.server.wm.BLASTSyncEngine$SyncGroup$1CommitCallback.onCommitted(android.view.SurfaceControl$Transaction),WindowSurfacePlacer.java,58,void com.android.server.wm.WindowSurfacePlacer$Traverser.run(),97]
09-10 10:08:54.693   562  1008 I dvm_lock_sample: [system_server,1,binder:562_8,296,ActivityTaskManagerService.java,5977,void com.android.server.wm.ActivityTaskManagerService$LocalService.setAccessibilityServiceUids(android.util.IntArray),WindowSurfacePlacer.java,58,void com.android.server.wm.WindowSurfacePlacer$Traverser.run(),59]
09-10 10:08:54.693   562   684 I dvm_lock_sample: [system_server,0,android.imms,106,WindowManagerService.java,8268,int com.android.server.wm.WindowManagerService$LocalService.hasInputMethodClientFocus(android.os.IBinder, int, int, int),WindowSurfacePlacer.java,58,void com.android.server.wm.WindowSurfacePlacer$Traverser.run(),21]
09-10 10:08:54.694   562  2013 I dvm_lock_sample: [system_server,1,binder:562_14,561,ActivityTaskManagerService.java,1998,android.app.ActivityTaskManager$RootTaskInfo com.android.server.wm.ActivityTaskManagerService.getFocusedRootTaskInfo(),WindowSurfacePlacer.java,58,void com.android.server.wm.WindowSurfacePlacer$Traverser.run(),100]
09-10 10:08:54.696   562   562 I dvm_lock_sample: [system_server,0,main,298,UiAutomationManager.java,278,void com.android.server.accessibility.UiAutomationManager$UiAutomationService.lambda$connectServiceUnknownThread$0(),AccessibilityManagerService.java,5361,java.util.ArrayList com.android.server.accessibility.AccessibilityManagerService$AccessibilityDisplayListener.getValidDisplayList(),59]
09-10 10:08:54.696   562   589 I wm_wallpaper_surface: [0,1,Window{33f3d9a u0 com.android.launcher3/com.android.launcher3.uioverrides.QuickstepLauncher}]
09-10 10:08:54.701   562   588 I wm_stop_activity: [0,255340742,dev.partydeck.godot.compare/.GodotGameActivity]
09-10 10:08:54.796  3051  3051 I viewroot_draw_event: [VRI[GodotGameActivity],applyTransactionOnDraw applyImmediately]
09-10 10:08:54.796  3051  3051 I viewroot_draw_event: [VRI[GodotGameActivity],applyTransactionOnDraw applyImmediately]
09-10 10:08:54.796  3051  3051 I viewroot_draw_event: [VRI[GodotGameActivity],Not drawing due to not visible. Reason=!mAppVisible && !mForceDecorViewVisibility]
09-10 10:08:54.799  3051  3051 I wm_on_stop_called: [255340742,dev.partydeck.godot.compare.GodotGameActivity,STOP_ACTIVITY_ITEM,1]
09-10 10:08:54.803  3051  3051 I viewroot_draw_event: [VRI[GodotGameActivity],applyTransactionOnDraw applyImmediately]
09-10 10:08:54.912   562   663 I commit_sys_config_file: [settings-2-0,9]
09-10 10:08:55.942   562   663 I commit_sys_config_file: [settings-2-0,2]
09-10 10:08:56.979   562   663 I commit_sys_config_file: [settings-2-0,1]
09-10 10:08:57.992   562   663 I commit_sys_config_file: [settings-2-0,1]
09-10 10:08:58.974   562   663 I commit_sys_config_file: [settings-2-0,2]
09-10 10:08:59.987   562   663 I commit_sys_config_file: [settings-2-0,2]
09-10 10:09:03.283   929   972 I jank_cuj_events_end_request: [55,1789034943282277000,176561040546,176561040637]
09-10 10:09:03.751   562   663 I commit_sys_config_file: [settings-2-0,2]
09-10 10:09:03.822   562   664 I am_freeze: [2818,dev.partydeck.godot.compare]
09-10 10:09:03.883   562   664 I am_compact: [2818,dev.partydeck.godot.compare,ANON,155792,78336,63760,0,-24320,0,-24320,24192,61,SOME,0,900,16,49756,-10388]
09-10 10:09:04.774   562   663 I commit_sys_config_file: [settings-2-0,2]
09-10 10:09:05.553   562  1629 I service_manager_stats: [100,26,47518]
09-10 10:09:05.756   562   663 I commit_sys_config_file: [settings-2-0,1]
09-10 10:09:06.769   562   663 I commit_sys_config_file: [settings-2-0,2]
09-10 10:09:08.732   562  2013 I wm_task_moved: [8,8,0,1,2]
09-10 10:09:08.732   562  2013 I wm_task_to_front: [0,8,0]
09-10 10:09:08.733   562  2013 I wm_focused_root_task: [0,0,8,1,setFocusedTask]
09-10 10:09:08.733  1204  1204 I wm_on_top_resumed_lost_called: [54953891,com.android.launcher3.uioverrides.QuickstepLauncher,topStateChangedWhenResumed]
09-10 10:09:08.733   562  2013 I wm_pause_activity: [0,54953891,com.android.launcher3/.uioverrides.QuickstepLauncher,userLeaving=false,pauseBackTasks]
09-10 10:09:08.734  1204  1204 I wm_on_paused_called: [54953891,com.android.launcher3.uioverrides.QuickstepLauncher,performPause,0]
09-10 10:09:08.736   562  2013 I wm_set_resumed_activity: [0,dev.partydeck.godot.compare/.GodotGameActivity,resumeTopActivity - onActivityStateChanged]
09-10 10:09:08.737   562  2013 I wm_add_to_stopping: [0,54953891,com.android.launcher3/.uioverrides.QuickstepLauncher,makeInvisible]
09-10 10:09:08.737   562  2013 I wm_resume_activity: [0,255340742,8,dev.partydeck.godot.compare/.GodotGameActivity]
09-10 10:09:08.738   562   585 I sysui_multi_action: [757,803,799,window_time_0,802,15]
09-10 10:09:08.739   562   589 I input_focus: [Requesting to set focus to null window,reason=UpdateInputWindows]
09-10 10:09:08.741  3051  3051 I wm_on_restart_called: [255340742,dev.partydeck.godot.compare.GodotGameActivity,performRestart,0]
09-10 10:09:08.742  3051  3051 I wm_on_start_called: [255340742,dev.partydeck.godot.compare.GodotGameActivity,handleStartActivity,0]
09-10 10:09:08.745  3051  3051 I wm_on_resume_called: [255340742,dev.partydeck.godot.compare.GodotGameActivity,RESUME_ACTIVITY,2]
09-10 10:09:08.746  3051  3051 I wm_on_top_resumed_gained_called: [255340742,dev.partydeck.godot.compare.GodotGameActivity,topWhenResuming]
09-10 10:09:08.748  3051  3051 I viewroot_draw_event: [VRI[GodotGameActivity],applyTransactionOnDraw applyImmediately]
09-10 10:09:08.757   562   589 I input_focus: [Focus request 6276580 dev.partydeck.godot.compare/dev.partydeck.godot.compare.GodotGameActivity,reason=UpdateInputWindows]
09-10 10:09:08.777  3051  3051 I viewroot_draw_event: [VRI[GodotGameActivity],Start draw after previous draw not visible]
09-10 10:09:08.882   562   676 I input_focus: [Focus leaving 33f3d9a com.android.launcher3/com.android.launcher3.uioverrides.QuickstepLauncher (server),reason=NO_WINDOW]
09-10 10:09:09.187  3051  3087 I viewroot_draw_event: [VRI[GodotGameActivity],reportDrawFinished seqId=0]
09-10 10:09:09.302   562   588 I wm_stop_activity: [0,54953891,com.android.launcher3/.uioverrides.QuickstepLauncher]
09-10 10:09:09.352   562   663 I commit_sys_config_file: [settings-2-0,57]
09-10 10:09:09.353   562   676 I input_focus: [Focus entering 6276580 dev.partydeck.godot.compare/dev.partydeck.godot.compare.GodotGameActivity (server),reason=Window became focusable. Previous reason: NOT_VISIBLE]
09-10 10:09:09.370   562   589 I wm_wallpaper_surface: [0,0,Window{33f3d9a u0 com.android.launcher3/com.android.launcher3.uioverrides.QuickstepLauncher}]
09-10 10:09:09.480  1204  1204 I wm_on_stop_called: [54953891,com.android.launcher3.uioverrides.QuickstepLauncher,STOP_ACTIVITY_ITEM,5]
09-10 10:09:09.485  1204  1204 I viewroot_draw_event: [VRI[QuickstepLauncher],Not drawing due to not visible. Reason=!mAppVisible && !mForceDecorViewVisibility]
09-10 10:09:11.192   562   663 I commit_sys_config_file: [settings-2-0,2]
09-10 10:09:12.200   562   663 I commit_sys_config_file: [settings-2-0,1]
09-10 10:09:13.212   562   663 I commit_sys_config_file: [settings-2-0,1]
09-10 10:09:14.391   562   663 I commit_sys_config_file: [settings-2-0,2]
09-10 10:09:15.404   562   663 I commit_sys_config_file: [settings-2-0,1]
09-10 10:09:16.449   562   663 I commit_sys_config_file: [settings-2-0,2]
09-10 10:09:17.466   562   663 I commit_sys_config_file: [settings-2-0,2]
09-10 10:09:20.309   562   663 I commit_sys_config_file: [settings-2-0,1]
09-10 10:09:21.321   562   663 I commit_sys_config_file: [settings-2-0,2]
09-10 10:09:22.331   562   663 I commit_sys_config_file: [settings-2-0,1]
09-10 10:09:23.349   562   663 I commit_sys_config_file: [settings-2-0,2]
09-10 10:09:24.542   562   663 I commit_sys_config_file: [settings-2-0,1]
09-10 10:09:25.556   562   663 I commit_sys_config_file: [settings-2-0,2]
09-10 10:09:26.369   562   636 I force_gc: Binder
09-10 10:09:26.565   562   663 I commit_sys_config_file: [settings-2-0,1]
09-10 10:09:27.579   562   663 I commit_sys_config_file: [settings-2-0,2]
09-10 10:09:28.762   562   663 I commit_sys_config_file: [settings-2-0,2]
09-10 10:09:29.778   562   663 I commit_sys_config_file: [settings-2-0,2]
09-10 10:09:30.782   562   663 I commit_sys_config_file: [settings-2-0,1]
09-10 10:09:31.794   562   663 I commit_sys_config_file: [settings-2-0,2]
09-10 10:09:32.989   562   663 I commit_sys_config_file: [settings-2-0,3]
09-10 10:09:34.004   562   663 I commit_sys_config_file: [settings-2-0,2]
09-10 10:09:35.012   562   663 I commit_sys_config_file: [settings-2-0,2]
09-10 10:09:36.025   562   663 I commit_sys_config_file: [settings-2-0,2]
09-10 10:09:37.030   562   663 I commit_sys_config_file: [settings-2-0,2]
09-10 10:09:38.040   562   663 I commit_sys_config_file: [settings-2-0,1]
09-10 10:09:39.235   562   663 I commit_sys_config_file: [settings-2-0,2]
09-10 10:09:40.254   562   663 I commit_sys_config_file: [settings-2-0,1]
09-10 10:09:41.264   562   663 I commit_sys_config_file: [settings-2-0,1]
09-10 10:09:42.282   562   663 I commit_sys_config_file: [settings-2-0,2]
09-10 10:09:43.456   562   663 I commit_sys_config_file: [settings-2-0,2]
09-10 10:09:44.484   562   663 I commit_sys_config_file: [settings-2-0,1]
09-10 10:09:45.495   562   663 I commit_sys_config_file: [settings-2-0,2]
09-10 10:09:46.506   562   663 I commit_sys_config_file: [settings-2-0,1]
09-10 10:09:47.679   562   663 I commit_sys_config_file: [settings-2-0,2]
09-10 10:09:48.690   562   663 I commit_sys_config_file: [settings-2-0,1]
09-10 10:09:49.696   562   663 I commit_sys_config_file: [settings-2-0,2]
09-10 10:09:50.708   562   663 I commit_sys_config_file: [settings-2-0,1]
09-10 10:09:51.186   562   840 I service_manager_stats: [100,26,45633]
09-10 10:09:51.716   562   663 I commit_sys_config_file: [settings-2-0,2]
09-10 10:09:52.728   562   663 I commit_sys_config_file: [settings-2-0,2]
09-10 10:09:53.911   562   663 I commit_sys_config_file: [settings-2-0,2]
09-10 10:09:54.927   562   663 I commit_sys_config_file: [settings-2-0,2]
09-10 10:09:55.932   562   663 I commit_sys_config_file: [settings-2-0,2]
09-10 10:09:56.945   562   663 I commit_sys_config_file: [settings-2-0,2]
09-10 10:09:58.123   562   663 I commit_sys_config_file: [settings-2-0,6]
09-10 10:09:59.603   562   663 I commit_sys_config_file: [settings-2-0,2]
09-10 10:10:00.610   562   663 I commit_sys_config_file: [settings-2-0,2]
09-10 10:10:01.622   562   663 I commit_sys_config_file: [settings-2-0,2]
09-10 10:10:02.759   562   663 I commit_sys_config_file: [settings-2-0,2]
09-10 10:10:03.771   562   663 I commit_sys_config_file: [settings-2-0,2]
09-10 10:10:04.779   562   663 I commit_sys_config_file: [settings-2-0,2]
09-10 10:10:05.790   562   663 I commit_sys_config_file: [settings-2-0,1]
09-10 10:10:06.796   562   663 I commit_sys_config_file: [settings-2-0,2]
09-10 10:10:07.808   562   663 I commit_sys_config_file: [settings-2-0,1]
09-10 10:10:08.751   562   664 I am_unfreeze: [1100,com.android.settings,10]
09-10 10:10:08.753   562   664 I am_unfreeze: [1902,com.android.localtransport,10]
09-10 10:10:08.753   562   664 I am_unfreeze: [2156,com.android.dynsystem:dynsystem,10]
09-10 10:10:08.753   562   664 I am_unfreeze: [2109,com.android.dynsystem,10]
09-10 10:10:08.753   562   664 I am_unfreeze: [1542,com.android.keychain,10]
09-10 10:10:08.991   562   663 I commit_sys_config_file: [settings-2-0,2]
09-10 10:10:10.004   562   663 I commit_sys_config_file: [settings-2-0,2]
09-10 10:10:11.011   562   663 I commit_sys_config_file: [settings-2-0,1]
09-10 10:10:12.023   562   663 I commit_sys_config_file: [settings-2-0,2]
09-10 10:10:14.807   562   663 I commit_sys_config_file: [settings-2-0,2]
09-10 10:10:15.818   562   663 I commit_sys_config_file: [settings-2-0,1]
09-10 10:10:18.562   562   663 I commit_sys_config_file: [settings-2-0,2]
09-10 10:10:19.574   562   663 I commit_sys_config_file: [settings-2-0,2]
09-10 10:10:20.576   562   663 I commit_sys_config_file: [settings-2-0,1]
09-10 10:10:21.589   562   663 I commit_sys_config_file: [settings-2-0,1]
09-10 10:10:22.730   562   663 I commit_sys_config_file: [settings-2-0,2]
09-10 10:10:23.747   562   663 I commit_sys_config_file: [settings-2-0,1]
09-10 10:10:24.751   562   663 I commit_sys_config_file: [settings-2-0,2]
09-10 10:10:25.762   562   663 I commit_sys_config_file: [settings-2-0,2]
09-10 10:10:26.929   562   663 I commit_sys_config_file: [settings-2-0,12]
09-10 10:10:28.436   562   663 I commit_sys_config_file: [settings-2-0,2]
09-10 10:10:28.775   562   664 I am_freeze: [1100,com.android.settings]
09-10 10:10:28.775   562   664 I am_freeze: [1902,com.android.localtransport]
09-10 10:10:28.775   562   664 I am_freeze: [2156,com.android.dynsystem:dynsystem]
09-10 10:10:28.775   562   664 I am_freeze: [2109,com.android.dynsystem]
09-10 10:10:28.776   562   664 I am_freeze: [1542,com.android.keychain]
09-10 10:10:29.439   562   663 I commit_sys_config_file: [settings-2-0,2]
09-10 10:10:30.452   562   663 I commit_sys_config_file: [settings-2-0,1]
09-10 10:10:31.629   562   663 I commit_sys_config_file: [settings-2-0,1]
09-10 10:10:32.648   562   663 I commit_sys_config_file: [settings-2-0,2]
09-10 10:10:33.657   562   663 I commit_sys_config_file: [settings-2-0,2]
09-10 10:10:34.667   562   663 I commit_sys_config_file: [settings-2-0,2]
09-10 10:10:35.672   562   663 I commit_sys_config_file: [settings-2-0,1]
09-10 10:10:36.684   562   663 I commit_sys_config_file: [settings-2-0,1]
09-10 10:10:37.886   562   663 I commit_sys_config_file: [settings-2-0,2]
09-10 10:10:38.905   562   663 I commit_sys_config_file: [settings-2-0,2]
09-10 10:10:39.253   562   840 I service_manager_stats: [100,24,48067]
09-10 10:10:39.910   562   663 I commit_sys_config_file: [settings-2-0,2]
09-10 10:10:40.922   562   663 I commit_sys_config_file: [settings-2-0,2]
09-10 10:10:43.691   562   663 I commit_sys_config_file: [settings-2-0,1]
09-10 10:10:44.701   562   663 I commit_sys_config_file: [settings-2-0,1]
09-10 10:10:45.709   562   663 I commit_sys_config_file: [settings-2-0,2]
09-10 10:10:46.721   562   663 I commit_sys_config_file: [settings-2-0,2]
09-10 10:10:47.869   562   663 I commit_sys_config_file: [settings-2-0,2]
09-10 10:10:48.892   562   663 I commit_sys_config_file: [settings-2-0,2]
09-10 10:10:49.899   562   663 I commit_sys_config_file: [settings-2-0,1]
09-10 10:10:50.920   562   663 I commit_sys_config_file: [settings-2-0,1]
09-10 10:10:52.143   562   663 I commit_sys_config_file: [settings-2-0,81]
09-10 10:10:53.548   562   663 I commit_sys_config_file: [settings-2-0,2]
09-10 10:10:54.554   562   663 I commit_sys_config_file: [settings-2-0,2]
09-10 10:10:55.565   562   663 I commit_sys_config_file: [settings-2-0,2]
09-10 10:10:56.718   562   663 I commit_sys_config_file: [settings-2-0,1]
09-10 10:10:57.738   562   663 I commit_sys_config_file: [settings-2-0,2]
09-10 10:10:58.745   562   663 I commit_sys_config_file: [settings-2-0,2]
09-10 10:10:59.754   562   663 I commit_sys_config_file: [settings-2-0,1]
09-10 10:11:00.761   562   663 I commit_sys_config_file: [settings-2-0,1]
09-10 10:11:01.774   562   663 I commit_sys_config_file: [settings-2-0,2]
09-10 10:11:02.985   562   663 I commit_sys_config_file: [settings-2-0,2]
09-10 10:11:04.002   562   663 I commit_sys_config_file: [settings-2-0,1]
09-10 10:11:05.007   562   663 I commit_sys_config_file: [settings-2-0,1]
09-10 10:11:06.018   562   663 I commit_sys_config_file: [settings-2-0,2]
09-10 10:11:07.024   562   663 I commit_sys_config_file: [settings-2-0,2]
09-10 10:11:08.035   562   663 I commit_sys_config_file: [settings-2-0,2]
09-10 10:11:09.202   562   663 I commit_sys_config_file: [settings-2-0,2]
09-10 10:11:10.220   562   663 I commit_sys_config_file: [settings-2-0,2]
09-10 10:11:11.226   562   663 I commit_sys_config_file: [settings-2-0,2]
09-10 10:11:12.237   562   663 I commit_sys_config_file: [settings-2-0,2]
09-10 10:11:13.522   562   663 I commit_sys_config_file: [settings-2-0,11]
09-10 10:11:14.869   562   663 I commit_sys_config_file: [settings-2-0,2]
09-10 10:11:15.878   562   663 I commit_sys_config_file: [settings-2-0,1]
09-10 10:11:16.892   562   663 I commit_sys_config_file: [settings-2-0,2]
09-10 10:11:18.068   562   663 I commit_sys_config_file: [settings-2-0,2]
09-10 10:11:19.081   562   663 I commit_sys_config_file: [settings-2-0,2]
09-10 10:11:20.095   562   663 I commit_sys_config_file: [settings-2-0,1]
09-10 10:11:21.107   562   663 I commit_sys_config_file: [settings-2-0,1]
09-10 10:11:22.115   562   663 I commit_sys_config_file: [settings-2-0,2]
09-10 10:11:23.136   562   663 I commit_sys_config_file: [settings-2-0,1]
09-10 10:11:24.276   562   663 I commit_sys_config_file: [settings-2-0,2]
09-10 10:11:25.293   562   663 I commit_sys_config_file: [settings-2-0,1]
09-10 10:11:26.304   562   663 I commit_sys_config_file: [settings-2-0,1]
09-10 10:11:27.314   562   663 I commit_sys_config_file: [settings-2-0,1]
09-10 10:11:27.323   562   840 I service_manager_stats: [100,14,48070]
09-10 10:11:28.326   562   663 I commit_sys_config_file: [settings-2-0,2]
09-10 10:11:29.339   562   663 I commit_sys_config_file: [settings-2-0,1]
09-10 10:11:30.541   562   663 I commit_sys_config_file: [settings-2-0,1]
09-10 10:11:31.552   562   663 I commit_sys_config_file: [settings-2-0,1]
09-10 10:11:32.562   562   663 I commit_sys_config_file: [settings-2-0,2]
09-10 10:11:33.574   562   663 I commit_sys_config_file: [settings-2-0,2]
09-10 10:11:34.776   562   663 I commit_sys_config_file: [settings-2-0,4]
09-10 10:11:35.786   562   663 I commit_sys_config_file: [settings-2-0,2]
09-10 10:11:36.801   562   663 I commit_sys_config_file: [settings-2-0,2]
09-10 10:11:37.813   562   663 I commit_sys_config_file: [settings-2-0,2]
09-10 10:11:39.040   562   663 I commit_sys_config_file: [settings-2-0,2]
09-10 10:11:40.051   562   663 I commit_sys_config_file: [settings-2-0,1]
09-10 10:11:41.065   562   663 I commit_sys_config_file: [settings-2-0,2]
09-10 10:11:42.083   562   663 I commit_sys_config_file: [settings-2-0,2]
09-10 10:11:43.099   562   663 I commit_sys_config_file: [settings-2-0,1]
09-10 10:11:44.110   562   663 I commit_sys_config_file: [settings-2-0,1]
09-10 10:11:45.298   562   663 I commit_sys_config_file: [settings-2-0,1]
09-10 10:11:46.319   562   663 I commit_sys_config_file: [settings-2-0,2]
09-10 10:11:47.342   562   663 I commit_sys_config_file: [settings-2-0,1]
09-10 10:11:48.353   562   663 I commit_sys_config_file: [settings-2-0,2]
09-10 10:11:51.130   562   663 I commit_sys_config_file: [settings-2-0,2]
09-10 10:11:52.141   562   663 I commit_sys_config_file: [settings-2-0,1]
09-10 10:11:53.157   562   663 I commit_sys_config_file: [settings-2-0,1]
09-10 10:11:54.170   562   663 I commit_sys_config_file: [settings-2-0,2]
09-10 10:11:55.384   562   663 I commit_sys_config_file: [settings-2-0,2]
09-10 10:11:56.408   562   663 I commit_sys_config_file: [settings-2-0,2]
09-10 10:11:57.421   562   663 I commit_sys_config_file: [settings-2-0,2]
09-10 10:11:58.432   562   663 I commit_sys_config_file: [settings-2-0,2]
09-10 10:11:59.686   562   663 I commit_sys_config_file: [settings-2-0,8]
09-10 10:12:00.694   562   663 I commit_sys_config_file: [settings-2-0,2]
09-10 10:12:01.706   562   663 I commit_sys_config_file: [settings-2-0,2]
09-10 10:12:02.721   562   663 I commit_sys_config_file: [settings-2-0,2]
09-10 10:12:03.869   562   663 I commit_sys_config_file: [settings-2-0,1]
09-10 10:12:04.881   562   663 I commit_sys_config_file: [settings-2-0,1]
09-10 10:12:05.696   562   634 I force_gc: Binder
09-10 10:12:05.896   562   663 I commit_sys_config_file: [settings-2-0,1]
09-10 10:12:06.908   562   663 I commit_sys_config_file: [settings-2-0,1]
09-10 10:12:07.919   562   663 I commit_sys_config_file: [settings-2-0,2]
09-10 10:12:08.932   562   663 I commit_sys_config_file: [settings-2-0,2]
09-10 10:12:10.128   562   663 I commit_sys_config_file: [settings-2-0,2]
09-10 10:12:11.147   562   663 I commit_sys_config_file: [settings-2-0,1]
09-10 10:12:12.156   562   663 I commit_sys_config_file: [settings-2-0,1]
09-10 10:12:12.387   562   840 I service_manager_stats: [100,18,45064]
09-10 10:12:13.167   562   663 I commit_sys_config_file: [settings-2-0,2]
09-10 10:12:14.181   562   663 I commit_sys_config_file: [settings-2-0,1]
09-10 10:12:15.194   562   663 I commit_sys_config_file: [settings-2-0,2]
09-10 10:12:16.382   562   663 I commit_sys_config_file: [settings-2-0,2]
09-10 10:12:17.394   562   663 I commit_sys_config_file: [settings-2-0,2]
09-10 10:12:18.404   562   663 I commit_sys_config_file: [settings-2-0,2]
09-10 10:12:19.415   562   663 I commit_sys_config_file: [settings-2-0,1]
09-10 10:12:20.534   562   663 I commit_sys_config_file: [settings-2-0,8]
09-10 10:12:21.549   562   663 I commit_sys_config_file: [settings-2-0,2]
09-10 10:12:22.561   562   663 I commit_sys_config_file: [settings-2-0,2]
09-10 10:12:23.574   562   663 I commit_sys_config_file: [settings-2-0,2]
09-10 10:12:24.734   562   663 I commit_sys_config_file: [settings-2-0,1]
09-10 10:12:25.752   562   663 I commit_sys_config_file: [settings-2-0,1]
09-10 10:12:26.769   562   663 I commit_sys_config_file: [settings-2-0,1]
09-10 10:12:27.780   562   663 I commit_sys_config_file: [settings-2-0,1]
09-10 10:12:28.795   562   663 I commit_sys_config_file: [settings-2-0,2]
09-10 10:12:29.806   562   663 I commit_sys_config_file: [settings-2-0,1]
09-10 10:12:30.992   562   663 I commit_sys_config_file: [settings-2-0,2]
09-10 10:12:32.004   562   663 I commit_sys_config_file: [settings-2-0,2]
09-10 10:12:33.013   562   663 I commit_sys_config_file: [settings-2-0,1]
09-10 10:12:34.026   562   663 I commit_sys_config_file: [settings-2-0,2]
09-10 10:12:35.155   562   663 I commit_sys_config_file: [settings-2-0,3]
09-10 10:12:36.170   562   663 I commit_sys_config_file: [settings-2-0,2]
09-10 10:12:37.193   562   663 I commit_sys_config_file: [settings-2-0,2]
09-10 10:12:38.204   562   663 I commit_sys_config_file: [settings-2-0,1]
09-10 10:12:39.365   562   663 I commit_sys_config_file: [settings-2-0,2]
09-10 10:12:40.386   562   663 I commit_sys_config_file: [settings-2-0,2]
09-10 10:12:41.403   562   663 I commit_sys_config_file: [settings-2-0,2]
09-10 10:12:42.414   562   663 I commit_sys_config_file: [settings-2-0,2]
09-10 10:12:43.428   562   663 I commit_sys_config_file: [settings-2-0,2]
09-10 10:12:44.439   562   663 I commit_sys_config_file: [settings-2-0,2]
09-10 10:12:45.655   562   663 I commit_sys_config_file: [settings-2-0,1]
09-10 10:12:46.673   562   663 I commit_sys_config_file: [settings-2-0,1]
09-10 10:12:47.694   562   663 I commit_sys_config_file: [settings-2-0,2]
09-10 10:12:48.705   562   663 I commit_sys_config_file: [settings-2-0,2]
09-10 10:12:49.923   562   663 I commit_sys_config_file: [settings-2-0,4]
09-10 10:12:51.316   562   663 I commit_sys_config_file: [settings-2-0,2]
09-10 10:12:52.329   562   663 I commit_sys_config_file: [settings-2-0,2]
09-10 10:12:53.343   562   663 I commit_sys_config_file: [settings-2-0,2]
09-10 10:12:54.511   562   663 I commit_sys_config_file: [settings-2-0,2]
09-10 10:12:55.522   562   663 I commit_sys_config_file: [settings-2-0,2]
09-10 10:12:56.544   562   663 I commit_sys_config_file: [settings-2-0,2]
09-10 10:12:57.555   562   663 I commit_sys_config_file: [settings-2-0,2]
09-10 10:12:58.368   562  1005 I service_manager_stats: [100,38,45981]
09-10 10:12:58.571   562   663 I commit_sys_config_file: [settings-2-0,2]
09-10 10:12:59.585   562   663 I commit_sys_config_file: [settings-2-0,2]
09-10 10:13:00.727   562   663 I commit_sys_config_file: [settings-2-0,2]
09-10 10:13:01.747   562   663 I commit_sys_config_file: [settings-2-0,2]
09-10 10:13:02.759   562   663 I commit_sys_config_file: [settings-2-0,1]
09-10 10:13:03.772   562   663 I commit_sys_config_file: [settings-2-0,2]
09-10 10:13:04.793   562   663 I commit_sys_config_file: [settings-2-0,1]
09-10 10:13:05.805   562   663 I commit_sys_config_file: [settings-2-0,2]
09-10 10:13:06.998   562   663 I commit_sys_config_file: [settings-2-0,1]
09-10 10:13:08.013   562   663 I commit_sys_config_file: [settings-2-0,2]
09-10 10:13:09.031   562   663 I commit_sys_config_file: [settings-2-0,1]
09-10 10:13:10.045   562   663 I commit_sys_config_file: [settings-2-0,2]
09-10 10:13:11.254   562   663 I commit_sys_config_file: [settings-2-0,2]
09-10 10:13:12.670   562   663 I commit_sys_config_file: [settings-2-0,1]
09-10 10:13:13.686   562   663 I commit_sys_config_file: [settings-2-0,2]
09-10 10:13:14.698   562   663 I commit_sys_config_file: [settings-2-0,2]
09-10 10:13:15.910   562   663 I commit_sys_config_file: [settings-2-0,1]
09-10 10:13:16.925   562   663 I commit_sys_config_file: [settings-2-0,1]
09-10 10:13:17.937   562   663 I commit_sys_config_file: [settings-2-0,2]
09-10 10:13:18.950   562   663 I commit_sys_config_file: [settings-2-0,1]
09-10 10:13:19.960   562   663 I commit_sys_config_file: [settings-2-0,2]
09-10 10:13:20.970   562   663 I commit_sys_config_file: [settings-2-0,2]
09-10 10:13:22.184   562   663 I commit_sys_config_file: [settings-2-0,2]
09-10 10:13:23.195   562   663 I commit_sys_config_file: [settings-2-0,2]
09-10 10:13:24.205   562   663 I commit_sys_config_file: [settings-2-0,2]
09-10 10:13:25.218   562   663 I commit_sys_config_file: [settings-2-0,2]
09-10 10:13:26.231   562   663 I commit_sys_config_file: [settings-2-0,2]
09-10 10:13:27.256   562   663 I commit_sys_config_file: [settings-2-0,2]
09-10 10:13:28.398   562   663 I commit_sys_config_file: [settings-2-0,2]
09-10 10:13:29.418   562   663 I commit_sys_config_file: [settings-2-0,1]
09-10 10:13:30.427   562   663 I commit_sys_config_file: [settings-2-0,2]
09-10 10:13:31.439   562   663 I commit_sys_config_file: [settings-2-0,2]
09-10 10:13:32.584   562   663 I commit_sys_config_file: [settings-2-0,6]
09-10 10:13:34.058   562   663 I commit_sys_config_file: [settings-2-0,1]
09-10 10:13:35.065   562   663 I commit_sys_config_file: [settings-2-0,2]
09-10 10:13:36.084   562   663 I commit_sys_config_file: [settings-2-0,2]
09-10 10:13:37.290   562   663 I commit_sys_config_file: [settings-2-0,1]
09-10 10:13:38.305   562   663 I commit_sys_config_file: [settings-2-0,1]
09-10 10:13:39.319   562   663 I commit_sys_config_file: [settings-2-0,1]
09-10 10:13:40.329   562   663 I commit_sys_config_file: [settings-2-0,1]
09-10 10:13:41.347   562   663 I commit_sys_config_file: [settings-2-0,2]
09-10 10:13:42.359   562   663 I commit_sys_config_file: [settings-2-0,2]
09-10 10:13:43.579   562   663 I commit_sys_config_file: [settings-2-0,2]
09-10 10:13:44.592   562   663 I commit_sys_config_file: [settings-2-0,2]
09-10 10:13:45.556   562   840 I service_manager_stats: [100,27,47188]
09-10 10:13:45.603   562   663 I commit_sys_config_file: [settings-2-0,1]
09-10 10:13:46.616   562   663 I commit_sys_config_file: [settings-2-0,1]
09-10 10:13:47.634   562   663 I commit_sys_config_file: [settings-2-0,2]
09-10 10:13:48.650   562   663 I commit_sys_config_file: [settings-2-0,1]
09-10 10:13:49.819   562   663 I commit_sys_config_file: [settings-2-0,1]
09-10 10:13:50.840   562   663 I commit_sys_config_file: [settings-2-0,1]
09-10 10:13:51.860   562   663 I commit_sys_config_file: [settings-2-0,1]
09-10 10:13:52.874   562   663 I commit_sys_config_file: [settings-2-0,1]
09-10 10:13:54.110   562   663 I commit_sys_config_file: [settings-2-0,5]
09-10 10:13:55.491   562   663 I commit_sys_config_file: [settings-2-0,2]
09-10 10:13:56.498   562   663 I commit_sys_config_file: [settings-2-0,2]
09-10 10:13:57.511   562   663 I commit_sys_config_file: [settings-2-0,2]
09-10 10:13:58.746   562   663 I commit_sys_config_file: [settings-2-0,1]
09-10 10:13:59.758   562   663 I commit_sys_config_file: [settings-2-0,2]
09-10 10:14:00.576   929   929 I force_gc: Binder
09-10 10:14:00.778   562   663 I commit_sys_config_file: [settings-2-0,2]
09-10 10:14:01.788   562   663 I commit_sys_config_file: [settings-2-0,1]
09-10 10:14:02.801   562   663 I commit_sys_config_file: [settings-2-0,1]
09-10 10:14:03.814   562   663 I commit_sys_config_file: [settings-2-0,2]
09-10 10:14:05.041   562   663 I commit_sys_config_file: [settings-2-0,2]
09-10 10:14:06.057   562   663 I commit_sys_config_file: [settings-2-0,2]
09-10 10:14:07.080   562   663 I commit_sys_config_file: [settings-2-0,2]
09-10 10:14:08.090   562   663 I commit_sys_config_file: [settings-2-0,2]
09-10 10:14:09.112   562   663 I commit_sys_config_file: [settings-2-0,2]
09-10 10:14:10.123   562   663 I commit_sys_config_file: [settings-2-0,2]
09-10 10:14:11.343   562   663 I commit_sys_config_file: [settings-2-0,2]
09-10 10:14:12.353   562   663 I commit_sys_config_file: [settings-2-0,1]
09-10 10:14:13.379   562   663 I commit_sys_config_file: [settings-2-0,2]
09-10 10:14:14.391   562   663 I commit_sys_config_file: [settings-2-0,1]
09-10 10:14:15.500   562   663 I commit_sys_config_file: [settings-2-0,11]
09-10 10:14:16.504   562   663 I commit_sys_config_file: [settings-2-0,2]
09-10 10:14:17.519   562   663 I commit_sys_config_file: [settings-2-0,2]
09-10 10:14:18.529   562   663 I commit_sys_config_file: [settings-2-0,1]
09-10 10:14:19.753   562   663 I commit_sys_config_file: [settings-2-0,2]
09-10 10:14:20.764   562   663 I commit_sys_config_file: [settings-2-0,2]
09-10 10:14:21.775   562   663 I commit_sys_config_file: [settings-2-0,1]
09-10 10:14:22.789   562   663 I commit_sys_config_file: [settings-2-0,1]
09-10 10:14:23.809   562   663 I commit_sys_config_file: [settings-2-0,1]
09-10 10:14:24.821   562   663 I commit_sys_config_file: [settings-2-0,2]
09-10 10:14:25.984   562   663 I commit_sys_config_file: [settings-2-0,1]
09-10 10:14:27.008   562   663 I commit_sys_config_file: [settings-2-0,2]
09-10 10:14:28.023   562   663 I commit_sys_config_file: [settings-2-0,2]
09-10 10:14:29.036   562   663 I commit_sys_config_file: [settings-2-0,2]
09-10 10:14:30.049   562   663 I commit_sys_config_file: [settings-2-0,2]
09-10 10:14:30.641   562   840 I service_manager_stats: [100,37,45085]
09-10 10:14:31.062   562   663 I commit_sys_config_file: [settings-2-0,2]
09-10 10:14:32.254   562   663 I commit_sys_config_file: [settings-2-0,2]
09-10 10:14:33.268   562   663 I commit_sys_config_file: [settings-2-0,1]
09-10 10:14:34.287   562   663 I commit_sys_config_file: [settings-2-0,2]
09-10 10:14:35.300   562   663 I commit_sys_config_file: [settings-2-0,2]
09-10 10:14:36.587   562   663 I commit_sys_config_file: [settings-2-0,14]
09-10 10:14:38.004   562   663 I commit_sys_config_file: [settings-2-0,2]
09-10 10:14:38.845   562  1629 I force_gc: Binder
09-10 10:14:39.046   562   663 I commit_sys_config_file: [settings-2-0,2]
09-10 10:14:40.058   562   663 I commit_sys_config_file: [settings-2-0,2]
09-10 10:14:41.266   562   663 I commit_sys_config_file: [settings-2-0,2]
09-10 10:14:42.286   562   663 I commit_sys_config_file: [settings-2-0,1]
09-10 10:14:43.301   562   663 I commit_sys_config_file: [settings-2-0,2]
09-10 10:14:44.310   562   663 I commit_sys_config_file: [settings-2-0,1]
09-10 10:14:45.322   562   663 I commit_sys_config_file: [settings-2-0,2]
09-10 10:14:46.332   562   663 I commit_sys_config_file: [settings-2-0,2]
09-10 10:14:47.500   562   663 I commit_sys_config_file: [settings-2-0,2]
09-10 10:14:48.512   562   663 I commit_sys_config_file: [settings-2-0,1]
09-10 10:14:49.537   562   663 I commit_sys_config_file: [settings-2-0,1]
09-10 10:14:50.550   562   663 I commit_sys_config_file: [settings-2-0,2]
09-10 10:14:51.570   562   663 I commit_sys_config_file: [settings-2-0,2]
09-10 10:14:52.583   562   663 I commit_sys_config_file: [settings-2-0,2]
09-10 10:14:53.770   562   663 I commit_sys_config_file: [settings-2-0,1]
09-10 10:14:54.782   562   663 I commit_sys_config_file: [settings-2-0,2]
09-10 10:14:55.799   562   663 I commit_sys_config_file: [settings-2-0,1]
09-10 10:14:56.819   562   663 I commit_sys_config_file: [settings-2-0,1]
09-10 10:14:58.044   562   663 I commit_sys_config_file: [settings-2-0,5]
09-10 10:14:59.435   562   663 I commit_sys_config_file: [settings-2-0,2]
09-10 10:15:00.495   562   663 I commit_sys_config_file: [settings-2-0,1]
09-10 10:15:01.506   562   663 I commit_sys_config_file: [settings-2-0,1]
09-10 10:15:02.728   562   663 I commit_sys_config_file: [settings-2-0,2]
09-10 10:15:03.747   562   663 I commit_sys_config_file: [settings-2-0,2]
09-10 10:15:04.758   562   663 I commit_sys_config_file: [settings-2-0,1]
09-10 10:15:05.770   562   663 I commit_sys_config_file: [settings-2-0,2]
09-10 10:15:06.795   562   663 I commit_sys_config_file: [settings-2-0,2]
09-10 10:15:07.808   562   663 I commit_sys_config_file: [settings-2-0,2]
09-10 10:15:09.029   562   663 I commit_sys_config_file: [settings-2-0,1]
09-10 10:15:10.039   562   663 I commit_sys_config_file: [settings-2-0,2]
09-10 10:15:11.058   562   663 I commit_sys_config_file: [settings-2-0,2]
09-10 10:15:12.070   562   663 I commit_sys_config_file: [settings-2-0,2]
09-10 10:15:13.097   562   663 I commit_sys_config_file: [settings-2-0,2]
09-10 10:15:14.110   562   663 I commit_sys_config_file: [settings-2-0,2]
09-10 10:15:15.323   562   663 I commit_sys_config_file: [settings-2-0,2]
09-10 10:15:16.333   562   663 I commit_sys_config_file: [settings-2-0,2]
09-10 10:15:17.345   562   663 I commit_sys_config_file: [settings-2-0,2]
09-10 10:15:18.355   562   663 I commit_sys_config_file: [settings-2-0,1]
09-10 10:15:18.766   562   840 I service_manager_stats: [100,16,48125]
09-10 10:15:19.538   562   663 I commit_sys_config_file: [settings-2-0,9]
09-10 10:15:21.021   562   663 I commit_sys_config_file: [settings-2-0,2]
09-10 10:15:22.042   562   663 I commit_sys_config_file: [settings-2-0,2]
09-10 10:15:23.053   562   663 I commit_sys_config_file: [settings-2-0,2]
09-10 10:15:24.253   562   663 I commit_sys_config_file: [settings-2-0,2]
09-10 10:15:25.273   562   663 I commit_sys_config_file: [settings-2-0,2]
09-10 10:15:26.279   562   663 I commit_sys_config_file: [settings-2-0,2]
09-10 10:15:27.292   562   663 I commit_sys_config_file: [settings-2-0,2]
09-10 10:15:28.305   562   663 I commit_sys_config_file: [settings-2-0,2]
09-10 10:15:29.316   562   663 I commit_sys_config_file: [settings-2-0,1]
09-10 10:15:30.506   562   663 I commit_sys_config_file: [settings-2-0,1]
09-10 10:15:31.518   562   663 I commit_sys_config_file: [settings-2-0,2]
09-10 10:15:32.535   562   663 I commit_sys_config_file: [settings-2-0,1]
09-10 10:15:33.548   562   663 I commit_sys_config_file: [settings-2-0,2]
09-10 10:15:34.563   562   663 I commit_sys_config_file: [settings-2-0,1]
09-10 10:15:35.578   562   663 I commit_sys_config_file: [settings-2-0,2]
09-10 10:15:36.769   562   663 I commit_sys_config_file: [settings-2-0,2]
09-10 10:15:37.785   562   663 I commit_sys_config_file: [settings-2-0,2]
09-10 10:15:38.792   562   663 I commit_sys_config_file: [settings-2-0,2]
09-10 10:15:39.804   562   663 I commit_sys_config_file: [settings-2-0,2]
09-10 10:15:41.001   562   663 I commit_sys_config_file: [settings-2-0,4]
09-10 10:15:42.426   562   663 I commit_sys_config_file: [settings-2-0,1]
09-10 10:15:43.451   562   663 I commit_sys_config_file: [settings-2-0,2]
09-10 10:15:44.463   562   663 I commit_sys_config_file: [settings-2-0,1]
09-10 10:15:45.673   562   663 I commit_sys_config_file: [settings-2-0,2]
09-10 10:15:46.686   562   663 I commit_sys_config_file: [settings-2-0,2]
09-10 10:15:47.706   562   663 I commit_sys_config_file: [settings-2-0,1]
09-10 10:15:48.715   562   663 I commit_sys_config_file: [settings-2-0,2]
09-10 10:15:49.732   562   663 I commit_sys_config_file: [settings-2-0,1]
09-10 10:15:50.744   562   663 I commit_sys_config_file: [settings-2-0,2]
09-10 10:15:51.917   562   663 I commit_sys_config_file: [settings-2-0,1]
09-10 10:15:52.938   562   663 I commit_sys_config_file: [settings-2-0,2]
09-10 10:15:53.956   562   663 I commit_sys_config_file: [settings-2-0,2]
09-10 10:15:54.968   562   663 I commit_sys_config_file: [settings-2-0,1]
09-10 10:15:56.002   562   663 I commit_sys_config_file: [settings-2-0,2]
09-10 10:15:57.014   562   663 I commit_sys_config_file: [settings-2-0,1]
09-10 10:15:58.216   562   663 I commit_sys_config_file: [settings-2-0,1]
09-10 10:15:59.236   562   663 I commit_sys_config_file: [settings-2-0,1]
09-10 10:16:00.259   562   663 I commit_sys_config_file: [settings-2-0,1]
09-10 10:16:01.278   562   663 I commit_sys_config_file: [settings-2-0,2]
09-10 10:16:02.477   562   663 I commit_sys_config_file: [settings-2-0,23]
09-10 10:16:03.924   562   663 I commit_sys_config_file: [settings-2-0,2]
09-10 10:16:04.748   562  1005 I service_manager_stats: [100,21,45982]
09-10 10:16:04.951   562   663 I commit_sys_config_file: [settings-2-0,2]
09-10 10:16:05.963   562   663 I commit_sys_config_file: [settings-2-0,2]
09-10 10:16:07.155   562   663 I commit_sys_config_file: [settings-2-0,1]
09-10 10:16:08.174   562   663 I commit_sys_config_file: [settings-2-0,2]
09-10 10:16:09.191   562   663 I commit_sys_config_file: [settings-2-0,1]
09-10 10:16:10.202   562   663 I commit_sys_config_file: [settings-2-0,2]
09-10 10:16:11.218   562   663 I commit_sys_config_file: [settings-2-0,2]
09-10 10:16:12.229   562   663 I commit_sys_config_file: [settings-2-0,2]
09-10 10:16:13.429   562   663 I commit_sys_config_file: [settings-2-0,2]
09-10 10:16:14.445   562   663 I commit_sys_config_file: [settings-2-0,1]
09-10 10:16:15.458   562   663 I commit_sys_config_file: [settings-2-0,1]
09-10 10:16:16.470   562   663 I commit_sys_config_file: [settings-2-0,1]
09-10 10:16:17.489   562   663 I commit_sys_config_file: [settings-2-0,2]
09-10 10:16:18.502   562   663 I commit_sys_config_file: [settings-2-0,2]
09-10 10:16:19.685   562   663 I commit_sys_config_file: [settings-2-0,2]
09-10 10:16:20.704   562   663 I commit_sys_config_file: [settings-2-0,2]
09-10 10:16:21.718   562   663 I commit_sys_config_file: [settings-2-0,2]
09-10 10:16:22.729   562   663 I commit_sys_config_file: [settings-2-0,1]
09-10 10:16:23.936   562   663 I commit_sys_config_file: [settings-2-0,2]
09-10 10:16:25.362   562   663 I commit_sys_config_file: [settings-2-0,2]
09-10 10:16:26.384   562   663 I commit_sys_config_file: [settings-2-0,1]
09-10 10:16:27.396   562   663 I commit_sys_config_file: [settings-2-0,1]
09-10 10:16:28.606   562   663 I commit_sys_config_file: [settings-2-0,2]
09-10 10:16:28.676   562   595 I commit_sys_config_file: [sync-status,1]
09-10 10:16:29.620   562   663 I commit_sys_config_file: [settings-2-0,1]
09-10 10:16:30.635   562   663 I commit_sys_config_file: [settings-2-0,2]
09-10 10:16:31.648   562   663 I commit_sys_config_file: [settings-2-0,1]
09-10 10:16:32.665   562   663 I commit_sys_config_file: [settings-2-0,2]
09-10 10:16:33.680   562   663 I commit_sys_config_file: [settings-2-0,1]
09-10 10:16:34.875   562   663 I commit_sys_config_file: [settings-2-0,1]
09-10 10:16:35.887   562   663 I commit_sys_config_file: [settings-2-0,1]
09-10 10:16:36.894   562   663 I commit_sys_config_file: [settings-2-0,2]
09-10 10:16:37.906   562   663 I commit_sys_config_file: [settings-2-0,1]
09-10 10:16:40.733   562   663 I commit_sys_config_file: [settings-2-0,1]
09-10 10:16:41.745   562   663 I commit_sys_config_file: [settings-2-0,2]
09-10 10:16:42.764   562   663 I commit_sys_config_file: [settings-2-0,2]
09-10 10:16:43.785   562   663 I commit_sys_config_file: [settings-2-0,2]
09-10 10:16:44.926   562   663 I commit_sys_config_file: [settings-2-0,1]
09-10 10:16:45.947   562   663 I commit_sys_config_file: [settings-2-0,1]
09-10 10:16:46.963   562   663 I commit_sys_config_file: [settings-2-0,1]
09-10 10:16:47.975   562   663 I commit_sys_config_file: [settings-2-0,1]
09-10 10:16:48.878   562  1625 I wm_finish_activity: [0,255340742,8,dev.partydeck.godot.compare/.GodotGameActivity,app-request]
09-10 10:16:48.881   562  1625 I wm_pause_activity: [0,255340742,dev.partydeck.godot.compare/.GodotGameActivity,userLeaving=false,finish]
09-10 10:16:48.889  3051  3051 I wm_on_top_resumed_lost_called: [255340742,dev.partydeck.godot.compare.GodotGameActivity,topStateChangedWhenResumed]
09-10 10:16:48.891  3051  3051 I wm_on_paused_called: [255340742,dev.partydeck.godot.compare.GodotGameActivity,performPause,0]
09-10 10:16:48.891   562   637 I wm_add_to_stopping: [0,255340742,dev.partydeck.godot.compare/.GodotGameActivity,completeFinishing]
09-10 10:16:48.893   562   637 I wm_set_resumed_activity: [0,dev.partydeck.godot.compare/.ComparisonActivity,resumeTopActivity - onActivityStateChanged]
09-10 10:16:48.898   562   588 I am_kill : [0,1762,com.android.carrierconfig,985,empty #17,102484]
09-10 10:16:48.899   562   588 I am_kill : [0,2289,com.android.shell,985,empty #18,100968]
09-10 10:16:48.899   562   637 I wm_resume_activity: [0,180891068,8,dev.partydeck.godot.compare/.ComparisonActivity]
09-10 10:16:48.901   562   588 I am_kill : [0,2243,com.android.ondevicepersonalization.services,995,empty #19,100576]
09-10 10:16:48.901   562   588 I am_kill : [0,1641,com.android.externalstorage,995,empty #20,103876]
09-10 10:16:48.901   562   588 I am_kill : [0,1302,com.android.cellbroadcastreceiver,999,empty #21,101552]
09-10 10:16:48.901   562   588 I am_kill : [0,2156,com.android.dynsystem:dynsystem,915,empty #22,101328]
09-10 10:16:48.901   562   588 I am_kill : [0,2145,com.android.federatedcompute.services,999,empty #23,100308]
09-10 10:16:48.901   562   588 I am_kill : [0,2109,com.android.dynsystem,915,empty #24,100960]
09-10 10:16:48.902   562   588 I am_kill : [0,1944,com.android.camera2,999,empty #25,104708]
09-10 10:16:48.902   562   588 I am_kill : [0,1482,com.android.sdksetup,999,empty #26,112852]
09-10 10:16:48.907   562   585 I sysui_multi_action: [757,803,799,window_time_0,802,460]
09-10 10:16:48.907   562   664 I am_unfreeze: [2818,dev.partydeck.godot.compare,1]
09-10 10:16:48.920   562   588 I am_kill : [0,1917,.adservices,999,empty #27,106068]
09-10 10:16:48.920   562   588 I am_kill : [0,1874,com.android.calendar,999,empty #28,106304]
09-10 10:16:48.920   562   588 I am_kill : [0,1457,com.android.printspooler,999,empty #29,102740]
09-10 10:16:48.920   562   588 I am_kill : [0,1577,com.android.managedprovisioning,999,empty #30,106592]
09-10 10:16:48.920   562   588 I am_kill : [0,1853,com.android.traceur,999,empty #31,104472]
09-10 10:16:48.920   562   588 I am_kill : [0,1542,com.android.keychain,925,empty #32,102932]
09-10 10:16:48.920   562   588 I am_kill : [0,1478,com.android.music,999,empty #33,100820]
09-10 10:16:48.936   562   637 I am_proc_died: [0,1302,com.android.cellbroadcastreceiver,999,19]
09-10 10:16:48.938   562   637 I am_uid_stopped: 10070
09-10 10:16:48.955   562   637 I am_proc_died: [0,1944,com.android.camera2,999,19]
09-10 10:16:48.955   562   637 I am_uid_stopped: 10108
09-10 10:16:48.970  2818  2818 I wm_on_restart_called: [180891068,dev.partydeck.godot.compare.ComparisonActivity,performRestart,0]
09-10 10:16:48.970  2818  2818 I wm_on_start_called: [180891068,dev.partydeck.godot.compare.ComparisonActivity,handleStartActivity,0]
09-10 10:16:48.972  2818  2818 I wm_on_activity_result_called: [180891068,dev.partydeck.godot.compare.ComparisonActivity,ACTIVITY_RESULT]
09-10 10:16:48.979   562  1005 I am_proc_died: [0,1762,com.android.carrierconfig,985,19]
09-10 10:16:48.982  2818  2818 I wm_on_resume_called: [180891068,dev.partydeck.godot.compare.ComparisonActivity,RESUME_ACTIVITY,9]
09-10 10:16:48.982  2818  2818 I wm_on_top_resumed_gained_called: [180891068,dev.partydeck.godot.compare.ComparisonActivity,topWhenResuming]
09-10 10:16:48.982   562  1005 I am_uid_stopped: 10118
09-10 10:16:48.982   562  1005 I am_proc_died: [0,2289,com.android.shell,985,19]
09-10 10:16:48.983   562  1005 I am_uid_stopped: 2000
09-10 10:16:48.992   562  1005 I am_proc_died: [0,1874,com.android.calendar,999,19]
09-10 10:16:48.992   562  1005 I am_uid_stopped: 10111
09-10 10:16:48.995   562  1008 I am_proc_died: [0,1917,.adservices,999,19]
09-10 10:16:48.999   562  1023 I am_proc_died: [0,2109,com.android.dynsystem,915,19]
09-10 10:16:49.027   562   637 I am_proc_died: [0,1457,com.android.printspooler,999,19]
09-10 10:16:49.027   562   637 I am_uid_stopped: 10084
09-10 10:16:49.029   562   637 I am_proc_died: [0,1482,com.android.sdksetup,999,19]
09-10 10:16:49.029   562   637 I am_uid_stopped: 10116
09-10 10:16:49.030   562  2013 I am_proc_died: [0,2243,com.android.ondevicepersonalization.services,995,19]
09-10 10:16:49.031   562  2013 I am_uid_stopped: 10139
09-10 10:16:49.031   562  1127 I am_proc_died: [0,2145,com.android.federatedcompute.services,999,19]
09-10 10:16:49.031   562  1127 I am_uid_stopped: 10140
09-10 10:16:49.032   562  1006 I am_proc_died: [0,1853,com.android.traceur,999,19]
09-10 10:16:49.032   562  1006 I am_uid_stopped: 10097
09-10 10:16:49.033   562  1942 I am_proc_died: [0,1577,com.android.managedprovisioning,999,19]
09-10 10:16:49.033   562  1942 I am_uid_stopped: 10067
09-10 10:16:49.058   562   676 I input_focus: [Focus leaving 6276580 dev.partydeck.godot.compare/dev.partydeck.godot.compare.GodotGameActivity (server),reason=NO_WINDOW]
09-10 10:16:49.065   562  1887 I am_proc_died: [0,2156,com.android.dynsystem:dynsystem,915,19]
09-10 10:16:49.065   562  1887 I am_proc_died: [0,1542,com.android.keychain,925,19]
09-10 10:16:49.066   562  1628 I am_proc_died: [0,1641,com.android.externalstorage,995,19]
09-10 10:16:49.067   562  1628 I am_uid_stopped: 10064
09-10 10:16:49.067   562  1252 I am_proc_died: [0,1478,com.android.music,999,19]
09-10 10:16:49.067   562  1252 I am_uid_stopped: 10105
09-10 10:16:49.073   562  2015 I am_proc_died: [0,3051,dev.partydeck.godot.compare:godot,0,2]
09-10 10:16:49.106   562   589 I input_focus: [Focus request 3ab6349 dev.partydeck.godot.compare/dev.partydeck.godot.compare.ComparisonActivity,reason=UpdateInputWindows]
09-10 10:16:49.108  2818  2818 I viewroot_draw_event: [VRI[ComparisonActivity],Start draw after previous draw not visible]
09-10 10:16:49.115   562   663 I commit_sys_config_file: [settings-2-0,2]
09-10 10:16:49.255  2818  2818 I viewroot_draw_event: [VRI[ComparisonActivity],reportDrawFinished seqId=0]
09-10 10:16:49.425   562   676 I input_focus: [Focus entering 3ab6349 dev.partydeck.godot.compare/dev.partydeck.godot.compare.ComparisonActivity (server),reason=Window became focusable. Previous reason: NOT_VISIBLE]
09-10 10:16:49.478   562  1008 I force_gc: Binder
09-10 10:16:50.870   562   663 I commit_sys_config_file: [settings-2-0,7]
09-10 10:16:51.884   562   663 I commit_sys_config_file: [settings-2-0,2]
09-10 10:16:51.909   562   840 I service_manager_stats: [100,23,47161]
09-10 10:16:52.896   562   663 I commit_sys_config_file: [settings-2-0,2]
09-10 10:16:53.931   562   663 I commit_sys_config_file: [settings-2-0,1]
09-10 10:16:54.946   562   663 I commit_sys_config_file: [settings-2-0,2]
09-10 10:16:55.936   562   663 I commit_sys_config_file: [settings-2-0,1]
09-10 10:16:56.947   562   663 I commit_sys_config_file: [settings-2-0,2]
09-10 10:16:57.994   562   663 I commit_sys_config_file: [settings-2-0,2]
09-10 10:16:59.007   562   663 I commit_sys_config_file: [settings-2-0,2]
09-10 10:17:01.552   562   663 I commit_sys_config_file: [settings-2-0,2]
09-10 10:17:02.562   562   663 I commit_sys_config_file: [settings-2-0,2]
09-10 10:17:03.207   562   676 I input_interaction: Interaction with: 3ab6349 dev.partydeck.godot.compare/dev.partydeck.godot.compare.ComparisonActivity (server), PointerEventDispatcher0 (server), 
09-10 10:17:03.223   562  1023 I wm_task_moved: [8,8,0,1,2]
09-10 10:17:03.223   562  1023 I wm_create_activity: [0,191892641,8,dev.partydeck.godot.compare/.GodotGameActivity,NULL,NULL,NULL,0]
09-10 10:17:03.224   562  1023 I wm_pause_activity: [0,180891068,dev.partydeck.godot.compare/.ComparisonActivity,userLeaving=true,resumeTopActivity]
09-10 10:17:03.240   562   597 I am_proc_start: [0,8789,10148,dev.partydeck.godot.compare:godot,next-top-activity,{dev.partydeck.godot.compare/dev.partydeck.godot.compare.GodotGameActivity}]
09-10 10:17:03.291   929  1007 I viewroot_draw_event: [VRI[compare],reportDrawFinished seqId=0]
09-10 10:17:03.362   562  1008 I am_proc_bound: [0,8789,dev.partydeck.godot.compare:godot]
09-10 10:17:03.397  2818  2818 I wm_on_top_resumed_lost_called: [180891068,dev.partydeck.godot.compare.ComparisonActivity,topStateChangedWhenResumed]
09-10 10:17:03.397  2818  2818 I wm_on_paused_called: [180891068,dev.partydeck.godot.compare.ComparisonActivity,performPause,0]
09-10 10:17:03.403   562  1008 I wm_add_to_stopping: [0,180891068,dev.partydeck.godot.compare/.ComparisonActivity,makeInvisible]
09-10 10:17:03.403   562  1008 I wm_restart_activity: [0,191892641,8,dev.partydeck.godot.compare/.GodotGameActivity]
09-10 10:17:03.404   562  1008 I wm_set_resumed_activity: [0,dev.partydeck.godot.compare/.GodotGameActivity,realStartActivityLocked - onActivityStateChanged]
09-10 10:17:03.410   562   585 I sysui_multi_action: [757,803,799,window_time_0,802,14]
09-10 10:17:03.411   562   589 I input_focus: [Requesting to set focus to null window,reason=UpdateInputWindows]
09-10 10:17:03.562   562   676 I input_focus: [Focus leaving 3ab6349 dev.partydeck.godot.compare/dev.partydeck.godot.compare.ComparisonActivity (server),reason=Waiting for window because NO_WINDOW]
09-10 10:17:03.689  8790  8790 I service_manager_slow: [19,window]
09-10 10:17:03.904   562   663 I commit_sys_config_file: [settings-2-0,2]
09-10 10:17:04.004  2818  2818 I viewroot_draw_event: [VRI[ComparisonActivity],Not drawing due to not visible. Reason=!mAppVisible && !mForceDecorViewVisibility]
09-10 10:17:04.178  8789  8789 I wm_on_create_called: [191892641,dev.partydeck.godot.compare.GodotGameActivity,performCreate,445]
09-10 10:17:04.183  8789  8789 I wm_on_start_called: [191892641,dev.partydeck.godot.compare.GodotGameActivity,handleStartActivity,5]
09-10 10:17:04.186  8789  8789 I wm_on_resume_called: [191892641,dev.partydeck.godot.compare.GodotGameActivity,RESUME_ACTIVITY,1]
09-10 10:17:04.196  8789  8789 I wm_on_top_resumed_gained_called: [191892641,dev.partydeck.godot.compare.GodotGameActivity,topStateChangedWhenResumed]
09-10 10:17:04.237   562   589 I input_focus: [Focus request e0f82bd dev.partydeck.godot.compare/dev.partydeck.godot.compare.GodotGameActivity,reason=UpdateInputWindows]
09-10 10:17:04.454   562  1008 I wm_set_requested_orientation: [13,dev.partydeck.godot.compare/.GodotGameActivity]
09-10 10:17:04.572   562  1252 I wm_stop_activity: [0,180891068,dev.partydeck.godot.compare/.ComparisonActivity]
09-10 10:17:04.573  2818  2818 I wm_on_stop_called: [180891068,dev.partydeck.godot.compare.ComparisonActivity,STOP_ACTIVITY_ITEM,0]
09-10 10:17:05.373  8789  8831 I viewroot_draw_event: [VRI[GodotGameActivity],reportDrawFinished seqId=0]
09-10 10:17:05.376   929   972 I jank_cuj_events_begin_request: [39,1789035425376285000,658655048291,658655048391,]
09-10 10:17:05.379   562   585 I sysui_multi_action: [319,192,321,72,322,2156,325,656,757,761,758,7,759,2,806,dev.partydeck.godot.compare,871,dev.partydeck.godot.compare.GodotGameActivity,904,dev.partydeck.godot.compare,905,0,945,144,1320,12,1321,1]
09-10 10:17:05.379   562   585 I wm_activity_launch_time: [0,191892641,dev.partydeck.godot.compare/.GodotGameActivity,2156]
09-10 10:17:05.384   929   972 I jank_cuj_events_end_request: [39,1789035425384717000,658663479892,658663479962]
09-10 10:17:05.390   929  1007 I viewroot_draw_event: [VRI[compare],Not drawing due to not visible. Reason=View.GONE]
09-10 10:17:05.499   562   676 I input_focus: [Focus entering e0f82bd dev.partydeck.godot.compare/dev.partydeck.godot.compare.GodotGameActivity (server),reason=Window became focusable. Previous reason: NOT_VISIBLE]
09-10 10:17:05.504   562   663 I commit_sys_config_file: [settings-2-0,40]
09-10 10:17:06.611   562   663 I commit_sys_config_file: [settings-2-0,2]
09-10 10:17:07.913   562   663 I commit_sys_config_file: [settings-2-0,2]
09-10 10:17:09.353   562   663 I commit_sys_config_file: [settings-2-0,4]
09-10 10:17:10.422   562   663 I commit_sys_config_file: [settings-2-0,2]
09-10 10:17:11.435   562   663 I commit_sys_config_file: [settings-2-0,2]
09-10 10:17:12.446   562   663 I commit_sys_config_file: [settings-2-0,2]
09-10 10:17:15.269   562   663 I commit_sys_config_file: [settings-2-0,2]
09-10 10:17:16.283   562   663 I commit_sys_config_file: [settings-2-0,1]
09-10 10:17:17.302   562   663 I commit_sys_config_file: [settings-2-0,1]
09-10 10:17:18.314   562   663 I commit_sys_config_file: [settings-2-0,2]
09-10 10:17:18.959   562   676 I input_interaction: Interaction with: e0f82bd dev.partydeck.godot.compare/dev.partydeck.godot.compare.GodotGameActivity (server), PointerEventDispatcher0 (server), 
09-10 10:17:19.502   562   663 I commit_sys_config_file: [settings-2-0,2]
09-10 10:17:20.521   562   663 I commit_sys_config_file: [settings-2-0,2]
09-10 10:17:21.533   562   663 I commit_sys_config_file: [settings-2-0,1]
09-10 10:17:22.548   562   663 I commit_sys_config_file: [settings-2-0,2]
09-10 10:17:23.383   562   637 I wm_finish_activity: [0,191892641,8,dev.partydeck.godot.compare/.GodotGameActivity,app-request]
09-10 10:17:23.385   562   637 I wm_pause_activity: [0,191892641,dev.partydeck.godot.compare/.GodotGameActivity,userLeaving=false,finish]
09-10 10:17:23.400  8789  8789 I wm_on_top_resumed_lost_called: [191892641,dev.partydeck.godot.compare.GodotGameActivity,topStateChangedWhenResumed]
09-10 10:17:23.402  8789  8789 I wm_on_paused_called: [191892641,dev.partydeck.godot.compare.GodotGameActivity,performPause,2]
09-10 10:17:23.403   562   637 I wm_add_to_stopping: [0,191892641,dev.partydeck.godot.compare/.GodotGameActivity,completeFinishing]
09-10 10:17:23.405   562   637 I wm_set_resumed_activity: [0,dev.partydeck.godot.compare/.ComparisonActivity,resumeTopActivity - onActivityStateChanged]
09-10 10:17:23.411   562   637 I wm_resume_activity: [0,180891068,8,dev.partydeck.godot.compare/.ComparisonActivity]
09-10 10:17:23.414  2818  2818 I wm_on_restart_called: [180891068,dev.partydeck.godot.compare.ComparisonActivity,performRestart,0]
09-10 10:17:23.414  2818  2818 I wm_on_start_called: [180891068,dev.partydeck.godot.compare.ComparisonActivity,handleStartActivity,0]
09-10 10:17:23.415  2818  2818 I wm_on_activity_result_called: [180891068,dev.partydeck.godot.compare.ComparisonActivity,ACTIVITY_RESULT]
09-10 10:17:23.416   562   585 I sysui_multi_action: [757,803,799,window_time_0,802,20]
09-10 10:17:23.416  2818  2818 I wm_on_resume_called: [180891068,dev.partydeck.godot.compare.ComparisonActivity,RESUME_ACTIVITY,2]
09-10 10:17:23.416  2818  2818 I wm_on_top_resumed_gained_called: [180891068,dev.partydeck.godot.compare.ComparisonActivity,topWhenResuming]
09-10 10:17:23.445   562   589 I input_focus: [Focus request 3ab6349 dev.partydeck.godot.compare/dev.partydeck.godot.compare.ComparisonActivity,reason=UpdateInputWindows]
09-10 10:17:23.448  2818  2818 I viewroot_draw_event: [VRI[ComparisonActivity],Start draw after previous draw not visible]
09-10 10:17:23.534   562   676 I input_focus: [Focus leaving e0f82bd dev.partydeck.godot.compare/dev.partydeck.godot.compare.GodotGameActivity (server),reason=NO_WINDOW]
09-10 10:17:23.561   562  8660 I am_proc_died: [0,8789,dev.partydeck.godot.compare:godot,0,2]
09-10 10:17:23.608  2818  2818 I viewroot_draw_event: [VRI[ComparisonActivity],reportDrawFinished seqId=0]
09-10 10:17:23.868   562   663 I commit_sys_config_file: [settings-2-0,12]
09-10 10:17:24.023   562   676 I input_focus: [Focus entering 3ab6349 dev.partydeck.godot.compare/dev.partydeck.godot.compare.ComparisonActivity (server),reason=Window became focusable. Previous reason: NOT_VISIBLE]
09-10 10:17:25.240   562   663 I commit_sys_config_file: [settings-2-0,5]
09-10 10:17:26.247   562   663 I commit_sys_config_file: [settings-2-0,2]
09-10 10:17:27.258   562   663 I commit_sys_config_file: [settings-2-0,2]
09-10 10:17:28.281   562   663 I commit_sys_config_file: [settings-2-0,2]
09-10 10:17:29.299   562   663 I commit_sys_config_file: [settings-2-0,1]
09-10 10:17:30.286   562   663 I commit_sys_config_file: [settings-2-0,1]
09-10 10:17:31.298   562   663 I commit_sys_config_file: [settings-2-0,2]
09-10 10:17:32.332   562   663 I commit_sys_config_file: [settings-2-0,2]
09-10 10:17:33.348   562   663 I commit_sys_config_file: [settings-2-0,2]
09-10 10:17:35.852   562   663 I commit_sys_config_file: [settings-2-0,2]
09-10 10:17:36.864   562   663 I commit_sys_config_file: [settings-2-0,1]
09-10 10:17:37.516   562   676 I input_interaction: Interaction with: 3ab6349 dev.partydeck.godot.compare/dev.partydeck.godot.compare.ComparisonActivity (server), PointerEventDispatcher0 (server), 
09-10 10:17:37.544   562  1887 I wm_task_moved: [8,8,0,1,2]
09-10 10:17:37.544   562  1887 I wm_create_activity: [0,81553708,8,dev.partydeck.godot.compare/.GodotGameActivity,NULL,NULL,NULL,0]
09-10 10:17:37.549   562  1887 I wm_pause_activity: [0,180891068,dev.partydeck.godot.compare/.ComparisonActivity,userLeaving=true,resumeTopActivity]
09-10 10:17:37.563   562   597 I am_proc_start: [0,9138,10148,dev.partydeck.godot.compare:godot,next-top-activity,{dev.partydeck.godot.compare/dev.partydeck.godot.compare.GodotGameActivity}]
09-10 10:17:37.564  2818  2818 I wm_on_top_resumed_lost_called: [180891068,dev.partydeck.godot.compare.ComparisonActivity,topStateChangedWhenResumed]
09-10 10:17:37.566  2818  2818 I wm_on_paused_called: [180891068,dev.partydeck.godot.compare.ComparisonActivity,performPause,0]
09-10 10:17:37.567   562   634 I wm_add_to_stopping: [0,180891068,dev.partydeck.godot.compare/.ComparisonActivity,makeInvisible]
09-10 10:17:37.568   562   585 I sysui_multi_action: [757,803,799,window_time_0,802,14]
09-10 10:17:37.686   562   676 I input_focus: [Focus leaving 3ab6349 dev.partydeck.godot.compare/dev.partydeck.godot.compare.ComparisonActivity (server),reason=NO_WINDOW]
09-10 10:17:37.690   562  1887 I am_proc_bound: [0,9138,dev.partydeck.godot.compare:godot]
09-10 10:17:37.692   929  1007 I viewroot_draw_event: [VRI[compare],reportDrawFinished seqId=0]
09-10 10:17:37.911   562  1887 I wm_restart_activity: [0,81553708,8,dev.partydeck.godot.compare/.GodotGameActivity]
09-10 10:17:37.911   562  1887 I wm_set_resumed_activity: [0,dev.partydeck.godot.compare/.GodotGameActivity,realStartActivityLocked - onActivityStateChanged]
09-10 10:17:38.225   562   663 I commit_sys_config_file: [settings-2-0,7]
09-10 10:17:38.421  2818  2818 I viewroot_draw_event: [VRI[ComparisonActivity],Not drawing due to not visible. Reason=!mAppVisible && !mForceDecorViewVisibility]
09-10 10:17:38.512  9138  9138 I wm_on_create_called: [81553708,dev.partydeck.godot.compare.GodotGameActivity,performCreate,436]
09-10 10:17:38.517  9138  9138 I wm_on_start_called: [81553708,dev.partydeck.godot.compare.GodotGameActivity,handleStartActivity,5]
09-10 10:17:38.522  9138  9138 I wm_on_resume_called: [81553708,dev.partydeck.godot.compare.GodotGameActivity,RESUME_ACTIVITY,3]
09-10 10:17:38.536  9138  9138 I wm_on_top_resumed_gained_called: [81553708,dev.partydeck.godot.compare.GodotGameActivity,topStateChangedWhenResumed]
09-10 10:17:38.555   562   589 I input_focus: [Focus request 9a05678 dev.partydeck.godot.compare/dev.partydeck.godot.compare.GodotGameActivity,reason=UpdateInputWindows]
09-10 10:17:38.767   562  2015 I wm_set_requested_orientation: [13,dev.partydeck.godot.compare/.GodotGameActivity]
09-10 10:17:38.797   562  2015 I wm_stop_activity: [0,180891068,dev.partydeck.godot.compare/.ComparisonActivity]
09-10 10:17:38.873  2818  2818 I wm_on_stop_called: [180891068,dev.partydeck.godot.compare.ComparisonActivity,STOP_ACTIVITY_ITEM,2]
09-10 10:17:39.665  9138  9177 I viewroot_draw_event: [VRI[GodotGameActivity],reportDrawFinished seqId=0]
09-10 10:17:39.675   562   585 I sysui_multi_action: [319,380,321,157,322,2134,325,690,757,761,758,7,759,2,806,dev.partydeck.godot.compare,871,dev.partydeck.godot.compare.GodotGameActivity,904,dev.partydeck.godot.compare,905,0,945,151,1320,12,1321,1]
09-10 10:17:39.675   562   585 I wm_activity_launch_time: [0,81553708,dev.partydeck.godot.compare/.GodotGameActivity,2134]
09-10 10:17:39.675   929   972 I jank_cuj_events_begin_request: [39,1789035459674888000,692953651073,692953651163,]
09-10 10:17:39.690   929   972 I jank_cuj_events_end_request: [39,1789035459690705000,692969468062,692969468122]
09-10 10:17:39.693   929  1007 I viewroot_draw_event: [VRI[compare],Not drawing due to not visible. Reason=View.GONE]
09-10 10:17:39.757   562   676 I input_focus: [Focus entering 9a05678 dev.partydeck.godot.compare/dev.partydeck.godot.compare.GodotGameActivity (server),reason=Window became focusable. Previous reason: NOT_VISIBLE]
09-10 10:17:39.779   562   663 I commit_sys_config_file: [settings-2-0,3]
09-10 10:17:39.973   562   840 I service_manager_stats: [100,23,48064]
09-10 10:17:40.898   562   663 I commit_sys_config_file: [settings-2-0,2]
09-10 10:17:42.122   562   663 I commit_sys_config_file: [settings-2-0,3]
09-10 10:17:43.484   562   663 I commit_sys_config_file: [settings-2-0,4]
09-10 10:17:44.589   562   663 I commit_sys_config_file: [settings-2-0,2]
09-10 10:17:45.603   562   663 I commit_sys_config_file: [settings-2-0,2]
09-10 10:17:46.613   562   663 I commit_sys_config_file: [settings-2-0,1]
09-10 10:17:49.118   562   676 I input_interaction: Interaction with: 9a05678 dev.partydeck.godot.compare/dev.partydeck.godot.compare.GodotGameActivity (server), PointerEventDispatcher0 (server), 
09-10 10:17:49.120   562  1628 I sysui_multi_action: [757,803,799,key_back_press,802,1]
09-10 10:17:49.466   562  1628 I wm_finish_activity: [0,81553708,8,dev.partydeck.godot.compare/.GodotGameActivity,app-request]
09-10 10:17:49.467   562  1628 I wm_pause_activity: [0,81553708,dev.partydeck.godot.compare/.GodotGameActivity,userLeaving=false,finish]
09-10 10:17:49.481  9138  9138 I wm_on_top_resumed_lost_called: [81553708,dev.partydeck.godot.compare.GodotGameActivity,topStateChangedWhenResumed]
09-10 10:17:49.487  9138  9138 I wm_on_paused_called: [81553708,dev.partydeck.godot.compare.GodotGameActivity,performPause,2]
09-10 10:17:49.488   562  1628 I wm_add_to_stopping: [0,81553708,dev.partydeck.godot.compare/.GodotGameActivity,completeFinishing]
09-10 10:17:49.490   562  1628 I wm_set_resumed_activity: [0,dev.partydeck.godot.compare/.ComparisonActivity,resumeTopActivity - onActivityStateChanged]
09-10 10:17:49.491   562  1628 I wm_resume_activity: [0,180891068,8,dev.partydeck.godot.compare/.ComparisonActivity]
09-10 10:17:49.494   562   585 I sysui_multi_action: [757,803,799,window_time_0,802,12]
09-10 10:17:49.495  2818  2818 I wm_on_restart_called: [180891068,dev.partydeck.godot.compare.ComparisonActivity,performRestart,0]
09-10 10:17:49.495  2818  2818 I wm_on_start_called: [180891068,dev.partydeck.godot.compare.ComparisonActivity,handleStartActivity,0]
09-10 10:17:49.495  2818  2818 I wm_on_activity_result_called: [180891068,dev.partydeck.godot.compare.ComparisonActivity,ACTIVITY_RESULT]
09-10 10:17:49.495  2818  2818 I wm_on_resume_called: [180891068,dev.partydeck.godot.compare.ComparisonActivity,RESUME_ACTIVITY,0]
09-10 10:17:49.496  2818  2818 I wm_on_top_resumed_gained_called: [180891068,dev.partydeck.godot.compare.ComparisonActivity,topWhenResuming]
09-10 10:17:49.496   562   676 I input_focus: [Focus leaving 9a05678 dev.partydeck.godot.compare/dev.partydeck.godot.compare.GodotGameActivity (server),reason=NO_WINDOW]
09-10 10:17:49.530   562   589 I input_focus: [Focus request 3ab6349 dev.partydeck.godot.compare/dev.partydeck.godot.compare.ComparisonActivity,reason=UpdateInputWindows]
09-10 10:17:49.535  2818  2818 I viewroot_draw_event: [VRI[ComparisonActivity],Start draw after previous draw not visible]
09-10 10:17:49.678   562   636 I am_proc_died: [0,9138,dev.partydeck.godot.compare:godot,0,2]
09-10 10:17:49.711  2818  2818 I viewroot_draw_event: [VRI[ComparisonActivity],reportDrawFinished seqId=0]
09-10 10:17:49.778   562   663 I commit_sys_config_file: [settings-2-0,19]
09-10 10:17:50.018   562   676 I input_focus: [Focus entering 3ab6349 dev.partydeck.godot.compare/dev.partydeck.godot.compare.ComparisonActivity (server),reason=Window became focusable. Previous reason: NOT_VISIBLE]
09-10 10:17:51.238   562   663 I commit_sys_config_file: [settings-2-0,7]
09-10 10:17:52.248   562   663 I commit_sys_config_file: [settings-2-0,1]
09-10 10:17:53.262   562   663 I commit_sys_config_file: [settings-2-0,2]
09-10 10:17:54.294   562   663 I commit_sys_config_file: [settings-2-0,1]
09-10 10:17:55.303   562   663 I commit_sys_config_file: [settings-2-0,2]
09-10 10:17:56.295   562   663 I commit_sys_config_file: [settings-2-0,1]
09-10 10:17:57.307   562   663 I commit_sys_config_file: [settings-2-0,2]
09-10 10:17:58.341   562   663 I commit_sys_config_file: [settings-2-0,2]
09-10 10:17:59.354   562   663 I commit_sys_config_file: [settings-2-0,2]
