--------- beginning of events
09-10 16:45:56.013   161   161 I snet_event_log: [121035042,-1,]
09-10 16:45:56.021   161   161 I auditd  : SELinux: Loaded service context from:
09-10 16:45:56.023   161   161 I auditd  : 		/system/etc/selinux/plat_service_contexts
09-10 16:45:56.027   161   161 I auditd  : 		/system_ext/etc/selinux/system_ext_service_contexts
09-10 16:45:56.030   161   161 I auditd  : 		/vendor/etc/selinux/vendor_service_contexts
09-10 16:45:48.840   159   159 I auditd  : type=2000 audit(0.0:1): state=initialized audit_enabled=0 res=1
09-10 16:45:54.916   159   159 I auditd  : type=1403 audit(0.0:2): auid=4294967295 ses=4294967295 lsm=selinux res=1
09-10 16:45:54.916   159   159 I auditd  : type=1404 audit(0.0:3): enforcing=1 old_enforcing=0 auid=4294967295 ses=4294967295 enabled=1 old-enabled=1 lsm=selinux res=1
09-10 16:45:54.972     1     1 I auditd  : type=1107 audit(0.0:4): uid=0 auid=4294967295 ses=4294967295 subj=u:r:init:s0 msg='avc:  denied  { set } for property=persist.sys.usb.config pid=1 uid=0 gid=0 scontext=u:r:vendor_init:s0 tcontext=u:object_r:system_prop:s0 tclass=property_service permissive=0'
09-10 16:45:56.504   186   186 I auditd  : SELinux: Loaded keystore2 context from:
09-10 16:45:56.504   186   186 I auditd  : 		/system/etc/selinux/plat_keystore2_key_contexts
09-10 16:45:56.504   186   186 I auditd  : 		/system_ext/etc/selinux/system_ext_keystore2_key_contexts
09-10 16:45:56.504   186   186 I auditd  : 		/vendor/etc/selinux/vendor_keystore2_key_contexts
09-10 16:45:57.691   230   230 I auditd  : SELinux: Loaded file context from:
09-10 16:45:57.693   230   230 I auditd  : 		/system/etc/selinux/plat_file_contexts
09-10 16:45:57.695   230   230 I auditd  : 		/system_ext/etc/selinux/system_ext_file_contexts
09-10 16:45:57.698   230   230 I auditd  : 		/vendor/etc/selinux/vendor_file_contexts
09-10 16:46:01.300     1     1 I auditd  : type=1400 audit(0.0:5): avc:  denied  { write } for  comm="init" name="error_report_end" dev="tracefs" ino=8341 scontext=u:r:init:s0 tcontext=u:object_r:debugfs_bootreceiver_tracing:s0 tclass=dir permissive=0
09-10 16:46:01.972   365   365 I boot_progress_start: 13547
09-10 16:46:02.598   365   365 I snet_event_log: [200284993,-1,]
09-10 16:46:02.863   365   365 I boot_progress_preload_start: 14437
09-10 16:46:03.738   365   365 I boot_progress_preload_end: 15313
09-10 16:46:04.233   563   563 I system_server_start: [1,15805,15805]
09-10 16:46:04.234   563   563 I boot_progress_system_run: 15809
09-10 16:46:04.649   563   607 I commit_sys_config_file: [batterystats,2]
09-10 16:46:04.653   563   607 I commit_sys_config_file: [batterystats,2]
09-10 16:46:04.753   563   607 I commit_sys_config_file: [display-state,8]
09-10 16:46:04.755   563   563 I boot_progress_pms_start: 16330
09-10 16:46:04.786   563   563 I pm_critical_info: No package manager settings file
09-10 16:46:04.789   563   563 I boot_progress_pms_system_scan_start: 16364
09-10 16:46:05.153   563   563 I service_manager_stats: [100,37,16727]
09-10 16:46:05.298   563   563 I pm_critical_info: Adding duplicate shared id: 1000 name=android
09-10 16:46:05.337   563   563 I service_manager_slow: [11,platform_compat]
09-10 16:46:05.374   563   563 I pm_critical_info: Adding duplicate app id: 10065 name=com.android.providers.contacts
09-10 16:46:05.408   563   563 I pm_critical_info: Adding duplicate shared id: 1000 name=com.android.location.fused
09-10 16:46:05.434   563   563 I pm_critical_info: Adding duplicate app id: 10073 name=com.android.providers.downloads.ui
09-10 16:46:05.468   563   563 I pm_critical_info: Adding duplicate shared id: 1001 name=com.android.ons
09-10 16:46:05.480   563   563 I pm_critical_info: Adding duplicate app id: 10065 name=com.android.providers.blockednumber
09-10 16:46:05.486   563   563 I pm_critical_info: Adding duplicate app id: 10065 name=com.android.providers.userdictionary
09-10 16:46:05.494   563   563 I pm_critical_info: Adding duplicate shared id: 1000 name=com.android.DeviceAsWebcam
09-10 16:46:05.496   563   563 I pm_critical_info: Adding duplicate shared id: 1001 name=com.android.phone
09-10 16:46:05.501   563   563 I pm_critical_info: Adding duplicate app id: 10073 name=com.android.mtp
09-10 16:46:05.504   563   563 I pm_critical_info: Adding duplicate app id: 10065 name=com.android.calllogbackup
09-10 16:46:05.510   563   563 I pm_critical_info: Adding duplicate shared id: 1000 name=com.android.providers.settings
09-10 16:46:05.519   563   563 I pm_critical_info: Adding duplicate shared id: 1000 name=com.android.dynsystem
09-10 16:46:05.526   563   563 I pm_critical_info: Adding duplicate app id: 10065 name=com.android.providers.contactkeys
09-10 16:46:05.544   563   563 I pm_critical_info: Adding duplicate shared id: 2000 name=com.android.shell
09-10 16:46:05.565   563   563 I pm_critical_info: Adding duplicate shared id: 1073 name=com.android.networkstack
09-10 16:46:05.569   563   563 I pm_critical_info: Adding duplicate shared id: 1000 name=com.android.inputdevices
09-10 16:46:05.575   563   563 I pm_critical_info: Adding duplicate shared id: 1001 name=com.android.mms.service
09-10 16:46:05.581   563   563 I pm_critical_info: Adding duplicate app id: 10079 name=com.android.providers.calendar
09-10 16:46:05.583   563   563 I pm_critical_info: Adding duplicate shared id: 1001 name=com.android.providers.telephony
09-10 16:46:05.584   563   563 I pm_critical_info: Adding duplicate app id: 10073 name=com.android.providers.media
09-10 16:46:05.586   563   563 I pm_critical_info: Adding duplicate shared id: 1000 name=com.android.server.telecom
09-10 16:46:05.590   563   563 I pm_critical_info: Adding duplicate app id: 10073 name=com.android.providers.downloads
09-10 16:46:05.592   563   563 I pm_critical_info: Adding duplicate app id: 10073 name=com.android.soundpicker
09-10 16:46:05.594   563   563 I pm_critical_info: Adding duplicate shared id: 1000 name=com.android.localtransport
09-10 16:46:05.618   563   563 I pm_critical_info: Adding duplicate shared id: 1068 name=com.android.se
09-10 16:46:05.664   563   563 I pm_critical_info: Adding duplicate shared id: 1001 name=com.android.stk
09-10 16:46:05.667   563   563 I pm_critical_info: Adding duplicate shared id: 1000 name=com.android.keychain
09-10 16:46:05.873   563   563 I pm_critical_info: Adding duplicate app id: 10119 name=com.android.emergency
09-10 16:46:05.878   563   563 I pm_critical_info: Adding duplicate shared id: 1000 name=com.android.emulator.multidisplay
09-10 16:46:05.893   563   563 I pm_critical_info: Adding duplicate app id: 10122 name=com.android.systemui
09-10 16:46:05.955   563   563 I pm_critical_info: Adding duplicate shared id: 1000 name=com.android.settings
09-10 16:46:05.982   563   563 I pm_critical_info: Adding duplicate shared id: 1073 name=com.android.cellbroadcastservice
09-10 16:46:06.074   563   563 I pm_critical_info: Adding duplicate shared id: 1002 name=com.android.bluetooth
09-10 16:46:06.176   563   563 I pm_critical_info: Adding duplicate app id: 10131 name=com.android.cts.ctsshim
09-10 16:46:06.242   563   563 I pm_critical_info: Adding duplicate shared id: 1073 name=com.android.networkstack.tethering
09-10 16:46:06.387   563   563 I pm_critical_info: Adding duplicate shared id: 1027 name=com.android.nfc
09-10 16:46:06.617   563   563 I boot_progress_pms_data_scan_start: 18192
09-10 16:46:06.620   563   563 I boot_progress_pms_scan_end: 18195
09-10 16:46:06.757   563   563 I commit_sys_config_file: [package,30]
09-10 16:46:06.757   563   563 I boot_progress_pms_ready: 18332
09-10 16:46:06.783   563   629 I commit_sys_config_file: [package-user-0,27]
09-10 16:46:06.787   563   563 I am_uid_running: 1000
09-10 16:46:06.793   563   563 I am_uid_active: 1000
09-10 16:46:07.063   563   563 I commit_sys_config_file: [overlays,5]
09-10 16:46:07.079   563   592 I battery_status: [2,2,1,1,Li-ion]
09-10 16:46:07.080   563   592 I battery_level: [100,5000,250]
09-10 16:46:07.199   563   678 I commit_sys_config_file: [settings-1-0,1]
09-10 16:46:07.200   563   678 I commit_sys_config_file: [settings-0-0,1]
09-10 16:46:07.202   563   678 I commit_sys_config_file: [settings-2-0,2]
09-10 16:46:07.204   563   678 I commit_sys_config_file: [settings-1-0,2]
09-10 16:46:07.301   563   563 I wm_task_created: 1
09-10 16:46:07.304   563   599 I sysui_multi_action: [757,1594,758,4,759,1,806,NULL]
09-10 16:46:07.317   563   563 I commit_sys_config_file: [net-watchlist,2]
09-10 16:46:07.328   563   608 I am_wtf  : [0,563,system_server,-1,SystemServiceRegistry,No service published for: jobscheduler]
09-10 16:46:07.331   563   608 I am_wtf  : [0,563,system_server,-1,SystemServiceRegistry,Manager wrapper not available: jobscheduler]
09-10 16:46:07.366   563   563 I configuration_changed: 536894968
09-10 16:46:07.367   563   563 I sysui_multi_action: [757,1659,758,4,759,1,1660,0]
09-10 16:46:07.390   563   598 I am_uid_running: 10138
09-10 16:46:07.527   563   678 I commit_sys_config_file: [settings-0-0,7]
09-10 16:46:09.531   563   563 I sysui_multi_action: [757,804,799,opt_dialog_num_dexopted,801,18,802,1]
09-10 16:46:09.531   563   563 I sysui_multi_action: [757,804,799,opt_dialog_num_skipped,801,95,802,1]
09-10 16:46:09.531   563   563 I sysui_multi_action: [757,804,799,opt_dialog_num_failed,801,0,802,1]
09-10 16:46:09.531   563   563 I sysui_multi_action: [757,804,799,opt_dialog_num_total,801,113,802,1]
09-10 16:46:09.531   563   563 I sysui_multi_action: [757,804,799,opt_dialog_time_s,801,2,802,1]
09-10 16:46:09.555   563   563 I device_idle: [0,boot]
09-10 16:46:09.555   563   563 I device_idle_light: [0,boot]
09-10 16:46:09.670   563   608 I am_wtf  : [0,563,system_server,-1,SystemServiceRegistry,No service published for: jobscheduler]
09-10 16:46:09.671   563   608 I am_wtf  : [0,563,system_server,-1,SystemServiceRegistry,Manager wrapper not available: jobscheduler]
09-10 16:46:09.671   563   608 I am_wtf  : [0,563,system_server,-1,SystemServiceRegistry,No service published for: jobscheduler]
09-10 16:46:09.671   563   608 I am_wtf  : [0,563,system_server,-1,SystemServiceRegistry,Manager wrapper not available: jobscheduler]
09-10 16:46:09.672   563   608 I am_wtf  : [0,563,system_server,-1,SystemServiceRegistry,No service published for: jobscheduler]
09-10 16:46:09.672   563   608 I am_wtf  : [0,563,system_server,-1,SystemServiceRegistry,Manager wrapper not available: jobscheduler]
09-10 16:46:09.672   563   563 I sysui_multi_action: [757,856,758,1,806,android,857,PHYSICAL_KEYBOARD,858,2]
09-10 16:46:09.672   563   563 I sysui_multi_action: [757,856,758,1,806,android,857,SECURITY,858,2]
09-10 16:46:09.673   563   563 I sysui_multi_action: [757,856,758,1,806,android,857,CAR_MODE,858,2]
09-10 16:46:09.673   563   563 I sysui_multi_action: [757,856,758,1,806,android,857,ACCOUNT,858,2]
09-10 16:46:09.673   563   563 I sysui_multi_action: [757,856,758,1,806,android,857,DEVELOPER,858,2]
09-10 16:46:09.673   563   563 I sysui_multi_action: [757,856,758,1,806,android,857,DEVELOPER_IMPORTANT,858,4]
09-10 16:46:09.673   563   563 I sysui_multi_action: [757,856,758,1,806,android,857,UPDATES,858,2]
09-10 16:46:09.673   563   563 I sysui_multi_action: [757,856,758,1,806,android,857,NETWORK_STATUS,858,2]
09-10 16:46:09.673   563   563 I sysui_multi_action: [757,856,758,1,806,android,857,NETWORK_ALERTS,858,4]
09-10 16:46:09.673   563   563 I sysui_multi_action: [757,856,758,1,806,android,857,NETWORK_AVAILABLE,858,2]
09-10 16:46:09.674   563   563 I sysui_multi_action: [757,856,758,1,806,android,857,VPN,858,2]
09-10 16:46:09.674   563   563 I sysui_multi_action: [757,856,758,1,806,android,857,DEVICE_ADMIN_ALERTS,858,4]
09-10 16:46:09.674   563   563 I sysui_multi_action: [757,856,758,1,806,android,857,ALERTS,858,3]
09-10 16:46:09.674   563   563 I sysui_multi_action: [757,856,758,1,806,android,857,RETAIL_MODE,858,2]
09-10 16:46:09.674   563   563 I sysui_multi_action: [757,856,758,1,806,android,857,USB,858,1]
09-10 16:46:09.674   563   563 I sysui_multi_action: [757,856,758,1,806,android,857,FOREGROUND_SERVICE,858,2]
09-10 16:46:09.674   563   563 I sysui_multi_action: [757,856,758,1,806,android,857,HEAVY_WEIGHT_APP,858,3]
09-10 16:46:09.674   563   563 I sysui_multi_action: [757,856,758,1,806,android,857,SYSTEM_CHANGES_ALERTS,858,3]
09-10 16:46:09.674   563   563 I sysui_multi_action: [757,856,758,1,806,android,857,DO_NOT_DISTURB,858,2]
09-10 16:46:09.674   563   563 I sysui_multi_action: [757,856,758,1,806,android,857,ACCESSIBILITY_MAGNIFICATION,858,4]
09-10 16:46:09.674   563   563 I sysui_multi_action: [757,856,758,1,806,android,857,ACCESSIBILITY_SECURITY_POLICY,858,2]
09-10 16:46:09.674   563   563 I sysui_multi_action: [757,856,758,1,806,android,857,ABUSIVE_BACKGROUND_APPS,858,2]
09-10 16:46:09.676   563   873 I storage_state: [41217664-9172-527a-b3d5-edabb50a7d69,0,0,5814636544,6228115456]
09-10 16:46:09.730   563   608 I am_wtf  : [0,563,system_server,-1,SystemServiceRegistry,No service published for: jobscheduler]
09-10 16:46:09.730   563   608 I am_wtf  : [0,563,system_server,-1,SystemServiceRegistry,Manager wrapper not available: jobscheduler]
09-10 16:46:09.786   563   879 I stream_devices_changed: [4,0,2]
09-10 16:46:09.786   563   879 I stream_devices_changed: [6,0,2]
09-10 16:46:09.786   563   879 I stream_devices_changed: [3,0,2]
09-10 16:46:09.786   563   879 I stream_devices_changed: [5,0,2]
09-10 16:46:09.787   563   879 I stream_devices_changed: [2,0,2]
09-10 16:46:09.787   563   879 I stream_devices_changed: [0,0,2]
09-10 16:46:09.878   563   678 I commit_sys_config_file: [settings-2-0,10]
09-10 16:46:09.880   563   678 I commit_sys_config_file: [settings-0-0,2]
09-10 16:46:09.924   563   598 I commit_sys_config_file: [notification-policy,8]
09-10 16:46:09.929   563   678 I commit_sys_config_file: [settings-1-0,4]
09-10 16:46:10.015   563   563 I configuration_changed: 512
09-10 16:46:10.027   563   857 I sysui_multi_action: [757,856,758,1,806,android,857,APM_ALERTS,858,4]
09-10 16:46:10.062   563   563 I commit_sys_config_file: [package-session,2]
09-10 16:46:10.083   563   563 I sysui_multi_action: [757,1243,758,4,806,com.android.dynsystem,1241,android.permission.POST_NOTIFICATIONS]
09-10 16:46:10.083   563   563 I sysui_multi_action: [757,1243,758,4,806,com.android.server.telecom,1241,android.permission.READ_CALL_LOG]
09-10 16:46:10.084   563   563 I sysui_multi_action: [757,1243,758,4,806,com.android.settings,1241,android.permission.ACCESS_FINE_LOCATION]
09-10 16:46:10.084   563   563 I sysui_multi_action: [757,1243,758,4,806,com.android.settings,1241,android.permission.READ_PHONE_NUMBERS]
09-10 16:46:10.084   563   563 I sysui_multi_action: [757,1243,758,4,806,com.android.settings,1241,android.permission.READ_MEDIA_VISUAL_USER_SELECTED]
09-10 16:46:10.084   563   563 I sysui_multi_action: [757,1243,758,4,806,com.android.settings,1241,android.permission.BLUETOOTH_CONNECT]
09-10 16:46:10.085   563   563 I sysui_multi_action: [757,1243,758,4,806,com.android.server.telecom,1241,android.permission.READ_EXTERNAL_STORAGE]
09-10 16:46:10.085   563   563 I sysui_multi_action: [757,1243,758,4,806,com.android.settings,1241,android.permission.ACCESS_COARSE_LOCATION]
09-10 16:46:10.085   563   563 I sysui_multi_action: [757,1243,758,4,806,com.android.settings,1241,android.permission.READ_PHONE_STATE]
09-10 16:46:10.086   563   563 I sysui_multi_action: [757,1243,758,4,806,com.android.server.telecom,1241,android.permission.SEND_SMS]
09-10 16:46:10.086   563   563 I sysui_multi_action: [757,1243,758,4,806,com.android.settings,1241,android.permission.CALL_PHONE]
09-10 16:46:10.086   563   563 I sysui_multi_action: [757,1243,758,4,806,com.android.settings,1241,android.permission.READ_MEDIA_IMAGES]
09-10 16:46:10.086   563   563 I sysui_multi_action: [757,1243,758,4,806,com.android.settings,1241,android.permission.WRITE_CONTACTS]
09-10 16:46:10.087   563   563 I sysui_multi_action: [757,1243,758,4,806,com.android.DeviceAsWebcam,1241,android.permission.CAMERA]
09-10 16:46:10.087   563   563 I sysui_multi_action: [757,1243,758,4,806,com.android.server.telecom,1241,android.permission.WRITE_CALL_LOG]
09-10 16:46:10.087   563   563 I sysui_multi_action: [757,1243,758,4,806,com.android.settings,1241,android.permission.READ_MEDIA_AUDIO]
09-10 16:46:10.087   563   563 I sysui_multi_action: [757,1243,758,4,806,com.android.settings,1241,android.permission.READ_MEDIA_VIDEO]
09-10 16:46:10.088   563   563 I sysui_multi_action: [757,1243,758,4,806,com.android.settings,1241,android.permission.BLUETOOTH_ADVERTISE]
09-10 16:46:10.088   563   563 I sysui_multi_action: [757,1243,758,4,806,android,1241,android.permission.GET_ACCOUNTS]
09-10 16:46:10.088   563   563 I sysui_multi_action: [757,1243,758,4,806,com.android.settings,1241,android.permission.WRITE_EXTERNAL_STORAGE]
09-10 16:46:10.088   563   563 I sysui_multi_action: [757,1243,758,4,806,android,1241,android.permission.READ_CONTACTS]
09-10 16:46:10.089   563   563 I sysui_multi_action: [757,1243,758,4,806,com.android.location.fused,1241,android.permission.ACCESS_BACKGROUND_LOCATION]
09-10 16:46:10.089   563   563 I sysui_multi_action: [757,1243,758,4,806,com.android.settings,1241,android.permission.BLUETOOTH_SCAN]
09-10 16:46:10.089   563   563 I sysui_multi_action: [757,1243,758,4,806,com.android.mms.service,1241,android.permission.READ_SMS]
09-10 16:46:10.089   563   563 I sysui_multi_action: [757,1243,758,4,806,com.android.stk,1241,android.permission.POST_NOTIFICATIONS]
09-10 16:46:10.090   563   563 I sysui_multi_action: [757,1243,758,4,806,com.android.phone,1241,android.permission.READ_CALL_LOG]
09-10 16:46:10.090   563   563 I sysui_multi_action: [757,1243,758,4,806,com.android.phone,1241,android.permission.ACCESS_FINE_LOCATION]
09-10 16:46:10.090   563   563 I sysui_multi_action: [757,1243,758,4,806,com.android.providers.telephony,1241,android.permission.RECEIVE_SMS]
09-10 16:46:10.090   563   563 I sysui_multi_action: [757,1243,758,4,806,com.android.phone,1241,android.permission.BLUETOOTH_CONNECT]
09-10 16:46:10.091   563   563 I sysui_multi_action: [757,1243,758,4,806,com.android.providers.telephony,1241,android.permission.READ_EXTERNAL_STORAGE]
09-10 16:46:10.091   563   563 I sysui_multi_action: [757,1243,758,4,806,com.android.phone,1241,android.permission.ACCESS_COARSE_LOCATION]
09-10 16:46:10.091   563   563 I sysui_multi_action: [757,1243,758,4,806,com.android.mms.service,1241,android.permission.READ_PHONE_STATE]
09-10 16:46:10.091   563   563 I sysui_multi_action: [757,1243,758,4,806,com.android.phone,1241,android.permission.SEND_SMS]
09-10 16:46:10.091   563   563 I sysui_multi_action: [757,1243,758,4,806,com.android.phone,1241,android.permission.CALL_PHONE]
09-10 16:46:10.092   563   563 I sysui_multi_action: [757,1243,758,4,806,com.android.phone,1241,android.permission.WRITE_CONTACTS]
09-10 16:46:10.092   563   563 I sysui_multi_action: [757,1243,758,4,806,com.android.phone,1241,android.permission.WRITE_CALL_LOG]
09-10 16:46:10.092   563   563 I sysui_multi_action: [757,1243,758,4,806,com.android.phone,1241,android.permission.USE_SIP]
09-10 16:46:10.092   563   563 I sysui_multi_action: [757,1243,758,4,806,com.android.phone,1241,android.permission.GET_ACCOUNTS]
09-10 16:46:10.093   563   563 I sysui_multi_action: [757,1243,758,4,806,com.android.providers.telephony,1241,android.permission.WRITE_EXTERNAL_STORAGE]
09-10 16:46:10.093   563   563 I sysui_multi_action: [757,1243,758,4,806,com.android.phone,1241,android.permission.RECORD_AUDIO]
09-10 16:46:10.093   563   563 I sysui_multi_action: [757,1243,758,4,806,com.android.phone,1241,android.permission.READ_CONTACTS]
09-10 16:46:10.094   563   563 I sysui_multi_action: [757,1243,758,4,806,com.android.phone,1241,android.permission.BLUETOOTH_SCAN]
09-10 16:46:10.094   563   563 I sysui_multi_action: [757,1243,758,4,806,com.android.phone,1241,com.android.voicemail.permission.ADD_VOICEMAIL]
09-10 16:46:10.094   563   563 I sysui_multi_action: [757,1243,758,4,806,com.android.bluetooth,1241,android.permission.READ_SMS]
09-10 16:46:10.094   563   563 I sysui_multi_action: [757,1243,758,4,806,com.android.bluetooth,1241,android.permission.POST_NOTIFICATIONS]
09-10 16:46:10.094   563   563 I sysui_multi_action: [757,1243,758,4,806,com.android.bluetooth,1241,android.permission.READ_CALL_LOG]
09-10 16:46:10.095   563   563 I sysui_multi_action: [757,1243,758,4,806,com.android.bluetooth,1241,android.permission.ACCESS_FINE_LOCATION]
09-10 16:46:10.095   563   563 I sysui_multi_action: [757,1243,758,4,806,com.android.bluetooth,1241,android.permission.RECEIVE_SMS]
09-10 16:46:10.095   563   563 I sysui_multi_action: [757,1243,758,4,806,com.android.bluetooth,1241,android.permission.BLUETOOTH_CONNECT]
09-10 16:46:10.095   563   563 I sysui_multi_action: [757,1243,758,4,806,com.android.bluetooth,1241,android.permission.READ_EXTERNAL_STORAGE]
09-10 16:46:10.095   563   563 I sysui_multi_action: [757,1243,758,4,806,com.android.bluetooth,1241,android.permission.ACCESS_COARSE_LOCATION]
09-10 16:46:10.096   563   563 I sysui_multi_action: [757,1243,758,4,806,com.android.bluetooth,1241,android.permission.SEND_SMS]
09-10 16:46:10.096   563   563 I sysui_multi_action: [757,1243,758,4,806,com.android.bluetooth,1241,android.permission.WRITE_CONTACTS]
09-10 16:46:10.096   563   563 I sysui_multi_action: [757,1243,758,4,806,com.android.bluetooth,1241,android.permission.WRITE_CALL_LOG]
09-10 16:46:10.096   563   563 I sysui_multi_action: [757,1243,758,4,806,com.android.bluetooth,1241,android.permission.BLUETOOTH_ADVERTISE]
09-10 16:46:10.097   563   563 I sysui_multi_action: [757,1243,758,4,806,com.android.bluetooth,1241,android.permission.GET_ACCOUNTS]
09-10 16:46:10.097   563   563 I sysui_multi_action: [757,1243,758,4,806,com.android.bluetooth,1241,android.permission.WRITE_EXTERNAL_STORAGE]
09-10 16:46:10.097   563   563 I sysui_multi_action: [757,1243,758,4,806,com.android.bluetooth,1241,android.permission.READ_CONTACTS]
09-10 16:46:10.097   563   563 I sysui_multi_action: [757,1243,758,4,806,com.android.bluetooth,1241,android.permission.BLUETOOTH_SCAN]
09-10 16:46:10.097   563   563 I sysui_multi_action: [757,1243,758,4,806,com.android.nfc,1241,android.permission.POST_NOTIFICATIONS]
09-10 16:46:10.098   563   563 I sysui_multi_action: [757,1243,758,4,806,com.android.nfc,1241,android.permission.BLUETOOTH_CONNECT]
09-10 16:46:10.098   563   563 I sysui_multi_action: [757,1243,758,4,806,com.android.nfc,1241,android.permission.READ_EXTERNAL_STORAGE]
09-10 16:46:10.098   563   563 I sysui_multi_action: [757,1243,758,4,806,com.android.nfc,1241,android.permission.WRITE_EXTERNAL_STORAGE]
09-10 16:46:10.098   563   563 I sysui_multi_action: [757,1243,758,4,806,com.android.nfc,1241,android.permission.READ_CONTACTS]
09-10 16:46:10.098   563   563 I sysui_multi_action: [757,1243,758,4,806,com.android.nfc,1241,android.permission.BLUETOOTH_SCAN]
09-10 16:46:10.099   563   563 I sysui_multi_action: [757,1243,758,4,806,com.android.networkstack.tethering,1241,android.permission.POST_NOTIFICATIONS]
09-10 16:46:10.099   563   563 I sysui_multi_action: [757,1243,758,4,806,com.android.networkstack,1241,android.permission.ACCESS_FINE_LOCATION]
09-10 16:46:10.099   563   563 I sysui_multi_action: [757,1243,758,4,806,com.android.cellbroadcastservice,1241,android.permission.RECEIVE_SMS]
09-10 16:46:10.099   563   563 I sysui_multi_action: [757,1243,758,4,806,com.android.networkstack.tethering,1241,android.permission.BLUETOOTH_CONNECT]
09-10 16:46:10.099   563   563 I sysui_multi_action: [757,1243,758,4,806,com.android.networkstack,1241,android.permission.ACCESS_COARSE_LOCATION]
09-10 16:46:10.100   563   563 I sysui_multi_action: [757,1243,758,4,806,com.android.networkstack.tethering,1241,android.permission.READ_PHONE_STATE]
09-10 16:46:10.100   563   563 I sysui_multi_action: [757,1243,758,4,806,com.android.cellbroadcastservice,1241,android.permission.READ_CELL_BROADCASTS]
09-10 16:46:10.100   563   563 I sysui_multi_action: [757,1243,758,4,806,com.android.shell,1241,android.permission.READ_SMS]
09-10 16:46:10.100   563   563 I sysui_multi_action: [757,1243,758,4,806,com.android.shell,1241,android.permission.READ_CALENDAR]
09-10 16:46:10.101   563   563 I sysui_multi_action: [757,1243,758,4,806,com.android.shell,1241,android.permission.POST_NOTIFICATIONS]
09-10 16:46:10.101   563   563 I sysui_multi_action: [757,1243,758,4,806,com.android.shell,1241,android.permission.READ_CALL_LOG]
09-10 16:46:10.101   563   563 I sysui_multi_action: [757,1243,758,4,806,com.android.shell,1241,android.permission.ACCESS_FINE_LOCATION]
09-10 16:46:10.101   563   563 I sysui_multi_action: [757,1243,758,4,806,com.android.shell,1241,android.permission.ANSWER_PHONE_CALLS]
09-10 16:46:10.102   563   563 I sysui_multi_action: [757,1243,758,4,806,com.android.shell,1241,android.permission.RECEIVE_WAP_PUSH]
09-10 16:46:10.102   563   563 I sysui_multi_action: [757,1243,758,4,806,com.android.shell,1241,android.permission.BODY_SENSORS]
09-10 16:46:10.102   563   563 I sysui_multi_action: [757,1243,758,4,806,com.android.shell,1241,android.permission.READ_PHONE_NUMBERS]
09-10 16:46:10.102   563   563 I sysui_multi_action: [757,1243,758,4,806,com.android.shell,1241,android.permission.READ_MEDIA_VISUAL_USER_SELECTED]
09-10 16:46:10.103   563   563 I sysui_multi_action: [757,1243,758,4,806,com.android.shell,1241,android.permission.NEARBY_WIFI_DEVICES]
09-10 16:46:10.103   563   563 I sysui_multi_action: [757,1243,758,4,806,com.android.shell,1241,android.permission.RECEIVE_MMS]
09-10 16:46:10.103   563   563 I sysui_multi_action: [757,1243,758,4,806,com.android.shell,1241,android.permission.RECEIVE_SMS]
09-10 16:46:10.104   563   563 I sysui_multi_action: [757,1243,758,4,806,com.android.shell,1241,android.permission.BLUETOOTH_CONNECT]
09-10 16:46:10.104   563   563 I sysui_multi_action: [757,1243,758,4,806,com.android.shell,1241,android.permission.READ_EXTERNAL_STORAGE]
09-10 16:46:10.104   563   563 I sysui_multi_action: [757,1243,758,4,806,com.android.shell,1241,android.permission.ACCESS_COARSE_LOCATION]
09-10 16:46:10.104   563   563 I sysui_multi_action: [757,1243,758,4,806,com.android.shell,1241,android.permission.READ_PHONE_STATE]
09-10 16:46:10.104   563   563 I sysui_multi_action: [757,1243,758,4,806,com.android.shell,1241,android.permission.SEND_SMS]
09-10 16:46:10.105   563   563 I sysui_multi_action: [757,1243,758,4,806,com.android.shell,1241,android.permission.CALL_PHONE]
09-10 16:46:10.105   563   563 I sysui_multi_action: [757,1243,758,4,806,com.android.shell,1241,android.permission.WRITE_CONTACTS]
09-10 16:46:10.105   563   563 I sysui_multi_action: [757,1243,758,4,806,com.android.shell,1241,android.permission.ACCEPT_HANDOVER]
09-10 16:46:10.105   563   563 I sysui_multi_action: [757,1243,758,4,806,com.android.shell,1241,android.permission.CAMERA]
09-10 16:46:10.106   563   563 I sysui_multi_action: [757,1243,758,4,806,com.android.shell,1241,android.permission.WRITE_CALENDAR]
09-10 16:46:10.106   563   563 I sysui_multi_action: [757,1243,758,4,806,com.android.shell,1241,android.permission.WRITE_CALL_LOG]
09-10 16:46:10.106   563   563 I sysui_multi_action: [757,1243,758,4,806,com.android.shell,1241,android.permission.USE_SIP]
09-10 16:46:10.106   563   563 I sysui_multi_action: [757,1243,758,4,806,com.android.shell,1241,android.permission.PROCESS_OUTGOING_CALLS]
09-10 16:46:10.107   563   563 I sysui_multi_action: [757,1243,758,4,806,com.android.shell,1241,android.permission.READ_CELL_BROADCASTS]
09-10 16:46:10.107   563   563 I sysui_multi_action: [757,1243,758,4,806,com.android.shell,1241,android.permission.BLUETOOTH_ADVERTISE]
09-10 16:46:10.107   563   563 I sysui_multi_action: [757,1243,758,4,806,com.android.shell,1241,android.permission.GET_ACCOUNTS]
09-10 16:46:10.107   563   563 I sysui_multi_action: [757,1243,758,4,806,com.android.shell,1241,android.permission.WRITE_EXTERNAL_STORAGE]
09-10 16:46:10.107   563   563 I sysui_multi_action: [757,1243,758,4,806,com.android.shell,1241,android.permission.UWB_RANGING]
09-10 16:46:10.108   563   563 I sysui_multi_action: [757,1243,758,4,806,com.android.shell,1241,android.permission.ACTIVITY_RECOGNITION]
09-10 16:46:10.108   563   563 I sysui_multi_action: [757,1243,758,4,806,com.android.shell,1241,android.permission.RECORD_AUDIO]
09-10 16:46:10.108   563   563 I sysui_multi_action: [757,1243,758,4,806,com.android.shell,1241,android.permission.READ_CONTACTS]
09-10 16:46:10.108   563   563 I sysui_multi_action: [757,1243,758,4,806,com.android.shell,1241,android.permission.ACCESS_BACKGROUND_LOCATION]
09-10 16:46:10.109   563   563 I sysui_multi_action: [757,1243,758,4,806,com.android.shell,1241,android.permission.BLUETOOTH_SCAN]
09-10 16:46:10.109   563   563 I sysui_multi_action: [757,1243,758,4,806,com.android.shell,1241,android.permission.ACCESS_MEDIA_LOCATION]
09-10 16:46:10.109   563   563 I sysui_multi_action: [757,1243,758,4,806,com.android.shell,1241,com.android.voicemail.permission.ADD_VOICEMAIL]
09-10 16:46:10.109   563   563 I sysui_multi_action: [757,1243,758,4,806,com.android.documentsui,1241,android.permission.POST_NOTIFICATIONS]
09-10 16:46:10.109   563   563 I sysui_multi_action: [757,1243,758,4,806,com.android.packageinstaller,1241,android.permission.POST_NOTIFICATIONS]
09-10 16:46:10.109   563   563 I sysui_multi_action: [757,1243,758,4,806,com.android.externalstorage,1241,android.permission.READ_EXTERNAL_STORAGE]
09-10 16:46:10.110   563   563 I sysui_multi_action: [757,1243,758,4,806,com.android.externalstorage,1241,android.permission.WRITE_EXTERNAL_STORAGE]
09-10 16:46:10.110   563   563 I sysui_multi_action: [757,1243,758,4,806,com.android.providers.contacts,1241,android.permission.READ_CALL_LOG]
09-10 16:46:10.110   563   563 I sysui_multi_action: [757,1243,758,4,806,com.android.providers.contacts,1241,android.permission.READ_PHONE_STATE]
09-10 16:46:10.110   563   563 I sysui_multi_action: [757,1243,758,4,806,com.android.providers.contacts,1241,android.permission.WRITE_CONTACTS]
09-10 16:46:10.110   563   563 I sysui_multi_action: [757,1243,758,4,806,com.android.providers.contacts,1241,android.permission.WRITE_CALL_LOG]
09-10 16:46:10.110   563   563 I sysui_multi_action: [757,1243,758,4,806,com.android.providers.contacts,1241,android.permission.GET_ACCOUNTS]
09-10 16:46:10.111   563   563 I sysui_multi_action: [757,1243,758,4,806,com.android.providers.contacts,1241,android.permission.READ_CONTACTS]
09-10 16:46:10.111   563   563 I sysui_multi_action: [757,1243,758,4,806,com.android.managedprovisioning,1241,android.permission.POST_NOTIFICATIONS]
09-10 16:46:10.111   563   563 I sysui_multi_action: [757,1243,758,4,806,com.android.sharedstoragebackup,1241,android.permission.READ_EXTERNAL_STORAGE]
09-10 16:46:10.111   563   563 I sysui_multi_action: [757,1243,758,4,806,com.android.sharedstoragebackup,1241,android.permission.WRITE_EXTERNAL_STORAGE]
09-10 16:46:10.111   563   563 I sysui_multi_action: [757,1243,758,4,806,com.android.providers.downloads,1241,android.permission.POST_NOTIFICATIONS]
09-10 16:46:10.111   563   563 I sysui_multi_action: [757,1243,758,4,806,com.android.providers.downloads,1241,android.permission.READ_EXTERNAL_STORAGE]
09-10 16:46:10.112   563   563 I sysui_multi_action: [757,1243,758,4,806,com.android.providers.downloads,1241,android.permission.WRITE_EXTERNAL_STORAGE]
09-10 16:46:10.112   563   563 I sysui_multi_action: [757,1243,758,4,806,com.android.bips,1241,android.permission.POST_NOTIFICATIONS]
09-10 16:46:10.112   563   563 I sysui_multi_action: [757,1243,758,4,806,com.android.apps.tag,1241,android.permission.CALL_PHONE]
09-10 16:46:10.112   563   563 I sysui_multi_action: [757,1243,758,4,806,com.android.apps.tag,1241,android.permission.READ_CONTACTS]
09-10 16:46:10.112   563   563 I sysui_multi_action: [757,1243,758,4,806,com.android.statementservice,1241,android.permission.POST_NOTIFICATIONS]
09-10 16:46:10.112   563   563 I sysui_multi_action: [757,1243,758,4,806,com.android.providers.calendar,1241,android.permission.READ_CALENDAR]
09-10 16:46:10.113   563   563 I sysui_multi_action: [757,1243,758,4,806,com.android.providers.calendar,1241,android.permission.READ_EXTERNAL_STORAGE]
09-10 16:46:10.113   563   563 I sysui_multi_action: [757,1243,758,4,806,com.android.providers.calendar,1241,android.permission.WRITE_CALENDAR]
09-10 16:46:10.113   563   563 I sysui_multi_action: [757,1243,758,4,806,com.android.providers.calendar,1241,android.permission.GET_ACCOUNTS]
09-10 16:46:10.113   563   563 I sysui_multi_action: [757,1243,758,4,806,com.android.providers.calendar,1241,android.permission.WRITE_EXTERNAL_STORAGE]
09-10 16:46:10.113   563   563 I sysui_multi_action: [757,1243,758,4,806,com.android.printspooler,1241,android.permission.POST_NOTIFICATIONS]
09-10 16:46:10.113   563   563 I sysui_multi_action: [757,1243,758,4,806,com.android.printspooler,1241,android.permission.ACCESS_FINE_LOCATION]
09-10 16:46:10.114   563   563 I sysui_multi_action: [757,1243,758,4,806,com.android.printspooler,1241,android.permission.ACCESS_COARSE_LOCATION]
09-10 16:46:10.114   563   563 I sysui_multi_action: [757,1243,758,4,806,com.android.carrierdefaultapp,1241,android.permission.POST_NOTIFICATIONS]
09-10 16:46:10.114   563   563 I sysui_multi_action: [757,1243,758,4,806,com.android.egg,1241,android.permission.POST_NOTIFICATIONS]
09-10 16:46:10.114   563   563 I sysui_multi_action: [757,1243,758,4,806,com.android.bluetoothmidiservice,1241,android.permission.BLUETOOTH_CONNECT]
09-10 16:46:10.114   563   563 I sysui_multi_action: [757,1243,758,4,806,com.android.bluetoothmidiservice,1241,android.permission.BLUETOOTH_ADVERTISE]
09-10 16:46:10.114   563   563 I sysui_multi_action: [757,1243,758,4,806,com.android.bluetoothmidiservice,1241,android.permission.BLUETOOTH_SCAN]
09-10 16:46:10.114   563   563 I sysui_multi_action: [757,1243,758,4,806,com.android.captiveportallogin,1241,android.permission.POST_NOTIFICATIONS]
09-10 16:46:10.115   563   563 I sysui_multi_action: [757,1243,758,4,806,com.android.traceur,1241,android.permission.POST_NOTIFICATIONS]
09-10 16:46:10.115   563   563 I sysui_multi_action: [757,1243,758,4,806,com.android.companiondevicemanager,1241,android.permission.ACCESS_FINE_LOCATION]
09-10 16:46:10.115   563   563 I sysui_multi_action: [757,1243,758,4,806,com.android.companiondevicemanager,1241,android.permission.BLUETOOTH_CONNECT]
09-10 16:46:10.115   563   563 I sysui_multi_action: [757,1243,758,4,806,com.android.companiondevicemanager,1241,android.permission.ACCESS_COARSE_LOCATION]
09-10 16:46:10.115   563   563 I sysui_multi_action: [757,1243,758,4,806,com.android.companiondevicemanager,1241,android.permission.BLUETOOTH_ADVERTISE]
09-10 16:46:10.115   563   563 I sysui_multi_action: [757,1243,758,4,806,com.android.companiondevicemanager,1241,android.permission.ACCESS_BACKGROUND_LOCATION]
09-10 16:46:10.115   563   563 I sysui_multi_action: [757,1243,758,4,806,com.android.companiondevicemanager,1241,android.permission.BLUETOOTH_SCAN]
09-10 16:46:10.116   563   563 I sysui_multi_action: [757,1243,758,4,806,com.android.contacts,1241,android.permission.READ_CALL_LOG]
09-10 16:46:10.116   563   563 I sysui_multi_action: [757,1243,758,4,806,com.android.contacts,1241,android.permission.READ_PHONE_STATE]
09-10 16:46:10.116   563   563 I sysui_multi_action: [757,1243,758,4,806,com.android.contacts,1241,android.permission.CALL_PHONE]
09-10 16:46:10.116   563   563 I sysui_multi_action: [757,1243,758,4,806,com.android.contacts,1241,android.permission.WRITE_CONTACTS]
09-10 16:46:10.116   563   563 I sysui_multi_action: [757,1243,758,4,806,com.android.contacts,1241,android.permission.GET_ACCOUNTS]
09-10 16:46:10.116   563   563 I sysui_multi_action: [757,1243,758,4,806,com.android.contacts,1241,android.permission.READ_CONTACTS]
09-10 16:46:10.117   563   563 I sysui_multi_action: [757,1243,758,4,806,com.android.dialer,1241,android.permission.POST_NOTIFICATIONS]
09-10 16:46:10.117   563   563 I sysui_multi_action: [757,1243,758,4,806,com.android.dialer,1241,android.permission.READ_CALL_LOG]
09-10 16:46:10.117   563   563 I sysui_multi_action: [757,1243,758,4,806,com.android.dialer,1241,android.permission.READ_PHONE_STATE]
09-10 16:46:10.117   563   563 I sysui_multi_action: [757,1243,758,4,806,com.android.dialer,1241,android.permission.SEND_SMS]
09-10 16:46:10.117   563   563 I sysui_multi_action: [757,1243,758,4,806,com.android.dialer,1241,android.permission.CALL_PHONE]
09-10 16:46:10.117   563   563 I sysui_multi_action: [757,1243,758,4,806,com.android.dialer,1241,android.permission.WRITE_CONTACTS]
09-10 16:46:10.117   563   563 I sysui_multi_action: [757,1243,758,4,806,com.android.dialer,1241,android.permission.CAMERA]
09-10 16:46:10.118   563   563 I sysui_multi_action: [757,1243,758,4,806,com.android.dialer,1241,android.permission.WRITE_CALL_LOG]
09-10 16:46:10.118   563   563 I sysui_multi_action: [757,1243,758,4,806,com.android.dialer,1241,android.permission.PROCESS_OUTGOING_CALLS]
09-10 16:46:10.118   563   563 I sysui_multi_action: [757,1243,758,4,806,com.android.dialer,1241,android.permission.GET_ACCOUNTS]
09-10 16:46:10.118   563   563 I sysui_multi_action: [757,1243,758,4,806,com.android.dialer,1241,android.permission.READ_CONTACTS]
09-10 16:46:10.118   563   563 I sysui_multi_action: [757,1243,758,4,806,com.android.dialer,1241,com.android.voicemail.permission.ADD_VOICEMAIL]
09-10 16:46:10.118   563   563 I sysui_multi_action: [757,1243,758,4,806,com.android.music,1241,android.permission.READ_MEDIA_VISUAL_USER_SELECTED]
09-10 16:46:10.118   563   563 I sysui_multi_action: [757,1243,758,4,806,com.android.music,1241,android.permission.READ_EXTERNAL_STORAGE]
09-10 16:46:10.119   563   563 I sysui_multi_action: [757,1243,758,4,806,com.android.music,1241,android.permission.READ_MEDIA_IMAGES]
09-10 16:46:10.119   563   563 I sysui_multi_action: [757,1243,758,4,806,com.android.music,1241,android.permission.READ_MEDIA_AUDIO]
09-10 16:46:10.119   563   563 I sysui_multi_action: [757,1243,758,4,806,com.android.music,1241,android.permission.READ_MEDIA_VIDEO]
09-10 16:46:10.119   563   563 I sysui_multi_action: [757,1243,758,4,806,com.android.camera2,1241,android.permission.CAMERA]
09-10 16:46:10.119   563   563 I sysui_multi_action: [757,1243,758,4,806,com.android.camera2,1241,android.permission.RECORD_AUDIO]
09-10 16:46:10.119   563   563 I sysui_multi_action: [757,1243,758,4,806,com.android.calendar,1241,android.permission.READ_CALENDAR]
09-10 16:46:10.119   563   563 I sysui_multi_action: [757,1243,758,4,806,com.android.calendar,1241,android.permission.POST_NOTIFICATIONS]
09-10 16:46:10.119   563   563 I sysui_multi_action: [757,1243,758,4,806,com.android.calendar,1241,android.permission.WRITE_CALENDAR]
09-10 16:46:10.119   563   563 I sysui_multi_action: [757,1243,758,4,806,com.android.calendar,1241,android.permission.GET_ACCOUNTS]
09-10 16:46:10.120   563   563 I sysui_multi_action: [757,1243,758,4,806,com.android.calendar,1241,android.permission.READ_CONTACTS]
09-10 16:46:10.120   563   563 I sysui_multi_action: [757,1243,758,4,806,com.android.messaging,1241,android.permission.READ_SMS]
09-10 16:46:10.120   563   563 I sysui_multi_action: [757,1243,758,4,806,com.android.messaging,1241,android.permission.POST_NOTIFICATIONS]
09-10 16:46:10.120   563   563 I sysui_multi_action: [757,1243,758,4,806,com.android.messaging,1241,android.permission.READ_MEDIA_VISUAL_USER_SELECTED]
09-10 16:46:10.120   563   563 I sysui_multi_action: [757,1243,758,4,806,com.android.messaging,1241,android.permission.RECEIVE_MMS]
09-10 16:46:10.120   563   563 I sysui_multi_action: [757,1243,758,4,806,com.android.messaging,1241,android.permission.RECEIVE_SMS]
09-10 16:46:10.120   563   563 I sysui_multi_action: [757,1243,758,4,806,com.android.messaging,1241,android.permission.READ_EXTERNAL_STORAGE]
09-10 16:46:10.120   563   563 I sysui_multi_action: [757,1243,758,4,806,com.android.messaging,1241,android.permission.READ_PHONE_STATE]
09-10 16:46:10.121   563   563 I sysui_multi_action: [757,1243,758,4,806,com.android.messaging,1241,android.permission.SEND_SMS]
09-10 16:46:10.121   563   563 I sysui_multi_action: [757,1243,758,4,806,com.android.messaging,1241,android.permission.CALL_PHONE]
09-10 16:46:10.121   563   563 I sysui_multi_action: [757,1243,758,4,806,com.android.messaging,1241,android.permission.READ_MEDIA_IMAGES]
09-10 16:46:10.123   563   563 I sysui_multi_action: [757,1243,758,4,806,com.android.messaging,1241,android.permission.WRITE_CONTACTS]
09-10 16:46:10.123   563   563 I sysui_multi_action: [757,1243,758,4,806,com.android.messaging,1241,android.permission.CAMERA]
09-10 16:46:10.123   563   563 I sysui_multi_action: [757,1243,758,4,806,com.android.messaging,1241,android.permission.READ_MEDIA_AUDIO]
09-10 16:46:10.123   563   563 I sysui_multi_action: [757,1243,758,4,806,com.android.messaging,1241,android.permission.READ_MEDIA_VIDEO]
09-10 16:46:10.123   563   563 I sysui_multi_action: [757,1243,758,4,806,com.android.messaging,1241,android.permission.WRITE_EXTERNAL_STORAGE]
09-10 16:46:10.123   563   563 I sysui_multi_action: [757,1243,758,4,806,com.android.messaging,1241,android.permission.RECORD_AUDIO]
09-10 16:46:10.124   563   563 I sysui_multi_action: [757,1243,758,4,806,com.android.messaging,1241,android.permission.READ_CONTACTS]
09-10 16:46:10.124   563   563 I sysui_multi_action: [757,1243,758,4,806,com.android.messaging,1241,android.permission.ACCESS_MEDIA_LOCATION]
09-10 16:46:10.124   563   563 I sysui_multi_action: [757,1243,758,4,806,com.android.emergency,1241,android.permission.READ_PHONE_STATE]
09-10 16:46:10.124   563   563 I sysui_multi_action: [757,1243,758,4,806,com.android.emergency,1241,android.permission.CALL_PHONE]
09-10 16:46:10.124   563   563 I sysui_multi_action: [757,1243,758,4,806,com.android.emergency,1241,android.permission.READ_CONTACTS]
09-10 16:46:10.124   563   563 I sysui_multi_action: [757,1243,758,4,806,com.android.launcher3,1241,android.permission.POST_NOTIFICATIONS]
09-10 16:46:10.124   563   563 I sysui_multi_action: [757,1243,758,4,806,com.android.systemui,1241,android.permission.POST_NOTIFICATIONS]
09-10 16:46:10.124   563   563 I sysui_multi_action: [757,1243,758,4,806,com.android.systemui,1241,android.permission.BLUETOOTH_CONNECT]
09-10 16:46:10.125   563   563 I sysui_multi_action: [757,1243,758,4,806,com.android.systemui,1241,android.permission.READ_EXTERNAL_STORAGE]
09-10 16:46:10.125   563   563 I sysui_multi_action: [757,1243,758,4,806,com.android.systemui,1241,android.permission.CAMERA]
09-10 16:46:10.125   563   563 I sysui_multi_action: [757,1243,758,4,806,com.android.systemui,1241,android.permission.BLUETOOTH_ADVERTISE]
09-10 16:46:10.125   563   563 I sysui_multi_action: [757,1243,758,4,806,com.android.systemui,1241,android.permission.GET_ACCOUNTS]
09-10 16:46:10.125   563   563 I sysui_multi_action: [757,1243,758,4,806,com.android.systemui,1241,android.permission.RECORD_AUDIO]
09-10 16:46:10.125   563   563 I sysui_multi_action: [757,1243,758,4,806,com.android.systemui,1241,android.permission.READ_CONTACTS]
09-10 16:46:10.125   563   563 I sysui_multi_action: [757,1243,758,4,806,com.android.systemui,1241,android.permission.BLUETOOTH_SCAN]
09-10 16:46:10.125   563   563 I sysui_multi_action: [757,1243,758,4,806,com.android.storagemanager,1241,android.permission.POST_NOTIFICATIONS]
09-10 16:46:10.125   563   563 I sysui_multi_action: [757,1243,758,4,806,com.android.storagemanager,1241,android.permission.READ_EXTERNAL_STORAGE]
09-10 16:46:10.126   563   563 I sysui_multi_action: [757,1243,758,4,806,com.android.storagemanager,1241,android.permission.WRITE_EXTERNAL_STORAGE]
09-10 16:46:10.126   563   563 I sysui_multi_action: [757,1243,758,4,806,com.android.cellbroadcastreceiver.module,1241,android.permission.READ_SMS]
09-10 16:46:10.126   563   563 I sysui_multi_action: [757,1243,758,4,806,com.android.cellbroadcastreceiver.module,1241,android.permission.POST_NOTIFICATIONS]
09-10 16:46:10.126   563   563 I sysui_multi_action: [757,1243,758,4,806,com.android.cellbroadcastreceiver.module,1241,android.permission.RECEIVE_SMS]
09-10 16:46:10.126   563   563 I sysui_multi_action: [757,1243,758,4,806,com.android.cellbroadcastreceiver.module,1241,android.permission.BLUETOOTH_CONNECT]
09-10 16:46:10.126   563   563 I sysui_multi_action: [757,1243,758,4,806,com.android.cellbroadcastreceiver.module,1241,android.permission.READ_CELL_BROADCASTS]
09-10 16:46:10.127   563   563 I sysui_multi_action: [757,1243,758,4,806,com.android.devicelockcontroller,1241,android.permission.POST_NOTIFICATIONS]
09-10 16:46:10.127   563   563 I sysui_multi_action: [757,1243,758,4,806,com.android.permissioncontroller,1241,android.permission.POST_NOTIFICATIONS]
09-10 16:46:10.127   563   563 I sysui_multi_action: [757,1243,758,4,806,android.ext.services,1241,android.permission.ACCESS_COARSE_LOCATION]
09-10 16:46:10.127   563   563 I sysui_multi_action: [757,1243,758,4,806,com.android.providers.media.module,1241,android.permission.POST_NOTIFICATIONS]
09-10 16:46:10.127   563   563 I sysui_multi_action: [757,1243,758,4,806,com.android.providers.media.module,1241,android.permission.READ_EXTERNAL_STORAGE]
09-10 16:46:10.127   563   563 I sysui_multi_action: [757,1243,758,4,806,com.android.providers.media.module,1241,android.permission.WRITE_EXTERNAL_STORAGE]
09-10 16:46:10.138   563   563 I rescue_note: [0,1,21712]
09-10 16:46:10.200   563   563 I service_manager_stats: [354,173,5048]
09-10 16:46:10.217   563   563 I boot_progress_ams_ready: 21792
09-10 16:46:10.219   563   563 I configuration_changed: 268468224
09-10 16:46:10.225   563   678 I commit_sys_config_file: [settings-0-0,3]
09-10 16:46:10.229   563   563 I thermal_changed: [test temperature sensor,3,30.799999,0,0]
09-10 16:46:10.246   563   678 I commit_sys_config_file: [settings-2-0,1]
09-10 16:46:10.281   563   598 I commit_sys_config_file: [notification-policy,2]
09-10 16:46:10.303   563   563 I am_uid_running: 10122
09-10 16:46:10.318   563   927 I am_uid_running: 10137
09-10 16:46:10.322   563   609 I am_proc_start: [0,941,10122,com.android.systemui,service,{com.android.systemui/com.android.systemui.wallpapers.ImageWallpaper}]
09-10 16:46:10.328   563   609 I am_proc_start: [0,942,10137,com.android.permissioncontroller,service,{com.android.permissioncontroller/com.android.permissioncontroller.permission.service.PermissionControllerServiceImpl}]
09-10 16:46:10.345   563   645 I am_uid_running: 1037
09-10 16:46:10.357   563   855 I commit_sys_config_file: [net-policy,9]
09-10 16:46:10.358   563   609 I am_proc_start: [0,951,1037,WebViewLoader-x86_64,,]
09-10 16:46:10.391   563   591 I am_proc_bound: [0,951,WebViewLoader-x86_64]
09-10 16:46:10.392   563   591 I am_uid_active: 1037
09-10 16:46:10.399   563   591 I am_proc_bound: [0,942,com.android.permissioncontroller]
09-10 16:46:10.414   563   850 I am_proc_bound: [0,941,com.android.systemui]
09-10 16:46:10.415   563   853 I netstats_mobile_sample: [0,0,0,0,0,0,0,0,1789058770415]
09-10 16:46:10.415   563   853 I netstats_wifi_sample: [0,0,0,0,0,0,0,0,1789058770415]
09-10 16:46:10.418   563   850 I am_uid_active: 10122
09-10 16:46:10.458   563   853 I netstats_mobile_sample: [0,0,0,0,0,0,0,0,1789058770458]
09-10 16:46:10.458   563   853 I netstats_wifi_sample: [0,0,0,0,0,0,0,0,1789058770458]
09-10 16:46:10.519   563   678 I commit_sys_config_file: [settings-0-0,9]
09-10 16:46:10.549   563   563 I am_uid_running: 1073
09-10 16:46:10.551   563   647 I am_proc_died: [0,951,WebViewLoader-x86_64,-700,0]
09-10 16:46:10.551   563   647 I am_uid_stopped: 1037
09-10 16:46:10.553   563  1031 I am_mem_factor: [3,0]
09-10 16:46:10.553   563  1031 I am_uid_active: 10137
09-10 16:46:10.560   563   609 I am_proc_start: [0,1038,1073,com.android.networkstack.process,service,{com.android.networkstack/com.android.server.NetworkStackService}]
09-10 16:46:10.567   563   563 I ssm_user_starting: 0
09-10 16:46:10.569   563   599 I commit_sys_config_file: [input-state,2]
09-10 16:46:10.575   563   607 I service_manager_slow: [17,time_detector]
09-10 16:46:10.604  1038  1038 I service_manager_slow: [13,activity]
09-10 16:46:10.604   563   591 I am_proc_bound: [0,1038,com.android.networkstack.process]
09-10 16:46:10.606   563   591 I am_uid_active: 1073
09-10 16:46:10.618   563   607 I netstats_mobile_sample: [0,0,0,0,0,0,0,0,1789058770618]
09-10 16:46:10.618   563   607 I netstats_wifi_sample: [0,0,0,0,0,0,0,0,1789058770618]
09-10 16:46:10.630   563   678 I commit_sys_config_file: [settings-2-0,3]
09-10 16:46:10.630   563   647 I wm_task_created: 2
09-10 16:46:10.631   563   850 I wm_task_created: 3
09-10 16:46:10.633   563   648 I wm_task_created: 4
09-10 16:46:10.655   563   607 I netstats_mobile_sample: [0,0,0,0,0,0,0,0,1789058770655]
09-10 16:46:10.655   563   607 I netstats_wifi_sample: [0,0,0,0,0,0,0,0,1789058770655]
09-10 16:46:10.677   563  1074 I sysui_multi_action: [757,1243,758,4,806,com.android.settings.intelligence,1241,android.permission.POST_NOTIFICATIONS]
09-10 16:46:10.687   563   598 I commit_sys_config_file: [notification-policy,9]
09-10 16:46:10.690   563  1009 I wm_task_removed: [3,3,0,reParentTask:sanitizeAndApplyHierarchyOp]
09-10 16:46:10.690   563  1009 I wm_task_moved: [3,2,0,1,2147483647]
09-10 16:46:10.690   563  1009 I wm_task_removed: [4,4,0,reParentTask:sanitizeAndApplyHierarchyOp]
09-10 16:46:10.690   563  1009 I wm_task_moved: [4,2,0,1,2147483647]
09-10 16:46:10.699   941   991 I viewroot_draw_event: [VRI[ShellDropTarget],Not drawing due to not visible. Reason=View.INVISIBLE]
09-10 16:46:10.706   563   607 I netstats_mobile_sample: [0,0,0,0,0,0,0,0,1789058770706]
09-10 16:46:10.706   563   607 I netstats_wifi_sample: [0,0,0,0,0,0,0,0,1789058770706]
09-10 16:46:10.715   563  1009 I sysui_multi_action: [757,856,758,1,806,com.android.networkstack,857,connected_note_loud,858,4]
09-10 16:46:10.715   563  1009 I sysui_multi_action: [757,856,758,1,806,com.android.networkstack,857,connected_note,858,3]
09-10 16:46:10.717   563  1074 I sysui_multi_action: [757,1243,758,4,806,com.android.gallery3d,1241,android.permission.ACCESS_MEDIA_LOCATION]
09-10 16:46:10.718   563  1074 I sysui_multi_action: [757,1243,758,4,806,com.android.gallery3d,1241,android.permission.WRITE_EXTERNAL_STORAGE]
09-10 16:46:10.719   563  1074 I sysui_multi_action: [757,1243,758,4,806,com.android.gallery3d,1241,android.permission.READ_MEDIA_VIDEO]
09-10 16:46:10.719   563  1074 I sysui_multi_action: [757,1243,758,4,806,com.android.gallery3d,1241,android.permission.READ_MEDIA_AUDIO]
09-10 16:46:10.719   563  1074 I sysui_multi_action: [757,1243,758,4,806,com.android.gallery3d,1241,android.permission.READ_MEDIA_IMAGES]
09-10 16:46:10.720   563  1074 I sysui_multi_action: [757,1243,758,4,806,com.android.gallery3d,1241,android.permission.READ_EXTERNAL_STORAGE]
09-10 16:46:10.721   563  1074 I sysui_multi_action: [757,1243,758,4,806,com.android.gallery3d,1241,android.permission.READ_MEDIA_VISUAL_USER_SELECTED]
09-10 16:46:10.739   563  1068 I sysui_multi_action: [757,856,758,1,806,com.android.networkstack.tethering,857,TETHERING_STATUS,858,2]
09-10 16:46:10.742   563   607 I netstats_mobile_sample: [0,0,0,0,0,0,0,0,1789058770742]
09-10 16:46:10.742   563   607 I netstats_wifi_sample: [0,0,0,0,0,0,0,0,1789058770742]
09-10 16:46:10.757   563  1009 I am_wtf  : [0,1038,com.android.networkstack.process,680050253,SystemServiceRegistry,No service published for: ethernet]
09-10 16:46:10.764   563  1074 I sysui_multi_action: [757,1243,758,4,806,org.chromium.webview_shell,1241,android.permission.ACCESS_FINE_LOCATION]
09-10 16:46:10.756  1038  1038 I auditd  : type=1400 audit(0.0:6): avc:  granted  { read } for  comm="rkstack.process" name="psched" dev="proc" ino=4026532021 scontext=u:r:network_stack:s0 tcontext=u:object_r:proc_net:s0 tclass=file
09-10 16:46:10.764  1038  1038 I auditd  : type=1400 audit(0.0:7): avc:  granted  { read open } for  comm="rkstack.process" path="/proc/1038/net/psched" dev="proc" ino=4026532021 scontext=u:r:network_stack:s0 tcontext=u:object_r:proc_net:s0 tclass=file
09-10 16:46:10.764  1038  1038 I auditd  : type=1400 audit(0.0:8): avc:  granted  { getattr } for  comm="rkstack.process" path="/proc/1038/net/psched" dev="proc" ino=4026532021 scontext=u:r:network_stack:s0 tcontext=u:object_r:proc_net:s0 tclass=file
09-10 16:46:10.784   563   607 I netstats_mobile_sample: [0,0,0,0,0,0,0,0,1789058770784]
09-10 16:46:10.784   563   607 I netstats_wifi_sample: [0,0,0,0,0,0,0,0,1789058770784]
09-10 16:46:10.803   563   694 I am_uid_running: 1002
09-10 16:46:10.814   563   609 I am_proc_start: [0,1098,1002,com.android.bluetooth,service,{com.android.bluetooth/com.android.bluetooth.btservice.AdapterService}]
09-10 16:46:10.815   563   563 I um_user_visibility_changed: [0,1]
09-10 16:46:10.818   563   563 I am_uid_running: 1068
09-10 16:46:10.819   563   563 I am_uid_running: 1001
09-10 16:46:10.824   563   607 I netstats_mobile_sample: [0,0,0,0,0,0,0,0,1789058770824]
09-10 16:46:10.824   563   607 I netstats_wifi_sample: [0,0,0,0,0,0,0,0,1789058770824]
09-10 16:46:10.837   563   563 I wm_task_created: 5
09-10 16:46:10.838   563   563 I wm_task_moved: [5,1,0,1,2147483647]
09-10 16:46:10.839   563   563 I wm_task_moved: [1,1,0,1,1]
09-10 16:46:10.839   563   563 I wm_create_task: [0,5,1,0]
09-10 16:46:10.839   563   563 I wm_create_activity: [0,246200280,5,com.android.settings/.FallbackHome,android.intent.action.MAIN,NULL,NULL,276824320]
09-10 16:46:10.844   563   563 I wm_task_moved: [1,1,0,1,1]
09-10 16:46:10.844   563   563 I wm_task_moved: [5,1,0,1,2147483647]
09-10 16:46:10.844   563   563 I wm_task_to_front: [0,5,0]
09-10 16:46:10.848   563   563 I uc_send_user_broadcast: [0,android.intent.action.USER_STARTED]
09-10 16:46:10.848   563   563 I uc_send_user_broadcast: [0,android.intent.action.USER_STARTING]
09-10 16:46:10.849   563   563 I uc_send_user_broadcast: [0,android.intent.action.USER_FOREGROUND]
09-10 16:46:10.849   563   563 I uc_send_user_broadcast: [0,android.intent.action.USER_SWITCHED]
09-10 16:46:10.855   563   607 I dvm_lock_sample: [system_server,0,android.bg,20,AppProfiler.java,618,void com.android.server.am.AppProfiler$BgHandler.handleMessage(android.os.Message),UserController.java,3799,int com.android.server.am.UserController$Injector.broadcastIntent(android.content.Intent, java.lang.String, android.content.IIntentReceiver, int, java.lang.String, android.os.Bundle, java.lang.String[], int, android.os.Bundle, boolean, int, int, int, int, int),4]
09-10 16:46:10.856   563   609 I am_proc_start: [0,1099,1068,com.android.se,added application,com.android.se]
09-10 16:46:10.865   563   609 I am_proc_start: [0,1120,1001,com.android.phone,added application,com.android.phone]
09-10 16:46:10.875   563  1048 I am_proc_bound: [0,1099,com.android.se]
09-10 16:46:10.880   563  1048 I am_uid_active: 1068
09-10 16:46:10.885   563   609 I am_proc_start: [0,1123,1000,com.android.settings,top-activity,{com.android.settings/com.android.settings.FallbackHome}]
09-10 16:46:10.886   563   647 I am_proc_bound: [0,1098,com.android.bluetooth]
09-10 16:46:10.905   563   647 I am_proc_bound: [0,1120,com.android.phone]
09-10 16:46:10.906   563   647 I am_uid_active: 1001
09-10 16:46:10.916   563   678 I commit_sys_config_file: [settings-0-0,3]
09-10 16:46:10.933   563  1031 I am_uid_active: 1002
09-10 16:46:10.938  1123  1123 I service_manager_slow: [18,activity]
09-10 16:46:10.938   563  1048 I am_proc_bound: [0,1123,com.android.settings]
09-10 16:46:10.976   563   598 I commit_sys_config_file: [notification-policy,11]
09-10 16:46:10.997   563   678 I commit_sys_config_file: [settings-2-0,3]
09-10 16:46:11.025   563   563 I notification_cancel_all: [1000,563,android,0,0,0,20,NULL]
09-10 16:46:11.025   563   563 I notification_cancel_all: [1000,563,android,0,0,0,20,NULL]
09-10 16:46:11.025   563   563 I notification_cancel_all: [1000,563,android,0,0,0,20,NULL]
09-10 16:46:11.110   563   647 I wm_restart_activity: [0,246200280,5,com.android.settings/.FallbackHome]
09-10 16:46:11.113   563   647 I wm_set_resumed_activity: [0,com.android.settings/.FallbackHome,realStartActivityLocked - onActivityStateChanged]
09-10 16:46:11.161  1123  1123 I wm_on_create_called: [246200280,com.android.settings.FallbackHome,performCreate,29]
09-10 16:46:11.162  1123  1123 I wm_on_start_called: [246200280,com.android.settings.FallbackHome,handleStartActivity,0]
09-10 16:46:11.164  1123  1123 I wm_on_resume_called: [246200280,com.android.settings.FallbackHome,RESUME_ACTIVITY,0]
09-10 16:46:11.181  1123  1123 I wm_on_top_resumed_gained_called: [246200280,com.android.settings.FallbackHome,topStateChangedWhenResumed]
09-10 16:46:11.188   563   600 I input_focus: [Focus request 3db2f5c com.android.settings/com.android.settings.FallbackHome,reason=UpdateInputWindows]
09-10 16:46:11.218   563   563 I notification_enqueue: [1000,563,android,19,NULL,-1,Notification(channel=PHYSICAL_KEYBOARD shortcut=null contentView=null vibrate=null sound=null defaults=0 flags=AUTO_CANCEL|CAN_COLORIZE color=0x00000000 vis=PRIVATE),0]
09-10 16:46:11.261  1123  1123 I viewroot_draw_event: [VRI[FallbackHome],reportDrawFinished seqId=0]
09-10 16:46:11.263   563   599 I boot_progress_enable_screen: 22838
09-10 16:46:11.264   563   599 I screen_toggled: 1
09-10 16:46:11.294   563   596 I sysui_multi_action: [319,455,322,444,325,22,757,761,758,7,759,2,806,com.android.settings,871,com.android.settings.FallbackHome,905,0,945,124,1320,4,1321,23]
09-10 16:46:11.295   563   596 I wm_activity_launch_time: [0,246200280,com.android.settings/.FallbackHome,444]
09-10 16:46:11.322   563  1009 I am_uid_running: 10120
09-10 16:46:11.344   563   609 I am_proc_start: [0,1200,10120,com.android.launcher3,service,{com.android.launcher3/com.android.quickstep.TouchInteractionService}]
09-10 16:46:11.419   563   869 I service_manager_slow: [55,connectivity]
09-10 16:46:11.432   563   853 I netstats_mobile_sample: [0,0,0,0,0,0,0,0,1789058771432]
09-10 16:46:11.432   563   853 I netstats_wifi_sample: [0,0,0,0,0,0,0,0,1789058771432]
09-10 16:46:11.482   563   563 I sysui_multi_action: [757,856,758,1,806,com.android.server.telecom,857,TelecomMissedCalls,858,3]
09-10 16:46:11.482   563   563 I sysui_multi_action: [757,856,758,1,806,com.android.server.telecom,857,TelecomIncomingCalls,858,5]
09-10 16:46:11.488   941  1199 I viewroot_draw_event: [VRI[ScreenDecorOverlay],Not drawing due to not visible. Reason=View.INVISIBLE]
09-10 16:46:11.489   563   563 I sysui_multi_action: [757,856,758,1,806,com.android.server.telecom,857,TelecomCallBlocking,858,2]
09-10 16:46:11.489   563   563 I sysui_multi_action: [757,856,758,1,806,com.android.server.telecom,857,TelecomBackgroundAudioProcessing,858,2]
09-10 16:46:11.490   563   563 I sysui_multi_action: [757,856,758,1,806,com.android.server.telecom,857,TelecomDisconnectedCalls,858,3]
09-10 16:46:11.490   563   563 I sysui_multi_action: [757,856,758,1,806,com.android.server.telecom,857,TelecomInCallServiceCrash,858,3]
09-10 16:46:11.490   563   563 I sysui_multi_action: [757,856,758,1,806,com.android.server.telecom,857,TelecomCallStreaming,858,3]
09-10 16:46:11.495   941  1199 I viewroot_draw_event: [VRI[ScreenDecorOverlayBottom],Not drawing due to not visible. Reason=View.INVISIBLE]
09-10 16:46:11.514   563   591 I am_proc_bound: [0,1200,com.android.launcher3]
09-10 16:46:11.591   563   563 I sysui_multi_action: [757,1501,758,1,793,1015,794,0,795,1015,796,19,806,android,857,PHYSICAL_KEYBOARD,858,2,947,0,1500,0]
09-10 16:46:11.591   563   563 I sysui_multi_action: [757,804,799,note_interruptive,801,0,802,1]
09-10 16:46:11.604   563  1048 I am_uid_active: 10120
09-10 16:46:11.621   563   678 I commit_sys_config_file: [settings-2-0,19]
09-10 16:46:11.624  1200  1230 I jank_cuj_events_cancel_request: [-1,1789058771600465000,23175361978,23175362028]
09-10 16:46:11.673   563   563 I sysui_multi_action: [757,859,758,6,806,android,860,safety_center_channels]
09-10 16:46:11.688   563   563 I sysui_multi_action: [757,856,758,1,806,android,857,safety_center_information,858,2]
09-10 16:46:11.688   563   563 I sysui_multi_action: [757,856,758,1,806,android,857,safety_center_recommendation,858,3]
09-10 16:46:11.688   563   563 I sysui_multi_action: [757,856,758,1,806,android,857,safety_center_critical_warning,858,4]
09-10 16:46:11.725   563   608 I am_wtf  : [0,563,system_server,-1,Binder,Outgoing transactions from this process must be FLAG_ONEWAY]
09-10 16:46:11.739   563   598 I commit_sys_config_file: [notification-policy,5]
09-10 16:46:11.857  1098  1098 I service_manager_slow: [18,media_session]
09-10 16:46:11.917   563   629 I commit_sys_config_file: [package-user-0,45]
09-10 16:46:11.940   563   629 I commit_sys_config_file: [package-user-0,13]
09-10 16:46:11.948   563   629 I commit_sys_config_file: [package-user-0,20]
09-10 16:46:11.961   563   678 I commit_sys_config_file: [settings-0-0,5]
09-10 16:46:11.966   563   629 I commit_sys_config_file: [package-user-0,18]
09-10 16:46:11.982   563  1031 I sysui_multi_action: [757,856,758,1,806,com.android.bluetooth,857,opp_notification_channel,858,4]
09-10 16:46:12.003   563   629 I commit_sys_config_file: [package-user-0,48]
09-10 16:46:12.023   563   629 I commit_sys_config_file: [package-user-0,56]
09-10 16:46:12.029   563   598 I commit_sys_config_file: [jobs,1]
09-10 16:46:12.035   563   629 I commit_sys_config_file: [package-user-0,63]
09-10 16:46:12.042   563   629 I commit_sys_config_file: [package-user-0,64]
09-10 16:46:12.047   563   629 I commit_sys_config_file: [package-user-0,66]
09-10 16:46:12.063   563   629 I commit_sys_config_file: [package-user-0,65]
09-10 16:46:12.079   941  1277 I sysui_multi_action: [757,213,758,4,759,-1]
09-10 16:46:12.145   563   608 I am_uid_running: 10125
09-10 16:46:12.156   563   609 I am_proc_start: [0,1295,10125,com.android.cellbroadcastreceiver.module,broadcast,{com.android.cellbroadcastreceiver.module/com.android.cellbroadcastreceiver.CellBroadcastReceiver}]
09-10 16:46:12.213   563  1260 I sysui_multi_action: [757,127,758,2]
09-10 16:46:12.221   563  1260 I notification_panel_hidden: 
09-10 16:46:12.227   563   678 I commit_sys_config_file: [settings-2-0,1]
09-10 16:46:12.230   563   591 I am_proc_bound: [0,1295,com.android.cellbroadcastreceiver.module]
09-10 16:46:12.242   563   598 I commit_sys_config_file: [notification-policy,9]
09-10 16:46:12.286   563  1212 I am_uid_running: 10070
09-10 16:46:12.294   563   609 I am_proc_start: [0,1323,10070,com.android.cellbroadcastreceiver,content provider,{com.android.cellbroadcastreceiver/com.android.cellbroadcastreceiver.LegacyCellBroadcastContentProvider}]
09-10 16:46:12.342   563  1031 I am_proc_bound: [0,1323,com.android.cellbroadcastreceiver]
09-10 16:46:12.403   563  1031 I sysui_multi_action: [757,856,758,1,806,com.android.systemui,857,ALR,858,4]
09-10 16:46:12.403   563  1031 I sysui_multi_action: [757,856,758,1,806,com.android.systemui,857,INS,858,1]
09-10 16:46:12.404   563  1031 I sysui_multi_action: [757,856,758,1,806,com.android.systemui,857,STP,858,3]
09-10 16:46:12.405   563  1031 I sysui_multi_action: [757,856,758,1,806,com.android.systemui,857,DSK,858,2]
09-10 16:46:12.405   563  1031 I sysui_multi_action: [757,856,758,1,806,com.android.systemui,857,SCN_HEADSUP,858,4]
09-10 16:46:12.406   563  1031 I sysui_multi_action: [757,856,758,1,806,com.android.systemui,857,BAT,858,5]
09-10 16:46:12.406   563  1031 I sysui_multi_action: [757,856,758,1,806,com.android.systemui,857,HNT,858,3]
09-10 16:46:12.406   563   563 I notification_cancel_all: [1000,563,com.android.systemui,0,0,0,20,NULL]
09-10 16:46:12.409   563  1260 I commit_sys_config_file: [overlays,2]
09-10 16:46:12.421   563   596 I configuration_changed: -2147483648
09-10 16:46:12.429   563   596 I wm_relaunch_resume_activity: [0,246200280,5,com.android.settings/.FallbackHome,80000000]
09-10 16:46:12.430  1123  1123 I wm_on_top_resumed_lost_called: [246200280,com.android.settings.FallbackHome,pausing]
09-10 16:46:12.430  1123  1123 I wm_on_paused_called: [246200280,com.android.settings.FallbackHome,performPause,0]
09-10 16:46:12.431  1123  1123 I wm_on_stop_called: [246200280,com.android.settings.FallbackHome,handleRelaunchActivity,0]
09-10 16:46:12.432  1123  1123 I wm_on_destroy_called: [246200280,com.android.settings.FallbackHome,performDestroy,1]
09-10 16:46:12.435   563   600 I input_focus: [Requesting to set focus to null window,reason=UpdateInputWindows]
09-10 16:46:12.439  1123  1340 I jank_cuj_events_cancel_request: [81,1789058772435914000,24010811034,24010811140]
09-10 16:46:12.439  1123  1340 I jank_cuj_events_end_request: [81,1789058772435966000,24010862122,24010862171]
09-10 16:46:12.442   563  1260 I am_wtf  : [0,1038,com.android.networkstack.process,680050253,SystemServiceRegistry,No service published for: ethernet]
09-10 16:46:12.443   435   447 I sf_stop_bootanim: 24018
09-10 16:46:12.443   563   599 I wm_boot_animation_done: 24018
09-10 16:46:12.477  1123  1123 I wm_on_create_called: [246200280,com.android.settings.FallbackHome,performCreate,33]
09-10 16:46:12.481  1123  1123 I wm_on_start_called: [246200280,com.android.settings.FallbackHome,handleStartActivity,0]
09-10 16:46:12.484  1123  1123 I wm_on_resume_called: [246200280,com.android.settings.FallbackHome,RESUME_ACTIVITY,0]
09-10 16:46:12.484  1123  1123 I wm_on_top_resumed_gained_called: [246200280,com.android.settings.FallbackHome,topWhenResuming]
09-10 16:46:12.511   563   600 I input_focus: [Focus request c75a96f com.android.settings/com.android.settings.FallbackHome,reason=UpdateInputWindows]
09-10 16:46:12.517  1120  1120 I service_manager_slow: [23,netstats]
09-10 16:46:12.582  1123  1123 I viewroot_draw_event: [VRI[FallbackHome],reportDrawFinished seqId=0]
09-10 16:46:12.603   563  1212 I sysui_multi_action: [757,856,758,1,806,com.android.phone,857,sms,858,4]
09-10 16:46:12.603   563  1212 I sysui_multi_action: [757,856,758,1,806,com.android.phone,857,wfc,858,2]
09-10 16:46:12.603   563  1212 I sysui_multi_action: [757,856,758,1,806,com.android.phone,857,simHighPriority,858,4]
09-10 16:46:12.603   563  1212 I sysui_multi_action: [757,856,758,1,806,com.android.phone,857,alert,858,3]
09-10 16:46:12.603   563  1212 I sysui_multi_action: [757,856,758,1,806,com.android.phone,857,mobileDataAlertNew,858,2]
09-10 16:46:12.603   563  1212 I sysui_multi_action: [757,856,758,1,806,com.android.phone,857,sim,858,2]
09-10 16:46:12.603   563  1212 I sysui_multi_action: [757,856,758,1,806,com.android.phone,857,callForwardNew,858,3]
09-10 16:46:12.640  1120  1257 I dvm_lock_sample: [com.android.phone,0,DeviceStateHelperThread,697,PhoneFactory.java,382,com.android.internal.telephony.Phone[] com.android.internal.telephony.PhoneFactory.getPhones(),-,486,com.android.internal.telephony.CommandsInterface[] com.android.internal.telephony.PhoneFactory.getCommandsInterfaces(),100]
09-10 16:46:12.641   563   599 I uc_finish_user_boot: 0
09-10 16:46:12.641   563   599 I am_user_state_changed: [0,1]
09-10 16:46:12.642   563   599 I uc_send_user_broadcast: [0,android.intent.action.LOCKED_BOOT_COMPLETED]
09-10 16:46:12.642   563   599 I uc_finish_user_unlocking: 0
09-10 16:46:12.684   563   609 I am_proc_start: [0,1364,10138,android.ext.services,on-hold,]
09-10 16:46:12.684   563   598 I commit_sys_config_file: [notification-policy,27]
09-10 16:46:12.691   563   563 I notification_enqueue: [1000,563,android,55,NULL,-1,Notification(channel=DEVELOPER shortcut=null contentView=null vibrate=null sound=null tick defaults=0 flags=ONGOING_EVENT|CAN_COLORIZE color=0x00000000 vis=PUBLIC),0]
09-10 16:46:12.692   563   563 I sysui_multi_action: [757,1501,758,1,793,48,794,0,795,48,796,55,806,android,857,DEVELOPER,858,2,947,0,1500,0]
09-10 16:46:12.692   563   563 I sysui_multi_action: [757,804,799,note_interruptive,801,0,802,1]
09-10 16:46:12.700   563   678 I commit_sys_config_file: [settings-0-0,6]
09-10 16:46:12.720   563   591 I am_proc_bound: [0,1364,android.ext.services]
09-10 16:46:12.768   563   691 I input_focus: [Focus entering c75a96f com.android.settings/com.android.settings.FallbackHome (server),reason=Window became focusable. Previous reason: NOT_VISIBLE]
09-10 16:46:12.771   563   563 I notification_autogrouped: -1|android|55|null|1000
09-10 16:46:12.771   563   563 I notification_autogrouped: -1|android|19|null|1000
09-10 16:46:12.771   563   563 I notification_enqueue: [1000,563,android,2147483647,ranker_group,-1,Notification(channel=DEVELOPER shortcut=null contentView=null vibrate=null sound=null defaults=0 flags=ONGOING_EVENT|LOCAL_ONLY|GROUP_SUMMARY|AUTOGROUP_SUMMARY color=0x00000000 groupKey=ranker_group vis=PUBLIC),0]
09-10 16:46:12.780   563   699 I am_uid_running: 10113
09-10 16:46:12.784   563  1212 I am_uid_active: 10138
09-10 16:46:12.788   563   871 I notification_adjusted: [-1|android|55|null|1000,key_group_key,ranker_group]
09-10 16:46:12.788   563   871 I notification_adjusted: [-1|android|19|null|1000,key_group_key,ranker_group]
09-10 16:46:12.798   563   678 I commit_sys_config_file: [settings-2-0,24]
09-10 16:46:12.809   563   609 I am_proc_start: [0,1384,10113,com.android.inputmethod.latin,service,{com.android.inputmethod.latin/com.android.inputmethod.latin.LatinIME}]
09-10 16:46:12.856   563   591 I am_proc_bound: [0,1384,com.android.inputmethod.latin]
09-10 16:46:12.928     1     1 I auditd  : type=1400 audit(0.0:9): avc:  denied  { write } for  comm="init" name="cfg80211_gtk_rekey_notify" dev="tracefs" ino=11896 scontext=u:r:init:s0 tcontext=u:object_r:debugfs_wifi_tracing:s0 tclass=dir permissive=0
09-10 16:46:12.940     1     1 I auditd  : type=1400 audit(0.0:10): avc:  denied  { write } for  comm="init" name="rdev_add_key" dev="tracefs" ino=11899 scontext=u:r:init:s0 tcontext=u:object_r:debugfs_wifi_tracing:s0 tclass=dir permissive=0
09-10 16:46:12.948     1     1 I auditd  : type=1400 audit(0.0:11): avc:  denied  { write } for  comm="init" name="rdev_assoc" dev="tracefs" ino=11902 scontext=u:r:init:s0 tcontext=u:object_r:debugfs_wifi_tracing:s0 tclass=dir permissive=0
09-10 16:46:12.952     1     1 I auditd  : type=1400 audit(0.0:12): avc:  denied  { write } for  comm="init" name="rdev_auth" dev="tracefs" ino=11905 scontext=u:r:init:s0 tcontext=u:object_r:debugfs_wifi_tracing:s0 tclass=dir permissive=0
09-10 16:46:12.952     1     1 I auditd  : type=1400 audit(0.0:13): avc:  denied  { write } for  comm="init" name="rdev_connect" dev="tracefs" ino=11908 scontext=u:r:init:s0 tcontext=u:object_r:debugfs_wifi_tracing:s0 tclass=dir permissive=0
09-10 16:46:12.976   563  1261 I am_uid_active: 10113
09-10 16:46:12.952     1     1 I auditd  : type=1400 audit(0.0:14): avc:  denied  { write } for  comm="init" name="rdev_set_default_key" dev="tracefs" ino=11911 scontext=u:r:init:s0 tcontext=u:object_r:debugfs_wifi_tracing:s0 tclass=dir permissive=0
09-10 16:46:12.956     1     1 I auditd  : type=1400 audit(0.0:15): avc:  denied  { write } for  comm="init" name="rdev_set_default_mgmt_key" dev="tracefs" ino=11914 scontext=u:r:init:s0 tcontext=u:object_r:debugfs_wifi_tracing:s0 tclass=dir permissive=0
09-10 16:46:12.956     1     1 I auditd  : type=1400 audit(0.0:16): avc:  denied  { write } for  comm="init" name="rdev_set_rekey_data" dev="tracefs" ino=11917 scontext=u:r:init:s0 tcontext=u:object_r:debugfs_wifi_tracing:s0 tclass=dir permissive=0
09-10 16:46:12.956     1     1 I auditd  : type=1400 audit(0.0:17): avc:  denied  { write } for  comm="init" name="net" dev="tracefs" ino=11920 scontext=u:r:init:s0 tcontext=u:object_r:debugfs_wifi_tracing:s0 tclass=dir permissive=0
09-10 16:46:13.087   563  1260 I am_proc_died: [0,1384,com.android.inputmethod.latin,0,7]
09-10 16:46:13.090   563  1260 I am_schedule_service_restart: [0,com.android.inputmethod.latin/.LatinIME,30000]
09-10 16:46:13.090   563  1260 I am_uid_stopped: 10113
09-10 16:46:13.106   563   596 I am_user_state_changed: [0,2]
09-10 16:46:13.108   563   608 I ssm_user_unlocking: 0
09-10 16:46:13.154   563   703 I am_uid_running: 10147
09-10 16:46:13.182   563   609 I am_proc_start: [0,1425,10147,com.android.providers.media.module,service,{com.android.providers.media.module/com.android.providers.media.fuse.ExternalStorageServiceImpl}]
09-10 16:46:13.186   563   608 I uc_finish_user_unlocked: 0
09-10 16:46:13.186   563   608 I am_user_state_changed: [0,3]
09-10 16:46:13.195   563   608 I uc_send_user_broadcast: [0,android.intent.action.USER_UNLOCKED]
09-10 16:46:13.208   563   608 I uc_send_user_broadcast: [0,android.intent.action.PRE_BOOT_COMPLETED]
09-10 16:46:13.208   563   608 I am_pre_boot: [0,com.android.documentsui]
09-10 16:46:13.224   941   941 I viewroot_draw_event: [VRI[NotificationShade],Not drawing due to not visible. Reason=View.INVISIBLE]
09-10 16:46:13.239   563   609 I am_proc_start: [0,1438,1000,com.android.emulator.multidisplay,added application,com.android.emulator.multidisplay]
09-10 16:46:13.243   563   607 I am_uid_running: 10083
09-10 16:46:13.257   563  1031 I am_proc_bound: [0,1425,com.android.providers.media.module]
09-10 16:46:13.365   563   678 I commit_sys_config_file: [settings-2-0,7]
09-10 16:46:13.370   563   678 I commit_sys_config_file: [settings-1-0,5]
09-10 16:46:13.372   563  1009 I am_proc_bound: [0,1438,com.android.emulator.multidisplay]
09-10 16:46:13.384   563   850 I wm_finish_activity: [0,246200280,5,com.android.settings/.FallbackHome,app-request]
09-10 16:46:13.389   563   850 I wm_pause_activity: [0,246200280,com.android.settings/.FallbackHome,userLeaving=false,finish]
09-10 16:46:13.390  1123  1123 I wm_on_top_resumed_lost_called: [246200280,com.android.settings.FallbackHome,topStateChangedWhenResumed]
09-10 16:46:13.390  1123  1123 I wm_on_paused_called: [246200280,com.android.settings.FallbackHome,performPause,0]
09-10 16:46:13.393   563   609 I am_proc_start: [0,1452,10083,com.android.printspooler,service,{com.android.printspooler/com.android.printspooler.model.PrintSpoolerService}]
09-10 16:46:13.413   563  1261 I wm_task_created: 6
09-10 16:46:13.414   563  1261 I wm_task_moved: [6,1,0,1,2147483647]
09-10 16:46:13.418   563  1261 I wm_task_moved: [1,1,0,1,1]
09-10 16:46:13.418   563  1261 I wm_create_task: [0,6,1,0]
09-10 16:46:13.418   563  1261 I wm_create_activity: [0,47635459,6,com.android.sdksetup/.DefaultActivity,android.intent.action.MAIN,NULL,NULL,276824320]
09-10 16:46:13.418   563  1261 I wm_task_moved: [1,1,0,1,1]
09-10 16:46:13.418   563  1261 I wm_task_moved: [6,1,0,1,2147483647]
09-10 16:46:13.418   563  1261 I wm_task_to_front: [0,6,0]
09-10 16:46:13.424   563   609 I dvm_lock_sample: [system_server,1,ActivityManager:procStart,30,ActivityTaskManagerService.java,6357,void com.android.server.wm.ActivityTaskManagerService$LocalService.onProcessMapped(int, com.android.server.wm.WindowProcessController),ActivityStarter.java,825,int com.android.server.wm.ActivityStarter.execute(),6]
09-10 16:46:13.429   563   591 I am_proc_bound: [0,1452,com.android.printspooler]
09-10 16:46:13.432   563   691 I input_focus: [Focus leaving c75a96f com.android.settings/com.android.settings.FallbackHome (server),reason=NO_WINDOW]
09-10 16:46:13.441   563  1009 I dvm_lock_sample: [system_server,1,binder:563_6,56,WindowOrganizerController.java,302,android.os.IBinder com.android.server.wm.WindowOrganizerController.startTransition(int, android.os.IBinder, android.window.WindowContainerTransaction),,0,null,11]
09-10 16:46:13.455   563   608 I am_uid_running: 10062
09-10 16:46:13.458   563   596 I sysui_multi_action: [757,803,799,window_time_0,802,8]
09-10 16:46:13.475   563   599 I am_uid_running: 10115
09-10 16:46:13.488   563   647 I am_uid_running: 10105
09-10 16:46:13.500   563  1068 I dvm_lock_sample: [system_server,1,binder:563_9,108,ActivityManagerService.java,-1,void com.android.server.am.ActivityManagerService.registerStrictModeCallback(android.os.IBinder),,0,null,21]
09-10 16:46:13.550   563   647 I am_uid_active: 10083
09-10 16:46:13.577   563   609 I am_proc_start: [0,1482,10062,com.android.documentsui,broadcast,{com.android.documentsui/com.android.documentsui.PreBootReceiver}]
09-10 16:46:13.584   563   609 I am_proc_start: [0,1501,10115,com.android.sdksetup,top-activity,{com.android.sdksetup/com.android.sdksetup.DefaultActivity}]
09-10 16:46:13.587   563  1068 I sysui_multi_action: [757,856,758,1,806,com.android.printspooler,857,PRINT_PROGRESS,858,2]
09-10 16:46:13.588   563  1068 I sysui_multi_action: [757,856,758,1,806,com.android.printspooler,857,PRINT_FAILURES,858,3]
09-10 16:46:13.612   563  1009 I am_proc_bound: [0,1482,com.android.documentsui]
09-10 16:46:13.636   563   609 I am_proc_start: [0,1503,10105,com.android.music,service,{com.android.music/com.android.music.MediaPlaybackService}]
09-10 16:46:13.679   563  1068 I am_proc_bound: [0,1501,com.android.sdksetup]
09-10 16:46:13.688   563  1068 I am_uid_active: 10115
09-10 16:46:13.700   563  1031 I am_proc_bound: [0,1503,com.android.music]
09-10 16:46:13.727   941   941 I viewroot_draw_event: [VRI[StatusBar],reportDrawFinished seqId=0]
09-10 16:46:13.775   563   563 I notification_enqueue: [1000,563,android,13,PreBootBroadcaster,0,Notification(channel=UPDATES shortcut=null contentView=null vibrate=null sound=null tick defaults=0 flags=ONGOING_EVENT|CAN_COLORIZE color=0x00000000 vis=PUBLIC),0]
09-10 16:46:13.779   563  1068 I am_uid_running: 10064
09-10 16:46:13.806   563   563 I sysui_multi_action: [757,1501,758,1,793,374,794,0,795,374,796,13,797,PreBootBroadcaster,806,android,857,UPDATES,858,2,947,0,1500,0]
09-10 16:46:13.806   563   563 I sysui_multi_action: [757,804,799,note_interruptive,801,0,802,1]
09-10 16:46:13.821   563   609 I am_proc_start: [0,1552,10064,com.android.externalstorage,content provider,{com.android.externalstorage/com.android.externalstorage.ExternalStorageProvider}]
09-10 16:46:13.836   563   591 I am_uid_active: 10105
09-10 16:46:13.859   563   598 I commit_sys_config_file: [notification-policy,15]
09-10 16:46:13.884  1120  1120 I gsm_service_state_change: [1,1,3,1]
09-10 16:46:13.902   563   609 I am_proc_start: [0,1556,1000,com.android.keychain,service,{com.android.keychain/com.android.keychain.KeyChainService}]
09-10 16:46:13.904   563  1068 I wm_restart_activity: [0,47635459,6,com.android.sdksetup/.DefaultActivity]
09-10 16:46:13.905   563  1068 I wm_set_resumed_activity: [0,com.android.sdksetup/.DefaultActivity,realStartActivityLocked - onActivityStateChanged]
09-10 16:46:13.932   563   591 I am_proc_bound: [0,1552,com.android.externalstorage]
09-10 16:46:13.943   563  1031 I am_proc_bound: [0,1556,com.android.keychain]
09-10 16:46:13.980   563   678 I commit_sys_config_file: [settings-0-0,44]
09-10 16:46:14.022   563   850 I am_mem_factor: [2,3]
09-10 16:46:14.030   563  1031 I am_uid_running: 10073
09-10 16:46:14.040   563   609 I am_proc_start: [0,1594,10073,android.process.media,content provider,{com.android.mtp/com.android.mtp.MtpDocumentsProvider}]
09-10 16:46:14.054   563  1031 I sysui_multi_action: [757,856,758,1,806,com.android.providers.media.module,857,native_transcode_alert_channel,858,4]
09-10 16:46:14.055   563   850 I am_uid_active: 10062
09-10 16:46:14.055   563   647 I sysui_multi_action: [757,856,758,1,806,com.android.providers.media.module,857,native_transcode_progress_channel,858,2]
09-10 16:46:14.099   563   563 I notification_enqueue: [1000,563,android,13,PreBootBroadcaster,0,Notification(channel=UPDATES shortcut=null contentView=null vibrate=null sound=null tick defaults=0 flags=ONGOING_EVENT|CAN_COLORIZE color=0x00000000 vis=PUBLIC),1]
09-10 16:46:14.101   563   596 I am_pre_boot: [0,com.android.managedprovisioning]
09-10 16:46:14.102   563   608 I am_uid_running: 10068
09-10 16:46:14.112   563   609 I am_proc_start: [0,1608,10068,com.android.managedprovisioning,broadcast,{com.android.managedprovisioning/com.android.managedprovisioning.ota.PreBootListener}]
09-10 16:46:14.186  1594  1594 I service_manager_slow: [52,activity]
09-10 16:46:14.188   563   647 I am_proc_bound: [0,1594,android.process.media]
09-10 16:46:14.188   563   678 I commit_sys_config_file: [settings-2-0,60]
09-10 16:46:14.191   563  1031 I am_proc_bound: [0,1608,com.android.managedprovisioning]
09-10 16:46:14.197   563  1212 I am_mem_factor: [1,2]
09-10 16:46:14.210   563   678 I commit_sys_config_file: [settings-0-0,22]
09-10 16:46:14.275   563   607 I am_schedule_service_restart: [0,com.android.inputmethod.latin/.LatinIME,18829]
09-10 16:46:14.290   563  1260 I dvm_lock_sample: [system_server,1,binder:563_B,35,PackageManagerService.java,1196,com.android.server.pm.Computer com.android.server.pm.PackageManagerService.snapshotComputer(boolean),-,1222,com.android.server.pm.Computer com.android.server.pm.PackageManagerService.snapshotComputer(boolean),7]
09-10 16:46:14.290   563   607 I am_schedule_service_restart: [0,com.android.inputmethod.latin/.LatinIME,8800]
09-10 16:46:14.324   563   598 I commit_sys_config_file: [notification-policy,16]
09-10 16:46:14.339   563   647 I am_uid_active: 10068
09-10 16:46:14.347   563  1068 I am_uid_active: 10147
09-10 16:46:14.350   563  1437 I am_uid_running: 10065
09-10 16:46:14.354   563   678 I commit_sys_config_file: [settings-2-0,4]
09-10 16:46:14.358   563  1644 I am_uid_running: 10118
09-10 16:46:14.362   563   609 I am_proc_start: [0,1649,10065,android.process.acore,content provider,{com.android.providers.contacts/com.android.providers.contacts.ContactsProvider2}]
09-10 16:46:14.363   563   608 I am_uid_running: 10126
09-10 16:46:14.391   563   609 I am_proc_start: [0,1663,10118,com.android.carrierconfig,service,{com.android.carrierconfig/com.android.carrierconfig.DefaultCarrierConfigService}]
09-10 16:46:14.391  1120  1120 I gsm_service_state_change: [3,1,0,0]
09-10 16:46:14.391  1120  1120 I gsm_rat_switched_new: [47108,0,14]
09-10 16:46:14.411   563   609 I am_proc_start: [0,1675,10126,com.android.devicelockcontroller,broadcast,{com.android.devicelockcontroller/com.android.devicelockcontroller.receivers.RecordBootTimestampReceiver}]
09-10 16:46:14.435   563   596 I am_pre_boot: [0,com.android.providers.calendar]
09-10 16:46:14.437   563   563 I notification_enqueue: [1000,563,android,13,PreBootBroadcaster,0,Notification(channel=UPDATES shortcut=null contentView=null vibrate=null sound=null tick defaults=0 flags=ONGOING_EVENT|CAN_COLORIZE color=0x00000000 vis=PUBLIC),1]
09-10 16:46:14.469   563  1643 I am_proc_bound: [0,1649,android.process.acore]
09-10 16:46:14.473   563  1644 I am_proc_bound: [0,1675,com.android.devicelockcontroller]
09-10 16:46:14.477   563  1031 I am_proc_bound: [0,1663,com.android.carrierconfig]
09-10 16:46:14.480   563  1644 I sysui_multi_action: [757,856,758,1,806,com.android.mtp,857,device_notification_channel,858,2]
09-10 16:46:14.543   563   598 I commit_sys_config_file: [jobs,25]
09-10 16:46:14.582   563   591 I am_uid_active: 10126
09-10 16:46:14.588   563   608 I am_uid_running: 10079
09-10 16:46:14.590   563  1031 I wm_finish_activity: [0,47635459,6,com.android.sdksetup/.DefaultActivity,app-request]
09-10 16:46:14.591   563  1031 I wm_pause_activity: [0,47635459,com.android.sdksetup/.DefaultActivity,userLeaving=false,finish]
09-10 16:46:14.591  1501  1501 I wm_on_create_called: [47635459,com.android.sdksetup.DefaultActivity,performCreate,673]
09-10 16:46:14.592   563   599 I sysui_multi_action: [757,1144,758,7,806,com.android.sdksetup,871,com.android.sdksetup.DefaultActivity]
09-10 16:46:14.612   563   609 I am_proc_start: [0,1708,10079,com.android.providers.calendar,broadcast,{com.android.providers.calendar/com.android.providers.calendar.CalendarUpgradeReceiver}]
09-10 16:46:14.634   563   678 I commit_sys_config_file: [settings-2-0,40]
09-10 16:46:14.643   563   678 I commit_sys_config_file: [settings-0-0,9]
09-10 16:46:14.645   563  1688 I wm_task_created: 7
09-10 16:46:14.647   563  1688 I wm_task_moved: [7,1,0,1,2147483647]
09-10 16:46:14.648   563  1688 I wm_task_moved: [1,1,0,1,1]
09-10 16:46:14.648   563  1688 I wm_create_task: [0,7,1,0]
09-10 16:46:14.648   563  1688 I wm_create_activity: [0,201280911,7,com.android.launcher3/.uioverrides.QuickstepLauncher,android.intent.action.MAIN,NULL,NULL,268435712]
09-10 16:46:14.648   563  1688 I wm_task_moved: [1,1,0,1,1]
09-10 16:46:14.648   563  1688 I wm_task_moved: [7,1,0,1,2147483647]
09-10 16:46:14.648   563  1688 I wm_task_to_front: [0,7,0]
09-10 16:46:14.653   563  1688 I wm_restart_activity: [0,201280911,7,com.android.launcher3/.uioverrides.QuickstepLauncher]
09-10 16:46:14.654   563  1688 I wm_set_resumed_activity: [0,com.android.launcher3/.uioverrides.QuickstepLauncher,realStartActivityLocked - onActivityStateChanged]
09-10 16:46:14.660   563   596 I sysui_multi_action: [757,803,799,window_time_0,802,2]
09-10 16:46:14.660   563   597 I dvm_lock_sample: [system_server,1,android.ui,26,DisplayPolicy.java,679,void com.android.server.wm.DisplayPolicy.lambda$new$0(),ActivityStarter.java,825,int com.android.server.wm.ActivityStarter.execute(),5]
09-10 16:46:14.665   563   591 I am_uid_active: 10118
09-10 16:46:14.675   563   591 I am_proc_bound: [0,1708,com.android.providers.calendar]
09-10 16:46:14.675  1482  1544 I dvm_lock_sample: [com.android.documentsui,0,pool-2-thread-4,884,ProvidersCache.java,645,void com.android.documentsui.roots.ProvidersCache$MultiProviderUpdateTask.handleDocumentsProvider(android.content.pm.ProviderInfo, com.android.documentsui.base.UserId),-,648,void com.android.documentsui.roots.ProvidersCache$MultiProviderUpdateTask.handleDocumentsProvider(android.content.pm.ProviderInfo, com.android.documentsui.base.UserId),100]
09-10 16:46:14.697   563  1644 I am_uid_active: 10073
09-10 16:46:14.746   563   598 I commit_sys_config_file: [notification-policy,13]
09-10 16:46:14.756   563   855 I commit_sys_config_file: [net-policy,5]
09-10 16:46:14.780  1482  1545 I dvm_lock_sample: [com.android.documentsui,0,pool-2-thread-5,989,ProvidersCache.java,645,void com.android.documentsui.roots.ProvidersCache$MultiProviderUpdateTask.handleDocumentsProvider(android.content.pm.ProviderInfo, com.android.documentsui.base.UserId),-,648,void com.android.documentsui.roots.ProvidersCache$MultiProviderUpdateTask.handleDocumentsProvider(android.content.pm.ProviderInfo, com.android.documentsui.base.UserId),100]
09-10 16:46:14.786   563   678 I commit_sys_config_file: [settings-1-0,9]
09-10 16:46:14.874   563   678 I commit_sys_config_file: [settings-2-0,4]
09-10 16:46:14.957   563  1031 I sysui_multi_action: [757,856,758,1,806,com.android.providers.downloads,857,active,858,1]
09-10 16:46:14.959   563   648 I sysui_multi_action: [757,856,758,1,806,com.android.providers.downloads,857,waiting,858,3]
09-10 16:46:14.961   563   648 I sysui_multi_action: [757,856,758,1,806,com.android.providers.downloads,857,complete,858,3]
09-10 16:46:14.980   563  1031 I am_uid_active: 10065
09-10 16:46:15.039   563   648 I configuration_changed: 3
09-10 16:46:15.083   563  1048 I am_wtf  : [0,1038,com.android.networkstack.process,680050253,SystemServiceRegistry,No service published for: ethernet]
09-10 16:46:15.134   563   647 I dvm_lock_sample: [system_server,1,binder:563_3,60,ActivityTaskManagerService.java,6697,boolean com.android.server.wm.ActivityTaskManagerService$LocalService.attachApplication(com.android.server.wm.WindowProcessController),-,3898,boolean com.android.server.wm.ActivityTaskManagerService.updateConfiguration(android.content.res.Configuration),12]
09-10 16:46:15.134   563   647 I am_uid_active: 10079
09-10 16:46:15.149   563   678 I commit_sys_config_file: [settings-2-0,13]
09-10 16:46:15.149  1708  1708 I calendar_upgrade_receiver: 11
09-10 16:46:15.149   563   596 I am_pre_boot: [0,com.android.providers.contacts]
09-10 16:46:15.150   563  1644 I am_mem_factor: [0,1]
09-10 16:46:15.168   563   607 I am_schedule_service_restart: [0,com.android.inputmethod.latin/.LatinIME,0]
09-10 16:46:15.169   563   608 I am_uid_running: 10113
09-10 16:46:15.184   563   563 I notification_enqueue: [1000,563,android,13,PreBootBroadcaster,0,Notification(channel=UPDATES shortcut=null contentView=null vibrate=null sound=null tick defaults=0 flags=ONGOING_EVENT|CAN_COLORIZE color=0x00000000 vis=PUBLIC),1]
09-10 16:46:15.210   563   609 I am_proc_start: [0,1756,10113,com.android.inputmethod.latin,service,{com.android.inputmethod.latin/com.android.inputmethod.latin.LatinIME}]
09-10 16:46:15.214   563   598 I commit_sys_config_file: [notification-policy,6]
09-10 16:46:15.217   563  1031 I service_manager_stats: [333,482,5017]
09-10 16:46:15.233   563  1048 I am_proc_bound: [0,1756,com.android.inputmethod.latin]
09-10 16:46:15.269   563   608 I am_uid_running: 10104
09-10 16:46:15.285   563   678 I commit_sys_config_file: [settings-0-0,9]
09-10 16:46:15.287   563   609 I am_proc_start: [0,1772,10104,com.android.quicksearchbox,broadcast,{com.android.quicksearchbox/com.android.quicksearchbox.SearchWidgetProvider}]
09-10 16:46:15.297   563   648 I am_uid_active: 10113
09-10 16:46:15.334  1200  1200 I wm_on_create_called: [201280911,com.android.launcher3.uioverrides.QuickstepLauncher,performCreate,203]
09-10 16:46:15.336  1200  1200 I wm_on_start_called: [201280911,com.android.launcher3.uioverrides.QuickstepLauncher,handleStartActivity,1]
09-10 16:46:15.338  1200  1200 I wm_on_resume_called: [201280911,com.android.launcher3.uioverrides.QuickstepLauncher,RESUME_ACTIVITY,0]
09-10 16:46:15.342   563  1048 I am_proc_bound: [0,1772,com.android.quicksearchbox]
09-10 16:46:15.343  1200  1200 I wm_on_top_resumed_gained_called: [201280911,com.android.launcher3.uioverrides.QuickstepLauncher,topStateChangedWhenResumed]
09-10 16:46:15.356   563   647 I am_uid_running: 10101
09-10 16:46:15.390   563   935 I commit_sys_config_file: [input-subtypes,27]
09-10 16:46:15.449  1649  1649 I contacts_upgrade_receiver: 284
09-10 16:46:15.449   563   596 I am_pre_boot: [0,com.android.providers.media.module]
09-10 16:46:15.454   563   563 I notification_enqueue: [1000,563,android,13,PreBootBroadcaster,0,Notification(channel=UPDATES shortcut=null contentView=null vibrate=null sound=null tick defaults=0 flags=ONGOING_EVENT|CAN_COLORIZE color=0x00000000 vis=PUBLIC),1]
09-10 16:46:15.470   563   609 I am_proc_start: [0,1790,10101,com.android.contacts,content provider,{com.android.contacts/com.android.contacts.sdn.SdnProvider}]
09-10 16:46:15.479   563   596 I am_pre_boot: [0,com.android.settings]
09-10 16:46:15.485   563   563 I notification_enqueue: [1000,563,android,13,PreBootBroadcaster,0,Notification(channel=UPDATES shortcut=null contentView=null vibrate=null sound=null tick defaults=0 flags=ONGOING_EVENT|CAN_COLORIZE color=0x00000000 vis=PUBLIC),1]
09-10 16:46:15.496  1756  1756 I viewroot_draw_event: [VRI[InputMethod],Not drawing due to not visible. Reason=View.INVISIBLE]
09-10 16:46:15.529   563   596 I am_pre_boot: [0,com.android.settings]
09-10 16:46:15.533  1123  1340 I jank_cuj_events_end_request: [81,1789058775533457000,27108353236,27108353306]
09-10 16:46:15.542   563   563 I notification_enqueue: [1000,563,android,13,PreBootBroadcaster,0,Notification(channel=UPDATES shortcut=null contentView=null vibrate=null sound=null tick defaults=0 flags=ONGOING_EVENT|CAN_COLORIZE color=0x00000000 vis=PUBLIC),1]
09-10 16:46:15.548   563   596 I uc_finish_user_unlocked_completed: 0
09-10 16:46:15.556   563   563 I sysui_multi_action: [757,128,758,5,759,8,793,2124,794,0,795,388,796,13,797,PreBootBroadcaster,806,android,857,UPDATES,858,2,947,0,1500,388,1688,1]
09-10 16:46:15.556   563   563 I notification_canceled: [0|android|13|PreBootBroadcaster|1000,8,2124,388,0,-1,-1,NULL]
09-10 16:46:15.614   563   608 I ssm_user_unlocked: 0
09-10 16:46:15.616  1200  1200 I viewroot_draw_event: [VRI[Taskbar],reportDrawFinished seqId=0]
09-10 16:46:15.619   563   596 I uc_send_user_broadcast: [0,android.intent.action.BOOT_COMPLETED]
09-10 16:46:15.647   563   647 I am_proc_bound: [0,1790,com.android.contacts]
09-10 16:46:15.670   563   600 I input_focus: [Focus request 5431c5b com.android.launcher3/com.android.launcher3.uioverrides.QuickstepLauncher,reason=UpdateInputWindows]
09-10 16:46:15.672   563   608 I dvm_lock_sample: [system_server,1,ActivityManager,17,ShortcutService.java,3440,void com.android.server.pm.ShortcutService$LocalService.addShortcutChangeCallback(android.content.pm.LauncherApps$ShortcutChangeCallback),-,3015,java.util.List com.android.server.pm.ShortcutService$LocalService.getShortcuts(int, java.lang.String, long, java.lang.String, java.util.List, java.util.List, android.content.ComponentName, int, int, int, int),3]
09-10 16:46:15.694   563   608 I am_uid_running: 10077
09-10 16:46:15.718  1200  1200 I viewroot_draw_event: [VRI[QuickstepLauncher],Canceling draw. cancelDueToPreDrawListener=true cancelDueToSync=false]
09-10 16:46:15.739   563   609 I am_proc_start: [0,1818,10077,com.android.statementservice,broadcast,{com.android.statementservice/com.android.statementservice.domain.DomainVerificationReceiverV1}]
09-10 16:46:15.763   563   647 I sysui_multi_action: [757,856,758,1,806,com.android.phone,857,voiceMail,858,3]
09-10 16:46:15.829   563   648 I am_uid_active: 10101
09-10 16:46:15.851   563  1031 I am_proc_bound: [0,1818,com.android.statementservice]
09-10 16:46:15.862   563  1031 I am_uid_active: 10077
09-10 16:46:15.985   563  1688 I wm_set_requested_orientation: [5,com.android.launcher3/.uioverrides.QuickstepLauncher]
09-10 16:46:16.143   563   608 I am_uid_running: 10097
09-10 16:46:16.159   563   609 I am_proc_start: [0,1849,10097,com.android.traceur,broadcast,{com.android.traceur/com.android.traceur.Receiver}]
09-10 16:46:16.181   563   598 I commit_sys_config_file: [notification-policy,3]
09-10 16:46:16.210   563   678 I commit_sys_config_file: [settings-0-0,16]
09-10 16:46:16.253   563   678 I commit_sys_config_file: [settings-2-0,43]
09-10 16:46:16.255   563   609 I am_proc_start: [0,1860,1000,com.android.localtransport,service,{com.android.localtransport/com.android.localtransport.LocalTransportService}]
09-10 16:46:16.286   563  1423 I backup_transport_lifecycle: [com.android.localtransport/.LocalTransportService,1]
09-10 16:46:16.333   563  1644 I am_proc_bound: [0,1849,com.android.traceur]
09-10 16:46:16.467   563  1048 I am_uid_active: 10097
09-10 16:46:16.470   563  1048 I sysui_multi_action: [757,856,758,1,806,com.android.traceur,857,trace-is-being-recorded,858,4]
09-10 16:46:16.471   563   647 I sysui_multi_action: [757,856,758,1,806,com.android.traceur,857,system-tracing,858,4]
09-10 16:46:16.517   563   563 I service_manager_slow: [17,alarm]
09-10 16:46:16.526   563  1877 I service_manager_slow: [32,account]
09-10 16:46:16.527   563   608 I am_uid_running: 10109
09-10 16:46:16.549   563   608 I am_uid_active: 10125
09-10 16:46:16.551   563  1879 I commit_sys_config_file: [log-files,3]
09-10 16:46:16.555   563   647 I am_proc_bound: [0,1860,com.android.localtransport]
09-10 16:46:16.560  1200  1230 I jank_cuj_events_end_request: [80,1789058776560655000,28135551232,28135551333]
09-10 16:46:16.562   563   609 I am_proc_start: [0,1883,10109,com.android.calendar,broadcast,{com.android.calendar/com.android.calendar.UpgradeReceiver}]
09-10 16:46:16.565   563  1644 I sysui_multi_action: [757,856,758,1,806,com.android.contacts,857,DEFAULT_CHANNEL,858,2]
09-10 16:46:16.605   563   631 I am_uid_stopped: 10138
09-10 16:46:16.606   563   631 I am_kill : [0,1364,android.ext.services,0,change android.ext.services,117984]
09-10 16:46:16.609   563   631 I am_schedule_service_restart: [0,android.ext.services/.notification.Assistant,1000]
09-10 16:46:16.619   563  1068 I am_proc_bound: [0,1883,com.android.calendar]
09-10 16:46:16.702   563  1643 I dvm_lock_sample: [system_server,1,binder:563_E,13,ContentProviderHelper.java,735,void com.android.server.am.ContentProviderHelper.publishContentProviders(android.app.IApplicationThread, java.util.List),ProcessList.java,5630,android.util.Pair com.android.server.am.ProcessList.getNumForegroundServices(),2]
09-10 16:46:16.713   563   591 I commit_sys_config_file: [overlays,10]
09-10 16:46:16.724   563   853 I netstats_mobile_sample: [0,0,0,0,0,0,0,0,1789058776724]
09-10 16:46:16.724   563   853 I netstats_wifi_sample: [0,0,0,0,0,0,0,0,1789058776724]
09-10 16:46:16.752   563   678 I commit_sys_config_file: [settings-2-0,15]
09-10 16:46:16.753   563   598 I commit_sys_config_file: [notification-policy,26]
09-10 16:46:16.873   563   631 I commit_sys_config_file: [package,106]
09-10 16:46:16.877   563  1643 I dvm_lock_sample: [system_server,0,binder:563_E,106,PackageManagerService.java,1196,com.android.server.pm.Computer com.android.server.pm.PackageManagerService.snapshotComputer(boolean),-,1222,com.android.server.pm.Computer com.android.server.pm.PackageManagerService.snapshotComputer(boolean),21]
09-10 16:46:16.921   563   850 I dvm_lock_sample: [system_server,1,binder:563_5,144,PackageManagerService.java,1196,com.android.server.pm.Computer com.android.server.pm.PackageManagerService.snapshotComputer(boolean),-,1222,com.android.server.pm.Computer com.android.server.pm.PackageManagerService.snapshotComputer(boolean),28]
09-10 16:46:16.921   563  1212 I dvm_lock_sample: [system_server,1,binder:563_A,136,PackageManagerService.java,1196,com.android.server.pm.Computer com.android.server.pm.PackageManagerService.snapshotComputer(boolean),-,1222,com.android.server.pm.Computer com.android.server.pm.PackageManagerService.snapshotComputer(boolean),27]
09-10 16:46:16.922   563  1642 I dvm_lock_sample: [system_server,0,binder:563_D,136,PackageManagerService.java,1196,com.android.server.pm.Computer com.android.server.pm.PackageManagerService.snapshotComputer(boolean),-,1222,com.android.server.pm.Computer com.android.server.pm.PackageManagerService.snapshotComputer(boolean),27]
09-10 16:46:16.923   563  1935 I dvm_lock_sample: [system_server,1,binder:563_13,100,PackageManagerService.java,1196,com.android.server.pm.Computer com.android.server.pm.PackageManagerService.snapshotComputer(boolean),-,1222,com.android.server.pm.Computer com.android.server.pm.PackageManagerService.snapshotComputer(boolean),20]
09-10 16:46:16.946   563   596 I configuration_changed: -2147483648
09-10 16:46:16.950  1200  1200 I viewroot_draw_event: [VRI[QuickstepLauncher],Draw frame after cancel]
09-10 16:46:16.963   563   629 I commit_sys_config_file: [package-user-0,91]
09-10 16:46:17.001   563   596 I wm_relaunch_resume_activity: [0,201280911,7,com.android.launcher3/.uioverrides.QuickstepLauncher,80000000]
09-10 16:46:17.016   563   597 I dvm_lock_sample: [system_server,1,android.ui,291,ActivityManagerService.java,17747,void com.android.server.am.ActivityManagerService.pushTempAllowlist(),-,20499,void com.android.server.am.ActivityManagerService.scheduleApplicationInfoChanged(java.util.List, int),58]
09-10 16:46:17.017   563  1684 I dvm_lock_sample: [system_server,0,binder:563_10,218,ActivityManagerService.java,1618,void com.android.server.am.ActivityManagerService$AppDeathRecipient.binderDied(),-,17754,void com.android.server.am.ActivityManagerService.pushTempAllowlist(),43]
09-10 16:46:17.020   563   563 I backup_transport_connection: [com.android.localtransport/.LocalTransportService,1]
09-10 16:46:17.022   563   853 I dvm_lock_sample: [system_server,0,NetworkStats,292,ActivityManagerService.java,16422,void com.android.server.am.ActivityManagerService.finishReceiver(android.os.IBinder, int, java.lang.String, android.os.Bundle, boolean, int),-,17754,void com.android.server.am.ActivityManagerService.pushTempAllowlist(),58]
09-10 16:46:17.023   563  1941 I dvm_lock_sample: [system_server,1,binder:563_15,192,ActivityManagerService.java,14684,android.content.Intent com.android.server.am.ActivityManagerService.registerReceiverWithFeatureTraced(android.app.IApplicationThread, java.lang.String, java.lang.String, java.lang.String, android.content.IIntentReceiver, android.content.IntentFilter, java.lang.String, int, int),-,20499,void com.android.server.am.ActivityManagerService.scheduleApplicationInfoChanged(java.util.List, int),38]
09-10 16:46:17.029  1200  1200 I viewroot_draw_event: [VRI[QuickstepLauncher],reportDrawFinished seqId=0]
09-10 16:46:17.035   563   591 I dvm_lock_sample: [system_server,1,binder:563_1,309,ActivityManagerService.java,4959,void com.android.server.am.ActivityManagerService.finishAttachApplicationInner(long, int, int),,0,null,61]
09-10 16:46:17.047   563   591 I am_uid_active: 10109
09-10 16:46:17.053   563  1955 I dvm_lock_sample: [system_server,1,binder:563_19,160,ActivityManagerService.java,3991,void com.android.server.am.ActivityManagerService.addPackageDependency(java.lang.String),,0,null,32]
09-10 16:46:17.068   563   648 I dvm_lock_sample: [system_server,0,binder:563_4,366,OverlayManagerService.java,737,boolean com.android.server.om.OverlayManagerService$1.setEnabledExclusiveInCategory(java.lang.String, int),,0,null,73]
09-10 16:46:17.087   563   608 I am_uid_running: 10138
09-10 16:46:17.120   563   609 I am_proc_start: [0,1976,10138,.adservices,broadcast,{android.ext.services/com.android.adservices.service.common.AdExtBootCompletedReceiver}]
09-10 16:46:17.136   563  1643 I am_wtf  : [0,1038,com.android.networkstack.process,680050253,SystemServiceRegistry,No service published for: ethernet]
09-10 16:46:17.137   563  1260 I commit_sys_config_file: [overlays,28]
09-10 16:46:17.215   563  1423 I backup_transport_lifecycle: [com.android.localtransport/.LocalTransportService,0]
09-10 16:46:17.215   563  1423 I backup_transport_connection: [com.android.localtransport/.LocalTransportService,0]
09-10 16:46:17.251   563  1954 I dvm_lock_sample: [system_server,1,binder:563_18,34,ActivityManagerService.java,15024,void com.android.server.am.ActivityManagerService.unregisterReceiverTraced(android.content.IIntentReceiver),,0,null,6]
09-10 16:46:17.269   563  1945 I dvm_lock_sample: [system_server,0,binder:563_17,341,OverlayManagerService.java,737,boolean com.android.server.om.OverlayManagerService$1.setEnabledExclusiveInCategory(java.lang.String, int),-,742,boolean com.android.server.om.OverlayManagerService$1.setEnabledExclusiveInCategory(java.lang.String, int),68]
09-10 16:46:17.291   563  1945 I am_proc_bound: [0,1976,.adservices]
09-10 16:46:17.294   563  1945 I am_uid_active: 10138
09-10 16:46:17.297   563  1940 I dvm_lock_sample: [system_server,0,binder:563_14,370,OverlayManagerService.java,737,boolean com.android.server.om.OverlayManagerService$1.setEnabledExclusiveInCategory(java.lang.String, int),-,742,boolean com.android.server.om.OverlayManagerService$1.setEnabledExclusiveInCategory(java.lang.String, int),74]
09-10 16:46:17.304   563   608 I dvm_lock_sample: [system_server,1,ActivityManager,23,BroadcastQueueModernImpl.java,448,void com.android.server.am.BroadcastQueueModernImpl.updateRunningList(),,0,null,4]
09-10 16:46:17.315  1120  1120 I service_manager_stats: [100,133,28890]
09-10 16:46:17.317   563  1945 I am_wtf  : [0,1038,com.android.networkstack.process,680050253,SystemServiceRegistry,No service published for: ethernet]
09-10 16:46:17.319   941  1199 I viewroot_draw_event: [VRI[ScreenDecorOverlay],Start draw after previous draw not visible]
09-10 16:46:17.352  1200  1200 I wm_on_top_resumed_lost_called: [201280911,com.android.launcher3.uioverrides.QuickstepLauncher,pausing]
09-10 16:46:17.352  1200  1200 I wm_on_paused_called: [201280911,com.android.launcher3.uioverrides.QuickstepLauncher,performPause,0]
09-10 16:46:17.355  1200  1200 I wm_on_stop_called: [201280911,com.android.launcher3.uioverrides.QuickstepLauncher,handleRelaunchActivity,1]
09-10 16:46:17.371  1200  1200 I wm_on_destroy_called: [201280911,com.android.launcher3.uioverrides.QuickstepLauncher,performDestroy,14]
09-10 16:46:17.400   941  1199 I viewroot_draw_event: [VRI[ScreenDecorOverlay],reportDrawFinished seqId=0]
09-10 16:46:17.419   563   600 I input_focus: [Requesting to set focus to null window,reason=UpdateInputWindows]
09-10 16:46:17.423   941  1199 I viewroot_draw_event: [VRI[ScreenDecorOverlayBottom],Start draw after previous draw not visible]
09-10 16:46:17.423  1123  1340 I jank_cuj_events_begin_request: [81,1789058777423840000,28998737133,28998737255,1@0@com.android.settings]
09-10 16:46:17.517   563   608 I am_uid_running: 10100
09-10 16:46:17.520  1200  1200 I wm_on_create_called: [201280911,com.android.launcher3.uioverrides.QuickstepLauncher,performCreate,85]
09-10 16:46:17.521  1200  1200 I wm_on_start_called: [201280911,com.android.launcher3.uioverrides.QuickstepLauncher,handleStartActivity,0]
09-10 16:46:17.522   563  1943 I wm_set_requested_orientation: [5,com.android.launcher3/.uioverrides.QuickstepLauncher]
09-10 16:46:17.522  1200  1200 I wm_on_resume_called: [201280911,com.android.launcher3.uioverrides.QuickstepLauncher,RESUME_ACTIVITY,0]
09-10 16:46:17.522  1200  1200 I wm_on_top_resumed_gained_called: [201280911,com.android.launcher3.uioverrides.QuickstepLauncher,topWhenResuming]
09-10 16:46:17.574   563  1940 I dvm_lock_sample: [system_server,1,binder:563_14,21,PackageManagerService.java,3860,void com.android.server.pm.PackageManagerService.setEnabledSettings(java.util.List, int, java.lang.String),UserManagerService.java,7413,void com.android.server.pm.UserManagerService$MainHandler.handleMessage(android.os.Message),4]
09-10 16:46:17.578   941  1199 I viewroot_draw_event: [VRI[ScreenDecorOverlayBottom],reportDrawFinished seqId=0]
09-10 16:46:17.580   563   609 I am_proc_start: [0,2012,10100,com.android.imsserviceentitlement,broadcast,{com.android.imsserviceentitlement/com.android.imsserviceentitlement.ImsEntitlementReceiver}]
09-10 16:46:17.626   563  1260 I am_proc_bound: [0,2012,com.android.imsserviceentitlement]
09-10 16:46:17.639  1200  1200 I viewroot_draw_event: [VRI[Taskbar],reportDrawFinished seqId=0]
09-10 16:46:17.667   563   609 I am_proc_start: [0,2023,10138,android.ext.services,service,{android.ext.services/android.ext.services.notification.Assistant}]
09-10 16:46:17.691   563   600 I input_focus: [Focus request 204ba96 com.android.launcher3/com.android.launcher3.uioverrides.QuickstepLauncher,reason=UpdateInputWindows]
09-10 16:46:17.700  1200  1200 I viewroot_draw_event: [VRI[QuickstepLauncher],Canceling draw. cancelDueToPreDrawListener=true cancelDueToSync=false]
09-10 16:46:17.707  1123  1340 I jank_cuj_events_cancel_request: [81,1789058777707544000,29282441337,29282441466]
09-10 16:46:17.707  1123  1340 I jank_cuj_events_end_request: [81,1789058777707732000,29282629094,29282629193]
09-10 16:46:17.715   563   591 I am_proc_bound: [0,2023,android.ext.services]
09-10 16:46:17.798   563   608 I am_uid_running: 10108
09-10 16:46:17.804   563   609 I am_proc_start: [0,2039,10108,com.android.camera2,broadcast,{com.android.camera2/com.android.camera.SetActivitiesCameraReceiver}]
09-10 16:46:17.820   563  1940 I am_uid_active: 10100
09-10 16:46:17.877   563   600 I wm_wallpaper_surface: [0,1,null]
09-10 16:46:17.880   563  1945 I am_proc_bound: [0,2039,com.android.camera2]
09-10 16:46:17.926   941   941 I viewroot_draw_event: [VRI[StatusBar],reportDrawFinished seqId=0]
09-10 16:46:17.955   563   563 I notification_cancel_all: [10108,2039,com.android.camera2,0,0,32832,9,NULL]
09-10 16:46:17.966   563  1644 I am_uid_active: 10108
09-10 16:46:17.997   563   609 I am_proc_start: [0,2058,1000,com.android.dynsystem,broadcast,{com.android.dynsystem/com.android.dynsystem.BootCompletedReceiver}]
09-10 16:46:17.997  1120  1120 I gsm_service_state_change: [0,0,1,1]
09-10 16:46:17.997  1120  1120 I gsm_rat_switched_new: [-1,14,0]
09-10 16:46:18.035   563  1687 I am_proc_bound: [0,2058,com.android.dynsystem]
09-10 16:46:18.066   563   608 I am_uid_running: 10134
09-10 16:46:18.072   563   609 I am_proc_start: [0,2072,1000,com.android.dynsystem:dynsystem,service,{com.android.dynsystem/com.android.dynsystem.DynamicSystemInstallationService}]
09-10 16:46:18.079   563   609 I am_proc_start: [0,2075,10134,com.android.federatedcompute.services,broadcast,{com.android.federatedcompute.services/com.android.federatedcompute.services.FederatedComputeBroadcastReceiver}]
09-10 16:46:18.098   941  1199 I viewroot_draw_event: [VRI[ScreenDecorOverlay],reportDrawFinished seqId=0]
09-10 16:46:18.127   563  1962 I am_proc_bound: [0,2075,com.android.federatedcompute.services]
09-10 16:46:18.181  2072  2072 I service_manager_slow: [30,activity]
09-10 16:46:18.181   563  1962 I dvm_lock_sample: [system_server,1,binder:563_1B,53,ActivityTaskManagerService.java,6405,android.content.res.CompatibilityInfo com.android.server.wm.ActivityTaskManagerService$LocalService.compatibilityInfoForPackage(android.content.pm.ApplicationInfo),WindowManagerService.java,2736,int com.android.server.wm.WindowManagerService.relayoutWindowInner(com.android.server.wm.Session, android.view.IWindow, android.view.WindowManager$LayoutParams, int, int, int, int, int, int, android.window.ClientWindowFrames, android.util.MergedConfiguration, android.view.SurfaceControl, android.view.InsetsState, android.view.InsetsSourceControl$Array, android.os.Bundle, android.view.WindowRelayoutResult),10]
09-10 16:46:18.187   941  1199 I viewroot_draw_event: [VRI[ScreenDecorOverlayBottom],reportDrawFinished seqId=0]
09-10 16:46:18.203   563  1644 I am_proc_bound: [0,2072,com.android.dynsystem:dynsystem]
09-10 16:46:18.267   563  1962 I am_uid_active: 10134
09-10 16:46:18.268   563   608 I am_uid_running: 10127
09-10 16:46:18.277   941   941 I viewroot_draw_event: [VRI[StatusBar],reportDrawFinished seqId=0]
09-10 16:46:18.282   563   609 I am_proc_start: [0,2098,10127,com.android.healthconnect.controller,broadcast,{com.android.healthconnect.controller/com.android.healthconnect.controller.safetycenter.SafetySourceBroadcastReceiver}]
09-10 16:46:18.326   563  1644 I sysui_multi_action: [757,856,758,1,806,com.android.dynsystem,857,com.android.dynsystem,858,2]
09-10 16:46:18.333   563  1962 I am_wtf  : [0,1038,com.android.networkstack.process,680050253,SystemServiceRegistry,No service published for: ethernet]
09-10 16:46:18.333   563   855 I commit_sys_config_file: [net-policy,8]
09-10 16:46:18.383   563  1962 I am_proc_bound: [0,2098,com.android.healthconnect.controller]
09-10 16:46:18.403   563   596 I sysui_multi_action: [319,3762,322,2405,325,26,757,761,758,8,759,2,806,com.android.launcher3,871,com.android.launcher3.uioverrides.QuickstepLauncher,905,0,1320,4,1321,23]
09-10 16:46:18.403   563   596 I wm_activity_launch_time: [0,201280911,com.android.launcher3/.uioverrides.QuickstepLauncher,2405]
09-10 16:46:18.529   563  1644 I am_uid_active: 10127
09-10 16:46:18.530   563   608 I am_uid_running: 10114
09-10 16:46:18.555   563   608 I dvm_lock_sample: [system_server,1,ActivityManager,16,BroadcastQueueModernImpl.java,2050,void com.android.server.am.BroadcastQueueModernImpl.handleProcessFreezableChanged(com.android.server.am.ProcessRecord),,0,null,3]
09-10 16:46:18.556   563   609 I am_proc_start: [0,2112,10114,com.android.messaging,broadcast,{com.android.messaging/com.android.messaging.receiver.BootAndPackageReplacedReceiver}]
09-10 16:46:18.583   563   631 I am_uid_stopped: 10127
09-10 16:46:18.584   563   631 I am_kill : [0,2098,com.android.healthconnect.controller,0,change com.android.healthconnect.controller,107368]
09-10 16:46:18.606   563  1962 I dvm_lock_sample: [system_server,1,binder:563_1B,14,ActivityManagerService.java,16310,int com.android.server.am.ActivityManagerService.broadcastIntentWithFeature(android.app.IApplicationThread, java.lang.String, android.content.Intent, java.lang.String, android.content.IIntentReceiver, int, java.lang.String, android.os.Bundle, java.lang.String[], java.lang.String[], java.lang.String[], int, android.os.Bundle, boolean, boolean, int),-,19191,int com.android.server.am.ActivityManagerService$LocalService.broadcastIntent(android.content.Intent, android.content.IIntentReceiver, java.lang.String[], boolean, int, int[], java.util.function.BiFunction, android.os.Bundle),2]
09-10 16:46:18.641   941   941 I viewroot_draw_event: [VRI[StatusBar],reportDrawFinished seqId=0]
09-10 16:46:18.691   563   598 I commit_sys_config_file: [notification-policy,115]
09-10 16:46:18.710   563   600 I wm_wallpaper_surface: [0,0,null]
09-10 16:46:18.716   563   598 I commit_sys_config_file: [jobs,25]
09-10 16:46:18.727   563   598 I commit_sys_config_file: [jobs,11]
09-10 16:46:18.734   563  1943 I am_proc_bound: [0,2112,com.android.messaging]
09-10 16:46:18.767   563   906 I sysui_multi_action: [757,1717,758,1,759,0]
09-10 16:46:18.767   563   906 I sysui_multi_action: [757,1717,758,2,759,0]
09-10 16:46:18.767   563   906 I sysui_multi_action: [757,1717,758,3,759,0]
09-10 16:46:18.771  1123  1123 I viewroot_draw_event: [VRI[FallbackHome],Not drawing due to not visible. Reason=!mAppVisible && !mForceDecorViewVisibility]
09-10 16:46:18.797  1200  1786 I viewroot_draw_event: [VRI[Taskbar],reportDrawFinished seqId=0]
09-10 16:46:18.832  1200  1230 I jank_cuj_events_end_request: [80,1789058778832609000,30407505843,30407505957]
09-10 16:46:18.877  1038  1673 I service_manager_slow: [29,thermalservice]
09-10 16:46:18.922   563  1943 I am_uid_active: 10114
09-10 16:46:18.924   563   608 I am_uid_running: 1027
09-10 16:46:18.935   563   864 I netstats_mobile_sample: [0,0,0,0,0,0,0,0,1789058778935]
09-10 16:46:18.935   563   864 I netstats_wifi_sample: [0,0,0,0,0,0,0,0,1789058778935]
09-10 16:46:18.938   563   609 I am_proc_start: [0,2134,1027,com.android.nfc,broadcast,{com.android.nfc/com.android.nfc.NfcBootCompletedReceiver}]
09-10 16:46:18.961  1200  1200 I viewroot_draw_event: [VRI[QuickstepLauncher],Draw frame after cancel]
09-10 16:46:18.991  1200  1200 I viewroot_draw_event: [VRI[QuickstepLauncher],reportDrawFinished seqId=0]
09-10 16:46:18.999   563   591 I am_proc_bound: [0,2134,com.android.nfc]
09-10 16:46:19.002   563   599 I wm_destroy_activity: [0,246200280,5,com.android.settings/.FallbackHome,finish-transit]
09-10 16:46:19.003  1123  1123 I wm_on_stop_called: [246200280,com.android.settings.FallbackHome,LIFECYCLER_STOP_ACTIVITY,0]
09-10 16:46:19.003   563   599 I wm_destroy_activity: [0,47635459,6,com.android.sdksetup/.DefaultActivity,finish-transit]
09-10 16:46:19.005  1501  1501 I wm_on_destroy_called: [47635459,com.android.sdksetup.DefaultActivity,performDestroy,0]
09-10 16:46:19.016   563  1068 I wm_task_removed: [6,1,0,removeChild, last child = ActivityRecord{2d6dc03 u0 com.android.sdksetup/.DefaultActivity t-1 f}} in Task{9d6c780 #6 type=home A=10115:com.android.sdksetup}]
09-10 16:46:19.023  1123  1123 I wm_on_destroy_called: [246200280,com.android.settings.FallbackHome,performDestroy,20]
09-10 16:46:19.031   563   600 I wm_wallpaper_surface: [0,1,Window{204ba96 u0 com.android.launcher3/com.android.launcher3.uioverrides.QuickstepLauncher}]
09-10 16:46:19.052   563   691 I input_focus: [Focus entering 204ba96 com.android.launcher3/com.android.launcher3.uioverrides.QuickstepLauncher (server),reason=Window became focusable. Previous reason: NOT_VISIBLE]
09-10 16:46:19.052   563   691 I input_interaction: Interaction with: 204ba96 com.android.launcher3/com.android.launcher3.uioverrides.QuickstepLauncher (server), PointerEventDispatcher0 (server), 
09-10 16:46:19.074   563  1935 I wm_task_removed: [5,1,0,removeChild, last child = ActivityRecord{eacb7d8 u0 com.android.settings/.FallbackHome t-1 f}} in Task{89e4731 #5 type=home A=1000:com.android.settings.FallbackHome}]
09-10 16:46:19.074   563   853 I netstats_mobile_sample: [0,0,0,0,0,0,0,0,1789058779074]
09-10 16:46:19.074   563   853 I netstats_wifi_sample: [0,0,0,0,0,0,0,0,1789058779074]
09-10 16:46:19.110   563   699 I dvm_lock_sample: [system_server,0,android.imms,33,MessageQueue.java,594,boolean android.os.MessageQueue.enqueueMessage(android.os.Message, long),-,695,boolean android.os.MessageQueue.enqueueMessage(android.os.Message, long),6]
09-10 16:46:19.131  1120  1631 I service_manager_slow: [32,permission_checker]
09-10 16:46:19.206   563  1940 I am_uid_active: 1027
09-10 16:46:19.208   563   608 I am_uid_running: 10133
09-10 16:46:19.231   563   609 I am_proc_start: [0,2164,10133,com.android.ondevicepersonalization.services,broadcast,{com.android.ondevicepersonalization.services/com.android.ondevicepersonalization.services.OnDevicePersonalizationBroadcastReceiver}]
09-10 16:46:19.262   563   864 I netstats_mobile_sample: [0,0,0,0,0,0,0,0,1789058779262]
09-10 16:46:19.262   563   864 I netstats_wifi_sample: [0,0,0,0,0,0,0,0,1789058779262]
09-10 16:46:19.279   563   631 I am_uid_stopped: 1027
09-10 16:46:19.286   563   631 I am_kill : [0,2134,com.android.nfc,0,change com.android.nfc,103144]
09-10 16:46:19.359   563  1962 I am_proc_bound: [0,2164,com.android.ondevicepersonalization.services]
09-10 16:46:19.424   563   563 I notification_cancel_all: [1000,563,com.android.nfc,0,0,0,5,NULL]
09-10 16:46:19.433   563  1068 I dvm_lock_sample: [system_server,1,binder:563_9,33,AppOpsService.java,4575,com.android.server.appop.AppOpsService$PackageVerificationResult com.android.server.appop.AppOpsService.verifyAndGetBypass(int, java.lang.String, java.lang.String, java.lang.String, boolean),-,4583,com.android.server.appop.AppOpsService$PackageVerificationResult com.android.server.appop.AppOpsService.verifyAndGetBypass(int, java.lang.String, java.lang.String, java.lang.String, boolean),6]
09-10 16:46:19.485   563   864 I netstats_mobile_sample: [0,0,0,0,0,0,0,0,1789058779485]
09-10 16:46:19.485   563   864 I netstats_wifi_sample: [354,843,2,6,0,135,0,2,1789058779485]
09-10 16:46:19.563   563   855 I dvm_lock_sample: [system_server,0,NetworkPolicy,5,NetworkPolicyManagerService.java,2345,void com.android.server.net.NetworkPolicyManagerService.updateSubscriptions(),-,3743,android.telephony.SubscriptionPlan com.android.server.net.NetworkPolicyManagerService.getSubscriptionPlan(android.net.NetworkTemplate),1]
09-10 16:46:19.619   563  1954 I am_uid_active: 10133
09-10 16:46:19.635   563   608 I am_uid_running: 10063
09-10 16:46:19.639   563   678 I commit_sys_config_file: [settings-0-0,75]
09-10 16:46:19.673   563   609 I am_proc_start: [0,2209,10063,com.android.packageinstaller,broadcast,{com.android.packageinstaller/com.android.packageinstaller.common.TemporaryFileManager}]
09-10 16:46:19.730   563   631 I am_uid_stopped: 10126
09-10 16:46:19.734   563   631 I am_kill : [0,1675,com.android.devicelockcontroller,100,change com.android.devicelockcontroller,122600]
09-10 16:46:19.748   563   631 I am_schedule_service_restart: [0,com.android.devicelockcontroller/androidx.work.impl.background.systemjob.SystemJobService,1000]
09-10 16:46:19.748   563   631 I am_schedule_service_restart: [0,com.android.devicelockcontroller/.DeviceLockControllerService,11000]
09-10 16:46:19.750   941  1002 I jank_cuj_events_end_request: [55,1789058779749449000,31324346205,31324346358]
09-10 16:46:19.816   563  1941 I am_proc_bound: [0,2209,com.android.packageinstaller]
09-10 16:46:19.837   563   563 I notification_cancel_all: [1000,563,com.android.devicelockcontroller,0,0,0,5,NULL]
09-10 16:46:19.879   563  1941 I am_uid_active: 10063
09-10 16:46:19.881   563   608 I am_uid_running: 10132
09-10 16:46:19.905   563   609 I am_proc_start: [0,2249,10132,com.android.rkpdapp,broadcast,{com.android.rkpdapp/com.android.rkpdapp.BootReceiver}]
09-10 16:46:19.917   563   678 I commit_sys_config_file: [settings-0-0,12]
09-10 16:46:19.964   563  1068 I am_proc_bound: [0,2249,com.android.rkpdapp]
09-10 16:46:19.974  1120  1120 I gsm_service_state_change: [1,1,0,0]
09-10 16:46:19.974  1120  1120 I gsm_rat_switched_new: [47108,0,11]
09-10 16:46:20.083   563  1954 I am_uid_active: 10132
09-10 16:46:20.086   563   608 I am_uid_running: 2000
09-10 16:46:20.162   563   609 I am_proc_start: [0,2276,2000,com.android.shell,broadcast,{com.android.shell/com.android.shell.HeapDumpReceiver}]
09-10 16:46:20.186   563   591 I am_proc_bound: [0,2276,com.android.shell]
09-10 16:46:20.187   563   678 I commit_sys_config_file: [settings-1-0,116]
09-10 16:46:20.233   563   563 I service_manager_stats: [132,321,5016]
09-10 16:46:20.238   563   591 I am_uid_active: 2000
09-10 16:46:20.247   563   608 I am_uid_running: 10086
09-10 16:46:20.272   563   609 I am_proc_start: [0,2305,10086,com.android.carrierdefaultapp,broadcast,{com.android.carrierdefaultapp/com.android.carrierdefaultapp.CarrierDefaultBroadcastReceiver}]
09-10 16:46:20.311   563   678 I commit_sys_config_file: [settings-2-0,124]
09-10 16:46:20.358   563   591 I am_proc_bound: [0,2305,com.android.carrierdefaultapp]
09-10 16:46:20.407   563   563 I notification_cancel_all: [10086,2305,com.android.carrierdefaultapp,0,0,32832,9,NULL]
09-10 16:46:20.650   563   891 I ntp_success: [time.android.com/216.239.35.12,476,-70]
09-10 16:46:20.673   563   933 I service_manager_slow: [48,user]
09-10 16:46:20.682   563   608 I ssm_user_completed_event: [0,2]
09-10 16:46:20.709   563  1945 I liblog  : 11
09-10 16:46:20.726   563   933 I service_manager_slow: [51,user]
09-10 16:46:20.879   563   563 I dvm_lock_sample: [system_server,0,main,89,AccessibilityManagerService.java,3635,void com.android.server.accessibility.AccessibilityManagerService.updateFingerprintGestureHandling(com.android.server.accessibility.AccessibilityUserState),MagnificationConnectionManager.java,302,boolean com.android.server.accessibility.magnification.MagnificationConnectionManager.requestConnection(boolean),17]
09-10 16:46:20.894   563  1068 I dvm_lock_sample: [system_server,1,binder:563_9,68,AppOpsService.java,4575,com.android.server.appop.AppOpsService$PackageVerificationResult com.android.server.appop.AppOpsService.verifyAndGetBypass(int, java.lang.String, java.lang.String, java.lang.String, boolean),,0,null,13]
09-10 16:46:20.913   563   950 I commit_sys_config_file: [appops_accesses,21]
09-10 16:46:21.427   563  1955 I am_wtf  : [0,1038,com.android.networkstack.process,680050253,SystemServiceRegistry,No service published for: ethernet]
09-10 16:46:21.429   563   855 I commit_sys_config_file: [net-policy,1]
09-10 16:46:21.558   563   853 I netstats_mobile_sample: [0,0,0,0,0,0,0,0,1789058781481]
09-10 16:46:21.558   563   853 I netstats_wifi_sample: [4366,8220,26,47,5783,4986,31,32,1789058781481]
09-10 16:46:21.700   563   678 I commit_sys_config_file: [settings-0-0,10]
09-10 16:46:21.868   563   597 I wm_new_intent: [0,201280911,7,com.android.launcher3/.uioverrides.QuickstepLauncher,android.intent.action.MAIN,NULL,NULL,268435712]
09-10 16:46:21.868   563   597 I wm_task_moved: [1,1,0,1,1]
09-10 16:46:21.868   563   597 I wm_set_keyguard_occluded: [0,0,0,setOccluded]
09-10 16:46:21.869   941   941 I sysui_keyguard: [0,0]
09-10 16:46:21.870   941  1002 I jank_cuj_events_cancel_request: [23,1789058781869872000,33444769613,33444769702]
09-10 16:46:21.871  1200  1200 I wm_on_top_resumed_lost_called: [201280911,com.android.launcher3.uioverrides.QuickstepLauncher,pausing]
09-10 16:46:21.872  1200  1200 I wm_on_paused_called: [201280911,com.android.launcher3.uioverrides.QuickstepLauncher,performPause,1]
09-10 16:46:21.873  1200  1200 I wm_on_resume_called: [201280911,com.android.launcher3.uioverrides.QuickstepLauncher,LIFECYCLER_RESUME_ACTIVITY,0]
09-10 16:46:21.874  1200  1200 I wm_on_top_resumed_gained_called: [201280911,com.android.launcher3.uioverrides.QuickstepLauncher,topWhenResuming]
09-10 16:46:21.879   941  1002 I jank_cuj_events_end_request: [55,1789058781879220000,33454117351,33454117441]
09-10 16:46:22.029   563  1048 I am_wtf  : [0,1038,com.android.networkstack.process,680050253,SystemServiceRegistry,No service published for: ethernet]
09-10 16:46:22.418   563   678 I commit_sys_config_file: [settings-2-0,16]
09-10 16:46:22.477   563   563 I notification_cancel_all: [10086,2305,com.android.carrierdefaultapp,0,0,32832,9,NULL]
09-10 16:46:22.479   563   864 I netstats_mobile_sample: [0,0,0,0,0,0,0,0,1789058782402]
09-10 16:46:22.479   563   563 I notification_cancel_all: [10086,2305,com.android.carrierdefaultapp,0,0,32832,9,NULL]
09-10 16:46:22.479   563   864 I netstats_wifi_sample: [9239,9492,42,65,10580,6066,46,47,1789058782402]
09-10 16:46:22.492  1120  1120 I service_manager_stats: [100,151,5177]
09-10 16:46:22.511   563   864 I netstats_mobile_sample: [0,0,0,0,0,0,0,0,1789058782434]
09-10 16:46:22.511   563   864 I netstats_wifi_sample: [9239,9492,42,65,10656,6142,47,48,1789058782434]
09-10 16:46:22.532   563  1009 I am_wtf  : [0,1038,com.android.networkstack.process,680050253,SystemServiceRegistry,No service published for: ethernet]
09-10 16:46:22.572  1038  1038 I auditd  : type=1400 audit(0.0:22): avc:  granted  { read } for  comm="NetworkMonitor/" name="psched" dev="proc" ino=4026532021 scontext=u:r:network_stack:s0 tcontext=u:object_r:proc_net:s0 tclass=file
09-10 16:46:22.583   563   855 I commit_sys_config_file: [net-policy,11]
09-10 16:46:22.572  1038  1038 I auditd  : type=1400 audit(0.0:23): avc:  granted  { read open } for  comm="NetworkMonitor/" path="/proc/1038/net/psched" dev="proc" ino=4026532021 scontext=u:r:network_stack:s0 tcontext=u:object_r:proc_net:s0 tclass=file
09-10 16:46:22.572  1038  1038 I auditd  : type=1400 audit(0.0:24): avc:  granted  { getattr } for  comm="NetworkMonitor/" path="/proc/1038/net/psched" dev="proc" ino=4026532021 scontext=u:r:network_stack:s0 tcontext=u:object_r:proc_net:s0 tclass=file
09-10 16:46:22.610   563   853 I netstats_mobile_sample: [2040,1911,17,17,2040,1911,17,17,1789058782533]
09-10 16:46:22.610   563   853 I netstats_wifi_sample: [9239,9492,42,65,10656,6142,47,48,1789058782533]
09-10 16:46:22.611   563   856 I dvm_lock_sample: [system_server,1,NetworkPolicy.uid,22,NetworkStatsService.java,1981,void android.net.connectivity.com.android.server.net.NetworkStatsService.noteUidForeground(int, boolean),-,2590,void android.net.connectivity.com.android.server.net.NetworkStatsService.performPoll(int, android.net.connectivity.com.android.server.net.NetworkStatsEventLogger$PollEvent),4]
09-10 16:46:22.642   563   853 I netstats_mobile_sample: [2040,1911,17,17,2040,1911,17,17,1789058782565]
09-10 16:46:22.642   563   853 I netstats_wifi_sample: [9239,9492,42,65,10656,6142,47,48,1789058782565]
09-10 16:46:23.033   563   608 I am_wtf  : [0,563,system_server,-1,Binder,Outgoing transactions from this process must be FLAG_ONEWAY]
09-10 16:46:23.235   563   678 I commit_sys_config_file: [settings-1-0,2]
09-10 16:46:23.652   563   678 I commit_sys_config_file: [settings-2-0,2]
09-10 16:46:23.655   563   678 I commit_sys_config_file: [settings-1-0,2]
09-10 16:46:23.896   563   679 I am_freeze: [1503,com.android.music]
09-10 16:46:23.913   563   679 I am_compact: [1503,com.android.music,ANON,103528,51968,50920,0,-3072,0,-3072,3200,16,SOME,0,999,19,20,-2648]
09-10 16:46:24.715   563   678 I commit_sys_config_file: [settings-2-0,2]
09-10 16:46:25.730   563   678 I commit_sys_config_file: [settings-2-0,2]
09-10 16:46:26.592   563  1068 I service_manager_stats: [175,321,6359]
09-10 16:46:26.624   563   679 I am_freeze: [1501,com.android.sdksetup]
09-10 16:46:26.672   563   679 I am_compact: [1501,com.android.sdksetup,ANON,117224,64128,52456,0,-4992,0,-4992,4992,47,SOME,0,965,19,2668,-1300]
09-10 16:46:26.796   563   678 I commit_sys_config_file: [settings-2-0,2]
09-10 16:46:27.088   563   679 I am_freeze: [1452,com.android.printspooler]
09-10 16:46:27.100   563   679 I am_compact: [1452,com.android.printspooler,ANON,106088,54272,51176,0,-3328,0,-3328,3456,12,SOME,0,999,19,3968,-792]
09-10 16:46:27.131   563   629 I commit_sys_config_file: [package-user-0,5]
09-10 16:46:27.811   563   678 I commit_sys_config_file: [settings-2-0,4]
09-10 16:46:28.537   563   679 I am_freeze: [1323,com.android.cellbroadcastreceiver]
09-10 16:46:28.554   563   679 I am_compact: [1323,com.android.cellbroadcastreceiver,ANON,104528,52736,51152,0,-3328,0,-3328,3328,17,SOME,0,975,19,4760,-1076]
