--------- beginning of events
09-10 16:45:56.013   161   161 I snet_event_log: [121035042,-1,]
09-10 16:45:56.021   161   161 I auditd  : SELinux: Loaded service context from:
09-10 16:45:56.023   161   161 I auditd  : 		/system/etc/selinux/plat_service_contexts
09-10 16:45:56.027   161   161 I auditd  : 		/system_ext/etc/selinux/system_ext_service_contexts
09-10 16:45:56.030   161   161 I auditd  : 		/vendor/etc/selinux/vendor_service_contexts
09-10 16:45:48.840   159   159 I auditd  : type=2000 audit(0.0:1): state=initialized audit_enabled=0 res=1
09-10 16:45:54.916   159   159 I auditd  : type=1403 audit(0.0:2): auid=4294967295 ses=4294967295 lsm=selinux res=1
09-10 16:45:54.916   159   159 I auditd  : type=1404 audit(0.0:3): enforcing=1 old_enforcing=0 auid=4294967295 ses=4294967295 enabled=1 old-enabled=1 lsm=selinux res=1
09-10 16:45:54.972     1     1 I auditd  : type=1107 audit(0.0:4): uid=0 auid=4294967295 ses=4294967295 subj=u:r:init:s0 msg='avc:  denied  { set } for property=persist.sys.usb.config pid=1 uid=0 gid=0 scontext=u:r:vendor_init:s0 tcontext=u:object_r:system_prop:s0 tclass=property_service permissive=0'
09-10 16:45:56.504   186   186 I auditd  : SELinux: Loaded keystore2 context from:
09-10 16:45:56.504   186   186 I auditd  : 		/system/etc/selinux/plat_keystore2_key_contexts
09-10 16:45:56.504   186   186 I auditd  : 		/system_ext/etc/selinux/system_ext_keystore2_key_contexts
09-10 16:45:56.504   186   186 I auditd  : 		/vendor/etc/selinux/vendor_keystore2_key_contexts
09-10 16:45:57.691   230   230 I auditd  : SELinux: Loaded file context from:
09-10 16:45:57.693   230   230 I auditd  : 		/system/etc/selinux/plat_file_contexts
09-10 16:45:57.695   230   230 I auditd  : 		/system_ext/etc/selinux/system_ext_file_contexts
09-10 16:45:57.698   230   230 I auditd  : 		/vendor/etc/selinux/vendor_file_contexts
09-10 16:46:01.300     1     1 I auditd  : type=1400 audit(0.0:5): avc:  denied  { write } for  comm="init" name="error_report_end" dev="tracefs" ino=8341 scontext=u:r:init:s0 tcontext=u:object_r:debugfs_bootreceiver_tracing:s0 tclass=dir permissive=0
09-10 16:46:01.972   365   365 I boot_progress_start: 13547
09-10 16:46:02.598   365   365 I snet_event_log: [200284993,-1,]
09-10 16:46:02.863   365   365 I boot_progress_preload_start: 14437
09-10 16:46:03.738   365   365 I boot_progress_preload_end: 15313
09-10 16:46:04.233   563   563 I system_server_start: [1,15805,15805]
09-10 16:46:04.234   563   563 I boot_progress_system_run: 15809
09-10 16:46:04.649   563   607 I commit_sys_config_file: [batterystats,2]
09-10 16:46:04.653   563   607 I commit_sys_config_file: [batterystats,2]
09-10 16:46:04.753   563   607 I commit_sys_config_file: [display-state,8]
09-10 16:46:04.755   563   563 I boot_progress_pms_start: 16330
09-10 16:46:04.786   563   563 I pm_critical_info: No package manager settings file
09-10 16:46:04.789   563   563 I boot_progress_pms_system_scan_start: 16364
09-10 16:46:05.153   563   563 I service_manager_stats: [100,37,16727]
09-10 16:46:05.298   563   563 I pm_critical_info: Adding duplicate shared id: 1000 name=android
09-10 16:46:05.337   563   563 I service_manager_slow: [11,platform_compat]
09-10 16:46:05.374   563   563 I pm_critical_info: Adding duplicate app id: 10065 name=com.android.providers.contacts
09-10 16:46:05.408   563   563 I pm_critical_info: Adding duplicate shared id: 1000 name=com.android.location.fused
09-10 16:46:05.434   563   563 I pm_critical_info: Adding duplicate app id: 10073 name=com.android.providers.downloads.ui
09-10 16:46:05.468   563   563 I pm_critical_info: Adding duplicate shared id: 1001 name=com.android.ons
09-10 16:46:05.480   563   563 I pm_critical_info: Adding duplicate app id: 10065 name=com.android.providers.blockednumber
09-10 16:46:05.486   563   563 I pm_critical_info: Adding duplicate app id: 10065 name=com.android.providers.userdictionary
09-10 16:46:05.494   563   563 I pm_critical_info: Adding duplicate shared id: 1000 name=com.android.DeviceAsWebcam
09-10 16:46:05.496   563   563 I pm_critical_info: Adding duplicate shared id: 1001 name=com.android.phone
09-10 16:46:05.501   563   563 I pm_critical_info: Adding duplicate app id: 10073 name=com.android.mtp
09-10 16:46:05.504   563   563 I pm_critical_info: Adding duplicate app id: 10065 name=com.android.calllogbackup
09-10 16:46:05.510   563   563 I pm_critical_info: Adding duplicate shared id: 1000 name=com.android.providers.settings
09-10 16:46:05.519   563   563 I pm_critical_info: Adding duplicate shared id: 1000 name=com.android.dynsystem
09-10 16:46:05.526   563   563 I pm_critical_info: Adding duplicate app id: 10065 name=com.android.providers.contactkeys
09-10 16:46:05.544   563   563 I pm_critical_info: Adding duplicate shared id: 2000 name=com.android.shell
09-10 16:46:05.565   563   563 I pm_critical_info: Adding duplicate shared id: 1073 name=com.android.networkstack
09-10 16:46:05.569   563   563 I pm_critical_info: Adding duplicate shared id: 1000 name=com.android.inputdevices
09-10 16:46:05.575   563   563 I pm_critical_info: Adding duplicate shared id: 1001 name=com.android.mms.service
09-10 16:46:05.581   563   563 I pm_critical_info: Adding duplicate app id: 10079 name=com.android.providers.calendar
09-10 16:46:05.583   563   563 I pm_critical_info: Adding duplicate shared id: 1001 name=com.android.providers.telephony
09-10 16:46:05.584   563   563 I pm_critical_info: Adding duplicate app id: 10073 name=com.android.providers.media
09-10 16:46:05.586   563   563 I pm_critical_info: Adding duplicate shared id: 1000 name=com.android.server.telecom
09-10 16:46:05.590   563   563 I pm_critical_info: Adding duplicate app id: 10073 name=com.android.providers.downloads
09-10 16:46:05.592   563   563 I pm_critical_info: Adding duplicate app id: 10073 name=com.android.soundpicker
09-10 16:46:05.594   563   563 I pm_critical_info: Adding duplicate shared id: 1000 name=com.android.localtransport
09-10 16:46:05.618   563   563 I pm_critical_info: Adding duplicate shared id: 1068 name=com.android.se
09-10 16:46:05.664   563   563 I pm_critical_info: Adding duplicate shared id: 1001 name=com.android.stk
09-10 16:46:05.667   563   563 I pm_critical_info: Adding duplicate shared id: 1000 name=com.android.keychain
09-10 16:46:05.873   563   563 I pm_critical_info: Adding duplicate app id: 10119 name=com.android.emergency
09-10 16:46:05.878   563   563 I pm_critical_info: Adding duplicate shared id: 1000 name=com.android.emulator.multidisplay
09-10 16:46:05.893   563   563 I pm_critical_info: Adding duplicate app id: 10122 name=com.android.systemui
09-10 16:46:05.955   563   563 I pm_critical_info: Adding duplicate shared id: 1000 name=com.android.settings
09-10 16:46:05.982   563   563 I pm_critical_info: Adding duplicate shared id: 1073 name=com.android.cellbroadcastservice
09-10 16:46:06.074   563   563 I pm_critical_info: Adding duplicate shared id: 1002 name=com.android.bluetooth
09-10 16:46:06.176   563   563 I pm_critical_info: Adding duplicate app id: 10131 name=com.android.cts.ctsshim
09-10 16:46:06.242   563   563 I pm_critical_info: Adding duplicate shared id: 1073 name=com.android.networkstack.tethering
09-10 16:46:06.387   563   563 I pm_critical_info: Adding duplicate shared id: 1027 name=com.android.nfc
09-10 16:46:06.617   563   563 I boot_progress_pms_data_scan_start: 18192
09-10 16:46:06.620   563   563 I boot_progress_pms_scan_end: 18195
09-10 16:46:06.757   563   563 I commit_sys_config_file: [package,30]
09-10 16:46:06.757   563   563 I boot_progress_pms_ready: 18332
09-10 16:46:06.783   563   629 I commit_sys_config_file: [package-user-0,27]
09-10 16:46:06.787   563   563 I am_uid_running: 1000
09-10 16:46:06.793   563   563 I am_uid_active: 1000
09-10 16:46:07.063   563   563 I commit_sys_config_file: [overlays,5]
09-10 16:46:07.079   563   592 I battery_status: [2,2,1,1,Li-ion]
09-10 16:46:07.080   563   592 I battery_level: [100,5000,250]
09-10 16:46:07.199   563   678 I commit_sys_config_file: [settings-1-0,1]
09-10 16:46:07.200   563   678 I commit_sys_config_file: [settings-0-0,1]
09-10 16:46:07.202   563   678 I commit_sys_config_file: [settings-2-0,2]
09-10 16:46:07.204   563   678 I commit_sys_config_file: [settings-1-0,2]
09-10 16:46:07.301   563   563 I wm_task_created: 1
09-10 16:46:07.304   563   599 I sysui_multi_action: [757,1594,758,4,759,1,806,NULL]
09-10 16:46:07.317   563   563 I commit_sys_config_file: [net-watchlist,2]
09-10 16:46:07.328   563   608 I am_wtf  : [0,563,system_server,-1,SystemServiceRegistry,No service published for: jobscheduler]
09-10 16:46:07.331   563   608 I am_wtf  : [0,563,system_server,-1,SystemServiceRegistry,Manager wrapper not available: jobscheduler]
09-10 16:46:07.366   563   563 I configuration_changed: 536894968
09-10 16:46:07.367   563   563 I sysui_multi_action: [757,1659,758,4,759,1,1660,0]
09-10 16:46:07.390   563   598 I am_uid_running: 10138
09-10 16:46:07.527   563   678 I commit_sys_config_file: [settings-0-0,7]
09-10 16:46:09.531   563   563 I sysui_multi_action: [757,804,799,opt_dialog_num_dexopted,801,18,802,1]
09-10 16:46:09.531   563   563 I sysui_multi_action: [757,804,799,opt_dialog_num_skipped,801,95,802,1]
09-10 16:46:09.531   563   563 I sysui_multi_action: [757,804,799,opt_dialog_num_failed,801,0,802,1]
09-10 16:46:09.531   563   563 I sysui_multi_action: [757,804,799,opt_dialog_num_total,801,113,802,1]
09-10 16:46:09.531   563   563 I sysui_multi_action: [757,804,799,opt_dialog_time_s,801,2,802,1]
09-10 16:46:09.555   563   563 I device_idle: [0,boot]
09-10 16:46:09.555   563   563 I device_idle_light: [0,boot]
09-10 16:46:09.670   563   608 I am_wtf  : [0,563,system_server,-1,SystemServiceRegistry,No service published for: jobscheduler]
09-10 16:46:09.671   563   608 I am_wtf  : [0,563,system_server,-1,SystemServiceRegistry,Manager wrapper not available: jobscheduler]
09-10 16:46:09.671   563   608 I am_wtf  : [0,563,system_server,-1,SystemServiceRegistry,No service published for: jobscheduler]
09-10 16:46:09.671   563   608 I am_wtf  : [0,563,system_server,-1,SystemServiceRegistry,Manager wrapper not available: jobscheduler]
09-10 16:46:09.672   563   608 I am_wtf  : [0,563,system_server,-1,SystemServiceRegistry,No service published for: jobscheduler]
09-10 16:46:09.672   563   608 I am_wtf  : [0,563,system_server,-1,SystemServiceRegistry,Manager wrapper not available: jobscheduler]
09-10 16:46:09.672   563   563 I sysui_multi_action: [757,856,758,1,806,android,857,PHYSICAL_KEYBOARD,858,2]
09-10 16:46:09.672   563   563 I sysui_multi_action: [757,856,758,1,806,android,857,SECURITY,858,2]
09-10 16:46:09.673   563   563 I sysui_multi_action: [757,856,758,1,806,android,857,CAR_MODE,858,2]
09-10 16:46:09.673   563   563 I sysui_multi_action: [757,856,758,1,806,android,857,ACCOUNT,858,2]
09-10 16:46:09.673   563   563 I sysui_multi_action: [757,856,758,1,806,android,857,DEVELOPER,858,2]
09-10 16:46:09.673   563   563 I sysui_multi_action: [757,856,758,1,806,android,857,DEVELOPER_IMPORTANT,858,4]
09-10 16:46:09.673   563   563 I sysui_multi_action: [757,856,758,1,806,android,857,UPDATES,858,2]
09-10 16:46:09.673   563   563 I sysui_multi_action: [757,856,758,1,806,android,857,NETWORK_STATUS,858,2]
09-10 16:46:09.673   563   563 I sysui_multi_action: [757,856,758,1,806,android,857,NETWORK_ALERTS,858,4]
09-10 16:46:09.673   563   563 I sysui_multi_action: [757,856,758,1,806,android,857,NETWORK_AVAILABLE,858,2]
09-10 16:46:09.674   563   563 I sysui_multi_action: [757,856,758,1,806,android,857,VPN,858,2]
09-10 16:46:09.674   563   563 I sysui_multi_action: [757,856,758,1,806,android,857,DEVICE_ADMIN_ALERTS,858,4]
09-10 16:46:09.674   563   563 I sysui_multi_action: [757,856,758,1,806,android,857,ALERTS,858,3]
09-10 16:46:09.674   563   563 I sysui_multi_action: [757,856,758,1,806,android,857,RETAIL_MODE,858,2]
09-10 16:46:09.674   563   563 I sysui_multi_action: [757,856,758,1,806,android,857,USB,858,1]
09-10 16:46:09.674   563   563 I sysui_multi_action: [757,856,758,1,806,android,857,FOREGROUND_SERVICE,858,2]
09-10 16:46:09.674   563   563 I sysui_multi_action: [757,856,758,1,806,android,857,HEAVY_WEIGHT_APP,858,3]
09-10 16:46:09.674   563   563 I sysui_multi_action: [757,856,758,1,806,android,857,SYSTEM_CHANGES_ALERTS,858,3]
09-10 16:46:09.674   563   563 I sysui_multi_action: [757,856,758,1,806,android,857,DO_NOT_DISTURB,858,2]
09-10 16:46:09.674   563   563 I sysui_multi_action: [757,856,758,1,806,android,857,ACCESSIBILITY_MAGNIFICATION,858,4]
09-10 16:46:09.674   563   563 I sysui_multi_action: [757,856,758,1,806,android,857,ACCESSIBILITY_SECURITY_POLICY,858,2]
09-10 16:46:09.674   563   563 I sysui_multi_action: [757,856,758,1,806,android,857,ABUSIVE_BACKGROUND_APPS,858,2]
09-10 16:46:09.676   563   873 I storage_state: [41217664-9172-527a-b3d5-edabb50a7d69,0,0,5814636544,6228115456]
09-10 16:46:09.730   563   608 I am_wtf  : [0,563,system_server,-1,SystemServiceRegistry,No service published for: jobscheduler]
09-10 16:46:09.730   563   608 I am_wtf  : [0,563,system_server,-1,SystemServiceRegistry,Manager wrapper not available: jobscheduler]
09-10 16:46:09.786   563   879 I stream_devices_changed: [4,0,2]
09-10 16:46:09.786   563   879 I stream_devices_changed: [6,0,2]
09-10 16:46:09.786   563   879 I stream_devices_changed: [3,0,2]
09-10 16:46:09.786   563   879 I stream_devices_changed: [5,0,2]
09-10 16:46:09.787   563   879 I stream_devices_changed: [2,0,2]
09-10 16:46:09.787   563   879 I stream_devices_changed: [0,0,2]
09-10 16:46:09.878   563   678 I commit_sys_config_file: [settings-2-0,10]
09-10 16:46:09.880   563   678 I commit_sys_config_file: [settings-0-0,2]
09-10 16:46:09.924   563   598 I commit_sys_config_file: [notification-policy,8]
09-10 16:46:09.929   563   678 I commit_sys_config_file: [settings-1-0,4]
09-10 16:46:10.015   563   563 I configuration_changed: 512
09-10 16:46:10.027   563   857 I sysui_multi_action: [757,856,758,1,806,android,857,APM_ALERTS,858,4]
09-10 16:46:10.062   563   563 I commit_sys_config_file: [package-session,2]
09-10 16:46:10.083   563   563 I sysui_multi_action: [757,1243,758,4,806,com.android.dynsystem,1241,android.permission.POST_NOTIFICATIONS]
09-10 16:46:10.083   563   563 I sysui_multi_action: [757,1243,758,4,806,com.android.server.telecom,1241,android.permission.READ_CALL_LOG]
09-10 16:46:10.084   563   563 I sysui_multi_action: [757,1243,758,4,806,com.android.settings,1241,android.permission.ACCESS_FINE_LOCATION]
09-10 16:46:10.084   563   563 I sysui_multi_action: [757,1243,758,4,806,com.android.settings,1241,android.permission.READ_PHONE_NUMBERS]
09-10 16:46:10.084   563   563 I sysui_multi_action: [757,1243,758,4,806,com.android.settings,1241,android.permission.READ_MEDIA_VISUAL_USER_SELECTED]
09-10 16:46:10.084   563   563 I sysui_multi_action: [757,1243,758,4,806,com.android.settings,1241,android.permission.BLUETOOTH_CONNECT]
09-10 16:46:10.085   563   563 I sysui_multi_action: [757,1243,758,4,806,com.android.server.telecom,1241,android.permission.READ_EXTERNAL_STORAGE]
09-10 16:46:10.085   563   563 I sysui_multi_action: [757,1243,758,4,806,com.android.settings,1241,android.permission.ACCESS_COARSE_LOCATION]
09-10 16:46:10.085   563   563 I sysui_multi_action: [757,1243,758,4,806,com.android.settings,1241,android.permission.READ_PHONE_STATE]
09-10 16:46:10.086   563   563 I sysui_multi_action: [757,1243,758,4,806,com.android.server.telecom,1241,android.permission.SEND_SMS]
09-10 16:46:10.086   563   563 I sysui_multi_action: [757,1243,758,4,806,com.android.settings,1241,android.permission.CALL_PHONE]
09-10 16:46:10.086   563   563 I sysui_multi_action: [757,1243,758,4,806,com.android.settings,1241,android.permission.READ_MEDIA_IMAGES]
09-10 16:46:10.086   563   563 I sysui_multi_action: [757,1243,758,4,806,com.android.settings,1241,android.permission.WRITE_CONTACTS]
09-10 16:46:10.087   563   563 I sysui_multi_action: [757,1243,758,4,806,com.android.DeviceAsWebcam,1241,android.permission.CAMERA]
09-10 16:46:10.087   563   563 I sysui_multi_action: [757,1243,758,4,806,com.android.server.telecom,1241,android.permission.WRITE_CALL_LOG]
09-10 16:46:10.087   563   563 I sysui_multi_action: [757,1243,758,4,806,com.android.settings,1241,android.permission.READ_MEDIA_AUDIO]
09-10 16:46:10.087   563   563 I sysui_multi_action: [757,1243,758,4,806,com.android.settings,1241,android.permission.READ_MEDIA_VIDEO]
09-10 16:46:10.088   563   563 I sysui_multi_action: [757,1243,758,4,806,com.android.settings,1241,android.permission.BLUETOOTH_ADVERTISE]
09-10 16:46:10.088   563   563 I sysui_multi_action: [757,1243,758,4,806,android,1241,android.permission.GET_ACCOUNTS]
09-10 16:46:10.088   563   563 I sysui_multi_action: [757,1243,758,4,806,com.android.settings,1241,android.permission.WRITE_EXTERNAL_STORAGE]
09-10 16:46:10.088   563   563 I sysui_multi_action: [757,1243,758,4,806,android,1241,android.permission.READ_CONTACTS]
09-10 16:46:10.089   563   563 I sysui_multi_action: [757,1243,758,4,806,com.android.location.fused,1241,android.permission.ACCESS_BACKGROUND_LOCATION]
09-10 16:46:10.089   563   563 I sysui_multi_action: [757,1243,758,4,806,com.android.settings,1241,android.permission.BLUETOOTH_SCAN]
09-10 16:46:10.089   563   563 I sysui_multi_action: [757,1243,758,4,806,com.android.mms.service,1241,android.permission.READ_SMS]
09-10 16:46:10.089   563   563 I sysui_multi_action: [757,1243,758,4,806,com.android.stk,1241,android.permission.POST_NOTIFICATIONS]
09-10 16:46:10.090   563   563 I sysui_multi_action: [757,1243,758,4,806,com.android.phone,1241,android.permission.READ_CALL_LOG]
09-10 16:46:10.090   563   563 I sysui_multi_action: [757,1243,758,4,806,com.android.phone,1241,android.permission.ACCESS_FINE_LOCATION]
09-10 16:46:10.090   563   563 I sysui_multi_action: [757,1243,758,4,806,com.android.providers.telephony,1241,android.permission.RECEIVE_SMS]
09-10 16:46:10.090   563   563 I sysui_multi_action: [757,1243,758,4,806,com.android.phone,1241,android.permission.BLUETOOTH_CONNECT]
09-10 16:46:10.091   563   563 I sysui_multi_action: [757,1243,758,4,806,com.android.providers.telephony,1241,android.permission.READ_EXTERNAL_STORAGE]
09-10 16:46:10.091   563   563 I sysui_multi_action: [757,1243,758,4,806,com.android.phone,1241,android.permission.ACCESS_COARSE_LOCATION]
09-10 16:46:10.091   563   563 I sysui_multi_action: [757,1243,758,4,806,com.android.mms.service,1241,android.permission.READ_PHONE_STATE]
09-10 16:46:10.091   563   563 I sysui_multi_action: [757,1243,758,4,806,com.android.phone,1241,android.permission.SEND_SMS]
09-10 16:46:10.091   563   563 I sysui_multi_action: [757,1243,758,4,806,com.android.phone,1241,android.permission.CALL_PHONE]
09-10 16:46:10.092   563   563 I sysui_multi_action: [757,1243,758,4,806,com.android.phone,1241,android.permission.WRITE_CONTACTS]
09-10 16:46:10.092   563   563 I sysui_multi_action: [757,1243,758,4,806,com.android.phone,1241,android.permission.WRITE_CALL_LOG]
09-10 16:46:10.092   563   563 I sysui_multi_action: [757,1243,758,4,806,com.android.phone,1241,android.permission.USE_SIP]
09-10 16:46:10.092   563   563 I sysui_multi_action: [757,1243,758,4,806,com.android.phone,1241,android.permission.GET_ACCOUNTS]
09-10 16:46:10.093   563   563 I sysui_multi_action: [757,1243,758,4,806,com.android.providers.telephony,1241,android.permission.WRITE_EXTERNAL_STORAGE]
09-10 16:46:10.093   563   563 I sysui_multi_action: [757,1243,758,4,806,com.android.phone,1241,android.permission.RECORD_AUDIO]
09-10 16:46:10.093   563   563 I sysui_multi_action: [757,1243,758,4,806,com.android.phone,1241,android.permission.READ_CONTACTS]
09-10 16:46:10.094   563   563 I sysui_multi_action: [757,1243,758,4,806,com.android.phone,1241,android.permission.BLUETOOTH_SCAN]
09-10 16:46:10.094   563   563 I sysui_multi_action: [757,1243,758,4,806,com.android.phone,1241,com.android.voicemail.permission.ADD_VOICEMAIL]
09-10 16:46:10.094   563   563 I sysui_multi_action: [757,1243,758,4,806,com.android.bluetooth,1241,android.permission.READ_SMS]
09-10 16:46:10.094   563   563 I sysui_multi_action: [757,1243,758,4,806,com.android.bluetooth,1241,android.permission.POST_NOTIFICATIONS]
09-10 16:46:10.094   563   563 I sysui_multi_action: [757,1243,758,4,806,com.android.bluetooth,1241,android.permission.READ_CALL_LOG]
09-10 16:46:10.095   563   563 I sysui_multi_action: [757,1243,758,4,806,com.android.bluetooth,1241,android.permission.ACCESS_FINE_LOCATION]
09-10 16:46:10.095   563   563 I sysui_multi_action: [757,1243,758,4,806,com.android.bluetooth,1241,android.permission.RECEIVE_SMS]
09-10 16:46:10.095   563   563 I sysui_multi_action: [757,1243,758,4,806,com.android.bluetooth,1241,android.permission.BLUETOOTH_CONNECT]
09-10 16:46:10.095   563   563 I sysui_multi_action: [757,1243,758,4,806,com.android.bluetooth,1241,android.permission.READ_EXTERNAL_STORAGE]
09-10 16:46:10.095   563   563 I sysui_multi_action: [757,1243,758,4,806,com.android.bluetooth,1241,android.permission.ACCESS_COARSE_LOCATION]
09-10 16:46:10.096   563   563 I sysui_multi_action: [757,1243,758,4,806,com.android.bluetooth,1241,android.permission.SEND_SMS]
09-10 16:46:10.096   563   563 I sysui_multi_action: [757,1243,758,4,806,com.android.bluetooth,1241,android.permission.WRITE_CONTACTS]
09-10 16:46:10.096   563   563 I sysui_multi_action: [757,1243,758,4,806,com.android.bluetooth,1241,android.permission.WRITE_CALL_LOG]
09-10 16:46:10.096   563   563 I sysui_multi_action: [757,1243,758,4,806,com.android.bluetooth,1241,android.permission.BLUETOOTH_ADVERTISE]
09-10 16:46:10.097   563   563 I sysui_multi_action: [757,1243,758,4,806,com.android.bluetooth,1241,android.permission.GET_ACCOUNTS]
09-10 16:46:10.097   563   563 I sysui_multi_action: [757,1243,758,4,806,com.android.bluetooth,1241,android.permission.WRITE_EXTERNAL_STORAGE]
09-10 16:46:10.097   563   563 I sysui_multi_action: [757,1243,758,4,806,com.android.bluetooth,1241,android.permission.READ_CONTACTS]
09-10 16:46:10.097   563   563 I sysui_multi_action: [757,1243,758,4,806,com.android.bluetooth,1241,android.permission.BLUETOOTH_SCAN]
09-10 16:46:10.097   563   563 I sysui_multi_action: [757,1243,758,4,806,com.android.nfc,1241,android.permission.POST_NOTIFICATIONS]
09-10 16:46:10.098   563   563 I sysui_multi_action: [757,1243,758,4,806,com.android.nfc,1241,android.permission.BLUETOOTH_CONNECT]
09-10 16:46:10.098   563   563 I sysui_multi_action: [757,1243,758,4,806,com.android.nfc,1241,android.permission.READ_EXTERNAL_STORAGE]
09-10 16:46:10.098   563   563 I sysui_multi_action: [757,1243,758,4,806,com.android.nfc,1241,android.permission.WRITE_EXTERNAL_STORAGE]
09-10 16:46:10.098   563   563 I sysui_multi_action: [757,1243,758,4,806,com.android.nfc,1241,android.permission.READ_CONTACTS]
09-10 16:46:10.098   563   563 I sysui_multi_action: [757,1243,758,4,806,com.android.nfc,1241,android.permission.BLUETOOTH_SCAN]
09-10 16:46:10.099   563   563 I sysui_multi_action: [757,1243,758,4,806,com.android.networkstack.tethering,1241,android.permission.POST_NOTIFICATIONS]
09-10 16:46:10.099   563   563 I sysui_multi_action: [757,1243,758,4,806,com.android.networkstack,1241,android.permission.ACCESS_FINE_LOCATION]
09-10 16:46:10.099   563   563 I sysui_multi_action: [757,1243,758,4,806,com.android.cellbroadcastservice,1241,android.permission.RECEIVE_SMS]
09-10 16:46:10.099   563   563 I sysui_multi_action: [757,1243,758,4,806,com.android.networkstack.tethering,1241,android.permission.BLUETOOTH_CONNECT]
09-10 16:46:10.099   563   563 I sysui_multi_action: [757,1243,758,4,806,com.android.networkstack,1241,android.permission.ACCESS_COARSE_LOCATION]
09-10 16:46:10.100   563   563 I sysui_multi_action: [757,1243,758,4,806,com.android.networkstack.tethering,1241,android.permission.READ_PHONE_STATE]
09-10 16:46:10.100   563   563 I sysui_multi_action: [757,1243,758,4,806,com.android.cellbroadcastservice,1241,android.permission.READ_CELL_BROADCASTS]
09-10 16:46:10.100   563   563 I sysui_multi_action: [757,1243,758,4,806,com.android.shell,1241,android.permission.READ_SMS]
09-10 16:46:10.100   563   563 I sysui_multi_action: [757,1243,758,4,806,com.android.shell,1241,android.permission.READ_CALENDAR]
09-10 16:46:10.101   563   563 I sysui_multi_action: [757,1243,758,4,806,com.android.shell,1241,android.permission.POST_NOTIFICATIONS]
09-10 16:46:10.101   563   563 I sysui_multi_action: [757,1243,758,4,806,com.android.shell,1241,android.permission.READ_CALL_LOG]
09-10 16:46:10.101   563   563 I sysui_multi_action: [757,1243,758,4,806,com.android.shell,1241,android.permission.ACCESS_FINE_LOCATION]
09-10 16:46:10.101   563   563 I sysui_multi_action: [757,1243,758,4,806,com.android.shell,1241,android.permission.ANSWER_PHONE_CALLS]
09-10 16:46:10.102   563   563 I sysui_multi_action: [757,1243,758,4,806,com.android.shell,1241,android.permission.RECEIVE_WAP_PUSH]
09-10 16:46:10.102   563   563 I sysui_multi_action: [757,1243,758,4,806,com.android.shell,1241,android.permission.BODY_SENSORS]
09-10 16:46:10.102   563   563 I sysui_multi_action: [757,1243,758,4,806,com.android.shell,1241,android.permission.READ_PHONE_NUMBERS]
09-10 16:46:10.102   563   563 I sysui_multi_action: [757,1243,758,4,806,com.android.shell,1241,android.permission.READ_MEDIA_VISUAL_USER_SELECTED]
09-10 16:46:10.103   563   563 I sysui_multi_action: [757,1243,758,4,806,com.android.shell,1241,android.permission.NEARBY_WIFI_DEVICES]
09-10 16:46:10.103   563   563 I sysui_multi_action: [757,1243,758,4,806,com.android.shell,1241,android.permission.RECEIVE_MMS]
09-10 16:46:10.103   563   563 I sysui_multi_action: [757,1243,758,4,806,com.android.shell,1241,android.permission.RECEIVE_SMS]
09-10 16:46:10.104   563   563 I sysui_multi_action: [757,1243,758,4,806,com.android.shell,1241,android.permission.BLUETOOTH_CONNECT]
09-10 16:46:10.104   563   563 I sysui_multi_action: [757,1243,758,4,806,com.android.shell,1241,android.permission.READ_EXTERNAL_STORAGE]
09-10 16:46:10.104   563   563 I sysui_multi_action: [757,1243,758,4,806,com.android.shell,1241,android.permission.ACCESS_COARSE_LOCATION]
09-10 16:46:10.104   563   563 I sysui_multi_action: [757,1243,758,4,806,com.android.shell,1241,android.permission.READ_PHONE_STATE]
09-10 16:46:10.104   563   563 I sysui_multi_action: [757,1243,758,4,806,com.android.shell,1241,android.permission.SEND_SMS]
09-10 16:46:10.105   563   563 I sysui_multi_action: [757,1243,758,4,806,com.android.shell,1241,android.permission.CALL_PHONE]
09-10 16:46:10.105   563   563 I sysui_multi_action: [757,1243,758,4,806,com.android.shell,1241,android.permission.WRITE_CONTACTS]
09-10 16:46:10.105   563   563 I sysui_multi_action: [757,1243,758,4,806,com.android.shell,1241,android.permission.ACCEPT_HANDOVER]
09-10 16:46:10.105   563   563 I sysui_multi_action: [757,1243,758,4,806,com.android.shell,1241,android.permission.CAMERA]
09-10 16:46:10.106   563   563 I sysui_multi_action: [757,1243,758,4,806,com.android.shell,1241,android.permission.WRITE_CALENDAR]
09-10 16:46:10.106   563   563 I sysui_multi_action: [757,1243,758,4,806,com.android.shell,1241,android.permission.WRITE_CALL_LOG]
09-10 16:46:10.106   563   563 I sysui_multi_action: [757,1243,758,4,806,com.android.shell,1241,android.permission.USE_SIP]
09-10 16:46:10.106   563   563 I sysui_multi_action: [757,1243,758,4,806,com.android.shell,1241,android.permission.PROCESS_OUTGOING_CALLS]
09-10 16:46:10.107   563   563 I sysui_multi_action: [757,1243,758,4,806,com.android.shell,1241,android.permission.READ_CELL_BROADCASTS]
09-10 16:46:10.107   563   563 I sysui_multi_action: [757,1243,758,4,806,com.android.shell,1241,android.permission.BLUETOOTH_ADVERTISE]
09-10 16:46:10.107   563   563 I sysui_multi_action: [757,1243,758,4,806,com.android.shell,1241,android.permission.GET_ACCOUNTS]
09-10 16:46:10.107   563   563 I sysui_multi_action: [757,1243,758,4,806,com.android.shell,1241,android.permission.WRITE_EXTERNAL_STORAGE]
09-10 16:46:10.107   563   563 I sysui_multi_action: [757,1243,758,4,806,com.android.shell,1241,android.permission.UWB_RANGING]
09-10 16:46:10.108   563   563 I sysui_multi_action: [757,1243,758,4,806,com.android.shell,1241,android.permission.ACTIVITY_RECOGNITION]
09-10 16:46:10.108   563   563 I sysui_multi_action: [757,1243,758,4,806,com.android.shell,1241,android.permission.RECORD_AUDIO]
09-10 16:46:10.108   563   563 I sysui_multi_action: [757,1243,758,4,806,com.android.shell,1241,android.permission.READ_CONTACTS]
09-10 16:46:10.108   563   563 I sysui_multi_action: [757,1243,758,4,806,com.android.shell,1241,android.permission.ACCESS_BACKGROUND_LOCATION]
09-10 16:46:10.109   563   563 I sysui_multi_action: [757,1243,758,4,806,com.android.shell,1241,android.permission.BLUETOOTH_SCAN]
09-10 16:46:10.109   563   563 I sysui_multi_action: [757,1243,758,4,806,com.android.shell,1241,android.permission.ACCESS_MEDIA_LOCATION]
09-10 16:46:10.109   563   563 I sysui_multi_action: [757,1243,758,4,806,com.android.shell,1241,com.android.voicemail.permission.ADD_VOICEMAIL]
09-10 16:46:10.109   563   563 I sysui_multi_action: [757,1243,758,4,806,com.android.documentsui,1241,android.permission.POST_NOTIFICATIONS]
09-10 16:46:10.109   563   563 I sysui_multi_action: [757,1243,758,4,806,com.android.packageinstaller,1241,android.permission.POST_NOTIFICATIONS]
09-10 16:46:10.109   563   563 I sysui_multi_action: [757,1243,758,4,806,com.android.externalstorage,1241,android.permission.READ_EXTERNAL_STORAGE]
09-10 16:46:10.110   563   563 I sysui_multi_action: [757,1243,758,4,806,com.android.externalstorage,1241,android.permission.WRITE_EXTERNAL_STORAGE]
09-10 16:46:10.110   563   563 I sysui_multi_action: [757,1243,758,4,806,com.android.providers.contacts,1241,android.permission.READ_CALL_LOG]
09-10 16:46:10.110   563   563 I sysui_multi_action: [757,1243,758,4,806,com.android.providers.contacts,1241,android.permission.READ_PHONE_STATE]
09-10 16:46:10.110   563   563 I sysui_multi_action: [757,1243,758,4,806,com.android.providers.contacts,1241,android.permission.WRITE_CONTACTS]
09-10 16:46:10.110   563   563 I sysui_multi_action: [757,1243,758,4,806,com.android.providers.contacts,1241,android.permission.WRITE_CALL_LOG]
09-10 16:46:10.110   563   563 I sysui_multi_action: [757,1243,758,4,806,com.android.providers.contacts,1241,android.permission.GET_ACCOUNTS]
09-10 16:46:10.111   563   563 I sysui_multi_action: [757,1243,758,4,806,com.android.providers.contacts,1241,android.permission.READ_CONTACTS]
09-10 16:46:10.111   563   563 I sysui_multi_action: [757,1243,758,4,806,com.android.managedprovisioning,1241,android.permission.POST_NOTIFICATIONS]
09-10 16:46:10.111   563   563 I sysui_multi_action: [757,1243,758,4,806,com.android.sharedstoragebackup,1241,android.permission.READ_EXTERNAL_STORAGE]
09-10 16:46:10.111   563   563 I sysui_multi_action: [757,1243,758,4,806,com.android.sharedstoragebackup,1241,android.permission.WRITE_EXTERNAL_STORAGE]
09-10 16:46:10.111   563   563 I sysui_multi_action: [757,1243,758,4,806,com.android.providers.downloads,1241,android.permission.POST_NOTIFICATIONS]
09-10 16:46:10.111   563   563 I sysui_multi_action: [757,1243,758,4,806,com.android.providers.downloads,1241,android.permission.READ_EXTERNAL_STORAGE]
09-10 16:46:10.112   563   563 I sysui_multi_action: [757,1243,758,4,806,com.android.providers.downloads,1241,android.permission.WRITE_EXTERNAL_STORAGE]
09-10 16:46:10.112   563   563 I sysui_multi_action: [757,1243,758,4,806,com.android.bips,1241,android.permission.POST_NOTIFICATIONS]
09-10 16:46:10.112   563   563 I sysui_multi_action: [757,1243,758,4,806,com.android.apps.tag,1241,android.permission.CALL_PHONE]
09-10 16:46:10.112   563   563 I sysui_multi_action: [757,1243,758,4,806,com.android.apps.tag,1241,android.permission.READ_CONTACTS]
09-10 16:46:10.112   563   563 I sysui_multi_action: [757,1243,758,4,806,com.android.statementservice,1241,android.permission.POST_NOTIFICATIONS]
09-10 16:46:10.112   563   563 I sysui_multi_action: [757,1243,758,4,806,com.android.providers.calendar,1241,android.permission.READ_CALENDAR]
09-10 16:46:10.113   563   563 I sysui_multi_action: [757,1243,758,4,806,com.android.providers.calendar,1241,android.permission.READ_EXTERNAL_STORAGE]
09-10 16:46:10.113   563   563 I sysui_multi_action: [757,1243,758,4,806,com.android.providers.calendar,1241,android.permission.WRITE_CALENDAR]
09-10 16:46:10.113   563   563 I sysui_multi_action: [757,1243,758,4,806,com.android.providers.calendar,1241,android.permission.GET_ACCOUNTS]
09-10 16:46:10.113   563   563 I sysui_multi_action: [757,1243,758,4,806,com.android.providers.calendar,1241,android.permission.WRITE_EXTERNAL_STORAGE]
09-10 16:46:10.113   563   563 I sysui_multi_action: [757,1243,758,4,806,com.android.printspooler,1241,android.permission.POST_NOTIFICATIONS]
09-10 16:46:10.113   563   563 I sysui_multi_action: [757,1243,758,4,806,com.android.printspooler,1241,android.permission.ACCESS_FINE_LOCATION]
09-10 16:46:10.114   563   563 I sysui_multi_action: [757,1243,758,4,806,com.android.printspooler,1241,android.permission.ACCESS_COARSE_LOCATION]
09-10 16:46:10.114   563   563 I sysui_multi_action: [757,1243,758,4,806,com.android.carrierdefaultapp,1241,android.permission.POST_NOTIFICATIONS]
09-10 16:46:10.114   563   563 I sysui_multi_action: [757,1243,758,4,806,com.android.egg,1241,android.permission.POST_NOTIFICATIONS]
09-10 16:46:10.114   563   563 I sysui_multi_action: [757,1243,758,4,806,com.android.bluetoothmidiservice,1241,android.permission.BLUETOOTH_CONNECT]
09-10 16:46:10.114   563   563 I sysui_multi_action: [757,1243,758,4,806,com.android.bluetoothmidiservice,1241,android.permission.BLUETOOTH_ADVERTISE]
09-10 16:46:10.114   563   563 I sysui_multi_action: [757,1243,758,4,806,com.android.bluetoothmidiservice,1241,android.permission.BLUETOOTH_SCAN]
09-10 16:46:10.114   563   563 I sysui_multi_action: [757,1243,758,4,806,com.android.captiveportallogin,1241,android.permission.POST_NOTIFICATIONS]
09-10 16:46:10.115   563   563 I sysui_multi_action: [757,1243,758,4,806,com.android.traceur,1241,android.permission.POST_NOTIFICATIONS]
09-10 16:46:10.115   563   563 I sysui_multi_action: [757,1243,758,4,806,com.android.companiondevicemanager,1241,android.permission.ACCESS_FINE_LOCATION]
09-10 16:46:10.115   563   563 I sysui_multi_action: [757,1243,758,4,806,com.android.companiondevicemanager,1241,android.permission.BLUETOOTH_CONNECT]
09-10 16:46:10.115   563   563 I sysui_multi_action: [757,1243,758,4,806,com.android.companiondevicemanager,1241,android.permission.ACCESS_COARSE_LOCATION]
09-10 16:46:10.115   563   563 I sysui_multi_action: [757,1243,758,4,806,com.android.companiondevicemanager,1241,android.permission.BLUETOOTH_ADVERTISE]
09-10 16:46:10.115   563   563 I sysui_multi_action: [757,1243,758,4,806,com.android.companiondevicemanager,1241,android.permission.ACCESS_BACKGROUND_LOCATION]
09-10 16:46:10.115   563   563 I sysui_multi_action: [757,1243,758,4,806,com.android.companiondevicemanager,1241,android.permission.BLUETOOTH_SCAN]
09-10 16:46:10.116   563   563 I sysui_multi_action: [757,1243,758,4,806,com.android.contacts,1241,android.permission.READ_CALL_LOG]
09-10 16:46:10.116   563   563 I sysui_multi_action: [757,1243,758,4,806,com.android.contacts,1241,android.permission.READ_PHONE_STATE]
09-10 16:46:10.116   563   563 I sysui_multi_action: [757,1243,758,4,806,com.android.contacts,1241,android.permission.CALL_PHONE]
09-10 16:46:10.116   563   563 I sysui_multi_action: [757,1243,758,4,806,com.android.contacts,1241,android.permission.WRITE_CONTACTS]
09-10 16:46:10.116   563   563 I sysui_multi_action: [757,1243,758,4,806,com.android.contacts,1241,android.permission.GET_ACCOUNTS]
09-10 16:46:10.116   563   563 I sysui_multi_action: [757,1243,758,4,806,com.android.contacts,1241,android.permission.READ_CONTACTS]
09-10 16:46:10.117   563   563 I sysui_multi_action: [757,1243,758,4,806,com.android.dialer,1241,android.permission.POST_NOTIFICATIONS]
09-10 16:46:10.117   563   563 I sysui_multi_action: [757,1243,758,4,806,com.android.dialer,1241,android.permission.READ_CALL_LOG]
09-10 16:46:10.117   563   563 I sysui_multi_action: [757,1243,758,4,806,com.android.dialer,1241,android.permission.READ_PHONE_STATE]
09-10 16:46:10.117   563   563 I sysui_multi_action: [757,1243,758,4,806,com.android.dialer,1241,android.permission.SEND_SMS]
09-10 16:46:10.117   563   563 I sysui_multi_action: [757,1243,758,4,806,com.android.dialer,1241,android.permission.CALL_PHONE]
09-10 16:46:10.117   563   563 I sysui_multi_action: [757,1243,758,4,806,com.android.dialer,1241,android.permission.WRITE_CONTACTS]
09-10 16:46:10.117   563   563 I sysui_multi_action: [757,1243,758,4,806,com.android.dialer,1241,android.permission.CAMERA]
09-10 16:46:10.118   563   563 I sysui_multi_action: [757,1243,758,4,806,com.android.dialer,1241,android.permission.WRITE_CALL_LOG]
09-10 16:46:10.118   563   563 I sysui_multi_action: [757,1243,758,4,806,com.android.dialer,1241,android.permission.PROCESS_OUTGOING_CALLS]
09-10 16:46:10.118   563   563 I sysui_multi_action: [757,1243,758,4,806,com.android.dialer,1241,android.permission.GET_ACCOUNTS]
09-10 16:46:10.118   563   563 I sysui_multi_action: [757,1243,758,4,806,com.android.dialer,1241,android.permission.READ_CONTACTS]
09-10 16:46:10.118   563   563 I sysui_multi_action: [757,1243,758,4,806,com.android.dialer,1241,com.android.voicemail.permission.ADD_VOICEMAIL]
09-10 16:46:10.118   563   563 I sysui_multi_action: [757,1243,758,4,806,com.android.music,1241,android.permission.READ_MEDIA_VISUAL_USER_SELECTED]
09-10 16:46:10.118   563   563 I sysui_multi_action: [757,1243,758,4,806,com.android.music,1241,android.permission.READ_EXTERNAL_STORAGE]
09-10 16:46:10.119   563   563 I sysui_multi_action: [757,1243,758,4,806,com.android.music,1241,android.permission.READ_MEDIA_IMAGES]
09-10 16:46:10.119   563   563 I sysui_multi_action: [757,1243,758,4,806,com.android.music,1241,android.permission.READ_MEDIA_AUDIO]
09-10 16:46:10.119   563   563 I sysui_multi_action: [757,1243,758,4,806,com.android.music,1241,android.permission.READ_MEDIA_VIDEO]
09-10 16:46:10.119   563   563 I sysui_multi_action: [757,1243,758,4,806,com.android.camera2,1241,android.permission.CAMERA]
09-10 16:46:10.119   563   563 I sysui_multi_action: [757,1243,758,4,806,com.android.camera2,1241,android.permission.RECORD_AUDIO]
09-10 16:46:10.119   563   563 I sysui_multi_action: [757,1243,758,4,806,com.android.calendar,1241,android.permission.READ_CALENDAR]
09-10 16:46:10.119   563   563 I sysui_multi_action: [757,1243,758,4,806,com.android.calendar,1241,android.permission.POST_NOTIFICATIONS]
09-10 16:46:10.119   563   563 I sysui_multi_action: [757,1243,758,4,806,com.android.calendar,1241,android.permission.WRITE_CALENDAR]
09-10 16:46:10.119   563   563 I sysui_multi_action: [757,1243,758,4,806,com.android.calendar,1241,android.permission.GET_ACCOUNTS]
09-10 16:46:10.120   563   563 I sysui_multi_action: [757,1243,758,4,806,com.android.calendar,1241,android.permission.READ_CONTACTS]
09-10 16:46:10.120   563   563 I sysui_multi_action: [757,1243,758,4,806,com.android.messaging,1241,android.permission.READ_SMS]
09-10 16:46:10.120   563   563 I sysui_multi_action: [757,1243,758,4,806,com.android.messaging,1241,android.permission.POST_NOTIFICATIONS]
09-10 16:46:10.120   563   563 I sysui_multi_action: [757,1243,758,4,806,com.android.messaging,1241,android.permission.READ_MEDIA_VISUAL_USER_SELECTED]
09-10 16:46:10.120   563   563 I sysui_multi_action: [757,1243,758,4,806,com.android.messaging,1241,android.permission.RECEIVE_MMS]
09-10 16:46:10.120   563   563 I sysui_multi_action: [757,1243,758,4,806,com.android.messaging,1241,android.permission.RECEIVE_SMS]
09-10 16:46:10.120   563   563 I sysui_multi_action: [757,1243,758,4,806,com.android.messaging,1241,android.permission.READ_EXTERNAL_STORAGE]
09-10 16:46:10.120   563   563 I sysui_multi_action: [757,1243,758,4,806,com.android.messaging,1241,android.permission.READ_PHONE_STATE]
09-10 16:46:10.121   563   563 I sysui_multi_action: [757,1243,758,4,806,com.android.messaging,1241,android.permission.SEND_SMS]
09-10 16:46:10.121   563   563 I sysui_multi_action: [757,1243,758,4,806,com.android.messaging,1241,android.permission.CALL_PHONE]
09-10 16:46:10.121   563   563 I sysui_multi_action: [757,1243,758,4,806,com.android.messaging,1241,android.permission.READ_MEDIA_IMAGES]
09-10 16:46:10.123   563   563 I sysui_multi_action: [757,1243,758,4,806,com.android.messaging,1241,android.permission.WRITE_CONTACTS]
09-10 16:46:10.123   563   563 I sysui_multi_action: [757,1243,758,4,806,com.android.messaging,1241,android.permission.CAMERA]
09-10 16:46:10.123   563   563 I sysui_multi_action: [757,1243,758,4,806,com.android.messaging,1241,android.permission.READ_MEDIA_AUDIO]
09-10 16:46:10.123   563   563 I sysui_multi_action: [757,1243,758,4,806,com.android.messaging,1241,android.permission.READ_MEDIA_VIDEO]
09-10 16:46:10.123   563   563 I sysui_multi_action: [757,1243,758,4,806,com.android.messaging,1241,android.permission.WRITE_EXTERNAL_STORAGE]
09-10 16:46:10.123   563   563 I sysui_multi_action: [757,1243,758,4,806,com.android.messaging,1241,android.permission.RECORD_AUDIO]
09-10 16:46:10.124   563   563 I sysui_multi_action: [757,1243,758,4,806,com.android.messaging,1241,android.permission.READ_CONTACTS]
09-10 16:46:10.124   563   563 I sysui_multi_action: [757,1243,758,4,806,com.android.messaging,1241,android.permission.ACCESS_MEDIA_LOCATION]
09-10 16:46:10.124   563   563 I sysui_multi_action: [757,1243,758,4,806,com.android.emergency,1241,android.permission.READ_PHONE_STATE]
09-10 16:46:10.124   563   563 I sysui_multi_action: [757,1243,758,4,806,com.android.emergency,1241,android.permission.CALL_PHONE]
09-10 16:46:10.124   563   563 I sysui_multi_action: [757,1243,758,4,806,com.android.emergency,1241,android.permission.READ_CONTACTS]
09-10 16:46:10.124   563   563 I sysui_multi_action: [757,1243,758,4,806,com.android.launcher3,1241,android.permission.POST_NOTIFICATIONS]
09-10 16:46:10.124   563   563 I sysui_multi_action: [757,1243,758,4,806,com.android.systemui,1241,android.permission.POST_NOTIFICATIONS]
09-10 16:46:10.124   563   563 I sysui_multi_action: [757,1243,758,4,806,com.android.systemui,1241,android.permission.BLUETOOTH_CONNECT]
09-10 16:46:10.125   563   563 I sysui_multi_action: [757,1243,758,4,806,com.android.systemui,1241,android.permission.READ_EXTERNAL_STORAGE]
09-10 16:46:10.125   563   563 I sysui_multi_action: [757,1243,758,4,806,com.android.systemui,1241,android.permission.CAMERA]
09-10 16:46:10.125   563   563 I sysui_multi_action: [757,1243,758,4,806,com.android.systemui,1241,android.permission.BLUETOOTH_ADVERTISE]
09-10 16:46:10.125   563   563 I sysui_multi_action: [757,1243,758,4,806,com.android.systemui,1241,android.permission.GET_ACCOUNTS]
09-10 16:46:10.125   563   563 I sysui_multi_action: [757,1243,758,4,806,com.android.systemui,1241,android.permission.RECORD_AUDIO]
09-10 16:46:10.125   563   563 I sysui_multi_action: [757,1243,758,4,806,com.android.systemui,1241,android.permission.READ_CONTACTS]
09-10 16:46:10.125   563   563 I sysui_multi_action: [757,1243,758,4,806,com.android.systemui,1241,android.permission.BLUETOOTH_SCAN]
09-10 16:46:10.125   563   563 I sysui_multi_action: [757,1243,758,4,806,com.android.storagemanager,1241,android.permission.POST_NOTIFICATIONS]
09-10 16:46:10.125   563   563 I sysui_multi_action: [757,1243,758,4,806,com.android.storagemanager,1241,android.permission.READ_EXTERNAL_STORAGE]
09-10 16:46:10.126   563   563 I sysui_multi_action: [757,1243,758,4,806,com.android.storagemanager,1241,android.permission.WRITE_EXTERNAL_STORAGE]
09-10 16:46:10.126   563   563 I sysui_multi_action: [757,1243,758,4,806,com.android.cellbroadcastreceiver.module,1241,android.permission.READ_SMS]
09-10 16:46:10.126   563   563 I sysui_multi_action: [757,1243,758,4,806,com.android.cellbroadcastreceiver.module,1241,android.permission.POST_NOTIFICATIONS]
09-10 16:46:10.126   563   563 I sysui_multi_action: [757,1243,758,4,806,com.android.cellbroadcastreceiver.module,1241,android.permission.RECEIVE_SMS]
09-10 16:46:10.126   563   563 I sysui_multi_action: [757,1243,758,4,806,com.android.cellbroadcastreceiver.module,1241,android.permission.BLUETOOTH_CONNECT]
09-10 16:46:10.126   563   563 I sysui_multi_action: [757,1243,758,4,806,com.android.cellbroadcastreceiver.module,1241,android.permission.READ_CELL_BROADCASTS]
09-10 16:46:10.127   563   563 I sysui_multi_action: [757,1243,758,4,806,com.android.devicelockcontroller,1241,android.permission.POST_NOTIFICATIONS]
09-10 16:46:10.127   563   563 I sysui_multi_action: [757,1243,758,4,806,com.android.permissioncontroller,1241,android.permission.POST_NOTIFICATIONS]
09-10 16:46:10.127   563   563 I sysui_multi_action: [757,1243,758,4,806,android.ext.services,1241,android.permission.ACCESS_COARSE_LOCATION]
09-10 16:46:10.127   563   563 I sysui_multi_action: [757,1243,758,4,806,com.android.providers.media.module,1241,android.permission.POST_NOTIFICATIONS]
09-10 16:46:10.127   563   563 I sysui_multi_action: [757,1243,758,4,806,com.android.providers.media.module,1241,android.permission.READ_EXTERNAL_STORAGE]
09-10 16:46:10.127   563   563 I sysui_multi_action: [757,1243,758,4,806,com.android.providers.media.module,1241,android.permission.WRITE_EXTERNAL_STORAGE]
09-10 16:46:10.138   563   563 I rescue_note: [0,1,21712]
09-10 16:46:10.200   563   563 I service_manager_stats: [354,173,5048]
09-10 16:46:10.217   563   563 I boot_progress_ams_ready: 21792
09-10 16:46:10.219   563   563 I configuration_changed: 268468224
09-10 16:46:10.225   563   678 I commit_sys_config_file: [settings-0-0,3]
09-10 16:46:10.229   563   563 I thermal_changed: [test temperature sensor,3,30.799999,0,0]
09-10 16:46:10.246   563   678 I commit_sys_config_file: [settings-2-0,1]
09-10 16:46:10.281   563   598 I commit_sys_config_file: [notification-policy,2]
09-10 16:46:10.303   563   563 I am_uid_running: 10122
09-10 16:46:10.318   563   927 I am_uid_running: 10137
09-10 16:46:10.322   563   609 I am_proc_start: [0,941,10122,com.android.systemui,service,{com.android.systemui/com.android.systemui.wallpapers.ImageWallpaper}]
09-10 16:46:10.328   563   609 I am_proc_start: [0,942,10137,com.android.permissioncontroller,service,{com.android.permissioncontroller/com.android.permissioncontroller.permission.service.PermissionControllerServiceImpl}]
09-10 16:46:10.345   563   645 I am_uid_running: 1037
09-10 16:46:10.357   563   855 I commit_sys_config_file: [net-policy,9]
09-10 16:46:10.358   563   609 I am_proc_start: [0,951,1037,WebViewLoader-x86_64,,]
09-10 16:46:10.391   563   591 I am_proc_bound: [0,951,WebViewLoader-x86_64]
09-10 16:46:10.392   563   591 I am_uid_active: 1037
09-10 16:46:10.399   563   591 I am_proc_bound: [0,942,com.android.permissioncontroller]
09-10 16:46:10.414   563   850 I am_proc_bound: [0,941,com.android.systemui]
09-10 16:46:10.415   563   853 I netstats_mobile_sample: [0,0,0,0,0,0,0,0,1789058770415]
09-10 16:46:10.415   563   853 I netstats_wifi_sample: [0,0,0,0,0,0,0,0,1789058770415]
09-10 16:46:10.418   563   850 I am_uid_active: 10122
09-10 16:46:10.458   563   853 I netstats_mobile_sample: [0,0,0,0,0,0,0,0,1789058770458]
09-10 16:46:10.458   563   853 I netstats_wifi_sample: [0,0,0,0,0,0,0,0,1789058770458]
09-10 16:46:10.519   563   678 I commit_sys_config_file: [settings-0-0,9]
09-10 16:46:10.549   563   563 I am_uid_running: 1073
09-10 16:46:10.551   563   647 I am_proc_died: [0,951,WebViewLoader-x86_64,-700,0]
09-10 16:46:10.551   563   647 I am_uid_stopped: 1037
09-10 16:46:10.553   563  1031 I am_mem_factor: [3,0]
09-10 16:46:10.553   563  1031 I am_uid_active: 10137
09-10 16:46:10.560   563   609 I am_proc_start: [0,1038,1073,com.android.networkstack.process,service,{com.android.networkstack/com.android.server.NetworkStackService}]
09-10 16:46:10.567   563   563 I ssm_user_starting: 0
09-10 16:46:10.569   563   599 I commit_sys_config_file: [input-state,2]
09-10 16:46:10.575   563   607 I service_manager_slow: [17,time_detector]
09-10 16:46:10.604  1038  1038 I service_manager_slow: [13,activity]
09-10 16:46:10.604   563   591 I am_proc_bound: [0,1038,com.android.networkstack.process]
09-10 16:46:10.606   563   591 I am_uid_active: 1073
09-10 16:46:10.618   563   607 I netstats_mobile_sample: [0,0,0,0,0,0,0,0,1789058770618]
09-10 16:46:10.618   563   607 I netstats_wifi_sample: [0,0,0,0,0,0,0,0,1789058770618]
09-10 16:46:10.630   563   678 I commit_sys_config_file: [settings-2-0,3]
09-10 16:46:10.630   563   647 I wm_task_created: 2
09-10 16:46:10.631   563   850 I wm_task_created: 3
09-10 16:46:10.633   563   648 I wm_task_created: 4
09-10 16:46:10.655   563   607 I netstats_mobile_sample: [0,0,0,0,0,0,0,0,1789058770655]
09-10 16:46:10.655   563   607 I netstats_wifi_sample: [0,0,0,0,0,0,0,0,1789058770655]
09-10 16:46:10.677   563  1074 I sysui_multi_action: [757,1243,758,4,806,com.android.settings.intelligence,1241,android.permission.POST_NOTIFICATIONS]
09-10 16:46:10.687   563   598 I commit_sys_config_file: [notification-policy,9]
09-10 16:46:10.690   563  1009 I wm_task_removed: [3,3,0,reParentTask:sanitizeAndApplyHierarchyOp]
09-10 16:46:10.690   563  1009 I wm_task_moved: [3,2,0,1,2147483647]
09-10 16:46:10.690   563  1009 I wm_task_removed: [4,4,0,reParentTask:sanitizeAndApplyHierarchyOp]
09-10 16:46:10.690   563  1009 I wm_task_moved: [4,2,0,1,2147483647]
09-10 16:46:10.699   941   991 I viewroot_draw_event: [VRI[ShellDropTarget],Not drawing due to not visible. Reason=View.INVISIBLE]
09-10 16:46:10.706   563   607 I netstats_mobile_sample: [0,0,0,0,0,0,0,0,1789058770706]
09-10 16:46:10.706   563   607 I netstats_wifi_sample: [0,0,0,0,0,0,0,0,1789058770706]
09-10 16:46:10.715   563  1009 I sysui_multi_action: [757,856,758,1,806,com.android.networkstack,857,connected_note_loud,858,4]
09-10 16:46:10.715   563  1009 I sysui_multi_action: [757,856,758,1,806,com.android.networkstack,857,connected_note,858,3]
09-10 16:46:10.717   563  1074 I sysui_multi_action: [757,1243,758,4,806,com.android.gallery3d,1241,android.permission.ACCESS_MEDIA_LOCATION]
09-10 16:46:10.718   563  1074 I sysui_multi_action: [757,1243,758,4,806,com.android.gallery3d,1241,android.permission.WRITE_EXTERNAL_STORAGE]
09-10 16:46:10.719   563  1074 I sysui_multi_action: [757,1243,758,4,806,com.android.gallery3d,1241,android.permission.READ_MEDIA_VIDEO]
09-10 16:46:10.719   563  1074 I sysui_multi_action: [757,1243,758,4,806,com.android.gallery3d,1241,android.permission.READ_MEDIA_AUDIO]
09-10 16:46:10.719   563  1074 I sysui_multi_action: [757,1243,758,4,806,com.android.gallery3d,1241,android.permission.READ_MEDIA_IMAGES]
09-10 16:46:10.720   563  1074 I sysui_multi_action: [757,1243,758,4,806,com.android.gallery3d,1241,android.permission.READ_EXTERNAL_STORAGE]
09-10 16:46:10.721   563  1074 I sysui_multi_action: [757,1243,758,4,806,com.android.gallery3d,1241,android.permission.READ_MEDIA_VISUAL_USER_SELECTED]
09-10 16:46:10.739   563  1068 I sysui_multi_action: [757,856,758,1,806,com.android.networkstack.tethering,857,TETHERING_STATUS,858,2]
09-10 16:46:10.742   563   607 I netstats_mobile_sample: [0,0,0,0,0,0,0,0,1789058770742]
09-10 16:46:10.742   563   607 I netstats_wifi_sample: [0,0,0,0,0,0,0,0,1789058770742]
09-10 16:46:10.757   563  1009 I am_wtf  : [0,1038,com.android.networkstack.process,680050253,SystemServiceRegistry,No service published for: ethernet]
09-10 16:46:10.764   563  1074 I sysui_multi_action: [757,1243,758,4,806,org.chromium.webview_shell,1241,android.permission.ACCESS_FINE_LOCATION]
09-10 16:46:10.756  1038  1038 I auditd  : type=1400 audit(0.0:6): avc:  granted  { read } for  comm="rkstack.process" name="psched" dev="proc" ino=4026532021 scontext=u:r:network_stack:s0 tcontext=u:object_r:proc_net:s0 tclass=file
09-10 16:46:10.764  1038  1038 I auditd  : type=1400 audit(0.0:7): avc:  granted  { read open } for  comm="rkstack.process" path="/proc/1038/net/psched" dev="proc" ino=4026532021 scontext=u:r:network_stack:s0 tcontext=u:object_r:proc_net:s0 tclass=file
09-10 16:46:10.764  1038  1038 I auditd  : type=1400 audit(0.0:8): avc:  granted  { getattr } for  comm="rkstack.process" path="/proc/1038/net/psched" dev="proc" ino=4026532021 scontext=u:r:network_stack:s0 tcontext=u:object_r:proc_net:s0 tclass=file
09-10 16:46:10.784   563   607 I netstats_mobile_sample: [0,0,0,0,0,0,0,0,1789058770784]
09-10 16:46:10.784   563   607 I netstats_wifi_sample: [0,0,0,0,0,0,0,0,1789058770784]
09-10 16:46:10.803   563   694 I am_uid_running: 1002
09-10 16:46:10.814   563   609 I am_proc_start: [0,1098,1002,com.android.bluetooth,service,{com.android.bluetooth/com.android.bluetooth.btservice.AdapterService}]
09-10 16:46:10.815   563   563 I um_user_visibility_changed: [0,1]
09-10 16:46:10.818   563   563 I am_uid_running: 1068
09-10 16:46:10.819   563   563 I am_uid_running: 1001
09-10 16:46:10.824   563   607 I netstats_mobile_sample: [0,0,0,0,0,0,0,0,1789058770824]
09-10 16:46:10.824   563   607 I netstats_wifi_sample: [0,0,0,0,0,0,0,0,1789058770824]
09-10 16:46:10.837   563   563 I wm_task_created: 5
09-10 16:46:10.838   563   563 I wm_task_moved: [5,1,0,1,2147483647]
09-10 16:46:10.839   563   563 I wm_task_moved: [1,1,0,1,1]
09-10 16:46:10.839   563   563 I wm_create_task: [0,5,1,0]
09-10 16:46:10.839   563   563 I wm_create_activity: [0,246200280,5,com.android.settings/.FallbackHome,android.intent.action.MAIN,NULL,NULL,276824320]
09-10 16:46:10.844   563   563 I wm_task_moved: [1,1,0,1,1]
09-10 16:46:10.844   563   563 I wm_task_moved: [5,1,0,1,2147483647]
09-10 16:46:10.844   563   563 I wm_task_to_front: [0,5,0]
09-10 16:46:10.848   563   563 I uc_send_user_broadcast: [0,android.intent.action.USER_STARTED]
09-10 16:46:10.848   563   563 I uc_send_user_broadcast: [0,android.intent.action.USER_STARTING]
09-10 16:46:10.849   563   563 I uc_send_user_broadcast: [0,android.intent.action.USER_FOREGROUND]
09-10 16:46:10.849   563   563 I uc_send_user_broadcast: [0,android.intent.action.USER_SWITCHED]
09-10 16:46:10.855   563   607 I dvm_lock_sample: [system_server,0,android.bg,20,AppProfiler.java,618,void com.android.server.am.AppProfiler$BgHandler.handleMessage(android.os.Message),UserController.java,3799,int com.android.server.am.UserController$Injector.broadcastIntent(android.content.Intent, java.lang.String, android.content.IIntentReceiver, int, java.lang.String, android.os.Bundle, java.lang.String[], int, android.os.Bundle, boolean, int, int, int, int, int),4]
09-10 16:46:10.856   563   609 I am_proc_start: [0,1099,1068,com.android.se,added application,com.android.se]
09-10 16:46:10.865   563   609 I am_proc_start: [0,1120,1001,com.android.phone,added application,com.android.phone]
09-10 16:46:10.875   563  1048 I am_proc_bound: [0,1099,com.android.se]
09-10 16:46:10.880   563  1048 I am_uid_active: 1068
09-10 16:46:10.885   563   609 I am_proc_start: [0,1123,1000,com.android.settings,top-activity,{com.android.settings/com.android.settings.FallbackHome}]
09-10 16:46:10.886   563   647 I am_proc_bound: [0,1098,com.android.bluetooth]
09-10 16:46:10.905   563   647 I am_proc_bound: [0,1120,com.android.phone]
09-10 16:46:10.906   563   647 I am_uid_active: 1001
09-10 16:46:10.916   563   678 I commit_sys_config_file: [settings-0-0,3]
09-10 16:46:10.933   563  1031 I am_uid_active: 1002
09-10 16:46:10.938  1123  1123 I service_manager_slow: [18,activity]
09-10 16:46:10.938   563  1048 I am_proc_bound: [0,1123,com.android.settings]
09-10 16:46:10.976   563   598 I commit_sys_config_file: [notification-policy,11]
09-10 16:46:10.997   563   678 I commit_sys_config_file: [settings-2-0,3]
09-10 16:46:11.025   563   563 I notification_cancel_all: [1000,563,android,0,0,0,20,NULL]
09-10 16:46:11.025   563   563 I notification_cancel_all: [1000,563,android,0,0,0,20,NULL]
09-10 16:46:11.025   563   563 I notification_cancel_all: [1000,563,android,0,0,0,20,NULL]
09-10 16:46:11.110   563   647 I wm_restart_activity: [0,246200280,5,com.android.settings/.FallbackHome]
09-10 16:46:11.113   563   647 I wm_set_resumed_activity: [0,com.android.settings/.FallbackHome,realStartActivityLocked - onActivityStateChanged]
09-10 16:46:11.161  1123  1123 I wm_on_create_called: [246200280,com.android.settings.FallbackHome,performCreate,29]
09-10 16:46:11.162  1123  1123 I wm_on_start_called: [246200280,com.android.settings.FallbackHome,handleStartActivity,0]
09-10 16:46:11.164  1123  1123 I wm_on_resume_called: [246200280,com.android.settings.FallbackHome,RESUME_ACTIVITY,0]
09-10 16:46:11.181  1123  1123 I wm_on_top_resumed_gained_called: [246200280,com.android.settings.FallbackHome,topStateChangedWhenResumed]
09-10 16:46:11.188   563   600 I input_focus: [Focus request 3db2f5c com.android.settings/com.android.settings.FallbackHome,reason=UpdateInputWindows]
09-10 16:46:11.218   563   563 I notification_enqueue: [1000,563,android,19,NULL,-1,Notification(channel=PHYSICAL_KEYBOARD shortcut=null contentView=null vibrate=null sound=null defaults=0 flags=AUTO_CANCEL|CAN_COLORIZE color=0x00000000 vis=PRIVATE),0]
09-10 16:46:11.261  1123  1123 I viewroot_draw_event: [VRI[FallbackHome],reportDrawFinished seqId=0]
09-10 16:46:11.263   563   599 I boot_progress_enable_screen: 22838
09-10 16:46:11.264   563   599 I screen_toggled: 1
09-10 16:46:11.294   563   596 I sysui_multi_action: [319,455,322,444,325,22,757,761,758,7,759,2,806,com.android.settings,871,com.android.settings.FallbackHome,905,0,945,124,1320,4,1321,23]
09-10 16:46:11.295   563   596 I wm_activity_launch_time: [0,246200280,com.android.settings/.FallbackHome,444]
09-10 16:46:11.322   563  1009 I am_uid_running: 10120
09-10 16:46:11.344   563   609 I am_proc_start: [0,1200,10120,com.android.launcher3,service,{com.android.launcher3/com.android.quickstep.TouchInteractionService}]
09-10 16:46:11.419   563   869 I service_manager_slow: [55,connectivity]
09-10 16:46:11.432   563   853 I netstats_mobile_sample: [0,0,0,0,0,0,0,0,1789058771432]
09-10 16:46:11.432   563   853 I netstats_wifi_sample: [0,0,0,0,0,0,0,0,1789058771432]
09-10 16:46:11.482   563   563 I sysui_multi_action: [757,856,758,1,806,com.android.server.telecom,857,TelecomMissedCalls,858,3]
09-10 16:46:11.482   563   563 I sysui_multi_action: [757,856,758,1,806,com.android.server.telecom,857,TelecomIncomingCalls,858,5]
09-10 16:46:11.488   941  1199 I viewroot_draw_event: [VRI[ScreenDecorOverlay],Not drawing due to not visible. Reason=View.INVISIBLE]
09-10 16:46:11.489   563   563 I sysui_multi_action: [757,856,758,1,806,com.android.server.telecom,857,TelecomCallBlocking,858,2]
09-10 16:46:11.489   563   563 I sysui_multi_action: [757,856,758,1,806,com.android.server.telecom,857,TelecomBackgroundAudioProcessing,858,2]
09-10 16:46:11.490   563   563 I sysui_multi_action: [757,856,758,1,806,com.android.server.telecom,857,TelecomDisconnectedCalls,858,3]
09-10 16:46:11.490   563   563 I sysui_multi_action: [757,856,758,1,806,com.android.server.telecom,857,TelecomInCallServiceCrash,858,3]
09-10 16:46:11.490   563   563 I sysui_multi_action: [757,856,758,1,806,com.android.server.telecom,857,TelecomCallStreaming,858,3]
09-10 16:46:11.495   941  1199 I viewroot_draw_event: [VRI[ScreenDecorOverlayBottom],Not drawing due to not visible. Reason=View.INVISIBLE]
09-10 16:46:11.514   563   591 I am_proc_bound: [0,1200,com.android.launcher3]
09-10 16:46:11.591   563   563 I sysui_multi_action: [757,1501,758,1,793,1015,794,0,795,1015,796,19,806,android,857,PHYSICAL_KEYBOARD,858,2,947,0,1500,0]
09-10 16:46:11.591   563   563 I sysui_multi_action: [757,804,799,note_interruptive,801,0,802,1]
09-10 16:46:11.604   563  1048 I am_uid_active: 10120
09-10 16:46:11.621   563   678 I commit_sys_config_file: [settings-2-0,19]
09-10 16:46:11.624  1200  1230 I jank_cuj_events_cancel_request: [-1,1789058771600465000,23175361978,23175362028]
09-10 16:46:11.673   563   563 I sysui_multi_action: [757,859,758,6,806,android,860,safety_center_channels]
09-10 16:46:11.688   563   563 I sysui_multi_action: [757,856,758,1,806,android,857,safety_center_information,858,2]
09-10 16:46:11.688   563   563 I sysui_multi_action: [757,856,758,1,806,android,857,safety_center_recommendation,858,3]
09-10 16:46:11.688   563   563 I sysui_multi_action: [757,856,758,1,806,android,857,safety_center_critical_warning,858,4]
09-10 16:46:11.725   563   608 I am_wtf  : [0,563,system_server,-1,Binder,Outgoing transactions from this process must be FLAG_ONEWAY]
09-10 16:46:11.739   563   598 I commit_sys_config_file: [notification-policy,5]
09-10 16:46:11.857  1098  1098 I service_manager_slow: [18,media_session]
09-10 16:46:11.917   563   629 I commit_sys_config_file: [package-user-0,45]
09-10 16:46:11.940   563   629 I commit_sys_config_file: [package-user-0,13]
09-10 16:46:11.948   563   629 I commit_sys_config_file: [package-user-0,20]
09-10 16:46:11.961   563   678 I commit_sys_config_file: [settings-0-0,5]
09-10 16:46:11.966   563   629 I commit_sys_config_file: [package-user-0,18]
09-10 16:46:11.982   563  1031 I sysui_multi_action: [757,856,758,1,806,com.android.bluetooth,857,opp_notification_channel,858,4]
09-10 16:46:12.003   563   629 I commit_sys_config_file: [package-user-0,48]
09-10 16:46:12.023   563   629 I commit_sys_config_file: [package-user-0,56]
09-10 16:46:12.029   563   598 I commit_sys_config_file: [jobs,1]
09-10 16:46:12.035   563   629 I commit_sys_config_file: [package-user-0,63]
09-10 16:46:12.042   563   629 I commit_sys_config_file: [package-user-0,64]
09-10 16:46:12.047   563   629 I commit_sys_config_file: [package-user-0,66]
09-10 16:46:12.063   563   629 I commit_sys_config_file: [package-user-0,65]
09-10 16:46:12.079   941  1277 I sysui_multi_action: [757,213,758,4,759,-1]
09-10 16:46:12.145   563   608 I am_uid_running: 10125
09-10 16:46:12.156   563   609 I am_proc_start: [0,1295,10125,com.android.cellbroadcastreceiver.module,broadcast,{com.android.cellbroadcastreceiver.module/com.android.cellbroadcastreceiver.CellBroadcastReceiver}]
09-10 16:46:12.213   563  1260 I sysui_multi_action: [757,127,758,2]
09-10 16:46:12.221   563  1260 I notification_panel_hidden: 
09-10 16:46:12.227   563   678 I commit_sys_config_file: [settings-2-0,1]
09-10 16:46:12.230   563   591 I am_proc_bound: [0,1295,com.android.cellbroadcastreceiver.module]
09-10 16:46:12.242   563   598 I commit_sys_config_file: [notification-policy,9]
09-10 16:46:12.286   563  1212 I am_uid_running: 10070
09-10 16:46:12.294   563   609 I am_proc_start: [0,1323,10070,com.android.cellbroadcastreceiver,content provider,{com.android.cellbroadcastreceiver/com.android.cellbroadcastreceiver.LegacyCellBroadcastContentProvider}]
09-10 16:46:12.342   563  1031 I am_proc_bound: [0,1323,com.android.cellbroadcastreceiver]
09-10 16:46:12.403   563  1031 I sysui_multi_action: [757,856,758,1,806,com.android.systemui,857,ALR,858,4]
09-10 16:46:12.403   563  1031 I sysui_multi_action: [757,856,758,1,806,com.android.systemui,857,INS,858,1]
09-10 16:46:12.404   563  1031 I sysui_multi_action: [757,856,758,1,806,com.android.systemui,857,STP,858,3]
09-10 16:46:12.405   563  1031 I sysui_multi_action: [757,856,758,1,806,com.android.systemui,857,DSK,858,2]
09-10 16:46:12.405   563  1031 I sysui_multi_action: [757,856,758,1,806,com.android.systemui,857,SCN_HEADSUP,858,4]
09-10 16:46:12.406   563  1031 I sysui_multi_action: [757,856,758,1,806,com.android.systemui,857,BAT,858,5]
09-10 16:46:12.406   563  1031 I sysui_multi_action: [757,856,758,1,806,com.android.systemui,857,HNT,858,3]
09-10 16:46:12.406   563   563 I notification_cancel_all: [1000,563,com.android.systemui,0,0,0,20,NULL]
09-10 16:46:12.409   563  1260 I commit_sys_config_file: [overlays,2]
09-10 16:46:12.421   563   596 I configuration_changed: -2147483648
09-10 16:46:12.429   563   596 I wm_relaunch_resume_activity: [0,246200280,5,com.android.settings/.FallbackHome,80000000]
09-10 16:46:12.430  1123  1123 I wm_on_top_resumed_lost_called: [246200280,com.android.settings.FallbackHome,pausing]
09-10 16:46:12.430  1123  1123 I wm_on_paused_called: [246200280,com.android.settings.FallbackHome,performPause,0]
09-10 16:46:12.431  1123  1123 I wm_on_stop_called: [246200280,com.android.settings.FallbackHome,handleRelaunchActivity,0]
09-10 16:46:12.432  1123  1123 I wm_on_destroy_called: [246200280,com.android.settings.FallbackHome,performDestroy,1]
09-10 16:46:12.435   563   600 I input_focus: [Requesting to set focus to null window,reason=UpdateInputWindows]
09-10 16:46:12.439  1123  1340 I jank_cuj_events_cancel_request: [81,1789058772435914000,24010811034,24010811140]
09-10 16:46:12.439  1123  1340 I jank_cuj_events_end_request: [81,1789058772435966000,24010862122,24010862171]
09-10 16:46:12.442   563  1260 I am_wtf  : [0,1038,com.android.networkstack.process,680050253,SystemServiceRegistry,No service published for: ethernet]
09-10 16:46:12.443   435   447 I sf_stop_bootanim: 24018
09-10 16:46:12.443   563   599 I wm_boot_animation_done: 24018
09-10 16:46:12.477  1123  1123 I wm_on_create_called: [246200280,com.android.settings.FallbackHome,performCreate,33]
09-10 16:46:12.481  1123  1123 I wm_on_start_called: [246200280,com.android.settings.FallbackHome,handleStartActivity,0]
09-10 16:46:12.484  1123  1123 I wm_on_resume_called: [246200280,com.android.settings.FallbackHome,RESUME_ACTIVITY,0]
09-10 16:46:12.484  1123  1123 I wm_on_top_resumed_gained_called: [246200280,com.android.settings.FallbackHome,topWhenResuming]
09-10 16:46:12.511   563   600 I input_focus: [Focus request c75a96f com.android.settings/com.android.settings.FallbackHome,reason=UpdateInputWindows]
09-10 16:46:12.517  1120  1120 I service_manager_slow: [23,netstats]
09-10 16:46:12.582  1123  1123 I viewroot_draw_event: [VRI[FallbackHome],reportDrawFinished seqId=0]
09-10 16:46:12.603   563  1212 I sysui_multi_action: [757,856,758,1,806,com.android.phone,857,sms,858,4]
09-10 16:46:12.603   563  1212 I sysui_multi_action: [757,856,758,1,806,com.android.phone,857,wfc,858,2]
09-10 16:46:12.603   563  1212 I sysui_multi_action: [757,856,758,1,806,com.android.phone,857,simHighPriority,858,4]
09-10 16:46:12.603   563  1212 I sysui_multi_action: [757,856,758,1,806,com.android.phone,857,alert,858,3]
09-10 16:46:12.603   563  1212 I sysui_multi_action: [757,856,758,1,806,com.android.phone,857,mobileDataAlertNew,858,2]
09-10 16:46:12.603   563  1212 I sysui_multi_action: [757,856,758,1,806,com.android.phone,857,sim,858,2]
09-10 16:46:12.603   563  1212 I sysui_multi_action: [757,856,758,1,806,com.android.phone,857,callForwardNew,858,3]
09-10 16:46:12.640  1120  1257 I dvm_lock_sample: [com.android.phone,0,DeviceStateHelperThread,697,PhoneFactory.java,382,com.android.internal.telephony.Phone[] com.android.internal.telephony.PhoneFactory.getPhones(),-,486,com.android.internal.telephony.CommandsInterface[] com.android.internal.telephony.PhoneFactory.getCommandsInterfaces(),100]
09-10 16:46:12.641   563   599 I uc_finish_user_boot: 0
09-10 16:46:12.641   563   599 I am_user_state_changed: [0,1]
09-10 16:46:12.642   563   599 I uc_send_user_broadcast: [0,android.intent.action.LOCKED_BOOT_COMPLETED]
09-10 16:46:12.642   563   599 I uc_finish_user_unlocking: 0
09-10 16:46:12.684   563   609 I am_proc_start: [0,1364,10138,android.ext.services,on-hold,]
09-10 16:46:12.684   563   598 I commit_sys_config_file: [notification-policy,27]
09-10 16:46:12.691   563   563 I notification_enqueue: [1000,563,android,55,NULL,-1,Notification(channel=DEVELOPER shortcut=null contentView=null vibrate=null sound=null tick defaults=0 flags=ONGOING_EVENT|CAN_COLORIZE color=0x00000000 vis=PUBLIC),0]
09-10 16:46:12.692   563   563 I sysui_multi_action: [757,1501,758,1,793,48,794,0,795,48,796,55,806,android,857,DEVELOPER,858,2,947,0,1500,0]
09-10 16:46:12.692   563   563 I sysui_multi_action: [757,804,799,note_interruptive,801,0,802,1]
09-10 16:46:12.700   563   678 I commit_sys_config_file: [settings-0-0,6]
09-10 16:46:12.720   563   591 I am_proc_bound: [0,1364,android.ext.services]
09-10 16:46:12.768   563   691 I input_focus: [Focus entering c75a96f com.android.settings/com.android.settings.FallbackHome (server),reason=Window became focusable. Previous reason: NOT_VISIBLE]
09-10 16:46:12.771   563   563 I notification_autogrouped: -1|android|55|null|1000
09-10 16:46:12.771   563   563 I notification_autogrouped: -1|android|19|null|1000
09-10 16:46:12.771   563   563 I notification_enqueue: [1000,563,android,2147483647,ranker_group,-1,Notification(channel=DEVELOPER shortcut=null contentView=null vibrate=null sound=null defaults=0 flags=ONGOING_EVENT|LOCAL_ONLY|GROUP_SUMMARY|AUTOGROUP_SUMMARY color=0x00000000 groupKey=ranker_group vis=PUBLIC),0]
09-10 16:46:12.780   563   699 I am_uid_running: 10113
09-10 16:46:12.784   563  1212 I am_uid_active: 10138
09-10 16:46:12.788   563   871 I notification_adjusted: [-1|android|55|null|1000,key_group_key,ranker_group]
09-10 16:46:12.788   563   871 I notification_adjusted: [-1|android|19|null|1000,key_group_key,ranker_group]
09-10 16:46:12.798   563   678 I commit_sys_config_file: [settings-2-0,24]
09-10 16:46:12.809   563   609 I am_proc_start: [0,1384,10113,com.android.inputmethod.latin,service,{com.android.inputmethod.latin/com.android.inputmethod.latin.LatinIME}]
09-10 16:46:12.856   563   591 I am_proc_bound: [0,1384,com.android.inputmethod.latin]
09-10 16:46:12.928     1     1 I auditd  : type=1400 audit(0.0:9): avc:  denied  { write } for  comm="init" name="cfg80211_gtk_rekey_notify" dev="tracefs" ino=11896 scontext=u:r:init:s0 tcontext=u:object_r:debugfs_wifi_tracing:s0 tclass=dir permissive=0
09-10 16:46:12.940     1     1 I auditd  : type=1400 audit(0.0:10): avc:  denied  { write } for  comm="init" name="rdev_add_key" dev="tracefs" ino=11899 scontext=u:r:init:s0 tcontext=u:object_r:debugfs_wifi_tracing:s0 tclass=dir permissive=0
09-10 16:46:12.948     1     1 I auditd  : type=1400 audit(0.0:11): avc:  denied  { write } for  comm="init" name="rdev_assoc" dev="tracefs" ino=11902 scontext=u:r:init:s0 tcontext=u:object_r:debugfs_wifi_tracing:s0 tclass=dir permissive=0
09-10 16:46:12.952     1     1 I auditd  : type=1400 audit(0.0:12): avc:  denied  { write } for  comm="init" name="rdev_auth" dev="tracefs" ino=11905 scontext=u:r:init:s0 tcontext=u:object_r:debugfs_wifi_tracing:s0 tclass=dir permissive=0
09-10 16:46:12.952     1     1 I auditd  : type=1400 audit(0.0:13): avc:  denied  { write } for  comm="init" name="rdev_connect" dev="tracefs" ino=11908 scontext=u:r:init:s0 tcontext=u:object_r:debugfs_wifi_tracing:s0 tclass=dir permissive=0
09-10 16:46:12.976   563  1261 I am_uid_active: 10113
09-10 16:46:12.952     1     1 I auditd  : type=1400 audit(0.0:14): avc:  denied  { write } for  comm="init" name="rdev_set_default_key" dev="tracefs" ino=11911 scontext=u:r:init:s0 tcontext=u:object_r:debugfs_wifi_tracing:s0 tclass=dir permissive=0
09-10 16:46:12.956     1     1 I auditd  : type=1400 audit(0.0:15): avc:  denied  { write } for  comm="init" name="rdev_set_default_mgmt_key" dev="tracefs" ino=11914 scontext=u:r:init:s0 tcontext=u:object_r:debugfs_wifi_tracing:s0 tclass=dir permissive=0
09-10 16:46:12.956     1     1 I auditd  : type=1400 audit(0.0:16): avc:  denied  { write } for  comm="init" name="rdev_set_rekey_data" dev="tracefs" ino=11917 scontext=u:r:init:s0 tcontext=u:object_r:debugfs_wifi_tracing:s0 tclass=dir permissive=0
09-10 16:46:12.956     1     1 I auditd  : type=1400 audit(0.0:17): avc:  denied  { write } for  comm="init" name="net" dev="tracefs" ino=11920 scontext=u:r:init:s0 tcontext=u:object_r:debugfs_wifi_tracing:s0 tclass=dir permissive=0
09-10 16:46:13.087   563  1260 I am_proc_died: [0,1384,com.android.inputmethod.latin,0,7]
09-10 16:46:13.090   563  1260 I am_schedule_service_restart: [0,com.android.inputmethod.latin/.LatinIME,30000]
09-10 16:46:13.090   563  1260 I am_uid_stopped: 10113
09-10 16:46:13.106   563   596 I am_user_state_changed: [0,2]
09-10 16:46:13.108   563   608 I ssm_user_unlocking: 0
09-10 16:46:13.154   563   703 I am_uid_running: 10147
09-10 16:46:13.182   563   609 I am_proc_start: [0,1425,10147,com.android.providers.media.module,service,{com.android.providers.media.module/com.android.providers.media.fuse.ExternalStorageServiceImpl}]
09-10 16:46:13.186   563   608 I uc_finish_user_unlocked: 0
09-10 16:46:13.186   563   608 I am_user_state_changed: [0,3]
09-10 16:46:13.195   563   608 I uc_send_user_broadcast: [0,android.intent.action.USER_UNLOCKED]
09-10 16:46:13.208   563   608 I uc_send_user_broadcast: [0,android.intent.action.PRE_BOOT_COMPLETED]
09-10 16:46:13.208   563   608 I am_pre_boot: [0,com.android.documentsui]
09-10 16:46:13.224   941   941 I viewroot_draw_event: [VRI[NotificationShade],Not drawing due to not visible. Reason=View.INVISIBLE]
09-10 16:46:13.239   563   609 I am_proc_start: [0,1438,1000,com.android.emulator.multidisplay,added application,com.android.emulator.multidisplay]
09-10 16:46:13.243   563   607 I am_uid_running: 10083
09-10 16:46:13.257   563  1031 I am_proc_bound: [0,1425,com.android.providers.media.module]
09-10 16:46:13.365   563   678 I commit_sys_config_file: [settings-2-0,7]
09-10 16:46:13.370   563   678 I commit_sys_config_file: [settings-1-0,5]
09-10 16:46:13.372   563  1009 I am_proc_bound: [0,1438,com.android.emulator.multidisplay]
09-10 16:46:13.384   563   850 I wm_finish_activity: [0,246200280,5,com.android.settings/.FallbackHome,app-request]
09-10 16:46:13.389   563   850 I wm_pause_activity: [0,246200280,com.android.settings/.FallbackHome,userLeaving=false,finish]
09-10 16:46:13.390  1123  1123 I wm_on_top_resumed_lost_called: [246200280,com.android.settings.FallbackHome,topStateChangedWhenResumed]
09-10 16:46:13.390  1123  1123 I wm_on_paused_called: [246200280,com.android.settings.FallbackHome,performPause,0]
09-10 16:46:13.393   563   609 I am_proc_start: [0,1452,10083,com.android.printspooler,service,{com.android.printspooler/com.android.printspooler.model.PrintSpoolerService}]
09-10 16:46:13.413   563  1261 I wm_task_created: 6
09-10 16:46:13.414   563  1261 I wm_task_moved: [6,1,0,1,2147483647]
09-10 16:46:13.418   563  1261 I wm_task_moved: [1,1,0,1,1]
09-10 16:46:13.418   563  1261 I wm_create_task: [0,6,1,0]
09-10 16:46:13.418   563  1261 I wm_create_activity: [0,47635459,6,com.android.sdksetup/.DefaultActivity,android.intent.action.MAIN,NULL,NULL,276824320]
09-10 16:46:13.418   563  1261 I wm_task_moved: [1,1,0,1,1]
09-10 16:46:13.418   563  1261 I wm_task_moved: [6,1,0,1,2147483647]
09-10 16:46:13.418   563  1261 I wm_task_to_front: [0,6,0]
09-10 16:46:13.424   563   609 I dvm_lock_sample: [system_server,1,ActivityManager:procStart,30,ActivityTaskManagerService.java,6357,void com.android.server.wm.ActivityTaskManagerService$LocalService.onProcessMapped(int, com.android.server.wm.WindowProcessController),ActivityStarter.java,825,int com.android.server.wm.ActivityStarter.execute(),6]
09-10 16:46:13.429   563   591 I am_proc_bound: [0,1452,com.android.printspooler]
09-10 16:46:13.432   563   691 I input_focus: [Focus leaving c75a96f com.android.settings/com.android.settings.FallbackHome (server),reason=NO_WINDOW]
09-10 16:46:13.441   563  1009 I dvm_lock_sample: [system_server,1,binder:563_6,56,WindowOrganizerController.java,302,android.os.IBinder com.android.server.wm.WindowOrganizerController.startTransition(int, android.os.IBinder, android.window.WindowContainerTransaction),,0,null,11]
09-10 16:46:13.455   563   608 I am_uid_running: 10062
09-10 16:46:13.458   563   596 I sysui_multi_action: [757,803,799,window_time_0,802,8]
09-10 16:46:13.475   563   599 I am_uid_running: 10115
09-10 16:46:13.488   563   647 I am_uid_running: 10105
09-10 16:46:13.500   563  1068 I dvm_lock_sample: [system_server,1,binder:563_9,108,ActivityManagerService.java,-1,void com.android.server.am.ActivityManagerService.registerStrictModeCallback(android.os.IBinder),,0,null,21]
09-10 16:46:13.550   563   647 I am_uid_active: 10083
09-10 16:46:13.577   563   609 I am_proc_start: [0,1482,10062,com.android.documentsui,broadcast,{com.android.documentsui/com.android.documentsui.PreBootReceiver}]
09-10 16:46:13.584   563   609 I am_proc_start: [0,1501,10115,com.android.sdksetup,top-activity,{com.android.sdksetup/com.android.sdksetup.DefaultActivity}]
09-10 16:46:13.587   563  1068 I sysui_multi_action: [757,856,758,1,806,com.android.printspooler,857,PRINT_PROGRESS,858,2]
09-10 16:46:13.588   563  1068 I sysui_multi_action: [757,856,758,1,806,com.android.printspooler,857,PRINT_FAILURES,858,3]
09-10 16:46:13.612   563  1009 I am_proc_bound: [0,1482,com.android.documentsui]
09-10 16:46:13.636   563   609 I am_proc_start: [0,1503,10105,com.android.music,service,{com.android.music/com.android.music.MediaPlaybackService}]
09-10 16:46:13.679   563  1068 I am_proc_bound: [0,1501,com.android.sdksetup]
09-10 16:46:13.688   563  1068 I am_uid_active: 10115
09-10 16:46:13.700   563  1031 I am_proc_bound: [0,1503,com.android.music]
09-10 16:46:13.727   941   941 I viewroot_draw_event: [VRI[StatusBar],reportDrawFinished seqId=0]
09-10 16:46:13.775   563   563 I notification_enqueue: [1000,563,android,13,PreBootBroadcaster,0,Notification(channel=UPDATES shortcut=null contentView=null vibrate=null sound=null tick defaults=0 flags=ONGOING_EVENT|CAN_COLORIZE color=0x00000000 vis=PUBLIC),0]
09-10 16:46:13.779   563  1068 I am_uid_running: 10064
09-10 16:46:13.806   563   563 I sysui_multi_action: [757,1501,758,1,793,374,794,0,795,374,796,13,797,PreBootBroadcaster,806,android,857,UPDATES,858,2,947,0,1500,0]
09-10 16:46:13.806   563   563 I sysui_multi_action: [757,804,799,note_interruptive,801,0,802,1]
09-10 16:46:13.821   563   609 I am_proc_start: [0,1552,10064,com.android.externalstorage,content provider,{com.android.externalstorage/com.android.externalstorage.ExternalStorageProvider}]
09-10 16:46:13.836   563   591 I am_uid_active: 10105
09-10 16:46:13.859   563   598 I commit_sys_config_file: [notification-policy,15]
09-10 16:46:13.884  1120  1120 I gsm_service_state_change: [1,1,3,1]
09-10 16:46:13.902   563   609 I am_proc_start: [0,1556,1000,com.android.keychain,service,{com.android.keychain/com.android.keychain.KeyChainService}]
09-10 16:46:13.904   563  1068 I wm_restart_activity: [0,47635459,6,com.android.sdksetup/.DefaultActivity]
09-10 16:46:13.905   563  1068 I wm_set_resumed_activity: [0,com.android.sdksetup/.DefaultActivity,realStartActivityLocked - onActivityStateChanged]
09-10 16:46:13.932   563   591 I am_proc_bound: [0,1552,com.android.externalstorage]
09-10 16:46:13.943   563  1031 I am_proc_bound: [0,1556,com.android.keychain]
09-10 16:46:13.980   563   678 I commit_sys_config_file: [settings-0-0,44]
09-10 16:46:14.022   563   850 I am_mem_factor: [2,3]
09-10 16:46:14.030   563  1031 I am_uid_running: 10073
09-10 16:46:14.040   563   609 I am_proc_start: [0,1594,10073,android.process.media,content provider,{com.android.mtp/com.android.mtp.MtpDocumentsProvider}]
09-10 16:46:14.054   563  1031 I sysui_multi_action: [757,856,758,1,806,com.android.providers.media.module,857,native_transcode_alert_channel,858,4]
09-10 16:46:14.055   563   850 I am_uid_active: 10062
09-10 16:46:14.055   563   647 I sysui_multi_action: [757,856,758,1,806,com.android.providers.media.module,857,native_transcode_progress_channel,858,2]
09-10 16:46:14.099   563   563 I notification_enqueue: [1000,563,android,13,PreBootBroadcaster,0,Notification(channel=UPDATES shortcut=null contentView=null vibrate=null sound=null tick defaults=0 flags=ONGOING_EVENT|CAN_COLORIZE color=0x00000000 vis=PUBLIC),1]
09-10 16:46:14.101   563   596 I am_pre_boot: [0,com.android.managedprovisioning]
09-10 16:46:14.102   563   608 I am_uid_running: 10068
09-10 16:46:14.112   563   609 I am_proc_start: [0,1608,10068,com.android.managedprovisioning,broadcast,{com.android.managedprovisioning/com.android.managedprovisioning.ota.PreBootListener}]
09-10 16:46:14.186  1594  1594 I service_manager_slow: [52,activity]
09-10 16:46:14.188   563   647 I am_proc_bound: [0,1594,android.process.media]
09-10 16:46:14.188   563   678 I commit_sys_config_file: [settings-2-0,60]
09-10 16:46:14.191   563  1031 I am_proc_bound: [0,1608,com.android.managedprovisioning]
09-10 16:46:14.197   563  1212 I am_mem_factor: [1,2]
09-10 16:46:14.210   563   678 I commit_sys_config_file: [settings-0-0,22]
09-10 16:46:14.275   563   607 I am_schedule_service_restart: [0,com.android.inputmethod.latin/.LatinIME,18829]
09-10 16:46:14.290   563  1260 I dvm_lock_sample: [system_server,1,binder:563_B,35,PackageManagerService.java,1196,com.android.server.pm.Computer com.android.server.pm.PackageManagerService.snapshotComputer(boolean),-,1222,com.android.server.pm.Computer com.android.server.pm.PackageManagerService.snapshotComputer(boolean),7]
09-10 16:46:14.290   563   607 I am_schedule_service_restart: [0,com.android.inputmethod.latin/.LatinIME,8800]
09-10 16:46:14.324   563   598 I commit_sys_config_file: [notification-policy,16]
09-10 16:46:14.339   563   647 I am_uid_active: 10068
09-10 16:46:14.347   563  1068 I am_uid_active: 10147
09-10 16:46:14.350   563  1437 I am_uid_running: 10065
09-10 16:46:14.354   563   678 I commit_sys_config_file: [settings-2-0,4]
09-10 16:46:14.358   563  1644 I am_uid_running: 10118
09-10 16:46:14.362   563   609 I am_proc_start: [0,1649,10065,android.process.acore,content provider,{com.android.providers.contacts/com.android.providers.contacts.ContactsProvider2}]
09-10 16:46:14.363   563   608 I am_uid_running: 10126
09-10 16:46:14.391   563   609 I am_proc_start: [0,1663,10118,com.android.carrierconfig,service,{com.android.carrierconfig/com.android.carrierconfig.DefaultCarrierConfigService}]
09-10 16:46:14.391  1120  1120 I gsm_service_state_change: [3,1,0,0]
09-10 16:46:14.391  1120  1120 I gsm_rat_switched_new: [47108,0,14]
09-10 16:46:14.411   563   609 I am_proc_start: [0,1675,10126,com.android.devicelockcontroller,broadcast,{com.android.devicelockcontroller/com.android.devicelockcontroller.receivers.RecordBootTimestampReceiver}]
09-10 16:46:14.435   563   596 I am_pre_boot: [0,com.android.providers.calendar]
09-10 16:46:14.437   563   563 I notification_enqueue: [1000,563,android,13,PreBootBroadcaster,0,Notification(channel=UPDATES shortcut=null contentView=null vibrate=null sound=null tick defaults=0 flags=ONGOING_EVENT|CAN_COLORIZE color=0x00000000 vis=PUBLIC),1]
09-10 16:46:14.469   563  1643 I am_proc_bound: [0,1649,android.process.acore]
09-10 16:46:14.473   563  1644 I am_proc_bound: [0,1675,com.android.devicelockcontroller]
09-10 16:46:14.477   563  1031 I am_proc_bound: [0,1663,com.android.carrierconfig]
09-10 16:46:14.480   563  1644 I sysui_multi_action: [757,856,758,1,806,com.android.mtp,857,device_notification_channel,858,2]
09-10 16:46:14.543   563   598 I commit_sys_config_file: [jobs,25]
09-10 16:46:14.582   563   591 I am_uid_active: 10126
09-10 16:46:14.588   563   608 I am_uid_running: 10079
09-10 16:46:14.590   563  1031 I wm_finish_activity: [0,47635459,6,com.android.sdksetup/.DefaultActivity,app-request]
09-10 16:46:14.591   563  1031 I wm_pause_activity: [0,47635459,com.android.sdksetup/.DefaultActivity,userLeaving=false,finish]
09-10 16:46:14.591  1501  1501 I wm_on_create_called: [47635459,com.android.sdksetup.DefaultActivity,performCreate,673]
09-10 16:46:14.592   563   599 I sysui_multi_action: [757,1144,758,7,806,com.android.sdksetup,871,com.android.sdksetup.DefaultActivity]
09-10 16:46:14.612   563   609 I am_proc_start: [0,1708,10079,com.android.providers.calendar,broadcast,{com.android.providers.calendar/com.android.providers.calendar.CalendarUpgradeReceiver}]
09-10 16:46:14.634   563   678 I commit_sys_config_file: [settings-2-0,40]
09-10 16:46:14.643   563   678 I commit_sys_config_file: [settings-0-0,9]
09-10 16:46:14.645   563  1688 I wm_task_created: 7
09-10 16:46:14.647   563  1688 I wm_task_moved: [7,1,0,1,2147483647]
09-10 16:46:14.648   563  1688 I wm_task_moved: [1,1,0,1,1]
09-10 16:46:14.648   563  1688 I wm_create_task: [0,7,1,0]
09-10 16:46:14.648   563  1688 I wm_create_activity: [0,201280911,7,com.android.launcher3/.uioverrides.QuickstepLauncher,android.intent.action.MAIN,NULL,NULL,268435712]
09-10 16:46:14.648   563  1688 I wm_task_moved: [1,1,0,1,1]
09-10 16:46:14.648   563  1688 I wm_task_moved: [7,1,0,1,2147483647]
09-10 16:46:14.648   563  1688 I wm_task_to_front: [0,7,0]
09-10 16:46:14.653   563  1688 I wm_restart_activity: [0,201280911,7,com.android.launcher3/.uioverrides.QuickstepLauncher]
09-10 16:46:14.654   563  1688 I wm_set_resumed_activity: [0,com.android.launcher3/.uioverrides.QuickstepLauncher,realStartActivityLocked - onActivityStateChanged]
09-10 16:46:14.660   563   596 I sysui_multi_action: [757,803,799,window_time_0,802,2]
09-10 16:46:14.660   563   597 I dvm_lock_sample: [system_server,1,android.ui,26,DisplayPolicy.java,679,void com.android.server.wm.DisplayPolicy.lambda$new$0(),ActivityStarter.java,825,int com.android.server.wm.ActivityStarter.execute(),5]
09-10 16:46:14.665   563   591 I am_uid_active: 10118
09-10 16:46:14.675   563   591 I am_proc_bound: [0,1708,com.android.providers.calendar]
09-10 16:46:14.675  1482  1544 I dvm_lock_sample: [com.android.documentsui,0,pool-2-thread-4,884,ProvidersCache.java,645,void com.android.documentsui.roots.ProvidersCache$MultiProviderUpdateTask.handleDocumentsProvider(android.content.pm.ProviderInfo, com.android.documentsui.base.UserId),-,648,void com.android.documentsui.roots.ProvidersCache$MultiProviderUpdateTask.handleDocumentsProvider(android.content.pm.ProviderInfo, com.android.documentsui.base.UserId),100]
09-10 16:46:14.697   563  1644 I am_uid_active: 10073
09-10 16:46:14.746   563   598 I commit_sys_config_file: [notification-policy,13]
09-10 16:46:14.756   563   855 I commit_sys_config_file: [net-policy,5]
09-10 16:46:14.780  1482  1545 I dvm_lock_sample: [com.android.documentsui,0,pool-2-thread-5,989,ProvidersCache.java,645,void com.android.documentsui.roots.ProvidersCache$MultiProviderUpdateTask.handleDocumentsProvider(android.content.pm.ProviderInfo, com.android.documentsui.base.UserId),-,648,void com.android.documentsui.roots.ProvidersCache$MultiProviderUpdateTask.handleDocumentsProvider(android.content.pm.ProviderInfo, com.android.documentsui.base.UserId),100]
09-10 16:46:14.786   563   678 I commit_sys_config_file: [settings-1-0,9]
09-10 16:46:14.874   563   678 I commit_sys_config_file: [settings-2-0,4]
09-10 16:46:14.957   563  1031 I sysui_multi_action: [757,856,758,1,806,com.android.providers.downloads,857,active,858,1]
09-10 16:46:14.959   563   648 I sysui_multi_action: [757,856,758,1,806,com.android.providers.downloads,857,waiting,858,3]
09-10 16:46:14.961   563   648 I sysui_multi_action: [757,856,758,1,806,com.android.providers.downloads,857,complete,858,3]
09-10 16:46:14.980   563  1031 I am_uid_active: 10065
09-10 16:46:15.039   563   648 I configuration_changed: 3
09-10 16:46:15.083   563  1048 I am_wtf  : [0,1038,com.android.networkstack.process,680050253,SystemServiceRegistry,No service published for: ethernet]
09-10 16:46:15.134   563   647 I dvm_lock_sample: [system_server,1,binder:563_3,60,ActivityTaskManagerService.java,6697,boolean com.android.server.wm.ActivityTaskManagerService$LocalService.attachApplication(com.android.server.wm.WindowProcessController),-,3898,boolean com.android.server.wm.ActivityTaskManagerService.updateConfiguration(android.content.res.Configuration),12]
09-10 16:46:15.134   563   647 I am_uid_active: 10079
09-10 16:46:15.149   563   678 I commit_sys_config_file: [settings-2-0,13]
09-10 16:46:15.149  1708  1708 I calendar_upgrade_receiver: 11
09-10 16:46:15.149   563   596 I am_pre_boot: [0,com.android.providers.contacts]
09-10 16:46:15.150   563  1644 I am_mem_factor: [0,1]
09-10 16:46:15.168   563   607 I am_schedule_service_restart: [0,com.android.inputmethod.latin/.LatinIME,0]
09-10 16:46:15.169   563   608 I am_uid_running: 10113
09-10 16:46:15.184   563   563 I notification_enqueue: [1000,563,android,13,PreBootBroadcaster,0,Notification(channel=UPDATES shortcut=null contentView=null vibrate=null sound=null tick defaults=0 flags=ONGOING_EVENT|CAN_COLORIZE color=0x00000000 vis=PUBLIC),1]
09-10 16:46:15.210   563   609 I am_proc_start: [0,1756,10113,com.android.inputmethod.latin,service,{com.android.inputmethod.latin/com.android.inputmethod.latin.LatinIME}]
09-10 16:46:15.214   563   598 I commit_sys_config_file: [notification-policy,6]
09-10 16:46:15.217   563  1031 I service_manager_stats: [333,482,5017]
09-10 16:46:15.233   563  1048 I am_proc_bound: [0,1756,com.android.inputmethod.latin]
09-10 16:46:15.269   563   608 I am_uid_running: 10104
09-10 16:46:15.285   563   678 I commit_sys_config_file: [settings-0-0,9]
09-10 16:46:15.287   563   609 I am_proc_start: [0,1772,10104,com.android.quicksearchbox,broadcast,{com.android.quicksearchbox/com.android.quicksearchbox.SearchWidgetProvider}]
09-10 16:46:15.297   563   648 I am_uid_active: 10113
09-10 16:46:15.334  1200  1200 I wm_on_create_called: [201280911,com.android.launcher3.uioverrides.QuickstepLauncher,performCreate,203]
09-10 16:46:15.336  1200  1200 I wm_on_start_called: [201280911,com.android.launcher3.uioverrides.QuickstepLauncher,handleStartActivity,1]
09-10 16:46:15.338  1200  1200 I wm_on_resume_called: [201280911,com.android.launcher3.uioverrides.QuickstepLauncher,RESUME_ACTIVITY,0]
09-10 16:46:15.342   563  1048 I am_proc_bound: [0,1772,com.android.quicksearchbox]
09-10 16:46:15.343  1200  1200 I wm_on_top_resumed_gained_called: [201280911,com.android.launcher3.uioverrides.QuickstepLauncher,topStateChangedWhenResumed]
09-10 16:46:15.356   563   647 I am_uid_running: 10101
09-10 16:46:15.390   563   935 I commit_sys_config_file: [input-subtypes,27]
09-10 16:46:15.449  1649  1649 I contacts_upgrade_receiver: 284
09-10 16:46:15.449   563   596 I am_pre_boot: [0,com.android.providers.media.module]
09-10 16:46:15.454   563   563 I notification_enqueue: [1000,563,android,13,PreBootBroadcaster,0,Notification(channel=UPDATES shortcut=null contentView=null vibrate=null sound=null tick defaults=0 flags=ONGOING_EVENT|CAN_COLORIZE color=0x00000000 vis=PUBLIC),1]
09-10 16:46:15.470   563   609 I am_proc_start: [0,1790,10101,com.android.contacts,content provider,{com.android.contacts/com.android.contacts.sdn.SdnProvider}]
09-10 16:46:15.479   563   596 I am_pre_boot: [0,com.android.settings]
09-10 16:46:15.485   563   563 I notification_enqueue: [1000,563,android,13,PreBootBroadcaster,0,Notification(channel=UPDATES shortcut=null contentView=null vibrate=null sound=null tick defaults=0 flags=ONGOING_EVENT|CAN_COLORIZE color=0x00000000 vis=PUBLIC),1]
09-10 16:46:15.496  1756  1756 I viewroot_draw_event: [VRI[InputMethod],Not drawing due to not visible. Reason=View.INVISIBLE]
09-10 16:46:15.529   563   596 I am_pre_boot: [0,com.android.settings]
09-10 16:46:15.533  1123  1340 I jank_cuj_events_end_request: [81,1789058775533457000,27108353236,27108353306]
09-10 16:46:15.542   563   563 I notification_enqueue: [1000,563,android,13,PreBootBroadcaster,0,Notification(channel=UPDATES shortcut=null contentView=null vibrate=null sound=null tick defaults=0 flags=ONGOING_EVENT|CAN_COLORIZE color=0x00000000 vis=PUBLIC),1]
09-10 16:46:15.548   563   596 I uc_finish_user_unlocked_completed: 0
09-10 16:46:15.556   563   563 I sysui_multi_action: [757,128,758,5,759,8,793,2124,794,0,795,388,796,13,797,PreBootBroadcaster,806,android,857,UPDATES,858,2,947,0,1500,388,1688,1]
09-10 16:46:15.556   563   563 I notification_canceled: [0|android|13|PreBootBroadcaster|1000,8,2124,388,0,-1,-1,NULL]
09-10 16:46:15.614   563   608 I ssm_user_unlocked: 0
09-10 16:46:15.616  1200  1200 I viewroot_draw_event: [VRI[Taskbar],reportDrawFinished seqId=0]
09-10 16:46:15.619   563   596 I uc_send_user_broadcast: [0,android.intent.action.BOOT_COMPLETED]
09-10 16:46:15.647   563   647 I am_proc_bound: [0,1790,com.android.contacts]
09-10 16:46:15.670   563   600 I input_focus: [Focus request 5431c5b com.android.launcher3/com.android.launcher3.uioverrides.QuickstepLauncher,reason=UpdateInputWindows]
09-10 16:46:15.672   563   608 I dvm_lock_sample: [system_server,1,ActivityManager,17,ShortcutService.java,3440,void com.android.server.pm.ShortcutService$LocalService.addShortcutChangeCallback(android.content.pm.LauncherApps$ShortcutChangeCallback),-,3015,java.util.List com.android.server.pm.ShortcutService$LocalService.getShortcuts(int, java.lang.String, long, java.lang.String, java.util.List, java.util.List, android.content.ComponentName, int, int, int, int),3]
09-10 16:46:15.694   563   608 I am_uid_running: 10077
09-10 16:46:15.718  1200  1200 I viewroot_draw_event: [VRI[QuickstepLauncher],Canceling draw. cancelDueToPreDrawListener=true cancelDueToSync=false]
09-10 16:46:15.739   563   609 I am_proc_start: [0,1818,10077,com.android.statementservice,broadcast,{com.android.statementservice/com.android.statementservice.domain.DomainVerificationReceiverV1}]
09-10 16:46:15.763   563   647 I sysui_multi_action: [757,856,758,1,806,com.android.phone,857,voiceMail,858,3]
09-10 16:46:15.829   563   648 I am_uid_active: 10101
09-10 16:46:15.851   563  1031 I am_proc_bound: [0,1818,com.android.statementservice]
09-10 16:46:15.862   563  1031 I am_uid_active: 10077
09-10 16:46:15.985   563  1688 I wm_set_requested_orientation: [5,com.android.launcher3/.uioverrides.QuickstepLauncher]
09-10 16:46:16.143   563   608 I am_uid_running: 10097
09-10 16:46:16.159   563   609 I am_proc_start: [0,1849,10097,com.android.traceur,broadcast,{com.android.traceur/com.android.traceur.Receiver}]
09-10 16:46:16.181   563   598 I commit_sys_config_file: [notification-policy,3]
09-10 16:46:16.210   563   678 I commit_sys_config_file: [settings-0-0,16]
09-10 16:46:16.253   563   678 I commit_sys_config_file: [settings-2-0,43]
09-10 16:46:16.255   563   609 I am_proc_start: [0,1860,1000,com.android.localtransport,service,{com.android.localtransport/com.android.localtransport.LocalTransportService}]
09-10 16:46:16.286   563  1423 I backup_transport_lifecycle: [com.android.localtransport/.LocalTransportService,1]
09-10 16:46:16.333   563  1644 I am_proc_bound: [0,1849,com.android.traceur]
09-10 16:46:16.467   563  1048 I am_uid_active: 10097
09-10 16:46:16.470   563  1048 I sysui_multi_action: [757,856,758,1,806,com.android.traceur,857,trace-is-being-recorded,858,4]
09-10 16:46:16.471   563   647 I sysui_multi_action: [757,856,758,1,806,com.android.traceur,857,system-tracing,858,4]
09-10 16:46:16.517   563   563 I service_manager_slow: [17,alarm]
09-10 16:46:16.526   563  1877 I service_manager_slow: [32,account]
09-10 16:46:16.527   563   608 I am_uid_running: 10109
09-10 16:46:16.549   563   608 I am_uid_active: 10125
09-10 16:46:16.551   563  1879 I commit_sys_config_file: [log-files,3]
09-10 16:46:16.555   563   647 I am_proc_bound: [0,1860,com.android.localtransport]
09-10 16:46:16.560  1200  1230 I jank_cuj_events_end_request: [80,1789058776560655000,28135551232,28135551333]
09-10 16:46:16.562   563   609 I am_proc_start: [0,1883,10109,com.android.calendar,broadcast,{com.android.calendar/com.android.calendar.UpgradeReceiver}]
09-10 16:46:16.565   563  1644 I sysui_multi_action: [757,856,758,1,806,com.android.contacts,857,DEFAULT_CHANNEL,858,2]
09-10 16:46:16.605   563   631 I am_uid_stopped: 10138
09-10 16:46:16.606   563   631 I am_kill : [0,1364,android.ext.services,0,change android.ext.services,117984]
09-10 16:46:16.609   563   631 I am_schedule_service_restart: [0,android.ext.services/.notification.Assistant,1000]
09-10 16:46:16.619   563  1068 I am_proc_bound: [0,1883,com.android.calendar]
09-10 16:46:16.702   563  1643 I dvm_lock_sample: [system_server,1,binder:563_E,13,ContentProviderHelper.java,735,void com.android.server.am.ContentProviderHelper.publishContentProviders(android.app.IApplicationThread, java.util.List),ProcessList.java,5630,android.util.Pair com.android.server.am.ProcessList.getNumForegroundServices(),2]
09-10 16:46:16.713   563   591 I commit_sys_config_file: [overlays,10]
09-10 16:46:16.724   563   853 I netstats_mobile_sample: [0,0,0,0,0,0,0,0,1789058776724]
09-10 16:46:16.724   563   853 I netstats_wifi_sample: [0,0,0,0,0,0,0,0,1789058776724]
09-10 16:46:16.752   563   678 I commit_sys_config_file: [settings-2-0,15]
09-10 16:46:16.753   563   598 I commit_sys_config_file: [notification-policy,26]
09-10 16:46:16.873   563   631 I commit_sys_config_file: [package,106]
09-10 16:46:16.877   563  1643 I dvm_lock_sample: [system_server,0,binder:563_E,106,PackageManagerService.java,1196,com.android.server.pm.Computer com.android.server.pm.PackageManagerService.snapshotComputer(boolean),-,1222,com.android.server.pm.Computer com.android.server.pm.PackageManagerService.snapshotComputer(boolean),21]
09-10 16:46:16.921   563   850 I dvm_lock_sample: [system_server,1,binder:563_5,144,PackageManagerService.java,1196,com.android.server.pm.Computer com.android.server.pm.PackageManagerService.snapshotComputer(boolean),-,1222,com.android.server.pm.Computer com.android.server.pm.PackageManagerService.snapshotComputer(boolean),28]
09-10 16:46:16.921   563  1212 I dvm_lock_sample: [system_server,1,binder:563_A,136,PackageManagerService.java,1196,com.android.server.pm.Computer com.android.server.pm.PackageManagerService.snapshotComputer(boolean),-,1222,com.android.server.pm.Computer com.android.server.pm.PackageManagerService.snapshotComputer(boolean),27]
09-10 16:46:16.922   563  1642 I dvm_lock_sample: [system_server,0,binder:563_D,136,PackageManagerService.java,1196,com.android.server.pm.Computer com.android.server.pm.PackageManagerService.snapshotComputer(boolean),-,1222,com.android.server.pm.Computer com.android.server.pm.PackageManagerService.snapshotComputer(boolean),27]
09-10 16:46:16.923   563  1935 I dvm_lock_sample: [system_server,1,binder:563_13,100,PackageManagerService.java,1196,com.android.server.pm.Computer com.android.server.pm.PackageManagerService.snapshotComputer(boolean),-,1222,com.android.server.pm.Computer com.android.server.pm.PackageManagerService.snapshotComputer(boolean),20]
09-10 16:46:16.946   563   596 I configuration_changed: -2147483648
09-10 16:46:16.950  1200  1200 I viewroot_draw_event: [VRI[QuickstepLauncher],Draw frame after cancel]
09-10 16:46:16.963   563   629 I commit_sys_config_file: [package-user-0,91]
09-10 16:46:17.001   563   596 I wm_relaunch_resume_activity: [0,201280911,7,com.android.launcher3/.uioverrides.QuickstepLauncher,80000000]
09-10 16:46:17.016   563   597 I dvm_lock_sample: [system_server,1,android.ui,291,ActivityManagerService.java,17747,void com.android.server.am.ActivityManagerService.pushTempAllowlist(),-,20499,void com.android.server.am.ActivityManagerService.scheduleApplicationInfoChanged(java.util.List, int),58]
09-10 16:46:17.017   563  1684 I dvm_lock_sample: [system_server,0,binder:563_10,218,ActivityManagerService.java,1618,void com.android.server.am.ActivityManagerService$AppDeathRecipient.binderDied(),-,17754,void com.android.server.am.ActivityManagerService.pushTempAllowlist(),43]
09-10 16:46:17.020   563   563 I backup_transport_connection: [com.android.localtransport/.LocalTransportService,1]
09-10 16:46:17.022   563   853 I dvm_lock_sample: [system_server,0,NetworkStats,292,ActivityManagerService.java,16422,void com.android.server.am.ActivityManagerService.finishReceiver(android.os.IBinder, int, java.lang.String, android.os.Bundle, boolean, int),-,17754,void com.android.server.am.ActivityManagerService.pushTempAllowlist(),58]
09-10 16:46:17.023   563  1941 I dvm_lock_sample: [system_server,1,binder:563_15,192,ActivityManagerService.java,14684,android.content.Intent com.android.server.am.ActivityManagerService.registerReceiverWithFeatureTraced(android.app.IApplicationThread, java.lang.String, java.lang.String, java.lang.String, android.content.IIntentReceiver, android.content.IntentFilter, java.lang.String, int, int),-,20499,void com.android.server.am.ActivityManagerService.scheduleApplicationInfoChanged(java.util.List, int),38]
09-10 16:46:17.029  1200  1200 I viewroot_draw_event: [VRI[QuickstepLauncher],reportDrawFinished seqId=0]
09-10 16:46:17.035   563   591 I dvm_lock_sample: [system_server,1,binder:563_1,309,ActivityManagerService.java,4959,void com.android.server.am.ActivityManagerService.finishAttachApplicationInner(long, int, int),,0,null,61]
09-10 16:46:17.047   563   591 I am_uid_active: 10109
09-10 16:46:17.053   563  1955 I dvm_lock_sample: [system_server,1,binder:563_19,160,ActivityManagerService.java,3991,void com.android.server.am.ActivityManagerService.addPackageDependency(java.lang.String),,0,null,32]
09-10 16:46:17.068   563   648 I dvm_lock_sample: [system_server,0,binder:563_4,366,OverlayManagerService.java,737,boolean com.android.server.om.OverlayManagerService$1.setEnabledExclusiveInCategory(java.lang.String, int),,0,null,73]
09-10 16:46:17.087   563   608 I am_uid_running: 10138
09-10 16:46:17.120   563   609 I am_proc_start: [0,1976,10138,.adservices,broadcast,{android.ext.services/com.android.adservices.service.common.AdExtBootCompletedReceiver}]
09-10 16:46:17.136   563  1643 I am_wtf  : [0,1038,com.android.networkstack.process,680050253,SystemServiceRegistry,No service published for: ethernet]
09-10 16:46:17.137   563  1260 I commit_sys_config_file: [overlays,28]
09-10 16:46:17.215   563  1423 I backup_transport_lifecycle: [com.android.localtransport/.LocalTransportService,0]
09-10 16:46:17.215   563  1423 I backup_transport_connection: [com.android.localtransport/.LocalTransportService,0]
09-10 16:46:17.251   563  1954 I dvm_lock_sample: [system_server,1,binder:563_18,34,ActivityManagerService.java,15024,void com.android.server.am.ActivityManagerService.unregisterReceiverTraced(android.content.IIntentReceiver),,0,null,6]
09-10 16:46:17.269   563  1945 I dvm_lock_sample: [system_server,0,binder:563_17,341,OverlayManagerService.java,737,boolean com.android.server.om.OverlayManagerService$1.setEnabledExclusiveInCategory(java.lang.String, int),-,742,boolean com.android.server.om.OverlayManagerService$1.setEnabledExclusiveInCategory(java.lang.String, int),68]
09-10 16:46:17.291   563  1945 I am_proc_bound: [0,1976,.adservices]
09-10 16:46:17.294   563  1945 I am_uid_active: 10138
09-10 16:46:17.297   563  1940 I dvm_lock_sample: [system_server,0,binder:563_14,370,OverlayManagerService.java,737,boolean com.android.server.om.OverlayManagerService$1.setEnabledExclusiveInCategory(java.lang.String, int),-,742,boolean com.android.server.om.OverlayManagerService$1.setEnabledExclusiveInCategory(java.lang.String, int),74]
09-10 16:46:17.304   563   608 I dvm_lock_sample: [system_server,1,ActivityManager,23,BroadcastQueueModernImpl.java,448,void com.android.server.am.BroadcastQueueModernImpl.updateRunningList(),,0,null,4]
09-10 16:46:17.315  1120  1120 I service_manager_stats: [100,133,28890]
09-10 16:46:17.317   563  1945 I am_wtf  : [0,1038,com.android.networkstack.process,680050253,SystemServiceRegistry,No service published for: ethernet]
09-10 16:46:17.319   941  1199 I viewroot_draw_event: [VRI[ScreenDecorOverlay],Start draw after previous draw not visible]
09-10 16:46:17.352  1200  1200 I wm_on_top_resumed_lost_called: [201280911,com.android.launcher3.uioverrides.QuickstepLauncher,pausing]
09-10 16:46:17.352  1200  1200 I wm_on_paused_called: [201280911,com.android.launcher3.uioverrides.QuickstepLauncher,performPause,0]
09-10 16:46:17.355  1200  1200 I wm_on_stop_called: [201280911,com.android.launcher3.uioverrides.QuickstepLauncher,handleRelaunchActivity,1]
09-10 16:46:17.371  1200  1200 I wm_on_destroy_called: [201280911,com.android.launcher3.uioverrides.QuickstepLauncher,performDestroy,14]
09-10 16:46:17.400   941  1199 I viewroot_draw_event: [VRI[ScreenDecorOverlay],reportDrawFinished seqId=0]
09-10 16:46:17.419   563   600 I input_focus: [Requesting to set focus to null window,reason=UpdateInputWindows]
09-10 16:46:17.423   941  1199 I viewroot_draw_event: [VRI[ScreenDecorOverlayBottom],Start draw after previous draw not visible]
09-10 16:46:17.423  1123  1340 I jank_cuj_events_begin_request: [81,1789058777423840000,28998737133,28998737255,1@0@com.android.settings]
09-10 16:46:17.517   563   608 I am_uid_running: 10100
09-10 16:46:17.520  1200  1200 I wm_on_create_called: [201280911,com.android.launcher3.uioverrides.QuickstepLauncher,performCreate,85]
09-10 16:46:17.521  1200  1200 I wm_on_start_called: [201280911,com.android.launcher3.uioverrides.QuickstepLauncher,handleStartActivity,0]
09-10 16:46:17.522   563  1943 I wm_set_requested_orientation: [5,com.android.launcher3/.uioverrides.QuickstepLauncher]
09-10 16:46:17.522  1200  1200 I wm_on_resume_called: [201280911,com.android.launcher3.uioverrides.QuickstepLauncher,RESUME_ACTIVITY,0]
09-10 16:46:17.522  1200  1200 I wm_on_top_resumed_gained_called: [201280911,com.android.launcher3.uioverrides.QuickstepLauncher,topWhenResuming]
09-10 16:46:17.574   563  1940 I dvm_lock_sample: [system_server,1,binder:563_14,21,PackageManagerService.java,3860,void com.android.server.pm.PackageManagerService.setEnabledSettings(java.util.List, int, java.lang.String),UserManagerService.java,7413,void com.android.server.pm.UserManagerService$MainHandler.handleMessage(android.os.Message),4]
09-10 16:46:17.578   941  1199 I viewroot_draw_event: [VRI[ScreenDecorOverlayBottom],reportDrawFinished seqId=0]
09-10 16:46:17.580   563   609 I am_proc_start: [0,2012,10100,com.android.imsserviceentitlement,broadcast,{com.android.imsserviceentitlement/com.android.imsserviceentitlement.ImsEntitlementReceiver}]
09-10 16:46:17.626   563  1260 I am_proc_bound: [0,2012,com.android.imsserviceentitlement]
09-10 16:46:17.639  1200  1200 I viewroot_draw_event: [VRI[Taskbar],reportDrawFinished seqId=0]
09-10 16:46:17.667   563   609 I am_proc_start: [0,2023,10138,android.ext.services,service,{android.ext.services/android.ext.services.notification.Assistant}]
09-10 16:46:17.691   563   600 I input_focus: [Focus request 204ba96 com.android.launcher3/com.android.launcher3.uioverrides.QuickstepLauncher,reason=UpdateInputWindows]
09-10 16:46:17.700  1200  1200 I viewroot_draw_event: [VRI[QuickstepLauncher],Canceling draw. cancelDueToPreDrawListener=true cancelDueToSync=false]
09-10 16:46:17.707  1123  1340 I jank_cuj_events_cancel_request: [81,1789058777707544000,29282441337,29282441466]
09-10 16:46:17.707  1123  1340 I jank_cuj_events_end_request: [81,1789058777707732000,29282629094,29282629193]
09-10 16:46:17.715   563   591 I am_proc_bound: [0,2023,android.ext.services]
09-10 16:46:17.798   563   608 I am_uid_running: 10108
09-10 16:46:17.804   563   609 I am_proc_start: [0,2039,10108,com.android.camera2,broadcast,{com.android.camera2/com.android.camera.SetActivitiesCameraReceiver}]
09-10 16:46:17.820   563  1940 I am_uid_active: 10100
09-10 16:46:17.877   563   600 I wm_wallpaper_surface: [0,1,null]
09-10 16:46:17.880   563  1945 I am_proc_bound: [0,2039,com.android.camera2]
09-10 16:46:17.926   941   941 I viewroot_draw_event: [VRI[StatusBar],reportDrawFinished seqId=0]
09-10 16:46:17.955   563   563 I notification_cancel_all: [10108,2039,com.android.camera2,0,0,32832,9,NULL]
09-10 16:46:17.966   563  1644 I am_uid_active: 10108
09-10 16:46:17.997   563   609 I am_proc_start: [0,2058,1000,com.android.dynsystem,broadcast,{com.android.dynsystem/com.android.dynsystem.BootCompletedReceiver}]
09-10 16:46:17.997  1120  1120 I gsm_service_state_change: [0,0,1,1]
09-10 16:46:17.997  1120  1120 I gsm_rat_switched_new: [-1,14,0]
09-10 16:46:18.035   563  1687 I am_proc_bound: [0,2058,com.android.dynsystem]
09-10 16:46:18.066   563   608 I am_uid_running: 10134
09-10 16:46:18.072   563   609 I am_proc_start: [0,2072,1000,com.android.dynsystem:dynsystem,service,{com.android.dynsystem/com.android.dynsystem.DynamicSystemInstallationService}]
09-10 16:46:18.079   563   609 I am_proc_start: [0,2075,10134,com.android.federatedcompute.services,broadcast,{com.android.federatedcompute.services/com.android.federatedcompute.services.FederatedComputeBroadcastReceiver}]
09-10 16:46:18.098   941  1199 I viewroot_draw_event: [VRI[ScreenDecorOverlay],reportDrawFinished seqId=0]
09-10 16:46:18.127   563  1962 I am_proc_bound: [0,2075,com.android.federatedcompute.services]
09-10 16:46:18.181  2072  2072 I service_manager_slow: [30,activity]
09-10 16:46:18.181   563  1962 I dvm_lock_sample: [system_server,1,binder:563_1B,53,ActivityTaskManagerService.java,6405,android.content.res.CompatibilityInfo com.android.server.wm.ActivityTaskManagerService$LocalService.compatibilityInfoForPackage(android.content.pm.ApplicationInfo),WindowManagerService.java,2736,int com.android.server.wm.WindowManagerService.relayoutWindowInner(com.android.server.wm.Session, android.view.IWindow, android.view.WindowManager$LayoutParams, int, int, int, int, int, int, android.window.ClientWindowFrames, android.util.MergedConfiguration, android.view.SurfaceControl, android.view.InsetsState, android.view.InsetsSourceControl$Array, android.os.Bundle, android.view.WindowRelayoutResult),10]
09-10 16:46:18.187   941  1199 I viewroot_draw_event: [VRI[ScreenDecorOverlayBottom],reportDrawFinished seqId=0]
09-10 16:46:18.203   563  1644 I am_proc_bound: [0,2072,com.android.dynsystem:dynsystem]
09-10 16:46:18.267   563  1962 I am_uid_active: 10134
09-10 16:46:18.268   563   608 I am_uid_running: 10127
09-10 16:46:18.277   941   941 I viewroot_draw_event: [VRI[StatusBar],reportDrawFinished seqId=0]
09-10 16:46:18.282   563   609 I am_proc_start: [0,2098,10127,com.android.healthconnect.controller,broadcast,{com.android.healthconnect.controller/com.android.healthconnect.controller.safetycenter.SafetySourceBroadcastReceiver}]
09-10 16:46:18.326   563  1644 I sysui_multi_action: [757,856,758,1,806,com.android.dynsystem,857,com.android.dynsystem,858,2]
09-10 16:46:18.333   563  1962 I am_wtf  : [0,1038,com.android.networkstack.process,680050253,SystemServiceRegistry,No service published for: ethernet]
09-10 16:46:18.333   563   855 I commit_sys_config_file: [net-policy,8]
09-10 16:46:18.383   563  1962 I am_proc_bound: [0,2098,com.android.healthconnect.controller]
09-10 16:46:18.403   563   596 I sysui_multi_action: [319,3762,322,2405,325,26,757,761,758,8,759,2,806,com.android.launcher3,871,com.android.launcher3.uioverrides.QuickstepLauncher,905,0,1320,4,1321,23]
09-10 16:46:18.403   563   596 I wm_activity_launch_time: [0,201280911,com.android.launcher3/.uioverrides.QuickstepLauncher,2405]
09-10 16:46:18.529   563  1644 I am_uid_active: 10127
09-10 16:46:18.530   563   608 I am_uid_running: 10114
09-10 16:46:18.555   563   608 I dvm_lock_sample: [system_server,1,ActivityManager,16,BroadcastQueueModernImpl.java,2050,void com.android.server.am.BroadcastQueueModernImpl.handleProcessFreezableChanged(com.android.server.am.ProcessRecord),,0,null,3]
09-10 16:46:18.556   563   609 I am_proc_start: [0,2112,10114,com.android.messaging,broadcast,{com.android.messaging/com.android.messaging.receiver.BootAndPackageReplacedReceiver}]
09-10 16:46:18.583   563   631 I am_uid_stopped: 10127
09-10 16:46:18.584   563   631 I am_kill : [0,2098,com.android.healthconnect.controller,0,change com.android.healthconnect.controller,107368]
09-10 16:46:18.606   563  1962 I dvm_lock_sample: [system_server,1,binder:563_1B,14,ActivityManagerService.java,16310,int com.android.server.am.ActivityManagerService.broadcastIntentWithFeature(android.app.IApplicationThread, java.lang.String, android.content.Intent, java.lang.String, android.content.IIntentReceiver, int, java.lang.String, android.os.Bundle, java.lang.String[], java.lang.String[], java.lang.String[], int, android.os.Bundle, boolean, boolean, int),-,19191,int com.android.server.am.ActivityManagerService$LocalService.broadcastIntent(android.content.Intent, android.content.IIntentReceiver, java.lang.String[], boolean, int, int[], java.util.function.BiFunction, android.os.Bundle),2]
09-10 16:46:18.641   941   941 I viewroot_draw_event: [VRI[StatusBar],reportDrawFinished seqId=0]
09-10 16:46:18.691   563   598 I commit_sys_config_file: [notification-policy,115]
09-10 16:46:18.710   563   600 I wm_wallpaper_surface: [0,0,null]
09-10 16:46:18.716   563   598 I commit_sys_config_file: [jobs,25]
09-10 16:46:18.727   563   598 I commit_sys_config_file: [jobs,11]
09-10 16:46:18.734   563  1943 I am_proc_bound: [0,2112,com.android.messaging]
09-10 16:46:18.767   563   906 I sysui_multi_action: [757,1717,758,1,759,0]
09-10 16:46:18.767   563   906 I sysui_multi_action: [757,1717,758,2,759,0]
09-10 16:46:18.767   563   906 I sysui_multi_action: [757,1717,758,3,759,0]
09-10 16:46:18.771  1123  1123 I viewroot_draw_event: [VRI[FallbackHome],Not drawing due to not visible. Reason=!mAppVisible && !mForceDecorViewVisibility]
09-10 16:46:18.797  1200  1786 I viewroot_draw_event: [VRI[Taskbar],reportDrawFinished seqId=0]
09-10 16:46:18.832  1200  1230 I jank_cuj_events_end_request: [80,1789058778832609000,30407505843,30407505957]
09-10 16:46:18.877  1038  1673 I service_manager_slow: [29,thermalservice]
09-10 16:46:18.922   563  1943 I am_uid_active: 10114
09-10 16:46:18.924   563   608 I am_uid_running: 1027
09-10 16:46:18.935   563   864 I netstats_mobile_sample: [0,0,0,0,0,0,0,0,1789058778935]
09-10 16:46:18.935   563   864 I netstats_wifi_sample: [0,0,0,0,0,0,0,0,1789058778935]
09-10 16:46:18.938   563   609 I am_proc_start: [0,2134,1027,com.android.nfc,broadcast,{com.android.nfc/com.android.nfc.NfcBootCompletedReceiver}]
09-10 16:46:18.961  1200  1200 I viewroot_draw_event: [VRI[QuickstepLauncher],Draw frame after cancel]
09-10 16:46:18.991  1200  1200 I viewroot_draw_event: [VRI[QuickstepLauncher],reportDrawFinished seqId=0]
09-10 16:46:18.999   563   591 I am_proc_bound: [0,2134,com.android.nfc]
09-10 16:46:19.002   563   599 I wm_destroy_activity: [0,246200280,5,com.android.settings/.FallbackHome,finish-transit]
09-10 16:46:19.003  1123  1123 I wm_on_stop_called: [246200280,com.android.settings.FallbackHome,LIFECYCLER_STOP_ACTIVITY,0]
09-10 16:46:19.003   563   599 I wm_destroy_activity: [0,47635459,6,com.android.sdksetup/.DefaultActivity,finish-transit]
09-10 16:46:19.005  1501  1501 I wm_on_destroy_called: [47635459,com.android.sdksetup.DefaultActivity,performDestroy,0]
09-10 16:46:19.016   563  1068 I wm_task_removed: [6,1,0,removeChild, last child = ActivityRecord{2d6dc03 u0 com.android.sdksetup/.DefaultActivity t-1 f}} in Task{9d6c780 #6 type=home A=10115:com.android.sdksetup}]
09-10 16:46:19.023  1123  1123 I wm_on_destroy_called: [246200280,com.android.settings.FallbackHome,performDestroy,20]
09-10 16:46:19.031   563   600 I wm_wallpaper_surface: [0,1,Window{204ba96 u0 com.android.launcher3/com.android.launcher3.uioverrides.QuickstepLauncher}]
09-10 16:46:19.052   563   691 I input_focus: [Focus entering 204ba96 com.android.launcher3/com.android.launcher3.uioverrides.QuickstepLauncher (server),reason=Window became focusable. Previous reason: NOT_VISIBLE]
09-10 16:46:19.052   563   691 I input_interaction: Interaction with: 204ba96 com.android.launcher3/com.android.launcher3.uioverrides.QuickstepLauncher (server), PointerEventDispatcher0 (server), 
09-10 16:46:19.074   563  1935 I wm_task_removed: [5,1,0,removeChild, last child = ActivityRecord{eacb7d8 u0 com.android.settings/.FallbackHome t-1 f}} in Task{89e4731 #5 type=home A=1000:com.android.settings.FallbackHome}]
09-10 16:46:19.074   563   853 I netstats_mobile_sample: [0,0,0,0,0,0,0,0,1789058779074]
09-10 16:46:19.074   563   853 I netstats_wifi_sample: [0,0,0,0,0,0,0,0,1789058779074]
09-10 16:46:19.110   563   699 I dvm_lock_sample: [system_server,0,android.imms,33,MessageQueue.java,594,boolean android.os.MessageQueue.enqueueMessage(android.os.Message, long),-,695,boolean android.os.MessageQueue.enqueueMessage(android.os.Message, long),6]
09-10 16:46:19.131  1120  1631 I service_manager_slow: [32,permission_checker]
09-10 16:46:19.206   563  1940 I am_uid_active: 1027
09-10 16:46:19.208   563   608 I am_uid_running: 10133
09-10 16:46:19.231   563   609 I am_proc_start: [0,2164,10133,com.android.ondevicepersonalization.services,broadcast,{com.android.ondevicepersonalization.services/com.android.ondevicepersonalization.services.OnDevicePersonalizationBroadcastReceiver}]
09-10 16:46:19.262   563   864 I netstats_mobile_sample: [0,0,0,0,0,0,0,0,1789058779262]
09-10 16:46:19.262   563   864 I netstats_wifi_sample: [0,0,0,0,0,0,0,0,1789058779262]
09-10 16:46:19.279   563   631 I am_uid_stopped: 1027
09-10 16:46:19.286   563   631 I am_kill : [0,2134,com.android.nfc,0,change com.android.nfc,103144]
09-10 16:46:19.359   563  1962 I am_proc_bound: [0,2164,com.android.ondevicepersonalization.services]
09-10 16:46:19.424   563   563 I notification_cancel_all: [1000,563,com.android.nfc,0,0,0,5,NULL]
09-10 16:46:19.433   563  1068 I dvm_lock_sample: [system_server,1,binder:563_9,33,AppOpsService.java,4575,com.android.server.appop.AppOpsService$PackageVerificationResult com.android.server.appop.AppOpsService.verifyAndGetBypass(int, java.lang.String, java.lang.String, java.lang.String, boolean),-,4583,com.android.server.appop.AppOpsService$PackageVerificationResult com.android.server.appop.AppOpsService.verifyAndGetBypass(int, java.lang.String, java.lang.String, java.lang.String, boolean),6]
09-10 16:46:19.485   563   864 I netstats_mobile_sample: [0,0,0,0,0,0,0,0,1789058779485]
09-10 16:46:19.485   563   864 I netstats_wifi_sample: [354,843,2,6,0,135,0,2,1789058779485]
09-10 16:46:19.563   563   855 I dvm_lock_sample: [system_server,0,NetworkPolicy,5,NetworkPolicyManagerService.java,2345,void com.android.server.net.NetworkPolicyManagerService.updateSubscriptions(),-,3743,android.telephony.SubscriptionPlan com.android.server.net.NetworkPolicyManagerService.getSubscriptionPlan(android.net.NetworkTemplate),1]
09-10 16:46:19.619   563  1954 I am_uid_active: 10133
09-10 16:46:19.635   563   608 I am_uid_running: 10063
09-10 16:46:19.639   563   678 I commit_sys_config_file: [settings-0-0,75]
09-10 16:46:19.673   563   609 I am_proc_start: [0,2209,10063,com.android.packageinstaller,broadcast,{com.android.packageinstaller/com.android.packageinstaller.common.TemporaryFileManager}]
09-10 16:46:19.730   563   631 I am_uid_stopped: 10126
09-10 16:46:19.734   563   631 I am_kill : [0,1675,com.android.devicelockcontroller,100,change com.android.devicelockcontroller,122600]
09-10 16:46:19.748   563   631 I am_schedule_service_restart: [0,com.android.devicelockcontroller/androidx.work.impl.background.systemjob.SystemJobService,1000]
09-10 16:46:19.748   563   631 I am_schedule_service_restart: [0,com.android.devicelockcontroller/.DeviceLockControllerService,11000]
09-10 16:46:19.750   941  1002 I jank_cuj_events_end_request: [55,1789058779749449000,31324346205,31324346358]
09-10 16:46:19.816   563  1941 I am_proc_bound: [0,2209,com.android.packageinstaller]
09-10 16:46:19.837   563   563 I notification_cancel_all: [1000,563,com.android.devicelockcontroller,0,0,0,5,NULL]
09-10 16:46:19.879   563  1941 I am_uid_active: 10063
09-10 16:46:19.881   563   608 I am_uid_running: 10132
09-10 16:46:19.905   563   609 I am_proc_start: [0,2249,10132,com.android.rkpdapp,broadcast,{com.android.rkpdapp/com.android.rkpdapp.BootReceiver}]
09-10 16:46:19.917   563   678 I commit_sys_config_file: [settings-0-0,12]
09-10 16:46:19.964   563  1068 I am_proc_bound: [0,2249,com.android.rkpdapp]
09-10 16:46:19.974  1120  1120 I gsm_service_state_change: [1,1,0,0]
09-10 16:46:19.974  1120  1120 I gsm_rat_switched_new: [47108,0,11]
09-10 16:46:20.083   563  1954 I am_uid_active: 10132
09-10 16:46:20.086   563   608 I am_uid_running: 2000
09-10 16:46:20.162   563   609 I am_proc_start: [0,2276,2000,com.android.shell,broadcast,{com.android.shell/com.android.shell.HeapDumpReceiver}]
09-10 16:46:20.186   563   591 I am_proc_bound: [0,2276,com.android.shell]
09-10 16:46:20.187   563   678 I commit_sys_config_file: [settings-1-0,116]
09-10 16:46:20.233   563   563 I service_manager_stats: [132,321,5016]
09-10 16:46:20.238   563   591 I am_uid_active: 2000
09-10 16:46:20.247   563   608 I am_uid_running: 10086
09-10 16:46:20.272   563   609 I am_proc_start: [0,2305,10086,com.android.carrierdefaultapp,broadcast,{com.android.carrierdefaultapp/com.android.carrierdefaultapp.CarrierDefaultBroadcastReceiver}]
09-10 16:46:20.311   563   678 I commit_sys_config_file: [settings-2-0,124]
09-10 16:46:20.358   563   591 I am_proc_bound: [0,2305,com.android.carrierdefaultapp]
09-10 16:46:20.407   563   563 I notification_cancel_all: [10086,2305,com.android.carrierdefaultapp,0,0,32832,9,NULL]
09-10 16:46:20.650   563   891 I ntp_success: [time.android.com/216.239.35.12,476,-70]
09-10 16:46:20.673   563   933 I service_manager_slow: [48,user]
09-10 16:46:20.682   563   608 I ssm_user_completed_event: [0,2]
09-10 16:46:20.709   563  1945 I liblog  : 11
09-10 16:46:20.726   563   933 I service_manager_slow: [51,user]
09-10 16:46:20.879   563   563 I dvm_lock_sample: [system_server,0,main,89,AccessibilityManagerService.java,3635,void com.android.server.accessibility.AccessibilityManagerService.updateFingerprintGestureHandling(com.android.server.accessibility.AccessibilityUserState),MagnificationConnectionManager.java,302,boolean com.android.server.accessibility.magnification.MagnificationConnectionManager.requestConnection(boolean),17]
09-10 16:46:20.894   563  1068 I dvm_lock_sample: [system_server,1,binder:563_9,68,AppOpsService.java,4575,com.android.server.appop.AppOpsService$PackageVerificationResult com.android.server.appop.AppOpsService.verifyAndGetBypass(int, java.lang.String, java.lang.String, java.lang.String, boolean),,0,null,13]
09-10 16:46:20.913   563   950 I commit_sys_config_file: [appops_accesses,21]
09-10 16:46:21.427   563  1955 I am_wtf  : [0,1038,com.android.networkstack.process,680050253,SystemServiceRegistry,No service published for: ethernet]
09-10 16:46:21.429   563   855 I commit_sys_config_file: [net-policy,1]
09-10 16:46:21.558   563   853 I netstats_mobile_sample: [0,0,0,0,0,0,0,0,1789058781481]
09-10 16:46:21.558   563   853 I netstats_wifi_sample: [4366,8220,26,47,5783,4986,31,32,1789058781481]
09-10 16:46:21.700   563   678 I commit_sys_config_file: [settings-0-0,10]
09-10 16:46:21.868   563   597 I wm_new_intent: [0,201280911,7,com.android.launcher3/.uioverrides.QuickstepLauncher,android.intent.action.MAIN,NULL,NULL,268435712]
09-10 16:46:21.868   563   597 I wm_task_moved: [1,1,0,1,1]
09-10 16:46:21.868   563   597 I wm_set_keyguard_occluded: [0,0,0,setOccluded]
09-10 16:46:21.869   941   941 I sysui_keyguard: [0,0]
09-10 16:46:21.870   941  1002 I jank_cuj_events_cancel_request: [23,1789058781869872000,33444769613,33444769702]
09-10 16:46:21.871  1200  1200 I wm_on_top_resumed_lost_called: [201280911,com.android.launcher3.uioverrides.QuickstepLauncher,pausing]
09-10 16:46:21.872  1200  1200 I wm_on_paused_called: [201280911,com.android.launcher3.uioverrides.QuickstepLauncher,performPause,1]
09-10 16:46:21.873  1200  1200 I wm_on_resume_called: [201280911,com.android.launcher3.uioverrides.QuickstepLauncher,LIFECYCLER_RESUME_ACTIVITY,0]
09-10 16:46:21.874  1200  1200 I wm_on_top_resumed_gained_called: [201280911,com.android.launcher3.uioverrides.QuickstepLauncher,topWhenResuming]
09-10 16:46:21.879   941  1002 I jank_cuj_events_end_request: [55,1789058781879220000,33454117351,33454117441]
09-10 16:46:22.029   563  1048 I am_wtf  : [0,1038,com.android.networkstack.process,680050253,SystemServiceRegistry,No service published for: ethernet]
09-10 16:46:22.418   563   678 I commit_sys_config_file: [settings-2-0,16]
09-10 16:46:22.477   563   563 I notification_cancel_all: [10086,2305,com.android.carrierdefaultapp,0,0,32832,9,NULL]
09-10 16:46:22.479   563   864 I netstats_mobile_sample: [0,0,0,0,0,0,0,0,1789058782402]
09-10 16:46:22.479   563   563 I notification_cancel_all: [10086,2305,com.android.carrierdefaultapp,0,0,32832,9,NULL]
09-10 16:46:22.479   563   864 I netstats_wifi_sample: [9239,9492,42,65,10580,6066,46,47,1789058782402]
09-10 16:46:22.492  1120  1120 I service_manager_stats: [100,151,5177]
09-10 16:46:22.511   563   864 I netstats_mobile_sample: [0,0,0,0,0,0,0,0,1789058782434]
09-10 16:46:22.511   563   864 I netstats_wifi_sample: [9239,9492,42,65,10656,6142,47,48,1789058782434]
09-10 16:46:22.532   563  1009 I am_wtf  : [0,1038,com.android.networkstack.process,680050253,SystemServiceRegistry,No service published for: ethernet]
09-10 16:46:22.572  1038  1038 I auditd  : type=1400 audit(0.0:22): avc:  granted  { read } for  comm="NetworkMonitor/" name="psched" dev="proc" ino=4026532021 scontext=u:r:network_stack:s0 tcontext=u:object_r:proc_net:s0 tclass=file
09-10 16:46:22.583   563   855 I commit_sys_config_file: [net-policy,11]
09-10 16:46:22.572  1038  1038 I auditd  : type=1400 audit(0.0:23): avc:  granted  { read open } for  comm="NetworkMonitor/" path="/proc/1038/net/psched" dev="proc" ino=4026532021 scontext=u:r:network_stack:s0 tcontext=u:object_r:proc_net:s0 tclass=file
09-10 16:46:22.572  1038  1038 I auditd  : type=1400 audit(0.0:24): avc:  granted  { getattr } for  comm="NetworkMonitor/" path="/proc/1038/net/psched" dev="proc" ino=4026532021 scontext=u:r:network_stack:s0 tcontext=u:object_r:proc_net:s0 tclass=file
09-10 16:46:22.610   563   853 I netstats_mobile_sample: [2040,1911,17,17,2040,1911,17,17,1789058782533]
09-10 16:46:22.610   563   853 I netstats_wifi_sample: [9239,9492,42,65,10656,6142,47,48,1789058782533]
09-10 16:46:22.611   563   856 I dvm_lock_sample: [system_server,1,NetworkPolicy.uid,22,NetworkStatsService.java,1981,void android.net.connectivity.com.android.server.net.NetworkStatsService.noteUidForeground(int, boolean),-,2590,void android.net.connectivity.com.android.server.net.NetworkStatsService.performPoll(int, android.net.connectivity.com.android.server.net.NetworkStatsEventLogger$PollEvent),4]
09-10 16:46:22.642   563   853 I netstats_mobile_sample: [2040,1911,17,17,2040,1911,17,17,1789058782565]
09-10 16:46:22.642   563   853 I netstats_wifi_sample: [9239,9492,42,65,10656,6142,47,48,1789058782565]
09-10 16:46:23.033   563   608 I am_wtf  : [0,563,system_server,-1,Binder,Outgoing transactions from this process must be FLAG_ONEWAY]
09-10 16:46:23.235   563   678 I commit_sys_config_file: [settings-1-0,2]
09-10 16:46:23.652   563   678 I commit_sys_config_file: [settings-2-0,2]
09-10 16:46:23.655   563   678 I commit_sys_config_file: [settings-1-0,2]
09-10 16:46:23.896   563   679 I am_freeze: [1503,com.android.music]
09-10 16:46:23.913   563   679 I am_compact: [1503,com.android.music,ANON,103528,51968,50920,0,-3072,0,-3072,3200,16,SOME,0,999,19,20,-2648]
09-10 16:46:24.715   563   678 I commit_sys_config_file: [settings-2-0,2]
09-10 16:46:25.730   563   678 I commit_sys_config_file: [settings-2-0,2]
09-10 16:46:26.592   563  1068 I service_manager_stats: [175,321,6359]
09-10 16:46:26.624   563   679 I am_freeze: [1501,com.android.sdksetup]
09-10 16:46:26.672   563   679 I am_compact: [1501,com.android.sdksetup,ANON,117224,64128,52456,0,-4992,0,-4992,4992,47,SOME,0,965,19,2668,-1300]
09-10 16:46:26.796   563   678 I commit_sys_config_file: [settings-2-0,2]
09-10 16:46:27.088   563   679 I am_freeze: [1452,com.android.printspooler]
09-10 16:46:27.100   563   679 I am_compact: [1452,com.android.printspooler,ANON,106088,54272,51176,0,-3328,0,-3328,3456,12,SOME,0,999,19,3968,-792]
09-10 16:46:27.131   563   629 I commit_sys_config_file: [package-user-0,5]
09-10 16:46:27.811   563   678 I commit_sys_config_file: [settings-2-0,4]
09-10 16:46:28.537   563   679 I am_freeze: [1323,com.android.cellbroadcastreceiver]
09-10 16:46:28.554   563   679 I am_compact: [1323,com.android.cellbroadcastreceiver,ANON,104528,52736,51152,0,-3328,0,-3328,3328,17,SOME,0,975,19,4760,-1076]
09-10 16:46:29.038   563   678 I commit_sys_config_file: [settings-2-0,2]
09-10 16:46:30.051   563   678 I commit_sys_config_file: [settings-2-0,2]
09-10 16:46:30.563   563   679 I am_freeze: [1772,com.android.quicksearchbox]
09-10 16:46:30.576   563   679 I am_compact: [1772,com.android.quicksearchbox,ANON,104808,52992,51176,0,-3456,0,-3456,3456,13,SOME,0,935,19,5836,-1256]
09-10 16:46:31.273   563   679 I am_freeze: [1663,com.android.carrierconfig]
09-10 16:46:31.298   563   679 I am_compact: [1663,com.android.carrierconfig,ANON,105960,54016,51304,0,-3584,0,-3584,3584,24,SOME,0,925,19,7092,-904]
09-10 16:46:31.541   563   678 I commit_sys_config_file: [settings-0-0,2]
09-10 16:46:32.027   941  1002 I jank_cuj_events_end_request: [55,1789058792027727000,43602623599,43602623682]
09-10 16:46:32.342   563   678 I commit_sys_config_file: [settings-0-0,3]
09-10 16:46:32.481   563   679 I am_freeze: [2305,com.android.carrierdefaultapp]
09-10 16:46:32.504   563   679 I am_compact: [2305,com.android.carrierdefaultapp,ANON,105320,53248,51432,0,-3328,0,-3328,3456,21,SOME,0,905,19,7996,-1044]
09-10 16:46:33.235   563   631 I commit_sys_config_file: [package,16]
09-10 16:46:33.238   563   629 I commit_sys_config_file: [package-user-0,3]
09-10 16:46:33.503   563   597 I wm_new_intent: [0,201280911,7,com.android.launcher3/.uioverrides.QuickstepLauncher,android.intent.action.MAIN,NULL,NULL,268435712]
09-10 16:46:33.503   563   597 I wm_task_moved: [1,1,0,1,1]
09-10 16:46:33.504   563   597 I wm_set_keyguard_occluded: [0,0,0,setOccluded]
09-10 16:46:33.504   941   941 I sysui_keyguard: [0,0]
09-10 16:46:33.504   941  1002 I jank_cuj_events_cancel_request: [23,1789058793504632000,45079529328,45079529472]
09-10 16:46:33.505  1200  1200 I wm_on_top_resumed_lost_called: [201280911,com.android.launcher3.uioverrides.QuickstepLauncher,pausing]
09-10 16:46:33.505  1200  1200 I wm_on_paused_called: [201280911,com.android.launcher3.uioverrides.QuickstepLauncher,performPause,0]
09-10 16:46:33.507  1200  1200 I wm_on_resume_called: [201280911,com.android.launcher3.uioverrides.QuickstepLauncher,LIFECYCLER_RESUME_ACTIVITY,1]
09-10 16:46:33.507  1200  1200 I wm_on_top_resumed_gained_called: [201280911,com.android.launcher3.uioverrides.QuickstepLauncher,topWhenResuming]
09-10 16:46:33.510   941  1002 I jank_cuj_events_end_request: [55,1789058793510745000,45085641567,45085641686]
09-10 16:46:33.943   563   678 I commit_sys_config_file: [settings-2-0,2]
09-10 16:46:35.274   563   678 I commit_sys_config_file: [settings-2-0,2]
09-10 16:46:36.349   563   678 I commit_sys_config_file: [settings-2-0,1]
09-10 16:46:37.361   563   678 I commit_sys_config_file: [settings-2-0,2]
09-10 16:46:38.430   563   678 I commit_sys_config_file: [settings-2-0,2]
09-10 16:46:39.445   563   678 I commit_sys_config_file: [settings-2-0,4]
09-10 16:46:40.136   563   563 I auditd  : type=1400 audit(0.0:25): avc:  denied  { getopt } for  comm="binder:563_13" scontext=u:r:system_server:s0 tcontext=u:r:shell:s0 tclass=unix_stream_socket permissive=0
09-10 16:46:40.136   563   563 I auditd  : type=1400 audit(0.0:26): avc:  denied  { getopt } for  comm="binder:563_13" scontext=u:r:system_server:s0 tcontext=u:r:shell:s0 tclass=unix_stream_socket permissive=0
09-10 16:46:40.153   563   598 I commit_sys_config_file: [package-session,8]
09-10 16:46:40.136   563   563 I auditd  : type=1400 audit(0.0:27): avc:  denied  { getopt } for  comm="binder:563_13" scontext=u:r:system_server:s0 tcontext=u:r:shell:s0 tclass=unix_stream_socket permissive=0
09-10 16:46:40.157   563   598 I commit_sys_config_file: [package-session,3]
09-10 16:46:40.995   563   679 I am_freeze: [1552,com.android.externalstorage]
09-10 16:46:41.014   563   679 I am_compact: [1552,com.android.externalstorage,ANON,106088,54400,51048,0,-3328,0,-3328,3328,19,SOME,0,975,19,9040,-968]
09-10 16:46:41.221   563   608 I am_wtf  : [0,2766,system_server,-1,SystemServiceRegistry,No service published for: persistent_data_block]
09-10 16:46:41.221   563   608 I am_wtf  : [0,2766,system_server,-1,SystemServiceRegistry,Manager wrapper not available: persistent_data_block]
09-10 16:46:41.212   563   563 I auditd  : type=1400 audit(0.0:28): avc:  denied  { getopt } for  comm="binder:563_13" scontext=u:r:system_server:s0 tcontext=u:r:shell:s0 tclass=unix_stream_socket permissive=0
09-10 16:46:41.223   563   646 I commit_sys_config_file: [package-session,3]
09-10 16:46:42.200   563   598 I commit_sys_config_file: [package-session,2]
09-10 16:46:42.220   563   631 I commit_sys_config_file: [package,12]
09-10 16:46:42.227   563   629 I commit_sys_config_file: [package-user-0,7]
09-10 16:46:42.232   563   631 I backup_transport_lifecycle: [com.android.localtransport/.LocalTransportService,1]
09-10 16:46:42.233   563   563 I backup_transport_connection: [com.android.localtransport/.LocalTransportService,1]
09-10 16:46:42.235   563   631 I backup_transport_lifecycle: [com.android.localtransport/.LocalTransportService,0]
09-10 16:46:42.235   563   631 I backup_transport_connection: [com.android.localtransport/.LocalTransportService,0]
09-10 16:46:42.238   563   631 I unknown_sources_enabled: 1
09-10 16:46:42.248   563   646 I commit_sys_config_file: [package-session,3]
09-10 16:46:42.257   563   598 I commit_sys_config_file: [package-session,12]
09-10 16:46:42.244   563   563 I auditd  : type=1400 audit(0.0:29): avc:  denied  { getopt } for  comm="binder:563_13" scontext=u:r:system_server:s0 tcontext=u:r:shell:s0 tclass=unix_stream_socket permissive=0
09-10 16:46:42.248   563   563 I auditd  : type=1400 audit(0.0:30): avc:  denied  { getopt } for  comm="binder:563_13" scontext=u:r:system_server:s0 tcontext=u:r:shell:s0 tclass=unix_stream_socket permissive=0
09-10 16:46:42.248   563   563 I auditd  : type=1400 audit(0.0:31): avc:  denied  { getopt } for  comm="binder:563_13" scontext=u:r:system_server:s0 tcontext=u:r:shell:s0 tclass=unix_stream_socket permissive=0
09-10 16:46:42.277   563   563 I notification_cancel_all: [1000,563,dev.partydeck.app,0,0,0,5,NULL]
09-10 16:46:42.291   563   652 I commit_sys_config_file: [overlays,33]
09-10 16:46:42.295   563  1935 I am_clear_app_data_caller: [2780,2000,dev.partydeck.app]
09-10 16:46:42.296   563  1935 I pm_clear_app_data_caller: [563,1000,dev.partydeck.app]
09-10 16:46:42.297   563   563 I notification_cancel_all: [1000,563,dev.partydeck.app,0,0,0,21,NULL]
09-10 16:46:42.300   563   631 I installer_clear_app_data_caller: [563,1000,dev.partydeck.app,7]
09-10 16:46:42.300   563   631 I installer_clear_app_data_call_stack: [clearAppData,com.android.server.pm.Installer,Installer.java,427]
09-10 16:46:42.300   563   631 I installer_clear_app_data_call_stack: [clearAppDataLeafLIF,com.android.server.pm.AppDataHelper,AppDataHelper.java,572]
09-10 16:46:42.300   563   631 I installer_clear_app_data_call_stack: [clearAppDataLIF,com.android.server.pm.AppDataHelper,AppDataHelper.java,557]
09-10 16:46:42.300   563   631 I installer_clear_app_data_call_stack: [clearApplicationUserDataLIF,com.android.server.pm.PackageManagerService,PackageManagerService.java,3433]
09-10 16:46:42.300   563   631 I installer_clear_app_data_call_stack: [-$$Nest$mclearApplicationUserDataLIF,com.android.server.pm.PackageManagerService,PackageManagerService.java,0]
09-10 16:46:42.300   563   631 I installer_clear_app_data_call_stack: [run,com.android.server.pm.PackageManagerService$IPackageManagerImpl$1,PackageManagerService.java,4787]
09-10 16:46:42.300   563   631 I installer_clear_app_data_call_stack: [handleCallback,android.os.Handler,Handler.java,959]
09-10 16:46:42.300   563   631 I installer_clear_app_data_call_stack: [dispatchMessage,android.os.Handler,Handler.java,100]
09-10 16:46:42.300   563   631 I installer_clear_app_data_call_stack: [loopOnce,android.os.Looper,Looper.java,232]
09-10 16:46:42.300   563   631 I installer_clear_app_data_call_stack: [loop,android.os.Looper,Looper.java,317]
09-10 16:46:42.300   563   631 I installer_clear_app_data_call_stack: [run,android.os.HandlerThread,HandlerThread.java,85]
09-10 16:46:42.300   563   631 I installer_clear_app_data_call_stack: [run,com.android.server.ServiceThread,ServiceThread.java,46]
09-10 16:46:42.305   563   873 I storage_state: [41217664-9172-527a-b3d5-edabb50a7d69,0,0,5455597568,6228115456]
09-10 16:46:42.311   563   563 I notification_cancel_all: [1000,563,dev.partydeck.app,0,0,0,5,NULL]
09-10 16:46:42.318   563   892 I commit_sys_config_file: [session_index,7]
09-10 16:46:42.325   563   892 I commit_sys_config_file: [blobs_index,7]
09-10 16:46:42.379   563  1048 I wm_task_created: 8
09-10 16:46:42.382   563  1048 I wm_task_moved: [8,8,0,1,2]
09-10 16:46:42.382   563  1048 I wm_task_to_front: [0,8,0]
09-10 16:46:42.383   563  1048 I wm_create_task: [0,8,8,0]
09-10 16:46:42.383   563  1048 I wm_create_activity: [0,220471665,8,dev.partydeck.app/.MainActivity,NULL,NULL,NULL,268435456]
09-10 16:46:42.383   563  1048 I wm_task_moved: [8,8,0,1,2]
09-10 16:46:42.384   563  1048 I wm_pause_activity: [0,201280911,com.android.launcher3/.uioverrides.QuickstepLauncher,userLeaving=true,pauseBackTasks]
09-10 16:46:42.387  1200  1200 I wm_on_top_resumed_lost_called: [201280911,com.android.launcher3.uioverrides.QuickstepLauncher,topStateChangedWhenResumed]
09-10 16:46:42.390   563   599 I am_uid_running: 10148
09-10 16:46:42.394  1200  1200 I wm_on_paused_called: [201280911,com.android.launcher3.uioverrides.QuickstepLauncher,performPause,1]
09-10 16:46:42.419   563  1955 I wm_add_to_stopping: [0,201280911,com.android.launcher3/.uioverrides.QuickstepLauncher,makeInvisible]
09-10 16:46:42.429   563   596 I sysui_multi_action: [757,803,799,window_time_0,802,27]
09-10 16:46:42.436   563   609 I am_proc_start: [0,2797,10148,dev.partydeck.app,next-top-activity,{dev.partydeck.app/dev.partydeck.app.MainActivity}]
09-10 16:46:42.484   563   691 I input_focus: [Focus leaving 204ba96 com.android.launcher3/com.android.launcher3.uioverrides.QuickstepLauncher (server),reason=NO_WINDOW]
09-10 16:46:42.570   563   598 I commit_sys_config_file: [notification-policy,23]
09-10 16:46:42.573   563   678 I commit_sys_config_file: [settings-2-0,18]
09-10 16:46:42.612   563  1955 I am_proc_bound: [0,2797,dev.partydeck.app]
09-10 16:46:42.617   563  1955 I am_uid_active: 10148
09-10 16:46:42.679   941  1049 I viewroot_draw_event: [VRI[app],reportDrawFinished seqId=0]
09-10 16:46:42.819  1200  1200 I viewroot_draw_event: [VRI[QuickstepLauncher],Not drawing due to not visible. Reason=!mAppVisible && !mForceDecorViewVisibility]
09-10 16:46:42.819   563   857 I service_manager_slow: [27,time_detector]
09-10 16:46:42.833   563   600 I wm_wallpaper_surface: [0,0,null]
09-10 16:46:43.272   563  1935 I wm_restart_activity: [0,220471665,8,dev.partydeck.app/.MainActivity]
09-10 16:46:43.273   563  1935 I wm_set_resumed_activity: [0,dev.partydeck.app/.MainActivity,realStartActivityLocked - onActivityStateChanged]
09-10 16:46:43.520  2797  2797 I wm_on_create_called: [220471665,dev.partydeck.app.MainActivity,performCreate,170]
09-10 16:46:43.529  2797  2797 I wm_on_start_called: [220471665,dev.partydeck.app.MainActivity,handleStartActivity,1]
09-10 16:46:43.535  2797  2797 I wm_on_resume_called: [220471665,dev.partydeck.app.MainActivity,RESUME_ACTIVITY,1]
09-10 16:46:43.568  2797  2797 I wm_on_top_resumed_gained_called: [220471665,dev.partydeck.app.MainActivity,topStateChangedWhenResumed]
09-10 16:46:44.183   563   600 I input_focus: [Focus request 24ffb9 dev.partydeck.app/dev.partydeck.app.MainActivity,reason=UpdateInputWindows]
09-10 16:46:44.424  2797  2797 I viewroot_draw_event: [VRI[MainActivity],reportDrawFinished seqId=0]
09-10 16:46:44.440   563   596 I sysui_multi_action: [319,355,321,318,322,2075,325,53,757,761,758,7,759,1,806,dev.partydeck.app,871,dev.partydeck.app.MainActivity,904,com.android.shell,905,0,945,250,1320,12,1321,1]
09-10 16:46:44.496   563   596 I wm_activity_launch_time: [0,220471665,dev.partydeck.app/.MainActivity,2075]
09-10 16:46:44.505   563  1048 I wm_stop_activity: [0,201280911,com.android.launcher3/.uioverrides.QuickstepLauncher]
09-10 16:46:44.534   941  1002 I jank_cuj_events_begin_request: [39,1789058804442721000,56017618623,56017618805,]
09-10 16:46:44.535   941  1002 I jank_cuj_events_end_request: [39,1789058804534585000,56109482221,56109482280]
09-10 16:46:44.551   941  1049 I viewroot_draw_event: [VRI[app],Not drawing due to not visible. Reason=View.GONE]
09-10 16:46:44.552  1200  1200 I wm_on_stop_called: [201280911,com.android.launcher3.uioverrides.QuickstepLauncher,STOP_ACTIVITY_ITEM,14]
09-10 16:46:44.626   563   691 I input_focus: [Focus entering 24ffb9 dev.partydeck.app/dev.partydeck.app.MainActivity (server),reason=Window became focusable. Previous reason: NOT_VISIBLE]
09-10 16:46:45.122   563   678 I commit_sys_config_file: [settings-2-0,4]
09-10 16:46:46.256   563   678 I commit_sys_config_file: [settings-2-0,4]
09-10 16:46:46.484   563   679 I am_freeze: [1849,com.android.traceur]
09-10 16:46:46.499   563   679 I am_compact: [1849,com.android.traceur,ANON,107740,55936,51164,0,-3456,0,-3456,3584,14,SOME,0,999,19,10008,-1188]
09-10 16:46:46.551   563   679 I am_freeze: [1295,com.android.cellbroadcastreceiver.module]
09-10 16:46:46.567   563   679 I am_compact: [1295,com.android.cellbroadcastreceiver.module,ANON,130156,76544,52844,0,-7936,-2432,-5504,5376,16,SOME,0,935,19,11196,-1660]
09-10 16:46:47.121   563   679 I am_freeze: [1608,com.android.managedprovisioning]
09-10 16:46:47.122   563   679 I am_freeze: [1883,com.android.calendar]
09-10 16:46:47.144   563   679 I am_compact: [1608,com.android.managedprovisioning,ANON,111656,58496,52520,0,-4736,0,-4736,4864,22,SOME,0,999,19,12856,-1752]
09-10 16:46:47.160   563   679 I am_compact: [1883,com.android.calendar,ANON,110016,58112,51264,0,-3840,0,-3840,3840,16,SOME,0,999,19,14608,-1252]
09-10 16:46:47.397   563   679 I am_freeze: [1708,com.android.providers.calendar]
09-10 16:46:47.420   563   679 I am_compact: [1708,com.android.providers.calendar,ANON,114024,61312,52072,0,-4224,0,-4224,4352,23,SOME,0,955,19,15860,-1324]
09-10 16:46:47.468   563   679 I am_freeze: [1818,com.android.statementservice]
09-10 16:46:47.495   563   679 I am_compact: [1818,com.android.statementservice,ANON,123580,66560,56252,0,-8960,0,-8960,8960,25,SOME,0,925,19,17184,-3068]
09-10 16:46:47.520   563   679 I am_freeze: [1976,.adservices]
09-10 16:46:47.533   563   679 I am_compact: [1976,.adservices,ANON,110568,58496,51432,0,-4352,-768,-3584,3584,13,SOME,0,999,19,20252,-1096]
09-10 16:46:47.538   563   678 I commit_sys_config_file: [settings-2-0,2]
09-10 16:46:47.835   563   679 I am_freeze: [2012,com.android.imsserviceentitlement]
09-10 16:46:47.850   563   679 I am_compact: [2012,com.android.imsserviceentitlement,ANON,108260,55808,51812,0,-3968,0,-3968,3968,14,SOME,0,935,19,21348,-1288]
09-10 16:46:47.969   563   679 I am_freeze: [2039,com.android.camera2]
09-10 16:46:47.981   563   679 I am_compact: [2039,com.android.camera2,ANON,107600,55808,51152,0,-3456,0,-3456,3456,12,SOME,0,999,19,22636,-1108]
09-10 16:46:48.065   563   679 I am_freeze: [1123,com.android.settings]
09-10 16:46:48.066   563   679 I am_freeze: [2072,com.android.dynsystem:dynsystem]
09-10 16:46:48.066   563   679 I am_freeze: [2058,com.android.dynsystem]
09-10 16:46:48.066   563   679 I am_freeze: [1556,com.android.keychain]
09-10 16:46:48.091   563   679 I am_compact: [1123,com.android.settings,ANON,162272,104512,56992,0,-9984,0,-9984,9984,25,SOME,0,925,19,23744,-3508]
09-10 16:46:48.102   563   679 I am_compact: [2072,com.android.dynsystem:dynsystem,ANON,104296,52736,50920,0,-3200,0,-3200,3328,11,SOME,0,995,19,27252,-1112]
09-10 16:46:48.112   563   679 I am_compact: [2058,com.android.dynsystem,ANON,103632,51968,51024,0,-3200,0,-3200,3328,10,SOME,0,999,19,28364,-1064]
09-10 16:46:48.125   563   679 I am_compact: [1556,com.android.keychain,ANON,106500,54912,50948,0,-3328,0,-3328,3328,13,SOME,0,999,19,29428,-1028]
09-10 16:46:48.278   563   679 I am_freeze: [2075,com.android.federatedcompute.services]
09-10 16:46:48.292   563   679 I am_compact: [2075,com.android.federatedcompute.services,ANON,104040,52352,51048,0,-3712,-512,-3200,3328,13,SOME,0,999,19,30456,-1028]
09-10 16:46:48.429   563   679 I am_unfreeze: [1123,com.android.settings,3]
09-10 16:46:48.590   563   678 I commit_sys_config_file: [settings-2-0,2]
09-10 16:46:48.926   563   679 I am_freeze: [2112,com.android.messaging]
09-10 16:46:48.948   563   679 I am_compact: [2112,com.android.messaging,ANON,123036,67832,54564,0,-7552,0,-7552,7552,22,SOME,0,945,19,31440,-1960]
09-10 16:46:49.252   563   691 I input_interaction: Interaction with: 24ffb9 dev.partydeck.app/dev.partydeck.app.MainActivity (server), PointerEventDispatcher0 (server), 
09-10 16:46:49.628   563   679 I am_freeze: [2164,com.android.ondevicepersonalization.services]
09-10 16:46:49.667   563   679 I am_compact: [2164,com.android.ondevicepersonalization.services,ANON,105164,53376,51148,0,-4608,-1152,-3456,3456,38,SOME,0,985,19,33400,-1032]
09-10 16:46:49.772   563   678 I commit_sys_config_file: [settings-2-0,3]
09-10 16:46:50.088   563   679 I am_freeze: [2249,com.android.rkpdapp]
09-10 16:46:50.127   563   679 I am_compact: [2249,com.android.rkpdapp,ANON,126512,66944,58928,0,-12672,-896,-11776,11776,39,SOME,0,915,19,34432,-4064]
09-10 16:46:50.241   563   679 I am_freeze: [2276,com.android.shell]
09-10 16:46:50.255   563   679 I am_compact: [2276,com.android.shell,ANON,104136,52352,51144,0,-3200,0,-3200,3200,12,SOME,0,975,19,38496,-948]
09-10 16:46:50.806   563   678 I commit_sys_config_file: [settings-2-0,3]
09-10 16:46:51.949   563  1954 I service_manager_stats: [100,60,25357]
09-10 16:46:52.112   563   678 I commit_sys_config_file: [settings-2-0,2]
09-10 16:46:52.212   563   679 I am_freeze: [1790,com.android.contacts]
09-10 16:46:52.228   563   679 I am_compact: [1790,com.android.contacts,ANON,110660,58604,51416,0,-3712,0,-3712,3840,15,SOME,0,965,19,39444,-1248]
09-10 16:46:52.236   563   679 I am_freeze: [1860,com.android.localtransport]
09-10 16:46:52.248   563   679 I am_compact: [1860,com.android.localtransport,ANON,105636,53888,51108,0,-3328,0,-3328,3328,11,SOME,0,915,19,40692,-1144]
09-10 16:46:52.284   563   950 I commit_sys_config_file: [appops_accesses,3]
09-10 16:46:52.284   563   679 I am_freeze: [2209,com.android.packageinstaller]
09-10 16:46:52.299   563   679 I am_compact: [2209,com.android.packageinstaller,ANON,106184,54272,51272,0,-3584,0,-3584,3584,14,SOME,0,905,19,41836,-1176]
09-10 16:46:52.324   563   679 I am_freeze: [1482,com.android.documentsui]
09-10 16:46:52.352   563   679 I am_compact: [1482,com.android.documentsui,ANON,126660,71176,54844,0,-7680,0,-7680,7680,27,SOME,0,905,19,43012,-2436]
09-10 16:46:52.433   563   629 I commit_sys_config_file: [package-user-0,6]
09-10 16:46:53.139   563   678 I commit_sys_config_file: [settings-2-0,2]
09-10 16:46:54.553   563   679 I am_freeze: [1594,android.process.media]
09-10 16:46:54.574   563   679 I am_compact: [1594,android.process.media,ANON,116304,63488,52176,0,-5120,0,-5120,5120,21,SOME,0,965,19,45448,-1528]
09-10 16:46:54.909   563   678 I commit_sys_config_file: [settings-2-0,2]
09-10 16:46:55.927   563   678 I commit_sys_config_file: [settings-2-0,3]
09-10 16:46:56.819   563  1644 I sysui_multi_action: [757,803,799,key_back_press,802,1]
09-10 16:46:57.284   563   678 I commit_sys_config_file: [settings-2-0,2]
09-10 16:46:58.321   563   678 I commit_sys_config_file: [settings-2-0,2]
09-10 16:46:58.469   563   679 I am_freeze: [1123,com.android.settings]
09-10 16:46:59.366   563   678 I commit_sys_config_file: [settings-2-0,3]
09-10 16:47:00.385   563   678 I commit_sys_config_file: [settings-2-0,3]
09-10 16:47:01.508   563   678 I commit_sys_config_file: [settings-2-0,4]
09-10 16:47:02.357   563   679 I am_freeze: [942,com.android.permissioncontroller]
09-10 16:47:02.392   563   679 I am_compact: [942,com.android.permissioncontroller,ANON,136828,80332,55472,0,-14208,-6016,-8192,8320,33,SOME,0,905,19,46976,-2924]
09-10 16:47:02.531   563   678 I commit_sys_config_file: [settings-2-0,2]
09-10 16:47:03.589   563   678 I commit_sys_config_file: [settings-2-0,2]
09-10 16:47:04.604   563   678 I commit_sys_config_file: [settings-2-0,2]
09-10 16:47:06.411   563   678 I commit_sys_config_file: [settings-2-0,3]
09-10 16:47:07.424   563   678 I commit_sys_config_file: [settings-2-0,3]
09-10 16:47:09.227   563   678 I commit_sys_config_file: [settings-2-0,3]
09-10 16:47:10.095   563   679 I am_unfreeze: [942,com.android.permissioncontroller,6]
09-10 16:47:10.156   563  1954 I service_manager_slow: [10,user]
09-10 16:47:10.247   563   678 I commit_sys_config_file: [settings-2-0,2]
09-10 16:47:11.545   563   678 I commit_sys_config_file: [settings-2-0,3]
09-10 16:47:12.349   563   608 I am_uid_idle: 10070
09-10 16:47:12.575   563   678 I commit_sys_config_file: [settings-2-0,3]
09-10 16:47:13.782   563   678 I commit_sys_config_file: [settings-2-0,3]
09-10 16:47:13.892   563   608 I am_uid_idle: 10105
09-10 16:47:13.934   563   608 I am_uid_idle: 10064
09-10 16:47:14.809   563   678 I commit_sys_config_file: [settings-2-0,2]
09-10 16:47:15.345   563   608 I am_uid_idle: 10104
09-10 16:47:15.855   563   678 I commit_sys_config_file: [settings-2-0,3]
09-10 16:47:16.611   563   608 I am_uid_idle: 10115
09-10 16:47:16.873   563   678 I commit_sys_config_file: [settings-2-0,3]
09-10 16:47:17.068   563   608 I am_uid_idle: 10083
09-10 16:47:17.759   563  1068 I sysui_multi_action: [757,803,799,key_back_press,802,1]
09-10 16:47:17.856   563   600 I input_focus: [Focus request b94d635 dev.partydeck.app/dev.partydeck.app.MainActivity,reason=UpdateInputWindows]
09-10 16:47:17.929   563   691 I input_focus: [Focus leaving 24ffb9 dev.partydeck.app/dev.partydeck.app.MainActivity (server),reason=Waiting for window because NO_WINDOW]
09-10 16:47:17.974  2797  2797 I viewroot_draw_event: [VRI[MainActivity],reportDrawFinished seqId=0]
09-10 16:47:18.059  2797  2797 I viewroot_draw_event: [VRI[MainActivity],reportDrawFinished seqId=0]
09-10 16:47:18.070   563   691 I input_focus: [Focus entering b94d635 dev.partydeck.app/dev.partydeck.app.MainActivity (server),reason=Window became focusable. Previous reason: NOT_VISIBLE]
09-10 16:47:18.407   563   678 I commit_sys_config_file: [settings-2-0,3]
09-10 16:47:19.437   563   678 I commit_sys_config_file: [settings-2-0,9]
09-10 16:47:20.096   563   691 I input_interaction: Interaction with: b94d635 dev.partydeck.app/dev.partydeck.app.MainActivity (server), PointerEventDispatcher0 (server), 
09-10 16:47:20.126   563   600 I input_focus: [Focus request 24ffb9 dev.partydeck.app/dev.partydeck.app.MainActivity,reason=UpdateInputWindows]
09-10 16:47:20.237   563   691 I input_focus: [Focus entering 24ffb9 dev.partydeck.app/dev.partydeck.app.MainActivity (server),reason=setFocusedWindow]
09-10 16:47:20.283   563   671 I dvm_lock_sample: [system_server,0,appscheduling.default,36,MessageQueue.java,348,android.os.Message android.os.MessageQueue.next(),-,695,boolean android.os.MessageQueue.enqueueMessage(android.os.Message, long),7]
09-10 16:47:20.360   563   608 I am_uid_idle: 10086
09-10 16:47:20.731   563   678 I commit_sys_config_file: [settings-2-0,2]
09-10 16:47:21.271   563   608 I am_uid_idle: 10118
09-10 16:47:21.751   563   678 I commit_sys_config_file: [settings-2-0,2]
09-10 16:47:21.888   563   857 I service_manager_stats: [100,48,29939]
09-10 16:47:22.790   563   678 I commit_sys_config_file: [settings-2-0,2]
09-10 16:47:23.808   563   678 I commit_sys_config_file: [settings-2-0,2]
09-10 16:47:25.072   563   678 I commit_sys_config_file: [settings-2-0,3]
09-10 16:47:26.092   563   678 I commit_sys_config_file: [settings-2-0,3]
09-10 16:47:26.752   563   691 I input_interaction: Interaction with: 24ffb9 dev.partydeck.app/dev.partydeck.app.MainActivity (server), PointerEventDispatcher0 (server), 
09-10 16:47:27.217   563   678 I commit_sys_config_file: [settings-2-0,3]
09-10 16:47:28.245   563   678 I commit_sys_config_file: [settings-2-0,2]
09-10 16:47:29.505   563   678 I commit_sys_config_file: [settings-2-0,3]
09-10 16:47:30.242   563   679 I am_freeze: [942,com.android.permissioncontroller]
09-10 16:47:30.264   563   679 I am_compact: [942,com.android.permissioncontroller,ANON,131580,78284,52272,3200,-9344,-3968,-5376,5376,22,FULL,73966,905,19,49308,-816]
09-10 16:47:30.522   563   678 I commit_sys_config_file: [settings-2-0,2]
09-10 16:47:31.575   563   678 I commit_sys_config_file: [settings-2-0,2]
09-10 16:47:32.592   563   678 I commit_sys_config_file: [settings-2-0,2]
09-10 16:47:33.788   563   678 I commit_sys_config_file: [settings-2-0,3]
09-10 16:47:34.091   563   608 I am_uid_idle: 10062
09-10 16:47:34.806   563   678 I commit_sys_config_file: [settings-2-0,3]
09-10 16:47:35.157   563   608 I am_uid_idle: 10065
09-10 16:47:35.855   563   678 I commit_sys_config_file: [settings-2-0,2]
09-10 16:47:36.472   563   608 I am_uid_idle: 10097
09-10 16:47:36.551   563   608 I am_uid_idle: 10125
09-10 16:47:36.559   563   608 I am_uid_idle: 10101
09-10 16:47:36.871   563   678 I commit_sys_config_file: [settings-2-0,3]
09-10 16:47:37.121   563   608 I am_uid_idle: 10109
09-10 16:47:37.121   563   608 I am_uid_idle: 10068
09-10 16:47:37.136   563   608 I am_uid_idle: 10073
09-10 16:47:37.396   563   608 I am_uid_idle: 10079
09-10 16:47:37.468   563   608 I am_uid_idle: 10077
09-10 16:47:37.835   563   608 I am_uid_idle: 10100
09-10 16:47:37.968   563   608 I am_uid_idle: 10108
09-10 16:47:38.152   563   678 I commit_sys_config_file: [settings-2-0,2]
09-10 16:47:38.277   563   608 I am_uid_idle: 10134
09-10 16:47:38.924   563   608 I am_uid_idle: 10114
09-10 16:47:39.170   563   678 I commit_sys_config_file: [settings-2-0,2]
09-10 16:47:39.625   563   608 I am_uid_idle: 10133
09-10 16:47:39.880   563   608 I am_uid_idle: 10063
09-10 16:47:40.086   563   608 I am_uid_idle: 10132
09-10 16:47:40.218   563   678 I commit_sys_config_file: [settings-2-0,3]
09-10 16:47:40.241   563   608 I am_uid_idle: 2000
09-10 16:47:41.235   563   678 I commit_sys_config_file: [settings-2-0,3]
09-10 16:47:42.120   563  1935 I sysui_multi_action: [757,803,799,key_back_press,802,1]
09-10 16:47:42.559   563   678 I commit_sys_config_file: [settings-2-0,2]
09-10 16:47:43.577   563   678 I commit_sys_config_file: [settings-2-0,3]
09-10 16:47:44.474   563  1009 I am_uid_stopped: 10148
09-10 16:47:44.477   563  1009 I am_kill : [0,2797,dev.partydeck.app,0,stop dev.partydeck.app due to from pid 3462,236944]
09-10 16:47:44.478   563  1009 I wm_finish_activity: [0,220471665,8,dev.partydeck.app/.MainActivity,proc died without state saved]
09-10 16:47:44.481   563  1009 I wm_task_moved: [1,1,0,1,2]
09-10 16:47:44.481   563  1009 I wm_task_moved: [7,1,0,1,2147483647]
09-10 16:47:44.481   563  1009 I wm_task_to_front: [0,7,0]
09-10 16:47:44.482   563  1009 I wm_focused_root_task: [0,0,1,8,handleAppDied adjustFocusToNextFocusableTask]
09-10 16:47:44.482   563  1009 I wm_set_resumed_activity: [0,com.android.launcher3/.uioverrides.QuickstepLauncher,resumeTopActivity - onActivityStateChanged]
09-10 16:47:44.483   563  1009 I wm_resume_activity: [0,201280911,7,com.android.launcher3/.uioverrides.QuickstepLauncher]
09-10 16:47:44.484   563   600 I input_focus: [Requesting to set focus to null window,reason=UpdateInputWindows]
09-10 16:47:44.484  1200  1200 I wm_on_restart_called: [201280911,com.android.launcher3.uioverrides.QuickstepLauncher,performRestart,0]
09-10 16:47:44.487  1200  1200 I wm_on_start_called: [201280911,com.android.launcher3.uioverrides.QuickstepLauncher,handleStartActivity,3]
09-10 16:47:44.487  1200  1200 I wm_on_resume_called: [201280911,com.android.launcher3.uioverrides.QuickstepLauncher,RESUME_ACTIVITY,0]
09-10 16:47:44.488  1200  1200 I wm_on_top_resumed_gained_called: [201280911,com.android.launcher3.uioverrides.QuickstepLauncher,topWhenResuming]
09-10 16:47:44.496   563   563 I notification_cancel_all: [1000,563,dev.partydeck.app,0,0,0,5,NULL]
09-10 16:47:44.507   563   600 I input_focus: [Focus request 204ba96 com.android.launcher3/com.android.launcher3.uioverrides.QuickstepLauncher,reason=UpdateInputWindows]
09-10 16:47:44.509  1200  1200 I viewroot_draw_event: [VRI[QuickstepLauncher],Start draw after previous draw not visible]
09-10 16:47:44.573   563  3465 I wm_task_created: 9
09-10 16:47:44.575   563  3465 I wm_task_moved: [9,9,0,1,3]
09-10 16:47:44.575   563  3465 I wm_task_to_front: [0,9,0]
09-10 16:47:44.575   563  3465 I wm_create_task: [0,9,9,0]
09-10 16:47:44.575   563  3465 I wm_create_activity: [0,125944590,9,dev.partydeck.app/.MainActivity,NULL,NULL,NULL,268435456]
09-10 16:47:44.575   563  3465 I wm_task_moved: [9,9,0,1,3]
09-10 16:47:44.576   563  3465 I wm_pause_activity: [0,201280911,com.android.launcher3/.uioverrides.QuickstepLauncher,userLeaving=true,pauseBackTasks]
09-10 16:47:44.583   563   599 I am_uid_running: 10148
09-10 16:47:44.595   563   609 I am_proc_start: [0,3472,10148,dev.partydeck.app,next-top-activity,{dev.partydeck.app/dev.partydeck.app.MainActivity}]
09-10 16:47:44.646  1200  1200 I viewroot_draw_event: [VRI[QuickstepLauncher],reportDrawFinished seqId=0]
09-10 16:47:44.649  1200  1200 I wm_on_top_resumed_lost_called: [201280911,com.android.launcher3.uioverrides.QuickstepLauncher,topStateChangedWhenResumed]
09-10 16:47:44.651  1200  1200 I wm_on_paused_called: [201280911,com.android.launcher3.uioverrides.QuickstepLauncher,performPause,2]
09-10 16:47:44.657   563  1260 I wm_add_to_stopping: [0,201280911,com.android.launcher3/.uioverrides.QuickstepLauncher,makeInvisible]
09-10 16:47:44.659   563   596 I sysui_multi_action: [757,803,799,window_time_0,802,63]
09-10 16:47:44.722   941  1049 I viewroot_draw_event: [VRI[app],reportDrawFinished seqId=0]
09-10 16:47:44.723   563   591 I am_proc_bound: [0,3472,dev.partydeck.app]
09-10 16:47:44.726   563   591 I am_uid_active: 10148
09-10 16:47:45.296   563   591 I wm_restart_activity: [0,125944590,9,dev.partydeck.app/.MainActivity]
09-10 16:47:45.299   563   591 I wm_set_resumed_activity: [0,dev.partydeck.app/.MainActivity,realStartActivityLocked - onActivityStateChanged]
09-10 16:47:45.409   563  1260 I dvm_lock_sample: [system_server,1,binder:563_B,105,WindowManagerService.java,3692,float com.android.server.wm.WindowManagerService.getCurrentAnimatorScale(),,0,null,21]
09-10 16:47:45.443   563  1260 I wm_task_removed: [8,8,0,removeChild, last child = ActivityRecord{d242171 u0 dev.partydeck.app/.MainActivity t-1 f}} in Task{8f8db56 #8 type=standard A=10148:dev.partydeck.app}]
09-10 16:47:45.640  3472  3472 I wm_on_create_called: [125944590,dev.partydeck.app.MainActivity,performCreate,186]
09-10 16:47:45.644  3472  3472 I wm_on_start_called: [125944590,dev.partydeck.app.MainActivity,handleStartActivity,1]
09-10 16:47:45.647  3472  3472 I wm_on_resume_called: [125944590,dev.partydeck.app.MainActivity,RESUME_ACTIVITY,1]
09-10 16:47:45.657  3472  3472 I wm_on_top_resumed_gained_called: [125944590,dev.partydeck.app.MainActivity,topStateChangedWhenResumed]
09-10 16:47:46.206   563   600 I input_focus: [Focus request c46512a dev.partydeck.app/dev.partydeck.app.MainActivity,reason=UpdateInputWindows]
09-10 16:47:46.495  3472  3472 I viewroot_draw_event: [VRI[MainActivity],reportDrawFinished seqId=0]
09-10 16:47:46.502   941  1002 I jank_cuj_events_begin_request: [39,1789058866501680000,118076577253,118076577351,]
09-10 16:47:46.530   563  1684 I wm_stop_activity: [0,201280911,com.android.launcher3/.uioverrides.QuickstepLauncher]
09-10 16:47:46.532   563   596 I sysui_multi_action: [319,742,321,164,322,1941,325,116,757,761,758,7,759,1,806,dev.partydeck.app,871,dev.partydeck.app.MainActivity,904,com.android.shell,905,0,945,165,1320,12,1321,1]
09-10 16:47:46.533   563   596 I wm_activity_launch_time: [0,125944590,dev.partydeck.app/.MainActivity,1941]
09-10 16:47:46.549  1200  1200 I wm_on_stop_called: [201280911,com.android.launcher3.uioverrides.QuickstepLauncher,STOP_ACTIVITY_ITEM,14]
09-10 16:47:46.576  1200  1200 I viewroot_draw_event: [VRI[QuickstepLauncher],Not drawing due to not visible. Reason=View.INVISIBLE]
09-10 16:47:46.595   941  1002 I jank_cuj_events_end_request: [39,1789058866595112000,118170009096,118170009173]
09-10 16:47:46.602   563   691 I input_focus: [Focus entering c46512a dev.partydeck.app/dev.partydeck.app.MainActivity (server),reason=Window became focusable. Previous reason: NOT_VISIBLE]
09-10 16:47:46.607   941  1049 I viewroot_draw_event: [VRI[app],Not drawing due to not visible. Reason=View.GONE]
09-10 16:47:47.117   563   678 I commit_sys_config_file: [settings-2-0,2]
09-10 16:47:48.245   563   678 I commit_sys_config_file: [settings-2-0,2]
09-10 16:47:48.902   563   691 I input_interaction: Interaction with: c46512a dev.partydeck.app/dev.partydeck.app.MainActivity (server), PointerEventDispatcher0 (server), 
09-10 16:47:49.360   563   678 I commit_sys_config_file: [settings-2-0,2]
09-10 16:47:50.423   563   678 I commit_sys_config_file: [settings-2-0,3]
09-10 16:47:51.468   563   678 I commit_sys_config_file: [settings-2-0,2]
09-10 16:47:52.501   563   678 I commit_sys_config_file: [settings-2-0,3]
09-10 16:47:53.540   563   678 I commit_sys_config_file: [settings-2-0,2]
09-10 16:47:54.526   563   629 I commit_sys_config_file: [package-user-0,5]
09-10 16:47:54.529   563   679 I am_freeze: [1649,android.process.acore]
09-10 16:47:54.560   563   678 I commit_sys_config_file: [settings-2-0,2]
09-10 16:47:54.567   563   679 I am_compact: [1649,android.process.acore,ANON,128164,72120,55404,0,-8192,0,-8192,8192,37,SOME,0,915,19,50124,-2860]
09-10 16:47:55.598   563   678 I commit_sys_config_file: [settings-2-0,2]
09-10 16:47:56.636   563   678 I commit_sys_config_file: [settings-2-0,3]
09-10 16:47:57.678   563   678 I commit_sys_config_file: [settings-2-0,3]
09-10 16:47:58.703   563   678 I commit_sys_config_file: [settings-2-0,2]
09-10 16:47:59.743   563   678 I commit_sys_config_file: [settings-2-0,3]
09-10 16:48:00.766   563   678 I commit_sys_config_file: [settings-2-0,2]
09-10 16:48:00.955   563   857 I service_manager_stats: [100,22,39067]
09-10 16:48:01.807   563   678 I commit_sys_config_file: [settings-2-0,3]
09-10 16:48:02.829   563   678 I commit_sys_config_file: [settings-2-0,2]
09-10 16:48:03.729   563   591 I sysui_multi_action: [757,803,799,key_back_press,802,1]
09-10 16:48:04.212   563   678 I commit_sys_config_file: [settings-2-0,3]
09-10 16:48:05.256   563   678 I commit_sys_config_file: [settings-2-0,2]
09-10 16:48:06.304   563   678 I commit_sys_config_file: [settings-2-0,2]
09-10 16:48:07.325   563   678 I commit_sys_config_file: [settings-2-0,2]
09-10 16:48:08.519   563   678 I commit_sys_config_file: [settings-2-0,2]
09-10 16:48:09.558   563   678 I commit_sys_config_file: [settings-2-0,3]
09-10 16:48:10.604   563   678 I commit_sys_config_file: [settings-2-0,2]
09-10 16:48:11.624   563   678 I commit_sys_config_file: [settings-2-0,2]
09-10 16:48:13.328   563   678 I commit_sys_config_file: [settings-2-0,2]
09-10 16:48:14.365   563   678 I commit_sys_config_file: [settings-2-0,2]
09-10 16:48:15.753   563   678 I commit_sys_config_file: [settings-2-0,3]
09-10 16:48:16.785   563   678 I commit_sys_config_file: [settings-2-0,2]
09-10 16:48:17.824   563   678 I commit_sys_config_file: [settings-2-0,3]
09-10 16:48:18.844   563   678 I commit_sys_config_file: [settings-2-0,2]
09-10 16:48:19.883   563   678 I commit_sys_config_file: [settings-2-0,2]
09-10 16:48:20.241   563   608 I am_uid_idle: 10137
09-10 16:48:20.907   563   678 I commit_sys_config_file: [settings-2-0,4]
09-10 16:48:21.936   563   678 I commit_sys_config_file: [settings-2-0,3]
09-10 16:48:22.961   563   678 I commit_sys_config_file: [settings-2-0,3]
09-10 16:48:24.246   563   678 I commit_sys_config_file: [settings-2-0,3]
09-10 16:48:25.270   563   678 I commit_sys_config_file: [settings-2-0,2]
09-10 16:48:26.395   563   678 I commit_sys_config_file: [settings-2-0,3]
09-10 16:48:27.444   563   678 I commit_sys_config_file: [settings-2-0,2]
09-10 16:48:28.498   563   678 I commit_sys_config_file: [settings-2-0,3]
09-10 16:48:29.530   563   678 I commit_sys_config_file: [settings-2-0,2]
09-10 16:48:30.765   563   678 I commit_sys_config_file: [settings-2-0,2]
09-10 16:48:31.818   563   678 I commit_sys_config_file: [settings-2-0,3]
09-10 16:48:32.863   563   678 I commit_sys_config_file: [settings-2-0,4]
09-10 16:48:33.899   563   678 I commit_sys_config_file: [settings-2-0,2]
09-10 16:48:34.935   563   678 I commit_sys_config_file: [settings-2-0,2]
09-10 16:48:35.970   563   678 I commit_sys_config_file: [settings-2-0,3]
09-10 16:48:37.262   563   678 I commit_sys_config_file: [settings-2-0,4]
09-10 16:48:38.305   563   678 I commit_sys_config_file: [settings-2-0,3]
09-10 16:48:39.418   563   678 I commit_sys_config_file: [settings-2-0,2]
09-10 16:48:40.446   563   678 I commit_sys_config_file: [settings-2-0,2]
09-10 16:48:41.494   563   678 I commit_sys_config_file: [settings-2-0,3]
09-10 16:48:42.520   563   678 I commit_sys_config_file: [settings-2-0,2]
09-10 16:48:43.557   563   678 I commit_sys_config_file: [settings-2-0,3]
09-10 16:48:44.577   563   678 I commit_sys_config_file: [settings-2-0,2]
09-10 16:48:45.618   563   678 I commit_sys_config_file: [settings-2-0,2]
09-10 16:48:46.040   563   857 I service_manager_stats: [100,22,45085]
09-10 16:48:46.640   563   678 I commit_sys_config_file: [settings-2-0,3]
09-10 16:48:47.754   563   678 I commit_sys_config_file: [settings-2-0,3]
09-10 16:48:48.788   563   678 I commit_sys_config_file: [settings-2-0,3]
09-10 16:48:49.838   563   678 I commit_sys_config_file: [settings-2-0,3]
09-10 16:48:50.869   563   678 I commit_sys_config_file: [settings-2-0,2]
09-10 16:48:52.158   563   678 I commit_sys_config_file: [settings-2-0,2]
09-10 16:48:53.203   563   678 I commit_sys_config_file: [settings-2-0,2]
09-10 16:48:53.874   563   597 I wm_task_moved: [1,1,0,1,2]
09-10 16:48:53.874   563   597 I wm_task_moved: [7,1,0,1,2147483647]
09-10 16:48:53.874   563   597 I wm_task_to_front: [0,7,0]
09-10 16:48:53.874   563   597 I wm_focused_root_task: [0,0,1,9,bringingFoundTaskToFront]
09-10 16:48:53.874   563   597 I wm_new_intent: [0,201280911,7,com.android.launcher3/.uioverrides.QuickstepLauncher,android.intent.action.MAIN,NULL,NULL,268435712]
09-10 16:48:53.877   941  1002 I jank_cuj_events_end_request: [55,1789058933877540000,185452437302,185452437387]
09-10 16:48:53.878   563   597 I wm_pause_activity: [0,125944590,dev.partydeck.app/.MainActivity,userLeaving=true,pauseBackTasks]
09-10 16:48:53.878   563   597 I wm_add_to_stopping: [0,125944590,dev.partydeck.app/.MainActivity,makeInvisible]
09-10 16:48:53.879   563   597 I wm_set_resumed_activity: [0,com.android.launcher3/.uioverrides.QuickstepLauncher,resumeTopActivity - onActivityStateChanged]
09-10 16:48:53.879   563   596 I sysui_multi_action: [757,803,799,window_time_0,802,69]
09-10 16:48:53.880   563   597 I wm_resume_activity: [0,201280911,7,com.android.launcher3/.uioverrides.QuickstepLauncher]
09-10 16:48:53.881  1200  1200 I wm_on_restart_called: [201280911,com.android.launcher3.uioverrides.QuickstepLauncher,performRestart,0]
09-10 16:48:53.882  3472  3472 I wm_on_top_resumed_lost_called: [125944590,dev.partydeck.app.MainActivity,topStateChangedWhenResumed]
09-10 16:48:53.882  1200  1200 I wm_on_start_called: [201280911,com.android.launcher3.uioverrides.QuickstepLauncher,handleStartActivity,0]
09-10 16:48:53.883   563   600 I input_focus: [Requesting to set focus to null window,reason=UpdateInputWindows]
09-10 16:48:53.885  3472  3472 I wm_on_paused_called: [125944590,dev.partydeck.app.MainActivity,performPause,0]
09-10 16:48:53.887  1200  1200 I wm_on_resume_called: [201280911,com.android.launcher3.uioverrides.QuickstepLauncher,RESUME_ACTIVITY,0]
09-10 16:48:53.923   563   600 I input_focus: [Focus request 204ba96 com.android.launcher3/com.android.launcher3.uioverrides.QuickstepLauncher,reason=UpdateInputWindows]
09-10 16:48:53.924  1200  1200 I viewroot_draw_event: [VRI[QuickstepLauncher],Start draw after previous draw not visible]
09-10 16:48:53.985   563   691 I input_focus: [Focus leaving c46512a dev.partydeck.app/dev.partydeck.app.MainActivity (server),reason=NO_WINDOW]
09-10 16:48:53.985  1200  1200 I viewroot_draw_event: [VRI[QuickstepLauncher],reportDrawFinished seqId=0]
09-10 16:48:53.988  1200  1200 I wm_on_top_resumed_gained_called: [201280911,com.android.launcher3.uioverrides.QuickstepLauncher,topStateChangedWhenResumed]
09-10 16:48:54.005   563   596 I sysui_multi_action: [319,131,322,125,325,185,757,761,758,9,759,2,806,com.android.launcher3,871,com.android.launcher3.uioverrides.QuickstepLauncher,905,0,1320,4,1321,23]
09-10 16:48:54.132  1200  1230 I jank_cuj_events_end_request: [78,1789058934132040000,185706937293,185706937448]
09-10 16:48:54.132  1200  1230 I jank_cuj_events_begin_request: [78,1789058934132451000,185707347330,185707347457,]
09-10 16:48:54.294   563   691 I input_focus: [Focus entering 204ba96 com.android.launcher3/com.android.launcher3.uioverrides.QuickstepLauncher (server),reason=Window became focusable. Previous reason: NOT_VISIBLE]
09-10 16:48:54.482   563   599 I dvm_lock_sample: [system_server,1,android.display,489,WindowManagerService.java,5628,void com.android.server.wm.WindowManagerService.reportFocusChanged(android.os.IBinder, android.os.IBinder),WindowSurfacePlacer.java,58,void com.android.server.wm.WindowSurfacePlacer$Traverser.run(),97]
09-10 16:48:54.482   563   591 I dvm_lock_sample: [system_server,0,binder:563_1,487,WindowManagerService.java,4916,void com.android.server.wm.WindowManagerService.reportSystemGestureExclusionChanged(com.android.server.wm.Session, android.view.IWindow, java.util.List),WindowSurfacePlacer.java,58,void com.android.server.wm.WindowSurfacePlacer$Traverser.run(),97]
09-10 16:48:54.482   563  1048 I dvm_lock_sample: [system_server,0,binder:563_8,487,ActivityClientController.java,179,void com.android.server.wm.ActivityClientController.activityIdle(android.os.IBinder, android.content.res.Configuration, boolean),WindowSurfacePlacer.java,58,void com.android.server.wm.WindowSurfacePlacer$Traverser.run(),97]
09-10 16:48:54.483   563  1684 I dvm_lock_sample: [system_server,1,binder:563_10,488,ActivityTaskManagerService.java,2534,android.app.ActivityTaskManager$RootTaskInfo com.android.server.wm.ActivityTaskManagerService.getRootTaskInfo(int, int),WindowSurfacePlacer.java,58,void com.android.server.wm.WindowSurfacePlacer$Traverser.run(),97]
09-10 16:48:54.483   563   600 I wm_wallpaper_surface: [0,1,Window{204ba96 u0 com.android.launcher3/com.android.launcher3.uioverrides.QuickstepLauncher}]
09-10 16:48:54.484   563  1935 I dvm_lock_sample: [system_server,1,binder:563_13,473,ActivityTaskManagerService.java,1998,android.app.ActivityTaskManager$RootTaskInfo com.android.server.wm.ActivityTaskManagerService.getFocusedRootTaskInfo(),WindowAnimator.java,103,void com.android.server.wm.WindowAnimator.lambda$new$1(long),94]
09-10 16:48:54.488   563  1009 I dvm_lock_sample: [system_server,1,binder:563_6,478,ActivityTaskManagerService.java,5751,void com.android.server.wm.ActivityTaskManagerService.setRunningRemoteTransitionDelegate(android.app.IApplicationThread),,0,null,95]
09-10 16:48:54.498   563   599 I wm_stop_activity: [0,125944590,dev.partydeck.app/.MainActivity]
09-10 16:48:54.584  3472  3472 I wm_on_stop_called: [125944590,dev.partydeck.app.MainActivity,STOP_ACTIVITY_ITEM,3]
09-10 16:48:54.670  3472  3472 I viewroot_draw_event: [VRI[MainActivity],Not drawing due to not visible. Reason=!mAppVisible && !mForceDecorViewVisibility]
09-10 16:48:54.705   563   678 I commit_sys_config_file: [settings-2-0,17]
09-10 16:48:55.721   563   678 I commit_sys_config_file: [settings-2-0,3]
09-10 16:48:56.385   563  1962 I wm_task_moved: [9,9,0,1,2]
09-10 16:48:56.385   563  1962 I wm_task_to_front: [0,9,0]
09-10 16:48:56.386   563  1962 I wm_focused_root_task: [0,0,9,1,bringingFoundTaskToFront]
09-10 16:48:56.386   563  1962 I wm_pause_activity: [0,201280911,com.android.launcher3/.uioverrides.QuickstepLauncher,userLeaving=true,pauseBackTasks]
09-10 16:48:56.388  1200  1200 I wm_on_top_resumed_lost_called: [201280911,com.android.launcher3.uioverrides.QuickstepLauncher,topStateChangedWhenResumed]
09-10 16:48:56.390  1200  1200 I wm_on_paused_called: [201280911,com.android.launcher3.uioverrides.QuickstepLauncher,performPause,1]
09-10 16:48:56.391   563  3465 I wm_set_resumed_activity: [0,dev.partydeck.app/.MainActivity,resumeTopActivity - onActivityStateChanged]
09-10 16:48:56.391   563  3465 I wm_add_to_stopping: [0,201280911,com.android.launcher3/.uioverrides.QuickstepLauncher,makeInvisible]
09-10 16:48:56.391   563  3465 I wm_resume_activity: [0,125944590,9,dev.partydeck.app/.MainActivity]
09-10 16:48:56.392   563   596 I sysui_multi_action: [757,803,799,window_time_0,802,2]
09-10 16:48:56.393   563   600 I input_focus: [Requesting to set focus to null window,reason=UpdateInputWindows]
09-10 16:48:56.394  3472  3472 I wm_on_restart_called: [125944590,dev.partydeck.app.MainActivity,performRestart,0]
09-10 16:48:56.395  3472  3472 I wm_on_start_called: [125944590,dev.partydeck.app.MainActivity,handleStartActivity,1]
09-10 16:48:56.411  3472  3472 I wm_on_resume_called: [125944590,dev.partydeck.app.MainActivity,RESUME_ACTIVITY,0]
09-10 16:48:56.412  3472  3472 I wm_on_top_resumed_gained_called: [125944590,dev.partydeck.app.MainActivity,topWhenResuming]
09-10 16:48:56.431   563   600 I input_focus: [Focus request c46512a dev.partydeck.app/dev.partydeck.app.MainActivity,reason=UpdateInputWindows]
09-10 16:48:56.441  3472  3472 I viewroot_draw_event: [VRI[MainActivity],Start draw after previous draw not visible]
09-10 16:48:56.593   563   691 I input_focus: [Focus leaving 204ba96 com.android.launcher3/com.android.launcher3.uioverrides.QuickstepLauncher (server),reason=NO_WINDOW]
09-10 16:48:56.703  1200  1200 I viewroot_draw_event: [VRI[QuickstepLauncher],Not drawing due to not visible. Reason=!mAppVisible && !mForceDecorViewVisibility]
09-10 16:48:56.704  3472  3472 I viewroot_draw_event: [VRI[MainActivity],reportDrawFinished seqId=0]
09-10 16:48:56.710   563   596 I sysui_multi_action: [319,39,321,16,322,329,325,187,757,761,758,9,759,2,806,dev.partydeck.app,871,dev.partydeck.app.MainActivity,904,com.android.shell,905,0,1320,12,1321,1]
09-10 16:48:56.712   563   591 I wm_stop_activity: [0,201280911,com.android.launcher3/.uioverrides.QuickstepLauncher]
09-10 16:48:56.721  1200  1200 I wm_on_stop_called: [201280911,com.android.launcher3.uioverrides.QuickstepLauncher,STOP_ACTIVITY_ITEM,3]
09-10 16:48:56.730   563   600 I wm_wallpaper_surface: [0,0,null]
09-10 16:48:56.787   563   691 I input_focus: [Focus entering c46512a dev.partydeck.app/dev.partydeck.app.MainActivity (server),reason=Window became focusable. Previous reason: NOT_VISIBLE]
09-10 16:48:57.271   563   678 I commit_sys_config_file: [settings-2-0,2]
09-10 16:48:58.296   563   678 I commit_sys_config_file: [settings-2-0,2]
09-10 16:48:59.341   563   678 I commit_sys_config_file: [settings-2-0,2]
09-10 16:49:00.361   563   678 I commit_sys_config_file: [settings-2-0,2]
09-10 16:49:01.404   563   678 I commit_sys_config_file: [settings-2-0,2]
09-10 16:49:02.424   563   678 I commit_sys_config_file: [settings-2-0,2]
09-10 16:49:03.468   563   678 I commit_sys_config_file: [settings-2-0,3]
09-10 16:49:04.486   563   678 I commit_sys_config_file: [settings-2-0,2]
09-10 16:49:05.535   563   678 I commit_sys_config_file: [settings-2-0,2]
09-10 16:49:06.554   563   678 I commit_sys_config_file: [settings-2-0,2]
09-10 16:49:07.829   563   678 I commit_sys_config_file: [settings-2-0,4]
09-10 16:49:08.849   563   678 I commit_sys_config_file: [settings-2-0,3]
09-10 16:49:09.975   563   678 I commit_sys_config_file: [settings-2-0,2]
09-10 16:49:11.010   563   678 I commit_sys_config_file: [settings-2-0,2]
09-10 16:49:11.854   563   591 I force_gc: Binder
09-10 16:49:12.053   563   678 I commit_sys_config_file: [settings-2-0,3]
09-10 16:49:13.083   563   678 I commit_sys_config_file: [settings-2-0,2]
09-10 16:49:14.128   563   678 I commit_sys_config_file: [settings-2-0,3]
09-10 16:49:15.186   563   678 I commit_sys_config_file: [settings-2-0,3]
09-10 16:49:16.483   563   678 I commit_sys_config_file: [settings-2-0,2]
09-10 16:49:17.515   563   678 I commit_sys_config_file: [settings-2-0,3]
09-10 16:49:18.679   563   678 I commit_sys_config_file: [settings-2-0,3]
09-10 16:49:19.709   563   678 I commit_sys_config_file: [settings-2-0,2]
09-10 16:49:20.759   563   678 I commit_sys_config_file: [settings-2-0,2]
09-10 16:49:21.779   563   678 I commit_sys_config_file: [settings-2-0,3]
09-10 16:49:22.675   563  3465 I sysui_multi_action: [757,803,799,key_back_press,802,1]
09-10 16:49:22.764   563   600 I input_focus: [Focus request 3da895b dev.partydeck.app/dev.partydeck.app.MainActivity,reason=UpdateInputWindows]
09-10 16:49:22.833  3472  3472 I viewroot_draw_event: [VRI[MainActivity],reportDrawFinished seqId=0]
09-10 16:49:22.835   563   691 I input_focus: [Focus leaving c46512a dev.partydeck.app/dev.partydeck.app.MainActivity (server),reason=Waiting for window because NOT_VISIBLE]
09-10 16:49:22.899   563   691 I input_focus: [Focus entering 3da895b dev.partydeck.app/dev.partydeck.app.MainActivity (server),reason=Window became focusable. Previous reason: NOT_VISIBLE]
09-10 16:49:22.975  3472  3472 I viewroot_draw_event: [VRI[MainActivity],reportDrawFinished seqId=0]
09-10 16:49:23.303   563   678 I commit_sys_config_file: [settings-2-0,3]
09-10 16:49:24.328   563   678 I commit_sys_config_file: [settings-2-0,3]
09-10 16:49:24.989   563   691 I input_interaction: Interaction with: 3da895b dev.partydeck.app/dev.partydeck.app.MainActivity (server), PointerEventDispatcher0 (server), 
09-10 16:49:25.037   563   600 I input_focus: [Focus request c46512a dev.partydeck.app/dev.partydeck.app.MainActivity,reason=UpdateInputWindows]
09-10 16:49:25.159   563   691 I input_focus: [Focus entering c46512a dev.partydeck.app/dev.partydeck.app.MainActivity (server),reason=setFocusedWindow]
09-10 16:49:25.590   563   678 I commit_sys_config_file: [settings-2-0,2]
09-10 16:49:26.609   563   678 I commit_sys_config_file: [settings-2-0,3]
09-10 16:49:27.659   563   678 I commit_sys_config_file: [settings-2-0,2]
09-10 16:49:28.675   563   678 I commit_sys_config_file: [settings-2-0,3]
09-10 16:49:29.956   563   678 I commit_sys_config_file: [settings-2-0,3]
09-10 16:49:30.976   563   678 I commit_sys_config_file: [settings-2-0,3]
09-10 16:49:31.633   563   691 I input_interaction: Interaction with: c46512a dev.partydeck.app/dev.partydeck.app.MainActivity (server), PointerEventDispatcher0 (server), 
09-10 16:49:32.124   563   678 I commit_sys_config_file: [settings-2-0,3]
09-10 16:49:33.145   563   678 I commit_sys_config_file: [settings-2-0,2]
09-10 16:49:34.077  3472  3472 I viewroot_draw_event: [VRI[Pop-Up Window],reportDrawFinished seqId=0]
09-10 16:49:34.138   563   857 I service_manager_stats: [100,26,48098]
09-10 16:49:34.325  3472  3472 I viewroot_draw_event: [VRI[Pop-Up Window],reportDrawFinished seqId=0]
09-10 16:49:34.390  1200  1230 I jank_cuj_events_begin_request: [61,1789058974387119000,225962016373,225962016562,]
09-10 16:49:34.405  1200  1230 I jank_cuj_events_end_request: [61,1789058974396692000,225971588855,225971589027]
09-10 16:49:34.412  1756  1756 I viewroot_draw_event: [VRI[InputMethod],Start draw after previous draw not visible]
09-10 16:49:34.515   563   678 I commit_sys_config_file: [settings-2-0,9]
09-10 16:49:34.620  1756  1756 I viewroot_draw_event: [VRI[InputMethod],reportDrawFinished seqId=0]
09-10 16:49:34.689  3472  4573 I jank_cuj_events_begin_request: [80,1789058974664386000,226239309714,226239310884,0@1@dev.partydeck.app]
09-10 16:49:34.689  3472  4573 I jank_cuj_events_end_request: [80,1789058974675093000,226250003586,226250004160]
09-10 16:49:34.756  1756  1756 I viewroot_draw_event: [VRI[InputMethod],reportDrawFinished seqId=0]
09-10 16:49:35.574   563   678 I commit_sys_config_file: [settings-2-0,4]
09-10 16:49:37.228   563   678 I commit_sys_config_file: [settings-2-0,3]
09-10 16:49:38.252   563   678 I commit_sys_config_file: [settings-2-0,3]
09-10 16:49:39.338   563   678 I commit_sys_config_file: [settings-2-0,3]
09-10 16:49:40.354   563   678 I commit_sys_config_file: [settings-2-0,2]
09-10 16:49:43.199   563   678 I commit_sys_config_file: [settings-2-0,2]
09-10 16:49:44.216   563   678 I commit_sys_config_file: [settings-2-0,3]
09-10 16:49:44.926   563  1940 I sysui_multi_action: [757,803,799,key_back_press,802,1]
09-10 16:49:44.952  3472  4573 I jank_cuj_events_begin_request: [81,1789058984951591000,236526490158,236526490514,1@1@dev.partydeck.app]
09-10 16:49:44.953  1200  1230 I jank_cuj_events_begin_request: [60,1789058984949570000,236524466941,236524467099,]
09-10 16:49:44.953  1200  1230 I jank_cuj_events_end_request: [60,1789058984950104000,236525000158,236525000263]
09-10 16:49:44.987  3472  4573 I jank_cuj_events_end_request: [81,1789058984979505000,236554404361,236554404728]
09-10 16:49:45.007  1756  1756 I viewroot_draw_event: [VRI[InputMethod],reportDrawFinished seqId=0]
09-10 16:49:45.540  1756  1756 I viewroot_draw_event: [VRI[InputMethod],Not drawing due to not visible. Reason=View.GONE]
09-10 16:49:45.692   563   678 I commit_sys_config_file: [settings-2-0,2]
09-10 16:49:46.723   563   678 I commit_sys_config_file: [settings-2-0,3]
09-10 16:49:47.965   563   678 I commit_sys_config_file: [settings-2-0,3]
09-10 16:49:49.007   563   678 I commit_sys_config_file: [settings-2-0,2]
09-10 16:49:50.302   563   678 I commit_sys_config_file: [settings-2-0,3]
09-10 16:49:51.318   563   678 I commit_sys_config_file: [settings-2-0,3]
09-10 16:49:52.093   563   600 I input_focus: [Focus request b7bbcb2 dev.partydeck.app/dev.partydeck.app.MainActivity,reason=UpdateInputWindows]
09-10 16:49:52.156   563   691 I input_focus: [Focus leaving c46512a dev.partydeck.app/dev.partydeck.app.MainActivity (server),reason=Waiting for window because NO_WINDOW]
09-10 16:49:52.363  3472  3472 I viewroot_draw_event: [VRI[MainActivity],reportDrawFinished seqId=0]
09-10 16:49:52.427   563   691 I input_focus: [Focus entering b7bbcb2 dev.partydeck.app/dev.partydeck.app.MainActivity (server),reason=Window became focusable. Previous reason: NOT_VISIBLE]
09-10 16:49:52.496   563   678 I commit_sys_config_file: [settings-2-0,11]
09-10 16:49:53.643   563   678 I commit_sys_config_file: [settings-2-0,1]
09-10 16:49:54.719   563   678 I commit_sys_config_file: [settings-2-0,2]
09-10 16:49:55.738   563   678 I commit_sys_config_file: [settings-2-0,2]
09-10 16:49:56.395   563   691 I input_interaction: Interaction with: b7bbcb2 dev.partydeck.app/dev.partydeck.app.MainActivity (server), PointerEventDispatcher0 (server), 
09-10 16:49:57.229   563   678 I commit_sys_config_file: [settings-2-0,34]
09-10 16:49:57.262   941   941 I viewroot_draw_event: [VRI[ClipboardOverlay],reportDrawFinished seqId=0]
09-10 16:49:58.257   563   678 I commit_sys_config_file: [settings-2-0,15]
09-10 16:49:59.300   563   678 I commit_sys_config_file: [settings-2-0,6]
09-10 16:50:00.351   563   678 I commit_sys_config_file: [settings-2-0,12]
09-10 16:50:01.012   563   691 I input_interaction: Interaction with: b7bbcb2 dev.partydeck.app/dev.partydeck.app.MainActivity (server), [Gesture Monitor] clipboard overlay (server), PointerEventDispatcher0 (server), 
09-10 16:50:01.022   563  1943 I wm_task_moved: [9,9,0,1,2]
09-10 16:50:01.022   563  1943 I wm_create_activity: [0,227373621,9,com.android.intentresolver/.ChooserActivityLauncher,android.intent.action.CHOOSER,NULL,NULL,8388608]
09-10 16:50:01.023   563  1943 I wm_pause_activity: [0,125944590,dev.partydeck.app/.MainActivity,userLeaving=true,resumeTopActivity]
09-10 16:50:01.026  3472  3472 I wm_on_top_resumed_lost_called: [125944590,dev.partydeck.app.MainActivity,topStateChangedWhenResumed]
09-10 16:50:01.027  3472  3472 I wm_on_paused_called: [125944590,dev.partydeck.app.MainActivity,performPause,0]
09-10 16:50:01.027   563   599 I am_uid_running: 10071
09-10 16:50:01.031   563   596 I sysui_multi_action: [757,803,799,window_time_0,802,65]
09-10 16:50:01.052   563   609 I am_proc_start: [0,4813,10071,com.android.intentresolver,next-top-activity,{com.android.intentresolver/com.android.intentresolver.ChooserActivityLauncher}]
09-10 16:50:01.100   563  1935 I am_proc_bound: [0,4813,com.android.intentresolver]
09-10 16:50:01.103   563  1935 I am_uid_active: 10071
09-10 16:50:01.146   563  1943 I wm_restart_activity: [0,227373621,9,com.android.intentresolver/.ChooserActivityLauncher]
09-10 16:50:01.152   563  1943 I wm_set_resumed_activity: [0,com.android.intentresolver/.ChooserActivityLauncher,realStartActivityLocked - onActivityStateChanged]
09-10 16:50:01.157   563   600 I input_focus: [Requesting to set focus to null window,reason=UpdateInputWindows]
09-10 16:50:01.213   563   691 I input_focus: [Focus leaving b7bbcb2 dev.partydeck.app/dev.partydeck.app.MainActivity (server),reason=Waiting for window because NO_WINDOW]
09-10 16:50:01.264  4813  4813 I wm_on_create_called: [227373621,com.android.intentresolver.ChooserActivityLauncher,performCreate,66]
09-10 16:50:01.329  4813  4813 I sysui_multi_action: [757,453,758,4,806,android.intent.action.SEND:text/plain:]
09-10 16:50:01.356  4813  4813 I sysui_multi_action: [757,1652,758,4,759,3]
09-10 16:50:01.356  4813  4813 I sysui_multi_action: [757,214,758,4,759,1,1649,text/plain,1653,70]
09-10 16:50:01.357  4813  4813 I wm_on_start_called: [227373621,com.android.intentresolver.ChooserActivityLauncher,handleStartActivity,0]
09-10 16:50:01.362  4813  4813 I wm_on_resume_called: [227373621,com.android.intentresolver.ChooserActivityLauncher,RESUME_ACTIVITY,0]
09-10 16:50:01.375  4813  4813 I wm_on_top_resumed_gained_called: [227373621,com.android.intentresolver.ChooserActivityLauncher,topStateChangedWhenResumed]
09-10 16:50:01.438   563   600 I input_focus: [Focus request d7a4df com.android.intentresolver/com.android.intentresolver.ChooserActivityLauncher,reason=UpdateInputWindows]
09-10 16:50:01.824   563   678 I commit_sys_config_file: [settings-2-0,5]
09-10 16:50:01.991  4813  4813 I viewroot_draw_event: [VRI[ChooserActivityLauncher],reportDrawFinished seqId=0]
09-10 16:50:02.007   563   596 I sysui_multi_action: [319,988,322,978,325,252,757,761,758,7,759,2,806,com.android.intentresolver,871,com.android.intentresolver.ChooserActivityLauncher,904,dev.partydeck.app,905,0,945,84,1320,4,1321,23]
09-10 16:50:02.007   563   596 I wm_activity_launch_time: [0,227373621,com.android.intentresolver/.ChooserActivityLauncher,978]
09-10 16:50:02.140   563   691 I input_focus: [Focus entering d7a4df com.android.intentresolver/com.android.intentresolver.ChooserActivityLauncher (server),reason=Window became focusable. Previous reason: NOT_VISIBLE]
09-10 16:50:02.406  4813  4813 I sysui_latency: [16,1120]
09-10 16:50:02.464  4813  4813 I sysui_multi_action: [757,1718,758,4,759,47]
09-10 16:50:04.063   563   678 I commit_sys_config_file: [settings-2-0,8]
09-10 16:50:04.720   563   691 I input_interaction: Interaction with: d7a4df com.android.intentresolver/com.android.intentresolver.ChooserActivityLauncher (server), PointerEventDispatcher0 (server), 
09-10 16:50:04.722   563  1943 I sysui_multi_action: [757,803,799,key_back_press,802,1]
09-10 16:50:04.724   563  1943 I wm_finish_activity: [0,227373621,9,com.android.intentresolver/.ChooserActivityLauncher,app-request]
09-10 16:50:04.725   563  1943 I wm_pause_activity: [0,227373621,com.android.intentresolver/.ChooserActivityLauncher,userLeaving=false,finish]
09-10 16:50:04.727  4813  4813 I wm_on_top_resumed_lost_called: [227373621,com.android.intentresolver.ChooserActivityLauncher,topStateChangedWhenResumed]
09-10 16:50:04.729  4813  4813 I wm_on_paused_called: [227373621,com.android.intentresolver.ChooserActivityLauncher,performPause,0]
09-10 16:50:04.730   563  1943 I wm_add_to_stopping: [0,227373621,com.android.intentresolver/.ChooserActivityLauncher,completeFinishing]
09-10 16:50:04.732   563  1943 I wm_set_resumed_activity: [0,dev.partydeck.app/.MainActivity,resumeTopActivity - onActivityStateChanged]
09-10 16:50:04.733   563  1943 I wm_resume_activity: [0,125944590,9,dev.partydeck.app/.MainActivity]
09-10 16:50:04.733   563   596 I sysui_multi_action: [757,803,799,window_time_0,802,4]
09-10 16:50:04.734  3472  3472 I wm_on_resume_called: [125944590,dev.partydeck.app.MainActivity,RESUME_ACTIVITY,0]
09-10 16:50:04.735   563   600 I input_focus: [Focus request b7bbcb2 dev.partydeck.app/dev.partydeck.app.MainActivity,reason=UpdateInputWindows]
09-10 16:50:04.736  3472  3472 I wm_on_top_resumed_gained_called: [125944590,dev.partydeck.app.MainActivity,topWhenResuming]
09-10 16:50:04.762   563   599 I wm_destroy_activity: [0,227373621,9,com.android.intentresolver/.ChooserActivityLauncher,finish-imm:idle]
09-10 16:50:04.866  4813  4813 I viewroot_draw_event: [VRI[ChooserActivityLauncher],Not drawing due to not visible. Reason=!mAppVisible && !mForceDecorViewVisibility]
09-10 16:50:04.874  4813  4813 I wm_on_stop_called: [227373621,com.android.intentresolver.ChooserActivityLauncher,LIFECYCLER_STOP_ACTIVITY,2]
09-10 16:50:04.876  4813  4813 I wm_on_destroy_called: [227373621,com.android.intentresolver.ChooserActivityLauncher,performDestroy,1]
09-10 16:50:04.881   563   691 I input_focus: [Focus entering b7bbcb2 dev.partydeck.app/dev.partydeck.app.MainActivity (server),reason=setFocusedWindow]
09-10 16:50:05.393   563   678 I commit_sys_config_file: [settings-2-0,2]
09-10 16:50:06.432   563   678 I commit_sys_config_file: [settings-2-0,2]
09-10 16:50:07.090   563   691 I input_interaction: Interaction with: b7bbcb2 dev.partydeck.app/dev.partydeck.app.MainActivity (server), PointerEventDispatcher0 (server), 
09-10 16:50:07.108   563   600 I input_focus: [Focus request c46512a dev.partydeck.app/dev.partydeck.app.MainActivity,reason=UpdateInputWindows]
09-10 16:50:07.208   563   691 I input_focus: [Focus entering c46512a dev.partydeck.app/dev.partydeck.app.MainActivity (server),reason=setFocusedWindow]
09-10 16:50:07.634   563   678 I commit_sys_config_file: [settings-2-0,2]
09-10 16:50:08.650   563   678 I commit_sys_config_file: [settings-2-0,2]
09-10 16:50:09.686   563   678 I commit_sys_config_file: [settings-2-0,2]
09-10 16:50:10.702   563   678 I commit_sys_config_file: [settings-2-0,2]
09-10 16:50:11.587   563   691 I input_interaction: Interaction with: c46512a dev.partydeck.app/dev.partydeck.app.MainActivity (server), PointerEventDispatcher0 (server), 
09-10 16:50:11.588   563  3465 I sysui_multi_action: [757,803,799,key_back_press,802,1]
09-10 16:50:11.635   563   600 I input_focus: [Focus request 8c4ca1c dev.partydeck.app/dev.partydeck.app.MainActivity,reason=UpdateInputWindows]
09-10 16:50:11.684   563   691 I input_focus: [Focus leaving c46512a dev.partydeck.app/dev.partydeck.app.MainActivity (server),reason=Waiting for window because NO_WINDOW]
09-10 16:50:11.739  3472  3472 I viewroot_draw_event: [VRI[MainActivity],reportDrawFinished seqId=0]
09-10 16:50:11.761  3472  3472 I viewroot_draw_event: [VRI[MainActivity],reportDrawFinished seqId=0]
09-10 16:50:11.829   563   691 I input_focus: [Focus entering 8c4ca1c dev.partydeck.app/dev.partydeck.app.MainActivity (server),reason=Window became focusable. Previous reason: NOT_VISIBLE]
09-10 16:50:12.018  4942  4942 I service_manager_slow: [12,window]
09-10 16:50:12.242   563   678 I commit_sys_config_file: [settings-2-0,2]
09-10 16:50:13.280   563   678 I commit_sys_config_file: [settings-2-0,2]
09-10 16:50:13.949   563   691 I input_interaction: Interaction with: 8c4ca1c dev.partydeck.app/dev.partydeck.app.MainActivity (server), PointerEventDispatcher0 (server), 
09-10 16:50:13.975   563   600 I input_focus: [Focus request c46512a dev.partydeck.app/dev.partydeck.app.MainActivity,reason=UpdateInputWindows]
09-10 16:50:14.103   563   691 I input_focus: [Focus entering c46512a dev.partydeck.app/dev.partydeck.app.MainActivity (server),reason=setFocusedWindow]
09-10 16:50:14.498   563   678 I commit_sys_config_file: [settings-2-0,3]
09-10 16:50:14.791   563   679 I am_freeze: [4813,com.android.intentresolver]
09-10 16:50:14.841   563   679 I am_compact: [4813,com.android.intentresolver,ANON,155428,89600,65060,0,-18048,0,-18048,18176,50,SOME,0,905,19,52984,-5360]
09-10 16:50:15.515   563   678 I commit_sys_config_file: [settings-2-0,3]
09-10 16:50:16.560   563   678 I commit_sys_config_file: [settings-2-0,2]
09-10 16:50:17.594   563   678 I commit_sys_config_file: [settings-2-0,2]
09-10 16:50:18.863   563   678 I commit_sys_config_file: [settings-2-0,3]
09-10 16:50:19.881   563   678 I commit_sys_config_file: [settings-2-0,4]
09-10 16:50:20.540   563   691 I input_interaction: Interaction with: c46512a dev.partydeck.app/dev.partydeck.app.MainActivity (server), PointerEventDispatcher0 (server), 
09-10 16:50:21.043   563   678 I commit_sys_config_file: [settings-2-0,2]
09-10 16:50:22.064   563   678 I commit_sys_config_file: [settings-2-0,2]
09-10 16:50:22.265   563   857 I service_manager_stats: [100,57,48127]
09-10 16:50:22.899  3472  3472 I viewroot_draw_event: [VRI[Pop-Up Window],reportDrawFinished seqId=0]
09-10 16:50:23.015  3472  3472 I viewroot_draw_event: [VRI[Pop-Up Window],reportDrawFinished seqId=0]
09-10 16:50:23.035  1756  1756 I viewroot_draw_event: [VRI[InputMethod],Start draw after previous draw not visible]
09-10 16:50:23.040  1200  1230 I jank_cuj_events_begin_request: [61,1789059023037601000,274612498194,274612498327,]
09-10 16:50:23.046  1200  1230 I jank_cuj_events_end_request: [61,1789059023045435000,274620331658,274620331771]
09-10 16:50:23.086  1756  1756 I viewroot_draw_event: [VRI[InputMethod],reportDrawFinished seqId=0]
09-10 16:50:23.167  5051  5051 I service_manager_slow: [13,window]
09-10 16:50:23.174  3472  4573 I jank_cuj_events_begin_request: [80,1789059023115695000,274690594405,274690594743,0@1@dev.partydeck.app]
09-10 16:50:23.174  3472  4573 I jank_cuj_events_end_request: [80,1789059023172374000,274747273499,274747273808]
09-10 16:50:23.265  5051  5051 I service_manager_slow: [88,accessibility]
09-10 16:50:23.491   563   678 I commit_sys_config_file: [settings-2-0,3]
09-10 16:50:24.597   563   678 I commit_sys_config_file: [settings-2-0,3]
09-10 16:50:26.031   563   678 I commit_sys_config_file: [settings-2-0,5]
09-10 16:50:27.061   563   678 I commit_sys_config_file: [settings-2-0,14]
09-10 16:50:28.093   563   678 I commit_sys_config_file: [settings-2-0,6]
09-10 16:50:29.110   563   678 I commit_sys_config_file: [settings-2-0,4]
09-10 16:50:31.051  5122  5122 I service_manager_slow: [10,permissionmgr]
09-10 16:50:31.272   563   678 I commit_sys_config_file: [settings-2-0,2]
09-10 16:50:32.318   563   678 I commit_sys_config_file: [settings-2-0,3]
09-10 16:50:33.376   563   678 I commit_sys_config_file: [settings-2-0,2]
09-10 16:50:34.397   563   678 I commit_sys_config_file: [settings-2-0,2]
09-10 16:50:35.511   563   678 I commit_sys_config_file: [settings-2-0,3]
09-10 16:50:36.541   563   678 I commit_sys_config_file: [settings-2-0,12]
09-10 16:50:37.446   563  3465 I sysui_multi_action: [757,803,799,key_back_press,802,1]
09-10 16:50:37.456  1200  1230 I jank_cuj_events_begin_request: [60,1789059037455345000,289030243022,289030243166,]
09-10 16:50:37.461  1200  1230 I jank_cuj_events_end_request: [60,1789059037461449000,289036346333,289036346462]
09-10 16:50:37.480  3472  4573 I jank_cuj_events_begin_request: [81,1789059037478997000,289053896232,289053896572,1@1@dev.partydeck.app]
09-10 16:50:37.496  3472  4573 I jank_cuj_events_end_request: [81,1789059037496562000,289071461130,289071461423]
09-10 16:50:37.584  1756  1756 I viewroot_draw_event: [VRI[InputMethod],reportDrawFinished seqId=0]
09-10 16:50:38.118   563   678 I commit_sys_config_file: [settings-2-0,2]
09-10 16:50:38.139  1756  1756 I viewroot_draw_event: [VRI[InputMethod],Not drawing due to not visible. Reason=View.GONE]
09-10 16:50:39.130   563   678 I commit_sys_config_file: [settings-2-0,2]
09-10 16:50:39.930  1200  1230 I jank_cuj_events_begin_request: [61,1789059039930701000,291505598422,291505598658,]
09-10 16:50:39.942  1756  1756 I viewroot_draw_event: [VRI[InputMethod],Start draw after previous draw not visible]
09-10 16:50:39.944  1200  1230 I jank_cuj_events_end_request: [61,1789059039944004000,291518901220,291518901303]
09-10 16:50:40.079  1756  1756 I viewroot_draw_event: [VRI[InputMethod],reportDrawFinished seqId=0]
09-10 16:50:40.155  3472  4573 I jank_cuj_events_begin_request: [80,1789059040135304000,291710206705,291710207048,0@1@dev.partydeck.app]
09-10 16:50:40.161  3472  4573 I jank_cuj_events_end_request: [80,1789059040155911000,291730810331,291730810581]
09-10 16:50:40.589   563   678 I commit_sys_config_file: [settings-2-0,4]
09-10 16:50:41.667   563   678 I commit_sys_config_file: [settings-2-0,3]
09-10 16:50:42.777   563   678 I commit_sys_config_file: [settings-2-0,2]
09-10 16:50:43.804   563   678 I commit_sys_config_file: [settings-2-0,2]
09-10 16:50:44.874   563   678 I commit_sys_config_file: [settings-2-0,2]
09-10 16:50:45.890   563   678 I commit_sys_config_file: [settings-2-0,2]
09-10 16:50:49.070   563   678 I commit_sys_config_file: [settings-2-0,6]
09-10 16:50:50.087   563   678 I commit_sys_config_file: [settings-2-0,5]
09-10 16:50:50.768   563  3465 I sysui_multi_action: [757,803,799,key_back_press,802,1]
09-10 16:50:50.781  3472  4573 I jank_cuj_events_begin_request: [81,1789059050780848000,302355747949,302355748322,1@1@dev.partydeck.app]
09-10 16:50:50.781  1200  1230 I jank_cuj_events_begin_request: [60,1789059050778562000,302353459297,302353459391,]
09-10 16:50:50.786  1200  1230 I jank_cuj_events_end_request: [60,1789059050778859000,302353755745,302353755828]
09-10 16:50:50.801  3472  4573 I jank_cuj_events_end_request: [81,1789059050795447000,302370346885,302370348147]
09-10 16:50:50.890  1756  1756 I viewroot_draw_event: [VRI[InputMethod],reportDrawFinished seqId=0]
09-10 16:50:51.398  1756  1756 I viewroot_draw_event: [VRI[InputMethod],Not drawing due to not visible. Reason=View.GONE]
09-10 16:50:51.456   563   678 I commit_sys_config_file: [settings-2-0,6]
09-10 16:50:52.474   563   678 I commit_sys_config_file: [settings-2-0,3]
09-10 16:50:53.790   563   678 I commit_sys_config_file: [settings-2-0,2]
09-10 16:50:54.804   563   678 I commit_sys_config_file: [settings-2-0,2]
09-10 16:50:56.077   563   678 I commit_sys_config_file: [settings-2-0,2]
09-10 16:50:57.096   563   678 I commit_sys_config_file: [settings-2-0,3]
09-10 16:50:57.966  3472  3472 I viewroot_draw_event: [VRI[Pop-Up Window],reportDrawFinished seqId=0]
09-10 16:50:58.048  3472  3472 I viewroot_draw_event: [VRI[Pop-Up Window],reportDrawFinished seqId=0]
09-10 16:50:58.104  1756  1756 I viewroot_draw_event: [VRI[InputMethod],Start draw after previous draw not visible]
09-10 16:50:58.109  1200  1230 I jank_cuj_events_begin_request: [61,1789059058109559000,309684456500,309684456660,]
09-10 16:50:58.110  1200  1230 I jank_cuj_events_end_request: [61,1789059058110650000,309685546635,309685546809]
09-10 16:50:58.251   563  1940 I dvm_lock_sample: [system_server,1,binder:563_14,42,AbstractAccessibilityServiceConnection.java,495,android.accessibilityservice.AccessibilityServiceInfo com.android.server.accessibility.AbstractAccessibilityServiceConnection.getServiceInfo(),,0,null,8]
09-10 16:50:58.258  1756  1756 I viewroot_draw_event: [VRI[InputMethod],reportDrawFinished seqId=0]
09-10 16:50:58.273  3472  4573 I jank_cuj_events_begin_request: [80,1789059058268175000,309843074791,309843075121,0@1@dev.partydeck.app]
09-10 16:50:58.300  3472  4573 I jank_cuj_events_end_request: [80,1789059058299968000,309874868548,309874868883]
09-10 16:50:58.417   563   678 I commit_sys_config_file: [settings-2-0,7]
09-10 16:50:58.660  3472  3472 I viewroot_draw_event: [VRI[Pop-Up Window],reportDrawFinished seqId=0]
09-10 16:50:58.802  3472  3472 I viewroot_draw_event: [VRI[Pop-Up Window],reportDrawFinished seqId=0]
09-10 16:50:59.824   563   678 I commit_sys_config_file: [settings-2-0,11]
09-10 16:51:01.249   563   678 I commit_sys_config_file: [settings-2-0,2]
09-10 16:51:02.271   563   678 I commit_sys_config_file: [settings-2-0,7]
09-10 16:51:03.305   563   678 I commit_sys_config_file: [settings-2-0,2]
09-10 16:51:04.320   563   678 I commit_sys_config_file: [settings-2-0,3]
09-10 16:51:04.743   563   608 I am_uid_idle: 10071
09-10 16:51:06.331   563   678 I commit_sys_config_file: [settings-2-0,2]
09-10 16:51:07.344   563   678 I commit_sys_config_file: [settings-2-0,2]
09-10 16:51:08.027   563  1941 I sysui_multi_action: [757,803,799,key_back_press,802,1]
09-10 16:51:08.034  1200  1230 I jank_cuj_events_begin_request: [60,1789059068032906000,319607803790,319607803875,]
09-10 16:51:08.045  1200  1230 I jank_cuj_events_end_request: [60,1789059068044381000,319619278634,319619278840]
09-10 16:51:08.066  3472  4573 I jank_cuj_events_begin_request: [81,1789059068066704000,319641604028,319641604396,1@1@dev.partydeck.app]
09-10 16:51:08.093  3472  4573 I jank_cuj_events_end_request: [81,1789059068092479000,319667378639,319667378983]
09-10 16:51:08.275  1756  1756 I viewroot_draw_event: [VRI[InputMethod],reportDrawFinished seqId=0]
09-10 16:51:08.698   563   678 I commit_sys_config_file: [settings-2-0,2]
09-10 16:51:08.782  1756  1756 I viewroot_draw_event: [VRI[InputMethod],Not drawing due to not visible. Reason=View.GONE]
09-10 16:51:09.735   563   678 I commit_sys_config_file: [settings-2-0,2]
09-10 16:51:10.402   563   857 I service_manager_stats: [100,63,48136]
09-10 16:51:10.770   563   678 I commit_sys_config_file: [settings-2-0,2]
09-10 16:51:11.787   563   678 I commit_sys_config_file: [settings-2-0,3]
09-10 16:51:12.835   563   678 I commit_sys_config_file: [settings-2-0,15]
09-10 16:51:13.843   563   678 I commit_sys_config_file: [settings-2-0,8]
09-10 16:51:14.875   563   678 I commit_sys_config_file: [settings-2-0,2]
09-10 16:51:15.895   563   678 I commit_sys_config_file: [settings-2-0,3]
09-10 16:51:16.552   563  1260 I sysui_multi_action: [757,803,799,key_back_press,802,1]
09-10 16:51:17.018   563   678 I commit_sys_config_file: [settings-2-0,2]
09-10 16:51:18.034   563   678 I commit_sys_config_file: [settings-2-0,2]
09-10 16:51:18.690   563   599 I configuration_changed: 1073741824
09-10 16:51:18.720   563   599 I wm_relaunch_resume_activity: [0,125944590,9,dev.partydeck.app/.MainActivity,40000000]
09-10 16:51:18.724  3472  3472 I wm_on_top_resumed_lost_called: [125944590,dev.partydeck.app.MainActivity,pausing]
09-10 16:51:18.727  3472  3472 I wm_on_paused_called: [125944590,dev.partydeck.app.MainActivity,performPause,2]
09-10 16:51:18.772   563  1009 I am_uid_stopped: 10148
09-10 16:51:18.777   563  1009 I am_kill : [0,3472,dev.partydeck.app,0,stop dev.partydeck.app due to from pid 5584,255292]
09-10 16:51:18.786   563  1009 I wm_finish_activity: [0,125944590,9,dev.partydeck.app/.MainActivity,proc died without state saved]
09-10 16:51:18.806   563  1009 I wm_task_moved: [1,1,0,1,2]
09-10 16:51:18.806   563  1009 I wm_task_moved: [7,1,0,1,2147483647]
09-10 16:51:18.806   563  1009 I wm_task_to_front: [0,7,0]
09-10 16:51:18.806   563  1009 I wm_focused_root_task: [0,0,1,9,handleAppDied adjustFocusToNextFocusableTask]
09-10 16:51:18.810   563  1009 I wm_set_resumed_activity: [0,com.android.launcher3/.uioverrides.QuickstepLauncher,resumeTopActivity - onActivityStateChanged]
09-10 16:51:18.811   563  1009 I wm_relaunch_resume_activity: [0,201280911,7,com.android.launcher3/.uioverrides.QuickstepLauncher,40000000]
09-10 16:51:18.830   563   600 I input_focus: [Requesting to set focus to null window,reason=UpdateInputWindows]
09-10 16:51:18.834   563  1941 I dvm_lock_sample: [system_server,1,binder:563_15,57,ActivityManagerService.java,8147,boolean com.android.server.am.ActivityManagerService.isUidActive(int, java.lang.String),OomAdjuster.java,578,void com.android.server.am.OomAdjuster.updateOomAdjLocked(int),11]
09-10 16:51:18.838   563  1261 I dvm_lock_sample: [system_server,0,binder:563_C,5,ActivityManagerService.java,1618,void com.android.server.am.ActivityManagerService$AppDeathRecipient.binderDied(),-,3966,void com.android.server.am.ActivityManagerService.forceStopPackage(java.lang.String, int, int, java.lang.String),1]
09-10 16:51:18.844   563   563 I notification_cancel_all: [1000,563,dev.partydeck.app,0,0,0,5,NULL]
09-10 16:51:18.895   563  1261 I am_wtf  : [0,1038,com.android.networkstack.process,680050253,SystemServiceRegistry,No service published for: ethernet]
09-10 16:51:18.962   563  1048 I wm_task_created: 10
09-10 16:51:18.967   563  1048 I wm_task_moved: [10,10,0,1,3]
09-10 16:51:18.967   563  1048 I wm_task_to_front: [0,10,0]
09-10 16:51:18.967   563  1048 I wm_create_task: [0,10,10,0]
09-10 16:51:18.967   563  1048 I wm_create_activity: [0,213367091,10,dev.partydeck.app/.MainActivity,NULL,NULL,NULL,268435456]
09-10 16:51:18.967   563  1048 I wm_task_moved: [10,10,0,1,3]
09-10 16:51:18.971   563  1048 I wm_pause_activity: [0,201280911,com.android.launcher3/.uioverrides.QuickstepLauncher,userLeaving=true,pauseBackTasks]
09-10 16:51:18.975   563   599 I am_uid_running: 10148
09-10 16:51:19.022   563   609 I am_proc_start: [0,5596,10148,dev.partydeck.app,next-top-activity,{dev.partydeck.app/dev.partydeck.app.MainActivity}]
09-10 16:51:19.038   563   678 I commit_sys_config_file: [settings-1-0,25]
09-10 16:51:19.158   941  1049 I viewroot_draw_event: [VRI[app],reportDrawFinished seqId=0]
09-10 16:51:19.257   563  1954 I am_uid_active: 10065
09-10 16:51:19.261   563  1261 I am_proc_bound: [0,5596,dev.partydeck.app]
09-10 16:51:19.268   563   679 I am_unfreeze: [1649,android.process.acore,7]
09-10 16:51:19.283   941  1199 I viewroot_draw_event: [VRI[ScreenDecorOverlay],reportDrawFinished seqId=0]
09-10 16:51:19.294   563  1261 I am_uid_active: 10148
09-10 16:51:19.342   941  1199 I viewroot_draw_event: [VRI[ScreenDecorOverlayBottom],reportDrawFinished seqId=0]
09-10 16:51:19.398  1200  1200 I viewroot_draw_event: [VRI[Taskbar],reportDrawFinished seqId=0]
09-10 16:51:19.415  1200  1200 I wm_on_destroy_called: [201280911,com.android.launcher3.uioverrides.QuickstepLauncher,performDestroy,8]
09-10 16:51:19.469   941  1199 I viewroot_draw_event: [VRI[ScreenDecorOverlay],reportDrawFinished seqId=0]
09-10 16:51:19.486   563   599 I wm_add_to_stopping: [0,201280911,com.android.launcher3/.uioverrides.QuickstepLauncher,makeInvisible]
09-10 16:51:19.486   563   599 I wm_restart_activity: [0,213367091,10,dev.partydeck.app/.MainActivity]
09-10 16:51:19.511   563   599 I wm_set_resumed_activity: [0,dev.partydeck.app/.MainActivity,realStartActivityLocked - onActivityStateChanged]
09-10 16:51:19.512   563   596 I sysui_multi_action: [757,803,799,window_time_0,802,75]
09-10 16:51:19.559   941   941 I viewroot_draw_event: [VRI[StatusBar],reportDrawFinished seqId=0]
09-10 16:51:19.622   563  1955 I wm_task_removed: [9,9,0,removeChild, last child = ActivityRecord{781c30e u0 dev.partydeck.app/.MainActivity t-1 f}} in Task{682812f #9 type=standard A=10148:dev.partydeck.app}]
09-10 16:51:19.626   941  1199 I viewroot_draw_event: [VRI[ScreenDecorOverlayBottom],reportDrawFinished seqId=0]
09-10 16:51:19.626   563   679 I am_unfreeze: [1772,com.android.quicksearchbox,3]
09-10 16:51:19.641  1200  1200 I wm_on_create_called: [201280911,com.android.launcher3.uioverrides.QuickstepLauncher,performCreate,204]
09-10 16:51:19.642   563  1261 I wm_set_requested_orientation: [5,com.android.launcher3/.uioverrides.QuickstepLauncher]
09-10 16:51:19.642  1200  1200 I wm_on_start_called: [201280911,com.android.launcher3.uioverrides.QuickstepLauncher,handleStartActivity,0]
09-10 16:51:19.643  1200  1200 I wm_on_resume_called: [201280911,com.android.launcher3.uioverrides.QuickstepLauncher,RESUME_ACTIVITY,0]
09-10 16:51:19.643  1200  1200 I wm_on_top_resumed_gained_called: [201280911,com.android.launcher3.uioverrides.QuickstepLauncher,topWhenResuming]
09-10 16:51:19.713  1200  1200 I wm_on_top_resumed_lost_called: [201280911,com.android.launcher3.uioverrides.QuickstepLauncher,topStateChangedWhenResumed]
09-10 16:51:19.717  1200  1200 I wm_on_paused_called: [201280911,com.android.launcher3.uioverrides.QuickstepLauncher,performPause,0]
09-10 16:51:19.717   563  1261 I wm_failed_to_pause: [0,201280911,com.android.launcher3/.uioverrides.QuickstepLauncher,(none)]
09-10 16:51:19.772   941  1199 I viewroot_draw_event: [VRI[ScreenDecorOverlay],reportDrawFinished seqId=0]
09-10 16:51:19.777   941  1199 I viewroot_draw_event: [VRI[ScreenDecorOverlayBottom],reportDrawFinished seqId=0]
09-10 16:51:19.851   941  1199 I viewroot_draw_event: [VRI[ScreenDecorOverlay],reportDrawFinished seqId=0]
09-10 16:51:19.869   941  1199 I viewroot_draw_event: [VRI[ScreenDecorOverlayBottom],reportDrawFinished seqId=0]
09-10 16:51:19.962   941   941 I viewroot_draw_event: [VRI[StatusBar],reportDrawFinished seqId=0]
09-10 16:51:20.116  1200  1200 I viewroot_draw_event: [VRI[QuickstepLauncher],reportDrawFinished seqId=0]
09-10 16:51:20.119  1200  1200 I viewroot_draw_event: [VRI[Taskbar],reportDrawFinished seqId=0]
09-10 16:51:20.121  1200  1200 I viewroot_draw_event: [VRI[Taskbar],reportDrawFinished seqId=0]
09-10 16:51:20.134   563  1261 I wm_stop_activity: [0,201280911,com.android.launcher3/.uioverrides.QuickstepLauncher]
09-10 16:51:20.214  1200  1200 I wm_on_stop_called: [201280911,com.android.launcher3.uioverrides.QuickstepLauncher,STOP_ACTIVITY_ITEM,5]
09-10 16:51:20.221   941   941 I viewroot_draw_event: [VRI[StatusBar],reportDrawFinished seqId=0]
09-10 16:51:20.230  1200  1200 I viewroot_draw_event: [VRI[QuickstepLauncher],Not drawing due to not visible. Reason=View.INVISIBLE]
09-10 16:51:20.775  5596  5596 I wm_on_create_called: [213367091,dev.partydeck.app.MainActivity,performCreate,128]
09-10 16:51:20.777  5596  5596 I wm_on_start_called: [213367091,dev.partydeck.app.MainActivity,handleStartActivity,1]
09-10 16:51:20.780  5596  5596 I wm_on_resume_called: [213367091,dev.partydeck.app.MainActivity,RESUME_ACTIVITY,1]
09-10 16:51:20.789  5596  5596 I wm_on_top_resumed_gained_called: [213367091,dev.partydeck.app.MainActivity,topStateChangedWhenResumed]
09-10 16:51:21.252   563   600 I input_focus: [Focus request 3388dbe dev.partydeck.app/dev.partydeck.app.MainActivity,reason=UpdateInputWindows]
09-10 16:51:21.494  5596  5596 I viewroot_draw_event: [VRI[MainActivity],reportDrawFinished seqId=0]
09-10 16:51:21.507   563   596 I sysui_multi_action: [319,629,321,202,322,2549,325,330,757,761,758,7,759,1,806,dev.partydeck.app,871,dev.partydeck.app.MainActivity,904,com.android.shell,905,0,945,317,1320,12,1321,1]
09-10 16:51:21.509   941  1002 I jank_cuj_events_begin_request: [39,1789059081509643000,333084540730,333084540801,]
09-10 16:51:21.512   563   596 I wm_activity_launch_time: [0,213367091,dev.partydeck.app/.MainActivity,2549]
09-10 16:51:21.516   941  1002 I jank_cuj_events_end_request: [39,1789059081514187000,333089083569,333089083639]
09-10 16:51:21.522   941  1049 I viewroot_draw_event: [VRI[app],Not drawing due to not visible. Reason=View.GONE]
09-10 16:51:21.581   563   691 I input_focus: [Focus entering 3388dbe dev.partydeck.app/dev.partydeck.app.MainActivity (server),reason=Window became focusable. Previous reason: NOT_VISIBLE]
09-10 16:51:22.230   563   678 I commit_sys_config_file: [settings-2-0,3]
09-10 16:51:23.342   563   678 I commit_sys_config_file: [settings-2-0,2]
09-10 16:51:24.385   563   678 I commit_sys_config_file: [settings-2-0,3]
09-10 16:51:25.422   563   678 I commit_sys_config_file: [settings-2-0,2]
09-10 16:51:26.464   563   678 I commit_sys_config_file: [settings-2-0,3]
09-10 16:51:27.490   563   678 I commit_sys_config_file: [settings-2-0,3]
09-10 16:51:28.529   563   678 I commit_sys_config_file: [settings-2-0,3]
09-10 16:51:28.784   563   629 I commit_sys_config_file: [package-user-0,6]
09-10 16:51:29.554   563   678 I commit_sys_config_file: [settings-2-0,3]
09-10 16:51:29.704   563   679 I am_freeze: [1772,com.android.quicksearchbox]
09-10 16:51:30.594   563   678 I commit_sys_config_file: [settings-2-0,2]
09-10 16:51:31.610   563   678 I commit_sys_config_file: [settings-2-0,4]
09-10 16:51:32.866   563   678 I commit_sys_config_file: [settings-2-0,2]
09-10 16:51:33.887   563   678 I commit_sys_config_file: [settings-2-0,2]
09-10 16:51:34.542   563   691 I input_interaction: Interaction with: 3388dbe dev.partydeck.app/dev.partydeck.app.MainActivity (server), PointerEventDispatcher0 (server), 
09-10 16:51:35.047   563   678 I commit_sys_config_file: [settings-2-0,2]
09-10 16:51:36.063   563   678 I commit_sys_config_file: [settings-2-0,2]
09-10 16:51:37.370   563   678 I commit_sys_config_file: [settings-2-0,3]
09-10 16:51:38.386   563   678 I commit_sys_config_file: [settings-2-0,3]
09-10 16:51:40.215   563   678 I commit_sys_config_file: [settings-2-0,3]
09-10 16:51:41.230   563   678 I commit_sys_config_file: [settings-2-0,2]
09-10 16:51:43.002   563   678 I commit_sys_config_file: [settings-2-0,2]
09-10 16:51:44.016   563   678 I commit_sys_config_file: [settings-2-0,2]
09-10 16:51:45.827   563   678 I commit_sys_config_file: [settings-2-0,2]
09-10 16:51:46.842   563   678 I commit_sys_config_file: [settings-2-0,3]
09-10 16:51:47.731   563  1687 I sysui_multi_action: [757,803,799,key_back_press,802,1]
09-10 16:51:48.174   563   678 I commit_sys_config_file: [settings-2-0,3]
09-10 16:51:49.198   563   678 I commit_sys_config_file: [settings-2-0,3]
09-10 16:51:50.238   563   678 I commit_sys_config_file: [settings-2-0,3]
09-10 16:51:51.255   563   678 I commit_sys_config_file: [settings-2-0,2]
09-10 16:51:52.382   563   678 I commit_sys_config_file: [settings-2-0,2]
09-10 16:51:52.479   563   857 I service_manager_stats: [100,19,42077]
09-10 16:51:53.399   563   678 I commit_sys_config_file: [settings-2-0,3]
09-10 16:51:54.442   563   678 I commit_sys_config_file: [settings-2-0,2]
09-10 16:51:55.457   563   678 I commit_sys_config_file: [settings-2-0,3]
09-10 16:51:57.253   563   678 I commit_sys_config_file: [settings-2-0,2]
09-10 16:51:58.269   563   678 I commit_sys_config_file: [settings-2-0,2]
09-10 16:52:00.088   563   678 I commit_sys_config_file: [settings-2-0,2]
09-10 16:52:01.104   563   678 I commit_sys_config_file: [settings-2-0,2]
09-10 16:52:02.924   563   678 I commit_sys_config_file: [settings-2-0,3]
09-10 16:52:03.939   563   678 I commit_sys_config_file: [settings-2-0,2]
09-10 16:52:05.695   563   678 I commit_sys_config_file: [settings-2-0,3]
09-10 16:52:06.722   563   678 I commit_sys_config_file: [settings-2-0,3]
09-10 16:52:08.523   563   678 I commit_sys_config_file: [settings-2-0,3]
09-10 16:52:09.537   563   678 I commit_sys_config_file: [settings-2-0,2]
09-10 16:52:10.827   563   678 I commit_sys_config_file: [settings-2-0,3]
09-10 16:52:11.847   563   678 I commit_sys_config_file: [settings-2-0,2]
09-10 16:52:13.006   563   678 I commit_sys_config_file: [settings-2-0,3]
09-10 16:52:14.041   563   678 I commit_sys_config_file: [settings-2-0,3]
09-10 16:52:15.087   563   678 I commit_sys_config_file: [settings-2-0,2]
09-10 16:52:16.104   563   678 I commit_sys_config_file: [settings-2-0,2]
09-10 16:52:17.011   563  1955 I sysui_multi_action: [757,803,799,key_back_press,802,1]
09-10 16:52:17.113   563   600 I input_focus: [Focus request a2f117 dev.partydeck.app/dev.partydeck.app.MainActivity,reason=UpdateInputWindows]
09-10 16:52:17.155   563   691 I input_focus: [Focus leaving 3388dbe dev.partydeck.app/dev.partydeck.app.MainActivity (server),reason=Waiting for window because NO_WINDOW]
09-10 16:52:17.155  5596  5596 I viewroot_draw_event: [VRI[MainActivity],reportDrawFinished seqId=0]
09-10 16:52:17.236  5596  5596 I viewroot_draw_event: [VRI[MainActivity],reportDrawFinished seqId=0]
09-10 16:52:17.273   563   691 I input_focus: [Focus entering a2f117 dev.partydeck.app/dev.partydeck.app.MainActivity (server),reason=Window became focusable. Previous reason: NOT_VISIBLE]
09-10 16:52:17.578   563   678 I commit_sys_config_file: [settings-2-0,2]
09-10 16:52:18.617   563   678 I commit_sys_config_file: [settings-2-0,3]
09-10 16:52:19.285   563   691 I input_interaction: Interaction with: a2f117 dev.partydeck.app/dev.partydeck.app.MainActivity (server), PointerEventDispatcher0 (server), 
09-10 16:52:19.311   563   600 I input_focus: [Focus request 3388dbe dev.partydeck.app/dev.partydeck.app.MainActivity,reason=UpdateInputWindows]
09-10 16:52:19.444   563   691 I input_focus: [Focus entering 3388dbe dev.partydeck.app/dev.partydeck.app.MainActivity (server),reason=setFocusedWindow]
09-10 16:52:19.885   563   678 I commit_sys_config_file: [settings-2-0,2]
09-10 16:52:20.903   563   678 I commit_sys_config_file: [settings-2-0,3]
09-10 16:52:21.956   563   678 I commit_sys_config_file: [settings-2-0,2]
09-10 16:52:22.970   563   678 I commit_sys_config_file: [settings-2-0,2]
09-10 16:52:24.232   563   678 I commit_sys_config_file: [settings-2-0,2]
09-10 16:52:25.252   563   678 I commit_sys_config_file: [settings-2-0,2]
09-10 16:52:25.420   563   608 I am_uid_idle: 10065
09-10 16:52:25.909   563   691 I input_interaction: Interaction with: 3388dbe dev.partydeck.app/dev.partydeck.app.MainActivity (server), PointerEventDispatcher0 (server), 
09-10 16:52:26.355   563   678 I commit_sys_config_file: [settings-2-0,3]
09-10 16:52:27.372   563   678 I commit_sys_config_file: [settings-2-0,2]
09-10 16:52:28.423   563   678 I commit_sys_config_file: [settings-2-0,3]
09-10 16:52:29.440   563   678 I commit_sys_config_file: [settings-2-0,3]
09-10 16:52:30.495   563   678 I commit_sys_config_file: [settings-2-0,4]
09-10 16:52:31.514   563   678 I commit_sys_config_file: [settings-2-0,3]
09-10 16:52:32.553   563   678 I commit_sys_config_file: [settings-2-0,3]
09-10 16:52:33.567   563   678 I commit_sys_config_file: [settings-2-0,2]
09-10 16:52:34.466   563  1687 I sysui_multi_action: [757,803,799,key_back_press,802,1]
09-10 16:52:34.906   563   678 I commit_sys_config_file: [settings-2-0,3]
09-10 16:52:35.924   563   678 I commit_sys_config_file: [settings-2-0,2]
09-10 16:52:37.129   563   678 I commit_sys_config_file: [settings-2-0,3]
09-10 16:52:38.161   563   678 I commit_sys_config_file: [settings-2-0,2]
09-10 16:52:39.122  5596  5596 I viewroot_draw_event: [VRI[Pop-Up Window],reportDrawFinished seqId=0]
09-10 16:52:39.273  5596  5596 I viewroot_draw_event: [VRI[Pop-Up Window],reportDrawFinished seqId=0]
09-10 16:52:39.312  1200  1230 I jank_cuj_events_begin_request: [61,1789059159312111000,410887008005,410887008247,]
09-10 16:52:39.312  1200  1230 I jank_cuj_events_end_request: [61,1789059159312845000,410887741765,410887741852]
09-10 16:52:39.322  1756  1756 I viewroot_draw_event: [VRI[InputMethod],Start draw after previous draw not visible]
09-10 16:52:39.497  1756  1756 I viewroot_draw_event: [VRI[InputMethod],reportDrawFinished seqId=0]
09-10 16:52:39.543   563   678 I commit_sys_config_file: [settings-2-0,53]
09-10 16:52:39.585  5596  6402 I jank_cuj_events_begin_request: [80,1789059159584092000,411159008902,411159009807,0@1@dev.partydeck.app]
09-10 16:52:39.589  1756  1756 I viewroot_draw_event: [VRI[InputMethod],reportDrawFinished seqId=0]
09-10 16:52:39.625  5596  6402 I jank_cuj_events_end_request: [80,1789059159625017000,411199931197,411199931920]
09-10 16:52:40.538   563   678 I commit_sys_config_file: [settings-2-0,22]
09-10 16:52:40.564   563   857 I service_manager_stats: [100,23,48085]
09-10 16:52:42.215   563   678 I commit_sys_config_file: [settings-2-0,2]
09-10 16:52:43.235   563   678 I commit_sys_config_file: [settings-2-0,2]
09-10 16:52:44.322   563   678 I commit_sys_config_file: [settings-2-0,3]
09-10 16:52:45.339   563   678 I commit_sys_config_file: [settings-2-0,3]
09-10 16:52:47.569   563   678 I commit_sys_config_file: [settings-2-0,6]
09-10 16:52:48.584   563   678 I commit_sys_config_file: [settings-2-0,3]
09-10 16:52:49.447  6476  6476 I service_manager_slow: [13,window]
09-10 16:52:49.664   563   678 I commit_sys_config_file: [settings-2-0,2]
09-10 16:52:50.697   563   678 I commit_sys_config_file: [settings-2-0,2]
09-10 16:52:51.811   563   678 I commit_sys_config_file: [settings-2-0,3]
09-10 16:52:52.837   563   678 I commit_sys_config_file: [settings-2-0,2]
09-10 16:52:53.801   563  1954 I sysui_multi_action: [757,803,799,key_back_press,802,1]
09-10 16:52:53.811  1200  1230 I jank_cuj_events_begin_request: [60,1789059173809475000,425384372495,425384372661,]
09-10 16:52:53.812  1200  1230 I jank_cuj_events_end_request: [60,1789059173811500000,425386396321,425386396483]
09-10 16:52:53.842  5596  6402 I jank_cuj_events_begin_request: [81,1789059173839817000,425414720005,425414720364,1@1@dev.partydeck.app]
09-10 16:52:53.889  5596  6402 I jank_cuj_events_end_request: [81,1789059173881176000,425456086845,425456087209]
09-10 16:52:54.403  1756  1756 I viewroot_draw_event: [VRI[InputMethod],Not drawing due to not visible. Reason=View.GONE]
09-10 16:52:54.487   563   678 I commit_sys_config_file: [settings-2-0,4]
09-10 16:52:55.511   563   678 I commit_sys_config_file: [settings-2-0,12]
09-10 16:52:56.293  1756  1756 I viewroot_draw_event: [VRI[InputMethod],Start draw after previous draw not visible]
09-10 16:52:56.296  1200  1230 I jank_cuj_events_begin_request: [61,1789059176295539000,427870436394,427870436493,]
09-10 16:52:56.296  1200  1230 I jank_cuj_events_end_request: [61,1789059176296529000,427871427423,427871428505]
09-10 16:52:56.493  1756  1756 I viewroot_draw_event: [VRI[InputMethod],reportDrawFinished seqId=0]
09-10 16:52:56.531  5596  6402 I jank_cuj_events_begin_request: [80,1789059176522086000,428096985715,428096986094,0@1@dev.partydeck.app]
09-10 16:52:56.532  5596  6402 I jank_cuj_events_end_request: [80,1789059176532176000,428107075774,428107076037]
09-10 16:52:56.883   563   678 I commit_sys_config_file: [settings-2-0,14]
09-10 16:52:58.054   563   678 I commit_sys_config_file: [settings-2-0,3]
09-10 16:52:59.854   563   678 I commit_sys_config_file: [settings-2-0,10]
09-10 16:53:00.863   563   678 I commit_sys_config_file: [settings-2-0,2]
09-10 16:53:01.965   563   678 I commit_sys_config_file: [settings-2-0,2]
09-10 16:53:02.993   563   678 I commit_sys_config_file: [settings-2-0,2]
09-10 16:53:04.071   563   678 I commit_sys_config_file: [settings-2-0,3]
09-10 16:53:05.086   563   678 I commit_sys_config_file: [settings-2-0,3]
09-10 16:53:07.884   563   678 I commit_sys_config_file: [settings-2-0,4]
09-10 16:53:08.899   563   678 I commit_sys_config_file: [settings-2-0,2]
09-10 16:53:09.596   563  1954 I sysui_multi_action: [757,803,799,key_back_press,802,1]
09-10 16:53:09.602  1200  1230 I jank_cuj_events_begin_request: [60,1789059189601771000,441176667985,441176668108,]
09-10 16:53:09.620  1756  1756 I viewroot_draw_event: [VRI[InputMethod],reportDrawFinished seqId=0]
09-10 16:53:09.624  5596  6402 I jank_cuj_events_begin_request: [81,1789059189624512000,441199411269,441199411658,1@1@dev.partydeck.app]
09-10 16:53:09.625  1200  1230 I jank_cuj_events_end_request: [60,1789059189617601000,441192497882,441192498013]
09-10 16:53:09.650  5596  6402 I jank_cuj_events_end_request: [81,1789059189649255000,441224154759,441224155199]
09-10 16:53:10.225  1756  1756 I viewroot_draw_event: [VRI[InputMethod],Not drawing due to not visible. Reason=View.GONE]
09-10 16:53:10.338   563   678 I commit_sys_config_file: [settings-2-0,3]
09-10 16:53:11.354   563   678 I commit_sys_config_file: [settings-2-0,2]
09-10 16:53:13.204   563   678 I commit_sys_config_file: [settings-2-0,2]
09-10 16:53:14.220   563   678 I commit_sys_config_file: [settings-2-0,2]
09-10 16:53:15.492   563   678 I commit_sys_config_file: [settings-2-0,2]
09-10 16:53:16.515   563   678 I commit_sys_config_file: [settings-2-0,2]
09-10 16:53:17.791   563   678 I commit_sys_config_file: [settings-2-0,2]
09-10 16:53:18.817   563   678 I commit_sys_config_file: [settings-2-0,2]
09-10 16:53:19.764  5596  5596 I viewroot_draw_event: [VRI[Pop-Up Window],reportDrawFinished seqId=0]
09-10 16:53:19.876  5596  5596 I viewroot_draw_event: [VRI[Pop-Up Window],reportDrawFinished seqId=0]
09-10 16:53:19.910  1756  1756 I viewroot_draw_event: [VRI[InputMethod],Start draw after previous draw not visible]
09-10 16:53:19.922  1200  1230 I jank_cuj_events_begin_request: [61,1789059199922550000,451497446865,451497446961,]
09-10 16:53:19.928  1200  1230 I jank_cuj_events_end_request: [61,1789059199928901000,451503797197,451503797287]
09-10 16:53:20.089  1756  1756 I viewroot_draw_event: [VRI[InputMethod],reportDrawFinished seqId=0]
09-10 16:53:20.139   563   678 I commit_sys_config_file: [settings-2-0,45]
09-10 16:53:20.153  5596  6402 I jank_cuj_events_begin_request: [80,1789059200149712000,451724628614,451724629003,0@1@dev.partydeck.app]
09-10 16:53:20.173  5596  6402 I jank_cuj_events_end_request: [80,1789059200161503000,451736403894,451736404123]
09-10 16:53:21.152   563   678 I commit_sys_config_file: [settings-2-0,11]
09-10 16:53:22.678   563   678 I commit_sys_config_file: [settings-2-0,2]
09-10 16:53:23.700   563   678 I commit_sys_config_file: [settings-2-0,2]
09-10 16:53:24.764   563   678 I commit_sys_config_file: [settings-2-0,3]
09-10 16:53:25.799   563   678 I commit_sys_config_file: [settings-2-0,2]
09-10 16:53:27.847   563   678 I commit_sys_config_file: [settings-2-0,6]
09-10 16:53:28.882   563   678 I commit_sys_config_file: [settings-2-0,15]
09-10 16:53:29.553   563  1954 I sysui_multi_action: [757,803,799,key_back_press,802,1]
09-10 16:53:29.559  1200  1230 I jank_cuj_events_begin_request: [60,1789059209559452000,461134348940,461134349050,]
09-10 16:53:29.568  5596  6402 I jank_cuj_events_begin_request: [81,1789059209568027000,461142936708,461142937128,1@1@dev.partydeck.app]
09-10 16:53:29.568  1200  1230 I jank_cuj_events_end_request: [60,1789059209568854000,461143751649,461143751745]
09-10 16:53:29.580  5596  6402 I jank_cuj_events_end_request: [81,1789059209580210000,461155108971,461155109263]
09-10 16:53:29.785  1756  1756 I viewroot_draw_event: [VRI[InputMethod],reportDrawFinished seqId=0]
09-10 16:53:30.013  6861  6861 I service_manager_slow: [11,window]
09-10 16:53:30.037   563  1261 I service_manager_stats: [100,26,49474]
09-10 16:53:30.241   563   678 I commit_sys_config_file: [settings-2-0,3]
09-10 16:53:30.299  1756  1756 I viewroot_draw_event: [VRI[InputMethod],Not drawing due to not visible. Reason=View.GONE]
09-10 16:53:31.267   563   678 I commit_sys_config_file: [settings-2-0,2]
09-10 16:53:32.333   563   678 I commit_sys_config_file: [settings-2-0,2]
09-10 16:53:33.348   563   678 I commit_sys_config_file: [settings-2-0,2]
09-10 16:53:34.404   563   678 I commit_sys_config_file: [settings-2-0,10]
09-10 16:53:35.422   563   678 I commit_sys_config_file: [settings-2-0,9]
09-10 16:53:37.255   563   678 I commit_sys_config_file: [settings-2-0,4]
09-10 16:53:38.270   563   678 I commit_sys_config_file: [settings-2-0,2]
09-10 16:53:39.346   563   678 I commit_sys_config_file: [settings-2-0,3]
09-10 16:53:40.364   563   678 I commit_sys_config_file: [settings-2-0,2]
09-10 16:53:41.039   563  1261 I sysui_multi_action: [757,803,799,key_back_press,802,1]
09-10 16:53:41.497   563   678 I commit_sys_config_file: [settings-2-0,2]
09-10 16:53:42.513   563   678 I commit_sys_config_file: [settings-2-0,2]
09-10 16:53:43.551   563   678 I commit_sys_config_file: [settings-2-0,2]
09-10 16:53:44.567   563   678 I commit_sys_config_file: [settings-2-0,3]
09-10 16:53:45.713   563   678 I commit_sys_config_file: [settings-2-0,2]
09-10 16:53:46.730   563   678 I commit_sys_config_file: [settings-2-0,3]
09-10 16:53:48.487   563   678 I commit_sys_config_file: [settings-2-0,2]
09-10 16:53:49.505   563   678 I commit_sys_config_file: [settings-2-0,2]
09-10 16:53:50.545   563   678 I commit_sys_config_file: [settings-2-0,2]
09-10 16:53:51.566   563   678 I commit_sys_config_file: [settings-2-0,2]
09-10 16:53:52.611   563   678 I commit_sys_config_file: [settings-2-0,3]
09-10 16:53:53.640   563   678 I commit_sys_config_file: [settings-2-0,2]
09-10 16:53:54.686   563   678 I commit_sys_config_file: [settings-2-0,2]
09-10 16:53:55.703   563   678 I commit_sys_config_file: [settings-2-0,3]
09-10 16:53:56.805   563   678 I commit_sys_config_file: [settings-2-0,2]
09-10 16:53:57.827   563   678 I commit_sys_config_file: [settings-2-0,3]
09-10 16:53:58.915   563  1943 I force_gc: Binder
09-10 16:53:59.085   563   678 I commit_sys_config_file: [settings-2-0,5]
09-10 16:54:00.127   563   678 I commit_sys_config_file: [settings-2-0,2]
09-10 16:54:01.169   563   678 I commit_sys_config_file: [settings-2-0,3]
09-10 16:54:02.187   563   678 I commit_sys_config_file: [settings-2-0,2]
09-10 16:54:03.451   563   678 I commit_sys_config_file: [settings-2-0,3]
09-10 16:54:04.470   563   678 I commit_sys_config_file: [settings-2-0,2]
09-10 16:54:06.277   563   678 I commit_sys_config_file: [settings-2-0,2]
09-10 16:54:07.300   563   678 I commit_sys_config_file: [settings-2-0,3]
09-10 16:54:08.349   563   678 I commit_sys_config_file: [settings-2-0,2]
09-10 16:54:09.367   563   678 I commit_sys_config_file: [settings-2-0,3]
09-10 16:54:10.637   563   678 I commit_sys_config_file: [settings-2-0,2]
09-10 16:54:11.657   563   678 I commit_sys_config_file: [settings-2-0,2]
09-10 16:54:13.497   563   678 I commit_sys_config_file: [settings-2-0,3]
09-10 16:54:14.516   563   678 I commit_sys_config_file: [settings-2-0,2]
09-10 16:54:15.623   563   678 I commit_sys_config_file: [settings-2-0,4]
09-10 16:54:16.638   563   678 I commit_sys_config_file: [settings-2-0,3]
09-10 16:54:16.744   563   857 I service_manager_stats: [100,24,46706]
09-10 16:54:17.682   563   678 I commit_sys_config_file: [settings-2-0,2]
09-10 16:54:18.697   563   678 I commit_sys_config_file: [settings-2-0,2]
09-10 16:54:19.353   563  1955 I sysui_multi_action: [757,803,799,key_back_press,802,1]
09-10 16:54:19.392   563   600 I input_focus: [Focus request 122b0ce dev.partydeck.app/dev.partydeck.app.MainActivity,reason=UpdateInputWindows]
09-10 16:54:19.437  5596  5596 I viewroot_draw_event: [VRI[MainActivity],reportDrawFinished seqId=0]
09-10 16:54:19.455   563   691 I input_focus: [Focus leaving 3388dbe dev.partydeck.app/dev.partydeck.app.MainActivity (server),reason=Waiting for window because NOT_VISIBLE]
09-10 16:54:19.517  5596  5596 I viewroot_draw_event: [VRI[MainActivity],reportDrawFinished seqId=0]
09-10 16:54:19.517   563   691 I input_focus: [Focus entering 122b0ce dev.partydeck.app/dev.partydeck.app.MainActivity (server),reason=Window became focusable. Previous reason: NOT_VISIBLE]
09-10 16:54:20.007   563   678 I commit_sys_config_file: [settings-2-0,2]
09-10 16:54:21.027   563   678 I commit_sys_config_file: [settings-2-0,3]
09-10 16:54:21.690   563   691 I input_interaction: Interaction with: 122b0ce dev.partydeck.app/dev.partydeck.app.MainActivity (server), PointerEventDispatcher0 (server), 
09-10 16:54:21.722   563   600 I input_focus: [Focus request 3388dbe dev.partydeck.app/dev.partydeck.app.MainActivity,reason=UpdateInputWindows]
09-10 16:54:21.831   563   691 I input_focus: [Focus entering 3388dbe dev.partydeck.app/dev.partydeck.app.MainActivity (server),reason=setFocusedWindow]
09-10 16:54:22.284   563   678 I commit_sys_config_file: [settings-2-0,3]
09-10 16:54:23.299   563   678 I commit_sys_config_file: [settings-2-0,3]
