--------- beginning of events
09-10 06:46:39.048   162   162 I snet_event_log: [121035042,-1,]
09-10 06:46:39.054   162   162 I auditd  : SELinux: Loaded service context from:
09-10 06:46:39.054   162   162 I auditd  : 		/system/etc/selinux/plat_service_contexts
09-10 06:46:39.054   162   162 I auditd  : 		/system_ext/etc/selinux/system_ext_service_contexts
09-10 06:46:39.054   162   162 I auditd  : 		/vendor/etc/selinux/vendor_service_contexts
09-10 06:46:33.952   160   160 I auditd  : type=2000 audit(0.0:1): state=initialized audit_enabled=0 res=1
09-10 06:46:38.424   160   160 I auditd  : type=1403 audit(0.0:2): auid=4294967295 ses=4294967295 lsm=selinux res=1
09-10 06:46:38.424   160   160 I auditd  : type=1404 audit(0.0:3): enforcing=1 old_enforcing=0 auid=4294967295 ses=4294967295 enabled=1 old-enabled=1 lsm=selinux res=1
09-10 06:46:38.460     1     1 I auditd  : type=1107 audit(0.0:4): uid=0 auid=4294967295 ses=4294967295 subj=u:r:init:s0 msg='avc:  denied  { set } for property=persist.sys.usb.config pid=1 uid=0 gid=0 scontext=u:r:vendor_init:s0 tcontext=u:object_r:system_prop:s0 tclass=property_service permissive=0'
09-10 06:46:39.477   187   187 I auditd  : SELinux: Loaded keystore2 context from:
09-10 06:46:39.477   187   187 I auditd  : 		/system/etc/selinux/plat_keystore2_key_contexts
09-10 06:46:39.477   187   187 I auditd  : 		/system_ext/etc/selinux/system_ext_keystore2_key_contexts
09-10 06:46:39.477   187   187 I auditd  : 		/vendor/etc/selinux/vendor_keystore2_key_contexts
09-10 06:46:40.297   231   231 I auditd  : SELinux: Loaded file context from:
09-10 06:46:40.298   231   231 I auditd  : 		/system/etc/selinux/plat_file_contexts
09-10 06:46:40.299   231   231 I auditd  : 		/system_ext/etc/selinux/system_ext_file_contexts
09-10 06:46:40.300   231   231 I auditd  : 		/vendor/etc/selinux/vendor_file_contexts
09-10 06:46:43.132     1     1 I auditd  : type=1400 audit(0.0:5): avc:  denied  { write } for  comm="init" name="error_report_end" dev="tracefs" ino=6684 scontext=u:r:init:s0 tcontext=u:object_r:debugfs_bootreceiver_tracing:s0 tclass=dir permissive=0
09-10 06:46:43.769   365   365 I boot_progress_start: 10159
09-10 06:46:44.314   365   365 I snet_event_log: [200284993,-1,]
09-10 06:46:44.546   365   365 I boot_progress_preload_start: 10937
09-10 06:46:45.344   365   365 I boot_progress_preload_end: 11735
09-10 06:46:45.771   565   565 I system_server_start: [1,12159,12159]
09-10 06:46:45.772   565   565 I boot_progress_system_run: 12163
09-10 06:46:46.163   565   601 I commit_sys_config_file: [batterystats,10]
09-10 06:46:46.166   565   601 I commit_sys_config_file: [batterystats,2]
09-10 06:46:46.289   565   601 I commit_sys_config_file: [display-state,7]
09-10 06:46:46.292   565   565 I boot_progress_pms_start: 12682
09-10 06:46:46.321   565   565 I pm_critical_info: No package manager settings file
09-10 06:46:46.327   565   565 I boot_progress_pms_system_scan_start: 12718
09-10 06:46:46.358   565   565 I liblog  : 44
09-10 06:46:46.387   565   565 I liblog  : 12
09-10 06:46:46.648   565   565 I service_manager_stats: [100,37,13039]
09-10 06:46:46.785   565   565 I pm_critical_info: Adding duplicate shared id: 1000 name=android
09-10 06:46:46.864   565   565 I pm_critical_info: Adding duplicate shared id: 1000 name=com.android.location.fused
09-10 06:46:46.876   565   565 I pm_critical_info: Adding duplicate app id: 10067 name=com.android.providers.contacts
09-10 06:46:46.895   565   565 I pm_critical_info: Adding duplicate app id: 10072 name=com.android.providers.downloads.ui
09-10 06:46:46.924   565   565 I pm_critical_info: Adding duplicate app id: 10067 name=com.android.providers.blockednumber
09-10 06:46:46.933   565   565 I pm_critical_info: Adding duplicate shared id: 1001 name=com.android.ons
09-10 06:46:46.969   565   565 I pm_critical_info: Adding duplicate app id: 10067 name=com.android.providers.userdictionary
09-10 06:46:47.013   565   565 I pm_critical_info: Adding duplicate shared id: 1001 name=com.android.phone
09-10 06:46:47.021   565   565 I pm_critical_info: Adding duplicate app id: 10067 name=com.android.calllogbackup
09-10 06:46:47.029   565   565 I pm_critical_info: Adding duplicate shared id: 1000 name=com.android.DeviceAsWebcam
09-10 06:46:47.031   565   565 I pm_critical_info: Adding duplicate app id: 10072 name=com.android.mtp
09-10 06:46:47.038   565   565 I pm_critical_info: Adding duplicate shared id: 1000 name=com.android.providers.settings
09-10 06:46:47.040   565   565 I pm_critical_info: Adding duplicate shared id: 1000 name=com.android.dynsystem
09-10 06:46:47.041   565   565 I pm_critical_info: Adding duplicate app id: 10067 name=com.android.providers.contactkeys
09-10 06:46:47.043   565   565 I pm_critical_info: Adding duplicate shared id: 2000 name=com.android.shell
09-10 06:46:47.045   565   565 I pm_critical_info: Adding duplicate shared id: 1000 name=com.android.inputdevices
09-10 06:46:47.051   565   565 I pm_critical_info: Adding duplicate shared id: 1073 name=com.android.networkstack
09-10 06:46:47.054   565   565 I pm_critical_info: Adding duplicate shared id: 1001 name=com.android.mms.service
09-10 06:46:47.058   565   565 I pm_critical_info: Adding duplicate app id: 10079 name=com.android.providers.calendar
09-10 06:46:47.060   565   565 I pm_critical_info: Adding duplicate shared id: 1001 name=com.android.providers.telephony
09-10 06:46:47.062   565   565 I pm_critical_info: Adding duplicate app id: 10072 name=com.android.providers.media
09-10 06:46:47.064   565   565 I pm_critical_info: Adding duplicate shared id: 1000 name=com.android.server.telecom
09-10 06:46:47.068   565   565 I pm_critical_info: Adding duplicate shared id: 1000 name=com.android.localtransport
09-10 06:46:47.070   565   565 I pm_critical_info: Adding duplicate app id: 10072 name=com.android.providers.downloads
09-10 06:46:47.074   565   565 I pm_critical_info: Adding duplicate app id: 10072 name=com.android.soundpicker
09-10 06:46:47.090   565   565 I pm_critical_info: Adding duplicate shared id: 1068 name=com.android.se
09-10 06:46:47.130   565   565 I pm_critical_info: Adding duplicate shared id: 1001 name=com.android.stk
09-10 06:46:47.136   565   565 I pm_critical_info: Adding duplicate shared id: 1000 name=com.android.keychain
09-10 06:46:47.334   565   565 I pm_critical_info: Adding duplicate app id: 10119 name=com.android.emergency
09-10 06:46:47.345   565   565 I pm_critical_info: Adding duplicate shared id: 1000 name=com.android.emulator.multidisplay
09-10 06:46:47.368   565   565 I pm_critical_info: Adding duplicate app id: 10120 name=com.android.systemui
09-10 06:46:47.412   565   565 I pm_critical_info: Adding duplicate shared id: 1000 name=com.android.settings
09-10 06:46:47.442   565   565 I pm_critical_info: Adding duplicate app id: 10126 name=com.android.cts.ctsshim
09-10 06:46:47.490   565   565 I pm_critical_info: Adding duplicate shared id: 1002 name=com.android.bluetooth
09-10 06:46:47.513   565   565 I pm_critical_info: Adding duplicate shared id: 1027 name=com.android.nfc
09-10 06:46:47.573   565   565 I pm_critical_info: Adding duplicate shared id: 1073 name=com.android.cellbroadcastservice
09-10 06:46:47.927   565   565 I pm_critical_info: Adding duplicate shared id: 1073 name=com.android.networkstack.tethering
09-10 06:46:47.968   565   565 I boot_progress_pms_data_scan_start: 14359
09-10 06:46:47.971   565   565 I boot_progress_pms_scan_end: 14362
09-10 06:46:48.063   565   565 I commit_sys_config_file: [package,17]
09-10 06:46:48.063   565   565 I boot_progress_pms_ready: 14454
09-10 06:46:48.077   565   625 I commit_sys_config_file: [package-user-0,14]
09-10 06:46:48.077   565   565 I am_uid_running: 1000
09-10 06:46:48.079   565   565 I am_uid_active: 1000
09-10 06:46:48.225   565   565 I commit_sys_config_file: [overlays,5]
09-10 06:46:48.237   565   585 I battery_status: [2,2,1,1,Li-ion]
09-10 06:46:48.238   565   585 I battery_level: [100,5000,250]
09-10 06:46:48.338   565   667 I commit_sys_config_file: [settings-1-0,3]
09-10 06:46:48.342   565   667 I commit_sys_config_file: [settings-0-0,2]
09-10 06:46:48.343   565   667 I commit_sys_config_file: [settings-2-0,2]
09-10 06:46:48.348   565   667 I commit_sys_config_file: [settings-1-0,5]
09-10 06:46:48.430   565   565 I wm_task_created: 1
09-10 06:46:48.433   565   593 I sysui_multi_action: [757,1594,758,4,759,1,806,NULL]
09-10 06:46:48.444   565   565 I commit_sys_config_file: [net-watchlist,2]
09-10 06:46:48.460   565   602 I am_wtf  : [0,565,system_server,-1,SystemServiceRegistry,No service published for: jobscheduler]
09-10 06:46:48.460   565   602 I am_wtf  : [0,565,system_server,-1,SystemServiceRegistry,Manager wrapper not available: jobscheduler]
09-10 06:46:48.489   565   565 I configuration_changed: 536894968
09-10 06:46:48.490   565   565 I sysui_multi_action: [757,1659,758,4,759,1,1660,0]
09-10 06:46:48.528   565   592 I am_uid_running: 10131
09-10 06:46:48.660   565   667 I commit_sys_config_file: [settings-0-0,9]
09-10 06:46:50.735   565   565 I sysui_multi_action: [757,804,799,opt_dialog_num_dexopted,801,18,802,1]
09-10 06:46:50.735   565   565 I sysui_multi_action: [757,804,799,opt_dialog_num_skipped,801,95,802,1]
09-10 06:46:50.735   565   565 I sysui_multi_action: [757,804,799,opt_dialog_num_failed,801,0,802,1]
09-10 06:46:50.735   565   565 I sysui_multi_action: [757,804,799,opt_dialog_num_total,801,113,802,1]
09-10 06:46:50.735   565   565 I sysui_multi_action: [757,804,799,opt_dialog_time_s,801,2,802,1]
09-10 06:46:50.759   565   565 I device_idle: [0,boot]
09-10 06:46:50.759   565   565 I device_idle_light: [0,boot]
09-10 06:46:50.868   565   602 I am_wtf  : [0,565,system_server,-1,SystemServiceRegistry,No service published for: jobscheduler]
09-10 06:46:50.869   565   602 I am_wtf  : [0,565,system_server,-1,SystemServiceRegistry,Manager wrapper not available: jobscheduler]
09-10 06:46:50.869   565   602 I am_wtf  : [0,565,system_server,-1,SystemServiceRegistry,No service published for: jobscheduler]
09-10 06:46:50.869   565   602 I am_wtf  : [0,565,system_server,-1,SystemServiceRegistry,Manager wrapper not available: jobscheduler]
09-10 06:46:50.870   565   565 I sysui_multi_action: [757,856,758,1,806,android,857,PHYSICAL_KEYBOARD,858,2]
09-10 06:46:50.871   565   565 I sysui_multi_action: [757,856,758,1,806,android,857,SECURITY,858,2]
09-10 06:46:50.871   565   565 I sysui_multi_action: [757,856,758,1,806,android,857,CAR_MODE,858,2]
09-10 06:46:50.871   565   565 I sysui_multi_action: [757,856,758,1,806,android,857,ACCOUNT,858,2]
09-10 06:46:50.871   565   565 I sysui_multi_action: [757,856,758,1,806,android,857,DEVELOPER,858,2]
09-10 06:46:50.871   565   565 I sysui_multi_action: [757,856,758,1,806,android,857,DEVELOPER_IMPORTANT,858,4]
09-10 06:46:50.871   565   565 I sysui_multi_action: [757,856,758,1,806,android,857,UPDATES,858,2]
09-10 06:46:50.871   565   565 I sysui_multi_action: [757,856,758,1,806,android,857,NETWORK_STATUS,858,2]
09-10 06:46:50.871   565   565 I sysui_multi_action: [757,856,758,1,806,android,857,NETWORK_ALERTS,858,4]
09-10 06:46:50.871   565   565 I sysui_multi_action: [757,856,758,1,806,android,857,NETWORK_AVAILABLE,858,2]
09-10 06:46:50.871   565   565 I sysui_multi_action: [757,856,758,1,806,android,857,VPN,858,2]
09-10 06:46:50.871   565   565 I sysui_multi_action: [757,856,758,1,806,android,857,DEVICE_ADMIN_ALERTS,858,4]
09-10 06:46:50.871   565   565 I sysui_multi_action: [757,856,758,1,806,android,857,ALERTS,858,3]
09-10 06:46:50.871   565   565 I sysui_multi_action: [757,856,758,1,806,android,857,RETAIL_MODE,858,2]
09-10 06:46:50.871   565   565 I sysui_multi_action: [757,856,758,1,806,android,857,USB,858,1]
09-10 06:46:50.871   565   565 I sysui_multi_action: [757,856,758,1,806,android,857,FOREGROUND_SERVICE,858,2]
09-10 06:46:50.871   565   565 I sysui_multi_action: [757,856,758,1,806,android,857,HEAVY_WEIGHT_APP,858,3]
09-10 06:46:50.871   565   565 I sysui_multi_action: [757,856,758,1,806,android,857,SYSTEM_CHANGES_ALERTS,858,3]
09-10 06:46:50.871   565   565 I sysui_multi_action: [757,856,758,1,806,android,857,DO_NOT_DISTURB,858,2]
09-10 06:46:50.871   565   565 I sysui_multi_action: [757,856,758,1,806,android,857,ACCESSIBILITY_MAGNIFICATION,858,4]
09-10 06:46:50.872   565   565 I sysui_multi_action: [757,856,758,1,806,android,857,ACCESSIBILITY_SECURITY_POLICY,858,2]
09-10 06:46:50.872   565   565 I sysui_multi_action: [757,856,758,1,806,android,857,ABUSIVE_BACKGROUND_APPS,858,2]
09-10 06:46:50.874   565   863 I storage_state: [41217664-9172-527a-b3d5-edabb50a7d69,0,0,5814636544,6228115456]
09-10 06:46:50.878   565   602 I am_wtf  : [0,565,system_server,-1,SystemServiceRegistry,No service published for: jobscheduler]
09-10 06:46:50.880   565   602 I am_wtf  : [0,565,system_server,-1,SystemServiceRegistry,Manager wrapper not available: jobscheduler]
09-10 06:46:50.928   565   602 I am_wtf  : [0,565,system_server,-1,SystemServiceRegistry,No service published for: jobscheduler]
09-10 06:46:50.929   565   602 I am_wtf  : [0,565,system_server,-1,SystemServiceRegistry,Manager wrapper not available: jobscheduler]
09-10 06:46:50.973   565   869 I stream_devices_changed: [4,0,2]
09-10 06:46:50.976   565   869 I stream_devices_changed: [6,0,2]
09-10 06:46:50.978   565   869 I stream_devices_changed: [3,0,2]
09-10 06:46:50.979   565   869 I stream_devices_changed: [5,0,2]
09-10 06:46:50.981   565   869 I stream_devices_changed: [2,0,2]
09-10 06:46:50.982   565   869 I stream_devices_changed: [0,0,2]
09-10 06:46:51.074   565   667 I commit_sys_config_file: [settings-2-0,9]
09-10 06:46:51.075   565   667 I commit_sys_config_file: [settings-0-0,1]
09-10 06:46:51.116   565   592 I commit_sys_config_file: [notification-policy,1]
09-10 06:46:51.126   565   667 I commit_sys_config_file: [settings-1-0,0]
09-10 06:46:51.176   565   565 I configuration_changed: 512
09-10 06:46:51.191   565   846 I sysui_multi_action: [757,856,758,1,806,android,857,APM_ALERTS,858,4]
09-10 06:46:51.217   565   565 I commit_sys_config_file: [package-session,1]
09-10 06:46:51.235   565   565 I sysui_multi_action: [757,1243,758,4,806,com.android.dynsystem,1241,android.permission.POST_NOTIFICATIONS]
09-10 06:46:51.235   565   565 I sysui_multi_action: [757,1243,758,4,806,com.android.server.telecom,1241,android.permission.READ_CALL_LOG]
09-10 06:46:51.235   565   565 I sysui_multi_action: [757,1243,758,4,806,com.android.settings,1241,android.permission.ACCESS_FINE_LOCATION]
09-10 06:46:51.235   565   565 I sysui_multi_action: [757,1243,758,4,806,com.android.settings,1241,android.permission.READ_PHONE_NUMBERS]
09-10 06:46:51.235   565   565 I sysui_multi_action: [757,1243,758,4,806,com.android.settings,1241,android.permission.READ_MEDIA_VISUAL_USER_SELECTED]
09-10 06:46:51.235   565   565 I sysui_multi_action: [757,1243,758,4,806,com.android.settings,1241,android.permission.BLUETOOTH_CONNECT]
09-10 06:46:51.235   565   565 I sysui_multi_action: [757,1243,758,4,806,com.android.server.telecom,1241,android.permission.READ_EXTERNAL_STORAGE]
09-10 06:46:51.235   565   565 I sysui_multi_action: [757,1243,758,4,806,com.android.settings,1241,android.permission.ACCESS_COARSE_LOCATION]
09-10 06:46:51.236   565   565 I sysui_multi_action: [757,1243,758,4,806,com.android.settings,1241,android.permission.READ_PHONE_STATE]
09-10 06:46:51.236   565   565 I sysui_multi_action: [757,1243,758,4,806,com.android.server.telecom,1241,android.permission.SEND_SMS]
09-10 06:46:51.236   565   565 I sysui_multi_action: [757,1243,758,4,806,com.android.settings,1241,android.permission.CALL_PHONE]
09-10 06:46:51.236   565   565 I sysui_multi_action: [757,1243,758,4,806,com.android.settings,1241,android.permission.READ_MEDIA_IMAGES]
09-10 06:46:51.236   565   565 I sysui_multi_action: [757,1243,758,4,806,com.android.settings,1241,android.permission.WRITE_CONTACTS]
09-10 06:46:51.236   565   565 I sysui_multi_action: [757,1243,758,4,806,com.android.DeviceAsWebcam,1241,android.permission.CAMERA]
09-10 06:46:51.236   565   565 I sysui_multi_action: [757,1243,758,4,806,com.android.server.telecom,1241,android.permission.WRITE_CALL_LOG]
09-10 06:46:51.236   565   565 I sysui_multi_action: [757,1243,758,4,806,com.android.settings,1241,android.permission.READ_MEDIA_AUDIO]
09-10 06:46:51.236   565   565 I sysui_multi_action: [757,1243,758,4,806,com.android.settings,1241,android.permission.READ_MEDIA_VIDEO]
09-10 06:46:51.237   565   565 I sysui_multi_action: [757,1243,758,4,806,com.android.settings,1241,android.permission.BLUETOOTH_ADVERTISE]
09-10 06:46:51.237   565   565 I sysui_multi_action: [757,1243,758,4,806,android,1241,android.permission.GET_ACCOUNTS]
09-10 06:46:51.237   565   565 I sysui_multi_action: [757,1243,758,4,806,com.android.settings,1241,android.permission.WRITE_EXTERNAL_STORAGE]
09-10 06:46:51.237   565   565 I sysui_multi_action: [757,1243,758,4,806,android,1241,android.permission.READ_CONTACTS]
09-10 06:46:51.237   565   565 I sysui_multi_action: [757,1243,758,4,806,com.android.location.fused,1241,android.permission.ACCESS_BACKGROUND_LOCATION]
09-10 06:46:51.237   565   565 I sysui_multi_action: [757,1243,758,4,806,com.android.settings,1241,android.permission.BLUETOOTH_SCAN]
09-10 06:46:51.237   565   565 I sysui_multi_action: [757,1243,758,4,806,com.android.mms.service,1241,android.permission.READ_SMS]
09-10 06:46:51.237   565   565 I sysui_multi_action: [757,1243,758,4,806,com.android.stk,1241,android.permission.POST_NOTIFICATIONS]
09-10 06:46:51.237   565   565 I sysui_multi_action: [757,1243,758,4,806,com.android.phone,1241,android.permission.READ_CALL_LOG]
09-10 06:46:51.238   565   565 I sysui_multi_action: [757,1243,758,4,806,com.android.phone,1241,android.permission.ACCESS_FINE_LOCATION]
09-10 06:46:51.238   565   565 I sysui_multi_action: [757,1243,758,4,806,com.android.providers.telephony,1241,android.permission.RECEIVE_SMS]
09-10 06:46:51.238   565   565 I sysui_multi_action: [757,1243,758,4,806,com.android.phone,1241,android.permission.BLUETOOTH_CONNECT]
09-10 06:46:51.238   565   565 I sysui_multi_action: [757,1243,758,4,806,com.android.providers.telephony,1241,android.permission.READ_EXTERNAL_STORAGE]
09-10 06:46:51.238   565   565 I sysui_multi_action: [757,1243,758,4,806,com.android.phone,1241,android.permission.ACCESS_COARSE_LOCATION]
09-10 06:46:51.238   565   565 I sysui_multi_action: [757,1243,758,4,806,com.android.mms.service,1241,android.permission.READ_PHONE_STATE]
09-10 06:46:51.238   565   565 I sysui_multi_action: [757,1243,758,4,806,com.android.phone,1241,android.permission.SEND_SMS]
09-10 06:46:51.238   565   565 I sysui_multi_action: [757,1243,758,4,806,com.android.phone,1241,android.permission.CALL_PHONE]
09-10 06:46:51.238   565   565 I sysui_multi_action: [757,1243,758,4,806,com.android.phone,1241,android.permission.WRITE_CONTACTS]
09-10 06:46:51.239   565   565 I sysui_multi_action: [757,1243,758,4,806,com.android.phone,1241,android.permission.WRITE_CALL_LOG]
09-10 06:46:51.239   565   565 I sysui_multi_action: [757,1243,758,4,806,com.android.phone,1241,android.permission.USE_SIP]
09-10 06:46:51.239   565   565 I sysui_multi_action: [757,1243,758,4,806,com.android.phone,1241,android.permission.GET_ACCOUNTS]
09-10 06:46:51.239   565   565 I sysui_multi_action: [757,1243,758,4,806,com.android.providers.telephony,1241,android.permission.WRITE_EXTERNAL_STORAGE]
09-10 06:46:51.239   565   565 I sysui_multi_action: [757,1243,758,4,806,com.android.phone,1241,android.permission.RECORD_AUDIO]
09-10 06:46:51.239   565   565 I sysui_multi_action: [757,1243,758,4,806,com.android.phone,1241,android.permission.READ_CONTACTS]
09-10 06:46:51.239   565   565 I sysui_multi_action: [757,1243,758,4,806,com.android.phone,1241,android.permission.BLUETOOTH_SCAN]
09-10 06:46:51.239   565   565 I sysui_multi_action: [757,1243,758,4,806,com.android.phone,1241,com.android.voicemail.permission.ADD_VOICEMAIL]
09-10 06:46:51.239   565   565 I sysui_multi_action: [757,1243,758,4,806,com.android.bluetooth,1241,android.permission.READ_SMS]
09-10 06:46:51.239   565   565 I sysui_multi_action: [757,1243,758,4,806,com.android.bluetooth,1241,android.permission.POST_NOTIFICATIONS]
09-10 06:46:51.240   565   565 I sysui_multi_action: [757,1243,758,4,806,com.android.bluetooth,1241,android.permission.READ_CALL_LOG]
09-10 06:46:51.240   565   565 I sysui_multi_action: [757,1243,758,4,806,com.android.bluetooth,1241,android.permission.ACCESS_FINE_LOCATION]
09-10 06:46:51.240   565   565 I sysui_multi_action: [757,1243,758,4,806,com.android.bluetooth,1241,android.permission.RECEIVE_SMS]
09-10 06:46:51.240   565   565 I sysui_multi_action: [757,1243,758,4,806,com.android.bluetooth,1241,android.permission.BLUETOOTH_CONNECT]
09-10 06:46:51.240   565   565 I sysui_multi_action: [757,1243,758,4,806,com.android.bluetooth,1241,android.permission.READ_EXTERNAL_STORAGE]
09-10 06:46:51.240   565   565 I sysui_multi_action: [757,1243,758,4,806,com.android.bluetooth,1241,android.permission.ACCESS_COARSE_LOCATION]
09-10 06:46:51.240   565   565 I sysui_multi_action: [757,1243,758,4,806,com.android.bluetooth,1241,android.permission.SEND_SMS]
09-10 06:46:51.240   565   565 I sysui_multi_action: [757,1243,758,4,806,com.android.bluetooth,1241,android.permission.WRITE_CONTACTS]
09-10 06:46:51.241   565   565 I sysui_multi_action: [757,1243,758,4,806,com.android.bluetooth,1241,android.permission.WRITE_CALL_LOG]
09-10 06:46:51.241   565   565 I sysui_multi_action: [757,1243,758,4,806,com.android.bluetooth,1241,android.permission.BLUETOOTH_ADVERTISE]
09-10 06:46:51.241   565   565 I sysui_multi_action: [757,1243,758,4,806,com.android.bluetooth,1241,android.permission.GET_ACCOUNTS]
09-10 06:46:51.241   565   565 I sysui_multi_action: [757,1243,758,4,806,com.android.bluetooth,1241,android.permission.WRITE_EXTERNAL_STORAGE]
09-10 06:46:51.241   565   565 I sysui_multi_action: [757,1243,758,4,806,com.android.bluetooth,1241,android.permission.READ_CONTACTS]
09-10 06:46:51.241   565   565 I sysui_multi_action: [757,1243,758,4,806,com.android.bluetooth,1241,android.permission.BLUETOOTH_SCAN]
09-10 06:46:51.241   565   565 I sysui_multi_action: [757,1243,758,4,806,com.android.nfc,1241,android.permission.POST_NOTIFICATIONS]
09-10 06:46:51.241   565   565 I sysui_multi_action: [757,1243,758,4,806,com.android.nfc,1241,android.permission.BLUETOOTH_CONNECT]
09-10 06:46:51.241   565   565 I sysui_multi_action: [757,1243,758,4,806,com.android.nfc,1241,android.permission.READ_EXTERNAL_STORAGE]
09-10 06:46:51.241   565   565 I sysui_multi_action: [757,1243,758,4,806,com.android.nfc,1241,android.permission.WRITE_EXTERNAL_STORAGE]
09-10 06:46:51.242   565   565 I sysui_multi_action: [757,1243,758,4,806,com.android.nfc,1241,android.permission.READ_CONTACTS]
09-10 06:46:51.242   565   565 I sysui_multi_action: [757,1243,758,4,806,com.android.nfc,1241,android.permission.BLUETOOTH_SCAN]
09-10 06:46:51.242   565   565 I sysui_multi_action: [757,1243,758,4,806,com.android.networkstack.tethering,1241,android.permission.POST_NOTIFICATIONS]
09-10 06:46:51.242   565   565 I sysui_multi_action: [757,1243,758,4,806,com.android.networkstack,1241,android.permission.ACCESS_FINE_LOCATION]
09-10 06:46:51.242   565   565 I sysui_multi_action: [757,1243,758,4,806,com.android.cellbroadcastservice,1241,android.permission.RECEIVE_SMS]
09-10 06:46:51.242   565   565 I sysui_multi_action: [757,1243,758,4,806,com.android.networkstack.tethering,1241,android.permission.BLUETOOTH_CONNECT]
09-10 06:46:51.242   565   565 I sysui_multi_action: [757,1243,758,4,806,com.android.networkstack,1241,android.permission.ACCESS_COARSE_LOCATION]
09-10 06:46:51.242   565   565 I sysui_multi_action: [757,1243,758,4,806,com.android.networkstack.tethering,1241,android.permission.READ_PHONE_STATE]
09-10 06:46:51.242   565   565 I sysui_multi_action: [757,1243,758,4,806,com.android.cellbroadcastservice,1241,android.permission.READ_CELL_BROADCASTS]
09-10 06:46:51.242   565   565 I sysui_multi_action: [757,1243,758,4,806,com.android.shell,1241,android.permission.READ_SMS]
09-10 06:46:51.242   565   565 I sysui_multi_action: [757,1243,758,4,806,com.android.shell,1241,android.permission.READ_CALENDAR]
09-10 06:46:51.242   565   565 I sysui_multi_action: [757,1243,758,4,806,com.android.shell,1241,android.permission.POST_NOTIFICATIONS]
09-10 06:46:51.243   565   565 I sysui_multi_action: [757,1243,758,4,806,com.android.shell,1241,android.permission.READ_CALL_LOG]
09-10 06:46:51.243   565   565 I sysui_multi_action: [757,1243,758,4,806,com.android.shell,1241,android.permission.ACCESS_FINE_LOCATION]
09-10 06:46:51.243   565   565 I sysui_multi_action: [757,1243,758,4,806,com.android.shell,1241,android.permission.ANSWER_PHONE_CALLS]
09-10 06:46:51.243   565   565 I sysui_multi_action: [757,1243,758,4,806,com.android.shell,1241,android.permission.RECEIVE_WAP_PUSH]
09-10 06:46:51.243   565   565 I sysui_multi_action: [757,1243,758,4,806,com.android.shell,1241,android.permission.BODY_SENSORS]
09-10 06:46:51.243   565   565 I sysui_multi_action: [757,1243,758,4,806,com.android.shell,1241,android.permission.READ_PHONE_NUMBERS]
09-10 06:46:51.243   565   565 I sysui_multi_action: [757,1243,758,4,806,com.android.shell,1241,android.permission.READ_MEDIA_VISUAL_USER_SELECTED]
09-10 06:46:51.243   565   565 I sysui_multi_action: [757,1243,758,4,806,com.android.shell,1241,android.permission.NEARBY_WIFI_DEVICES]
09-10 06:46:51.244   565   565 I sysui_multi_action: [757,1243,758,4,806,com.android.shell,1241,android.permission.RECEIVE_MMS]
09-10 06:46:51.244   565   565 I sysui_multi_action: [757,1243,758,4,806,com.android.shell,1241,android.permission.RECEIVE_SMS]
09-10 06:46:51.244   565   565 I sysui_multi_action: [757,1243,758,4,806,com.android.shell,1241,android.permission.BLUETOOTH_CONNECT]
09-10 06:46:51.244   565   565 I sysui_multi_action: [757,1243,758,4,806,com.android.shell,1241,android.permission.READ_EXTERNAL_STORAGE]
09-10 06:46:51.244   565   565 I sysui_multi_action: [757,1243,758,4,806,com.android.shell,1241,android.permission.ACCESS_COARSE_LOCATION]
09-10 06:46:51.244   565   565 I sysui_multi_action: [757,1243,758,4,806,com.android.shell,1241,android.permission.READ_PHONE_STATE]
09-10 06:46:51.244   565   565 I sysui_multi_action: [757,1243,758,4,806,com.android.shell,1241,android.permission.SEND_SMS]
09-10 06:46:51.245   565   565 I sysui_multi_action: [757,1243,758,4,806,com.android.shell,1241,android.permission.CALL_PHONE]
09-10 06:46:51.245   565   565 I sysui_multi_action: [757,1243,758,4,806,com.android.shell,1241,android.permission.WRITE_CONTACTS]
09-10 06:46:51.245   565   565 I sysui_multi_action: [757,1243,758,4,806,com.android.shell,1241,android.permission.ACCEPT_HANDOVER]
09-10 06:46:51.245   565   565 I sysui_multi_action: [757,1243,758,4,806,com.android.shell,1241,android.permission.CAMERA]
09-10 06:46:51.245   565   565 I sysui_multi_action: [757,1243,758,4,806,com.android.shell,1241,android.permission.WRITE_CALENDAR]
09-10 06:46:51.245   565   565 I sysui_multi_action: [757,1243,758,4,806,com.android.shell,1241,android.permission.WRITE_CALL_LOG]
09-10 06:46:51.245   565   565 I sysui_multi_action: [757,1243,758,4,806,com.android.shell,1241,android.permission.USE_SIP]
09-10 06:46:51.245   565   565 I sysui_multi_action: [757,1243,758,4,806,com.android.shell,1241,android.permission.PROCESS_OUTGOING_CALLS]
09-10 06:46:51.245   565   565 I sysui_multi_action: [757,1243,758,4,806,com.android.shell,1241,android.permission.READ_CELL_BROADCASTS]
09-10 06:46:51.246   565   565 I sysui_multi_action: [757,1243,758,4,806,com.android.shell,1241,android.permission.BLUETOOTH_ADVERTISE]
09-10 06:46:51.246   565   565 I sysui_multi_action: [757,1243,758,4,806,com.android.shell,1241,android.permission.GET_ACCOUNTS]
09-10 06:46:51.246   565   565 I sysui_multi_action: [757,1243,758,4,806,com.android.shell,1241,android.permission.WRITE_EXTERNAL_STORAGE]
09-10 06:46:51.247   565   565 I sysui_multi_action: [757,1243,758,4,806,com.android.shell,1241,android.permission.UWB_RANGING]
09-10 06:46:51.247   565   565 I sysui_multi_action: [757,1243,758,4,806,com.android.shell,1241,android.permission.ACTIVITY_RECOGNITION]
09-10 06:46:51.247   565   565 I sysui_multi_action: [757,1243,758,4,806,com.android.shell,1241,android.permission.RECORD_AUDIO]
09-10 06:46:51.247   565   565 I sysui_multi_action: [757,1243,758,4,806,com.android.shell,1241,android.permission.READ_CONTACTS]
09-10 06:46:51.247   565   565 I sysui_multi_action: [757,1243,758,4,806,com.android.shell,1241,android.permission.ACCESS_BACKGROUND_LOCATION]
09-10 06:46:51.247   565   565 I sysui_multi_action: [757,1243,758,4,806,com.android.shell,1241,android.permission.BLUETOOTH_SCAN]
09-10 06:46:51.247   565   565 I sysui_multi_action: [757,1243,758,4,806,com.android.shell,1241,android.permission.ACCESS_MEDIA_LOCATION]
09-10 06:46:51.248   565   565 I sysui_multi_action: [757,1243,758,4,806,com.android.shell,1241,com.android.voicemail.permission.ADD_VOICEMAIL]
09-10 06:46:51.248   565   565 I sysui_multi_action: [757,1243,758,4,806,com.android.documentsui,1241,android.permission.POST_NOTIFICATIONS]
09-10 06:46:51.248   565   565 I sysui_multi_action: [757,1243,758,4,806,com.android.packageinstaller,1241,android.permission.POST_NOTIFICATIONS]
09-10 06:46:51.248   565   565 I sysui_multi_action: [757,1243,758,4,806,com.android.externalstorage,1241,android.permission.READ_EXTERNAL_STORAGE]
09-10 06:46:51.248   565   565 I sysui_multi_action: [757,1243,758,4,806,com.android.externalstorage,1241,android.permission.WRITE_EXTERNAL_STORAGE]
09-10 06:46:51.248   565   565 I sysui_multi_action: [757,1243,758,4,806,com.android.managedprovisioning,1241,android.permission.POST_NOTIFICATIONS]
09-10 06:46:51.248   565   565 I sysui_multi_action: [757,1243,758,4,806,com.android.providers.contacts,1241,android.permission.READ_CALL_LOG]
09-10 06:46:51.248   565   565 I sysui_multi_action: [757,1243,758,4,806,com.android.providers.contacts,1241,android.permission.READ_PHONE_STATE]
09-10 06:46:51.249   565   565 I sysui_multi_action: [757,1243,758,4,806,com.android.providers.contacts,1241,android.permission.WRITE_CONTACTS]
09-10 06:46:51.249   565   565 I sysui_multi_action: [757,1243,758,4,806,com.android.providers.contacts,1241,android.permission.WRITE_CALL_LOG]
09-10 06:46:51.249   565   565 I sysui_multi_action: [757,1243,758,4,806,com.android.providers.contacts,1241,android.permission.GET_ACCOUNTS]
09-10 06:46:51.249   565   565 I sysui_multi_action: [757,1243,758,4,806,com.android.providers.contacts,1241,android.permission.READ_CONTACTS]
09-10 06:46:51.249   565   565 I sysui_multi_action: [757,1243,758,4,806,com.android.sharedstoragebackup,1241,android.permission.READ_EXTERNAL_STORAGE]
09-10 06:46:51.249   565   565 I sysui_multi_action: [757,1243,758,4,806,com.android.sharedstoragebackup,1241,android.permission.WRITE_EXTERNAL_STORAGE]
09-10 06:46:51.249   565   565 I sysui_multi_action: [757,1243,758,4,806,com.android.providers.downloads,1241,android.permission.POST_NOTIFICATIONS]
09-10 06:46:51.249   565   565 I sysui_multi_action: [757,1243,758,4,806,com.android.providers.downloads,1241,android.permission.READ_EXTERNAL_STORAGE]
09-10 06:46:51.250   565   565 I sysui_multi_action: [757,1243,758,4,806,com.android.providers.downloads,1241,android.permission.WRITE_EXTERNAL_STORAGE]
09-10 06:46:51.250   565   565 I sysui_multi_action: [757,1243,758,4,806,com.android.bips,1241,android.permission.POST_NOTIFICATIONS]
09-10 06:46:51.250   565   565 I sysui_multi_action: [757,1243,758,4,806,com.android.apps.tag,1241,android.permission.CALL_PHONE]
09-10 06:46:51.250   565   565 I sysui_multi_action: [757,1243,758,4,806,com.android.apps.tag,1241,android.permission.READ_CONTACTS]
09-10 06:46:51.250   565   565 I sysui_multi_action: [757,1243,758,4,806,com.android.statementservice,1241,android.permission.POST_NOTIFICATIONS]
09-10 06:46:51.250   565   565 I sysui_multi_action: [757,1243,758,4,806,com.android.providers.calendar,1241,android.permission.READ_CALENDAR]
09-10 06:46:51.251   565   565 I sysui_multi_action: [757,1243,758,4,806,com.android.providers.calendar,1241,android.permission.READ_EXTERNAL_STORAGE]
09-10 06:46:51.251   565   565 I sysui_multi_action: [757,1243,758,4,806,com.android.providers.calendar,1241,android.permission.WRITE_CALENDAR]
09-10 06:46:51.251   565   565 I sysui_multi_action: [757,1243,758,4,806,com.android.providers.calendar,1241,android.permission.GET_ACCOUNTS]
09-10 06:46:51.251   565   565 I sysui_multi_action: [757,1243,758,4,806,com.android.providers.calendar,1241,android.permission.WRITE_EXTERNAL_STORAGE]
09-10 06:46:51.251   565   565 I sysui_multi_action: [757,1243,758,4,806,com.android.egg,1241,android.permission.POST_NOTIFICATIONS]
09-10 06:46:51.251   565   565 I sysui_multi_action: [757,1243,758,4,806,com.android.printspooler,1241,android.permission.POST_NOTIFICATIONS]
09-10 06:46:51.251   565   565 I sysui_multi_action: [757,1243,758,4,806,com.android.printspooler,1241,android.permission.ACCESS_FINE_LOCATION]
09-10 06:46:51.251   565   565 I sysui_multi_action: [757,1243,758,4,806,com.android.printspooler,1241,android.permission.ACCESS_COARSE_LOCATION]
09-10 06:46:51.251   565   565 I sysui_multi_action: [757,1243,758,4,806,com.android.bluetoothmidiservice,1241,android.permission.BLUETOOTH_CONNECT]
09-10 06:46:51.251   565   565 I sysui_multi_action: [757,1243,758,4,806,com.android.bluetoothmidiservice,1241,android.permission.BLUETOOTH_ADVERTISE]
09-10 06:46:51.252   565   565 I sysui_multi_action: [757,1243,758,4,806,com.android.bluetoothmidiservice,1241,android.permission.BLUETOOTH_SCAN]
09-10 06:46:51.252   565   565 I sysui_multi_action: [757,1243,758,4,806,com.android.carrierdefaultapp,1241,android.permission.POST_NOTIFICATIONS]
09-10 06:46:51.252   565   565 I sysui_multi_action: [757,1243,758,4,806,com.android.captiveportallogin,1241,android.permission.POST_NOTIFICATIONS]
09-10 06:46:51.252   565   565 I sysui_multi_action: [757,1243,758,4,806,com.android.traceur,1241,android.permission.POST_NOTIFICATIONS]
09-10 06:46:51.252   565   565 I sysui_multi_action: [757,1243,758,4,806,com.android.companiondevicemanager,1241,android.permission.ACCESS_FINE_LOCATION]
09-10 06:46:51.252   565   565 I sysui_multi_action: [757,1243,758,4,806,com.android.companiondevicemanager,1241,android.permission.BLUETOOTH_CONNECT]
09-10 06:46:51.252   565   565 I sysui_multi_action: [757,1243,758,4,806,com.android.companiondevicemanager,1241,android.permission.ACCESS_COARSE_LOCATION]
09-10 06:46:51.252   565   565 I sysui_multi_action: [757,1243,758,4,806,com.android.companiondevicemanager,1241,android.permission.BLUETOOTH_ADVERTISE]
09-10 06:46:51.252   565   565 I sysui_multi_action: [757,1243,758,4,806,com.android.companiondevicemanager,1241,android.permission.ACCESS_BACKGROUND_LOCATION]
09-10 06:46:51.253   565   565 I sysui_multi_action: [757,1243,758,4,806,com.android.companiondevicemanager,1241,android.permission.BLUETOOTH_SCAN]
09-10 06:46:51.253   565   565 I sysui_multi_action: [757,1243,758,4,806,com.android.dialer,1241,android.permission.POST_NOTIFICATIONS]
09-10 06:46:51.253   565   565 I sysui_multi_action: [757,1243,758,4,806,com.android.dialer,1241,android.permission.READ_CALL_LOG]
09-10 06:46:51.253   565   565 I sysui_multi_action: [757,1243,758,4,806,com.android.dialer,1241,android.permission.READ_PHONE_STATE]
09-10 06:46:51.253   565   565 I sysui_multi_action: [757,1243,758,4,806,com.android.dialer,1241,android.permission.SEND_SMS]
09-10 06:46:51.253   565   565 I sysui_multi_action: [757,1243,758,4,806,com.android.dialer,1241,android.permission.CALL_PHONE]
09-10 06:46:51.253   565   565 I sysui_multi_action: [757,1243,758,4,806,com.android.dialer,1241,android.permission.WRITE_CONTACTS]
09-10 06:46:51.253   565   565 I sysui_multi_action: [757,1243,758,4,806,com.android.dialer,1241,android.permission.CAMERA]
09-10 06:46:51.254   565   565 I sysui_multi_action: [757,1243,758,4,806,com.android.dialer,1241,android.permission.WRITE_CALL_LOG]
09-10 06:46:51.254   565   565 I sysui_multi_action: [757,1243,758,4,806,com.android.dialer,1241,android.permission.PROCESS_OUTGOING_CALLS]
09-10 06:46:51.254   565   565 I sysui_multi_action: [757,1243,758,4,806,com.android.dialer,1241,android.permission.GET_ACCOUNTS]
09-10 06:46:51.254   565   565 I sysui_multi_action: [757,1243,758,4,806,com.android.dialer,1241,android.permission.READ_CONTACTS]
09-10 06:46:51.254   565   565 I sysui_multi_action: [757,1243,758,4,806,com.android.dialer,1241,com.android.voicemail.permission.ADD_VOICEMAIL]
09-10 06:46:51.254   565   565 I sysui_multi_action: [757,1243,758,4,806,com.android.contacts,1241,android.permission.READ_CALL_LOG]
09-10 06:46:51.254   565   565 I sysui_multi_action: [757,1243,758,4,806,com.android.contacts,1241,android.permission.READ_PHONE_STATE]
09-10 06:46:51.254   565   565 I sysui_multi_action: [757,1243,758,4,806,com.android.contacts,1241,android.permission.CALL_PHONE]
09-10 06:46:51.255   565   565 I sysui_multi_action: [757,1243,758,4,806,com.android.contacts,1241,android.permission.WRITE_CONTACTS]
09-10 06:46:51.255   565   565 I sysui_multi_action: [757,1243,758,4,806,com.android.contacts,1241,android.permission.GET_ACCOUNTS]
09-10 06:46:51.255   565   565 I sysui_multi_action: [757,1243,758,4,806,com.android.contacts,1241,android.permission.READ_CONTACTS]
09-10 06:46:51.255   565   565 I sysui_multi_action: [757,1243,758,4,806,com.android.music,1241,android.permission.READ_MEDIA_VISUAL_USER_SELECTED]
09-10 06:46:51.255   565   565 I sysui_multi_action: [757,1243,758,4,806,com.android.music,1241,android.permission.READ_EXTERNAL_STORAGE]
09-10 06:46:51.255   565   565 I sysui_multi_action: [757,1243,758,4,806,com.android.music,1241,android.permission.READ_MEDIA_IMAGES]
09-10 06:46:51.255   565   565 I sysui_multi_action: [757,1243,758,4,806,com.android.music,1241,android.permission.READ_MEDIA_AUDIO]
09-10 06:46:51.255   565   565 I sysui_multi_action: [757,1243,758,4,806,com.android.music,1241,android.permission.READ_MEDIA_VIDEO]
09-10 06:46:51.256   565   565 I sysui_multi_action: [757,1243,758,4,806,com.android.camera2,1241,android.permission.CAMERA]
09-10 06:46:51.256   565   565 I sysui_multi_action: [757,1243,758,4,806,com.android.camera2,1241,android.permission.RECORD_AUDIO]
09-10 06:46:51.256   565   565 I sysui_multi_action: [757,1243,758,4,806,com.android.calendar,1241,android.permission.READ_CALENDAR]
09-10 06:46:51.256   565   565 I sysui_multi_action: [757,1243,758,4,806,com.android.calendar,1241,android.permission.POST_NOTIFICATIONS]
09-10 06:46:51.256   565   565 I sysui_multi_action: [757,1243,758,4,806,com.android.calendar,1241,android.permission.WRITE_CALENDAR]
09-10 06:46:51.256   565   565 I sysui_multi_action: [757,1243,758,4,806,com.android.calendar,1241,android.permission.GET_ACCOUNTS]
09-10 06:46:51.257   565   565 I sysui_multi_action: [757,1243,758,4,806,com.android.calendar,1241,android.permission.READ_CONTACTS]
09-10 06:46:51.257   565   565 I sysui_multi_action: [757,1243,758,4,806,com.android.messaging,1241,android.permission.READ_SMS]
09-10 06:46:51.257   565   565 I sysui_multi_action: [757,1243,758,4,806,com.android.messaging,1241,android.permission.POST_NOTIFICATIONS]
09-10 06:46:51.257   565   565 I sysui_multi_action: [757,1243,758,4,806,com.android.messaging,1241,android.permission.READ_MEDIA_VISUAL_USER_SELECTED]
09-10 06:46:51.257   565   565 I sysui_multi_action: [757,1243,758,4,806,com.android.messaging,1241,android.permission.RECEIVE_MMS]
09-10 06:46:51.257   565   565 I sysui_multi_action: [757,1243,758,4,806,com.android.messaging,1241,android.permission.RECEIVE_SMS]
09-10 06:46:51.258   565   565 I sysui_multi_action: [757,1243,758,4,806,com.android.messaging,1241,android.permission.READ_EXTERNAL_STORAGE]
09-10 06:46:51.258   565   565 I sysui_multi_action: [757,1243,758,4,806,com.android.messaging,1241,android.permission.READ_PHONE_STATE]
09-10 06:46:51.258   565   565 I sysui_multi_action: [757,1243,758,4,806,com.android.messaging,1241,android.permission.SEND_SMS]
09-10 06:46:51.258   565   565 I sysui_multi_action: [757,1243,758,4,806,com.android.messaging,1241,android.permission.CALL_PHONE]
09-10 06:46:51.258   565   565 I sysui_multi_action: [757,1243,758,4,806,com.android.messaging,1241,android.permission.READ_MEDIA_IMAGES]
09-10 06:46:51.258   565   565 I sysui_multi_action: [757,1243,758,4,806,com.android.messaging,1241,android.permission.WRITE_CONTACTS]
09-10 06:46:51.258   565   565 I sysui_multi_action: [757,1243,758,4,806,com.android.messaging,1241,android.permission.CAMERA]
09-10 06:46:51.258   565   565 I sysui_multi_action: [757,1243,758,4,806,com.android.messaging,1241,android.permission.READ_MEDIA_AUDIO]
09-10 06:46:51.258   565   565 I sysui_multi_action: [757,1243,758,4,806,com.android.messaging,1241,android.permission.READ_MEDIA_VIDEO]
09-10 06:46:51.258   565   565 I sysui_multi_action: [757,1243,758,4,806,com.android.messaging,1241,android.permission.WRITE_EXTERNAL_STORAGE]
09-10 06:46:51.258   565   565 I sysui_multi_action: [757,1243,758,4,806,com.android.messaging,1241,android.permission.RECORD_AUDIO]
09-10 06:46:51.258   565   565 I sysui_multi_action: [757,1243,758,4,806,com.android.messaging,1241,android.permission.READ_CONTACTS]
09-10 06:46:51.258   565   565 I sysui_multi_action: [757,1243,758,4,806,com.android.messaging,1241,android.permission.ACCESS_MEDIA_LOCATION]
09-10 06:46:51.259   565   565 I sysui_multi_action: [757,1243,758,4,806,com.android.emergency,1241,android.permission.READ_PHONE_STATE]
09-10 06:46:51.259   565   565 I sysui_multi_action: [757,1243,758,4,806,com.android.emergency,1241,android.permission.CALL_PHONE]
09-10 06:46:51.259   565   565 I sysui_multi_action: [757,1243,758,4,806,com.android.emergency,1241,android.permission.READ_CONTACTS]
09-10 06:46:51.259   565   565 I sysui_multi_action: [757,1243,758,4,806,com.android.systemui,1241,android.permission.POST_NOTIFICATIONS]
09-10 06:46:51.259   565   565 I sysui_multi_action: [757,1243,758,4,806,com.android.systemui,1241,android.permission.BLUETOOTH_CONNECT]
09-10 06:46:51.259   565   565 I sysui_multi_action: [757,1243,758,4,806,com.android.systemui,1241,android.permission.READ_EXTERNAL_STORAGE]
09-10 06:46:51.259   565   565 I sysui_multi_action: [757,1243,758,4,806,com.android.systemui,1241,android.permission.CAMERA]
09-10 06:46:51.259   565   565 I sysui_multi_action: [757,1243,758,4,806,com.android.systemui,1241,android.permission.BLUETOOTH_ADVERTISE]
09-10 06:46:51.259   565   565 I sysui_multi_action: [757,1243,758,4,806,com.android.systemui,1241,android.permission.GET_ACCOUNTS]
09-10 06:46:51.259   565   565 I sysui_multi_action: [757,1243,758,4,806,com.android.systemui,1241,android.permission.RECORD_AUDIO]
09-10 06:46:51.259   565   565 I sysui_multi_action: [757,1243,758,4,806,com.android.systemui,1241,android.permission.READ_CONTACTS]
09-10 06:46:51.260   565   565 I sysui_multi_action: [757,1243,758,4,806,com.android.systemui,1241,android.permission.BLUETOOTH_SCAN]
09-10 06:46:51.260   565   565 I sysui_multi_action: [757,1243,758,4,806,com.android.launcher3,1241,android.permission.POST_NOTIFICATIONS]
09-10 06:46:51.260   565   565 I sysui_multi_action: [757,1243,758,4,806,com.android.storagemanager,1241,android.permission.POST_NOTIFICATIONS]
09-10 06:46:51.260   565   565 I sysui_multi_action: [757,1243,758,4,806,com.android.storagemanager,1241,android.permission.READ_EXTERNAL_STORAGE]
09-10 06:46:51.260   565   565 I sysui_multi_action: [757,1243,758,4,806,com.android.storagemanager,1241,android.permission.WRITE_EXTERNAL_STORAGE]
09-10 06:46:51.260   565   565 I sysui_multi_action: [757,1243,758,4,806,android.ext.services,1241,android.permission.ACCESS_COARSE_LOCATION]
09-10 06:46:51.261   565   565 I sysui_multi_action: [757,1243,758,4,806,com.android.cellbroadcastreceiver.module,1241,android.permission.READ_SMS]
09-10 06:46:51.261   565   565 I sysui_multi_action: [757,1243,758,4,806,com.android.cellbroadcastreceiver.module,1241,android.permission.POST_NOTIFICATIONS]
09-10 06:46:51.261   565   565 I sysui_multi_action: [757,1243,758,4,806,com.android.cellbroadcastreceiver.module,1241,android.permission.RECEIVE_SMS]
09-10 06:46:51.261   565   565 I sysui_multi_action: [757,1243,758,4,806,com.android.cellbroadcastreceiver.module,1241,android.permission.BLUETOOTH_CONNECT]
09-10 06:46:51.261   565   565 I sysui_multi_action: [757,1243,758,4,806,com.android.cellbroadcastreceiver.module,1241,android.permission.READ_CELL_BROADCASTS]
09-10 06:46:51.261   565   565 I sysui_multi_action: [757,1243,758,4,806,com.android.providers.media.module,1241,android.permission.POST_NOTIFICATIONS]
09-10 06:46:51.261   565   565 I sysui_multi_action: [757,1243,758,4,806,com.android.providers.media.module,1241,android.permission.READ_EXTERNAL_STORAGE]
09-10 06:46:51.261   565   565 I sysui_multi_action: [757,1243,758,4,806,com.android.providers.media.module,1241,android.permission.WRITE_EXTERNAL_STORAGE]
09-10 06:46:51.261   565   565 I sysui_multi_action: [757,1243,758,4,806,com.android.devicelockcontroller,1241,android.permission.POST_NOTIFICATIONS]
09-10 06:46:51.262   565   565 I sysui_multi_action: [757,1243,758,4,806,com.android.permissioncontroller,1241,android.permission.POST_NOTIFICATIONS]
09-10 06:46:51.271   565   565 I rescue_note: [0,1,17661]
09-10 06:46:51.335   565   565 I boot_progress_ams_ready: 17726
09-10 06:46:51.336   565   565 I configuration_changed: 268468224
09-10 06:46:51.342   565   565 I thermal_changed: [test temperature sensor,3,30.799999,0,0]
09-10 06:46:51.389   565   667 I commit_sys_config_file: [settings-0-0,2]
09-10 06:46:51.397   565   565 I am_uid_running: 10120
09-10 06:46:51.411   565   920 I am_uid_running: 10142
09-10 06:46:51.415   565   603 I am_proc_start: [0,934,10120,com.android.systemui,service,{com.android.systemui/com.android.systemui.wallpapers.ImageWallpaper}]
09-10 06:46:51.421   565   603 I am_proc_start: [0,943,10142,com.android.permissioncontroller,service,{com.android.permissioncontroller/com.android.permissioncontroller.permission.service.PermissionControllerServiceImpl}]
09-10 06:46:51.432   565   639 I am_proc_bound: [0,943,com.android.permissioncontroller]
09-10 06:46:51.434   565   667 I commit_sys_config_file: [settings-2-0,30]
09-10 06:46:51.439   565   586 I am_proc_bound: [0,934,com.android.systemui]
09-10 06:46:51.439   565   586 I am_uid_active: 10120
09-10 06:46:51.445   565   637 I am_uid_running: 1037
09-10 06:46:51.452   565   603 I am_proc_start: [0,963,1037,WebViewLoader-x86_64,,]
09-10 06:46:51.463   565   844 I commit_sys_config_file: [net-policy,13]
09-10 06:46:51.466   565   640 I am_proc_bound: [0,963,WebViewLoader-x86_64]
09-10 06:46:51.467   565   592 I commit_sys_config_file: [notification-policy,26]
09-10 06:46:51.468   565   640 I am_uid_active: 1037
09-10 06:46:51.507   565   842 I netstats_mobile_sample: [0,0,0,0,0,0,0,0,1789022811507]
09-10 06:46:51.507   565   842 I netstats_wifi_sample: [0,0,0,0,0,0,0,0,1789022811507]
09-10 06:46:51.518   565   842 I netstats_mobile_sample: [0,0,0,0,0,0,0,0,1789022811518]
09-10 06:46:51.518   565   842 I netstats_wifi_sample: [0,0,0,0,0,0,0,0,1789022811518]
09-10 06:46:51.540   565   586 I am_uid_active: 10142
09-10 06:46:51.550   565   585 I am_proc_died: [0,963,WebViewLoader-x86_64,-700,0]
09-10 06:46:51.550   565   585 I am_uid_stopped: 1037
09-10 06:46:51.551   565   585 I am_low_memory: 3
09-10 06:46:51.603   565   667 I commit_sys_config_file: [settings-0-0,3]
09-10 06:46:51.614   565   565 I am_uid_running: 1073
09-10 06:46:51.623   565   565 I ssm_user_starting: 0
09-10 06:46:51.631   565   603 I am_proc_start: [0,1031,1073,com.android.networkstack.process,service,{com.android.networkstack/com.android.server.NetworkStackService}]
09-10 06:46:51.644   565   593 I commit_sys_config_file: [input-state,1]
09-10 06:46:51.650   565   585 I service_manager_stats: [443,218,5001]
09-10 06:46:51.655   565  1017 I am_proc_bound: [0,1031,com.android.networkstack.process]
09-10 06:46:51.657   565  1017 I am_uid_active: 1073
09-10 06:46:51.676   565   601 I netstats_mobile_sample: [0,0,0,0,0,0,0,0,1789022811676]
09-10 06:46:51.676   565   601 I netstats_wifi_sample: [0,0,0,0,0,0,0,0,1789022811676]
09-10 06:46:51.686   565   601 I netstats_mobile_sample: [0,0,0,0,0,0,0,0,1789022811686]
09-10 06:46:51.687   565   640 I wm_task_created: 2
09-10 06:46:51.687   565   601 I netstats_wifi_sample: [0,0,0,0,0,0,0,0,1789022811686]
09-10 06:46:51.688   565   640 I wm_task_created: 3
09-10 06:46:51.689   565   640 I wm_task_created: 4
09-10 06:46:51.695   565  1062 I sysui_multi_action: [757,1243,758,4,806,com.android.settings.intelligence,1241,android.permission.POST_NOTIFICATIONS]
09-10 06:46:51.701   565  1062 I sysui_multi_action: [757,1243,758,4,806,com.android.gallery3d,1241,android.permission.ACCESS_MEDIA_LOCATION]
09-10 06:46:51.702   565  1062 I sysui_multi_action: [757,1243,758,4,806,com.android.gallery3d,1241,android.permission.WRITE_EXTERNAL_STORAGE]
09-10 06:46:51.702   565  1062 I sysui_multi_action: [757,1243,758,4,806,com.android.gallery3d,1241,android.permission.READ_MEDIA_VIDEO]
09-10 06:46:51.702   565  1062 I sysui_multi_action: [757,1243,758,4,806,com.android.gallery3d,1241,android.permission.READ_MEDIA_AUDIO]
09-10 06:46:51.703   565  1062 I sysui_multi_action: [757,1243,758,4,806,com.android.gallery3d,1241,android.permission.READ_MEDIA_IMAGES]
09-10 06:46:51.703   565  1062 I sysui_multi_action: [757,1243,758,4,806,com.android.gallery3d,1241,android.permission.READ_EXTERNAL_STORAGE]
09-10 06:46:51.703   565  1062 I sysui_multi_action: [757,1243,758,4,806,com.android.gallery3d,1241,android.permission.READ_MEDIA_VISUAL_USER_SELECTED]
09-10 06:46:51.730   565  1062 I sysui_multi_action: [757,1243,758,4,806,org.chromium.webview_shell,1241,android.permission.ACCESS_FINE_LOCATION]
09-10 06:46:51.744   565   601 I service_manager_slow: [41,phone]
09-10 06:46:51.746   565   565 I um_user_visibility_changed: [0,1]
09-10 06:46:51.747   565   565 I am_uid_running: 1068
09-10 06:46:51.750   565   667 I commit_sys_config_file: [settings-2-0,2]
09-10 06:46:51.757   565   565 I am_uid_running: 1001
09-10 06:46:51.797   565   592 I commit_sys_config_file: [notification-policy,16]
09-10 06:46:51.805   565   565 I wm_task_created: 5
09-10 06:46:51.806   565   565 I wm_task_moved: [5,1,0,1,2147483647]
09-10 06:46:51.807   565   565 I wm_task_moved: [1,1,0,1,3]
09-10 06:46:51.807   565   565 I wm_create_task: [0,5,1,0]
09-10 06:46:51.807   565   565 I wm_create_activity: [0,188819573,5,com.android.settings/.FallbackHome,android.intent.action.MAIN,NULL,NULL,276824320]
09-10 06:46:51.808   565   565 I wm_task_moved: [1,1,0,1,3]
09-10 06:46:51.808   565   565 I wm_task_moved: [5,1,0,1,2147483647]
09-10 06:46:51.808   565   565 I wm_task_to_front: [0,5,0]
09-10 06:46:51.810   565   565 I uc_send_user_broadcast: [0,android.intent.action.USER_STARTED]
09-10 06:46:51.810   565   565 I uc_send_user_broadcast: [0,android.intent.action.USER_STARTING]
09-10 06:46:51.811   565  1023 I sysui_multi_action: [757,856,758,1,806,com.android.networkstack,857,connected_note_loud,858,4]
09-10 06:46:51.811   565   565 I uc_send_user_broadcast: [0,android.intent.action.USER_FOREGROUND]
09-10 06:46:51.811   565   565 I uc_send_user_broadcast: [0,android.intent.action.USER_SWITCHED]
09-10 06:46:51.812   565  1023 I sysui_multi_action: [757,856,758,1,806,com.android.networkstack,857,connected_note,858,3]
09-10 06:46:51.816   565   603 I am_proc_start: [0,1080,1068,com.android.se,added application,com.android.se]
09-10 06:46:51.817   565   684 I am_uid_running: 1002
09-10 06:46:51.818   565   640 I am_proc_bound: [0,1080,com.android.se]
09-10 06:46:51.821   565   640 I am_uid_active: 1068
09-10 06:46:51.826   565   640 I sysui_multi_action: [757,856,758,1,806,com.android.networkstack.tethering,857,TETHERING_STATUS,858,2]
09-10 06:46:51.840   565   601 I netstats_mobile_sample: [0,0,0,0,0,0,0,0,1789022811840]
09-10 06:46:51.840   565   601 I netstats_wifi_sample: [0,0,0,0,0,0,0,0,1789022811840]
09-10 06:46:51.845   565   603 I am_proc_start: [0,1094,1001,com.android.phone,added application,com.android.phone]
09-10 06:46:51.854   565   603 I am_proc_start: [0,1105,1002,com.android.bluetooth,service,{com.android.bluetooth/com.android.bluetooth.btservice.AdapterService}]
09-10 06:46:51.874  1094  1094 I service_manager_slow: [14,activity]
09-10 06:46:51.874   565  1032 I am_proc_bound: [0,1094,com.android.phone]
09-10 06:46:51.898   565  1024 I am_wtf  : [0,1031,com.android.networkstack.process,680050253,SystemServiceRegistry,No service published for: ethernet]
09-10 06:46:51.907   565   602 I dvm_lock_sample: [system_server,1,ActivityManager,17,ActivityTaskManagerService.java,6313,void com.android.server.wm.ActivityTaskManagerService$LocalService.showSystemReadyErrorDialogsIfNeeded(),,0,null,3]
09-10 06:46:51.909   565  1032 I am_uid_active: 1001
09-10 06:46:51.910   565   603 I am_proc_start: [0,1107,1000,com.android.settings,top-activity,{com.android.settings/com.android.settings.FallbackHome}]
09-10 06:46:51.911   565  1077 I am_proc_bound: [0,1105,com.android.bluetooth]
09-10 06:46:51.908  1031  1031 I auditd  : type=1400 audit(0.0:6): avc:  granted  { read } for  comm="rkstack.process" name="psched" dev="proc" ino=4026532021 scontext=u:r:network_stack:s0 tcontext=u:object_r:proc_net:s0 tclass=file
09-10 06:46:51.917   565   601 I netstats_mobile_sample: [0,0,0,0,0,0,0,0,1789022811917]
09-10 06:46:51.917   565   601 I netstats_wifi_sample: [0,0,0,0,0,0,0,0,1789022811917]
09-10 06:46:51.912  1031  1031 I auditd  : type=1400 audit(0.0:7): avc:  granted  { read open } for  comm="rkstack.process" path="/proc/1031/net/psched" dev="proc" ino=4026532021 scontext=u:r:network_stack:s0 tcontext=u:object_r:proc_net:s0 tclass=file
09-10 06:46:51.923   565  1000 I am_proc_bound: [0,1107,com.android.settings]
09-10 06:46:51.916  1031  1031 I auditd  : type=1400 audit(0.0:8): avc:  granted  { getattr } for  comm="rkstack.process" path="/proc/1031/net/psched" dev="proc" ino=4026532021 scontext=u:r:network_stack:s0 tcontext=u:object_r:proc_net:s0 tclass=file
09-10 06:46:51.949   934   993 I viewroot_draw_event: [VRI[ShellDropTarget],Not drawing due to not visible. Reason=View.INVISIBLE]
09-10 06:46:51.952   565   565 I notification_cancel_all: [1000,565,android,0,0,0,20,NULL]
09-10 06:46:51.952   565   565 I notification_cancel_all: [1000,565,android,0,0,0,20,NULL]
09-10 06:46:51.952   565   565 I notification_cancel_all: [1000,565,android,0,0,0,20,NULL]
09-10 06:46:51.967   565   601 I netstats_mobile_sample: [0,0,0,0,0,0,0,0,1789022811967]
09-10 06:46:51.967   565   601 I netstats_wifi_sample: [0,0,0,0,0,0,0,0,1789022811967]
09-10 06:46:51.997   565  1032 I am_uid_active: 1002
09-10 06:46:51.998   565   667 I commit_sys_config_file: [settings-0-0,5]
09-10 06:46:52.021   565   601 I netstats_mobile_sample: [0,0,0,0,0,0,0,0,1789022812021]
09-10 06:46:52.021   565   601 I netstats_wifi_sample: [0,0,0,0,0,0,0,0,1789022812021]
09-10 06:46:52.062   565  1077 I wm_restart_activity: [0,188819573,5,com.android.settings/.FallbackHome]
09-10 06:46:52.066   565  1077 I wm_set_resumed_activity: [0,com.android.settings/.FallbackHome,realStartActivityLocked - onActivityStateChanged]
09-10 06:46:52.069   565   592 I commit_sys_config_file: [notification-policy,6]
09-10 06:46:52.069   565   565 I notification_enqueue: [1000,565,android,19,NULL,-1,Notification(channel=PHYSICAL_KEYBOARD shortcut=null contentView=null vibrate=null sound=null defaults=0 flags=AUTO_CANCEL|CAN_COLORIZE color=0x00000000 vis=PRIVATE),0]
09-10 06:46:52.103  1107  1107 I wm_on_create_called: [188819573,com.android.settings.FallbackHome,performCreate,20]
09-10 06:46:52.105  1107  1107 I wm_on_start_called: [188819573,com.android.settings.FallbackHome,handleStartActivity,0]
09-10 06:46:52.106  1107  1107 I wm_on_resume_called: [188819573,com.android.settings.FallbackHome,RESUME_ACTIVITY,0]
09-10 06:46:52.108   565   565 I sysui_multi_action: [757,856,758,1,806,com.android.server.telecom,857,TelecomMissedCalls,858,3]
09-10 06:46:52.108   565   565 I sysui_multi_action: [757,856,758,1,806,com.android.server.telecom,857,TelecomIncomingCalls,858,5]
09-10 06:46:52.109   565   565 I sysui_multi_action: [757,856,758,1,806,com.android.server.telecom,857,TelecomCallBlocking,858,2]
09-10 06:46:52.109   565   565 I sysui_multi_action: [757,856,758,1,806,com.android.server.telecom,857,TelecomBackgroundAudioProcessing,858,2]
09-10 06:46:52.109   565   565 I sysui_multi_action: [757,856,758,1,806,com.android.server.telecom,857,TelecomDisconnectedCalls,858,3]
09-10 06:46:52.109   565   565 I sysui_multi_action: [757,856,758,1,806,com.android.server.telecom,857,TelecomInCallServiceCrash,858,3]
09-10 06:46:52.109   565   565 I sysui_multi_action: [757,856,758,1,806,com.android.server.telecom,857,TelecomCallStreaming,858,3]
09-10 06:46:52.122  1107  1107 I wm_on_top_resumed_gained_called: [188819573,com.android.settings.FallbackHome,topStateChangedWhenResumed]
09-10 06:46:52.131   565   842 I netstats_mobile_sample: [0,0,0,0,0,0,0,0,1789022812131]
09-10 06:46:52.131   565   842 I netstats_wifi_sample: [0,0,0,0,0,0,0,0,1789022812131]
09-10 06:46:52.133   565   594 I input_focus: [Focus request 40cb2cf com.android.settings/com.android.settings.FallbackHome,reason=UpdateInputWindows]
09-10 06:46:52.198  1107  1107 I viewroot_draw_event: [VRI[FallbackHome],reportDrawFinished seqId=0]
09-10 06:46:52.202   565   593 I boot_progress_enable_screen: 18593
09-10 06:46:52.211   565   593 I screen_toggled: 1
09-10 06:46:52.214   565   667 I commit_sys_config_file: [settings-2-0,3]
09-10 06:46:52.216   565   590 I sysui_multi_action: [319,416,322,411,325,18,757,761,758,7,759,2,806,com.android.settings,871,com.android.settings.FallbackHome,905,0,945,130,1320,4,1321,23]
09-10 06:46:52.216   565   590 I wm_activity_launch_time: [0,188819573,com.android.settings/.FallbackHome,411]
09-10 06:46:52.217   565   593 I wm_task_removed: [3,3,0,reParentTask:sanitizeAndApplyHierarchyOp]
09-10 06:46:52.218   565   593 I wm_task_moved: [3,2,0,1,2147483647]
09-10 06:46:52.218   565   593 I wm_task_removed: [4,4,0,reParentTask:sanitizeAndApplyHierarchyOp]
09-10 06:46:52.218   565   593 I wm_task_moved: [4,2,0,1,2147483647]
09-10 06:46:52.233   565   565 I sysui_multi_action: [757,1501,758,1,793,588,794,0,795,588,796,19,806,android,857,PHYSICAL_KEYBOARD,858,2,947,0,1500,0]
09-10 06:46:52.233   565   565 I sysui_multi_action: [757,804,799,note_interruptive,801,0,802,1]
09-10 06:46:52.251   565   565 I sysui_multi_action: [757,859,758,6,806,android,860,safety_center_channels]
09-10 06:46:52.251   565   565 I sysui_multi_action: [757,856,758,1,806,android,857,safety_center_information,858,2]
09-10 06:46:52.251   565   565 I sysui_multi_action: [757,856,758,1,806,android,857,safety_center_recommendation,858,3]
09-10 06:46:52.252   565   565 I sysui_multi_action: [757,856,758,1,806,android,857,safety_center_critical_warning,858,4]
09-10 06:46:52.365   565   592 I commit_sys_config_file: [notification-policy,4]
09-10 06:46:52.449   565   602 I am_wtf  : [0,565,system_server,-1,Binder,Outgoing transactions from this process must be FLAG_ONEWAY]
09-10 06:46:52.495   565  1032 I am_uid_running: 10121
09-10 06:46:52.520   565   603 I am_proc_start: [0,1221,10121,com.android.launcher3,service,{com.android.launcher3/com.android.quickstep.TouchInteractionService}]
09-10 06:46:52.549   565  1032 I am_proc_bound: [0,1221,com.android.launcher3]
09-10 06:46:52.608   565   640 I am_uid_active: 10121
09-10 06:46:52.624   565   667 I commit_sys_config_file: [settings-2-0,6]
09-10 06:46:52.627   565   625 I commit_sys_config_file: [package-user-0,25]
09-10 06:46:52.632  1221  1237 I jank_cuj_events_cancel_request: [-1,1789022812601891000,18992584583,18992584697]
09-10 06:46:52.665   565   667 I commit_sys_config_file: [settings-0-0,7]
09-10 06:46:52.672   565   625 I commit_sys_config_file: [package-user-0,28]
09-10 06:46:52.721   565   625 I commit_sys_config_file: [package-user-0,70]
09-10 06:46:52.727   565  1032 I sysui_multi_action: [757,856,758,1,806,com.android.bluetooth,857,opp_notification_channel,858,4]
09-10 06:46:52.750   565   625 I commit_sys_config_file: [package-user-0,82]
09-10 06:46:52.764   934  1220 I viewroot_draw_event: [VRI[ScreenDecorOverlay],Not drawing due to not visible. Reason=View.INVISIBLE]
09-10 06:46:52.764   565   625 I commit_sys_config_file: [package-user-0,92]
09-10 06:46:52.770   934  1220 I viewroot_draw_event: [VRI[ScreenDecorOverlayBottom],Not drawing due to not visible. Reason=View.INVISIBLE]
09-10 06:46:52.796   565   625 I commit_sys_config_file: [package-user-0,111]
09-10 06:46:52.820   565   625 I commit_sys_config_file: [package-user-0,132]
09-10 06:46:52.829   565   625 I commit_sys_config_file: [package-user-0,116]
09-10 06:46:52.843   565   625 I commit_sys_config_file: [package-user-0,126]
09-10 06:46:52.848   565   625 I commit_sys_config_file: [package-user-0,106]
09-10 06:46:52.971   565   602 I am_uid_running: 10133
09-10 06:46:52.976   934  1272 I sysui_multi_action: [757,213,758,4,759,-1]
09-10 06:46:52.980   565   603 I am_proc_start: [0,1276,10133,com.android.cellbroadcastreceiver.module,broadcast,{com.android.cellbroadcastreceiver.module/com.android.cellbroadcastreceiver.CellBroadcastReceiver}]
09-10 06:46:52.983   565   592 I commit_sys_config_file: [notification-policy,5]
09-10 06:46:53.004   565  1017 I am_proc_bound: [0,1276,com.android.cellbroadcastreceiver.module]
09-10 06:46:53.061   565  1032 I am_uid_running: 10069
09-10 06:46:53.075   565   603 I am_proc_start: [0,1303,10069,com.android.cellbroadcastreceiver,content provider,{com.android.cellbroadcastreceiver/com.android.cellbroadcastreceiver.LegacyCellBroadcastContentProvider}]
09-10 06:46:53.102   565  1017 I am_proc_bound: [0,1303,com.android.cellbroadcastreceiver]
09-10 06:46:53.160   565  1032 I sysui_multi_action: [757,127,758,2]
09-10 06:46:53.160   565  1032 I notification_panel_hidden: 
09-10 06:46:53.161   565   667 I commit_sys_config_file: [settings-2-0,4]
09-10 06:46:53.192   565   592 I commit_sys_config_file: [jobs,2]
09-10 06:46:53.203   565  1032 I sysui_multi_action: [757,856,758,1,806,com.android.phone,857,sms,858,4]
09-10 06:46:53.204   565  1032 I sysui_multi_action: [757,856,758,1,806,com.android.phone,857,wfc,858,2]
09-10 06:46:53.204   565  1032 I sysui_multi_action: [757,856,758,1,806,com.android.phone,857,simHighPriority,858,4]
09-10 06:46:53.204   565  1032 I sysui_multi_action: [757,856,758,1,806,com.android.phone,857,alert,858,3]
09-10 06:46:53.204   565  1032 I sysui_multi_action: [757,856,758,1,806,com.android.phone,857,mobileDataAlertNew,858,2]
09-10 06:46:53.204   565  1032 I sysui_multi_action: [757,856,758,1,806,com.android.phone,857,sim,858,2]
09-10 06:46:53.204   565  1032 I sysui_multi_action: [757,856,758,1,806,com.android.phone,857,callForwardNew,858,3]
09-10 06:46:53.317   565  1000 I sysui_multi_action: [757,856,758,1,806,com.android.systemui,857,ALR,858,4]
09-10 06:46:53.318   565  1000 I sysui_multi_action: [757,856,758,1,806,com.android.systemui,857,INS,858,1]
09-10 06:46:53.318   565  1000 I sysui_multi_action: [757,856,758,1,806,com.android.systemui,857,STP,858,3]
09-10 06:46:53.318   565  1000 I sysui_multi_action: [757,856,758,1,806,com.android.systemui,857,DSK,858,2]
09-10 06:46:53.318   565  1000 I sysui_multi_action: [757,856,758,1,806,com.android.systemui,857,SCN_HEADSUP,858,4]
09-10 06:46:53.318   565  1000 I sysui_multi_action: [757,856,758,1,806,com.android.systemui,857,BAT,858,5]
09-10 06:46:53.318   565  1000 I sysui_multi_action: [757,856,758,1,806,com.android.systemui,857,HNT,858,3]
09-10 06:46:53.321   565   565 I notification_cancel_all: [1000,565,com.android.systemui,0,0,0,20,NULL]
09-10 06:46:53.344   565  1017 I commit_sys_config_file: [overlays,8]
09-10 06:46:53.344   434   455 I sf_stop_bootanim: 19735
09-10 06:46:53.344   565   593 I wm_boot_animation_done: 19735
09-10 06:46:53.357   565   680 I input_focus: [Focus entering 40cb2cf com.android.settings/com.android.settings.FallbackHome (server),reason=Window became focusable. Previous reason: NO_WINDOW]
09-10 06:46:53.364   565   590 I configuration_changed: -2147483648
09-10 06:46:53.403   565   590 I wm_relaunch_resume_activity: [0,188819573,5,com.android.settings/.FallbackHome,80000000]
09-10 06:46:53.405   565   688 I dvm_lock_sample: [system_server,0,android.imms,43,WindowManagerService.java,8268,int com.android.server.wm.WindowManagerService$LocalService.hasInputMethodClientFocus(android.os.IBinder, int, int, int),,0,null,8]
09-10 06:46:53.412  1107  1107 I wm_on_top_resumed_lost_called: [188819573,com.android.settings.FallbackHome,pausing]
09-10 06:46:53.412  1107  1107 I wm_on_paused_called: [188819573,com.android.settings.FallbackHome,performPause,0]
09-10 06:46:53.449  1107  1107 I wm_on_stop_called: [188819573,com.android.settings.FallbackHome,handleRelaunchActivity,1]
09-10 06:46:53.451   565   688 I am_uid_running: 10109
09-10 06:46:53.454  1107  1107 I wm_on_destroy_called: [188819573,com.android.settings.FallbackHome,performDestroy,5]
09-10 06:46:53.466   565   592 I commit_sys_config_file: [notification-policy,11]
09-10 06:46:53.475  1107  1354 I jank_cuj_events_cancel_request: [81,1789022813469764000,19860457092,19860457215]
09-10 06:46:53.475  1107  1354 I jank_cuj_events_end_request: [81,1789022813469792000,19860483562,19860483622]
09-10 06:46:53.477   565   594 I input_focus: [Requesting to set focus to null window,reason=UpdateInputWindows]
09-10 06:46:53.494   565   603 I am_proc_start: [0,1357,10109,com.android.inputmethod.latin,service,{com.android.inputmethod.latin/com.android.inputmethod.latin.LatinIME}]
09-10 06:46:53.502  1107  1107 I wm_on_create_called: [188819573,com.android.settings.FallbackHome,performCreate,2]
09-10 06:46:53.503  1107  1107 I wm_on_start_called: [188819573,com.android.settings.FallbackHome,handleStartActivity,0]
09-10 06:46:53.503  1107  1107 I wm_on_resume_called: [188819573,com.android.settings.FallbackHome,RESUME_ACTIVITY,0]
09-10 06:46:53.503  1107  1107 I wm_on_top_resumed_gained_called: [188819573,com.android.settings.FallbackHome,topWhenResuming]
09-10 06:46:53.525   565   594 I input_focus: [Focus request 69c6f9e com.android.settings/com.android.settings.FallbackHome,reason=UpdateInputWindows]
09-10 06:46:53.529   565  1032 I am_proc_bound: [0,1357,com.android.inputmethod.latin]
09-10 06:46:53.566  1107  1107 I viewroot_draw_event: [VRI[FallbackHome],reportDrawFinished seqId=0]
09-10 06:46:53.587   565   593 I uc_finish_user_boot: 0
09-10 06:46:53.587   565   593 I am_user_state_changed: [0,1]
09-10 06:46:53.589   565   593 I uc_send_user_broadcast: [0,android.intent.action.LOCKED_BOOT_COMPLETED]
09-10 06:46:53.590   565   593 I uc_finish_user_unlocking: 0
09-10 06:46:53.605   565   565 I notification_enqueue: [1000,565,android,55,NULL,-1,Notification(channel=DEVELOPER shortcut=null contentView=null vibrate=null sound=null tick defaults=0 flags=ONGOING_EVENT|CAN_COLORIZE color=0x00000000 vis=PUBLIC),0]
09-10 06:46:53.605   565   565 I sysui_multi_action: [757,1501,758,1,793,5,794,0,795,5,796,55,806,android,857,DEVELOPER,858,2,947,0,1500,0]
09-10 06:46:53.605   565   565 I sysui_multi_action: [757,804,799,note_interruptive,801,0,802,1]
09-10 06:46:53.606   565   603 I am_proc_start: [0,1376,10131,android.ext.services,on-hold,]
09-10 06:46:53.610   565  1023 I am_uid_active: 10109
09-10 06:46:53.622   565   565 I notification_autogrouped: -1|android|55|null|1000
09-10 06:46:53.622   565   565 I notification_autogrouped: -1|android|19|null|1000
09-10 06:46:53.623   565   565 I notification_enqueue: [1000,565,android,2147483647,ranker_group,-1,Notification(channel=DEVELOPER shortcut=null contentView=null vibrate=null sound=null defaults=0 flags=ONGOING_EVENT|LOCAL_ONLY|GROUP_SUMMARY|AUTOGROUP_SUMMARY color=0x00000000 groupKey=ranker_group vis=PUBLIC),0]
09-10 06:46:53.625   565   861 I notification_adjusted: [-1|android|55|null|1000,key_group_key,ranker_group]
09-10 06:46:53.625   565   861 I notification_adjusted: [-1|android|19|null|1000,key_group_key,ranker_group]
09-10 06:46:53.633   565   667 I commit_sys_config_file: [settings-0-0,12]
09-10 06:46:53.669   565  1000 I am_proc_died: [0,1357,com.android.inputmethod.latin,0,7]
09-10 06:46:53.670   565  1000 I am_schedule_service_restart: [0,com.android.inputmethod.latin/.LatinIME,1000]
09-10 06:46:53.670   565  1000 I am_uid_stopped: 10109
09-10 06:46:53.694   565   680 I input_focus: [Focus entering 69c6f9e com.android.settings/com.android.settings.FallbackHome (server),reason=Window became focusable. Previous reason: NOT_VISIBLE]
09-10 06:46:53.698   565  1023 I am_proc_bound: [0,1376,android.ext.services]
09-10 06:46:53.735   565   667 I commit_sys_config_file: [settings-2-0,21]
09-10 06:46:53.798   565  1032 I am_wtf  : [0,1031,com.android.networkstack.process,680050253,SystemServiceRegistry,No service published for: ethernet]
09-10 06:46:53.812     1     1 I auditd  : type=1400 audit(0.0:9): avc:  denied  { write } for  comm="init" name="cfg80211_gtk_rekey_notify" dev="tracefs" ino=16468 scontext=u:r:init:s0 tcontext=u:object_r:debugfs_wifi_tracing:s0 tclass=dir permissive=0
09-10 06:46:53.812     1     1 I auditd  : type=1400 audit(0.0:10): avc:  denied  { write } for  comm="init" name="rdev_add_key" dev="tracefs" ino=16471 scontext=u:r:init:s0 tcontext=u:object_r:debugfs_wifi_tracing:s0 tclass=dir permissive=0
09-10 06:46:53.841   565   592 I commit_sys_config_file: [notification-policy,18]
09-10 06:46:53.812     1     1 I auditd  : type=1400 audit(0.0:11): avc:  denied  { write } for  comm="init" name="rdev_assoc" dev="tracefs" ino=16474 scontext=u:r:init:s0 tcontext=u:object_r:debugfs_wifi_tracing:s0 tclass=dir permissive=0
09-10 06:46:53.812     1     1 I auditd  : type=1400 audit(0.0:12): avc:  denied  { write } for  comm="init" name="rdev_auth" dev="tracefs" ino=16477 scontext=u:r:init:s0 tcontext=u:object_r:debugfs_wifi_tracing:s0 tclass=dir permissive=0
09-10 06:46:53.888   565  1017 I am_uid_active: 10131
09-10 06:46:53.812     1     1 I auditd  : type=1400 audit(0.0:13): avc:  denied  { write } for  comm="init" name="rdev_connect" dev="tracefs" ino=16480 scontext=u:r:init:s0 tcontext=u:object_r:debugfs_wifi_tracing:s0 tclass=dir permissive=0
09-10 06:46:53.812     1     1 I auditd  : type=1400 audit(0.0:14): avc:  denied  { write } for  comm="init" name="rdev_set_default_key" dev="tracefs" ino=16483 scontext=u:r:init:s0 tcontext=u:object_r:debugfs_wifi_tracing:s0 tclass=dir permissive=0
09-10 06:46:53.812     1     1 I auditd  : type=1400 audit(0.0:15): avc:  denied  { write } for  comm="init" name="rdev_set_default_mgmt_key" dev="tracefs" ino=16486 scontext=u:r:init:s0 tcontext=u:object_r:debugfs_wifi_tracing:s0 tclass=dir permissive=0
09-10 06:46:53.812     1     1 I auditd  : type=1400 audit(0.0:16): avc:  denied  { write } for  comm="init" name="rdev_set_rekey_data" dev="tracefs" ino=16489 scontext=u:r:init:s0 tcontext=u:object_r:debugfs_wifi_tracing:s0 tclass=dir permissive=0
09-10 06:46:53.932   565   590 I am_user_state_changed: [0,2]
09-10 06:46:53.812     1     1 I auditd  : type=1400 audit(0.0:17): avc:  denied  { write } for  comm="init" name="net" dev="tracefs" ino=16492 scontext=u:r:init:s0 tcontext=u:object_r:debugfs_wifi_tracing:s0 tclass=dir permissive=0
09-10 06:46:53.933   565   602 I ssm_user_unlocking: 0
09-10 06:46:53.965   565   694 I am_uid_running: 10138
09-10 06:46:53.978   565   603 I am_proc_start: [0,1420,10138,com.android.providers.media.module,service,{com.android.providers.media.module/com.android.providers.media.fuse.ExternalStorageServiceImpl}]
09-10 06:46:54.054   565   602 I uc_finish_user_unlocked: 0
09-10 06:46:54.055   565   602 I am_user_state_changed: [0,3]
09-10 06:46:54.064   565  1017 I am_proc_bound: [0,1420,com.android.providers.media.module]
09-10 06:46:54.086   934   934 I viewroot_draw_event: [VRI[NotificationShade],Not drawing due to not visible. Reason=View.INVISIBLE]
09-10 06:46:54.129   565   667 I commit_sys_config_file: [settings-1-0,17]
09-10 06:46:54.133   565   602 I uc_send_user_broadcast: [0,android.intent.action.USER_UNLOCKED]
09-10 06:46:54.135   565   601 I am_uid_running: 10084
09-10 06:46:54.138   565   602 I uc_send_user_broadcast: [0,android.intent.action.PRE_BOOT_COMPLETED]
09-10 06:46:54.139   565   602 I am_pre_boot: [0,com.android.documentsui]
09-10 06:46:54.140   565   602 I am_uid_running: 10062
09-10 06:46:54.151   565   565 I notification_enqueue: [1000,565,android,13,PreBootBroadcaster,0,Notification(channel=UPDATES shortcut=null contentView=null vibrate=null sound=null tick defaults=0 flags=ONGOING_EVENT|CAN_COLORIZE color=0x00000000 vis=PUBLIC),0]
09-10 06:46:54.151   565   603 I am_proc_start: [0,1434,1000,com.android.emulator.multidisplay,added application,com.android.emulator.multidisplay]
09-10 06:46:54.156   565  1024 I am_uid_running: 10105
09-10 06:46:54.157   565  1032 I wm_finish_activity: [0,188819573,5,com.android.settings/.FallbackHome,app-request]
09-10 06:46:54.159   565  1032 I wm_pause_activity: [0,188819573,com.android.settings/.FallbackHome,userLeaving=false,finish]
09-10 06:46:54.170   565   603 I am_proc_start: [0,1443,10084,com.android.printspooler,service,{com.android.printspooler/com.android.printspooler.model.PrintSpoolerService}]
09-10 06:46:54.180   565   899 I dvm_lock_sample: [system_server,0,shortcut,141,ShortcutService.java,624,void com.android.server.pm.ShortcutService.handleOnUidStateChanged(int, int),-,1785,void com.android.server.pm.ShortcutService.injectPostToHandlerDebounced(java.lang.Object, java.lang.Runnable),28]
09-10 06:46:54.190  1107  1107 I wm_on_top_resumed_lost_called: [188819573,com.android.settings.FallbackHome,topStateChangedWhenResumed]
09-10 06:46:54.215   565  1032 I dvm_lock_sample: [system_server,1,binder:565_9,10,ActivityClientController.java,218,void com.android.server.wm.ActivityClientController.activityTopResumedStateLost(),WindowOrganizerController.java,383,android.os.IBinder com.android.server.wm.WindowOrganizerController.startTransition(int, android.os.IBinder, android.window.WindowContainerTransaction),2]
09-10 06:46:54.216  1107  1107 I wm_on_paused_called: [188819573,com.android.settings.FallbackHome,performPause,0]
09-10 06:46:54.222   565   585 I am_proc_bound: [0,1434,com.android.emulator.multidisplay]
09-10 06:46:54.225   565   680 I input_focus: [Focus leaving 69c6f9e com.android.settings/com.android.settings.FallbackHome (server),reason=NO_WINDOW]
09-10 06:46:54.239   565  1023 I wm_task_created: 6
09-10 06:46:54.239   565  1023 I wm_task_moved: [6,1,0,1,2147483647]
09-10 06:46:54.241   565  1023 I wm_task_moved: [1,1,0,1,1]
09-10 06:46:54.241   565  1023 I wm_create_task: [0,6,1,0]
09-10 06:46:54.241   565  1023 I wm_create_activity: [0,257896719,6,com.android.sdksetup/.DefaultActivity,android.intent.action.MAIN,NULL,NULL,276824320]
09-10 06:46:54.241   565  1023 I wm_task_moved: [1,1,0,1,1]
09-10 06:46:54.241   565  1023 I wm_task_moved: [6,1,0,1,2147483647]
09-10 06:46:54.241   565  1023 I wm_task_to_front: [0,6,0]
09-10 06:46:54.242   565   590 I sysui_multi_action: [757,803,799,window_time_0,802,8]
09-10 06:46:54.249   565   667 I commit_sys_config_file: [settings-2-0,76]
09-10 06:46:54.254   565   603 I am_proc_start: [0,1456,10062,com.android.documentsui,broadcast,{com.android.documentsui/com.android.documentsui.PreBootReceiver}]
09-10 06:46:54.256   565   593 I am_uid_running: 10115
09-10 06:46:54.267  1094  1094 I gsm_service_state_change: [1,1,3,1]
09-10 06:46:54.281   565  1024 I am_proc_bound: [0,1443,com.android.printspooler]
09-10 06:46:54.286   565   603 I am_proc_start: [0,1468,10105,com.android.music,service,{com.android.music/com.android.music.MediaPlaybackService}]
09-10 06:46:54.305   565   603 I am_proc_start: [0,1478,10115,com.android.sdksetup,top-activity,{com.android.sdksetup/com.android.sdksetup.DefaultActivity}]
09-10 06:46:54.308   565  1023 I am_proc_bound: [0,1456,com.android.documentsui]
09-10 06:46:54.313   565  1017 I am_proc_bound: [0,1468,com.android.music]
09-10 06:46:54.335   565  1024 I am_proc_bound: [0,1478,com.android.sdksetup]
09-10 06:46:54.344   565  1024 I am_uid_active: 10115
09-10 06:46:54.354   565   639 I am_uid_active: 10105
09-10 06:46:54.381   934   934 I viewroot_draw_event: [VRI[StatusBar],reportDrawFinished seqId=0]
09-10 06:46:54.390   565   565 I sysui_multi_action: [757,1501,758,1,793,251,794,0,795,251,796,13,797,PreBootBroadcaster,806,android,857,UPDATES,858,2,947,0,1500,0,1688,1]
09-10 06:46:54.390   565   565 I sysui_multi_action: [757,804,799,note_interruptive,801,0,802,1]
09-10 06:46:54.396   565   639 I wm_restart_activity: [0,257896719,6,com.android.sdksetup/.DefaultActivity]
09-10 06:46:54.399   565   639 I wm_set_resumed_activity: [0,com.android.sdksetup/.DefaultActivity,realStartActivityLocked - onActivityStateChanged]
09-10 06:46:54.469   565   639 I am_uid_running: 10072
09-10 06:46:54.502   565   603 I am_proc_start: [0,1540,10072,android.process.media,content provider,{com.android.providers.downloads/com.android.providers.downloads.DownloadStorageProvider}]
09-10 06:46:54.530   565   639 I am_uid_active: 10084
09-10 06:46:54.532   565   585 I sysui_multi_action: [757,856,758,1,806,com.android.printspooler,857,PRINT_PROGRESS,858,2]
09-10 06:46:54.537   565  1017 I am_proc_bound: [0,1540,android.process.media]
09-10 06:46:54.543   565   667 I commit_sys_config_file: [settings-0-0,40]
09-10 06:46:54.550   565   585 I sysui_multi_action: [757,856,758,1,806,com.android.printspooler,857,PRINT_FAILURES,858,3]
09-10 06:46:54.561   565   585 I sysui_multi_action: [757,856,758,1,806,com.android.providers.media.module,857,native_transcode_alert_channel,858,4]
09-10 06:46:54.562   565   585 I sysui_multi_action: [757,856,758,1,806,com.android.providers.media.module,857,native_transcode_progress_channel,858,2]
09-10 06:46:54.610   565   603 I am_proc_start: [0,1580,1000,com.android.keychain,service,{com.android.keychain/com.android.keychain.KeyChainService}]
09-10 06:46:54.619   565  1017 I am_uid_active: 10062
09-10 06:46:54.625   565   565 I notification_enqueue: [1000,565,android,13,PreBootBroadcaster,0,Notification(channel=UPDATES shortcut=null contentView=null vibrate=null sound=null tick defaults=0 flags=ONGOING_EVENT|CAN_COLORIZE color=0x00000000 vis=PUBLIC),1]
09-10 06:46:54.625   565   590 I am_pre_boot: [0,com.android.managedprovisioning]
09-10 06:46:54.628   565   602 I am_uid_running: 10066
09-10 06:46:54.662   565   603 I am_proc_start: [0,1583,10066,com.android.managedprovisioning,broadcast,{com.android.managedprovisioning/com.android.managedprovisioning.ota.PreBootListener}]
09-10 06:46:54.670   565   602 I am_uid_running: 10109
09-10 06:46:54.688   565   603 I am_proc_start: [0,1611,10109,com.android.inputmethod.latin,service,{com.android.inputmethod.latin/com.android.inputmethod.latin.LatinIME}]
09-10 06:46:54.714   565  1017 I am_proc_bound: [0,1583,com.android.managedprovisioning]
09-10 06:46:54.716   565   585 I sysui_multi_action: [757,856,758,1,806,com.android.mtp,857,device_notification_channel,858,2]
09-10 06:46:54.754  1580  1580 I service_manager_slow: [37,activity]
09-10 06:46:54.755   565  1017 I am_proc_bound: [0,1580,com.android.keychain]
09-10 06:46:54.760  1031  1049 I service_manager_slow: [35,device_policy]
09-10 06:46:54.762  1094  1094 I service_manager_slow: [16,carrier_config]
09-10 06:46:54.775   565   667 I commit_sys_config_file: [settings-2-0,6]
09-10 06:46:54.780   565  1024 I am_proc_bound: [0,1611,com.android.inputmethod.latin]
09-10 06:46:54.799   565   592 I commit_sys_config_file: [notification-policy,7]
09-10 06:46:54.836   565  1024 I am_uid_active: 10138
09-10 06:46:54.853   565  1129 I am_uid_active: 10109
09-10 06:46:54.864   565  1433 I am_uid_running: 10067
09-10 06:46:54.882   565   846 I dvm_lock_sample: [system_server,0,WifiHandlerThread,18,ActivityManagerService.java,16310,int com.android.server.am.ActivityManagerService.broadcastIntentWithFeature(android.app.IApplicationThread, java.lang.String, android.content.Intent, java.lang.String, android.content.IIntentReceiver, int, java.lang.String, android.os.Bundle, java.lang.String[], java.lang.String[], java.lang.String[], int, android.os.Bundle, boolean, boolean, int),,0,null,3]
09-10 06:46:54.893   565   928 I commit_sys_config_file: [input-subtypes,5]
09-10 06:46:54.894   565   603 I am_proc_start: [0,1639,10067,android.process.acore,content provider,{com.android.providers.contacts/com.android.providers.contacts.ContactsProvider2}]
09-10 06:46:54.917   565   585 I am_proc_bound: [0,1639,android.process.acore]
09-10 06:46:54.922  1456  1530 I dvm_lock_sample: [com.android.documentsui,0,pool-3-thread-5,449,ProvidersCache.java,645,void com.android.documentsui.roots.ProvidersCache$MultiProviderUpdateTask.handleDocumentsProvider(android.content.pm.ProviderInfo, com.android.documentsui.base.UserId),-,648,void com.android.documentsui.roots.ProvidersCache$MultiProviderUpdateTask.handleDocumentsProvider(android.content.pm.ProviderInfo, com.android.documentsui.base.UserId),89]
09-10 06:46:54.930  1456  1528 I dvm_lock_sample: [com.android.documentsui,0,pool-3-thread-3,457,ProvidersCache.java,645,void com.android.documentsui.roots.ProvidersCache$MultiProviderUpdateTask.handleDocumentsProvider(android.content.pm.ProviderInfo, com.android.documentsui.base.UserId),-,648,void com.android.documentsui.roots.ProvidersCache$MultiProviderUpdateTask.handleDocumentsProvider(android.content.pm.ProviderInfo, com.android.documentsui.base.UserId),91]
09-10 06:46:54.942   565   639 I am_uid_active: 10072
09-10 06:46:54.964  1611  1611 I viewroot_draw_event: [VRI[InputMethod],Not drawing due to not visible. Reason=View.INVISIBLE]
09-10 06:46:54.967   565   640 I wm_finish_activity: [0,257896719,6,com.android.sdksetup/.DefaultActivity,app-request]
09-10 06:46:54.967   565   640 I wm_pause_activity: [0,257896719,com.android.sdksetup/.DefaultActivity,userLeaving=false,finish]
09-10 06:46:54.968  1478  1478 I wm_on_create_called: [257896719,com.android.sdksetup.DefaultActivity,performCreate,529]
09-10 06:46:54.968   565   593 I sysui_multi_action: [757,1144,758,7,806,com.android.sdksetup,871,com.android.sdksetup.DefaultActivity]
09-10 06:46:54.971   565   667 I commit_sys_config_file: [settings-2-0,15]
09-10 06:46:54.981   565  1659 I am_uid_active: 10066
09-10 06:46:55.007  1456  1527 I dvm_lock_sample: [com.android.documentsui,0,pool-3-thread-2,532,ProvidersCache.java,645,void com.android.documentsui.roots.ProvidersCache$MultiProviderUpdateTask.handleDocumentsProvider(android.content.pm.ProviderInfo, com.android.documentsui.base.UserId),-,648,void com.android.documentsui.roots.ProvidersCache$MultiProviderUpdateTask.handleDocumentsProvider(android.content.pm.ProviderInfo, com.android.documentsui.base.UserId),100]
09-10 06:46:55.008   565  1000 I am_uid_running: 10064
09-10 06:46:55.019   565   667 I commit_sys_config_file: [settings-0-0,40]
09-10 06:46:55.030  1094  1094 I service_manager_slow: [18,iphonesubinfo]
09-10 06:46:55.060   565  1129 I wm_task_created: 7
09-10 06:46:55.062   565  1129 I wm_task_moved: [7,1,0,1,2147483647]
09-10 06:46:55.064   565  1129 I wm_task_moved: [1,1,0,1,1]
09-10 06:46:55.064   565  1129 I wm_create_task: [0,7,1,0]
09-10 06:46:55.064   565  1129 I wm_create_activity: [0,17263514,7,com.android.launcher3/.uioverrides.QuickstepLauncher,android.intent.action.MAIN,NULL,NULL,268435712]
09-10 06:46:55.064   565  1129 I wm_task_moved: [1,1,0,1,1]
09-10 06:46:55.064   565  1129 I wm_task_moved: [7,1,0,1,2147483647]
09-10 06:46:55.064   565  1129 I wm_task_to_front: [0,7,0]
09-10 06:46:55.079   565  1129 I wm_restart_activity: [0,17263514,7,com.android.launcher3/.uioverrides.QuickstepLauncher]
09-10 06:46:55.080   565  1129 I wm_set_resumed_activity: [0,com.android.launcher3/.uioverrides.QuickstepLauncher,realStartActivityLocked - onActivityStateChanged]
09-10 06:46:55.086   565   590 I sysui_multi_action: [757,803,799,window_time_0,802,1]
09-10 06:46:55.105   565   602 I am_uid_running: 10139
09-10 06:46:55.108   565  1659 I dvm_lock_sample: [system_server,1,binder:565_D,54,ActivityManagerService.java,14684,android.content.Intent com.android.server.am.ActivityManagerService.registerReceiverWithFeatureTraced(android.app.IApplicationThread, java.lang.String, java.lang.String, java.lang.String, android.content.IIntentReceiver, android.content.IntentFilter, java.lang.String, int, int),ProcessList.java,3285,void com.android.server.am.ProcessList.addProcessNameLocked(com.android.server.am.ProcessRecord),10]
09-10 06:46:55.109   565   565 I dvm_lock_sample: [system_server,0,main,78,ActivityManagerService.java,15024,void com.android.server.am.ActivityManagerService.unregisterReceiverTraced(android.content.IIntentReceiver),BroadcastQueueModernImpl.java,450,void com.android.server.am.BroadcastQueueModernImpl.updateRunningList(),15]
09-10 06:46:55.110   565   639 I dvm_lock_sample: [system_server,1,binder:565_3,61,ActivityManagerService.java,14895,android.content.Intent com.android.server.am.ActivityManagerService.registerReceiverWithFeatureTraced(android.app.IApplicationThread, java.lang.String, java.lang.String, java.lang.String, android.content.IIntentReceiver, android.content.IntentFilter, java.lang.String, int, int),BroadcastQueueModernImpl.java,450,void com.android.server.am.BroadcastQueueModernImpl.updateRunningList(),12]
09-10 06:46:55.111   565   603 I dvm_lock_sample: [system_server,1,ActivityManager:procStart,60,ProcessList.java,2200,void com.android.server.am.ProcessList.lambda$handleProcessStart$1(com.android.server.am.ProcessRecord, java.lang.String, int[], int, int, int, java.lang.String, java.lang.String, java.lang.String, long),BroadcastQueueModernImpl.java,450,void com.android.server.am.BroadcastQueueModernImpl.updateRunningList(),12]
09-10 06:46:55.111   565   603 I am_proc_start: [0,1665,10064,com.android.externalstorage,content provider,{com.android.externalstorage/com.android.externalstorage.ExternalStorageProvider}]
09-10 06:46:55.124   565  1657 I am_proc_bound: [0,1665,com.android.externalstorage]
09-10 06:46:55.141   565   590 I am_pre_boot: [0,com.android.providers.calendar]
09-10 06:46:55.146   565   603 I am_proc_start: [0,1684,10139,com.android.devicelockcontroller,broadcast,{com.android.devicelockcontroller/com.android.devicelockcontroller.receivers.RecordBootTimestampReceiver}]
09-10 06:46:55.167   565   667 I commit_sys_config_file: [settings-1-0,28]
09-10 06:46:55.194   565   565 I notification_enqueue: [1000,565,android,13,PreBootBroadcaster,0,Notification(channel=UPDATES shortcut=null contentView=null vibrate=null sound=null tick defaults=0 flags=ONGOING_EVENT|CAN_COLORIZE color=0x00000000 vis=PUBLIC),1]
09-10 06:46:55.196   565  1657 I am_proc_bound: [0,1684,com.android.devicelockcontroller]
09-10 06:46:55.242   565   667 I commit_sys_config_file: [settings-2-0,66]
09-10 06:46:55.257   565  1678 I sysui_multi_action: [757,856,758,1,806,com.android.phone,857,voiceMail,858,3]
09-10 06:46:55.270   565  1023 I am_uid_active: 10067
09-10 06:46:55.376  1094  1094 I gsm_service_state_change: [3,1,0,0]
09-10 06:46:55.376  1094  1094 I gsm_rat_switched_new: [47108,0,14]
09-10 06:46:55.382   565   844 I commit_sys_config_file: [net-policy,14]
09-10 06:46:55.387   565  1000 I sysui_multi_action: [757,856,758,1,806,com.android.providers.downloads,857,active,858,1]
09-10 06:46:55.391   565  1000 I sysui_multi_action: [757,856,758,1,806,com.android.providers.downloads,857,waiting,858,3]
09-10 06:46:55.391   565  1000 I sysui_multi_action: [757,856,758,1,806,com.android.providers.downloads,857,complete,858,3]
09-10 06:46:55.408   565  1657 I am_uid_active: 10139
09-10 06:46:55.413   565   667 I commit_sys_config_file: [settings-1-0,3]
09-10 06:46:55.443   565   602 I am_uid_running: 10079
09-10 06:46:55.474   565   603 I am_proc_start: [0,1724,10079,com.android.providers.calendar,broadcast,{com.android.providers.calendar/com.android.providers.calendar.CalendarUpgradeReceiver}]
09-10 06:46:55.502   565   603 I dvm_lock_sample: [system_server,1,ActivityManager:procStart,13,ActivityTaskManagerService.java,6357,void com.android.server.wm.ActivityTaskManagerService$LocalService.onProcessMapped(int, com.android.server.wm.WindowProcessController),WindowManagerService.java,2216,void com.android.server.wm.WindowManagerService.setInsetsWindow(com.android.server.wm.Session, android.view.IWindow, int, android.graphics.Rect, android.graphics.Rect, android.graphics.Region),2]
09-10 06:46:55.509  1107  1354 I jank_cuj_events_begin_request: [81,1789022815509715000,21900407107,21900407226,1@0@com.android.settings]
09-10 06:46:55.522   565   592 I commit_sys_config_file: [notification-policy,15]
09-10 06:46:55.524   565  1679 I am_proc_bound: [0,1724,com.android.providers.calendar]
09-10 06:46:55.550   565   592 I commit_sys_config_file: [jobs,27]
09-10 06:46:55.679   565  1023 I am_uid_running: 10102
09-10 06:46:55.684   565  1023 I am_uid_running: 10118
09-10 06:46:55.685  1221  1221 I wm_on_create_called: [17263514,com.android.launcher3.uioverrides.QuickstepLauncher,performCreate,169]
09-10 06:46:55.686  1221  1221 I wm_on_start_called: [17263514,com.android.launcher3.uioverrides.QuickstepLauncher,handleStartActivity,0]
09-10 06:46:55.688   565   603 I am_proc_start: [0,1753,10102,com.android.contacts,content provider,{com.android.contacts/com.android.contacts.sdn.SdnProvider}]
09-10 06:46:55.690  1221  1221 I wm_on_resume_called: [17263514,com.android.launcher3.uioverrides.QuickstepLauncher,RESUME_ACTIVITY,1]
09-10 06:46:55.692   565  1023 I configuration_changed: 3
09-10 06:46:55.696   565   603 I am_proc_start: [0,1754,10118,com.android.carrierconfig,service,{com.android.carrierconfig/com.android.carrierconfig.DefaultCarrierConfigService}]
09-10 06:46:55.731  1221  1221 I wm_on_top_resumed_gained_called: [17263514,com.android.launcher3.uioverrides.QuickstepLauncher,topStateChangedWhenResumed]
09-10 06:46:55.746   565   639 I dvm_lock_sample: [system_server,1,binder:565_3,5,ActivityManagerService.java,16310,int com.android.server.am.ActivityManagerService.broadcastIntentWithFeature(android.app.IApplicationThread, java.lang.String, android.content.Intent, java.lang.String, android.content.IIntentReceiver, int, java.lang.String, android.os.Bundle, java.lang.String[], java.lang.String[], java.lang.String[], int, android.os.Bundle, boolean, boolean, int),-,14253,boolean com.android.server.am.ActivityManagerService.unbindService(android.app.IServiceConnection),1]
09-10 06:46:55.750   565  1679 I am_proc_bound: [0,1754,com.android.carrierconfig]
09-10 06:46:55.771   565  1077 I am_uid_active: 10118
09-10 06:46:55.789   565   639 I am_proc_bound: [0,1753,com.android.contacts]
09-10 06:46:55.789   565  1077 I am_wtf  : [0,1031,com.android.networkstack.process,680050253,SystemServiceRegistry,No service published for: ethernet]
09-10 06:46:55.813   565   586 I am_uid_active: 10079
09-10 06:46:55.815   565   602 I am_uid_running: 10104
09-10 06:46:55.829   565   603 I am_proc_start: [0,1784,10104,com.android.quicksearchbox,broadcast,{com.android.quicksearchbox/com.android.quicksearchbox.SearchWidgetProvider}]
09-10 06:46:55.841  1724  1724 I calendar_upgrade_receiver: 4
09-10 06:46:55.845   565   590 I am_pre_boot: [0,com.android.providers.contacts]
09-10 06:46:55.876   565   640 I am_uid_active: 10102
09-10 06:46:55.879   565   565 I notification_enqueue: [1000,565,android,13,PreBootBroadcaster,0,Notification(channel=UPDATES shortcut=null contentView=null vibrate=null sound=null tick defaults=0 flags=ONGOING_EVENT|CAN_COLORIZE color=0x00000000 vis=PUBLIC),1]
09-10 06:46:55.885  1107  1354 I jank_cuj_events_end_request: [81,1789022815880811000,22271503300,22271503424]
09-10 06:46:55.886  1221  1221 I viewroot_draw_event: [VRI[Taskbar],reportDrawFinished seqId=0]
09-10 06:46:55.899   565   854 I netstats_mobile_sample: [0,0,0,0,0,0,0,0,1789022815899]
09-10 06:46:55.899   565   854 I netstats_wifi_sample: [0,0,0,0,0,0,0,0,1789022815899]
09-10 06:46:55.899   565   586 I am_proc_bound: [0,1784,com.android.quicksearchbox]
09-10 06:46:55.932   565   594 I input_focus: [Focus request 3b0531e com.android.launcher3/com.android.launcher3.uioverrides.QuickstepLauncher,reason=UpdateInputWindows]
09-10 06:46:55.952   565   667 I commit_sys_config_file: [settings-2-0,51]
09-10 06:46:55.956  1221  1221 I viewroot_draw_event: [VRI[QuickstepLauncher],Canceling draw. cancelDueToPreDrawListener=true cancelDueToSync=false]
09-10 06:46:55.976   565  1077 I wm_set_requested_orientation: [5,com.android.launcher3/.uioverrides.QuickstepLauncher]
09-10 06:46:56.000   565   667 I commit_sys_config_file: [settings-0-0,47]
09-10 06:46:56.024  1639  1639 I contacts_upgrade_receiver: 160
09-10 06:46:56.025   565   590 I am_pre_boot: [0,com.android.providers.media.module]
09-10 06:46:56.058   565   565 I notification_enqueue: [1000,565,android,13,PreBootBroadcaster,0,Notification(channel=UPDATES shortcut=null contentView=null vibrate=null sound=null tick defaults=0 flags=ONGOING_EVENT|CAN_COLORIZE color=0x00000000 vis=PUBLIC),1]
09-10 06:46:56.063   565   590 I am_pre_boot: [0,com.android.settings]
09-10 06:46:56.068   565   565 I notification_enqueue: [1000,565,android,13,PreBootBroadcaster,0,Notification(channel=UPDATES shortcut=null contentView=null vibrate=null sound=null tick defaults=0 flags=ONGOING_EVENT|CAN_COLORIZE color=0x00000000 vis=PUBLIC),1]
09-10 06:46:56.116   565   590 I am_pre_boot: [0,com.android.settings]
09-10 06:46:56.116   565   565 I notification_enqueue: [1000,565,android,13,PreBootBroadcaster,0,Notification(channel=UPDATES shortcut=null contentView=null vibrate=null sound=null tick defaults=0 flags=ONGOING_EVENT|CAN_COLORIZE color=0x00000000 vis=PUBLIC),1]
09-10 06:46:56.157   565   565 I sysui_multi_action: [757,128,758,5,759,8,793,2018,794,0,795,282,796,13,797,PreBootBroadcaster,806,android,857,UPDATES,858,2,947,0,1500,282,1688,1]
09-10 06:46:56.157   565   565 I notification_canceled: [0|android|13|PreBootBroadcaster|1000,8,2018,282,0,-1,-1,NULL]
09-10 06:46:56.165   565   590 I uc_finish_user_unlocked_completed: 0
09-10 06:46:56.166   565   590 I uc_send_user_broadcast: [0,android.intent.action.BOOT_COMPLETED]
09-10 06:46:56.169   565   602 I ssm_user_unlocked: 0
09-10 06:46:56.179   565   854 I netstats_mobile_sample: [0,0,0,0,0,0,0,0,1789022816179]
09-10 06:46:56.179   565   854 I netstats_wifi_sample: [0,0,0,0,0,0,0,0,1789022816179]
09-10 06:46:56.191   565   602 I am_uid_running: 10077
09-10 06:46:56.226   565   603 I am_proc_start: [0,1834,10077,com.android.statementservice,broadcast,{com.android.statementservice/com.android.statementservice.domain.DomainVerificationReceiverV1}]
09-10 06:46:56.228   565   854 I netstats_mobile_sample: [0,0,0,0,0,0,0,0,1789022816228]
09-10 06:46:56.234   565   854 I netstats_wifi_sample: [0,0,0,0,0,0,0,0,1789022816228]
09-10 06:46:56.290   565   640 I am_proc_bound: [0,1834,com.android.statementservice]
09-10 06:46:56.293   565   640 I am_uid_active: 10077
09-10 06:46:56.375   565   602 I am_uid_running: 10097
09-10 06:46:56.386   565   603 I am_proc_start: [0,1865,10097,com.android.traceur,broadcast,{com.android.traceur/com.android.traceur.Receiver}]
09-10 06:46:56.481   565   640 I am_proc_bound: [0,1865,com.android.traceur]
09-10 06:46:56.552   565  1659 I am_uid_active: 10097
09-10 06:46:56.564   565  1659 I sysui_multi_action: [757,856,758,1,806,com.android.traceur,857,trace-is-being-recorded,858,4]
09-10 06:46:56.569   565  1657 I sysui_multi_action: [757,856,758,1,806,com.android.traceur,857,system-tracing,858,4]
09-10 06:46:56.636   565   602 I am_uid_running: 10111
09-10 06:46:56.637   565   602 I am_uid_active: 10133
09-10 06:46:56.651   565   603 I am_proc_start: [0,1887,10111,com.android.calendar,broadcast,{com.android.calendar/com.android.calendar.UpgradeReceiver}]
09-10 06:46:56.652   565  1886 I commit_sys_config_file: [log-files,8]
09-10 06:46:56.663   565   639 I sysui_multi_action: [757,856,758,1,806,com.android.contacts,857,DEFAULT_CHANNEL,858,2]
09-10 06:46:56.696   565   627 I am_uid_stopped: 10131
09-10 06:46:56.697   565   627 I am_kill : [0,1376,android.ext.services,0,change android.ext.services,118732]
09-10 06:46:56.713   565   627 I am_schedule_service_restart: [0,android.ext.services/.notification.Assistant,1000]
09-10 06:46:56.713   565   627 I am_schedule_service_restart: [0,android.ext.services/.autofill.InlineSuggestionRenderServiceImpl,10988]
09-10 06:46:56.718   565  1657 I dvm_lock_sample: [system_server,1,binder:565_C,12,ActivityManagerService.java,4919,void com.android.server.am.ActivityManagerService.attachApplication(android.app.IApplicationThread, long),-,19191,int com.android.server.am.ActivityManagerService$LocalService.broadcastIntent(android.content.Intent, android.content.IIntentReceiver, java.lang.String[], boolean, int, int[], java.util.function.BiFunction, android.os.Bundle),2]
09-10 06:46:56.718   565  1657 I am_proc_bound: [0,1887,com.android.calendar]
09-10 06:46:56.722   565   640 I service_manager_stats: [274,411,5073]
09-10 06:46:56.808  1094  1094 I service_manager_stats: [100,152,23198]
09-10 06:46:56.811   565  1659 I am_wtf  : [0,1031,com.android.networkstack.process,680050253,SystemServiceRegistry,No service published for: ethernet]
09-10 06:46:56.818   565   592 I commit_sys_config_file: [notification-policy,3]
09-10 06:46:56.843   565   884 I ntp_success: [time.android.com/216.239.35.0,506,-115]
09-10 06:46:56.870   565  1667 I am_uid_active: 10111
09-10 06:46:56.886   565   602 I am_uid_running: 10100
09-10 06:46:56.894   565   603 I am_proc_start: [0,1912,10100,com.android.imsserviceentitlement,broadcast,{com.android.imsserviceentitlement/com.android.imsserviceentitlement.ImsEntitlementReceiver}]
09-10 06:46:56.920   565   844 I service_manager_slow: [14,carrier_config]
09-10 06:46:56.993   565   627 I am_uid_stopped: 10139
09-10 06:46:56.994   565   627 I am_kill : [0,1684,com.android.devicelockcontroller,100,change com.android.devicelockcontroller,118476]
09-10 06:46:56.995   565   627 I am_schedule_service_restart: [0,com.android.devicelockcontroller/.DeviceLockControllerService,10706]
09-10 06:46:56.995   565   627 I am_schedule_service_restart: [0,com.android.devicelockcontroller/androidx.work.impl.background.systemjob.SystemJobService,20706]
09-10 06:46:56.998   565  1017 I am_proc_bound: [0,1912,com.android.imsserviceentitlement]
09-10 06:46:57.025   565   565 I notification_cancel_all: [1000,565,com.android.devicelockcontroller,0,0,0,5,NULL]
09-10 06:46:57.058   565   602 I am_uid_running: 10131
09-10 06:46:57.066   565  1659 I am_uid_active: 10100
09-10 06:46:57.070   565   603 I am_proc_start: [0,1937,10131,.adservices,broadcast,{android.ext.services/com.android.adservices.service.common.AdExtBootCompletedReceiver}]
09-10 06:46:57.092   565   842 I netstats_mobile_sample: [0,0,0,0,0,0,0,0,1789022816976]
09-10 06:46:57.093   565   842 I netstats_wifi_sample: [2075,4197,18,32,2636,2827,21,22,1789022816976]
09-10 06:46:57.114  1094  1094 I gsm_service_state_change: [0,0,1,1]
09-10 06:46:57.114  1094  1094 I gsm_rat_switched_new: [-1,14,0]
09-10 06:46:57.127   565  1000 I am_proc_bound: [0,1937,.adservices]
09-10 06:46:57.129   565  1000 I am_uid_active: 10131
09-10 06:46:57.146   565  1425 I backup_transport_lifecycle: [com.android.localtransport/.LocalTransportService,1]
09-10 06:46:57.150   565   842 I netstats_mobile_sample: [0,0,0,0,0,0,0,0,1789022817035]
09-10 06:46:57.151   565   842 I netstats_wifi_sample: [2075,4197,18,32,2636,2827,21,22,1789022817035]
09-10 06:46:57.159   565   603 I am_proc_start: [0,1951,1000,com.android.localtransport,service,{com.android.localtransport/com.android.localtransport.LocalTransportService}]
09-10 06:46:57.179  1221  1237 I jank_cuj_events_end_request: [80,1789022817177092000,23567785034,23567785138]
09-10 06:46:57.198   565   667 I commit_sys_config_file: [settings-2-0,6]
09-10 06:46:57.203   565  1659 I am_proc_bound: [0,1951,com.android.localtransport]
09-10 06:46:57.224   565   602 I am_uid_running: 10107
09-10 06:46:57.258   565   603 I am_proc_start: [0,1974,10107,com.android.camera2,broadcast,{com.android.camera2/com.android.camera.SetActivitiesCameraReceiver}]
09-10 06:46:57.387   565  1659 I commit_sys_config_file: [overlays,72]
09-10 06:46:57.437   565  1017 I am_proc_bound: [0,1974,com.android.camera2]
09-10 06:46:57.461   565   667 I commit_sys_config_file: [settings-0-0,159]
09-10 06:46:57.480   565   590 I configuration_changed: -2147483648
09-10 06:46:57.507   565   639 I commit_sys_config_file: [overlays,14]
09-10 06:46:57.509   565  1000 I dvm_lock_sample: [system_server,0,binder:565_5,152,OverlayManagerService.java,737,boolean com.android.server.om.OverlayManagerService$1.setEnabledExclusiveInCategory(java.lang.String, int),,0,null,30]
09-10 06:46:57.522   565   590 I wm_relaunch_resume_activity: [0,17263514,7,com.android.launcher3/.uioverrides.QuickstepLauncher,80000000]
09-10 06:46:57.538   565   854 I dvm_lock_sample: [system_server,0,ConnectivityServiceThread,44,ActivityManagerService.java,16310,int com.android.server.am.ActivityManagerService.broadcastIntentWithFeature(android.app.IApplicationThread, java.lang.String, android.content.Intent, java.lang.String, android.content.IIntentReceiver, int, java.lang.String, android.os.Bundle, java.lang.String[], java.lang.String[], java.lang.String[], int, android.os.Bundle, boolean, boolean, int),-,4925,void com.android.server.am.ActivityManagerService.attachApplication(android.app.IApplicationThread, long),8]
09-10 06:46:57.560   565   639 I am_wtf  : [0,1031,com.android.networkstack.process,680050253,SystemServiceRegistry,No service published for: ethernet]
09-10 06:46:57.561   565   565 I backup_transport_connection: [com.android.localtransport/.LocalTransportService,1]
09-10 06:46:57.610   565  1657 I dvm_lock_sample: [system_server,0,binder:565_C,148,OverlayManagerService.java,737,boolean com.android.server.om.OverlayManagerService$1.setEnabledExclusiveInCategory(java.lang.String, int),,0,null,29]
09-10 06:46:57.616   565  1678 I dvm_lock_sample: [system_server,0,binder:565_F,146,OverlayManagerService.java,737,boolean com.android.server.om.OverlayManagerService$1.setEnabledExclusiveInCategory(java.lang.String, int),,0,null,29]
09-10 06:46:57.627   565   586 I dvm_lock_sample: [system_server,0,binder:565_2,149,OverlayManagerService.java,737,boolean com.android.server.om.OverlayManagerService$1.setEnabledExclusiveInCategory(java.lang.String, int),,0,null,29]
09-10 06:46:57.635   565  1425 I backup_transport_lifecycle: [com.android.localtransport/.LocalTransportService,0]
09-10 06:46:57.635   565  1425 I backup_transport_connection: [com.android.localtransport/.LocalTransportService,0]
09-10 06:46:57.684   934  1220 I viewroot_draw_event: [VRI[ScreenDecorOverlay],Start draw after previous draw not visible]
09-10 06:46:57.707   565   565 I notification_cancel_all: [10107,1974,com.android.camera2,0,0,32832,9,NULL]
09-10 06:46:57.710  1221  1221 I wm_on_top_resumed_lost_called: [17263514,com.android.launcher3.uioverrides.QuickstepLauncher,pausing]
09-10 06:46:57.711  1221  1221 I wm_on_paused_called: [17263514,com.android.launcher3.uioverrides.QuickstepLauncher,performPause,2]
09-10 06:46:57.737  1221  1221 I wm_on_stop_called: [17263514,com.android.launcher3.uioverrides.QuickstepLauncher,handleRelaunchActivity,23]
09-10 06:46:57.739   934  1220 I viewroot_draw_event: [VRI[ScreenDecorOverlay],reportDrawFinished seqId=0]
09-10 06:46:57.757   934  1220 I viewroot_draw_event: [VRI[ScreenDecorOverlayBottom],Start draw after previous draw not visible]
09-10 06:46:57.761   565  1901 I dvm_lock_sample: [system_server,1,binder:565_11,37,ActivityManagerService.java,4959,void com.android.server.am.ActivityManagerService.finishAttachApplicationInner(long, int, int),ActiveServices.java,4688,void com.android.server.am.ActiveServices$ServiceRestarter.run(),7]
09-10 06:46:57.762   565  1901 I am_uid_active: 10107
09-10 06:46:57.783   565   591 I dvm_lock_sample: [system_server,1,android.ui,21,ActivityManagerService.java,17746,void com.android.server.am.ActivityManagerService.pushTempAllowlist(),,0,null,4]
09-10 06:46:57.788  1221  1221 I wm_on_destroy_called: [17263514,com.android.launcher3.uioverrides.QuickstepLauncher,performDestroy,37]
09-10 06:46:57.834   565   603 I am_proc_start: [0,2057,10131,android.ext.services,service,{android.ext.services/android.ext.services.notification.Assistant}]
09-10 06:46:57.841   565   594 I input_focus: [Requesting to set focus to null window,reason=UpdateInputWindows]
09-10 06:46:57.849  1107  1354 I jank_cuj_events_begin_request: [81,1789022817849251000,24239943293,24239943400,1@0@com.android.settings]
09-10 06:46:57.852   565   603 I am_proc_start: [0,2067,1000,com.android.dynsystem,broadcast,{com.android.dynsystem/com.android.dynsystem.BootCompletedReceiver}]
09-10 06:46:57.882   934  1220 I viewroot_draw_event: [VRI[ScreenDecorOverlayBottom],reportDrawFinished seqId=0]
09-10 06:46:57.943   565  1901 I am_proc_bound: [0,2067,com.android.dynsystem]
09-10 06:46:57.948   565  1000 I am_proc_bound: [0,2057,android.ext.services]
09-10 06:46:57.971  1221  1221 I wm_on_create_called: [17263514,com.android.launcher3.uioverrides.QuickstepLauncher,performCreate,112]
09-10 06:46:57.972  1221  1221 I wm_on_start_called: [17263514,com.android.launcher3.uioverrides.QuickstepLauncher,handleStartActivity,0]
09-10 06:46:57.974  1221  1221 I wm_on_resume_called: [17263514,com.android.launcher3.uioverrides.QuickstepLauncher,RESUME_ACTIVITY,0]
09-10 06:46:57.974  1221  1221 I wm_on_top_resumed_gained_called: [17263514,com.android.launcher3.uioverrides.QuickstepLauncher,topWhenResuming]
09-10 06:46:57.991   565  1077 I wm_set_requested_orientation: [5,com.android.launcher3/.uioverrides.QuickstepLauncher]
09-10 06:46:58.025   565   602 I am_uid_running: 10137
09-10 06:46:58.031  1221  1221 I viewroot_draw_event: [VRI[Taskbar],reportDrawFinished seqId=0]
09-10 06:46:58.051   565   603 I am_proc_start: [0,2090,10137,com.android.federatedcompute.services,broadcast,{com.android.federatedcompute.services/com.android.federatedcompute.services.FederatedComputeBroadcastReceiver}]
09-10 06:46:58.071  1221  1221 I viewroot_draw_event: [VRI[QuickstepLauncher],Canceling draw. cancelDueToPreDrawListener=true cancelDueToSync=false]
09-10 06:46:58.084   565   594 I input_focus: [Focus request 746fef1 com.android.launcher3/com.android.launcher3.uioverrides.QuickstepLauncher,reason=UpdateInputWindows]
09-10 06:46:58.100  1107  1354 I jank_cuj_events_cancel_request: [81,1789022818100369000,24491061814,24491062040]
09-10 06:46:58.100  1107  1354 I jank_cuj_events_end_request: [81,1789022818100645000,24491336771,24491336862]
09-10 06:46:58.117   565   627 I commit_sys_config_file: [package,46]
09-10 06:46:58.125   565   603 I am_proc_start: [0,2100,1000,com.android.dynsystem:dynsystem,service,{com.android.dynsystem/com.android.dynsystem.DynamicSystemInstallationService}]
09-10 06:46:58.125   565  1129 I am_proc_bound: [0,2090,com.android.federatedcompute.services]
09-10 06:46:58.151   934   934 I viewroot_draw_event: [VRI[StatusBar],reportDrawFinished seqId=0]
09-10 06:46:58.152   565   625 I commit_sys_config_file: [package-user-0,35]
09-10 06:46:58.186  2100  2100 I service_manager_slow: [36,activity]
09-10 06:46:58.187   565  2030 I am_proc_bound: [0,2100,com.android.dynsystem:dynsystem]
09-10 06:46:58.215   565  2030 I am_uid_active: 10137
09-10 06:46:58.216   565   602 I am_uid_running: 10144
09-10 06:46:58.232   565  2030 I sysui_multi_action: [757,856,758,1,806,com.android.dynsystem,857,com.android.dynsystem,858,2]
09-10 06:46:58.232   565   603 I am_proc_start: [0,2124,10144,com.android.healthconnect.controller,broadcast,{com.android.healthconnect.controller/com.android.healthconnect.controller.safetycenter.SafetySourceBroadcastReceiver}]
09-10 06:46:58.261   565  1129 I am_proc_bound: [0,2124,com.android.healthconnect.controller]
09-10 06:46:58.299   565  1657 I am_uid_active: 10144
09-10 06:46:58.302   565   602 I am_uid_running: 10088
09-10 06:46:58.310   565   627 I am_uid_stopped: 10144
09-10 06:46:58.311   565   627 I am_kill : [0,2124,com.android.healthconnect.controller,0,change com.android.healthconnect.controller,107980]
09-10 06:46:58.314   565   603 I am_proc_start: [0,2136,10088,com.android.carrierdefaultapp,broadcast,{com.android.carrierdefaultapp/com.android.carrierdefaultapp.CarrierDefaultBroadcastReceiver}]
09-10 06:46:58.346   565   586 I am_proc_bound: [0,2136,com.android.carrierdefaultapp]
09-10 06:46:58.363   565   602 I am_uid_running: 10114
09-10 06:46:58.370   565   565 I notification_cancel_all: [10088,2136,com.android.carrierdefaultapp,0,0,32832,9,NULL]
09-10 06:46:58.374  1094  1094 I gsm_service_state_change: [1,1,0,0]
09-10 06:46:58.374  1094  1094 I gsm_rat_switched_new: [47108,0,11]
09-10 06:46:58.376   565   603 I am_proc_start: [0,2148,10114,com.android.messaging,broadcast,{com.android.messaging/com.android.messaging.receiver.BootAndPackageReplacedReceiver}]
09-10 06:46:58.421   934  1220 I viewroot_draw_event: [VRI[ScreenDecorOverlayBottom],reportDrawFinished seqId=0]
09-10 06:46:58.423   565  1077 I am_proc_bound: [0,2148,com.android.messaging]
09-10 06:46:58.481   934   934 I viewroot_draw_event: [VRI[StatusBar],reportDrawFinished seqId=0]
09-10 06:46:58.488   565   592 I commit_sys_config_file: [notification-policy,5]
09-10 06:46:58.528   565  1657 I am_uid_active: 10114
09-10 06:46:58.534   565   602 I am_uid_running: 1027
09-10 06:46:58.548   565   603 I am_proc_start: [0,2166,1027,com.android.nfc,broadcast,{com.android.nfc/com.android.nfc.NfcBootCompletedReceiver}]
09-10 06:46:58.599   565  1077 I am_proc_bound: [0,2166,com.android.nfc]
09-10 06:46:58.643   934   934 I viewroot_draw_event: [VRI[StatusBar],reportDrawFinished seqId=0]
09-10 06:46:58.646   565  1678 I am_uid_active: 1027
09-10 06:46:58.647   565   602 I am_uid_running: 10136
09-10 06:46:58.658   565   627 I am_uid_stopped: 1027
09-10 06:46:58.658   565   627 I am_kill : [0,2166,com.android.nfc,0,change com.android.nfc,102988]
09-10 06:46:58.660   565   603 I am_proc_start: [0,2180,10136,com.android.ondevicepersonalization.services,broadcast,{com.android.ondevicepersonalization.services/com.android.ondevicepersonalization.services.OnDevicePersonalizationBroadcastReceiver}]
09-10 06:46:58.662   565   565 I notification_cancel_all: [1000,565,com.android.nfc,0,0,0,5,NULL]
09-10 06:46:58.687   565   592 I commit_sys_config_file: [jobs,16]
09-10 06:46:58.688   565   592 I commit_sys_config_file: [jobs,1]
09-10 06:46:58.729   565  1678 I am_proc_bound: [0,2180,com.android.ondevicepersonalization.services]
09-10 06:46:58.749   565  1129 I am_uid_active: 10136
09-10 06:46:58.756   565   602 I am_uid_running: 10063
09-10 06:46:58.757   565   845 I dvm_lock_sample: [system_server,1,NetworkPolicy.uid,5,NetworkPolicyManagerService.java,6048,void com.android.server.net.NetworkPolicyManagerService.handleUidChanged(int),-,5265,boolean com.android.server.net.NetworkPolicyManagerService.isUidIdle(int, int),1]
09-10 06:46:58.773   565   603 I am_proc_start: [0,2192,10063,com.android.packageinstaller,broadcast,{com.android.packageinstaller/com.android.packageinstaller.common.TemporaryFileManager}]
09-10 06:46:58.815   565  1129 I am_proc_bound: [0,2192,com.android.packageinstaller]
09-10 06:46:58.876   565  1678 I am_uid_active: 10063
09-10 06:46:58.879   565   602 I am_uid_running: 10140
09-10 06:46:58.889   565   603 I am_proc_start: [0,2209,10140,com.android.rkpdapp,broadcast,{com.android.rkpdapp/com.android.rkpdapp.BootReceiver}]
09-10 06:46:58.931   565  1678 I am_proc_bound: [0,2209,com.android.rkpdapp]
09-10 06:46:58.987   565  1000 I am_uid_active: 10140
09-10 06:46:58.998   565   602 I am_uid_running: 2000
09-10 06:46:59.021   565   603 I am_proc_start: [0,2234,2000,com.android.shell,broadcast,{com.android.shell/com.android.shell.HeapDumpReceiver}]
09-10 06:46:59.047   565  1678 I am_wtf  : [0,1031,com.android.networkstack.process,680050253,SystemServiceRegistry,No service published for: ethernet]
09-10 06:46:59.064   565  2033 I am_proc_bound: [0,2234,com.android.shell]
09-10 06:46:59.087   565   844 I commit_sys_config_file: [net-policy,6]
09-10 06:46:59.089   565  1077 I am_uid_active: 2000
09-10 06:46:59.111  2148  2230 I dvm_lock_sample: [com.android.messaging,0,AsyncTask #5,120,go/retraceme 0f6d98da91b3c4853d6f803be8640fde018056ba9fcaa4b712230220755a1ca7,3,void com.android.messaging.sms.MmsConfig.load(),-,97,void com.android.messaging.sms.MmsConfig.load(),24]
09-10 06:46:59.146   565   899 I sysui_multi_action: [757,1717,758,1,759,0]
09-10 06:46:59.146   565   899 I sysui_multi_action: [757,1717,758,2,759,0]
09-10 06:46:59.146   565   899 I sysui_multi_action: [757,1717,758,3,759,0]
09-10 06:46:59.250  1221  1775 I viewroot_draw_event: [VRI[Taskbar],reportDrawFinished seqId=0]
09-10 06:46:59.315  1221  1237 I jank_cuj_events_end_request: [80,1789022819315645000,25706337406,25706337488]
09-10 06:46:59.397  1221  1221 I viewroot_draw_event: [VRI[QuickstepLauncher],Draw frame after cancel]
09-10 06:46:59.467  1221  1221 I viewroot_draw_event: [VRI[QuickstepLauncher],reportDrawFinished seqId=0]
09-10 06:46:59.499   565  2033 I wm_destroy_activity: [0,188819573,5,com.android.settings/.FallbackHome,finish-idle]
09-10 06:46:59.500   565  2033 I wm_destroy_activity: [0,257896719,6,com.android.sdksetup/.DefaultActivity,finish-idle]
09-10 06:46:59.502  1478  1478 I wm_on_destroy_called: [257896719,com.android.sdksetup.DefaultActivity,performDestroy,0]
09-10 06:46:59.504   565  2033 I wm_task_removed: [6,1,0,removeChild, last child = ActivityRecord{f5f310f u0 com.android.sdksetup/.DefaultActivity t-1 f}} in Task{d14a59c #6 type=home A=10115:com.android.sdksetup}]
09-10 06:46:59.518  1107  1107 I viewroot_draw_event: [VRI[FallbackHome],Not drawing due to not visible. Reason=!mAppVisible && !mForceDecorViewVisibility]
09-10 06:46:59.518  1107  1107 I wm_on_stop_called: [188819573,com.android.settings.FallbackHome,LIFECYCLER_STOP_ACTIVITY,0]
09-10 06:46:59.518  1107  1107 I wm_on_destroy_called: [188819573,com.android.settings.FallbackHome,performDestroy,0]
09-10 06:46:59.519   565   590 I sysui_multi_action: [319,4143,322,4480,325,21,757,761,758,8,759,2,806,com.android.launcher3,871,com.android.launcher3.uioverrides.QuickstepLauncher,905,0,1320,4,1321,23]
09-10 06:46:59.520   565   590 I wm_activity_launch_time: [0,17263514,com.android.launcher3/.uioverrides.QuickstepLauncher,4480]
09-10 06:46:59.523   565   594 I wm_wallpaper_surface: [0,1,Window{746fef1 u0 com.android.launcher3/com.android.launcher3.uioverrides.QuickstepLauncher}]
09-10 06:46:59.529   565  1000 I wm_task_removed: [5,1,0,removeChild, last child = ActivityRecord{b412875 u0 com.android.settings/.FallbackHome t-1 f}} in Task{7f6107b #5 type=home A=1000:com.android.settings.FallbackHome}]
09-10 06:46:59.549   565   680 I input_focus: [Focus entering 746fef1 com.android.launcher3/com.android.launcher3.uioverrides.QuickstepLauncher (server),reason=Window became focusable. Previous reason: NOT_VISIBLE]
09-10 06:46:59.550   565   680 I input_interaction: Interaction with: 746fef1 com.android.launcher3/com.android.launcher3.uioverrides.QuickstepLauncher (server), PointerEventDispatcher0 (server), 
09-10 06:46:59.601   565   842 I netstats_mobile_sample: [0,0,0,0,0,0,0,0,1789022819486]
09-10 06:46:59.602   565   842 I netstats_wifi_sample: [16731,10442,49,71,18148,7168,54,55,1789022819486]
09-10 06:46:59.873   934  1011 I jank_cuj_events_end_request: [55,1789022819873029000,26263721772,26263721858]
09-10 06:46:59.930   565   667 I commit_sys_config_file: [settings-0-0,2]
09-10 06:47:00.115   565   667 I commit_sys_config_file: [settings-1-0,1]
09-10 06:47:00.164   565   667 I commit_sys_config_file: [settings-2-0,1]
09-10 06:47:00.901   565   602 I am_wtf  : [0,565,system_server,-1,Binder,Outgoing transactions from this process must be FLAG_ONEWAY]
09-10 06:47:01.102   565   667 I commit_sys_config_file: [settings-1-0,2]
09-10 06:47:01.156   934  1011 I jank_cuj_events_end_request: [55,1789022821156757000,27547450310,27547450420]
09-10 06:47:01.159   565   591 I wm_new_intent: [0,17263514,7,com.android.launcher3/.uioverrides.QuickstepLauncher,android.intent.action.MAIN,NULL,NULL,268435712]
09-10 06:47:01.159   565   591 I wm_task_moved: [1,1,0,1,1]
09-10 06:47:01.160   565   591 I wm_set_keyguard_occluded: [0,0,0,setOccluded]
09-10 06:47:01.161   934   934 I sysui_keyguard: [0,0]
09-10 06:47:01.161  1221  1221 I wm_on_top_resumed_lost_called: [17263514,com.android.launcher3.uioverrides.QuickstepLauncher,pausing]
09-10 06:47:01.162  1221  1221 I wm_on_paused_called: [17263514,com.android.launcher3.uioverrides.QuickstepLauncher,performPause,1]
09-10 06:47:01.162   934  1011 I jank_cuj_events_cancel_request: [23,1789022821161164000,27551857264,27551857389]
09-10 06:47:01.163  1221  1221 I wm_on_resume_called: [17263514,com.android.launcher3.uioverrides.QuickstepLauncher,LIFECYCLER_RESUME_ACTIVITY,0]
09-10 06:47:01.164  1221  1221 I wm_on_top_resumed_gained_called: [17263514,com.android.launcher3.uioverrides.QuickstepLauncher,topWhenResuming]
09-10 06:47:01.187   565   602 I ssm_user_completed_event: [0,2]
09-10 06:47:01.571   565   627 I dvm_lock_sample: [system_server,0,PackageManager,11,ActivityManagerService.java,19173,int com.android.server.am.ActivityManagerService$LocalService.broadcastIntent(android.content.Intent, android.content.IIntentReceiver, java.lang.String[], boolean, int, int[], java.util.function.BiFunction, android.os.Bundle),BroadcastQueueModernImpl.java,450,void com.android.server.am.BroadcastQueueModernImpl.updateRunningList(),2]
09-10 06:47:01.594   565   926 I service_manager_slow: [38,user]
09-10 06:47:01.597   565   667 I commit_sys_config_file: [settings-2-0,27]
09-10 06:47:01.689   565   926 I service_manager_slow: [39,user]
09-10 06:47:01.720   565   962 I commit_sys_config_file: [appops_accesses,3]
09-10 06:47:03.002   565   667 I commit_sys_config_file: [settings-2-0,4]
09-10 06:47:03.004   565   667 I commit_sys_config_file: [settings-1-0,2]
09-10 06:47:03.851   565   639 I service_manager_stats: [184,231,7128]
09-10 06:47:04.054   565   667 I commit_sys_config_file: [settings-2-0,2]
09-10 06:47:04.439   565   668 I am_freeze: [1468,com.android.music]
09-10 06:47:04.452   565   668 I am_compact: [1468,com.android.music,ANON,104396,52736,51020,0,-3072,0,-3072,3072,12,SOME,0,999,19,20,-2672]
09-10 06:47:05.072   565   667 I commit_sys_config_file: [settings-2-0,5]
09-10 06:47:06.120   565   667 I commit_sys_config_file: [settings-2-0,2]
09-10 06:47:06.721   565   668 I am_freeze: [1478,com.android.sdksetup]
09-10 06:47:06.736   565   668 I am_compact: [1478,com.android.sdksetup,ANON,117964,64896,52300,0,-4864,0,-4864,4864,14,SOME,0,915,19,2692,-1244]
09-10 06:47:06.746   565   668 I am_freeze: [1443,com.android.printspooler]
09-10 06:47:06.758   565   668 I am_compact: [1443,com.android.printspooler,ANON,106444,54400,51404,0,-3328,0,-3328,3328,11,SOME,0,999,19,3936,-956]
09-10 06:47:07.133   565   667 I commit_sys_config_file: [settings-2-0,3]
09-10 06:47:08.342   565   667 I commit_sys_config_file: [settings-2-0,2]
09-10 06:47:08.357   565   625 I commit_sys_config_file: [package-user-0,4]
09-10 06:47:08.376   565   668 I am_freeze: [2136,com.android.carrierdefaultapp]
09-10 06:47:08.387   565   668 I am_compact: [2136,com.android.carrierdefaultapp,ANON,105292,53376,51276,0,-3328,0,-3328,3328,11,SOME,0,965,19,4892,-1004]
09-10 06:47:09.053   565   627 I commit_sys_config_file: [package,14]
09-10 06:47:09.058   565   625 I commit_sys_config_file: [package-user-0,4]
09-10 06:47:09.145   565   668 I am_freeze: [1303,com.android.cellbroadcastreceiver]
09-10 06:47:09.159   565   668 I am_compact: [1303,com.android.cellbroadcastreceiver,ANON,105256,53376,51240,0,-3328,0,-3328,3456,14,SOME,0,945,19,5896,-944]
09-10 06:47:09.357   565   667 I commit_sys_config_file: [settings-2-0,3]
09-10 06:47:10.793   565   667 I commit_sys_config_file: [settings-0-0,3]
09-10 06:47:11.190   934  1011 I jank_cuj_events_end_request: [55,1789022831189880000,37580573106,37580573207]
09-10 06:47:11.257   565   668 I am_freeze: [1665,com.android.externalstorage]
09-10 06:47:11.281   565   668 I am_compact: [1665,com.android.externalstorage,ANON,106572,54784,51148,0,-3200,0,-3200,3328,24,SOME,0,905,19,6840,-1060]
09-10 06:47:11.487   565   667 I commit_sys_config_file: [settings-0-0,5]
09-10 06:47:11.585   565   668 I am_freeze: [1784,com.android.quicksearchbox]
09-10 06:47:11.600   565   668 I am_compact: [1784,com.android.quicksearchbox,ANON,105548,53376,51532,0,-3456,0,-3456,3456,15,SOME,0,905,19,7900,-1220]
09-10 06:47:12.589   934  1011 I jank_cuj_events_end_request: [55,1789022832589845000,38980537367,38980537472]
09-10 06:47:12.591   565   591 I wm_new_intent: [0,17263514,7,com.android.launcher3/.uioverrides.QuickstepLauncher,android.intent.action.MAIN,NULL,NULL,268435712]
09-10 06:47:12.591   565   591 I wm_task_moved: [1,1,0,1,1]
09-10 06:47:12.591   565   591 I wm_set_keyguard_occluded: [0,0,0,setOccluded]
09-10 06:47:12.594   934   934 I sysui_keyguard: [0,0]
09-10 06:47:12.594  1221  1221 I wm_on_top_resumed_lost_called: [17263514,com.android.launcher3.uioverrides.QuickstepLauncher,pausing]
09-10 06:47:12.594   934  1011 I jank_cuj_events_cancel_request: [23,1789022832594745000,38985438339,38985438469]
09-10 06:47:12.595  1221  1221 I wm_on_paused_called: [17263514,com.android.launcher3.uioverrides.QuickstepLauncher,performPause,0]
09-10 06:47:12.595  1221  1221 I wm_on_resume_called: [17263514,com.android.launcher3.uioverrides.QuickstepLauncher,LIFECYCLER_RESUME_ACTIVITY,0]
09-10 06:47:12.595  1221  1221 I wm_on_top_resumed_gained_called: [17263514,com.android.launcher3.uioverrides.QuickstepLauncher,topWhenResuming]
09-10 06:47:13.037   565   667 I commit_sys_config_file: [settings-2-0,2]
09-10 06:47:14.361   565   667 I commit_sys_config_file: [settings-2-0,2]
09-10 06:47:15.411   565   667 I commit_sys_config_file: [settings-2-0,2]
09-10 06:47:16.426   565   667 I commit_sys_config_file: [settings-2-0,2]
09-10 06:47:17.467   565   667 I commit_sys_config_file: [settings-2-0,3]
09-10 06:47:17.504  1031  1031 I auditd  : type=1400 audit(0.0:22): avc:  granted  { read } for  comm="NetworkMonitor/" name="psched" dev="proc" ino=4026532021 scontext=u:r:network_stack:s0 tcontext=u:object_r:proc_net:s0 tclass=file
09-10 06:47:17.504  1031  1031 I auditd  : type=1400 audit(0.0:23): avc:  granted  { read open } for  comm="NetworkMonitor/" path="/proc/1031/net/psched" dev="proc" ino=4026532021 scontext=u:r:network_stack:s0 tcontext=u:object_r:proc_net:s0 tclass=file
09-10 06:47:17.504  1031  1031 I auditd  : type=1400 audit(0.0:24): avc:  granted  { getattr } for  comm="NetworkMonitor/" path="/proc/1031/net/psched" dev="proc" ino=4026532021 scontext=u:r:network_stack:s0 tcontext=u:object_r:proc_net:s0 tclass=file
09-10 06:47:18.482   565   667 I commit_sys_config_file: [settings-2-0,3]
09-10 06:47:19.168   565   565 I auditd  : type=1400 audit(0.0:25): avc:  denied  { getopt } for  comm="binder:565_3" scontext=u:r:system_server:s0 tcontext=u:r:shell:s0 tclass=unix_stream_socket permissive=0
09-10 06:47:19.168   565   565 I auditd  : type=1400 audit(0.0:26): avc:  denied  { getopt } for  comm="binder:565_3" scontext=u:r:system_server:s0 tcontext=u:r:shell:s0 tclass=unix_stream_socket permissive=0
09-10 06:47:19.168   565   565 I auditd  : type=1400 audit(0.0:27): avc:  denied  { getopt } for  comm="binder:565_3" scontext=u:r:system_server:s0 tcontext=u:r:shell:s0 tclass=unix_stream_socket permissive=0
09-10 06:47:19.184   565   592 I commit_sys_config_file: [package-session,5]
09-10 06:47:20.080   565   565 I auditd  : type=1400 audit(0.0:28): avc:  denied  { getopt } for  comm="binder:565_3" scontext=u:r:system_server:s0 tcontext=u:r:shell:s0 tclass=unix_stream_socket permissive=0
09-10 06:47:20.088   565   638 I commit_sys_config_file: [package-session,2]
09-10 06:47:20.088   565   602 I am_wtf  : [0,2717,system_server,-1,SystemServiceRegistry,No service published for: persistent_data_block]
09-10 06:47:20.088   565   602 I am_wtf  : [0,2717,system_server,-1,SystemServiceRegistry,Manager wrapper not available: persistent_data_block]
09-10 06:47:20.963   565   592 I commit_sys_config_file: [package-session,2]
09-10 06:47:20.981   565   627 I commit_sys_config_file: [package,11]
09-10 06:47:20.987   565   625 I commit_sys_config_file: [package-user-0,5]
09-10 06:47:20.991   565   627 I backup_transport_lifecycle: [com.android.localtransport/.LocalTransportService,1]
09-10 06:47:20.992   565   565 I backup_transport_connection: [com.android.localtransport/.LocalTransportService,1]
09-10 06:47:20.994   565   627 I backup_transport_lifecycle: [com.android.localtransport/.LocalTransportService,0]
09-10 06:47:20.994   565   627 I backup_transport_connection: [com.android.localtransport/.LocalTransportService,0]
09-10 06:47:20.997   565   627 I unknown_sources_enabled: 1
09-10 06:47:20.996   565   565 I auditd  : type=1400 audit(0.0:29): avc:  denied  { getopt } for  comm="binder:565_3" scontext=u:r:system_server:s0 tcontext=u:r:shell:s0 tclass=unix_stream_socket permissive=0
09-10 06:47:20.996   565   565 I auditd  : type=1400 audit(0.0:30): avc:  denied  { getopt } for  comm="binder:565_3" scontext=u:r:system_server:s0 tcontext=u:r:shell:s0 tclass=unix_stream_socket permissive=0
09-10 06:47:20.996   565   565 I auditd  : type=1400 audit(0.0:31): avc:  denied  { getopt } for  comm="binder:565_3" scontext=u:r:system_server:s0 tcontext=u:r:shell:s0 tclass=unix_stream_socket permissive=0
09-10 06:47:21.021   565   638 I commit_sys_config_file: [package-session,22]
09-10 06:47:21.022   565   643 I commit_sys_config_file: [overlays,13]
09-10 06:47:21.022   565   592 I commit_sys_config_file: [package-session,22]
09-10 06:47:21.034   565   565 I notification_cancel_all: [1000,565,dev.partydeck.godot.compare,0,0,0,5,NULL]
09-10 06:47:21.047   565  1017 I am_clear_app_data_caller: [2736,2000,dev.partydeck.godot.compare]
09-10 06:47:21.055   565  1017 I pm_clear_app_data_caller: [565,1000,dev.partydeck.godot.compare]
09-10 06:47:21.055   565   565 I notification_cancel_all: [1000,565,dev.partydeck.godot.compare,0,0,0,21,NULL]
09-10 06:47:21.057   565   627 I installer_clear_app_data_caller: [565,1000,dev.partydeck.godot.compare,7]
09-10 06:47:21.057   565   627 I installer_clear_app_data_call_stack: [clearAppData,com.android.server.pm.Installer,Installer.java,427]
09-10 06:47:21.057   565   627 I installer_clear_app_data_call_stack: [clearAppDataLeafLIF,com.android.server.pm.AppDataHelper,AppDataHelper.java,572]
09-10 06:47:21.057   565   627 I installer_clear_app_data_call_stack: [clearAppDataLIF,com.android.server.pm.AppDataHelper,AppDataHelper.java,557]
09-10 06:47:21.057   565   627 I installer_clear_app_data_call_stack: [clearApplicationUserDataLIF,com.android.server.pm.PackageManagerService,PackageManagerService.java,3433]
09-10 06:47:21.057   565   627 I installer_clear_app_data_call_stack: [-$$Nest$mclearApplicationUserDataLIF,com.android.server.pm.PackageManagerService,PackageManagerService.java,0]
09-10 06:47:21.057   565   627 I installer_clear_app_data_call_stack: [run,com.android.server.pm.PackageManagerService$IPackageManagerImpl$1,PackageManagerService.java,4787]
09-10 06:47:21.057   565   627 I installer_clear_app_data_call_stack: [handleCallback,android.os.Handler,Handler.java,959]
09-10 06:47:21.057   565   627 I installer_clear_app_data_call_stack: [dispatchMessage,android.os.Handler,Handler.java,100]
09-10 06:47:21.057   565   627 I installer_clear_app_data_call_stack: [loopOnce,android.os.Looper,Looper.java,232]
09-10 06:47:21.057   565   627 I installer_clear_app_data_call_stack: [loop,android.os.Looper,Looper.java,317]
09-10 06:47:21.058   565   627 I installer_clear_app_data_call_stack: [run,android.os.HandlerThread,HandlerThread.java,85]
09-10 06:47:21.058   565   627 I installer_clear_app_data_call_stack: [run,com.android.server.ServiceThread,ServiceThread.java,46]
09-10 06:47:21.062   565   863 I storage_state: [41217664-9172-527a-b3d5-edabb50a7d69,0,0,5476012032,6228115456]
09-10 06:47:21.065   565   885 I commit_sys_config_file: [session_index,2]
09-10 06:47:21.067   565   885 I commit_sys_config_file: [blobs_index,3]
09-10 06:47:21.081   565   565 I notification_cancel_all: [1000,565,dev.partydeck.godot.compare,0,0,0,5,NULL]
09-10 06:47:21.206   565   667 I commit_sys_config_file: [settings-2-0,2]
09-10 06:47:21.308   565   592 I commit_sys_config_file: [notification-policy,3]
09-10 06:47:22.370   565   593 I configuration_changed: 1073741824
09-10 06:47:22.412   565   593 I wm_relaunch_resume_activity: [0,17263514,7,com.android.launcher3/.uioverrides.QuickstepLauncher,40000000]
09-10 06:47:22.469  1031  1093 I service_manager_slow: [45,carrier_config]
09-10 06:47:22.475   565   585 I am_wtf  : [0,1031,com.android.networkstack.process,680050253,SystemServiceRegistry,No service published for: ethernet]
09-10 06:47:22.475   565  1017 I wm_task_created: 8
09-10 06:47:22.486   565  1017 I wm_task_moved: [8,8,0,1,2]
09-10 06:47:22.486   565  1017 I wm_task_to_front: [0,8,0]
09-10 06:47:22.486   565  1017 I wm_create_task: [0,8,8,0]
09-10 06:47:22.486   565  1017 I wm_create_activity: [0,47428149,8,dev.partydeck.godot.compare/.ComparisonActivity,NULL,NULL,NULL,268435456]
09-10 06:47:22.486   565  1017 I wm_task_moved: [8,8,0,1,2]
09-10 06:47:22.487   565  1017 I wm_pause_activity: [0,17263514,com.android.launcher3/.uioverrides.QuickstepLauncher,userLeaving=true,pauseBackTasks]
09-10 06:47:22.499   565   593 I am_uid_running: 10148
09-10 06:47:22.537   565   603 I am_proc_start: [0,2780,10148,dev.partydeck.godot.compare,next-top-activity,{dev.partydeck.godot.compare/dev.partydeck.godot.compare.ComparisonActivity}]
09-10 06:47:22.630   565   667 I commit_sys_config_file: [settings-1-0,46]
09-10 06:47:22.683   934  1220 I viewroot_draw_event: [VRI[ScreenDecorOverlay],reportDrawFinished seqId=0]
09-10 06:47:22.693   565   585 I am_proc_bound: [0,2780,dev.partydeck.godot.compare]
09-10 06:47:22.697   565   585 I am_uid_active: 10148
09-10 06:47:22.803   934  1022 I viewroot_draw_event: [VRI[compare],reportDrawFinished seqId=0]
09-10 06:47:22.804  1221  1221 I wm_on_top_resumed_lost_called: [17263514,com.android.launcher3.uioverrides.QuickstepLauncher,pausing]
09-10 06:47:22.804  1221  1221 I wm_on_paused_called: [17263514,com.android.launcher3.uioverrides.QuickstepLauncher,performPause,0]
09-10 06:47:22.806  1221  1221 I wm_on_stop_called: [17263514,com.android.launcher3.uioverrides.QuickstepLauncher,handleRelaunchActivity,1]
09-10 06:47:22.806   934  1220 I viewroot_draw_event: [VRI[ScreenDecorOverlayBottom],reportDrawFinished seqId=0]
09-10 06:47:22.808  1221  1221 I wm_on_destroy_called: [17263514,com.android.launcher3.uioverrides.QuickstepLauncher,performDestroy,2]
09-10 06:47:22.812   565   594 I input_focus: [Requesting to set focus to null window,reason=UpdateInputWindows]
09-10 06:47:22.866   565   668 I am_unfreeze: [1784,com.android.quicksearchbox,3]
09-10 06:47:22.946  1221  1221 I wm_on_create_called: [17263514,com.android.launcher3.uioverrides.QuickstepLauncher,performCreate,131]
09-10 06:47:22.947  1221  1221 I wm_on_start_called: [17263514,com.android.launcher3.uioverrides.QuickstepLauncher,handleStartActivity,0]
09-10 06:47:22.947   934   934 I viewroot_draw_event: [VRI[StatusBar],reportDrawFinished seqId=0]
09-10 06:47:22.948  1221  1221 I wm_on_resume_called: [17263514,com.android.launcher3.uioverrides.QuickstepLauncher,RESUME_ACTIVITY,0]
09-10 06:47:22.948  1221  1221 I wm_on_top_resumed_gained_called: [17263514,com.android.launcher3.uioverrides.QuickstepLauncher,topWhenResuming]
09-10 06:47:22.950   565  1077 I wm_set_requested_orientation: [5,com.android.launcher3/.uioverrides.QuickstepLauncher]
09-10 06:47:23.001   565   593 I wm_add_to_stopping: [0,17263514,com.android.launcher3/.uioverrides.QuickstepLauncher,makeInvisible]
09-10 06:47:23.002   565   593 I wm_restart_activity: [0,47428149,8,dev.partydeck.godot.compare/.ComparisonActivity]
09-10 06:47:23.014   934  1220 I viewroot_draw_event: [VRI[ScreenDecorOverlay],reportDrawFinished seqId=0]
09-10 06:47:23.015   565   593 I wm_set_resumed_activity: [0,dev.partydeck.godot.compare/.ComparisonActivity,realStartActivityLocked - onActivityStateChanged]
09-10 06:47:23.015   565   590 I sysui_multi_action: [757,803,799,window_time_0,802,28]
09-10 06:47:23.032   934  1220 I viewroot_draw_event: [VRI[ScreenDecorOverlayBottom],reportDrawFinished seqId=0]
09-10 06:47:23.032  1221  1221 I viewroot_draw_event: [VRI[Taskbar],reportDrawFinished seqId=0]
09-10 06:47:23.084   934  1220 I viewroot_draw_event: [VRI[ScreenDecorOverlay],reportDrawFinished seqId=0]
09-10 06:47:23.117   565   594 I wm_wallpaper_surface: [0,0,null]
09-10 06:47:23.195  2780  2780 I wm_on_create_called: [47428149,dev.partydeck.godot.compare.ComparisonActivity,performCreate,130]
09-10 06:47:23.196  2780  2780 I wm_on_start_called: [47428149,dev.partydeck.godot.compare.ComparisonActivity,handleStartActivity,0]
09-10 06:47:23.200  2780  2780 I wm_on_resume_called: [47428149,dev.partydeck.godot.compare.ComparisonActivity,RESUME_ACTIVITY,1]
09-10 06:47:23.273   934   934 I viewroot_draw_event: [VRI[StatusBar],reportDrawFinished seqId=0]
09-10 06:47:23.285  1221  1221 I viewroot_draw_event: [VRI[QuickstepLauncher],reportDrawFinished seqId=0]
09-10 06:47:23.286  1221  1221 I wm_on_top_resumed_lost_called: [17263514,com.android.launcher3.uioverrides.QuickstepLauncher,topStateChangedWhenResumed]
09-10 06:47:23.293  2780  2780 I wm_on_top_resumed_gained_called: [47428149,dev.partydeck.godot.compare.ComparisonActivity,topStateChangedWhenResumed]
09-10 06:47:23.301  1221  1221 I wm_on_paused_called: [17263514,com.android.launcher3.uioverrides.QuickstepLauncher,performPause,9]
09-10 06:47:23.302   565  1129 I wm_failed_to_pause: [0,17263514,com.android.launcher3/.uioverrides.QuickstepLauncher,(none)]
09-10 06:47:23.339  1221  1617 I viewroot_draw_event: [VRI[Taskbar],reportDrawFinished seqId=0]
09-10 06:47:23.351   565   594 I input_focus: [Focus request aa34dec dev.partydeck.godot.compare/dev.partydeck.godot.compare.ComparisonActivity,reason=UpdateInputWindows]
09-10 06:47:23.373   934   934 I viewroot_draw_event: [VRI[StatusBar],reportDrawFinished seqId=0]
09-10 06:47:23.467  1221  1221 I viewroot_draw_event: [VRI[QuickstepLauncher],Not drawing due to not visible. Reason=!mAppVisible && !mForceDecorViewVisibility]
09-10 06:47:23.467   565   585 I wm_stop_activity: [0,17263514,com.android.launcher3/.uioverrides.QuickstepLauncher]
09-10 06:47:23.483  1221  1221 I wm_on_stop_called: [17263514,com.android.launcher3.uioverrides.QuickstepLauncher,STOP_ACTIVITY_ITEM,9]
09-10 06:47:23.741  2780  2780 I viewroot_draw_event: [VRI[ComparisonActivity],reportDrawFinished seqId=0]
09-10 06:47:23.746   565   590 I sysui_multi_action: [319,576,321,334,322,1275,325,48,757,761,758,7,759,1,806,dev.partydeck.godot.compare,871,dev.partydeck.godot.compare.ComparisonActivity,904,com.android.shell,905,0,945,225,1320,12,1321,1]
09-10 06:47:23.746   565   590 I wm_activity_launch_time: [0,47428149,dev.partydeck.godot.compare/.ComparisonActivity,1275]
09-10 06:47:23.761   934  1011 I jank_cuj_events_begin_request: [39,1789022843747920000,50138612740,50138612848,]
09-10 06:47:23.764   934  1011 I jank_cuj_events_end_request: [39,1789022843764238000,50154930335,50154930431]
09-10 06:47:23.774   934  1022 I viewroot_draw_event: [VRI[compare],Not drawing due to not visible. Reason=View.GONE]
09-10 06:47:23.847   565   680 I input_focus: [Focus entering aa34dec dev.partydeck.godot.compare/dev.partydeck.godot.compare.ComparisonActivity (server),reason=Window became focusable. Previous reason: NOT_VISIBLE]
09-10 06:47:24.333   565   667 I commit_sys_config_file: [settings-2-0,2]
09-10 06:47:25.468   565   667 I commit_sys_config_file: [settings-2-0,7]
09-10 06:47:26.544   565   667 I commit_sys_config_file: [settings-2-0,2]
09-10 06:47:26.572   565   668 I am_freeze: [1865,com.android.traceur]
09-10 06:47:26.585   565   668 I am_compact: [1865,com.android.traceur,ANON,108568,56704,51224,0,-3456,0,-3456,3584,13,SOME,0,999,19,8856,-736]
09-10 06:47:26.641   565   668 I am_freeze: [1276,com.android.cellbroadcastreceiver.module]
09-10 06:47:26.656   565   668 I am_compact: [1276,com.android.cellbroadcastreceiver.module,ANON,128364,74752,52972,0,-8192,-2688,-5504,5504,16,SOME,0,965,19,9592,-1632]
09-10 06:47:26.747   565   668 I am_freeze: [1583,com.android.managedprovisioning]
09-10 06:47:26.762   565   668 I am_compact: [1583,com.android.managedprovisioning,ANON,111856,58624,52592,0,-4736,0,-4736,4736,15,SOME,0,999,19,11224,-1524]
09-10 06:47:26.902   565   668 I am_freeze: [1887,com.android.calendar]
09-10 06:47:26.914   565   668 I am_compact: [1887,com.android.calendar,ANON,110260,58240,51380,0,-3840,0,-3840,3840,11,SOME,0,999,19,12748,-1168]
09-10 06:47:26.931   565   668 I am_freeze: [1724,com.android.providers.calendar]
09-10 06:47:26.944   565   668 I am_compact: [1724,com.android.providers.calendar,ANON,114124,61440,52044,0,-4480,0,-4480,4480,13,SOME,0,925,19,13916,-1296]
09-10 06:47:26.960   565   668 I am_freeze: [1834,com.android.statementservice]
09-10 06:47:26.986   565   668 I am_compact: [1834,com.android.statementservice,ANON,123980,65792,57548,0,-10496,0,-10496,10624,26,SOME,0,955,19,15212,-3816]
09-10 06:47:27.072   565   668 I am_freeze: [1912,com.android.imsserviceentitlement]
09-10 06:47:27.084   565   668 I am_compact: [1912,com.android.imsserviceentitlement,ANON,109388,56704,52044,0,-3840,0,-3840,3840,12,SOME,0,955,19,19028,-1156]
09-10 06:47:27.226   565   668 I am_freeze: [1937,.adservices]
09-10 06:47:27.237   565   668 I am_compact: [1937,.adservices,ANON,111104,59264,51200,0,-4352,-768,-3584,3584,12,SOME,0,999,19,20184,-1216]
09-10 06:47:27.556   565   667 I commit_sys_config_file: [settings-2-0,3]
09-10 06:47:27.787   565   668 I am_freeze: [1974,com.android.camera2]
09-10 06:47:27.800   565   668 I am_compact: [1974,com.android.camera2,ANON,108256,56320,51296,0,-3328,0,-3328,3328,13,SOME,0,999,19,21400,-1076]
09-10 06:47:28.027   565   668 I am_freeze: [1107,com.android.settings]
09-10 06:47:28.027   565   668 I am_freeze: [2100,com.android.dynsystem:dynsystem]
09-10 06:47:28.028   565   668 I am_freeze: [2067,com.android.dynsystem]
09-10 06:47:28.028   565   668 I am_freeze: [1580,com.android.keychain]
09-10 06:47:28.052   565   668 I am_compact: [1107,com.android.settings,ANON,162320,104328,57224,0,-10240,0,-10240,10240,23,SOME,0,925,19,22476,-3600]
09-10 06:47:28.062   565   668 I am_compact: [2100,com.android.dynsystem:dynsystem,ANON,104348,52608,51100,0,-3200,0,-3200,3200,11,SOME,0,995,19,26076,-940]
09-10 06:47:28.072   565   668 I am_compact: [2067,com.android.dynsystem,ANON,103808,52096,51072,0,-3072,0,-3072,3200,9,SOME,0,999,19,27016,-1048]
09-10 06:47:28.082   565   668 I am_compact: [1580,com.android.keychain,ANON,107040,55168,51232,0,-3328,0,-3328,3328,11,SOME,0,999,19,28064,-1080]
09-10 06:47:28.211   565   680 I input_interaction: Interaction with: aa34dec dev.partydeck.godot.compare/dev.partydeck.godot.compare.ComparisonActivity (server), PointerEventDispatcher0 (server), 
09-10 06:47:28.233   565   668 I am_freeze: [2090,com.android.federatedcompute.services]
09-10 06:47:28.251   565   668 I am_compact: [2090,com.android.federatedcompute.services,ANON,104644,52736,51268,0,-3712,-512,-3200,3328,18,SOME,0,999,19,29144,-1048]
09-10 06:47:28.533   565   668 I am_freeze: [2148,com.android.messaging]
09-10 06:47:28.562   565   668 I am_compact: [2148,com.android.messaging,ANON,123844,68352,54724,0,-7680,0,-7680,7680,29,SOME,0,965,19,30192,-2516]
09-10 06:47:28.752   565   668 I am_freeze: [2180,com.android.ondevicepersonalization.services]
09-10 06:47:28.764   565   668 I am_compact: [2180,com.android.ondevicepersonalization.services,ANON,105164,53120,51404,0,-4480,-1152,-3328,3328,12,SOME,0,985,19,32708,-1140]
09-10 06:47:28.781   565   667 I commit_sys_config_file: [settings-2-0,2]
09-10 06:47:28.989   565   668 I am_freeze: [2209,com.android.rkpdapp]
09-10 06:47:29.022   565   668 I am_compact: [2209,com.android.rkpdapp,ANON,126412,67072,58700,0,-12544,-1024,-11520,11648,33,SOME,0,935,19,33848,-3800]
09-10 06:47:29.091   565   668 I am_freeze: [2234,com.android.shell]
09-10 06:47:29.102   565   668 I am_compact: [2234,com.android.shell,ANON,104144,52352,51152,0,-3200,0,-3200,3200,11,SOME,0,945,19,37648,-1116]
09-10 06:47:29.792   565   667 I commit_sys_config_file: [settings-2-0,2]
09-10 06:47:30.635   565  1024 I service_manager_stats: [100,12,26784]
09-10 06:47:30.831   565   667 I commit_sys_config_file: [settings-2-0,2]
09-10 06:47:30.999   565   668 I am_freeze: [1951,com.android.localtransport]
09-10 06:47:31.010   565   668 I am_compact: [1951,com.android.localtransport,ANON,106188,54528,51020,0,-3200,0,-3200,3328,10,SOME,0,915,19,38764,-1044]
09-10 06:47:31.016   565   668 I am_freeze: [2192,com.android.packageinstaller]
09-10 06:47:31.027   565   668 I am_compact: [2192,com.android.packageinstaller,ANON,106364,54400,51324,0,-3584,0,-3584,3584,11,SOME,0,915,19,39808,-1296]
09-10 06:47:31.076   565   668 I am_freeze: [1456,com.android.documentsui]
09-10 06:47:31.096   565   668 I am_compact: [1456,com.android.documentsui,ANON,127360,71612,55108,0,-7680,0,-7680,7680,21,SOME,0,905,19,41104,-2436]
09-10 06:47:31.844   565   667 I commit_sys_config_file: [settings-2-0,2]
09-10 06:47:32.859   565   667 I commit_sys_config_file: [settings-2-0,2]
09-10 06:47:32.881   565   668 I am_freeze: [1784,com.android.quicksearchbox]
09-10 06:47:33.038   565   668 I am_freeze: [1540,android.process.media]
09-10 06:47:33.038   565   668 I am_freeze: [1753,com.android.contacts]
09-10 06:47:33.042   565   625 I commit_sys_config_file: [package-user-0,4]
09-10 06:47:33.053   565   668 I am_compact: [1540,android.process.media,ANON,116708,63488,52580,0,-5120,0,-5120,5120,15,SOME,0,935,19,43540,-1464]
09-10 06:47:33.064   565   668 I am_compact: [1753,com.android.contacts,ANON,111288,59244,51404,0,-3584,0,-3584,3712,11,SOME,0,975,19,45004,-1260]
09-10 06:47:33.612   565   668 I am_unfreeze: [1107,com.android.settings,3]
09-10 06:47:33.870   565   667 I commit_sys_config_file: [settings-2-0,1]
09-10 06:47:34.897   565   667 I commit_sys_config_file: [settings-2-0,2]
09-10 06:47:35.911   565   667 I commit_sys_config_file: [settings-2-0,1]
09-10 06:47:37.406   565   667 I commit_sys_config_file: [settings-2-0,2]
09-10 06:47:38.423   565   667 I commit_sys_config_file: [settings-2-0,3]
09-10 06:47:39.456   565   667 I commit_sys_config_file: [settings-2-0,2]
09-10 06:47:40.469   565   667 I commit_sys_config_file: [settings-2-0,2]
09-10 06:47:41.059   565   668 I am_freeze: [943,com.android.permissioncontroller]
09-10 06:47:41.083   565   668 I am_compact: [943,com.android.permissioncontroller,ANON,137152,80548,55580,0,-14464,-6016,-8448,8320,24,SOME,0,905,19,46216,-2232]
09-10 06:47:42.650   565  2033 I dvm_lock_sample: [system_server,1,binder:565_13,6,AccessibilityWindowManager.java,1382,int com.android.server.accessibility.AccessibilityWindowManager.addAccessibilityInteractionConnection(android.view.IWindow, android.os.IBinder, android.view.accessibility.IAccessibilityInteractionConnection, java.lang.String, int),AccessibilityManagerService.java,5361,java.util.ArrayList com.android.server.accessibility.AccessibilityManagerService$AccessibilityDisplayListener.getValidDisplayList(),1]
09-10 06:47:42.840   565   667 I commit_sys_config_file: [settings-2-0,2]
09-10 06:47:43.626   565   668 I am_freeze: [1107,com.android.settings]
09-10 06:47:43.869   565   667 I commit_sys_config_file: [settings-2-0,2]
09-10 06:47:44.559   565  2033 I wm_task_moved: [8,8,0,1,2]
09-10 06:47:44.559   565  2033 I wm_create_activity: [0,197416118,8,dev.partydeck.godot.compare/.GodotGameActivity,NULL,NULL,NULL,0]
09-10 06:47:44.560   565  2033 I wm_pause_activity: [0,47428149,dev.partydeck.godot.compare/.ComparisonActivity,userLeaving=true,resumeTopActivity]
09-10 06:47:44.574   565   603 I am_proc_start: [0,3026,10148,dev.partydeck.godot.compare:godot,next-top-activity,{dev.partydeck.godot.compare/dev.partydeck.godot.compare.GodotGameActivity}]
09-10 06:47:44.592  2780  2780 I wm_on_top_resumed_lost_called: [47428149,dev.partydeck.godot.compare.ComparisonActivity,topStateChangedWhenResumed]
09-10 06:47:44.637  2780  2780 I wm_on_paused_called: [47428149,dev.partydeck.godot.compare.ComparisonActivity,performPause,0]
09-10 06:47:44.638   565   585 I wm_add_to_stopping: [0,47428149,dev.partydeck.godot.compare/.ComparisonActivity,makeInvisible]
09-10 06:47:44.638   565   590 I sysui_multi_action: [757,803,799,window_time_0,802,22]
09-10 06:47:44.703   565   585 I am_proc_bound: [0,3026,dev.partydeck.godot.compare:godot]
09-10 06:47:44.741   934  1022 I viewroot_draw_event: [VRI[compare],reportDrawFinished seqId=0]
09-10 06:47:44.742   565   680 I input_focus: [Focus leaving aa34dec dev.partydeck.godot.compare/dev.partydeck.godot.compare.ComparisonActivity (server),reason=NO_WINDOW]
09-10 06:47:44.987   565  1678 I wm_restart_activity: [0,197416118,8,dev.partydeck.godot.compare/.GodotGameActivity]
09-10 06:47:44.989   565  1678 I wm_set_resumed_activity: [0,dev.partydeck.godot.compare/.GodotGameActivity,realStartActivityLocked - onActivityStateChanged]
09-10 06:47:45.084   565   667 I commit_sys_config_file: [settings-2-0,9]
09-10 06:47:45.363  2780  2780 I viewroot_draw_event: [VRI[ComparisonActivity],Not drawing due to not visible. Reason=!mAppVisible && !mForceDecorViewVisibility]
09-10 06:47:45.554  3026  3026 I wm_on_create_called: [197416118,dev.partydeck.godot.compare.GodotGameActivity,performCreate,472]
09-10 06:47:45.559  3026  3026 I wm_on_start_called: [197416118,dev.partydeck.godot.compare.GodotGameActivity,handleStartActivity,3]
09-10 06:47:45.561  3026  3026 I wm_on_resume_called: [197416118,dev.partydeck.godot.compare.GodotGameActivity,RESUME_ACTIVITY,1]
09-10 06:47:45.570  3026  3026 I wm_on_top_resumed_gained_called: [197416118,dev.partydeck.godot.compare.GodotGameActivity,topStateChangedWhenResumed]
09-10 06:47:45.590   565   594 I input_focus: [Focus request a27e1f0 dev.partydeck.godot.compare/dev.partydeck.godot.compare.GodotGameActivity,reason=UpdateInputWindows]
09-10 06:47:45.621   565   667 I commit_sys_config_file: [settings-3-0,3]
09-10 06:47:45.763   565  1678 I wm_set_requested_orientation: [1,dev.partydeck.godot.compare/.GodotGameActivity]
09-10 06:47:45.839   565  1678 I wm_stop_activity: [0,47428149,dev.partydeck.godot.compare/.ComparisonActivity]
09-10 06:47:45.846  2780  2780 I wm_on_stop_called: [47428149,dev.partydeck.godot.compare.ComparisonActivity,STOP_ACTIVITY_ITEM,0]
09-10 06:47:46.677  3026  3066 I viewroot_draw_event: [VRI[GodotGameActivity],reportDrawFinished seqId=0]
09-10 06:47:46.681   934  1011 I jank_cuj_events_begin_request: [39,1789022866680966000,73071658521,73071658707,]
09-10 06:47:46.687   565   590 I sysui_multi_action: [319,447,321,188,322,2127,325,70,757,761,758,7,759,2,806,dev.partydeck.godot.compare,871,dev.partydeck.godot.compare.GodotGameActivity,904,dev.partydeck.godot.compare,905,0,945,150,1320,12,1321,1]
09-10 06:47:46.687   565   590 I wm_activity_launch_time: [0,197416118,dev.partydeck.godot.compare/.GodotGameActivity,2127]
09-10 06:47:46.695   934  1011 I jank_cuj_events_end_request: [39,1789022866695922000,73086614604,73086614679]
09-10 06:47:46.704   934  1022 I viewroot_draw_event: [VRI[compare],Not drawing due to not visible. Reason=View.GONE]
09-10 06:47:46.731   565   680 I input_focus: [Focus entering a27e1f0 dev.partydeck.godot.compare/dev.partydeck.godot.compare.GodotGameActivity (server),reason=Window became focusable. Previous reason: NOT_VISIBLE]
09-10 06:47:46.840   565   667 I commit_sys_config_file: [settings-2-0,18]
09-10 06:47:47.970   565   667 I commit_sys_config_file: [settings-2-0,10]
09-10 06:47:48.983   565   667 I commit_sys_config_file: [settings-2-0,3]
09-10 06:47:50.315   565   667 I commit_sys_config_file: [settings-2-0,7]
09-10 06:47:51.224   565   668 I am_unfreeze: [943,com.android.permissioncontroller,6]
09-10 06:47:51.548   565   667 I commit_sys_config_file: [settings-2-0,2]
09-10 06:47:52.611   565   667 I commit_sys_config_file: [settings-2-0,2]
09-10 06:47:53.110   565   602 I am_uid_idle: 10069
09-10 06:47:53.624   565   667 I commit_sys_config_file: [settings-2-0,3]
09-10 06:47:54.388   565   602 I am_uid_idle: 10105
09-10 06:47:55.129   565   602 I am_uid_idle: 10064
09-10 06:47:55.906   565   602 I am_uid_idle: 10104
09-10 06:47:56.065   565   667 I commit_sys_config_file: [settings-2-0,2]
09-10 06:47:56.715   565   602 I am_uid_idle: 10115
09-10 06:47:56.743   565   602 I am_uid_idle: 10084
09-10 06:47:57.078   565   667 I commit_sys_config_file: [settings-2-0,2]
09-10 06:47:58.132   565   667 I commit_sys_config_file: [settings-2-0,2]
09-10 06:47:58.314   565   602 I am_uid_idle: 10088
09-10 06:47:59.153   565   667 I commit_sys_config_file: [settings-2-0,1]
09-10 06:47:59.808   565   680 I input_interaction: Interaction with: a27e1f0 dev.partydeck.godot.compare/dev.partydeck.godot.compare.GodotGameActivity (server), PointerEventDispatcher0 (server), 
09-10 06:48:00.215   565   585 I service_manager_stats: [100,14,29581]
09-10 06:48:00.383   565   667 I commit_sys_config_file: [settings-2-0,2]
09-10 06:48:01.416   565   667 I commit_sys_config_file: [settings-2-0,1]
09-10 06:48:02.470   565   667 I commit_sys_config_file: [settings-2-0,3]
09-10 06:48:03.481   565   667 I commit_sys_config_file: [settings-2-0,2]
09-10 06:48:04.721   565   667 I commit_sys_config_file: [settings-2-0,2]
09-10 06:48:05.740   565   667 I commit_sys_config_file: [settings-2-0,1]
09-10 06:48:06.795   565   667 I commit_sys_config_file: [settings-2-0,2]
09-10 06:48:07.809   565   667 I commit_sys_config_file: [settings-2-0,1]
09-10 06:48:09.036   565   667 I commit_sys_config_file: [settings-2-0,2]
09-10 06:48:10.062   565   667 I commit_sys_config_file: [settings-2-0,2]
09-10 06:48:11.117   565   667 I commit_sys_config_file: [settings-2-0,2]
09-10 06:48:11.332   565   668 I am_freeze: [943,com.android.permissioncontroller]
09-10 06:48:11.361   565   668 I am_compact: [943,com.android.permissioncontroller,ANON,131808,78500,52284,3200,-9472,-4096,-5376,5248,28,FULL,67474,905,19,47920,-596]
09-10 06:48:12.130   565   667 I commit_sys_config_file: [settings-2-0,2]
09-10 06:48:14.592   565   667 I commit_sys_config_file: [settings-2-0,1]
09-10 06:48:14.633   565   602 I am_uid_idle: 10062
09-10 06:48:15.608   565   667 I commit_sys_config_file: [settings-2-0,2]
09-10 06:48:16.556   565   602 I am_uid_idle: 10097
09-10 06:48:16.638   565   602 I am_uid_idle: 10133
09-10 06:48:16.653   565   667 I commit_sys_config_file: [settings-2-0,2]
09-10 06:48:16.671   565   602 I am_uid_idle: 10102
09-10 06:48:16.746   565   602 I am_uid_idle: 10066
09-10 06:48:16.786   565   602 I am_uid_idle: 10072
09-10 06:48:16.902   565   602 I am_uid_idle: 10111
09-10 06:48:16.932   565   602 I am_uid_idle: 10079
09-10 06:48:16.959   565   602 I am_uid_idle: 10077
09-10 06:48:17.070   565   602 I am_uid_idle: 10100
09-10 06:48:17.665   565   667 I commit_sys_config_file: [settings-2-0,2]
09-10 06:48:17.785   565   602 I am_uid_idle: 10107
09-10 06:48:18.232   565   602 I am_uid_idle: 10137
09-10 06:48:18.536   565   602 I am_uid_idle: 10114
09-10 06:48:18.753   565   602 I am_uid_idle: 10136
09-10 06:48:18.877   565   602 I am_uid_idle: 10063
09-10 06:48:18.909   565   667 I commit_sys_config_file: [settings-2-0,1]
09-10 06:48:18.988   565   602 I am_uid_idle: 10140
09-10 06:48:19.091   565   602 I am_uid_idle: 2000
09-10 06:48:19.923   565   667 I commit_sys_config_file: [settings-2-0,1]
09-10 06:48:20.971   565   667 I commit_sys_config_file: [settings-2-0,2]
09-10 06:48:21.982   565   667 I commit_sys_config_file: [settings-2-0,2]
09-10 06:48:23.196   565   667 I commit_sys_config_file: [settings-2-0,2]
09-10 06:48:24.217   565   667 I commit_sys_config_file: [settings-2-0,2]
09-10 06:48:25.260   565   667 I commit_sys_config_file: [settings-2-0,2]
09-10 06:48:26.274   565   667 I commit_sys_config_file: [settings-2-0,2]
09-10 06:48:27.526   565   667 I commit_sys_config_file: [settings-2-0,2]
09-10 06:48:28.539   565   667 I commit_sys_config_file: [settings-2-0,2]
09-10 06:48:28.640   565   602 I am_uid_idle: 10067
09-10 06:48:29.584   565   667 I commit_sys_config_file: [settings-2-0,2]
09-10 06:48:30.596   565   667 I commit_sys_config_file: [settings-2-0,2]
09-10 06:48:32.998   565   667 I commit_sys_config_file: [settings-2-0,3]
09-10 06:48:34.009   565   667 I commit_sys_config_file: [settings-2-0,1]
09-10 06:48:35.053   565   667 I commit_sys_config_file: [settings-2-0,2]
09-10 06:48:36.065   565   667 I commit_sys_config_file: [settings-2-0,1]
09-10 06:48:37.307   565   667 I commit_sys_config_file: [settings-2-0,2]
09-10 06:48:37.706   565   846 I service_manager_stats: [100,21,37491]
09-10 06:48:38.322   565   667 I commit_sys_config_file: [settings-2-0,2]
09-10 06:48:39.384   565   667 I commit_sys_config_file: [settings-2-0,2]
09-10 06:48:40.398   565   667 I commit_sys_config_file: [settings-2-0,2]
09-10 06:48:41.621   565   667 I commit_sys_config_file: [settings-2-0,2]
09-10 06:48:42.644   565   667 I commit_sys_config_file: [settings-2-0,2]
09-10 06:48:43.687   565   667 I commit_sys_config_file: [settings-2-0,1]
09-10 06:48:44.700   565   667 I commit_sys_config_file: [settings-2-0,2]
09-10 06:48:45.948   565   667 I commit_sys_config_file: [settings-2-0,2]
09-10 06:48:46.604   565   668 I am_unfreeze: [1107,com.android.settings,10]
09-10 06:48:46.606   565   668 I am_unfreeze: [1951,com.android.localtransport,10]
09-10 06:48:46.606   565   668 I am_unfreeze: [2100,com.android.dynsystem:dynsystem,10]
09-10 06:48:46.606   565   668 I am_unfreeze: [2067,com.android.dynsystem,10]
09-10 06:48:46.606   565   668 I am_unfreeze: [1580,com.android.keychain,10]
09-10 06:48:46.963   565   667 I commit_sys_config_file: [settings-2-0,1]
09-10 06:48:47.999   565   667 I commit_sys_config_file: [settings-2-0,2]
09-10 06:48:49.013   565   667 I commit_sys_config_file: [settings-2-0,2]
09-10 06:48:51.468   565   667 I commit_sys_config_file: [settings-2-0,2]
09-10 06:48:52.482   565   667 I commit_sys_config_file: [settings-2-0,3]
09-10 06:48:53.536   565   667 I commit_sys_config_file: [settings-2-0,2]
09-10 06:48:54.549   565   667 I commit_sys_config_file: [settings-2-0,2]
09-10 06:48:55.585  3721  3721 I service_manager_slow: [12,accessibility]
09-10 06:48:55.789   565   667 I commit_sys_config_file: [settings-2-0,1]
09-10 06:48:56.812   565   667 I commit_sys_config_file: [settings-2-0,2]
09-10 06:48:57.862   565   667 I commit_sys_config_file: [settings-2-0,2]
09-10 06:48:58.875   565   667 I commit_sys_config_file: [settings-2-0,2]
09-10 06:49:00.076   565   667 I commit_sys_config_file: [settings-2-0,5]
09-10 06:49:01.108   565   667 I commit_sys_config_file: [settings-2-0,2]
09-10 06:49:01.305   565   602 I am_uid_idle: 10142
09-10 06:49:02.164   565   667 I commit_sys_config_file: [settings-2-0,2]
09-10 06:49:03.179   565   667 I commit_sys_config_file: [settings-2-0,2]
09-10 06:49:04.433   565   667 I commit_sys_config_file: [settings-2-0,2]
09-10 06:49:05.449   565   667 I commit_sys_config_file: [settings-2-0,2]
09-10 06:49:06.499   565   667 I commit_sys_config_file: [settings-2-0,2]
09-10 06:49:06.663   565   668 I am_freeze: [1107,com.android.settings]
09-10 06:49:06.663   565   668 I am_freeze: [1951,com.android.localtransport]
09-10 06:49:06.663   565   668 I am_freeze: [2100,com.android.dynsystem:dynsystem]
09-10 06:49:06.663   565   668 I am_freeze: [2067,com.android.dynsystem]
09-10 06:49:06.664   565   668 I am_freeze: [1580,com.android.keychain]
09-10 06:49:07.513   565   667 I commit_sys_config_file: [settings-2-0,1]
09-10 06:49:08.550   565   667 I commit_sys_config_file: [settings-2-0,3]
09-10 06:49:09.562   565   667 I commit_sys_config_file: [settings-2-0,2]
09-10 06:49:10.785   565   667 I commit_sys_config_file: [settings-2-0,1]
09-10 06:49:11.799   565   667 I commit_sys_config_file: [settings-2-0,1]
09-10 06:49:12.854   565   667 I commit_sys_config_file: [settings-2-0,2]
09-10 06:49:13.873   565   667 I commit_sys_config_file: [settings-2-0,2]
09-10 06:49:15.127   565   667 I commit_sys_config_file: [settings-2-0,1]
09-10 06:49:16.166   565   667 I commit_sys_config_file: [settings-2-0,2]
09-10 06:49:17.212   565   667 I commit_sys_config_file: [settings-2-0,1]
09-10 06:49:18.224   565   667 I commit_sys_config_file: [settings-2-0,2]
09-10 06:49:19.470   565   667 I commit_sys_config_file: [settings-2-0,2]
09-10 06:49:20.486   565   667 I commit_sys_config_file: [settings-2-0,2]
09-10 06:49:21.171   565   591 I wm_task_moved: [1,1,0,1,2]
09-10 06:49:21.172   565   591 I wm_task_moved: [7,1,0,1,2147483647]
09-10 06:49:21.172   565   591 I wm_task_to_front: [0,7,0]
09-10 06:49:21.172   565   591 I wm_focused_root_task: [0,0,1,8,bringingFoundTaskToFront]
09-10 06:49:21.172   565   591 I wm_new_intent: [0,17263514,7,com.android.launcher3/.uioverrides.QuickstepLauncher,android.intent.action.MAIN,NULL,NULL,268435712]
09-10 06:49:21.172   565   591 I wm_pause_activity: [0,197416118,dev.partydeck.godot.compare/.GodotGameActivity,userLeaving=true,pauseBackTasks]
09-10 06:49:21.173   565   591 I wm_add_to_stopping: [0,197416118,dev.partydeck.godot.compare/.GodotGameActivity,makeInvisible]
09-10 06:49:21.173   934  1011 I jank_cuj_events_end_request: [55,1789022961173093000,167563785750,167563785851]
09-10 06:49:21.173   565   590 I sysui_multi_action: [757,803,799,window_time_0,802,96]
09-10 06:49:21.174   565   591 I wm_set_resumed_activity: [0,com.android.launcher3/.uioverrides.QuickstepLauncher,resumeTopActivity - onActivityStateChanged]
09-10 06:49:21.174   565   591 I wm_resume_activity: [0,17263514,7,com.android.launcher3/.uioverrides.QuickstepLauncher]
09-10 06:49:21.175  1221  1221 I wm_on_restart_called: [17263514,com.android.launcher3.uioverrides.QuickstepLauncher,performRestart,0]
09-10 06:49:21.176   565   594 I input_focus: [Requesting to set focus to null window,reason=UpdateInputWindows]
09-10 06:49:21.177  1221  1221 I wm_on_start_called: [17263514,com.android.launcher3.uioverrides.QuickstepLauncher,handleStartActivity,2]
09-10 06:49:21.179  1221  1221 I wm_on_resume_called: [17263514,com.android.launcher3.uioverrides.QuickstepLauncher,RESUME_ACTIVITY,0]
09-10 06:49:21.179  3026  3026 I wm_on_top_resumed_lost_called: [197416118,dev.partydeck.godot.compare.GodotGameActivity,topStateChangedWhenResumed]
09-10 06:49:21.188  3026  3026 I wm_on_paused_called: [197416118,dev.partydeck.godot.compare.GodotGameActivity,performPause,7]
09-10 06:49:21.215   565   594 I input_focus: [Focus request 2a431d com.android.launcher3/com.android.launcher3.uioverrides.QuickstepLauncher,reason=UpdateInputWindows]
09-10 06:49:21.215  1221  1221 I viewroot_draw_event: [VRI[QuickstepLauncher],Start draw after previous draw not visible]
09-10 06:49:21.258   565   680 I input_focus: [Focus leaving a27e1f0 dev.partydeck.godot.compare/dev.partydeck.godot.compare.GodotGameActivity (server),reason=NO_WINDOW]
09-10 06:49:21.356  1221  1221 I viewroot_draw_event: [VRI[QuickstepLauncher],reportDrawFinished seqId=0]
09-10 06:49:21.357  1221  1221 I wm_on_top_resumed_gained_called: [17263514,com.android.launcher3.uioverrides.QuickstepLauncher,topStateChangedWhenResumed]
09-10 06:49:21.441   565   590 I sysui_multi_action: [319,195,322,190,325,167,757,761,758,9,759,2,806,com.android.launcher3,871,com.android.launcher3.uioverrides.QuickstepLauncher,905,0,1320,4,1321,23]
09-10 06:49:21.615  1221  1237 I jank_cuj_events_end_request: [78,1789022961615066000,168005759291,168005759521]
09-10 06:49:21.615  1221  1237 I jank_cuj_events_begin_request: [78,1789022961615336000,168006027804,168006027893,]
09-10 06:49:21.846   565   680 I input_focus: [Focus entering 2a431d com.android.launcher3/com.android.launcher3.uioverrides.QuickstepLauncher (server),reason=Window became focusable. Previous reason: NOT_VISIBLE]
09-10 06:49:22.012   565   593 I dvm_lock_sample: [system_server,1,android.display,655,WindowManagerService.java,5826,void com.android.server.wm.WindowManagerService$H.handleMessage(android.os.Message),WindowSurfacePlacer.java,58,void com.android.server.wm.WindowSurfacePlacer$Traverser.run(),100]
09-10 06:49:22.012   565   639 I dvm_lock_sample: [system_server,0,binder:565_3,654,WindowManagerService.java,4916,void com.android.server.wm.WindowManagerService.reportSystemGestureExclusionChanged(com.android.server.wm.Session, android.view.IWindow, java.util.List),WindowSurfacePlacer.java,58,void com.android.server.wm.WindowSurfacePlacer$Traverser.run(),100]
09-10 06:49:22.013   565  1678 I dvm_lock_sample: [system_server,1,binder:565_F,650,ActivityTaskManagerService.java,1998,android.app.ActivityTaskManager$RootTaskInfo com.android.server.wm.ActivityTaskManagerService.getFocusedRootTaskInfo(),WindowSurfacePlacer.java,58,void com.android.server.wm.WindowSurfacePlacer$Traverser.run(),100]
09-10 06:49:22.014   565  1129 I dvm_lock_sample: [system_server,1,binder:565_B,644,ActivityTaskManagerService.java,5751,void com.android.server.wm.ActivityTaskManagerService.setRunningRemoteTransitionDelegate(android.app.IApplicationThread),,0,null,100]
09-10 06:49:22.014   565  1667 I dvm_lock_sample: [system_server,0,binder:565_E,507,BLASTSyncEngine.java,237,void com.android.server.wm.BLASTSyncEngine$SyncGroup$1CommitCallback.onCommitted(android.view.SurfaceControl$Transaction),,0,null,100]
09-10 06:49:22.014   565  1000 I dvm_lock_sample: [system_server,1,binder:565_5,266,ActivityTaskManagerService.java,5977,void com.android.server.wm.ActivityTaskManagerService$LocalService.setAccessibilityServiceUids(android.util.IntArray),,0,null,53]
09-10 06:49:22.015   565   688 I dvm_lock_sample: [system_server,0,android.imms,159,WindowManagerService.java,8268,int com.android.server.wm.WindowManagerService$LocalService.hasInputMethodClientFocus(android.os.IBinder, int, int, int),,0,null,31]
09-10 06:49:22.015   565  2033 I dvm_lock_sample: [system_server,0,binder:565_13,658,ActivityClientController.java,179,void com.android.server.wm.ActivityClientController.activityIdle(android.os.IBinder, android.content.res.Configuration, boolean),InputMonitor.java,139,void com.android.server.wm.InputMonitor$UpdateInputWindows.run(),100]
09-10 06:49:22.020   565   594 I wm_wallpaper_surface: [0,1,Window{2a431d u0 com.android.launcher3/com.android.launcher3.uioverrides.QuickstepLauncher}]
09-10 06:49:22.020   565   565 I dvm_lock_sample: [system_server,0,main,272,UiAutomationManager.java,278,void com.android.server.accessibility.UiAutomationManager$UiAutomationService.lambda$connectServiceUnknownThread$0(),AccessibilityManagerService.java,5361,java.util.ArrayList com.android.server.accessibility.AccessibilityManagerService$AccessibilityDisplayListener.getValidDisplayList(),54]
09-10 06:49:22.030   565   593 I wm_stop_activity: [0,197416118,dev.partydeck.godot.compare/.GodotGameActivity]
09-10 06:49:22.102  3026  3026 I viewroot_draw_event: [VRI[GodotGameActivity],applyTransactionOnDraw applyImmediately]
09-10 06:49:22.102  3026  3026 I viewroot_draw_event: [VRI[GodotGameActivity],applyTransactionOnDraw applyImmediately]
09-10 06:49:22.102  3026  3026 I viewroot_draw_event: [VRI[GodotGameActivity],Not drawing due to not visible. Reason=!mAppVisible && !mForceDecorViewVisibility]
09-10 06:49:22.124  3026  3026 I wm_on_stop_called: [197416118,dev.partydeck.godot.compare.GodotGameActivity,STOP_ACTIVITY_ITEM,5]
09-10 06:49:22.132  3026  3026 I viewroot_draw_event: [VRI[GodotGameActivity],applyTransactionOnDraw applyImmediately]
09-10 06:49:22.232   565   667 I commit_sys_config_file: [settings-2-0,12]
09-10 06:49:23.251   565   667 I commit_sys_config_file: [settings-2-0,1]
09-10 06:49:24.355   565   667 I commit_sys_config_file: [settings-2-0,2]
09-10 06:49:25.369   565   667 I commit_sys_config_file: [settings-2-0,2]
09-10 06:49:25.798   565   846 I service_manager_stats: [100,38,48091]
09-10 06:49:26.399   565   667 I commit_sys_config_file: [settings-2-0,2]
09-10 06:49:27.413   565   667 I commit_sys_config_file: [settings-2-0,2]
09-10 06:49:30.239   934  1011 I jank_cuj_events_end_request: [55,1789022970239875000,176630567344,176630567513]
09-10 06:49:30.770   565   667 I commit_sys_config_file: [settings-2-0,3]
09-10 06:49:31.189   565   668 I am_freeze: [2780,dev.partydeck.godot.compare]
09-10 06:49:31.189   565   668 I am_freeze: [1639,android.process.acore]
09-10 06:49:31.253   565   668 I am_compact: [2780,dev.partydeck.godot.compare,ANON,156516,78720,63972,0,-24320,0,-24320,24320,64,SOME,0,900,16,48488,-10156]
09-10 06:49:31.275   565   668 I am_compact: [1639,android.process.acore,ANON,127144,71288,55088,0,-8064,0,-8064,8064,22,SOME,0,915,19,58644,-3012]
09-10 06:49:31.784   565   667 I commit_sys_config_file: [settings-2-0,2]
09-10 06:49:32.804   565   667 I commit_sys_config_file: [settings-2-0,1]
09-10 06:49:33.820   565   667 I commit_sys_config_file: [settings-2-0,2]
09-10 06:49:35.481   565  1024 I wm_task_moved: [8,8,0,1,2]
09-10 06:49:35.481   565  1024 I wm_task_to_front: [0,8,0]
09-10 06:49:35.482   565  1024 I wm_focused_root_task: [0,0,8,1,setFocusedTask]
09-10 06:49:35.482  1221  1221 I wm_on_top_resumed_lost_called: [17263514,com.android.launcher3.uioverrides.QuickstepLauncher,topStateChangedWhenResumed]
09-10 06:49:35.482   565  1024 I wm_pause_activity: [0,17263514,com.android.launcher3/.uioverrides.QuickstepLauncher,userLeaving=false,pauseBackTasks]
09-10 06:49:35.485  1221  1221 I wm_on_paused_called: [17263514,com.android.launcher3.uioverrides.QuickstepLauncher,performPause,2]
09-10 06:49:35.487   565  1000 I wm_set_resumed_activity: [0,dev.partydeck.godot.compare/.GodotGameActivity,resumeTopActivity - onActivityStateChanged]
09-10 06:49:35.488   565  1000 I wm_add_to_stopping: [0,17263514,com.android.launcher3/.uioverrides.QuickstepLauncher,makeInvisible]
09-10 06:49:35.488   565  1000 I wm_resume_activity: [0,197416118,8,dev.partydeck.godot.compare/.GodotGameActivity]
09-10 06:49:35.489   565   590 I sysui_multi_action: [757,803,799,window_time_0,802,14]
09-10 06:49:35.490  3026  3026 I wm_on_restart_called: [197416118,dev.partydeck.godot.compare.GodotGameActivity,performRestart,0]
09-10 06:49:35.494   565   594 I input_focus: [Requesting to set focus to null window,reason=UpdateInputWindows]
09-10 06:49:35.499  3026  3026 I wm_on_start_called: [197416118,dev.partydeck.godot.compare.GodotGameActivity,handleStartActivity,9]
09-10 06:49:35.511  3026  3026 I wm_on_resume_called: [197416118,dev.partydeck.godot.compare.GodotGameActivity,RESUME_ACTIVITY,11]
09-10 06:49:35.511  3026  3026 I wm_on_top_resumed_gained_called: [197416118,dev.partydeck.godot.compare.GodotGameActivity,topWhenResuming]
09-10 06:49:35.520  3026  3026 I viewroot_draw_event: [VRI[GodotGameActivity],applyTransactionOnDraw applyImmediately]
09-10 06:49:35.528   565   594 I input_focus: [Focus request a27e1f0 dev.partydeck.godot.compare/dev.partydeck.godot.compare.GodotGameActivity,reason=UpdateInputWindows]
09-10 06:49:35.533  3026  3026 I viewroot_draw_event: [VRI[GodotGameActivity],Start draw after previous draw not visible]
09-10 06:49:35.548   565   680 I input_focus: [Focus leaving 2a431d com.android.launcher3/com.android.launcher3.uioverrides.QuickstepLauncher (server),reason=Waiting for window because NO_WINDOW]
09-10 06:49:35.825  3026  3062 I viewroot_draw_event: [VRI[GodotGameActivity],reportDrawFinished seqId=0]
09-10 06:49:35.901   565   680 I input_focus: [Focus entering a27e1f0 dev.partydeck.godot.compare/dev.partydeck.godot.compare.GodotGameActivity (server),reason=Window became focusable. Previous reason: NOT_VISIBLE]
09-10 06:49:35.942   565  1024 I dvm_lock_sample: [system_server,0,binder:565_8,24,InputMethodManagerService.java,5985,void com.android.server.inputmethod.InputMethodManagerService.reportFullscreenMode(android.os.IBinder, boolean),-,3846,com.android.internal.inputmethod.InputBindResult com.android.server.inputmethod.InputMethodManagerService.startInputOrWindowGainedFocus(int, com.android.internal.inputmethod.IInputMethodClient, android.os.IBinder, int, int, int, android.view.inputmethod.EditorInfo, com.android.internal.inputmethod.IRemoteInputConnection, com.android.internal.inputmethod.IRemoteAccessibilityInputConnection, int, int, android.window.ImeOnBackInvokedDispatcher),4]
09-10 06:49:35.943   565   594 I wm_wallpaper_surface: [0,0,Window{2a431d u0 com.android.launcher3/com.android.launcher3.uioverrides.QuickstepLauncher}]
09-10 06:49:35.947   565   593 I wm_stop_activity: [0,17263514,com.android.launcher3/.uioverrides.QuickstepLauncher]
09-10 06:49:35.981  1221  1221 I viewroot_draw_event: [VRI[QuickstepLauncher],Not drawing due to not visible. Reason=!mAppVisible && !mForceDecorViewVisibility]
09-10 06:49:35.991  1221  1221 I wm_on_stop_called: [17263514,com.android.launcher3.uioverrides.QuickstepLauncher,STOP_ACTIVITY_ITEM,7]
09-10 06:49:36.225   565   667 I commit_sys_config_file: [settings-2-0,24]
09-10 06:49:37.623   565   667 I commit_sys_config_file: [settings-2-0,2]
09-10 06:49:38.671   565   667 I commit_sys_config_file: [settings-2-0,2]
09-10 06:49:39.685   565   667 I commit_sys_config_file: [settings-2-0,2]
09-10 06:49:40.906   565   667 I commit_sys_config_file: [settings-2-0,2]
09-10 06:49:41.933   565   667 I commit_sys_config_file: [settings-2-0,2]
09-10 06:49:43.015   565   667 I commit_sys_config_file: [settings-2-0,3]
09-10 06:49:44.029   565   667 I commit_sys_config_file: [settings-2-0,2]
09-10 06:49:46.431   565   667 I commit_sys_config_file: [settings-2-0,3]
09-10 06:49:47.444   565   667 I commit_sys_config_file: [settings-2-0,2]
09-10 06:49:48.490   565   667 I commit_sys_config_file: [settings-2-0,2]
09-10 06:49:49.507   565   667 I commit_sys_config_file: [settings-2-0,2]
09-10 06:49:50.795   565   667 I commit_sys_config_file: [settings-2-0,3]
09-10 06:49:51.809   565   667 I commit_sys_config_file: [settings-2-0,2]
09-10 06:49:52.860   565   667 I commit_sys_config_file: [settings-2-0,2]
09-10 06:49:53.873   565   667 I commit_sys_config_file: [settings-2-0,2]
09-10 06:49:55.074   565   667 I commit_sys_config_file: [settings-2-0,3]
09-10 06:49:56.094   565   667 I commit_sys_config_file: [settings-2-0,2]
09-10 06:49:57.152   565   667 I commit_sys_config_file: [settings-2-0,1]
09-10 06:49:58.166   565   667 I commit_sys_config_file: [settings-2-0,3]
09-10 06:49:59.345   565   667 I commit_sys_config_file: [settings-2-0,2]
09-10 06:50:00.376   565   667 I commit_sys_config_file: [settings-2-0,2]
09-10 06:50:01.451   565   667 I commit_sys_config_file: [settings-2-0,2]
09-10 06:50:02.466   565   667 I commit_sys_config_file: [settings-2-0,1]
09-10 06:50:03.532   565   667 I commit_sys_config_file: [settings-2-0,2]
09-10 06:50:04.551   565   667 I commit_sys_config_file: [settings-2-0,2]
09-10 06:50:05.821   565   667 I commit_sys_config_file: [settings-2-0,2]
09-10 06:50:06.833   565   667 I commit_sys_config_file: [settings-2-0,2]
09-10 06:50:07.893   565   667 I commit_sys_config_file: [settings-2-0,2]
09-10 06:50:08.907   565   667 I commit_sys_config_file: [settings-2-0,2]
09-10 06:50:10.136   565   667 I commit_sys_config_file: [settings-2-0,2]
09-10 06:50:11.153   565   667 I commit_sys_config_file: [settings-2-0,3]
09-10 06:50:12.210   565   667 I commit_sys_config_file: [settings-2-0,2]
09-10 06:50:13.219   565   667 I commit_sys_config_file: [settings-2-0,2]
09-10 06:50:13.866   565   846 I service_manager_stats: [100,20,48068]
09-10 06:50:14.454   565   667 I commit_sys_config_file: [settings-2-0,2]
09-10 06:50:15.466   565   667 I commit_sys_config_file: [settings-2-0,2]
09-10 06:50:16.519   565   667 I commit_sys_config_file: [settings-2-0,2]
09-10 06:50:17.534   565   667 I commit_sys_config_file: [settings-2-0,2]
09-10 06:50:18.597   565   667 I commit_sys_config_file: [settings-2-0,2]
09-10 06:50:19.609   565   667 I commit_sys_config_file: [settings-2-0,2]
09-10 06:50:20.795   565   667 I commit_sys_config_file: [settings-2-0,2]
09-10 06:50:21.819   565   667 I commit_sys_config_file: [settings-2-0,2]
09-10 06:50:22.882   565   667 I commit_sys_config_file: [settings-2-0,1]
09-10 06:50:23.896   565   667 I commit_sys_config_file: [settings-2-0,2]
09-10 06:50:25.945   565   667 I commit_sys_config_file: [settings-2-0,2]
09-10 06:50:26.960   565   667 I commit_sys_config_file: [settings-2-0,2]
09-10 06:50:28.011   565   667 I commit_sys_config_file: [settings-2-0,2]
09-10 06:50:29.024   565   667 I commit_sys_config_file: [settings-2-0,3]
09-10 06:50:30.272   565   667 I commit_sys_config_file: [settings-2-0,3]
09-10 06:50:31.282   565   667 I commit_sys_config_file: [settings-2-0,1]
09-10 06:50:32.339   565   667 I commit_sys_config_file: [settings-2-0,2]
09-10 06:50:33.350   565   667 I commit_sys_config_file: [settings-2-0,3]
09-10 06:50:34.372  4672  4672 I service_manager_slow: [12,window]
09-10 06:50:34.576   565   667 I commit_sys_config_file: [settings-2-0,2]
09-10 06:50:35.515   565   668 I am_unfreeze: [1107,com.android.settings,10]
09-10 06:50:35.516   565   668 I am_unfreeze: [1951,com.android.localtransport,10]
09-10 06:50:35.517   565   668 I am_unfreeze: [2100,com.android.dynsystem:dynsystem,10]
09-10 06:50:35.517   565   668 I am_unfreeze: [2067,com.android.dynsystem,10]
09-10 06:50:35.517   565   668 I am_unfreeze: [1580,com.android.keychain,10]
09-10 06:50:35.990   565   667 I commit_sys_config_file: [settings-2-0,2]
09-10 06:50:37.034   565   667 I commit_sys_config_file: [settings-2-0,2]
09-10 06:50:38.052   565   667 I commit_sys_config_file: [settings-2-0,2]
09-10 06:50:39.243   565   667 I commit_sys_config_file: [settings-2-0,1]
09-10 06:50:40.270   565   667 I commit_sys_config_file: [settings-2-0,3]
09-10 06:50:41.359   565   667 I commit_sys_config_file: [settings-2-0,3]
09-10 06:50:42.370   565   667 I commit_sys_config_file: [settings-2-0,2]
09-10 06:50:43.414   565   667 I commit_sys_config_file: [settings-2-0,2]
09-10 06:50:44.427   565   667 I commit_sys_config_file: [settings-2-0,2]
09-10 06:50:45.671   565   667 I commit_sys_config_file: [settings-2-0,1]
09-10 06:50:46.682   565   667 I commit_sys_config_file: [settings-2-0,2]
09-10 06:50:47.741   565   667 I commit_sys_config_file: [settings-2-0,2]
09-10 06:50:48.753   565   667 I commit_sys_config_file: [settings-2-0,2]
09-10 06:50:51.395   565   667 I commit_sys_config_file: [settings-2-0,2]
09-10 06:50:52.412   565   667 I commit_sys_config_file: [settings-2-0,2]
09-10 06:50:55.054   565   667 I commit_sys_config_file: [settings-2-0,2]
09-10 06:50:55.539   565   668 I am_freeze: [1107,com.android.settings]
09-10 06:50:55.539   565   668 I am_freeze: [1951,com.android.localtransport]
09-10 06:50:55.540   565   668 I am_freeze: [2100,com.android.dynsystem:dynsystem]
09-10 06:50:55.540   565   668 I am_freeze: [2067,com.android.dynsystem]
09-10 06:50:55.540   565   668 I am_freeze: [1580,com.android.keychain]
09-10 06:50:56.069   565   667 I commit_sys_config_file: [settings-2-0,3]
09-10 06:50:57.135   565   667 I commit_sys_config_file: [settings-2-0,1]
09-10 06:50:58.149   565   667 I commit_sys_config_file: [settings-2-0,3]
09-10 06:50:58.943   565   846 I service_manager_slow: [10,time_detector]
09-10 06:50:59.410   565   667 I commit_sys_config_file: [settings-2-0,1]
09-10 06:51:00.423   565   667 I commit_sys_config_file: [settings-2-0,2]
09-10 06:51:01.477   565   667 I commit_sys_config_file: [settings-2-0,1]
09-10 06:51:01.953   565   846 I service_manager_stats: [100,28,48088]
09-10 06:51:02.494   565   667 I commit_sys_config_file: [settings-2-0,1]
09-10 06:51:04.065   565   667 I commit_sys_config_file: [settings-2-0,2]
09-10 06:51:05.078   565   667 I commit_sys_config_file: [settings-2-0,2]
09-10 06:51:06.139   565   667 I commit_sys_config_file: [settings-2-0,2]
09-10 06:51:07.155   565   667 I commit_sys_config_file: [settings-2-0,2]
09-10 06:51:08.411   565   667 I commit_sys_config_file: [settings-2-0,2]
09-10 06:51:09.427   565   667 I commit_sys_config_file: [settings-2-0,1]
09-10 06:51:10.490   565   667 I commit_sys_config_file: [settings-2-0,2]
09-10 06:51:11.521   565   667 I commit_sys_config_file: [settings-2-0,2]
09-10 06:51:12.723   565   667 I commit_sys_config_file: [settings-2-0,7]
09-10 06:51:14.196   565   667 I commit_sys_config_file: [settings-2-0,2]
09-10 06:51:15.252   565   667 I commit_sys_config_file: [settings-2-0,2]
09-10 06:51:16.266   565   667 I commit_sys_config_file: [settings-2-0,3]
09-10 06:51:17.449   565   667 I commit_sys_config_file: [settings-2-0,1]
09-10 06:51:18.467   565   667 I commit_sys_config_file: [settings-2-0,2]
09-10 06:51:19.533   565   667 I commit_sys_config_file: [settings-2-0,2]
09-10 06:51:20.545   565   667 I commit_sys_config_file: [settings-2-0,2]
09-10 06:51:21.595   565   667 I commit_sys_config_file: [settings-2-0,2]
09-10 06:51:22.611   565   667 I commit_sys_config_file: [settings-2-0,1]
09-10 06:51:23.890   565   667 I commit_sys_config_file: [settings-2-0,2]
09-10 06:51:24.906   565   667 I commit_sys_config_file: [settings-2-0,3]
09-10 06:51:25.963   565   667 I commit_sys_config_file: [settings-2-0,2]
09-10 06:51:26.977   565   667 I commit_sys_config_file: [settings-2-0,2]
09-10 06:51:29.553   565   667 I commit_sys_config_file: [settings-2-0,2]
09-10 06:51:30.567   565   667 I commit_sys_config_file: [settings-2-0,2]
09-10 06:51:31.618   565   667 I commit_sys_config_file: [settings-2-0,3]
09-10 06:51:32.630   565   667 I commit_sys_config_file: [settings-2-0,1]
09-10 06:51:33.875   565   667 I commit_sys_config_file: [settings-2-0,2]
09-10 06:51:34.891   565   667 I commit_sys_config_file: [settings-2-0,2]
09-10 06:51:35.940   565   667 I commit_sys_config_file: [settings-2-0,2]
09-10 06:51:36.954   565   667 I commit_sys_config_file: [settings-2-0,1]
09-10 06:51:38.556   565   667 I commit_sys_config_file: [settings-2-0,2]
09-10 06:51:39.568   565   667 I commit_sys_config_file: [settings-2-0,2]
09-10 06:51:40.627   565   667 I commit_sys_config_file: [settings-2-0,2]
09-10 06:51:41.640   565   667 I commit_sys_config_file: [settings-2-0,2]
09-10 06:51:42.895   565   667 I commit_sys_config_file: [settings-2-0,2]
09-10 06:51:43.908   565   667 I commit_sys_config_file: [settings-2-0,2]
09-10 06:51:44.975   565   667 I commit_sys_config_file: [settings-2-0,2]
09-10 06:51:45.990   565   667 I commit_sys_config_file: [settings-2-0,2]
09-10 06:51:46.974  5348  5348 I service_manager_slow: [12,window]
09-10 06:51:47.195   565   667 I commit_sys_config_file: [settings-2-0,10]
09-10 06:51:48.626   565   667 I commit_sys_config_file: [settings-2-0,2]
09-10 06:51:49.473   565  1017 I service_manager_stats: [100,27,47520]
09-10 06:51:49.677   565   667 I commit_sys_config_file: [settings-2-0,3]
09-10 06:51:50.691   565   667 I commit_sys_config_file: [settings-2-0,2]
09-10 06:51:51.908   565   667 I commit_sys_config_file: [settings-2-0,2]
09-10 06:51:52.921   565   667 I commit_sys_config_file: [settings-2-0,2]
09-10 06:51:53.974   565   667 I commit_sys_config_file: [settings-2-0,2]
09-10 06:51:54.986   565   667 I commit_sys_config_file: [settings-2-0,2]
09-10 06:51:56.038   565   667 I commit_sys_config_file: [settings-2-0,2]
09-10 06:51:57.050   565   667 I commit_sys_config_file: [settings-2-0,2]
09-10 06:51:58.287   565   667 I commit_sys_config_file: [settings-2-0,2]
09-10 06:51:59.302   565   667 I commit_sys_config_file: [settings-2-0,2]
09-10 06:52:00.368   565   667 I commit_sys_config_file: [settings-2-0,2]
09-10 06:52:01.382   565   667 I commit_sys_config_file: [settings-2-0,2]
09-10 06:52:02.426   565   667 I commit_sys_config_file: [settings-2-0,1]
09-10 06:52:03.440   565   667 I commit_sys_config_file: [settings-2-0,2]
09-10 06:52:04.669   565   667 I commit_sys_config_file: [settings-2-0,2]
09-10 06:52:05.692   565   667 I commit_sys_config_file: [settings-2-0,1]
09-10 06:52:06.752   565   667 I commit_sys_config_file: [settings-2-0,1]
09-10 06:52:07.764   565   667 I commit_sys_config_file: [settings-2-0,2]
09-10 06:52:09.275   565   667 I commit_sys_config_file: [settings-2-0,2]
09-10 06:52:10.292   565   667 I commit_sys_config_file: [settings-2-0,1]
09-10 06:52:11.347   565   667 I commit_sys_config_file: [settings-2-0,2]
09-10 06:52:12.361   565   667 I commit_sys_config_file: [settings-2-0,2]
09-10 06:52:13.606   565   667 I commit_sys_config_file: [settings-2-0,1]
09-10 06:52:14.622   565   667 I commit_sys_config_file: [settings-2-0,2]
09-10 06:52:15.672   565   667 I commit_sys_config_file: [settings-2-0,2]
09-10 06:52:16.683   565   667 I commit_sys_config_file: [settings-2-0,2]
09-10 06:52:17.932   565   667 I commit_sys_config_file: [settings-2-0,3]
09-10 06:52:19.300   565   667 I commit_sys_config_file: [settings-2-0,2]
09-10 06:52:20.353   565   667 I commit_sys_config_file: [settings-2-0,2]
09-10 06:52:21.368   565   667 I commit_sys_config_file: [settings-2-0,2]
09-10 06:52:22.398   565  1129 I force_gc: Binder
09-10 06:52:22.598   565   667 I commit_sys_config_file: [settings-2-0,2]
09-10 06:52:23.614   565   667 I commit_sys_config_file: [settings-2-0,2]
09-10 06:52:24.664   565   667 I commit_sys_config_file: [settings-2-0,2]
09-10 06:52:25.678   565   667 I commit_sys_config_file: [settings-2-0,3]
09-10 06:52:26.732   565   667 I commit_sys_config_file: [settings-2-0,2]
09-10 06:52:27.744   565   667 I commit_sys_config_file: [settings-2-0,2]
09-10 06:52:28.996   565   667 I commit_sys_config_file: [settings-2-0,2]
09-10 06:52:30.010   565   667 I commit_sys_config_file: [settings-2-0,2]
09-10 06:52:31.066   565   667 I commit_sys_config_file: [settings-2-0,2]
09-10 06:52:32.078   565   667 I commit_sys_config_file: [settings-2-0,2]
09-10 06:52:33.139   565   667 I commit_sys_config_file: [settings-2-0,2]
09-10 06:52:34.153   565   667 I commit_sys_config_file: [settings-2-0,2]
09-10 06:52:35.113   565   846 I service_manager_stats: [100,18,45640]
09-10 06:52:35.386   565   667 I commit_sys_config_file: [settings-2-0,2]
09-10 06:52:36.401   565   667 I commit_sys_config_file: [settings-2-0,2]
09-10 06:52:37.461   565   667 I commit_sys_config_file: [settings-2-0,1]
09-10 06:52:38.474   565   667 I commit_sys_config_file: [settings-2-0,3]
09-10 06:52:40.660   565   667 I commit_sys_config_file: [settings-2-0,8]
09-10 06:52:41.681   565   667 I commit_sys_config_file: [settings-2-0,3]
09-10 06:52:42.752   565   667 I commit_sys_config_file: [settings-2-0,2]
09-10 06:52:43.766   565   667 I commit_sys_config_file: [settings-2-0,3]
09-10 06:52:45.050   565   667 I commit_sys_config_file: [settings-2-0,2]
09-10 06:52:46.065   565   667 I commit_sys_config_file: [settings-2-0,2]
09-10 06:52:47.129   565   667 I commit_sys_config_file: [settings-2-0,1]
09-10 06:52:48.144   565   667 I commit_sys_config_file: [settings-2-0,2]
09-10 06:52:49.685   565   667 I commit_sys_config_file: [settings-2-0,3]
09-10 06:52:50.696   565   667 I commit_sys_config_file: [settings-2-0,2]
09-10 06:52:51.763   565   667 I commit_sys_config_file: [settings-2-0,2]
09-10 06:52:52.778   565   667 I commit_sys_config_file: [settings-2-0,2]
09-10 06:52:54.078   565   667 I commit_sys_config_file: [settings-2-0,2]
09-10 06:52:55.091   565   667 I commit_sys_config_file: [settings-2-0,3]
09-10 06:52:56.147   565   667 I commit_sys_config_file: [settings-2-0,2]
09-10 06:52:57.158   565   667 I commit_sys_config_file: [settings-2-0,2]
09-10 06:52:58.376   565   667 I commit_sys_config_file: [settings-2-0,6]
09-10 06:52:59.417   565   667 I commit_sys_config_file: [settings-2-0,2]
09-10 06:53:00.507   565   667 I commit_sys_config_file: [settings-2-0,2]
09-10 06:53:01.525   565   667 I commit_sys_config_file: [settings-2-0,2]
09-10 06:53:02.786   565   667 I commit_sys_config_file: [settings-2-0,2]
09-10 06:53:03.796   565   667 I commit_sys_config_file: [settings-2-0,2]
09-10 06:53:04.847   565   667 I commit_sys_config_file: [settings-2-0,2]
09-10 06:53:05.861   565   667 I commit_sys_config_file: [settings-2-0,1]
09-10 06:53:06.919   565   667 I commit_sys_config_file: [settings-2-0,2]
09-10 06:53:07.934   565   667 I commit_sys_config_file: [settings-2-0,1]
09-10 06:53:09.176   565   667 I commit_sys_config_file: [settings-2-0,2]
09-10 06:53:10.190   565   667 I commit_sys_config_file: [settings-2-0,3]
09-10 06:53:11.247   565   667 I commit_sys_config_file: [settings-2-0,2]
09-10 06:53:12.261   565   667 I commit_sys_config_file: [settings-2-0,1]
09-10 06:53:14.851   565   667 I commit_sys_config_file: [settings-2-0,2]
09-10 06:53:15.866   565   667 I commit_sys_config_file: [settings-2-0,2]
09-10 06:53:16.929   565   667 I commit_sys_config_file: [settings-2-0,2]
09-10 06:53:17.943   565   667 I commit_sys_config_file: [settings-2-0,3]
09-10 06:53:19.176   565   667 I commit_sys_config_file: [settings-2-0,1]
09-10 06:53:20.188   565   667 I commit_sys_config_file: [settings-2-0,1]
09-10 06:53:21.250   565   667 I commit_sys_config_file: [settings-2-0,2]
09-10 06:53:22.266   565   667 I commit_sys_config_file: [settings-2-0,2]
09-10 06:53:23.183   565   846 I service_manager_stats: [100,14,48070]
09-10 06:53:23.866   565   667 I commit_sys_config_file: [settings-2-0,2]
09-10 06:53:24.879   565   667 I commit_sys_config_file: [settings-2-0,2]
09-10 06:53:25.941   565   667 I commit_sys_config_file: [settings-2-0,2]
09-10 06:53:26.960   565   667 I commit_sys_config_file: [settings-2-0,2]
09-10 06:53:28.200   565   667 I commit_sys_config_file: [settings-2-0,1]
09-10 06:53:29.213   565   667 I commit_sys_config_file: [settings-2-0,2]
09-10 06:53:30.276   565   667 I commit_sys_config_file: [settings-2-0,2]
09-10 06:53:31.288   565   667 I commit_sys_config_file: [settings-2-0,2]
09-10 06:53:32.492   565   667 I commit_sys_config_file: [settings-2-0,9]
09-10 06:53:33.499   565   667 I commit_sys_config_file: [settings-2-0,2]
09-10 06:53:34.562   565   667 I commit_sys_config_file: [settings-2-0,2]
09-10 06:53:35.577   565   667 I commit_sys_config_file: [settings-2-0,2]
09-10 06:53:36.829   565   667 I commit_sys_config_file: [settings-2-0,3]
09-10 06:53:37.842   565   667 I commit_sys_config_file: [settings-2-0,3]
09-10 06:53:38.899   565   667 I commit_sys_config_file: [settings-2-0,3]
09-10 06:53:39.911   565   667 I commit_sys_config_file: [settings-2-0,2]
09-10 06:53:40.966   565   667 I commit_sys_config_file: [settings-2-0,2]
09-10 06:53:41.982   565   667 I commit_sys_config_file: [settings-2-0,2]
09-10 06:53:43.256   565   667 I commit_sys_config_file: [settings-2-0,2]
09-10 06:53:44.267   565   667 I commit_sys_config_file: [settings-2-0,2]
09-10 06:53:45.340   565   667 I commit_sys_config_file: [settings-2-0,2]
09-10 06:53:46.354   565   667 I commit_sys_config_file: [settings-2-0,2]
09-10 06:53:47.430   565   667 I commit_sys_config_file: [settings-2-0,2]
09-10 06:53:48.440   565   667 I commit_sys_config_file: [settings-2-0,1]
09-10 06:53:49.430  6527  6527 I service_manager_slow: [12,window]
09-10 06:53:49.637   565   667 I commit_sys_config_file: [settings-2-0,1]
09-10 06:53:50.668   565   667 I commit_sys_config_file: [settings-2-0,2]
09-10 06:53:51.737   565   667 I commit_sys_config_file: [settings-2-0,2]
09-10 06:53:52.758   565   667 I commit_sys_config_file: [settings-2-0,3]
09-10 06:53:53.945   565   667 I commit_sys_config_file: [settings-2-0,2]
09-10 06:53:54.970   565   667 I commit_sys_config_file: [settings-2-0,3]
09-10 06:53:56.028   565   667 I commit_sys_config_file: [settings-2-0,2]
09-10 06:53:57.045   565   667 I commit_sys_config_file: [settings-2-0,2]
09-10 06:53:58.294   565   667 I commit_sys_config_file: [settings-2-0,2]
09-10 06:53:59.306   565   667 I commit_sys_config_file: [settings-2-0,2]
09-10 06:54:00.387   565   667 I commit_sys_config_file: [settings-2-0,2]
09-10 06:54:01.400   565   667 I commit_sys_config_file: [settings-2-0,2]
09-10 06:54:02.461   565   667 I commit_sys_config_file: [settings-2-0,2]
09-10 06:54:03.475   565   667 I commit_sys_config_file: [settings-2-0,1]
09-10 06:54:04.498  6675  6675 I service_manager_slow: [16,window]
09-10 06:54:04.717   565   667 I commit_sys_config_file: [settings-2-0,2]
09-10 06:54:05.731   565   667 I commit_sys_config_file: [settings-2-0,2]
09-10 06:54:06.782   565   667 I commit_sys_config_file: [settings-2-0,2]
09-10 06:54:07.794   565   667 I commit_sys_config_file: [settings-2-0,2]
09-10 06:54:08.798   565  1077 I service_manager_stats: [100,24,45615]
09-10 06:54:09.001   565   667 I commit_sys_config_file: [settings-2-0,2]
09-10 06:54:10.019   565   667 I commit_sys_config_file: [settings-2-0,3]
09-10 06:54:11.072   565   667 I commit_sys_config_file: [settings-2-0,2]
09-10 06:54:12.086   565   667 I commit_sys_config_file: [settings-2-0,3]
09-10 06:54:13.326   565   667 I commit_sys_config_file: [settings-2-0,2]
09-10 06:54:14.340   565   667 I commit_sys_config_file: [settings-2-0,2]
09-10 06:54:15.399   565   667 I commit_sys_config_file: [settings-2-0,2]
09-10 06:54:16.410   565   667 I commit_sys_config_file: [settings-2-0,1]
09-10 06:54:17.469   565   667 I commit_sys_config_file: [settings-2-0,2]
09-10 06:54:18.482   565   667 I commit_sys_config_file: [settings-2-0,2]
09-10 06:54:19.725   565   667 I commit_sys_config_file: [settings-2-0,2]
09-10 06:54:20.740   565   667 I commit_sys_config_file: [settings-2-0,2]
09-10 06:54:21.795   565   667 I commit_sys_config_file: [settings-2-0,2]
09-10 06:54:22.810   565   667 I commit_sys_config_file: [settings-2-0,2]
09-10 06:54:24.465   565   667 I commit_sys_config_file: [settings-2-0,4]
09-10 06:54:25.478   565   667 I commit_sys_config_file: [settings-2-0,2]
09-10 06:54:26.525   565   667 I commit_sys_config_file: [settings-2-0,2]
09-10 06:54:27.538   565   667 I commit_sys_config_file: [settings-2-0,1]
09-10 06:54:28.730   565   667 I commit_sys_config_file: [settings-2-0,2]
09-10 06:54:29.745   565   667 I commit_sys_config_file: [settings-2-0,2]
09-10 06:54:30.799   565   667 I commit_sys_config_file: [settings-2-0,2]
09-10 06:54:31.812   565   667 I commit_sys_config_file: [settings-2-0,3]
09-10 06:54:33.016   565   667 I commit_sys_config_file: [settings-2-0,7]
09-10 06:54:34.440   565   667 I commit_sys_config_file: [settings-2-0,2]
09-10 06:54:35.504   565   667 I commit_sys_config_file: [settings-2-0,3]
09-10 06:54:36.519   565   667 I commit_sys_config_file: [settings-2-0,2]
09-10 06:54:37.759   565   667 I commit_sys_config_file: [settings-2-0,2]
09-10 06:54:38.776   565   667 I commit_sys_config_file: [settings-2-0,2]
09-10 06:54:39.834   565   667 I commit_sys_config_file: [settings-2-0,2]
09-10 06:54:40.847   565   667 I commit_sys_config_file: [settings-2-0,2]
09-10 06:54:41.894   565   667 I commit_sys_config_file: [settings-2-0,2]
09-10 06:54:42.908   565   667 I commit_sys_config_file: [settings-2-0,2]
09-10 06:54:44.148   565   667 I commit_sys_config_file: [settings-2-0,2]
09-10 06:54:45.162   565   667 I commit_sys_config_file: [settings-2-0,2]
09-10 06:54:46.229   565   667 I commit_sys_config_file: [settings-2-0,2]
09-10 06:54:47.243   565   667 I commit_sys_config_file: [settings-2-0,3]
09-10 06:54:48.302   565   667 I commit_sys_config_file: [settings-2-0,2]
09-10 06:54:49.319   565   667 I commit_sys_config_file: [settings-2-0,2]
09-10 06:54:50.544   565   667 I commit_sys_config_file: [settings-2-0,3]
09-10 06:54:51.567   565   667 I commit_sys_config_file: [settings-2-0,2]
09-10 06:54:52.643   565   667 I commit_sys_config_file: [settings-2-0,2]
09-10 06:54:53.658   565   667 I commit_sys_config_file: [settings-2-0,2]
09-10 06:54:55.555   565   667 I commit_sys_config_file: [settings-2-0,2]
09-10 06:54:56.331   565   846 I service_manager_stats: [100,23,47533]
09-10 06:54:56.566   565   667 I commit_sys_config_file: [settings-2-0,2]
09-10 06:54:57.625   565   667 I commit_sys_config_file: [settings-2-0,3]
09-10 06:54:58.640   565   667 I commit_sys_config_file: [settings-2-0,1]
09-10 06:54:59.907   565   667 I commit_sys_config_file: [settings-2-0,2]
09-10 06:55:00.922   565   667 I commit_sys_config_file: [settings-2-0,2]
09-10 06:55:01.801   565  2033 I force_gc: Binder
09-10 06:55:01.990   565   667 I commit_sys_config_file: [settings-2-0,2]
09-10 06:55:03.021   565   667 I commit_sys_config_file: [settings-2-0,2]
09-10 06:55:03.950  7260  7260 I service_manager_slow: [10,window]
09-10 06:55:04.178   565   667 I commit_sys_config_file: [settings-2-0,16]
09-10 06:55:05.651   565   667 I commit_sys_config_file: [settings-2-0,2]
09-10 06:55:06.703   565   667 I commit_sys_config_file: [settings-2-0,1]
09-10 06:55:07.715   565   667 I commit_sys_config_file: [settings-2-0,1]
09-10 06:55:08.978   565   667 I commit_sys_config_file: [settings-2-0,3]
09-10 06:55:09.990   565   667 I commit_sys_config_file: [settings-2-0,2]
09-10 06:55:11.045   565   667 I commit_sys_config_file: [settings-2-0,6]
09-10 06:55:12.056   565   667 I commit_sys_config_file: [settings-2-0,2]
09-10 06:55:13.111   565   667 I commit_sys_config_file: [settings-2-0,2]
09-10 06:55:14.123   565   667 I commit_sys_config_file: [settings-2-0,2]
09-10 06:55:15.374   565   667 I commit_sys_config_file: [settings-2-0,1]
09-10 06:55:16.393   565   667 I commit_sys_config_file: [settings-2-0,1]
09-10 06:55:17.454   565   667 I commit_sys_config_file: [settings-2-0,2]
09-10 06:55:18.468   565   667 I commit_sys_config_file: [settings-2-0,1]
09-10 06:55:19.516   565   667 I commit_sys_config_file: [settings-2-0,2]
09-10 06:55:20.531   565   667 I commit_sys_config_file: [settings-2-0,3]
09-10 06:55:21.764   565   667 I commit_sys_config_file: [settings-2-0,2]
09-10 06:55:22.776   565   667 I commit_sys_config_file: [settings-2-0,2]
09-10 06:55:23.826   565   667 I commit_sys_config_file: [settings-2-0,2]
09-10 06:55:24.837   565   667 I commit_sys_config_file: [settings-2-0,2]
09-10 06:55:26.549   565   667 I commit_sys_config_file: [settings-2-0,2]
09-10 06:55:27.563   565   667 I commit_sys_config_file: [settings-2-0,2]
09-10 06:55:28.624   565   667 I commit_sys_config_file: [settings-2-0,2]
09-10 06:55:29.653   565   667 I commit_sys_config_file: [settings-2-0,2]
09-10 06:55:30.915   565   667 I commit_sys_config_file: [settings-2-0,2]
09-10 06:55:31.931   565   667 I commit_sys_config_file: [settings-2-0,3]
09-10 06:55:33.005   565   667 I commit_sys_config_file: [settings-2-0,2]
09-10 06:55:34.016   565   667 I commit_sys_config_file: [settings-2-0,2]
09-10 06:55:35.306   565   667 I commit_sys_config_file: [settings-2-0,2]
09-10 06:55:36.649   565   667 I commit_sys_config_file: [settings-2-0,2]
09-10 06:55:37.705   565   667 I commit_sys_config_file: [settings-2-0,2]
09-10 06:55:38.719   565   667 I commit_sys_config_file: [settings-2-0,2]
09-10 06:55:39.956   565   667 I commit_sys_config_file: [settings-2-0,3]
09-10 06:55:40.968   565   667 I commit_sys_config_file: [settings-2-0,2]
09-10 06:55:41.811   565  1024 I service_manager_stats: [100,24,45480]
09-10 06:55:42.016   565   667 I commit_sys_config_file: [settings-2-0,2]
09-10 06:55:43.027   565   667 I commit_sys_config_file: [settings-2-0,2]
09-10 06:55:44.085   565   667 I commit_sys_config_file: [settings-2-0,2]
09-10 06:55:45.097   565   667 I commit_sys_config_file: [settings-2-0,2]
09-10 06:55:46.345   565   667 I commit_sys_config_file: [settings-2-0,2]
09-10 06:55:47.361   565   667 I commit_sys_config_file: [settings-2-0,2]
09-10 06:55:48.414   565   667 I commit_sys_config_file: [settings-2-0,2]
09-10 06:55:49.429   565   667 I commit_sys_config_file: [settings-2-0,2]
09-10 06:55:50.480   565   667 I commit_sys_config_file: [settings-2-0,2]
09-10 06:55:51.496   565   667 I commit_sys_config_file: [settings-2-0,2]
09-10 06:55:52.717   565   667 I commit_sys_config_file: [settings-2-0,2]
09-10 06:55:53.733   565   667 I commit_sys_config_file: [settings-2-0,2]
09-10 06:55:54.792   565   667 I commit_sys_config_file: [settings-2-0,1]
09-10 06:55:55.812   565   667 I commit_sys_config_file: [settings-2-0,1]
09-10 06:55:57.685   565   667 I commit_sys_config_file: [settings-2-0,2]
09-10 06:55:58.696   565   667 I commit_sys_config_file: [settings-2-0,2]
09-10 06:55:59.743   565   667 I commit_sys_config_file: [settings-2-0,1]
09-10 06:56:00.756   565   667 I commit_sys_config_file: [settings-2-0,2]
09-10 06:56:01.975   565   667 I commit_sys_config_file: [settings-2-0,3]
09-10 06:56:02.987   565   667 I commit_sys_config_file: [settings-2-0,2]
09-10 06:56:04.034   565   667 I commit_sys_config_file: [settings-2-0,2]
09-10 06:56:05.046   565   667 I commit_sys_config_file: [settings-2-0,1]
09-10 06:56:06.278   565   667 I commit_sys_config_file: [settings-2-0,12]
09-10 06:56:07.668   565   667 I commit_sys_config_file: [settings-2-0,2]
09-10 06:56:08.727   565   667 I commit_sys_config_file: [settings-2-0,2]
09-10 06:56:09.739   565   667 I commit_sys_config_file: [settings-2-0,1]
09-10 06:56:11.011   565   667 I commit_sys_config_file: [settings-2-0,2]
09-10 06:56:12.027   565   667 I commit_sys_config_file: [settings-2-0,2]
09-10 06:56:13.091   565   667 I commit_sys_config_file: [settings-2-0,1]
09-10 06:56:14.111   565   667 I commit_sys_config_file: [settings-2-0,2]
09-10 06:56:15.172   565   667 I commit_sys_config_file: [settings-2-0,2]
09-10 06:56:16.193   565   667 I commit_sys_config_file: [settings-2-0,1]
09-10 06:56:17.414   565   667 I commit_sys_config_file: [settings-2-0,1]
09-10 06:56:18.426   565   667 I commit_sys_config_file: [settings-2-0,2]
09-10 06:56:19.485   565   667 I commit_sys_config_file: [settings-2-0,3]
09-10 06:56:20.497   565   667 I commit_sys_config_file: [settings-2-0,2]
09-10 06:56:21.544   565   667 I commit_sys_config_file: [settings-2-0,2]
09-10 06:56:22.556   565   667 I commit_sys_config_file: [settings-2-0,1]
09-10 06:56:23.822   565   667 I commit_sys_config_file: [settings-2-0,1]
09-10 06:56:24.841   565   667 I commit_sys_config_file: [settings-2-0,2]
09-10 06:56:25.892   565   667 I commit_sys_config_file: [settings-2-0,2]
09-10 06:56:26.905   565   667 I commit_sys_config_file: [settings-2-0,3]
09-10 06:56:29.032   565   667 I commit_sys_config_file: [settings-2-0,2]
09-10 06:56:29.489   565   846 I service_manager_stats: [100,14,47677]
09-10 06:56:30.057   565   667 I commit_sys_config_file: [settings-2-0,3]
09-10 06:56:31.108   565   667 I commit_sys_config_file: [settings-2-0,2]
09-10 06:56:32.142   565   667 I commit_sys_config_file: [settings-2-0,2]
09-10 06:56:33.376   565   667 I commit_sys_config_file: [settings-2-0,1]
09-10 06:56:34.388   565   667 I commit_sys_config_file: [settings-2-0,2]
09-10 06:56:35.439   565   667 I commit_sys_config_file: [settings-2-0,1]
09-10 06:56:36.460   565   667 I commit_sys_config_file: [settings-2-0,2]
09-10 06:56:37.979   565   667 I commit_sys_config_file: [settings-2-0,2]
09-10 06:56:38.993   565   667 I commit_sys_config_file: [settings-2-0,2]
09-10 06:56:40.045   565   667 I commit_sys_config_file: [settings-2-0,2]
09-10 06:56:41.059   565   667 I commit_sys_config_file: [settings-2-0,2]
09-10 06:56:42.275   565   667 I commit_sys_config_file: [settings-2-0,2]
09-10 06:56:43.301   565   667 I commit_sys_config_file: [settings-2-0,2]
09-10 06:56:44.372   565   667 I commit_sys_config_file: [settings-2-0,2]
09-10 06:56:45.390   565   667 I commit_sys_config_file: [settings-2-0,2]
09-10 06:56:46.699   565   667 I commit_sys_config_file: [settings-2-0,2]
09-10 06:56:47.718   565   667 I commit_sys_config_file: [settings-2-0,2]
09-10 06:56:48.774   565   667 I commit_sys_config_file: [settings-2-0,2]
09-10 06:56:49.785   565   667 I commit_sys_config_file: [settings-2-0,2]
09-10 06:56:51.011   565   667 I commit_sys_config_file: [settings-2-0,2]
09-10 06:56:52.027   565   667 I commit_sys_config_file: [settings-2-0,2]
09-10 06:56:53.088   565   667 I commit_sys_config_file: [settings-2-0,2]
09-10 06:56:54.101   565   667 I commit_sys_config_file: [settings-2-0,2]
09-10 06:56:54.320   565   601 I commit_sys_config_file: [sync-status,1]
09-10 06:56:55.160   565   667 I commit_sys_config_file: [settings-2-0,2]
09-10 06:56:56.175   565   667 I commit_sys_config_file: [settings-2-0,2]
09-10 06:56:57.438   565   667 I commit_sys_config_file: [settings-2-0,3]
09-10 06:56:58.450   565   667 I commit_sys_config_file: [settings-2-0,2]
09-10 06:56:59.508   565   667 I commit_sys_config_file: [settings-2-0,2]
09-10 06:57:00.527   565   667 I commit_sys_config_file: [settings-2-0,3]
09-10 06:57:01.579   565   667 I commit_sys_config_file: [settings-2-0,2]
09-10 06:57:02.595   565   667 I commit_sys_config_file: [settings-2-0,3]
09-10 06:57:03.837   565   667 I commit_sys_config_file: [settings-2-0,1]
09-10 06:57:04.849   565   667 I commit_sys_config_file: [settings-2-0,1]
09-10 06:57:05.897   565   667 I commit_sys_config_file: [settings-2-0,2]
09-10 06:57:06.909   565   667 I commit_sys_config_file: [settings-2-0,1]
09-10 06:57:08.785   565   667 I commit_sys_config_file: [settings-2-0,2]
09-10 06:57:09.800   565   667 I commit_sys_config_file: [settings-2-0,2]
09-10 06:57:10.849   565   667 I commit_sys_config_file: [settings-2-0,1]
09-10 06:57:11.864   565   667 I commit_sys_config_file: [settings-2-0,2]
09-10 06:57:13.111   565   667 I commit_sys_config_file: [settings-2-0,5]
09-10 06:57:14.122   565   667 I commit_sys_config_file: [settings-2-0,2]
09-10 06:57:15.162   565   667 I commit_sys_config_file: [settings-2-0,2]
09-10 06:57:16.174   565   667 I commit_sys_config_file: [settings-2-0,1]
09-10 06:57:17.405   565   667 I commit_sys_config_file: [settings-2-0,2]
09-10 06:57:17.562   565   846 I service_manager_stats: [100,13,48074]
09-10 06:57:18.785   565   667 I commit_sys_config_file: [settings-2-0,2]
09-10 06:57:19.834   565   667 I commit_sys_config_file: [settings-2-0,2]
09-10 06:57:20.848   565   667 I commit_sys_config_file: [settings-2-0,3]
09-10 06:57:22.089   565   667 I commit_sys_config_file: [settings-2-0,2]
09-10 06:57:23.102   565   667 I commit_sys_config_file: [settings-2-0,2]
09-10 06:57:23.948   934   993 I force_gc: Binder
09-10 06:57:24.149   565   667 I commit_sys_config_file: [settings-2-0,1]
09-10 06:57:25.161   565   667 I commit_sys_config_file: [settings-2-0,2]
09-10 06:57:26.220   565   667 I commit_sys_config_file: [settings-2-0,2]
09-10 06:57:27.232   565   667 I commit_sys_config_file: [settings-2-0,2]
09-10 06:57:28.477   565   667 I commit_sys_config_file: [settings-2-0,2]
09-10 06:57:29.488   565   667 I commit_sys_config_file: [settings-2-0,2]
09-10 06:57:30.547   565   667 I commit_sys_config_file: [settings-2-0,2]
09-10 06:57:31.559   565   667 I commit_sys_config_file: [settings-2-0,2]
09-10 06:57:32.599   565   667 I commit_sys_config_file: [settings-2-0,2]
09-10 06:57:33.614   565   667 I commit_sys_config_file: [settings-2-0,2]
09-10 06:57:34.851   565   667 I commit_sys_config_file: [settings-2-0,2]
09-10 06:57:35.865   565   667 I commit_sys_config_file: [settings-2-0,2]
09-10 06:57:36.926   565   667 I commit_sys_config_file: [settings-2-0,2]
09-10 06:57:37.940   565   667 I commit_sys_config_file: [settings-2-0,2]
09-10 06:57:39.335   565  1024 I force_gc: Binder
09-10 06:57:39.535   565   667 I commit_sys_config_file: [settings-2-0,2]
09-10 06:57:40.550   565   667 I commit_sys_config_file: [settings-2-0,3]
09-10 06:57:41.606   565   667 I commit_sys_config_file: [settings-2-0,1]
09-10 06:57:42.617   565   667 I commit_sys_config_file: [settings-2-0,2]
09-10 06:57:43.865   565   667 I commit_sys_config_file: [settings-2-0,1]
09-10 06:57:44.877   565   667 I commit_sys_config_file: [settings-2-0,2]
09-10 06:57:45.930   565   667 I commit_sys_config_file: [settings-2-0,2]
09-10 06:57:46.945   565   667 I commit_sys_config_file: [settings-2-0,2]
09-10 06:57:48.254   565   667 I commit_sys_config_file: [settings-2-0,1]
09-10 06:57:49.560   565   667 I commit_sys_config_file: [settings-2-0,2]
09-10 06:57:50.613   565   667 I commit_sys_config_file: [settings-2-0,1]
09-10 06:57:51.627   565   667 I commit_sys_config_file: [settings-2-0,3]
09-10 06:57:52.893   565   667 I commit_sys_config_file: [settings-2-0,2]
09-10 06:57:53.903   565   667 I commit_sys_config_file: [settings-2-0,2]
09-10 06:57:54.947   565   667 I commit_sys_config_file: [settings-2-0,1]
09-10 06:57:55.959   565   667 I commit_sys_config_file: [settings-2-0,2]
09-10 06:57:57.006   565   667 I commit_sys_config_file: [settings-2-0,2]
09-10 06:57:58.020   565   667 I commit_sys_config_file: [settings-2-0,2]
09-10 06:57:59.286   565   667 I commit_sys_config_file: [settings-2-0,2]
09-10 06:58:00.299   565   667 I commit_sys_config_file: [settings-2-0,2]
09-10 06:58:01.353   565   667 I commit_sys_config_file: [settings-2-0,2]
09-10 06:58:02.365   565   667 I commit_sys_config_file: [settings-2-0,1]
09-10 06:58:02.632   565   846 I service_manager_stats: [100,15,45070]
09-10 06:58:03.418   565   667 I commit_sys_config_file: [settings-2-0,2]
09-10 06:58:04.431   565   667 I commit_sys_config_file: [settings-2-0,3]
09-10 06:58:05.680   565   667 I commit_sys_config_file: [settings-2-0,1]
09-10 06:58:06.691   565   667 I commit_sys_config_file: [settings-2-0,1]
09-10 06:58:07.748   565   667 I commit_sys_config_file: [settings-2-0,2]
09-10 06:58:08.759   565   667 I commit_sys_config_file: [settings-2-0,2]
09-10 06:58:10.358   565   667 I commit_sys_config_file: [settings-2-0,2]
09-10 06:58:11.373   565   667 I commit_sys_config_file: [settings-2-0,2]
09-10 06:58:12.433   565   667 I commit_sys_config_file: [settings-2-0,2]
09-10 06:58:13.445   565   667 I commit_sys_config_file: [settings-2-0,1]
09-10 06:58:14.700   565   667 I commit_sys_config_file: [settings-2-0,2]
09-10 06:58:15.715   565   667 I commit_sys_config_file: [settings-2-0,2]
09-10 06:58:16.766   565   667 I commit_sys_config_file: [settings-2-0,2]
09-10 06:58:17.779   565   667 I commit_sys_config_file: [settings-2-0,2]
09-10 06:58:19.019   565   667 I commit_sys_config_file: [settings-2-0,2]
09-10 06:58:20.407   565   667 I commit_sys_config_file: [settings-2-0,3]
09-10 06:58:21.458   565   667 I commit_sys_config_file: [settings-2-0,2]
09-10 06:58:22.471   565   667 I commit_sys_config_file: [settings-2-0,2]
09-10 06:58:23.717   565   667 I commit_sys_config_file: [settings-2-0,2]
09-10 06:58:24.730   565   667 I commit_sys_config_file: [settings-2-0,2]
09-10 06:58:25.776   565   667 I commit_sys_config_file: [settings-2-0,2]
09-10 06:58:26.787   565   667 I commit_sys_config_file: [settings-2-0,2]
09-10 06:58:27.835   565   667 I commit_sys_config_file: [settings-2-0,2]
09-10 06:58:28.851   565   667 I commit_sys_config_file: [settings-2-0,2]
09-10 06:58:30.130   565   667 I commit_sys_config_file: [settings-2-0,2]
09-10 06:58:31.146   565   667 I commit_sys_config_file: [settings-2-0,2]
09-10 06:58:32.200   565   667 I commit_sys_config_file: [settings-2-0,1]
09-10 06:58:33.216   565   667 I commit_sys_config_file: [settings-2-0,2]
09-10 06:58:34.271   565   667 I commit_sys_config_file: [settings-2-0,2]
09-10 06:58:35.283   565   667 I commit_sys_config_file: [settings-2-0,2]
09-10 06:58:36.532   565   667 I commit_sys_config_file: [settings-2-0,3]
09-10 06:58:37.543   565   667 I commit_sys_config_file: [settings-2-0,2]
09-10 06:58:38.604   565   667 I commit_sys_config_file: [settings-2-0,2]
09-10 06:58:39.619   565   667 I commit_sys_config_file: [settings-2-0,1]
09-10 06:58:41.213   565   667 I commit_sys_config_file: [settings-2-0,2]
09-10 06:58:42.225   565   667 I commit_sys_config_file: [settings-2-0,2]
09-10 06:58:43.279   565   667 I commit_sys_config_file: [settings-2-0,2]
09-10 06:58:44.292   565   667 I commit_sys_config_file: [settings-2-0,2]
09-10 06:58:45.502   565   667 I commit_sys_config_file: [settings-2-0,3]
09-10 06:58:46.541   565   667 I commit_sys_config_file: [settings-2-0,2]
09-10 06:58:47.594   565   667 I commit_sys_config_file: [settings-2-0,2]
09-10 06:58:48.607   565   667 I commit_sys_config_file: [settings-2-0,2]
09-10 06:58:49.802   565   667 I commit_sys_config_file: [settings-2-0,15]
09-10 06:58:50.718   565   846 I service_manager_stats: [100,23,48085]
09-10 06:58:51.223   565   667 I commit_sys_config_file: [settings-2-0,2]
09-10 06:58:52.279   565   667 I commit_sys_config_file: [settings-2-0,1]
09-10 06:58:53.294   565   667 I commit_sys_config_file: [settings-2-0,2]
09-10 06:58:54.540   565   667 I commit_sys_config_file: [settings-2-0,2]
09-10 06:58:55.551   565   667 I commit_sys_config_file: [settings-2-0,2]
09-10 06:58:56.607   565   667 I commit_sys_config_file: [settings-2-0,3]
09-10 06:58:57.628   565   667 I commit_sys_config_file: [settings-2-0,2]
09-10 06:58:58.677   565   667 I commit_sys_config_file: [settings-2-0,2]
09-10 06:58:59.692   565   667 I commit_sys_config_file: [settings-2-0,2]
09-10 06:59:00.926   565   667 I commit_sys_config_file: [settings-2-0,3]
09-10 06:59:01.936   565   667 I commit_sys_config_file: [settings-2-0,2]
09-10 06:59:02.992   565   667 I commit_sys_config_file: [settings-2-0,2]
09-10 06:59:04.004   565   667 I commit_sys_config_file: [settings-2-0,2]
09-10 06:59:05.052   565   667 I commit_sys_config_file: [settings-2-0,1]
09-10 06:59:06.066   565   667 I commit_sys_config_file: [settings-2-0,2]
09-10 06:59:07.291   565   667 I commit_sys_config_file: [settings-2-0,1]
09-10 06:59:08.306   565   667 I commit_sys_config_file: [settings-2-0,2]
09-10 06:59:09.369   565   667 I commit_sys_config_file: [settings-2-0,2]
09-10 06:59:10.385   565   667 I commit_sys_config_file: [settings-2-0,1]
09-10 06:59:12.280   565   667 I commit_sys_config_file: [settings-2-0,1]
09-10 06:59:13.295   565   667 I commit_sys_config_file: [settings-2-0,2]
09-10 06:59:14.376   565   667 I commit_sys_config_file: [settings-2-0,2]
09-10 06:59:15.390   565   667 I commit_sys_config_file: [settings-2-0,2]
09-10 06:59:16.620   565   667 I commit_sys_config_file: [settings-2-0,2]
09-10 06:59:17.632   565   667 I commit_sys_config_file: [settings-2-0,2]
09-10 06:59:18.692   565   667 I commit_sys_config_file: [settings-2-0,1]
09-10 06:59:19.711   565   667 I commit_sys_config_file: [settings-2-0,2]
09-10 06:59:20.951   565   667 I commit_sys_config_file: [settings-2-0,2]
09-10 06:59:22.336   565   667 I commit_sys_config_file: [settings-2-0,2]
09-10 06:59:23.409   565   667 I commit_sys_config_file: [settings-2-0,2]
09-10 06:59:24.424   565   667 I commit_sys_config_file: [settings-2-0,2]
09-10 06:59:25.687   565   667 I commit_sys_config_file: [settings-2-0,1]
09-10 06:59:26.702   565   667 I commit_sys_config_file: [settings-2-0,2]
09-10 06:59:27.761   565   667 I commit_sys_config_file: [settings-2-0,2]
09-10 06:59:28.773   565   667 I commit_sys_config_file: [settings-2-0,2]
09-10 06:59:29.831   565   667 I commit_sys_config_file: [settings-2-0,2]
09-10 06:59:30.844   565   667 I commit_sys_config_file: [settings-2-0,2]
09-10 06:59:32.117   565   667 I commit_sys_config_file: [settings-2-0,2]
09-10 06:59:33.130   565   667 I commit_sys_config_file: [settings-2-0,2]
09-10 06:59:34.210   565   667 I commit_sys_config_file: [settings-2-0,3]
09-10 06:59:35.223   565   667 I commit_sys_config_file: [settings-2-0,2]
09-10 06:59:36.281   565   667 I commit_sys_config_file: [settings-2-0,1]
09-10 06:59:37.293   565   667 I commit_sys_config_file: [settings-2-0,2]
09-10 06:59:38.540   565   667 I commit_sys_config_file: [settings-2-0,2]
09-10 06:59:38.797   565   846 I service_manager_stats: [100,15,48079]
09-10 06:59:39.561   565   667 I commit_sys_config_file: [settings-2-0,2]
09-10 06:59:40.630   565   667 I commit_sys_config_file: [settings-2-0,2]
09-10 06:59:41.646   565   667 I commit_sys_config_file: [settings-2-0,2]
09-10 06:59:43.240   565   667 I commit_sys_config_file: [settings-2-0,2]
09-10 06:59:44.252   565   667 I commit_sys_config_file: [settings-2-0,2]
09-10 06:59:45.300   565   667 I commit_sys_config_file: [settings-2-0,2]
09-10 06:59:46.317   565   667 I commit_sys_config_file: [settings-2-0,2]
09-10 06:59:47.560   565   667 I commit_sys_config_file: [settings-2-0,2]
09-10 06:59:48.598   565   667 I commit_sys_config_file: [settings-2-0,2]
09-10 06:59:49.646   565   667 I commit_sys_config_file: [settings-2-0,2]
09-10 06:59:50.662   565   667 I commit_sys_config_file: [settings-2-0,2]
09-10 06:59:51.877   565   667 I commit_sys_config_file: [settings-2-0,2]
09-10 06:59:53.301   565   667 I commit_sys_config_file: [settings-2-0,2]
09-10 06:59:54.331   565   667 I commit_sys_config_file: [settings-2-0,3]
09-10 06:59:55.343   565   667 I commit_sys_config_file: [settings-2-0,2]
09-10 06:59:56.510   565   667 I commit_sys_config_file: [settings-2-0,1]
09-10 06:59:57.533   565   667 I commit_sys_config_file: [settings-2-0,2]
09-10 06:59:58.581   565   667 I commit_sys_config_file: [settings-2-0,2]
09-10 06:59:59.596   565   667 I commit_sys_config_file: [settings-2-0,2]
09-10 07:00:00.642   565   667 I commit_sys_config_file: [settings-2-0,3]
09-10 07:00:01.656   565   667 I commit_sys_config_file: [settings-2-0,2]
09-10 07:00:02.853   565   667 I commit_sys_config_file: [settings-2-0,2]
09-10 07:00:03.900   565   667 I commit_sys_config_file: [settings-2-0,1]
09-10 07:00:04.957   565   667 I commit_sys_config_file: [settings-2-0,3]
09-10 07:00:05.981   565   667 I commit_sys_config_file: [settings-2-0,2]
09-10 07:00:08.459   565   667 I commit_sys_config_file: [settings-2-0,2]
09-10 07:00:09.475   565   667 I commit_sys_config_file: [settings-2-0,1]
09-10 07:00:10.543   565   667 I commit_sys_config_file: [settings-2-0,2]
09-10 07:00:11.557   565   667 I commit_sys_config_file: [settings-2-0,2]
09-10 07:00:12.794   565   667 I commit_sys_config_file: [settings-2-0,2]
09-10 07:00:13.806   565   667 I commit_sys_config_file: [settings-2-0,1]
09-10 07:00:14.877   565   667 I commit_sys_config_file: [settings-2-0,2]
09-10 07:00:15.896   565   667 I commit_sys_config_file: [settings-2-0,1]
09-10 07:00:18.112   565   667 I commit_sys_config_file: [settings-2-0,2]
09-10 07:00:19.125   565   667 I commit_sys_config_file: [settings-2-0,2]
09-10 07:00:19.989   565  1000 I force_gc: Binder
09-10 07:00:20.185   565   667 I commit_sys_config_file: [settings-2-0,2]
09-10 07:00:21.215   565   667 I commit_sys_config_file: [settings-2-0,2]
09-10 07:00:22.458   565   667 I commit_sys_config_file: [settings-2-0,2]
09-10 07:00:23.473   565   667 I commit_sys_config_file: [settings-2-0,2]
09-10 07:00:23.867   565   846 I service_manager_stats: [100,15,45071]
09-10 07:00:24.525   565   667 I commit_sys_config_file: [settings-2-0,2]
09-10 07:00:25.543   565   667 I commit_sys_config_file: [settings-2-0,2]
09-10 07:00:26.556   565  1129 I wm_finish_activity: [0,197416118,8,dev.partydeck.godot.compare/.GodotGameActivity,app-request]
09-10 07:00:26.559   565  1129 I wm_pause_activity: [0,197416118,dev.partydeck.godot.compare/.GodotGameActivity,userLeaving=false,finish]
09-10 07:00:26.595  3026  3026 I wm_on_top_resumed_lost_called: [197416118,dev.partydeck.godot.compare.GodotGameActivity,topStateChangedWhenResumed]
09-10 07:00:26.604  3026  3026 I wm_on_paused_called: [197416118,dev.partydeck.godot.compare.GodotGameActivity,performPause,3]
09-10 07:00:26.604   565  1017 I wm_add_to_stopping: [0,197416118,dev.partydeck.godot.compare/.GodotGameActivity,completeFinishing]
09-10 07:00:26.611   565   680 I input_focus: [Focus leaving a27e1f0 dev.partydeck.godot.compare/dev.partydeck.godot.compare.GodotGameActivity (server),reason=NO_WINDOW]
09-10 07:00:26.618   565  1017 I wm_set_resumed_activity: [0,dev.partydeck.godot.compare/.ComparisonActivity,resumeTopActivity - onActivityStateChanged]
09-10 07:00:26.619   565  1017 I wm_resume_activity: [0,47428149,8,dev.partydeck.godot.compare/.ComparisonActivity]
09-10 07:00:26.620   565   590 I sysui_multi_action: [757,803,799,window_time_0,802,652]
09-10 07:00:26.622   565   668 I am_unfreeze: [2780,dev.partydeck.godot.compare,1]
09-10 07:00:26.623   565   593 I am_kill : [0,1303,com.android.cellbroadcastreceiver,985,empty #17,101928]
09-10 07:00:26.623   565   593 I am_kill : [0,1753,com.android.contacts,985,empty #18,107704]
09-10 07:00:26.663   565   593 I am_kill : [0,1665,com.android.externalstorage,995,empty #19,103372]
09-10 07:00:26.663   565   593 I am_kill : [0,2180,com.android.ondevicepersonalization.services,995,empty #20,100684]
09-10 07:00:26.663   565   593 I am_kill : [0,2136,com.android.carrierdefaultapp,999,empty #21,101964]
09-10 07:00:26.664   565   593 I am_kill : [0,2100,com.android.dynsystem:dynsystem,915,empty #22,101276]
09-10 07:00:26.674   565   593 I am_kill : [0,2090,com.android.federatedcompute.services,999,empty #23,100932]
09-10 07:00:26.674   565   593 I am_kill : [0,2067,com.android.dynsystem,915,empty #24,100864]
09-10 07:00:26.674   565   593 I am_kill : [0,1974,com.android.camera2,999,empty #25,104928]
09-10 07:00:26.674   565   593 I am_kill : [0,1937,.adservices,999,empty #26,106752]
09-10 07:00:26.675   565   593 I am_kill : [0,1887,com.android.calendar,999,empty #27,106420]
09-10 07:00:26.675   565   593 I am_kill : [0,1583,com.android.managedprovisioning,999,empty #28,107120]
09-10 07:00:26.675   565   593 I am_kill : [0,1443,com.android.printspooler,999,empty #29,103116]
09-10 07:00:26.675   565   593 I am_kill : [0,1865,com.android.traceur,999,empty #30,105112]
09-10 07:00:26.675   565   593 I am_kill : [0,1580,com.android.keychain,925,empty #31,103840]
09-10 07:00:26.676   565   593 I am_kill : [0,1468,com.android.music,999,empty #32,101324]
09-10 07:00:26.677   565  1129 I am_proc_died: [0,2180,com.android.ondevicepersonalization.services,995,19]
09-10 07:00:26.677   565  1129 I am_uid_stopped: 10136
09-10 07:00:26.705   565  1024 I am_proc_died: [0,1303,com.android.cellbroadcastreceiver,985,19]
09-10 07:00:26.705   565  1024 I am_uid_stopped: 10069
09-10 07:00:26.712   565  1678 I am_proc_died: [0,2136,com.android.carrierdefaultapp,999,19]
09-10 07:00:26.713   565  1678 I am_uid_stopped: 10088
09-10 07:00:26.718   565  1678 I am_proc_died: [0,2090,com.android.federatedcompute.services,999,19]
09-10 07:00:26.718   565  1678 I am_uid_stopped: 10137
09-10 07:00:26.721  2780  2780 I wm_on_restart_called: [47428149,dev.partydeck.godot.compare.ComparisonActivity,performRestart,0]
09-10 07:00:26.721  2780  2780 I wm_on_start_called: [47428149,dev.partydeck.godot.compare.ComparisonActivity,handleStartActivity,0]
09-10 07:00:26.731   565  1678 I am_proc_died: [0,1580,com.android.keychain,925,19]
09-10 07:00:26.739  2780  2780 I wm_on_activity_result_called: [47428149,dev.partydeck.godot.compare.ComparisonActivity,ACTIVITY_RESULT]
09-10 07:00:26.743   565  1024 I am_proc_died: [0,1865,com.android.traceur,999,19]
09-10 07:00:26.743   565  1024 I am_uid_stopped: 10097
09-10 07:00:26.754   565  1000 I am_proc_died: [0,1665,com.android.externalstorage,995,19]
09-10 07:00:26.754   565  1000 I am_uid_stopped: 10064
09-10 07:00:26.755   565   639 I am_proc_died: [0,1887,com.android.calendar,999,19]
09-10 07:00:26.755   565   639 I am_uid_stopped: 10111
09-10 07:00:26.755   565   639 I am_proc_died: [0,2067,com.android.dynsystem,915,19]
09-10 07:00:26.756  2780  2780 I wm_on_resume_called: [47428149,dev.partydeck.godot.compare.ComparisonActivity,RESUME_ACTIVITY,17]
09-10 07:00:26.756  2780  2780 I wm_on_top_resumed_gained_called: [47428149,dev.partydeck.godot.compare.ComparisonActivity,topWhenResuming]
09-10 07:00:26.759   565  1017 I am_proc_died: [0,2100,com.android.dynsystem:dynsystem,915,19]
09-10 07:00:26.760   565  1657 I am_proc_died: [0,1468,com.android.music,999,19]
09-10 07:00:26.760   565  1657 I am_uid_stopped: 10105
09-10 07:00:26.763   565  1077 I am_proc_died: [0,1443,com.android.printspooler,999,19]
09-10 07:00:26.763   565  1077 I am_uid_stopped: 10084
09-10 07:00:26.763   565  1077 I am_proc_died: [0,1583,com.android.managedprovisioning,999,19]
09-10 07:00:26.763   565  1077 I am_uid_stopped: 10066
09-10 07:00:26.764   565  1077 I am_proc_died: [0,1937,.adservices,999,19]
09-10 07:00:26.764   565  1077 I am_proc_died: [0,1753,com.android.contacts,985,19]
09-10 07:00:26.764   565  1077 I am_uid_stopped: 10102
09-10 07:00:26.765   565  1077 I am_proc_died: [0,1974,com.android.camera2,999,19]
09-10 07:00:26.765   565  1077 I am_uid_stopped: 10107
09-10 07:00:26.779   565   640 I am_proc_died: [0,3026,dev.partydeck.godot.compare:godot,0,2]
09-10 07:00:26.870   565   667 I commit_sys_config_file: [settings-2-0,3]
09-10 07:00:26.907   565   594 I input_focus: [Focus request aa34dec dev.partydeck.godot.compare/dev.partydeck.godot.compare.ComparisonActivity,reason=UpdateInputWindows]
09-10 07:00:26.912  2780  2780 I viewroot_draw_event: [VRI[ComparisonActivity],Start draw after previous draw not visible]
09-10 07:00:27.140  2780  2780 I viewroot_draw_event: [VRI[ComparisonActivity],reportDrawFinished seqId=0]
09-10 07:00:27.244   565   680 I input_focus: [Focus entering aa34dec dev.partydeck.godot.compare/dev.partydeck.godot.compare.ComparisonActivity (server),reason=Window became focusable. Previous reason: NOT_VISIBLE]
09-10 07:00:29.063   565   667 I commit_sys_config_file: [settings-2-0,2]
09-10 07:00:30.132   565   667 I commit_sys_config_file: [settings-2-0,2]
09-10 07:00:31.149   565   667 I commit_sys_config_file: [settings-2-0,2]
09-10 07:00:32.216   565   667 I commit_sys_config_file: [settings-2-0,2]
09-10 07:00:33.231   565   667 I commit_sys_config_file: [settings-2-0,3]
09-10 07:00:34.270   565   667 I commit_sys_config_file: [settings-2-0,2]
09-10 07:00:35.284   565   667 I commit_sys_config_file: [settings-2-0,3]
09-10 07:00:36.381   565   667 I commit_sys_config_file: [settings-2-0,2]
09-10 07:00:37.397   565   667 I commit_sys_config_file: [settings-2-0,2]
09-10 07:00:39.736   565   667 I commit_sys_config_file: [settings-2-0,2]
09-10 07:00:40.752   565   667 I commit_sys_config_file: [settings-2-0,3]
09-10 07:00:41.408   565   680 I input_interaction: Interaction with: aa34dec dev.partydeck.godot.compare/dev.partydeck.godot.compare.ComparisonActivity (server), PointerEventDispatcher0 (server), 
09-10 07:00:41.431   565  1017 I wm_task_moved: [8,8,0,1,2]
09-10 07:00:41.431   565  1017 I wm_create_activity: [0,258917112,8,dev.partydeck.godot.compare/.GodotGameActivity,NULL,NULL,NULL,0]
09-10 07:00:41.432   565  1017 I wm_pause_activity: [0,47428149,dev.partydeck.godot.compare/.ComparisonActivity,userLeaving=true,resumeTopActivity]
09-10 07:00:41.459   565   603 I am_proc_start: [0,10521,10148,dev.partydeck.godot.compare:godot,next-top-activity,{dev.partydeck.godot.compare/dev.partydeck.godot.compare.GodotGameActivity}]
09-10 07:00:41.549   934  1022 I viewroot_draw_event: [VRI[compare],reportDrawFinished seqId=0]
09-10 07:00:41.557   565   586 I am_proc_bound: [0,10521,dev.partydeck.godot.compare:godot]
09-10 07:00:41.565  2780  2780 I wm_on_top_resumed_lost_called: [47428149,dev.partydeck.godot.compare.ComparisonActivity,topStateChangedWhenResumed]
09-10 07:00:41.565  2780  2780 I wm_on_paused_called: [47428149,dev.partydeck.godot.compare.ComparisonActivity,performPause,0]
09-10 07:00:41.567   565   586 I wm_add_to_stopping: [0,47428149,dev.partydeck.godot.compare/.ComparisonActivity,makeInvisible]
09-10 07:00:41.568   565   586 I wm_restart_activity: [0,258917112,8,dev.partydeck.godot.compare/.GodotGameActivity]
09-10 07:00:41.573   565   586 I wm_set_resumed_activity: [0,dev.partydeck.godot.compare/.GodotGameActivity,realStartActivityLocked - onActivityStateChanged]
09-10 07:00:41.574   565   590 I sysui_multi_action: [757,803,799,window_time_0,802,14]
09-10 07:00:41.584   565   594 I input_focus: [Requesting to set focus to null window,reason=UpdateInputWindows]
09-10 07:00:41.707   565   680 I input_focus: [Focus leaving aa34dec dev.partydeck.godot.compare/dev.partydeck.godot.compare.ComparisonActivity (server),reason=Waiting for window because NO_WINDOW]
09-10 07:00:42.100   565   667 I commit_sys_config_file: [settings-2-0,4]
09-10 07:00:42.100  2780  2780 I viewroot_draw_event: [VRI[ComparisonActivity],Not drawing due to not visible. Reason=!mAppVisible && !mForceDecorViewVisibility]
09-10 07:00:42.330 10521 10521 I wm_on_create_called: [258917112,dev.partydeck.godot.compare.GodotGameActivity,performCreate,336]
09-10 07:00:42.336 10521 10521 I wm_on_start_called: [258917112,dev.partydeck.godot.compare.GodotGameActivity,handleStartActivity,4]
09-10 07:00:42.339 10521 10521 I wm_on_resume_called: [258917112,dev.partydeck.godot.compare.GodotGameActivity,RESUME_ACTIVITY,2]
09-10 07:00:42.351 10521 10521 I wm_on_top_resumed_gained_called: [258917112,dev.partydeck.godot.compare.GodotGameActivity,topStateChangedWhenResumed]
09-10 07:00:42.397   565   594 I input_focus: [Focus request d3cb704 dev.partydeck.godot.compare/dev.partydeck.godot.compare.GodotGameActivity,reason=UpdateInputWindows]
09-10 07:00:42.645   565  1077 I wm_set_requested_orientation: [1,dev.partydeck.godot.compare/.GodotGameActivity]
09-10 07:00:42.646   565  1901 I wm_stop_activity: [0,47428149,dev.partydeck.godot.compare/.ComparisonActivity]
09-10 07:00:42.663  2780  2780 I wm_on_stop_called: [47428149,dev.partydeck.godot.compare.ComparisonActivity,STOP_ACTIVITY_ITEM,1]
09-10 07:00:43.429 10521 10563 I viewroot_draw_event: [VRI[GodotGameActivity],reportDrawFinished seqId=0]
09-10 07:00:43.434   934  1011 I jank_cuj_events_begin_request: [39,1789023643434017000,849824709399,849824709459,]
09-10 07:00:43.434   565   590 I sysui_multi_action: [319,151,321,121,322,2005,325,847,757,761,758,7,759,2,806,dev.partydeck.godot.compare,871,dev.partydeck.godot.compare.GodotGameActivity,904,dev.partydeck.godot.compare,905,0,945,129,1320,12,1321,1]
09-10 07:00:43.434   565   590 I wm_activity_launch_time: [0,258917112,dev.partydeck.godot.compare/.GodotGameActivity,2005]
09-10 07:00:43.446   934  1011 I jank_cuj_events_end_request: [39,1789023643445990000,849836682562,849836682682]
09-10 07:00:43.451   934  1022 I viewroot_draw_event: [VRI[compare],Not drawing due to not visible. Reason=View.GONE]
09-10 07:00:43.499   565   680 I input_focus: [Focus entering d3cb704 dev.partydeck.godot.compare/dev.partydeck.godot.compare.GodotGameActivity (server),reason=Window became focusable. Previous reason: NOT_VISIBLE]
09-10 07:00:43.629   565   667 I commit_sys_config_file: [settings-2-0,9]
09-10 07:00:44.844   565   667 I commit_sys_config_file: [settings-2-0,3]
09-10 07:00:45.864   565   667 I commit_sys_config_file: [settings-2-0,3]
09-10 07:00:47.180   565   667 I commit_sys_config_file: [settings-2-0,2]
09-10 07:00:48.195   565   667 I commit_sys_config_file: [settings-2-0,2]
09-10 07:00:50.664   565   667 I commit_sys_config_file: [settings-2-0,2]
09-10 07:00:51.680   565   667 I commit_sys_config_file: [settings-2-0,2]
09-10 07:00:52.738   565   667 I commit_sys_config_file: [settings-2-0,2]
09-10 07:00:53.762   565   667 I commit_sys_config_file: [settings-2-0,2]
09-10 07:00:54.414   565   680 I input_interaction: Interaction with: d3cb704 dev.partydeck.godot.compare/dev.partydeck.godot.compare.GodotGameActivity (server), PointerEventDispatcher0 (server), 
09-10 07:00:55.026   565   667 I commit_sys_config_file: [settings-2-0,2]
09-10 07:00:56.038   565   667 I commit_sys_config_file: [settings-2-0,2]
09-10 07:00:57.098   565   667 I commit_sys_config_file: [settings-2-0,1]
09-10 07:00:58.124   565   667 I commit_sys_config_file: [settings-2-0,2]
09-10 07:00:59.037   565  1032 I wm_finish_activity: [0,258917112,8,dev.partydeck.godot.compare/.GodotGameActivity,app-request]
09-10 07:00:59.039   565  1032 I wm_pause_activity: [0,258917112,dev.partydeck.godot.compare/.GodotGameActivity,userLeaving=false,finish]
09-10 07:00:59.047 10521 10521 I wm_on_top_resumed_lost_called: [258917112,dev.partydeck.godot.compare.GodotGameActivity,topStateChangedWhenResumed]
09-10 07:00:59.059 10521 10521 I wm_on_paused_called: [258917112,dev.partydeck.godot.compare.GodotGameActivity,performPause,4]
09-10 07:00:59.066   565  2030 I wm_add_to_stopping: [0,258917112,dev.partydeck.godot.compare/.GodotGameActivity,completeFinishing]
09-10 07:00:59.067   565  2030 I wm_set_resumed_activity: [0,dev.partydeck.godot.compare/.ComparisonActivity,resumeTopActivity - onActivityStateChanged]
09-10 07:00:59.068   565  2030 I wm_resume_activity: [0,47428149,8,dev.partydeck.godot.compare/.ComparisonActivity]
09-10 07:00:59.068   565   590 I sysui_multi_action: [757,803,799,window_time_0,802,18]
09-10 07:00:59.074  2780  2780 I wm_on_restart_called: [47428149,dev.partydeck.godot.compare.ComparisonActivity,performRestart,0]
09-10 07:00:59.074  2780  2780 I wm_on_start_called: [47428149,dev.partydeck.godot.compare.ComparisonActivity,handleStartActivity,0]
09-10 07:00:59.074  2780  2780 I wm_on_activity_result_called: [47428149,dev.partydeck.godot.compare.ComparisonActivity,ACTIVITY_RESULT]
09-10 07:00:59.095  2780  2780 I wm_on_resume_called: [47428149,dev.partydeck.godot.compare.ComparisonActivity,RESUME_ACTIVITY,21]
09-10 07:00:59.095  2780  2780 I wm_on_top_resumed_gained_called: [47428149,dev.partydeck.godot.compare.ComparisonActivity,topWhenResuming]
09-10 07:00:59.111   565   594 I input_focus: [Focus request aa34dec dev.partydeck.godot.compare/dev.partydeck.godot.compare.ComparisonActivity,reason=UpdateInputWindows]
09-10 07:00:59.112  2780  2780 I viewroot_draw_event: [VRI[ComparisonActivity],Start draw after previous draw not visible]
09-10 07:00:59.124  2780  2780 I viewroot_draw_event: [VRI[ComparisonActivity],reportDrawFinished seqId=0]
09-10 07:00:59.146   565   680 I input_focus: [Focus leaving d3cb704 dev.partydeck.godot.compare/dev.partydeck.godot.compare.GodotGameActivity (server),reason=NO_WINDOW]
09-10 07:00:59.147   565   593 I am_kill : [0,2148,com.android.messaging,975,empty #17,116164]
09-10 07:00:59.210   565   639 I am_proc_died: [0,2148,com.android.messaging,975,19]
09-10 07:00:59.212   565   639 I am_uid_stopped: 10114
09-10 07:00:59.250   565  1659 I am_proc_died: [0,10521,dev.partydeck.godot.compare:godot,200,19]
09-10 07:00:59.387   565   680 I input_focus: [Focus entering aa34dec dev.partydeck.godot.compare/dev.partydeck.godot.compare.ComparisonActivity (server),reason=Window became focusable. Previous reason: NOT_VISIBLE]
09-10 07:00:59.419   565   667 I commit_sys_config_file: [settings-2-0,69]
09-10 07:01:00.901   565   667 I commit_sys_config_file: [settings-2-0,18]
09-10 07:01:01.949   565   667 I commit_sys_config_file: [settings-2-0,2]
09-10 07:01:02.964   565   667 I commit_sys_config_file: [settings-2-0,2]
09-10 07:01:04.050   565   667 I commit_sys_config_file: [settings-2-0,2]
09-10 07:01:05.065   565   667 I commit_sys_config_file: [settings-2-0,2]
09-10 07:01:06.092   565   667 I commit_sys_config_file: [settings-2-0,2]
09-10 07:01:07.106   565   667 I commit_sys_config_file: [settings-2-0,2]
09-10 07:01:08.188   565   667 I commit_sys_config_file: [settings-2-0,3]
09-10 07:01:09.213   565   667 I commit_sys_config_file: [settings-2-0,2]
09-10 07:01:11.570   565   667 I commit_sys_config_file: [settings-2-0,3]
09-10 07:01:11.954   565   846 I service_manager_stats: [100,14,48087]
09-10 07:01:12.587   565   667 I commit_sys_config_file: [settings-2-0,2]
09-10 07:01:13.238   565   680 I input_interaction: Interaction with: aa34dec dev.partydeck.godot.compare/dev.partydeck.godot.compare.ComparisonActivity (server), PointerEventDispatcher0 (server), 
09-10 07:01:13.268   565  1659 I wm_task_moved: [8,8,0,1,2]
09-10 07:01:13.268   565  1659 I wm_create_activity: [0,152058096,8,dev.partydeck.godot.compare/.GodotGameActivity,NULL,NULL,NULL,0]
09-10 07:01:13.269   565  1659 I wm_pause_activity: [0,47428149,dev.partydeck.godot.compare/.ComparisonActivity,userLeaving=true,resumeTopActivity]
09-10 07:01:13.278  2780  2780 I wm_on_top_resumed_lost_called: [47428149,dev.partydeck.godot.compare.ComparisonActivity,topStateChangedWhenResumed]
09-10 07:01:13.299   565   603 I am_proc_start: [0,10850,10148,dev.partydeck.godot.compare:godot,next-top-activity,{dev.partydeck.godot.compare/dev.partydeck.godot.compare.GodotGameActivity}]
09-10 07:01:13.300  2780  2780 I wm_on_paused_called: [47428149,dev.partydeck.godot.compare.ComparisonActivity,performPause,0]
09-10 07:01:13.302   565  1000 I wm_add_to_stopping: [0,47428149,dev.partydeck.godot.compare/.ComparisonActivity,makeInvisible]
09-10 07:01:13.302   565   590 I sysui_multi_action: [757,803,799,window_time_0,802,14]
09-10 07:01:13.363   565   680 I input_focus: [Focus leaving aa34dec dev.partydeck.godot.compare/dev.partydeck.godot.compare.ComparisonActivity (server),reason=NO_WINDOW]
09-10 07:01:13.415   934  1022 I viewroot_draw_event: [VRI[compare],reportDrawFinished seqId=0]
09-10 07:01:13.435   565  1032 I am_proc_bound: [0,10850,dev.partydeck.godot.compare:godot]
09-10 07:01:13.683   565   639 I wm_restart_activity: [0,152058096,8,dev.partydeck.godot.compare/.GodotGameActivity]
09-10 07:01:13.684   565   639 I wm_set_resumed_activity: [0,dev.partydeck.godot.compare/.GodotGameActivity,realStartActivityLocked - onActivityStateChanged]
09-10 07:01:13.843   565   667 I commit_sys_config_file: [settings-2-0,13]
09-10 07:01:14.101  2780  2780 I viewroot_draw_event: [VRI[ComparisonActivity],Not drawing due to not visible. Reason=!mAppVisible && !mForceDecorViewVisibility]
09-10 07:01:14.221 10850 10850 I wm_on_create_called: [152058096,dev.partydeck.godot.compare.GodotGameActivity,performCreate,458]
09-10 07:01:14.226 10850 10850 I wm_on_start_called: [152058096,dev.partydeck.godot.compare.GodotGameActivity,handleStartActivity,4]
09-10 07:01:14.228 10850 10850 I wm_on_resume_called: [152058096,dev.partydeck.godot.compare.GodotGameActivity,RESUME_ACTIVITY,1]
09-10 07:01:14.239 10850 10850 I wm_on_top_resumed_gained_called: [152058096,dev.partydeck.godot.compare.GodotGameActivity,topStateChangedWhenResumed]
09-10 07:01:14.270   565   594 I input_focus: [Focus request 297b07c dev.partydeck.godot.compare/dev.partydeck.godot.compare.GodotGameActivity,reason=UpdateInputWindows]
09-10 07:01:14.426   565  1077 I wm_set_requested_orientation: [1,dev.partydeck.godot.compare/.GodotGameActivity]
09-10 07:01:14.460   565  1077 I wm_stop_activity: [0,47428149,dev.partydeck.godot.compare/.ComparisonActivity]
09-10 07:01:14.476  2780  2780 I wm_on_stop_called: [47428149,dev.partydeck.godot.compare.ComparisonActivity,STOP_ACTIVITY_ITEM,0]
09-10 07:01:15.361 10850 10890 I viewroot_draw_event: [VRI[GodotGameActivity],reportDrawFinished seqId=0]
09-10 07:01:15.365   934  1011 I jank_cuj_events_begin_request: [39,1789023675365243000,881755935875,881755936031,]
09-10 07:01:15.365   565   590 I sysui_multi_action: [319,425,321,158,322,2103,325,879,757,761,758,7,759,2,806,dev.partydeck.godot.compare,871,dev.partydeck.godot.compare.GodotGameActivity,904,dev.partydeck.godot.compare,905,0,945,174,1320,12,1321,1]
09-10 07:01:15.366   565   590 I wm_activity_launch_time: [0,152058096,dev.partydeck.godot.compare/.GodotGameActivity,2103]
09-10 07:01:15.377   934  1011 I jank_cuj_events_end_request: [39,1789023675376842000,881767534897,881767535106]
09-10 07:01:15.381   934  1022 I viewroot_draw_event: [VRI[compare],Not drawing due to not visible. Reason=View.GONE]
09-10 07:01:15.495   565   680 I input_focus: [Focus entering 297b07c dev.partydeck.godot.compare/dev.partydeck.godot.compare.GodotGameActivity (server),reason=Window became focusable. Previous reason: NOT_VISIBLE]
09-10 07:01:15.521   565   667 I commit_sys_config_file: [settings-2-0,27]
09-10 07:01:16.675   565   667 I commit_sys_config_file: [settings-2-0,2]
09-10 07:01:17.704   565   667 I commit_sys_config_file: [settings-2-0,3]
09-10 07:01:19.074   565   667 I commit_sys_config_file: [settings-2-0,2]
09-10 07:01:20.094   565   667 I commit_sys_config_file: [settings-2-0,3]
09-10 07:01:21.160   565   667 I commit_sys_config_file: [settings-2-0,2]
09-10 07:01:22.175   565   667 I commit_sys_config_file: [settings-2-0,3]
09-10 07:01:24.249   565   680 I input_interaction: Interaction with: 297b07c dev.partydeck.godot.compare/dev.partydeck.godot.compare.GodotGameActivity (server), PointerEventDispatcher0 (server), 
09-10 07:01:24.254   565  1000 I sysui_multi_action: [757,803,799,key_back_press,802,1]
09-10 07:01:24.604   565  1659 I wm_finish_activity: [0,152058096,8,dev.partydeck.godot.compare/.GodotGameActivity,app-request]
09-10 07:01:24.605   565  1659 I wm_pause_activity: [0,152058096,dev.partydeck.godot.compare/.GodotGameActivity,userLeaving=false,finish]
09-10 07:01:24.610 10850 10850 I wm_on_top_resumed_lost_called: [152058096,dev.partydeck.godot.compare.GodotGameActivity,topStateChangedWhenResumed]
09-10 07:01:24.613 10850 10850 I wm_on_paused_called: [152058096,dev.partydeck.godot.compare.GodotGameActivity,performPause,2]
09-10 07:01:24.616   565  1000 I wm_add_to_stopping: [0,152058096,dev.partydeck.godot.compare/.GodotGameActivity,completeFinishing]
09-10 07:01:24.619   565  1000 I wm_set_resumed_activity: [0,dev.partydeck.godot.compare/.ComparisonActivity,resumeTopActivity - onActivityStateChanged]
09-10 07:01:24.621   565  1000 I wm_resume_activity: [0,47428149,8,dev.partydeck.godot.compare/.ComparisonActivity]
09-10 07:01:24.623  2780  2780 I wm_on_restart_called: [47428149,dev.partydeck.godot.compare.ComparisonActivity,performRestart,0]
09-10 07:01:24.623  2780  2780 I wm_on_start_called: [47428149,dev.partydeck.godot.compare.ComparisonActivity,handleStartActivity,0]
09-10 07:01:24.623  2780  2780 I wm_on_activity_result_called: [47428149,dev.partydeck.godot.compare.ComparisonActivity,ACTIVITY_RESULT]
09-10 07:01:24.627   565   590 I sysui_multi_action: [757,803,799,window_time_0,802,12]
09-10 07:01:24.630  2780  2780 I wm_on_resume_called: [47428149,dev.partydeck.godot.compare.ComparisonActivity,RESUME_ACTIVITY,6]
09-10 07:01:24.630  2780  2780 I wm_on_top_resumed_gained_called: [47428149,dev.partydeck.godot.compare.ComparisonActivity,topWhenResuming]
09-10 07:01:24.664   565   594 I input_focus: [Focus request aa34dec dev.partydeck.godot.compare/dev.partydeck.godot.compare.ComparisonActivity,reason=UpdateInputWindows]
09-10 07:01:24.665  2780  2780 I viewroot_draw_event: [VRI[ComparisonActivity],Start draw after previous draw not visible]
09-10 07:01:24.673  2780  2780 I viewroot_draw_event: [VRI[ComparisonActivity],reportDrawFinished seqId=0]
09-10 07:01:24.691   565   680 I input_focus: [Focus leaving 297b07c dev.partydeck.godot.compare/dev.partydeck.godot.compare.GodotGameActivity (server),reason=NO_WINDOW]
09-10 07:01:24.779   565  1901 I am_proc_died: [0,10850,dev.partydeck.godot.compare:godot,200,19]
09-10 07:01:24.785   565  1901 I dvm_lock_sample: [system_server,0,binder:565_11,5,WindowProcessController.java,365,void com.android.server.wm.WindowProcessController.setThread(android.app.IApplicationThread),Session.java,237,void com.android.server.wm.Session.binderDied(),1]
09-10 07:01:24.837   565   667 I commit_sys_config_file: [settings-2-0,11]
09-10 07:01:24.917   565   680 I input_focus: [Focus entering aa34dec dev.partydeck.godot.compare/dev.partydeck.godot.compare.ComparisonActivity (server),reason=Window became focusable. Previous reason: NOT_VISIBLE]
09-10 07:01:26.130   565   667 I commit_sys_config_file: [settings-2-0,2]
