sha256	bytes	source	staged	destination
754044355caa8b687325ede9c6f2cc864b275cb2195d64a959ac7b237673a71b	4901	/root/projects/PartyDeck/artifacts/evidence-storage/34496282263/evidence-freeze.json	/root/projects/PartyDeck/artifacts/screenshot-queue-android-34496282263-34496267571-v1/payload/docs/screenshots/godot-android-adaptive-34496282263/provenance/evidence-freeze.json	docs/screenshots/godot-android-adaptive-34496282263/provenance/evidence-freeze.json
e1ce295fbd4f8d89c0fe5b1af4f0e46803da6bcc89a1025b00320a86f9eb493c	143129	/root/projects/PartyDeck/artifacts/evidence-storage/34496282263/triage/originals-audit.json	/root/projects/PartyDeck/artifacts/screenshot-queue-android-34496282263-34496267571-v1/payload/docs/screenshots/godot-android-adaptive-34496282263/provenance/triage/originals-audit.json	docs/screenshots/godot-android-adaptive-34496282263/provenance/triage/originals-audit.json
6f4b20060ee22bd72e00691f403a7bbc499caae3bdf1870f983c37fad40c46a6	48304	/root/projects/PartyDeck/artifacts/evidence-storage/34496282263/triage/capture-publication-inventory.json	/root/projects/PartyDeck/artifacts/screenshot-queue-android-34496282263-34496267571-v1/payload/docs/screenshots/godot-android-adaptive-34496282263/provenance/triage/capture-publication-inventory.json	docs/screenshots/godot-android-adaptive-34496282263/provenance/triage/capture-publication-inventory.json
743eddd56b39e262a849ad471fcf8320dafc76a8984fc7ebdf48e9e75a063055	13725	/root/projects/PartyDeck/artifacts/evidence-storage/34496282263/triage/first-failures.json	/root/projects/PartyDeck/artifacts/screenshot-queue-android-34496282263-34496267571-v1/payload/docs/screenshots/godot-android-adaptive-34496282263/provenance/triage/first-failures.json	docs/screenshots/godot-android-adaptive-34496282263/provenance/triage/first-failures.json
29ba11c01c3d3f1477fbbaaa7462490d6ba1d4e2a5909d75b2a019475a0381af	1666	/root/projects/PartyDeck/artifacts/evidence-storage/34496267571/original-collection-frozen.json	/root/projects/PartyDeck/artifacts/screenshot-queue-android-34496282263-34496267571-v1/payload/docs/screenshots/android-34496267571/provenance/original-collection-frozen.json	docs/screenshots/android-34496267571/provenance/original-collection-frozen.json
d1c83bfe323c488c6b0b52374ddea2cb5b49034144413a66be68d11141b4faa0	1208	/root/projects/PartyDeck/artifacts/evidence-storage/34496267571/review-final-freeze.json	/root/projects/PartyDeck/artifacts/screenshot-queue-android-34496282263-34496267571-v1/payload/docs/screenshots/android-34496267571/provenance/review-final-freeze.json	docs/screenshots/android-34496267571/provenance/review-final-freeze.json
71197b81b8e83f3ee6012e81a5dbcd935559edcc18bcb1e381f182704e32b765	191812	/root/projects/PartyDeck/artifacts/evidence-storage/34496267571/review/capture-gallery-mapping.json	/root/projects/PartyDeck/artifacts/screenshot-queue-android-34496282263-34496267571-v1/payload/docs/screenshots/android-34496267571/provenance/review/capture-gallery-mapping.json	docs/screenshots/android-34496267571/provenance/review/capture-gallery-mapping.json
c85587a569955c5ab970e3fe63d2473e1cd964e5cbab896749cdfd988ca9b521	890656	/root/projects/PartyDeck/artifacts/evidence-storage/34496267571/review/runtime-capture-audit.json	/root/projects/PartyDeck/artifacts/screenshot-queue-android-34496282263-34496267571-v1/payload/docs/screenshots/android-34496267571/provenance/review/runtime-capture-audit.json	docs/screenshots/android-34496267571/provenance/review/runtime-capture-audit.json
9a9cc8330eaedd246273ae37d41ad7c0d4b7a37167062b1f0755a87ac22950c4	17153	/root/projects/PartyDeck/artifacts/evidence-storage/34496267571/review/first-failure-triage.json	/root/projects/PartyDeck/artifacts/screenshot-queue-android-34496282263-34496267571-v1/payload/docs/screenshots/android-34496267571/provenance/review/first-failure-triage.json	docs/screenshots/android-34496267571/provenance/review/first-failure-triage.json
635a14e10100384c646d38f2f8b25ed2fd14e0607af7b96c27fc13ce16ba564d	93521	/tmp/partydeck-gallery-after-2013-api36-visual-review.json	/root/projects/PartyDeck/artifacts/screenshot-queue-android-34496282263-34496267571-v1/payload/docs/screenshots/godot-android-adaptive-34496282263/provenance/review-design-visual-review.json	docs/screenshots/godot-android-adaptive-34496282263/provenance/review-design-visual-review.json
68362976e905e99a2763b973e2087d24f17d8e99f1fbe7ed6e4cdc8d7726d19a	5968	/tmp/partydeck-api36-debug2x-view-receipt-v1/visual-receipt.json	/root/projects/PartyDeck/artifacts/screenshot-queue-android-34496282263-34496267571-v1/payload/docs/screenshots/godot-android-adaptive-34496282263/provenance/ui-shell/visual-receipt.json	docs/screenshots/godot-android-adaptive-34496282263/provenance/ui-shell/visual-receipt.json
d3fa159a8195b85dff48a6bd57492924afc34af8aed1fcb9ce040274f60312c2	320	/tmp/partydeck-api36-debug2x-view-receipt-v1/freeze.json	/root/projects/PartyDeck/artifacts/screenshot-queue-android-34496282263-34496267571-v1/payload/docs/screenshots/godot-android-adaptive-34496282263/provenance/ui-shell/freeze.json	docs/screenshots/godot-android-adaptive-34496282263/provenance/ui-shell/freeze.json
eee77d5486fc41c5c745a66e15a7f35170782b5337247065e3deb078af34b998	146733	/root/projects/PartyDeck/artifacts/evidence-storage/34496282263/android-adaptive-api36-debug-font-1.0-34496282263-1/godot-adaptive/runtime/godot-adaptive-result.json	/root/projects/PartyDeck/artifacts/screenshot-queue-android-34496282263-34496267571-v1/payload/docs/screenshots/godot-android-adaptive-34496282263/android-adaptive-api36-debug-font-1.0-34496282263-1/godot-adaptive/runtime/godot-adaptive-result.json	docs/screenshots/godot-android-adaptive-34496282263/android-adaptive-api36-debug-font-1.0-34496282263-1/godot-adaptive/runtime/godot-adaptive-result.json
67fa54f0e29976b22fe0e13ca210bd7f46e895345cf517f8b960803d1b1b089b	244	/root/projects/PartyDeck/artifacts/evidence-storage/34496282263/android-adaptive-api36-debug-font-1.0-34496282263-1/godot-adaptive/execution.json	/root/projects/PartyDeck/artifacts/screenshot-queue-android-34496282263-34496267571-v1/payload/docs/screenshots/godot-android-adaptive-34496282263/android-adaptive-api36-debug-font-1.0-34496282263-1/godot-adaptive/execution.json	docs/screenshots/godot-android-adaptive-34496282263/android-adaptive-api36-debug-font-1.0-34496282263-1/godot-adaptive/execution.json
c4c1e046623a1d2458c492be6f21021afb163f7c379c609b4fd744153113e460	202718	/root/projects/PartyDeck/artifacts/evidence-storage/34496282263/android-adaptive-api36-debug-font-2.0-34496282263-1/godot-adaptive/runtime/godot-adaptive-result.json	/root/projects/PartyDeck/artifacts/screenshot-queue-android-34496282263-34496267571-v1/payload/docs/screenshots/godot-android-adaptive-34496282263/android-adaptive-api36-debug-font-2.0-34496282263-1/godot-adaptive/runtime/godot-adaptive-result.json	docs/screenshots/godot-android-adaptive-34496282263/android-adaptive-api36-debug-font-2.0-34496282263-1/godot-adaptive/runtime/godot-adaptive-result.json
82cc88aa02b5797acd0193e78fb7bfacbb439252b0de13e1a301ef826a8a0e48	244	/root/projects/PartyDeck/artifacts/evidence-storage/34496282263/android-adaptive-api36-debug-font-2.0-34496282263-1/godot-adaptive/execution.json	/root/projects/PartyDeck/artifacts/screenshot-queue-android-34496282263-34496267571-v1/payload/docs/screenshots/godot-android-adaptive-34496282263/android-adaptive-api36-debug-font-2.0-34496282263-1/godot-adaptive/execution.json	docs/screenshots/godot-android-adaptive-34496282263/android-adaptive-api36-debug-font-2.0-34496282263-1/godot-adaptive/execution.json
b5dbacb3d532edfc9bac64d802a54e2b65c07c544a5affc0dbef169b3ffcdb96	105635	/root/projects/PartyDeck/artifacts/evidence-storage/34496282263/android-adaptive-api36-optimized-test-signed-font-1.0-34496282263-1/godot-adaptive/runtime/godot-adaptive-result.json	/root/projects/PartyDeck/artifacts/screenshot-queue-android-34496282263-34496267571-v1/payload/docs/screenshots/godot-android-adaptive-34496282263/android-adaptive-api36-optimized-test-signed-font-1.0-34496282263-1/godot-adaptive/runtime/godot-adaptive-result.json	docs/screenshots/godot-android-adaptive-34496282263/android-adaptive-api36-optimized-test-signed-font-1.0-34496282263-1/godot-adaptive/runtime/godot-adaptive-result.json
1a5959c213222d0ee8664bcbcdd8b61d094fac3df48d774d3d81b9ad1dc1c424	260	/root/projects/PartyDeck/artifacts/evidence-storage/34496282263/android-adaptive-api36-optimized-test-signed-font-1.0-34496282263-1/godot-adaptive/execution.json	/root/projects/PartyDeck/artifacts/screenshot-queue-android-34496282263-34496267571-v1/payload/docs/screenshots/godot-android-adaptive-34496282263/android-adaptive-api36-optimized-test-signed-font-1.0-34496282263-1/godot-adaptive/execution.json	docs/screenshots/godot-android-adaptive-34496282263/android-adaptive-api36-optimized-test-signed-font-1.0-34496282263-1/godot-adaptive/execution.json
f2db7555fd36c8447c3feeb1f28f61e4f011a57d3a6f034fdde54a8884008544	102996	/root/projects/PartyDeck/artifacts/evidence-storage/34496282263/android-adaptive-api36-optimized-test-signed-font-2.0-34496282263-1/godot-adaptive/runtime/godot-adaptive-result.json	/root/projects/PartyDeck/artifacts/screenshot-queue-android-34496282263-34496267571-v1/payload/docs/screenshots/godot-android-adaptive-34496282263/android-adaptive-api36-optimized-test-signed-font-2.0-34496282263-1/godot-adaptive/runtime/godot-adaptive-result.json	docs/screenshots/godot-android-adaptive-34496282263/android-adaptive-api36-optimized-test-signed-font-2.0-34496282263-1/godot-adaptive/runtime/godot-adaptive-result.json
bf282268caae069833fb4583c9a7f24add7b734753af1935d156cf6832d97db3	260	/root/projects/PartyDeck/artifacts/evidence-storage/34496282263/android-adaptive-api36-optimized-test-signed-font-2.0-34496282263-1/godot-adaptive/execution.json	/root/projects/PartyDeck/artifacts/screenshot-queue-android-34496282263-34496267571-v1/payload/docs/screenshots/godot-android-adaptive-34496282263/android-adaptive-api36-optimized-test-signed-font-2.0-34496282263-1/godot-adaptive/execution.json	docs/screenshots/godot-android-adaptive-34496282263/android-adaptive-api36-optimized-test-signed-font-2.0-34496282263-1/godot-adaptive/execution.json
0f99ab4414ad4b333f524d9fe662a46798cce144eda5969b9eece60161daf07d	131759	/root/projects/PartyDeck/artifacts/evidence-storage/34496282263/android-adaptive-api36-debug-font-1.0-34496282263-1/godot-adaptive/runtime/captures/home-cold.png	/root/projects/PartyDeck/artifacts/screenshot-queue-android-34496282263-34496267571-v1/payload/docs/screenshots/godot-android-adaptive-34496282263/android-adaptive-api36-debug-font-1.0-34496282263-1/godot-adaptive/runtime/captures/home-cold.png	docs/screenshots/godot-android-adaptive-34496282263/android-adaptive-api36-debug-font-1.0-34496282263-1/godot-adaptive/runtime/captures/home-cold.png
51ccf336b9506663d15597c9f0a1a6af3e9e66ef82b3063e77d00c111a9019dc	13571	/root/projects/PartyDeck/artifacts/evidence-storage/34496282263/android-adaptive-api36-debug-font-1.0-34496282263-1/godot-adaptive/runtime/captures/home-cold.xml	/root/projects/PartyDeck/artifacts/screenshot-queue-android-34496282263-34496267571-v1/payload/docs/screenshots/godot-android-adaptive-34496282263/android-adaptive-api36-debug-font-1.0-34496282263-1/godot-adaptive/runtime/captures/home-cold.xml	docs/screenshots/godot-android-adaptive-34496282263/android-adaptive-api36-debug-font-1.0-34496282263-1/godot-adaptive/runtime/captures/home-cold.xml
bcbf59924ee3ae38a38ab4dfef014aa4d7d1002978d0dc1aabdccdf6f75896b1	9418	/root/projects/PartyDeck/artifacts/evidence-storage/34496282263/android-adaptive-api36-debug-font-1.0-34496282263-1/godot-adaptive/runtime/captures/home-cold.json	/root/projects/PartyDeck/artifacts/screenshot-queue-android-34496282263-34496267571-v1/payload/docs/screenshots/godot-android-adaptive-34496282263/android-adaptive-api36-debug-font-1.0-34496282263-1/godot-adaptive/runtime/captures/home-cold.json	docs/screenshots/godot-android-adaptive-34496282263/android-adaptive-api36-debug-font-1.0-34496282263-1/godot-adaptive/runtime/captures/home-cold.json
ca9647d52931f212881f663bd0f4a3bf4a4786f3b43fad7dc0d85502e45dbbb8	104400	/root/projects/PartyDeck/artifacts/evidence-storage/34496282263/android-adaptive-api36-debug-font-1.0-34496282263-1/godot-adaptive/runtime/captures/2d-landscape-baseline-public.png	/root/projects/PartyDeck/artifacts/screenshot-queue-android-34496282263-34496267571-v1/payload/docs/screenshots/godot-android-adaptive-34496282263/android-adaptive-api36-debug-font-1.0-34496282263-1/godot-adaptive/runtime/captures/2d-landscape-baseline-public.png	docs/screenshots/godot-android-adaptive-34496282263/android-adaptive-api36-debug-font-1.0-34496282263-1/godot-adaptive/runtime/captures/2d-landscape-baseline-public.png
2beb1dd8da136e65429372779bbf007418f24945b448f83647ea696dc0baab68	17576	/root/projects/PartyDeck/artifacts/evidence-storage/34496282263/android-adaptive-api36-debug-font-1.0-34496282263-1/godot-adaptive/runtime/captures/2d-landscape-baseline-public.xml	/root/projects/PartyDeck/artifacts/screenshot-queue-android-34496282263-34496267571-v1/payload/docs/screenshots/godot-android-adaptive-34496282263/android-adaptive-api36-debug-font-1.0-34496282263-1/godot-adaptive/runtime/captures/2d-landscape-baseline-public.xml	docs/screenshots/godot-android-adaptive-34496282263/android-adaptive-api36-debug-font-1.0-34496282263-1/godot-adaptive/runtime/captures/2d-landscape-baseline-public.xml
a6b802376f129389319e5e35c7b52db444c43e2d7b844e47e4377c0d0ea1fe6b	9488	/root/projects/PartyDeck/artifacts/evidence-storage/34496282263/android-adaptive-api36-debug-font-1.0-34496282263-1/godot-adaptive/runtime/captures/2d-landscape-baseline-public.json	/root/projects/PartyDeck/artifacts/screenshot-queue-android-34496282263-34496267571-v1/payload/docs/screenshots/godot-android-adaptive-34496282263/android-adaptive-api36-debug-font-1.0-34496282263-1/godot-adaptive/runtime/captures/2d-landscape-baseline-public.json	docs/screenshots/godot-android-adaptive-34496282263/android-adaptive-api36-debug-font-1.0-34496282263-1/godot-adaptive/runtime/captures/2d-landscape-baseline-public.json
37c3191506c025757e1d746024fa7631480f968e81c16b287cc813a4f33d27b2	97479	/root/projects/PartyDeck/artifacts/evidence-storage/34496282263/android-adaptive-api36-debug-font-1.0-34496282263-1/godot-adaptive/runtime/captures/2d-landscape-baseline-first-card.png	/root/projects/PartyDeck/artifacts/screenshot-queue-android-34496282263-34496267571-v1/payload/docs/screenshots/godot-android-adaptive-34496282263/android-adaptive-api36-debug-font-1.0-34496282263-1/godot-adaptive/runtime/captures/2d-landscape-baseline-first-card.png	docs/screenshots/godot-android-adaptive-34496282263/android-adaptive-api36-debug-font-1.0-34496282263-1/godot-adaptive/runtime/captures/2d-landscape-baseline-first-card.png
eeaeee255820592b1569cea2baf0936d6993ba90e9415da0003e00a174485e59	23908	/root/projects/PartyDeck/artifacts/evidence-storage/34496282263/android-adaptive-api36-debug-font-1.0-34496282263-1/godot-adaptive/runtime/captures/2d-landscape-baseline-first-card.xml	/root/projects/PartyDeck/artifacts/screenshot-queue-android-34496282263-34496267571-v1/payload/docs/screenshots/godot-android-adaptive-34496282263/android-adaptive-api36-debug-font-1.0-34496282263-1/godot-adaptive/runtime/captures/2d-landscape-baseline-first-card.xml	docs/screenshots/godot-android-adaptive-34496282263/android-adaptive-api36-debug-font-1.0-34496282263-1/godot-adaptive/runtime/captures/2d-landscape-baseline-first-card.xml
c89fc709766556f31a029559c404930e6cdbda439fd86d772ff19648e07d42bf	9500	/root/projects/PartyDeck/artifacts/evidence-storage/34496282263/android-adaptive-api36-debug-font-1.0-34496282263-1/godot-adaptive/runtime/captures/2d-landscape-baseline-first-card.json	/root/projects/PartyDeck/artifacts/screenshot-queue-android-34496282263-34496267571-v1/payload/docs/screenshots/godot-android-adaptive-34496282263/android-adaptive-api36-debug-font-1.0-34496282263-1/godot-adaptive/runtime/captures/2d-landscape-baseline-first-card.json	docs/screenshots/godot-android-adaptive-34496282263/android-adaptive-api36-debug-font-1.0-34496282263-1/godot-adaptive/runtime/captures/2d-landscape-baseline-first-card.json
fefabf3371041ee1ac28192c651567cfeee5290f202d712d9499e60947dadbb5	98374	/root/projects/PartyDeck/artifacts/evidence-storage/34496282263/android-adaptive-api36-debug-font-1.0-34496282263-1/godot-adaptive/runtime/captures/2d-landscape-baseline-selected.png	/root/projects/PartyDeck/artifacts/screenshot-queue-android-34496282263-34496267571-v1/payload/docs/screenshots/godot-android-adaptive-34496282263/android-adaptive-api36-debug-font-1.0-34496282263-1/godot-adaptive/runtime/captures/2d-landscape-baseline-selected.png	docs/screenshots/godot-android-adaptive-34496282263/android-adaptive-api36-debug-font-1.0-34496282263-1/godot-adaptive/runtime/captures/2d-landscape-baseline-selected.png
0fb723a877bf84d314bfcb4ccfa0a28ae963bed10e9d6cdc173937c67a5a3f7c	23904	/root/projects/PartyDeck/artifacts/evidence-storage/34496282263/android-adaptive-api36-debug-font-1.0-34496282263-1/godot-adaptive/runtime/captures/2d-landscape-baseline-selected.xml	/root/projects/PartyDeck/artifacts/screenshot-queue-android-34496282263-34496267571-v1/payload/docs/screenshots/godot-android-adaptive-34496282263/android-adaptive-api36-debug-font-1.0-34496282263-1/godot-adaptive/runtime/captures/2d-landscape-baseline-selected.xml	docs/screenshots/godot-android-adaptive-34496282263/android-adaptive-api36-debug-font-1.0-34496282263-1/godot-adaptive/runtime/captures/2d-landscape-baseline-selected.xml
5f87a3a1a8594a1c67ca893e91ddc8b553f0f23fa52618347edd52424aa6432b	9494	/root/projects/PartyDeck/artifacts/evidence-storage/34496282263/android-adaptive-api36-debug-font-1.0-34496282263-1/godot-adaptive/runtime/captures/2d-landscape-baseline-selected.json	/root/projects/PartyDeck/artifacts/screenshot-queue-android-34496282263-34496267571-v1/payload/docs/screenshots/godot-android-adaptive-34496282263/android-adaptive-api36-debug-font-1.0-34496282263-1/godot-adaptive/runtime/captures/2d-landscape-baseline-selected.json	docs/screenshots/godot-android-adaptive-34496282263/android-adaptive-api36-debug-font-1.0-34496282263-1/godot-adaptive/runtime/captures/2d-landscape-baseline-selected.json
5aa3fc243fa9d9df05f5fa3ebfb45bca3a97bc4bf25c6e611f6afd3089532515	40435	/root/projects/PartyDeck/artifacts/evidence-storage/34496282263/android-adaptive-api36-debug-font-1.0-34496282263-1/godot-adaptive/runtime/captures/2d-landscape-initial-selector.png	/root/projects/PartyDeck/artifacts/screenshot-queue-android-34496282263-34496267571-v1/payload/docs/screenshots/godot-android-adaptive-34496282263/android-adaptive-api36-debug-font-1.0-34496282263-1/godot-adaptive/runtime/captures/2d-landscape-initial-selector.png	docs/screenshots/godot-android-adaptive-34496282263/android-adaptive-api36-debug-font-1.0-34496282263-1/godot-adaptive/runtime/captures/2d-landscape-initial-selector.png
4994870601f0dccf05892fa571241151ecf6058f0c0364a40129d217802bcb37	8627	/root/projects/PartyDeck/artifacts/evidence-storage/34496282263/android-adaptive-api36-debug-font-1.0-34496282263-1/godot-adaptive/runtime/captures/2d-landscape-initial-selector.xml	/root/projects/PartyDeck/artifacts/screenshot-queue-android-34496282263-34496267571-v1/payload/docs/screenshots/godot-android-adaptive-34496282263/android-adaptive-api36-debug-font-1.0-34496282263-1/godot-adaptive/runtime/captures/2d-landscape-initial-selector.xml	docs/screenshots/godot-android-adaptive-34496282263/android-adaptive-api36-debug-font-1.0-34496282263-1/godot-adaptive/runtime/captures/2d-landscape-initial-selector.xml
173af94332bd46ef0d5dcdbcba34067fd13b4990a4ca7f59120cbe726fd2b430	9491	/root/projects/PartyDeck/artifacts/evidence-storage/34496282263/android-adaptive-api36-debug-font-1.0-34496282263-1/godot-adaptive/runtime/captures/2d-landscape-initial-selector.json	/root/projects/PartyDeck/artifacts/screenshot-queue-android-34496282263-34496267571-v1/payload/docs/screenshots/godot-android-adaptive-34496282263/android-adaptive-api36-debug-font-1.0-34496282263-1/godot-adaptive/runtime/captures/2d-landscape-initial-selector.json	docs/screenshots/godot-android-adaptive-34496282263/android-adaptive-api36-debug-font-1.0-34496282263-1/godot-adaptive/runtime/captures/2d-landscape-initial-selector.json
796b677b232b7d25ce0519a416191c1d02beb23afdcc41232bba47aabba9b661	107367	/root/projects/PartyDeck/artifacts/evidence-storage/34496282263/android-adaptive-api36-debug-font-1.0-34496282263-1/godot-adaptive/runtime/captures/2d-landscape-initial-native-ready.png	/root/projects/PartyDeck/artifacts/screenshot-queue-android-34496282263-34496267571-v1/payload/docs/screenshots/godot-android-adaptive-34496282263/android-adaptive-api36-debug-font-1.0-34496282263-1/godot-adaptive/runtime/captures/2d-landscape-initial-native-ready.png	docs/screenshots/godot-android-adaptive-34496282263/android-adaptive-api36-debug-font-1.0-34496282263-1/godot-adaptive/runtime/captures/2d-landscape-initial-native-ready.png
754b86f5cbebbc4c6c99e1fa9e8396fc2e130ca625e5aa955b3603944b61eb83	5221	/root/projects/PartyDeck/artifacts/evidence-storage/34496282263/android-adaptive-api36-debug-font-1.0-34496282263-1/godot-adaptive/runtime/captures/2d-landscape-initial-native-ready.xml	/root/projects/PartyDeck/artifacts/screenshot-queue-android-34496282263-34496267571-v1/payload/docs/screenshots/godot-android-adaptive-34496282263/android-adaptive-api36-debug-font-1.0-34496282263-1/godot-adaptive/runtime/captures/2d-landscape-initial-native-ready.xml	docs/screenshots/godot-android-adaptive-34496282263/android-adaptive-api36-debug-font-1.0-34496282263-1/godot-adaptive/runtime/captures/2d-landscape-initial-native-ready.xml
27c6007307838034f0e2223f10ba584d9ae75152369a91e0b60a3acb37670574	11767	/root/projects/PartyDeck/artifacts/evidence-storage/34496282263/android-adaptive-api36-debug-font-1.0-34496282263-1/godot-adaptive/runtime/captures/2d-landscape-initial-native-ready.json	/root/projects/PartyDeck/artifacts/screenshot-queue-android-34496282263-34496267571-v1/payload/docs/screenshots/godot-android-adaptive-34496282263/android-adaptive-api36-debug-font-1.0-34496282263-1/godot-adaptive/runtime/captures/2d-landscape-initial-native-ready.json	docs/screenshots/godot-android-adaptive-34496282263/android-adaptive-api36-debug-font-1.0-34496282263-1/godot-adaptive/runtime/captures/2d-landscape-initial-native-ready.json
12bf05fdbd0dafc22ee623bd7534cfefb0b3767a141cedbeb9884099e61a0d5a	121108	/root/projects/PartyDeck/artifacts/evidence-storage/34496282263/android-adaptive-api36-debug-font-1.0-34496282263-1/godot-adaptive/runtime/captures/final-diagnostic.png	/root/projects/PartyDeck/artifacts/screenshot-queue-android-34496282263-34496267571-v1/payload/docs/screenshots/godot-android-adaptive-34496282263/android-adaptive-api36-debug-font-1.0-34496282263-1/godot-adaptive/runtime/captures/final-diagnostic.png	docs/screenshots/godot-android-adaptive-34496282263/android-adaptive-api36-debug-font-1.0-34496282263-1/godot-adaptive/runtime/captures/final-diagnostic.png
24fc34fbb92501c2ccc2f9aa8c17edd24b3c6d74fca4991d41541e4ab969758e	19335	/root/projects/PartyDeck/artifacts/evidence-storage/34496282263/android-adaptive-api36-debug-font-1.0-34496282263-1/godot-adaptive/runtime/captures/final-diagnostic.xml	/root/projects/PartyDeck/artifacts/screenshot-queue-android-34496282263-34496267571-v1/payload/docs/screenshots/godot-android-adaptive-34496282263/android-adaptive-api36-debug-font-1.0-34496282263-1/godot-adaptive/runtime/captures/final-diagnostic.xml	docs/screenshots/godot-android-adaptive-34496282263/android-adaptive-api36-debug-font-1.0-34496282263-1/godot-adaptive/runtime/captures/final-diagnostic.xml
0787bf9f2b0c7b6f73f213e53e0aebb6b1d3aec752bd31598a2212e46f60fea8	9448	/root/projects/PartyDeck/artifacts/evidence-storage/34496282263/android-adaptive-api36-debug-font-1.0-34496282263-1/godot-adaptive/runtime/captures/final-diagnostic.json	/root/projects/PartyDeck/artifacts/screenshot-queue-android-34496282263-34496267571-v1/payload/docs/screenshots/godot-android-adaptive-34496282263/android-adaptive-api36-debug-font-1.0-34496282263-1/godot-adaptive/runtime/captures/final-diagnostic.json	docs/screenshots/godot-android-adaptive-34496282263/android-adaptive-api36-debug-font-1.0-34496282263-1/godot-adaptive/runtime/captures/final-diagnostic.json
d246b183f2a73f9fae243f9491494195f87a494349ea85b559e14c42dc6f5974	79966	/root/projects/PartyDeck/artifacts/evidence-storage/34496282263/android-adaptive-api36-debug-font-2.0-34496282263-1/godot-adaptive/runtime/captures/home-cold.png	/root/projects/PartyDeck/artifacts/screenshot-queue-android-34496282263-34496267571-v1/payload/docs/screenshots/godot-android-adaptive-34496282263/android-adaptive-api36-debug-font-2.0-34496282263-1/godot-adaptive/runtime/captures/home-cold.png	docs/screenshots/godot-android-adaptive-34496282263/android-adaptive-api36-debug-font-2.0-34496282263-1/godot-adaptive/runtime/captures/home-cold.png
cbce6867a6c4d1e8bf8a685137f8aad7afd3db387bbf1c1beaf9e4d20fe1f661	9353	/root/projects/PartyDeck/artifacts/evidence-storage/34496282263/android-adaptive-api36-debug-font-2.0-34496282263-1/godot-adaptive/runtime/captures/home-cold.xml	/root/projects/PartyDeck/artifacts/screenshot-queue-android-34496282263-34496267571-v1/payload/docs/screenshots/godot-android-adaptive-34496282263/android-adaptive-api36-debug-font-2.0-34496282263-1/godot-adaptive/runtime/captures/home-cold.xml	docs/screenshots/godot-android-adaptive-34496282263/android-adaptive-api36-debug-font-2.0-34496282263-1/godot-adaptive/runtime/captures/home-cold.xml
daf66d14dcb324a9899e7ba29871a33448b5345af495335eb2e25fbbb3da2e22	9410	/root/projects/PartyDeck/artifacts/evidence-storage/34496282263/android-adaptive-api36-debug-font-2.0-34496282263-1/godot-adaptive/runtime/captures/home-cold.json	/root/projects/PartyDeck/artifacts/screenshot-queue-android-34496282263-34496267571-v1/payload/docs/screenshots/godot-android-adaptive-34496282263/android-adaptive-api36-debug-font-2.0-34496282263-1/godot-adaptive/runtime/captures/home-cold.json	docs/screenshots/godot-android-adaptive-34496282263/android-adaptive-api36-debug-font-2.0-34496282263-1/godot-adaptive/runtime/captures/home-cold.json
2cb7f61cf14d68cb164722f044035ae1c2456ef0fa4f09dc82778ae2b56be9fc	76231	/root/projects/PartyDeck/artifacts/evidence-storage/34496282263/android-adaptive-api36-debug-font-2.0-34496282263-1/godot-adaptive/runtime/captures/2d-landscape-baseline-public.png	/root/projects/PartyDeck/artifacts/screenshot-queue-android-34496282263-34496267571-v1/payload/docs/screenshots/godot-android-adaptive-34496282263/android-adaptive-api36-debug-font-2.0-34496282263-1/godot-adaptive/runtime/captures/2d-landscape-baseline-public.png	docs/screenshots/godot-android-adaptive-34496282263/android-adaptive-api36-debug-font-2.0-34496282263-1/godot-adaptive/runtime/captures/2d-landscape-baseline-public.png
c86e4e074e33aaea1d63c13a53e5b4f970e33253f3fe1259f504bf20b865ed41	10036	/root/projects/PartyDeck/artifacts/evidence-storage/34496282263/android-adaptive-api36-debug-font-2.0-34496282263-1/godot-adaptive/runtime/captures/2d-landscape-baseline-public.xml	/root/projects/PartyDeck/artifacts/screenshot-queue-android-34496282263-34496267571-v1/payload/docs/screenshots/godot-android-adaptive-34496282263/android-adaptive-api36-debug-font-2.0-34496282263-1/godot-adaptive/runtime/captures/2d-landscape-baseline-public.xml	docs/screenshots/godot-android-adaptive-34496282263/android-adaptive-api36-debug-font-2.0-34496282263-1/godot-adaptive/runtime/captures/2d-landscape-baseline-public.xml
f73334fa38edd2148c4338084c48992b46df7967073dc359e660ca7e22be34f5	9480	/root/projects/PartyDeck/artifacts/evidence-storage/34496282263/android-adaptive-api36-debug-font-2.0-34496282263-1/godot-adaptive/runtime/captures/2d-landscape-baseline-public.json	/root/projects/PartyDeck/artifacts/screenshot-queue-android-34496282263-34496267571-v1/payload/docs/screenshots/godot-android-adaptive-34496282263/android-adaptive-api36-debug-font-2.0-34496282263-1/godot-adaptive/runtime/captures/2d-landscape-baseline-public.json	docs/screenshots/godot-android-adaptive-34496282263/android-adaptive-api36-debug-font-2.0-34496282263-1/godot-adaptive/runtime/captures/2d-landscape-baseline-public.json
47d32ff1484445d553bf5905e760bd10680941eb41a3f5a173ab1367090054a0	49251	/root/projects/PartyDeck/artifacts/evidence-storage/34496282263/android-adaptive-api36-debug-font-2.0-34496282263-1/godot-adaptive/runtime/captures/2d-landscape-baseline-first-card.png	/root/projects/PartyDeck/artifacts/screenshot-queue-android-34496282263-34496267571-v1/payload/docs/screenshots/godot-android-adaptive-34496282263/android-adaptive-api36-debug-font-2.0-34496282263-1/godot-adaptive/runtime/captures/2d-landscape-baseline-first-card.png	docs/screenshots/godot-android-adaptive-34496282263/android-adaptive-api36-debug-font-2.0-34496282263-1/godot-adaptive/runtime/captures/2d-landscape-baseline-first-card.png
5e5a60da4c070e2f20e81761bcde44041b7c49baec03f78e1476e745e6d7d8a5	12107	/root/projects/PartyDeck/artifacts/evidence-storage/34496282263/android-adaptive-api36-debug-font-2.0-34496282263-1/godot-adaptive/runtime/captures/2d-landscape-baseline-first-card.xml	/root/projects/PartyDeck/artifacts/screenshot-queue-android-34496282263-34496267571-v1/payload/docs/screenshots/godot-android-adaptive-34496282263/android-adaptive-api36-debug-font-2.0-34496282263-1/godot-adaptive/runtime/captures/2d-landscape-baseline-first-card.xml	docs/screenshots/godot-android-adaptive-34496282263/android-adaptive-api36-debug-font-2.0-34496282263-1/godot-adaptive/runtime/captures/2d-landscape-baseline-first-card.xml
07948acd5dd7a38eb7020590fae78e5b19abf638dedf9d6e1e5f6a6426721108	9492	/root/projects/PartyDeck/artifacts/evidence-storage/34496282263/android-adaptive-api36-debug-font-2.0-34496282263-1/godot-adaptive/runtime/captures/2d-landscape-baseline-first-card.json	/root/projects/PartyDeck/artifacts/screenshot-queue-android-34496282263-34496267571-v1/payload/docs/screenshots/godot-android-adaptive-34496282263/android-adaptive-api36-debug-font-2.0-34496282263-1/godot-adaptive/runtime/captures/2d-landscape-baseline-first-card.json	docs/screenshots/godot-android-adaptive-34496282263/android-adaptive-api36-debug-font-2.0-34496282263-1/godot-adaptive/runtime/captures/2d-landscape-baseline-first-card.json
3b20f8b3f5c8ea79c3c1d41b732ca30809c10d4755485c595a7e41a0f3654e2a	49326	/root/projects/PartyDeck/artifacts/evidence-storage/34496282263/android-adaptive-api36-debug-font-2.0-34496282263-1/godot-adaptive/runtime/captures/2d-landscape-baseline-selected.png	/root/projects/PartyDeck/artifacts/screenshot-queue-android-34496282263-34496267571-v1/payload/docs/screenshots/godot-android-adaptive-34496282263/android-adaptive-api36-debug-font-2.0-34496282263-1/godot-adaptive/runtime/captures/2d-landscape-baseline-selected.png	docs/screenshots/godot-android-adaptive-34496282263/android-adaptive-api36-debug-font-2.0-34496282263-1/godot-adaptive/runtime/captures/2d-landscape-baseline-selected.png
76d3ccd8d0f82bce9f780f582c31357c56a6e599535fc662068dbb63b58fff49	12477	/root/projects/PartyDeck/artifacts/evidence-storage/34496282263/android-adaptive-api36-debug-font-2.0-34496282263-1/godot-adaptive/runtime/captures/2d-landscape-baseline-selected.xml	/root/projects/PartyDeck/artifacts/screenshot-queue-android-34496282263-34496267571-v1/payload/docs/screenshots/godot-android-adaptive-34496282263/android-adaptive-api36-debug-font-2.0-34496282263-1/godot-adaptive/runtime/captures/2d-landscape-baseline-selected.xml	docs/screenshots/godot-android-adaptive-34496282263/android-adaptive-api36-debug-font-2.0-34496282263-1/godot-adaptive/runtime/captures/2d-landscape-baseline-selected.xml
e674a47b0bccbeac8e2fc6db911fef802d82087543ac71542d94772077ba33da	9486	/root/projects/PartyDeck/artifacts/evidence-storage/34496282263/android-adaptive-api36-debug-font-2.0-34496282263-1/godot-adaptive/runtime/captures/2d-landscape-baseline-selected.json	/root/projects/PartyDeck/artifacts/screenshot-queue-android-34496282263-34496267571-v1/payload/docs/screenshots/godot-android-adaptive-34496282263/android-adaptive-api36-debug-font-2.0-34496282263-1/godot-adaptive/runtime/captures/2d-landscape-baseline-selected.json	docs/screenshots/godot-android-adaptive-34496282263/android-adaptive-api36-debug-font-2.0-34496282263-1/godot-adaptive/runtime/captures/2d-landscape-baseline-selected.json
25791ba3917a7089bf6500a1406a9e56460bf8edba87ff3c817e9883a29c1cef	47911	/root/projects/PartyDeck/artifacts/evidence-storage/34496282263/android-adaptive-api36-debug-font-2.0-34496282263-1/godot-adaptive/runtime/captures/2d-landscape-initial-selector.png	/root/projects/PartyDeck/artifacts/screenshot-queue-android-34496282263-34496267571-v1/payload/docs/screenshots/godot-android-adaptive-34496282263/android-adaptive-api36-debug-font-2.0-34496282263-1/godot-adaptive/runtime/captures/2d-landscape-initial-selector.png	docs/screenshots/godot-android-adaptive-34496282263/android-adaptive-api36-debug-font-2.0-34496282263-1/godot-adaptive/runtime/captures/2d-landscape-initial-selector.png
ec8ab09dd2c2f1d0dafedc152271389a21c1a27f7b3105a5d3223e7b7d7a6f73	8272	/root/projects/PartyDeck/artifacts/evidence-storage/34496282263/android-adaptive-api36-debug-font-2.0-34496282263-1/godot-adaptive/runtime/captures/2d-landscape-initial-selector.xml	/root/projects/PartyDeck/artifacts/screenshot-queue-android-34496282263-34496267571-v1/payload/docs/screenshots/godot-android-adaptive-34496282263/android-adaptive-api36-debug-font-2.0-34496282263-1/godot-adaptive/runtime/captures/2d-landscape-initial-selector.xml	docs/screenshots/godot-android-adaptive-34496282263/android-adaptive-api36-debug-font-2.0-34496282263-1/godot-adaptive/runtime/captures/2d-landscape-initial-selector.xml
6d8791951d308d89cb805d76ae76b6b2dd034f08532f8477a38a0f6e63d79a1c	9483	/root/projects/PartyDeck/artifacts/evidence-storage/34496282263/android-adaptive-api36-debug-font-2.0-34496282263-1/godot-adaptive/runtime/captures/2d-landscape-initial-selector.json	/root/projects/PartyDeck/artifacts/screenshot-queue-android-34496282263-34496267571-v1/payload/docs/screenshots/godot-android-adaptive-34496282263/android-adaptive-api36-debug-font-2.0-34496282263-1/godot-adaptive/runtime/captures/2d-landscape-initial-selector.json	docs/screenshots/godot-android-adaptive-34496282263/android-adaptive-api36-debug-font-2.0-34496282263-1/godot-adaptive/runtime/captures/2d-landscape-initial-selector.json
2b341d8afa4916fe20ccd2fc7f04aebca5843c81be2e82a8d0f7b71ebc1297f2	87871	/root/projects/PartyDeck/artifacts/evidence-storage/34496282263/android-adaptive-api36-debug-font-2.0-34496282263-1/godot-adaptive/runtime/captures/2d-landscape-initial-native-ready.png	/root/projects/PartyDeck/artifacts/screenshot-queue-android-34496282263-34496267571-v1/payload/docs/screenshots/godot-android-adaptive-34496282263/android-adaptive-api36-debug-font-2.0-34496282263-1/godot-adaptive/runtime/captures/2d-landscape-initial-native-ready.png	docs/screenshots/godot-android-adaptive-34496282263/android-adaptive-api36-debug-font-2.0-34496282263-1/godot-adaptive/runtime/captures/2d-landscape-initial-native-ready.png
714c8130e1b1ede502c44e0c43dee6a88a13a6877b43e9d42be3981d26c4001b	5221	/root/projects/PartyDeck/artifacts/evidence-storage/34496282263/android-adaptive-api36-debug-font-2.0-34496282263-1/godot-adaptive/runtime/captures/2d-landscape-initial-native-ready.xml	/root/projects/PartyDeck/artifacts/screenshot-queue-android-34496282263-34496267571-v1/payload/docs/screenshots/godot-android-adaptive-34496282263/android-adaptive-api36-debug-font-2.0-34496282263-1/godot-adaptive/runtime/captures/2d-landscape-initial-native-ready.xml	docs/screenshots/godot-android-adaptive-34496282263/android-adaptive-api36-debug-font-2.0-34496282263-1/godot-adaptive/runtime/captures/2d-landscape-initial-native-ready.xml
dc5bd54124ad9f35d07895bc662c517718e5745951dae1418193a39acc49eb67	11773	/root/projects/PartyDeck/artifacts/evidence-storage/34496282263/android-adaptive-api36-debug-font-2.0-34496282263-1/godot-adaptive/runtime/captures/2d-landscape-initial-native-ready.json	/root/projects/PartyDeck/artifacts/screenshot-queue-android-34496282263-34496267571-v1/payload/docs/screenshots/godot-android-adaptive-34496282263/android-adaptive-api36-debug-font-2.0-34496282263-1/godot-adaptive/runtime/captures/2d-landscape-initial-native-ready.json	docs/screenshots/godot-android-adaptive-34496282263/android-adaptive-api36-debug-font-2.0-34496282263-1/godot-adaptive/runtime/captures/2d-landscape-initial-native-ready.json
8f30c4f2e1d0d442d47284241ca9ed966f920f3caefdb445b680b722cf79f795	70718	/root/projects/PartyDeck/artifacts/evidence-storage/34496282263/android-adaptive-api36-debug-font-2.0-34496282263-1/godot-adaptive/runtime/captures/2d-landscape-unsupported-return-concealed.png	/root/projects/PartyDeck/artifacts/screenshot-queue-android-34496282263-34496267571-v1/payload/docs/screenshots/godot-android-adaptive-34496282263/android-adaptive-api36-debug-font-2.0-34496282263-1/godot-adaptive/runtime/captures/2d-landscape-unsupported-return-concealed.png	docs/screenshots/godot-android-adaptive-34496282263/android-adaptive-api36-debug-font-2.0-34496282263-1/godot-adaptive/runtime/captures/2d-landscape-unsupported-return-concealed.png
f33a8dcee0f05a22234ab808da08ce05fa2ca9b6d3e7d71d400655308275176a	11433	/root/projects/PartyDeck/artifacts/evidence-storage/34496282263/android-adaptive-api36-debug-font-2.0-34496282263-1/godot-adaptive/runtime/captures/2d-landscape-unsupported-return-concealed.xml	/root/projects/PartyDeck/artifacts/screenshot-queue-android-34496282263-34496267571-v1/payload/docs/screenshots/godot-android-adaptive-34496282263/android-adaptive-api36-debug-font-2.0-34496282263-1/godot-adaptive/runtime/captures/2d-landscape-unsupported-return-concealed.xml	docs/screenshots/godot-android-adaptive-34496282263/android-adaptive-api36-debug-font-2.0-34496282263-1/godot-adaptive/runtime/captures/2d-landscape-unsupported-return-concealed.xml
4d5cbf5c98f019cdc8f243390d151e494fc6cb2b2f383ec40bc2e8dfba4143cb	9515	/root/projects/PartyDeck/artifacts/evidence-storage/34496282263/android-adaptive-api36-debug-font-2.0-34496282263-1/godot-adaptive/runtime/captures/2d-landscape-unsupported-return-concealed.json	/root/projects/PartyDeck/artifacts/screenshot-queue-android-34496282263-34496267571-v1/payload/docs/screenshots/godot-android-adaptive-34496282263/android-adaptive-api36-debug-font-2.0-34496282263-1/godot-adaptive/runtime/captures/2d-landscape-unsupported-return-concealed.json	docs/screenshots/godot-android-adaptive-34496282263/android-adaptive-api36-debug-font-2.0-34496282263-1/godot-adaptive/runtime/captures/2d-landscape-unsupported-return-concealed.json
dd102279ce59095dc271a4e3c64904cdd231ed88325909eea46bd47a7d350e73	70669	/root/projects/PartyDeck/artifacts/evidence-storage/34496282263/android-adaptive-api36-debug-font-2.0-34496282263-1/godot-adaptive/runtime/captures/2d-landscape-unsupported-return-selection-cleared.png	/root/projects/PartyDeck/artifacts/screenshot-queue-android-34496282263-34496267571-v1/payload/docs/screenshots/godot-android-adaptive-34496282263/android-adaptive-api36-debug-font-2.0-34496282263-1/godot-adaptive/runtime/captures/2d-landscape-unsupported-return-selection-cleared.png	docs/screenshots/godot-android-adaptive-34496282263/android-adaptive-api36-debug-font-2.0-34496282263-1/godot-adaptive/runtime/captures/2d-landscape-unsupported-return-selection-cleared.png
e2dcde0799a167308c4b228e33f2a4f2eebb8929079685e8b6e48f22117ea020	11790	/root/projects/PartyDeck/artifacts/evidence-storage/34496282263/android-adaptive-api36-debug-font-2.0-34496282263-1/godot-adaptive/runtime/captures/2d-landscape-unsupported-return-selection-cleared.xml	/root/projects/PartyDeck/artifacts/screenshot-queue-android-34496282263-34496267571-v1/payload/docs/screenshots/godot-android-adaptive-34496282263/android-adaptive-api36-debug-font-2.0-34496282263-1/godot-adaptive/runtime/captures/2d-landscape-unsupported-return-selection-cleared.xml	docs/screenshots/godot-android-adaptive-34496282263/android-adaptive-api36-debug-font-2.0-34496282263-1/godot-adaptive/runtime/captures/2d-landscape-unsupported-return-selection-cleared.xml
665d01d0496175a3606621d4df17bd526c001f3b9f93fff248ef0e40266dfffe	9539	/root/projects/PartyDeck/artifacts/evidence-storage/34496282263/android-adaptive-api36-debug-font-2.0-34496282263-1/godot-adaptive/runtime/captures/2d-landscape-unsupported-return-selection-cleared.json	/root/projects/PartyDeck/artifacts/screenshot-queue-android-34496282263-34496267571-v1/payload/docs/screenshots/godot-android-adaptive-34496282263/android-adaptive-api36-debug-font-2.0-34496282263-1/godot-adaptive/runtime/captures/2d-landscape-unsupported-return-selection-cleared.json	docs/screenshots/godot-android-adaptive-34496282263/android-adaptive-api36-debug-font-2.0-34496282263-1/godot-adaptive/runtime/captures/2d-landscape-unsupported-return-selection-cleared.json
95d2ff4c2e53feb0287bba54c028fbb5279c2a2df399b58e6e25a60f14311140	77107	/root/projects/PartyDeck/artifacts/evidence-storage/34496282263/android-adaptive-api36-debug-font-2.0-34496282263-1/godot-adaptive/runtime/captures/2d-landscape-unsupported-return-public.png	/root/projects/PartyDeck/artifacts/screenshot-queue-android-34496282263-34496267571-v1/payload/docs/screenshots/godot-android-adaptive-34496282263/android-adaptive-api36-debug-font-2.0-34496282263-1/godot-adaptive/runtime/captures/2d-landscape-unsupported-return-public.png	docs/screenshots/godot-android-adaptive-34496282263/android-adaptive-api36-debug-font-2.0-34496282263-1/godot-adaptive/runtime/captures/2d-landscape-unsupported-return-public.png
c86e4e074e33aaea1d63c13a53e5b4f970e33253f3fe1259f504bf20b865ed41	10036	/root/projects/PartyDeck/artifacts/evidence-storage/34496282263/android-adaptive-api36-debug-font-2.0-34496282263-1/godot-adaptive/runtime/captures/2d-landscape-unsupported-return-public.xml	/root/projects/PartyDeck/artifacts/screenshot-queue-android-34496282263-34496267571-v1/payload/docs/screenshots/godot-android-adaptive-34496282263/android-adaptive-api36-debug-font-2.0-34496282263-1/godot-adaptive/runtime/captures/2d-landscape-unsupported-return-public.xml	docs/screenshots/godot-android-adaptive-34496282263/android-adaptive-api36-debug-font-2.0-34496282263-1/godot-adaptive/runtime/captures/2d-landscape-unsupported-return-public.xml
7b907ba40082b0b775607009bf783cd4e7a6eb68c502cb42b5e49310f6fbc5f6	9506	/root/projects/PartyDeck/artifacts/evidence-storage/34496282263/android-adaptive-api36-debug-font-2.0-34496282263-1/godot-adaptive/runtime/captures/2d-landscape-unsupported-return-public.json	/root/projects/PartyDeck/artifacts/screenshot-queue-android-34496282263-34496267571-v1/payload/docs/screenshots/godot-android-adaptive-34496282263/android-adaptive-api36-debug-font-2.0-34496282263-1/godot-adaptive/runtime/captures/2d-landscape-unsupported-return-public.json	docs/screenshots/godot-android-adaptive-34496282263/android-adaptive-api36-debug-font-2.0-34496282263-1/godot-adaptive/runtime/captures/2d-landscape-unsupported-return-public.json
e1285710ec8f586ccd93247ca8247a0f48a621ed666b196c156bf3cb061d374e	50269	/root/projects/PartyDeck/artifacts/evidence-storage/34496282263/android-adaptive-api36-debug-font-2.0-34496282263-1/godot-adaptive/runtime/captures/2d-landscape-unsupported-return-first-card.png	/root/projects/PartyDeck/artifacts/screenshot-queue-android-34496282263-34496267571-v1/payload/docs/screenshots/godot-android-adaptive-34496282263/android-adaptive-api36-debug-font-2.0-34496282263-1/godot-adaptive/runtime/captures/2d-landscape-unsupported-return-first-card.png	docs/screenshots/godot-android-adaptive-34496282263/android-adaptive-api36-debug-font-2.0-34496282263-1/godot-adaptive/runtime/captures/2d-landscape-unsupported-return-first-card.png
953470636797a34a9e9db82d63f105b46cb0985be6e0cb17633ef670533fd743	12107	/root/projects/PartyDeck/artifacts/evidence-storage/34496282263/android-adaptive-api36-debug-font-2.0-34496282263-1/godot-adaptive/runtime/captures/2d-landscape-unsupported-return-first-card.xml	/root/projects/PartyDeck/artifacts/screenshot-queue-android-34496282263-34496267571-v1/payload/docs/screenshots/godot-android-adaptive-34496282263/android-adaptive-api36-debug-font-2.0-34496282263-1/godot-adaptive/runtime/captures/2d-landscape-unsupported-return-first-card.xml	docs/screenshots/godot-android-adaptive-34496282263/android-adaptive-api36-debug-font-2.0-34496282263-1/godot-adaptive/runtime/captures/2d-landscape-unsupported-return-first-card.xml
dcd455bc555d9c11afaa86093f14a726c81b670ffed46e313380942232435640	9518	/root/projects/PartyDeck/artifacts/evidence-storage/34496282263/android-adaptive-api36-debug-font-2.0-34496282263-1/godot-adaptive/runtime/captures/2d-landscape-unsupported-return-first-card.json	/root/projects/PartyDeck/artifacts/screenshot-queue-android-34496282263-34496267571-v1/payload/docs/screenshots/godot-android-adaptive-34496282263/android-adaptive-api36-debug-font-2.0-34496282263-1/godot-adaptive/runtime/captures/2d-landscape-unsupported-return-first-card.json	docs/screenshots/godot-android-adaptive-34496282263/android-adaptive-api36-debug-font-2.0-34496282263-1/godot-adaptive/runtime/captures/2d-landscape-unsupported-return-first-card.json
28141f5f13d2d5f50085abbbe240c5aeb104bbe52f0278c93617f803950fa16f	113962	/root/projects/PartyDeck/artifacts/evidence-storage/34496282263/android-adaptive-api36-debug-font-2.0-34496282263-1/godot-adaptive/runtime/captures/final-diagnostic.png	/root/projects/PartyDeck/artifacts/screenshot-queue-android-34496282263-34496267571-v1/payload/docs/screenshots/godot-android-adaptive-34496282263/android-adaptive-api36-debug-font-2.0-34496282263-1/godot-adaptive/runtime/captures/final-diagnostic.png	docs/screenshots/godot-android-adaptive-34496282263/android-adaptive-api36-debug-font-2.0-34496282263-1/godot-adaptive/runtime/captures/final-diagnostic.png
0935777edb4a807194df80d351b27cba1c80ec95f4930a64b0314138184609fa	15355	/root/projects/PartyDeck/artifacts/evidence-storage/34496282263/android-adaptive-api36-debug-font-2.0-34496282263-1/godot-adaptive/runtime/captures/final-diagnostic.xml	/root/projects/PartyDeck/artifacts/screenshot-queue-android-34496282263-34496267571-v1/payload/docs/screenshots/godot-android-adaptive-34496282263/android-adaptive-api36-debug-font-2.0-34496282263-1/godot-adaptive/runtime/captures/final-diagnostic.xml	docs/screenshots/godot-android-adaptive-34496282263/android-adaptive-api36-debug-font-2.0-34496282263-1/godot-adaptive/runtime/captures/final-diagnostic.xml
f8a397596f8a32b050d66779a62d848ce9f5101f140059809bea0c65539810ff	9452	/root/projects/PartyDeck/artifacts/evidence-storage/34496282263/android-adaptive-api36-debug-font-2.0-34496282263-1/godot-adaptive/runtime/captures/final-diagnostic.json	/root/projects/PartyDeck/artifacts/screenshot-queue-android-34496282263-34496267571-v1/payload/docs/screenshots/godot-android-adaptive-34496282263/android-adaptive-api36-debug-font-2.0-34496282263-1/godot-adaptive/runtime/captures/final-diagnostic.json	docs/screenshots/godot-android-adaptive-34496282263/android-adaptive-api36-debug-font-2.0-34496282263-1/godot-adaptive/runtime/captures/final-diagnostic.json
e96d4777eadaa3ea3e8ec2e29024f70b095714b5965d580ae272d86456c15a94	129669	/root/projects/PartyDeck/artifacts/evidence-storage/34496282263/android-adaptive-api36-optimized-test-signed-font-1.0-34496282263-1/godot-adaptive/runtime/captures/home-cold.png	/root/projects/PartyDeck/artifacts/screenshot-queue-android-34496282263-34496267571-v1/payload/docs/screenshots/godot-android-adaptive-34496282263/android-adaptive-api36-optimized-test-signed-font-1.0-34496282263-1/godot-adaptive/runtime/captures/home-cold.png	docs/screenshots/godot-android-adaptive-34496282263/android-adaptive-api36-optimized-test-signed-font-1.0-34496282263-1/godot-adaptive/runtime/captures/home-cold.png
8f76d1c98776dfc37ca9fe83409a4ad9a7a4479818852377943144b94945c002	13534	/root/projects/PartyDeck/artifacts/evidence-storage/34496282263/android-adaptive-api36-optimized-test-signed-font-1.0-34496282263-1/godot-adaptive/runtime/captures/home-cold.xml	/root/projects/PartyDeck/artifacts/screenshot-queue-android-34496282263-34496267571-v1/payload/docs/screenshots/godot-android-adaptive-34496282263/android-adaptive-api36-optimized-test-signed-font-1.0-34496282263-1/godot-adaptive/runtime/captures/home-cold.xml	docs/screenshots/godot-android-adaptive-34496282263/android-adaptive-api36-optimized-test-signed-font-1.0-34496282263-1/godot-adaptive/runtime/captures/home-cold.xml
46d8461de0fdb38cd6925e37d5c156c96b95c9f82e577adc1f5f1b3adbbf8657	9410	/root/projects/PartyDeck/artifacts/evidence-storage/34496282263/android-adaptive-api36-optimized-test-signed-font-1.0-34496282263-1/godot-adaptive/runtime/captures/home-cold.json	/root/projects/PartyDeck/artifacts/screenshot-queue-android-34496282263-34496267571-v1/payload/docs/screenshots/godot-android-adaptive-34496282263/android-adaptive-api36-optimized-test-signed-font-1.0-34496282263-1/godot-adaptive/runtime/captures/home-cold.json	docs/screenshots/godot-android-adaptive-34496282263/android-adaptive-api36-optimized-test-signed-font-1.0-34496282263-1/godot-adaptive/runtime/captures/home-cold.json
499863fa720ed04c433eca7295afa0eb22f7e95dbf303f22dce3a816f86e6945	104259	/root/projects/PartyDeck/artifacts/evidence-storage/34496282263/android-adaptive-api36-optimized-test-signed-font-1.0-34496282263-1/godot-adaptive/runtime/captures/2d-landscape-baseline-public.png	/root/projects/PartyDeck/artifacts/screenshot-queue-android-34496282263-34496267571-v1/payload/docs/screenshots/godot-android-adaptive-34496282263/android-adaptive-api36-optimized-test-signed-font-1.0-34496282263-1/godot-adaptive/runtime/captures/2d-landscape-baseline-public.png	docs/screenshots/godot-android-adaptive-34496282263/android-adaptive-api36-optimized-test-signed-font-1.0-34496282263-1/godot-adaptive/runtime/captures/2d-landscape-baseline-public.png
9f9ed5fc97a6d509e17fafeadd9a4c05d0bd195556702d5f744606213217d29f	17539	/root/projects/PartyDeck/artifacts/evidence-storage/34496282263/android-adaptive-api36-optimized-test-signed-font-1.0-34496282263-1/godot-adaptive/runtime/captures/2d-landscape-baseline-public.xml	/root/projects/PartyDeck/artifacts/screenshot-queue-android-34496282263-34496267571-v1/payload/docs/screenshots/godot-android-adaptive-34496282263/android-adaptive-api36-optimized-test-signed-font-1.0-34496282263-1/godot-adaptive/runtime/captures/2d-landscape-baseline-public.xml	docs/screenshots/godot-android-adaptive-34496282263/android-adaptive-api36-optimized-test-signed-font-1.0-34496282263-1/godot-adaptive/runtime/captures/2d-landscape-baseline-public.xml
d91b46dfca2686a3c90c233ed8c60e2e4eff0759aa97b9ad8003cd7fdc042438	9480	/root/projects/PartyDeck/artifacts/evidence-storage/34496282263/android-adaptive-api36-optimized-test-signed-font-1.0-34496282263-1/godot-adaptive/runtime/captures/2d-landscape-baseline-public.json	/root/projects/PartyDeck/artifacts/screenshot-queue-android-34496282263-34496267571-v1/payload/docs/screenshots/godot-android-adaptive-34496282263/android-adaptive-api36-optimized-test-signed-font-1.0-34496282263-1/godot-adaptive/runtime/captures/2d-landscape-baseline-public.json	docs/screenshots/godot-android-adaptive-34496282263/android-adaptive-api36-optimized-test-signed-font-1.0-34496282263-1/godot-adaptive/runtime/captures/2d-landscape-baseline-public.json
041c7b8367cf9e8627add32067ae278e108031a562fa0afba9cf207ae0423942	100022	/root/projects/PartyDeck/artifacts/evidence-storage/34496282263/android-adaptive-api36-optimized-test-signed-font-1.0-34496282263-1/godot-adaptive/runtime/captures/2d-landscape-baseline-first-card.png	/root/projects/PartyDeck/artifacts/screenshot-queue-android-34496282263-34496267571-v1/payload/docs/screenshots/godot-android-adaptive-34496282263/android-adaptive-api36-optimized-test-signed-font-1.0-34496282263-1/godot-adaptive/runtime/captures/2d-landscape-baseline-first-card.png	docs/screenshots/godot-android-adaptive-34496282263/android-adaptive-api36-optimized-test-signed-font-1.0-34496282263-1/godot-adaptive/runtime/captures/2d-landscape-baseline-first-card.png
e980f403c637cbb4027fa06afa3d69a7d8acd2797a787c188634a9b29d7699b0	23869	/root/projects/PartyDeck/artifacts/evidence-storage/34496282263/android-adaptive-api36-optimized-test-signed-font-1.0-34496282263-1/godot-adaptive/runtime/captures/2d-landscape-baseline-first-card.xml	/root/projects/PartyDeck/artifacts/screenshot-queue-android-34496282263-34496267571-v1/payload/docs/screenshots/godot-android-adaptive-34496282263/android-adaptive-api36-optimized-test-signed-font-1.0-34496282263-1/godot-adaptive/runtime/captures/2d-landscape-baseline-first-card.xml	docs/screenshots/godot-android-adaptive-34496282263/android-adaptive-api36-optimized-test-signed-font-1.0-34496282263-1/godot-adaptive/runtime/captures/2d-landscape-baseline-first-card.xml
02caa806650c69697657ba2fa2edbd9343aaefa98e3d7148a9444b595b2e1843	9492	/root/projects/PartyDeck/artifacts/evidence-storage/34496282263/android-adaptive-api36-optimized-test-signed-font-1.0-34496282263-1/godot-adaptive/runtime/captures/2d-landscape-baseline-first-card.json	/root/projects/PartyDeck/artifacts/screenshot-queue-android-34496282263-34496267571-v1/payload/docs/screenshots/godot-android-adaptive-34496282263/android-adaptive-api36-optimized-test-signed-font-1.0-34496282263-1/godot-adaptive/runtime/captures/2d-landscape-baseline-first-card.json	docs/screenshots/godot-android-adaptive-34496282263/android-adaptive-api36-optimized-test-signed-font-1.0-34496282263-1/godot-adaptive/runtime/captures/2d-landscape-baseline-first-card.json
e5cfd39ab6e6a4a6c35d4024b5d6f98df5b0c2ed5d4595c3547bada4df0f7e63	100948	/root/projects/PartyDeck/artifacts/evidence-storage/34496282263/android-adaptive-api36-optimized-test-signed-font-1.0-34496282263-1/godot-adaptive/runtime/captures/2d-landscape-baseline-selected.png	/root/projects/PartyDeck/artifacts/screenshot-queue-android-34496282263-34496267571-v1/payload/docs/screenshots/godot-android-adaptive-34496282263/android-adaptive-api36-optimized-test-signed-font-1.0-34496282263-1/godot-adaptive/runtime/captures/2d-landscape-baseline-selected.png	docs/screenshots/godot-android-adaptive-34496282263/android-adaptive-api36-optimized-test-signed-font-1.0-34496282263-1/godot-adaptive/runtime/captures/2d-landscape-baseline-selected.png
68b978a921915a3c645a821ba5bef92c65160e06eeb907135baf0719d481d08c	23865	/root/projects/PartyDeck/artifacts/evidence-storage/34496282263/android-adaptive-api36-optimized-test-signed-font-1.0-34496282263-1/godot-adaptive/runtime/captures/2d-landscape-baseline-selected.xml	/root/projects/PartyDeck/artifacts/screenshot-queue-android-34496282263-34496267571-v1/payload/docs/screenshots/godot-android-adaptive-34496282263/android-adaptive-api36-optimized-test-signed-font-1.0-34496282263-1/godot-adaptive/runtime/captures/2d-landscape-baseline-selected.xml	docs/screenshots/godot-android-adaptive-34496282263/android-adaptive-api36-optimized-test-signed-font-1.0-34496282263-1/godot-adaptive/runtime/captures/2d-landscape-baseline-selected.xml
a7e5c96c301bc1c5e79b1a6719438b300efea7118507d52a04a7b84e9c96bdc3	9486	/root/projects/PartyDeck/artifacts/evidence-storage/34496282263/android-adaptive-api36-optimized-test-signed-font-1.0-34496282263-1/godot-adaptive/runtime/captures/2d-landscape-baseline-selected.json	/root/projects/PartyDeck/artifacts/screenshot-queue-android-34496282263-34496267571-v1/payload/docs/screenshots/godot-android-adaptive-34496282263/android-adaptive-api36-optimized-test-signed-font-1.0-34496282263-1/godot-adaptive/runtime/captures/2d-landscape-baseline-selected.json	docs/screenshots/godot-android-adaptive-34496282263/android-adaptive-api36-optimized-test-signed-font-1.0-34496282263-1/godot-adaptive/runtime/captures/2d-landscape-baseline-selected.json
f7d7a96ca4d7d01bc21b97cd71007621d08ee0a3aeefbb26860cd8820d49d7bc	44607	/root/projects/PartyDeck/artifacts/evidence-storage/34496282263/android-adaptive-api36-optimized-test-signed-font-1.0-34496282263-1/godot-adaptive/runtime/captures/2d-landscape-initial-selector.png	/root/projects/PartyDeck/artifacts/screenshot-queue-android-34496282263-34496267571-v1/payload/docs/screenshots/godot-android-adaptive-34496282263/android-adaptive-api36-optimized-test-signed-font-1.0-34496282263-1/godot-adaptive/runtime/captures/2d-landscape-initial-selector.png	docs/screenshots/godot-android-adaptive-34496282263/android-adaptive-api36-optimized-test-signed-font-1.0-34496282263-1/godot-adaptive/runtime/captures/2d-landscape-initial-selector.png
82c09da1e219b0573b6db8a2fb276c25703071601704f841dbc1b6789db93fee	8627	/root/projects/PartyDeck/artifacts/evidence-storage/34496282263/android-adaptive-api36-optimized-test-signed-font-1.0-34496282263-1/godot-adaptive/runtime/captures/2d-landscape-initial-selector.xml	/root/projects/PartyDeck/artifacts/screenshot-queue-android-34496282263-34496267571-v1/payload/docs/screenshots/godot-android-adaptive-34496282263/android-adaptive-api36-optimized-test-signed-font-1.0-34496282263-1/godot-adaptive/runtime/captures/2d-landscape-initial-selector.xml	docs/screenshots/godot-android-adaptive-34496282263/android-adaptive-api36-optimized-test-signed-font-1.0-34496282263-1/godot-adaptive/runtime/captures/2d-landscape-initial-selector.xml
e0d864e1d623de2cb8360e86de98d5fde27ae7dde0bc48a5bce1c9a99c203c82	9483	/root/projects/PartyDeck/artifacts/evidence-storage/34496282263/android-adaptive-api36-optimized-test-signed-font-1.0-34496282263-1/godot-adaptive/runtime/captures/2d-landscape-initial-selector.json	/root/projects/PartyDeck/artifacts/screenshot-queue-android-34496282263-34496267571-v1/payload/docs/screenshots/godot-android-adaptive-34496282263/android-adaptive-api36-optimized-test-signed-font-1.0-34496282263-1/godot-adaptive/runtime/captures/2d-landscape-initial-selector.json	docs/screenshots/godot-android-adaptive-34496282263/android-adaptive-api36-optimized-test-signed-font-1.0-34496282263-1/godot-adaptive/runtime/captures/2d-landscape-initial-selector.json
0100c377eb56d11bf6c4d84df736a6a83ad84e68f90a3262f41ff1ce48f419d4	100803	/root/projects/PartyDeck/artifacts/evidence-storage/34496282263/android-adaptive-api36-optimized-test-signed-font-1.0-34496282263-1/godot-adaptive/runtime/captures/final-diagnostic.png	/root/projects/PartyDeck/artifacts/screenshot-queue-android-34496282263-34496267571-v1/payload/docs/screenshots/godot-android-adaptive-34496282263/android-adaptive-api36-optimized-test-signed-font-1.0-34496282263-1/godot-adaptive/runtime/captures/final-diagnostic.png	docs/screenshots/godot-android-adaptive-34496282263/android-adaptive-api36-optimized-test-signed-font-1.0-34496282263-1/godot-adaptive/runtime/captures/final-diagnostic.png
4921a730c358499aa8644fd1b4cfb34213743fd07a6af2e35c0119880ffc95ca	18611	/root/projects/PartyDeck/artifacts/evidence-storage/34496282263/android-adaptive-api36-optimized-test-signed-font-1.0-34496282263-1/godot-adaptive/runtime/captures/final-diagnostic.xml	/root/projects/PartyDeck/artifacts/screenshot-queue-android-34496282263-34496267571-v1/payload/docs/screenshots/godot-android-adaptive-34496282263/android-adaptive-api36-optimized-test-signed-font-1.0-34496282263-1/godot-adaptive/runtime/captures/final-diagnostic.xml	docs/screenshots/godot-android-adaptive-34496282263/android-adaptive-api36-optimized-test-signed-font-1.0-34496282263-1/godot-adaptive/runtime/captures/final-diagnostic.xml
e2cc6762dc7212b47e02ccfc80a7bb56785706d9b774fb6e2048f154f830bc70	10254	/root/projects/PartyDeck/artifacts/evidence-storage/34496282263/android-adaptive-api36-optimized-test-signed-font-1.0-34496282263-1/godot-adaptive/runtime/captures/final-diagnostic.json	/root/projects/PartyDeck/artifacts/screenshot-queue-android-34496282263-34496267571-v1/payload/docs/screenshots/godot-android-adaptive-34496282263/android-adaptive-api36-optimized-test-signed-font-1.0-34496282263-1/godot-adaptive/runtime/captures/final-diagnostic.json	docs/screenshots/godot-android-adaptive-34496282263/android-adaptive-api36-optimized-test-signed-font-1.0-34496282263-1/godot-adaptive/runtime/captures/final-diagnostic.json
d246b183f2a73f9fae243f9491494195f87a494349ea85b559e14c42dc6f5974	79966	/root/projects/PartyDeck/artifacts/evidence-storage/34496282263/android-adaptive-api36-optimized-test-signed-font-2.0-34496282263-1/godot-adaptive/runtime/captures/home-cold.png	/root/projects/PartyDeck/artifacts/screenshot-queue-android-34496282263-34496267571-v1/payload/docs/screenshots/godot-android-adaptive-34496282263/android-adaptive-api36-optimized-test-signed-font-2.0-34496282263-1/godot-adaptive/runtime/captures/home-cold.png	docs/screenshots/godot-android-adaptive-34496282263/android-adaptive-api36-optimized-test-signed-font-2.0-34496282263-1/godot-adaptive/runtime/captures/home-cold.png
440917bfc492bb12499b0d037d85c42a576db2570e2c4a38c8a9bcf74b20886e	9316	/root/projects/PartyDeck/artifacts/evidence-storage/34496282263/android-adaptive-api36-optimized-test-signed-font-2.0-34496282263-1/godot-adaptive/runtime/captures/home-cold.xml	/root/projects/PartyDeck/artifacts/screenshot-queue-android-34496282263-34496267571-v1/payload/docs/screenshots/godot-android-adaptive-34496282263/android-adaptive-api36-optimized-test-signed-font-2.0-34496282263-1/godot-adaptive/runtime/captures/home-cold.xml	docs/screenshots/godot-android-adaptive-34496282263/android-adaptive-api36-optimized-test-signed-font-2.0-34496282263-1/godot-adaptive/runtime/captures/home-cold.xml
4f50573d316aff1cae664556339baea8329227e73dd343860550d1556621ccc6	9418	/root/projects/PartyDeck/artifacts/evidence-storage/34496282263/android-adaptive-api36-optimized-test-signed-font-2.0-34496282263-1/godot-adaptive/runtime/captures/home-cold.json	/root/projects/PartyDeck/artifacts/screenshot-queue-android-34496282263-34496267571-v1/payload/docs/screenshots/godot-android-adaptive-34496282263/android-adaptive-api36-optimized-test-signed-font-2.0-34496282263-1/godot-adaptive/runtime/captures/home-cold.json	docs/screenshots/godot-android-adaptive-34496282263/android-adaptive-api36-optimized-test-signed-font-2.0-34496282263-1/godot-adaptive/runtime/captures/home-cold.json
6bc7049625632ffe66a2f1ea4e85053b72b5431fecc63722c4b7b0b630d560a3	73620	/root/projects/PartyDeck/artifacts/evidence-storage/34496282263/android-adaptive-api36-optimized-test-signed-font-2.0-34496282263-1/godot-adaptive/runtime/captures/2d-landscape-baseline-public.png	/root/projects/PartyDeck/artifacts/screenshot-queue-android-34496282263-34496267571-v1/payload/docs/screenshots/godot-android-adaptive-34496282263/android-adaptive-api36-optimized-test-signed-font-2.0-34496282263-1/godot-adaptive/runtime/captures/2d-landscape-baseline-public.png	docs/screenshots/godot-android-adaptive-34496282263/android-adaptive-api36-optimized-test-signed-font-2.0-34496282263-1/godot-adaptive/runtime/captures/2d-landscape-baseline-public.png
0c8fe94866c8d5dc87fe1347cc91d334ce98407602acd44ccb3e84b5ace29283	9998	/root/projects/PartyDeck/artifacts/evidence-storage/34496282263/android-adaptive-api36-optimized-test-signed-font-2.0-34496282263-1/godot-adaptive/runtime/captures/2d-landscape-baseline-public.xml	/root/projects/PartyDeck/artifacts/screenshot-queue-android-34496282263-34496267571-v1/payload/docs/screenshots/godot-android-adaptive-34496282263/android-adaptive-api36-optimized-test-signed-font-2.0-34496282263-1/godot-adaptive/runtime/captures/2d-landscape-baseline-public.xml	docs/screenshots/godot-android-adaptive-34496282263/android-adaptive-api36-optimized-test-signed-font-2.0-34496282263-1/godot-adaptive/runtime/captures/2d-landscape-baseline-public.xml
1f98e5ae461e4eb67bd12c805526c09bf476aa5fbb3ca62a591b48fbcd6b1147	9488	/root/projects/PartyDeck/artifacts/evidence-storage/34496282263/android-adaptive-api36-optimized-test-signed-font-2.0-34496282263-1/godot-adaptive/runtime/captures/2d-landscape-baseline-public.json	/root/projects/PartyDeck/artifacts/screenshot-queue-android-34496282263-34496267571-v1/payload/docs/screenshots/godot-android-adaptive-34496282263/android-adaptive-api36-optimized-test-signed-font-2.0-34496282263-1/godot-adaptive/runtime/captures/2d-landscape-baseline-public.json	docs/screenshots/godot-android-adaptive-34496282263/android-adaptive-api36-optimized-test-signed-font-2.0-34496282263-1/godot-adaptive/runtime/captures/2d-landscape-baseline-public.json
5e3ac2b8148f7ac5eb25eb055dbd1f7da9b771574a3d1e6c54111d2ea6ffc543	44083	/root/projects/PartyDeck/artifacts/evidence-storage/34496282263/android-adaptive-api36-optimized-test-signed-font-2.0-34496282263-1/godot-adaptive/runtime/captures/2d-landscape-baseline-first-card.png	/root/projects/PartyDeck/artifacts/screenshot-queue-android-34496282263-34496267571-v1/payload/docs/screenshots/godot-android-adaptive-34496282263/android-adaptive-api36-optimized-test-signed-font-2.0-34496282263-1/godot-adaptive/runtime/captures/2d-landscape-baseline-first-card.png	docs/screenshots/godot-android-adaptive-34496282263/android-adaptive-api36-optimized-test-signed-font-2.0-34496282263-1/godot-adaptive/runtime/captures/2d-landscape-baseline-first-card.png
5d7a7ba1a32fb88a82eafa73eab9f310074618e49c91b09d2c1000c45a57fed5	13115	/root/projects/PartyDeck/artifacts/evidence-storage/34496282263/android-adaptive-api36-optimized-test-signed-font-2.0-34496282263-1/godot-adaptive/runtime/captures/2d-landscape-baseline-first-card.xml	/root/projects/PartyDeck/artifacts/screenshot-queue-android-34496282263-34496267571-v1/payload/docs/screenshots/godot-android-adaptive-34496282263/android-adaptive-api36-optimized-test-signed-font-2.0-34496282263-1/godot-adaptive/runtime/captures/2d-landscape-baseline-first-card.xml	docs/screenshots/godot-android-adaptive-34496282263/android-adaptive-api36-optimized-test-signed-font-2.0-34496282263-1/godot-adaptive/runtime/captures/2d-landscape-baseline-first-card.xml
f9ead21db6d7714a600327096d4500b1e29502ce95b777af181fc90f8a805d53	9500	/root/projects/PartyDeck/artifacts/evidence-storage/34496282263/android-adaptive-api36-optimized-test-signed-font-2.0-34496282263-1/godot-adaptive/runtime/captures/2d-landscape-baseline-first-card.json	/root/projects/PartyDeck/artifacts/screenshot-queue-android-34496282263-34496267571-v1/payload/docs/screenshots/godot-android-adaptive-34496282263/android-adaptive-api36-optimized-test-signed-font-2.0-34496282263-1/godot-adaptive/runtime/captures/2d-landscape-baseline-first-card.json	docs/screenshots/godot-android-adaptive-34496282263/android-adaptive-api36-optimized-test-signed-font-2.0-34496282263-1/godot-adaptive/runtime/captures/2d-landscape-baseline-first-card.json
b7312d61616789e355eea21a6d4ef27aecde5809107bd8504a52275cf03a4cb2	52240	/root/projects/PartyDeck/artifacts/evidence-storage/34496282263/android-adaptive-api36-optimized-test-signed-font-2.0-34496282263-1/godot-adaptive/runtime/captures/2d-landscape-baseline-selected.png	/root/projects/PartyDeck/artifacts/screenshot-queue-android-34496282263-34496267571-v1/payload/docs/screenshots/godot-android-adaptive-34496282263/android-adaptive-api36-optimized-test-signed-font-2.0-34496282263-1/godot-adaptive/runtime/captures/2d-landscape-baseline-selected.png	docs/screenshots/godot-android-adaptive-34496282263/android-adaptive-api36-optimized-test-signed-font-2.0-34496282263-1/godot-adaptive/runtime/captures/2d-landscape-baseline-selected.png
259b787553c1f384a11f4224e988d76cbefb12097e2b5188cdde04b6f7833f8a	11738	/root/projects/PartyDeck/artifacts/evidence-storage/34496282263/android-adaptive-api36-optimized-test-signed-font-2.0-34496282263-1/godot-adaptive/runtime/captures/2d-landscape-baseline-selected.xml	/root/projects/PartyDeck/artifacts/screenshot-queue-android-34496282263-34496267571-v1/payload/docs/screenshots/godot-android-adaptive-34496282263/android-adaptive-api36-optimized-test-signed-font-2.0-34496282263-1/godot-adaptive/runtime/captures/2d-landscape-baseline-selected.xml	docs/screenshots/godot-android-adaptive-34496282263/android-adaptive-api36-optimized-test-signed-font-2.0-34496282263-1/godot-adaptive/runtime/captures/2d-landscape-baseline-selected.xml
c9e3b34fd9de565b6ab1bdd7a0087890dbcbe2e96a06771ed57c05c137d47d7e	9494	/root/projects/PartyDeck/artifacts/evidence-storage/34496282263/android-adaptive-api36-optimized-test-signed-font-2.0-34496282263-1/godot-adaptive/runtime/captures/2d-landscape-baseline-selected.json	/root/projects/PartyDeck/artifacts/screenshot-queue-android-34496282263-34496267571-v1/payload/docs/screenshots/godot-android-adaptive-34496282263/android-adaptive-api36-optimized-test-signed-font-2.0-34496282263-1/godot-adaptive/runtime/captures/2d-landscape-baseline-selected.json	docs/screenshots/godot-android-adaptive-34496282263/android-adaptive-api36-optimized-test-signed-font-2.0-34496282263-1/godot-adaptive/runtime/captures/2d-landscape-baseline-selected.json
4f6a2a7e9686fe2e02c8782c2aedf118aae5513cbd7e78a208b7de201ae94923	49152	/root/projects/PartyDeck/artifacts/evidence-storage/34496282263/android-adaptive-api36-optimized-test-signed-font-2.0-34496282263-1/godot-adaptive/runtime/captures/2d-landscape-initial-selector.png	/root/projects/PartyDeck/artifacts/screenshot-queue-android-34496282263-34496267571-v1/payload/docs/screenshots/godot-android-adaptive-34496282263/android-adaptive-api36-optimized-test-signed-font-2.0-34496282263-1/godot-adaptive/runtime/captures/2d-landscape-initial-selector.png	docs/screenshots/godot-android-adaptive-34496282263/android-adaptive-api36-optimized-test-signed-font-2.0-34496282263-1/godot-adaptive/runtime/captures/2d-landscape-initial-selector.png
4429dbf05e29ba5007426b25ff1c5988a56d984ce94842a4740ee86d039ea1e4	8628	/root/projects/PartyDeck/artifacts/evidence-storage/34496282263/android-adaptive-api36-optimized-test-signed-font-2.0-34496282263-1/godot-adaptive/runtime/captures/2d-landscape-initial-selector.xml	/root/projects/PartyDeck/artifacts/screenshot-queue-android-34496282263-34496267571-v1/payload/docs/screenshots/godot-android-adaptive-34496282263/android-adaptive-api36-optimized-test-signed-font-2.0-34496282263-1/godot-adaptive/runtime/captures/2d-landscape-initial-selector.xml	docs/screenshots/godot-android-adaptive-34496282263/android-adaptive-api36-optimized-test-signed-font-2.0-34496282263-1/godot-adaptive/runtime/captures/2d-landscape-initial-selector.xml
fe65f5b7da2762668e37768e7b87521aa5510df4a27fe9d7ddc58633aa107dff	9491	/root/projects/PartyDeck/artifacts/evidence-storage/34496282263/android-adaptive-api36-optimized-test-signed-font-2.0-34496282263-1/godot-adaptive/runtime/captures/2d-landscape-initial-selector.json	/root/projects/PartyDeck/artifacts/screenshot-queue-android-34496282263-34496267571-v1/payload/docs/screenshots/godot-android-adaptive-34496282263/android-adaptive-api36-optimized-test-signed-font-2.0-34496282263-1/godot-adaptive/runtime/captures/2d-landscape-initial-selector.json	docs/screenshots/godot-android-adaptive-34496282263/android-adaptive-api36-optimized-test-signed-font-2.0-34496282263-1/godot-adaptive/runtime/captures/2d-landscape-initial-selector.json
066d26db1392296dc9698523077089aeeec80b73e1ab570c7f560e84b14930c2	74603	/root/projects/PartyDeck/artifacts/evidence-storage/34496282263/android-adaptive-api36-optimized-test-signed-font-2.0-34496282263-1/godot-adaptive/runtime/captures/final-diagnostic.png	/root/projects/PartyDeck/artifacts/screenshot-queue-android-34496282263-34496267571-v1/payload/docs/screenshots/godot-android-adaptive-34496282263/android-adaptive-api36-optimized-test-signed-font-2.0-34496282263-1/godot-adaptive/runtime/captures/final-diagnostic.png	docs/screenshots/godot-android-adaptive-34496282263/android-adaptive-api36-optimized-test-signed-font-2.0-34496282263-1/godot-adaptive/runtime/captures/final-diagnostic.png
0c8fe94866c8d5dc87fe1347cc91d334ce98407602acd44ccb3e84b5ace29283	9998	/root/projects/PartyDeck/artifacts/evidence-storage/34496282263/android-adaptive-api36-optimized-test-signed-font-2.0-34496282263-1/godot-adaptive/runtime/captures/final-diagnostic.xml	/root/projects/PartyDeck/artifacts/screenshot-queue-android-34496282263-34496267571-v1/payload/docs/screenshots/godot-android-adaptive-34496282263/android-adaptive-api36-optimized-test-signed-font-2.0-34496282263-1/godot-adaptive/runtime/captures/final-diagnostic.xml	docs/screenshots/godot-android-adaptive-34496282263/android-adaptive-api36-optimized-test-signed-font-2.0-34496282263-1/godot-adaptive/runtime/captures/final-diagnostic.xml
972323bed40506e0e3ecb24bc899775f3852e0c9182585ae205607cbd7494b9e	9452	/root/projects/PartyDeck/artifacts/evidence-storage/34496282263/android-adaptive-api36-optimized-test-signed-font-2.0-34496282263-1/godot-adaptive/runtime/captures/final-diagnostic.json	/root/projects/PartyDeck/artifacts/screenshot-queue-android-34496282263-34496267571-v1/payload/docs/screenshots/godot-android-adaptive-34496282263/android-adaptive-api36-optimized-test-signed-font-2.0-34496282263-1/godot-adaptive/runtime/captures/final-diagnostic.json	docs/screenshots/godot-android-adaptive-34496282263/android-adaptive-api36-optimized-test-signed-font-2.0-34496282263-1/godot-adaptive/runtime/captures/final-diagnostic.json
d6afa18c9e326bd65c1ac8c708ee5dfe4ac53f2d1b7ee2775b5c76becc854d8f	79414	/root/projects/PartyDeck/artifacts/evidence-storage/34496267571/android-jvm-reports/build/ci/android/godot-session/optimized-test-signed/runtime/godot-session-result.json	/root/projects/PartyDeck/artifacts/screenshot-queue-android-34496282263-34496267571-v1/payload/docs/screenshots/android-34496267571/godot-session/optimized-test-signed/runtime/godot-session-result.json	docs/screenshots/android-34496267571/godot-session/optimized-test-signed/runtime/godot-session-result.json
a817b1c821cf6e56cbddd6c17349f3a80f217e724eb9e9b4365b1d351accc899	80321	/root/projects/PartyDeck/artifacts/evidence-storage/34496267571/android-jvm-reports/build/ci/android/debug/final-screen.png	/root/projects/PartyDeck/artifacts/screenshot-queue-android-34496282263-34496267571-v1/payload/docs/screenshots/android-34496267571/debug/final-screen.png	docs/screenshots/android-34496267571/debug/final-screen.png
68db4d663dd22c9ac8f4b2932574bcd7b513c5c8c02ed9f17e6030889d887947	8677	/root/projects/PartyDeck/artifacts/evidence-storage/34496267571/android-jvm-reports/build/ci/android/debug/last-ui.xml	/root/projects/PartyDeck/artifacts/screenshot-queue-android-34496282263-34496267571-v1/payload/docs/screenshots/android-34496267571/debug/last-ui.xml	docs/screenshots/android-34496267571/debug/last-ui.xml
82269da501a59ac903428c0afcc7a1dc87b2474ea0b14a4155e51d499722fe1b	7056	/root/projects/PartyDeck/artifacts/evidence-storage/34496267571/android-jvm-reports/build/ci/android/debug/smoke-result.json	/root/projects/PartyDeck/artifacts/screenshot-queue-android-34496282263-34496267571-v1/payload/docs/screenshots/android-34496267571/debug/smoke-result.json	docs/screenshots/android-34496267571/debug/smoke-result.json
c590132990c24f546144195f49ef5e01ef5452fdc1c6f09143f86019acec726d	132144	/root/projects/PartyDeck/artifacts/evidence-storage/34496267571/android-jvm-reports/build/ci/android/debug/home.png	/root/projects/PartyDeck/artifacts/screenshot-queue-android-34496282263-34496267571-v1/payload/docs/screenshots/android-34496267571/debug/home.png	docs/screenshots/android-34496267571/debug/home.png
035b6df440c5a044f9cfc89bc6626f754d004d33bc190a8323bf905a7b3cdc8e	12578	/root/projects/PartyDeck/artifacts/evidence-storage/34496267571/android-jvm-reports/build/ci/android/debug/home.xml	/root/projects/PartyDeck/artifacts/screenshot-queue-android-34496282263-34496267571-v1/payload/docs/screenshots/android-34496267571/debug/home.xml	docs/screenshots/android-34496267571/debug/home.xml
50598feb7fff20abe27555332335d5faab279aef44febb870699eecc1819460e	101565	/root/projects/PartyDeck/artifacts/evidence-storage/34496267571/android-jvm-reports/build/ci/android/debug/host-after-share.png	/root/projects/PartyDeck/artifacts/screenshot-queue-android-34496282263-34496267571-v1/payload/docs/screenshots/android-34496267571/debug/host-after-share.png	docs/screenshots/android-34496267571/debug/host-after-share.png
93e361128f88d528bbe354f4751816eec0afaaa7c96cb543bfe071fb171b3cb2	12400	/root/projects/PartyDeck/artifacts/evidence-storage/34496267571/android-jvm-reports/build/ci/android/debug/host-after-share.xml	/root/projects/PartyDeck/artifacts/screenshot-queue-android-34496282263-34496267571-v1/payload/docs/screenshots/android-34496267571/debug/host-after-share.xml	docs/screenshots/android-34496267571/debug/host-after-share.xml
50598feb7fff20abe27555332335d5faab279aef44febb870699eecc1819460e	101565	/root/projects/PartyDeck/artifacts/evidence-storage/34496267571/android-jvm-reports/build/ci/android/debug/host-lobby.png	/root/projects/PartyDeck/artifacts/screenshot-queue-android-34496282263-34496267571-v1/payload/docs/screenshots/android-34496267571/debug/host-lobby.png	docs/screenshots/android-34496267571/debug/host-lobby.png
93e361128f88d528bbe354f4751816eec0afaaa7c96cb543bfe071fb171b3cb2	12400	/root/projects/PartyDeck/artifacts/evidence-storage/34496267571/android-jvm-reports/build/ci/android/debug/host-lobby.xml	/root/projects/PartyDeck/artifacts/screenshot-queue-android-34496282263-34496267571-v1/payload/docs/screenshots/android-34496267571/debug/host-lobby.xml	docs/screenshots/android-34496267571/debug/host-lobby.xml
365c9628a9355b876c71b4cff5fc5ae37b9ed18ba2386e119034a042bb702f2b	131867	/root/projects/PartyDeck/artifacts/evidence-storage/34496267571/android-jvm-reports/build/ci/android/debug/host-returned-home.png	/root/projects/PartyDeck/artifacts/screenshot-queue-android-34496282263-34496267571-v1/payload/docs/screenshots/android-34496267571/debug/host-returned-home.png	docs/screenshots/android-34496267571/debug/host-returned-home.png
035b6df440c5a044f9cfc89bc6626f754d004d33bc190a8323bf905a7b3cdc8e	12578	/root/projects/PartyDeck/artifacts/evidence-storage/34496267571/android-jvm-reports/build/ci/android/debug/host-returned-home.xml	/root/projects/PartyDeck/artifacts/screenshot-queue-android-34496282263-34496267571-v1/payload/docs/screenshots/android-34496267571/debug/host-returned-home.xml	docs/screenshots/android-34496267571/debug/host-returned-home.xml
07077d1c84e23f881c87dd3a3a674b79213edd25775ebfcbfc7a4232a620af04	95569	/root/projects/PartyDeck/artifacts/evidence-storage/34496267571/android-jvm-reports/build/ci/android/debug/join-invalid.png	/root/projects/PartyDeck/artifacts/screenshot-queue-android-34496282263-34496267571-v1/payload/docs/screenshots/android-34496267571/debug/join-invalid.png	docs/screenshots/android-34496267571/debug/join-invalid.png
c9868fd32d8ff15ff4111afba7db5a1e54c838fce4fb93f637aa2c118a48d032	10506	/root/projects/PartyDeck/artifacts/evidence-storage/34496267571/android-jvm-reports/build/ci/android/debug/join-invalid.xml	/root/projects/PartyDeck/artifacts/screenshot-queue-android-34496282263-34496267571-v1/payload/docs/screenshots/android-34496267571/debug/join-invalid.xml	docs/screenshots/android-34496267571/debug/join-invalid.xml
cf536f57f34655efc6863311d48fd0585e58e3ea87a4ebdad5e6af4f76abc81b	100818	/root/projects/PartyDeck/artifacts/evidence-storage/34496267571/android-jvm-reports/build/ci/android/debug/join-name-soft-ime.png	/root/projects/PartyDeck/artifacts/screenshot-queue-android-34496282263-34496267571-v1/payload/docs/screenshots/android-34496267571/debug/join-name-soft-ime.png	docs/screenshots/android-34496267571/debug/join-name-soft-ime.png
dc3afdf58984082ce49f48ce657236b9deb4922efd24162df81308ccdd6f8f5f	8725	/root/projects/PartyDeck/artifacts/evidence-storage/34496267571/android-jvm-reports/build/ci/android/debug/join-name-soft-ime.xml	/root/projects/PartyDeck/artifacts/screenshot-queue-android-34496282263-34496267571-v1/payload/docs/screenshots/android-34496267571/debug/join-name-soft-ime.xml	docs/screenshots/android-34496267571/debug/join-name-soft-ime.xml
462eb820d9d1ff08d6c6adeadd6b84eee2870510ca7b6413f02f45f0490f666d	81640	/root/projects/PartyDeck/artifacts/evidence-storage/34496267571/android-jvm-reports/build/ci/android/debug/large-text-home-actions.png	/root/projects/PartyDeck/artifacts/screenshot-queue-android-34496282263-34496267571-v1/payload/docs/screenshots/android-34496267571/debug/large-text-home-actions.png	docs/screenshots/android-34496267571/debug/large-text-home-actions.png
efa29a00c04019e5749aadc733c853c8435b3124937c7db89455e3d28fc28740	8676	/root/projects/PartyDeck/artifacts/evidence-storage/34496267571/android-jvm-reports/build/ci/android/debug/large-text-home-actions.xml	/root/projects/PartyDeck/artifacts/screenshot-queue-android-34496282263-34496267571-v1/payload/docs/screenshots/android-34496267571/debug/large-text-home-actions.xml	docs/screenshots/android-34496267571/debug/large-text-home-actions.xml
717d63a43487a18a5678eb597a228ea6c73637258c636568d832a8b48062bd51	114824	/root/projects/PartyDeck/artifacts/evidence-storage/34496267571/android-jvm-reports/build/ci/android/debug/large-text-join-invalid.png	/root/projects/PartyDeck/artifacts/screenshot-queue-android-34496282263-34496267571-v1/payload/docs/screenshots/android-34496267571/debug/large-text-join-invalid.png	docs/screenshots/android-34496267571/debug/large-text-join-invalid.png
961fd641b8d0e31bea82e85eb41bde1b39006aa51a2e4457640df84ee5e193bd	8134	/root/projects/PartyDeck/artifacts/evidence-storage/34496267571/android-jvm-reports/build/ci/android/debug/large-text-join-invalid.xml	/root/projects/PartyDeck/artifacts/screenshot-queue-android-34496282263-34496267571-v1/payload/docs/screenshots/android-34496267571/debug/large-text-join-invalid.xml	docs/screenshots/android-34496267571/debug/large-text-join-invalid.xml
25d75d08980db2fe49bd9db3e234245df489b581d76140b7ee6762df85f7bad1	123694	/root/projects/PartyDeck/artifacts/evidence-storage/34496267571/android-jvm-reports/build/ci/android/debug/large-text-join-name-soft-ime.png	/root/projects/PartyDeck/artifacts/screenshot-queue-android-34496282263-34496267571-v1/payload/docs/screenshots/android-34496267571/debug/large-text-join-name-soft-ime.png	docs/screenshots/android-34496267571/debug/large-text-join-name-soft-ime.png
b5facd986c97d1fc8fe5e3255513e1e2842eaa3aafb0879e2225d3b7c14265c8	5130	/root/projects/PartyDeck/artifacts/evidence-storage/34496267571/android-jvm-reports/build/ci/android/debug/large-text-join-name-soft-ime.xml	/root/projects/PartyDeck/artifacts/screenshot-queue-android-34496282263-34496267571-v1/payload/docs/screenshots/android-34496267571/debug/large-text-join-name-soft-ime.xml	docs/screenshots/android-34496267571/debug/large-text-join-name-soft-ime.xml
6e9ef42eafdaa77e2ec8eac931012567900dffc635a22b4ce84ec8bad87ccba1	82565	/root/projects/PartyDeck/artifacts/evidence-storage/34496267571/android-jvm-reports/build/ci/android/debug/large-text-play-action.png	/root/projects/PartyDeck/artifacts/screenshot-queue-android-34496282263-34496267571-v1/payload/docs/screenshots/android-34496267571/debug/large-text-play-action.png	docs/screenshots/android-34496267571/debug/large-text-play-action.png
2972650a4bec6220c599c1ce4abed10e4422675b00803fd7123a90ef36f70647	16087	/root/projects/PartyDeck/artifacts/evidence-storage/34496267571/android-jvm-reports/build/ci/android/debug/large-text-play-action.xml	/root/projects/PartyDeck/artifacts/screenshot-queue-android-34496282263-34496267571-v1/payload/docs/screenshots/android-34496267571/debug/large-text-play-action.xml	docs/screenshots/android-34496267571/debug/large-text-play-action.xml
5314207466976944622b2ec9e6864738d627cf2ed61feb09be576c05c782d205	80352	/root/projects/PartyDeck/artifacts/evidence-storage/34496267571/android-jvm-reports/build/ci/android/debug/large-text-private-hand.png	/root/projects/PartyDeck/artifacts/screenshot-queue-android-34496282263-34496267571-v1/payload/docs/screenshots/android-34496267571/debug/large-text-private-hand.png	docs/screenshots/android-34496267571/debug/large-text-private-hand.png
e5b1515d71b281b91dd5a061f93d89a4c1ffd52103810f8a039d2a585d608499	16765	/root/projects/PartyDeck/artifacts/evidence-storage/34496267571/android-jvm-reports/build/ci/android/debug/large-text-private-hand.xml	/root/projects/PartyDeck/artifacts/screenshot-queue-android-34496282263-34496267571-v1/payload/docs/screenshots/android-34496267571/debug/large-text-private-hand.xml	docs/screenshots/android-34496267571/debug/large-text-private-hand.xml
4d9b77774a344548173b97b6f3e8a3b8acdd464bde9bfbfd65bd87b60ffe7df8	135652	/root/projects/PartyDeck/artifacts/evidence-storage/34496267571/android-jvm-reports/build/ci/android/debug/large-text-rules-intro.png	/root/projects/PartyDeck/artifacts/screenshot-queue-android-34496282263-34496267571-v1/payload/docs/screenshots/android-34496267571/debug/large-text-rules-intro.png	docs/screenshots/android-34496267571/debug/large-text-rules-intro.png
31102e58d21ff56900f35bf637b7cbfbfeeda37184b76250ab4906b380e6616b	7187	/root/projects/PartyDeck/artifacts/evidence-storage/34496267571/android-jvm-reports/build/ci/android/debug/large-text-rules-intro.xml	/root/projects/PartyDeck/artifacts/screenshot-queue-android-34496282263-34496267571-v1/payload/docs/screenshots/android-34496267571/debug/large-text-rules-intro.xml	docs/screenshots/android-34496267571/debug/large-text-rules-intro.xml
5254926fa02f5dc9119de24ddd638a5405128759e896068988952226e590d055	134593	/root/projects/PartyDeck/artifacts/evidence-storage/34496267571/android-jvm-reports/build/ci/android/debug/large-text-rules-last-step.png	/root/projects/PartyDeck/artifacts/screenshot-queue-android-34496282263-34496267571-v1/payload/docs/screenshots/android-34496267571/debug/large-text-rules-last-step.png	docs/screenshots/android-34496267571/debug/large-text-rules-last-step.png
d1548d81950d0a942d5fe858a2ebdc2718b32867a416cf8506d0c80709a5480b	5078	/root/projects/PartyDeck/artifacts/evidence-storage/34496267571/android-jvm-reports/build/ci/android/debug/large-text-rules-last-step.xml	/root/projects/PartyDeck/artifacts/screenshot-queue-android-34496282263-34496267571-v1/payload/docs/screenshots/android-34496267571/debug/large-text-rules-last-step.xml	docs/screenshots/android-34496267571/debug/large-text-rules-last-step.xml
4c13f00a56365425b410cb96ba46e4fa6d57c17d1db0beb1fed1aee8fa41dad6	124862	/root/projects/PartyDeck/artifacts/evidence-storage/34496267571/android-jvm-reports/build/ci/android/debug/large-text-rules-practice-action.png	/root/projects/PartyDeck/artifacts/screenshot-queue-android-34496282263-34496267571-v1/payload/docs/screenshots/android-34496267571/debug/large-text-rules-practice-action.png	docs/screenshots/android-34496267571/debug/large-text-rules-practice-action.png
10fb37069bf6d38072e5e11845bdd1ee0ef1eaca9bea0f094a8c75c033863197	5597	/root/projects/PartyDeck/artifacts/evidence-storage/34496267571/android-jvm-reports/build/ci/android/debug/large-text-rules-practice-action.xml	/root/projects/PartyDeck/artifacts/screenshot-queue-android-34496282263-34496267571-v1/payload/docs/screenshots/android-34496267571/debug/large-text-rules-practice-action.xml	docs/screenshots/android-34496267571/debug/large-text-rules-practice-action.xml
4e882587757973ff4a1461555473a2566b35337648bd36bf962808ba9e72d025	124352	/root/projects/PartyDeck/artifacts/evidence-storage/34496267571/android-jvm-reports/build/ci/android/debug/large-text-rules-practice-entered.png	/root/projects/PartyDeck/artifacts/screenshot-queue-android-34496282263-34496267571-v1/payload/docs/screenshots/android-34496267571/debug/large-text-rules-practice-entered.png	docs/screenshots/android-34496267571/debug/large-text-rules-practice-entered.png
12b7c56ea3adbaf8bd7e5e8608177633bbf3e9bd5961ef22df44bff80ce8c758	13911	/root/projects/PartyDeck/artifacts/evidence-storage/34496267571/android-jvm-reports/build/ci/android/debug/large-text-rules-practice-entered.xml	/root/projects/PartyDeck/artifacts/screenshot-queue-android-34496282263-34496267571-v1/payload/docs/screenshots/android-34496267571/debug/large-text-rules-practice-entered.xml	docs/screenshots/android-34496267571/debug/large-text-rules-practice-entered.xml
df599d2b8cb0d024c789ebd051465b2c9ede4c04f9e584883a6d45180e4f5233	80840	/root/projects/PartyDeck/artifacts/evidence-storage/34496267571/android-jvm-reports/build/ci/android/debug/large-text-rules-returned-home.png	/root/projects/PartyDeck/artifacts/screenshot-queue-android-34496282263-34496267571-v1/payload/docs/screenshots/android-34496267571/debug/large-text-rules-returned-home.png	docs/screenshots/android-34496267571/debug/large-text-rules-returned-home.png
68db4d663dd22c9ac8f4b2932574bcd7b513c5c8c02ed9f17e6030889d887947	8677	/root/projects/PartyDeck/artifacts/evidence-storage/34496267571/android-jvm-reports/build/ci/android/debug/large-text-rules-returned-home.xml	/root/projects/PartyDeck/artifacts/screenshot-queue-android-34496282263-34496267571-v1/payload/docs/screenshots/android-34496267571/debug/large-text-rules-returned-home.xml	docs/screenshots/android-34496267571/debug/large-text-rules-returned-home.xml
651fd076010c74a887a578b2173d50569642d6f9bd9b98e8d1985af6d860d1ab	122540	/root/projects/PartyDeck/artifacts/evidence-storage/34496267571/android-jvm-reports/build/ci/android/debug/large-text-settings.png	/root/projects/PartyDeck/artifacts/screenshot-queue-android-34496282263-34496267571-v1/payload/docs/screenshots/android-34496267571/debug/large-text-settings.png	docs/screenshots/android-34496267571/debug/large-text-settings.png
413cc54dc855619a6f9a7961121c6d4be4b58ffb458f346f9a971d036eeeedda	10787	/root/projects/PartyDeck/artifacts/evidence-storage/34496267571/android-jvm-reports/build/ci/android/debug/large-text-settings.xml	/root/projects/PartyDeck/artifacts/screenshot-queue-android-34496282263-34496267571-v1/payload/docs/screenshots/android-34496267571/debug/large-text-settings.xml	docs/screenshots/android-34496267571/debug/large-text-settings.xml
2b78ee05c1fc2f62ea0f6733847f941119ebe9ed86125129d6e7b62c060bd43f	111293	/root/projects/PartyDeck/artifacts/evidence-storage/34496267571/android-jvm-reports/build/ci/android/debug/practice-after-play.png	/root/projects/PartyDeck/artifacts/screenshot-queue-android-34496282263-34496267571-v1/payload/docs/screenshots/android-34496267571/debug/practice-after-play.png	docs/screenshots/android-34496267571/debug/practice-after-play.png
df5987e6f3a50867c8e1ac64f7d6d895fd63f0fbb5d320432eb643d58cbf482b	20860	/root/projects/PartyDeck/artifacts/evidence-storage/34496267571/android-jvm-reports/build/ci/android/debug/practice-after-play.xml	/root/projects/PartyDeck/artifacts/screenshot-queue-android-34496282263-34496267571-v1/payload/docs/screenshots/android-34496267571/debug/practice-after-play.xml	docs/screenshots/android-34496267571/debug/practice-after-play.xml
ff20b0af3a6caf099c07e10d669a54843053c673b67ed02408d66da0fa7d5fd2	108087	/root/projects/PartyDeck/artifacts/evidence-storage/34496267571/android-jvm-reports/build/ci/android/debug/practice-concealed.png	/root/projects/PartyDeck/artifacts/screenshot-queue-android-34496282263-34496267571-v1/payload/docs/screenshots/android-34496267571/debug/practice-concealed.png	docs/screenshots/android-34496267571/debug/practice-concealed.png
0ddaff96d09a385388e4c8203f8f3cc95523a2a05f4cb2e4626ec27acd45c033	15628	/root/projects/PartyDeck/artifacts/evidence-storage/34496267571/android-jvm-reports/build/ci/android/debug/practice-concealed.xml	/root/projects/PartyDeck/artifacts/screenshot-queue-android-34496282263-34496267571-v1/payload/docs/screenshots/android-34496267571/debug/practice-concealed.xml	docs/screenshots/android-34496267571/debug/practice-concealed.xml
2f54653c51ac703e1c27630167f7d9ac2703bfde390e3a8b1d682a3ddb61e558	108355	/root/projects/PartyDeck/artifacts/evidence-storage/34496267571/android-jvm-reports/build/ci/android/debug/practice-resumed-concealed.png	/root/projects/PartyDeck/artifacts/screenshot-queue-android-34496282263-34496267571-v1/payload/docs/screenshots/android-34496267571/debug/practice-resumed-concealed.png	docs/screenshots/android-34496267571/debug/practice-resumed-concealed.png
0ddaff96d09a385388e4c8203f8f3cc95523a2a05f4cb2e4626ec27acd45c033	15628	/root/projects/PartyDeck/artifacts/evidence-storage/34496267571/android-jvm-reports/build/ci/android/debug/practice-resumed-concealed.xml	/root/projects/PartyDeck/artifacts/screenshot-queue-android-34496282263-34496267571-v1/payload/docs/screenshots/android-34496267571/debug/practice-resumed-concealed.xml	docs/screenshots/android-34496267571/debug/practice-resumed-concealed.xml
3149e07ffa9d532e0dc7bb83c4becdb31c22f31320c17dc526564a11532c6c9b	132144	/root/projects/PartyDeck/artifacts/evidence-storage/34496267571/android-jvm-reports/build/ci/android/debug/practice-returned-home.png	/root/projects/PartyDeck/artifacts/screenshot-queue-android-34496282263-34496267571-v1/payload/docs/screenshots/android-34496267571/debug/practice-returned-home.png	docs/screenshots/android-34496267571/debug/practice-returned-home.png
035b6df440c5a044f9cfc89bc6626f754d004d33bc190a8323bf905a7b3cdc8e	12578	/root/projects/PartyDeck/artifacts/evidence-storage/34496267571/android-jvm-reports/build/ci/android/debug/practice-returned-home.xml	/root/projects/PartyDeck/artifacts/screenshot-queue-android-34496282263-34496267571-v1/payload/docs/screenshots/android-34496267571/debug/practice-returned-home.xml	docs/screenshots/android-34496267571/debug/practice-returned-home.xml
d76a807857337d6fe2fd35ded27306c9002cad0ada515faf36b299043cd9e226	102829	/root/projects/PartyDeck/artifacts/evidence-storage/34496267571/android-jvm-reports/build/ci/android/debug/practice-selected.png	/root/projects/PartyDeck/artifacts/screenshot-queue-android-34496282263-34496267571-v1/payload/docs/screenshots/android-34496267571/debug/practice-selected.png	docs/screenshots/android-34496267571/debug/practice-selected.png
3511cb5a185fd4fb028f3656a7dd1eae4ea180b4863e07cc591cf0fc9e845105	20831	/root/projects/PartyDeck/artifacts/evidence-storage/34496267571/android-jvm-reports/build/ci/android/debug/practice-selected.xml	/root/projects/PartyDeck/artifacts/screenshot-queue-android-34496282263-34496267571-v1/payload/docs/screenshots/android-34496267571/debug/practice-selected.xml	docs/screenshots/android-34496267571/debug/practice-selected.xml
7128c9da334d9c7458ab37352f14b8e5b1e65e7b6a7d572d9f2c5b947c1e33ff	150843	/root/projects/PartyDeck/artifacts/evidence-storage/34496267571/android-jvm-reports/build/ci/android/debug/rules-intro.png	/root/projects/PartyDeck/artifacts/screenshot-queue-android-34496282263-34496267571-v1/payload/docs/screenshots/android-34496267571/debug/rules-intro.png	docs/screenshots/android-34496267571/debug/rules-intro.png
ec4426cab9208f499326e969e9f0649747734465a687ed6c58bece34f7474919	10503	/root/projects/PartyDeck/artifacts/evidence-storage/34496267571/android-jvm-reports/build/ci/android/debug/rules-intro.xml	/root/projects/PartyDeck/artifacts/screenshot-queue-android-34496282263-34496267571-v1/payload/docs/screenshots/android-34496267571/debug/rules-intro.xml	docs/screenshots/android-34496267571/debug/rules-intro.xml
0596c13f378f81ad431cea926d111fd5fd4a78f44e6ee02f239c7d516f69253c	143542	/root/projects/PartyDeck/artifacts/evidence-storage/34496267571/android-jvm-reports/build/ci/android/debug/rules-last-step.png	/root/projects/PartyDeck/artifacts/screenshot-queue-android-34496282263-34496267571-v1/payload/docs/screenshots/android-34496267571/debug/rules-last-step.png	docs/screenshots/android-34496267571/debug/rules-last-step.png
dbc9855d98dbc4a19d728b41e4d008756fde7923af3ae327ace03b5b636276f1	9888	/root/projects/PartyDeck/artifacts/evidence-storage/34496267571/android-jvm-reports/build/ci/android/debug/rules-last-step.xml	/root/projects/PartyDeck/artifacts/screenshot-queue-android-34496282263-34496267571-v1/payload/docs/screenshots/android-34496267571/debug/rules-last-step.xml	docs/screenshots/android-34496267571/debug/rules-last-step.xml
0596c13f378f81ad431cea926d111fd5fd4a78f44e6ee02f239c7d516f69253c	143542	/root/projects/PartyDeck/artifacts/evidence-storage/34496267571/android-jvm-reports/build/ci/android/debug/rules-practice-action.png	/root/projects/PartyDeck/artifacts/screenshot-queue-android-34496282263-34496267571-v1/payload/docs/screenshots/android-34496267571/debug/rules-practice-action.png	docs/screenshots/android-34496267571/debug/rules-practice-action.png
dbc9855d98dbc4a19d728b41e4d008756fde7923af3ae327ace03b5b636276f1	9888	/root/projects/PartyDeck/artifacts/evidence-storage/34496267571/android-jvm-reports/build/ci/android/debug/rules-practice-action.xml	/root/projects/PartyDeck/artifacts/screenshot-queue-android-34496282263-34496267571-v1/payload/docs/screenshots/android-34496267571/debug/rules-practice-action.xml	docs/screenshots/android-34496267571/debug/rules-practice-action.xml
a8af4250b0e3d8b9246dd68e6624707d8f9b297c6b7760679ace5ba8fae7c272	126529	/root/projects/PartyDeck/artifacts/evidence-storage/34496267571/android-jvm-reports/build/ci/android/debug/rules-practice-entered.png	/root/projects/PartyDeck/artifacts/screenshot-queue-android-34496282263-34496267571-v1/payload/docs/screenshots/android-34496267571/debug/rules-practice-entered.png	docs/screenshots/android-34496267571/debug/rules-practice-entered.png
1cc1fcb8a0ebe3641c9c94e38bbecae4b0a20e71feb11336a30c793febba9bce	16961	/root/projects/PartyDeck/artifacts/evidence-storage/34496267571/android-jvm-reports/build/ci/android/debug/rules-practice-entered.xml	/root/projects/PartyDeck/artifacts/screenshot-queue-android-34496282263-34496267571-v1/payload/docs/screenshots/android-34496267571/debug/rules-practice-entered.xml	docs/screenshots/android-34496267571/debug/rules-practice-entered.xml
1a5b94ba1499072aa69c0edfb2383a49092476a05cc79b600e93f99134aa7fa3	131947	/root/projects/PartyDeck/artifacts/evidence-storage/34496267571/android-jvm-reports/build/ci/android/debug/rules-returned-home.png	/root/projects/PartyDeck/artifacts/screenshot-queue-android-34496282263-34496267571-v1/payload/docs/screenshots/android-34496267571/debug/rules-returned-home.png	docs/screenshots/android-34496267571/debug/rules-returned-home.png
035b6df440c5a044f9cfc89bc6626f754d004d33bc190a8323bf905a7b3cdc8e	12578	/root/projects/PartyDeck/artifacts/evidence-storage/34496267571/android-jvm-reports/build/ci/android/debug/rules-returned-home.xml	/root/projects/PartyDeck/artifacts/screenshot-queue-android-34496282263-34496267571-v1/payload/docs/screenshots/android-34496267571/debug/rules-returned-home.xml	docs/screenshots/android-34496267571/debug/rules-returned-home.xml
f639e19c1fde668ef06eb45dfa78d3cb8246da3486e11ac21b702fb73a1f83aa	119421	/root/projects/PartyDeck/artifacts/evidence-storage/34496267571/android-jvm-reports/build/ci/android/debug/settings-changed.png	/root/projects/PartyDeck/artifacts/screenshot-queue-android-34496282263-34496267571-v1/payload/docs/screenshots/android-34496267571/debug/settings-changed.png	docs/screenshots/android-34496267571/debug/settings-changed.png
1fa25e44dcea814ed6788e8d2e9f6db220b37da6104146947b5c12675be1c109	13214	/root/projects/PartyDeck/artifacts/evidence-storage/34496267571/android-jvm-reports/build/ci/android/debug/settings-changed.xml	/root/projects/PartyDeck/artifacts/screenshot-queue-android-34496282263-34496267571-v1/payload/docs/screenshots/android-34496267571/debug/settings-changed.xml	docs/screenshots/android-34496267571/debug/settings-changed.xml
0658728a7dec877a8dcbf7b870ce71a51a9fc7b026a58f613302ee63439d65bd	119285	/root/projects/PartyDeck/artifacts/evidence-storage/34496267571/android-jvm-reports/build/ci/android/debug/settings-persisted.png	/root/projects/PartyDeck/artifacts/screenshot-queue-android-34496282263-34496267571-v1/payload/docs/screenshots/android-34496267571/debug/settings-persisted.png	docs/screenshots/android-34496267571/debug/settings-persisted.png
1fa25e44dcea814ed6788e8d2e9f6db220b37da6104146947b5c12675be1c109	13214	/root/projects/PartyDeck/artifacts/evidence-storage/34496267571/android-jvm-reports/build/ci/android/debug/settings-persisted.xml	/root/projects/PartyDeck/artifacts/screenshot-queue-android-34496282263-34496267571-v1/payload/docs/screenshots/android-34496267571/debug/settings-persisted.xml	docs/screenshots/android-34496267571/debug/settings-persisted.xml
1a5b94ba1499072aa69c0edfb2383a49092476a05cc79b600e93f99134aa7fa3	131947	/root/projects/PartyDeck/artifacts/evidence-storage/34496267571/android-jvm-reports/build/ci/android/debug/settings-return-home.png	/root/projects/PartyDeck/artifacts/screenshot-queue-android-34496282263-34496267571-v1/payload/docs/screenshots/android-34496267571/debug/settings-return-home.png	docs/screenshots/android-34496267571/debug/settings-return-home.png
035b6df440c5a044f9cfc89bc6626f754d004d33bc190a8323bf905a7b3cdc8e	12578	/root/projects/PartyDeck/artifacts/evidence-storage/34496267571/android-jvm-reports/build/ci/android/debug/settings-return-home.xml	/root/projects/PartyDeck/artifacts/screenshot-queue-android-34496282263-34496267571-v1/payload/docs/screenshots/android-34496267571/debug/settings-return-home.xml	docs/screenshots/android-34496267571/debug/settings-return-home.xml
d84a6bf3d03098983c45fd4876531e8247ae1c06cb4d8f980855540d5adc615b	163732	/root/projects/PartyDeck/artifacts/evidence-storage/34496267571/android-jvm-reports/build/ci/android/godot-session/debug/runtime/captures/2d-action-entry-native-ready.png	/root/projects/PartyDeck/artifacts/screenshot-queue-android-34496282263-34496267571-v1/payload/docs/screenshots/android-34496267571/godot-session/debug/runtime/captures/2d-action-entry-native-ready.png	docs/screenshots/android-34496267571/godot-session/debug/runtime/captures/2d-action-entry-native-ready.png
20a4a8af03e6147e3eca3b91c2b5a0958db29ba203b2377da39b0cc4f9b5cefd	4832	/root/projects/PartyDeck/artifacts/evidence-storage/34496267571/android-jvm-reports/build/ci/android/godot-session/debug/runtime/captures/2d-action-entry-native-ready.xml	/root/projects/PartyDeck/artifacts/screenshot-queue-android-34496282263-34496267571-v1/payload/docs/screenshots/android-34496267571/godot-session/debug/runtime/captures/2d-action-entry-native-ready.xml	docs/screenshots/android-34496267571/godot-session/debug/runtime/captures/2d-action-entry-native-ready.xml
8eb55a46359eba5818634698227d5c5b23e5f4926cc50adcc98ed135edab6ec2	2177	/root/projects/PartyDeck/artifacts/evidence-storage/34496267571/android-jvm-reports/build/ci/android/godot-session/debug/runtime/captures/2d-action-entry-native-ready.json	/root/projects/PartyDeck/artifacts/screenshot-queue-android-34496282263-34496267571-v1/payload/docs/screenshots/android-34496267571/godot-session/debug/runtime/captures/2d-action-entry-native-ready.json	docs/screenshots/android-34496267571/godot-session/debug/runtime/captures/2d-action-entry-native-ready.json
a39203905877760893a10e5c2dc374717b67a4059aa3ab0fcddf40b30eb9dd27	126436	/root/projects/PartyDeck/artifacts/evidence-storage/34496267571/android-jvm-reports/build/ci/android/godot-session/debug/runtime/captures/2d-action-entry-selected.png	/root/projects/PartyDeck/artifacts/screenshot-queue-android-34496282263-34496267571-v1/payload/docs/screenshots/android-34496267571/godot-session/debug/runtime/captures/2d-action-entry-selected.png	docs/screenshots/android-34496267571/godot-session/debug/runtime/captures/2d-action-entry-selected.png
5d974c6620a9896d78825966ceb0a8ea6bd04a5e2b826e7efc4b1ea7f46d7dd8	22168	/root/projects/PartyDeck/artifacts/evidence-storage/34496267571/android-jvm-reports/build/ci/android/godot-session/debug/runtime/captures/2d-action-entry-selected.xml	/root/projects/PartyDeck/artifacts/screenshot-queue-android-34496282263-34496267571-v1/payload/docs/screenshots/android-34496267571/godot-session/debug/runtime/captures/2d-action-entry-selected.xml	docs/screenshots/android-34496267571/godot-session/debug/runtime/captures/2d-action-entry-selected.xml
927d01c98a10fd97af40092f34e5298b7f703b4945e99471d57d9fe07359d4a8	1897	/root/projects/PartyDeck/artifacts/evidence-storage/34496267571/android-jvm-reports/build/ci/android/godot-session/debug/runtime/captures/2d-action-entry-selected.json	/root/projects/PartyDeck/artifacts/screenshot-queue-android-34496282263-34496267571-v1/payload/docs/screenshots/android-34496267571/godot-session/debug/runtime/captures/2d-action-entry-selected.json	docs/screenshots/android-34496267571/godot-session/debug/runtime/captures/2d-action-entry-selected.json
c2a88dab2ca14e3bc806834608244de89f884260f017721abbec81b204206061	58607	/root/projects/PartyDeck/artifacts/evidence-storage/34496267571/android-jvm-reports/build/ci/android/godot-session/debug/runtime/captures/2d-action-entry-selector.png	/root/projects/PartyDeck/artifacts/screenshot-queue-android-34496282263-34496267571-v1/payload/docs/screenshots/android-34496267571/godot-session/debug/runtime/captures/2d-action-entry-selector.png	docs/screenshots/android-34496267571/godot-session/debug/runtime/captures/2d-action-entry-selector.png
a63cdeb42eb34c60fba2bcdc6f20e0583bf97e0db23a12cbb9b7b90ba2cb6f7e	8370	/root/projects/PartyDeck/artifacts/evidence-storage/34496267571/android-jvm-reports/build/ci/android/godot-session/debug/runtime/captures/2d-action-entry-selector.xml	/root/projects/PartyDeck/artifacts/screenshot-queue-android-34496282263-34496267571-v1/payload/docs/screenshots/android-34496267571/godot-session/debug/runtime/captures/2d-action-entry-selector.xml	docs/screenshots/android-34496267571/godot-session/debug/runtime/captures/2d-action-entry-selector.xml
213540aeb71cf66f508e558f2bc270b19915fd98e0dba7aec094a8ff1fdb2e2c	1897	/root/projects/PartyDeck/artifacts/evidence-storage/34496267571/android-jvm-reports/build/ci/android/godot-session/debug/runtime/captures/2d-action-entry-selector.json	/root/projects/PartyDeck/artifacts/screenshot-queue-android-34496282263-34496267571-v1/payload/docs/screenshots/android-34496267571/godot-session/debug/runtime/captures/2d-action-entry-selector.json	docs/screenshots/android-34496267571/godot-session/debug/runtime/captures/2d-action-entry-selector.json
29a2dec0d77934ae20d9a8176ed9da195b2f22b034d074b25b5772889932a642	130874	/root/projects/PartyDeck/artifacts/evidence-storage/34496267571/android-jvm-reports/build/ci/android/godot-session/debug/runtime/captures/2d-action-return-concealed.png	/root/projects/PartyDeck/artifacts/screenshot-queue-android-34496282263-34496267571-v1/payload/docs/screenshots/android-34496267571/godot-session/debug/runtime/captures/2d-action-return-concealed.png	docs/screenshots/android-34496267571/godot-session/debug/runtime/captures/2d-action-return-concealed.png
cdf89876c187aeb2a8918eb9d91733ce2c7c82b2287f8bb9e734d5bc128076b8	16963	/root/projects/PartyDeck/artifacts/evidence-storage/34496267571/android-jvm-reports/build/ci/android/godot-session/debug/runtime/captures/2d-action-return-concealed.xml	/root/projects/PartyDeck/artifacts/screenshot-queue-android-34496282263-34496267571-v1/payload/docs/screenshots/android-34496267571/godot-session/debug/runtime/captures/2d-action-return-concealed.xml	docs/screenshots/android-34496267571/godot-session/debug/runtime/captures/2d-action-return-concealed.xml
df361f2aaaee871cdaaccc889685d2cbab20061cda6f1e858fa1b2da680ef9f2	1903	/root/projects/PartyDeck/artifacts/evidence-storage/34496267571/android-jvm-reports/build/ci/android/godot-session/debug/runtime/captures/2d-action-return-concealed.json	/root/projects/PartyDeck/artifacts/screenshot-queue-android-34496282263-34496267571-v1/payload/docs/screenshots/android-34496267571/godot-session/debug/runtime/captures/2d-action-return-concealed.json	docs/screenshots/android-34496267571/godot-session/debug/runtime/captures/2d-action-return-concealed.json
b04b40797fe9a4b507d0794a6865114f36c9abc723f027749e8e768e5c368283	125802	/root/projects/PartyDeck/artifacts/evidence-storage/34496267571/android-jvm-reports/build/ci/android/godot-session/debug/runtime/captures/2d-action-return-first-card.png	/root/projects/PartyDeck/artifacts/screenshot-queue-android-34496282263-34496267571-v1/payload/docs/screenshots/android-34496267571/godot-session/debug/runtime/captures/2d-action-return-first-card.png	docs/screenshots/android-34496267571/godot-session/debug/runtime/captures/2d-action-return-first-card.png
75b233c41d09d137165d97b084832ac94f078a903002c2d4f2973f54f1836a62	22173	/root/projects/PartyDeck/artifacts/evidence-storage/34496267571/android-jvm-reports/build/ci/android/godot-session/debug/runtime/captures/2d-action-return-first-card.xml	/root/projects/PartyDeck/artifacts/screenshot-queue-android-34496282263-34496267571-v1/payload/docs/screenshots/android-34496267571/godot-session/debug/runtime/captures/2d-action-return-first-card.xml	docs/screenshots/android-34496267571/godot-session/debug/runtime/captures/2d-action-return-first-card.xml
0c3f386dd5bc3a66afc65a8e0cf39866b926a059722d0e10d12326550d1e6240	1906	/root/projects/PartyDeck/artifacts/evidence-storage/34496267571/android-jvm-reports/build/ci/android/godot-session/debug/runtime/captures/2d-action-return-first-card.json	/root/projects/PartyDeck/artifacts/screenshot-queue-android-34496282263-34496267571-v1/payload/docs/screenshots/android-34496267571/godot-session/debug/runtime/captures/2d-action-return-first-card.json	docs/screenshots/android-34496267571/godot-session/debug/runtime/captures/2d-action-return-first-card.json
29a2dec0d77934ae20d9a8176ed9da195b2f22b034d074b25b5772889932a642	130874	/root/projects/PartyDeck/artifacts/evidence-storage/34496267571/android-jvm-reports/build/ci/android/godot-session/debug/runtime/captures/2d-action-return-public.png	/root/projects/PartyDeck/artifacts/screenshot-queue-android-34496282263-34496267571-v1/payload/docs/screenshots/android-34496267571/godot-session/debug/runtime/captures/2d-action-return-public.png	docs/screenshots/android-34496267571/godot-session/debug/runtime/captures/2d-action-return-public.png
cdf89876c187aeb2a8918eb9d91733ce2c7c82b2287f8bb9e734d5bc128076b8	16963	/root/projects/PartyDeck/artifacts/evidence-storage/34496267571/android-jvm-reports/build/ci/android/godot-session/debug/runtime/captures/2d-action-return-public.xml	/root/projects/PartyDeck/artifacts/screenshot-queue-android-34496282263-34496267571-v1/payload/docs/screenshots/android-34496267571/godot-session/debug/runtime/captures/2d-action-return-public.xml	docs/screenshots/android-34496267571/godot-session/debug/runtime/captures/2d-action-return-public.xml
ef4a52601657000236e14c47b76ee68a2f92890d65ca75e7bbb88aa866fe3431	1894	/root/projects/PartyDeck/artifacts/evidence-storage/34496267571/android-jvm-reports/build/ci/android/godot-session/debug/runtime/captures/2d-action-return-public.json	/root/projects/PartyDeck/artifacts/screenshot-queue-android-34496282263-34496267571-v1/payload/docs/screenshots/android-34496267571/godot-session/debug/runtime/captures/2d-action-return-public.json	docs/screenshots/android-34496267571/godot-session/debug/runtime/captures/2d-action-return-public.json
29a2dec0d77934ae20d9a8176ed9da195b2f22b034d074b25b5772889932a642	130874	/root/projects/PartyDeck/artifacts/evidence-storage/34496267571/android-jvm-reports/build/ci/android/godot-session/debug/runtime/captures/2d-action-return-selection-cleared.png	/root/projects/PartyDeck/artifacts/screenshot-queue-android-34496282263-34496267571-v1/payload/docs/screenshots/android-34496267571/godot-session/debug/runtime/captures/2d-action-return-selection-cleared.png	docs/screenshots/android-34496267571/godot-session/debug/runtime/captures/2d-action-return-selection-cleared.png
cdf89876c187aeb2a8918eb9d91733ce2c7c82b2287f8bb9e734d5bc128076b8	16963	/root/projects/PartyDeck/artifacts/evidence-storage/34496267571/android-jvm-reports/build/ci/android/godot-session/debug/runtime/captures/2d-action-return-selection-cleared.xml	/root/projects/PartyDeck/artifacts/screenshot-queue-android-34496282263-34496267571-v1/payload/docs/screenshots/android-34496267571/godot-session/debug/runtime/captures/2d-action-return-selection-cleared.xml	docs/screenshots/android-34496267571/godot-session/debug/runtime/captures/2d-action-return-selection-cleared.xml
4e48375e3293eff78dcf6ffe67bce06d6c981df8528710d89bca0a6d17530428	1927	/root/projects/PartyDeck/artifacts/evidence-storage/34496267571/android-jvm-reports/build/ci/android/godot-session/debug/runtime/captures/2d-action-return-selection-cleared.json	/root/projects/PartyDeck/artifacts/screenshot-queue-android-34496282263-34496267571-v1/payload/docs/screenshots/android-34496267571/godot-session/debug/runtime/captures/2d-action-return-selection-cleared.json	docs/screenshots/android-34496267571/godot-session/debug/runtime/captures/2d-action-return-selection-cleared.json
2267d73724f4b0b656ed7bfe181892663c7b883ecdef435eccb26ee77795b458	126171	/root/projects/PartyDeck/artifacts/evidence-storage/34496267571/android-jvm-reports/build/ci/android/godot-session/debug/runtime/captures/2d-baseline-first-card.png	/root/projects/PartyDeck/artifacts/screenshot-queue-android-34496282263-34496267571-v1/payload/docs/screenshots/android-34496267571/godot-session/debug/runtime/captures/2d-baseline-first-card.png	docs/screenshots/android-34496267571/godot-session/debug/runtime/captures/2d-baseline-first-card.png
75b233c41d09d137165d97b084832ac94f078a903002c2d4f2973f54f1836a62	22173	/root/projects/PartyDeck/artifacts/evidence-storage/34496267571/android-jvm-reports/build/ci/android/godot-session/debug/runtime/captures/2d-baseline-first-card.xml	/root/projects/PartyDeck/artifacts/screenshot-queue-android-34496282263-34496267571-v1/payload/docs/screenshots/android-34496267571/godot-session/debug/runtime/captures/2d-baseline-first-card.xml	docs/screenshots/android-34496267571/godot-session/debug/runtime/captures/2d-baseline-first-card.xml
10d87b2cacc5222d4cb9951239aa90cc8e417a6e8bb433a20ac7eeda5fadc88b	1892	/root/projects/PartyDeck/artifacts/evidence-storage/34496267571/android-jvm-reports/build/ci/android/godot-session/debug/runtime/captures/2d-baseline-first-card.json	/root/projects/PartyDeck/artifacts/screenshot-queue-android-34496282263-34496267571-v1/payload/docs/screenshots/android-34496267571/godot-session/debug/runtime/captures/2d-baseline-first-card.json	docs/screenshots/android-34496267571/godot-session/debug/runtime/captures/2d-baseline-first-card.json
2b1baca4e5a8095f6eb04fa322b0a8ec2e2cb48d360a9a5161bc693206b3903f	131226	/root/projects/PartyDeck/artifacts/evidence-storage/34496267571/android-jvm-reports/build/ci/android/godot-session/debug/runtime/captures/2d-baseline-public.png	/root/projects/PartyDeck/artifacts/screenshot-queue-android-34496282263-34496267571-v1/payload/docs/screenshots/android-34496267571/godot-session/debug/runtime/captures/2d-baseline-public.png	docs/screenshots/android-34496267571/godot-session/debug/runtime/captures/2d-baseline-public.png
cdf89876c187aeb2a8918eb9d91733ce2c7c82b2287f8bb9e734d5bc128076b8	16963	/root/projects/PartyDeck/artifacts/evidence-storage/34496267571/android-jvm-reports/build/ci/android/godot-session/debug/runtime/captures/2d-baseline-public.xml	/root/projects/PartyDeck/artifacts/screenshot-queue-android-34496282263-34496267571-v1/payload/docs/screenshots/android-34496267571/godot-session/debug/runtime/captures/2d-baseline-public.xml	docs/screenshots/android-34496267571/godot-session/debug/runtime/captures/2d-baseline-public.xml
1ea941e779c012e1ebd6fd4cd9c5047cec9271770cfc2c76d0ca9afb2a4167f0	1880	/root/projects/PartyDeck/artifacts/evidence-storage/34496267571/android-jvm-reports/build/ci/android/godot-session/debug/runtime/captures/2d-baseline-public.json	/root/projects/PartyDeck/artifacts/screenshot-queue-android-34496282263-34496267571-v1/payload/docs/screenshots/android-34496267571/godot-session/debug/runtime/captures/2d-baseline-public.json	docs/screenshots/android-34496267571/godot-session/debug/runtime/captures/2d-baseline-public.json
64bee45b26e7e734ee7f31710b819c39a1294b7b3b645a3c9c9c2cc588508e6f	126474	/root/projects/PartyDeck/artifacts/evidence-storage/34496267571/android-jvm-reports/build/ci/android/godot-session/debug/runtime/captures/2d-baseline-selected.png	/root/projects/PartyDeck/artifacts/screenshot-queue-android-34496282263-34496267571-v1/payload/docs/screenshots/android-34496267571/godot-session/debug/runtime/captures/2d-baseline-selected.png	docs/screenshots/android-34496267571/godot-session/debug/runtime/captures/2d-baseline-selected.png
5d974c6620a9896d78825966ceb0a8ea6bd04a5e2b826e7efc4b1ea7f46d7dd8	22168	/root/projects/PartyDeck/artifacts/evidence-storage/34496267571/android-jvm-reports/build/ci/android/godot-session/debug/runtime/captures/2d-baseline-selected.xml	/root/projects/PartyDeck/artifacts/screenshot-queue-android-34496282263-34496267571-v1/payload/docs/screenshots/android-34496267571/godot-session/debug/runtime/captures/2d-baseline-selected.xml	docs/screenshots/android-34496267571/godot-session/debug/runtime/captures/2d-baseline-selected.xml
b80d8cf6ad3c03febae31bd2555683a9b4e68ec378d07acd2d0422a8d255a2ed	1882	/root/projects/PartyDeck/artifacts/evidence-storage/34496267571/android-jvm-reports/build/ci/android/godot-session/debug/runtime/captures/2d-baseline-selected.json	/root/projects/PartyDeck/artifacts/screenshot-queue-android-34496282263-34496267571-v1/payload/docs/screenshots/android-34496267571/godot-session/debug/runtime/captures/2d-baseline-selected.json	docs/screenshots/android-34496267571/godot-session/debug/runtime/captures/2d-baseline-selected.json
24d8c9604be7601a6415a46f75f26649efc9920c3ef2c5ddea3da6bc1ae51f5b	163837	/root/projects/PartyDeck/artifacts/evidence-storage/34496267571/android-jvm-reports/build/ci/android/godot-session/debug/runtime/captures/2d-death-native-ready.png	/root/projects/PartyDeck/artifacts/screenshot-queue-android-34496282263-34496267571-v1/payload/docs/screenshots/android-34496267571/godot-session/debug/runtime/captures/2d-death-native-ready.png	docs/screenshots/android-34496267571/godot-session/debug/runtime/captures/2d-death-native-ready.png
20a4a8af03e6147e3eca3b91c2b5a0958db29ba203b2377da39b0cc4f9b5cefd	4832	/root/projects/PartyDeck/artifacts/evidence-storage/34496267571/android-jvm-reports/build/ci/android/godot-session/debug/runtime/captures/2d-death-native-ready.xml	/root/projects/PartyDeck/artifacts/screenshot-queue-android-34496282263-34496267571-v1/payload/docs/screenshots/android-34496267571/godot-session/debug/runtime/captures/2d-death-native-ready.xml	docs/screenshots/android-34496267571/godot-session/debug/runtime/captures/2d-death-native-ready.xml
65c3b154cc086a2c1b366bdf814df11b63ffbdfca2fa5f1fb0783ce579dfff09	2155	/root/projects/PartyDeck/artifacts/evidence-storage/34496267571/android-jvm-reports/build/ci/android/godot-session/debug/runtime/captures/2d-death-native-ready.json	/root/projects/PartyDeck/artifacts/screenshot-queue-android-34496282263-34496267571-v1/payload/docs/screenshots/android-34496267571/godot-session/debug/runtime/captures/2d-death-native-ready.json	docs/screenshots/android-34496267571/godot-session/debug/runtime/captures/2d-death-native-ready.json
bdde4e6b020546a62c136eb5e83615ddb9b586139588dae42bc9ef714b8118a4	130973	/root/projects/PartyDeck/artifacts/evidence-storage/34496267571/android-jvm-reports/build/ci/android/godot-session/debug/runtime/captures/2d-death-return-concealed.png	/root/projects/PartyDeck/artifacts/screenshot-queue-android-34496282263-34496267571-v1/payload/docs/screenshots/android-34496267571/godot-session/debug/runtime/captures/2d-death-return-concealed.png	docs/screenshots/android-34496267571/godot-session/debug/runtime/captures/2d-death-return-concealed.png
cdf89876c187aeb2a8918eb9d91733ce2c7c82b2287f8bb9e734d5bc128076b8	16963	/root/projects/PartyDeck/artifacts/evidence-storage/34496267571/android-jvm-reports/build/ci/android/godot-session/debug/runtime/captures/2d-death-return-concealed.xml	/root/projects/PartyDeck/artifacts/screenshot-queue-android-34496282263-34496267571-v1/payload/docs/screenshots/android-34496267571/godot-session/debug/runtime/captures/2d-death-return-concealed.xml	docs/screenshots/android-34496267571/godot-session/debug/runtime/captures/2d-death-return-concealed.xml
858447e9124db8dacd33b95597cfb7cd4bcfce6f3e306ae4cb4d4cfe76e667ba	1899	/root/projects/PartyDeck/artifacts/evidence-storage/34496267571/android-jvm-reports/build/ci/android/godot-session/debug/runtime/captures/2d-death-return-concealed.json	/root/projects/PartyDeck/artifacts/screenshot-queue-android-34496282263-34496267571-v1/payload/docs/screenshots/android-34496267571/godot-session/debug/runtime/captures/2d-death-return-concealed.json	docs/screenshots/android-34496267571/godot-session/debug/runtime/captures/2d-death-return-concealed.json
a96940e6168ab2813b25e95b55104487b0f9661ff74403d3431b71aab45cc815	125875	/root/projects/PartyDeck/artifacts/evidence-storage/34496267571/android-jvm-reports/build/ci/android/godot-session/debug/runtime/captures/2d-death-return-first-card.png	/root/projects/PartyDeck/artifacts/screenshot-queue-android-34496282263-34496267571-v1/payload/docs/screenshots/android-34496267571/godot-session/debug/runtime/captures/2d-death-return-first-card.png	docs/screenshots/android-34496267571/godot-session/debug/runtime/captures/2d-death-return-first-card.png
75b233c41d09d137165d97b084832ac94f078a903002c2d4f2973f54f1836a62	22173	/root/projects/PartyDeck/artifacts/evidence-storage/34496267571/android-jvm-reports/build/ci/android/godot-session/debug/runtime/captures/2d-death-return-first-card.xml	/root/projects/PartyDeck/artifacts/screenshot-queue-android-34496282263-34496267571-v1/payload/docs/screenshots/android-34496267571/godot-session/debug/runtime/captures/2d-death-return-first-card.xml	docs/screenshots/android-34496267571/godot-session/debug/runtime/captures/2d-death-return-first-card.xml
b90a63915afee5e6f90f56c3a837f49c37a68cfb6e174116c5c423defc43c06b	1902	/root/projects/PartyDeck/artifacts/evidence-storage/34496267571/android-jvm-reports/build/ci/android/godot-session/debug/runtime/captures/2d-death-return-first-card.json	/root/projects/PartyDeck/artifacts/screenshot-queue-android-34496282263-34496267571-v1/payload/docs/screenshots/android-34496267571/godot-session/debug/runtime/captures/2d-death-return-first-card.json	docs/screenshots/android-34496267571/godot-session/debug/runtime/captures/2d-death-return-first-card.json
bdde4e6b020546a62c136eb5e83615ddb9b586139588dae42bc9ef714b8118a4	130973	/root/projects/PartyDeck/artifacts/evidence-storage/34496267571/android-jvm-reports/build/ci/android/godot-session/debug/runtime/captures/2d-death-return-public.png	/root/projects/PartyDeck/artifacts/screenshot-queue-android-34496282263-34496267571-v1/payload/docs/screenshots/android-34496267571/godot-session/debug/runtime/captures/2d-death-return-public.png	docs/screenshots/android-34496267571/godot-session/debug/runtime/captures/2d-death-return-public.png
cdf89876c187aeb2a8918eb9d91733ce2c7c82b2287f8bb9e734d5bc128076b8	16963	/root/projects/PartyDeck/artifacts/evidence-storage/34496267571/android-jvm-reports/build/ci/android/godot-session/debug/runtime/captures/2d-death-return-public.xml	/root/projects/PartyDeck/artifacts/screenshot-queue-android-34496282263-34496267571-v1/payload/docs/screenshots/android-34496267571/godot-session/debug/runtime/captures/2d-death-return-public.xml	docs/screenshots/android-34496267571/godot-session/debug/runtime/captures/2d-death-return-public.xml
b670bf536626312c4d2b8f8b9c88e22db383b157563e02cd8211786d5cc5b876	1890	/root/projects/PartyDeck/artifacts/evidence-storage/34496267571/android-jvm-reports/build/ci/android/godot-session/debug/runtime/captures/2d-death-return-public.json	/root/projects/PartyDeck/artifacts/screenshot-queue-android-34496282263-34496267571-v1/payload/docs/screenshots/android-34496267571/godot-session/debug/runtime/captures/2d-death-return-public.json	docs/screenshots/android-34496267571/godot-session/debug/runtime/captures/2d-death-return-public.json
bdde4e6b020546a62c136eb5e83615ddb9b586139588dae42bc9ef714b8118a4	130973	/root/projects/PartyDeck/artifacts/evidence-storage/34496267571/android-jvm-reports/build/ci/android/godot-session/debug/runtime/captures/2d-death-return-selection-cleared.png	/root/projects/PartyDeck/artifacts/screenshot-queue-android-34496282263-34496267571-v1/payload/docs/screenshots/android-34496267571/godot-session/debug/runtime/captures/2d-death-return-selection-cleared.png	docs/screenshots/android-34496267571/godot-session/debug/runtime/captures/2d-death-return-selection-cleared.png
cdf89876c187aeb2a8918eb9d91733ce2c7c82b2287f8bb9e734d5bc128076b8	16963	/root/projects/PartyDeck/artifacts/evidence-storage/34496267571/android-jvm-reports/build/ci/android/godot-session/debug/runtime/captures/2d-death-return-selection-cleared.xml	/root/projects/PartyDeck/artifacts/screenshot-queue-android-34496282263-34496267571-v1/payload/docs/screenshots/android-34496267571/godot-session/debug/runtime/captures/2d-death-return-selection-cleared.xml	docs/screenshots/android-34496267571/godot-session/debug/runtime/captures/2d-death-return-selection-cleared.xml
eb6ffa7784c34e67e2fbaf6f5b77043b70dc61271c3599523c9efecbd544d129	1923	/root/projects/PartyDeck/artifacts/evidence-storage/34496267571/android-jvm-reports/build/ci/android/godot-session/debug/runtime/captures/2d-death-return-selection-cleared.json	/root/projects/PartyDeck/artifacts/screenshot-queue-android-34496282263-34496267571-v1/payload/docs/screenshots/android-34496267571/godot-session/debug/runtime/captures/2d-death-return-selection-cleared.json	docs/screenshots/android-34496267571/godot-session/debug/runtime/captures/2d-death-return-selection-cleared.json
368b7e0424d54d139ba24c06c61f62010087c7312695afd35a6ce174dbad9cb4	126140	/root/projects/PartyDeck/artifacts/evidence-storage/34496267571/android-jvm-reports/build/ci/android/godot-session/debug/runtime/captures/2d-death-selected.png	/root/projects/PartyDeck/artifacts/screenshot-queue-android-34496282263-34496267571-v1/payload/docs/screenshots/android-34496267571/godot-session/debug/runtime/captures/2d-death-selected.png	docs/screenshots/android-34496267571/godot-session/debug/runtime/captures/2d-death-selected.png
5d974c6620a9896d78825966ceb0a8ea6bd04a5e2b826e7efc4b1ea7f46d7dd8	22168	/root/projects/PartyDeck/artifacts/evidence-storage/34496267571/android-jvm-reports/build/ci/android/godot-session/debug/runtime/captures/2d-death-selected.xml	/root/projects/PartyDeck/artifacts/screenshot-queue-android-34496282263-34496267571-v1/payload/docs/screenshots/android-34496267571/godot-session/debug/runtime/captures/2d-death-selected.xml	docs/screenshots/android-34496267571/godot-session/debug/runtime/captures/2d-death-selected.xml
2ef0ff256ebadfcc14d5bedacd15246ff8a356614572e34a82fc37c4468b47c0	1874	/root/projects/PartyDeck/artifacts/evidence-storage/34496267571/android-jvm-reports/build/ci/android/godot-session/debug/runtime/captures/2d-death-selected.json	/root/projects/PartyDeck/artifacts/screenshot-queue-android-34496282263-34496267571-v1/payload/docs/screenshots/android-34496267571/godot-session/debug/runtime/captures/2d-death-selected.json	docs/screenshots/android-34496267571/godot-session/debug/runtime/captures/2d-death-selected.json
4b38612d50cd9b77104bd9c5ed42b8edc58271600c4259b6d455da9f868cbfb3	58244	/root/projects/PartyDeck/artifacts/evidence-storage/34496267571/android-jvm-reports/build/ci/android/godot-session/debug/runtime/captures/2d-death-selector.png	/root/projects/PartyDeck/artifacts/screenshot-queue-android-34496282263-34496267571-v1/payload/docs/screenshots/android-34496267571/godot-session/debug/runtime/captures/2d-death-selector.png	docs/screenshots/android-34496267571/godot-session/debug/runtime/captures/2d-death-selector.png
a63cdeb42eb34c60fba2bcdc6f20e0583bf97e0db23a12cbb9b7b90ba2cb6f7e	8370	/root/projects/PartyDeck/artifacts/evidence-storage/34496267571/android-jvm-reports/build/ci/android/godot-session/debug/runtime/captures/2d-death-selector.xml	/root/projects/PartyDeck/artifacts/screenshot-queue-android-34496282263-34496267571-v1/payload/docs/screenshots/android-34496267571/godot-session/debug/runtime/captures/2d-death-selector.xml	docs/screenshots/android-34496267571/godot-session/debug/runtime/captures/2d-death-selector.xml
2242ca7464214c05fc2327d0d0f5369f16d1c44cea5b74f7a3eba7a7d23c17d0	1875	/root/projects/PartyDeck/artifacts/evidence-storage/34496267571/android-jvm-reports/build/ci/android/godot-session/debug/runtime/captures/2d-death-selector.json	/root/projects/PartyDeck/artifacts/screenshot-queue-android-34496282263-34496267571-v1/payload/docs/screenshots/android-34496267571/godot-session/debug/runtime/captures/2d-death-selector.json	docs/screenshots/android-34496267571/godot-session/debug/runtime/captures/2d-death-selector.json
13c92d884bc91a77af3df896b6695e6c8f13c07b1c090aeb0ccb1d9d1eebff93	164259	/root/projects/PartyDeck/artifacts/evidence-storage/34496267571/android-jvm-reports/build/ci/android/godot-session/debug/runtime/captures/2d-entry-native-ready.png	/root/projects/PartyDeck/artifacts/screenshot-queue-android-34496282263-34496267571-v1/payload/docs/screenshots/android-34496267571/godot-session/debug/runtime/captures/2d-entry-native-ready.png	docs/screenshots/android-34496267571/godot-session/debug/runtime/captures/2d-entry-native-ready.png
20a4a8af03e6147e3eca3b91c2b5a0958db29ba203b2377da39b0cc4f9b5cefd	4832	/root/projects/PartyDeck/artifacts/evidence-storage/34496267571/android-jvm-reports/build/ci/android/godot-session/debug/runtime/captures/2d-entry-native-ready.xml	/root/projects/PartyDeck/artifacts/screenshot-queue-android-34496282263-34496267571-v1/payload/docs/screenshots/android-34496267571/godot-session/debug/runtime/captures/2d-entry-native-ready.xml	docs/screenshots/android-34496267571/godot-session/debug/runtime/captures/2d-entry-native-ready.xml
8ab40d9c4ecb823efeef1fc0d77f50b3fd981c0b83404dca3df4ab1e4c203c27	2148	/root/projects/PartyDeck/artifacts/evidence-storage/34496267571/android-jvm-reports/build/ci/android/godot-session/debug/runtime/captures/2d-entry-native-ready.json	/root/projects/PartyDeck/artifacts/screenshot-queue-android-34496282263-34496267571-v1/payload/docs/screenshots/android-34496267571/godot-session/debug/runtime/captures/2d-entry-native-ready.json	docs/screenshots/android-34496267571/godot-session/debug/runtime/captures/2d-entry-native-ready.json
594ac30717e7004fb29d453a0e5b4acfddedfc9c8db456678811a2ec9fb133e1	58764	/root/projects/PartyDeck/artifacts/evidence-storage/34496267571/android-jvm-reports/build/ci/android/godot-session/debug/runtime/captures/2d-entry-selector.png	/root/projects/PartyDeck/artifacts/screenshot-queue-android-34496282263-34496267571-v1/payload/docs/screenshots/android-34496267571/godot-session/debug/runtime/captures/2d-entry-selector.png	docs/screenshots/android-34496267571/godot-session/debug/runtime/captures/2d-entry-selector.png
a63cdeb42eb34c60fba2bcdc6f20e0583bf97e0db23a12cbb9b7b90ba2cb6f7e	8370	/root/projects/PartyDeck/artifacts/evidence-storage/34496267571/android-jvm-reports/build/ci/android/godot-session/debug/runtime/captures/2d-entry-selector.xml	/root/projects/PartyDeck/artifacts/screenshot-queue-android-34496282263-34496267571-v1/payload/docs/screenshots/android-34496267571/godot-session/debug/runtime/captures/2d-entry-selector.xml	docs/screenshots/android-34496267571/godot-session/debug/runtime/captures/2d-entry-selector.xml
b0f66e8f0d6e49e2b3c271ca9889d606faf37098a5aa6e5e82ed3d4a5a74138f	1872	/root/projects/PartyDeck/artifacts/evidence-storage/34496267571/android-jvm-reports/build/ci/android/godot-session/debug/runtime/captures/2d-entry-selector.json	/root/projects/PartyDeck/artifacts/screenshot-queue-android-34496282263-34496267571-v1/payload/docs/screenshots/android-34496267571/godot-session/debug/runtime/captures/2d-entry-selector.json	docs/screenshots/android-34496267571/godot-session/debug/runtime/captures/2d-entry-selector.json
f75afe11a5ba9fe0157853fde2535ff1663f9557a18e739cff5a405fb7ab050b	132333	/root/projects/PartyDeck/artifacts/evidence-storage/34496267571/android-jvm-reports/build/ci/android/godot-session/debug/runtime/captures/2d-home-after-session-end.png	/root/projects/PartyDeck/artifacts/screenshot-queue-android-34496282263-34496267571-v1/payload/docs/screenshots/android-34496267571/godot-session/debug/runtime/captures/2d-home-after-session-end.png	docs/screenshots/android-34496267571/godot-session/debug/runtime/captures/2d-home-after-session-end.png
035b6df440c5a044f9cfc89bc6626f754d004d33bc190a8323bf905a7b3cdc8e	12578	/root/projects/PartyDeck/artifacts/evidence-storage/34496267571/android-jvm-reports/build/ci/android/godot-session/debug/runtime/captures/2d-home-after-session-end.xml	/root/projects/PartyDeck/artifacts/screenshot-queue-android-34496282263-34496267571-v1/payload/docs/screenshots/android-34496267571/godot-session/debug/runtime/captures/2d-home-after-session-end.xml	docs/screenshots/android-34496267571/godot-session/debug/runtime/captures/2d-home-after-session-end.xml
c023948b067e0ecdd0d86c771def76f9556ccd975bc4908adcdf340f346eac08	1894	/root/projects/PartyDeck/artifacts/evidence-storage/34496267571/android-jvm-reports/build/ci/android/godot-session/debug/runtime/captures/2d-home-after-session-end.json	/root/projects/PartyDeck/artifacts/screenshot-queue-android-34496282263-34496267571-v1/payload/docs/screenshots/android-34496267571/godot-session/debug/runtime/captures/2d-home-after-session-end.json	docs/screenshots/android-34496267571/godot-session/debug/runtime/captures/2d-home-after-session-end.json
5a570579c3e0ca34903ac8409f77f94ec321d365ac8ffda7731ff5d25fa88e69	164148	/root/projects/PartyDeck/artifacts/evidence-storage/34496267571/android-jvm-reports/build/ci/android/godot-session/debug/runtime/captures/2d-home-resumed.png	/root/projects/PartyDeck/artifacts/screenshot-queue-android-34496282263-34496267571-v1/payload/docs/screenshots/android-34496267571/godot-session/debug/runtime/captures/2d-home-resumed.png	docs/screenshots/android-34496267571/godot-session/debug/runtime/captures/2d-home-resumed.png
20a4a8af03e6147e3eca3b91c2b5a0958db29ba203b2377da39b0cc4f9b5cefd	4832	/root/projects/PartyDeck/artifacts/evidence-storage/34496267571/android-jvm-reports/build/ci/android/godot-session/debug/runtime/captures/2d-home-resumed.xml	/root/projects/PartyDeck/artifacts/screenshot-queue-android-34496282263-34496267571-v1/payload/docs/screenshots/android-34496267571/godot-session/debug/runtime/captures/2d-home-resumed.xml	docs/screenshots/android-34496267571/godot-session/debug/runtime/captures/2d-home-resumed.xml
623a732fdcaa6bba3ebf182751edb20a233e7b698d89bc3a00a385a2f5bd196d	2135	/root/projects/PartyDeck/artifacts/evidence-storage/34496267571/android-jvm-reports/build/ci/android/godot-session/debug/runtime/captures/2d-home-resumed.json	/root/projects/PartyDeck/artifacts/screenshot-queue-android-34496282263-34496267571-v1/payload/docs/screenshots/android-34496267571/godot-session/debug/runtime/captures/2d-home-resumed.json	docs/screenshots/android-34496267571/godot-session/debug/runtime/captures/2d-home-resumed.json
2d71ec6fe8be2c2afd34c2002b4755808a71a8a0a16d0056c5f3248ac9b3d5d1	747711	/root/projects/PartyDeck/artifacts/evidence-storage/34496267571/android-jvm-reports/build/ci/android/godot-session/debug/runtime/captures/2d-home-system-ui.png	/root/projects/PartyDeck/artifacts/screenshot-queue-android-34496282263-34496267571-v1/payload/docs/screenshots/android-34496267571/godot-session/debug/runtime/captures/2d-home-system-ui.png	docs/screenshots/android-34496267571/godot-session/debug/runtime/captures/2d-home-system-ui.png
70982620db2937b9a34264d32a123d4c851c572e2fbdcd4bc4d7bbc141ff3ae3	9271	/root/projects/PartyDeck/artifacts/evidence-storage/34496267571/android-jvm-reports/build/ci/android/godot-session/debug/runtime/captures/2d-home-system-ui.xml	/root/projects/PartyDeck/artifacts/screenshot-queue-android-34496282263-34496267571-v1/payload/docs/screenshots/android-34496267571/godot-session/debug/runtime/captures/2d-home-system-ui.xml	docs/screenshots/android-34496267571/godot-session/debug/runtime/captures/2d-home-system-ui.xml
1815e2ba6b362e61c07c4f0feba0eaaea0e9219a39da2574a8e9b49c04165823	2161	/root/projects/PartyDeck/artifacts/evidence-storage/34496267571/android-jvm-reports/build/ci/android/godot-session/debug/runtime/captures/2d-home-system-ui.json	/root/projects/PartyDeck/artifacts/screenshot-queue-android-34496282263-34496267571-v1/payload/docs/screenshots/android-34496267571/godot-session/debug/runtime/captures/2d-home-system-ui.json	docs/screenshots/android-34496267571/godot-session/debug/runtime/captures/2d-home-system-ui.json
86444463fab150be2b31a8a68a99fce086c9dd0c54c8c5798c4f412e2f02015a	41661	/root/projects/PartyDeck/artifacts/evidence-storage/34496267571/android-jvm-reports/build/ci/android/godot-session/debug/runtime/captures/2d-leave-cancel-confirmation.png	/root/projects/PartyDeck/artifacts/screenshot-queue-android-34496282263-34496267571-v1/payload/docs/screenshots/android-34496267571/godot-session/debug/runtime/captures/2d-leave-cancel-confirmation.png	docs/screenshots/android-34496267571/godot-session/debug/runtime/captures/2d-leave-cancel-confirmation.png
827ffd876725232744a322636f397df41818a756019f8eec1bb9cb62c6af6f63	5386	/root/projects/PartyDeck/artifacts/evidence-storage/34496267571/android-jvm-reports/build/ci/android/godot-session/debug/runtime/captures/2d-leave-cancel-confirmation.xml	/root/projects/PartyDeck/artifacts/screenshot-queue-android-34496282263-34496267571-v1/payload/docs/screenshots/android-34496267571/godot-session/debug/runtime/captures/2d-leave-cancel-confirmation.xml	docs/screenshots/android-34496267571/godot-session/debug/runtime/captures/2d-leave-cancel-confirmation.xml
65a278a0c8fa2537e67fe4c7c932fda05fabb9f50ae10a5931bed76370100c51	1906	/root/projects/PartyDeck/artifacts/evidence-storage/34496267571/android-jvm-reports/build/ci/android/godot-session/debug/runtime/captures/2d-leave-cancel-confirmation.json	/root/projects/PartyDeck/artifacts/screenshot-queue-android-34496282263-34496267571-v1/payload/docs/screenshots/android-34496267571/godot-session/debug/runtime/captures/2d-leave-cancel-confirmation.json	docs/screenshots/android-34496267571/godot-session/debug/runtime/captures/2d-leave-cancel-confirmation.json
38a2bf38b187857f894884e8863fdacba93f2ad762a3859f6326c6378345526d	164253	/root/projects/PartyDeck/artifacts/evidence-storage/34496267571/android-jvm-reports/build/ci/android/godot-session/debug/runtime/captures/2d-leave-cancel-native-ready.png	/root/projects/PartyDeck/artifacts/screenshot-queue-android-34496282263-34496267571-v1/payload/docs/screenshots/android-34496267571/godot-session/debug/runtime/captures/2d-leave-cancel-native-ready.png	docs/screenshots/android-34496267571/godot-session/debug/runtime/captures/2d-leave-cancel-native-ready.png
20a4a8af03e6147e3eca3b91c2b5a0958db29ba203b2377da39b0cc4f9b5cefd	4832	/root/projects/PartyDeck/artifacts/evidence-storage/34496267571/android-jvm-reports/build/ci/android/godot-session/debug/runtime/captures/2d-leave-cancel-native-ready.xml	/root/projects/PartyDeck/artifacts/screenshot-queue-android-34496282263-34496267571-v1/payload/docs/screenshots/android-34496267571/godot-session/debug/runtime/captures/2d-leave-cancel-native-ready.xml	docs/screenshots/android-34496267571/godot-session/debug/runtime/captures/2d-leave-cancel-native-ready.xml
a8293cc99da6f0f7f7d60f82571100db495b8393c79b3ea2e84376b521a1df9f	2174	/root/projects/PartyDeck/artifacts/evidence-storage/34496267571/android-jvm-reports/build/ci/android/godot-session/debug/runtime/captures/2d-leave-cancel-native-ready.json	/root/projects/PartyDeck/artifacts/screenshot-queue-android-34496282263-34496267571-v1/payload/docs/screenshots/android-34496267571/godot-session/debug/runtime/captures/2d-leave-cancel-native-ready.json	docs/screenshots/android-34496267571/godot-session/debug/runtime/captures/2d-leave-cancel-native-ready.json
20478640ee79b116f0723cac8d7f576973157c7bc6ae938cc136b766aecdbec0	131278	/root/projects/PartyDeck/artifacts/evidence-storage/34496267571/android-jvm-reports/build/ci/android/godot-session/debug/runtime/captures/2d-leave-cancel-return-concealed.png	/root/projects/PartyDeck/artifacts/screenshot-queue-android-34496282263-34496267571-v1/payload/docs/screenshots/android-34496267571/godot-session/debug/runtime/captures/2d-leave-cancel-return-concealed.png	docs/screenshots/android-34496267571/godot-session/debug/runtime/captures/2d-leave-cancel-return-concealed.png
cdf89876c187aeb2a8918eb9d91733ce2c7c82b2287f8bb9e734d5bc128076b8	16963	/root/projects/PartyDeck/artifacts/evidence-storage/34496267571/android-jvm-reports/build/ci/android/godot-session/debug/runtime/captures/2d-leave-cancel-return-concealed.xml	/root/projects/PartyDeck/artifacts/screenshot-queue-android-34496282263-34496267571-v1/payload/docs/screenshots/android-34496267571/godot-session/debug/runtime/captures/2d-leave-cancel-return-concealed.xml	docs/screenshots/android-34496267571/godot-session/debug/runtime/captures/2d-leave-cancel-return-concealed.xml
310ae0c08e7bd06cc7008ee16297fd49a0eea6cba97f77d457c0d3beaebcfa9f	1918	/root/projects/PartyDeck/artifacts/evidence-storage/34496267571/android-jvm-reports/build/ci/android/godot-session/debug/runtime/captures/2d-leave-cancel-return-concealed.json	/root/projects/PartyDeck/artifacts/screenshot-queue-android-34496282263-34496267571-v1/payload/docs/screenshots/android-34496267571/godot-session/debug/runtime/captures/2d-leave-cancel-return-concealed.json	docs/screenshots/android-34496267571/godot-session/debug/runtime/captures/2d-leave-cancel-return-concealed.json
05ca5fbe4c6951e792f07211c4f155277c34471a691cfc4dc3b3294151bbd90d	126220	/root/projects/PartyDeck/artifacts/evidence-storage/34496267571/android-jvm-reports/build/ci/android/godot-session/debug/runtime/captures/2d-leave-cancel-return-first-card.png	/root/projects/PartyDeck/artifacts/screenshot-queue-android-34496282263-34496267571-v1/payload/docs/screenshots/android-34496267571/godot-session/debug/runtime/captures/2d-leave-cancel-return-first-card.png	docs/screenshots/android-34496267571/godot-session/debug/runtime/captures/2d-leave-cancel-return-first-card.png
75b233c41d09d137165d97b084832ac94f078a903002c2d4f2973f54f1836a62	22173	/root/projects/PartyDeck/artifacts/evidence-storage/34496267571/android-jvm-reports/build/ci/android/godot-session/debug/runtime/captures/2d-leave-cancel-return-first-card.xml	/root/projects/PartyDeck/artifacts/screenshot-queue-android-34496282263-34496267571-v1/payload/docs/screenshots/android-34496267571/godot-session/debug/runtime/captures/2d-leave-cancel-return-first-card.xml	docs/screenshots/android-34496267571/godot-session/debug/runtime/captures/2d-leave-cancel-return-first-card.xml
555ecfb0a05fdaf719a8279c193b0aa3973e3c1b2faddfa6b26700ac08b8b809	1921	/root/projects/PartyDeck/artifacts/evidence-storage/34496267571/android-jvm-reports/build/ci/android/godot-session/debug/runtime/captures/2d-leave-cancel-return-first-card.json	/root/projects/PartyDeck/artifacts/screenshot-queue-android-34496282263-34496267571-v1/payload/docs/screenshots/android-34496267571/godot-session/debug/runtime/captures/2d-leave-cancel-return-first-card.json	docs/screenshots/android-34496267571/godot-session/debug/runtime/captures/2d-leave-cancel-return-first-card.json
20478640ee79b116f0723cac8d7f576973157c7bc6ae938cc136b766aecdbec0	131278	/root/projects/PartyDeck/artifacts/evidence-storage/34496267571/android-jvm-reports/build/ci/android/godot-session/debug/runtime/captures/2d-leave-cancel-return-public.png	/root/projects/PartyDeck/artifacts/screenshot-queue-android-34496282263-34496267571-v1/payload/docs/screenshots/android-34496267571/godot-session/debug/runtime/captures/2d-leave-cancel-return-public.png	docs/screenshots/android-34496267571/godot-session/debug/runtime/captures/2d-leave-cancel-return-public.png
cdf89876c187aeb2a8918eb9d91733ce2c7c82b2287f8bb9e734d5bc128076b8	16963	/root/projects/PartyDeck/artifacts/evidence-storage/34496267571/android-jvm-reports/build/ci/android/godot-session/debug/runtime/captures/2d-leave-cancel-return-public.xml	/root/projects/PartyDeck/artifacts/screenshot-queue-android-34496282263-34496267571-v1/payload/docs/screenshots/android-34496267571/godot-session/debug/runtime/captures/2d-leave-cancel-return-public.xml	docs/screenshots/android-34496267571/godot-session/debug/runtime/captures/2d-leave-cancel-return-public.xml
052a0eac0c43ec46558bde643a86d785ca73d5bb851a7fd7527c8fbf5738bc5d	1909	/root/projects/PartyDeck/artifacts/evidence-storage/34496267571/android-jvm-reports/build/ci/android/godot-session/debug/runtime/captures/2d-leave-cancel-return-public.json	/root/projects/PartyDeck/artifacts/screenshot-queue-android-34496282263-34496267571-v1/payload/docs/screenshots/android-34496267571/godot-session/debug/runtime/captures/2d-leave-cancel-return-public.json	docs/screenshots/android-34496267571/godot-session/debug/runtime/captures/2d-leave-cancel-return-public.json
20478640ee79b116f0723cac8d7f576973157c7bc6ae938cc136b766aecdbec0	131278	/root/projects/PartyDeck/artifacts/evidence-storage/34496267571/android-jvm-reports/build/ci/android/godot-session/debug/runtime/captures/2d-leave-cancel-return-selection-cleared.png	/root/projects/PartyDeck/artifacts/screenshot-queue-android-34496282263-34496267571-v1/payload/docs/screenshots/android-34496267571/godot-session/debug/runtime/captures/2d-leave-cancel-return-selection-cleared.png	docs/screenshots/android-34496267571/godot-session/debug/runtime/captures/2d-leave-cancel-return-selection-cleared.png
cdf89876c187aeb2a8918eb9d91733ce2c7c82b2287f8bb9e734d5bc128076b8	16963	/root/projects/PartyDeck/artifacts/evidence-storage/34496267571/android-jvm-reports/build/ci/android/godot-session/debug/runtime/captures/2d-leave-cancel-return-selection-cleared.xml	/root/projects/PartyDeck/artifacts/screenshot-queue-android-34496282263-34496267571-v1/payload/docs/screenshots/android-34496267571/godot-session/debug/runtime/captures/2d-leave-cancel-return-selection-cleared.xml	docs/screenshots/android-34496267571/godot-session/debug/runtime/captures/2d-leave-cancel-return-selection-cleared.xml
d7c5cdea21bb9176355b3a8fb36d46563555d1c285d8ee024ecbcb8a057328b5	1942	/root/projects/PartyDeck/artifacts/evidence-storage/34496267571/android-jvm-reports/build/ci/android/godot-session/debug/runtime/captures/2d-leave-cancel-return-selection-cleared.json	/root/projects/PartyDeck/artifacts/screenshot-queue-android-34496282263-34496267571-v1/payload/docs/screenshots/android-34496267571/godot-session/debug/runtime/captures/2d-leave-cancel-return-selection-cleared.json	docs/screenshots/android-34496267571/godot-session/debug/runtime/captures/2d-leave-cancel-return-selection-cleared.json
368b7e0424d54d139ba24c06c61f62010087c7312695afd35a6ce174dbad9cb4	126140	/root/projects/PartyDeck/artifacts/evidence-storage/34496267571/android-jvm-reports/build/ci/android/godot-session/debug/runtime/captures/2d-leave-cancel-selected.png	/root/projects/PartyDeck/artifacts/screenshot-queue-android-34496282263-34496267571-v1/payload/docs/screenshots/android-34496267571/godot-session/debug/runtime/captures/2d-leave-cancel-selected.png	docs/screenshots/android-34496267571/godot-session/debug/runtime/captures/2d-leave-cancel-selected.png
5d974c6620a9896d78825966ceb0a8ea6bd04a5e2b826e7efc4b1ea7f46d7dd8	22168	/root/projects/PartyDeck/artifacts/evidence-storage/34496267571/android-jvm-reports/build/ci/android/godot-session/debug/runtime/captures/2d-leave-cancel-selected.xml	/root/projects/PartyDeck/artifacts/screenshot-queue-android-34496282263-34496267571-v1/payload/docs/screenshots/android-34496267571/godot-session/debug/runtime/captures/2d-leave-cancel-selected.xml	docs/screenshots/android-34496267571/godot-session/debug/runtime/captures/2d-leave-cancel-selected.xml
d4a059fabece7f9ebe95bc11d34b5c8c580e536b4bd52a71e2767a17040f6b4b	1894	/root/projects/PartyDeck/artifacts/evidence-storage/34496267571/android-jvm-reports/build/ci/android/godot-session/debug/runtime/captures/2d-leave-cancel-selected.json	/root/projects/PartyDeck/artifacts/screenshot-queue-android-34496282263-34496267571-v1/payload/docs/screenshots/android-34496267571/godot-session/debug/runtime/captures/2d-leave-cancel-selected.json	docs/screenshots/android-34496267571/godot-session/debug/runtime/captures/2d-leave-cancel-selected.json
19f6f577fb00340092e93f74d78b6641118fd2a5217a0ce5185d10380757267d	58383	/root/projects/PartyDeck/artifacts/evidence-storage/34496267571/android-jvm-reports/build/ci/android/godot-session/debug/runtime/captures/2d-leave-cancel-selector.png	/root/projects/PartyDeck/artifacts/screenshot-queue-android-34496282263-34496267571-v1/payload/docs/screenshots/android-34496267571/godot-session/debug/runtime/captures/2d-leave-cancel-selector.png	docs/screenshots/android-34496267571/godot-session/debug/runtime/captures/2d-leave-cancel-selector.png
a63cdeb42eb34c60fba2bcdc6f20e0583bf97e0db23a12cbb9b7b90ba2cb6f7e	8370	/root/projects/PartyDeck/artifacts/evidence-storage/34496267571/android-jvm-reports/build/ci/android/godot-session/debug/runtime/captures/2d-leave-cancel-selector.xml	/root/projects/PartyDeck/artifacts/screenshot-queue-android-34496282263-34496267571-v1/payload/docs/screenshots/android-34496267571/godot-session/debug/runtime/captures/2d-leave-cancel-selector.xml	docs/screenshots/android-34496267571/godot-session/debug/runtime/captures/2d-leave-cancel-selector.xml
26a959a1388282ac24e57eca5edaf424cee1e1438be6c4719a59c6771c49f4ff	1894	/root/projects/PartyDeck/artifacts/evidence-storage/34496267571/android-jvm-reports/build/ci/android/godot-session/debug/runtime/captures/2d-leave-cancel-selector.json	/root/projects/PartyDeck/artifacts/screenshot-queue-android-34496282263-34496267571-v1/payload/docs/screenshots/android-34496267571/godot-session/debug/runtime/captures/2d-leave-cancel-selector.json	docs/screenshots/android-34496267571/godot-session/debug/runtime/captures/2d-leave-cancel-selector.json
a6a9037a9a99955b849deb02c3b0d841c10e83f98984099b2715862c80a17def	41453	/root/projects/PartyDeck/artifacts/evidence-storage/34496267571/android-jvm-reports/build/ci/android/godot-session/debug/runtime/captures/2d-leave-end-confirmation.png	/root/projects/PartyDeck/artifacts/screenshot-queue-android-34496282263-34496267571-v1/payload/docs/screenshots/android-34496267571/godot-session/debug/runtime/captures/2d-leave-end-confirmation.png	docs/screenshots/android-34496267571/godot-session/debug/runtime/captures/2d-leave-end-confirmation.png
827ffd876725232744a322636f397df41818a756019f8eec1bb9cb62c6af6f63	5386	/root/projects/PartyDeck/artifacts/evidence-storage/34496267571/android-jvm-reports/build/ci/android/godot-session/debug/runtime/captures/2d-leave-end-confirmation.xml	/root/projects/PartyDeck/artifacts/screenshot-queue-android-34496282263-34496267571-v1/payload/docs/screenshots/android-34496267571/godot-session/debug/runtime/captures/2d-leave-end-confirmation.xml	docs/screenshots/android-34496267571/godot-session/debug/runtime/captures/2d-leave-end-confirmation.xml
f922db3e9f0015a23bdf8537357fe5eb3da29a822fd649ea48f3e0138d788def	1894	/root/projects/PartyDeck/artifacts/evidence-storage/34496267571/android-jvm-reports/build/ci/android/godot-session/debug/runtime/captures/2d-leave-end-confirmation.json	/root/projects/PartyDeck/artifacts/screenshot-queue-android-34496282263-34496267571-v1/payload/docs/screenshots/android-34496267571/godot-session/debug/runtime/captures/2d-leave-end-confirmation.json	docs/screenshots/android-34496267571/godot-session/debug/runtime/captures/2d-leave-end-confirmation.json
067555c2de95b4e182f2cdb87703b81a0b2717d35b728f35643ef45b20e98006	58158	/root/projects/PartyDeck/artifacts/evidence-storage/34496267571/android-jvm-reports/build/ci/android/godot-session/debug/runtime/captures/2d-leave-end-selector.png	/root/projects/PartyDeck/artifacts/screenshot-queue-android-34496282263-34496267571-v1/payload/docs/screenshots/android-34496267571/godot-session/debug/runtime/captures/2d-leave-end-selector.png	docs/screenshots/android-34496267571/godot-session/debug/runtime/captures/2d-leave-end-selector.png
a63cdeb42eb34c60fba2bcdc6f20e0583bf97e0db23a12cbb9b7b90ba2cb6f7e	8370	/root/projects/PartyDeck/artifacts/evidence-storage/34496267571/android-jvm-reports/build/ci/android/godot-session/debug/runtime/captures/2d-leave-end-selector.xml	/root/projects/PartyDeck/artifacts/screenshot-queue-android-34496282263-34496267571-v1/payload/docs/screenshots/android-34496267571/godot-session/debug/runtime/captures/2d-leave-end-selector.xml	docs/screenshots/android-34496267571/godot-session/debug/runtime/captures/2d-leave-end-selector.xml
9ad27164b0192be50a98b58483118e2cc42a05af35a60dd78b78b87bbaa9692b	1882	/root/projects/PartyDeck/artifacts/evidence-storage/34496267571/android-jvm-reports/build/ci/android/godot-session/debug/runtime/captures/2d-leave-end-selector.json	/root/projects/PartyDeck/artifacts/screenshot-queue-android-34496282263-34496267571-v1/payload/docs/screenshots/android-34496267571/godot-session/debug/runtime/captures/2d-leave-end-selector.json	docs/screenshots/android-34496267571/godot-session/debug/runtime/captures/2d-leave-end-selector.json
5a570579c3e0ca34903ac8409f77f94ec321d365ac8ffda7731ff5d25fa88e69	164148	/root/projects/PartyDeck/artifacts/evidence-storage/34496267571/android-jvm-reports/build/ci/android/godot-session/debug/runtime/captures/2d-recents-resumed.png	/root/projects/PartyDeck/artifacts/screenshot-queue-android-34496282263-34496267571-v1/payload/docs/screenshots/android-34496267571/godot-session/debug/runtime/captures/2d-recents-resumed.png	docs/screenshots/android-34496267571/godot-session/debug/runtime/captures/2d-recents-resumed.png
20a4a8af03e6147e3eca3b91c2b5a0958db29ba203b2377da39b0cc4f9b5cefd	4832	/root/projects/PartyDeck/artifacts/evidence-storage/34496267571/android-jvm-reports/build/ci/android/godot-session/debug/runtime/captures/2d-recents-resumed.xml	/root/projects/PartyDeck/artifacts/screenshot-queue-android-34496282263-34496267571-v1/payload/docs/screenshots/android-34496267571/godot-session/debug/runtime/captures/2d-recents-resumed.xml	docs/screenshots/android-34496267571/godot-session/debug/runtime/captures/2d-recents-resumed.xml
a210c4804daa8e1f0ecf422cf268d53673fa7582af7bf18bb73a009ed2ebaf2d	2147	/root/projects/PartyDeck/artifacts/evidence-storage/34496267571/android-jvm-reports/build/ci/android/godot-session/debug/runtime/captures/2d-recents-resumed.json	/root/projects/PartyDeck/artifacts/screenshot-queue-android-34496282263-34496267571-v1/payload/docs/screenshots/android-34496267571/godot-session/debug/runtime/captures/2d-recents-resumed.json	docs/screenshots/android-34496267571/godot-session/debug/runtime/captures/2d-recents-resumed.json
f351f3865c56ac8656a1a49444d4801a7a0e867a65e1299d59a0f870555cadb1	41923	/root/projects/PartyDeck/artifacts/evidence-storage/34496267571/android-jvm-reports/build/ci/android/godot-session/debug/runtime/captures/2d-recents-system-ui.png	/root/projects/PartyDeck/artifacts/screenshot-queue-android-34496282263-34496267571-v1/payload/docs/screenshots/android-34496267571/godot-session/debug/runtime/captures/2d-recents-system-ui.png	docs/screenshots/android-34496267571/godot-session/debug/runtime/captures/2d-recents-system-ui.png
227b6316bf8816e5d410428713d905c4872566f0bf21151bd405e81719069ae4	5090	/root/projects/PartyDeck/artifacts/evidence-storage/34496267571/android-jvm-reports/build/ci/android/godot-session/debug/runtime/captures/2d-recents-system-ui.xml	/root/projects/PartyDeck/artifacts/screenshot-queue-android-34496282263-34496267571-v1/payload/docs/screenshots/android-34496267571/godot-session/debug/runtime/captures/2d-recents-system-ui.xml	docs/screenshots/android-34496267571/godot-session/debug/runtime/captures/2d-recents-system-ui.xml
17ab754992f3f5d64de323c4fbbdff336f9fa08176caa3e5a5abdacc21a6784c	2173	/root/projects/PartyDeck/artifacts/evidence-storage/34496267571/android-jvm-reports/build/ci/android/godot-session/debug/runtime/captures/2d-recents-system-ui.json	/root/projects/PartyDeck/artifacts/screenshot-queue-android-34496282263-34496267571-v1/payload/docs/screenshots/android-34496267571/godot-session/debug/runtime/captures/2d-recents-system-ui.json	docs/screenshots/android-34496267571/godot-session/debug/runtime/captures/2d-recents-system-ui.json
7f9ae2c24d4765ffa5ece1364d6280d55721d09293861f8abeea6811727841c4	131308	/root/projects/PartyDeck/artifacts/evidence-storage/34496267571/android-jvm-reports/build/ci/android/godot-session/debug/runtime/captures/2d-standard-concealed.png	/root/projects/PartyDeck/artifacts/screenshot-queue-android-34496282263-34496267571-v1/payload/docs/screenshots/android-34496267571/godot-session/debug/runtime/captures/2d-standard-concealed.png	docs/screenshots/android-34496267571/godot-session/debug/runtime/captures/2d-standard-concealed.png
cdf89876c187aeb2a8918eb9d91733ce2c7c82b2287f8bb9e734d5bc128076b8	16963	/root/projects/PartyDeck/artifacts/evidence-storage/34496267571/android-jvm-reports/build/ci/android/godot-session/debug/runtime/captures/2d-standard-concealed.xml	/root/projects/PartyDeck/artifacts/screenshot-queue-android-34496282263-34496267571-v1/payload/docs/screenshots/android-34496267571/godot-session/debug/runtime/captures/2d-standard-concealed.xml	docs/screenshots/android-34496267571/godot-session/debug/runtime/captures/2d-standard-concealed.xml
6fe566febe6e6abc694a3f68e166bfaee309faf623ca86595b36e615a29e0277	1887	/root/projects/PartyDeck/artifacts/evidence-storage/34496267571/android-jvm-reports/build/ci/android/godot-session/debug/runtime/captures/2d-standard-concealed.json	/root/projects/PartyDeck/artifacts/screenshot-queue-android-34496282263-34496267571-v1/payload/docs/screenshots/android-34496267571/godot-session/debug/runtime/captures/2d-standard-concealed.json	docs/screenshots/android-34496267571/godot-session/debug/runtime/captures/2d-standard-concealed.json
ec1752294ae6ef47a24f56e7d363a8e83bc43670998da01ae3ac4bc96bbdc45c	126245	/root/projects/PartyDeck/artifacts/evidence-storage/34496267571/android-jvm-reports/build/ci/android/godot-session/debug/runtime/captures/2d-standard-first-card.png	/root/projects/PartyDeck/artifacts/screenshot-queue-android-34496282263-34496267571-v1/payload/docs/screenshots/android-34496267571/godot-session/debug/runtime/captures/2d-standard-first-card.png	docs/screenshots/android-34496267571/godot-session/debug/runtime/captures/2d-standard-first-card.png
75b233c41d09d137165d97b084832ac94f078a903002c2d4f2973f54f1836a62	22173	/root/projects/PartyDeck/artifacts/evidence-storage/34496267571/android-jvm-reports/build/ci/android/godot-session/debug/runtime/captures/2d-standard-first-card.xml	/root/projects/PartyDeck/artifacts/screenshot-queue-android-34496282263-34496267571-v1/payload/docs/screenshots/android-34496267571/godot-session/debug/runtime/captures/2d-standard-first-card.xml	docs/screenshots/android-34496267571/godot-session/debug/runtime/captures/2d-standard-first-card.xml
94ff09e0051aca433018ead690e0f1e50351e3b427999719b3ae0fbafd87ce3c	1890	/root/projects/PartyDeck/artifacts/evidence-storage/34496267571/android-jvm-reports/build/ci/android/godot-session/debug/runtime/captures/2d-standard-first-card.json	/root/projects/PartyDeck/artifacts/screenshot-queue-android-34496282263-34496267571-v1/payload/docs/screenshots/android-34496267571/godot-session/debug/runtime/captures/2d-standard-first-card.json	docs/screenshots/android-34496267571/godot-session/debug/runtime/captures/2d-standard-first-card.json
feb4c056354c7e0d274a046055b2dec3f3f04d266ee4d0946aed9820812ecab9	96606	/root/projects/PartyDeck/artifacts/evidence-storage/34496267571/android-jvm-reports/build/ci/android/godot-session/debug/runtime/captures/2d-standard-play-after-play.png	/root/projects/PartyDeck/artifacts/screenshot-queue-android-34496282263-34496267571-v1/payload/docs/screenshots/android-34496267571/godot-session/debug/runtime/captures/2d-standard-play-after-play.png	docs/screenshots/android-34496267571/godot-session/debug/runtime/captures/2d-standard-play-after-play.png
3885225d6e2fb528161a3352944b3159debe577e472edb45937c405d48cf968e	13665	/root/projects/PartyDeck/artifacts/evidence-storage/34496267571/android-jvm-reports/build/ci/android/godot-session/debug/runtime/captures/2d-standard-play-after-play.xml	/root/projects/PartyDeck/artifacts/screenshot-queue-android-34496282263-34496267571-v1/payload/docs/screenshots/android-34496267571/godot-session/debug/runtime/captures/2d-standard-play-after-play.xml	docs/screenshots/android-34496267571/godot-session/debug/runtime/captures/2d-standard-play-after-play.xml
992ed9e2a6ae770a8e39632df88ae37f24428efb8ae033ed60cc33367a155338	1906	/root/projects/PartyDeck/artifacts/evidence-storage/34496267571/android-jvm-reports/build/ci/android/godot-session/debug/runtime/captures/2d-standard-play-after-play.json	/root/projects/PartyDeck/artifacts/screenshot-queue-android-34496282263-34496267571-v1/payload/docs/screenshots/android-34496267571/godot-session/debug/runtime/captures/2d-standard-play-after-play.json	docs/screenshots/android-34496267571/godot-session/debug/runtime/captures/2d-standard-play-after-play.json
2857895f897b7755ebb49e7be76deb1711803b0e8d8e6fe757252c2ce2b3ceb6	126024	/root/projects/PartyDeck/artifacts/evidence-storage/34496267571/android-jvm-reports/build/ci/android/godot-session/debug/runtime/captures/2d-standard-play-selected.png	/root/projects/PartyDeck/artifacts/screenshot-queue-android-34496282263-34496267571-v1/payload/docs/screenshots/android-34496267571/godot-session/debug/runtime/captures/2d-standard-play-selected.png	docs/screenshots/android-34496267571/godot-session/debug/runtime/captures/2d-standard-play-selected.png
5d974c6620a9896d78825966ceb0a8ea6bd04a5e2b826e7efc4b1ea7f46d7dd8	22168	/root/projects/PartyDeck/artifacts/evidence-storage/34496267571/android-jvm-reports/build/ci/android/godot-session/debug/runtime/captures/2d-standard-play-selected.xml	/root/projects/PartyDeck/artifacts/screenshot-queue-android-34496282263-34496267571-v1/payload/docs/screenshots/android-34496267571/godot-session/debug/runtime/captures/2d-standard-play-selected.xml	docs/screenshots/android-34496267571/godot-session/debug/runtime/captures/2d-standard-play-selected.xml
ef7f57d0274c307e8c57d3e582f14a151f422b136720ddde7edba424a79bdbab	1900	/root/projects/PartyDeck/artifacts/evidence-storage/34496267571/android-jvm-reports/build/ci/android/godot-session/debug/runtime/captures/2d-standard-play-selected.json	/root/projects/PartyDeck/artifacts/screenshot-queue-android-34496282263-34496267571-v1/payload/docs/screenshots/android-34496267571/godot-session/debug/runtime/captures/2d-standard-play-selected.json	docs/screenshots/android-34496267571/godot-session/debug/runtime/captures/2d-standard-play-selected.json
7f9ae2c24d4765ffa5ece1364d6280d55721d09293861f8abeea6811727841c4	131308	/root/projects/PartyDeck/artifacts/evidence-storage/34496267571/android-jvm-reports/build/ci/android/godot-session/debug/runtime/captures/2d-standard-public.png	/root/projects/PartyDeck/artifacts/screenshot-queue-android-34496282263-34496267571-v1/payload/docs/screenshots/android-34496267571/godot-session/debug/runtime/captures/2d-standard-public.png	docs/screenshots/android-34496267571/godot-session/debug/runtime/captures/2d-standard-public.png
cdf89876c187aeb2a8918eb9d91733ce2c7c82b2287f8bb9e734d5bc128076b8	16963	/root/projects/PartyDeck/artifacts/evidence-storage/34496267571/android-jvm-reports/build/ci/android/godot-session/debug/runtime/captures/2d-standard-public.xml	/root/projects/PartyDeck/artifacts/screenshot-queue-android-34496282263-34496267571-v1/payload/docs/screenshots/android-34496267571/godot-session/debug/runtime/captures/2d-standard-public.xml	docs/screenshots/android-34496267571/godot-session/debug/runtime/captures/2d-standard-public.xml
18fe6bb2d0a0e230c3084b7456e1119d111efb01197eaa3d3536063fe0de43ce	1878	/root/projects/PartyDeck/artifacts/evidence-storage/34496267571/android-jvm-reports/build/ci/android/godot-session/debug/runtime/captures/2d-standard-public.json	/root/projects/PartyDeck/artifacts/screenshot-queue-android-34496282263-34496267571-v1/payload/docs/screenshots/android-34496267571/godot-session/debug/runtime/captures/2d-standard-public.json	docs/screenshots/android-34496267571/godot-session/debug/runtime/captures/2d-standard-public.json
7f9ae2c24d4765ffa5ece1364d6280d55721d09293861f8abeea6811727841c4	131308	/root/projects/PartyDeck/artifacts/evidence-storage/34496267571/android-jvm-reports/build/ci/android/godot-session/debug/runtime/captures/2d-standard-selection-cleared.png	/root/projects/PartyDeck/artifacts/screenshot-queue-android-34496282263-34496267571-v1/payload/docs/screenshots/android-34496267571/godot-session/debug/runtime/captures/2d-standard-selection-cleared.png	docs/screenshots/android-34496267571/godot-session/debug/runtime/captures/2d-standard-selection-cleared.png
cdf89876c187aeb2a8918eb9d91733ce2c7c82b2287f8bb9e734d5bc128076b8	16963	/root/projects/PartyDeck/artifacts/evidence-storage/34496267571/android-jvm-reports/build/ci/android/godot-session/debug/runtime/captures/2d-standard-selection-cleared.xml	/root/projects/PartyDeck/artifacts/screenshot-queue-android-34496282263-34496267571-v1/payload/docs/screenshots/android-34496267571/godot-session/debug/runtime/captures/2d-standard-selection-cleared.xml	docs/screenshots/android-34496267571/godot-session/debug/runtime/captures/2d-standard-selection-cleared.xml
66566eb86c81faa8dfe9b61b74aa1a51edd31567cae7ac66a9645e00dd487b22	1911	/root/projects/PartyDeck/artifacts/evidence-storage/34496267571/android-jvm-reports/build/ci/android/godot-session/debug/runtime/captures/2d-standard-selection-cleared.json	/root/projects/PartyDeck/artifacts/screenshot-queue-android-34496282263-34496267571-v1/payload/docs/screenshots/android-34496267571/godot-session/debug/runtime/captures/2d-standard-selection-cleared.json	docs/screenshots/android-34496267571/godot-session/debug/runtime/captures/2d-standard-selection-cleared.json
2343a00f86bc1b0fd2ccdea6fd4323122942df6057c776899eefb18ae2351c77	128509	/root/projects/PartyDeck/artifacts/evidence-storage/34496267571/android-jvm-reports/build/ci/android/godot-session/debug/runtime/captures/3d-baseline-first-card.png	/root/projects/PartyDeck/artifacts/screenshot-queue-android-34496282263-34496267571-v1/payload/docs/screenshots/android-34496267571/godot-session/debug/runtime/captures/3d-baseline-first-card.png	docs/screenshots/android-34496267571/godot-session/debug/runtime/captures/3d-baseline-first-card.png
a362a4dc347aa0c49f4d5d405237575ce130b7318e00c6b726ceb69aac106c4e	22172	/root/projects/PartyDeck/artifacts/evidence-storage/34496267571/android-jvm-reports/build/ci/android/godot-session/debug/runtime/captures/3d-baseline-first-card.xml	/root/projects/PartyDeck/artifacts/screenshot-queue-android-34496282263-34496267571-v1/payload/docs/screenshots/android-34496267571/godot-session/debug/runtime/captures/3d-baseline-first-card.xml	docs/screenshots/android-34496267571/godot-session/debug/runtime/captures/3d-baseline-first-card.xml
7bd3fa77eaac9cb5f743091138427225f2a00047b4f202c15a9ed225448736b6	1893	/root/projects/PartyDeck/artifacts/evidence-storage/34496267571/android-jvm-reports/build/ci/android/godot-session/debug/runtime/captures/3d-baseline-first-card.json	/root/projects/PartyDeck/artifacts/screenshot-queue-android-34496282263-34496267571-v1/payload/docs/screenshots/android-34496267571/godot-session/debug/runtime/captures/3d-baseline-first-card.json	docs/screenshots/android-34496267571/godot-session/debug/runtime/captures/3d-baseline-first-card.json
f820ea6828dda0947a0db2c3627c8695a79c90694c9f79e9671b1bf9f5eb858f	131543	/root/projects/PartyDeck/artifacts/evidence-storage/34496267571/android-jvm-reports/build/ci/android/godot-session/debug/runtime/captures/3d-baseline-public.png	/root/projects/PartyDeck/artifacts/screenshot-queue-android-34496282263-34496267571-v1/payload/docs/screenshots/android-34496267571/godot-session/debug/runtime/captures/3d-baseline-public.png	docs/screenshots/android-34496267571/godot-session/debug/runtime/captures/3d-baseline-public.png
c466bffff65517652c6fae87a663581ccabdfb31497b3ead29c703a865c4ea06	16963	/root/projects/PartyDeck/artifacts/evidence-storage/34496267571/android-jvm-reports/build/ci/android/godot-session/debug/runtime/captures/3d-baseline-public.xml	/root/projects/PartyDeck/artifacts/screenshot-queue-android-34496282263-34496267571-v1/payload/docs/screenshots/android-34496267571/godot-session/debug/runtime/captures/3d-baseline-public.xml	docs/screenshots/android-34496267571/godot-session/debug/runtime/captures/3d-baseline-public.xml
4ed722d420275f74b63e9af4067a46c84ea87f1bcf0366acf0b4047cfe09f601	1881	/root/projects/PartyDeck/artifacts/evidence-storage/34496267571/android-jvm-reports/build/ci/android/godot-session/debug/runtime/captures/3d-baseline-public.json	/root/projects/PartyDeck/artifacts/screenshot-queue-android-34496282263-34496267571-v1/payload/docs/screenshots/android-34496267571/godot-session/debug/runtime/captures/3d-baseline-public.json	docs/screenshots/android-34496267571/godot-session/debug/runtime/captures/3d-baseline-public.json
6eb38df0c77c5f4ff4c755772118e0e5ec2a4a31ac125a442036dfd78382f246	129257	/root/projects/PartyDeck/artifacts/evidence-storage/34496267571/android-jvm-reports/build/ci/android/godot-session/debug/runtime/captures/3d-baseline-selected.png	/root/projects/PartyDeck/artifacts/screenshot-queue-android-34496282263-34496267571-v1/payload/docs/screenshots/android-34496267571/godot-session/debug/runtime/captures/3d-baseline-selected.png	docs/screenshots/android-34496267571/godot-session/debug/runtime/captures/3d-baseline-selected.png
5a9ea3ba55b0a018297850486da22c910b1abce0025a20f75abcd5be726eecee	22167	/root/projects/PartyDeck/artifacts/evidence-storage/34496267571/android-jvm-reports/build/ci/android/godot-session/debug/runtime/captures/3d-baseline-selected.xml	/root/projects/PartyDeck/artifacts/screenshot-queue-android-34496282263-34496267571-v1/payload/docs/screenshots/android-34496267571/godot-session/debug/runtime/captures/3d-baseline-selected.xml	docs/screenshots/android-34496267571/godot-session/debug/runtime/captures/3d-baseline-selected.xml
3b70a35c8f19bde0becda5b62cb3911494f7ab949d8a76bc3279c576a166267e	1883	/root/projects/PartyDeck/artifacts/evidence-storage/34496267571/android-jvm-reports/build/ci/android/godot-session/debug/runtime/captures/3d-baseline-selected.json	/root/projects/PartyDeck/artifacts/screenshot-queue-android-34496282263-34496267571-v1/payload/docs/screenshots/android-34496267571/godot-session/debug/runtime/captures/3d-baseline-selected.json	docs/screenshots/android-34496267571/godot-session/debug/runtime/captures/3d-baseline-selected.json
99e47d6b96be07c3719b2e683f08734ce1c10e8eab9d3df7054ef0dde3bbf1f8	128869	/root/projects/PartyDeck/artifacts/evidence-storage/34496267571/android-jvm-reports/build/ci/android/godot-session/debug/runtime/captures/3d-death-selected.png	/root/projects/PartyDeck/artifacts/screenshot-queue-android-34496282263-34496267571-v1/payload/docs/screenshots/android-34496267571/godot-session/debug/runtime/captures/3d-death-selected.png	docs/screenshots/android-34496267571/godot-session/debug/runtime/captures/3d-death-selected.png
5a9ea3ba55b0a018297850486da22c910b1abce0025a20f75abcd5be726eecee	22167	/root/projects/PartyDeck/artifacts/evidence-storage/34496267571/android-jvm-reports/build/ci/android/godot-session/debug/runtime/captures/3d-death-selected.xml	/root/projects/PartyDeck/artifacts/screenshot-queue-android-34496282263-34496267571-v1/payload/docs/screenshots/android-34496267571/godot-session/debug/runtime/captures/3d-death-selected.xml	docs/screenshots/android-34496267571/godot-session/debug/runtime/captures/3d-death-selected.xml
f8a3e282ce34d8e91156e6c30195f5b720f98b588e6b205b43fed46951328665	1875	/root/projects/PartyDeck/artifacts/evidence-storage/34496267571/android-jvm-reports/build/ci/android/godot-session/debug/runtime/captures/3d-death-selected.json	/root/projects/PartyDeck/artifacts/screenshot-queue-android-34496282263-34496267571-v1/payload/docs/screenshots/android-34496267571/godot-session/debug/runtime/captures/3d-death-selected.json	docs/screenshots/android-34496267571/godot-session/debug/runtime/captures/3d-death-selected.json
1f2f2733aac887e469722a5e84d5aada196d9f80896bf0cc022849397ef3bf91	200338	/root/projects/PartyDeck/artifacts/evidence-storage/34496267571/android-jvm-reports/build/ci/android/godot-session/debug/runtime/captures/3d-entry-native-ready.png	/root/projects/PartyDeck/artifacts/screenshot-queue-android-34496282263-34496267571-v1/payload/docs/screenshots/android-34496267571/godot-session/debug/runtime/captures/3d-entry-native-ready.png	docs/screenshots/android-34496267571/godot-session/debug/runtime/captures/3d-entry-native-ready.png
20a4a8af03e6147e3eca3b91c2b5a0958db29ba203b2377da39b0cc4f9b5cefd	4832	/root/projects/PartyDeck/artifacts/evidence-storage/34496267571/android-jvm-reports/build/ci/android/godot-session/debug/runtime/captures/3d-entry-native-ready.xml	/root/projects/PartyDeck/artifacts/screenshot-queue-android-34496282263-34496267571-v1/payload/docs/screenshots/android-34496267571/godot-session/debug/runtime/captures/3d-entry-native-ready.xml	docs/screenshots/android-34496267571/godot-session/debug/runtime/captures/3d-entry-native-ready.xml
f6b7d98aa0b2dd3528cd2feb47f98bf2ba4a96f1dba1f44ae0ea6e972d48a15a	2153	/root/projects/PartyDeck/artifacts/evidence-storage/34496267571/android-jvm-reports/build/ci/android/godot-session/debug/runtime/captures/3d-entry-native-ready.json	/root/projects/PartyDeck/artifacts/screenshot-queue-android-34496282263-34496267571-v1/payload/docs/screenshots/android-34496267571/godot-session/debug/runtime/captures/3d-entry-native-ready.json	docs/screenshots/android-34496267571/godot-session/debug/runtime/captures/3d-entry-native-ready.json
e8e6c63f73c2f05b95999f999b16debc0155682203abc95a638196dd9452babd	58827	/root/projects/PartyDeck/artifacts/evidence-storage/34496267571/android-jvm-reports/build/ci/android/godot-session/debug/runtime/captures/3d-entry-selector.png	/root/projects/PartyDeck/artifacts/screenshot-queue-android-34496282263-34496267571-v1/payload/docs/screenshots/android-34496267571/godot-session/debug/runtime/captures/3d-entry-selector.png	docs/screenshots/android-34496267571/godot-session/debug/runtime/captures/3d-entry-selector.png
a63cdeb42eb34c60fba2bcdc6f20e0583bf97e0db23a12cbb9b7b90ba2cb6f7e	8370	/root/projects/PartyDeck/artifacts/evidence-storage/34496267571/android-jvm-reports/build/ci/android/godot-session/debug/runtime/captures/3d-entry-selector.xml	/root/projects/PartyDeck/artifacts/screenshot-queue-android-34496282263-34496267571-v1/payload/docs/screenshots/android-34496267571/godot-session/debug/runtime/captures/3d-entry-selector.xml	docs/screenshots/android-34496267571/godot-session/debug/runtime/captures/3d-entry-selector.xml
a9894e3de7bb0d5c25e6b3b8083b16528a54c598ec0c38d5d3a6e92f75c59162	1873	/root/projects/PartyDeck/artifacts/evidence-storage/34496267571/android-jvm-reports/build/ci/android/godot-session/debug/runtime/captures/3d-entry-selector.json	/root/projects/PartyDeck/artifacts/screenshot-queue-android-34496282263-34496267571-v1/payload/docs/screenshots/android-34496267571/godot-session/debug/runtime/captures/3d-entry-selector.json	docs/screenshots/android-34496267571/godot-session/debug/runtime/captures/3d-entry-selector.json
04de9dfb1e0999816ba6692c9f9cf6aceb9d919767f20710e83fd8dec2c146df	200200	/root/projects/PartyDeck/artifacts/evidence-storage/34496267571/android-jvm-reports/build/ci/android/godot-session/debug/runtime/captures/3d-home-resumed.png	/root/projects/PartyDeck/artifacts/screenshot-queue-android-34496282263-34496267571-v1/payload/docs/screenshots/android-34496267571/godot-session/debug/runtime/captures/3d-home-resumed.png	docs/screenshots/android-34496267571/godot-session/debug/runtime/captures/3d-home-resumed.png
20a4a8af03e6147e3eca3b91c2b5a0958db29ba203b2377da39b0cc4f9b5cefd	4832	/root/projects/PartyDeck/artifacts/evidence-storage/34496267571/android-jvm-reports/build/ci/android/godot-session/debug/runtime/captures/3d-home-resumed.xml	/root/projects/PartyDeck/artifacts/screenshot-queue-android-34496282263-34496267571-v1/payload/docs/screenshots/android-34496267571/godot-session/debug/runtime/captures/3d-home-resumed.xml	docs/screenshots/android-34496267571/godot-session/debug/runtime/captures/3d-home-resumed.xml
5984eb73b1cd61d628830cdfd9b71ac41774a45e884a279cafebd913a78ebc7e	2140	/root/projects/PartyDeck/artifacts/evidence-storage/34496267571/android-jvm-reports/build/ci/android/godot-session/debug/runtime/captures/3d-home-resumed.json	/root/projects/PartyDeck/artifacts/screenshot-queue-android-34496282263-34496267571-v1/payload/docs/screenshots/android-34496267571/godot-session/debug/runtime/captures/3d-home-resumed.json	docs/screenshots/android-34496267571/godot-session/debug/runtime/captures/3d-home-resumed.json
892ea9a5f83211de3e323b641342629246f8ddc3e1b8343d1df2fd32d73ae591	747898	/root/projects/PartyDeck/artifacts/evidence-storage/34496267571/android-jvm-reports/build/ci/android/godot-session/debug/runtime/captures/3d-home-system-ui.png	/root/projects/PartyDeck/artifacts/screenshot-queue-android-34496282263-34496267571-v1/payload/docs/screenshots/android-34496267571/godot-session/debug/runtime/captures/3d-home-system-ui.png	docs/screenshots/android-34496267571/godot-session/debug/runtime/captures/3d-home-system-ui.png
70982620db2937b9a34264d32a123d4c851c572e2fbdcd4bc4d7bbc141ff3ae3	9271	/root/projects/PartyDeck/artifacts/evidence-storage/34496267571/android-jvm-reports/build/ci/android/godot-session/debug/runtime/captures/3d-home-system-ui.xml	/root/projects/PartyDeck/artifacts/screenshot-queue-android-34496282263-34496267571-v1/payload/docs/screenshots/android-34496267571/godot-session/debug/runtime/captures/3d-home-system-ui.xml	docs/screenshots/android-34496267571/godot-session/debug/runtime/captures/3d-home-system-ui.xml
b424fd9a57b14c7183af479a5c335a3ac8782b79c12c4d5a7578042e6d20a71b	2166	/root/projects/PartyDeck/artifacts/evidence-storage/34496267571/android-jvm-reports/build/ci/android/godot-session/debug/runtime/captures/3d-home-system-ui.json	/root/projects/PartyDeck/artifacts/screenshot-queue-android-34496282263-34496267571-v1/payload/docs/screenshots/android-34496267571/godot-session/debug/runtime/captures/3d-home-system-ui.json	docs/screenshots/android-34496267571/godot-session/debug/runtime/captures/3d-home-system-ui.json
04de9dfb1e0999816ba6692c9f9cf6aceb9d919767f20710e83fd8dec2c146df	200200	/root/projects/PartyDeck/artifacts/evidence-storage/34496267571/android-jvm-reports/build/ci/android/godot-session/debug/runtime/captures/3d-recents-resumed.png	/root/projects/PartyDeck/artifacts/screenshot-queue-android-34496282263-34496267571-v1/payload/docs/screenshots/android-34496267571/godot-session/debug/runtime/captures/3d-recents-resumed.png	docs/screenshots/android-34496267571/godot-session/debug/runtime/captures/3d-recents-resumed.png
20a4a8af03e6147e3eca3b91c2b5a0958db29ba203b2377da39b0cc4f9b5cefd	4832	/root/projects/PartyDeck/artifacts/evidence-storage/34496267571/android-jvm-reports/build/ci/android/godot-session/debug/runtime/captures/3d-recents-resumed.xml	/root/projects/PartyDeck/artifacts/screenshot-queue-android-34496282263-34496267571-v1/payload/docs/screenshots/android-34496267571/godot-session/debug/runtime/captures/3d-recents-resumed.xml	docs/screenshots/android-34496267571/godot-session/debug/runtime/captures/3d-recents-resumed.xml
179ca9d6eedd0495a4f847bb33ff91be68821d51cb95834d699a6ef071d131ff	2152	/root/projects/PartyDeck/artifacts/evidence-storage/34496267571/android-jvm-reports/build/ci/android/godot-session/debug/runtime/captures/3d-recents-resumed.json	/root/projects/PartyDeck/artifacts/screenshot-queue-android-34496282263-34496267571-v1/payload/docs/screenshots/android-34496267571/godot-session/debug/runtime/captures/3d-recents-resumed.json	docs/screenshots/android-34496267571/godot-session/debug/runtime/captures/3d-recents-resumed.json
7362638db6c71685b5b2d22a2de2a64b3410b8f3dc9a8465cdf735bebd3f1a36	41994	/root/projects/PartyDeck/artifacts/evidence-storage/34496267571/android-jvm-reports/build/ci/android/godot-session/debug/runtime/captures/3d-recents-system-ui.png	/root/projects/PartyDeck/artifacts/screenshot-queue-android-34496282263-34496267571-v1/payload/docs/screenshots/android-34496267571/godot-session/debug/runtime/captures/3d-recents-system-ui.png	docs/screenshots/android-34496267571/godot-session/debug/runtime/captures/3d-recents-system-ui.png
227b6316bf8816e5d410428713d905c4872566f0bf21151bd405e81719069ae4	5090	/root/projects/PartyDeck/artifacts/evidence-storage/34496267571/android-jvm-reports/build/ci/android/godot-session/debug/runtime/captures/3d-recents-system-ui.xml	/root/projects/PartyDeck/artifacts/screenshot-queue-android-34496282263-34496267571-v1/payload/docs/screenshots/android-34496267571/godot-session/debug/runtime/captures/3d-recents-system-ui.xml	docs/screenshots/android-34496267571/godot-session/debug/runtime/captures/3d-recents-system-ui.xml
4f4886b126d0429fbe304e568e873918dc0e037fbd962326b96b99705557787a	2178	/root/projects/PartyDeck/artifacts/evidence-storage/34496267571/android-jvm-reports/build/ci/android/godot-session/debug/runtime/captures/3d-recents-system-ui.json	/root/projects/PartyDeck/artifacts/screenshot-queue-android-34496282263-34496267571-v1/payload/docs/screenshots/android-34496267571/godot-session/debug/runtime/captures/3d-recents-system-ui.json	docs/screenshots/android-34496267571/godot-session/debug/runtime/captures/3d-recents-system-ui.json
be2930f7a9fed8e32f970789a8a97dcf5cc8c3aac854067e1d45b546561c00ca	131424	/root/projects/PartyDeck/artifacts/evidence-storage/34496267571/android-jvm-reports/build/ci/android/godot-session/debug/runtime/captures/3d-standard-concealed.png	/root/projects/PartyDeck/artifacts/screenshot-queue-android-34496282263-34496267571-v1/payload/docs/screenshots/android-34496267571/godot-session/debug/runtime/captures/3d-standard-concealed.png	docs/screenshots/android-34496267571/godot-session/debug/runtime/captures/3d-standard-concealed.png
c466bffff65517652c6fae87a663581ccabdfb31497b3ead29c703a865c4ea06	16963	/root/projects/PartyDeck/artifacts/evidence-storage/34496267571/android-jvm-reports/build/ci/android/godot-session/debug/runtime/captures/3d-standard-concealed.xml	/root/projects/PartyDeck/artifacts/screenshot-queue-android-34496282263-34496267571-v1/payload/docs/screenshots/android-34496267571/godot-session/debug/runtime/captures/3d-standard-concealed.xml	docs/screenshots/android-34496267571/godot-session/debug/runtime/captures/3d-standard-concealed.xml
b5cbc87de784eb98d0652bf53ed340fd1ba2f1e69e69cd4901e5cfda026d4aaf	1888	/root/projects/PartyDeck/artifacts/evidence-storage/34496267571/android-jvm-reports/build/ci/android/godot-session/debug/runtime/captures/3d-standard-concealed.json	/root/projects/PartyDeck/artifacts/screenshot-queue-android-34496282263-34496267571-v1/payload/docs/screenshots/android-34496267571/godot-session/debug/runtime/captures/3d-standard-concealed.json	docs/screenshots/android-34496267571/godot-session/debug/runtime/captures/3d-standard-concealed.json
6358d0b0eaf365c2fbfe41c9479a34402fb60aae7db90389a7a6c0dcdb16cc10	128515	/root/projects/PartyDeck/artifacts/evidence-storage/34496267571/android-jvm-reports/build/ci/android/godot-session/debug/runtime/captures/3d-standard-first-card.png	/root/projects/PartyDeck/artifacts/screenshot-queue-android-34496282263-34496267571-v1/payload/docs/screenshots/android-34496267571/godot-session/debug/runtime/captures/3d-standard-first-card.png	docs/screenshots/android-34496267571/godot-session/debug/runtime/captures/3d-standard-first-card.png
a362a4dc347aa0c49f4d5d405237575ce130b7318e00c6b726ceb69aac106c4e	22172	/root/projects/PartyDeck/artifacts/evidence-storage/34496267571/android-jvm-reports/build/ci/android/godot-session/debug/runtime/captures/3d-standard-first-card.xml	/root/projects/PartyDeck/artifacts/screenshot-queue-android-34496282263-34496267571-v1/payload/docs/screenshots/android-34496267571/godot-session/debug/runtime/captures/3d-standard-first-card.xml	docs/screenshots/android-34496267571/godot-session/debug/runtime/captures/3d-standard-first-card.xml
2ee55bc0736e7fb13be3d8aab556897db77e4ffbfb0c808a51e799d377b16e29	1891	/root/projects/PartyDeck/artifacts/evidence-storage/34496267571/android-jvm-reports/build/ci/android/godot-session/debug/runtime/captures/3d-standard-first-card.json	/root/projects/PartyDeck/artifacts/screenshot-queue-android-34496282263-34496267571-v1/payload/docs/screenshots/android-34496267571/godot-session/debug/runtime/captures/3d-standard-first-card.json	docs/screenshots/android-34496267571/godot-session/debug/runtime/captures/3d-standard-first-card.json
be2930f7a9fed8e32f970789a8a97dcf5cc8c3aac854067e1d45b546561c00ca	131424	/root/projects/PartyDeck/artifacts/evidence-storage/34496267571/android-jvm-reports/build/ci/android/godot-session/debug/runtime/captures/3d-standard-public.png	/root/projects/PartyDeck/artifacts/screenshot-queue-android-34496282263-34496267571-v1/payload/docs/screenshots/android-34496267571/godot-session/debug/runtime/captures/3d-standard-public.png	docs/screenshots/android-34496267571/godot-session/debug/runtime/captures/3d-standard-public.png
c466bffff65517652c6fae87a663581ccabdfb31497b3ead29c703a865c4ea06	16963	/root/projects/PartyDeck/artifacts/evidence-storage/34496267571/android-jvm-reports/build/ci/android/godot-session/debug/runtime/captures/3d-standard-public.xml	/root/projects/PartyDeck/artifacts/screenshot-queue-android-34496282263-34496267571-v1/payload/docs/screenshots/android-34496267571/godot-session/debug/runtime/captures/3d-standard-public.xml	docs/screenshots/android-34496267571/godot-session/debug/runtime/captures/3d-standard-public.xml
676f1e8be12a1bf4d991ac33714218ee630244c52703285c065aef556ee90169	1879	/root/projects/PartyDeck/artifacts/evidence-storage/34496267571/android-jvm-reports/build/ci/android/godot-session/debug/runtime/captures/3d-standard-public.json	/root/projects/PartyDeck/artifacts/screenshot-queue-android-34496282263-34496267571-v1/payload/docs/screenshots/android-34496267571/godot-session/debug/runtime/captures/3d-standard-public.json	docs/screenshots/android-34496267571/godot-session/debug/runtime/captures/3d-standard-public.json
be2930f7a9fed8e32f970789a8a97dcf5cc8c3aac854067e1d45b546561c00ca	131424	/root/projects/PartyDeck/artifacts/evidence-storage/34496267571/android-jvm-reports/build/ci/android/godot-session/debug/runtime/captures/3d-standard-selection-cleared.png	/root/projects/PartyDeck/artifacts/screenshot-queue-android-34496282263-34496267571-v1/payload/docs/screenshots/android-34496267571/godot-session/debug/runtime/captures/3d-standard-selection-cleared.png	docs/screenshots/android-34496267571/godot-session/debug/runtime/captures/3d-standard-selection-cleared.png
c466bffff65517652c6fae87a663581ccabdfb31497b3ead29c703a865c4ea06	16963	/root/projects/PartyDeck/artifacts/evidence-storage/34496267571/android-jvm-reports/build/ci/android/godot-session/debug/runtime/captures/3d-standard-selection-cleared.xml	/root/projects/PartyDeck/artifacts/screenshot-queue-android-34496282263-34496267571-v1/payload/docs/screenshots/android-34496267571/godot-session/debug/runtime/captures/3d-standard-selection-cleared.xml	docs/screenshots/android-34496267571/godot-session/debug/runtime/captures/3d-standard-selection-cleared.xml
0e3ebc24c6f52f2fb87629990404a6c5048e56f4fedc71d674d9c58b5b0014f9	1912	/root/projects/PartyDeck/artifacts/evidence-storage/34496267571/android-jvm-reports/build/ci/android/godot-session/debug/runtime/captures/3d-standard-selection-cleared.json	/root/projects/PartyDeck/artifacts/screenshot-queue-android-34496282263-34496267571-v1/payload/docs/screenshots/android-34496267571/godot-session/debug/runtime/captures/3d-standard-selection-cleared.json	docs/screenshots/android-34496267571/godot-session/debug/runtime/captures/3d-standard-selection-cleared.json
6b7b4fd1b69e0d0c5b2ef67fcc112262dd76a9ff34147cfeeec3bb7d458651d9	132133	/root/projects/PartyDeck/artifacts/evidence-storage/34496267571/android-jvm-reports/build/ci/android/godot-session/debug/runtime/captures/home-cold.png	/root/projects/PartyDeck/artifacts/screenshot-queue-android-34496282263-34496267571-v1/payload/docs/screenshots/android-34496267571/godot-session/debug/runtime/captures/home-cold.png	docs/screenshots/android-34496267571/godot-session/debug/runtime/captures/home-cold.png
035b6df440c5a044f9cfc89bc6626f754d004d33bc190a8323bf905a7b3cdc8e	12578	/root/projects/PartyDeck/artifacts/evidence-storage/34496267571/android-jvm-reports/build/ci/android/godot-session/debug/runtime/captures/home-cold.xml	/root/projects/PartyDeck/artifacts/screenshot-queue-android-34496282263-34496267571-v1/payload/docs/screenshots/android-34496267571/godot-session/debug/runtime/captures/home-cold.xml	docs/screenshots/android-34496267571/godot-session/debug/runtime/captures/home-cold.xml
269d3e77c6d4604711714055a48a661a3c4f1c7eac8f17bee33578ad5374b893	1850	/root/projects/PartyDeck/artifacts/evidence-storage/34496267571/android-jvm-reports/build/ci/android/godot-session/debug/runtime/captures/home-cold.json	/root/projects/PartyDeck/artifacts/screenshot-queue-android-34496282263-34496267571-v1/payload/docs/screenshots/android-34496267571/godot-session/debug/runtime/captures/home-cold.json	docs/screenshots/android-34496267571/godot-session/debug/runtime/captures/home-cold.json
497cdb9b11f7b2a3634690291e53b5f0a6671e5871bb16fefa134e498e838922	101870	/root/projects/PartyDeck/artifacts/evidence-storage/34496267571/android-jvm-reports/build/ci/android/godot-session/optimized-test-signed/runtime/captures/2d-baseline-first-card.png	/root/projects/PartyDeck/artifacts/screenshot-queue-android-34496282263-34496267571-v1/payload/docs/screenshots/android-34496267571/godot-session/optimized-test-signed/runtime/captures/2d-baseline-first-card.png	docs/screenshots/android-34496267571/godot-session/optimized-test-signed/runtime/captures/2d-baseline-first-card.png
91b733be85d864aa8ae6cc5558c5c663ea38f77df685306236d5c8d2d7ecb443	20799	/root/projects/PartyDeck/artifacts/evidence-storage/34496267571/android-jvm-reports/build/ci/android/godot-session/optimized-test-signed/runtime/captures/2d-baseline-first-card.xml	/root/projects/PartyDeck/artifacts/screenshot-queue-android-34496282263-34496267571-v1/payload/docs/screenshots/android-34496267571/godot-session/optimized-test-signed/runtime/captures/2d-baseline-first-card.xml	docs/screenshots/android-34496267571/godot-session/optimized-test-signed/runtime/captures/2d-baseline-first-card.xml
8819a10330111797d3bb3472af66122b7c47e485f1ab829c4acf53f355b8d2f9	1896	/root/projects/PartyDeck/artifacts/evidence-storage/34496267571/android-jvm-reports/build/ci/android/godot-session/optimized-test-signed/runtime/captures/2d-baseline-first-card.json	/root/projects/PartyDeck/artifacts/screenshot-queue-android-34496282263-34496267571-v1/payload/docs/screenshots/android-34496267571/godot-session/optimized-test-signed/runtime/captures/2d-baseline-first-card.json	docs/screenshots/android-34496267571/godot-session/optimized-test-signed/runtime/captures/2d-baseline-first-card.json
7649a99e3846ae0e376b0d4002d4fc3194a281f6060693f3fe7fc501a296c7eb	109464	/root/projects/PartyDeck/artifacts/evidence-storage/34496267571/android-jvm-reports/build/ci/android/godot-session/optimized-test-signed/runtime/captures/2d-baseline-public.png	/root/projects/PartyDeck/artifacts/screenshot-queue-android-34496282263-34496267571-v1/payload/docs/screenshots/android-34496267571/godot-session/optimized-test-signed/runtime/captures/2d-baseline-public.png	docs/screenshots/android-34496267571/godot-session/optimized-test-signed/runtime/captures/2d-baseline-public.png
5bcf8af19b7adaaabd978e06090cb1570b785c50cc389631e93cf252e336c9be	15591	/root/projects/PartyDeck/artifacts/evidence-storage/34496267571/android-jvm-reports/build/ci/android/godot-session/optimized-test-signed/runtime/captures/2d-baseline-public.xml	/root/projects/PartyDeck/artifacts/screenshot-queue-android-34496282263-34496267571-v1/payload/docs/screenshots/android-34496267571/godot-session/optimized-test-signed/runtime/captures/2d-baseline-public.xml	docs/screenshots/android-34496267571/godot-session/optimized-test-signed/runtime/captures/2d-baseline-public.xml
7f585c8cb97b193dbd2e2a20c74ad96c34fbb0e566c84419d1aafee479df7c52	1884	/root/projects/PartyDeck/artifacts/evidence-storage/34496267571/android-jvm-reports/build/ci/android/godot-session/optimized-test-signed/runtime/captures/2d-baseline-public.json	/root/projects/PartyDeck/artifacts/screenshot-queue-android-34496282263-34496267571-v1/payload/docs/screenshots/android-34496267571/godot-session/optimized-test-signed/runtime/captures/2d-baseline-public.json	docs/screenshots/android-34496267571/godot-session/optimized-test-signed/runtime/captures/2d-baseline-public.json
484468e891521d70bf35c61a1362840908f9f9b798f5da97b37185222ebdf4bc	101066	/root/projects/PartyDeck/artifacts/evidence-storage/34496267571/android-jvm-reports/build/ci/android/godot-session/optimized-test-signed/runtime/captures/2d-baseline-selected.png	/root/projects/PartyDeck/artifacts/screenshot-queue-android-34496282263-34496267571-v1/payload/docs/screenshots/android-34496267571/godot-session/optimized-test-signed/runtime/captures/2d-baseline-selected.png	docs/screenshots/android-34496267571/godot-session/optimized-test-signed/runtime/captures/2d-baseline-selected.png
c51b8a79d8df7313d07b8ee5ce4a53463f0cfb2223df9795544e20962669547e	20793	/root/projects/PartyDeck/artifacts/evidence-storage/34496267571/android-jvm-reports/build/ci/android/godot-session/optimized-test-signed/runtime/captures/2d-baseline-selected.xml	/root/projects/PartyDeck/artifacts/screenshot-queue-android-34496282263-34496267571-v1/payload/docs/screenshots/android-34496267571/godot-session/optimized-test-signed/runtime/captures/2d-baseline-selected.xml	docs/screenshots/android-34496267571/godot-session/optimized-test-signed/runtime/captures/2d-baseline-selected.xml
6c394e681e645fb537fe48bbfa5b5cddc508f5124975728e2e06b9c0995f199f	1886	/root/projects/PartyDeck/artifacts/evidence-storage/34496267571/android-jvm-reports/build/ci/android/godot-session/optimized-test-signed/runtime/captures/2d-baseline-selected.json	/root/projects/PartyDeck/artifacts/screenshot-queue-android-34496282263-34496267571-v1/payload/docs/screenshots/android-34496267571/godot-session/optimized-test-signed/runtime/captures/2d-baseline-selected.json	docs/screenshots/android-34496267571/godot-session/optimized-test-signed/runtime/captures/2d-baseline-selected.json
ce6163994dec5a57de1f30d376fee74119f776a50f9f7283a9cff6cf189729f9	58255	/root/projects/PartyDeck/artifacts/evidence-storage/34496267571/android-jvm-reports/build/ci/android/godot-session/optimized-test-signed/runtime/captures/2d-entry-selector.png	/root/projects/PartyDeck/artifacts/screenshot-queue-android-34496282263-34496267571-v1/payload/docs/screenshots/android-34496267571/godot-session/optimized-test-signed/runtime/captures/2d-entry-selector.png	docs/screenshots/android-34496267571/godot-session/optimized-test-signed/runtime/captures/2d-entry-selector.png
a63cdeb42eb34c60fba2bcdc6f20e0583bf97e0db23a12cbb9b7b90ba2cb6f7e	8370	/root/projects/PartyDeck/artifacts/evidence-storage/34496267571/android-jvm-reports/build/ci/android/godot-session/optimized-test-signed/runtime/captures/2d-entry-selector.xml	/root/projects/PartyDeck/artifacts/screenshot-queue-android-34496282263-34496267571-v1/payload/docs/screenshots/android-34496267571/godot-session/optimized-test-signed/runtime/captures/2d-entry-selector.xml	docs/screenshots/android-34496267571/godot-session/optimized-test-signed/runtime/captures/2d-entry-selector.xml
fb1645762005e43769e966a79aa08945baa0578dc8f0ac0322d0cdf1c5becf02	1876	/root/projects/PartyDeck/artifacts/evidence-storage/34496267571/android-jvm-reports/build/ci/android/godot-session/optimized-test-signed/runtime/captures/2d-entry-selector.json	/root/projects/PartyDeck/artifacts/screenshot-queue-android-34496282263-34496267571-v1/payload/docs/screenshots/android-34496267571/godot-session/optimized-test-signed/runtime/captures/2d-entry-selector.json	docs/screenshots/android-34496267571/godot-session/optimized-test-signed/runtime/captures/2d-entry-selector.json
0c6c057379a9fa08c54297f6b2259bc8325bd97f6ae822df82f5efdbcd9846b8	109547	/root/projects/PartyDeck/artifacts/evidence-storage/34496267571/android-jvm-reports/build/ci/android/godot-session/optimized-test-signed/runtime/captures/final-diagnostic.png	/root/projects/PartyDeck/artifacts/screenshot-queue-android-34496282263-34496267571-v1/payload/docs/screenshots/android-34496267571/godot-session/optimized-test-signed/runtime/captures/final-diagnostic.png	docs/screenshots/android-34496267571/godot-session/optimized-test-signed/runtime/captures/final-diagnostic.png
5bcf8af19b7adaaabd978e06090cb1570b785c50cc389631e93cf252e336c9be	15591	/root/projects/PartyDeck/artifacts/evidence-storage/34496267571/android-jvm-reports/build/ci/android/godot-session/optimized-test-signed/runtime/captures/final-diagnostic.xml	/root/projects/PartyDeck/artifacts/screenshot-queue-android-34496282263-34496267571-v1/payload/docs/screenshots/android-34496267571/godot-session/optimized-test-signed/runtime/captures/final-diagnostic.xml	docs/screenshots/android-34496267571/godot-session/optimized-test-signed/runtime/captures/final-diagnostic.xml
5d7e156f4fa04f1b7046203b317dbab9d56c697b750b57979ddac20a6999b759	1873	/root/projects/PartyDeck/artifacts/evidence-storage/34496267571/android-jvm-reports/build/ci/android/godot-session/optimized-test-signed/runtime/captures/final-diagnostic.json	/root/projects/PartyDeck/artifacts/screenshot-queue-android-34496282263-34496267571-v1/payload/docs/screenshots/android-34496267571/godot-session/optimized-test-signed/runtime/captures/final-diagnostic.json	docs/screenshots/android-34496267571/godot-session/optimized-test-signed/runtime/captures/final-diagnostic.json
9de4cb4873d67484efe808c9ba06582d216b193b34684f8df7838e80b54a4519	132223	/root/projects/PartyDeck/artifacts/evidence-storage/34496267571/android-jvm-reports/build/ci/android/godot-session/optimized-test-signed/runtime/captures/home-cold.png	/root/projects/PartyDeck/artifacts/screenshot-queue-android-34496282263-34496267571-v1/payload/docs/screenshots/android-34496267571/godot-session/optimized-test-signed/runtime/captures/home-cold.png	docs/screenshots/android-34496267571/godot-session/optimized-test-signed/runtime/captures/home-cold.png
55e5edcbd8e91cd50fa9b2f46ab6bd62a9988170a9f47e17b68d84bb6e3a8a3b	12541	/root/projects/PartyDeck/artifacts/evidence-storage/34496267571/android-jvm-reports/build/ci/android/godot-session/optimized-test-signed/runtime/captures/home-cold.xml	/root/projects/PartyDeck/artifacts/screenshot-queue-android-34496282263-34496267571-v1/payload/docs/screenshots/android-34496267571/godot-session/optimized-test-signed/runtime/captures/home-cold.xml	docs/screenshots/android-34496267571/godot-session/optimized-test-signed/runtime/captures/home-cold.xml
fbb31371ddf9f1afc826ff208c4073eebb22114c659eb0d37ee78a2d144f108e	1854	/root/projects/PartyDeck/artifacts/evidence-storage/34496267571/android-jvm-reports/build/ci/android/godot-session/optimized-test-signed/runtime/captures/home-cold.json	/root/projects/PartyDeck/artifacts/screenshot-queue-android-34496282263-34496267571-v1/payload/docs/screenshots/android-34496267571/godot-session/optimized-test-signed/runtime/captures/home-cold.json	docs/screenshots/android-34496267571/godot-session/optimized-test-signed/runtime/captures/home-cold.json
c80f4f76bb6eecc39417efc7a7ceb8f8453b41d869938cecc1c42fe0f282487b	80638	/root/projects/PartyDeck/artifacts/evidence-storage/34496267571/android-jvm-reports/build/ci/android/optimized-test-signed/final-screen.png	/root/projects/PartyDeck/artifacts/screenshot-queue-android-34496282263-34496267571-v1/payload/docs/screenshots/android-34496267571/optimized-test-signed/final-screen.png	docs/screenshots/android-34496267571/optimized-test-signed/final-screen.png
5ebe67f78012ec1f0b9913aefe28e1132a46850f78992dd9ee8cf6c4163fa3a4	8640	/root/projects/PartyDeck/artifacts/evidence-storage/34496267571/android-jvm-reports/build/ci/android/optimized-test-signed/last-ui.xml	/root/projects/PartyDeck/artifacts/screenshot-queue-android-34496282263-34496267571-v1/payload/docs/screenshots/android-34496267571/optimized-test-signed/last-ui.xml	docs/screenshots/android-34496267571/optimized-test-signed/last-ui.xml
85aba12efbf2431b0cc360c17228892fd5026c57658a19d49ccbe0b79182ceaa	7215	/root/projects/PartyDeck/artifacts/evidence-storage/34496267571/android-jvm-reports/build/ci/android/optimized-test-signed/smoke-result.json	/root/projects/PartyDeck/artifacts/screenshot-queue-android-34496282263-34496267571-v1/payload/docs/screenshots/android-34496267571/optimized-test-signed/smoke-result.json	docs/screenshots/android-34496267571/optimized-test-signed/smoke-result.json
9cc853974947aa124343cfb022696403c45b33e1b139f905bdb00b52b702d89b	132220	/root/projects/PartyDeck/artifacts/evidence-storage/34496267571/android-jvm-reports/build/ci/android/optimized-test-signed/home.png	/root/projects/PartyDeck/artifacts/screenshot-queue-android-34496282263-34496267571-v1/payload/docs/screenshots/android-34496267571/optimized-test-signed/home.png	docs/screenshots/android-34496267571/optimized-test-signed/home.png
55e5edcbd8e91cd50fa9b2f46ab6bd62a9988170a9f47e17b68d84bb6e3a8a3b	12541	/root/projects/PartyDeck/artifacts/evidence-storage/34496267571/android-jvm-reports/build/ci/android/optimized-test-signed/home.xml	/root/projects/PartyDeck/artifacts/screenshot-queue-android-34496282263-34496267571-v1/payload/docs/screenshots/android-34496267571/optimized-test-signed/home.xml	docs/screenshots/android-34496267571/optimized-test-signed/home.xml
e66e6e28a728c5bca941b2d131aed261501ba071788170e078c655e2fa83c474	101535	/root/projects/PartyDeck/artifacts/evidence-storage/34496267571/android-jvm-reports/build/ci/android/optimized-test-signed/host-after-share.png	/root/projects/PartyDeck/artifacts/screenshot-queue-android-34496282263-34496267571-v1/payload/docs/screenshots/android-34496267571/optimized-test-signed/host-after-share.png	docs/screenshots/android-34496267571/optimized-test-signed/host-after-share.png
5eb953a1e1a241f4d44630b0fec9a4472454cafe978bc6be1dd49515e2f2c510	12363	/root/projects/PartyDeck/artifacts/evidence-storage/34496267571/android-jvm-reports/build/ci/android/optimized-test-signed/host-after-share.xml	/root/projects/PartyDeck/artifacts/screenshot-queue-android-34496282263-34496267571-v1/payload/docs/screenshots/android-34496267571/optimized-test-signed/host-after-share.xml	docs/screenshots/android-34496267571/optimized-test-signed/host-after-share.xml
eead1617c30b002ff7a5392a8243568ac161bb059f8657be3bebb08e814ef4b3	101442	/root/projects/PartyDeck/artifacts/evidence-storage/34496267571/android-jvm-reports/build/ci/android/optimized-test-signed/host-lobby.png	/root/projects/PartyDeck/artifacts/screenshot-queue-android-34496282263-34496267571-v1/payload/docs/screenshots/android-34496267571/optimized-test-signed/host-lobby.png	docs/screenshots/android-34496267571/optimized-test-signed/host-lobby.png
5eb953a1e1a241f4d44630b0fec9a4472454cafe978bc6be1dd49515e2f2c510	12363	/root/projects/PartyDeck/artifacts/evidence-storage/34496267571/android-jvm-reports/build/ci/android/optimized-test-signed/host-lobby.xml	/root/projects/PartyDeck/artifacts/screenshot-queue-android-34496282263-34496267571-v1/payload/docs/screenshots/android-34496267571/optimized-test-signed/host-lobby.xml	docs/screenshots/android-34496267571/optimized-test-signed/host-lobby.xml
a233590c6838658e6a14f28b4c10847e9211b970aad50f16f66533fcbcd9412a	131732	/root/projects/PartyDeck/artifacts/evidence-storage/34496267571/android-jvm-reports/build/ci/android/optimized-test-signed/host-returned-home.png	/root/projects/PartyDeck/artifacts/screenshot-queue-android-34496282263-34496267571-v1/payload/docs/screenshots/android-34496267571/optimized-test-signed/host-returned-home.png	docs/screenshots/android-34496267571/optimized-test-signed/host-returned-home.png
55e5edcbd8e91cd50fa9b2f46ab6bd62a9988170a9f47e17b68d84bb6e3a8a3b	12541	/root/projects/PartyDeck/artifacts/evidence-storage/34496267571/android-jvm-reports/build/ci/android/optimized-test-signed/host-returned-home.xml	/root/projects/PartyDeck/artifacts/screenshot-queue-android-34496282263-34496267571-v1/payload/docs/screenshots/android-34496267571/optimized-test-signed/host-returned-home.xml	docs/screenshots/android-34496267571/optimized-test-signed/host-returned-home.xml
abd9ded4f5c2c21beb22b31d70897b4454cae0dddae79bf495cd868ffcff3125	95526	/root/projects/PartyDeck/artifacts/evidence-storage/34496267571/android-jvm-reports/build/ci/android/optimized-test-signed/join-invalid.png	/root/projects/PartyDeck/artifacts/screenshot-queue-android-34496282263-34496267571-v1/payload/docs/screenshots/android-34496267571/optimized-test-signed/join-invalid.png	docs/screenshots/android-34496267571/optimized-test-signed/join-invalid.png
c448155331e732fbc0e4f7b3b6be4f37c18c0ad44201e642e50a8f79acda97b0	10469	/root/projects/PartyDeck/artifacts/evidence-storage/34496267571/android-jvm-reports/build/ci/android/optimized-test-signed/join-invalid.xml	/root/projects/PartyDeck/artifacts/screenshot-queue-android-34496282263-34496267571-v1/payload/docs/screenshots/android-34496267571/optimized-test-signed/join-invalid.xml	docs/screenshots/android-34496267571/optimized-test-signed/join-invalid.xml
ff327306b769a409adee02bb2bb8327b42cb6867e4fa618359cfe45ef53c2269	100799	/root/projects/PartyDeck/artifacts/evidence-storage/34496267571/android-jvm-reports/build/ci/android/optimized-test-signed/join-name-soft-ime.png	/root/projects/PartyDeck/artifacts/screenshot-queue-android-34496282263-34496267571-v1/payload/docs/screenshots/android-34496267571/optimized-test-signed/join-name-soft-ime.png	docs/screenshots/android-34496267571/optimized-test-signed/join-name-soft-ime.png
c73cbf8ca26999ebd0e3f40fd7b0a77ae854ade5f73a64d864ed50a24d74eb1b	8688	/root/projects/PartyDeck/artifacts/evidence-storage/34496267571/android-jvm-reports/build/ci/android/optimized-test-signed/join-name-soft-ime.xml	/root/projects/PartyDeck/artifacts/screenshot-queue-android-34496282263-34496267571-v1/payload/docs/screenshots/android-34496267571/optimized-test-signed/join-name-soft-ime.xml	docs/screenshots/android-34496267571/optimized-test-signed/join-name-soft-ime.xml
8ef855a0b7ed4a45101085a130b3ca9d5f789f9ad9a515b7cb67d18bea174836	82274	/root/projects/PartyDeck/artifacts/evidence-storage/34496267571/android-jvm-reports/build/ci/android/optimized-test-signed/large-text-home-actions.png	/root/projects/PartyDeck/artifacts/screenshot-queue-android-34496282263-34496267571-v1/payload/docs/screenshots/android-34496267571/optimized-test-signed/large-text-home-actions.png	docs/screenshots/android-34496267571/optimized-test-signed/large-text-home-actions.png
81bd969414da46001b9d2b6b64ab42d8da20a58fed644150d81766f9b405e422	8639	/root/projects/PartyDeck/artifacts/evidence-storage/34496267571/android-jvm-reports/build/ci/android/optimized-test-signed/large-text-home-actions.xml	/root/projects/PartyDeck/artifacts/screenshot-queue-android-34496282263-34496267571-v1/payload/docs/screenshots/android-34496267571/optimized-test-signed/large-text-home-actions.xml	docs/screenshots/android-34496267571/optimized-test-signed/large-text-home-actions.xml
ee855362ccd69128d69fc94320c535967cd0d3abeebbd4e550b3094583071fb0	114642	/root/projects/PartyDeck/artifacts/evidence-storage/34496267571/android-jvm-reports/build/ci/android/optimized-test-signed/large-text-join-invalid.png	/root/projects/PartyDeck/artifacts/screenshot-queue-android-34496282263-34496267571-v1/payload/docs/screenshots/android-34496267571/optimized-test-signed/large-text-join-invalid.png	docs/screenshots/android-34496267571/optimized-test-signed/large-text-join-invalid.png
e1f82803aa9c336aabe5cfd0efd3ec8e666126dabe640344f1f24eebcd05f6b5	8097	/root/projects/PartyDeck/artifacts/evidence-storage/34496267571/android-jvm-reports/build/ci/android/optimized-test-signed/large-text-join-invalid.xml	/root/projects/PartyDeck/artifacts/screenshot-queue-android-34496282263-34496267571-v1/payload/docs/screenshots/android-34496267571/optimized-test-signed/large-text-join-invalid.xml	docs/screenshots/android-34496267571/optimized-test-signed/large-text-join-invalid.xml
1bd32f0774a27517078c4b499b05d52c9fb76961f221d5e804c8805f5f3a5a31	123685	/root/projects/PartyDeck/artifacts/evidence-storage/34496267571/android-jvm-reports/build/ci/android/optimized-test-signed/large-text-join-name-soft-ime.png	/root/projects/PartyDeck/artifacts/screenshot-queue-android-34496282263-34496267571-v1/payload/docs/screenshots/android-34496267571/optimized-test-signed/large-text-join-name-soft-ime.png	docs/screenshots/android-34496267571/optimized-test-signed/large-text-join-name-soft-ime.png
786507915f34f846ef76cf3f30ad0597c29771e755e359395e789c746fa8ab19	5093	/root/projects/PartyDeck/artifacts/evidence-storage/34496267571/android-jvm-reports/build/ci/android/optimized-test-signed/large-text-join-name-soft-ime.xml	/root/projects/PartyDeck/artifacts/screenshot-queue-android-34496282263-34496267571-v1/payload/docs/screenshots/android-34496267571/optimized-test-signed/large-text-join-name-soft-ime.xml	docs/screenshots/android-34496267571/optimized-test-signed/large-text-join-name-soft-ime.xml
bf4cf7140a0d531baea118b993b2892d1161513f4fb7adf5a0e56cf306031369	83774	/root/projects/PartyDeck/artifacts/evidence-storage/34496267571/android-jvm-reports/build/ci/android/optimized-test-signed/large-text-play-action.png	/root/projects/PartyDeck/artifacts/screenshot-queue-android-34496282263-34496267571-v1/payload/docs/screenshots/android-34496267571/optimized-test-signed/large-text-play-action.png	docs/screenshots/android-34496267571/optimized-test-signed/large-text-play-action.png
b5970f090214352338027c2c918fc16f038311cf7b6de9d283c6988fc4ac5c75	16050	/root/projects/PartyDeck/artifacts/evidence-storage/34496267571/android-jvm-reports/build/ci/android/optimized-test-signed/large-text-play-action.xml	/root/projects/PartyDeck/artifacts/screenshot-queue-android-34496282263-34496267571-v1/payload/docs/screenshots/android-34496267571/optimized-test-signed/large-text-play-action.xml	docs/screenshots/android-34496267571/optimized-test-signed/large-text-play-action.xml
f77c1a035c0a2403f8c57e6b2ed689a3ab18c2b1bb7a4ba490b16914a0e4df01	80723	/root/projects/PartyDeck/artifacts/evidence-storage/34496267571/android-jvm-reports/build/ci/android/optimized-test-signed/large-text-private-hand.png	/root/projects/PartyDeck/artifacts/screenshot-queue-android-34496282263-34496267571-v1/payload/docs/screenshots/android-34496267571/optimized-test-signed/large-text-private-hand.png	docs/screenshots/android-34496267571/optimized-test-signed/large-text-private-hand.png
472457278dac8e096bf9464725c5150115c30ab642bfb8877a5c1d1477fad295	17344	/root/projects/PartyDeck/artifacts/evidence-storage/34496267571/android-jvm-reports/build/ci/android/optimized-test-signed/large-text-private-hand.xml	/root/projects/PartyDeck/artifacts/screenshot-queue-android-34496282263-34496267571-v1/payload/docs/screenshots/android-34496267571/optimized-test-signed/large-text-private-hand.xml	docs/screenshots/android-34496267571/optimized-test-signed/large-text-private-hand.xml
8498a17cb393e4b1956cc2cf3eb51ece19c144ee0c57c6a5b3b8f1ab0c06f216	136246	/root/projects/PartyDeck/artifacts/evidence-storage/34496267571/android-jvm-reports/build/ci/android/optimized-test-signed/large-text-rules-intro.png	/root/projects/PartyDeck/artifacts/screenshot-queue-android-34496282263-34496267571-v1/payload/docs/screenshots/android-34496267571/optimized-test-signed/large-text-rules-intro.png	docs/screenshots/android-34496267571/optimized-test-signed/large-text-rules-intro.png
287fbd2ce4438994719769ed6834aa172c68fe1e1ee84df70326956d0e0a702f	7150	/root/projects/PartyDeck/artifacts/evidence-storage/34496267571/android-jvm-reports/build/ci/android/optimized-test-signed/large-text-rules-intro.xml	/root/projects/PartyDeck/artifacts/screenshot-queue-android-34496282263-34496267571-v1/payload/docs/screenshots/android-34496267571/optimized-test-signed/large-text-rules-intro.xml	docs/screenshots/android-34496267571/optimized-test-signed/large-text-rules-intro.xml
7fb8c45a60b837ba5f29b48d8edbe3a7e7dd73615c91a76a47f07c8bc93805db	149974	/root/projects/PartyDeck/artifacts/evidence-storage/34496267571/android-jvm-reports/build/ci/android/optimized-test-signed/large-text-rules-last-step.png	/root/projects/PartyDeck/artifacts/screenshot-queue-android-34496282263-34496267571-v1/payload/docs/screenshots/android-34496267571/optimized-test-signed/large-text-rules-last-step.png	docs/screenshots/android-34496267571/optimized-test-signed/large-text-rules-last-step.png
e07172861860fa62294d49981c9248ae045d96082ddad4f3bacb50ca4d7f59d4	5662	/root/projects/PartyDeck/artifacts/evidence-storage/34496267571/android-jvm-reports/build/ci/android/optimized-test-signed/large-text-rules-last-step.xml	/root/projects/PartyDeck/artifacts/screenshot-queue-android-34496282263-34496267571-v1/payload/docs/screenshots/android-34496267571/optimized-test-signed/large-text-rules-last-step.xml	docs/screenshots/android-34496267571/optimized-test-signed/large-text-rules-last-step.xml
568e4cb6690c7e53bea47423ea550ae858cad070ce0f9d2823475aea123a5633	124737	/root/projects/PartyDeck/artifacts/evidence-storage/34496267571/android-jvm-reports/build/ci/android/optimized-test-signed/large-text-rules-practice-action.png	/root/projects/PartyDeck/artifacts/screenshot-queue-android-34496282263-34496267571-v1/payload/docs/screenshots/android-34496267571/optimized-test-signed/large-text-rules-practice-action.png	docs/screenshots/android-34496267571/optimized-test-signed/large-text-rules-practice-action.png
6f6a5336d96499535fb55f623835cf157a539011219f0257cbc8d1e24cda3204	5560	/root/projects/PartyDeck/artifacts/evidence-storage/34496267571/android-jvm-reports/build/ci/android/optimized-test-signed/large-text-rules-practice-action.xml	/root/projects/PartyDeck/artifacts/screenshot-queue-android-34496282263-34496267571-v1/payload/docs/screenshots/android-34496267571/optimized-test-signed/large-text-rules-practice-action.xml	docs/screenshots/android-34496267571/optimized-test-signed/large-text-rules-practice-action.xml
da3474d2adbb74775c817dc8bb0d85e37ac37d00bb04999ae3eb475ad6a654d3	124213	/root/projects/PartyDeck/artifacts/evidence-storage/34496267571/android-jvm-reports/build/ci/android/optimized-test-signed/large-text-rules-practice-entered.png	/root/projects/PartyDeck/artifacts/screenshot-queue-android-34496282263-34496267571-v1/payload/docs/screenshots/android-34496267571/optimized-test-signed/large-text-rules-practice-entered.png	docs/screenshots/android-34496267571/optimized-test-signed/large-text-rules-practice-entered.png
3d0c5d22b01c0fbd523e0345ba41470a3451e98ec45f72c873444cb2fd5cc842	13874	/root/projects/PartyDeck/artifacts/evidence-storage/34496267571/android-jvm-reports/build/ci/android/optimized-test-signed/large-text-rules-practice-entered.xml	/root/projects/PartyDeck/artifacts/screenshot-queue-android-34496282263-34496267571-v1/payload/docs/screenshots/android-34496267571/optimized-test-signed/large-text-rules-practice-entered.xml	docs/screenshots/android-34496267571/optimized-test-signed/large-text-rules-practice-entered.xml
3214f3cbffe3e30297825ed09e757850667c9e93be0e9bb3740718c0db030ad7	80559	/root/projects/PartyDeck/artifacts/evidence-storage/34496267571/android-jvm-reports/build/ci/android/optimized-test-signed/large-text-rules-returned-home.png	/root/projects/PartyDeck/artifacts/screenshot-queue-android-34496282263-34496267571-v1/payload/docs/screenshots/android-34496267571/optimized-test-signed/large-text-rules-returned-home.png	docs/screenshots/android-34496267571/optimized-test-signed/large-text-rules-returned-home.png
5ebe67f78012ec1f0b9913aefe28e1132a46850f78992dd9ee8cf6c4163fa3a4	8640	/root/projects/PartyDeck/artifacts/evidence-storage/34496267571/android-jvm-reports/build/ci/android/optimized-test-signed/large-text-rules-returned-home.xml	/root/projects/PartyDeck/artifacts/screenshot-queue-android-34496282263-34496267571-v1/payload/docs/screenshots/android-34496267571/optimized-test-signed/large-text-rules-returned-home.xml	docs/screenshots/android-34496267571/optimized-test-signed/large-text-rules-returned-home.xml
176dc890ab0637b5fb3a05346826541f21e4afdbe7bd6b55259fa5b7b00b443a	122522	/root/projects/PartyDeck/artifacts/evidence-storage/34496267571/android-jvm-reports/build/ci/android/optimized-test-signed/large-text-settings.png	/root/projects/PartyDeck/artifacts/screenshot-queue-android-34496282263-34496267571-v1/payload/docs/screenshots/android-34496267571/optimized-test-signed/large-text-settings.png	docs/screenshots/android-34496267571/optimized-test-signed/large-text-settings.png
b1b35cfac5af8a3992387f96476b28b00fc518e9cc7ac1f8c555a591b65d0c57	10750	/root/projects/PartyDeck/artifacts/evidence-storage/34496267571/android-jvm-reports/build/ci/android/optimized-test-signed/large-text-settings.xml	/root/projects/PartyDeck/artifacts/screenshot-queue-android-34496282263-34496267571-v1/payload/docs/screenshots/android-34496267571/optimized-test-signed/large-text-settings.xml	docs/screenshots/android-34496267571/optimized-test-signed/large-text-settings.xml
a27b3bdca1dc6f81c60bf73e24f1eb30ee29b25e6a1908947897cb7872921cc2	114183	/root/projects/PartyDeck/artifacts/evidence-storage/34496267571/android-jvm-reports/build/ci/android/optimized-test-signed/practice-after-play.png	/root/projects/PartyDeck/artifacts/screenshot-queue-android-34496282263-34496267571-v1/payload/docs/screenshots/android-34496267571/optimized-test-signed/practice-after-play.png	docs/screenshots/android-34496267571/optimized-test-signed/practice-after-play.png
2469173f344be18c557c7225c05171855e436b8b96a5ff632a871080bb4a6df3	21793	/root/projects/PartyDeck/artifacts/evidence-storage/34496267571/android-jvm-reports/build/ci/android/optimized-test-signed/practice-after-play.xml	/root/projects/PartyDeck/artifacts/screenshot-queue-android-34496282263-34496267571-v1/payload/docs/screenshots/android-34496267571/optimized-test-signed/practice-after-play.xml	docs/screenshots/android-34496267571/optimized-test-signed/practice-after-play.xml
db3fd03ebf4c5e0c892dd784cccf1a13313f86085871757877af505acc4b73a4	131651	/root/projects/PartyDeck/artifacts/evidence-storage/34496267571/android-jvm-reports/build/ci/android/optimized-test-signed/practice-concealed.png	/root/projects/PartyDeck/artifacts/screenshot-queue-android-34496282263-34496267571-v1/payload/docs/screenshots/android-34496267571/optimized-test-signed/practice-concealed.png	docs/screenshots/android-34496267571/optimized-test-signed/practice-concealed.png
d418709f71033d449b41e31998ad8e307631dabfe7038be9261e5fac4c937a24	17895	/root/projects/PartyDeck/artifacts/evidence-storage/34496267571/android-jvm-reports/build/ci/android/optimized-test-signed/practice-concealed.xml	/root/projects/PartyDeck/artifacts/screenshot-queue-android-34496282263-34496267571-v1/payload/docs/screenshots/android-34496267571/optimized-test-signed/practice-concealed.xml	docs/screenshots/android-34496267571/optimized-test-signed/practice-concealed.xml
de91635a3ee68d1c37e7f8dcb9f9fc86f310ceccd0775aedfd9f9802323d451c	131431	/root/projects/PartyDeck/artifacts/evidence-storage/34496267571/android-jvm-reports/build/ci/android/optimized-test-signed/practice-resumed-concealed.png	/root/projects/PartyDeck/artifacts/screenshot-queue-android-34496282263-34496267571-v1/payload/docs/screenshots/android-34496267571/optimized-test-signed/practice-resumed-concealed.png	docs/screenshots/android-34496267571/optimized-test-signed/practice-resumed-concealed.png
9f481559f4112ed5ba715bf2d82fc0e8f72f854b1a978f4ecb5e86b9e37e60d9	17895	/root/projects/PartyDeck/artifacts/evidence-storage/34496267571/android-jvm-reports/build/ci/android/optimized-test-signed/practice-resumed-concealed.xml	/root/projects/PartyDeck/artifacts/screenshot-queue-android-34496282263-34496267571-v1/payload/docs/screenshots/android-34496267571/optimized-test-signed/practice-resumed-concealed.xml	docs/screenshots/android-34496267571/optimized-test-signed/practice-resumed-concealed.xml
bd1ad9709e4d27a52c0798cb5ead72bda63347b7a3ed98f2966c8a46ec559708	131637	/root/projects/PartyDeck/artifacts/evidence-storage/34496267571/android-jvm-reports/build/ci/android/optimized-test-signed/practice-returned-home.png	/root/projects/PartyDeck/artifacts/screenshot-queue-android-34496282263-34496267571-v1/payload/docs/screenshots/android-34496267571/optimized-test-signed/practice-returned-home.png	docs/screenshots/android-34496267571/optimized-test-signed/practice-returned-home.png
55e5edcbd8e91cd50fa9b2f46ab6bd62a9988170a9f47e17b68d84bb6e3a8a3b	12541	/root/projects/PartyDeck/artifacts/evidence-storage/34496267571/android-jvm-reports/build/ci/android/optimized-test-signed/practice-returned-home.xml	/root/projects/PartyDeck/artifacts/screenshot-queue-android-34496282263-34496267571-v1/payload/docs/screenshots/android-34496267571/optimized-test-signed/practice-returned-home.xml	docs/screenshots/android-34496267571/optimized-test-signed/practice-returned-home.xml
ca2acb560689ca7c34dc4fd61f43c1f486c9f8afc550bacfef4b9a28aba0d276	127129	/root/projects/PartyDeck/artifacts/evidence-storage/34496267571/android-jvm-reports/build/ci/android/optimized-test-signed/practice-selected.png	/root/projects/PartyDeck/artifacts/screenshot-queue-android-34496282263-34496267571-v1/payload/docs/screenshots/android-34496267571/optimized-test-signed/practice-selected.png	docs/screenshots/android-34496267571/optimized-test-signed/practice-selected.png
285c07241cd9d9d6d70a9d59230839102af6f6b47ecb69b67449efaa57ea2f65	23098	/root/projects/PartyDeck/artifacts/evidence-storage/34496267571/android-jvm-reports/build/ci/android/optimized-test-signed/practice-selected.xml	/root/projects/PartyDeck/artifacts/screenshot-queue-android-34496282263-34496267571-v1/payload/docs/screenshots/android-34496267571/optimized-test-signed/practice-selected.xml	docs/screenshots/android-34496267571/optimized-test-signed/practice-selected.xml
c1b0a1703cadba77a8595d50a150b77aa5a0ef3da8eda50c9026c667a6c76d0b	150913	/root/projects/PartyDeck/artifacts/evidence-storage/34496267571/android-jvm-reports/build/ci/android/optimized-test-signed/rules-intro.png	/root/projects/PartyDeck/artifacts/screenshot-queue-android-34496282263-34496267571-v1/payload/docs/screenshots/android-34496267571/optimized-test-signed/rules-intro.png	docs/screenshots/android-34496267571/optimized-test-signed/rules-intro.png
573f8e2d326aa986d01b5368dabb977f9d17a0a60599d6f8bbe16526802d426e	10466	/root/projects/PartyDeck/artifacts/evidence-storage/34496267571/android-jvm-reports/build/ci/android/optimized-test-signed/rules-intro.xml	/root/projects/PartyDeck/artifacts/screenshot-queue-android-34496282263-34496267571-v1/payload/docs/screenshots/android-34496267571/optimized-test-signed/rules-intro.xml	docs/screenshots/android-34496267571/optimized-test-signed/rules-intro.xml
840dfac8cbfc170faff0ad4bd506cfa814aa87332577713b3938bffb6d45c742	158363	/root/projects/PartyDeck/artifacts/evidence-storage/34496267571/android-jvm-reports/build/ci/android/optimized-test-signed/rules-last-step.png	/root/projects/PartyDeck/artifacts/screenshot-queue-android-34496282263-34496267571-v1/payload/docs/screenshots/android-34496267571/optimized-test-signed/rules-last-step.png	docs/screenshots/android-34496267571/optimized-test-signed/rules-last-step.png
20ce6ac31f5ea2afe1904eee038b0ae072ade55d66e96dd1e0c5f4f5af1f5138	10274	/root/projects/PartyDeck/artifacts/evidence-storage/34496267571/android-jvm-reports/build/ci/android/optimized-test-signed/rules-last-step.xml	/root/projects/PartyDeck/artifacts/screenshot-queue-android-34496282263-34496267571-v1/payload/docs/screenshots/android-34496267571/optimized-test-signed/rules-last-step.xml	docs/screenshots/android-34496267571/optimized-test-signed/rules-last-step.xml
1c6516571113c0636845a8d2ea5737bf68252daf0c429a4c733fbe0d196e426d	143921	/root/projects/PartyDeck/artifacts/evidence-storage/34496267571/android-jvm-reports/build/ci/android/optimized-test-signed/rules-practice-action.png	/root/projects/PartyDeck/artifacts/screenshot-queue-android-34496282263-34496267571-v1/payload/docs/screenshots/android-34496267571/optimized-test-signed/rules-practice-action.png	docs/screenshots/android-34496267571/optimized-test-signed/rules-practice-action.png
ae5b066313cc806ca10f8fc67062a8c752296fe6583317a9042c780cc3b76f3a	9851	/root/projects/PartyDeck/artifacts/evidence-storage/34496267571/android-jvm-reports/build/ci/android/optimized-test-signed/rules-practice-action.xml	/root/projects/PartyDeck/artifacts/screenshot-queue-android-34496282263-34496267571-v1/payload/docs/screenshots/android-34496267571/optimized-test-signed/rules-practice-action.xml	docs/screenshots/android-34496267571/optimized-test-signed/rules-practice-action.xml
7e6375f96e339c22e1144da52ff5a3abdc0b6386c551b3422dff078ac8269839	128937	/root/projects/PartyDeck/artifacts/evidence-storage/34496267571/android-jvm-reports/build/ci/android/optimized-test-signed/rules-practice-entered.png	/root/projects/PartyDeck/artifacts/screenshot-queue-android-34496282263-34496267571-v1/payload/docs/screenshots/android-34496267571/optimized-test-signed/rules-practice-entered.png	docs/screenshots/android-34496267571/optimized-test-signed/rules-practice-entered.png
8d92b1dd0371e1a58eba27c22d279f64afed9cc042128231bc4152960adec0b8	16924	/root/projects/PartyDeck/artifacts/evidence-storage/34496267571/android-jvm-reports/build/ci/android/optimized-test-signed/rules-practice-entered.xml	/root/projects/PartyDeck/artifacts/screenshot-queue-android-34496282263-34496267571-v1/payload/docs/screenshots/android-34496267571/optimized-test-signed/rules-practice-entered.xml	docs/screenshots/android-34496267571/optimized-test-signed/rules-practice-entered.xml
0219bc0f17844e1d1ecae4426ef327a517408b82200d22898a18cfc387ef7927	132703	/root/projects/PartyDeck/artifacts/evidence-storage/34496267571/android-jvm-reports/build/ci/android/optimized-test-signed/rules-returned-home.png	/root/projects/PartyDeck/artifacts/screenshot-queue-android-34496282263-34496267571-v1/payload/docs/screenshots/android-34496267571/optimized-test-signed/rules-returned-home.png	docs/screenshots/android-34496267571/optimized-test-signed/rules-returned-home.png
55e5edcbd8e91cd50fa9b2f46ab6bd62a9988170a9f47e17b68d84bb6e3a8a3b	12541	/root/projects/PartyDeck/artifacts/evidence-storage/34496267571/android-jvm-reports/build/ci/android/optimized-test-signed/rules-returned-home.xml	/root/projects/PartyDeck/artifacts/screenshot-queue-android-34496282263-34496267571-v1/payload/docs/screenshots/android-34496267571/optimized-test-signed/rules-returned-home.xml	docs/screenshots/android-34496267571/optimized-test-signed/rules-returned-home.xml
004840352291679445f8e35264f9b07078afbdcd0f0cf991be1aa02859f5821c	120124	/root/projects/PartyDeck/artifacts/evidence-storage/34496267571/android-jvm-reports/build/ci/android/optimized-test-signed/settings-changed.png	/root/projects/PartyDeck/artifacts/screenshot-queue-android-34496282263-34496267571-v1/payload/docs/screenshots/android-34496267571/optimized-test-signed/settings-changed.png	docs/screenshots/android-34496267571/optimized-test-signed/settings-changed.png
686976e59566e5d9a98e9e198d5d2444800981c4d3bc9c7004ccec30d93cc264	13177	/root/projects/PartyDeck/artifacts/evidence-storage/34496267571/android-jvm-reports/build/ci/android/optimized-test-signed/settings-changed.xml	/root/projects/PartyDeck/artifacts/screenshot-queue-android-34496282263-34496267571-v1/payload/docs/screenshots/android-34496267571/optimized-test-signed/settings-changed.xml	docs/screenshots/android-34496267571/optimized-test-signed/settings-changed.xml
4e80836bf95f272b4a39a9d1e422de2966a188a2794a97364f10d5a48fc9191a	119937	/root/projects/PartyDeck/artifacts/evidence-storage/34496267571/android-jvm-reports/build/ci/android/optimized-test-signed/settings-persisted.png	/root/projects/PartyDeck/artifacts/screenshot-queue-android-34496282263-34496267571-v1/payload/docs/screenshots/android-34496267571/optimized-test-signed/settings-persisted.png	docs/screenshots/android-34496267571/optimized-test-signed/settings-persisted.png
686976e59566e5d9a98e9e198d5d2444800981c4d3bc9c7004ccec30d93cc264	13177	/root/projects/PartyDeck/artifacts/evidence-storage/34496267571/android-jvm-reports/build/ci/android/optimized-test-signed/settings-persisted.xml	/root/projects/PartyDeck/artifacts/screenshot-queue-android-34496282263-34496267571-v1/payload/docs/screenshots/android-34496267571/optimized-test-signed/settings-persisted.xml	docs/screenshots/android-34496267571/optimized-test-signed/settings-persisted.xml
0219bc0f17844e1d1ecae4426ef327a517408b82200d22898a18cfc387ef7927	132703	/root/projects/PartyDeck/artifacts/evidence-storage/34496267571/android-jvm-reports/build/ci/android/optimized-test-signed/settings-return-home.png	/root/projects/PartyDeck/artifacts/screenshot-queue-android-34496282263-34496267571-v1/payload/docs/screenshots/android-34496267571/optimized-test-signed/settings-return-home.png	docs/screenshots/android-34496267571/optimized-test-signed/settings-return-home.png
55e5edcbd8e91cd50fa9b2f46ab6bd62a9988170a9f47e17b68d84bb6e3a8a3b	12541	/root/projects/PartyDeck/artifacts/evidence-storage/34496267571/android-jvm-reports/build/ci/android/optimized-test-signed/settings-return-home.xml	/root/projects/PartyDeck/artifacts/screenshot-queue-android-34496282263-34496267571-v1/payload/docs/screenshots/android-34496267571/optimized-test-signed/settings-return-home.xml	docs/screenshots/android-34496267571/optimized-test-signed/settings-return-home.xml
68abd57854590ac8d644b992c3013d1da18b5d8936e015fa85f798d2e50fc5de	755431	/root/projects/PartyDeck/artifacts/evidence-storage/34496267571/android-jvm-reports/build/ci/android/preparation/attempt-1/final-screen.png	/root/projects/PartyDeck/artifacts/screenshot-queue-android-34496282263-34496267571-v1/payload/docs/screenshots/android-34496267571/preparation/attempt-1/final-screen.png	docs/screenshots/android-34496267571/preparation/attempt-1/final-screen.png
8368501c54f23a1bc0ba046b0af807ffed78270760e285a07204f4632fa97853	9271	/root/projects/PartyDeck/artifacts/evidence-storage/34496267571/android-jvm-reports/build/ci/android/preparation/attempt-1/last-ui.xml	/root/projects/PartyDeck/artifacts/screenshot-queue-android-34496282263-34496267571-v1/payload/docs/screenshots/android-34496267571/preparation/attempt-1/last-ui.xml	docs/screenshots/android-34496267571/preparation/attempt-1/last-ui.xml
3ddaca6c43c980e337352c833c55ebe68a143ba3a4e17a32d9c85435c482ffb3	249	/root/projects/PartyDeck/artifacts/evidence-storage/34496267571/android-jvm-reports/build/ci/android/preparation/attempt-1/preparation-attempt.json	/root/projects/PartyDeck/artifacts/screenshot-queue-android-34496282263-34496267571-v1/payload/docs/screenshots/android-34496267571/preparation/attempt-1/preparation-attempt.json	docs/screenshots/android-34496267571/preparation/attempt-1/preparation-attempt.json
52c54d147efe0328c4194122b2a7683a10f6f2c33712e897480662dc6dedec26	31335	/root/projects/PartyDeck/artifacts/evidence-storage/34496267571/android-jvm-reports/composeApp/build/ui-snapshots/game-bluff-with-wild.png	/root/projects/PartyDeck/artifacts/screenshot-queue-android-34496282263-34496267571-v1/payload/docs/screenshots/android-34496267571/compose-jvm/game-bluff-with-wild.png	docs/screenshots/android-34496267571/compose-jvm/game-bluff-with-wild.png
336545c4fe06c1c43d1c85256ed7324da08266eadd3f430931ae27324b0247db	36840	/root/projects/PartyDeck/artifacts/evidence-storage/34496267571/android-jvm-reports/composeApp/build/ui-snapshots/game-choice-long-name.png	/root/projects/PartyDeck/artifacts/screenshot-queue-android-34496282263-34496267571-v1/payload/docs/screenshots/android-34496267571/compose-jvm/game-choice-long-name.png	docs/screenshots/android-34496267571/compose-jvm/game-choice-long-name.png
daa1f2b113bc54db8e2f426b0f47f907bbdf214c58766e561e15beadc87fd44b	38983	/root/projects/PartyDeck/artifacts/evidence-storage/34496267571/android-jvm-reports/composeApp/build/ui-snapshots/game-forced-challenge.png	/root/projects/PartyDeck/artifacts/screenshot-queue-android-34496282263-34496267571-v1/payload/docs/screenshots/android-34496267571/compose-jvm/game-forced-challenge.png	docs/screenshots/android-34496267571/compose-jvm/game-forced-challenge.png
c4617f711a9d3cca2f9f5f19af79d1608129620faf7c2ce55ed854c531295035	39059	/root/projects/PartyDeck/artifacts/evidence-storage/34496267571/android-jvm-reports/composeApp/build/ui-snapshots/game-landscape-concealed.png	/root/projects/PartyDeck/artifacts/screenshot-queue-android-34496282263-34496267571-v1/payload/docs/screenshots/android-34496267571/compose-jvm/game-landscape-concealed.png	docs/screenshots/android-34496267571/compose-jvm/game-landscape-concealed.png
8350390017d78e84decadc825a8cec5fcc523dce6b4e62019094d256ca788b53	36120	/root/projects/PartyDeck/artifacts/evidence-storage/34496267571/android-jvm-reports/composeApp/build/ui-snapshots/game-landscape-eliminated.png	/root/projects/PartyDeck/artifacts/screenshot-queue-android-34496282263-34496267571-v1/payload/docs/screenshots/android-34496267571/compose-jvm/game-landscape-eliminated.png	docs/screenshots/android-34496267571/compose-jvm/game-landscape-eliminated.png
842fcd1839c0d05dfec387bff88921877d1bc49eecb80c9a3d63322bfb61d273	33717	/root/projects/PartyDeck/artifacts/evidence-storage/34496267571/android-jvm-reports/composeApp/build/ui-snapshots/game-landscape-hand.png	/root/projects/PartyDeck/artifacts/screenshot-queue-android-34496282263-34496267571-v1/payload/docs/screenshots/android-34496267571/compose-jvm/game-landscape-hand.png	docs/screenshots/android-34496267571/compose-jvm/game-landscape-hand.png
059ba1a8ed8340fc4c45a44abb0d023c756687db18daa26ab929ca7bc1a53418	31791	/root/projects/PartyDeck/artifacts/evidence-storage/34496267571/android-jvm-reports/composeApp/build/ui-snapshots/game-landscape-previous-proof.png	/root/projects/PartyDeck/artifacts/screenshot-queue-android-34496282263-34496267571-v1/payload/docs/screenshots/android-34496267571/compose-jvm/game-landscape-previous-proof.png	docs/screenshots/android-34496267571/compose-jvm/game-landscape-previous-proof.png
565ea5890c5330d7de4e0040ad8981a697f33f7327d566bd5b8671df3deb9fb7	36971	/root/projects/PartyDeck/artifacts/evidence-storage/34496267571/android-jvm-reports/composeApp/build/ui-snapshots/game-landscape-previous-reveal.png	/root/projects/PartyDeck/artifacts/screenshot-queue-android-34496282263-34496267571-v1/payload/docs/screenshots/android-34496267571/compose-jvm/game-landscape-previous-reveal.png	docs/screenshots/android-34496267571/compose-jvm/game-landscape-previous-reveal.png
280668abaf08fa9bc3f97a42fac67ffc15b892a48f6cd09f949df7b39c3454d2	20935	/root/projects/PartyDeck/artifacts/evidence-storage/34496267571/android-jvm-reports/composeApp/build/ui-snapshots/game-landscape-round-result.png	/root/projects/PartyDeck/artifacts/screenshot-queue-android-34496282263-34496267571-v1/payload/docs/screenshots/android-34496267571/compose-jvm/game-landscape-round-result.png	docs/screenshots/android-34496267571/compose-jvm/game-landscape-round-result.png
f6fcf73f097293cf19966d8c4779e02b5d020f34015b36ba1abb09c21eb8d176	36046	/root/projects/PartyDeck/artifacts/evidence-storage/34496267571/android-jvm-reports/composeApp/build/ui-snapshots/game-landscape-selected.png	/root/projects/PartyDeck/artifacts/screenshot-queue-android-34496282263-34496267571-v1/payload/docs/screenshots/android-34496267571/compose-jvm/game-landscape-selected.png	docs/screenshots/android-34496267571/compose-jvm/game-landscape-selected.png
047656f4f92d2a73a1d65cca1f91e8209fe775a6217b962796f2335ddb230a92	23671	/root/projects/PartyDeck/artifacts/evidence-storage/34496267571/android-jvm-reports/composeApp/build/ui-snapshots/game-landscape-winner.png	/root/projects/PartyDeck/artifacts/screenshot-queue-android-34496282263-34496267571-v1/payload/docs/screenshots/android-34496267571/compose-jvm/game-landscape-winner.png	docs/screenshots/android-34496267571/compose-jvm/game-landscape-winner.png
66a895a136e0cb9bfe69d526f020e64a587a8d95d58dd2e0d71fe7faa44925d7	34837	/root/projects/PartyDeck/artifacts/evidence-storage/34496267571/android-jvm-reports/composeApp/build/ui-snapshots/game-large-text-concealed.png	/root/projects/PartyDeck/artifacts/screenshot-queue-android-34496282263-34496267571-v1/payload/docs/screenshots/android-34496267571/compose-jvm/game-large-text-concealed.png	docs/screenshots/android-34496267571/compose-jvm/game-large-text-concealed.png
38757db2cc93392232a7e8421ce7ed9fca04efac470ae189c7028aafdbc90e53	39217	/root/projects/PartyDeck/artifacts/evidence-storage/34496267571/android-jvm-reports/composeApp/build/ui-snapshots/game-large-text-eliminated.png	/root/projects/PartyDeck/artifacts/screenshot-queue-android-34496282263-34496267571-v1/payload/docs/screenshots/android-34496267571/compose-jvm/game-large-text-eliminated.png	docs/screenshots/android-34496267571/compose-jvm/game-large-text-eliminated.png
067935c4fab262f6d9c6126a8d91582bef1ddda372e3034b4c663c983b4ccb90	31850	/root/projects/PartyDeck/artifacts/evidence-storage/34496267571/android-jvm-reports/composeApp/build/ui-snapshots/game-large-text-hand.png	/root/projects/PartyDeck/artifacts/screenshot-queue-android-34496282263-34496267571-v1/payload/docs/screenshots/android-34496267571/compose-jvm/game-large-text-hand.png	docs/screenshots/android-34496267571/compose-jvm/game-large-text-hand.png
9e37d0764b37de09b152d291106f5e854ebc07e684f5568d2ca5d10e2c7d6e81	33078	/root/projects/PartyDeck/artifacts/evidence-storage/34496267571/android-jvm-reports/composeApp/build/ui-snapshots/game-large-text-previous-proof.png	/root/projects/PartyDeck/artifacts/screenshot-queue-android-34496282263-34496267571-v1/payload/docs/screenshots/android-34496267571/compose-jvm/game-large-text-previous-proof.png	docs/screenshots/android-34496267571/compose-jvm/game-large-text-previous-proof.png
10f675de2148fd13be34a8967fbeeb456dbe353f7e34769a764978ef0056b045	34558	/root/projects/PartyDeck/artifacts/evidence-storage/34496267571/android-jvm-reports/composeApp/build/ui-snapshots/game-large-text-previous-reveal.png	/root/projects/PartyDeck/artifacts/screenshot-queue-android-34496282263-34496267571-v1/payload/docs/screenshots/android-34496267571/compose-jvm/game-large-text-previous-reveal.png	docs/screenshots/android-34496267571/compose-jvm/game-large-text-previous-reveal.png
fa176a0d9d5ddbb91ed9ca93c74b1c3cb174e6d1fc9b8060be6ed33fbd02b2cd	32581	/root/projects/PartyDeck/artifacts/evidence-storage/34496267571/android-jvm-reports/composeApp/build/ui-snapshots/game-large-text-round-result.png	/root/projects/PartyDeck/artifacts/screenshot-queue-android-34496282263-34496267571-v1/payload/docs/screenshots/android-34496267571/compose-jvm/game-large-text-round-result.png	docs/screenshots/android-34496267571/compose-jvm/game-large-text-round-result.png
578525e168d782a5cc19d783c212537cdf1b17b9fc54b03e157711773858ff8a	28381	/root/projects/PartyDeck/artifacts/evidence-storage/34496267571/android-jvm-reports/composeApp/build/ui-snapshots/game-large-text-selected.png	/root/projects/PartyDeck/artifacts/screenshot-queue-android-34496282263-34496267571-v1/payload/docs/screenshots/android-34496267571/compose-jvm/game-large-text-selected.png	docs/screenshots/android-34496267571/compose-jvm/game-large-text-selected.png
7088f1c112b973c7af042071828683669f725ab967be9533ae1ecd1ca7542fb0	26744	/root/projects/PartyDeck/artifacts/evidence-storage/34496267571/android-jvm-reports/composeApp/build/ui-snapshots/game-large-text-winner.png	/root/projects/PartyDeck/artifacts/screenshot-queue-android-34496282263-34496267571-v1/payload/docs/screenshots/android-34496267571/compose-jvm/game-large-text-winner.png	docs/screenshots/android-34496267571/compose-jvm/game-large-text-winner.png
c42fd7ac3fcfcb9d1ccb32ff7a54fd5bdbeb458a116a055f4cb231e531e5175c	32137	/root/projects/PartyDeck/artifacts/evidence-storage/34496267571/android-jvm-reports/composeApp/build/ui-snapshots/game-phone-concealed.png	/root/projects/PartyDeck/artifacts/screenshot-queue-android-34496282263-34496267571-v1/payload/docs/screenshots/android-34496267571/compose-jvm/game-phone-concealed.png	docs/screenshots/android-34496267571/compose-jvm/game-phone-concealed.png
357bd5af2fc4df311f432ae43cb61fd6341b7a40e61edddd1aa400c47885af86	33538	/root/projects/PartyDeck/artifacts/evidence-storage/34496267571/android-jvm-reports/composeApp/build/ui-snapshots/game-phone-eliminated.png	/root/projects/PartyDeck/artifacts/screenshot-queue-android-34496282263-34496267571-v1/payload/docs/screenshots/android-34496267571/compose-jvm/game-phone-eliminated.png	docs/screenshots/android-34496267571/compose-jvm/game-phone-eliminated.png
67f918bfee91987f415e97c09949e4eebdef4d0a6c98e775ee8a6092dddad0ba	31920	/root/projects/PartyDeck/artifacts/evidence-storage/34496267571/android-jvm-reports/composeApp/build/ui-snapshots/game-phone-hand.png	/root/projects/PartyDeck/artifacts/screenshot-queue-android-34496282263-34496267571-v1/payload/docs/screenshots/android-34496267571/compose-jvm/game-phone-hand.png	docs/screenshots/android-34496267571/compose-jvm/game-phone-hand.png
7ed6c3bdd8eac370c872f852bb3de73491f0644c5e47f0cf41acf2bce4d1eb7b	29597	/root/projects/PartyDeck/artifacts/evidence-storage/34496267571/android-jvm-reports/composeApp/build/ui-snapshots/game-phone-previous-proof.png	/root/projects/PartyDeck/artifacts/screenshot-queue-android-34496282263-34496267571-v1/payload/docs/screenshots/android-34496267571/compose-jvm/game-phone-previous-proof.png	docs/screenshots/android-34496267571/compose-jvm/game-phone-previous-proof.png
a040e64e25737e3d0b04ae60c3e0bea38c9cc79c9e2a4d01c5a19409ee967811	35127	/root/projects/PartyDeck/artifacts/evidence-storage/34496267571/android-jvm-reports/composeApp/build/ui-snapshots/game-phone-previous-reveal.png	/root/projects/PartyDeck/artifacts/screenshot-queue-android-34496282263-34496267571-v1/payload/docs/screenshots/android-34496267571/compose-jvm/game-phone-previous-reveal.png	docs/screenshots/android-34496267571/compose-jvm/game-phone-previous-reveal.png
ed44bac4453e2118c6c78362a306c732139ba2da3228931ce8d66096f32141be	31078	/root/projects/PartyDeck/artifacts/evidence-storage/34496267571/android-jvm-reports/composeApp/build/ui-snapshots/game-phone-round-result.png	/root/projects/PartyDeck/artifacts/screenshot-queue-android-34496282263-34496267571-v1/payload/docs/screenshots/android-34496267571/compose-jvm/game-phone-round-result.png	docs/screenshots/android-34496267571/compose-jvm/game-phone-round-result.png
6e0ebcc7856b0386f99a9fbb243719dfe68da0fe4fdbdb4d97f9ab8a70638a6d	32573	/root/projects/PartyDeck/artifacts/evidence-storage/34496267571/android-jvm-reports/composeApp/build/ui-snapshots/game-phone-selected.png	/root/projects/PartyDeck/artifacts/screenshot-queue-android-34496282263-34496267571-v1/payload/docs/screenshots/android-34496267571/compose-jvm/game-phone-selected.png	docs/screenshots/android-34496267571/compose-jvm/game-phone-selected.png
be63e9b3011dacad3811f44ad0c51f23421751ee0c6e62431118e8f887b5b24f	24841	/root/projects/PartyDeck/artifacts/evidence-storage/34496267571/android-jvm-reports/composeApp/build/ui-snapshots/game-phone-winner.png	/root/projects/PartyDeck/artifacts/screenshot-queue-android-34496282263-34496267571-v1/payload/docs/screenshots/android-34496267571/compose-jvm/game-phone-winner.png	docs/screenshots/android-34496267571/compose-jvm/game-phone-winner.png
7cf31d3ac4b7456dc07894682337511050036675624a8123cda596564ba2ba2c	39534	/root/projects/PartyDeck/artifacts/evidence-storage/34496267571/android-jvm-reports/composeApp/build/ui-snapshots/game-selection-limit.png	/root/projects/PartyDeck/artifacts/screenshot-queue-android-34496282263-34496267571-v1/payload/docs/screenshots/android-34496267571/compose-jvm/game-selection-limit.png	docs/screenshots/android-34496267571/compose-jvm/game-selection-limit.png
47dee65cec7a47fc8102cf424abcce5cd89b88adf9679a9fd3a7d9e2fe6a6c74	45833	/root/projects/PartyDeck/artifacts/evidence-storage/34496267571/android-jvm-reports/composeApp/build/ui-snapshots/game-tablet-concealed.png	/root/projects/PartyDeck/artifacts/screenshot-queue-android-34496282263-34496267571-v1/payload/docs/screenshots/android-34496267571/compose-jvm/game-tablet-concealed.png	docs/screenshots/android-34496267571/compose-jvm/game-tablet-concealed.png
4d5ef9dbcaa425ca9d8e65e21c7959f3ecc6f16c333c53b911b62f4a88e0f626	43026	/root/projects/PartyDeck/artifacts/evidence-storage/34496267571/android-jvm-reports/composeApp/build/ui-snapshots/game-tablet-eliminated.png	/root/projects/PartyDeck/artifacts/screenshot-queue-android-34496282263-34496267571-v1/payload/docs/screenshots/android-34496267571/compose-jvm/game-tablet-eliminated.png	docs/screenshots/android-34496267571/compose-jvm/game-tablet-eliminated.png
46141180fac62120c37f0dc9dab09998a5ffcf2be518bf665602ca4249899316	40436	/root/projects/PartyDeck/artifacts/evidence-storage/34496267571/android-jvm-reports/composeApp/build/ui-snapshots/game-tablet-hand.png	/root/projects/PartyDeck/artifacts/screenshot-queue-android-34496282263-34496267571-v1/payload/docs/screenshots/android-34496267571/compose-jvm/game-tablet-hand.png	docs/screenshots/android-34496267571/compose-jvm/game-tablet-hand.png
6208be7a02f3a18e50f6e8ae1843f1684f1fea02367c5238136291243c0cce47	60400	/root/projects/PartyDeck/artifacts/evidence-storage/34496267571/android-jvm-reports/composeApp/build/ui-snapshots/game-tablet-previous-proof.png	/root/projects/PartyDeck/artifacts/screenshot-queue-android-34496282263-34496267571-v1/payload/docs/screenshots/android-34496267571/compose-jvm/game-tablet-previous-proof.png	docs/screenshots/android-34496267571/compose-jvm/game-tablet-previous-proof.png
6208be7a02f3a18e50f6e8ae1843f1684f1fea02367c5238136291243c0cce47	60400	/root/projects/PartyDeck/artifacts/evidence-storage/34496267571/android-jvm-reports/composeApp/build/ui-snapshots/game-tablet-previous-reveal.png	/root/projects/PartyDeck/artifacts/screenshot-queue-android-34496282263-34496267571-v1/payload/docs/screenshots/android-34496267571/compose-jvm/game-tablet-previous-reveal.png	docs/screenshots/android-34496267571/compose-jvm/game-tablet-previous-reveal.png
678098f3294c1a823112e6d0224e26ddac92cf9bd9a94937c02527d48af0e0ad	44741	/root/projects/PartyDeck/artifacts/evidence-storage/34496267571/android-jvm-reports/composeApp/build/ui-snapshots/game-tablet-round-result.png	/root/projects/PartyDeck/artifacts/screenshot-queue-android-34496282263-34496267571-v1/payload/docs/screenshots/android-34496267571/compose-jvm/game-tablet-round-result.png	docs/screenshots/android-34496267571/compose-jvm/game-tablet-round-result.png
8703e47cc3baa4da82e6c29d88df3ac5e3021a29f37c5f2d6159a5cc14eee6ba	42445	/root/projects/PartyDeck/artifacts/evidence-storage/34496267571/android-jvm-reports/composeApp/build/ui-snapshots/game-tablet-selected.png	/root/projects/PartyDeck/artifacts/screenshot-queue-android-34496282263-34496267571-v1/payload/docs/screenshots/android-34496267571/compose-jvm/game-tablet-selected.png	docs/screenshots/android-34496267571/compose-jvm/game-tablet-selected.png
a14740d1fae23f0a102959ff7d323ff2ac0aaedb828b1d6683cd8b114afbd94d	28593	/root/projects/PartyDeck/artifacts/evidence-storage/34496267571/android-jvm-reports/composeApp/build/ui-snapshots/game-tablet-winner.png	/root/projects/PartyDeck/artifacts/screenshot-queue-android-34496282263-34496267571-v1/payload/docs/screenshots/android-34496267571/compose-jvm/game-tablet-winner.png	docs/screenshots/android-34496267571/compose-jvm/game-tablet-winner.png
563fe35f3e5e29459309f308b2fd1dcd733e46fa3a604de7507e96cf629c59c6	38592	/root/projects/PartyDeck/artifacts/evidence-storage/34496267571/android-jvm-reports/composeApp/build/ui-snapshots/game-three-selected.png	/root/projects/PartyDeck/artifacts/screenshot-queue-android-34496282263-34496267571-v1/payload/docs/screenshots/android-34496267571/compose-jvm/game-three-selected.png	docs/screenshots/android-34496267571/compose-jvm/game-three-selected.png
1883104be73b2dbbd31867262b3fe44ef35cd167e016dfbc06c50c04e8d5b665	36316	/root/projects/PartyDeck/artifacts/evidence-storage/34496267571/android-jvm-reports/composeApp/build/ui-snapshots/global-error-large-text-recovery.png	/root/projects/PartyDeck/artifacts/screenshot-queue-android-34496282263-34496267571-v1/payload/docs/screenshots/android-34496267571/compose-jvm/global-error-large-text-recovery.png	docs/screenshots/android-34496267571/compose-jvm/global-error-large-text-recovery.png
1883104be73b2dbbd31867262b3fe44ef35cd167e016dfbc06c50c04e8d5b665	36316	/root/projects/PartyDeck/artifacts/evidence-storage/34496267571/android-jvm-reports/composeApp/build/ui-snapshots/global-error-large-text.png	/root/projects/PartyDeck/artifacts/screenshot-queue-android-34496282263-34496267571-v1/payload/docs/screenshots/android-34496267571/compose-jvm/global-error-large-text.png	docs/screenshots/android-34496267571/compose-jvm/global-error-large-text.png
0dd475f5d1c75ad27a3bde69c1ad1bb2fc69ffcc3d82f44cb0fdcc29acf28b2e	83440	/root/projects/PartyDeck/artifacts/evidence-storage/34496267571/android-jvm-reports/composeApp/build/ui-snapshots/home-landscape.png	/root/projects/PartyDeck/artifacts/screenshot-queue-android-34496282263-34496267571-v1/payload/docs/screenshots/android-34496267571/compose-jvm/home-landscape.png	docs/screenshots/android-34496267571/compose-jvm/home-landscape.png
909474ccff4af7d929470a34a85adef677c9e6593fc78912a835e8ac699a5be5	34073	/root/projects/PartyDeck/artifacts/evidence-storage/34496267571/android-jvm-reports/composeApp/build/ui-snapshots/home-large-text.png	/root/projects/PartyDeck/artifacts/screenshot-queue-android-34496282263-34496267571-v1/payload/docs/screenshots/android-34496267571/compose-jvm/home-large-text.png	docs/screenshots/android-34496267571/compose-jvm/home-large-text.png
1d2642fd1b30f32305d53076ef571f5843347bfe40bec1019fb7914604c197d4	52464	/root/projects/PartyDeck/artifacts/evidence-storage/34496267571/android-jvm-reports/composeApp/build/ui-snapshots/home-phone-landscape.png	/root/projects/PartyDeck/artifacts/screenshot-queue-android-34496282263-34496267571-v1/payload/docs/screenshots/android-34496267571/compose-jvm/home-phone-landscape.png	docs/screenshots/android-34496267571/compose-jvm/home-phone-landscape.png
72b504135fc293ab9a804711655dd0dc941a877f9f81fbf0e1d9171f87cff90a	54944	/root/projects/PartyDeck/artifacts/evidence-storage/34496267571/android-jvm-reports/composeApp/build/ui-snapshots/home-phone.png	/root/projects/PartyDeck/artifacts/screenshot-queue-android-34496282263-34496267571-v1/payload/docs/screenshots/android-34496267571/compose-jvm/home-phone.png	docs/screenshots/android-34496267571/compose-jvm/home-phone.png
5b5eb8eab231933aff6290ed9203bcb38cfd9066e078c5190a57ec12cca971f8	42065	/root/projects/PartyDeck/artifacts/evidence-storage/34496267571/android-jvm-reports/composeApp/build/ui-snapshots/invitation-dialog-phone.png	/root/projects/PartyDeck/artifacts/screenshot-queue-android-34496282263-34496267571-v1/payload/docs/screenshots/android-34496267571/compose-jvm/invitation-dialog-phone.png	docs/screenshots/android-34496267571/compose-jvm/invitation-dialog-phone.png
67fb32eb8071769ac7aec99e926f6871c5266687acc5c7fb7c97d273aedac294	19506	/root/projects/PartyDeck/artifacts/evidence-storage/34496267571/android-jvm-reports/composeApp/build/ui-snapshots/invitation-qr-synthetic-320.png	/root/projects/PartyDeck/artifacts/screenshot-queue-android-34496282263-34496267571-v1/payload/docs/screenshots/android-34496267571/compose-jvm/invitation-qr-synthetic-320.png	docs/screenshots/android-34496267571/compose-jvm/invitation-qr-synthetic-320.png
db5a645b931ab8ad6a65674132bcf4b42c0b85c7f958df7788cfde6e0d27e11a	26244	/root/projects/PartyDeck/artifacts/evidence-storage/34496267571/android-jvm-reports/composeApp/build/ui-snapshots/join-constrained-large-text-error.png	/root/projects/PartyDeck/artifacts/screenshot-queue-android-34496282263-34496267571-v1/payload/docs/screenshots/android-34496267571/compose-jvm/join-constrained-large-text-error.png	docs/screenshots/android-34496267571/compose-jvm/join-constrained-large-text-error.png
c85f16da4bfeb9d9e23f29dae7cb73d0093071fb3ec74a8516e0852324140a0f	30801	/root/projects/PartyDeck/artifacts/evidence-storage/34496267571/android-jvm-reports/composeApp/build/ui-snapshots/join-constrained-large-text-input.png	/root/projects/PartyDeck/artifacts/screenshot-queue-android-34496282263-34496267571-v1/payload/docs/screenshots/android-34496267571/compose-jvm/join-constrained-large-text-input.png	docs/screenshots/android-34496267571/compose-jvm/join-constrained-large-text-input.png
847e393846e12692d4e9beff338bddaceeaf3848901c0665926123cd9bb53325	37115	/root/projects/PartyDeck/artifacts/evidence-storage/34496267571/android-jvm-reports/composeApp/build/ui-snapshots/licenses-large-text-end.png	/root/projects/PartyDeck/artifacts/screenshot-queue-android-34496282263-34496267571-v1/payload/docs/screenshots/android-34496267571/compose-jvm/licenses-large-text-end.png	docs/screenshots/android-34496267571/compose-jvm/licenses-large-text-end.png
c2bfa5c3732d30d1313fcf51826c34bc1ec529b02f5823c7609808922743aeb9	21432	/root/projects/PartyDeck/artifacts/evidence-storage/34496267571/android-jvm-reports/composeApp/build/ui-snapshots/licenses-large-text-first-notice.png	/root/projects/PartyDeck/artifacts/screenshot-queue-android-34496282263-34496267571-v1/payload/docs/screenshots/android-34496267571/compose-jvm/licenses-large-text-first-notice.png	docs/screenshots/android-34496267571/compose-jvm/licenses-large-text-first-notice.png
8ac515a3b4509c4ab782f06fc7777fa9dcbbb9a6ddb24dfe207a102586a27193	41687	/root/projects/PartyDeck/artifacts/evidence-storage/34496267571/android-jvm-reports/composeApp/build/ui-snapshots/licenses-large-text-start.png	/root/projects/PartyDeck/artifacts/screenshot-queue-android-34496282263-34496267571-v1/payload/docs/screenshots/android-34496267571/compose-jvm/licenses-large-text-start.png	docs/screenshots/android-34496267571/compose-jvm/licenses-large-text-start.png
2c595d58f3bfdd6e2e7199281037ee72c9ba606f5a63d131740d5cf41afe7813	34611	/root/projects/PartyDeck/artifacts/evidence-storage/34496267571/android-jvm-reports/composeApp/build/ui-snapshots/lobby-guest-large-text-action.png	/root/projects/PartyDeck/artifacts/screenshot-queue-android-34496282263-34496267571-v1/payload/docs/screenshots/android-34496267571/compose-jvm/lobby-guest-large-text-action.png	docs/screenshots/android-34496267571/compose-jvm/lobby-guest-large-text-action.png
4997a0f1e33d492073467a276bfd6dca8fd9c1e08fc271594007694750eb6d9b	36400	/root/projects/PartyDeck/artifacts/evidence-storage/34496267571/android-jvm-reports/composeApp/build/ui-snapshots/lobby-guest-large-text-roster.png	/root/projects/PartyDeck/artifacts/screenshot-queue-android-34496282263-34496267571-v1/payload/docs/screenshots/android-34496267571/compose-jvm/lobby-guest-large-text-roster.png	docs/screenshots/android-34496267571/compose-jvm/lobby-guest-large-text-roster.png
d9b00abe73ecc902cc047b7f3e3483d4c351867a0b2db04b9d5cb6f61e3a794f	29815	/root/projects/PartyDeck/artifacts/evidence-storage/34496267571/android-jvm-reports/composeApp/build/ui-snapshots/lobby-guest-large-text.png	/root/projects/PartyDeck/artifacts/screenshot-queue-android-34496282263-34496267571-v1/payload/docs/screenshots/android-34496267571/compose-jvm/lobby-guest-large-text.png	docs/screenshots/android-34496267571/compose-jvm/lobby-guest-large-text.png
96b34247491e778c464594c1026eb085f50dca59a03f62204f6f2c7095a78029	31566	/root/projects/PartyDeck/artifacts/evidence-storage/34496267571/android-jvm-reports/composeApp/build/ui-snapshots/lobby-guest-phone-action.png	/root/projects/PartyDeck/artifacts/screenshot-queue-android-34496282263-34496267571-v1/payload/docs/screenshots/android-34496267571/compose-jvm/lobby-guest-phone-action.png	docs/screenshots/android-34496267571/compose-jvm/lobby-guest-phone-action.png
91b14f011bd98c9404e63928405ef8f2bf9a9aa111e19ade88a94e605aad03b4	31322	/root/projects/PartyDeck/artifacts/evidence-storage/34496267571/android-jvm-reports/composeApp/build/ui-snapshots/lobby-guest-phone-roster.png	/root/projects/PartyDeck/artifacts/screenshot-queue-android-34496282263-34496267571-v1/payload/docs/screenshots/android-34496267571/compose-jvm/lobby-guest-phone-roster.png	docs/screenshots/android-34496267571/compose-jvm/lobby-guest-phone-roster.png
96c7634ec0d7836650346e3ee380a92edd85d934a45a77cae41b87269af5e65d	32491	/root/projects/PartyDeck/artifacts/evidence-storage/34496267571/android-jvm-reports/composeApp/build/ui-snapshots/lobby-guest-phone.png	/root/projects/PartyDeck/artifacts/screenshot-queue-android-34496282263-34496267571-v1/payload/docs/screenshots/android-34496267571/compose-jvm/lobby-guest-phone.png	docs/screenshots/android-34496267571/compose-jvm/lobby-guest-phone.png
3a30b86526133a287be9be88c877866a04b6aed53fd2b5824a05b9fba9a80744	33865	/root/projects/PartyDeck/artifacts/evidence-storage/34496267571/android-jvm-reports/composeApp/build/ui-snapshots/lobby-host-large-text-action.png	/root/projects/PartyDeck/artifacts/screenshot-queue-android-34496282263-34496267571-v1/payload/docs/screenshots/android-34496267571/compose-jvm/lobby-host-large-text-action.png	docs/screenshots/android-34496267571/compose-jvm/lobby-host-large-text-action.png
cae3a7e483ee2a9636d19fc556b3e478d657d0d38797c9c54aea42e59dc04918	34777	/root/projects/PartyDeck/artifacts/evidence-storage/34496267571/android-jvm-reports/composeApp/build/ui-snapshots/lobby-host-large-text-roster.png	/root/projects/PartyDeck/artifacts/screenshot-queue-android-34496282263-34496267571-v1/payload/docs/screenshots/android-34496267571/compose-jvm/lobby-host-large-text-roster.png	docs/screenshots/android-34496267571/compose-jvm/lobby-host-large-text-roster.png
3e0a36f88a2e31fb662db8813035812835b56784c7573123128c39e3f066d804	27932	/root/projects/PartyDeck/artifacts/evidence-storage/34496267571/android-jvm-reports/composeApp/build/ui-snapshots/lobby-host-large-text.png	/root/projects/PartyDeck/artifacts/screenshot-queue-android-34496282263-34496267571-v1/payload/docs/screenshots/android-34496267571/compose-jvm/lobby-host-large-text.png	docs/screenshots/android-34496267571/compose-jvm/lobby-host-large-text.png
96c7119a43592bb80c502afb8a04cfc775773310c1d4cab201ef9535b827b256	30524	/root/projects/PartyDeck/artifacts/evidence-storage/34496267571/android-jvm-reports/composeApp/build/ui-snapshots/lobby-host-phone-action.png	/root/projects/PartyDeck/artifacts/screenshot-queue-android-34496282263-34496267571-v1/payload/docs/screenshots/android-34496267571/compose-jvm/lobby-host-phone-action.png	docs/screenshots/android-34496267571/compose-jvm/lobby-host-phone-action.png
522b1669842a2d19b926dbcfbcb7ba6282af3ac5b8f9fa9fdbf66ea9c5f49682	30260	/root/projects/PartyDeck/artifacts/evidence-storage/34496267571/android-jvm-reports/composeApp/build/ui-snapshots/lobby-host-phone-roster.png	/root/projects/PartyDeck/artifacts/screenshot-queue-android-34496282263-34496267571-v1/payload/docs/screenshots/android-34496267571/compose-jvm/lobby-host-phone-roster.png	docs/screenshots/android-34496267571/compose-jvm/lobby-host-phone-roster.png
62b8ff3cb746321051cc0295fa916ed962645f5370b5f9b83293842a4527d927	32611	/root/projects/PartyDeck/artifacts/evidence-storage/34496267571/android-jvm-reports/composeApp/build/ui-snapshots/lobby-host-phone.png	/root/projects/PartyDeck/artifacts/screenshot-queue-android-34496282263-34496267571-v1/payload/docs/screenshots/android-34496267571/compose-jvm/lobby-host-phone.png	docs/screenshots/android-34496267571/compose-jvm/lobby-host-phone.png
c290ee19b41a269c6a86a8a6198172ab26d94d2acdc056cf73b899be32e4121f	37167	/root/projects/PartyDeck/artifacts/evidence-storage/34496267571/android-jvm-reports/composeApp/build/ui-snapshots/paused-host-return-large-text.png	/root/projects/PartyDeck/artifacts/screenshot-queue-android-34496282263-34496267571-v1/payload/docs/screenshots/android-34496267571/compose-jvm/paused-host-return-large-text.png	docs/screenshots/android-34496267571/compose-jvm/paused-host-return-large-text.png
12347fa731153e191e327d17c0a5c2721f08d11808d1fa8983dfce3887f9e183	41388	/root/projects/PartyDeck/artifacts/evidence-storage/34496267571/android-jvm-reports/composeApp/build/ui-snapshots/presentation-1789054611260/fallback-concealed-large-text.png	/root/projects/PartyDeck/artifacts/screenshot-queue-android-34496282263-34496267571-v1/payload/docs/screenshots/android-34496267571/compose-jvm/presentation-1789054611260/fallback-concealed-large-text.png	docs/screenshots/android-34496267571/compose-jvm/presentation-1789054611260/fallback-concealed-large-text.png
80ecde376374f864b361d321917d597dee02a2331f0c8d90f03eaabbf82023e8	31278	/root/projects/PartyDeck/artifacts/evidence-storage/34496267571/android-jvm-reports/composeApp/build/ui-snapshots/presentation-1789054611260/opening-large-text.png	/root/projects/PartyDeck/artifacts/screenshot-queue-android-34496282263-34496267571-v1/payload/docs/screenshots/android-34496267571/compose-jvm/presentation-1789054611260/opening-large-text.png	docs/screenshots/android-34496267571/compose-jvm/presentation-1789054611260/opening-large-text.png
2ac10590f102dd755d2d2a7f3b96db84b5db8db339a9fc76f66aeff94176556d	35231	/root/projects/PartyDeck/artifacts/evidence-storage/34496267571/android-jvm-reports/composeApp/build/ui-snapshots/presentation-1789054611260/picker-three-available-large-text.png	/root/projects/PartyDeck/artifacts/screenshot-queue-android-34496282263-34496267571-v1/payload/docs/screenshots/android-34496267571/compose-jvm/presentation-1789054611260/picker-three-available-large-text.png	docs/screenshots/android-34496267571/compose-jvm/presentation-1789054611260/picker-three-available-large-text.png
b48bd70894b6051980603e783a36f89cefe8a47deb198360b31fe53dff4ee97b	36821	/root/projects/PartyDeck/artifacts/evidence-storage/34496267571/android-jvm-reports/composeApp/build/ui-snapshots/presentation-1789054611260/picker-two-available-large-text.png	/root/projects/PartyDeck/artifacts/screenshot-queue-android-34496282263-34496267571-v1/payload/docs/screenshots/android-34496267571/compose-jvm/presentation-1789054611260/picker-two-available-large-text.png	docs/screenshots/android-34496267571/compose-jvm/presentation-1789054611260/picker-two-available-large-text.png
20576001c65f4646c75a221ce1fbe1a0a4acc9057dec2f3877ffd525fb4a478c	41512	/root/projects/PartyDeck/artifacts/evidence-storage/34496267571/android-jvm-reports/composeApp/build/ui-snapshots/settings-large-text-motion.png	/root/projects/PartyDeck/artifacts/screenshot-queue-android-34496282263-34496267571-v1/payload/docs/screenshots/android-34496267571/compose-jvm/settings-large-text-motion.png	docs/screenshots/android-34496267571/compose-jvm/settings-large-text-motion.png
eb837f23b096b20059c073d85740a687a15547c464b248099dc7d7ce64602cf5	40579	/root/projects/PartyDeck/artifacts/evidence-storage/34496267571/android-jvm-reports/composeApp/build/ui-snapshots/settings-large-text.png	/root/projects/PartyDeck/artifacts/screenshot-queue-android-34496282263-34496267571-v1/payload/docs/screenshots/android-34496267571/compose-jvm/settings-large-text.png	docs/screenshots/android-34496267571/compose-jvm/settings-large-text.png
