2026-09-10T12:50:06.0284800Z Current runner version: '2.337.0'
2026-09-10T12:50:06.0299710Z ##[group]Runner Image Provisioner
2026-09-10T12:50:06.0300230Z Hosted Compute Agent
2026-09-10T12:50:06.0300670Z Version: 20260828.587
2026-09-10T12:50:06.0301120Z Commit: abac92662cab4cc7352de4f9f9d2e2419aad9c29
2026-09-10T12:50:06.0301730Z Build Date: 2026-08-28T16:44:25Z
2026-09-10T12:50:06.0302250Z Worker ID: {e4978b4e-a718-42b9-8f67-b5180afb6768}
2026-09-10T12:50:06.0302780Z Azure Region: westus
2026-09-10T12:50:06.0303130Z ##[endgroup]
2026-09-10T12:50:06.0304330Z ##[group]Operating System
2026-09-10T12:50:06.0304750Z macOS
2026-09-10T12:50:06.0305090Z 26.6.2
2026-09-10T12:50:06.0305480Z 25G83
2026-09-10T12:50:06.0305850Z ##[endgroup]
2026-09-10T12:50:06.0306270Z ##[group]Runner Image
2026-09-10T12:50:06.0306750Z Image: macos-26-arm64
2026-09-10T12:50:06.0307210Z Version: 20260831.0337.3
2026-09-10T12:50:06.0308240Z Included Software: https://github.com/actions/runner-images/blob/macos-26-arm64/20260831.0337/images/macos/macos-26-arm64-Readme.md
2026-09-10T12:50:06.0309680Z Image Release: https://github.com/actions/runner-images/releases/tag/macos-26-arm64%2F20260831.0337
2026-09-10T12:50:06.0310600Z ##[endgroup]
2026-09-10T12:50:06.0311680Z ##[group]GITHUB_TOKEN Permissions
2026-09-10T12:50:06.0313290Z Contents: read
2026-09-10T12:50:06.0313840Z Metadata: read
2026-09-10T12:50:06.0314330Z ##[endgroup]
2026-09-10T12:50:06.0316360Z Secret source: Actions
2026-09-10T12:50:06.0317050Z Cache mode: write
2026-09-10T12:50:06.0317610Z Prepare workflow directory
2026-09-10T12:50:06.0675360Z Prepare all required actions
2026-09-10T12:50:06.0711390Z Getting action download info
2026-09-10T12:50:06.4719430Z Download action repository 'actions/checkout@3d3c42e5aac5ba805825da76410c181273ba90b1' (SHA:3d3c42e5aac5ba805825da76410c181273ba90b1)
2026-09-10T12:50:06.7396560Z Download action repository 'actions/download-artifact@3e5f45b2cfb9172054b4087a40e8e0b5a5461e7c' (SHA:3e5f45b2cfb9172054b4087a40e8e0b5a5461e7c)
2026-09-10T12:50:07.2552230Z Complete job name: Retained native engine / test
2026-09-10T12:50:07.3014270Z ##[group]Run actions/checkout@3d3c42e5aac5ba805825da76410c181273ba90b1
2026-09-10T12:50:07.3015010Z with:
2026-09-10T12:50:07.3015420Z   persist-credentials: false
2026-09-10T12:50:07.3015810Z   repository: Apdelrahman1911/PartyDeck
2026-09-10T12:50:07.3019190Z   token: ***
2026-09-10T12:50:07.3019520Z   ssh-strict: true
2026-09-10T12:50:07.3019910Z   ssh-user: git
2026-09-10T12:50:07.3020220Z   clean: true
2026-09-10T12:50:07.3020560Z   sparse-checkout-cone-mode: true
2026-09-10T12:50:07.3021050Z   fetch-depth: 1
2026-09-10T12:50:07.3021440Z   fetch-tags: false
2026-09-10T12:50:07.3021780Z   show-progress: true
2026-09-10T12:50:07.3022110Z   lfs: false
2026-09-10T12:50:07.3022410Z   submodules: false
2026-09-10T12:50:07.3022740Z   set-safe-directory: true
2026-09-10T12:50:07.3023180Z   allow-unsafe-pr-checkout: false
2026-09-10T12:50:07.3023730Z env:
2026-09-10T12:50:07.3024130Z   DEVELOPER_DIR: /Applications/Xcode_26.4.1.app/Contents/Developer
2026-09-10T12:50:07.3024690Z   PARTYDECK_RETAINED_CI_STAGE: test
2026-09-10T12:50:07.3025480Z   PARTYDECK_GODOT_RETAINED_FRAMEWORK: /Users/runner/work/PartyDeck/PartyDeck/godot/ios-host/build/framework-input/PartyDeckGodotBridge.framework
2026-09-10T12:50:07.3026900Z   PARTYDECK_GODOT_RETAINED_FRAMEWORK_RECEIPT: /Users/runner/work/PartyDeck/PartyDeck/godot/ios-host/build/evidence/authority-framework-result.json
2026-09-10T12:50:07.3028330Z   PARTYDECK_GODOT_RETAINED_PCK: /Users/runner/work/PartyDeck/PartyDeck/godot/ios-host/build/retained-inputs/renderer/partydeck-last-light.pck
2026-09-10T12:50:07.3029180Z ##[endgroup]
2026-09-10T12:50:07.6480280Z Syncing repository: Apdelrahman1911/PartyDeck
2026-09-10T12:50:07.6481920Z ##[group]Getting Git version info
2026-09-10T12:50:07.6482560Z Working directory is '/Users/runner/work/PartyDeck/PartyDeck'
2026-09-10T12:50:07.6483520Z [command]/opt/homebrew/bin/git version
2026-09-10T12:50:07.6720910Z git version 2.55.0
2026-09-10T12:50:07.6733740Z ##[endgroup]
2026-09-10T12:50:07.6741010Z Copying '/Users/runner/.gitconfig' to '/Users/runner/work/_temp/1fd84db2-97e0-4792-ad1e-6779fca70144/.gitconfig'
2026-09-10T12:50:07.6743860Z Temporarily overriding HOME='/Users/runner/work/_temp/1fd84db2-97e0-4792-ad1e-6779fca70144' before making global git config changes
2026-09-10T12:50:07.6745410Z Adding repository directory to the temporary git global config as a safe directory
2026-09-10T12:50:07.6748250Z [command]/opt/homebrew/bin/git config --global --add safe.directory /Users/runner/work/PartyDeck/PartyDeck
2026-09-10T12:50:07.6848190Z Deleting the contents of '/Users/runner/work/PartyDeck/PartyDeck'
2026-09-10T12:50:07.6850380Z ##[group]Determining repository object format
2026-09-10T12:50:07.6851240Z ##[endgroup]
2026-09-10T12:50:07.6851880Z ##[group]Initializing the repository
2026-09-10T12:50:07.6854460Z [command]/opt/homebrew/bin/git init /Users/runner/work/PartyDeck/PartyDeck
2026-09-10T12:50:07.7039780Z hint: Using 'master' as the name for the initial branch. This default branch name
2026-09-10T12:50:07.7040870Z hint: will change to "main" in Git 3.0. To configure the initial branch name
2026-09-10T12:50:07.7041750Z hint: to use in all of your new repositories, which will suppress this warning,
2026-09-10T12:50:07.7042350Z hint: call:
2026-09-10T12:50:07.7042710Z hint:
2026-09-10T12:50:07.7043230Z hint: 	git config --global init.defaultBranch <name>
2026-09-10T12:50:07.7043740Z hint:
2026-09-10T12:50:07.7044210Z hint: Names commonly chosen instead of 'master' are 'main', 'trunk' and
2026-09-10T12:50:07.7044970Z hint: 'development'. The just-created branch can be renamed via this command:
2026-09-10T12:50:07.7045650Z hint:
2026-09-10T12:50:07.7046000Z hint: 	git branch -m <name>
2026-09-10T12:50:07.7046440Z hint:
2026-09-10T12:50:07.7047100Z hint: Disable this message with "git config set advice.defaultBranchName false"
2026-09-10T12:50:07.7048040Z Initialized empty Git repository in /Users/runner/work/PartyDeck/PartyDeck/.git/
2026-09-10T12:50:07.7050180Z [command]/opt/homebrew/bin/git remote add origin https://github.com/Apdelrahman1911/PartyDeck
2026-09-10T12:50:07.7126370Z ##[endgroup]
2026-09-10T12:50:07.7127170Z ##[group]Disabling automatic garbage collection
2026-09-10T12:50:07.7128750Z [command]/opt/homebrew/bin/git config --local gc.auto 0
2026-09-10T12:50:07.7189450Z ##[endgroup]
2026-09-10T12:50:07.7190200Z ##[group]Setting up auth
2026-09-10T12:50:07.7190680Z Removing SSH command configuration
2026-09-10T12:50:07.7194940Z [command]/opt/homebrew/bin/git config --local --name-only --get-regexp core\.sshCommand
2026-09-10T12:50:07.7257630Z [command]/opt/homebrew/bin/git submodule foreach --recursive sh -c "git config --local --name-only --get-regexp 'core\.sshCommand' && git config --local --unset-all 'core.sshCommand' || :"
2026-09-10T12:50:07.8098850Z Removing HTTP extra header
2026-09-10T12:50:07.8102380Z [command]/opt/homebrew/bin/git config --local --name-only --get-regexp http\.https\:\/\/github\.com\/\.extraheader
2026-09-10T12:50:07.8162750Z [command]/opt/homebrew/bin/git submodule foreach --recursive sh -c "git config --local --name-only --get-regexp 'http\.https\:\/\/github\.com\/\.extraheader' && git config --local --unset-all 'http.https://github.com/.extraheader' || :"
2026-09-10T12:50:07.8980770Z Removing includeIf entries pointing to credentials config files
2026-09-10T12:50:07.8983950Z [command]/opt/homebrew/bin/git config --local --name-only --get-regexp ^includeIf\.gitdir:
2026-09-10T12:50:07.9069950Z [command]/opt/homebrew/bin/git submodule foreach --recursive git config --local --show-origin --name-only --get-regexp remote.origin.url
2026-09-10T12:50:08.0815860Z [command]/opt/homebrew/bin/git config --file /Users/runner/work/_temp/git-credentials-1bc47c4e-baad-4a17-8cbd-6efbdab3e13c.config http.https://github.com/.extraheader AUTHORIZATION: basic ***
2026-09-10T12:50:08.0818930Z [command]/opt/homebrew/bin/git config --local includeIf.gitdir:/Users/runner/work/PartyDeck/PartyDeck/.git.path /Users/runner/work/_temp/git-credentials-1bc47c4e-baad-4a17-8cbd-6efbdab3e13c.config
2026-09-10T12:50:08.0903210Z [command]/opt/homebrew/bin/git config --local includeIf.gitdir:/Users/runner/work/PartyDeck/PartyDeck/.git/worktrees/*.path /Users/runner/work/_temp/git-credentials-1bc47c4e-baad-4a17-8cbd-6efbdab3e13c.config
2026-09-10T12:50:08.0976360Z [command]/opt/homebrew/bin/git config --local includeIf.gitdir:/github/workspace/.git.path /github/runner_temp/git-credentials-1bc47c4e-baad-4a17-8cbd-6efbdab3e13c.config
2026-09-10T12:50:08.1047150Z [command]/opt/homebrew/bin/git config --local includeIf.gitdir:/github/workspace/.git/worktrees/*.path /github/runner_temp/git-credentials-1bc47c4e-baad-4a17-8cbd-6efbdab3e13c.config
2026-09-10T12:50:08.1115310Z ##[endgroup]
2026-09-10T12:50:08.1117380Z ##[group]Fetching the repository
2026-09-10T12:50:08.1119970Z [command]/opt/homebrew/bin/git -c protocol.version=2 fetch --no-tags --prune --no-recurse-submodules --depth=1 origin +c6ea1dd9f7966517fbee87a06b633d01c432c24d:refs/remotes/origin/main
2026-09-10T12:50:13.4386600Z From https://github.com/Apdelrahman1911/PartyDeck
2026-09-10T12:50:13.4488360Z  * [new ref]         c6ea1dd9f7966517fbee87a06b633d01c432c24d -> origin/main
2026-09-10T12:50:13.4534170Z [command]/opt/homebrew/bin/git branch --list --remote origin/main
2026-09-10T12:50:13.4537780Z   origin/main
2026-09-10T12:50:13.4550400Z [command]/opt/homebrew/bin/git rev-parse refs/remotes/origin/main
2026-09-10T12:50:13.4632280Z c6ea1dd9f7966517fbee87a06b633d01c432c24d
2026-09-10T12:50:13.4638690Z ##[endgroup]
2026-09-10T12:50:13.4639970Z ##[group]Determining the checkout info
2026-09-10T12:50:13.4641640Z ##[endgroup]
2026-09-10T12:50:13.4645730Z [command]/opt/homebrew/bin/git sparse-checkout disable
2026-09-10T12:50:13.4770680Z [command]/opt/homebrew/bin/git config --local --unset-all extensions.worktreeConfig
2026-09-10T12:50:13.4876950Z ##[group]Checking out the ref
2026-09-10T12:50:13.4878680Z [command]/opt/homebrew/bin/git checkout --progress --force -B main refs/remotes/origin/main
2026-09-10T12:50:14.6552570Z Updating files:  45% (3124/6822)
2026-09-10T12:50:14.6854760Z Updating files:  46% (3139/6822)
2026-09-10T12:50:14.7249290Z Updating files:  47% (3207/6822)
2026-09-10T12:50:14.7395470Z Updating files:  48% (3275/6822)
2026-09-10T12:50:14.7623150Z Updating files:  49% (3343/6822)
2026-09-10T12:50:14.7816340Z Updating files:  50% (3411/6822)
2026-09-10T12:50:14.8238920Z Updating files:  51% (3480/6822)
2026-09-10T12:50:14.8498370Z Updating files:  52% (3548/6822)
2026-09-10T12:50:14.8808400Z Updating files:  53% (3616/6822)
2026-09-10T12:50:14.9107720Z Updating files:  54% (3684/6822)
2026-09-10T12:50:14.9294320Z Updating files:  55% (3753/6822)
2026-09-10T12:50:14.9670080Z Updating files:  56% (3821/6822)
2026-09-10T12:50:14.9869820Z Updating files:  57% (3889/6822)
2026-09-10T12:50:15.0232080Z Updating files:  58% (3957/6822)
2026-09-10T12:50:15.0626700Z Updating files:  59% (4025/6822)
2026-09-10T12:50:15.0823160Z Updating files:  60% (4094/6822)
2026-09-10T12:50:15.0944320Z Updating files:  61% (4162/6822)
2026-09-10T12:50:15.1338260Z Updating files:  62% (4230/6822)
2026-09-10T12:50:15.1623620Z Updating files:  63% (4298/6822)
2026-09-10T12:50:15.1804290Z Updating files:  64% (4367/6822)
2026-09-10T12:50:15.1994150Z Updating files:  65% (4435/6822)
2026-09-10T12:50:15.2166820Z Updating files:  66% (4503/6822)
2026-09-10T12:50:15.2345580Z Updating files:  67% (4571/6822)
2026-09-10T12:50:15.2519710Z Updating files:  68% (4639/6822)
2026-09-10T12:50:15.2760770Z Updating files:  69% (4708/6822)
2026-09-10T12:50:15.2947980Z Updating files:  70% (4776/6822)
2026-09-10T12:50:15.3228490Z Updating files:  71% (4844/6822)
2026-09-10T12:50:15.4513610Z Updating files:  72% (4912/6822)
2026-09-10T12:50:15.4912900Z Updating files:  73% (4981/6822)
2026-09-10T12:50:15.5279770Z Updating files:  74% (5049/6822)
2026-09-10T12:50:15.7247030Z Updating files:  74% (5053/6822)
2026-09-10T12:50:15.7449790Z Updating files:  75% (5117/6822)
2026-09-10T12:50:16.0489480Z Updating files:  76% (5185/6822)
2026-09-10T12:50:16.1439960Z Updating files:  77% (5253/6822)
2026-09-10T12:50:16.1615870Z Updating files:  78% (5322/6822)
2026-09-10T12:50:16.2280370Z Updating files:  79% (5390/6822)
2026-09-10T12:50:16.2633810Z Updating files:  80% (5458/6822)
2026-09-10T12:50:16.5155570Z Updating files:  81% (5526/6822)
2026-09-10T12:50:16.5612260Z Updating files:  81% (5567/6822)
2026-09-10T12:50:16.5833650Z Updating files:  82% (5595/6822)
2026-09-10T12:50:16.6052540Z Updating files:  83% (5663/6822)
2026-09-10T12:50:16.6165510Z Updating files:  84% (5731/6822)
2026-09-10T12:50:16.6839940Z Updating files:  85% (5799/6822)
2026-09-10T12:50:16.7096190Z Updating files:  86% (5867/6822)
2026-09-10T12:50:16.7297640Z Updating files:  87% (5936/6822)
2026-09-10T12:50:16.7582560Z Updating files:  88% (6004/6822)
2026-09-10T12:50:16.7845390Z Updating files:  89% (6072/6822)
2026-09-10T12:50:16.8044210Z Updating files:  90% (6140/6822)
2026-09-10T12:50:16.8254220Z Updating files:  91% (6209/6822)
2026-09-10T12:50:16.8416570Z Updating files:  92% (6277/6822)
2026-09-10T12:50:16.8892130Z Updating files:  93% (6345/6822)
2026-09-10T12:50:16.9033400Z Updating files:  94% (6413/6822)
2026-09-10T12:50:16.9199250Z Updating files:  95% (6481/6822)
2026-09-10T12:50:16.9417770Z Updating files:  96% (6550/6822)
2026-09-10T12:50:16.9542130Z Updating files:  97% (6618/6822)
2026-09-10T12:50:16.9726260Z Updating files:  98% (6686/6822)
2026-09-10T12:50:17.0016940Z Updating files:  99% (6754/6822)
2026-09-10T12:50:17.0020280Z Updating files: 100% (6822/6822)
2026-09-10T12:50:17.0038470Z Updating files: 100% (6822/6822), done.
2026-09-10T12:50:17.0274350Z Switched to a new branch 'main'
2026-09-10T12:50:17.0318840Z branch 'main' set up to track 'origin/main'.
2026-09-10T12:50:17.0436500Z ##[endgroup]
2026-09-10T12:50:17.0667470Z [command]/opt/homebrew/bin/git log -1 --format=%H
2026-09-10T12:50:17.0783390Z c6ea1dd9f7966517fbee87a06b633d01c432c24d
2026-09-10T12:50:17.0804360Z ##[group]Removing auth
2026-09-10T12:50:17.0813900Z Removing SSH command configuration
2026-09-10T12:50:17.0824190Z [command]/opt/homebrew/bin/git config --local --name-only --get-regexp core\.sshCommand
2026-09-10T12:50:17.0896740Z [command]/opt/homebrew/bin/git submodule foreach --recursive sh -c "git config --local --name-only --get-regexp 'core\.sshCommand' && git config --local --unset-all 'core.sshCommand' || :"
2026-09-10T12:50:17.2590830Z Removing HTTP extra header
2026-09-10T12:50:17.2604240Z [command]/opt/homebrew/bin/git config --local --name-only --get-regexp http\.https\:\/\/github\.com\/\.extraheader
2026-09-10T12:50:17.2671650Z [command]/opt/homebrew/bin/git submodule foreach --recursive sh -c "git config --local --name-only --get-regexp 'http\.https\:\/\/github\.com\/\.extraheader' && git config --local --unset-all 'http.https://github.com/.extraheader' || :"
2026-09-10T12:50:17.4839110Z Removing includeIf entries pointing to credentials config files
2026-09-10T12:50:17.4941570Z [command]/opt/homebrew/bin/git config --local --name-only --get-regexp ^includeIf\.gitdir:
2026-09-10T12:50:17.5044690Z includeif.gitdir:/Users/runner/work/PartyDeck/PartyDeck/.git.path
2026-09-10T12:50:17.5146920Z includeif.gitdir:/Users/runner/work/PartyDeck/PartyDeck/.git/worktrees/*.path
2026-09-10T12:50:17.5159380Z includeif.gitdir:/github/workspace/.git.path
2026-09-10T12:50:17.5159910Z includeif.gitdir:/github/workspace/.git/worktrees/*.path
2026-09-10T12:50:17.5161640Z [command]/opt/homebrew/bin/git config --local --get-all includeif.gitdir:/Users/runner/work/PartyDeck/PartyDeck/.git.path
2026-09-10T12:50:17.5162610Z /Users/runner/work/_temp/git-credentials-1bc47c4e-baad-4a17-8cbd-6efbdab3e13c.config
2026-09-10T12:50:17.5165130Z [command]/opt/homebrew/bin/git config --local --unset includeif.gitdir:/Users/runner/work/PartyDeck/PartyDeck/.git.path \/Users\/runner\/work\/_temp\/git\-credentials\-1bc47c4e\-baad\-4a17\-8cbd\-6efbdab3e13c\.config
2026-09-10T12:50:17.5168030Z [command]/opt/homebrew/bin/git config --local --get-all includeif.gitdir:/Users/runner/work/PartyDeck/PartyDeck/.git/worktrees/*.path
2026-09-10T12:50:17.5169220Z /Users/runner/work/_temp/git-credentials-1bc47c4e-baad-4a17-8cbd-6efbdab3e13c.config
2026-09-10T12:50:17.5171410Z [command]/opt/homebrew/bin/git config --local --unset includeif.gitdir:/Users/runner/work/PartyDeck/PartyDeck/.git/worktrees/*.path \/Users\/runner\/work\/_temp\/git\-credentials\-1bc47c4e\-baad\-4a17\-8cbd\-6efbdab3e13c\.config
2026-09-10T12:50:17.5229130Z [command]/opt/homebrew/bin/git config --local --get-all includeif.gitdir:/github/workspace/.git.path
2026-09-10T12:50:17.5313140Z /github/runner_temp/git-credentials-1bc47c4e-baad-4a17-8cbd-6efbdab3e13c.config
2026-09-10T12:50:17.5325430Z [command]/opt/homebrew/bin/git config --local --unset includeif.gitdir:/github/workspace/.git.path \/github\/runner_temp\/git\-credentials\-1bc47c4e\-baad\-4a17\-8cbd\-6efbdab3e13c\.config
2026-09-10T12:50:17.5419340Z [command]/opt/homebrew/bin/git config --local --get-all includeif.gitdir:/github/workspace/.git/worktrees/*.path
2026-09-10T12:50:17.5492480Z /github/runner_temp/git-credentials-1bc47c4e-baad-4a17-8cbd-6efbdab3e13c.config
2026-09-10T12:50:17.5505570Z [command]/opt/homebrew/bin/git config --local --unset includeif.gitdir:/github/workspace/.git/worktrees/*.path \/github\/runner_temp\/git\-credentials\-1bc47c4e\-baad\-4a17\-8cbd\-6efbdab3e13c\.config
2026-09-10T12:50:17.5674550Z [command]/opt/homebrew/bin/git submodule foreach --recursive git config --local --show-origin --name-only --get-regexp remote.origin.url
2026-09-10T12:50:17.6888610Z Removing credentials config '/Users/runner/work/_temp/git-credentials-1bc47c4e-baad-4a17-8cbd-6efbdab3e13c.config'
2026-09-10T12:50:17.6901390Z ##[endgroup]
2026-09-10T12:50:17.7238340Z ##[group]Run mkdir -p godot/ios-host/build/evidence
2026-09-10T12:50:17.7238940Z [36;1mmkdir -p godot/ios-host/build/evidence[0m
2026-09-10T12:50:17.7239330Z [36;1mpython3 - <<'PY'[0m
2026-09-10T12:50:17.7239510Z [36;1mimport json[0m
2026-09-10T12:50:17.7239720Z [36;1mimport os[0m
2026-09-10T12:50:17.7239920Z [36;1mfrom pathlib import Path[0m
2026-09-10T12:50:17.7240190Z [36;1mimport platform[0m
2026-09-10T12:50:17.7240480Z [36;1mimport subprocess[0m
2026-09-10T12:50:17.7240760Z [36;1m[0m
2026-09-10T12:50:17.7241140Z [36;1mstage = os.environ['PARTYDECK_RETAINED_CI_STAGE'][0m
2026-09-10T12:50:17.7241630Z [36;1msource = subprocess.check_output(['git', 'rev-parse', 'HEAD'], text=True).strip()[0m
2026-09-10T12:50:17.7242740Z [36;1mcontext = {[0m
2026-09-10T12:50:17.7243380Z [36;1m    'source_commit': source,[0m
2026-09-10T12:50:17.7244150Z [36;1m    'expected_source_commit': os.environ['GITHUB_SHA'],[0m
2026-09-10T12:50:17.7245250Z [36;1m    'run_id': os.environ['GITHUB_RUN_ID'],[0m
2026-09-10T12:50:17.7245960Z [36;1m    'run_attempt': os.environ['GITHUB_RUN_ATTEMPT'],[0m
2026-09-10T12:50:17.7246360Z [36;1m    'workflow_ref': os.environ['GITHUB_WORKFLOW_REF'],[0m
2026-09-10T12:50:17.7246720Z [36;1m    'workflow_sha': os.environ['GITHUB_WORKFLOW_SHA'],[0m
2026-09-10T12:50:17.7247010Z [36;1m    'requested_stage': stage,[0m
2026-09-10T12:50:17.7247230Z [36;1m    'system': platform.system(),[0m
2026-09-10T12:50:17.7247520Z [36;1m    'machine': platform.machine(),[0m
2026-09-10T12:50:17.7248010Z [36;1m    'input_artifacts': ['godot-ios-host-renderer', 'godot-ios-host-engine', 'godot-ios-host-framework'],[0m
2026-09-10T12:50:17.7248670Z [36;1m    'input_scope': 'Named artifacts from this workflow run; no external run or repository fallback.',[0m
2026-09-10T12:50:17.7249200Z [36;1m}[0m
2026-09-10T12:50:17.7249620Z [36;1mPath('godot/ios-host/build/evidence/retained-ci-context.json').write_text(json.dumps(context, indent=2) + '\n')[0m
2026-09-10T12:50:17.7250310Z [36;1mif stage not in {'build', 'test'} or source != os.environ['GITHUB_SHA']:[0m
2026-09-10T12:50:17.7250880Z [36;1m    raise SystemExit('The retained stage and checked-out source revision must match this dispatch.')[0m
2026-09-10T12:50:17.7251510Z [36;1mif (context['system'], context['machine']) != ('Darwin', 'arm64'):[0m
2026-09-10T12:50:17.7252030Z [36;1m    raise SystemExit('The retained harness requires the ARM64 macOS runner.')[0m
2026-09-10T12:50:17.7252760Z [36;1mPY[0m
2026-09-10T12:50:17.7322770Z shell: /bin/bash --noprofile --norc -e -o pipefail {0}
2026-09-10T12:50:17.7323270Z env:
2026-09-10T12:50:17.7323720Z   DEVELOPER_DIR: /Applications/Xcode_26.4.1.app/Contents/Developer
2026-09-10T12:50:17.7324130Z   PARTYDECK_RETAINED_CI_STAGE: test
2026-09-10T12:50:17.7325280Z   PARTYDECK_GODOT_RETAINED_FRAMEWORK: /Users/runner/work/PartyDeck/PartyDeck/godot/ios-host/build/framework-input/PartyDeckGodotBridge.framework
2026-09-10T12:50:17.7326290Z   PARTYDECK_GODOT_RETAINED_FRAMEWORK_RECEIPT: /Users/runner/work/PartyDeck/PartyDeck/godot/ios-host/build/evidence/authority-framework-result.json
2026-09-10T12:50:17.7327260Z   PARTYDECK_GODOT_RETAINED_PCK: /Users/runner/work/PartyDeck/PartyDeck/godot/ios-host/build/retained-inputs/renderer/partydeck-last-light.pck
2026-09-10T12:50:17.7327830Z ##[endgroup]
2026-09-10T12:50:18.0232240Z ##[group]Run actions/download-artifact@3e5f45b2cfb9172054b4087a40e8e0b5a5461e7c
2026-09-10T12:50:18.0232710Z with:
2026-09-10T12:50:18.0232940Z   name: godot-ios-host-renderer
2026-09-10T12:50:18.0233230Z   path: godot/ios-host/build/retained-inputs/renderer
2026-09-10T12:50:18.0233490Z   digest-mismatch: error
2026-09-10T12:50:18.0233700Z   merge-multiple: false
2026-09-10T12:50:18.0233920Z   repository: Apdelrahman1911/PartyDeck
2026-09-10T12:50:18.0234130Z   run-id: 34478720554
2026-09-10T12:50:18.0234320Z   skip-decompress: false
2026-09-10T12:50:18.0234490Z env:
2026-09-10T12:50:18.0234720Z   DEVELOPER_DIR: /Applications/Xcode_26.4.1.app/Contents/Developer
2026-09-10T12:50:18.0235170Z   PARTYDECK_RETAINED_CI_STAGE: test
2026-09-10T12:50:18.0235860Z   PARTYDECK_GODOT_RETAINED_FRAMEWORK: /Users/runner/work/PartyDeck/PartyDeck/godot/ios-host/build/framework-input/PartyDeckGodotBridge.framework
2026-09-10T12:50:18.0236840Z   PARTYDECK_GODOT_RETAINED_FRAMEWORK_RECEIPT: /Users/runner/work/PartyDeck/PartyDeck/godot/ios-host/build/evidence/authority-framework-result.json
2026-09-10T12:50:18.0237680Z   PARTYDECK_GODOT_RETAINED_PCK: /Users/runner/work/PartyDeck/PartyDeck/godot/ios-host/build/retained-inputs/renderer/partydeck-last-light.pck
2026-09-10T12:50:18.0238210Z ##[endgroup]
2026-09-10T12:50:18.2259210Z Downloading single artifact
2026-09-10T12:50:18.5355500Z Preparing to download the following artifacts:
2026-09-10T12:50:18.5356250Z - godot-ios-host-renderer (ID: 10152645921, Size: 1109471, Expected Digest: sha256:c6407b41dd70057b73ebb4c53201a9275fe4ebb58b23eaab3ea98a6c68cd93a2)
2026-09-10T12:50:19.0591810Z Redirecting to blob download url: https://productionresultssa6.blob.core.windows.net/actions-results/1db5a135-f2cf-458b-9423-bff81feb2492/workflow-job-run-d66d2dd3-adf0-51cb-a8ee-4bf79bd48655/artifacts/abe4e4fed53669ad30eb4aad50b1db02c253f23fd16ccb6511ff1de3d43890fc.zip
2026-09-10T12:50:19.0593350Z Starting download of artifact to: /Users/runner/work/PartyDeck/PartyDeck/godot/ios-host/build/retained-inputs/renderer
2026-09-10T12:50:19.3453040Z (node:2195) [DEP0005] DeprecationWarning: Buffer() is deprecated due to security and usability issues. Please use the Buffer.alloc(), Buffer.allocUnsafe(), or Buffer.from() methods instead.
2026-09-10T12:50:19.3454080Z (Use `node --trace-deprecation ...` to show where the warning was created)
2026-09-10T12:50:19.8993180Z SHA256 digest of downloaded artifact is c6407b41dd70057b73ebb4c53201a9275fe4ebb58b23eaab3ea98a6c68cd93a2
2026-09-10T12:50:19.8994550Z Artifact download completed successfully.
2026-09-10T12:50:19.8995200Z Total of 1 artifact(s) downloaded
2026-09-10T12:50:19.8996320Z Download artifact has finished successfully
2026-09-10T12:50:19.9118830Z ##[group]Run actions/download-artifact@3e5f45b2cfb9172054b4087a40e8e0b5a5461e7c
2026-09-10T12:50:19.9119260Z with:
2026-09-10T12:50:19.9119480Z   name: godot-ios-host-engine
2026-09-10T12:50:19.9119780Z   path: godot/ios-host/build/retained-inputs/engine
2026-09-10T12:50:19.9120060Z   digest-mismatch: error
2026-09-10T12:50:19.9120270Z   merge-multiple: false
2026-09-10T12:50:19.9120510Z   repository: Apdelrahman1911/PartyDeck
2026-09-10T12:50:19.9121040Z   run-id: 34478720554
2026-09-10T12:50:19.9121220Z   skip-decompress: false
2026-09-10T12:50:19.9121420Z env:
2026-09-10T12:50:19.9121720Z   DEVELOPER_DIR: /Applications/Xcode_26.4.1.app/Contents/Developer
2026-09-10T12:50:19.9122070Z   PARTYDECK_RETAINED_CI_STAGE: test
2026-09-10T12:50:19.9122690Z   PARTYDECK_GODOT_RETAINED_FRAMEWORK: /Users/runner/work/PartyDeck/PartyDeck/godot/ios-host/build/framework-input/PartyDeckGodotBridge.framework
2026-09-10T12:50:19.9123670Z   PARTYDECK_GODOT_RETAINED_FRAMEWORK_RECEIPT: /Users/runner/work/PartyDeck/PartyDeck/godot/ios-host/build/evidence/authority-framework-result.json
2026-09-10T12:50:19.9124620Z   PARTYDECK_GODOT_RETAINED_PCK: /Users/runner/work/PartyDeck/PartyDeck/godot/ios-host/build/retained-inputs/renderer/partydeck-last-light.pck
2026-09-10T12:50:19.9125680Z ##[endgroup]
2026-09-10T12:50:20.0960750Z Downloading single artifact
2026-09-10T12:50:20.3536180Z Preparing to download the following artifacts:
2026-09-10T12:50:20.3537990Z - godot-ios-host-engine (ID: 10152705871, Size: 54534046, Expected Digest: sha256:294fb8f56755943006e4b2c1919261b559b9b3399912ce5529c738644610e69f)
2026-09-10T12:50:20.8790240Z Redirecting to blob download url: https://productionresultssa6.blob.core.windows.net/actions-results/1db5a135-f2cf-458b-9423-bff81feb2492/workflow-job-run-9626bdd7-e44f-5a9e-b152-a23a565758f2/artifacts/a522ade447722fe30fd7cf7a8ce99130f42ea723166f8d2ed5440f0e4b43c62f.zip
2026-09-10T12:50:20.8798140Z Starting download of artifact to: /Users/runner/work/PartyDeck/PartyDeck/godot/ios-host/build/retained-inputs/engine
2026-09-10T12:50:21.2139550Z (node:2200) [DEP0005] DeprecationWarning: Buffer() is deprecated due to security and usability issues. Please use the Buffer.alloc(), Buffer.allocUnsafe(), or Buffer.from() methods instead.
2026-09-10T12:50:21.2140390Z (Use `node --trace-deprecation ...` to show where the warning was created)
2026-09-10T12:50:25.6962060Z SHA256 digest of downloaded artifact is 294fb8f56755943006e4b2c1919261b559b9b3399912ce5529c738644610e69f
2026-09-10T12:50:25.6971040Z Artifact download completed successfully.
2026-09-10T12:50:25.6984740Z Total of 1 artifact(s) downloaded
2026-09-10T12:50:25.6986060Z Download artifact has finished successfully
2026-09-10T12:50:25.7111650Z ##[group]Run actions/download-artifact@3e5f45b2cfb9172054b4087a40e8e0b5a5461e7c
2026-09-10T12:50:25.7112050Z with:
2026-09-10T12:50:25.7112230Z   name: godot-ios-host-framework
2026-09-10T12:50:25.7112500Z   path: godot/ios-host/build/retained-inputs/framework
2026-09-10T12:50:25.7112780Z   digest-mismatch: error
2026-09-10T12:50:25.7113030Z   merge-multiple: false
2026-09-10T12:50:25.7113240Z   repository: Apdelrahman1911/PartyDeck
2026-09-10T12:50:25.7113490Z   run-id: 34478720554
2026-09-10T12:50:25.7113740Z   skip-decompress: false
2026-09-10T12:50:25.7113950Z env:
2026-09-10T12:50:25.7114250Z   DEVELOPER_DIR: /Applications/Xcode_26.4.1.app/Contents/Developer
2026-09-10T12:50:25.7114640Z   PARTYDECK_RETAINED_CI_STAGE: test
2026-09-10T12:50:25.7115260Z   PARTYDECK_GODOT_RETAINED_FRAMEWORK: /Users/runner/work/PartyDeck/PartyDeck/godot/ios-host/build/framework-input/PartyDeckGodotBridge.framework
2026-09-10T12:50:25.7116270Z   PARTYDECK_GODOT_RETAINED_FRAMEWORK_RECEIPT: /Users/runner/work/PartyDeck/PartyDeck/godot/ios-host/build/evidence/authority-framework-result.json
2026-09-10T12:50:25.7117290Z   PARTYDECK_GODOT_RETAINED_PCK: /Users/runner/work/PartyDeck/PartyDeck/godot/ios-host/build/retained-inputs/renderer/partydeck-last-light.pck
2026-09-10T12:50:25.7117920Z ##[endgroup]
2026-09-10T12:50:25.8985490Z Downloading single artifact
2026-09-10T12:50:26.2100000Z Preparing to download the following artifacts:
2026-09-10T12:50:26.2101760Z - godot-ios-host-framework (ID: 10152709697, Size: 8511352, Expected Digest: sha256:d9e9ba8ae0238f149f8eeca3a2233094ecc7f5265d47bb10458c2aa08e2a21f1)
2026-09-10T12:50:26.7148480Z Redirecting to blob download url: https://productionresultssa6.blob.core.windows.net/actions-results/1db5a135-f2cf-458b-9423-bff81feb2492/workflow-job-run-84c5b009-1a41-5913-a79b-306fe334e42c/artifacts/98f01df6d1c7dfef617850326596839e8be4758e3b7ca6582b49664ced5ddf6d.zip
2026-09-10T12:50:26.7150150Z Starting download of artifact to: /Users/runner/work/PartyDeck/PartyDeck/godot/ios-host/build/retained-inputs/framework
2026-09-10T12:50:27.0403760Z (node:2219) [DEP0005] DeprecationWarning: Buffer() is deprecated due to security and usability issues. Please use the Buffer.alloc(), Buffer.allocUnsafe(), or Buffer.from() methods instead.
2026-09-10T12:50:27.0404570Z (Use `node --trace-deprecation ...` to show where the warning was created)
2026-09-10T12:50:28.5331020Z SHA256 digest of downloaded artifact is d9e9ba8ae0238f149f8eeca3a2233094ecc7f5265d47bb10458c2aa08e2a21f1
2026-09-10T12:50:28.5333420Z Artifact download completed successfully.
2026-09-10T12:50:28.5333830Z Total of 1 artifact(s) downloaded
2026-09-10T12:50:28.5341080Z Download artifact has finished successfully
2026-09-10T12:50:28.5427990Z ##[group]Run python3 - <<'PY' 2>&1 | tee godot/ios-host/build/evidence/retained-ci-input-verification.log
2026-09-10T12:50:28.5428760Z [36;1mpython3 - <<'PY' 2>&1 | tee godot/ios-host/build/evidence/retained-ci-input-verification.log[0m
2026-09-10T12:50:28.5429150Z [36;1mimport hashlib[0m
2026-09-10T12:50:28.5429340Z [36;1mimport json[0m
2026-09-10T12:50:28.5429510Z [36;1mimport os[0m
2026-09-10T12:50:28.5429700Z [36;1mfrom pathlib import Path[0m
2026-09-10T12:50:28.5429920Z [36;1mimport shutil[0m
2026-09-10T12:50:28.5430110Z [36;1m[0m
2026-09-10T12:50:28.5430300Z [36;1mbuild = Path('godot/ios-host/build')[0m
2026-09-10T12:50:28.5430560Z [36;1mevidence = build / 'evidence'[0m
2026-09-10T12:50:28.5430810Z [36;1minputs = build / 'retained-inputs'[0m
2026-09-10T12:50:28.5431310Z [36;1mverification = {'archive_integrity_verified': False, 'source_commit': os.environ['GITHUB_SHA'], 'files': []}[0m
2026-09-10T12:50:28.5431750Z [36;1m[0m
2026-09-10T12:50:28.5432010Z [36;1mdef receipt(path):[0m
2026-09-10T12:50:28.5432270Z [36;1m    checksum = hashlib.sha256()[0m
2026-09-10T12:50:28.5432530Z [36;1m    with path.open('rb') as stream:[0m
2026-09-10T12:50:28.5432840Z [36;1m        for block in iter(lambda: stream.read(1048576), b''):[0m
2026-09-10T12:50:28.5433160Z [36;1m            checksum.update(block)[0m
2026-09-10T12:50:28.5433530Z [36;1m    return {'sha256': checksum.hexdigest(), 'bytes': path.stat().st_size}[0m
2026-09-10T12:50:28.5433850Z [36;1m[0m
2026-09-10T12:50:28.5434000Z [36;1mdef verify(path, expected):[0m
2026-09-10T12:50:28.5434220Z [36;1m    actual = receipt(path)[0m
2026-09-10T12:50:28.5434520Z [36;1m    if any(actual[key] != expected.get(key) for key in actual):[0m
2026-09-10T12:50:28.5434970Z [36;1m        raise ValueError(f'Downloaded input differs from its build receipt: {path}')[0m
2026-09-10T12:50:28.5435420Z [36;1m    verification['files'].append({'path': str(path), **actual})[0m
2026-09-10T12:50:28.5435720Z [36;1m[0m
2026-09-10T12:50:28.5435880Z [36;1mtry:[0m
2026-09-10T12:50:28.5436260Z [36;1m    for kind, name in [('engine', 'engine-source-commit.txt'), ('framework', 'authority-source-commit.txt')]:[0m
2026-09-10T12:50:28.5436730Z [36;1m        path = inputs / kind / 'evidence' / name[0m
2026-09-10T12:50:28.5437080Z [36;1m        if path.read_text().strip() != os.environ['GITHUB_SHA']:[0m
2026-09-10T12:50:28.5437530Z [36;1m            raise ValueError(f'Downloaded input uses a different source revision: {name}')[0m
2026-09-10T12:50:28.5438020Z [36;1m        verification['files'].append({'path': str(path), **receipt(path)})[0m
2026-09-10T12:50:28.5438490Z [36;1m    engine_receipt = inputs / 'engine/evidence/engine-artifact.json'[0m
2026-09-10T12:50:28.5438970Z [36;1m    engine = json.loads(engine_receipt.read_text())[0m
2026-09-10T12:50:28.5439700Z [36;1m    expected_engine = {[0m
2026-09-10T12:50:28.5440190Z [36;1m        'engine_commit': 'ed1daf0bf001b61586d9930840f2f1394092c079',[0m
2026-09-10T12:50:28.5440780Z [36;1m        'stage': 'engine_compile_only', 'platform': 'ios', 'target': 'template_debug',[0m
2026-09-10T12:50:28.5443640Z [36;1m        'configuration': 'Debug', 'simulator': True, 'architecture': 'arm64',[0m
2026-09-10T12:50:28.5444200Z [36;1m        'sdk': 'iphonesimulator', 'xcode_version': '26.4.1',[0m
2026-09-10T12:50:28.5444660Z [36;1m        'rendering_drivers': ['opengl3'], 'path_overrides_enabled': True,[0m
2026-09-10T12:50:28.5444980Z [36;1m    }[0m
2026-09-10T12:50:28.5445220Z [36;1m    for key, value in expected_engine.items():[0m
2026-09-10T12:50:28.5445610Z [36;1m        if type(engine.get(key)) is not type(value) or engine.get(key) != value:[0m
2026-09-10T12:50:28.5446150Z [36;1m            raise ValueError(f'The retained harness requires the reviewed Simulator/Debug engine: {key}')[0m
2026-09-10T12:50:28.5446680Z [36;1m    archives = [engine, *engine.get('auxiliary_archives', [])][0m
2026-09-10T12:50:28.5446980Z [36;1m    expected_archives = {[0m
2026-09-10T12:50:28.5447740Z [36;1m        'libpartydeck_godot_ios_probe.a': 'libgodot.ios.template_debug.arm64.simulator.a',[0m
2026-09-10T12:50:28.5448450Z [36;1m        'libpartydeck_godot_camera.a': 'libgodot_camera.ios.template_debug.arm64.simulator.a',[0m
2026-09-10T12:50:28.5448970Z [36;1m    }[0m
2026-09-10T12:50:28.5449390Z [36;1m    if len(archives) != 2 or {item.get('artifact') for item in archives} != set(expected_archives):[0m
2026-09-10T12:50:28.5449910Z [36;1m        raise ValueError('Both distinct Simulator native archives are required.')[0m
2026-09-10T12:50:28.5450300Z [36;1m    for archive in archives:[0m
2026-09-10T12:50:28.5450680Z [36;1m        if archive.get('upstream_archive') != expected_archives[archive['artifact']]:[0m
2026-09-10T12:50:28.5451260Z [36;1m            raise ValueError('A native archive has an unexpected platform/configuration name.')[0m
2026-09-10T12:50:28.5451780Z [36;1m        verify(inputs / 'engine/artifacts' / archive['artifact'], archive)[0m
2026-09-10T12:50:28.5452280Z [36;1m    framework_receipt = inputs / 'framework/evidence/authority-framework-result.json'[0m
2026-09-10T12:50:28.5452750Z [36;1m    framework = json.loads(framework_receipt.read_text())[0m
2026-09-10T12:50:28.5453150Z [36;1m    if (framework.get('stage') != 'authority_framework_compilation'[0m
2026-09-10T12:50:28.5453550Z [36;1m            or framework.get('target') != 'iosSimulatorArm64'[0m
2026-09-10T12:50:28.5453930Z [36;1m            or framework.get('configuration') != 'debugFramework'[0m
2026-09-10T12:50:28.5454300Z [36;1m            or not all(framework.get(key) is True for key in ([0m
2026-09-10T12:50:28.5454840Z [36;1m                'framework_compiled', 'expected_facade_declarations_present', 'swift_module_import_typechecked'))):[0m
2026-09-10T12:50:28.5455460Z [36;1m        raise ValueError('The successful ARM64 Simulator qualification framework is required.')[0m
2026-09-10T12:50:28.5456050Z [36;1m    if framework['archive']['name'] != 'PartyDeckGodotBridge-simulator.framework.tar.gz':[0m
2026-09-10T12:50:28.5456560Z [36;1m        raise ValueError('The framework receipt names an unexpected archive.')[0m
2026-09-10T12:50:28.5457070Z [36;1m    verify(inputs / 'framework/artifacts' / framework['archive']['name'], framework['archive'])[0m
2026-09-10T12:50:28.5457530Z [36;1m    for path in (engine_receipt, framework_receipt,[0m
2026-09-10T12:50:28.5457890Z [36;1m                 inputs / 'renderer/partydeck-last-light.pck',[0m
2026-09-10T12:50:28.5458280Z [36;1m                 inputs / 'renderer/partydeck-last-light.receipt.json'):[0m
2026-09-10T12:50:28.5458740Z [36;1m        verification['files'].append({'path': str(path), **receipt(path)})[0m
2026-09-10T12:50:28.5459110Z [36;1m    artifacts = build / 'artifacts'[0m
2026-09-10T12:50:28.5459400Z [36;1m    artifacts.mkdir(exist_ok=False)[0m
2026-09-10T12:50:28.5459670Z [36;1m    for archive in archives:[0m
2026-09-10T12:50:28.5460000Z [36;1m        source = inputs / 'engine/artifacts' / archive['artifact'][0m
2026-09-10T12:50:28.5460350Z [36;1m        destination = artifacts / archive['artifact'][0m
2026-09-10T12:50:28.5460940Z [36;1m        shutil.copy2(source, destination)[0m
2026-09-10T12:50:28.5461210Z [36;1m        verify(destination, archive)[0m
2026-09-10T12:50:28.5461550Z [36;1m    shutil.copy2(engine_receipt, evidence / 'engine-artifact.json')[0m
2026-09-10T12:50:28.5462020Z [36;1m    shutil.copy2(framework_receipt, evidence / 'authority-framework-result.json')[0m
2026-09-10T12:50:28.5462470Z [36;1m    verification['archive_integrity_verified'] = True[0m
2026-09-10T12:50:28.5463100Z [36;1m    verification['remaining_gate'] = 'The runner verifies current native modules/patches, framework files and exact-source PCK before any link or test.'[0m
2026-09-10T12:50:28.5463670Z [36;1mexcept Exception as error:[0m
2026-09-10T12:50:28.5463980Z [36;1m    verification['error'] = f'{type(error).__name__}: {error}'[0m
2026-09-10T12:50:28.5464270Z [36;1m    raise[0m
2026-09-10T12:50:28.5464590Z [36;1mfinally:[0m
2026-09-10T12:50:28.5464970Z [36;1m    (evidence / 'retained-ci-inputs.json').write_text(json.dumps(verification, indent=2) + '\n')[0m
2026-09-10T12:50:28.5465370Z [36;1mPY[0m
2026-09-10T12:50:28.5465580Z [36;1mmkdir godot/ios-host/build/framework-input[0m
2026-09-10T12:50:28.5466130Z [36;1mtar -xzf godot/ios-host/build/retained-inputs/framework/artifacts/PartyDeckGodotBridge-simulator.framework.tar.gz \[0m
2026-09-10T12:50:28.5466710Z [36;1m  -C godot/ios-host/build/framework-input \[0m
2026-09-10T12:50:28.5467120Z [36;1m  2>&1 | tee -a godot/ios-host/build/evidence/retained-ci-input-verification.log[0m
2026-09-10T12:50:28.5501110Z shell: /bin/bash --noprofile --norc -e -o pipefail {0}
2026-09-10T12:50:28.5501390Z env:
2026-09-10T12:50:28.5501680Z   DEVELOPER_DIR: /Applications/Xcode_26.4.1.app/Contents/Developer
2026-09-10T12:50:28.5502010Z   PARTYDECK_RETAINED_CI_STAGE: test
2026-09-10T12:50:28.5502560Z   PARTYDECK_GODOT_RETAINED_FRAMEWORK: /Users/runner/work/PartyDeck/PartyDeck/godot/ios-host/build/framework-input/PartyDeckGodotBridge.framework
2026-09-10T12:50:28.5503430Z   PARTYDECK_GODOT_RETAINED_FRAMEWORK_RECEIPT: /Users/runner/work/PartyDeck/PartyDeck/godot/ios-host/build/evidence/authority-framework-result.json
2026-09-10T12:50:28.5504260Z   PARTYDECK_GODOT_RETAINED_PCK: /Users/runner/work/PartyDeck/PartyDeck/godot/ios-host/build/retained-inputs/renderer/partydeck-last-light.pck
2026-09-10T12:50:28.5504780Z ##[endgroup]
2026-09-10T12:50:29.0160530Z ##[group]Run bash godot/ios-host/test-retained-host.sh "$PARTYDECK_RETAINED_CI_STAGE" \
2026-09-10T12:50:29.0161090Z [36;1mbash godot/ios-host/test-retained-host.sh "$PARTYDECK_RETAINED_CI_STAGE" \[0m
2026-09-10T12:50:29.0161570Z [36;1m  2>&1 | tee godot/ios-host/build/evidence/retained-ci-runner.log[0m
2026-09-10T12:50:29.0192370Z shell: /bin/bash --noprofile --norc -e -o pipefail {0}
2026-09-10T12:50:29.0192670Z env:
2026-09-10T12:50:29.0193060Z   DEVELOPER_DIR: /Applications/Xcode_26.4.1.app/Contents/Developer
2026-09-10T12:50:29.0193430Z   PARTYDECK_RETAINED_CI_STAGE: test
2026-09-10T12:50:29.0194070Z   PARTYDECK_GODOT_RETAINED_FRAMEWORK: /Users/runner/work/PartyDeck/PartyDeck/godot/ios-host/build/framework-input/PartyDeckGodotBridge.framework
2026-09-10T12:50:29.0194940Z   PARTYDECK_GODOT_RETAINED_FRAMEWORK_RECEIPT: /Users/runner/work/PartyDeck/PartyDeck/godot/ios-host/build/evidence/authority-framework-result.json
2026-09-10T12:50:29.0195830Z   PARTYDECK_GODOT_RETAINED_PCK: /Users/runner/work/PartyDeck/PartyDeck/godot/ios-host/build/retained-inputs/renderer/partydeck-last-light.pck
2026-09-10T12:50:29.0196400Z ##[endgroup]
2026-09-10T12:50:32.4605820Z PCK checks passed: 136 entries; SHA-256 d6adbba1b5cbd6a1ac3a5754e4294363eae70ae9540af4ba12040cd4cfff44e0
2026-09-10T12:50:32.4710010Z Prepared the real diagnostic scene and verified authority fixture.
2026-09-10T12:50:32.4779300Z Staged the receipt-matched Kotlin framework and verified shared renderer pack.
2026-09-10T12:50:32.5293730Z /Users/runner/work/PartyDeck/PartyDeck/godot/ios-host/RetainedHost/Info.plist: OK
2026-09-10T12:50:32.5295890Z /Users/runner/work/PartyDeck/PartyDeck/godot/ios-host/RetainedHost.xcodeproj/project.pbxproj: OK
2026-09-10T12:50:34.3658060Z Command line invocation:
2026-09-10T12:50:34.3761390Z     /Applications/Xcode_26.4.1.app/Contents/Developer/usr/bin/xcodebuild build -project /Users/runner/work/PartyDeck/PartyDeck/godot/ios-host/RetainedHost.xcodeproj -scheme RetainedHost -configuration Debug -destination "generic/platform=iOS Simulator" -derivedDataPath /Users/runner/work/PartyDeck/PartyDeck/godot/ios-host/build/retained-host-test/DerivedData CODE_SIGNING_ALLOWED=NO LD_MAP_FILE_PATH=/Users/runner/work/PartyDeck/PartyDeck/godot/ios-host/build/retained-host-test/evidence/RetainedHost-LinkMap.txt
2026-09-10T12:50:34.3927940Z 
2026-09-10T12:50:34.4029370Z Build settings from command line:
2026-09-10T12:50:34.4139720Z     CODE_SIGNING_ALLOWED = NO
2026-09-10T12:50:34.4241700Z     LD_MAP_FILE_PATH = /Users/runner/work/PartyDeck/PartyDeck/godot/ios-host/build/retained-host-test/evidence/RetainedHost-LinkMap.txt
2026-09-10T12:50:34.4342960Z 
2026-09-10T12:50:41.5810920Z ComputePackagePrebuildTargetDependencyGraph
2026-09-10T12:50:41.6614680Z 
2026-09-10T12:50:41.6715630Z Prepare packages
2026-09-10T12:50:41.6815790Z 
2026-09-10T12:50:41.6916850Z CreateBuildRequest
2026-09-10T12:50:41.7017110Z 
2026-09-10T12:50:41.7118400Z SendProjectDescription
2026-09-10T12:50:41.7218970Z 
2026-09-10T12:50:41.7320190Z CreateBuildOperation
2026-09-10T12:50:41.7421460Z 
2026-09-10T12:50:41.7522480Z ComputeTargetDependencyGraph
2026-09-10T12:50:41.7625100Z note: Building targets in dependency order
2026-09-10T12:50:41.7726540Z note: Target dependency graph (1 target)
2026-09-10T12:50:41.7830040Z     Target 'RetainedHost' in project 'RetainedHost' (no dependencies)
2026-09-10T12:50:41.7931000Z 
2026-09-10T12:50:41.8031940Z GatherProvisioningInputs
2026-09-10T12:50:41.8132750Z 
2026-09-10T12:50:41.8234570Z CreateBuildDescription
2026-09-10T12:50:41.8336050Z 
2026-09-10T12:50:41.8438840Z ExecuteExternalTool /Applications/Xcode_26.4.1.app/Contents/Developer/Toolchains/XcodeDefault.xctoolchain/usr/bin/swiftc --version
2026-09-10T12:50:42.5846310Z 
2026-09-10T12:50:42.5848610Z ExecuteExternalTool /Applications/Xcode_26.4.1.app/Contents/Developer/Toolchains/XcodeDefault.xctoolchain/usr/bin/clang -v -E -dM -isysroot /Applications/Xcode_26.4.1.app/Contents/Developer/Platforms/iPhoneSimulator.platform/Developer/SDKs/iPhoneSimulator26.4.sdk -x c -c /dev/null
2026-09-10T12:50:42.5849630Z 
2026-09-10T12:50:42.5927780Z ExecuteExternalTool /Applications/Xcode_26.4.1.app/Contents/Developer/Toolchains/XcodeDefault.xctoolchain/usr/bin/ld -version_details
2026-09-10T12:50:42.7487950Z 
2026-09-10T12:50:42.7618440Z Build description signature: 655f936e82fa1b6311984fe53d093464
2026-09-10T12:50:42.7620680Z Build description path: /Users/runner/work/PartyDeck/PartyDeck/godot/ios-host/build/retained-host-test/DerivedData/Build/Intermediates.noindex/XCBuildData/655f936e82fa1b6311984fe53d093464.xcbuilddata
2026-09-10T12:50:42.7910940Z CreateBuildDirectory /Users/runner/work/PartyDeck/PartyDeck/godot/ios-host/build/retained-host-test/DerivedData/Build/Products
2026-09-10T12:50:42.8014350Z     cd /Users/runner/work/PartyDeck/PartyDeck/godot/ios-host/RetainedHost.xcodeproj
2026-09-10T12:50:42.8066430Z     builtin-create-build-directory /Users/runner/work/PartyDeck/PartyDeck/godot/ios-host/build/retained-host-test/DerivedData/Build/Products
2026-09-10T12:50:42.8068470Z 
2026-09-10T12:50:42.8080430Z ClangStatCache /Applications/Xcode_26.4.1.app/Contents/Developer/Toolchains/XcodeDefault.xctoolchain/usr/bin/clang-stat-cache /Applications/Xcode_26.4.1.app/Contents/Developer/Platforms/iPhoneSimulator.platform/Developer/SDKs/iPhoneSimulator26.4.sdk /Users/runner/work/PartyDeck/PartyDeck/godot/ios-host/build/retained-host-test/DerivedData/SDKStatCaches.noindex/iphonesimulator26.4-23E252-688ef53f1462e2c8f657fdc38a81448f893e4a944e4cdd9af1f5077e1341bc52.sdkstatcache
2026-09-10T12:50:42.8083860Z     cd /Users/runner/work/PartyDeck/PartyDeck/godot/ios-host/RetainedHost.xcodeproj
2026-09-10T12:50:42.8090730Z     /Applications/Xcode_26.4.1.app/Contents/Developer/Toolchains/XcodeDefault.xctoolchain/usr/bin/clang-stat-cache /Applications/Xcode_26.4.1.app/Contents/Developer/Platforms/iPhoneSimulator.platform/Developer/SDKs/iPhoneSimulator26.4.sdk -o /Users/runner/work/PartyDeck/PartyDeck/godot/ios-host/build/retained-host-test/DerivedData/SDKStatCaches.noindex/iphonesimulator26.4-23E252-688ef53f1462e2c8f657fdc38a81448f893e4a944e4cdd9af1f5077e1341bc52.sdkstatcache
2026-09-10T12:50:45.1214710Z 
2026-09-10T12:50:45.1215560Z CreateBuildDirectory /Users/runner/work/PartyDeck/PartyDeck/godot/ios-host/build/retained-host-test/DerivedData/Build/Intermediates.noindex
2026-09-10T12:50:45.1216520Z     cd /Users/runner/work/PartyDeck/PartyDeck/godot/ios-host/RetainedHost.xcodeproj
2026-09-10T12:50:45.1217490Z     builtin-create-build-directory /Users/runner/work/PartyDeck/PartyDeck/godot/ios-host/build/retained-host-test/DerivedData/Build/Intermediates.noindex
2026-09-10T12:50:45.1218200Z 
2026-09-10T12:50:45.1218720Z CreateBuildDirectory /Users/runner/work/PartyDeck/PartyDeck/godot/ios-host/build/retained-host-test/DerivedData/Build/Products/Debug-iphonesimulator
2026-09-10T12:50:45.1219540Z     cd /Users/runner/work/PartyDeck/PartyDeck/godot/ios-host/RetainedHost.xcodeproj
2026-09-10T12:50:45.1220400Z     builtin-create-build-directory /Users/runner/work/PartyDeck/PartyDeck/godot/ios-host/build/retained-host-test/DerivedData/Build/Products/Debug-iphonesimulator
2026-09-10T12:50:45.1221020Z 
2026-09-10T12:50:45.1222530Z WriteAuxiliaryFile /Users/runner/work/PartyDeck/PartyDeck/godot/ios-host/build/retained-host-test/DerivedData/Build/Intermediates.noindex/RetainedHost.build/Debug-iphonesimulator/RetainedHost-18bce220dfdb8dd8aa390b59ff9a8853-VFS-iphonesimulator/all-product-headers.yaml
2026-09-10T12:50:45.1223810Z     cd /Users/runner/work/PartyDeck/PartyDeck/godot/ios-host/RetainedHost.xcodeproj
2026-09-10T12:50:45.1225310Z     write-file /Users/runner/work/PartyDeck/PartyDeck/godot/ios-host/build/retained-host-test/DerivedData/Build/Intermediates.noindex/RetainedHost.build/Debug-iphonesimulator/RetainedHost-18bce220dfdb8dd8aa390b59ff9a8853-VFS-iphonesimulator/all-product-headers.yaml
2026-09-10T12:50:45.1226640Z 
2026-09-10T12:50:45.1227780Z CreateBuildDirectory /Users/runner/work/PartyDeck/PartyDeck/godot/ios-host/build/retained-host-test/DerivedData/Build/Intermediates.noindex/SwiftExplicitPrecompiledModules
2026-09-10T12:50:45.1229050Z     cd /Users/runner/work/PartyDeck/PartyDeck/godot/ios-host/RetainedHost.xcodeproj
2026-09-10T12:50:45.1230170Z     builtin-create-build-directory /Users/runner/work/PartyDeck/PartyDeck/godot/ios-host/build/retained-host-test/DerivedData/Build/Intermediates.noindex/SwiftExplicitPrecompiledModules
2026-09-10T12:50:45.1230840Z 
2026-09-10T12:50:45.1231360Z CreateBuildDirectory /Users/runner/work/PartyDeck/PartyDeck/godot/ios-host/build/retained-host-test/DerivedData/Build/Intermediates.noindex/ExplicitPrecompiledModules
2026-09-10T12:50:45.1237380Z     cd /Users/runner/work/PartyDeck/PartyDeck/godot/ios-host/RetainedHost.xcodeproj
2026-09-10T12:50:45.1238370Z     builtin-create-build-directory /Users/runner/work/PartyDeck/PartyDeck/godot/ios-host/build/retained-host-test/DerivedData/Build/Intermediates.noindex/ExplicitPrecompiledModules
2026-09-10T12:50:45.1239100Z 
2026-09-10T12:50:45.1239730Z CreateBuildDirectory /Users/runner/work/PartyDeck/PartyDeck/godot/ios-host/build/retained-host-test/DerivedData/Build/Intermediates.noindex/EagerLinkingTBDs/Debug-iphonesimulator
2026-09-10T12:50:45.1240720Z     cd /Users/runner/work/PartyDeck/PartyDeck/godot/ios-host/RetainedHost.xcodeproj
2026-09-10T12:50:45.1241600Z     builtin-create-build-directory /Users/runner/work/PartyDeck/PartyDeck/godot/ios-host/build/retained-host-test/DerivedData/Build/Intermediates.noindex/EagerLinkingTBDs/Debug-iphonesimulator
2026-09-10T12:50:45.1242260Z 
2026-09-10T12:50:45.1243240Z WriteAuxiliaryFile /Users/runner/work/PartyDeck/PartyDeck/godot/ios-host/build/retained-host-test/DerivedData/Build/Intermediates.noindex/RetainedHost.build/Debug-iphonesimulator/RetainedHost.build/RetainedHost.DependencyStaticMetadataFileList (in target 'RetainedHost' from project 'RetainedHost')
2026-09-10T12:50:45.1244840Z     cd /Users/runner/work/PartyDeck/PartyDeck/godot/ios-host
2026-09-10T12:50:45.1245960Z     write-file /Users/runner/work/PartyDeck/PartyDeck/godot/ios-host/build/retained-host-test/DerivedData/Build/Intermediates.noindex/RetainedHost.build/Debug-iphonesimulator/RetainedHost.build/RetainedHost.DependencyStaticMetadataFileList
2026-09-10T12:50:45.1246800Z 
2026-09-10T12:50:45.1247760Z WriteAuxiliaryFile /Users/runner/work/PartyDeck/PartyDeck/godot/ios-host/build/retained-host-test/DerivedData/Build/Intermediates.noindex/RetainedHost.build/Debug-iphonesimulator/RetainedHost.build/RetainedHost.hmap (in target 'RetainedHost' from project 'RetainedHost')
2026-09-10T12:50:45.1248830Z     cd /Users/runner/work/PartyDeck/PartyDeck/godot/ios-host
2026-09-10T12:50:45.1249770Z     write-file /Users/runner/work/PartyDeck/PartyDeck/godot/ios-host/build/retained-host-test/DerivedData/Build/Intermediates.noindex/RetainedHost.build/Debug-iphonesimulator/RetainedHost.build/RetainedHost.hmap
2026-09-10T12:50:45.1250590Z 
2026-09-10T12:50:45.1251480Z WriteAuxiliaryFile /Users/runner/work/PartyDeck/PartyDeck/godot/ios-host/build/retained-host-test/DerivedData/Build/Intermediates.noindex/RetainedHost.build/Debug-iphonesimulator/RetainedHost.build/RetainedHost.DependencyMetadataFileList (in target 'RetainedHost' from project 'RetainedHost')
2026-09-10T12:50:45.1252650Z     cd /Users/runner/work/PartyDeck/PartyDeck/godot/ios-host
2026-09-10T12:50:45.1253750Z     write-file /Users/runner/work/PartyDeck/PartyDeck/godot/ios-host/build/retained-host-test/DerivedData/Build/Intermediates.noindex/RetainedHost.build/Debug-iphonesimulator/RetainedHost.build/RetainedHost.DependencyMetadataFileList
2026-09-10T12:50:45.1254610Z 
2026-09-10T12:50:45.1255470Z WriteAuxiliaryFile /Users/runner/work/PartyDeck/PartyDeck/godot/ios-host/build/retained-host-test/DerivedData/Build/Intermediates.noindex/RetainedHost.build/Debug-iphonesimulator/RetainedHost.build/RetainedHost-project-headers.hmap (in target 'RetainedHost' from project 'RetainedHost')
2026-09-10T12:50:45.1256610Z     cd /Users/runner/work/PartyDeck/PartyDeck/godot/ios-host
2026-09-10T12:50:45.1257970Z     write-file /Users/runner/work/PartyDeck/PartyDeck/godot/ios-host/build/retained-host-test/DerivedData/Build/Intermediates.noindex/RetainedHost.build/Debug-iphonesimulator/RetainedHost.build/RetainedHost-project-headers.hmap
2026-09-10T12:50:45.1258750Z 
2026-09-10T12:50:45.1259660Z WriteAuxiliaryFile /Users/runner/work/PartyDeck/PartyDeck/godot/ios-host/build/retained-host-test/DerivedData/Build/Intermediates.noindex/RetainedHost.build/Debug-iphonesimulator/RetainedHost.build/RetainedHost-own-target-headers.hmap (in target 'RetainedHost' from project 'RetainedHost')
2026-09-10T12:50:45.1260830Z     cd /Users/runner/work/PartyDeck/PartyDeck/godot/ios-host
2026-09-10T12:50:45.1261930Z     write-file /Users/runner/work/PartyDeck/PartyDeck/godot/ios-host/build/retained-host-test/DerivedData/Build/Intermediates.noindex/RetainedHost.build/Debug-iphonesimulator/RetainedHost.build/RetainedHost-own-target-headers.hmap
2026-09-10T12:50:45.1262660Z 
2026-09-10T12:50:45.1263520Z WriteAuxiliaryFile /Users/runner/work/PartyDeck/PartyDeck/godot/ios-host/build/retained-host-test/DerivedData/Build/Intermediates.noindex/RetainedHost.build/Debug-iphonesimulator/RetainedHost.build/RetainedHost-generated-files.hmap (in target 'RetainedHost' from project 'RetainedHost')
2026-09-10T12:50:45.1264790Z     cd /Users/runner/work/PartyDeck/PartyDeck/godot/ios-host
2026-09-10T12:50:45.1265750Z     write-file /Users/runner/work/PartyDeck/PartyDeck/godot/ios-host/build/retained-host-test/DerivedData/Build/Intermediates.noindex/RetainedHost.build/Debug-iphonesimulator/RetainedHost.build/RetainedHost-generated-files.hmap
2026-09-10T12:50:45.1266530Z 
2026-09-10T12:50:45.1268370Z WriteAuxiliaryFile /Users/runner/work/PartyDeck/PartyDeck/godot/ios-host/build/retained-host-test/DerivedData/Build/Intermediates.noindex/RetainedHost.build/Debug-iphonesimulator/RetainedHost.build/RetainedHost-all-target-headers.hmap (in target 'RetainedHost' from project 'RetainedHost')
2026-09-10T12:50:45.1270080Z     cd /Users/runner/work/PartyDeck/PartyDeck/godot/ios-host
2026-09-10T12:50:45.1271020Z     write-file /Users/runner/work/PartyDeck/PartyDeck/godot/ios-host/build/retained-host-test/DerivedData/Build/Intermediates.noindex/RetainedHost.build/Debug-iphonesimulator/RetainedHost.build/RetainedHost-all-target-headers.hmap
2026-09-10T12:50:45.1271840Z 
2026-09-10T12:50:45.1272780Z WriteAuxiliaryFile /Users/runner/work/PartyDeck/PartyDeck/godot/ios-host/build/retained-host-test/DerivedData/Build/Intermediates.noindex/RetainedHost.build/Debug-iphonesimulator/RetainedHost.build/RetainedHost-all-non-framework-target-headers.hmap (in target 'RetainedHost' from project 'RetainedHost')
2026-09-10T12:50:45.1274020Z     cd /Users/runner/work/PartyDeck/PartyDeck/godot/ios-host
2026-09-10T12:50:45.1275050Z     write-file /Users/runner/work/PartyDeck/PartyDeck/godot/ios-host/build/retained-host-test/DerivedData/Build/Intermediates.noindex/RetainedHost.build/Debug-iphonesimulator/RetainedHost.build/RetainedHost-all-non-framework-target-headers.hmap
2026-09-10T12:50:45.1275890Z 
2026-09-10T12:50:45.1276800Z WriteAuxiliaryFile /Users/runner/work/PartyDeck/PartyDeck/godot/ios-host/build/retained-host-test/DerivedData/Build/Intermediates.noindex/RetainedHost.build/Debug-iphonesimulator/RetainedHost.build/Objects-normal/arm64/RetainedHost.SwiftFileList (in target 'RetainedHost' from project 'RetainedHost')
2026-09-10T12:50:45.1277990Z     cd /Users/runner/work/PartyDeck/PartyDeck/godot/ios-host
2026-09-10T12:50:45.1278920Z     write-file /Users/runner/work/PartyDeck/PartyDeck/godot/ios-host/build/retained-host-test/DerivedData/Build/Intermediates.noindex/RetainedHost.build/Debug-iphonesimulator/RetainedHost.build/Objects-normal/arm64/RetainedHost.SwiftFileList
2026-09-10T12:50:45.1279940Z 
2026-09-10T12:50:45.1280880Z WriteAuxiliaryFile /Users/runner/work/PartyDeck/PartyDeck/godot/ios-host/build/retained-host-test/DerivedData/Build/Intermediates.noindex/RetainedHost.build/Debug-iphonesimulator/RetainedHost.build/Objects-normal/arm64/RetainedHost_const_extract_protocols.json (in target 'RetainedHost' from project 'RetainedHost')
2026-09-10T12:50:45.1282240Z     cd /Users/runner/work/PartyDeck/PartyDeck/godot/ios-host
2026-09-10T12:50:45.1283210Z     write-file /Users/runner/work/PartyDeck/PartyDeck/godot/ios-host/build/retained-host-test/DerivedData/Build/Intermediates.noindex/RetainedHost.build/Debug-iphonesimulator/RetainedHost.build/Objects-normal/arm64/RetainedHost_const_extract_protocols.json
2026-09-10T12:50:45.1284550Z 
2026-09-10T12:50:45.1285620Z WriteAuxiliaryFile /Users/runner/work/PartyDeck/PartyDeck/godot/ios-host/build/retained-host-test/DerivedData/Build/Intermediates.noindex/RetainedHost.build/Debug-iphonesimulator/RetainedHost.build/Objects-normal/arm64/RetainedHost.SwiftConstValuesFileList (in target 'RetainedHost' from project 'RetainedHost')
2026-09-10T12:50:45.1286880Z     cd /Users/runner/work/PartyDeck/PartyDeck/godot/ios-host
2026-09-10T12:50:45.1288070Z     write-file /Users/runner/work/PartyDeck/PartyDeck/godot/ios-host/build/retained-host-test/DerivedData/Build/Intermediates.noindex/RetainedHost.build/Debug-iphonesimulator/RetainedHost.build/Objects-normal/arm64/RetainedHost.SwiftConstValuesFileList
2026-09-10T12:50:45.1288950Z 
2026-09-10T12:50:45.1289900Z WriteAuxiliaryFile /Users/runner/work/PartyDeck/PartyDeck/godot/ios-host/build/retained-host-test/DerivedData/Build/Intermediates.noindex/RetainedHost.build/Debug-iphonesimulator/RetainedHost.build/Objects-normal/arm64/RetainedHost.LinkFileList (in target 'RetainedHost' from project 'RetainedHost')
2026-09-10T12:50:45.1291190Z     cd /Users/runner/work/PartyDeck/PartyDeck/godot/ios-host
2026-09-10T12:50:45.1292290Z     write-file /Users/runner/work/PartyDeck/PartyDeck/godot/ios-host/build/retained-host-test/DerivedData/Build/Intermediates.noindex/RetainedHost.build/Debug-iphonesimulator/RetainedHost.build/Objects-normal/arm64/RetainedHost.LinkFileList
2026-09-10T12:50:45.1293400Z 
2026-09-10T12:50:45.1294430Z WriteAuxiliaryFile /Users/runner/work/PartyDeck/PartyDeck/godot/ios-host/build/retained-host-test/DerivedData/Build/Intermediates.noindex/RetainedHost.build/Debug-iphonesimulator/RetainedHost.build/Objects-normal/arm64/RetainedHost-OutputFileMap.json (in target 'RetainedHost' from project 'RetainedHost')
2026-09-10T12:50:45.1295810Z     cd /Users/runner/work/PartyDeck/PartyDeck/godot/ios-host
2026-09-10T12:50:45.1296800Z     write-file /Users/runner/work/PartyDeck/PartyDeck/godot/ios-host/build/retained-host-test/DerivedData/Build/Intermediates.noindex/RetainedHost.build/Debug-iphonesimulator/RetainedHost.build/Objects-normal/arm64/RetainedHost-OutputFileMap.json
2026-09-10T12:50:45.1297640Z 
2026-09-10T12:50:45.1298240Z MkDir /Users/runner/work/PartyDeck/PartyDeck/godot/ios-host/build/retained-host-test/DerivedData/Build/Products/Debug-iphonesimulator/RetainedHost.app (in target 'RetainedHost' from project 'RetainedHost')
2026-09-10T12:50:45.1299070Z     cd /Users/runner/work/PartyDeck/PartyDeck/godot/ios-host
2026-09-10T12:50:45.1299850Z     /bin/mkdir -p /Users/runner/work/PartyDeck/PartyDeck/godot/ios-host/build/retained-host-test/DerivedData/Build/Products/Debug-iphonesimulator/RetainedHost.app
2026-09-10T12:50:45.1300410Z 
2026-09-10T12:50:45.1301440Z ProcessInfoPlistFile /Users/runner/work/PartyDeck/PartyDeck/godot/ios-host/build/retained-host-test/DerivedData/Build/Products/Debug-iphonesimulator/RetainedHost.app/Info.plist /Users/runner/work/PartyDeck/PartyDeck/godot/ios-host/RetainedHost/Info.plist (in target 'RetainedHost' from project 'RetainedHost')
2026-09-10T12:50:45.1302610Z     cd /Users/runner/work/PartyDeck/PartyDeck/godot/ios-host
2026-09-10T12:50:45.1304800Z     builtin-infoPlistUtility /Users/runner/work/PartyDeck/PartyDeck/godot/ios-host/RetainedHost/Info.plist -producttype com.apple.product-type.application -genpkginfo /Users/runner/work/PartyDeck/PartyDeck/godot/ios-host/build/retained-host-test/DerivedData/Build/Products/Debug-iphonesimulator/RetainedHost.app/PkgInfo -expandbuildsettings -format binary -platform iphonesimulator -o /Users/runner/work/PartyDeck/PartyDeck/godot/ios-host/build/retained-host-test/DerivedData/Build/Products/Debug-iphonesimulator/RetainedHost.app/Info.plist
2026-09-10T12:50:45.1306500Z 
2026-09-10T12:50:45.1307470Z CpResource /Users/runner/work/PartyDeck/PartyDeck/godot/ios-host/build/retained-host-test/DerivedData/Build/Products/Debug-iphonesimulator/RetainedHost.app/ProbeResources /Users/runner/work/PartyDeck/PartyDeck/godot/ios-host/build/host-resources/ProbeResources (in target 'RetainedHost' from project 'RetainedHost')
2026-09-10T12:50:45.1308940Z     cd /Users/runner/work/PartyDeck/PartyDeck/godot/ios-host
2026-09-10T12:50:45.1311000Z     builtin-copy -exclude .DS_Store -exclude CVS -exclude .svn -exclude .git -exclude .hg -strip-unsigned-binaries -strip-deterministic -strip-tool /Applications/Xcode_26.4.1.app/Contents/Developer/Toolchains/XcodeDefault.xctoolchain/usr/bin/strip -resolve-src-symlinks /Users/runner/work/PartyDeck/PartyDeck/godot/ios-host/build/host-resources/ProbeResources /Users/runner/work/PartyDeck/PartyDeck/godot/ios-host/build/retained-host-test/DerivedData/Build/Products/Debug-iphonesimulator/RetainedHost.app
2026-09-10T12:50:45.1312590Z 
2026-09-10T12:50:45.1313020Z SwiftDriver RetainedHost normal arm64 com.apple.xcode.tools.swift.compiler (in target 'RetainedHost' from project 'RetainedHost')
2026-09-10T12:50:45.1313720Z     cd /Users/runner/work/PartyDeck/PartyDeck/godot/ios-host
2026-09-10T12:50:45.1332340Z     builtin-SwiftDriver -- /Applications/Xcode_26.4.1.app/Contents/Developer/Toolchains/XcodeDefault.xctoolchain/usr/bin/swiftc -module-name RetainedHost -Onone @/Users/runner/work/PartyDeck/PartyDeck/godot/ios-host/build/retained-host-test/DerivedData/Build/Intermediates.noindex/RetainedHost.build/Debug-iphonesimulator/RetainedHost.build/Objects-normal/arm64/RetainedHost.SwiftFileList -enable-experimental-feature DebugDescriptionMacro -sdk /Applications/Xcode_26.4.1.app/Contents/Developer/Platforms/iPhoneSimulator.platform/Developer/SDKs/iPhoneSimulator26.4.sdk -target arm64-apple-ios15.0-simulator -g -module-cache-path /Users/runner/work/PartyDeck/PartyDeck/godot/ios-host/build/retained-host-test/DerivedData/ModuleCache.noindex -Xfrontend -serialize-debugging-options -enable-testing -index-store-path /Users/runner/work/PartyDeck/PartyDeck/godot/ios-host/build/retained-host-test/DerivedData/Index.noindex/DataStore -swift-version 6 -I /Users/runner/work/PartyDeck/PartyDeck/godot/ios-host/build/retained-host-test/DerivedData/Build/Products/Debug-iphonesimulator -F /Users/runner/work/PartyDeck/PartyDeck/godot/ios-host/build/retained-host-test/DerivedData/Build/Products/Debug-iphonesimulator -F /Users/runner/work/PartyDeck/PartyDeck/godot/ios-host/build/artifacts -c -j3 -enable-batch-mode -incremental -Xcc -ivfsstatcache -Xcc /Users/runner/work/PartyDeck/PartyDeck/godot/ios-host/build/retained-host-test/DerivedData/SDKStatCaches.noindex/iphonesimulator26.4-23E252-688ef53f1462e2c8f657fdc38a81448f893e4a944e4cdd9af1f5077e1341bc52.sdkstatcache -output-file-map /Users/runner/work/PartyDeck/PartyDeck/godot/ios-host/build/retained-host-test/DerivedData/Build/Intermediates.noindex/RetainedHost.build/Debug-iphonesimulator/RetainedHost.build/Objects-normal/arm64/RetainedHost-OutputFileMap.json -use-frontend-parseable-output -save-temps -no-color-diagnostics -explicit-module-build -module-cache-path /Users/runner/work/PartyDeck/PartyDeck/godot/ios-host/build/retained-host-test/DerivedData/Build/Intermediates.noindex/SwiftExplicitPrecompiledModules -clang-scanner-module-cache-path /Users/runner/work/PartyDeck/PartyDeck/godot/ios-host/build/retained-host-test/DerivedData/ModuleCache.noindex -sdk-module-cache-path /Users/runner/work/PartyDeck/PartyDeck/godot/ios-host/build/retained-host-test/DerivedData/ModuleCache.noindex -serialize-diagnostics -emit-dependencies -emit-module -emit-module-path /Users/runner/work/PartyDeck/PartyDeck/godot/ios-host/build/retained-host-test/DerivedData/Build/Intermediates.noindex/RetainedHost.build/Debug-iphonesimulator/RetainedHost.build/Objects-normal/arm64/RetainedHost.swiftmodule -validate-clang-modules-once -clang-build-session-file /Users/runner/work/PartyDeck/PartyDeck/godot/ios-host/build/retained-host-test/DerivedData/ModuleCache.noindex/Session.modulevalidation -Xcc -I/Users/runner/work/PartyDeck/PartyDeck/godot/ios-host/build/retained-host-test/DerivedData/Build/Intermediates.noindex/RetainedHost.build/Debug-iphonesimulator/RetainedHost.build/swift-overrides.hmap -emit-const-values -Xfrontend -const-gather-protocols-file -Xfrontend /Users/runner/work/PartyDeck/PartyDeck/godot/ios-host/build/retained-host-test/DerivedData/Build/Intermediates.noindex/RetainedHost.build/Debug-iphonesimulator/RetainedHost.build/Objects-normal/arm64/RetainedHost_const_extract_protocols.json -Xcc -iquote -Xcc /Users/runner/work/PartyDeck/PartyDeck/godot/ios-host/build/retained-host-test/DerivedData/Build/Intermediates.noindex/RetainedHost.build/Debug-iphonesimulator/RetainedHost.build/RetainedHost-generated-files.hmap -Xcc -I/Users/runner/work/PartyDeck/PartyDeck/godot/ios-host/build/retained-host-test/DerivedData/Build/Intermediates.noindex/RetainedHost.build/Debug-iphonesimulator/RetainedHost.build/RetainedHost-own-target-headers.hmap -Xcc -I/Users/runner/work/PartyDeck/PartyDeck/godot/ios-host/build/retained-host-test/DerivedData/Build/Intermediates.noindex/RetainedHost.build/Debug-iphonesimulator/RetainedHost.build/RetainedHost-all-target-headers.hmap -Xcc -iquote -Xcc /Users/runner/work/PartyDeck/PartyDeck/godot/ios-host/build/retained-host-test/DerivedData/Build/Intermediates.noindex/RetainedHost.build/Debug-iphonesimulator/RetainedHost.build/RetainedHost-project-headers.hmap -Xcc -I/Users/runner/work/PartyDeck/PartyDeck/godot/ios-host/build/retained-host-test/DerivedData/Build/Products/Debug-iphonesimulator/include -Xcc -I/Users/runner/work/PartyDeck/PartyDeck/godot/ios-host/build/retained-host-test/DerivedData/Build/Intermediates.noindex/RetainedHost.build/Debug-iphonesimulator/RetainedHost.build/DerivedSources-normal/arm64 -Xcc -I/Users/runner/work/PartyDeck/PartyDeck/godot/ios-host/build/retained-host-test/DerivedData/Build/Intermediates.noindex/RetainedHost.build/Debug-iphonesimulator/RetainedHost.build/DerivedSources/arm64 -Xcc -I/Users/runner/work/PartyDeck/PartyDeck/godot/ios-host/build/retained-host-test/DerivedData/Build/Intermediates.noindex/RetainedHost.build/Debug-iphonesimulator/RetainedHost.build/DerivedSources -emit-objc-header -emit-objc-header-path /Users/runner/work/PartyDeck/PartyDeck/godot/ios-host/build/retained-host-test/DerivedData/Build/Intermediates.noindex/RetainedHost.build/Debug-iphonesimulator/RetainedHost.build/Objects-normal/arm64/RetainedHost-Swift.h -import-objc-header /Users/runner/work/PartyDeck/PartyDeck/godot/ios-host/modules/partydeck_ios_probe/PDGodotEngineOwner.h -working-directory /Users/runner/work/PartyDeck/PartyDeck/godot/ios-host -experimental-emit-module-separately -disable-cmo
2026-09-10T12:50:46.5169610Z 
2026-09-10T12:50:46.5484410Z SwiftExplicitDependencyGeneratePcm arm64 /Users/runner/work/PartyDeck/PartyDeck/godot/ios-host/build/retained-host-test/DerivedData/ModuleCache.noindex/_SwiftConcurrencyShims-26NYI26AZ1FZINMPTJSR8462E.pcm
2026-09-10T12:50:46.6545410Z 
2026-09-10T12:50:46.6547460Z SwiftExplicitDependencyGeneratePcm arm64 /Users/runner/work/PartyDeck/PartyDeck/godot/ios-host/build/retained-host-test/DerivedData/ModuleCache.noindex/ptrcheck-BCFU3MJC9E73OAELF6UC16QJM.pcm
2026-09-10T12:50:46.6548400Z 
2026-09-10T12:50:46.6549420Z SwiftExplicitDependencyGeneratePcm arm64 /Users/runner/work/PartyDeck/PartyDeck/godot/ios-host/build/retained-host-test/DerivedData/ModuleCache.noindex/_Builtin_stdbool-6MEMLN4HR5W1W773BC573438Q.pcm
2026-09-10T12:50:46.6552780Z 
2026-09-10T12:50:46.6553480Z SwiftExplicitDependencyGeneratePcm arm64 /Users/runner/work/PartyDeck/PartyDeck/godot/ios-host/build/retained-host-test/DerivedData/ModuleCache.noindex/SwiftShims-14Q5IAQOZY0I9PN019LOWC8LG.pcm
2026-09-10T12:50:46.7915120Z 
2026-09-10T12:50:46.8018440Z SwiftExplicitDependencyGeneratePcm arm64 /Users/runner/work/PartyDeck/PartyDeck/godot/ios-host/build/retained-host-test/DerivedData/ModuleCache.noindex/_AvailabilityInternal-F1TKWQLCDNVDMG72L6Y38JYGS.pcm
2026-09-10T12:50:46.8121310Z 
2026-09-10T12:50:46.8129350Z SwiftExplicitDependencyGeneratePcm arm64 /Users/runner/work/PartyDeck/PartyDeck/godot/ios-host/build/retained-host-test/DerivedData/ModuleCache.noindex/_Builtin_float-5NQTS1UDRJKV01JKZXLCB3MJM.pcm
2026-09-10T12:50:46.8230750Z 
2026-09-10T12:50:46.8332390Z SwiftExplicitDependencyGeneratePcm arm64 /Users/runner/work/PartyDeck/PartyDeck/godot/ios-host/build/retained-host-test/DerivedData/ModuleCache.noindex/DeveloperToolsSupport-D4OFX2X7SCBTZNXD41N9ZKFJ3.pcm
2026-09-10T12:50:46.8410010Z 
2026-09-10T12:50:46.8411530Z SwiftExplicitDependencyGeneratePcm arm64 /Users/runner/work/PartyDeck/PartyDeck/godot/ios-host/build/retained-host-test/DerivedData/ModuleCache.noindex/_Builtin_stdarg-CTZ2JU4MPZCB5YTJ7HRK2JMPA.pcm
2026-09-10T12:50:46.8412720Z 
2026-09-10T12:50:46.8413640Z SwiftExplicitDependencyGeneratePcm arm64 /Users/runner/work/PartyDeck/PartyDeck/godot/ios-host/build/retained-host-test/DerivedData/ModuleCache.noindex/_DarwinFoundation1-F273SSNI0WWYUWTYL2PDXJW21.pcm
2026-09-10T12:50:46.8808990Z 
2026-09-10T12:50:46.8815330Z SwiftExplicitDependencyGeneratePcm arm64 /Users/runner/work/PartyDeck/PartyDeck/godot/ios-host/build/retained-host-test/DerivedData/ModuleCache.noindex/ptrauth-DZKRSUBNQ7RRRNQQGGNTK0M68.pcm
2026-09-10T12:50:46.8817280Z 
2026-09-10T12:50:46.8818940Z SwiftExplicitDependencyGeneratePcm arm64 /Users/runner/work/PartyDeck/PartyDeck/godot/ios-host/build/retained-host-test/DerivedData/ModuleCache.noindex/_Builtin_stddef-EFEH2I5LJTAJGFULFEWYT0DV7.pcm
2026-09-10T12:50:46.8821040Z 
2026-09-10T12:50:46.8822740Z SwiftExplicitDependencyGeneratePcm arm64 /Users/runner/work/PartyDeck/PartyDeck/godot/ios-host/build/retained-host-test/DerivedData/ModuleCache.noindex/_DarwinFoundation2-ARTLXSU4HRYXJEHBXHMQGWS4E.pcm
2026-09-10T12:50:46.9702440Z 
2026-09-10T12:50:46.9704860Z SwiftExplicitDependencyGeneratePcm arm64 /Users/runner/work/PartyDeck/PartyDeck/godot/ios-host/build/retained-host-test/DerivedData/ModuleCache.noindex/_Builtin_limits-2T2UIJSVQZSX7TYWD262WGCG5.pcm
2026-09-10T12:50:46.9705890Z 
2026-09-10T12:50:46.9706760Z SwiftExplicitDependencyGeneratePcm arm64 /Users/runner/work/PartyDeck/PartyDeck/godot/ios-host/build/retained-host-test/DerivedData/ModuleCache.noindex/_Builtin_stdint-9Z66TOCPT1Y1AIMMLWPUR1B5I.pcm
2026-09-10T12:50:47.0186100Z 
2026-09-10T12:50:47.0193830Z SwiftExplicitDependencyGeneratePcm arm64 /Users/runner/work/PartyDeck/PartyDeck/godot/ios-host/build/retained-host-test/DerivedData/ModuleCache.noindex/sys_types-B4XBPJP32F43IUOFM91IQH13K.pcm
2026-09-10T12:50:47.0195270Z 
2026-09-10T12:50:47.0195960Z SwiftExplicitDependencyGeneratePcm arm64 /Users/runner/work/PartyDeck/PartyDeck/godot/ios-host/build/retained-host-test/DerivedData/ModuleCache.noindex/_Builtin_tgmath-F34VZBOKUK6P2OCCSB0HKFSUY.pcm
2026-09-10T12:50:47.0196750Z 
2026-09-10T12:50:47.0198090Z SwiftExplicitDependencyGeneratePcm arm64 /Users/runner/work/PartyDeck/PartyDeck/godot/ios-host/build/retained-host-test/DerivedData/ModuleCache.noindex/_Builtin_intrinsics-APAEY5CLDSDZQNSJHTZVVCAUK.pcm
2026-09-10T12:50:47.2203530Z 
2026-09-10T12:50:47.2207630Z SwiftExplicitDependencyGeneratePcm arm64 /Users/runner/work/PartyDeck/PartyDeck/godot/ios-host/build/retained-host-test/DerivedData/ModuleCache.noindex/_DarwinFoundation3-6A4UW5Z8CGG1A40JCMJ0VOU2W.pcm
2026-09-10T12:50:47.2209020Z 
2026-09-10T12:50:47.2210520Z SwiftExplicitDependencyGeneratePcm arm64 /Users/runner/work/PartyDeck/PartyDeck/godot/ios-host/build/retained-host-test/DerivedData/ModuleCache.noindex/_Builtin_stdatomic-5U6TU8RB9QRD8NIY1APK1B7ZO.pcm
2026-09-10T12:50:47.2211510Z 
2026-09-10T12:50:47.2212440Z SwiftExplicitDependencyGeneratePcm arm64 /Users/runner/work/PartyDeck/PartyDeck/godot/ios-host/build/retained-host-test/DerivedData/ModuleCache.noindex/_Builtin_inttypes-5Y9HKM65ISKD0XJRUWDL3T7AG.pcm
2026-09-10T12:50:47.2213360Z 
2026-09-10T12:50:47.2214070Z SwiftExplicitDependencyGeneratePcm arm64 /Users/runner/work/PartyDeck/PartyDeck/godot/ios-host/build/retained-host-test/DerivedData/ModuleCache.noindex/Darwin-4P7SDGYUREHEUC7P5X91X7AL3.pcm
2026-09-10T12:50:47.3978820Z 
2026-09-10T12:50:47.3986390Z SwiftExplicitDependencyGeneratePcm arm64 /Users/runner/work/PartyDeck/PartyDeck/godot/ios-host/build/retained-host-test/DerivedData/ModuleCache.noindex/simd-3OUNO8M4GD6XSJ3RQDIWLDYKQ.pcm
2026-09-10T12:50:47.5939320Z 
2026-09-10T12:50:47.5942670Z SwiftExplicitDependencyGeneratePcm arm64 /Users/runner/work/PartyDeck/PartyDeck/godot/ios-host/build/retained-host-test/DerivedData/ModuleCache.noindex/MachO-2LGQCZP7PU25NNULOHXOR55SF.pcm
2026-09-10T12:50:47.5945290Z 
2026-09-10T12:50:47.5947490Z SwiftExplicitDependencyGeneratePcm arm64 /Users/runner/work/PartyDeck/PartyDeck/godot/ios-host/build/retained-host-test/DerivedData/ModuleCache.noindex/ObjectiveC-A7VRMP7FD55SD20G3EB08NB9B.pcm
2026-09-10T12:50:47.5949220Z 
2026-09-10T12:50:47.5950070Z SwiftExplicitDependencyGeneratePcm arm64 /Users/runner/work/PartyDeck/PartyDeck/godot/ios-host/build/retained-host-test/DerivedData/ModuleCache.noindex/os_object-DUY43URKGT94VKE0XL56IZ87D.pcm
2026-09-10T12:50:47.5950880Z 
2026-09-10T12:50:47.5951710Z SwiftExplicitDependencyGeneratePcm arm64 /Users/runner/work/PartyDeck/PartyDeck/godot/ios-host/build/retained-host-test/DerivedData/ModuleCache.noindex/os_workgroup-4PYXTAQIIVM27BBPLU9OGTRUS.pcm
2026-09-10T12:50:47.5952600Z 
2026-09-10T12:50:47.5953480Z SwiftExplicitDependencyGeneratePcm arm64 /Users/runner/work/PartyDeck/PartyDeck/godot/ios-host/build/retained-host-test/DerivedData/ModuleCache.noindex/Dispatch-6C88GRSZL6G6OVHG328RV9PAH.pcm
2026-09-10T12:50:47.6894550Z 
2026-09-10T12:50:47.6902690Z SwiftExplicitDependencyGeneratePcm arm64 /Users/runner/work/PartyDeck/PartyDeck/godot/ios-host/build/retained-host-test/DerivedData/ModuleCache.noindex/Spatial-3CRJIHV9FJW59E1K6090FY7JQ.pcm
2026-09-10T12:50:47.8694130Z 
2026-09-10T12:50:47.8795730Z SwiftExplicitDependencyGeneratePcm arm64 /Users/runner/work/PartyDeck/PartyDeck/godot/ios-host/build/retained-host-test/DerivedData/ModuleCache.noindex/XPC-UTEEK14VDJ1YKCW03GGIVMVI.pcm
2026-09-10T12:50:47.8896240Z 
2026-09-10T12:50:47.8999400Z SwiftExplicitDependencyGeneratePcm arm64 /Users/runner/work/PartyDeck/PartyDeck/godot/ios-host/build/retained-host-test/DerivedData/ModuleCache.noindex/CoreFoundation-1CQSEP39QR6RYIWZGDYUYV07S.pcm
2026-09-10T12:50:47.9097960Z 
2026-09-10T12:50:47.9199940Z SwiftExplicitDependencyGeneratePcm arm64 /Users/runner/work/PartyDeck/PartyDeck/godot/ios-host/build/retained-host-test/DerivedData/ModuleCache.noindex/os-EBF43XR01Z2XJYT42GBO5F1T1.pcm
2026-09-10T12:50:47.9298890Z 
2026-09-10T12:50:47.9403270Z SwiftExplicitDependencyGeneratePcm arm64 /Users/runner/work/PartyDeck/PartyDeck/godot/ios-host/build/retained-host-test/DerivedData/ModuleCache.noindex/CoreGraphics-7AICPEUPS442WH3E46J7DJDLZ.pcm
2026-09-10T12:50:47.9702400Z 
2026-09-10T12:50:47.9707390Z SwiftExplicitDependencyGeneratePcm arm64 /Users/runner/work/PartyDeck/PartyDeck/godot/ios-host/build/retained-host-test/DerivedData/ModuleCache.noindex/CFNetwork-AUATM2OOWJFVLDD5KN4FJORRK.pcm
2026-09-10T12:50:47.9800240Z 
2026-09-10T12:50:47.9801330Z SwiftExplicitDependencyGeneratePcm arm64 /Users/runner/work/PartyDeck/PartyDeck/godot/ios-host/build/retained-host-test/DerivedData/ModuleCache.noindex/Security-44PLCHP5PS4N6GX16EWJ02CCM.pcm
2026-09-10T12:50:47.9836700Z 
2026-09-10T12:50:47.9937990Z SwiftExplicitDependencyGeneratePcm arm64 /Users/runner/work/PartyDeck/PartyDeck/godot/ios-host/build/retained-host-test/DerivedData/ModuleCache.noindex/CoreText-C1QS9Z8MYETTP9L3TLNX35XT8.pcm
2026-09-10T12:50:48.0572460Z 
2026-09-10T12:50:48.0573250Z SwiftExplicitDependencyGeneratePcm arm64 /Users/runner/work/PartyDeck/PartyDeck/godot/ios-host/build/retained-host-test/DerivedData/ModuleCache.noindex/ImageIO-9S1KZTBH30DJVFKA60C0I65TT.pcm
2026-09-10T12:50:48.0574140Z 
2026-09-10T12:50:48.0574760Z SwiftExplicitDependencyGeneratePcm arm64 /Users/runner/work/PartyDeck/PartyDeck/godot/ios-host/build/retained-host-test/DerivedData/ModuleCache.noindex/Foundation-1YOTCB5UY4UV0TY58VQEYCRYY.pcm
2026-09-10T12:50:48.2502530Z 
2026-09-10T12:50:48.2614120Z SwiftExplicitDependencyGeneratePcm arm64 /Users/runner/work/PartyDeck/PartyDeck/godot/ios-host/build/retained-host-test/DerivedData/ModuleCache.noindex/CoreData-6BNQCY3YYP2M6814FCC1IM0SW.pcm
2026-09-10T12:50:48.3428850Z 
2026-09-10T12:50:48.3530250Z SwiftExplicitDependencyGeneratePcm arm64 /Users/runner/work/PartyDeck/PartyDeck/godot/ios-host/build/retained-host-test/DerivedData/ModuleCache.noindex/DataDetection-AA8WYRYF04MCPFQ7G8V1CLJU7.pcm
2026-09-10T12:50:48.3629640Z 
2026-09-10T12:50:48.3731790Z SwiftExplicitDependencyGeneratePcm arm64 /Users/runner/work/PartyDeck/PartyDeck/godot/ios-host/build/retained-host-test/DerivedData/ModuleCache.noindex/UserNotifications-4DBKSADYT1C6EJYV9BQWBX8HB.pcm
2026-09-10T12:50:48.3833200Z 
2026-09-10T12:50:48.3934540Z SwiftExplicitDependencyGeneratePcm arm64 /Users/runner/work/PartyDeck/PartyDeck/godot/ios-host/build/retained-host-test/DerivedData/ModuleCache.noindex/Symbols-PPBXRT3BRP1383DZF8F4KMXI.pcm
2026-09-10T12:50:48.4034300Z 
2026-09-10T12:50:48.4135750Z SwiftExplicitDependencyGeneratePcm arm64 /Users/runner/work/PartyDeck/PartyDeck/godot/ios-host/build/retained-host-test/DerivedData/ModuleCache.noindex/IOSurface-395PW6P09QPB371EHRDD1U3CE.pcm
2026-09-10T12:50:48.4235610Z 
2026-09-10T12:50:48.4337310Z SwiftExplicitDependencyGeneratePcm arm64 /Users/runner/work/PartyDeck/PartyDeck/godot/ios-host/build/retained-host-test/DerivedData/ModuleCache.noindex/FileProvider-1UGPI6SBERRTHKMG8UX7BQYZO.pcm
2026-09-10T12:50:48.4440830Z 
2026-09-10T12:50:48.4569750Z SwiftExplicitDependencyGeneratePcm arm64 /Users/runner/work/PartyDeck/PartyDeck/godot/ios-host/build/retained-host-test/DerivedData/ModuleCache.noindex/Accessibility-DO7GWBMEX4YLO8UTHR6FOZNCH.pcm
2026-09-10T12:50:48.4670580Z 
2026-09-10T12:50:48.4784140Z SwiftExplicitDependencyGeneratePcm arm64 /Users/runner/work/PartyDeck/PartyDeck/godot/ios-host/build/retained-host-test/DerivedData/ModuleCache.noindex/OSLog-CTAQS9PZ0RH59GLY4CGCTVFVN.pcm
2026-09-10T12:50:48.4884470Z 
2026-09-10T12:50:48.4986050Z SwiftExplicitDependencyGeneratePcm arm64 /Users/runner/work/PartyDeck/PartyDeck/godot/ios-host/build/retained-host-test/DerivedData/ModuleCache.noindex/Metal-8AS2UR4OU6IZBMV88014WLZXY.pcm
2026-09-10T12:50:48.5713740Z 
2026-09-10T12:50:48.5716390Z SwiftExplicitDependencyGeneratePcm arm64 /Users/runner/work/PartyDeck/PartyDeck/godot/ios-host/build/retained-host-test/DerivedData/ModuleCache.noindex/CoreTransferable-6X00O088KD1PIY2UD8Y2FQZXY.pcm
2026-09-10T12:50:48.5717330Z 
2026-09-10T12:50:48.5718080Z SwiftExplicitDependencyGeneratePcm arm64 /Users/runner/work/PartyDeck/PartyDeck/godot/ios-host/build/retained-host-test/DerivedData/ModuleCache.noindex/UniformTypeIdentifiers-A30XJENQMWFLAP98JT5VLSTPG.pcm
2026-09-10T12:50:48.5718940Z 
2026-09-10T12:50:48.5719860Z SwiftExplicitDependencyGeneratePcm arm64 /Users/runner/work/PartyDeck/PartyDeck/godot/ios-host/build/retained-host-test/DerivedData/Build/Intermediates.noindex/SwiftExplicitPrecompiledModules/PartyDeckGodotBridge-BMV6MDP1LNADXDM6PUR3JOOJE.pcm
2026-09-10T12:50:48.5720960Z 
2026-09-10T12:50:48.5721720Z SwiftExplicitDependencyGeneratePcm arm64 /Users/runner/work/PartyDeck/PartyDeck/godot/ios-host/build/retained-host-test/DerivedData/ModuleCache.noindex/OpenGLES-7PJN97N7Q2FWMEZLXQ8A6H8DQ.pcm
2026-09-10T12:50:48.6046340Z 
2026-09-10T12:50:48.6147800Z SwiftExplicitDependencyGeneratePcm arm64 /Users/runner/work/PartyDeck/PartyDeck/godot/ios-host/build/retained-host-test/DerivedData/ModuleCache.noindex/UIUtilities-AGSHB15219HLPXEQW3WWNY58Z.pcm
2026-09-10T12:50:48.6179640Z 
2026-09-10T12:50:48.6186840Z SwiftExplicitDependencyGeneratePcm arm64 /Users/runner/work/PartyDeck/PartyDeck/godot/ios-host/build/retained-host-test/DerivedData/ModuleCache.noindex/CoreVideo-31XK4JHRXLFYYPKAL3I0Q159Z.pcm
2026-09-10T12:50:48.6666910Z 
2026-09-10T12:50:48.6670100Z SwiftExplicitDependencyGeneratePcm arm64 /Users/runner/work/PartyDeck/PartyDeck/godot/ios-host/build/retained-host-test/DerivedData/ModuleCache.noindex/CoreImage-5KPJ7IO3ZZ9NS7NT9QMRLKQYB.pcm
2026-09-10T12:50:48.7670530Z 
2026-09-10T12:50:48.7672100Z SwiftExplicitDependencyGeneratePcm arm64 /Users/runner/work/PartyDeck/PartyDeck/godot/ios-host/build/retained-host-test/DerivedData/ModuleCache.noindex/QuartzCore-ALXQV5CA0UNS4996HX0G15CFW.pcm
2026-09-10T12:50:48.7690240Z 
2026-09-10T12:50:48.7690920Z SwiftExplicitDependencyGeneratePcm arm64 /Users/runner/work/PartyDeck/PartyDeck/godot/ios-host/build/retained-host-test/DerivedData/ModuleCache.noindex/SwiftUICore-1KGAEEJV845JC8F4NSG7MWDHV.pcm
2026-09-10T12:50:48.7996160Z 
2026-09-10T12:50:48.7997230Z SwiftExplicitDependencyGeneratePcm arm64 /Users/runner/work/PartyDeck/PartyDeck/godot/ios-host/build/retained-host-test/DerivedData/ModuleCache.noindex/UIKit-7V12WK6XKW0H7DBQVWQQWR73V.pcm
2026-09-10T12:50:49.3709140Z 
2026-09-10T12:50:49.3717310Z SwiftExplicitDependencyGeneratePcm arm64 /Users/runner/work/PartyDeck/PartyDeck/godot/ios-host/build/retained-host-test/DerivedData/ModuleCache.noindex/SwiftUI-4008M678JWNWLYK0VFUL61DX5.pcm
2026-09-10T12:50:49.4319830Z 
2026-09-10T12:50:49.4320670Z SwiftGeneratePch normal arm64 Compiling\ bridging\ header (in target 'RetainedHost' from project 'RetainedHost')
2026-09-10T12:50:49.5459450Z 1 warning generated.
2026-09-10T12:50:49.5472100Z /Users/runner/work/PartyDeck/PartyDeck/godot/ios-host/modules/partydeck_ios_probe/PDGodotEngineOwner.h:1:9: warning: #pragma once in main file
2026-09-10T12:50:49.5474320Z  1 | #pragma once
2026-09-10T12:50:49.5475670Z    |         `- warning: #pragma once in main file
2026-09-10T12:50:49.5477310Z  2 | 
2026-09-10T12:50:49.5479000Z  3 | #import <Foundation/Foundation.h>
2026-09-10T12:50:49.5482680Z 
2026-09-10T12:50:49.5486680Z SwiftDriverJobDiscovery normal arm64 Compiling bridging header (in target 'RetainedHost' from project 'RetainedHost')
2026-09-10T12:50:49.5513100Z 
2026-09-10T12:50:49.5559220Z SwiftCompile normal arm64 Compiling\ RetainedModel.swift /Users/runner/work/PartyDeck/PartyDeck/godot/ios-host/RetainedHost/RetainedModel.swift (in target 'RetainedHost' from project 'RetainedHost')
2026-09-10T12:50:49.6148540Z 
2026-09-10T12:50:49.6250050Z SwiftCompile normal arm64 /Users/runner/work/PartyDeck/PartyDeck/godot/ios-host/RetainedHost/RetainedModel.swift (in target 'RetainedHost' from project 'RetainedHost')
2026-09-10T12:50:49.6352220Z     cd /Users/runner/work/PartyDeck/PartyDeck/godot/ios-host
2026-09-10T12:50:49.6425620Z     
2026-09-10T12:50:52.9519910Z 
2026-09-10T12:50:52.9643750Z SwiftEmitModule normal arm64 Emitting\ module\ for\ RetainedHost (in target 'RetainedHost' from project 'RetainedHost')
2026-09-10T12:50:52.9645530Z 
2026-09-10T12:50:52.9646180Z EmitSwiftModule normal arm64 (in target 'RetainedHost' from project 'RetainedHost')
2026-09-10T12:50:52.9646960Z     cd /Users/runner/work/PartyDeck/PartyDeck/godot/ios-host
2026-09-10T12:50:52.9647420Z     
2026-09-10T12:50:52.9647530Z 
2026-09-10T12:50:52.9648200Z SwiftCompile normal arm64 Compiling\ RetainedHostApp.swift /Users/runner/work/PartyDeck/PartyDeck/godot/ios-host/RetainedHost/RetainedHostApp.swift (in target 'RetainedHost' from project 'RetainedHost')
2026-09-10T12:50:52.9648960Z 
2026-09-10T12:50:52.9649490Z SwiftCompile normal arm64 /Users/runner/work/PartyDeck/PartyDeck/godot/ios-host/RetainedHost/RetainedHostApp.swift (in target 'RetainedHost' from project 'RetainedHost')
2026-09-10T12:50:52.9650320Z     cd /Users/runner/work/PartyDeck/PartyDeck/godot/ios-host
2026-09-10T12:50:52.9650680Z     
2026-09-10T12:50:52.9650790Z 
2026-09-10T12:50:52.9651210Z SwiftDriverJobDiscovery normal arm64 Emitting module for RetainedHost (in target 'RetainedHost' from project 'RetainedHost')
2026-09-10T12:50:52.9651630Z 
2026-09-10T12:50:52.9652130Z SwiftDriver\ Compilation\ Requirements RetainedHost normal arm64 com.apple.xcode.tools.swift.compiler (in target 'RetainedHost' from project 'RetainedHost')
2026-09-10T12:50:52.9652850Z     cd /Users/runner/work/PartyDeck/PartyDeck/godot/ios-host
2026-09-10T12:50:52.9673420Z     builtin-Swift-Compilation-Requirements -- /Applications/Xcode_26.4.1.app/Contents/Developer/Toolchains/XcodeDefault.xctoolchain/usr/bin/swiftc -module-name RetainedHost -Onone @/Users/runner/work/PartyDeck/PartyDeck/godot/ios-host/build/retained-host-test/DerivedData/Build/Intermediates.noindex/RetainedHost.build/Debug-iphonesimulator/RetainedHost.build/Objects-normal/arm64/RetainedHost.SwiftFileList -enable-experimental-feature DebugDescriptionMacro -sdk /Applications/Xcode_26.4.1.app/Contents/Developer/Platforms/iPhoneSimulator.platform/Developer/SDKs/iPhoneSimulator26.4.sdk -target arm64-apple-ios15.0-simulator -g -module-cache-path /Users/runner/work/PartyDeck/PartyDeck/godot/ios-host/build/retained-host-test/DerivedData/ModuleCache.noindex -Xfrontend -serialize-debugging-options -enable-testing -index-store-path /Users/runner/work/PartyDeck/PartyDeck/godot/ios-host/build/retained-host-test/DerivedData/Index.noindex/DataStore -swift-version 6 -I /Users/runner/work/PartyDeck/PartyDeck/godot/ios-host/build/retained-host-test/DerivedData/Build/Products/Debug-iphonesimulator -F /Users/runner/work/PartyDeck/PartyDeck/godot/ios-host/build/retained-host-test/DerivedData/Build/Products/Debug-iphonesimulator -F /Users/runner/work/PartyDeck/PartyDeck/godot/ios-host/build/artifacts -c -j3 -enable-batch-mode -incremental -Xcc -ivfsstatcache -Xcc /Users/runner/work/PartyDeck/PartyDeck/godot/ios-host/build/retained-host-test/DerivedData/SDKStatCaches.noindex/iphonesimulator26.4-23E252-688ef53f1462e2c8f657fdc38a81448f893e4a944e4cdd9af1f5077e1341bc52.sdkstatcache -output-file-map /Users/runner/work/PartyDeck/PartyDeck/godot/ios-host/build/retained-host-test/DerivedData/Build/Intermediates.noindex/RetainedHost.build/Debug-iphonesimulator/RetainedHost.build/Objects-normal/arm64/RetainedHost-OutputFileMap.json -use-frontend-parseable-output -save-temps -no-color-diagnostics -explicit-module-build -module-cache-path /Users/runner/work/PartyDeck/PartyDeck/godot/ios-host/build/retained-host-test/DerivedData/Build/Intermediates.noindex/SwiftExplicitPrecompiledModules -clang-scanner-module-cache-path /Users/runner/work/PartyDeck/PartyDeck/godot/ios-host/build/retained-host-test/DerivedData/ModuleCache.noindex -sdk-module-cache-path /Users/runner/work/PartyDeck/PartyDeck/godot/ios-host/build/retained-host-test/DerivedData/ModuleCache.noindex -serialize-diagnostics -emit-dependencies -emit-module -emit-module-path /Users/runner/work/PartyDeck/PartyDeck/godot/ios-host/build/retained-host-test/DerivedData/Build/Intermediates.noindex/RetainedHost.build/Debug-iphonesimulator/RetainedHost.build/Objects-normal/arm64/RetainedHost.swiftmodule -validate-clang-modules-once -clang-build-session-file /Users/runner/work/PartyDeck/PartyDeck/godot/ios-host/build/retained-host-test/DerivedData/ModuleCache.noindex/Session.modulevalidation -Xcc -I/Users/runner/work/PartyDeck/PartyDeck/godot/ios-host/build/retained-host-test/DerivedData/Build/Intermediates.noindex/RetainedHost.build/Debug-iphonesimulator/RetainedHost.build/swift-overrides.hmap -emit-const-values -Xfrontend -const-gather-protocols-file -Xfrontend /Users/runner/work/PartyDeck/PartyDeck/godot/ios-host/build/retained-host-test/DerivedData/Build/Intermediates.noindex/RetainedHost.build/Debug-iphonesimulator/RetainedHost.build/Objects-normal/arm64/RetainedHost_const_extract_protocols.json -Xcc -iquote -Xcc /Users/runner/work/PartyDeck/PartyDeck/godot/ios-host/build/retained-host-test/DerivedData/Build/Intermediates.noindex/RetainedHost.build/Debug-iphonesimulator/RetainedHost.build/RetainedHost-generated-files.hmap -Xcc -I/Users/runner/work/PartyDeck/PartyDeck/godot/ios-host/build/retained-host-test/DerivedData/Build/Intermediates.noindex/RetainedHost.build/Debug-iphonesimulator/RetainedHost.build/RetainedHost-own-target-headers.hmap -Xcc -I/Users/runner/work/PartyDeck/PartyDeck/godot/ios-host/build/retained-host-test/DerivedData/Build/Intermediates.noindex/RetainedHost.build/Debug-iphonesimulator/RetainedHost.build/RetainedHost-all-target-headers.hmap -Xcc -iquote -Xcc /Users/runner/work/PartyDeck/PartyDeck/godot/ios-host/build/retained-host-test/DerivedData/Build/Intermediates.noindex/RetainedHost.build/Debug-iphonesimulator/RetainedHost.build/RetainedHost-project-headers.hmap -Xcc -I/Users/runner/work/PartyDeck/PartyDeck/godot/ios-host/build/retained-host-test/DerivedData/Build/Products/Debug-iphonesimulator/include -Xcc -I/Users/runner/work/PartyDeck/PartyDeck/godot/ios-host/build/retained-host-test/DerivedData/Build/Intermediates.noindex/RetainedHost.build/Debug-iphonesimulator/RetainedHost.build/DerivedSources-normal/arm64 -Xcc -I/Users/runner/work/PartyDeck/PartyDeck/godot/ios-host/build/retained-host-test/DerivedData/Build/Intermediates.noindex/RetainedHost.build/Debug-iphonesimulator/RetainedHost.build/DerivedSources/arm64 -Xcc -I/Users/runner/work/PartyDeck/PartyDeck/godot/ios-host/build/retained-host-test/DerivedData/Build/Intermediates.noindex/RetainedHost.build/Debug-iphonesimulator/RetainedHost.build/DerivedSources -emit-objc-header -emit-objc-header-path /Users/runner/work/PartyDeck/PartyDeck/godot/ios-host/build/retained-host-test/DerivedData/Build/Intermediates.noindex/RetainedHost.build/Debug-iphonesimulator/RetainedHost.build/Objects-normal/arm64/RetainedHost-Swift.h -import-objc-header /Users/runner/work/PartyDeck/PartyDeck/godot/ios-host/modules/partydeck_ios_probe/PDGodotEngineOwner.h -working-directory /Users/runner/work/PartyDeck/PartyDeck/godot/ios-host -experimental-emit-module-separately -disable-cmo
2026-09-10T12:50:52.9692060Z 
2026-09-10T12:50:52.9693920Z SwiftMergeGeneratedHeaders /Users/runner/work/PartyDeck/PartyDeck/godot/ios-host/build/retained-host-test/DerivedData/Build/Intermediates.noindex/RetainedHost.build/Debug-iphonesimulator/RetainedHost.build/DerivedSources/RetainedHost-Swift.h /Users/runner/work/PartyDeck/PartyDeck/godot/ios-host/build/retained-host-test/DerivedData/Build/Intermediates.noindex/RetainedHost.build/Debug-iphonesimulator/RetainedHost.build/Objects-normal/arm64/RetainedHost-Swift.h (in target 'RetainedHost' from project 'RetainedHost')
2026-09-10T12:50:52.9696020Z     cd /Users/runner/work/PartyDeck/PartyDeck/godot/ios-host
2026-09-10T12:50:52.9697780Z     builtin-swiftHeaderTool -arch arm64 /Users/runner/work/PartyDeck/PartyDeck/godot/ios-host/build/retained-host-test/DerivedData/Build/Intermediates.noindex/RetainedHost.build/Debug-iphonesimulator/RetainedHost.build/Objects-normal/arm64/RetainedHost-Swift.h -o /Users/runner/work/PartyDeck/PartyDeck/godot/ios-host/build/retained-host-test/DerivedData/Build/Intermediates.noindex/RetainedHost.build/Debug-iphonesimulator/RetainedHost.build/DerivedSources/RetainedHost-Swift.h
2026-09-10T12:50:52.9699600Z 
2026-09-10T12:50:52.9701110Z Copy /Users/runner/work/PartyDeck/PartyDeck/godot/ios-host/build/retained-host-test/DerivedData/Build/Products/Debug-iphonesimulator/RetainedHost.swiftmodule/arm64-apple-ios-simulator.swiftmodule /Users/runner/work/PartyDeck/PartyDeck/godot/ios-host/build/retained-host-test/DerivedData/Build/Intermediates.noindex/RetainedHost.build/Debug-iphonesimulator/RetainedHost.build/Objects-normal/arm64/RetainedHost.swiftmodule (in target 'RetainedHost' from project 'RetainedHost')
2026-09-10T12:50:52.9702770Z     cd /Users/runner/work/PartyDeck/PartyDeck/godot/ios-host
2026-09-10T12:50:52.9705280Z     builtin-copy -exclude .DS_Store -exclude CVS -exclude .svn -exclude .git -exclude .hg -strip-unsigned-binaries -strip-deterministic -strip-tool /Applications/Xcode_26.4.1.app/Contents/Developer/Toolchains/XcodeDefault.xctoolchain/usr/bin/strip -resolve-src-symlinks -rename /Users/runner/work/PartyDeck/PartyDeck/godot/ios-host/build/retained-host-test/DerivedData/Build/Intermediates.noindex/RetainedHost.build/Debug-iphonesimulator/RetainedHost.build/Objects-normal/arm64/RetainedHost.swiftmodule /Users/runner/work/PartyDeck/PartyDeck/godot/ios-host/build/retained-host-test/DerivedData/Build/Products/Debug-iphonesimulator/RetainedHost.swiftmodule/arm64-apple-ios-simulator.swiftmodule
2026-09-10T12:50:52.9707450Z 
2026-09-10T12:50:52.9709220Z Copy /Users/runner/work/PartyDeck/PartyDeck/godot/ios-host/build/retained-host-test/DerivedData/Build/Products/Debug-iphonesimulator/RetainedHost.swiftmodule/arm64-apple-ios-simulator.swiftdoc /Users/runner/work/PartyDeck/PartyDeck/godot/ios-host/build/retained-host-test/DerivedData/Build/Intermediates.noindex/RetainedHost.build/Debug-iphonesimulator/RetainedHost.build/Objects-normal/arm64/RetainedHost.swiftdoc (in target 'RetainedHost' from project 'RetainedHost')
2026-09-10T12:50:52.9710830Z     cd /Users/runner/work/PartyDeck/PartyDeck/godot/ios-host
2026-09-10T12:50:52.9713150Z     builtin-copy -exclude .DS_Store -exclude CVS -exclude .svn -exclude .git -exclude .hg -strip-unsigned-binaries -strip-deterministic -strip-tool /Applications/Xcode_26.4.1.app/Contents/Developer/Toolchains/XcodeDefault.xctoolchain/usr/bin/strip -resolve-src-symlinks -rename /Users/runner/work/PartyDeck/PartyDeck/godot/ios-host/build/retained-host-test/DerivedData/Build/Intermediates.noindex/RetainedHost.build/Debug-iphonesimulator/RetainedHost.build/Objects-normal/arm64/RetainedHost.swiftdoc /Users/runner/work/PartyDeck/PartyDeck/godot/ios-host/build/retained-host-test/DerivedData/Build/Products/Debug-iphonesimulator/RetainedHost.swiftmodule/arm64-apple-ios-simulator.swiftdoc
2026-09-10T12:50:52.9715570Z 
2026-09-10T12:50:52.9717180Z Copy /Users/runner/work/PartyDeck/PartyDeck/godot/ios-host/build/retained-host-test/DerivedData/Build/Products/Debug-iphonesimulator/RetainedHost.swiftmodule/arm64-apple-ios-simulator.abi.json /Users/runner/work/PartyDeck/PartyDeck/godot/ios-host/build/retained-host-test/DerivedData/Build/Intermediates.noindex/RetainedHost.build/Debug-iphonesimulator/RetainedHost.build/Objects-normal/arm64/RetainedHost.abi.json (in target 'RetainedHost' from project 'RetainedHost')
2026-09-10T12:50:52.9718760Z     cd /Users/runner/work/PartyDeck/PartyDeck/godot/ios-host
2026-09-10T12:50:52.9720960Z     builtin-copy -exclude .DS_Store -exclude CVS -exclude .svn -exclude .git -exclude .hg -strip-unsigned-binaries -strip-deterministic -strip-tool /Applications/Xcode_26.4.1.app/Contents/Developer/Toolchains/XcodeDefault.xctoolchain/usr/bin/strip -resolve-src-symlinks -rename /Users/runner/work/PartyDeck/PartyDeck/godot/ios-host/build/retained-host-test/DerivedData/Build/Intermediates.noindex/RetainedHost.build/Debug-iphonesimulator/RetainedHost.build/Objects-normal/arm64/RetainedHost.abi.json /Users/runner/work/PartyDeck/PartyDeck/godot/ios-host/build/retained-host-test/DerivedData/Build/Products/Debug-iphonesimulator/RetainedHost.swiftmodule/arm64-apple-ios-simulator.abi.json
2026-09-10T12:50:52.9723410Z 
2026-09-10T12:50:52.9724930Z Copy /Users/runner/work/PartyDeck/PartyDeck/godot/ios-host/build/retained-host-test/DerivedData/Build/Products/Debug-iphonesimulator/RetainedHost.swiftmodule/Project/arm64-apple-ios-simulator.swiftsourceinfo /Users/runner/work/PartyDeck/PartyDeck/godot/ios-host/build/retained-host-test/DerivedData/Build/Intermediates.noindex/RetainedHost.build/Debug-iphonesimulator/RetainedHost.build/Objects-normal/arm64/RetainedHost.swiftsourceinfo (in target 'RetainedHost' from project 'RetainedHost')
2026-09-10T12:50:52.9726560Z     cd /Users/runner/work/PartyDeck/PartyDeck/godot/ios-host
2026-09-10T12:50:52.9728810Z     builtin-copy -exclude .DS_Store -exclude CVS -exclude .svn -exclude .git -exclude .hg -strip-unsigned-binaries -strip-deterministic -strip-tool /Applications/Xcode_26.4.1.app/Contents/Developer/Toolchains/XcodeDefault.xctoolchain/usr/bin/strip -resolve-src-symlinks -rename /Users/runner/work/PartyDeck/PartyDeck/godot/ios-host/build/retained-host-test/DerivedData/Build/Intermediates.noindex/RetainedHost.build/Debug-iphonesimulator/RetainedHost.build/Objects-normal/arm64/RetainedHost.swiftsourceinfo /Users/runner/work/PartyDeck/PartyDeck/godot/ios-host/build/retained-host-test/DerivedData/Build/Products/Debug-iphonesimulator/RetainedHost.swiftmodule/Project/arm64-apple-ios-simulator.swiftsourceinfo
2026-09-10T12:50:52.9730940Z 
2026-09-10T12:50:52.9731260Z SwiftDriverJobDiscovery normal arm64 Compiling RetainedHostApp.swift (in target 'RetainedHost' from project 'RetainedHost')
2026-09-10T12:50:52.9731680Z 
2026-09-10T12:50:52.9732000Z SwiftDriverJobDiscovery normal arm64 Compiling RetainedModel.swift (in target 'RetainedHost' from project 'RetainedHost')
2026-09-10T12:50:52.9732440Z 
2026-09-10T12:50:52.9732990Z SwiftDriver\ Compilation RetainedHost normal arm64 com.apple.xcode.tools.swift.compiler (in target 'RetainedHost' from project 'RetainedHost')
2026-09-10T12:50:52.9733590Z     cd /Users/runner/work/PartyDeck/PartyDeck/godot/ios-host
2026-09-10T12:50:52.9751530Z     builtin-Swift-Compilation -- /Applications/Xcode_26.4.1.app/Contents/Developer/Toolchains/XcodeDefault.xctoolchain/usr/bin/swiftc -module-name RetainedHost -Onone @/Users/runner/work/PartyDeck/PartyDeck/godot/ios-host/build/retained-host-test/DerivedData/Build/Intermediates.noindex/RetainedHost.build/Debug-iphonesimulator/RetainedHost.build/Objects-normal/arm64/RetainedHost.SwiftFileList -enable-experimental-feature DebugDescriptionMacro -sdk /Applications/Xcode_26.4.1.app/Contents/Developer/Platforms/iPhoneSimulator.platform/Developer/SDKs/iPhoneSimulator26.4.sdk -target arm64-apple-ios15.0-simulator -g -module-cache-path /Users/runner/work/PartyDeck/PartyDeck/godot/ios-host/build/retained-host-test/DerivedData/ModuleCache.noindex -Xfrontend -serialize-debugging-options -enable-testing -index-store-path /Users/runner/work/PartyDeck/PartyDeck/godot/ios-host/build/retained-host-test/DerivedData/Index.noindex/DataStore -swift-version 6 -I /Users/runner/work/PartyDeck/PartyDeck/godot/ios-host/build/retained-host-test/DerivedData/Build/Products/Debug-iphonesimulator -F /Users/runner/work/PartyDeck/PartyDeck/godot/ios-host/build/retained-host-test/DerivedData/Build/Products/Debug-iphonesimulator -F /Users/runner/work/PartyDeck/PartyDeck/godot/ios-host/build/artifacts -c -j3 -enable-batch-mode -incremental -Xcc -ivfsstatcache -Xcc /Users/runner/work/PartyDeck/PartyDeck/godot/ios-host/build/retained-host-test/DerivedData/SDKStatCaches.noindex/iphonesimulator26.4-23E252-688ef53f1462e2c8f657fdc38a81448f893e4a944e4cdd9af1f5077e1341bc52.sdkstatcache -output-file-map /Users/runner/work/PartyDeck/PartyDeck/godot/ios-host/build/retained-host-test/DerivedData/Build/Intermediates.noindex/RetainedHost.build/Debug-iphonesimulator/RetainedHost.build/Objects-normal/arm64/RetainedHost-OutputFileMap.json -use-frontend-parseable-output -save-temps -no-color-diagnostics -explicit-module-build -module-cache-path /Users/runner/work/PartyDeck/PartyDeck/godot/ios-host/build/retained-host-test/DerivedData/Build/Intermediates.noindex/SwiftExplicitPrecompiledModules -clang-scanner-module-cache-path /Users/runner/work/PartyDeck/PartyDeck/godot/ios-host/build/retained-host-test/DerivedData/ModuleCache.noindex -sdk-module-cache-path /Users/runner/work/PartyDeck/PartyDeck/godot/ios-host/build/retained-host-test/DerivedData/ModuleCache.noindex -serialize-diagnostics -emit-dependencies -emit-module -emit-module-path /Users/runner/work/PartyDeck/PartyDeck/godot/ios-host/build/retained-host-test/DerivedData/Build/Intermediates.noindex/RetainedHost.build/Debug-iphonesimulator/RetainedHost.build/Objects-normal/arm64/RetainedHost.swiftmodule -validate-clang-modules-once -clang-build-session-file /Users/runner/work/PartyDeck/PartyDeck/godot/ios-host/build/retained-host-test/DerivedData/ModuleCache.noindex/Session.modulevalidation -Xcc -I/Users/runner/work/PartyDeck/PartyDeck/godot/ios-host/build/retained-host-test/DerivedData/Build/Intermediates.noindex/RetainedHost.build/Debug-iphonesimulator/RetainedHost.build/swift-overrides.hmap -emit-const-values -Xfrontend -const-gather-protocols-file -Xfrontend /Users/runner/work/PartyDeck/PartyDeck/godot/ios-host/build/retained-host-test/DerivedData/Build/Intermediates.noindex/RetainedHost.build/Debug-iphonesimulator/RetainedHost.build/Objects-normal/arm64/RetainedHost_const_extract_protocols.json -Xcc -iquote -Xcc /Users/runner/work/PartyDeck/PartyDeck/godot/ios-host/build/retained-host-test/DerivedData/Build/Intermediates.noindex/RetainedHost.build/Debug-iphonesimulator/RetainedHost.build/RetainedHost-generated-files.hmap -Xcc -I/Users/runner/work/PartyDeck/PartyDeck/godot/ios-host/build/retained-host-test/DerivedData/Build/Intermediates.noindex/RetainedHost.build/Debug-iphonesimulator/RetainedHost.build/RetainedHost-own-target-headers.hmap -Xcc -I/Users/runner/work/PartyDeck/PartyDeck/godot/ios-host/build/retained-host-test/DerivedData/Build/Intermediates.noindex/RetainedHost.build/Debug-iphonesimulator/RetainedHost.build/RetainedHost-all-target-headers.hmap -Xcc -iquote -Xcc /Users/runner/work/PartyDeck/PartyDeck/godot/ios-host/build/retained-host-test/DerivedData/Build/Intermediates.noindex/RetainedHost.build/Debug-iphonesimulator/RetainedHost.build/RetainedHost-project-headers.hmap -Xcc -I/Users/runner/work/PartyDeck/PartyDeck/godot/ios-host/build/retained-host-test/DerivedData/Build/Products/Debug-iphonesimulator/include -Xcc -I/Users/runner/work/PartyDeck/PartyDeck/godot/ios-host/build/retained-host-test/DerivedData/Build/Intermediates.noindex/RetainedHost.build/Debug-iphonesimulator/RetainedHost.build/DerivedSources-normal/arm64 -Xcc -I/Users/runner/work/PartyDeck/PartyDeck/godot/ios-host/build/retained-host-test/DerivedData/Build/Intermediates.noindex/RetainedHost.build/Debug-iphonesimulator/RetainedHost.build/DerivedSources/arm64 -Xcc -I/Users/runner/work/PartyDeck/PartyDeck/godot/ios-host/build/retained-host-test/DerivedData/Build/Intermediates.noindex/RetainedHost.build/Debug-iphonesimulator/RetainedHost.build/DerivedSources -emit-objc-header -emit-objc-header-path /Users/runner/work/PartyDeck/PartyDeck/godot/ios-host/build/retained-host-test/DerivedData/Build/Intermediates.noindex/RetainedHost.build/Debug-iphonesimulator/RetainedHost.build/Objects-normal/arm64/RetainedHost-Swift.h -import-objc-header /Users/runner/work/PartyDeck/PartyDeck/godot/ios-host/modules/partydeck_ios_probe/PDGodotEngineOwner.h -working-directory /Users/runner/work/PartyDeck/PartyDeck/godot/ios-host -experimental-emit-module-separately -disable-cmo
2026-09-10T12:50:52.9769950Z 
2026-09-10T12:50:52.9770620Z Ld /Users/runner/work/PartyDeck/PartyDeck/godot/ios-host/build/retained-host-test/DerivedData/Build/Products/Debug-iphonesimulator/RetainedHost.app/RetainedHost normal (in target 'RetainedHost' from project 'RetainedHost')
2026-09-10T12:50:52.9771520Z     cd /Users/runner/work/PartyDeck/PartyDeck/godot/ios-host
2026-09-10T12:50:52.9781640Z     /Applications/Xcode_26.4.1.app/Contents/Developer/Toolchains/XcodeDefault.xctoolchain/usr/bin/clang -Xlinker -reproducible -target arm64-apple-ios15.0-simulator -isysroot /Applications/Xcode_26.4.1.app/Contents/Developer/Platforms/iPhoneSimulator.platform/Developer/SDKs/iPhoneSimulator26.4.sdk -Os -L/Users/runner/work/PartyDeck/PartyDeck/godot/ios-host/build/retained-host-test/DerivedData/Build/Intermediates.noindex/EagerLinkingTBDs/Debug-iphonesimulator -L/Users/runner/work/PartyDeck/PartyDeck/godot/ios-host/build/retained-host-test/DerivedData/Build/Products/Debug-iphonesimulator -L/Users/runner/work/PartyDeck/PartyDeck/godot/ios-host/build/artifacts -F/Users/runner/work/PartyDeck/PartyDeck/godot/ios-host/build/retained-host-test/DerivedData/Build/Intermediates.noindex/EagerLinkingTBDs/Debug-iphonesimulator -F/Users/runner/work/PartyDeck/PartyDeck/godot/ios-host/build/retained-host-test/DerivedData/Build/Products/Debug-iphonesimulator -F/Users/runner/work/PartyDeck/PartyDeck/godot/ios-host/build/artifacts -filelist /Users/runner/work/PartyDeck/PartyDeck/godot/ios-host/build/retained-host-test/DerivedData/Build/Intermediates.noindex/RetainedHost.build/Debug-iphonesimulator/RetainedHost.build/Objects-normal/arm64/RetainedHost.LinkFileList -Xlinker -rpath -Xlinker /usr/lib/swift -Xlinker -rpath -Xlinker @executable_path/Frameworks -Xlinker -map -Xlinker /Users/runner/work/PartyDeck/PartyDeck/godot/ios-host/build/retained-host-test/evidence/RetainedHost-LinkMap.txt -Xlinker -dead_strip -Xlinker -object_path_lto -Xlinker /Users/runner/work/PartyDeck/PartyDeck/godot/ios-host/build/retained-host-test/DerivedData/Build/Intermediates.noindex/RetainedHost.build/Debug-iphonesimulator/RetainedHost.build/Objects-normal/arm64/RetainedHost_lto.o -rdynamic -Xlinker -objc_abi_version -Xlinker 2 -Xlinker -dependency_info -Xlinker /Users/runner/work/PartyDeck/PartyDeck/godot/ios-host/build/retained-host-test/DerivedData/Build/Intermediates.noindex/RetainedHost.build/Debug-iphonesimulator/RetainedHost.build/Objects-normal/arm64/RetainedHost_dependency_info.dat -fobjc-link-runtime -L/Applications/Xcode_26.4.1.app/Contents/Developer/Toolchains/XcodeDefault.xctoolchain/usr/lib/swift/iphonesimulator -L/usr/lib/swift -Xlinker -add_ast_path -Xlinker /Users/runner/work/PartyDeck/PartyDeck/godot/ios-host/build/retained-host-test/DerivedData/Build/Intermediates.noindex/RetainedHost.build/Debug-iphonesimulator/RetainedHost.build/Objects-normal/arm64/RetainedHost.swiftmodule @/Users/runner/work/PartyDeck/PartyDeck/godot/ios-host/build/retained-host-test/DerivedData/Build/Intermediates.noindex/RetainedHost.build/Debug-iphonesimulator/RetainedHost.build/Objects-normal/arm64/RetainedHost-linker-args.resp -lc++ -lz -liconv -framework Security -lpartydeck_godot_ios_probe -lpartydeck_godot_camera -framework PartyDeckGodotBridge -o /Users/runner/work/PartyDeck/PartyDeck/godot/ios-host/build/retained-host-test/DerivedData/Build/Products/Debug-iphonesimulator/RetainedHost.app/RetainedHost
2026-09-10T12:50:55.5751310Z 
2026-09-10T12:50:55.5791730Z CopySwiftLibs /Users/runner/work/PartyDeck/PartyDeck/godot/ios-host/build/retained-host-test/DerivedData/Build/Products/Debug-iphonesimulator/RetainedHost.app (in target 'RetainedHost' from project 'RetainedHost')
2026-09-10T12:50:55.5794850Z     cd /Users/runner/work/PartyDeck/PartyDeck/godot/ios-host
2026-09-10T12:50:55.5830790Z     builtin-swiftStdLibTool --copy --verbose --scan-executable /Users/runner/work/PartyDeck/PartyDeck/godot/ios-host/build/retained-host-test/DerivedData/Build/Products/Debug-iphonesimulator/RetainedHost.app/RetainedHost --scan-folder /Users/runner/work/PartyDeck/PartyDeck/godot/ios-host/build/retained-host-test/DerivedData/Build/Products/Debug-iphonesimulator/RetainedHost.app/Frameworks --scan-folder /Users/runner/work/PartyDeck/PartyDeck/godot/ios-host/build/retained-host-test/DerivedData/Build/Products/Debug-iphonesimulator/RetainedHost.app/PlugIns --scan-folder /Users/runner/work/PartyDeck/PartyDeck/godot/ios-host/build/retained-host-test/DerivedData/Build/Products/Debug-iphonesimulator/RetainedHost.app/SystemExtensions --scan-folder /Users/runner/work/PartyDeck/PartyDeck/godot/ios-host/build/retained-host-test/DerivedData/Build/Products/Debug-iphonesimulator/RetainedHost.app/Extensions --scan-folder /Users/runner/work/PartyDeck/PartyDeck/godot/ios-host/build/artifacts/PartyDeckGodotBridge.framework --platform iphonesimulator --toolchain /var/run/com.apple.security.cryptexd/mnt/com.apple.MobileAsset.MetalToolchain-v17.5.188.0.8bTNJF/Metal.xctoolchain --toolchain /Applications/Xcode_26.4.1.app/Contents/Developer/Toolchains/XcodeDefault.xctoolchain --destination /Users/runner/work/PartyDeck/PartyDeck/godot/ios-host/build/retained-host-test/DerivedData/Build/Products/Debug-iphonesimulator/RetainedHost.app/Frameworks --strip-bitcode --strip-bitcode-tool /Applications/Xcode_26.4.1.app/Contents/Developer/Toolchains/XcodeDefault.xctoolchain/usr/bin/bitcode_strip --emit-dependency-info /Users/runner/work/PartyDeck/PartyDeck/godot/ios-host/build/retained-host-test/DerivedData/Build/Intermediates.noindex/RetainedHost.build/Debug-iphonesimulator/RetainedHost.build/SwiftStdLibToolInputDependencies.dep --filter-for-swift-os --back-deploy-swift-span
2026-09-10T12:50:55.7149920Z Ignoring --strip-bitcode because --sign was not passed
2026-09-10T12:50:55.7154730Z 
2026-09-10T12:50:55.7155620Z ExtractAppIntentsMetadata (in target 'RetainedHost' from project 'RetainedHost')
2026-09-10T12:50:55.7156770Z     cd /Users/runner/work/PartyDeck/PartyDeck/godot/ios-host
2026-09-10T12:50:55.7167970Z     /Applications/Xcode_26.4.1.app/Contents/Developer/Toolchains/XcodeDefault.xctoolchain/usr/bin/appintentsmetadataprocessor --toolchain-dir /var/run/com.apple.security.cryptexd/mnt/com.apple.MobileAsset.MetalToolchain-v17.5.188.0.8bTNJF/Metal.xctoolchain --module-name RetainedHost --sdk-root /Applications/Xcode_26.4.1.app/Contents/Developer/Platforms/iPhoneSimulator.platform/Developer/SDKs/iPhoneSimulator26.4.sdk --xcode-version 17E202 --platform-family iOS --deployment-target 15.0 --bundle-identifier dev.partydeck.godot.iosretained --output /Users/runner/work/PartyDeck/PartyDeck/godot/ios-host/build/retained-host-test/DerivedData/Build/Products/Debug-iphonesimulator/RetainedHost.app --target-triple arm64-apple-ios15.0-simulator --binary-file /Users/runner/work/PartyDeck/PartyDeck/godot/ios-host/build/retained-host-test/DerivedData/Build/Products/Debug-iphonesimulator/RetainedHost.app/RetainedHost --dependency-file /Users/runner/work/PartyDeck/PartyDeck/godot/ios-host/build/retained-host-test/DerivedData/Build/Intermediates.noindex/RetainedHost.build/Debug-iphonesimulator/RetainedHost.build/Objects-normal/arm64/RetainedHost_dependency_info.dat --stringsdata-file /Users/runner/work/PartyDeck/PartyDeck/godot/ios-host/build/retained-host-test/DerivedData/Build/Intermediates.noindex/RetainedHost.build/Debug-iphonesimulator/RetainedHost.build/Objects-normal/arm64/ExtractedAppShortcutsMetadata.stringsdata --source-file-list /Users/runner/work/PartyDeck/PartyDeck/godot/ios-host/build/retained-host-test/DerivedData/Build/Intermediates.noindex/RetainedHost.build/Debug-iphonesimulator/RetainedHost.build/Objects-normal/arm64/RetainedHost.SwiftFileList --metadata-file-list /Users/runner/work/PartyDeck/PartyDeck/godot/ios-host/build/retained-host-test/DerivedData/Build/Intermediates.noindex/RetainedHost.build/Debug-iphonesimulator/RetainedHost.build/RetainedHost.DependencyMetadataFileList --static-metadata-file-list /Users/runner/work/PartyDeck/PartyDeck/godot/ios-host/build/retained-host-test/DerivedData/Build/Intermediates.noindex/RetainedHost.build/Debug-iphonesimulator/RetainedHost.build/RetainedHost.DependencyStaticMetadataFileList --swift-const-vals-list /Users/runner/work/PartyDeck/PartyDeck/godot/ios-host/build/retained-host-test/DerivedData/Build/Intermediates.noindex/RetainedHost.build/Debug-iphonesimulator/RetainedHost.build/Objects-normal/arm64/RetainedHost.SwiftConstValuesFileList --compile-time-extraction --deployment-aware-processing --validate-assistant-intents --no-app-shortcuts-localization
2026-09-10T12:50:55.8186170Z 2026-09-10 12:50:55.796 appintentsmetadataprocessor[3019:12824] Starting appintentsmetadataprocessor export
2026-09-10T12:50:55.8187130Z 2026-09-10 12:50:55.815 appintentsmetadataprocessor[3019:12824] warning: Metadata extraction skipped. No AppIntents.framework dependency found.
2026-09-10T12:50:55.8188310Z 
2026-09-10T12:50:55.8199840Z AppIntentsSSUTraining (in target 'RetainedHost' from project 'RetainedHost')
2026-09-10T12:50:55.8200420Z     cd /Users/runner/work/PartyDeck/PartyDeck/godot/ios-host
2026-09-10T12:50:55.8217280Z     /Applications/Xcode_26.4.1.app/Contents/Developer/Toolchains/XcodeDefault.xctoolchain/usr/bin/appintentsnltrainingprocessor --infoplist-path /Users/runner/work/PartyDeck/PartyDeck/godot/ios-host/build/retained-host-test/DerivedData/Build/Products/Debug-iphonesimulator/RetainedHost.app/Info.plist --temp-dir-path /Users/runner/work/PartyDeck/PartyDeck/godot/ios-host/build/retained-host-test/DerivedData/Build/Intermediates.noindex/RetainedHost.build/Debug-iphonesimulator/RetainedHost.build/ssu --bundle-id dev.partydeck.godot.iosretained --product-path /Users/runner/work/PartyDeck/PartyDeck/godot/ios-host/build/retained-host-test/DerivedData/Build/Products/Debug-iphonesimulator/RetainedHost.app --extracted-metadata-path /Users/runner/work/PartyDeck/PartyDeck/godot/ios-host/build/retained-host-test/DerivedData/Build/Products/Debug-iphonesimulator/RetainedHost.app/Metadata.appintents --metadata-file-list /Users/runner/work/PartyDeck/PartyDeck/godot/ios-host/build/retained-host-test/DerivedData/Build/Intermediates.noindex/RetainedHost.build/Debug-iphonesimulator/RetainedHost.build/RetainedHost.DependencyMetadataFileList --source-file /Users/runner/work/PartyDeck/PartyDeck/godot/ios-host/build/retained-host-test/DerivedData/Build/Products/Debug-iphonesimulator/RetainedHost.app/Info.plist --archive-ssu-assets
2026-09-10T12:50:55.8801270Z 2026-09-10 12:50:55.870 appintentsnltrainingprocessor[3022:12829] Parsing options for appintentsnltrainingprocessor
2026-09-10T12:50:55.8803840Z 2026-09-10 12:50:55.871 appintentsnltrainingprocessor[3022:12829] Starting AppIntents SSU YAML Generation
2026-09-10T12:50:55.8804660Z 2026-09-10 12:50:55.878 appintentsnltrainingprocessor[3022:12829] No AppShortcuts found - Skipping.
2026-09-10T12:50:55.8805990Z 
2026-09-10T12:50:55.8819610Z RegisterExecutionPolicyException /Users/runner/work/PartyDeck/PartyDeck/godot/ios-host/build/retained-host-test/DerivedData/Build/Products/Debug-iphonesimulator/RetainedHost.app (in target 'RetainedHost' from project 'RetainedHost')
2026-09-10T12:50:55.8820880Z     cd /Users/runner/work/PartyDeck/PartyDeck/godot/ios-host
2026-09-10T12:50:55.8822030Z     builtin-RegisterExecutionPolicyException /Users/runner/work/PartyDeck/PartyDeck/godot/ios-host/build/retained-host-test/DerivedData/Build/Products/Debug-iphonesimulator/RetainedHost.app
2026-09-10T12:50:55.9100570Z 
2026-09-10T12:50:55.9106110Z Validate /Users/runner/work/PartyDeck/PartyDeck/godot/ios-host/build/retained-host-test/DerivedData/Build/Products/Debug-iphonesimulator/RetainedHost.app (in target 'RetainedHost' from project 'RetainedHost')
2026-09-10T12:50:55.9108370Z     cd /Users/runner/work/PartyDeck/PartyDeck/godot/ios-host
2026-09-10T12:50:55.9111050Z     builtin-validationUtility /Users/runner/work/PartyDeck/PartyDeck/godot/ios-host/build/retained-host-test/DerivedData/Build/Products/Debug-iphonesimulator/RetainedHost.app -shallow-bundle -infoplist-subpath Info.plist
2026-09-10T12:50:55.9134260Z 
2026-09-10T12:50:55.9136700Z Touch /Users/runner/work/PartyDeck/PartyDeck/godot/ios-host/build/retained-host-test/DerivedData/Build/Products/Debug-iphonesimulator/RetainedHost.app (in target 'RetainedHost' from project 'RetainedHost')
2026-09-10T12:50:55.9137980Z     cd /Users/runner/work/PartyDeck/PartyDeck/godot/ios-host
2026-09-10T12:50:55.9139170Z     /usr/bin/touch -c /Users/runner/work/PartyDeck/PartyDeck/godot/ios-host/build/retained-host-test/DerivedData/Build/Products/Debug-iphonesimulator/RetainedHost.app
2026-09-10T12:50:55.9374500Z 
2026-09-10T12:50:55.9743980Z ** BUILD SUCCEEDED **
2026-09-10T12:50:55.9744520Z 
2026-09-10T12:51:02.7180070Z Using iPhone 17 / iOS 26.4 (6762BD8F-E960-4E21-B8DB-9D43947B47AF)
2026-09-10T12:51:04.2266050Z Monitoring boot status for iPhone 17 (6762BD8F-E960-4E21-B8DB-9D43947B47AF).
2026-09-10T12:51:04.2266720Z Booting device...
2026-09-10T12:51:04.2267120Z [2026-09-10 12:51:04 +0000] Status=0, isTerminal=NO, Elapsed=00:00.
2026-09-10T12:51:04.2267560Z 	Booting
2026-09-10T12:51:04.2267690Z 
2026-09-10T12:51:10.2819990Z [2026-09-10 12:51:09 +0000] Status=1, isTerminal=NO, Elapsed=00:05.
2026-09-10T12:51:10.4469960Z 	Waiting on BackBoard
2026-09-10T12:51:11.8581860Z 
2026-09-10T12:51:14.8552550Z [2026-09-10 12:51:14 +0000] Status=2, isTerminal=NO, Elapsed=00:10.
2026-09-10T12:51:14.9389170Z 	Waiting on Data Migration
2026-09-10T12:51:15.0207360Z 		Reason:(null)
2026-09-10T12:51:15.0209920Z 		Migration Elapsed:00:03 seconds
2026-09-10T12:51:15.1000620Z 
2026-09-10T12:51:15.7251990Z [2026-09-10 12:51:15 +0000] Status=2, isTerminal=NO, Elapsed=00:11.
2026-09-10T12:51:15.8061850Z 	Waiting on Data Migration
2026-09-10T12:51:15.8062230Z 		Reason:Gathering plugins
2026-09-10T12:51:15.8913310Z 		Migration Elapsed:00:04 seconds
2026-09-10T12:51:16.0530070Z 
2026-09-10T12:51:17.0305760Z [2026-09-10 12:51:16 +0000] Status=2, isTerminal=NO, Elapsed=00:12.
2026-09-10T12:51:17.1114570Z 	Waiting on Data Migration
2026-09-10T12:51:17.1955190Z 		Reason:Running plugin com.apple.-0LaunchServicesMigrator (00LaunchServicesMigrator.migrator, user-agnostic)
2026-09-10T12:51:17.2788830Z 		Migration Elapsed:00:05 seconds
2026-09-10T12:51:17.2802580Z 
2026-09-10T12:51:17.7763720Z [2026-09-10 12:51:17 +0000] Status=2, isTerminal=NO, Elapsed=00:13.
2026-09-10T12:51:17.8599570Z 	Waiting on Data Migration
2026-09-10T12:51:17.9426240Z 		Reason:Running plugin com.apple.-0LaunchServicesMigrator (00LaunchServicesMigrator.migrator, user-agnostic)
2026-09-10T12:51:18.1867440Z 		Migration Elapsed:00:06 seconds
2026-09-10T12:51:18.1869770Z 
2026-09-10T12:51:18.6754820Z [2026-09-10 12:51:18 +0000] Status=2, isTerminal=NO, Elapsed=00:14.
2026-09-10T12:51:18.6755430Z 	Waiting on Data Migration
2026-09-10T12:51:18.7644640Z 		Reason:Running plugin com.apple.-0LaunchServicesMigrator (00LaunchServicesMigrator.migrator, user-agnostic)
2026-09-10T12:51:18.8465570Z 		Migration Elapsed:00:07 seconds
2026-09-10T12:51:18.9300520Z 
2026-09-10T12:51:21.1430420Z [2026-09-10 12:51:19 +0000] Status=2, isTerminal=NO, Elapsed=00:15.
2026-09-10T12:51:21.2241410Z 	Waiting on Data Migration
2026-09-10T12:51:21.3054410Z 		Reason:Running plugin com.apple.-0LaunchServicesMigrator (00LaunchServicesMigrator.migrator, user-agnostic)
2026-09-10T12:51:21.4837690Z 		Migration Elapsed:00:08 seconds
2026-09-10T12:51:21.6546280Z 
2026-09-10T12:51:21.6547370Z [2026-09-10 12:51:20 +0000] Status=2, isTerminal=NO, Elapsed=00:16.
2026-09-10T12:51:21.8442820Z 	Waiting on Data Migration
2026-09-10T12:51:21.9247230Z 		Reason:Running plugin com.apple.-0LaunchServicesMigrator (00LaunchServicesMigrator.migrator, user-agnostic)
2026-09-10T12:51:22.0083690Z 		Migration Elapsed:00:09 seconds
2026-09-10T12:51:22.2723770Z 
2026-09-10T12:51:22.8473920Z [2026-09-10 12:51:22 +0000] Status=2, isTerminal=NO, Elapsed=00:18.
2026-09-10T12:51:22.9277660Z 	Waiting on Data Migration
2026-09-10T12:51:23.0110000Z 		Reason:Running plugin com.apple.-0LaunchServicesMigrator (00LaunchServicesMigrator.migrator, user-agnostic)
2026-09-10T12:51:23.0113720Z 		Migration Elapsed:00:10 seconds
2026-09-10T12:51:23.0918270Z 
2026-09-10T12:51:23.2576790Z [2026-09-10 12:51:23 +0000] Status=2, isTerminal=NO, Elapsed=00:18.
2026-09-10T12:51:23.3413300Z 	Waiting on Data Migration
2026-09-10T12:51:23.4233030Z 		Reason:Running plugin com.apple.-0LaunchServicesMigrator (00LaunchServicesMigrator.migrator, user-agnostic)
2026-09-10T12:51:23.5036920Z 		Migration Elapsed:00:11 seconds
2026-09-10T12:51:23.6712820Z 
2026-09-10T12:51:23.9196360Z [2026-09-10 12:51:23 +0000] Status=2, isTerminal=NO, Elapsed=00:19.
2026-09-10T12:51:24.0037170Z 	Waiting on Data Migration
2026-09-10T12:51:24.0835400Z 		Reason:Running plugin com.apple.-0LaunchServicesMigrator (00LaunchServicesMigrator.migrator, user-agnostic)
2026-09-10T12:51:24.1742060Z 		Migration Elapsed:00:12 seconds
2026-09-10T12:51:24.2536630Z 
2026-09-10T12:51:24.6699680Z [2026-09-10 12:51:24 +0000] Status=2, isTerminal=NO, Elapsed=00:20.
2026-09-10T12:51:24.7514170Z 	Waiting on Data Migration
2026-09-10T12:51:24.8370270Z 		Reason:Running plugin com.apple.-0LaunchServicesMigrator (00LaunchServicesMigrator.migrator, user-agnostic)
2026-09-10T12:51:25.0008660Z 		Migration Elapsed:00:13 seconds
2026-09-10T12:51:25.1680640Z 
2026-09-10T12:51:26.1558010Z [2026-09-10 12:51:25 +0000] Status=2, isTerminal=NO, Elapsed=00:21.
2026-09-10T12:51:26.2380100Z 	Waiting on Data Migration
2026-09-10T12:51:26.3202330Z 		Reason:Running plugin com.apple.-0LaunchServicesMigrator (00LaunchServicesMigrator.migrator, user-agnostic)
2026-09-10T12:51:26.4819690Z 		Migration Elapsed:00:14 seconds
2026-09-10T12:51:26.5648780Z 
2026-09-10T12:51:26.6441360Z [2026-09-10 12:51:26 +0000] Status=2, isTerminal=NO, Elapsed=00:22.
2026-09-10T12:51:26.7275950Z 	Waiting on Data Migration
2026-09-10T12:51:26.8110390Z 		Reason:Running plugin com.apple.-0LaunchServicesMigrator (00LaunchServicesMigrator.migrator, user-agnostic)
2026-09-10T12:51:26.8904580Z 		Migration Elapsed:00:15 seconds
2026-09-10T12:51:26.9716750Z 
2026-09-10T12:51:27.7876220Z [2026-09-10 12:51:27 +0000] Status=2, isTerminal=NO, Elapsed=00:23.
2026-09-10T12:51:27.8699200Z 	Waiting on Data Migration
2026-09-10T12:51:27.8700130Z 		Reason:Running plugin com.apple.-0LaunchServicesMigrator (00LaunchServicesMigrator.migrator, user-agnostic)
2026-09-10T12:51:27.9520880Z 		Migration Elapsed:00:16 seconds
2026-09-10T12:51:28.0333090Z 
2026-09-10T12:51:29.2702090Z [2026-09-10 12:51:29 +0000] Status=2, isTerminal=NO, Elapsed=00:24.
2026-09-10T12:51:29.3526170Z 	Waiting on Data Migration
2026-09-10T12:51:29.4362570Z 		Reason:Running plugin com.apple.-0LaunchServicesMigrator (00LaunchServicesMigrator.migrator, user-agnostic)
2026-09-10T12:51:29.4363720Z 		Migration Elapsed:00:17 seconds
2026-09-10T12:51:29.5203600Z 
2026-09-10T12:51:29.7623330Z [2026-09-10 12:51:29 +0000] Status=2, isTerminal=NO, Elapsed=00:25.
2026-09-10T12:51:29.8458080Z 	Waiting on Data Migration
2026-09-10T12:51:29.8458770Z 		Reason:Running plugin com.apple.-0LaunchServicesMigrator (00LaunchServicesMigrator.migrator, user-agnostic)
2026-09-10T12:51:29.9268820Z 		Migration Elapsed:00:18 seconds
2026-09-10T12:51:30.0084930Z 
2026-09-10T12:51:30.5791830Z [2026-09-10 12:51:30 +0000] Status=2, isTerminal=NO, Elapsed=00:26.
2026-09-10T12:51:30.7417400Z 	Waiting on Data Migration
2026-09-10T12:51:30.7418130Z 		Reason:Running plugin com.apple.-0LaunchServicesMigrator (00LaunchServicesMigrator.migrator, user-agnostic)
2026-09-10T12:51:30.8225200Z 		Migration Elapsed:00:19 seconds
2026-09-10T12:51:30.9047260Z 
2026-09-10T12:51:31.6478190Z [2026-09-10 12:51:31 +0000] Status=2, isTerminal=NO, Elapsed=00:27.
2026-09-10T12:51:31.6478760Z 	Waiting on Data Migration
2026-09-10T12:51:31.6479270Z 		Reason:Running plugin com.apple.-0LaunchServicesMigrator (00LaunchServicesMigrator.migrator, user-agnostic)
2026-09-10T12:51:31.6479990Z 		Migration Elapsed:00:20 seconds
2026-09-10T12:51:31.6480230Z 
2026-09-10T12:51:32.6265360Z [2026-09-10 12:51:32 +0000] Status=2, isTerminal=NO, Elapsed=00:28.
2026-09-10T12:51:32.7073470Z 	Waiting on Data Migration
2026-09-10T12:51:32.7885230Z 		Reason:Running plugin com.apple.-0LaunchServicesMigrator (00LaunchServicesMigrator.migrator, user-agnostic)
2026-09-10T12:51:32.9510250Z 		Migration Elapsed:00:21 seconds
2026-09-10T12:51:33.0322180Z 
2026-09-10T12:51:33.6020400Z [2026-09-10 12:51:33 +0000] Status=2, isTerminal=NO, Elapsed=00:29.
2026-09-10T12:51:33.6851030Z 	Waiting on Data Migration
2026-09-10T12:51:33.7685310Z 		Reason:Running plugin com.apple.-0LaunchServicesMigrator (00LaunchServicesMigrator.migrator, user-agnostic)
2026-09-10T12:51:33.7686130Z 		Migration Elapsed:00:22 seconds
2026-09-10T12:51:33.7686670Z 
2026-09-10T12:51:34.6144370Z [2026-09-10 12:51:34 +0000] Status=2, isTerminal=NO, Elapsed=00:30.
2026-09-10T12:51:34.7021540Z 	Waiting on Data Migration
2026-09-10T12:51:34.8249760Z 		Reason:Running plugin com.apple.-0LaunchServicesMigrator (00LaunchServicesMigrator.migrator, user-agnostic)
2026-09-10T12:51:34.8254620Z 		Migration Elapsed:00:23 seconds
2026-09-10T12:51:34.9706380Z 
2026-09-10T12:51:35.5703740Z [2026-09-10 12:51:35 +0000] Status=2, isTerminal=NO, Elapsed=00:31.
2026-09-10T12:51:35.6129390Z 	Waiting on Data Migration
2026-09-10T12:51:35.6552510Z 		Reason:Running plugin com.apple.-0LaunchServicesMigrator (00LaunchServicesMigrator.migrator, user-agnostic)
2026-09-10T12:51:35.7740690Z 		Migration Elapsed:00:24 seconds
2026-09-10T12:51:35.7744790Z 
2026-09-10T12:51:36.6829210Z [2026-09-10 12:51:36 +0000] Status=2, isTerminal=NO, Elapsed=00:32.
2026-09-10T12:51:36.7023320Z 	Waiting on Data Migration
2026-09-10T12:51:36.7136380Z 		Reason:Running plugin com.apple.-0LaunchServicesMigrator (00LaunchServicesMigrator.migrator, user-agnostic)
2026-09-10T12:51:36.7316850Z 		Migration Elapsed:00:25 seconds
2026-09-10T12:51:36.7420820Z 
2026-09-10T12:51:37.6864740Z [2026-09-10 12:51:37 +0000] Status=2, isTerminal=NO, Elapsed=00:33.
2026-09-10T12:51:37.7047350Z 	Waiting on Data Migration
2026-09-10T12:51:37.7205060Z 		Reason:Running plugin com.apple.-0LaunchServicesMigrator (00LaunchServicesMigrator.migrator, user-agnostic)
2026-09-10T12:51:37.7309620Z 		Migration Elapsed:00:26 seconds
2026-09-10T12:51:37.7436890Z 
2026-09-10T12:51:38.4825200Z [2026-09-10 12:51:38 +0000] Status=2, isTerminal=NO, Elapsed=00:34.
2026-09-10T12:51:38.5793470Z 	Waiting on Data Migration
2026-09-10T12:51:38.6635700Z 		Reason:Running plugin com.apple.-0LaunchServicesMigrator (00LaunchServicesMigrator.migrator, user-agnostic)
2026-09-10T12:51:38.7444660Z 		Migration Elapsed:00:27 seconds
2026-09-10T12:51:38.9460090Z 
2026-09-10T12:51:39.5876760Z [2026-09-10 12:51:39 +0000] Status=2, isTerminal=NO, Elapsed=00:35.
2026-09-10T12:51:39.6030850Z 	Waiting on Data Migration
2026-09-10T12:51:39.6133200Z 		Reason:Running plugin com.apple.-0LaunchServicesMigrator (00LaunchServicesMigrator.migrator, user-agnostic)
2026-09-10T12:51:39.6237750Z 		Migration Elapsed:00:28 seconds
2026-09-10T12:51:39.6388500Z 
2026-09-10T12:51:40.7321240Z [2026-09-10 12:51:40 +0000] Status=2, isTerminal=NO, Elapsed=00:36.
2026-09-10T12:51:40.7326220Z 	Waiting on Data Migration
2026-09-10T12:51:40.8972770Z 		Reason:Running plugin com.apple.-0LaunchServicesMigrator (00LaunchServicesMigrator.migrator, user-agnostic)
2026-09-10T12:51:40.9776910Z 		Migration Elapsed:00:29 seconds
2026-09-10T12:51:40.9777410Z 
2026-09-10T12:51:41.5529820Z [2026-09-10 12:51:41 +0000] Status=2, isTerminal=NO, Elapsed=00:37.
2026-09-10T12:51:41.6356130Z 	Waiting on Data Migration
2026-09-10T12:51:41.7166340Z 		Reason:Running plugin com.apple.-0LaunchServicesMigrator (00LaunchServicesMigrator.migrator, user-agnostic)
2026-09-10T12:51:41.7168930Z 		Migration Elapsed:00:30 seconds
2026-09-10T12:51:41.7977530Z 
2026-09-10T12:51:42.5382550Z [2026-09-10 12:51:42 +0000] Status=2, isTerminal=NO, Elapsed=00:38.
2026-09-10T12:51:42.6192030Z 	Waiting on Data Migration
2026-09-10T12:51:42.7031280Z 		Reason:Running plugin com.apple.-0LaunchServicesMigrator (00LaunchServicesMigrator.migrator, user-agnostic)
2026-09-10T12:51:42.7032390Z 		Migration Elapsed:00:31 seconds
2026-09-10T12:51:42.7851620Z 
2026-09-10T12:51:43.6068180Z [2026-09-10 12:51:43 +0000] Status=2, isTerminal=NO, Elapsed=00:39.
2026-09-10T12:51:43.6070090Z 	Waiting on Data Migration
2026-09-10T12:51:43.6897680Z 		Reason:Running plugin com.apple.-0LaunchServicesMigrator (00LaunchServicesMigrator.migrator, user-agnostic)
2026-09-10T12:51:43.8522010Z 		Migration Elapsed:00:32 seconds
2026-09-10T12:51:43.9323620Z 
2026-09-10T12:51:44.7530730Z [2026-09-10 12:51:44 +0000] Status=2, isTerminal=NO, Elapsed=00:40.
2026-09-10T12:51:44.8328380Z 	Waiting on Data Migration
2026-09-10T12:51:44.9209850Z 		Reason:Running plugin com.apple.-0LaunchServicesMigrator (00LaunchServicesMigrator.migrator, user-agnostic)
2026-09-10T12:51:45.0046860Z 		Migration Elapsed:00:33 seconds
2026-09-10T12:51:45.0851280Z 
2026-09-10T12:51:45.7389200Z [2026-09-10 12:51:45 +0000] Status=2, isTerminal=NO, Elapsed=00:41.
2026-09-10T12:51:45.7389950Z 	Waiting on Data Migration
2026-09-10T12:51:45.9025960Z 		Reason:Running plugin com.apple.-0LaunchServicesMigrator (00LaunchServicesMigrator.migrator, user-agnostic)
2026-09-10T12:51:45.9027040Z 		Migration Elapsed:00:34 seconds
2026-09-10T12:51:45.9858230Z 
2026-09-10T12:51:46.7155650Z [2026-09-10 12:51:46 +0000] Status=2, isTerminal=NO, Elapsed=00:42.
2026-09-10T12:51:46.7976100Z 	Waiting on Data Migration
2026-09-10T12:51:46.8772660Z 		Reason:Running plugin com.apple.-0LaunchServicesMigrator (00LaunchServicesMigrator.migrator, user-agnostic)
2026-09-10T12:51:47.0565590Z 		Migration Elapsed:00:35 seconds
2026-09-10T12:51:47.1361030Z 
2026-09-10T12:51:47.8011790Z [2026-09-10 12:51:47 +0000] Status=2, isTerminal=NO, Elapsed=00:43.
2026-09-10T12:51:47.8012720Z 	Waiting on Data Migration
2026-09-10T12:51:48.0548370Z 		Reason:Running plugin com.apple.-0LaunchServicesMigrator (00LaunchServicesMigrator.migrator, user-agnostic)
2026-09-10T12:51:48.0678280Z 		Migration Elapsed:00:36 seconds
2026-09-10T12:51:48.0791640Z 
2026-09-10T12:51:48.5015920Z [2026-09-10 12:51:48 +0000] Status=2, isTerminal=NO, Elapsed=00:44.
2026-09-10T12:51:48.5118220Z 	Waiting on Data Migration
2026-09-10T12:51:48.5225050Z 		Reason:Running plugin com.apple.-0LaunchServicesMigrator (00LaunchServicesMigrator.migrator, user-agnostic)
2026-09-10T12:51:48.5326750Z 		Migration Elapsed:00:37 seconds
2026-09-10T12:51:48.5484660Z 
2026-09-10T12:51:49.4520480Z [2026-09-10 12:51:49 +0000] Status=2, isTerminal=NO, Elapsed=00:45.
2026-09-10T12:51:49.4525490Z 	Waiting on Data Migration
2026-09-10T12:51:49.4538420Z 		Reason:Running plugin com.apple.-0LaunchServicesMigrator (00LaunchServicesMigrator.migrator, user-agnostic)
2026-09-10T12:51:49.4836190Z 		Migration Elapsed:00:38 seconds
2026-09-10T12:51:49.4836840Z 
2026-09-10T12:51:50.4527260Z [2026-09-10 12:51:50 +0000] Status=2, isTerminal=NO, Elapsed=00:46.
2026-09-10T12:51:50.4534690Z 	Waiting on Data Migration
2026-09-10T12:51:50.4535590Z 		Reason:Running plugin com.apple.-0LaunchServicesMigrator (00LaunchServicesMigrator.migrator, user-agnostic)
2026-09-10T12:51:50.4536780Z 		Migration Elapsed:00:39 seconds
2026-09-10T12:51:50.4537320Z 
2026-09-10T12:51:51.5203060Z [2026-09-10 12:51:51 +0000] Status=2, isTerminal=NO, Elapsed=00:47.
2026-09-10T12:51:51.5354820Z 	Waiting on Data Migration
2026-09-10T12:51:51.5460910Z 		Reason:Running plugin com.apple.-0LaunchServicesMigrator (00LaunchServicesMigrator.migrator, user-agnostic)
2026-09-10T12:51:51.5611030Z 		Migration Elapsed:00:40 seconds
2026-09-10T12:51:51.5718800Z 
2026-09-10T12:51:52.4647250Z [2026-09-10 12:51:52 +0000] Status=2, isTerminal=NO, Elapsed=00:48.
2026-09-10T12:51:52.4692080Z 	Waiting on Data Migration
2026-09-10T12:51:52.4693390Z 		Reason:Running plugin com.apple.-0LaunchServicesMigrator (00LaunchServicesMigrator.migrator, user-agnostic)
2026-09-10T12:51:52.4694810Z 		Migration Elapsed:00:41 seconds
2026-09-10T12:51:52.4695830Z 
2026-09-10T12:51:53.6037070Z [2026-09-10 12:51:53 +0000] Status=2, isTerminal=NO, Elapsed=00:49.
2026-09-10T12:51:53.6037780Z 	Waiting on Data Migration
2026-09-10T12:51:53.6839530Z 		Reason:Running plugin com.apple.-0LaunchServicesMigrator (00LaunchServicesMigrator.migrator, user-agnostic)
2026-09-10T12:51:53.7024410Z 		Migration Elapsed:00:42 seconds
2026-09-10T12:51:53.7026500Z 
2026-09-10T12:51:54.7004880Z [2026-09-10 12:51:54 +0000] Status=2, isTerminal=NO, Elapsed=00:50.
2026-09-10T12:51:54.7009010Z 	Waiting on Data Migration
2026-09-10T12:51:54.7814340Z 		Reason:Running plugin com.apple.-0LaunchServicesMigrator (00LaunchServicesMigrator.migrator, user-agnostic)
2026-09-10T12:51:54.8656540Z 		Migration Elapsed:00:43 seconds
2026-09-10T12:51:54.9459940Z 
2026-09-10T12:51:55.6487670Z [2026-09-10 12:51:55 +0000] Status=2, isTerminal=NO, Elapsed=00:51.
2026-09-10T12:51:55.6592300Z 	Waiting on Data Migration
2026-09-10T12:51:55.6724290Z 		Reason:Running plugin com.apple.-0LaunchServicesMigrator (00LaunchServicesMigrator.migrator, user-agnostic)
2026-09-10T12:51:55.6831860Z 		Migration Elapsed:00:44 seconds
2026-09-10T12:51:55.6944240Z 
2026-09-10T12:51:56.6764950Z [2026-09-10 12:51:56 +0000] Status=2, isTerminal=NO, Elapsed=00:52.
2026-09-10T12:51:56.7592200Z 	Waiting on Data Migration
2026-09-10T12:51:56.8285070Z 		Reason:Running plugin com.apple.-0LaunchServicesMigrator (00LaunchServicesMigrator.migrator, user-agnostic)
2026-09-10T12:51:56.8399310Z 		Migration Elapsed:00:45 seconds
2026-09-10T12:51:56.8410030Z 
2026-09-10T12:51:57.5512410Z [2026-09-10 12:51:57 +0000] Status=2, isTerminal=NO, Elapsed=00:53.
2026-09-10T12:51:57.6381260Z 	Waiting on Data Migration
2026-09-10T12:51:57.6382300Z 		Reason:Running plugin com.apple.-0LaunchServicesMigrator (00LaunchServicesMigrator.migrator, user-agnostic)
2026-09-10T12:51:57.7253540Z 		Migration Elapsed:00:46 seconds
2026-09-10T12:51:57.8094790Z 
2026-09-10T12:51:58.5350280Z [2026-09-10 12:51:58 +0000] Status=2, isTerminal=NO, Elapsed=00:54.
2026-09-10T12:51:58.5474460Z 	Waiting on Data Migration
2026-09-10T12:51:58.5963280Z 		Reason:Running plugin com.apple.-0LaunchServicesMigrator (00LaunchServicesMigrator.migrator, user-agnostic)
2026-09-10T12:51:58.6306860Z 		Migration Elapsed:00:47 seconds
2026-09-10T12:51:58.7131600Z 
2026-09-10T12:51:59.5096690Z [2026-09-10 12:51:59 +0000] Status=2, isTerminal=NO, Elapsed=00:55.
2026-09-10T12:51:59.5201040Z 	Waiting on Data Migration
2026-09-10T12:51:59.5202120Z 		Reason:Running plugin com.apple.-0LaunchServicesMigrator (00LaunchServicesMigrator.migrator, user-agnostic)
2026-09-10T12:51:59.5319780Z 		Migration Elapsed:00:48 seconds
2026-09-10T12:51:59.5509990Z 
2026-09-10T12:52:00.5659830Z [2026-09-10 12:52:00 +0000] Status=2, isTerminal=NO, Elapsed=00:56.
2026-09-10T12:52:00.5761750Z 	Waiting on Data Migration
2026-09-10T12:52:00.6386540Z 		Reason:Running plugin com.apple.-0LaunchServicesMigrator (00LaunchServicesMigrator.migrator, user-agnostic)
2026-09-10T12:52:00.6388080Z 		Migration Elapsed:00:49 seconds
2026-09-10T12:52:00.6388350Z 
2026-09-10T12:52:01.4842060Z [2026-09-10 12:52:01 +0000] Status=2, isTerminal=NO, Elapsed=00:57.
2026-09-10T12:52:01.4842620Z 	Waiting on Data Migration
2026-09-10T12:52:01.4843660Z 		Reason:Running plugin com.apple.-0LaunchServicesMigrator (00LaunchServicesMigrator.migrator, user-agnostic)
2026-09-10T12:52:01.4844400Z 		Migration Elapsed:00:50 seconds
2026-09-10T12:52:01.4844620Z 
2026-09-10T12:52:05.4706470Z [2026-09-10 12:52:05 +0000] Status=2, isTerminal=NO, Elapsed=01:01.
2026-09-10T12:52:05.6324710Z 	Waiting on Data Migration
2026-09-10T12:52:05.6332780Z 		Reason:Running plugin com.apple.securityd.KeychainMigrator (KeychainMigrator.migrator, user-agnostic)
2026-09-10T12:52:05.7133470Z 		Migration Elapsed:00:51 seconds
2026-09-10T12:52:05.8761750Z 
2026-09-10T12:52:06.6117560Z [2026-09-10 12:52:06 +0000] Status=2, isTerminal=NO, Elapsed=01:02.
2026-09-10T12:52:06.6118880Z 	Waiting on Data Migration
2026-09-10T12:52:07.4372420Z 		Reason:Running plugin com.apple.addressbook.migrator (AddressBookLegacy.migrator)
2026-09-10T12:52:07.5999450Z 		Migration Elapsed:00:54 seconds
2026-09-10T12:52:07.6801410Z 
2026-09-10T12:52:09.0111880Z [2026-09-10 12:52:08 +0000] Status=2, isTerminal=NO, Elapsed=01:04.
2026-09-10T12:52:09.5736450Z 	Waiting on Data Migration
2026-09-10T12:52:09.6581710Z 		Reason:Running plugin com.apple.MobileSafari.migrator (MobileSafari.migrator)
2026-09-10T12:52:09.8741950Z 		Migration Elapsed:00:55 seconds
2026-09-10T12:52:10.3271440Z 
2026-09-10T12:52:12.7192810Z [2026-09-10 12:52:12 +0000] Status=2, isTerminal=NO, Elapsed=01:07.
2026-09-10T12:52:13.1314590Z 	Waiting on Data Migration
2026-09-10T12:52:13.2143950Z 		Reason:Running plugin com.apple.PreferencesMigrator (PreferencesMigrator.migrator)
2026-09-10T12:52:13.3765610Z 		Migration Elapsed:00:57 seconds
2026-09-10T12:52:13.3767380Z 
2026-09-10T12:52:14.2773760Z [2026-09-10 12:52:13 +0000] Status=4, isTerminal=NO, Elapsed=01:09.
2026-09-10T12:52:14.3580070Z 	Waiting on System App
2026-09-10T12:52:14.4405110Z 
2026-09-10T12:52:14.6015670Z [2026-09-10 12:52:14 +0000] Status=4, isTerminal=NO, Elapsed=01:10.
2026-09-10T12:52:14.7636620Z 	Waiting on System App
2026-09-10T12:52:14.8498320Z 
2026-09-10T12:52:15.2299090Z [2026-09-10 12:52:15 +0000] Status=4, isTerminal=NO, Elapsed=01:10.
2026-09-10T12:52:15.3098980Z 	Waiting on System App
2026-09-10T12:52:15.3932410Z 
2026-09-10T12:52:16.6210410Z [2026-09-10 12:52:16 +0000] Status=4, isTerminal=NO, Elapsed=01:11.
2026-09-10T12:52:16.7057200Z 	Waiting on System App
2026-09-10T12:52:16.7850480Z 
2026-09-10T12:52:17.1973580Z [2026-09-10 12:52:16 +0000] Status=4, isTerminal=NO, Elapsed=01:12.
2026-09-10T12:52:17.3589140Z 	Waiting on System App
2026-09-10T12:52:17.4435690Z 
2026-09-10T12:52:18.0971450Z [2026-09-10 12:52:18 +0000] Status=4, isTerminal=NO, Elapsed=01:13.
2026-09-10T12:52:18.1776520Z 	Waiting on System App
2026-09-10T12:52:18.1776820Z 
2026-09-10T12:52:20.0721900Z [2026-09-10 12:52:19 +0000] Status=4, isTerminal=NO, Elapsed=01:15.
2026-09-10T12:52:20.1534200Z 	Waiting on System App
2026-09-10T12:52:20.2348010Z 
2026-09-10T12:52:20.8907410Z [2026-09-10 12:52:20 +0000] Status=4, isTerminal=NO, Elapsed=01:16.
2026-09-10T12:52:20.8908980Z 	Waiting on System App
2026-09-10T12:52:20.9725410Z 
2026-09-10T12:52:21.4959940Z [2026-09-10 12:52:21 +0000] Status=4, isTerminal=NO, Elapsed=01:17.
2026-09-10T12:52:21.5068750Z 	Waiting on System App
2026-09-10T12:52:21.5179150Z 
2026-09-10T12:52:21.8332650Z [2026-09-10 12:52:21 +0000] Status=4, isTerminal=NO, Elapsed=01:17.
2026-09-10T12:52:21.9190120Z 	Waiting on System App
2026-09-10T12:52:22.0925550Z 
2026-09-10T12:52:22.9162190Z [2026-09-10 12:52:22 +0000] Status=4, isTerminal=NO, Elapsed=01:18.
2026-09-10T12:52:22.9992950Z 	Waiting on System App
2026-09-10T12:52:23.0800250Z 
2026-09-10T12:52:26.9021950Z [2026-09-10 12:52:25 +0000] Status=4, isTerminal=NO, Elapsed=01:20.
2026-09-10T12:52:26.9028970Z 	Waiting on System App
2026-09-10T12:52:26.9029460Z 
2026-09-10T12:52:29.0135750Z [2026-09-10 12:52:28 +0000] Status=4, isTerminal=NO, Elapsed=01:24.
2026-09-10T12:52:29.0136860Z 	Waiting on System App
2026-09-10T12:52:29.4458640Z 
2026-09-10T12:52:38.4626070Z [2026-09-10 12:52:37 +0000] Status=4294967295, isTerminal=YES, Elapsed=01:33.
2026-09-10T12:52:38.4627220Z 	Finished
2026-09-10T12:52:38.6293460Z 
2026-09-10T12:54:09.1851450Z Command line invocation:
2026-09-10T12:54:09.1985380Z     /Applications/Xcode_26.4.1.app/Contents/Developer/usr/bin/xcodebuild test -project /Users/runner/work/PartyDeck/PartyDeck/godot/ios-host/RetainedHost.xcodeproj -scheme RetainedHost -configuration Debug -destination "platform=iOS Simulator,id=6762BD8F-E960-4E21-B8DB-9D43947B47AF" -derivedDataPath /Users/runner/work/PartyDeck/PartyDeck/godot/ios-host/build/retained-host-test/DerivedData -resultBundlePath /Users/runner/work/PartyDeck/PartyDeck/godot/ios-host/build/retained-host-test/artifacts/RetainedHost.xcresult -parallel-testing-enabled NO CODE_SIGNING_ALLOWED=NO LD_MAP_FILE_PATH=/Users/runner/work/PartyDeck/PartyDeck/godot/ios-host/build/retained-host-test/evidence/RetainedHost-LinkMap.txt
2026-09-10T12:54:09.2098940Z 
2026-09-10T12:54:09.2116000Z Build settings from command line:
2026-09-10T12:54:09.2119730Z     CODE_SIGNING_ALLOWED = NO
2026-09-10T12:54:09.2120830Z     LD_MAP_FILE_PATH = /Users/runner/work/PartyDeck/PartyDeck/godot/ios-host/build/retained-host-test/evidence/RetainedHost-LinkMap.txt
2026-09-10T12:54:09.2121690Z 
2026-09-10T12:54:26.9147880Z Writing result bundle at path:
2026-09-10T12:54:26.9300430Z 	/Users/runner/work/PartyDeck/PartyDeck/godot/ios-host/build/retained-host-test/artifacts/RetainedHost.xcresult
2026-09-10T12:54:26.9498260Z 
2026-09-10T12:54:51.3573190Z ComputePackagePrebuildTargetDependencyGraph
2026-09-10T12:54:54.3596990Z 
2026-09-10T12:54:54.3811560Z Prepare packages
2026-09-10T12:54:54.4014390Z 
2026-09-10T12:54:54.4741900Z CreateBuildRequest
2026-09-10T12:54:54.4959270Z 
2026-09-10T12:54:54.5190400Z SendProjectDescription
2026-09-10T12:54:54.6342740Z 
2026-09-10T12:54:54.6464270Z CreateBuildOperation
2026-09-10T12:54:54.9255840Z 
2026-09-10T12:54:55.0617510Z ComputeTargetDependencyGraph
2026-09-10T12:54:55.4126830Z note: Building targets in dependency order
2026-09-10T12:54:55.4254870Z note: Target dependency graph (2 targets)
2026-09-10T12:54:55.4356840Z     Target 'RetainedHostUITests' in project 'RetainedHost'
2026-09-10T12:54:55.5013580Z         ➜ Explicit dependency on target 'RetainedHost' in project 'RetainedHost'
2026-09-10T12:54:55.5020820Z     Target 'RetainedHost' in project 'RetainedHost' (no dependencies)
2026-09-10T12:54:55.5181230Z 
2026-09-10T12:54:55.5460150Z GatherProvisioningInputs
2026-09-10T12:54:55.5746190Z 
2026-09-10T12:54:55.5849340Z CreateBuildDescription
2026-09-10T12:54:56.0965520Z 
2026-09-10T12:54:56.1327100Z ExecuteExternalTool /Applications/Xcode_26.4.1.app/Contents/Developer/Toolchains/XcodeDefault.xctoolchain/usr/bin/swiftc --version
2026-09-10T12:55:02.1448550Z 
2026-09-10T12:55:02.1566650Z ExecuteExternalTool /Applications/Xcode_26.4.1.app/Contents/Developer/Toolchains/XcodeDefault.xctoolchain/usr/bin/clang -v -E -dM -isysroot /Applications/Xcode_26.4.1.app/Contents/Developer/Platforms/iPhoneSimulator.platform/Developer/SDKs/iPhoneSimulator26.4.sdk -x c -c /dev/null
2026-09-10T12:55:02.1671850Z 
2026-09-10T12:55:02.1674370Z ExecuteExternalTool /Applications/Xcode_26.4.1.app/Contents/Developer/Toolchains/XcodeDefault.xctoolchain/usr/bin/ld -version_details
2026-09-10T12:55:02.6419090Z 
2026-09-10T12:55:02.7365040Z Build description signature: 7a60bc0601f3e135bae67e1a4a9b2700
2026-09-10T12:55:02.7580170Z Build description path: /Users/runner/work/PartyDeck/PartyDeck/godot/ios-host/build/retained-host-test/DerivedData/Build/Intermediates.noindex/XCBuildData/7a60bc0601f3e135bae67e1a4a9b2700.xcbuilddata
2026-09-10T12:55:02.9087530Z ClangStatCache /Applications/Xcode_26.4.1.app/Contents/Developer/Toolchains/XcodeDefault.xctoolchain/usr/bin/clang-stat-cache /Applications/Xcode_26.4.1.app/Contents/Developer/Platforms/iPhoneSimulator.platform/Developer/SDKs/iPhoneSimulator26.4.sdk /Users/runner/work/PartyDeck/PartyDeck/godot/ios-host/build/retained-host-test/DerivedData/SDKStatCaches.noindex/iphonesimulator26.4-23E252-688ef53f1462e2c8f657fdc38a81448f893e4a944e4cdd9af1f5077e1341bc52.sdkstatcache
2026-09-10T12:55:02.9112720Z     cd /Users/runner/work/PartyDeck/PartyDeck/godot/ios-host/RetainedHost.xcodeproj
2026-09-10T12:55:02.9221350Z     /Applications/Xcode_26.4.1.app/Contents/Developer/Toolchains/XcodeDefault.xctoolchain/usr/bin/clang-stat-cache /Applications/Xcode_26.4.1.app/Contents/Developer/Platforms/iPhoneSimulator.platform/Developer/SDKs/iPhoneSimulator26.4.sdk -o /Users/runner/work/PartyDeck/PartyDeck/godot/ios-host/build/retained-host-test/DerivedData/SDKStatCaches.noindex/iphonesimulator26.4-23E252-688ef53f1462e2c8f657fdc38a81448f893e4a944e4cdd9af1f5077e1341bc52.sdkstatcache
2026-09-10T12:55:03.1105820Z 
2026-09-10T12:55:03.1214700Z ProcessInfoPlistFile /Users/runner/work/PartyDeck/PartyDeck/godot/ios-host/build/retained-host-test/DerivedData/Build/Products/Debug-iphonesimulator/RetainedHost.app/Info.plist /Users/runner/work/PartyDeck/PartyDeck/godot/ios-host/RetainedHost/Info.plist (in target 'RetainedHost' from project 'RetainedHost')
2026-09-10T12:55:03.1316880Z     cd /Users/runner/work/PartyDeck/PartyDeck/godot/ios-host
2026-09-10T12:55:03.1541370Z     builtin-infoPlistUtility /Users/runner/work/PartyDeck/PartyDeck/godot/ios-host/RetainedHost/Info.plist -producttype com.apple.product-type.application -genpkginfo /Users/runner/work/PartyDeck/PartyDeck/godot/ios-host/build/retained-host-test/DerivedData/Build/Products/Debug-iphonesimulator/RetainedHost.app/PkgInfo -expandbuildsettings -format binary -platform iphonesimulator -o /Users/runner/work/PartyDeck/PartyDeck/godot/ios-host/build/retained-host-test/DerivedData/Build/Products/Debug-iphonesimulator/RetainedHost.app/Info.plist
2026-09-10T12:55:03.1634160Z 
2026-09-10T12:55:03.1736860Z WriteAuxiliaryFile /Users/runner/work/PartyDeck/PartyDeck/godot/ios-host/build/retained-host-test/DerivedData/Build/Intermediates.noindex/RetainedHost.build/Debug-iphonesimulator/RetainedHostUITests.build/empty-RetainedHostUITests.plist (in target 'RetainedHostUITests' from project 'RetainedHost')
2026-09-10T12:55:03.1858760Z     cd /Users/runner/work/PartyDeck/PartyDeck/godot/ios-host
2026-09-10T12:55:03.2031290Z     write-file /Users/runner/work/PartyDeck/PartyDeck/godot/ios-host/build/retained-host-test/DerivedData/Build/Intermediates.noindex/RetainedHost.build/Debug-iphonesimulator/RetainedHostUITests.build/empty-RetainedHostUITests.plist
2026-09-10T12:55:03.2138090Z 
2026-09-10T12:55:03.2141400Z WriteAuxiliaryFile /Users/runner/work/PartyDeck/PartyDeck/godot/ios-host/build/retained-host-test/DerivedData/Build/Intermediates.noindex/RetainedHost.build/Debug-iphonesimulator/RetainedHostUITests.build/RetainedHostUITests.hmap (in target 'RetainedHostUITests' from project 'RetainedHost')
2026-09-10T12:55:03.2146140Z     cd /Users/runner/work/PartyDeck/PartyDeck/godot/ios-host
2026-09-10T12:55:03.2249930Z     write-file /Users/runner/work/PartyDeck/PartyDeck/godot/ios-host/build/retained-host-test/DerivedData/Build/Intermediates.noindex/RetainedHost.build/Debug-iphonesimulator/RetainedHostUITests.build/RetainedHostUITests.hmap
2026-09-10T12:55:03.2362620Z 
2026-09-10T12:55:03.2489530Z WriteAuxiliaryFile /Users/runner/work/PartyDeck/PartyDeck/godot/ios-host/build/retained-host-test/DerivedData/Build/Intermediates.noindex/RetainedHost.build/Debug-iphonesimulator/RetainedHostUITests.build/RetainedHostUITests.DependencyStaticMetadataFileList (in target 'RetainedHostUITests' from project 'RetainedHost')
2026-09-10T12:55:03.2510440Z     cd /Users/runner/work/PartyDeck/PartyDeck/godot/ios-host
2026-09-10T12:55:03.2512540Z     write-file /Users/runner/work/PartyDeck/PartyDeck/godot/ios-host/build/retained-host-test/DerivedData/Build/Intermediates.noindex/RetainedHost.build/Debug-iphonesimulator/RetainedHostUITests.build/RetainedHostUITests.DependencyStaticMetadataFileList
2026-09-10T12:55:03.2539030Z 
2026-09-10T12:55:03.2701980Z WriteAuxiliaryFile /Users/runner/work/PartyDeck/PartyDeck/godot/ios-host/build/retained-host-test/DerivedData/Build/Intermediates.noindex/RetainedHost.build/Debug-iphonesimulator/RetainedHostUITests.build/RetainedHostUITests.DependencyMetadataFileList (in target 'RetainedHostUITests' from project 'RetainedHost')
2026-09-10T12:55:03.2706340Z     cd /Users/runner/work/PartyDeck/PartyDeck/godot/ios-host
2026-09-10T12:55:03.2707770Z     write-file /Users/runner/work/PartyDeck/PartyDeck/godot/ios-host/build/retained-host-test/DerivedData/Build/Intermediates.noindex/RetainedHost.build/Debug-iphonesimulator/RetainedHostUITests.build/RetainedHostUITests.DependencyMetadataFileList
2026-09-10T12:55:03.2709110Z 
2026-09-10T12:55:03.2720180Z WriteAuxiliaryFile /Users/runner/work/PartyDeck/PartyDeck/godot/ios-host/build/retained-host-test/DerivedData/Build/Intermediates.noindex/RetainedHost.build/Debug-iphonesimulator/RetainedHostUITests.build/RetainedHostUITests-project-headers.hmap (in target 'RetainedHostUITests' from project 'RetainedHost')
2026-09-10T12:55:03.2727830Z     cd /Users/runner/work/PartyDeck/PartyDeck/godot/ios-host
2026-09-10T12:55:03.2730180Z     write-file /Users/runner/work/PartyDeck/PartyDeck/godot/ios-host/build/retained-host-test/DerivedData/Build/Intermediates.noindex/RetainedHost.build/Debug-iphonesimulator/RetainedHostUITests.build/RetainedHostUITests-project-headers.hmap
2026-09-10T12:55:03.2733390Z 
2026-09-10T12:55:03.2737340Z WriteAuxiliaryFile /Users/runner/work/PartyDeck/PartyDeck/godot/ios-host/build/retained-host-test/DerivedData/Build/Intermediates.noindex/RetainedHost.build/Debug-iphonesimulator/RetainedHostUITests.build/RetainedHostUITests-own-target-headers.hmap (in target 'RetainedHostUITests' from project 'RetainedHost')
2026-09-10T12:55:03.2739530Z     cd /Users/runner/work/PartyDeck/PartyDeck/godot/ios-host
2026-09-10T12:55:03.2741000Z     write-file /Users/runner/work/PartyDeck/PartyDeck/godot/ios-host/build/retained-host-test/DerivedData/Build/Intermediates.noindex/RetainedHost.build/Debug-iphonesimulator/RetainedHostUITests.build/RetainedHostUITests-own-target-headers.hmap
2026-09-10T12:55:03.2746400Z 
2026-09-10T12:55:03.2747530Z WriteAuxiliaryFile /Users/runner/work/PartyDeck/PartyDeck/godot/ios-host/build/retained-host-test/DerivedData/Build/Intermediates.noindex/RetainedHost.build/Debug-iphonesimulator/RetainedHostUITests.build/RetainedHostUITests-generated-files.hmap (in target 'RetainedHostUITests' from project 'RetainedHost')
2026-09-10T12:55:03.2749030Z     cd /Users/runner/work/PartyDeck/PartyDeck/godot/ios-host
2026-09-10T12:55:03.2750390Z     write-file /Users/runner/work/PartyDeck/PartyDeck/godot/ios-host/build/retained-host-test/DerivedData/Build/Intermediates.noindex/RetainedHost.build/Debug-iphonesimulator/RetainedHostUITests.build/RetainedHostUITests-generated-files.hmap
2026-09-10T12:55:03.2751280Z 
2026-09-10T12:55:03.2752460Z WriteAuxiliaryFile /Users/runner/work/PartyDeck/PartyDeck/godot/ios-host/build/retained-host-test/DerivedData/Build/Intermediates.noindex/RetainedHost.build/Debug-iphonesimulator/RetainedHostUITests.build/RetainedHostUITests-all-target-headers.hmap (in target 'RetainedHostUITests' from project 'RetainedHost')
2026-09-10T12:55:03.2754020Z     cd /Users/runner/work/PartyDeck/PartyDeck/godot/ios-host
2026-09-10T12:55:03.2824040Z     write-file /Users/runner/work/PartyDeck/PartyDeck/godot/ios-host/build/retained-host-test/DerivedData/Build/Intermediates.noindex/RetainedHost.build/Debug-iphonesimulator/RetainedHostUITests.build/RetainedHostUITests-all-target-headers.hmap
2026-09-10T12:55:03.2964180Z 
2026-09-10T12:55:03.3123580Z WriteAuxiliaryFile /Users/runner/work/PartyDeck/PartyDeck/godot/ios-host/build/retained-host-test/DerivedData/Build/Intermediates.noindex/RetainedHost.build/Debug-iphonesimulator/RetainedHostUITests.build/RetainedHostUITests-all-non-framework-target-headers.hmap (in target 'RetainedHostUITests' from project 'RetainedHost')
2026-09-10T12:55:03.3226730Z     cd /Users/runner/work/PartyDeck/PartyDeck/godot/ios-host
2026-09-10T12:55:03.3358470Z     write-file /Users/runner/work/PartyDeck/PartyDeck/godot/ios-host/build/retained-host-test/DerivedData/Build/Intermediates.noindex/RetainedHost.build/Debug-iphonesimulator/RetainedHostUITests.build/RetainedHostUITests-all-non-framework-target-headers.hmap
2026-09-10T12:55:03.3435370Z 
2026-09-10T12:55:03.3540280Z WriteAuxiliaryFile /Users/runner/work/PartyDeck/PartyDeck/godot/ios-host/build/retained-host-test/DerivedData/Build/Intermediates.noindex/RetainedHost.build/Debug-iphonesimulator/RetainedHostUITests.build/ProductTypeInfoPlistAdditions.plist (in target 'RetainedHostUITests' from project 'RetainedHost')
2026-09-10T12:55:03.3585100Z     cd /Users/runner/work/PartyDeck/PartyDeck/godot/ios-host
2026-09-10T12:55:03.3588440Z     write-file /Users/runner/work/PartyDeck/PartyDeck/godot/ios-host/build/retained-host-test/DerivedData/Build/Intermediates.noindex/RetainedHost.build/Debug-iphonesimulator/RetainedHostUITests.build/ProductTypeInfoPlistAdditions.plist
2026-09-10T12:55:03.3705850Z 
2026-09-10T12:55:03.3844380Z WriteAuxiliaryFile /Users/runner/work/PartyDeck/PartyDeck/godot/ios-host/build/retained-host-test/DerivedData/Build/Intermediates.noindex/RetainedHost.build/Debug-iphonesimulator/RetainedHostUITests.build/Objects-normal/arm64/RetainedHostUITests_const_extract_protocols.json (in target 'RetainedHostUITests' from project 'RetainedHost')
2026-09-10T12:55:03.3951770Z     cd /Users/runner/work/PartyDeck/PartyDeck/godot/ios-host
2026-09-10T12:55:03.4054900Z     write-file /Users/runner/work/PartyDeck/PartyDeck/godot/ios-host/build/retained-host-test/DerivedData/Build/Intermediates.noindex/RetainedHost.build/Debug-iphonesimulator/RetainedHostUITests.build/Objects-normal/arm64/RetainedHostUITests_const_extract_protocols.json
2026-09-10T12:55:03.4161670Z 
2026-09-10T12:55:03.4333890Z WriteAuxiliaryFile /Users/runner/work/PartyDeck/PartyDeck/godot/ios-host/build/retained-host-test/DerivedData/Build/Intermediates.noindex/RetainedHost.build/Debug-iphonesimulator/RetainedHostUITests.build/Objects-normal/arm64/RetainedHostUITests.SwiftFileList (in target 'RetainedHostUITests' from project 'RetainedHost')
2026-09-10T12:55:03.4448980Z     cd /Users/runner/work/PartyDeck/PartyDeck/godot/ios-host
2026-09-10T12:55:03.4555610Z     write-file /Users/runner/work/PartyDeck/PartyDeck/godot/ios-host/build/retained-host-test/DerivedData/Build/Intermediates.noindex/RetainedHost.build/Debug-iphonesimulator/RetainedHostUITests.build/Objects-normal/arm64/RetainedHostUITests.SwiftFileList
2026-09-10T12:55:03.4613940Z 
2026-09-10T12:55:03.4616840Z WriteAuxiliaryFile /Users/runner/work/PartyDeck/PartyDeck/godot/ios-host/build/retained-host-test/DerivedData/Build/Intermediates.noindex/RetainedHost.build/Debug-iphonesimulator/RetainedHostUITests.build/Objects-normal/arm64/RetainedHostUITests.SwiftConstValuesFileList (in target 'RetainedHostUITests' from project 'RetainedHost')
2026-09-10T12:55:03.4621100Z     cd /Users/runner/work/PartyDeck/PartyDeck/godot/ios-host
2026-09-10T12:55:03.4805860Z     write-file /Users/runner/work/PartyDeck/PartyDeck/godot/ios-host/build/retained-host-test/DerivedData/Build/Intermediates.noindex/RetainedHost.build/Debug-iphonesimulator/RetainedHostUITests.build/Objects-normal/arm64/RetainedHostUITests.SwiftConstValuesFileList
2026-09-10T12:55:03.4906630Z 
2026-09-10T12:55:03.5012560Z WriteAuxiliaryFile /Users/runner/work/PartyDeck/PartyDeck/godot/ios-host/build/retained-host-test/DerivedData/Build/Intermediates.noindex/RetainedHost.build/Debug-iphonesimulator/RetainedHostUITests.build/Objects-normal/arm64/RetainedHostUITests.LinkFileList (in target 'RetainedHostUITests' from project 'RetainedHost')
2026-09-10T12:55:03.5111610Z     cd /Users/runner/work/PartyDeck/PartyDeck/godot/ios-host
2026-09-10T12:55:03.5303240Z     write-file /Users/runner/work/PartyDeck/PartyDeck/godot/ios-host/build/retained-host-test/DerivedData/Build/Intermediates.noindex/RetainedHost.build/Debug-iphonesimulator/RetainedHostUITests.build/Objects-normal/arm64/RetainedHostUITests.LinkFileList
2026-09-10T12:55:03.5388290Z 
2026-09-10T12:55:03.5529930Z WriteAuxiliaryFile /Users/runner/work/PartyDeck/PartyDeck/godot/ios-host/build/retained-host-test/DerivedData/Build/Intermediates.noindex/RetainedHost.build/Debug-iphonesimulator/RetainedHostUITests.build/Objects-normal/arm64/RetainedHostUITests-OutputFileMap.json (in target 'RetainedHostUITests' from project 'RetainedHost')
2026-09-10T12:55:03.5677970Z     cd /Users/runner/work/PartyDeck/PartyDeck/godot/ios-host
2026-09-10T12:55:03.5846950Z     write-file /Users/runner/work/PartyDeck/PartyDeck/godot/ios-host/build/retained-host-test/DerivedData/Build/Intermediates.noindex/RetainedHost.build/Debug-iphonesimulator/RetainedHostUITests.build/Objects-normal/arm64/RetainedHostUITests-OutputFileMap.json
2026-09-10T12:55:03.5863870Z 
2026-09-10T12:55:03.5972210Z MkDir /Users/runner/work/PartyDeck/PartyDeck/godot/ios-host/build/retained-host-test/DerivedData/Build/Products/Debug-iphonesimulator/RetainedHostUITests-Runner.app/PlugIns/RetainedHostUITests.xctest (in target 'RetainedHostUITests' from project 'RetainedHost')
2026-09-10T12:55:03.6072720Z     cd /Users/runner/work/PartyDeck/PartyDeck/godot/ios-host
2026-09-10T12:55:03.6183900Z     /bin/mkdir -p /Users/runner/work/PartyDeck/PartyDeck/godot/ios-host/build/retained-host-test/DerivedData/Build/Products/Debug-iphonesimulator/RetainedHostUITests-Runner.app/PlugIns/RetainedHostUITests.xctest
2026-09-10T12:55:03.6280250Z 
2026-09-10T12:55:03.6562620Z CopySwiftLibs /Users/runner/work/PartyDeck/PartyDeck/godot/ios-host/build/retained-host-test/DerivedData/Build/Products/Debug-iphonesimulator/RetainedHost.app (in target 'RetainedHost' from project 'RetainedHost')
2026-09-10T12:55:03.6716160Z     cd /Users/runner/work/PartyDeck/PartyDeck/godot/ios-host
2026-09-10T12:55:03.6843940Z     builtin-swiftStdLibTool --copy --verbose --scan-executable /Users/runner/work/PartyDeck/PartyDeck/godot/ios-host/build/retained-host-test/DerivedData/Build/Products/Debug-iphonesimulator/RetainedHost.app/RetainedHost --scan-folder /Users/runner/work/PartyDeck/PartyDeck/godot/ios-host/build/retained-host-test/DerivedData/Build/Products/Debug-iphonesimulator/RetainedHost.app/Frameworks --scan-folder /Users/runner/work/PartyDeck/PartyDeck/godot/ios-host/build/retained-host-test/DerivedData/Build/Products/Debug-iphonesimulator/RetainedHost.app/PlugIns --scan-folder /Users/runner/work/PartyDeck/PartyDeck/godot/ios-host/build/retained-host-test/DerivedData/Build/Products/Debug-iphonesimulator/RetainedHost.app/SystemExtensions --scan-folder /Users/runner/work/PartyDeck/PartyDeck/godot/ios-host/build/retained-host-test/DerivedData/Build/Products/Debug-iphonesimulator/RetainedHost.app/Extensions --scan-folder /Users/runner/work/PartyDeck/PartyDeck/godot/ios-host/build/artifacts/PartyDeckGodotBridge.framework --platform iphonesimulator --toolchain /var/run/com.apple.security.cryptexd/mnt/com.apple.MobileAsset.MetalToolchain-v17.5.188.0.8bTNJF/Metal.xctoolchain --toolchain /Applications/Xcode_26.4.1.app/Contents/Developer/Toolchains/XcodeDefault.xctoolchain --destination /Users/runner/work/PartyDeck/PartyDeck/godot/ios-host/build/retained-host-test/DerivedData/Build/Products/Debug-iphonesimulator/RetainedHost.app/Frameworks --strip-bitcode --strip-bitcode-tool /Applications/Xcode_26.4.1.app/Contents/Developer/Toolchains/XcodeDefault.xctoolchain/usr/bin/bitcode_strip --emit-dependency-info /Users/runner/work/PartyDeck/PartyDeck/godot/ios-host/build/retained-host-test/DerivedData/Build/Intermediates.noindex/RetainedHost.build/Debug-iphonesimulator/RetainedHost.build/SwiftStdLibToolInputDependencies.dep --filter-for-swift-os
2026-09-10T12:55:05.3404550Z Ignoring --strip-bitcode because --sign was not passed
2026-09-10T12:55:05.3752890Z 
2026-09-10T12:55:05.3907150Z SwiftDriver RetainedHostUITests normal arm64 com.apple.xcode.tools.swift.compiler (in target 'RetainedHostUITests' from project 'RetainedHost')
2026-09-10T12:55:05.4085840Z     cd /Users/runner/work/PartyDeck/PartyDeck/godot/ios-host
2026-09-10T12:55:05.4367170Z     builtin-SwiftDriver -- /Applications/Xcode_26.4.1.app/Contents/Developer/Toolchains/XcodeDefault.xctoolchain/usr/bin/swiftc -module-name RetainedHostUITests -Onone @/Users/runner/work/PartyDeck/PartyDeck/godot/ios-host/build/retained-host-test/DerivedData/Build/Intermediates.noindex/RetainedHost.build/Debug-iphonesimulator/RetainedHostUITests.build/Objects-normal/arm64/RetainedHostUITests.SwiftFileList -module-alias Testing\=_Testing_Unavailable -plugin-path /Applications/Xcode_26.4.1.app/Contents/Developer/Toolchains/XcodeDefault.xctoolchain/usr/lib/swift/host/plugins/testing -enable-experimental-feature DebugDescriptionMacro -sdk /Applications/Xcode_26.4.1.app/Contents/Developer/Platforms/iPhoneSimulator.platform/Developer/SDKs/iPhoneSimulator26.4.sdk -target arm64-apple-ios15.0-simulator -g -module-cache-path /Users/runner/work/PartyDeck/PartyDeck/godot/ios-host/build/retained-host-test/DerivedData/ModuleCache.noindex -Xfrontend -serialize-debugging-options -enable-testing -index-store-path /Users/runner/work/PartyDeck/PartyDeck/godot/ios-host/build/retained-host-test/DerivedData/Index.noindex/DataStore -swift-version 6 -I /Users/runner/work/PartyDeck/PartyDeck/godot/ios-host/build/retained-host-test/DerivedData/Build/Products/Debug-iphonesimulator -Isystem /Applications/Xcode_26.4.1.app/Contents/Developer/Platforms/iPhoneSimulator.platform/Developer/usr/lib -F /Users/runner/work/PartyDeck/PartyDeck/godot/ios-host/build/retained-host-test/DerivedData/Build/Products/Debug-iphonesimulator -F /Applications/Xcode_26.4.1.app/Contents/Developer/Platforms/iPhoneSimulator.platform/Developer/Library/Frameworks -F /Applications/Xcode_26.4.1.app/Contents/Developer/Platforms/iPhoneSimulator.platform/Developer/SDKs/iPhoneSimulator26.4.sdk/Developer/Library/Frameworks -parse-as-library -c -j3 -enable-batch-mode -incremental -Xcc -ivfsstatcache -Xcc /Users/runner/work/PartyDeck/PartyDeck/godot/ios-host/build/retained-host-test/DerivedData/SDKStatCaches.noindex/iphonesimulator26.4-23E252-688ef53f1462e2c8f657fdc38a81448f893e4a944e4cdd9af1f5077e1341bc52.sdkstatcache -output-file-map /Users/runner/work/PartyDeck/PartyDeck/godot/ios-host/build/retained-host-test/DerivedData/Build/Intermediates.noindex/RetainedHost.build/Debug-iphonesimulator/RetainedHostUITests.build/Objects-normal/arm64/RetainedHostUITests-OutputFileMap.json -use-frontend-parseable-output -save-temps -no-color-diagnostics -explicit-module-build -module-cache-path /Users/runner/work/PartyDeck/PartyDeck/godot/ios-host/build/retained-host-test/DerivedData/Build/Intermediates.noindex/SwiftExplicitPrecompiledModules -clang-scanner-module-cache-path /Users/runner/work/PartyDeck/PartyDeck/godot/ios-host/build/retained-host-test/DerivedData/ModuleCache.noindex -sdk-module-cache-path /Users/runner/work/PartyDeck/PartyDeck/godot/ios-host/build/retained-host-test/DerivedData/ModuleCache.noindex -serialize-diagnostics -emit-dependencies -emit-module -emit-module-path /Users/runner/work/PartyDeck/PartyDeck/godot/ios-host/build/retained-host-test/DerivedData/Build/Intermediates.noindex/RetainedHost.build/Debug-iphonesimulator/RetainedHostUITests.build/Objects-normal/arm64/RetainedHostUITests.swiftmodule -validate-clang-modules-once -clang-build-session-file /Users/runner/work/PartyDeck/PartyDeck/godot/ios-host/build/retained-host-test/DerivedData/ModuleCache.noindex/Session.modulevalidation -Xcc -I/Users/runner/work/PartyDeck/PartyDeck/godot/ios-host/build/retained-host-test/DerivedData/Build/Intermediates.noindex/RetainedHost.build/Debug-iphonesimulator/RetainedHostUITests.build/swift-overrides.hmap -emit-const-values -Xfrontend -const-gather-protocols-file -Xfrontend /Users/runner/work/PartyDeck/PartyDeck/godot/ios-host/build/retained-host-test/DerivedData/Build/Intermediates.noindex/RetainedHost.build/Debug-iphonesimulator/RetainedHostUITests.build/Objects-normal/arm64/RetainedHostUITests_const_extract_protocols.json -Xcc -iquote -Xcc /Users/runner/work/PartyDeck/PartyDeck/godot/ios-host/build/retained-host-test/DerivedData/Build/Intermediates.noindex/RetainedHost.build/Debug-iphonesimulator/RetainedHostUITests.build/RetainedHostUITests-generated-files.hmap -Xcc -I/Users/runner/work/PartyDeck/PartyDeck/godot/ios-host/build/retained-host-test/DerivedData/Build/Intermediates.noindex/RetainedHost.build/Debug-iphonesimulator/RetainedHostUITests.build/RetainedHostUITests-own-target-headers.hmap -Xcc -I/Users/runner/work/PartyDeck/PartyDeck/godot/ios-host/build/retained-host-test/DerivedData/Build/Intermediates.noindex/RetainedHost.build/Debug-iphonesimulator/RetainedHostUITests.build/RetainedHostUITests-all-target-headers.hmap -Xcc -iquote -Xcc /Users/runner/work/PartyDeck/PartyDeck/godot/ios-host/build/retained-host-test/DerivedData/Build/Intermediates.noindex/RetainedHost.build/Debug-iphonesimulator/RetainedHostUITests.build/RetainedHostUITests-project-headers.hmap -Xcc -I/Users/runner/work/PartyDeck/PartyDeck/godot/ios-host/build/retained-host-test/DerivedData/Build/Products/Debug-iphonesimulator/include -Xcc -I/Users/runner/work/PartyDeck/PartyDeck/godot/ios-host/build/retained-host-test/DerivedData/Build/Intermediates.noindex/RetainedHost.build/Debug-iphonesimulator/RetainedHostUITests.build/DerivedSources-normal/arm64 -Xcc -I/Users/runner/work/PartyDeck/PartyDeck/godot/ios-host/build/retained-host-test/DerivedData/Build/Intermediates.noindex/RetainedHost.build/Debug-iphonesimulator/RetainedHostUITests.build/DerivedSources/arm64 -Xcc -I/Users/runner/work/PartyDeck/PartyDeck/godot/ios-host/build/retained-host-test/DerivedData/Build/Intermediates.noindex/RetainedHost.build/Debug-iphonesimulator/RetainedHostUITests.build/DerivedSources -emit-objc-header -emit-objc-header-path /Users/runner/work/PartyDeck/PartyDeck/godot/ios-host/build/retained-host-test/DerivedData/Build/Intermediates.noindex/RetainedHost.build/Debug-iphonesimulator/RetainedHostUITests.build/Objects-normal/arm64/RetainedHostUITests-Swift.h -working-directory /Users/runner/work/PartyDeck/PartyDeck/godot/ios-host -experimental-emit-module-separately -disable-cmo
2026-09-10T12:55:19.7904600Z 
2026-09-10T12:55:19.8011790Z ProcessInfoPlistFile /Users/runner/work/PartyDeck/PartyDeck/godot/ios-host/build/retained-host-test/DerivedData/Build/Products/Debug-iphonesimulator/RetainedHostUITests-Runner.app/PlugIns/RetainedHostUITests.xctest/Info.plist /Users/runner/work/PartyDeck/PartyDeck/godot/ios-host/build/retained-host-test/DerivedData/Build/Intermediates.noindex/RetainedHost.build/Debug-iphonesimulator/RetainedHostUITests.build/empty-RetainedHostUITests.plist (in target 'RetainedHostUITests' from project 'RetainedHost')
2026-09-10T12:55:19.8292890Z     cd /Users/runner/work/PartyDeck/PartyDeck/godot/ios-host
2026-09-10T12:55:19.8399760Z     builtin-infoPlistUtility /Users/runner/work/PartyDeck/PartyDeck/godot/ios-host/build/retained-host-test/DerivedData/Build/Intermediates.noindex/RetainedHost.build/Debug-iphonesimulator/RetainedHostUITests.build/empty-RetainedHostUITests.plist -producttype com.apple.product-type.bundle.ui-testing -expandbuildsettings -format binary -platform iphonesimulator -additionalcontentfile /Users/runner/work/PartyDeck/PartyDeck/godot/ios-host/build/retained-host-test/DerivedData/Build/Intermediates.noindex/RetainedHost.build/Debug-iphonesimulator/RetainedHostUITests.build/ProductTypeInfoPlistAdditions.plist -o /Users/runner/work/PartyDeck/PartyDeck/godot/ios-host/build/retained-host-test/DerivedData/Build/Products/Debug-iphonesimulator/RetainedHostUITests-Runner.app/PlugIns/RetainedHostUITests.xctest/Info.plist
2026-09-10T12:55:19.8500500Z 
2026-09-10T12:55:19.8620700Z SwiftExplicitDependencyGeneratePcm arm64 /Users/runner/work/PartyDeck/PartyDeck/godot/ios-host/build/retained-host-test/DerivedData/Build/Intermediates.noindex/SwiftExplicitPrecompiledModules/XCUIAutomation-97NLKBTVB8SF6GGNWKXBK34WF.pcm
2026-09-10T12:55:22.2175830Z 
2026-09-10T12:55:22.2396380Z SwiftExplicitDependencyCompileModuleFromInterface arm64 /Users/runner/work/PartyDeck/PartyDeck/godot/ios-host/build/retained-host-test/DerivedData/Build/Intermediates.noindex/SwiftExplicitPrecompiledModules/XCUIAutomation-CAYKS4DYONI9.swiftmodule
2026-09-10T12:55:24.5040020Z 
2026-09-10T12:55:24.5177940Z SwiftExplicitDependencyGeneratePcm arm64 /Users/runner/work/PartyDeck/PartyDeck/godot/ios-host/build/retained-host-test/DerivedData/Build/Intermediates.noindex/SwiftExplicitPrecompiledModules/XCTest-VM4ARC36LCGJZ5Y7W50YEQO4.pcm
2026-09-10T12:55:24.5245990Z 
2026-09-10T12:55:24.5352390Z SwiftExplicitDependencyCompileModuleFromInterface arm64 /Users/runner/work/PartyDeck/PartyDeck/godot/ios-host/build/retained-host-test/DerivedData/Build/Intermediates.noindex/SwiftExplicitPrecompiledModules/XCTest-1KGJORLKIERWY.swiftmodule
2026-09-10T12:55:29.7333150Z 
2026-09-10T12:55:29.7445350Z SwiftCompile normal arm64 Compiling\ RetainedHostUITests.swift /Users/runner/work/PartyDeck/PartyDeck/godot/ios-host/RetainedHostUITests/RetainedHostUITests.swift (in target 'RetainedHostUITests' from project 'RetainedHost')
2026-09-10T12:55:29.8801960Z 
2026-09-10T12:55:30.0317790Z SwiftCompile normal arm64 /Users/runner/work/PartyDeck/PartyDeck/godot/ios-host/RetainedHostUITests/RetainedHostUITests.swift (in target 'RetainedHostUITests' from project 'RetainedHost')
2026-09-10T12:55:30.0426880Z     cd /Users/runner/work/PartyDeck/PartyDeck/godot/ios-host
2026-09-10T12:55:30.0828430Z     
2026-09-10T12:56:21.4841700Z 
2026-09-10T12:56:21.5078730Z SwiftEmitModule normal arm64 Emitting\ module\ for\ RetainedHostUITests (in target 'RetainedHostUITests' from project 'RetainedHost')
2026-09-10T12:56:21.5182280Z 
2026-09-10T12:56:21.5510720Z SwiftCompile normal arm64 /Users/runner/work/PartyDeck/PartyDeck/godot/ios-host/RetainedHostUITests/RetainedHostUITests.swift (in target 'RetainedHostUITests' from project 'RetainedHost')
2026-09-10T12:56:21.5976760Z     cd /Users/runner/work/PartyDeck/PartyDeck/godot/ios-host
2026-09-10T12:56:21.5977280Z     
2026-09-10T12:56:21.5977510Z 
2026-09-10T12:56:21.5978300Z SwiftDriverJobDiscovery normal arm64 Emitting module for RetainedHostUITests (in target 'RetainedHostUITests' from project 'RetainedHost')
2026-09-10T12:56:21.5979170Z 
2026-09-10T12:56:21.5979780Z SwiftDriver\ Compilation\ Requirements RetainedHostUITests normal arm64 com.apple.xcode.tools.swift.compiler (in target 'RetainedHostUITests' from project 'RetainedHost')
2026-09-10T12:56:21.5980860Z     cd /Users/runner/work/PartyDeck/PartyDeck/godot/ios-host
2026-09-10T12:56:21.6142970Z     builtin-Swift-Compilation-Requirements -- /Applications/Xcode_26.4.1.app/Contents/Developer/Toolchains/XcodeDefault.xctoolchain/usr/bin/swiftc -module-name RetainedHostUITests -Onone @/Users/runner/work/PartyDeck/PartyDeck/godot/ios-host/build/retained-host-test/DerivedData/Build/Intermediates.noindex/RetainedHost.build/Debug-iphonesimulator/RetainedHostUITests.build/Objects-normal/arm64/RetainedHostUITests.SwiftFileList -module-alias Testing\=_Testing_Unavailable -plugin-path /Applications/Xcode_26.4.1.app/Contents/Developer/Toolchains/XcodeDefault.xctoolchain/usr/lib/swift/host/plugins/testing -enable-experimental-feature DebugDescriptionMacro -sdk /Applications/Xcode_26.4.1.app/Contents/Developer/Platforms/iPhoneSimulator.platform/Developer/SDKs/iPhoneSimulator26.4.sdk -target arm64-apple-ios15.0-simulator -g -module-cache-path /Users/runner/work/PartyDeck/PartyDeck/godot/ios-host/build/retained-host-test/DerivedData/ModuleCache.noindex -Xfrontend -serialize-debugging-options -enable-testing -index-store-path /Users/runner/work/PartyDeck/PartyDeck/godot/ios-host/build/retained-host-test/DerivedData/Index.noindex/DataStore -swift-version 6 -I /Users/runner/work/PartyDeck/PartyDeck/godot/ios-host/build/retained-host-test/DerivedData/Build/Products/Debug-iphonesimulator -Isystem /Applications/Xcode_26.4.1.app/Contents/Developer/Platforms/iPhoneSimulator.platform/Developer/usr/lib -F /Users/runner/work/PartyDeck/PartyDeck/godot/ios-host/build/retained-host-test/DerivedData/Build/Products/Debug-iphonesimulator -F /Applications/Xcode_26.4.1.app/Contents/Developer/Platforms/iPhoneSimulator.platform/Developer/Library/Frameworks -F /Applications/Xcode_26.4.1.app/Contents/Developer/Platforms/iPhoneSimulator.platform/Developer/SDKs/iPhoneSimulator26.4.sdk/Developer/Library/Frameworks -parse-as-library -c -j3 -enable-batch-mode -incremental -Xcc -ivfsstatcache -Xcc /Users/runner/work/PartyDeck/PartyDeck/godot/ios-host/build/retained-host-test/DerivedData/SDKStatCaches.noindex/iphonesimulator26.4-23E252-688ef53f1462e2c8f657fdc38a81448f893e4a944e4cdd9af1f5077e1341bc52.sdkstatcache -output-file-map /Users/runner/work/PartyDeck/PartyDeck/godot/ios-host/build/retained-host-test/DerivedData/Build/Intermediates.noindex/RetainedHost.build/Debug-iphonesimulator/RetainedHostUITests.build/Objects-normal/arm64/RetainedHostUITests-OutputFileMap.json -use-frontend-parseable-output -save-temps -no-color-diagnostics -explicit-module-build -module-cache-path /Users/runner/work/PartyDeck/PartyDeck/godot/ios-host/build/retained-host-test/DerivedData/Build/Intermediates.noindex/SwiftExplicitPrecompiledModules -clang-scanner-module-cache-path /Users/runner/work/PartyDeck/PartyDeck/godot/ios-host/build/retained-host-test/DerivedData/ModuleCache.noindex -sdk-module-cache-path /Users/runner/work/PartyDeck/PartyDeck/godot/ios-host/build/retained-host-test/DerivedData/ModuleCache.noindex -serialize-diagnostics -emit-dependencies -emit-module -emit-module-path /Users/runner/work/PartyDeck/PartyDeck/godot/ios-host/build/retained-host-test/DerivedData/Build/Intermediates.noindex/RetainedHost.build/Debug-iphonesimulator/RetainedHostUITests.build/Objects-normal/arm64/RetainedHostUITests.swiftmodule -validate-clang-modules-once -clang-build-session-file /Users/runner/work/PartyDeck/PartyDeck/godot/ios-host/build/retained-host-test/DerivedData/ModuleCache.noindex/Session.modulevalidation -Xcc -I/Users/runner/work/PartyDeck/PartyDeck/godot/ios-host/build/retained-host-test/DerivedData/Build/Intermediates.noindex/RetainedHost.build/Debug-iphonesimulator/RetainedHostUITests.build/swift-overrides.hmap -emit-const-values -Xfrontend -const-gather-protocols-file -Xfrontend /Users/runner/work/PartyDeck/PartyDeck/godot/ios-host/build/retained-host-test/DerivedData/Build/Intermediates.noindex/RetainedHost.build/Debug-iphonesimulator/RetainedHostUITests.build/Objects-normal/arm64/RetainedHostUITests_const_extract_protocols.json -Xcc -iquote -Xcc /Users/runner/work/PartyDeck/PartyDeck/godot/ios-host/build/retained-host-test/DerivedData/Build/Intermediates.noindex/RetainedHost.build/Debug-iphonesimulator/RetainedHostUITests.build/RetainedHostUITests-generated-files.hmap -Xcc -I/Users/runner/work/PartyDeck/PartyDeck/godot/ios-host/build/retained-host-test/DerivedData/Build/Intermediates.noindex/RetainedHost.build/Debug-iphonesimulator/RetainedHostUITests.build/RetainedHostUITests-own-target-headers.hmap -Xcc -I/Users/runner/work/PartyDeck/PartyDeck/godot/ios-host/build/retained-host-test/DerivedData/Build/Intermediates.noindex/RetainedHost.build/Debug-iphonesimulator/RetainedHostUITests.build/RetainedHostUITests-all-target-headers.hmap -Xcc -iquote -Xcc /Users/runner/work/PartyDeck/PartyDeck/godot/ios-host/build/retained-host-test/DerivedData/Build/Intermediates.noindex/RetainedHost.build/Debug-iphonesimulator/RetainedHostUITests.build/RetainedHostUITests-project-headers.hmap -Xcc -I/Users/runner/work/PartyDeck/PartyDeck/godot/ios-host/build/retained-host-test/DerivedData/Build/Products/Debug-iphonesimulator/include -Xcc -I/Users/runner/work/PartyDeck/PartyDeck/godot/ios-host/build/retained-host-test/DerivedData/Build/Intermediates.noindex/RetainedHost.build/Debug-iphonesimulator/RetainedHostUITests.build/DerivedSources-normal/arm64 -Xcc -I/Users/runner/work/PartyDeck/PartyDeck/godot/ios-host/build/retained-host-test/DerivedData/Build/Intermediates.noindex/RetainedHost.build/Debug-iphonesimulator/RetainedHostUITests.build/DerivedSources/arm64 -Xcc -I/Users/runner/work/PartyDeck/PartyDeck/godot/ios-host/build/retained-host-test/DerivedData/Build/Intermediates.noindex/RetainedHost.build/Debug-iphonesimulator/RetainedHostUITests.build/DerivedSources -emit-objc-header -emit-objc-header-path /Users/runner/work/PartyDeck/PartyDeck/godot/ios-host/build/retained-host-test/DerivedData/Build/Intermediates.noindex/RetainedHost.build/Debug-iphonesimulator/RetainedHostUITests.build/Objects-normal/arm64/RetainedHostUITests-Swift.h -working-directory /Users/runner/work/PartyDeck/PartyDeck/godot/ios-host -experimental-emit-module-separately -disable-cmo
2026-09-10T12:56:21.6221730Z 
2026-09-10T12:56:21.6224180Z SwiftMergeGeneratedHeaders /Users/runner/work/PartyDeck/PartyDeck/godot/ios-host/build/retained-host-test/DerivedData/Build/Intermediates.noindex/RetainedHost.build/Debug-iphonesimulator/RetainedHostUITests.build/DerivedSources/RetainedHostUITests-Swift.h /Users/runner/work/PartyDeck/PartyDeck/godot/ios-host/build/retained-host-test/DerivedData/Build/Intermediates.noindex/RetainedHost.build/Debug-iphonesimulator/RetainedHostUITests.build/Objects-normal/arm64/RetainedHostUITests-Swift.h (in target 'RetainedHostUITests' from project 'RetainedHost')
2026-09-10T12:56:21.6314750Z     cd /Users/runner/work/PartyDeck/PartyDeck/godot/ios-host
2026-09-10T12:56:21.6317030Z     builtin-swiftHeaderTool -arch arm64 /Users/runner/work/PartyDeck/PartyDeck/godot/ios-host/build/retained-host-test/DerivedData/Build/Intermediates.noindex/RetainedHost.build/Debug-iphonesimulator/RetainedHostUITests.build/Objects-normal/arm64/RetainedHostUITests-Swift.h -o /Users/runner/work/PartyDeck/PartyDeck/godot/ios-host/build/retained-host-test/DerivedData/Build/Intermediates.noindex/RetainedHost.build/Debug-iphonesimulator/RetainedHostUITests.build/DerivedSources/RetainedHostUITests-Swift.h
2026-09-10T12:56:21.6318840Z 
2026-09-10T12:56:21.6320540Z Copy /Users/runner/work/PartyDeck/PartyDeck/godot/ios-host/build/retained-host-test/DerivedData/Build/Products/Debug-iphonesimulator/RetainedHostUITests.swiftmodule/arm64-apple-ios-simulator.swiftmodule /Users/runner/work/PartyDeck/PartyDeck/godot/ios-host/build/retained-host-test/DerivedData/Build/Intermediates.noindex/RetainedHost.build/Debug-iphonesimulator/RetainedHostUITests.build/Objects-normal/arm64/RetainedHostUITests.swiftmodule (in target 'RetainedHostUITests' from project 'RetainedHost')
2026-09-10T12:56:21.6323080Z     cd /Users/runner/work/PartyDeck/PartyDeck/godot/ios-host
2026-09-10T12:56:21.6326410Z     builtin-copy -exclude .DS_Store -exclude CVS -exclude .svn -exclude .git -exclude .hg -strip-unsigned-binaries -strip-deterministic -strip-tool /Applications/Xcode_26.4.1.app/Contents/Developer/Toolchains/XcodeDefault.xctoolchain/usr/bin/strip -resolve-src-symlinks -rename /Users/runner/work/PartyDeck/PartyDeck/godot/ios-host/build/retained-host-test/DerivedData/Build/Intermediates.noindex/RetainedHost.build/Debug-iphonesimulator/RetainedHostUITests.build/Objects-normal/arm64/RetainedHostUITests.swiftmodule /Users/runner/work/PartyDeck/PartyDeck/godot/ios-host/build/retained-host-test/DerivedData/Build/Products/Debug-iphonesimulator/RetainedHostUITests.swiftmodule/arm64-apple-ios-simulator.swiftmodule
2026-09-10T12:56:21.6328940Z 
2026-09-10T12:56:21.6330930Z Copy /Users/runner/work/PartyDeck/PartyDeck/godot/ios-host/build/retained-host-test/DerivedData/Build/Products/Debug-iphonesimulator/RetainedHostUITests.swiftmodule/arm64-apple-ios-simulator.swiftdoc /Users/runner/work/PartyDeck/PartyDeck/godot/ios-host/build/retained-host-test/DerivedData/Build/Intermediates.noindex/RetainedHost.build/Debug-iphonesimulator/RetainedHostUITests.build/Objects-normal/arm64/RetainedHostUITests.swiftdoc (in target 'RetainedHostUITests' from project 'RetainedHost')
2026-09-10T12:56:21.6334140Z     cd /Users/runner/work/PartyDeck/PartyDeck/godot/ios-host
2026-09-10T12:56:21.6337050Z     builtin-copy -exclude .DS_Store -exclude CVS -exclude .svn -exclude .git -exclude .hg -strip-unsigned-binaries -strip-deterministic -strip-tool /Applications/Xcode_26.4.1.app/Contents/Developer/Toolchains/XcodeDefault.xctoolchain/usr/bin/strip -resolve-src-symlinks -rename /Users/runner/work/PartyDeck/PartyDeck/godot/ios-host/build/retained-host-test/DerivedData/Build/Intermediates.noindex/RetainedHost.build/Debug-iphonesimulator/RetainedHostUITests.build/Objects-normal/arm64/RetainedHostUITests.swiftdoc /Users/runner/work/PartyDeck/PartyDeck/godot/ios-host/build/retained-host-test/DerivedData/Build/Products/Debug-iphonesimulator/RetainedHostUITests.swiftmodule/arm64-apple-ios-simulator.swiftdoc
2026-09-10T12:56:21.6339960Z 
2026-09-10T12:56:21.6341810Z Copy /Users/runner/work/PartyDeck/PartyDeck/godot/ios-host/build/retained-host-test/DerivedData/Build/Products/Debug-iphonesimulator/RetainedHostUITests.swiftmodule/arm64-apple-ios-simulator.abi.json /Users/runner/work/PartyDeck/PartyDeck/godot/ios-host/build/retained-host-test/DerivedData/Build/Intermediates.noindex/RetainedHost.build/Debug-iphonesimulator/RetainedHostUITests.build/Objects-normal/arm64/RetainedHostUITests.abi.json (in target 'RetainedHostUITests' from project 'RetainedHost')
2026-09-10T12:56:21.6343900Z     cd /Users/runner/work/PartyDeck/PartyDeck/godot/ios-host
2026-09-10T12:56:21.6347090Z     builtin-copy -exclude .DS_Store -exclude CVS -exclude .svn -exclude .git -exclude .hg -strip-unsigned-binaries -strip-deterministic -strip-tool /Applications/Xcode_26.4.1.app/Contents/Developer/Toolchains/XcodeDefault.xctoolchain/usr/bin/strip -resolve-src-symlinks -rename /Users/runner/work/PartyDeck/PartyDeck/godot/ios-host/build/retained-host-test/DerivedData/Build/Intermediates.noindex/RetainedHost.build/Debug-iphonesimulator/RetainedHostUITests.build/Objects-normal/arm64/RetainedHostUITests.abi.json /Users/runner/work/PartyDeck/PartyDeck/godot/ios-host/build/retained-host-test/DerivedData/Build/Products/Debug-iphonesimulator/RetainedHostUITests.swiftmodule/arm64-apple-ios-simulator.abi.json
2026-09-10T12:56:21.6350450Z 
2026-09-10T12:56:21.6352530Z Copy /Users/runner/work/PartyDeck/PartyDeck/godot/ios-host/build/retained-host-test/DerivedData/Build/Products/Debug-iphonesimulator/RetainedHostUITests.swiftmodule/Project/arm64-apple-ios-simulator.swiftsourceinfo /Users/runner/work/PartyDeck/PartyDeck/godot/ios-host/build/retained-host-test/DerivedData/Build/Intermediates.noindex/RetainedHost.build/Debug-iphonesimulator/RetainedHostUITests.build/Objects-normal/arm64/RetainedHostUITests.swiftsourceinfo (in target 'RetainedHostUITests' from project 'RetainedHost')
2026-09-10T12:56:21.6354960Z     cd /Users/runner/work/PartyDeck/PartyDeck/godot/ios-host
2026-09-10T12:56:21.6357710Z     builtin-copy -exclude .DS_Store -exclude CVS -exclude .svn -exclude .git -exclude .hg -strip-unsigned-binaries -strip-deterministic -strip-tool /Applications/Xcode_26.4.1.app/Contents/Developer/Toolchains/XcodeDefault.xctoolchain/usr/bin/strip -resolve-src-symlinks -rename /Users/runner/work/PartyDeck/PartyDeck/godot/ios-host/build/retained-host-test/DerivedData/Build/Intermediates.noindex/RetainedHost.build/Debug-iphonesimulator/RetainedHostUITests.build/Objects-normal/arm64/RetainedHostUITests.swiftsourceinfo /Users/runner/work/PartyDeck/PartyDeck/godot/ios-host/build/retained-host-test/DerivedData/Build/Products/Debug-iphonesimulator/RetainedHostUITests.swiftmodule/Project/arm64-apple-ios-simulator.swiftsourceinfo
2026-09-10T12:56:21.6360780Z 
2026-09-10T12:56:21.6361270Z SwiftDriverJobDiscovery normal arm64 Compiling RetainedHostUITests.swift (in target 'RetainedHostUITests' from project 'RetainedHost')
2026-09-10T12:56:21.6361880Z 
2026-09-10T12:56:21.6424880Z SwiftDriver\ Compilation RetainedHostUITests normal arm64 com.apple.xcode.tools.swift.compiler (in target 'RetainedHostUITests' from project 'RetainedHost')
2026-09-10T12:56:21.6529470Z     cd /Users/runner/work/PartyDeck/PartyDeck/godot/ios-host
2026-09-10T12:56:21.6677030Z     builtin-Swift-Compilation -- /Applications/Xcode_26.4.1.app/Contents/Developer/Toolchains/XcodeDefault.xctoolchain/usr/bin/swiftc -module-name RetainedHostUITests -Onone @/Users/runner/work/PartyDeck/PartyDeck/godot/ios-host/build/retained-host-test/DerivedData/Build/Intermediates.noindex/RetainedHost.build/Debug-iphonesimulator/RetainedHostUITests.build/Objects-normal/arm64/RetainedHostUITests.SwiftFileList -module-alias Testing\=_Testing_Unavailable -plugin-path /Applications/Xcode_26.4.1.app/Contents/Developer/Toolchains/XcodeDefault.xctoolchain/usr/lib/swift/host/plugins/testing -enable-experimental-feature DebugDescriptionMacro -sdk /Applications/Xcode_26.4.1.app/Contents/Developer/Platforms/iPhoneSimulator.platform/Developer/SDKs/iPhoneSimulator26.4.sdk -target arm64-apple-ios15.0-simulator -g -module-cache-path /Users/runner/work/PartyDeck/PartyDeck/godot/ios-host/build/retained-host-test/DerivedData/ModuleCache.noindex -Xfrontend -serialize-debugging-options -enable-testing -index-store-path /Users/runner/work/PartyDeck/PartyDeck/godot/ios-host/build/retained-host-test/DerivedData/Index.noindex/DataStore -swift-version 6 -I /Users/runner/work/PartyDeck/PartyDeck/godot/ios-host/build/retained-host-test/DerivedData/Build/Products/Debug-iphonesimulator -Isystem /Applications/Xcode_26.4.1.app/Contents/Developer/Platforms/iPhoneSimulator.platform/Developer/usr/lib -F /Users/runner/work/PartyDeck/PartyDeck/godot/ios-host/build/retained-host-test/DerivedData/Build/Products/Debug-iphonesimulator -F /Applications/Xcode_26.4.1.app/Contents/Developer/Platforms/iPhoneSimulator.platform/Developer/Library/Frameworks -F /Applications/Xcode_26.4.1.app/Contents/Developer/Platforms/iPhoneSimulator.platform/Developer/SDKs/iPhoneSimulator26.4.sdk/Developer/Library/Frameworks -parse-as-library -c -j3 -enable-batch-mode -incremental -Xcc -ivfsstatcache -Xcc /Users/runner/work/PartyDeck/PartyDeck/godot/ios-host/build/retained-host-test/DerivedData/SDKStatCaches.noindex/iphonesimulator26.4-23E252-688ef53f1462e2c8f657fdc38a81448f893e4a944e4cdd9af1f5077e1341bc52.sdkstatcache -output-file-map /Users/runner/work/PartyDeck/PartyDeck/godot/ios-host/build/retained-host-test/DerivedData/Build/Intermediates.noindex/RetainedHost.build/Debug-iphonesimulator/RetainedHostUITests.build/Objects-normal/arm64/RetainedHostUITests-OutputFileMap.json -use-frontend-parseable-output -save-temps -no-color-diagnostics -explicit-module-build -module-cache-path /Users/runner/work/PartyDeck/PartyDeck/godot/ios-host/build/retained-host-test/DerivedData/Build/Intermediates.noindex/SwiftExplicitPrecompiledModules -clang-scanner-module-cache-path /Users/runner/work/PartyDeck/PartyDeck/godot/ios-host/build/retained-host-test/DerivedData/ModuleCache.noindex -sdk-module-cache-path /Users/runner/work/PartyDeck/PartyDeck/godot/ios-host/build/retained-host-test/DerivedData/ModuleCache.noindex -serialize-diagnostics -emit-dependencies -emit-module -emit-module-path /Users/runner/work/PartyDeck/PartyDeck/godot/ios-host/build/retained-host-test/DerivedData/Build/Intermediates.noindex/RetainedHost.build/Debug-iphonesimulator/RetainedHostUITests.build/Objects-normal/arm64/RetainedHostUITests.swiftmodule -validate-clang-modules-once -clang-build-session-file /Users/runner/work/PartyDeck/PartyDeck/godot/ios-host/build/retained-host-test/DerivedData/ModuleCache.noindex/Session.modulevalidation -Xcc -I/Users/runner/work/PartyDeck/PartyDeck/godot/ios-host/build/retained-host-test/DerivedData/Build/Intermediates.noindex/RetainedHost.build/Debug-iphonesimulator/RetainedHostUITests.build/swift-overrides.hmap -emit-const-values -Xfrontend -const-gather-protocols-file -Xfrontend /Users/runner/work/PartyDeck/PartyDeck/godot/ios-host/build/retained-host-test/DerivedData/Build/Intermediates.noindex/RetainedHost.build/Debug-iphonesimulator/RetainedHostUITests.build/Objects-normal/arm64/RetainedHostUITests_const_extract_protocols.json -Xcc -iquote -Xcc /Users/runner/work/PartyDeck/PartyDeck/godot/ios-host/build/retained-host-test/DerivedData/Build/Intermediates.noindex/RetainedHost.build/Debug-iphonesimulator/RetainedHostUITests.build/RetainedHostUITests-generated-files.hmap -Xcc -I/Users/runner/work/PartyDeck/PartyDeck/godot/ios-host/build/retained-host-test/DerivedData/Build/Intermediates.noindex/RetainedHost.build/Debug-iphonesimulator/RetainedHostUITests.build/RetainedHostUITests-own-target-headers.hmap -Xcc -I/Users/runner/work/PartyDeck/PartyDeck/godot/ios-host/build/retained-host-test/DerivedData/Build/Intermediates.noindex/RetainedHost.build/Debug-iphonesimulator/RetainedHostUITests.build/RetainedHostUITests-all-target-headers.hmap -Xcc -iquote -Xcc /Users/runner/work/PartyDeck/PartyDeck/godot/ios-host/build/retained-host-test/DerivedData/Build/Intermediates.noindex/RetainedHost.build/Debug-iphonesimulator/RetainedHostUITests.build/RetainedHostUITests-project-headers.hmap -Xcc -I/Users/runner/work/PartyDeck/PartyDeck/godot/ios-host/build/retained-host-test/DerivedData/Build/Products/Debug-iphonesimulator/include -Xcc -I/Users/runner/work/PartyDeck/PartyDeck/godot/ios-host/build/retained-host-test/DerivedData/Build/Intermediates.noindex/RetainedHost.build/Debug-iphonesimulator/RetainedHostUITests.build/DerivedSources-normal/arm64 -Xcc -I/Users/runner/work/PartyDeck/PartyDeck/godot/ios-host/build/retained-host-test/DerivedData/Build/Intermediates.noindex/RetainedHost.build/Debug-iphonesimulator/RetainedHostUITests.build/DerivedSources/arm64 -Xcc -I/Users/runner/work/PartyDeck/PartyDeck/godot/ios-host/build/retained-host-test/DerivedData/Build/Intermediates.noindex/RetainedHost.build/Debug-iphonesimulator/RetainedHostUITests.build/DerivedSources -emit-objc-header -emit-objc-header-path /Users/runner/work/PartyDeck/PartyDeck/godot/ios-host/build/retained-host-test/DerivedData/Build/Intermediates.noindex/RetainedHost.build/Debug-iphonesimulator/RetainedHostUITests.build/Objects-normal/arm64/RetainedHostUITests-Swift.h -working-directory /Users/runner/work/PartyDeck/PartyDeck/godot/ios-host -experimental-emit-module-separately -disable-cmo
2026-09-10T12:56:21.6761770Z 
2026-09-10T12:56:21.6866130Z Ld /Users/runner/work/PartyDeck/PartyDeck/godot/ios-host/build/retained-host-test/DerivedData/Build/Products/Debug-iphonesimulator/RetainedHostUITests-Runner.app/PlugIns/RetainedHostUITests.xctest/RetainedHostUITests normal (in target 'RetainedHostUITests' from project 'RetainedHost')
2026-09-10T12:56:21.7028150Z     cd /Users/runner/work/PartyDeck/PartyDeck/godot/ios-host
2026-09-10T12:56:21.7146020Z     /Applications/Xcode_26.4.1.app/Contents/Developer/Toolchains/XcodeDefault.xctoolchain/usr/bin/clang -Xlinker -reproducible -target arm64-apple-ios15.0-simulator -bundle -isysroot /Applications/Xcode_26.4.1.app/Contents/Developer/Platforms/iPhoneSimulator.platform/Developer/SDKs/iPhoneSimulator26.4.sdk -Os -L/Users/runner/work/PartyDeck/PartyDeck/godot/ios-host/build/retained-host-test/DerivedData/Build/Intermediates.noindex/EagerLinkingTBDs/Debug-iphonesimulator -L/Users/runner/work/PartyDeck/PartyDeck/godot/ios-host/build/retained-host-test/DerivedData/Build/Products/Debug-iphonesimulator -L/Applications/Xcode_26.4.1.app/Contents/Developer/Platforms/iPhoneSimulator.platform/Developer/usr/lib -F/Users/runner/work/PartyDeck/PartyDeck/godot/ios-host/build/retained-host-test/DerivedData/Build/Intermediates.noindex/EagerLinkingTBDs/Debug-iphonesimulator -F/Users/runner/work/PartyDeck/PartyDeck/godot/ios-host/build/retained-host-test/DerivedData/Build/Products/Debug-iphonesimulator -iframework /Applications/Xcode_26.4.1.app/Contents/Developer/Platforms/iPhoneSimulator.platform/Developer/Library/Frameworks -iframework /Applications/Xcode_26.4.1.app/Contents/Developer/Platforms/iPhoneSimulator.platform/Developer/SDKs/iPhoneSimulator26.4.sdk/Developer/Library/Frameworks -filelist /Users/runner/work/PartyDeck/PartyDeck/godot/ios-host/build/retained-host-test/DerivedData/Build/Intermediates.noindex/RetainedHost.build/Debug-iphonesimulator/RetainedHostUITests.build/Objects-normal/arm64/RetainedHostUITests.LinkFileList -Xlinker -rpath -Xlinker /usr/lib/swift -Xlinker -rpath -Xlinker @loader_path/Frameworks -Xlinker -rpath -Xlinker @executable_path/Frameworks -Xlinker -dead_strip -Xlinker -object_path_lto -Xlinker /Users/runner/work/PartyDeck/PartyDeck/godot/ios-host/build/retained-host-test/DerivedData/Build/Intermediates.noindex/RetainedHost.build/Debug-iphonesimulator/RetainedHostUITests.build/Objects-normal/arm64/RetainedHostUITests_lto.o -rdynamic -Xlinker -objc_abi_version -Xlinker 2 -Xlinker -dependency_info -Xlinker /Users/runner/work/PartyDeck/PartyDeck/godot/ios-host/build/retained-host-test/DerivedData/Build/Intermediates.noindex/RetainedHost.build/Debug-iphonesimulator/RetainedHostUITests.build/Objects-normal/arm64/RetainedHostUITests_dependency_info.dat -fobjc-link-runtime -L/Applications/Xcode_26.4.1.app/Contents/Developer/Toolchains/XcodeDefault.xctoolchain/usr/lib/swift/iphonesimulator -L/usr/lib/swift -Xlinker -add_ast_path -Xlinker /Users/runner/work/PartyDeck/PartyDeck/godot/ios-host/build/retained-host-test/DerivedData/Build/Intermediates.noindex/RetainedHost.build/Debug-iphonesimulator/RetainedHostUITests.build/Objects-normal/arm64/RetainedHostUITests.swiftmodule @/Users/runner/work/PartyDeck/PartyDeck/godot/ios-host/build/retained-host-test/DerivedData/Build/Intermediates.noindex/RetainedHost.build/Debug-iphonesimulator/RetainedHostUITests.build/Objects-normal/arm64/RetainedHostUITests-linker-args.resp -Xlinker -needed_framework -Xlinker XCTest -framework XCTest -Xlinker -needed-lXCTestSwiftSupport -lXCTestSwiftSupport -o /Users/runner/work/PartyDeck/PartyDeck/godot/ios-host/build/retained-host-test/DerivedData/Build/Products/Debug-iphonesimulator/RetainedHostUITests-Runner.app/PlugIns/RetainedHostUITests.xctest/RetainedHostUITests
2026-09-10T12:56:23.7161520Z 
2026-09-10T12:56:23.7347130Z CopySwiftLibs /Users/runner/work/PartyDeck/PartyDeck/godot/ios-host/build/retained-host-test/DerivedData/Build/Products/Debug-iphonesimulator/RetainedHostUITests-Runner.app/PlugIns/RetainedHostUITests.xctest (in target 'RetainedHostUITests' from project 'RetainedHost')
2026-09-10T12:56:23.7354300Z     cd /Users/runner/work/PartyDeck/PartyDeck/godot/ios-host
2026-09-10T12:56:23.7509530Z     builtin-swiftStdLibTool --copy --verbose --scan-executable /Users/runner/work/PartyDeck/PartyDeck/godot/ios-host/build/retained-host-test/DerivedData/Build/Products/Debug-iphonesimulator/RetainedHostUITests-Runner.app/PlugIns/RetainedHostUITests.xctest/RetainedHostUITests --scan-folder /Users/runner/work/PartyDeck/PartyDeck/godot/ios-host/build/retained-host-test/DerivedData/Build/Products/Debug-iphonesimulator/RetainedHostUITests-Runner.app/PlugIns/RetainedHostUITests.xctest/Frameworks --scan-folder /Users/runner/work/PartyDeck/PartyDeck/godot/ios-host/build/retained-host-test/DerivedData/Build/Products/Debug-iphonesimulator/RetainedHostUITests-Runner.app/PlugIns/RetainedHostUITests.xctest/PlugIns --scan-folder /Users/runner/work/PartyDeck/PartyDeck/godot/ios-host/build/retained-host-test/DerivedData/Build/Products/Debug-iphonesimulator/RetainedHostUITests-Runner.app/PlugIns/RetainedHostUITests.xctest/SystemExtensions --scan-folder /Users/runner/work/PartyDeck/PartyDeck/godot/ios-host/build/retained-host-test/DerivedData/Build/Products/Debug-iphonesimulator/RetainedHostUITests-Runner.app/PlugIns/RetainedHostUITests.xctest/Extensions --platform iphonesimulator --toolchain /var/run/com.apple.security.cryptexd/mnt/com.apple.MobileAsset.MetalToolchain-v17.5.188.0.8bTNJF/Metal.xctoolchain --toolchain /Applications/Xcode_26.4.1.app/Contents/Developer/Toolchains/XcodeDefault.xctoolchain --destination /Users/runner/work/PartyDeck/PartyDeck/godot/ios-host/build/retained-host-test/DerivedData/Build/Products/Debug-iphonesimulator/RetainedHostUITests-Runner.app/PlugIns/RetainedHostUITests.xctest/Frameworks --strip-bitcode --scan-executable /Applications/Xcode_26.4.1.app/Contents/Developer/Platforms/iPhoneSimulator.platform/Developer/usr/lib/libXCTestSwiftSupport.dylib --strip-bitcode-tool /Applications/Xcode_26.4.1.app/Contents/Developer/Toolchains/XcodeDefault.xctoolchain/usr/bin/bitcode_strip --emit-dependency-info /Users/runner/work/PartyDeck/PartyDeck/godot/ios-host/build/retained-host-test/DerivedData/Build/Intermediates.noindex/RetainedHost.build/Debug-iphonesimulator/RetainedHostUITests.build/SwiftStdLibToolInputDependencies.dep --filter-for-swift-os
2026-09-10T12:56:23.9196040Z Ignoring --strip-bitcode because --sign was not passed
2026-09-10T12:56:23.9217100Z 
2026-09-10T12:56:23.9218010Z ExtractAppIntentsMetadata (in target 'RetainedHostUITests' from project 'RetainedHost')
2026-09-10T12:56:23.9219450Z     cd /Users/runner/work/PartyDeck/PartyDeck/godot/ios-host
2026-09-10T12:56:23.9244150Z     /Applications/Xcode_26.4.1.app/Contents/Developer/Toolchains/XcodeDefault.xctoolchain/usr/bin/appintentsmetadataprocessor --toolchain-dir /var/run/com.apple.security.cryptexd/mnt/com.apple.MobileAsset.MetalToolchain-v17.5.188.0.8bTNJF/Metal.xctoolchain --module-name RetainedHostUITests --sdk-root /Applications/Xcode_26.4.1.app/Contents/Developer/Platforms/iPhoneSimulator.platform/Developer/SDKs/iPhoneSimulator26.4.sdk --xcode-version 17E202 --platform-family iOS --deployment-target 15.0 --bundle-identifier dev.partydeck.godot.iosretained.UITests --output /Users/runner/work/PartyDeck/PartyDeck/godot/ios-host/build/retained-host-test/DerivedData/Build/Products/Debug-iphonesimulator/RetainedHostUITests-Runner.app/PlugIns/RetainedHostUITests.xctest --target-triple arm64-apple-ios15.0-simulator --binary-file /Users/runner/work/PartyDeck/PartyDeck/godot/ios-host/build/retained-host-test/DerivedData/Build/Products/Debug-iphonesimulator/RetainedHostUITests-Runner.app/PlugIns/RetainedHostUITests.xctest/RetainedHostUITests --dependency-file /Users/runner/work/PartyDeck/PartyDeck/godot/ios-host/build/retained-host-test/DerivedData/Build/Intermediates.noindex/RetainedHost.build/Debug-iphonesimulator/RetainedHostUITests.build/Objects-normal/arm64/RetainedHostUITests_dependency_info.dat --stringsdata-file /Users/runner/work/PartyDeck/PartyDeck/godot/ios-host/build/retained-host-test/DerivedData/Build/Intermediates.noindex/RetainedHost.build/Debug-iphonesimulator/RetainedHostUITests.build/Objects-normal/arm64/ExtractedAppShortcutsMetadata.stringsdata --source-file-list /Users/runner/work/PartyDeck/PartyDeck/godot/ios-host/build/retained-host-test/DerivedData/Build/Intermediates.noindex/RetainedHost.build/Debug-iphonesimulator/RetainedHostUITests.build/Objects-normal/arm64/RetainedHostUITests.SwiftFileList --metadata-file-list /Users/runner/work/PartyDeck/PartyDeck/godot/ios-host/build/retained-host-test/DerivedData/Build/Intermediates.noindex/RetainedHost.build/Debug-iphonesimulator/RetainedHostUITests.build/RetainedHostUITests.DependencyMetadataFileList --static-metadata-file-list /Users/runner/work/PartyDeck/PartyDeck/godot/ios-host/build/retained-host-test/DerivedData/Build/Intermediates.noindex/RetainedHost.build/Debug-iphonesimulator/RetainedHostUITests.build/RetainedHostUITests.DependencyStaticMetadataFileList --swift-const-vals-list /Users/runner/work/PartyDeck/PartyDeck/godot/ios-host/build/retained-host-test/DerivedData/Build/Intermediates.noindex/RetainedHost.build/Debug-iphonesimulator/RetainedHostUITests.build/Objects-normal/arm64/RetainedHostUITests.SwiftConstValuesFileList --compile-time-extraction --deployment-aware-processing --validate-assistant-intents --no-app-shortcuts-localization
2026-09-10T12:56:24.5490270Z 2026-09-10 12:56:24.520 appintentsmetadataprocessor[8003:28999] Starting appintentsmetadataprocessor export
2026-09-10T12:56:24.5690790Z 2026-09-10 12:56:24.541 appintentsmetadataprocessor[8003:28999] warning: Metadata extraction skipped. No AppIntents.framework dependency found.
2026-09-10T12:56:24.5796730Z 
2026-09-10T12:56:24.5906530Z AppIntentsSSUTraining (in target 'RetainedHostUITests' from project 'RetainedHost')
2026-09-10T12:56:24.5919810Z     cd /Users/runner/work/PartyDeck/PartyDeck/godot/ios-host
2026-09-10T12:56:24.6131020Z     /Applications/Xcode_26.4.1.app/Contents/Developer/Toolchains/XcodeDefault.xctoolchain/usr/bin/appintentsnltrainingprocessor --infoplist-path /Users/runner/work/PartyDeck/PartyDeck/godot/ios-host/build/retained-host-test/DerivedData/Build/Products/Debug-iphonesimulator/RetainedHostUITests-Runner.app/PlugIns/RetainedHostUITests.xctest/Info.plist --temp-dir-path /Users/runner/work/PartyDeck/PartyDeck/godot/ios-host/build/retained-host-test/DerivedData/Build/Intermediates.noindex/RetainedHost.build/Debug-iphonesimulator/RetainedHostUITests.build/ssu --bundle-id dev.partydeck.godot.iosretained.UITests --product-path /Users/runner/work/PartyDeck/PartyDeck/godot/ios-host/build/retained-host-test/DerivedData/Build/Products/Debug-iphonesimulator/RetainedHostUITests-Runner.app/PlugIns/RetainedHostUITests.xctest --extracted-metadata-path /Users/runner/work/PartyDeck/PartyDeck/godot/ios-host/build/retained-host-test/DerivedData/Build/Products/Debug-iphonesimulator/RetainedHostUITests-Runner.app/PlugIns/RetainedHostUITests.xctest/Metadata.appintents --metadata-file-list /Users/runner/work/PartyDeck/PartyDeck/godot/ios-host/build/retained-host-test/DerivedData/Build/Intermediates.noindex/RetainedHost.build/Debug-iphonesimulator/RetainedHostUITests.build/RetainedHostUITests.DependencyMetadataFileList --source-file /Users/runner/work/PartyDeck/PartyDeck/godot/ios-host/build/retained-host-test/DerivedData/Build/Products/Debug-iphonesimulator/RetainedHostUITests-Runner.app/PlugIns/RetainedHostUITests.xctest/Info.plist --archive-ssu-assets
2026-09-10T12:56:24.7044400Z 2026-09-10 12:56:24.682 appintentsnltrainingprocessor[8027:29057] Parsing options for appintentsnltrainingprocessor
2026-09-10T12:56:24.7189900Z 2026-09-10 12:56:24.694 appintentsnltrainingprocessor[8027:29057] Starting AppIntents SSU YAML Generation
2026-09-10T12:56:24.7347040Z 2026-09-10 12:56:24.699 appintentsnltrainingprocessor[8027:29057] No AppShortcuts found - Skipping.
2026-09-10T12:56:24.7458430Z 
2026-09-10T12:56:24.7573790Z CopyAndPreserveArchs /Users/runner/work/PartyDeck/PartyDeck/godot/ios-host/build/retained-host-test/DerivedData/Build/Products/Debug-iphonesimulator/RetainedHostUITests-Runner.app/RetainedHostUITests-Runner (in target 'RetainedHostUITests' from project 'RetainedHost')
2026-09-10T12:56:24.7706490Z     cd /Users/runner/work/PartyDeck/PartyDeck/godot/ios-host
2026-09-10T12:56:24.7856890Z     /Applications/Xcode_26.4.1.app/Contents/Developer/Toolchains/XcodeDefault.xctoolchain/usr/bin/lipo /Applications/Xcode_26.4.1.app/Contents/Developer/Platforms/iPhoneSimulator.platform/Developer/Library/Xcode/Agents/XCTRunner.app/XCTRunner -output /Users/runner/work/PartyDeck/PartyDeck/godot/ios-host/build/retained-host-test/DerivedData/Build/Products/Debug-iphonesimulator/RetainedHostUITests-Runner.app/RetainedHostUITests-Runner -extract arm64
2026-09-10T12:56:24.7961860Z 
2026-09-10T12:56:24.8069340Z MkDir /Users/runner/work/PartyDeck/PartyDeck/godot/ios-host/build/retained-host-test/DerivedData/Build/Products/Debug-iphonesimulator/RetainedHostUITests-Runner.app (in target 'RetainedHostUITests' from project 'RetainedHost')
2026-09-10T12:56:24.8174770Z     cd /Users/runner/work/PartyDeck/PartyDeck/godot/ios-host
2026-09-10T12:56:24.8276450Z     /bin/mkdir -p /Users/runner/work/PartyDeck/PartyDeck/godot/ios-host/build/retained-host-test/DerivedData/Build/Products/Debug-iphonesimulator/RetainedHostUITests-Runner.app
2026-09-10T12:56:24.8380370Z 
2026-09-10T12:56:24.8521460Z CopyPlistFile /Users/runner/work/PartyDeck/PartyDeck/godot/ios-host/build/retained-host-test/DerivedData/Build/Products/Debug-iphonesimulator/RetainedHostUITests-Runner.app/Info.plist /Applications/Xcode_26.4.1.app/Contents/Developer/Platforms/iPhoneSimulator.platform/Developer/Library/Xcode/Agents/XCTRunner.app/Info.plist (in target 'RetainedHostUITests' from project 'RetainedHost')
2026-09-10T12:56:24.8627900Z     cd /Users/runner/work/PartyDeck/PartyDeck/godot/ios-host
2026-09-10T12:56:24.8769010Z     builtin-copyPlist --validate --convert xml1 --macro-expansion WRAPPEDPRODUCTNAME RetainedHostUITests-Runner --macro-expansion WRAPPEDPRODUCTBUNDLEIDENTIFIER dev.partydeck.godot.iosretained.UITests.xctrunner --macro-expansion TESTPRODUCTNAME RetainedHostUITests --macro-expansion TESTPRODUCTBUNDLEIDENTIFIER dev.partydeck.godot.iosretained.UITests --copy-value UIDeviceFamily /Users/runner/work/PartyDeck/PartyDeck/godot/ios-host/build/retained-host-test/DerivedData/Build/Products/Debug-iphonesimulator/RetainedHostUITests-Runner.app/PlugIns/RetainedHostUITests.xctest/Info.plist --outdir /Users/runner/work/PartyDeck/PartyDeck/godot/ios-host/build/retained-host-test/DerivedData/Build/Products/Debug-iphonesimulator/RetainedHostUITests-Runner.app -- /Applications/Xcode_26.4.1.app/Contents/Developer/Platforms/iPhoneSimulator.platform/Developer/Library/Xcode/Agents/XCTRunner.app/Info.plist
2026-09-10T12:56:24.8772580Z 
2026-09-10T12:56:24.8953460Z Copy /Users/runner/work/PartyDeck/PartyDeck/godot/ios-host/build/retained-host-test/DerivedData/Build/Products/Debug-iphonesimulator/RetainedHostUITests-Runner.app/PkgInfo /Applications/Xcode_26.4.1.app/Contents/Developer/Platforms/iPhoneSimulator.platform/Developer/Library/Xcode/Agents/XCTRunner.app/PkgInfo (in target 'RetainedHostUITests' from project 'RetainedHost')
2026-09-10T12:56:24.9066560Z     cd /Users/runner/work/PartyDeck/PartyDeck/godot/ios-host
2026-09-10T12:56:24.9226670Z     builtin-copy -exclude .DS_Store -exclude CVS -exclude .svn -exclude .git -exclude .hg -strip-unsigned-binaries -strip-deterministic -strip-tool /Applications/Xcode_26.4.1.app/Contents/Developer/Toolchains/XcodeDefault.xctoolchain/usr/bin/strip -resolve-src-symlinks /Applications/Xcode_26.4.1.app/Contents/Developer/Platforms/iPhoneSimulator.platform/Developer/Library/Xcode/Agents/XCTRunner.app/PkgInfo /Users/runner/work/PartyDeck/PartyDeck/godot/ios-host/build/retained-host-test/DerivedData/Build/Products/Debug-iphonesimulator/RetainedHostUITests-Runner.app
2026-09-10T12:56:24.9242200Z 
2026-09-10T12:56:24.9376200Z Copy /Users/runner/work/PartyDeck/PartyDeck/godot/ios-host/build/retained-host-test/DerivedData/Build/Products/Debug-iphonesimulator/RetainedHostUITests-Runner.app/Frameworks/libXCTestSwiftSupport.dylib /Applications/Xcode_26.4.1.app/Contents/Developer/Platforms/iPhoneSimulator.platform/Developer/usr/lib/libXCTestSwiftSupport.dylib (in target 'RetainedHostUITests' from project 'RetainedHost')
2026-09-10T12:56:24.9501730Z     cd /Users/runner/work/PartyDeck/PartyDeck/godot/ios-host
2026-09-10T12:56:24.9651210Z     builtin-copy -exclude .DS_Store -exclude CVS -exclude .svn -exclude .git -exclude .hg -exclude Headers -exclude PrivateHeaders -exclude Modules -exclude \*.tbd -strip-unsigned-binaries -strip-deterministic -strip-tool /Applications/Xcode_26.4.1.app/Contents/Developer/Toolchains/XcodeDefault.xctoolchain/usr/bin/strip -resolve-src-symlinks /Applications/Xcode_26.4.1.app/Contents/Developer/Platforms/iPhoneSimulator.platform/Developer/usr/lib/libXCTestSwiftSupport.dylib /Users/runner/work/PartyDeck/PartyDeck/godot/ios-host/build/retained-host-test/DerivedData/Build/Products/Debug-iphonesimulator/RetainedHostUITests-Runner.app/Frameworks
2026-09-10T12:56:24.9773880Z warning: not stripping binary because it is signed: /Applications/Xcode_26.4.1.app/Contents/Developer/Platforms/iPhoneSimulator.platform/Developer/usr/lib/libXCTestSwiftSupport.dylib (in target 'RetainedHostUITests' from project 'RetainedHost')
2026-09-10T12:56:24.9877930Z 
2026-09-10T12:56:25.0032810Z Copy /Users/runner/work/PartyDeck/PartyDeck/godot/ios-host/build/retained-host-test/DerivedData/Build/Products/Debug-iphonesimulator/RetainedHostUITests-Runner.app/Frameworks/XCUnit.framework /Applications/Xcode_26.4.1.app/Contents/Developer/Platforms/iPhoneSimulator.platform/Developer/Library/PrivateFrameworks/XCUnit.framework (in target 'RetainedHostUITests' from project 'RetainedHost')
2026-09-10T12:56:25.0166030Z     cd /Users/runner/work/PartyDeck/PartyDeck/godot/ios-host
2026-09-10T12:56:25.0328730Z     builtin-copy -exclude .DS_Store -exclude CVS -exclude .svn -exclude .git -exclude .hg -exclude Headers -exclude PrivateHeaders -exclude Modules -exclude \*.tbd -strip-unsigned-binaries -strip-deterministic -strip-tool /Applications/Xcode_26.4.1.app/Contents/Developer/Toolchains/XcodeDefault.xctoolchain/usr/bin/strip -resolve-src-symlinks /Applications/Xcode_26.4.1.app/Contents/Developer/Platforms/iPhoneSimulator.platform/Developer/Library/PrivateFrameworks/XCUnit.framework /Users/runner/work/PartyDeck/PartyDeck/godot/ios-host/build/retained-host-test/DerivedData/Build/Products/Debug-iphonesimulator/RetainedHostUITests-Runner.app/Frameworks
2026-09-10T12:56:25.0579060Z warning: not stripping binary because it is signed: /Applications/Xcode_26.4.1.app/Contents/Developer/Platforms/iPhoneSimulator.platform/Developer/Library/PrivateFrameworks/XCUnit.framework/XCUnit (in target 'RetainedHostUITests' from project 'RetainedHost')
2026-09-10T12:56:25.0683690Z 
2026-09-10T12:56:25.0789400Z Copy /Users/runner/work/PartyDeck/PartyDeck/godot/ios-host/build/retained-host-test/DerivedData/Build/Products/Debug-iphonesimulator/RetainedHostUITests-Runner.app/Frameworks/XCUIAutomation.framework /Applications/Xcode_26.4.1.app/Contents/Developer/Platforms/iPhoneSimulator.platform/Developer/Library/Frameworks/XCUIAutomation.framework (in target 'RetainedHostUITests' from project 'RetainedHost')
2026-09-10T12:56:25.0958790Z     cd /Users/runner/work/PartyDeck/PartyDeck/godot/ios-host
2026-09-10T12:56:25.1082480Z     builtin-copy -exclude .DS_Store -exclude CVS -exclude .svn -exclude .git -exclude .hg -exclude Headers -exclude PrivateHeaders -exclude Modules -exclude \*.tbd -strip-unsigned-binaries -strip-deterministic -strip-tool /Applications/Xcode_26.4.1.app/Contents/Developer/Toolchains/XcodeDefault.xctoolchain/usr/bin/strip -resolve-src-symlinks /Applications/Xcode_26.4.1.app/Contents/Developer/Platforms/iPhoneSimulator.platform/Developer/Library/Frameworks/XCUIAutomation.framework /Users/runner/work/PartyDeck/PartyDeck/godot/ios-host/build/retained-host-test/DerivedData/Build/Products/Debug-iphonesimulator/RetainedHostUITests-Runner.app/Frameworks
2026-09-10T12:56:25.1297570Z warning: not stripping binary because it is signed: /Applications/Xcode_26.4.1.app/Contents/Developer/Platforms/iPhoneSimulator.platform/Developer/Library/Frameworks/XCUIAutomation.framework/XCUIAutomation (in target 'RetainedHostUITests' from project 'RetainedHost')
2026-09-10T12:56:25.1443270Z 
2026-09-10T12:56:25.1549900Z Copy /Users/runner/work/PartyDeck/PartyDeck/godot/ios-host/build/retained-host-test/DerivedData/Build/Products/Debug-iphonesimulator/RetainedHostUITests-Runner.app/Frameworks/XCTestSupport.framework /Applications/Xcode_26.4.1.app/Contents/Developer/Platforms/iPhoneSimulator.platform/Developer/Library/PrivateFrameworks/XCTestSupport.framework (in target 'RetainedHostUITests' from project 'RetainedHost')
2026-09-10T12:56:25.1736250Z     cd /Users/runner/work/PartyDeck/PartyDeck/godot/ios-host
2026-09-10T12:56:25.1852300Z     builtin-copy -exclude .DS_Store -exclude CVS -exclude .svn -exclude .git -exclude .hg -exclude Headers -exclude PrivateHeaders -exclude Modules -exclude \*.tbd -strip-unsigned-binaries -strip-deterministic -strip-tool /Applications/Xcode_26.4.1.app/Contents/Developer/Toolchains/XcodeDefault.xctoolchain/usr/bin/strip -resolve-src-symlinks /Applications/Xcode_26.4.1.app/Contents/Developer/Platforms/iPhoneSimulator.platform/Developer/Library/PrivateFrameworks/XCTestSupport.framework /Users/runner/work/PartyDeck/PartyDeck/godot/ios-host/build/retained-host-test/DerivedData/Build/Products/Debug-iphonesimulator/RetainedHostUITests-Runner.app/Frameworks
2026-09-10T12:56:25.1959740Z warning: not stripping binary because it is signed: /Applications/Xcode_26.4.1.app/Contents/Developer/Platforms/iPhoneSimulator.platform/Developer/Library/PrivateFrameworks/XCTestSupport.framework/XCTestSupport (in target 'RetainedHostUITests' from project 'RetainedHost')
2026-09-10T12:56:25.1960830Z 
2026-09-10T12:56:25.2071730Z Copy /Users/runner/work/PartyDeck/PartyDeck/godot/ios-host/build/retained-host-test/DerivedData/Build/Products/Debug-iphonesimulator/RetainedHostUITests-Runner.app/Frameworks/XCTestCore.framework /Applications/Xcode_26.4.1.app/Contents/Developer/Platforms/iPhoneSimulator.platform/Developer/Library/PrivateFrameworks/XCTestCore.framework (in target 'RetainedHostUITests' from project 'RetainedHost')
2026-09-10T12:56:25.2193210Z     cd /Users/runner/work/PartyDeck/PartyDeck/godot/ios-host
2026-09-10T12:56:25.2302990Z     builtin-copy -exclude .DS_Store -exclude CVS -exclude .svn -exclude .git -exclude .hg -exclude Headers -exclude PrivateHeaders -exclude Modules -exclude \*.tbd -strip-unsigned-binaries -strip-deterministic -strip-tool /Applications/Xcode_26.4.1.app/Contents/Developer/Toolchains/XcodeDefault.xctoolchain/usr/bin/strip -resolve-src-symlinks /Applications/Xcode_26.4.1.app/Contents/Developer/Platforms/iPhoneSimulator.platform/Developer/Library/PrivateFrameworks/XCTestCore.framework /Users/runner/work/PartyDeck/PartyDeck/godot/ios-host/build/retained-host-test/DerivedData/Build/Products/Debug-iphonesimulator/RetainedHostUITests-Runner.app/Frameworks
2026-09-10T12:56:25.2409440Z warning: not stripping binary because it is signed: /Applications/Xcode_26.4.1.app/Contents/Developer/Platforms/iPhoneSimulator.platform/Developer/Library/PrivateFrameworks/XCTestCore.framework/XCTestCore (in target 'RetainedHostUITests' from project 'RetainedHost')
2026-09-10T12:56:25.2531550Z 
2026-09-10T12:56:25.2634840Z Copy /Users/runner/work/PartyDeck/PartyDeck/godot/ios-host/build/retained-host-test/DerivedData/Build/Products/Debug-iphonesimulator/RetainedHostUITests-Runner.app/Frameworks/XCTest.framework /Applications/Xcode_26.4.1.app/Contents/Developer/Platforms/iPhoneSimulator.platform/Developer/Library/Frameworks/XCTest.framework (in target 'RetainedHostUITests' from project 'RetainedHost')
2026-09-10T12:56:25.2739170Z     cd /Users/runner/work/PartyDeck/PartyDeck/godot/ios-host
2026-09-10T12:56:25.2919110Z     builtin-copy -exclude .DS_Store -exclude CVS -exclude .svn -exclude .git -exclude .hg -exclude Headers -exclude PrivateHeaders -exclude Modules -exclude \*.tbd -strip-unsigned-binaries -strip-deterministic -strip-tool /Applications/Xcode_26.4.1.app/Contents/Developer/Toolchains/XcodeDefault.xctoolchain/usr/bin/strip -resolve-src-symlinks /Applications/Xcode_26.4.1.app/Contents/Developer/Platforms/iPhoneSimulator.platform/Developer/Library/Frameworks/XCTest.framework /Users/runner/work/PartyDeck/PartyDeck/godot/ios-host/build/retained-host-test/DerivedData/Build/Products/Debug-iphonesimulator/RetainedHostUITests-Runner.app/Frameworks
2026-09-10T12:56:25.3019290Z warning: not stripping binary because it is signed: /Applications/Xcode_26.4.1.app/Contents/Developer/Platforms/iPhoneSimulator.platform/Developer/Library/Frameworks/XCTest.framework/XCTest (in target 'RetainedHostUITests' from project 'RetainedHost')
2026-09-10T12:56:25.3121860Z 
2026-09-10T12:56:25.3230330Z Copy /Users/runner/work/PartyDeck/PartyDeck/godot/ios-host/build/retained-host-test/DerivedData/Build/Products/Debug-iphonesimulator/RetainedHostUITests-Runner.app/Frameworks/XCTAutomationSupport.framework /Applications/Xcode_26.4.1.app/Contents/Developer/Platforms/iPhoneSimulator.platform/Developer/Library/PrivateFrameworks/XCTAutomationSupport.framework (in target 'RetainedHostUITests' from project 'RetainedHost')
2026-09-10T12:56:25.3415840Z     cd /Users/runner/work/PartyDeck/PartyDeck/godot/ios-host
2026-09-10T12:56:25.3523770Z     builtin-copy -exclude .DS_Store -exclude CVS -exclude .svn -exclude .git -exclude .hg -exclude Headers -exclude PrivateHeaders -exclude Modules -exclude \*.tbd -strip-unsigned-binaries -strip-deterministic -strip-tool /Applications/Xcode_26.4.1.app/Contents/Developer/Toolchains/XcodeDefault.xctoolchain/usr/bin/strip -resolve-src-symlinks /Applications/Xcode_26.4.1.app/Contents/Developer/Platforms/iPhoneSimulator.platform/Developer/Library/PrivateFrameworks/XCTAutomationSupport.framework /Users/runner/work/PartyDeck/PartyDeck/godot/ios-host/build/retained-host-test/DerivedData/Build/Products/Debug-iphonesimulator/RetainedHostUITests-Runner.app/Frameworks
2026-09-10T12:56:25.3667550Z warning: not stripping binary because it is signed: /Applications/Xcode_26.4.1.app/Contents/Developer/Platforms/iPhoneSimulator.platform/Developer/Library/PrivateFrameworks/XCTAutomationSupport.framework/XCTAutomationSupport (in target 'RetainedHostUITests' from project 'RetainedHost')
2026-09-10T12:56:25.3783310Z 
2026-09-10T12:56:25.3989820Z Copy /Users/runner/work/PartyDeck/PartyDeck/godot/ios-host/build/retained-host-test/DerivedData/Build/Products/Debug-iphonesimulator/RetainedHostUITests-Runner.app/Frameworks/Testing.framework /Applications/Xcode_26.4.1.app/Contents/Developer/Platforms/iPhoneSimulator.platform/Developer/Library/Frameworks/Testing.framework (in target 'RetainedHostUITests' from project 'RetainedHost')
2026-09-10T12:56:25.3992020Z     cd /Users/runner/work/PartyDeck/PartyDeck/godot/ios-host
2026-09-10T12:56:25.4099140Z     builtin-copy -exclude .DS_Store -exclude CVS -exclude .svn -exclude .git -exclude .hg -exclude Headers -exclude PrivateHeaders -exclude Modules -exclude \*.tbd -strip-unsigned-binaries -strip-deterministic -strip-tool /Applications/Xcode_26.4.1.app/Contents/Developer/Toolchains/XcodeDefault.xctoolchain/usr/bin/strip -resolve-src-symlinks /Applications/Xcode_26.4.1.app/Contents/Developer/Platforms/iPhoneSimulator.platform/Developer/Library/Frameworks/Testing.framework /Users/runner/work/PartyDeck/PartyDeck/godot/ios-host/build/retained-host-test/DerivedData/Build/Products/Debug-iphonesimulator/RetainedHostUITests-Runner.app/Frameworks
2026-09-10T12:56:25.4210230Z warning: not stripping binary because it is signed: /Applications/Xcode_26.4.1.app/Contents/Developer/Platforms/iPhoneSimulator.platform/Developer/Library/Frameworks/Testing.framework/Testing (in target 'RetainedHostUITests' from project 'RetainedHost')
2026-09-10T12:56:25.4324070Z 
2026-09-10T12:56:25.4432790Z RegisterExecutionPolicyException /Users/runner/work/PartyDeck/PartyDeck/godot/ios-host/build/retained-host-test/DerivedData/Build/Products/Debug-iphonesimulator/RetainedHostUITests-Runner.app/PlugIns/RetainedHostUITests.xctest (in target 'RetainedHostUITests' from project 'RetainedHost')
2026-09-10T12:56:25.4538670Z     cd /Users/runner/work/PartyDeck/PartyDeck/godot/ios-host
2026-09-10T12:56:25.4643110Z     builtin-RegisterExecutionPolicyException /Users/runner/work/PartyDeck/PartyDeck/godot/ios-host/build/retained-host-test/DerivedData/Build/Products/Debug-iphonesimulator/RetainedHostUITests-Runner.app/PlugIns/RetainedHostUITests.xctest
2026-09-10T12:56:25.4751590Z 
2026-09-10T12:56:25.4858390Z Touch /Users/runner/work/PartyDeck/PartyDeck/godot/ios-host/build/retained-host-test/DerivedData/Build/Products/Debug-iphonesimulator/RetainedHostUITests-Runner.app/PlugIns/RetainedHostUITests.xctest (in target 'RetainedHostUITests' from project 'RetainedHost')
2026-09-10T12:56:25.4921790Z     cd /Users/runner/work/PartyDeck/PartyDeck/godot/ios-host
2026-09-10T12:56:25.4923290Z     /usr/bin/touch -c /Users/runner/work/PartyDeck/PartyDeck/godot/ios-host/build/retained-host-test/DerivedData/Build/Products/Debug-iphonesimulator/RetainedHostUITests-Runner.app/PlugIns/RetainedHostUITests.xctest
2026-09-10T12:56:25.4924820Z 
2026-09-10T12:57:14.4426470Z 2026-09-10 12:57:14.356464+0000 RetainedHostUITests-Runner[9470:33284] [Default] Running tests...
2026-09-10T12:57:14.4640770Z 2026-09-10 12:57:14.453303+0000 RetainedHostUITests-Runner[9470:33932] [General] Failed to send CA Event for app launch measurements for ca_event_type: 0 event_name: com.apple.app_launch_measurement.FirstFramePresentationMetric
2026-09-10T12:57:14.5056440Z 2026-09-10 12:57:14.494689+0000 RetainedHostUITests-Runner[9470:33932] [General] Failed to send CA Event for app launch measurements for ca_event_type: 1 event_name: com.apple.app_launch_measurement.ExtendedLaunchMetrics
2026-09-10T12:57:17.3132770Z objc[9470]: Class UIAccessibilityLoaderWebShared is implemented in both /Library/Developer/CoreSimulator/Volumes/iOS_23E254a/Library/Developer/CoreSimulator/Profiles/Runtimes/iOS 26.4.simruntime/Contents/Resources/RuntimeRoot/System/Library/AccessibilityBundles/WebCore.axbundle/WebCore (0x1063c4310) and /Library/Developer/CoreSimulator/Volumes/iOS_23E254a/Library/Developer/CoreSimulator/Profiles/Runtimes/iOS 26.4.simruntime/Contents/Resources/RuntimeRoot/System/Library/AccessibilityBundles/WebKit.axbundle/WebKit (0x1073e4398). This may cause spurious casting failures and mysterious crashes. One of the duplicates must be removed or renamed.
2026-09-10T12:57:20.3019660Z     t =      nans Interface orientation changed to Portrait
2026-09-10T12:57:21.8083180Z Test Suite 'All tests' started at 2026-09-10 12:57:21.791.
2026-09-10T12:57:22.2009910Z Test Suite 'RetainedHostUITests.xctest' started at 2026-09-10 12:57:21.792.
2026-09-10T12:57:22.2743850Z Test Suite 'RetainedHostUITests' started at 2026-09-10 12:57:21.792.
2026-09-10T12:57:22.3501800Z Test Case '-[RetainedHostUITests.RetainedHostUITests testActiveAndDormantBackgroundTransitionsStayConcealed]' started.
2026-09-10T12:57:22.3602230Z     t =     0.00s Start Test at 2026-09-10 12:57:21.794
2026-09-10T12:57:23.0387420Z     t =     1.24s Set Up
2026-09-10T12:57:23.0489640Z     t =     1.25s Open dev.partydeck.godot.iosretained
2026-09-10T12:57:23.1538920Z     t =     1.25s     Launch dev.partydeck.godot.iosretained
2026-09-10T12:57:24.2841100Z 2026-09-10 12:57:24.268 xcodebuild[4020:17996] [MT] IDELaunchParametersSnapshot: The operation couldn’t be completed. (DebuggerLLDB.DebuggerVersionStore.StoreError error 0.)
2026-09-10T12:57:24.2842680Z 2026-09-10 12:57:24.268 xcodebuild[4020:17996] [MT] IDELaunchParametersSnapshot: no debugger version
2026-09-10T12:58:10.8513000Z     t =    48.89s         Setting up automation session
2026-09-10T12:58:12.6337000Z     t =    50.77s         Wait for dev.partydeck.godot.iosretained to idle
2026-09-10T12:58:14.4394190Z     t =    52.49s Waiting 15.0s for "retained-shell" Any to exist
2026-09-10T12:58:15.3653500Z     t =    53.55s     Checking `Expect predicate `existsNoRetry == 1` for object "retained-shell" Any`
2026-09-10T12:58:15.3828930Z     t =    53.56s         Checking existence of `"retained-shell" Any`
2026-09-10T12:58:15.4853070Z     t =    53.68s Waiting 15.0s for "start-2d" Any to exist
2026-09-10T12:58:16.5478860Z     t =    54.73s     Checking `Expect predicate `existsNoRetry == 1` for object "start-2d" Any`
2026-09-10T12:58:16.5587910Z     t =    54.74s         Checking existence of `"start-2d" Any`
2026-09-10T12:58:16.6261400Z     t =    54.82s Find the "start-2d" Any
2026-09-10T12:58:16.7125960Z     t =    54.89s Tap "start-2d" Button
2026-09-10T12:58:16.7461340Z     t =    54.89s     Wait for dev.partydeck.godot.iosretained to idle
2026-09-10T12:58:16.7568050Z     t =    54.89s     Find the "start-2d" Button
2026-09-10T12:58:16.8754630Z     t =    55.02s     Check for interrupting elements affecting "start-2d" Button
2026-09-10T12:58:17.0156200Z     t =    55.20s     Synthesize event
2026-09-10T12:58:17.5028210Z     t =    55.66s     Wait for dev.partydeck.godot.iosretained to idle
2026-09-10T12:58:18.8738590Z     t =    57.05s Find the "retained-metrics" StaticText
2026-09-10T12:58:21.0422080Z     t =    59.12s Find the "retained-metrics" StaticText
2026-09-10T12:58:21.7180390Z     t =    59.90s Find the "retained-metrics" StaticText
2026-09-10T12:58:21.9378790Z     t =    60.12s Find the "retained-metrics" StaticText
2026-09-10T12:58:22.0152870Z     t =    60.19s Find the "retained-metrics" StaticText
2026-09-10T12:58:22.2223040Z     t =    60.41s Find the "retained-metrics" StaticText
2026-09-10T12:58:22.4373420Z     t =    60.62s Find the "retained-metrics" StaticText
2026-09-10T12:58:22.4895990Z     t =    60.67s Find the "godot-surface" Any
2026-09-10T12:58:22.6043610Z     t =    60.78s Find the "godot-surface" Other
2026-09-10T12:58:22.7371470Z     t =    60.92s Find the "godot-surface" Other
2026-09-10T12:58:23.3797400Z     t =    61.53s Added attachment named 'Measured real touch target'
2026-09-10T12:58:23.3907870Z     t =    61.53s Press "godot-surface" Other[0.50, 0.66] for 0.1 seconds, then drag to "godot-surface" Other[0.50, 0.55] with velocity of 73.00 pixels per second, and then hold for 0.3 seconds 
2026-09-10T12:58:23.4205060Z     t =    61.53s     Wait for dev.partydeck.godot.iosretained to idle
2026-09-10T12:58:23.4400250Z     t =    61.53s     Find the "godot-surface" Other
2026-09-10T12:58:24.1849470Z     t =    62.34s     Check for interrupting elements affecting "godot-surface" Other
2026-09-10T12:58:24.3409280Z     t =    62.51s     Synthesize event
2026-09-10T12:58:24.3673160Z     t =    62.51s         Find the "godot-surface" Other
2026-09-10T12:58:24.6019580Z     t =    62.79s         Find the "godot-surface" Other
2026-09-10T12:58:25.2031480Z     t =    63.18s         Find the "godot-surface" Other
2026-09-10T12:58:25.3366360Z     t =    63.52s         Find the "godot-surface" Other
2026-09-10T12:58:25.4526510Z     t =    63.65s         Find the "godot-surface" Other
2026-09-10T12:58:27.3113550Z     t =    65.49s     Wait for dev.partydeck.godot.iosretained to idle
2026-09-10T12:58:27.3226270Z     t =    65.50s Find the "retained-metrics" StaticText
2026-09-10T12:58:27.3792710Z     t =    65.56s Find the "retained-metrics" StaticText
2026-09-10T12:58:27.6038510Z     t =    65.80s Find the "retained-metrics" StaticText
2026-09-10T12:58:27.7846720Z     t =    65.98s Find the "retained-metrics" StaticText
2026-09-10T12:58:27.8156270Z     t =    66.01s Find the "retained-metrics" StaticText
2026-09-10T12:58:28.0871440Z     t =    66.19s Find the "retained-metrics" StaticText
2026-09-10T12:58:28.3048000Z     t =    66.50s Find the "retained-metrics" StaticText
2026-09-10T12:58:28.5065790Z     t =    66.68s Find the "retained-metrics" StaticText
2026-09-10T12:58:28.5462780Z     t =    66.75s Find the "godot-surface" Any
2026-09-10T12:58:28.6145100Z     t =    66.80s Find the "godot-surface" Other
2026-09-10T12:58:28.6787060Z     t =    66.87s Find the "godot-surface" Other
2026-09-10T12:58:28.7568200Z     t =    66.94s Added attachment named 'Measured real touch target'
2026-09-10T12:58:28.7571110Z     t =    66.94s Find the "retained-metrics" StaticText
2026-09-10T12:58:28.7693980Z     t =    66.97s Tap "godot-surface" Other[0.49, 0.73]
2026-09-10T12:58:28.7840290Z     t =    66.97s     Wait for dev.partydeck.godot.iosretained to idle
2026-09-10T12:58:28.7946090Z     t =    66.97s     Find the "godot-surface" Other
2026-09-10T12:58:28.8174040Z     t =    67.02s     Check for interrupting elements affecting "godot-surface" Other
2026-09-10T12:58:28.8531640Z     t =    67.06s     Synthesize event
2026-09-10T12:58:28.8649540Z     t =    67.06s         Find the "godot-surface" Other
2026-09-10T12:58:28.9102860Z     t =    67.10s         Find the "godot-surface" Other
2026-09-10T12:58:28.9642400Z     t =    67.16s         Find the "godot-surface" Other
2026-09-10T12:58:29.3140470Z     t =    67.50s     Wait for dev.partydeck.godot.iosretained to idle
2026-09-10T12:58:29.7396690Z     t =    67.86s Find the "retained-metrics" StaticText
2026-09-10T12:58:30.3189940Z     t =    68.51s Find the "retained-metrics" StaticText
2026-09-10T12:58:30.3292100Z     t =    68.53s Find the "retained-metrics" StaticText
2026-09-10T12:58:30.3679060Z     t =    68.56s Find the "retained-metrics" StaticText
2026-09-10T12:58:30.4365980Z     t =    68.60s Find the "godot-surface" Any
2026-09-10T12:58:30.5034330Z     t =    68.69s Find the "godot-surface" Other
2026-09-10T12:58:30.5367180Z     t =    68.74s Find the "godot-surface" Other
2026-09-10T12:58:30.5808720Z     t =    68.78s Added attachment named 'Measured real touch target'
2026-09-10T12:58:30.5911110Z     t =    68.78s Find the "retained-metrics" StaticText
2026-09-10T12:58:30.6110810Z     t =    68.81s Tap "godot-surface" Other[0.18, 0.60]
2026-09-10T12:58:30.6761340Z     t =    68.81s     Wait for dev.partydeck.godot.iosretained to idle
2026-09-10T12:58:30.6762700Z     t =    68.81s     Find the "godot-surface" Other
2026-09-10T12:58:30.6786260Z     t =    68.85s     Check for interrupting elements affecting "godot-surface" Other
2026-09-10T12:58:30.7081990Z     t =    68.91s     Synthesize event
2026-09-10T12:58:30.7192890Z     t =    68.91s         Find the "godot-surface" Other
2026-09-10T12:58:30.7518010Z     t =    68.95s         Find the "godot-surface" Other
2026-09-10T12:58:30.8455980Z     t =    69.03s         Find the "godot-surface" Other
2026-09-10T12:58:31.3477640Z     t =    69.44s     Wait for dev.partydeck.godot.iosretained to idle
2026-09-10T12:58:31.3582660Z     t =    69.54s Find the "retained-metrics" StaticText
2026-09-10T12:58:31.5629230Z     t =    69.73s Find the "retained-metrics" StaticText
2026-09-10T12:58:31.7537830Z     t =    69.95s Find the "retained-metrics" StaticText
2026-09-10T12:58:31.7934500Z     t =    69.99s Find the Target Application 'dev.partydeck.godot.iosretained'
2026-09-10T12:58:32.1102030Z     t =    70.23s Added attachment named 'Real reveal and card selection'
2026-09-10T12:58:32.1104880Z     t =    70.23s Find the "retained-metrics" StaticText
2026-09-10T12:58:32.1380480Z     t =    70.34s Added attachment named 'Real reveal and card selection measurements'
2026-09-10T12:58:32.1490910Z     t =    70.34s Find the "retained-metrics" StaticText
2026-09-10T12:58:32.1725600Z     t =    70.36s Tap "cycle-focus" Any
2026-09-10T12:58:32.1726520Z     t =    70.36s     Wait for dev.partydeck.godot.iosretained to idle
2026-09-10T12:58:32.1729340Z     t =    70.36s     Find the "cycle-focus" Any
2026-09-10T12:58:32.2059600Z     t =    70.41s     Check for interrupting elements affecting "cycle-focus" Button
2026-09-10T12:58:32.2494330Z     t =    70.45s     Synthesize event
2026-09-10T12:58:32.7287930Z     t =    70.77s     Wait for dev.partydeck.godot.iosretained to idle
2026-09-10T12:58:32.7396390Z     t =    70.87s Find the "retained-metrics" StaticText
2026-09-10T12:58:32.7864140Z     t =    70.95s Find the Target Application 'dev.partydeck.godot.iosretained'
2026-09-10T12:58:32.9658130Z     t =    71.16s Added attachment named 'Coalesced native foreground loss and regain returned concealed'
2026-09-10T12:58:32.9697660Z     t =    71.16s Find the "retained-metrics" StaticText
2026-09-10T12:58:32.9870310Z     t =    71.19s Added attachment named 'Coalesced native foreground loss and regain returned concealed measurements'
2026-09-10T12:58:32.9989680Z     t =    71.19s Find the "retained-metrics" StaticText
2026-09-10T12:58:33.0366410Z     t =    71.24s Find the "retained-metrics" StaticText
2026-09-10T12:58:33.2491090Z     t =    71.44s Find the "retained-metrics" StaticText
2026-09-10T12:58:33.4561770Z     t =    71.63s Find the "retained-metrics" StaticText
2026-09-10T12:58:33.6404090Z     t =    71.83s Find the "retained-metrics" StaticText
2026-09-10T12:58:33.6613980Z     t =    71.86s Find the "godot-surface" Any
2026-09-10T12:58:33.7210390Z     t =    71.93s Find the "godot-surface" Other
2026-09-10T12:58:33.7626480Z     t =    71.96s Find the "godot-surface" Other
2026-09-10T12:58:33.8130780Z     t =    72.02s Added attachment named 'Measured real touch target'
2026-09-10T12:58:33.8245950Z     t =    72.02s Find the "retained-metrics" StaticText
2026-09-10T12:58:33.8610880Z     t =    72.04s Tap "godot-surface" Other[0.49, 0.66]
2026-09-10T12:58:33.8724940Z     t =    72.04s     Wait for dev.partydeck.godot.iosretained to idle
2026-09-10T12:58:33.8725680Z     t =    72.04s     Find the "godot-surface" Other
2026-09-10T12:58:33.9802900Z     t =    72.10s     Check for interrupting elements affecting "godot-surface" Other
2026-09-10T12:58:34.1228340Z     t =    72.30s     Synthesize event
2026-09-10T12:58:34.1336100Z     t =    72.31s         Find the "godot-surface" Other
2026-09-10T12:58:34.2033160Z     t =    72.41s         Find the "godot-surface" Other
2026-09-10T12:58:34.2910020Z     t =    72.48s         Find the "godot-surface" Other
2026-09-10T12:58:34.6724550Z     t =    72.82s     Wait for dev.partydeck.godot.iosretained to idle
2026-09-10T12:58:34.8633590Z     t =    73.04s Find the "retained-metrics" StaticText
2026-09-10T12:58:34.9208050Z     t =    73.12s Find the "retained-metrics" StaticText
2026-09-10T12:58:35.1315030Z     t =    73.30s Find the "retained-metrics" StaticText
2026-09-10T12:58:35.3619670Z     t =    73.55s Find the "retained-metrics" StaticText
2026-09-10T12:58:35.3844990Z     t =    73.58s Find the "godot-surface" Any
2026-09-10T12:58:35.4620670Z     t =    73.66s Find the "godot-surface" Other
2026-09-10T12:58:35.5172770Z     t =    73.71s Find the "godot-surface" Other
2026-09-10T12:58:35.5792130Z     t =    73.78s Added attachment named 'Measured real touch target'
2026-09-10T12:58:35.5934310Z     t =    73.78s Find the "retained-metrics" StaticText
2026-09-10T12:58:35.6134700Z     t =    73.81s Tap "godot-surface" Other[0.18, 0.60]
2026-09-10T12:58:35.6286280Z     t =    73.81s     Wait for dev.partydeck.godot.iosretained to idle
2026-09-10T12:58:35.6388740Z     t =    73.82s     Find the "godot-surface" Other
2026-09-10T12:58:35.6729740Z     t =    73.86s     Check for interrupting elements affecting "godot-surface" Other
2026-09-10T12:58:35.7064490Z     t =    73.89s     Synthesize event
2026-09-10T12:58:35.7177920Z     t =    73.90s         Find the "godot-surface" Other
2026-09-10T12:58:35.7524500Z     t =    73.95s         Find the "godot-surface" Other
2026-09-10T12:58:35.7979060Z     t =    73.99s         Find the "godot-surface" Other
2026-09-10T12:58:36.4350590Z     t =    74.38s     Wait for dev.partydeck.godot.iosretained to idle
2026-09-10T12:58:36.4584560Z     t =    74.47s Find the "retained-metrics" StaticText
2026-09-10T12:58:36.6322860Z     t =    74.83s Find the "retained-metrics" StaticText
2026-09-10T12:58:36.6648920Z     t =    74.86s Find the Target Application 'dev.partydeck.godot.iosretained'
2026-09-10T12:58:36.8037050Z     t =    75.01s Added attachment named 'Real reveal and card selection'
2026-09-10T12:58:36.8139490Z     t =    75.01s Find the "retained-metrics" StaticText
2026-09-10T12:58:36.8495560Z     t =    75.05s Added attachment named 'Real reveal and card selection measurements'
2026-09-10T12:58:36.8602270Z     t =    75.05s Find the "retained-metrics" StaticText
2026-09-10T12:58:36.9117120Z     t =    75.11s Tap "pause-table" Any
2026-09-10T12:58:36.9224210Z     t =    75.11s     Wait for dev.partydeck.godot.iosretained to idle
2026-09-10T12:58:36.9343740Z     t =    75.11s     Find the "pause-table" Any
2026-09-10T12:58:36.9900940Z     t =    75.16s     Check for interrupting elements affecting "pause-table" Button
2026-09-10T12:58:37.0495300Z     t =    75.24s     Synthesize event
2026-09-10T12:58:37.3841810Z     t =    75.56s     Wait for dev.partydeck.godot.iosretained to idle
2026-09-10T12:58:37.3957380Z     t =    75.56s Find the "retained-metrics" StaticText
2026-09-10T12:58:37.6289560Z     t =    75.80s Find the "retained-metrics" StaticText
2026-09-10T12:58:37.8595930Z     t =    76.05s Find the "retained-metrics" StaticText
2026-09-10T12:58:38.0825980Z     t =    76.27s Find the "retained-metrics" StaticText
2026-09-10T12:58:38.1047730Z     t =    76.31s Find the "retained-metrics" StaticText
2026-09-10T12:58:38.3479430Z     t =    76.51s Find the "retained-metrics" StaticText
2026-09-10T12:58:38.5691900Z     t =    76.75s Find the "retained-metrics" StaticText
2026-09-10T12:58:38.7485940Z     t =    76.93s Find the "retained-metrics" StaticText
2026-09-10T12:58:38.9483960Z     t =    77.14s Find the "retained-metrics" StaticText
2026-09-10T12:58:38.9722520Z     t =    77.17s Tap "pause-table" Any
2026-09-10T12:58:38.9935030Z     t =    77.17s     Wait for dev.partydeck.godot.iosretained to idle
2026-09-10T12:58:38.9936240Z     t =    77.17s     Find the "pause-table" Any
2026-09-10T12:58:39.0303760Z     t =    77.21s     Check for interrupting elements affecting "pause-table" Button
2026-09-10T12:58:39.0879370Z     t =    77.28s     Synthesize event
2026-09-10T12:58:39.4156440Z     t =    77.60s     Wait for dev.partydeck.godot.iosretained to idle
2026-09-10T12:58:39.4749860Z     t =    77.67s Find the "retained-metrics" StaticText
2026-09-10T12:58:39.5208370Z     t =    77.72s Find the "retained-metrics" StaticText
2026-09-10T12:58:39.5531790Z     t =    77.75s Find the "retained-metrics" StaticText
2026-09-10T12:58:39.7500100Z     t =    77.94s Find the "retained-metrics" StaticText
2026-09-10T12:58:39.9424620Z     t =    78.13s Find the "retained-metrics" StaticText
2026-09-10T12:58:39.9809690Z     t =    78.16s Find the "godot-surface" Any
2026-09-10T12:58:40.0390730Z     t =    78.23s Find the "godot-surface" Other
2026-09-10T12:58:40.1090870Z     t =    78.30s Find the "godot-surface" Other
2026-09-10T12:58:40.1759950Z     t =    78.37s Added attachment named 'Measured real touch target'
2026-09-10T12:58:40.1773360Z     t =    78.37s Find the "retained-metrics" StaticText
2026-09-10T12:58:40.2003880Z     t =    78.40s Tap "godot-surface" Other[0.49, 0.66]
2026-09-10T12:58:40.2119070Z     t =    78.40s     Wait for dev.partydeck.godot.iosretained to idle
2026-09-10T12:58:40.2246020Z     t =    78.40s     Find the "godot-surface" Other
2026-09-10T12:58:40.3298080Z     t =    78.49s     Check for interrupting elements affecting "godot-surface" Other
2026-09-10T12:58:40.4988610Z     t =    78.68s     Synthesize event
2026-09-10T12:58:40.5120250Z     t =    78.69s         Find the "godot-surface" Other
2026-09-10T12:58:40.6830430Z     t =    78.86s         Find the "godot-surface" Other
2026-09-10T12:58:41.3077120Z     t =    79.49s         Find the "godot-surface" Other
2026-09-10T12:58:41.7371060Z     t =    79.87s     Wait for dev.partydeck.godot.iosretained to idle
2026-09-10T12:58:41.7483380Z     t =    79.90s Find the "retained-metrics" StaticText
2026-09-10T12:58:41.9705020Z     t =    80.16s Find the "retained-metrics" StaticText
2026-09-10T12:58:42.0228240Z     t =    80.22s Find the "retained-metrics" StaticText
2026-09-10T12:58:42.1061400Z     t =    80.30s Find the "retained-metrics" StaticText
2026-09-10T12:58:42.4320280Z     t =    80.58s Find the "retained-metrics" StaticText
2026-09-10T12:58:42.6652650Z     t =    80.86s Find the "retained-metrics" StaticText
2026-09-10T12:58:42.7706060Z     t =    80.95s Find the "godot-surface" Any
2026-09-10T12:58:42.8828960Z     t =    81.07s Find the "godot-surface" Other
2026-09-10T12:58:43.0451380Z     t =    81.24s Find the "godot-surface" Other
2026-09-10T12:58:43.2088670Z     t =    81.39s Added attachment named 'Measured real touch target'
2026-09-10T12:58:43.2196830Z     t =    81.39s Find the "retained-metrics" StaticText
2026-09-10T12:58:43.2816090Z     t =    81.46s Tap "godot-surface" Other[0.18, 0.60]
2026-09-10T12:58:43.3197770Z     t =    81.46s     Wait for dev.partydeck.godot.iosretained to idle
2026-09-10T12:58:43.3261510Z     t =    81.46s     Find the "godot-surface" Other
2026-09-10T12:58:43.4086970Z     t =    81.59s     Check for interrupting elements affecting "godot-surface" Other
2026-09-10T12:58:43.5712390Z     t =    81.75s     Synthesize event
2026-09-10T12:58:43.5823500Z     t =    81.76s         Find the "godot-surface" Other
2026-09-10T12:58:43.7221460Z     t =    81.91s         Find the "godot-surface" Other
2026-09-10T12:58:43.8643800Z     t =    82.05s         Find the "godot-surface" Other
2026-09-10T12:58:44.2974870Z     t =    82.43s     Wait for dev.partydeck.godot.iosretained to idle
2026-09-10T12:58:44.3093990Z     t =    82.46s Find the "retained-metrics" StaticText
2026-09-10T12:58:44.8564500Z     t =    83.03s Find the "retained-metrics" StaticText
2026-09-10T12:58:45.1112930Z     t =    83.31s Find the "retained-metrics" StaticText
2026-09-10T12:58:45.2081050Z     t =    83.39s Find the Target Application 'dev.partydeck.godot.iosretained'
2026-09-10T12:58:45.3498860Z     t =    83.55s Added attachment named 'Real reveal and card selection'
2026-09-10T12:58:45.3618480Z     t =    83.55s Find the "retained-metrics" StaticText
2026-09-10T12:58:45.5711990Z     t =    83.74s Added attachment named 'Real reveal and card selection measurements'
2026-09-10T12:58:45.5909970Z     t =    83.74s Find the "retained-metrics" StaticText
2026-09-10T12:58:45.7855100Z     t =    83.95s Pressing Home button
2026-09-10T12:58:47.2690240Z     t =    84.47s Find the Application 'com.apple.springboard'
2026-09-10T12:58:47.3981680Z     t =    85.45s Checking existence of `"Safari" Icon`
2026-09-10T12:58:48.5280290Z     t =    85.60s Find the "Safari" Icon
2026-09-10T12:58:48.6107060Z     t =    85.76s Find the "Safari" Icon
2026-09-10T12:58:48.6261860Z     t =    85.90s Find the "Safari" Icon
2026-09-10T12:58:48.6563840Z     t =    85.97s Checking existence of `"Messages" Icon`
2026-09-10T12:58:48.7017850Z     t =    86.05s Find the "Messages" Icon
2026-09-10T12:58:48.7485370Z     t =    86.16s Find the "Messages" Icon
2026-09-10T12:58:48.8073470Z     t =    86.30s Find the "Messages" Icon
2026-09-10T12:58:48.8842530Z     t =    86.42s Get number of matches for: Descendants matching type Alert
2026-09-10T12:58:48.9455450Z     t =    86.46s Added attachment named 'Actual Home state and dock observation'
2026-09-10T12:58:49.0377850Z     t =    86.46s Requesting snapshot of accessibility hierarchy for app with pid 3203
2026-09-10T12:58:49.0517430Z     t =    87.06s Requesting snapshot of accessibility hierarchy for app with pid 3203
2026-09-10T12:58:49.0668770Z     t =    87.25s Added attachment named 'Actual SpringBoard hierarchy'
2026-09-10T12:58:49.3595730Z     t =    87.52s Added attachment named 'Actual Home screen'
2026-09-10T12:58:49.4505650Z     t =    87.52s Open dev.partydeck.godot.iosretained
2026-09-10T12:58:50.3212150Z     t =    87.53s     Activate dev.partydeck.godot.iosretained
2026-09-10T12:58:50.5351570Z     t =    88.63s         Wait for dev.partydeck.godot.iosretained to idle
2026-09-10T12:58:50.5526570Z     t =    88.63s Find the "retained-metrics" StaticText
2026-09-10T12:58:51.8529820Z     t =    90.01s Find the Target Application 'dev.partydeck.godot.iosretained'
2026-09-10T12:58:52.0392540Z     t =    90.21s Added attachment named 'Real background and resume kept the same authority concealed'
2026-09-10T12:58:52.0506140Z     t =    90.21s Find the "retained-metrics" StaticText
2026-09-10T12:58:52.1355550Z     t =    90.31s Added attachment named 'Real background and resume kept the same authority concealed measurements'
2026-09-10T12:58:52.1488180Z     t =    90.31s Find the "retained-metrics" StaticText
2026-09-10T12:58:52.3616620Z     t =    90.51s Find the "retained-metrics" StaticText
2026-09-10T12:58:52.9551920Z     t =    91.11s Find the "retained-metrics" StaticText
2026-09-10T12:58:53.1654640Z     t =    91.33s Find the "godot-surface" Any
2026-09-10T12:58:53.4568270Z     t =    91.61s Find the "godot-surface" Other
2026-09-10T12:58:54.3457260Z     t =    92.48s Find the "godot-surface" Other
2026-09-10T12:58:55.0993460Z     t =    93.28s Added attachment named 'Measured real touch target'
2026-09-10T12:58:55.1129100Z     t =    93.28s Find the "retained-metrics" StaticText
2026-09-10T12:58:55.2349300Z     t =    93.40s Tap "godot-surface" Other[0.15, 0.06]
2026-09-10T12:58:55.5762370Z     t =    93.40s     Wait for dev.partydeck.godot.iosretained to idle
2026-09-10T12:58:55.5913080Z     t =    93.41s     Find the "godot-surface" Other
2026-09-10T12:58:55.8368920Z     t =    94.04s     Check for interrupting elements affecting "godot-surface" Other
2026-09-10T12:58:55.9748650Z     t =    94.16s     Synthesize event
2026-09-10T12:58:55.9912220Z     t =    94.18s         Find the "godot-surface" Other
2026-09-10T12:58:56.2493690Z     t =    94.44s         Find the "godot-surface" Other
2026-09-10T12:58:56.3640650Z     t =    94.55s         Find the "godot-surface" Other
2026-09-10T12:58:56.8000650Z     t =    94.95s     Wait for dev.partydeck.godot.iosretained to idle
2026-09-10T12:58:56.8255750Z     t =    94.95s Find the "retained-metrics" StaticText
2026-09-10T12:58:57.1941370Z     t =    95.35s Find the "retained-metrics" StaticText
2026-09-10T12:58:57.4738320Z     t =    95.67s Find the "retained-metrics" StaticText
2026-09-10T12:58:57.6370430Z     t =    95.83s Checking existence of `"retained-shell" Any`
2026-09-10T12:58:57.7150790Z     t =    95.90s Checking existence of `"godot-surface" Any`
2026-09-10T12:58:57.7984060Z     t =    95.98s Find the Target Application 'dev.partydeck.godot.iosretained'
2026-09-10T12:58:58.0010680Z     t =    96.19s Added attachment named 'Whole recipient scene retired; retained services dormant'
2026-09-10T12:58:58.0124350Z     t =    96.19s Find the "retained-metrics" StaticText
2026-09-10T12:58:58.1064500Z     t =    96.30s Added attachment named 'Whole recipient scene retired; retained services dormant measurements'
2026-09-10T12:58:58.1238480Z     t =    96.30s Tap "host-counter-button" Any
2026-09-10T12:58:58.1344840Z     t =    96.30s     Wait for dev.partydeck.godot.iosretained to idle
2026-09-10T12:58:58.1450790Z     t =    96.31s     Find the "host-counter-button" Any
2026-09-10T12:58:58.1903050Z     t =    96.37s     Check for interrupting elements affecting "host-counter-button" Button
2026-09-10T12:58:58.2731570Z     t =    96.43s     Synthesize event
2026-09-10T12:58:58.5399170Z     t =    96.72s     Wait for dev.partydeck.godot.iosretained to idle
2026-09-10T12:58:58.5577400Z     t =    96.73s Find the "retained-metrics" StaticText
2026-09-10T12:58:58.6443650Z     t =    96.83s Find the "retained-metrics" StaticText
2026-09-10T12:58:58.7170700Z     t =    96.92s Find the "retained-metrics" StaticText
2026-09-10T12:58:58.9191930Z     t =    97.12s Find the "retained-metrics" StaticText
2026-09-10T12:58:59.0415310Z     t =    97.21s Added attachment named 'Measured dormant shell interval'
2026-09-10T12:58:59.0534580Z     t =    97.21s Pressing Home button
2026-09-10T12:59:01.0129960Z     t =    97.68s Find the Application 'com.apple.springboard'
2026-09-10T12:59:01.0312020Z     t =    97.99s Checking existence of `"Safari" Icon`
2026-09-10T12:59:01.2482020Z     t =    98.31s Find the "Safari" Icon
2026-09-10T12:59:01.2904570Z     t =    98.67s Find the "Safari" Icon
2026-09-10T12:59:01.3448560Z     t =    98.76s Find the "Safari" Icon
2026-09-10T12:59:01.3763870Z     t =    98.87s Checking existence of `"Messages" Icon`
2026-09-10T12:59:01.3911950Z     t =    98.95s Find the "Messages" Icon
2026-09-10T12:59:01.4110350Z     t =    99.03s Find the "Messages" Icon
2026-09-10T12:59:01.4277360Z     t =    99.10s Find the "Messages" Icon
2026-09-10T12:59:01.5066750Z     t =    99.17s Get number of matches for: Descendants matching type Alert
2026-09-10T12:59:01.5402670Z     t =    99.21s Added attachment named 'Actual Home state and dock observation'
2026-09-10T12:59:01.5505950Z     t =    99.21s Requesting snapshot of accessibility hierarchy for app with pid 3203
2026-09-10T12:59:01.5746950Z     t =    99.60s Requesting snapshot of accessibility hierarchy for app with pid 3203
2026-09-10T12:59:01.5919940Z     t =    99.67s Added attachment named 'Actual SpringBoard hierarchy'
2026-09-10T12:59:01.6964900Z     t =    99.88s Added attachment named 'Actual Home screen'
2026-09-10T12:59:01.8949130Z     t =    99.88s Open dev.partydeck.godot.iosretained
2026-09-10T12:59:02.3068670Z     t =    99.88s     Activate dev.partydeck.godot.iosretained
2026-09-10T12:59:02.3734290Z     t =   100.46s         Wait for dev.partydeck.godot.iosretained to idle
2026-09-10T12:59:02.3983750Z     t =   100.47s Find the "retained-metrics" StaticText
2026-09-10T12:59:02.4758760Z     t =   100.66s Added attachment named 'Dormant Home/activate accepted native observation'
2026-09-10T12:59:02.4945490Z     t =   100.66s Tap "host-counter-button" Any
2026-09-10T12:59:02.5049040Z     t =   100.66s     Wait for dev.partydeck.godot.iosretained to idle
2026-09-10T12:59:02.5177340Z     t =   100.66s     Find the "host-counter-button" Any
2026-09-10T12:59:02.5262970Z     t =   100.70s     Check for interrupting elements affecting "host-counter-button" Button
2026-09-10T12:59:02.5364920Z     t =   100.74s     Synthesize event
2026-09-10T12:59:02.8646510Z     t =   101.06s     Wait for dev.partydeck.godot.iosretained to idle
2026-09-10T12:59:02.8812310Z     t =   101.06s Find the "retained-metrics" StaticText
2026-09-10T12:59:02.9298830Z     t =   101.11s Find the "retained-metrics" StaticText
2026-09-10T12:59:02.9734440Z     t =   101.17s Find the "retained-metrics" StaticText
2026-09-10T12:59:03.2088210Z     t =   101.40s Find the "retained-metrics" StaticText
2026-09-10T12:59:03.2556780Z     t =   101.46s Added attachment named 'Measured dormant shell interval'
2026-09-10T12:59:03.2678030Z     t =   101.46s Waiting 15.0s for "start-3d" Any to exist
2026-09-10T12:59:04.2854600Z     t =   102.47s     Checking `Expect predicate `existsNoRetry == 1` for object "start-3d" Any`
2026-09-10T12:59:04.2963410Z     t =   102.47s         Checking existence of `"start-3d" Any`
2026-09-10T12:59:04.3190910Z     t =   102.51s Find the "start-3d" Any
2026-09-10T12:59:04.3435570Z     t =   102.54s Tap "start-3d" Button
2026-09-10T12:59:04.3540190Z     t =   102.54s     Wait for dev.partydeck.godot.iosretained to idle
2026-09-10T12:59:04.3740320Z     t =   102.54s     Find the "start-3d" Button
2026-09-10T12:59:04.3753580Z     t =   102.57s     Check for interrupting elements affecting "start-3d" Button
2026-09-10T12:59:04.4237720Z     t =   102.62s     Synthesize event
2026-09-10T12:59:04.7386990Z     t =   102.92s     Wait for dev.partydeck.godot.iosretained to idle
2026-09-10T12:59:05.8848440Z     t =   104.07s Find the "retained-metrics" StaticText
2026-09-10T12:59:09.0249600Z     t =   107.21s Find the "retained-metrics" StaticText
2026-09-10T12:59:40.0788150Z     t =   138.24s     Find the "retained-metrics" StaticText (retry 1)
2026-09-10T13:00:17.1311180Z     t =   169.53s     Find the "retained-metrics" StaticText (retry 2)
2026-09-10T13:00:24.9001230Z     t =   181.13s Added attachment named 'Last rejected retained wait observation'
2026-09-10T13:00:25.0330250Z     t =   181.13s Find the Target Application 'dev.partydeck.godot.iosretained'
2026-09-10T13:00:38.5306810Z     t =   196.56s Added attachment named 'Failed retained observation'
2026-09-10T13:00:38.5420750Z     t =   196.57s Find the "retained-metrics" StaticText
2026-09-10T13:00:41.1015600Z     t =   199.19s Added attachment named 'Failed retained observation measurements'
2026-09-10T13:00:42.8173360Z /Users/runner/work/PartyDeck/PartyDeck/godot/ios-host/RetainedHostUITests/RetainedHostUITests.swift:529: error: -[RetainedHostUITests.RetainedHostUITests testActiveAndDormantBackgroundTransitionsStayConcealed] : failed - Observe current renderer diagnostics for the retained presentation.
2026-09-10T13:00:42.8539780Z     t =   200.79s Tear Down
2026-09-10T13:00:49.2010090Z Test Case '-[RetainedHostUITests.RetainedHostUITests testActiveAndDormantBackgroundTransitionsStayConcealed]' failed (206.780 seconds).
2026-09-10T13:00:49.2636520Z 2026-09-10 13:00:48.574458+0000 RetainedHostUITests-Runner[9470:33284] [Default] Flushing outgoing messages to the IDE with timeout 600.00s
2026-09-10T13:00:49.3186070Z 2026-09-10 13:00:48.728323+0000 RetainedHostUITests-Runner[9470:33930] [Default] Received confirmation that IDE processed remaining outgoing messages
2026-09-10T13:00:58.2702280Z 2026-09-10 13:00:58.197560+0000 RetainedHostUITests-Runner[15981:51431] [Default] Running tests...
2026-09-10T13:00:59.3401170Z     t =      nans Interface orientation changed to Portrait
2026-09-10T13:01:01.2923270Z 
2026-09-10T13:01:01.2927410Z Restarting after unexpected exit, crash, or test timeout; summary will include totals from previous launches.
2026-09-10T13:01:01.2959220Z 
2026-09-10T13:01:01.6019330Z Test Suite 'Selected tests' started at 2026-09-10 13:01:01.480.
2026-09-10T13:01:01.6036760Z Test Suite 'RetainedHostUITests.xctest' started at 2026-09-10 13:01:01.481.
2026-09-10T13:01:01.6044440Z Test Suite 'RetainedHostUITests' started at 2026-09-10 13:01:01.481.
2026-09-10T13:01:01.6047970Z Test Case '-[RetainedHostUITests.RetainedHostUITests testRepeated2DAnd3DKeepOneDormantEngine]' started.
2026-09-10T13:01:01.6050340Z     t =     0.00s Start Test at 2026-09-10 13:01:01.482
2026-09-10T13:01:01.6051580Z     t =     0.08s Set Up
2026-09-10T13:01:01.6052360Z     t =     0.09s Open dev.partydeck.godot.iosretained
2026-09-10T13:01:01.6056630Z     t =     0.09s     Launch dev.partydeck.godot.iosretained
2026-09-10T13:01:01.7203500Z 2026-09-10 13:01:01.618 xcodebuild[4020:17996] [MT] IDELaunchParametersSnapshot: The operation couldn’t be completed. (DebuggerLLDB.DebuggerVersionStore.StoreError error 0.)
2026-09-10T13:01:01.7205320Z 2026-09-10 13:01:01.618 xcodebuild[4020:17996] [MT] IDELaunchParametersSnapshot: no debugger version
2026-09-10T13:01:15.9726930Z     t =    14.48s         Setting up automation session
2026-09-10T13:01:24.5344940Z     t =    23.01s         Wait for dev.partydeck.godot.iosretained to idle
2026-09-10T13:01:28.2857260Z     t =    26.80s Waiting 15.0s for "retained-shell" Any to exist
2026-09-10T13:01:29.3368030Z     t =    27.85s     Checking `Expect predicate `existsNoRetry == 1` for object "retained-shell" Any`
2026-09-10T13:01:29.3376670Z     t =    27.86s         Checking existence of `"retained-shell" Any`
2026-09-10T13:01:30.4094340Z     t =    28.91s Waiting 15.0s for "start-2d" Any to exist
2026-09-10T13:01:31.4013310Z     t =    29.91s     Checking `Expect predicate `existsNoRetry == 1` for object "start-2d" Any`
2026-09-10T13:01:31.4115210Z     t =    29.91s         Checking existence of `"start-2d" Any`
2026-09-10T13:01:31.4359210Z     t =    29.94s Find the "start-2d" Any
2026-09-10T13:01:31.5023230Z     t =    30.01s Tap "start-2d" Button
2026-09-10T13:01:31.5130260Z     t =    30.01s     Wait for dev.partydeck.godot.iosretained to idle
2026-09-10T13:01:31.5258810Z     t =    30.01s     Find the "start-2d" Button
2026-09-10T13:01:31.5373690Z     t =    30.04s     Check for interrupting elements affecting "start-2d" Button
2026-09-10T13:01:32.3605750Z     t =    30.78s     Synthesize event
2026-09-10T13:01:32.9234330Z     t =    31.22s     Wait for dev.partydeck.godot.iosretained to idle
2026-09-10T13:01:33.8971110Z     t =    32.38s Find the "retained-metrics" StaticText
2026-09-10T13:01:34.8339350Z     t =    32.78s Find the "retained-metrics" StaticText
2026-09-10T13:01:35.6030990Z objc[15981]: Class UIAccessibilityLoaderWebShared is implemented in both /Library/Developer/CoreSimulator/Volumes/iOS_23E254a/Library/Developer/CoreSimulator/Profiles/Runtimes/iOS 26.4.simruntime/Contents/Resources/RuntimeRoot/System/Library/AccessibilityBundles/WebCore.axbundle/WebCore (0x108428310) and /Library/Developer/CoreSimulator/Volumes/iOS_23E254a/Library/Developer/CoreSimulator/Profiles/Runtimes/iOS 26.4.simruntime/Contents/Resources/RuntimeRoot/System/Library/AccessibilityBundles/WebKit.axbundle/WebKit (0x109514398). This may cause spurious casting failures and mysterious crashes. One of the duplicates must be removed or renamed.
2026-09-10T13:01:36.9634440Z     t =    35.43s Find the "retained-metrics" StaticText
2026-09-10T13:01:37.3624970Z     t =    35.85s Find the "retained-metrics" StaticText
2026-09-10T13:01:37.6065700Z     t =    36.11s Find the "retained-metrics" StaticText
2026-09-10T13:01:37.7576790Z     t =    36.26s Find the Target Application 'dev.partydeck.godot.iosretained'
2026-09-10T13:01:37.9725130Z     t =    36.49s Added attachment named 'Entry 1: fresh concealed 2d'
2026-09-10T13:01:37.9739090Z     t =    36.49s Find the "retained-metrics" StaticText
2026-09-10T13:01:38.0030200Z     t =    36.52s Added attachment named 'Entry 1: fresh concealed 2d measurements'
2026-09-10T13:01:38.0045620Z     t =    36.52s Find the "retained-metrics" StaticText
2026-09-10T13:01:38.0399820Z     t =    36.55s Find the "retained-metrics" StaticText
2026-09-10T13:01:38.2785330Z     t =    36.77s Find the "retained-metrics" StaticText
2026-09-10T13:01:38.3924230Z     t =    36.89s Find the "godot-surface" Any
2026-09-10T13:01:38.5633110Z     t =    37.08s Find the "godot-surface" Other
2026-09-10T13:01:38.6496290Z     t =    37.16s Find the "godot-surface" Other
2026-09-10T13:01:38.7055500Z     t =    37.21s Added attachment named 'Measured real touch target'
2026-09-10T13:01:38.7165890Z     t =    37.21s Press "godot-surface" Other[0.50, 0.66] for 0.1 seconds, then drag to "godot-surface" Other[0.50, 0.55] with velocity of 73.00 pixels per second, and then hold for 0.3 seconds 
2026-09-10T13:01:38.7277150Z     t =    37.22s     Wait for dev.partydeck.godot.iosretained to idle
2026-09-10T13:01:38.7376830Z     t =    37.22s     Find the "godot-surface" Other
2026-09-10T13:01:38.7588160Z     t =    37.27s     Check for interrupting elements affecting "godot-surface" Other
2026-09-10T13:01:38.8344930Z     t =    37.34s     Synthesize event
2026-09-10T13:01:38.8452960Z     t =    37.35s         Find the "godot-surface" Other
2026-09-10T13:01:38.9080910Z     t =    37.42s         Find the "godot-surface" Other
2026-09-10T13:01:39.0637440Z     t =    37.57s         Find the "godot-surface" Other
2026-09-10T13:01:39.2563750Z     t =    37.76s         Find the "godot-surface" Other
2026-09-10T13:01:39.4477010Z     t =    37.96s         Find the "godot-surface" Other
2026-09-10T13:01:41.2457970Z     t =    39.74s     Wait for dev.partydeck.godot.iosretained to idle
2026-09-10T13:01:41.2564470Z     t =    39.75s Find the "retained-metrics" StaticText
2026-09-10T13:01:41.3436740Z     t =    39.85s Find the "retained-metrics" StaticText
2026-09-10T13:01:41.5332150Z     t =    40.04s Find the "retained-metrics" StaticText
2026-09-10T13:01:41.5954670Z     t =    40.08s Find the "retained-metrics" StaticText
2026-09-10T13:01:41.8161980Z     t =    40.32s Find the "retained-metrics" StaticText
2026-09-10T13:01:41.9985090Z     t =    40.51s Find the "retained-metrics" StaticText
2026-09-10T13:01:42.2028500Z     t =    40.71s Find the "retained-metrics" StaticText
2026-09-10T13:01:42.2344590Z     t =    40.74s Find the "godot-surface" Any
2026-09-10T13:01:42.3238390Z     t =    40.82s Find the "godot-surface" Other
2026-09-10T13:01:42.3896670Z     t =    40.90s Find the "godot-surface" Other
2026-09-10T13:01:42.4389160Z     t =    40.95s Added attachment named 'Measured real touch target'
2026-09-10T13:01:42.4494770Z     t =    40.96s Find the "retained-metrics" StaticText
2026-09-10T13:01:42.5420200Z     t =    41.04s Tap "godot-surface" Other[0.49, 0.73]
2026-09-10T13:01:42.5524150Z     t =    41.04s     Wait for dev.partydeck.godot.iosretained to idle
2026-09-10T13:01:42.6087910Z     t =    41.06s     Find the "godot-surface" Other
2026-09-10T13:01:42.6202190Z     t =    41.11s     Check for interrupting elements affecting "godot-surface" Other
2026-09-10T13:01:42.6437680Z     t =    41.16s     Synthesize event
2026-09-10T13:01:42.6557970Z     t =    41.16s         Find the "godot-surface" Other
2026-09-10T13:01:42.7507330Z     t =    41.27s         Find the "godot-surface" Other
2026-09-10T13:01:42.8247610Z     t =    41.34s         Find the "godot-surface" Other
2026-09-10T13:01:43.2666300Z     t =    41.72s     Wait for dev.partydeck.godot.iosretained to idle
2026-09-10T13:01:43.7695460Z     t =    42.23s Find the "retained-metrics" StaticText
2026-09-10T13:01:44.3936380Z     t =    42.90s Find the "retained-metrics" StaticText
2026-09-10T13:01:44.4520960Z     t =    42.96s Find the "retained-metrics" StaticText
2026-09-10T13:01:44.5617040Z     t =    43.07s Find the "retained-metrics" StaticText
2026-09-10T13:01:44.7345250Z     t =    43.25s Find the "retained-metrics" StaticText
2026-09-10T13:01:44.9375510Z     t =    43.44s Find the "retained-metrics" StaticText
2026-09-10T13:01:45.1526890Z     t =    43.65s Find the "retained-metrics" StaticText
2026-09-10T13:01:45.2316800Z     t =    43.72s Find the "godot-surface" Any
2026-09-10T13:01:45.3573990Z     t =    43.87s Find the "godot-surface" Other
2026-09-10T13:01:45.4345480Z     t =    43.93s Find the "godot-surface" Other
2026-09-10T13:01:45.4960180Z     t =    44.00s Added attachment named 'Measured real touch target'
2026-09-10T13:01:45.5066820Z     t =    44.01s Find the "retained-metrics" StaticText
2026-09-10T13:01:45.5320100Z     t =    44.04s Tap "godot-surface" Other[0.18, 0.60]
2026-09-10T13:01:45.5436020Z     t =    44.04s     Wait for dev.partydeck.godot.iosretained to idle
2026-09-10T13:01:45.5542680Z     t =    44.04s     Find the "godot-surface" Other
2026-09-10T13:01:45.5867510Z     t =    44.10s     Check for interrupting elements affecting "godot-surface" Other
2026-09-10T13:01:45.6502570Z     t =    44.17s     Synthesize event
2026-09-10T13:01:45.6730650Z     t =    44.18s         Find the "godot-surface" Other
2026-09-10T13:01:45.7382630Z     t =    44.25s         Find the "godot-surface" Other
2026-09-10T13:01:45.8375620Z     t =    44.35s         Find the "godot-surface" Other
2026-09-10T13:01:46.2506490Z     t =    44.76s     Wait for dev.partydeck.godot.iosretained to idle
2026-09-10T13:01:46.3870270Z     t =    44.89s Find the "retained-metrics" StaticText
2026-09-10T13:01:46.5752310Z     t =    45.09s Find the "retained-metrics" StaticText
2026-09-10T13:01:46.6786760Z     t =    45.18s Find the Target Application 'dev.partydeck.godot.iosretained'
2026-09-10T13:01:46.8910020Z     t =    45.39s Added attachment named 'Real reveal and card selection'
2026-09-10T13:01:46.9050350Z     t =    45.40s Find the "retained-metrics" StaticText
2026-09-10T13:01:46.9257180Z     t =    45.44s Added attachment named 'Real reveal and card selection measurements'
2026-09-10T13:01:46.9364330Z     t =    45.44s Find the "retained-metrics" StaticText
2026-09-10T13:01:46.9654330Z     t =    45.48s Find the "retained-metrics" StaticText
2026-09-10T13:01:47.2001530Z     t =    45.67s Find the "retained-metrics" StaticText
2026-09-10T13:01:47.2325660Z     t =    45.74s Find the "godot-surface" Any
2026-09-10T13:01:47.4197360Z     t =    45.93s Find the "godot-surface" Other
2026-09-10T13:01:47.5015750Z     t =    46.01s Find the "godot-surface" Other
2026-09-10T13:01:47.6081420Z     t =    46.12s Added attachment named 'Measured real touch target'
2026-09-10T13:01:47.6183280Z     t =    46.12s Find the "retained-metrics" StaticText
2026-09-10T13:01:47.6532030Z     t =    46.16s Tap "godot-surface" Other[0.50, 0.84]
2026-09-10T13:01:47.6635130Z     t =    46.16s     Wait for dev.partydeck.godot.iosretained to idle
2026-09-10T13:01:47.6737530Z     t =    46.16s     Find the "godot-surface" Other
2026-09-10T13:01:47.7006110Z     t =    46.21s     Check for interrupting elements affecting "godot-surface" Other
2026-09-10T13:01:47.8008720Z     t =    46.31s     Synthesize event
2026-09-10T13:01:47.8114070Z     t =    46.31s         Find the "godot-surface" Other
2026-09-10T13:01:47.8618860Z     t =    46.37s         Find the "godot-surface" Other
2026-09-10T13:01:47.9075590Z     t =    46.42s         Find the "godot-surface" Other
2026-09-10T13:01:48.3974670Z     t =    46.80s     Wait for dev.partydeck.godot.iosretained to idle
2026-09-10T13:01:48.4173000Z     t =    46.89s Find the "retained-metrics" StaticText
2026-09-10T13:01:48.6056890Z     t =    47.11s Find the "retained-metrics" StaticText
2026-09-10T13:01:48.7889890Z     t =    47.30s Find the "retained-metrics" StaticText
2026-09-10T13:01:48.9832270Z     t =    47.50s Find the "retained-metrics" StaticText
2026-09-10T13:01:49.1746650Z     t =    47.68s Find the "retained-metrics" StaticText
2026-09-10T13:01:49.3568390Z     t =    47.87s Find the "retained-metrics" StaticText
2026-09-10T13:01:49.4070860Z     t =    47.92s Find the Target Application 'dev.partydeck.godot.iosretained'
2026-09-10T13:01:49.6033600Z     t =    48.12s Added attachment named 'Real play accepted by the Kotlin authority'
2026-09-10T13:01:49.6150950Z     t =    48.12s Find the "retained-metrics" StaticText
2026-09-10T13:01:49.6500220Z     t =    48.15s Added attachment named 'Real play accepted by the Kotlin authority measurements'
2026-09-10T13:01:49.6672960Z     t =    48.15s Find the "retained-metrics" StaticText
2026-09-10T13:01:49.6964490Z     t =    48.21s Find the "retained-metrics" StaticText
2026-09-10T13:01:49.8813290Z     t =    48.39s Find the "retained-metrics" StaticText
2026-09-10T13:01:50.0971490Z     t =    48.61s Find the "retained-metrics" StaticText
2026-09-10T13:01:50.1251920Z     t =    48.64s Find the "godot-surface" Any
2026-09-10T13:01:50.2034070Z     t =    48.72s Find the "godot-surface" Other
2026-09-10T13:01:50.2766100Z     t =    48.78s Find the "godot-surface" Other
2026-09-10T13:01:50.3126840Z     t =    48.83s Added attachment named 'Measured real touch target'
2026-09-10T13:01:50.3172730Z     t =    48.83s Find the "retained-metrics" StaticText
2026-09-10T13:01:50.3412050Z     t =    48.85s Tap "godot-surface" Other[0.15, 0.06]
2026-09-10T13:01:50.3513870Z     t =    48.85s     Wait for dev.partydeck.godot.iosretained to idle
2026-09-10T13:01:50.3618260Z     t =    48.85s     Find the "godot-surface" Other
2026-09-10T13:01:50.3835480Z     t =    48.89s     Check for interrupting elements affecting "godot-surface" Other
2026-09-10T13:01:50.4454970Z     t =    48.95s     Synthesize event
2026-09-10T13:01:50.4556520Z     t =    48.96s         Find the "godot-surface" Other
2026-09-10T13:01:50.5091880Z     t =    49.02s         Find the "godot-surface" Other
2026-09-10T13:01:50.5516100Z     t =    49.06s         Find the "godot-surface" Other
2026-09-10T13:01:50.9031520Z     t =    49.41s     Wait for dev.partydeck.godot.iosretained to idle
2026-09-10T13:01:51.0140900Z     t =    49.50s Find the "retained-metrics" StaticText
2026-09-10T13:01:51.2586810Z     t =    49.77s Find the "retained-metrics" StaticText
2026-09-10T13:01:51.5161390Z     t =    50.03s Find the "retained-metrics" StaticText
2026-09-10T13:01:51.7122800Z     t =    50.22s Find the "retained-metrics" StaticText
2026-09-10T13:01:52.5762070Z     t =    51.08s Checking existence of `"retained-shell" Any`
2026-09-10T13:01:52.6050320Z     t =    51.12s Checking existence of `"godot-surface" Any`
2026-09-10T13:01:52.6495450Z     t =    51.17s Find the Target Application 'dev.partydeck.godot.iosretained'
2026-09-10T13:01:52.8701390Z     t =    51.37s Added attachment named 'Whole recipient scene retired; retained services dormant'
2026-09-10T13:01:52.8826240Z     t =    51.38s Find the "retained-metrics" StaticText
2026-09-10T13:01:52.9543400Z     t =    51.44s Added attachment named 'Whole recipient scene retired; retained services dormant measurements'
2026-09-10T13:01:52.9671040Z     t =    51.44s Tap "host-counter-button" Any
2026-09-10T13:01:52.9813850Z     t =    51.44s     Wait for dev.partydeck.godot.iosretained to idle
2026-09-10T13:01:52.9919530Z     t =    51.44s     Find the "host-counter-button" Any
2026-09-10T13:01:53.0372410Z     t =    51.52s     Check for interrupting elements affecting "host-counter-button" Button
2026-09-10T13:01:53.1106460Z     t =    51.60s     Synthesize event
2026-09-10T13:01:53.4235780Z     t =    51.94s     Wait for dev.partydeck.godot.iosretained to idle
2026-09-10T13:01:53.4360600Z     t =    51.94s Find the "retained-metrics" StaticText
2026-09-10T13:01:53.4984520Z     t =    51.99s Find the "retained-metrics" StaticText
2026-09-10T13:01:53.5313190Z     t =    52.04s Find the "retained-metrics" StaticText
2026-09-10T13:01:53.7251490Z     t =    52.23s Find the "retained-metrics" StaticText
2026-09-10T13:01:53.7629680Z     t =    52.28s Added attachment named 'Measured dormant shell interval'
2026-09-10T13:01:53.7633990Z     t =    52.28s Waiting 15.0s for "start-3d" Any to exist
2026-09-10T13:01:54.8688660Z     t =    53.34s     Checking `Expect predicate `existsNoRetry == 1` for object "start-3d" Any`
2026-09-10T13:01:54.8728260Z     t =    53.36s         Checking existence of `"start-3d" Any`
2026-09-10T13:01:54.9204930Z     t =    53.43s Find the "start-3d" Any
2026-09-10T13:01:54.9682610Z     t =    53.48s Tap "start-3d" Button
2026-09-10T13:01:54.9699370Z     t =    53.48s     Wait for dev.partydeck.godot.iosretained to idle
2026-09-10T13:01:54.9706630Z     t =    53.48s     Find the "start-3d" Button
2026-09-10T13:01:55.0069420Z     t =    53.52s     Check for interrupting elements affecting "start-3d" Button
2026-09-10T13:01:55.0835650Z     t =    53.60s     Synthesize event
2026-09-10T13:01:55.4141660Z     t =    53.92s     Wait for dev.partydeck.godot.iosretained to idle
2026-09-10T13:01:56.5424490Z     t =    55.05s Find the "retained-metrics" StaticText
2026-09-10T13:01:57.8132380Z     t =    56.30s Find the "retained-metrics" StaticText
2026-09-10T13:02:23.8251960Z     t =    82.20s Find the "retained-metrics" StaticText
2026-09-10T13:02:36.6298490Z     t =    95.13s Find the "retained-metrics" StaticText
2026-09-10T13:02:37.7440850Z     t =    96.25s Find the "retained-metrics" StaticText
2026-09-10T13:02:37.8339480Z     t =    96.33s Find the Target Application 'dev.partydeck.godot.iosretained'
2026-09-10T13:02:38.1814970Z     t =    96.63s Added attachment named 'Entry 2: fresh concealed 3d'
2026-09-10T13:02:38.1924320Z     t =    96.63s Find the "retained-metrics" StaticText
2026-09-10T13:02:38.2551320Z     t =    96.75s Added attachment named 'Entry 2: fresh concealed 3d measurements'
2026-09-10T13:02:38.2662630Z     t =    96.76s Find the "retained-metrics" StaticText
2026-09-10T13:02:38.3981960Z     t =    96.90s Find the "retained-metrics" StaticText
2026-09-10T13:02:38.5868800Z     t =    97.10s Find the "retained-metrics" StaticText
2026-09-10T13:02:38.6568540Z     t =    97.16s Find the "godot-surface" Any
2026-09-10T13:02:38.8686580Z     t =    97.37s Find the "godot-surface" Other
2026-09-10T13:02:38.9683960Z     t =    97.47s Find the "godot-surface" Other
2026-09-10T13:02:39.0387860Z     t =    97.54s Added attachment named 'Measured real touch target'
2026-09-10T13:02:39.0492930Z     t =    97.54s Find the "retained-metrics" StaticText
2026-09-10T13:02:39.0817840Z     t =    97.59s Tap "godot-surface" Other[0.58, 0.07]
2026-09-10T13:02:39.0939360Z     t =    97.59s     Wait for dev.partydeck.godot.iosretained to idle
2026-09-10T13:02:39.1049190Z     t =    97.59s     Find the "godot-surface" Other
2026-09-10T13:02:39.2008950Z     t =    97.69s     Check for interrupting elements affecting "godot-surface" Other
2026-09-10T13:02:39.2489680Z     t =    97.76s     Synthesize event
2026-09-10T13:02:39.2596670Z     t =    97.76s         Find the "godot-surface" Other
2026-09-10T13:02:39.3420580Z     t =    97.85s         Find the "godot-surface" Other
2026-09-10T13:02:39.4323810Z     t =    97.94s         Find the "godot-surface" Other
2026-09-10T13:02:39.9039480Z     t =    98.40s     Wait for dev.partydeck.godot.iosretained to idle
2026-09-10T13:02:54.0868030Z     t =   112.53s Find the "retained-metrics" StaticText
2026-09-10T13:02:55.0871880Z     t =   113.59s Find the "retained-metrics" StaticText
2026-09-10T13:02:55.1522260Z     t =   113.66s Find the "retained-metrics" StaticText
2026-09-10T13:02:55.3343200Z     t =   113.84s Find the "retained-metrics" StaticText
2026-09-10T13:02:55.4197200Z     t =   113.93s Find the "godot-surface" Any
2026-09-10T13:02:55.5291400Z     t =   114.03s Find the "godot-surface" Other
2026-09-10T13:02:55.6233880Z     t =   114.12s Find the "godot-surface" Other
2026-09-10T13:02:55.7038540Z     t =   114.21s Added attachment named 'Measured real touch target'
2026-09-10T13:02:55.7145160Z     t =   114.21s Find the "retained-metrics" StaticText
2026-09-10T13:02:55.7720240Z     t =   114.27s Tap "godot-surface" Other[0.17, 0.65]
2026-09-10T13:02:55.7828570Z     t =   114.28s     Wait for dev.partydeck.godot.iosretained to idle
2026-09-10T13:02:55.7930010Z     t =   114.28s     Find the "godot-surface" Other
2026-09-10T13:02:55.8446260Z     t =   114.33s     Check for interrupting elements affecting "godot-surface" Other
2026-09-10T13:02:55.8761220Z     t =   114.39s     Synthesize event
2026-09-10T13:02:55.8865080Z     t =   114.40s         Find the "godot-surface" Other
2026-09-10T13:02:55.9454530Z     t =   114.46s         Find the "godot-surface" Other
2026-09-10T13:02:56.0238970Z     t =   114.53s         Find the "godot-surface" Other
2026-09-10T13:02:56.4138520Z     t =   114.92s     Wait for dev.partydeck.godot.iosretained to idle
2026-09-10T13:03:10.7863390Z     t =   129.23s Find the "retained-metrics" StaticText
2026-09-10T13:03:11.6042620Z     t =   130.10s Find the Target Application 'dev.partydeck.godot.iosretained'
2026-09-10T13:03:11.8066310Z     t =   130.31s Added attachment named 'Real reveal and card selection'
2026-09-10T13:03:11.8175160Z     t =   130.32s Find the "retained-metrics" StaticText
2026-09-10T13:03:11.9084390Z     t =   130.41s Added attachment named 'Real reveal and card selection measurements'
2026-09-10T13:03:11.9187900Z     t =   130.41s Find the "retained-metrics" StaticText
2026-09-10T13:03:11.9566820Z     t =   130.46s Find the "retained-metrics" StaticText
2026-09-10T13:03:12.1402190Z     t =   130.65s Find the "retained-metrics" StaticText
2026-09-10T13:03:12.3522900Z     t =   130.86s Find the "retained-metrics" StaticText
2026-09-10T13:03:12.5714500Z     t =   131.08s Find the "retained-metrics" StaticText
2026-09-10T13:03:12.5989510Z     t =   131.12s Find the "godot-surface" Any
2026-09-10T13:03:12.6991720Z     t =   131.21s Find the "godot-surface" Other
2026-09-10T13:03:12.7734400Z     t =   131.28s Find the "godot-surface" Other
2026-09-10T13:03:12.8430270Z     t =   131.35s Added attachment named 'Measured real touch target'
2026-09-10T13:03:12.8470730Z     t =   131.35s Find the "retained-metrics" StaticText
2026-09-10T13:03:12.8863670Z     t =   131.39s Tap "godot-surface" Other[0.50, 0.88]
2026-09-10T13:03:12.8966680Z     t =   131.39s     Wait for dev.partydeck.godot.iosretained to idle
2026-09-10T13:03:12.9071720Z     t =   131.39s     Find the "godot-surface" Other
2026-09-10T13:03:12.9549820Z     t =   131.45s     Check for interrupting elements affecting "godot-surface" Other
2026-09-10T13:03:13.0007800Z     t =   131.51s     Synthesize event
2026-09-10T13:03:13.0011260Z     t =   131.52s         Find the "godot-surface" Other
2026-09-10T13:03:13.0677570Z     t =   131.58s         Find the "godot-surface" Other
2026-09-10T13:03:13.1198270Z     t =   131.63s         Find the "godot-surface" Other
2026-09-10T13:03:13.5030880Z     t =   132.01s     Wait for dev.partydeck.godot.iosretained to idle
2026-09-10T13:03:42.2005540Z     t =   160.50s Find the "retained-metrics" StaticText
2026-09-10T13:03:42.4785280Z     t =   160.92s Find the Target Application 'dev.partydeck.godot.iosretained'
2026-09-10T13:03:43.0499090Z     t =   161.26s Added attachment named 'Real play accepted by the Kotlin authority'
2026-09-10T13:03:43.0499940Z     t =   161.26s Find the "retained-metrics" StaticText
2026-09-10T13:03:43.3526440Z     t =   161.80s Added attachment named 'Real play accepted by the Kotlin authority measurements'
2026-09-10T13:03:43.3967660Z     t =   161.80s Find the "retained-metrics" StaticText
2026-09-10T13:03:43.7630690Z     t =   162.19s Find the "retained-metrics" StaticText
2026-09-10T13:03:44.3547440Z     t =   162.78s Find the "godot-surface" Any
2026-09-10T13:03:45.1576480Z     t =   163.57s Find the "godot-surface" Other
2026-09-10T13:03:46.0731800Z     t =   164.48s Find the "godot-surface" Other
2026-09-10T13:03:46.7324210Z     t =   165.17s Added attachment named 'Measured real touch target'
2026-09-10T13:03:46.7629070Z     t =   165.17s Find the "retained-metrics" StaticText
2026-09-10T13:03:47.1870840Z     t =   165.62s Tap "godot-surface" Other[0.11, 0.07]
2026-09-10T13:03:47.1977730Z     t =   165.62s     Wait for dev.partydeck.godot.iosretained to idle
2026-09-10T13:03:47.2391240Z     t =   165.63s     Find the "godot-surface" Other
2026-09-10T13:03:47.7771690Z     t =   166.18s     Check for interrupting elements affecting "godot-surface" Other
2026-09-10T13:03:48.0735550Z     t =   166.49s     Synthesize event
2026-09-10T13:03:48.1086550Z     t =   166.55s         Find the "godot-surface" Other
2026-09-10T13:03:48.6265980Z     t =   167.07s         Find the "godot-surface" Other
2026-09-10T13:03:49.0984770Z     t =   167.52s         Find the "godot-surface" Other
2026-09-10T13:03:50.6102880Z     t =   168.30s     Wait for dev.partydeck.godot.iosretained to idle
2026-09-10T13:03:50.9090680Z     t =   169.07s Find the "retained-metrics" StaticText
2026-09-10T13:03:51.4348950Z     t =   169.90s Find the "retained-metrics" StaticText
2026-09-10T13:03:51.7646950Z     t =   170.25s Find the "retained-metrics" StaticText
2026-09-10T13:03:52.0580300Z     t =   170.54s Find the "retained-metrics" StaticText
2026-09-10T13:03:52.3459130Z     t =   170.83s Checking existence of `"retained-shell" Any`
2026-09-10T13:03:52.4743530Z     t =   170.96s Checking existence of `"godot-surface" Any`
2026-09-10T13:03:52.5826560Z     t =   171.08s Find the Target Application 'dev.partydeck.godot.iosretained'
2026-09-10T13:03:52.7946910Z     t =   171.29s Added attachment named 'Whole recipient scene retired; retained services dormant'
2026-09-10T13:03:52.7948010Z     t =   171.29s Find the "retained-metrics" StaticText
2026-09-10T13:03:52.9086700Z     t =   171.40s Added attachment named 'Whole recipient scene retired; retained services dormant measurements'
2026-09-10T13:03:52.9198320Z     t =   171.41s Tap "host-counter-button" Any
2026-09-10T13:03:52.9447770Z     t =   171.41s     Wait for dev.partydeck.godot.iosretained to idle
2026-09-10T13:03:52.9566890Z     t =   171.41s     Find the "host-counter-button" Any
2026-09-10T13:03:53.1146040Z     t =   171.52s     Check for interrupting elements affecting "host-counter-button" Button
2026-09-10T13:03:53.2907040Z     t =   171.77s     Synthesize event
2026-09-10T13:03:53.6536720Z     t =   172.13s     Wait for dev.partydeck.godot.iosretained to idle
2026-09-10T13:03:53.6647570Z     t =   172.14s Find the "retained-metrics" StaticText
2026-09-10T13:03:53.7555760Z     t =   172.24s Find the "retained-metrics" StaticText
2026-09-10T13:03:53.8346360Z     t =   172.34s Find the "retained-metrics" StaticText
2026-09-10T13:03:54.0834720Z     t =   172.58s Find the "retained-metrics" StaticText
2026-09-10T13:03:54.1679990Z     t =   172.65s Added attachment named 'Measured dormant shell interval'
2026-09-10T13:03:54.1788920Z     t =   172.65s Waiting 15.0s for "start-2d" Any to exist
2026-09-10T13:03:55.1586520Z     t =   173.67s     Checking `Expect predicate `existsNoRetry == 1` for object "start-2d" Any`
2026-09-10T13:03:55.1826720Z     t =   173.67s         Checking existence of `"start-2d" Any`
2026-09-10T13:03:55.2809190Z     t =   173.79s Find the "start-2d" Any
2026-09-10T13:03:55.4242500Z     t =   173.93s Tap "start-2d" Button
2026-09-10T13:03:55.4378480Z     t =   173.93s     Wait for dev.partydeck.godot.iosretained to idle
2026-09-10T13:03:55.4548570Z     t =   173.93s     Find the "start-2d" Button
2026-09-10T13:03:55.5638920Z     t =   174.03s     Check for interrupting elements affecting "start-2d" Button
2026-09-10T13:03:55.6836950Z     t =   174.17s     Synthesize event
2026-09-10T13:03:56.9532390Z     t =   174.52s     Wait for dev.partydeck.godot.iosretained to idle
2026-09-10T13:03:56.9548100Z     t =   174.80s Find the "retained-metrics" StaticText
2026-09-10T13:03:57.2398850Z     t =   175.73s Find the Target Application 'dev.partydeck.godot.iosretained'
2026-09-10T13:03:57.6549570Z     t =   175.99s Added attachment named 'Entry 3: fresh concealed 2d'
2026-09-10T13:03:57.6669740Z     t =   176.00s Find the "retained-metrics" StaticText
2026-09-10T13:03:57.8188900Z     t =   176.31s Added attachment named 'Entry 3: fresh concealed 2d measurements'
2026-09-10T13:03:57.8304070Z     t =   176.31s Find the "retained-metrics" StaticText
2026-09-10T13:03:58.0586420Z     t =   176.53s Find the "retained-metrics" StaticText
2026-09-10T13:03:58.4923150Z     t =   176.97s Find the "retained-metrics" StaticText
2026-09-10T13:03:58.7328100Z     t =   177.22s Find the "retained-metrics" StaticText
2026-09-10T13:03:58.8383730Z     t =   177.34s Find the "godot-surface" Any
2026-09-10T13:03:59.1588250Z     t =   177.64s Find the "godot-surface" Other
2026-09-10T13:03:59.3948370Z     t =   177.88s Find the "godot-surface" Other
2026-09-10T13:03:59.5968100Z     t =   178.10s Added attachment named 'Measured real touch target'
2026-09-10T13:03:59.6124670Z     t =   178.10s Press "godot-surface" Other[0.50, 0.66] for 0.1 seconds, then drag to "godot-surface" Other[0.50, 0.55] with velocity of 73.00 pixels per second, and then hold for 0.3 seconds 
2026-09-10T13:03:59.6336100Z     t =   178.10s     Wait for dev.partydeck.godot.iosretained to idle
2026-09-10T13:03:59.6441570Z     t =   178.12s     Find the "godot-surface" Other
2026-09-10T13:03:59.8491600Z     t =   178.32s     Check for interrupting elements affecting "godot-surface" Other
2026-09-10T13:03:59.9599900Z     t =   178.43s     Synthesize event
2026-09-10T13:03:59.9923740Z     t =   178.44s         Find the "godot-surface" Other
2026-09-10T13:04:00.3185620Z     t =   178.79s         Find the "godot-surface" Other
2026-09-10T13:04:00.5814430Z     t =   179.08s         Find the "godot-surface" Other
2026-09-10T13:04:00.8329650Z     t =   179.31s         Find the "godot-surface" Other
2026-09-10T13:04:01.0241540Z     t =   179.52s         Find the "godot-surface" Other
2026-09-10T13:04:02.9949840Z     t =   181.43s     Wait for dev.partydeck.godot.iosretained to idle
2026-09-10T13:04:03.0097180Z     t =   181.44s Find the "retained-metrics" StaticText
2026-09-10T13:04:03.3270320Z     t =   181.79s Find the "retained-metrics" StaticText
2026-09-10T13:04:03.4160940Z     t =   181.92s Find the "retained-metrics" StaticText
2026-09-10T13:04:03.6176300Z     t =   182.13s Find the "retained-metrics" StaticText
2026-09-10T13:04:03.7575780Z     t =   182.26s Find the "godot-surface" Any
2026-09-10T13:04:04.0893240Z     t =   182.55s Find the "godot-surface" Other
2026-09-10T13:04:04.2906500Z     t =   182.77s Find the "godot-surface" Other
2026-09-10T13:04:04.4298970Z     t =   182.93s Added attachment named 'Measured real touch target'
2026-09-10T13:04:04.4420150Z     t =   182.93s Find the "retained-metrics" StaticText
2026-09-10T13:04:04.5569520Z     t =   183.03s Tap "godot-surface" Other[0.49, 0.73]
2026-09-10T13:04:04.5722520Z     t =   183.03s     Wait for dev.partydeck.godot.iosretained to idle
2026-09-10T13:04:04.5886110Z     t =   183.06s     Find the "godot-surface" Other
2026-09-10T13:04:04.7354460Z     t =   183.22s     Check for interrupting elements affecting "godot-surface" Other
2026-09-10T13:04:04.8676560Z     t =   183.35s     Synthesize event
2026-09-10T13:04:04.8788340Z     t =   183.35s         Find the "godot-surface" Other
2026-09-10T13:04:05.0367580Z     t =   183.52s         Find the "godot-surface" Other
2026-09-10T13:04:05.1904680Z     t =   183.68s         Find the "godot-surface" Other
2026-09-10T13:04:05.6477480Z     t =   184.13s     Wait for dev.partydeck.godot.iosretained to idle
2026-09-10T13:04:05.7938780Z     t =   184.26s Find the "retained-metrics" StaticText
2026-09-10T13:04:06.1526680Z     t =   184.64s Find the "retained-metrics" StaticText
2026-09-10T13:04:06.3449740Z     t =   184.85s Find the "retained-metrics" StaticText
2026-09-10T13:04:06.3909550Z     t =   184.90s Find the "retained-metrics" StaticText
2026-09-10T13:04:06.4501870Z     t =   184.96s Find the "retained-metrics" StaticText
2026-09-10T13:04:06.7207500Z     t =   185.20s Find the "retained-metrics" StaticText
2026-09-10T13:04:06.9664370Z     t =   185.48s Find the "retained-metrics" StaticText
2026-09-10T13:04:07.0072600Z     t =   185.52s Find the "godot-surface" Any
2026-09-10T13:04:07.0859330Z     t =   185.60s Find the "godot-surface" Other
2026-09-10T13:04:07.1559330Z     t =   185.67s Find the "godot-surface" Other
2026-09-10T13:04:07.2652630Z     t =   185.76s Added attachment named 'Measured real touch target'
2026-09-10T13:04:07.2759230Z     t =   185.76s Find the "retained-metrics" StaticText
2026-09-10T13:04:07.3664430Z     t =   185.87s Tap "godot-surface" Other[0.18, 0.60]
2026-09-10T13:04:07.3834530Z     t =   185.87s     Wait for dev.partydeck.godot.iosretained to idle
2026-09-10T13:04:07.3836190Z     t =   185.88s     Find the "godot-surface" Other
2026-09-10T13:04:07.4348340Z     t =   185.95s     Check for interrupting elements affecting "godot-surface" Other
2026-09-10T13:04:07.4788360Z     t =   185.99s     Synthesize event
2026-09-10T13:04:07.4966720Z     t =   185.99s         Find the "godot-surface" Other
2026-09-10T13:04:07.5630180Z     t =   186.07s         Find the "godot-surface" Other
2026-09-10T13:04:07.6447530Z     t =   186.14s         Find the "godot-surface" Other
2026-09-10T13:04:08.0414840Z     t =   186.53s     Wait for dev.partydeck.godot.iosretained to idle
2026-09-10T13:04:08.2274340Z     t =   186.68s Find the "retained-metrics" StaticText
2026-09-10T13:04:08.4542090Z     t =   186.97s Find the "retained-metrics" StaticText
2026-09-10T13:04:08.5133350Z     t =   187.02s Find the Target Application 'dev.partydeck.godot.iosretained'
2026-09-10T13:04:08.7137380Z     t =   187.22s Added attachment named 'Real reveal and card selection'
2026-09-10T13:04:08.7140610Z     t =   187.22s Find the "retained-metrics" StaticText
2026-09-10T13:04:08.7449780Z     t =   187.25s Added attachment named 'Real reveal and card selection measurements'
2026-09-10T13:04:08.7558380Z     t =   187.26s Find the "retained-metrics" StaticText
2026-09-10T13:04:08.8302890Z     t =   187.30s Find the "retained-metrics" StaticText
2026-09-10T13:04:08.9114010Z     t =   187.42s Find the "godot-surface" Any
2026-09-10T13:04:09.0271730Z     t =   187.54s Find the "godot-surface" Other
2026-09-10T13:04:09.1221090Z     t =   187.63s Find the "godot-surface" Other
2026-09-10T13:04:09.2213690Z     t =   187.72s Added attachment named 'Measured real touch target'
2026-09-10T13:04:09.2324860Z     t =   187.72s Find the "retained-metrics" StaticText
2026-09-10T13:04:09.2658430Z     t =   187.76s Tap "godot-surface" Other[0.50, 0.84]
2026-09-10T13:04:09.2664160Z     t =   187.76s     Wait for dev.partydeck.godot.iosretained to idle
2026-09-10T13:04:09.2769070Z     t =   187.76s     Find the "godot-surface" Other
2026-09-10T13:04:09.3145170Z     t =   187.83s     Check for interrupting elements affecting "godot-surface" Other
2026-09-10T13:04:09.3724450Z     t =   187.88s     Synthesize event
2026-09-10T13:04:09.3908570Z     t =   187.88s         Find the "godot-surface" Other
2026-09-10T13:04:09.4519710Z     t =   187.97s         Find the "godot-surface" Other
2026-09-10T13:04:09.5263590Z     t =   188.03s         Find the "godot-surface" Other
2026-09-10T13:04:09.9038680Z     t =   188.39s     Wait for dev.partydeck.godot.iosretained to idle
2026-09-10T13:04:10.0362070Z     t =   188.52s Find the "retained-metrics" StaticText
2026-09-10T13:04:10.2406760Z     t =   188.73s Find the "retained-metrics" StaticText
2026-09-10T13:04:10.4577610Z     t =   188.97s Find the "retained-metrics" StaticText
2026-09-10T13:04:10.6857490Z     t =   189.20s Find the "retained-metrics" StaticText
2026-09-10T13:04:10.8882220Z     t =   189.40s Find the "retained-metrics" StaticText
2026-09-10T13:04:10.9458060Z     t =   189.45s Find the Target Application 'dev.partydeck.godot.iosretained'
2026-09-10T13:04:11.1740590Z     t =   189.68s Added attachment named 'Real play accepted by the Kotlin authority'
2026-09-10T13:04:11.1792860Z     t =   189.68s Find the "retained-metrics" StaticText
2026-09-10T13:04:11.2408660Z     t =   189.73s Added attachment named 'Real play accepted by the Kotlin authority measurements'
2026-09-10T13:04:11.2417470Z     t =   189.73s Find the "retained-metrics" StaticText
2026-09-10T13:04:11.3079470Z     t =   189.79s Find the "retained-metrics" StaticText
2026-09-10T13:04:11.5149010Z     t =   190.02s Find the "retained-metrics" StaticText
2026-09-10T13:04:11.5652050Z     t =   190.06s Find the "godot-surface" Any
2026-09-10T13:04:11.6384250Z     t =   190.14s Find the "godot-surface" Other
2026-09-10T13:04:11.7051960Z     t =   190.21s Find the "godot-surface" Other
2026-09-10T13:04:11.7706230Z     t =   190.28s Added attachment named 'Measured real touch target'
2026-09-10T13:04:11.7858120Z     t =   190.28s Find the "retained-metrics" StaticText
2026-09-10T13:04:11.8528430Z     t =   190.33s Tap "godot-surface" Other[0.15, 0.06]
2026-09-10T13:04:11.8534820Z     t =   190.33s     Wait for dev.partydeck.godot.iosretained to idle
2026-09-10T13:04:11.8675320Z     t =   190.34s     Find the "godot-surface" Other
2026-09-10T13:04:11.9296940Z     t =   190.41s     Check for interrupting elements affecting "godot-surface" Other
2026-09-10T13:04:11.9801160Z     t =   190.49s     Synthesize event
2026-09-10T13:04:11.9907510Z     t =   190.50s         Find the "godot-surface" Other
2026-09-10T13:04:12.0834140Z     t =   190.58s         Find the "godot-surface" Other
2026-09-10T13:04:12.1731660Z     t =   190.67s         Find the "godot-surface" Other
2026-09-10T13:04:12.5911040Z     t =   191.09s     Wait for dev.partydeck.godot.iosretained to idle
2026-09-10T13:04:13.0459020Z     t =   191.55s Find the "retained-metrics" StaticText
2026-09-10T13:04:13.2455850Z     t =   191.76s Find the "retained-metrics" StaticText
2026-09-10T13:04:13.4440590Z     t =   191.96s Find the "retained-metrics" StaticText
2026-09-10T13:04:13.6995080Z     t =   192.17s Find the "retained-metrics" StaticText
2026-09-10T13:04:13.7603600Z     t =   192.26s Checking existence of `"retained-shell" Any`
2026-09-10T13:04:13.7918870Z     t =   192.30s Checking existence of `"godot-surface" Any`
2026-09-10T13:04:13.8563980Z     t =   192.36s Find the Target Application 'dev.partydeck.godot.iosretained'
2026-09-10T13:04:14.0430990Z     t =   192.56s Added attachment named 'Whole recipient scene retired; retained services dormant'
2026-09-10T13:04:14.0443120Z     t =   192.56s Find the "retained-metrics" StaticText
2026-09-10T13:04:14.0894780Z     t =   192.61s Added attachment named 'Whole recipient scene retired; retained services dormant measurements'
2026-09-10T13:04:14.0901030Z     t =   192.61s Tap "host-counter-button" Any
2026-09-10T13:04:14.0902920Z     t =   192.61s     Wait for dev.partydeck.godot.iosretained to idle
2026-09-10T13:04:14.0953700Z     t =   192.61s     Find the "host-counter-button" Any
2026-09-10T13:04:14.1479500Z     t =   192.65s     Check for interrupting elements affecting "host-counter-button" Button
2026-09-10T13:04:14.2073250Z     t =   192.70s     Synthesize event
2026-09-10T13:04:14.5689180Z     t =   193.03s     Wait for dev.partydeck.godot.iosretained to idle
2026-09-10T13:04:14.5792230Z     t =   193.04s Find the "retained-metrics" StaticText
2026-09-10T13:04:14.7155940Z     t =   193.20s Find the "retained-metrics" StaticText
2026-09-10T13:04:14.9326980Z     t =   193.44s Find the "retained-metrics" StaticText
2026-09-10T13:04:14.9776890Z     t =   193.47s Find the "retained-metrics" StaticText
2026-09-10T13:04:15.1662020Z     t =   193.67s Find the "retained-metrics" StaticText
2026-09-10T13:04:15.2119430Z     t =   193.71s Added attachment named 'Measured dormant shell interval'
2026-09-10T13:04:15.2120060Z     t =   193.71s Waiting 15.0s for "start-3d" Any to exist
2026-09-10T13:04:16.2595220Z     t =   194.75s     Checking `Expect predicate `existsNoRetry == 1` for object "start-3d" Any`
2026-09-10T13:04:16.2705460Z     t =   194.75s         Checking existence of `"start-3d" Any`
2026-09-10T13:04:16.3308470Z     t =   194.84s Find the "start-3d" Any
2026-09-10T13:04:16.4523630Z     t =   194.95s Tap "start-3d" Button
2026-09-10T13:04:16.4633020Z     t =   194.95s     Wait for dev.partydeck.godot.iosretained to idle
2026-09-10T13:04:16.4841740Z     t =   194.95s     Find the "start-3d" Button
2026-09-10T13:04:16.5196840Z     t =   195.01s     Check for interrupting elements affecting "start-3d" Button
2026-09-10T13:04:16.5895160Z     t =   195.08s     Synthesize event
2026-09-10T13:04:16.9321850Z     t =   195.42s     Wait for dev.partydeck.godot.iosretained to idle
2026-09-10T13:04:25.4529510Z     t =   203.84s Find the "retained-metrics" StaticText
2026-09-10T13:04:26.7140620Z     t =   205.22s Find the "retained-metrics" StaticText
2026-09-10T13:04:26.8596440Z     t =   205.34s Find the Target Application 'dev.partydeck.godot.iosretained'
2026-09-10T13:04:27.0401210Z     t =   205.54s Added attachment named 'Entry 4: fresh concealed 3d'
2026-09-10T13:04:27.0595110Z     t =   205.54s Find the "retained-metrics" StaticText
2026-09-10T13:04:27.1873460Z     t =   205.69s Added attachment named 'Entry 4: fresh concealed 3d measurements'
2026-09-10T13:04:27.2111410Z     t =   205.69s Find the "retained-metrics" StaticText
2026-09-10T13:04:27.3366740Z     t =   205.80s Find the "retained-metrics" StaticText
2026-09-10T13:04:27.6236350Z     t =   206.12s Find the "retained-metrics" StaticText
2026-09-10T13:04:27.7464510Z     t =   206.22s Find the "godot-surface" Any
2026-09-10T13:04:28.0336560Z     t =   206.51s Find the "godot-surface" Other
2026-09-10T13:04:28.2473140Z     t =   206.73s Find the "godot-surface" Other
2026-09-10T13:04:28.4558140Z     t =   206.96s Added attachment named 'Measured real touch target'
2026-09-10T13:04:28.4667080Z     t =   206.96s Find the "retained-metrics" StaticText
2026-09-10T13:04:28.5229530Z     t =   207.02s Tap "godot-surface" Other[0.58, 0.07]
2026-09-10T13:04:28.5340100Z     t =   207.02s     Wait for dev.partydeck.godot.iosretained to idle
2026-09-10T13:04:28.5449950Z     t =   207.02s     Find the "godot-surface" Other
2026-09-10T13:04:28.6679400Z     t =   207.13s     Check for interrupting elements affecting "godot-surface" Other
2026-09-10T13:04:28.8382670Z     t =   207.30s     Synthesize event
2026-09-10T13:04:28.8507770Z     t =   207.35s         Find the "godot-surface" Other
2026-09-10T13:04:29.0585930Z     t =   207.56s         Find the "godot-surface" Other
2026-09-10T13:04:29.2119390Z     t =   207.71s         Find the "godot-surface" Other
2026-09-10T13:04:29.6571740Z     t =   208.13s     Wait for dev.partydeck.godot.iosretained to idle
2026-09-10T13:04:30.4445340Z     t =   208.87s Find the "retained-metrics" StaticText
2026-09-10T13:04:31.8860510Z     t =   210.33s Find the "retained-metrics" StaticText
2026-09-10T13:04:32.2394760Z     t =   210.72s Find the "retained-metrics" StaticText
2026-09-10T13:04:32.3585190Z     t =   210.82s Find the "retained-metrics" StaticText
2026-09-10T13:04:32.5096200Z     t =   210.99s Find the "retained-metrics" StaticText
2026-09-10T13:04:32.9204560Z     t =   211.41s Find the "retained-metrics" StaticText
2026-09-10T13:04:33.2507560Z     t =   211.73s Find the "retained-metrics" StaticText
2026-09-10T13:04:33.3841460Z     t =   211.86s Find the "godot-surface" Any
2026-09-10T13:04:34.0249460Z     t =   212.51s Find the "godot-surface" Other
2026-09-10T13:04:34.6465810Z     t =   213.15s Find the "godot-surface" Other
2026-09-10T13:04:34.8868130Z     t =   213.36s Added attachment named 'Measured real touch target'
2026-09-10T13:04:34.8976800Z     t =   213.36s Find the "retained-metrics" StaticText
2026-09-10T13:04:34.9790330Z     t =   213.46s Tap "godot-surface" Other[0.17, 0.65]
2026-09-10T13:04:34.9920160Z     t =   213.46s     Wait for dev.partydeck.godot.iosretained to idle
2026-09-10T13:04:35.0105190Z     t =   213.47s     Find the "godot-surface" Other
2026-09-10T13:04:35.0790230Z     t =   213.58s     Check for interrupting elements affecting "godot-surface" Other
2026-09-10T13:04:35.1462000Z     t =   213.65s     Synthesize event
2026-09-10T13:04:35.1583810Z     t =   213.65s         Find the "godot-surface" Other
2026-09-10T13:04:35.2666020Z     t =   213.77s         Find the "godot-surface" Other
2026-09-10T13:04:35.4114250Z     t =   213.89s         Find the "godot-surface" Other
2026-09-10T13:04:35.9894710Z     t =   214.40s     Wait for dev.partydeck.godot.iosretained to idle
2026-09-10T13:04:36.9719730Z     t =   215.44s Find the "retained-metrics" StaticText
2026-09-10T13:04:38.5120990Z     t =   216.97s Find the "retained-metrics" StaticText
2026-09-10T13:04:38.6892840Z     t =   217.15s Find the Target Application 'dev.partydeck.godot.iosretained'
2026-09-10T13:04:38.9128940Z     t =   217.41s Added attachment named 'Real reveal and card selection'
2026-09-10T13:04:38.9245650Z     t =   217.41s Find the "retained-metrics" StaticText
2026-09-10T13:04:39.0242490Z     t =   217.52s Added attachment named 'Real reveal and card selection measurements'
2026-09-10T13:04:39.0408910Z     t =   217.53s Find the "retained-metrics" StaticText
2026-09-10T13:04:39.2415290Z     t =   217.73s Find the "retained-metrics" StaticText
2026-09-10T13:04:39.3281240Z     t =   217.81s Find the "godot-surface" Any
2026-09-10T13:04:39.6728730Z     t =   218.15s Find the "godot-surface" Other
2026-09-10T13:04:39.9318470Z     t =   218.40s Find the "godot-surface" Other
2026-09-10T13:04:40.1222610Z     t =   218.61s Added attachment named 'Measured real touch target'
2026-09-10T13:04:40.1381310Z     t =   218.61s Find the "retained-metrics" StaticText
2026-09-10T13:04:40.2775700Z     t =   218.74s Tap "godot-surface" Other[0.50, 0.88]
2026-09-10T13:04:40.3027620Z     t =   218.74s     Wait for dev.partydeck.godot.iosretained to idle
2026-09-10T13:04:40.3130430Z     t =   218.74s     Find the "godot-surface" Other
2026-09-10T13:04:40.4372530Z     t =   218.92s     Check for interrupting elements affecting "godot-surface" Other
2026-09-10T13:04:40.4871770Z     t =   219.00s     Synthesize event
2026-09-10T13:04:40.5102270Z     t =   219.00s         Find the "godot-surface" Other
2026-09-10T13:04:40.7170090Z     t =   219.19s         Find the "godot-surface" Other
2026-09-10T13:04:41.1434790Z     t =   219.61s         Find the "godot-surface" Other
2026-09-10T13:04:41.6364240Z     t =   220.11s     Wait for dev.partydeck.godot.iosretained to idle
2026-09-10T13:04:42.7638670Z     t =   220.94s Find the "retained-metrics" StaticText
2026-09-10T13:04:43.4803010Z     t =   221.97s Find the "retained-metrics" StaticText
2026-09-10T13:04:43.7546040Z     t =   222.24s Find the "retained-metrics" StaticText
2026-09-10T13:04:43.8289960Z     t =   222.31s Find the Target Application 'dev.partydeck.godot.iosretained'
2026-09-10T13:04:44.1534840Z     t =   222.50s Added attachment named 'Real play accepted by the Kotlin authority'
2026-09-10T13:04:44.1643680Z     t =   222.50s Find the "retained-metrics" StaticText
2026-09-10T13:04:44.2698070Z     t =   222.76s Added attachment named 'Real play accepted by the Kotlin authority measurements'
2026-09-10T13:04:44.2810980Z     t =   222.76s Find the "retained-metrics" StaticText
2026-09-10T13:04:44.4472230Z     t =   222.93s Find the "retained-metrics" StaticText
2026-09-10T13:04:44.7860820Z     t =   223.19s Find the "retained-metrics" StaticText
2026-09-10T13:04:45.1081200Z     t =   223.62s Find the "retained-metrics" StaticText
2026-09-10T13:04:45.3628600Z     t =   223.82s Find the "godot-surface" Any
2026-09-10T13:04:45.9708220Z     t =   224.47s Find the "godot-surface" Other
2026-09-10T13:04:46.1162540Z     t =   224.60s Find the "godot-surface" Other
2026-09-10T13:04:46.2537230Z     t =   224.76s Added attachment named 'Measured real touch target'
2026-09-10T13:04:46.2666630Z     t =   224.76s Find the "retained-metrics" StaticText
2026-09-10T13:04:46.3612780Z     t =   224.84s Tap "godot-surface" Other[0.11, 0.07]
2026-09-10T13:04:46.3877330Z     t =   224.84s     Wait for dev.partydeck.godot.iosretained to idle
2026-09-10T13:04:46.3987510Z     t =   224.84s     Find the "godot-surface" Other
2026-09-10T13:04:46.5037170Z     t =   224.99s     Check for interrupting elements affecting "godot-surface" Other
2026-09-10T13:04:46.5895960Z     t =   225.08s     Synthesize event
2026-09-10T13:04:46.6025080Z     t =   225.10s         Find the "godot-surface" Other
2026-09-10T13:04:46.6742710Z     t =   225.19s         Find the "godot-surface" Other
2026-09-10T13:04:46.7716360Z     t =   225.26s         Find the "godot-surface" Other
2026-09-10T13:04:47.1167240Z     t =   225.63s     Wait for dev.partydeck.godot.iosretained to idle
2026-09-10T13:04:47.1169080Z     t =   225.63s Find the "retained-metrics" StaticText
2026-09-10T13:04:47.3279400Z     t =   225.83s Find the "retained-metrics" StaticText
2026-09-10T13:04:47.5154850Z     t =   226.03s Find the "retained-metrics" StaticText
2026-09-10T13:04:47.7170020Z     t =   226.22s Find the "retained-metrics" StaticText
2026-09-10T13:04:47.7659420Z     t =   226.26s Checking existence of `"retained-shell" Any`
2026-09-10T13:04:47.8114390Z     t =   226.32s Checking existence of `"godot-surface" Any`
2026-09-10T13:04:47.8814590Z     t =   226.37s Find the Target Application 'dev.partydeck.godot.iosretained'
2026-09-10T13:04:48.0211800Z     t =   226.53s Added attachment named 'Whole recipient scene retired; retained services dormant'
2026-09-10T13:04:48.0438460Z     t =   226.53s Find the "retained-metrics" StaticText
2026-09-10T13:04:48.0978290Z     t =   226.59s Added attachment named 'Whole recipient scene retired; retained services dormant measurements'
2026-09-10T13:04:48.1148880Z     t =   226.59s Tap "host-counter-button" Any
2026-09-10T13:04:48.1333560Z     t =   226.59s     Wait for dev.partydeck.godot.iosretained to idle
2026-09-10T13:04:48.1340130Z     t =   226.61s     Find the "host-counter-button" Any
2026-09-10T13:04:48.1676020Z     t =   226.66s     Check for interrupting elements affecting "host-counter-button" Button
2026-09-10T13:04:48.1894830Z     t =   226.70s     Synthesize event
2026-09-10T13:04:48.5481540Z     t =   227.02s     Wait for dev.partydeck.godot.iosretained to idle
2026-09-10T13:04:48.5646190Z     t =   227.03s Find the "retained-metrics" StaticText
2026-09-10T13:04:48.6422280Z     t =   227.15s Find the "retained-metrics" StaticText
2026-09-10T13:04:48.9012370Z     t =   227.39s Find the "retained-metrics" StaticText
2026-09-10T13:04:49.1515060Z     t =   227.64s Find the "retained-metrics" StaticText
2026-09-10T13:04:49.2511070Z     t =   227.74s Find the "retained-metrics" StaticText
2026-09-10T13:04:49.3262240Z     t =   227.83s Added attachment named 'Measured dormant shell interval'
2026-09-10T13:04:49.3417720Z     t =   227.83s Find the Target Application 'dev.partydeck.godot.iosretained'
2026-09-10T13:04:49.5207430Z     t =   228.02s Added attachment named 'Four completed real entries in one retained engine process'
2026-09-10T13:04:49.5310480Z     t =   228.02s Find the "retained-metrics" StaticText
2026-09-10T13:04:49.5966820Z     t =   228.09s Added attachment named 'Four completed real entries in one retained engine process measurements'
2026-09-10T13:04:49.6300990Z     t =   228.10s Tear Down
2026-09-10T13:04:49.9138380Z Test Case '-[RetainedHostUITests.RetainedHostUITests testRepeated2DAnd3DKeepOneDormantEngine]' passed (228.429 seconds).
2026-09-10T13:04:50.0500910Z Test Case '-[RetainedHostUITests.RetainedHostUITests testStaleFirstReadyAndCloseCompletionReentry]' started.
2026-09-10T13:04:50.0510100Z     t =     0.00s Start Test at 2026-09-10 13:04:49.927
2026-09-10T13:04:50.6430370Z     t =     0.14s Set Up
2026-09-10T13:04:50.6483820Z     t =     0.14s Open dev.partydeck.godot.iosretained
2026-09-10T13:04:50.6487140Z     t =     0.14s     Launch dev.partydeck.godot.iosretained
2026-09-10T13:04:50.6487990Z     t =     0.14s         Terminate dev.partydeck.godot.iosretained:16442
2026-09-10T13:04:52.2504640Z 2026-09-10 13:04:52.248 xcodebuild[4020:17996] [MT] IDELaunchParametersSnapshot: The operation couldn’t be completed. (DebuggerLLDB.DebuggerVersionStore.StoreError error 0.)
2026-09-10T13:04:52.2508280Z 2026-09-10 13:04:52.249 xcodebuild[4020:17996] [MT] IDELaunchParametersSnapshot: no debugger version
2026-09-10T13:04:53.6691660Z     t =     3.46s         Setting up automation session
2026-09-10T13:04:58.0051470Z     t =     8.05s         Wait for dev.partydeck.godot.iosretained to idle
2026-09-10T13:04:59.9854020Z     t =    10.04s Waiting 15.0s for "retained-shell" Any to exist
2026-09-10T13:05:01.0215120Z     t =    11.08s     Checking `Expect predicate `existsNoRetry == 1` for object "retained-shell" Any`
2026-09-10T13:05:01.0215980Z     t =    11.08s         Checking existence of `"retained-shell" Any`
2026-09-10T13:05:01.2422240Z     t =    11.27s Waiting 15.0s for "start-2d" Any to exist
2026-09-10T13:05:02.2129630Z     t =    12.28s     Checking `Expect predicate `existsNoRetry == 1` for object "start-2d" Any`
2026-09-10T13:05:02.2232040Z     t =    12.28s         Checking existence of `"start-2d" Any`
2026-09-10T13:05:02.2965030Z     t =    12.34s Find the "start-2d" Any
2026-09-10T13:05:02.3511580Z     t =    12.41s Tap "start-2d" Button
2026-09-10T13:05:02.3619620Z     t =    12.41s     Wait for dev.partydeck.godot.iosretained to idle
2026-09-10T13:05:02.3741670Z     t =    12.42s     Find the "start-2d" Button
2026-09-10T13:05:02.4200440Z     t =    12.47s     Check for interrupting elements affecting "start-2d" Button
2026-09-10T13:05:02.5224630Z     t =    12.57s     Synthesize event
2026-09-10T13:05:02.8894830Z     t =    12.91s     Wait for dev.partydeck.godot.iosretained to idle
2026-09-10T13:05:04.4751230Z     t =    13.79s Find the "retained-metrics" StaticText
2026-09-10T13:05:07.3334060Z     t =    17.12s Find the "retained-metrics" StaticText
2026-09-10T13:05:07.6680640Z     t =    17.71s Find the "retained-metrics" StaticText
2026-09-10T13:05:07.7406560Z     t =    17.80s Find the "retained-metrics" StaticText
2026-09-10T13:05:07.8604170Z     t =    17.90s Tap "switch-table" Any
2026-09-10T13:05:07.9038280Z     t =    17.90s     Wait for dev.partydeck.godot.iosretained to idle
2026-09-10T13:05:07.9152480Z     t =    17.90s     Find the "switch-table" Any
2026-09-10T13:05:08.0942480Z     t =    18.15s     Check for interrupting elements affecting "switch-table" Button
2026-09-10T13:05:08.4274650Z     t =    18.33s     Synthesize event
2026-09-10T13:05:08.7817860Z     t =    18.82s     Wait for dev.partydeck.godot.iosretained to idle
2026-09-10T13:05:08.8015670Z     t =    18.83s Find the "retained-metrics" StaticText
2026-09-10T13:05:09.0622040Z     t =    19.08s Find the "retained-metrics" StaticText
2026-09-10T13:05:09.3150670Z     t =    19.37s Find the "retained-metrics" StaticText
2026-09-10T13:05:09.7291080Z     t =    19.74s Find the "retained-metrics" StaticText
2026-09-10T13:05:32.3743050Z     t =    41.25s Added attachment named 'Last rejected retained wait observation'
2026-09-10T13:05:32.5184260Z     t =    41.25s Find the Target Application 'dev.partydeck.godot.iosretained'
2026-09-10T13:05:45.5171090Z     t =    55.57s Added attachment named 'Failed retained observation'
2026-09-10T13:05:45.5323830Z     t =    55.57s Find the "retained-metrics" StaticText
2026-09-10T13:05:45.5731490Z     t =    55.64s Added attachment named 'Failed retained observation measurements'
2026-09-10T13:05:45.9715320Z /Users/runner/work/PartyDeck/PartyDeck/godot/ios-host/RetainedHostUITests/RetainedHostUITests.swift:529: error: -[RetainedHostUITests.RetainedHostUITests testStaleFirstReadyAndCloseCompletionReentry] : failed - Observe current renderer diagnostics for the retained presentation.
2026-09-10T13:05:45.9821780Z     t =    56.00s Tear Down
2026-09-10T13:05:45.9899910Z Test Case '-[RetainedHostUITests.RetainedHostUITests testStaleFirstReadyAndCloseCompletionReentry]' failed (56.036 seconds).
2026-09-10T13:05:45.9904200Z 2026-09-10 13:05:45.964239+0000 RetainedHostUITests-Runner[15981:51431] [Default] Flushing outgoing messages to the IDE with timeout 600.00s
2026-09-10T13:05:45.9906180Z 2026-09-10 13:05:45.966769+0000 RetainedHostUITests-Runner[15981:51564] [Default] Received confirmation that IDE processed remaining outgoing messages
2026-09-10T13:05:49.1260540Z 2026-09-10 13:05:49.116045+0000 RetainedHostUITests-Runner[24293:72026] [Default] Running tests...
2026-09-10T13:05:49.4453860Z 2026-09-10 13:05:49.426514+0000 RetainedHostUITests-Runner[24293:72163] [General] Failed to send CA Event for app launch measurements for ca_event_type: 0 event_name: com.apple.app_launch_measurement.FirstFramePresentationMetric
2026-09-10T13:05:50.3772380Z     t =      nans Interface orientation changed to Portrait
2026-09-10T13:05:52.5887300Z 
2026-09-10T13:05:52.5889700Z Restarting after unexpected exit, crash, or test timeout; summary will include totals from previous launches.
2026-09-10T13:05:52.5890670Z 
2026-09-10T13:05:52.6219860Z 2026-09-10 13:05:52.619166+0000 RetainedHostUITests-Runner[24293:72230] [General] Failed to send CA Event for app launch measurements for ca_event_type: 1 event_name: com.apple.app_launch_measurement.ExtendedLaunchMetrics
2026-09-10T13:05:52.8885760Z Test Suite 'Selected tests' started at 2026-09-10 13:05:52.815.
2026-09-10T13:05:52.9038460Z Test Suite 'RetainedHostUITests.xctest' started at 2026-09-10 13:05:52.816.
2026-09-10T13:05:52.9039890Z Test Suite 'RetainedHostUITests' started at 2026-09-10 13:05:52.816.
2026-09-10T13:05:52.9041100Z Test Suite 'RetainedHostUITests' passed at 2026-09-10 13:05:52.816.
2026-09-10T13:05:52.9041950Z 	 Executed 0 tests, with 0 failures (0 unexpected) in 0.000 (0.000) seconds
2026-09-10T13:05:52.9042990Z Test Suite 'RetainedHostUITests.xctest' passed at 2026-09-10 13:05:52.817.
2026-09-10T13:05:52.9044860Z 	 Executed 0 tests, with 0 failures (0 unexpected) in 0.000 (0.001) seconds
2026-09-10T13:05:52.9047590Z Test Suite 'Selected tests' passed at 2026-09-10 13:05:52.818.
2026-09-10T13:05:52.9049310Z 	 Executed 0 tests, with 0 failures (0 unexpected) in 0.000 (0.003) seconds
2026-09-10T13:06:44.4478950Z 2026-09-10 13:06:44.443 xcodebuild[4020:17996] [MT] IDETestOperationsObserverDebug: 618.677 elapsed -- Testing started completed.
2026-09-10T13:06:44.4486980Z 2026-09-10 13:06:44.444 xcodebuild[4020:17996] [MT] IDETestOperationsObserverDebug: 0.000 sec, +0.000 sec -- start
2026-09-10T13:06:44.4488640Z 2026-09-10 13:06:44.444 xcodebuild[4020:17996] [MT] IDETestOperationsObserverDebug: 618.677 sec, +618.677 sec -- end
2026-09-10T13:06:45.0186970Z 
2026-09-10T13:06:45.0187660Z Test session results, code coverage, and logs:
2026-09-10T13:06:45.0206030Z 	/Users/runner/work/PartyDeck/PartyDeck/godot/ios-host/build/retained-host-test/artifacts/RetainedHost.xcresult
2026-09-10T13:06:45.0206840Z 
2026-09-10T13:06:45.0207460Z ** TEST FAILED **
2026-09-10T13:06:45.0411400Z 
2026-09-10T13:06:54.7714510Z Testing started
2026-09-10T13:07:19.9023470Z {
2026-09-10T13:07:19.9025160Z   "stage": "retained_engine_lifecycle_execution",
2026-09-10T13:07:19.9025980Z   "qualified": false,
2026-09-10T13:07:19.9026660Z   "problems": [
2026-09-10T13:07:19.9027290Z     "The three actual retained-engine XCTest cases did not each finish with a pass.",
2026-09-10T13:07:19.9028450Z     "The native runner or evidence export returned exit code 65."
2026-09-10T13:07:19.9029310Z   ]
2026-09-10T13:07:19.9029940Z }
2026-09-10T13:07:20.1649810Z ##[error]Process completed with exit code 1.
2026-09-10T13:07:20.3026760Z ##[group]Run python3 - <<'PY'
2026-09-10T13:07:20.3027850Z [36;1mpython3 - <<'PY'[0m
2026-09-10T13:07:20.3028230Z [36;1mimport hashlib[0m
2026-09-10T13:07:20.3028620Z [36;1mimport json[0m
2026-09-10T13:07:20.3029090Z [36;1mimport os[0m
2026-09-10T13:07:20.3029480Z [36;1mfrom pathlib import Path[0m
2026-09-10T13:07:20.3029830Z [36;1mimport tarfile[0m
2026-09-10T13:07:20.3031550Z [36;1m[0m
2026-09-10T13:07:20.3033070Z [36;1mbuild = Path('godot/ios-host/build')[0m
2026-09-10T13:07:20.3034760Z [36;1mdestination = build / 'retained-ci-preserved'[0m
2026-09-10T13:07:20.3035250Z [36;1mdestination.mkdir(parents=True, exist_ok=False)[0m
2026-09-10T13:07:20.3036100Z [36;1mstage = os.environ['PARTYDECK_RETAINED_CI_STAGE'][0m
2026-09-10T13:07:20.3037170Z [36;1mpaths = [build / 'retained-inputs', build / 'evidence', build / 'host-resources'][0m
2026-09-10T13:07:20.3056390Z [36;1mif stage in {'build', 'test'}:[0m
2026-09-10T13:07:20.3057250Z [36;1m    paths += [build / f'retained-host-{stage}/evidence', build / f'retained-host-{stage}/artifacts'][0m
2026-09-10T13:07:20.3058050Z [36;1mpresent = [path for path in paths if path.exists()][0m
2026-09-10T13:07:20.3058660Z [36;1marchive = destination / 'retained-host-evidence.tar.gz'[0m
2026-09-10T13:07:20.3059270Z [36;1mwith tarfile.open(archive, 'x:gz') as output:[0m
2026-09-10T13:07:20.3060130Z [36;1m    for path in present:[0m
2026-09-10T13:07:20.3060520Z [36;1m        output.add(path, arcname=path.relative_to(build).as_posix())[0m
2026-09-10T13:07:20.3061010Z [36;1mdigest = hashlib.sha256()[0m
2026-09-10T13:07:20.3061440Z [36;1mwith archive.open('rb') as stream:[0m
2026-09-10T13:07:20.3062060Z [36;1m    for block in iter(lambda: stream.read(1048576), b''):[0m
2026-09-10T13:07:20.3063720Z [36;1m        digest.update(block)[0m
2026-09-10T13:07:20.3064050Z [36;1mpreservation = {[0m
2026-09-10T13:07:20.3067190Z [36;1m    'source_commit': os.environ['GITHUB_SHA'],[0m
2026-09-10T13:07:20.3080260Z [36;1m    'run_id': os.environ['GITHUB_RUN_ID'], 'run_attempt': os.environ['GITHUB_RUN_ATTEMPT'],[0m
2026-09-10T13:07:20.3083790Z [36;1m    'requested_stage': stage,[0m
2026-09-10T13:07:20.3084320Z [36;1m    'included_directories': [path.relative_to(build).as_posix() for path in present],[0m
2026-09-10T13:07:20.3090990Z [36;1m    'unavailable_directories': [path.relative_to(build).as_posix() for path in paths if not path.exists()],[0m
2026-09-10T13:07:20.3118740Z [36;1m    'archive': {'name': archive.name, 'bytes': archive.stat().st_size, 'sha256': digest.hexdigest()},[0m
2026-09-10T13:07:20.3125300Z [36;1m    'scope': 'Original downloaded inputs, staging receipts/resources, and all available harness evidence/artifacts, including complete XCResult contents and hidden files. Packaging makes no qualification claim.',[0m
2026-09-10T13:07:20.3132540Z [36;1m}[0m
2026-09-10T13:07:20.3133780Z [36;1m(destination / 'preservation.json').write_text(json.dumps(preservation, indent=2) + '\n')[0m
2026-09-10T13:07:20.3135330Z [36;1mPY[0m
2026-09-10T13:07:20.7231270Z shell: /bin/bash --noprofile --norc -e -o pipefail {0}
2026-09-10T13:07:20.7232000Z env:
2026-09-10T13:07:20.7232660Z   DEVELOPER_DIR: /Applications/Xcode_26.4.1.app/Contents/Developer
2026-09-10T13:07:20.7234630Z   PARTYDECK_RETAINED_CI_STAGE: test
2026-09-10T13:07:20.7237260Z   PARTYDECK_GODOT_RETAINED_FRAMEWORK: /Users/runner/work/PartyDeck/PartyDeck/godot/ios-host/build/framework-input/PartyDeckGodotBridge.framework
2026-09-10T13:07:20.7240430Z   PARTYDECK_GODOT_RETAINED_FRAMEWORK_RECEIPT: /Users/runner/work/PartyDeck/PartyDeck/godot/ios-host/build/evidence/authority-framework-result.json
2026-09-10T13:07:20.7243970Z   PARTYDECK_GODOT_RETAINED_PCK: /Users/runner/work/PartyDeck/PartyDeck/godot/ios-host/build/retained-inputs/renderer/partydeck-last-light.pck
2026-09-10T13:07:20.7246380Z ##[endgroup]
2026-09-10T13:08:08.4385210Z Prepare all required actions
2026-09-10T13:08:08.4386020Z Getting action download info
2026-09-10T13:08:09.9554830Z Download action repository 'actions/upload-artifact@043fb46d1a93c77aae656e7c1c64a875d1fc6a0a' (SHA:043fb46d1a93c77aae656e7c1c64a875d1fc6a0a)
2026-09-10T13:08:10.6324740Z ##[group]Run ./.github/actions/upload-artifact
2026-09-10T13:08:10.6325060Z with:
2026-09-10T13:08:10.6325310Z   name: godot-ios-retained-host-test-attempt-1
2026-09-10T13:08:10.6326290Z   path: godot/ios-host/build/retained-ci-preserved/**
godot/ios-host/build/evidence/retained-ci-*.json
godot/ios-host/build/evidence/retained-ci-*.log
godot/ios-host/build/retained-host-*/evidence/**
godot/ios-host/build/retained-host-*/artifacts/**

2026-09-10T13:08:10.6327450Z   retention-days: 14
2026-09-10T13:08:10.6327710Z   if-no-files-found: error
2026-09-10T13:08:10.6327930Z env:
2026-09-10T13:08:10.6328210Z   DEVELOPER_DIR: /Applications/Xcode_26.4.1.app/Contents/Developer
2026-09-10T13:08:10.6330050Z   PARTYDECK_RETAINED_CI_STAGE: test
2026-09-10T13:08:10.6330870Z   PARTYDECK_GODOT_RETAINED_FRAMEWORK: /Users/runner/work/PartyDeck/PartyDeck/godot/ios-host/build/framework-input/PartyDeckGodotBridge.framework
2026-09-10T13:08:10.6331850Z   PARTYDECK_GODOT_RETAINED_FRAMEWORK_RECEIPT: /Users/runner/work/PartyDeck/PartyDeck/godot/ios-host/build/evidence/authority-framework-result.json
2026-09-10T13:08:10.6333000Z   PARTYDECK_GODOT_RETAINED_PCK: /Users/runner/work/PartyDeck/PartyDeck/godot/ios-host/build/retained-inputs/renderer/partydeck-last-light.pck
2026-09-10T13:08:10.6333640Z ##[endgroup]
2026-09-10T13:08:10.6537830Z ##[start-action display=Upload artifact;id=__self.first]
2026-09-10T13:08:10.6622140Z ##[group]Run actions/upload-artifact@043fb46d1a93c77aae656e7c1c64a875d1fc6a0a
2026-09-10T13:08:10.6623020Z with:
2026-09-10T13:08:10.6623520Z   name: godot-ios-retained-host-test-attempt-1
2026-09-10T13:08:10.6625890Z   path: godot/ios-host/build/retained-ci-preserved/**
godot/ios-host/build/evidence/retained-ci-*.json
godot/ios-host/build/evidence/retained-ci-*.log
godot/ios-host/build/retained-host-*/evidence/**
godot/ios-host/build/retained-host-*/artifacts/**

2026-09-10T13:08:10.6628140Z   retention-days: 14
2026-09-10T13:08:10.6628680Z   if-no-files-found: error
2026-09-10T13:08:10.6629230Z   compression-level: 6
2026-09-10T13:08:10.6629720Z   overwrite: false
2026-09-10T13:08:10.6630200Z   include-hidden-files: false
2026-09-10T13:08:10.6630740Z   archive: true
2026-09-10T13:08:10.6631160Z env:
2026-09-10T13:08:10.6631770Z   DEVELOPER_DIR: /Applications/Xcode_26.4.1.app/Contents/Developer
2026-09-10T13:08:10.6632570Z   PARTYDECK_RETAINED_CI_STAGE: test
2026-09-10T13:08:10.6635120Z   PARTYDECK_GODOT_RETAINED_FRAMEWORK: /Users/runner/work/PartyDeck/PartyDeck/godot/ios-host/build/framework-input/PartyDeckGodotBridge.framework
2026-09-10T13:08:10.6636190Z   PARTYDECK_GODOT_RETAINED_FRAMEWORK_RECEIPT: /Users/runner/work/PartyDeck/PartyDeck/godot/ios-host/build/evidence/authority-framework-result.json
2026-09-10T13:08:10.6637040Z   PARTYDECK_GODOT_RETAINED_PCK: /Users/runner/work/PartyDeck/PartyDeck/godot/ios-host/build/retained-inputs/renderer/partydeck-last-light.pck
2026-09-10T13:08:10.6637560Z ##[endgroup]
2026-09-10T13:08:11.9938490Z With the provided path, there will be 1708 files uploaded
2026-09-10T13:08:11.9938940Z Artifact name is valid!
2026-09-10T13:08:11.9939130Z Root directory input is valid!
2026-09-10T13:08:12.5800000Z Uploading artifact: godot-ios-retained-host-test-attempt-1.zip
2026-09-10T13:08:12.5815570Z Beginning upload of artifact content to blob storage
2026-09-10T13:08:14.0775880Z Uploaded bytes 8388608
2026-09-10T13:08:14.5357100Z Uploaded bytes 16777216
2026-09-10T13:08:14.8217380Z Uploaded bytes 25165824
2026-09-10T13:08:15.0526130Z Uploaded bytes 33554432
2026-09-10T13:08:15.5181310Z Uploaded bytes 41943040
2026-09-10T13:08:15.8127230Z Uploaded bytes 50331648
2026-09-10T13:08:16.3809060Z Uploaded bytes 58720256
2026-09-10T13:08:16.8810850Z Uploaded bytes 67108864
2026-09-10T13:08:17.1894020Z Uploaded bytes 75497472
2026-09-10T13:08:17.6882190Z Uploaded bytes 83886080
2026-09-10T13:08:18.1838060Z Uploaded bytes 92274688
2026-09-10T13:08:18.6052060Z Uploaded bytes 100663296
2026-09-10T13:08:19.0740270Z Uploaded bytes 109051904
2026-09-10T13:08:19.6789240Z Uploaded bytes 117440512
2026-09-10T13:08:20.2900360Z Uploaded bytes 125829120
2026-09-10T13:08:20.7077750Z Uploaded bytes 134217728
2026-09-10T13:08:21.3044820Z Uploaded bytes 142606336
2026-09-10T13:08:21.6759770Z Uploaded bytes 150994944
2026-09-10T13:08:22.3331520Z Uploaded bytes 159383552
2026-09-10T13:08:22.9052070Z Uploaded bytes 167772160
2026-09-10T13:08:23.3489230Z Uploaded bytes 176160768
2026-09-10T13:08:23.8474370Z Uploaded bytes 184549376
2026-09-10T13:08:24.4161660Z Uploaded bytes 192937984
2026-09-10T13:08:24.9908670Z Uploaded bytes 201326592
2026-09-10T13:08:25.1796310Z Uploaded bytes 209715200
2026-09-10T13:08:25.7642590Z Uploaded bytes 218103808
2026-09-10T13:08:26.3881200Z Uploaded bytes 226492416
2026-09-10T13:08:26.8746670Z Uploaded bytes 234881024
2026-09-10T13:08:27.5078680Z Uploaded bytes 243269632
2026-09-10T13:08:27.9249640Z Uploaded bytes 251658240
2026-09-10T13:08:28.4182750Z Uploaded bytes 260046848
2026-09-10T13:08:28.8898730Z Uploaded bytes 268435456
2026-09-10T13:08:29.4230510Z Uploaded bytes 276824064
2026-09-10T13:08:30.1820920Z Uploaded bytes 285212672
2026-09-10T13:08:30.9699330Z Uploaded bytes 293601280
2026-09-10T13:08:31.3660910Z Uploaded bytes 301989888
2026-09-10T13:08:31.8294290Z Uploaded bytes 310378496
2026-09-10T13:08:32.3042010Z Uploaded bytes 318767104
2026-09-10T13:08:32.6930560Z Uploaded bytes 327155712
2026-09-10T13:08:33.1890600Z Uploaded bytes 335544320
2026-09-10T13:08:33.8073560Z Uploaded bytes 343932928
2026-09-10T13:08:34.2269150Z Uploaded bytes 352321536
2026-09-10T13:08:34.6572940Z Uploaded bytes 360710144
2026-09-10T13:08:35.1744250Z Uploaded bytes 369098752
2026-09-10T13:08:35.5989150Z Uploaded bytes 377487360
2026-09-10T13:08:36.7335820Z Uploaded bytes 385875968
2026-09-10T13:08:37.4552650Z Uploaded bytes 394264576
2026-09-10T13:08:37.7458260Z Uploaded bytes 402653184
2026-09-10T13:08:37.9177100Z Uploaded bytes 411041792
2026-09-10T13:08:39.0691350Z Uploaded bytes 419430400
2026-09-10T13:08:40.3770210Z Uploaded bytes 426481145
2026-09-10T13:08:40.4578680Z Finished uploading artifact content to blob storage!
2026-09-10T13:08:40.4680250Z SHA256 digest of uploaded artifact is 633ecd9514519e198d9c18b1297ded5fb46c9691796fbb5d0a1145271421aefb
2026-09-10T13:08:40.4782300Z Finalizing artifact upload
2026-09-10T13:08:40.8920590Z Artifact godot-ios-retained-host-test-attempt-1 successfully finalized. Artifact ID 10153472244
2026-09-10T13:08:40.8922920Z Artifact godot-ios-retained-host-test-attempt-1 has been successfully uploaded! Final size is 426481145 bytes. Artifact ID is 10153472244
2026-09-10T13:08:40.8954610Z Artifact download URL: https://github.com/Apdelrahman1911/PartyDeck/actions/runs/34478720554/artifacts/10153472244
2026-09-10T13:08:40.9243180Z ##[end-action id=__self.first;outcome=success;conclusion=success;duration_ms=30270]
2026-09-10T13:08:40.9256840Z ##[start-action display=Wait before the single upload retry;id=__self.__run]
2026-09-10T13:08:40.9387630Z ##[end-action id=__self.__run;outcome=skipped;conclusion=skipped;duration_ms=0]
2026-09-10T13:08:40.9397810Z ##[start-action display=Retry artifact upload;id=__self.retry]
2026-09-10T13:08:40.9409220Z ##[end-action id=__self.retry;outcome=skipped;conclusion=skipped;duration_ms=0]
2026-09-10T13:08:40.9415300Z ##[start-action display=Require a successful upload attempt;id=__self.__run_2]
2026-09-10T13:08:40.9427770Z ##[end-action id=__self.__run_2;outcome=skipped;conclusion=skipped;duration_ms=0]
2026-09-10T13:08:41.0003380Z Post job cleanup.
2026-09-10T13:08:41.2969540Z [command]/opt/homebrew/bin/git version
2026-09-10T13:08:41.4198650Z git version 2.55.0
2026-09-10T13:08:41.4247800Z Copying '/Users/runner/.gitconfig' to '/Users/runner/work/_temp/204e1d39-b46a-418c-b3a8-a512e7df776d/.gitconfig'
2026-09-10T13:08:41.4271990Z Temporarily overriding HOME='/Users/runner/work/_temp/204e1d39-b46a-418c-b3a8-a512e7df776d' before making global git config changes
2026-09-10T13:08:41.4274730Z Adding repository directory to the temporary git global config as a safe directory
2026-09-10T13:08:41.4275530Z [command]/opt/homebrew/bin/git config --global --add safe.directory /Users/runner/work/PartyDeck/PartyDeck
2026-09-10T13:08:41.4453080Z Removing SSH command configuration
2026-09-10T13:08:41.4460310Z [command]/opt/homebrew/bin/git config --local --name-only --get-regexp core\.sshCommand
2026-09-10T13:08:41.4565950Z [command]/opt/homebrew/bin/git submodule foreach --recursive sh -c "git config --local --name-only --get-regexp 'core\.sshCommand' && git config --local --unset-all 'core.sshCommand' || :"
2026-09-10T13:08:41.6365220Z Removing HTTP extra header
2026-09-10T13:08:41.6369800Z [command]/opt/homebrew/bin/git config --local --name-only --get-regexp http\.https\:\/\/github\.com\/\.extraheader
2026-09-10T13:08:41.6465200Z [command]/opt/homebrew/bin/git submodule foreach --recursive sh -c "git config --local --name-only --get-regexp 'http\.https\:\/\/github\.com\/\.extraheader' && git config --local --unset-all 'http.https://github.com/.extraheader' || :"
2026-09-10T13:08:41.9017570Z Removing includeIf entries pointing to credentials config files
2026-09-10T13:08:41.9125450Z [command]/opt/homebrew/bin/git config --local --name-only --get-regexp ^includeIf\.gitdir:
2026-09-10T13:08:41.9341500Z [command]/opt/homebrew/bin/git submodule foreach --recursive git config --local --show-origin --name-only --get-regexp remote.origin.url
2026-09-10T13:08:42.0545400Z Cleaning up orphan processes
2026-09-10T13:08:49.7905060Z Terminate orphan process: pid (9539) (DTServiceHub)
