2026-09-10T12:50:07.7584640Z Current runner version: '2.337.0'
2026-09-10T12:50:07.7603480Z ##[group]Runner Image Provisioner
2026-09-10T12:50:07.7604150Z Hosted Compute Agent
2026-09-10T12:50:07.7604620Z Version: 20260828.587
2026-09-10T12:50:07.7605070Z Commit: abac92662cab4cc7352de4f9f9d2e2419aad9c29
2026-09-10T12:50:07.7605540Z Build Date: 2026-08-28T16:44:25Z
2026-09-10T12:50:07.7605990Z Worker ID: {736518be-c514-48c8-9a07-b94e3ecffff4}
2026-09-10T12:50:07.7606440Z Azure Region: westus
2026-09-10T12:50:07.7606950Z ##[endgroup]
2026-09-10T12:50:07.7608050Z ##[group]Operating System
2026-09-10T12:50:07.7608560Z macOS
2026-09-10T12:50:07.7608930Z 26.6.2
2026-09-10T12:50:07.7609350Z 25G83
2026-09-10T12:50:07.7609680Z ##[endgroup]
2026-09-10T12:50:07.7610090Z ##[group]Runner Image
2026-09-10T12:50:07.7679100Z Image: macos-26-arm64
2026-09-10T12:50:07.7680510Z Version: 20260831.0337.3
2026-09-10T12:50:07.7682890Z Included Software: https://github.com/actions/runner-images/blob/macos-26-arm64/20260831.0337/images/macos/macos-26-arm64-Readme.md
2026-09-10T12:50:07.7684690Z Image Release: https://github.com/actions/runner-images/releases/tag/macos-26-arm64%2F20260831.0337
2026-09-10T12:50:07.7685380Z ##[endgroup]
2026-09-10T12:50:07.7686490Z ##[group]GITHUB_TOKEN Permissions
2026-09-10T12:50:07.7688390Z Contents: read
2026-09-10T12:50:07.7688740Z Metadata: read
2026-09-10T12:50:07.7689170Z ##[endgroup]
2026-09-10T12:50:07.7691400Z Secret source: Actions
2026-09-10T12:50:07.7693340Z Cache mode: write
2026-09-10T12:50:07.7693850Z Prepare workflow directory
2026-09-10T12:50:07.8084880Z Prepare all required actions
2026-09-10T12:50:07.8123130Z Getting action download info
2026-09-10T12:50:08.3120520Z Download action repository 'actions/checkout@3d3c42e5aac5ba805825da76410c181273ba90b1' (SHA:3d3c42e5aac5ba805825da76410c181273ba90b1)
2026-09-10T12:50:08.7874330Z Download action repository 'actions/download-artifact@3e5f45b2cfb9172054b4087a40e8e0b5a5461e7c' (SHA:3e5f45b2cfb9172054b4087a40e8e0b5a5461e7c)
2026-09-10T12:50:09.4633930Z Complete job name: Link the Swift caller and exercise native gameplay
2026-09-10T12:50:09.5130760Z ##[group]Run actions/checkout@3d3c42e5aac5ba805825da76410c181273ba90b1
2026-09-10T12:50:09.5131530Z with:
2026-09-10T12:50:09.5131870Z   persist-credentials: false
2026-09-10T12:50:09.5132300Z   repository: Apdelrahman1911/PartyDeck
2026-09-10T12:50:09.5135020Z   token: ***
2026-09-10T12:50:09.5135400Z   ssh-strict: true
2026-09-10T12:50:09.5135770Z   ssh-user: git
2026-09-10T12:50:09.5136100Z   clean: true
2026-09-10T12:50:09.5136460Z   sparse-checkout-cone-mode: true
2026-09-10T12:50:09.5136870Z   fetch-depth: 1
2026-09-10T12:50:09.5137230Z   fetch-tags: false
2026-09-10T12:50:09.5144070Z   show-progress: true
2026-09-10T12:50:09.5144430Z   lfs: false
2026-09-10T12:50:09.5144740Z   submodules: false
2026-09-10T12:50:09.5145060Z   set-safe-directory: true
2026-09-10T12:50:09.5145420Z   allow-unsafe-pr-checkout: false
2026-09-10T12:50:09.5145960Z env:
2026-09-10T12:50:09.5146360Z   DEVELOPER_DIR: /Applications/Xcode_26.4.1.app/Contents/Developer
2026-09-10T12:50:09.5147320Z   PARTYDECK_GODOT_AUTHORITY_FRAMEWORK: /Users/runner/work/PartyDeck/PartyDeck/godot/ios-host/build/framework-input/PartyDeckGodotBridge.framework
2026-09-10T12:50:09.5148140Z ##[endgroup]
2026-09-10T12:50:09.9669580Z Syncing repository: Apdelrahman1911/PartyDeck
2026-09-10T12:50:09.9686510Z ##[group]Getting Git version info
2026-09-10T12:50:09.9687840Z Working directory is '/Users/runner/work/PartyDeck/PartyDeck'
2026-09-10T12:50:09.9688890Z [command]/opt/homebrew/bin/git version
2026-09-10T12:50:09.9995070Z git version 2.55.0
2026-09-10T12:50:10.0012470Z ##[endgroup]
2026-09-10T12:50:10.0021220Z Copying '/Users/runner/.gitconfig' to '/Users/runner/work/_temp/34f2c095-c7d4-4ba1-b6d1-20ad140d2ed3/.gitconfig'
2026-09-10T12:50:10.0023340Z Temporarily overriding HOME='/Users/runner/work/_temp/34f2c095-c7d4-4ba1-b6d1-20ad140d2ed3' before making global git config changes
2026-09-10T12:50:10.0024350Z Adding repository directory to the temporary git global config as a safe directory
2026-09-10T12:50:10.0027220Z [command]/opt/homebrew/bin/git config --global --add safe.directory /Users/runner/work/PartyDeck/PartyDeck
2026-09-10T12:50:10.0159790Z Deleting the contents of '/Users/runner/work/PartyDeck/PartyDeck'
2026-09-10T12:50:10.0164810Z ##[group]Determining repository object format
2026-09-10T12:50:10.0165590Z ##[endgroup]
2026-09-10T12:50:10.0166620Z ##[group]Initializing the repository
2026-09-10T12:50:10.0168800Z [command]/opt/homebrew/bin/git init /Users/runner/work/PartyDeck/PartyDeck
2026-09-10T12:50:10.0481260Z hint: Using 'master' as the name for the initial branch. This default branch name
2026-09-10T12:50:10.0482280Z hint: will change to "main" in Git 3.0. To configure the initial branch name
2026-09-10T12:50:10.0483140Z hint: to use in all of your new repositories, which will suppress this warning,
2026-09-10T12:50:10.0483810Z hint: call:
2026-09-10T12:50:10.0484250Z hint:
2026-09-10T12:50:10.0484710Z hint: 	git config --global init.defaultBranch <name>
2026-09-10T12:50:10.0485360Z hint:
2026-09-10T12:50:10.0486020Z hint: Names commonly chosen instead of 'master' are 'main', 'trunk' and
2026-09-10T12:50:10.0487030Z hint: 'development'. The just-created branch can be renamed via this command:
2026-09-10T12:50:10.0487650Z hint:
2026-09-10T12:50:10.0488010Z hint: 	git branch -m <name>
2026-09-10T12:50:10.0495850Z hint:
2026-09-10T12:50:10.0496670Z hint: Disable this message with "git config set advice.defaultBranchName false"
2026-09-10T12:50:10.0497580Z Initialized empty Git repository in /Users/runner/work/PartyDeck/PartyDeck/.git/
2026-09-10T12:50:10.0499590Z [command]/opt/homebrew/bin/git remote add origin https://github.com/Apdelrahman1911/PartyDeck
2026-09-10T12:50:10.0591340Z ##[endgroup]
2026-09-10T12:50:10.0592030Z ##[group]Disabling automatic garbage collection
2026-09-10T12:50:10.0592910Z [command]/opt/homebrew/bin/git config --local gc.auto 0
2026-09-10T12:50:10.0676780Z ##[endgroup]
2026-09-10T12:50:10.0677520Z ##[group]Setting up auth
2026-09-10T12:50:10.0681750Z Removing SSH command configuration
2026-09-10T12:50:10.0697150Z [command]/opt/homebrew/bin/git config --local --name-only --get-regexp core\.sshCommand
2026-09-10T12:50:10.0772020Z [command]/opt/homebrew/bin/git submodule foreach --recursive sh -c "git config --local --name-only --get-regexp 'core\.sshCommand' && git config --local --unset-all 'core.sshCommand' || :"
2026-09-10T12:50:10.2256380Z Removing HTTP extra header
2026-09-10T12:50:10.2264330Z [command]/opt/homebrew/bin/git config --local --name-only --get-regexp http\.https\:\/\/github\.com\/\.extraheader
2026-09-10T12:50:10.2349160Z [command]/opt/homebrew/bin/git submodule foreach --recursive sh -c "git config --local --name-only --get-regexp 'http\.https\:\/\/github\.com\/\.extraheader' && git config --local --unset-all 'http.https://github.com/.extraheader' || :"
2026-09-10T12:50:10.3966590Z Removing includeIf entries pointing to credentials config files
2026-09-10T12:50:10.4072050Z [command]/opt/homebrew/bin/git config --local --name-only --get-regexp ^includeIf\.gitdir:
2026-09-10T12:50:10.4380500Z [command]/opt/homebrew/bin/git submodule foreach --recursive git config --local --show-origin --name-only --get-regexp remote.origin.url
2026-09-10T12:50:10.6221100Z [command]/opt/homebrew/bin/git config --file /Users/runner/work/_temp/git-credentials-a3833bdb-8d4b-4aca-bec1-9161a85a6019.config http.https://github.com/.extraheader AUTHORIZATION: basic ***
2026-09-10T12:50:10.6322400Z [command]/opt/homebrew/bin/git config --local includeIf.gitdir:/Users/runner/work/PartyDeck/PartyDeck/.git.path /Users/runner/work/_temp/git-credentials-a3833bdb-8d4b-4aca-bec1-9161a85a6019.config
2026-09-10T12:50:10.6494580Z [command]/opt/homebrew/bin/git config --local includeIf.gitdir:/Users/runner/work/PartyDeck/PartyDeck/.git/worktrees/*.path /Users/runner/work/_temp/git-credentials-a3833bdb-8d4b-4aca-bec1-9161a85a6019.config
2026-09-10T12:50:10.6612360Z [command]/opt/homebrew/bin/git config --local includeIf.gitdir:/github/workspace/.git.path /github/runner_temp/git-credentials-a3833bdb-8d4b-4aca-bec1-9161a85a6019.config
2026-09-10T12:50:10.6721640Z [command]/opt/homebrew/bin/git config --local includeIf.gitdir:/github/workspace/.git/worktrees/*.path /github/runner_temp/git-credentials-a3833bdb-8d4b-4aca-bec1-9161a85a6019.config
2026-09-10T12:50:10.6822870Z ##[endgroup]
2026-09-10T12:50:10.6823770Z ##[group]Fetching the repository
2026-09-10T12:50:10.6829560Z [command]/opt/homebrew/bin/git -c protocol.version=2 fetch --no-tags --prune --no-recurse-submodules --depth=1 origin +c6ea1dd9f7966517fbee87a06b633d01c432c24d:refs/remotes/origin/main
2026-09-10T12:50:16.1077100Z From https://github.com/Apdelrahman1911/PartyDeck
2026-09-10T12:50:16.1085950Z  * [new ref]         c6ea1dd9f7966517fbee87a06b633d01c432c24d -> origin/main
2026-09-10T12:50:16.1126090Z [command]/opt/homebrew/bin/git branch --list --remote origin/main
2026-09-10T12:50:16.1234510Z   origin/main
2026-09-10T12:50:16.1244780Z [command]/opt/homebrew/bin/git rev-parse refs/remotes/origin/main
2026-09-10T12:50:16.1340850Z c6ea1dd9f7966517fbee87a06b633d01c432c24d
2026-09-10T12:50:16.1347370Z ##[endgroup]
2026-09-10T12:50:16.1349010Z ##[group]Determining the checkout info
2026-09-10T12:50:16.1350560Z ##[endgroup]
2026-09-10T12:50:16.1360520Z [command]/opt/homebrew/bin/git sparse-checkout disable
2026-09-10T12:50:16.1506470Z [command]/opt/homebrew/bin/git config --local --unset-all extensions.worktreeConfig
2026-09-10T12:50:16.1616200Z ##[group]Checking out the ref
2026-09-10T12:50:16.1617780Z [command]/opt/homebrew/bin/git checkout --progress --force -B main refs/remotes/origin/main
2026-09-10T12:50:17.2963910Z Updating files:  39% (2680/6822)
2026-09-10T12:50:17.3441830Z Updating files:  40% (2729/6822)
2026-09-10T12:50:17.3684640Z Updating files:  41% (2798/6822)
2026-09-10T12:50:17.3932530Z Updating files:  42% (2866/6822)
2026-09-10T12:50:17.4327620Z Updating files:  43% (2934/6822)
2026-09-10T12:50:17.4872770Z Updating files:  44% (3002/6822)
2026-09-10T12:50:17.5330950Z Updating files:  45% (3070/6822)
2026-09-10T12:50:17.5619790Z Updating files:  46% (3139/6822)
2026-09-10T12:50:17.8291680Z Updating files:  47% (3207/6822)
2026-09-10T12:50:17.8503550Z Updating files:  48% (3275/6822)
2026-09-10T12:50:17.9096900Z Updating files:  49% (3343/6822)
2026-09-10T12:50:17.9349210Z Updating files:  50% (3411/6822)
2026-09-10T12:50:18.0002320Z Updating files:  51% (3480/6822)
2026-09-10T12:50:18.0293390Z Updating files:  52% (3548/6822)
2026-09-10T12:50:18.0600920Z Updating files:  53% (3616/6822)
2026-09-10T12:50:18.0992260Z Updating files:  54% (3684/6822)
2026-09-10T12:50:18.1341200Z Updating files:  55% (3753/6822)
2026-09-10T12:50:18.1817810Z Updating files:  56% (3821/6822)
2026-09-10T12:50:18.1937570Z Updating files:  57% (3889/6822)
2026-09-10T12:50:18.2012790Z Updating files:  57% (3931/6822)
2026-09-10T12:50:18.2342340Z Updating files:  58% (3957/6822)
2026-09-10T12:50:18.2902920Z Updating files:  59% (4025/6822)
2026-09-10T12:50:18.3275210Z Updating files:  60% (4094/6822)
2026-09-10T12:50:18.3525540Z Updating files:  61% (4162/6822)
2026-09-10T12:50:18.4146920Z Updating files:  62% (4230/6822)
2026-09-10T12:50:18.4416170Z Updating files:  63% (4298/6822)
2026-09-10T12:50:18.4684320Z Updating files:  64% (4367/6822)
2026-09-10T12:50:18.4986390Z Updating files:  65% (4435/6822)
2026-09-10T12:50:18.5175150Z Updating files:  66% (4503/6822)
2026-09-10T12:50:18.5364700Z Updating files:  67% (4571/6822)
2026-09-10T12:50:18.5638800Z Updating files:  68% (4639/6822)
2026-09-10T12:50:18.5826500Z Updating files:  69% (4708/6822)
2026-09-10T12:50:18.6024730Z Updating files:  70% (4776/6822)
2026-09-10T12:50:18.6230100Z Updating files:  71% (4844/6822)
2026-09-10T12:50:18.7799490Z Updating files:  72% (4912/6822)
2026-09-10T12:50:18.8427950Z Updating files:  73% (4981/6822)
2026-09-10T12:50:19.1661680Z Updating files:  74% (5049/6822)
2026-09-10T12:50:19.1869710Z Updating files:  75% (5117/6822)
2026-09-10T12:50:19.4827430Z Updating files:  76% (5185/6822)
2026-09-10T12:50:19.6749350Z Updating files:  76% (5190/6822)
2026-09-10T12:50:19.8014740Z Updating files:  77% (5253/6822)
2026-09-10T12:50:19.8264040Z Updating files:  78% (5322/6822)
2026-09-10T12:50:19.9013670Z Updating files:  79% (5390/6822)
2026-09-10T12:50:19.9640530Z Updating files:  80% (5458/6822)
2026-09-10T12:50:20.2001040Z Updating files:  81% (5526/6822)
2026-09-10T12:50:20.3204570Z Updating files:  81% (5563/6822)
2026-09-10T12:50:20.3570520Z Updating files:  82% (5595/6822)
2026-09-10T12:50:20.3843560Z Updating files:  83% (5663/6822)
2026-09-10T12:50:20.4012890Z Updating files:  84% (5731/6822)
2026-09-10T12:50:20.4719450Z Updating files:  85% (5799/6822)
2026-09-10T12:50:20.5014040Z Updating files:  86% (5867/6822)
2026-09-10T12:50:20.5248760Z Updating files:  87% (5936/6822)
2026-09-10T12:50:20.5508490Z Updating files:  88% (6004/6822)
2026-09-10T12:50:20.5762680Z Updating files:  89% (6072/6822)
2026-09-10T12:50:20.5984170Z Updating files:  90% (6140/6822)
2026-09-10T12:50:20.6187290Z Updating files:  91% (6209/6822)
2026-09-10T12:50:20.6429870Z Updating files:  92% (6277/6822)
2026-09-10T12:50:20.6876050Z Updating files:  93% (6345/6822)
2026-09-10T12:50:20.7044270Z Updating files:  94% (6413/6822)
2026-09-10T12:50:20.7211450Z Updating files:  95% (6481/6822)
2026-09-10T12:50:20.7416870Z Updating files:  96% (6550/6822)
2026-09-10T12:50:20.7506050Z Updating files:  97% (6618/6822)
2026-09-10T12:50:20.7635760Z Updating files:  98% (6686/6822)
2026-09-10T12:50:20.7784210Z Updating files:  99% (6754/6822)
2026-09-10T12:50:20.7784940Z Updating files: 100% (6822/6822)
2026-09-10T12:50:20.7785180Z Updating files: 100% (6822/6822), done.
2026-09-10T12:50:20.7998440Z Switched to a new branch 'main'
2026-09-10T12:50:20.7999990Z branch 'main' set up to track 'origin/main'.
2026-09-10T12:50:20.8143870Z ##[endgroup]
2026-09-10T12:50:20.8330880Z [command]/opt/homebrew/bin/git log -1 --format=%H
2026-09-10T12:50:20.8432030Z c6ea1dd9f7966517fbee87a06b633d01c432c24d
2026-09-10T12:50:20.8451270Z ##[group]Removing auth
2026-09-10T12:50:20.8451800Z Removing SSH command configuration
2026-09-10T12:50:20.8461240Z [command]/opt/homebrew/bin/git config --local --name-only --get-regexp core\.sshCommand
2026-09-10T12:50:20.8535560Z [command]/opt/homebrew/bin/git submodule foreach --recursive sh -c "git config --local --name-only --get-regexp 'core\.sshCommand' && git config --local --unset-all 'core.sshCommand' || :"
2026-09-10T12:50:20.9588920Z Removing HTTP extra header
2026-09-10T12:50:20.9590750Z [command]/opt/homebrew/bin/git config --local --name-only --get-regexp http\.https\:\/\/github\.com\/\.extraheader
2026-09-10T12:50:20.9669670Z [command]/opt/homebrew/bin/git submodule foreach --recursive sh -c "git config --local --name-only --get-regexp 'http\.https\:\/\/github\.com\/\.extraheader' && git config --local --unset-all 'http.https://github.com/.extraheader' || :"
2026-09-10T12:50:21.1787180Z Removing includeIf entries pointing to credentials config files
2026-09-10T12:50:21.1889860Z [command]/opt/homebrew/bin/git config --local --name-only --get-regexp ^includeIf\.gitdir:
2026-09-10T12:50:21.1989670Z includeif.gitdir:/Users/runner/work/PartyDeck/PartyDeck/.git.path
2026-09-10T12:50:21.2018800Z includeif.gitdir:/Users/runner/work/PartyDeck/PartyDeck/.git/worktrees/*.path
2026-09-10T12:50:21.2025470Z includeif.gitdir:/github/workspace/.git.path
2026-09-10T12:50:21.2029970Z includeif.gitdir:/github/workspace/.git/worktrees/*.path
2026-09-10T12:50:21.2158830Z [command]/opt/homebrew/bin/git config --local --get-all includeif.gitdir:/Users/runner/work/PartyDeck/PartyDeck/.git.path
2026-09-10T12:50:21.2260270Z /Users/runner/work/_temp/git-credentials-a3833bdb-8d4b-4aca-bec1-9161a85a6019.config
2026-09-10T12:50:21.2318170Z [command]/opt/homebrew/bin/git config --local --unset includeif.gitdir:/Users/runner/work/PartyDeck/PartyDeck/.git.path \/Users\/runner\/work\/_temp\/git\-credentials\-a3833bdb\-8d4b\-4aca\-bec1\-9161a85a6019\.config
2026-09-10T12:50:21.2320050Z [command]/opt/homebrew/bin/git config --local --get-all includeif.gitdir:/Users/runner/work/PartyDeck/PartyDeck/.git/worktrees/*.path
2026-09-10T12:50:21.2329220Z /Users/runner/work/_temp/git-credentials-a3833bdb-8d4b-4aca-bec1-9161a85a6019.config
2026-09-10T12:50:21.2331050Z [command]/opt/homebrew/bin/git config --local --unset includeif.gitdir:/Users/runner/work/PartyDeck/PartyDeck/.git/worktrees/*.path \/Users\/runner\/work\/_temp\/git\-credentials\-a3833bdb\-8d4b\-4aca\-bec1\-9161a85a6019\.config
2026-09-10T12:50:21.2335040Z [command]/opt/homebrew/bin/git config --local --get-all includeif.gitdir:/github/workspace/.git.path
2026-09-10T12:50:21.2341730Z /github/runner_temp/git-credentials-a3833bdb-8d4b-4aca-bec1-9161a85a6019.config
2026-09-10T12:50:21.2444730Z [command]/opt/homebrew/bin/git config --local --unset includeif.gitdir:/github/workspace/.git.path \/github\/runner_temp\/git\-credentials\-a3833bdb\-8d4b\-4aca\-bec1\-9161a85a6019\.config
2026-09-10T12:50:21.2547980Z [command]/opt/homebrew/bin/git config --local --get-all includeif.gitdir:/github/workspace/.git/worktrees/*.path
2026-09-10T12:50:21.2557210Z /github/runner_temp/git-credentials-a3833bdb-8d4b-4aca-bec1-9161a85a6019.config
2026-09-10T12:50:21.2633270Z [command]/opt/homebrew/bin/git config --local --unset includeif.gitdir:/github/workspace/.git/worktrees/*.path \/github\/runner_temp\/git\-credentials\-a3833bdb\-8d4b\-4aca\-bec1\-9161a85a6019\.config
2026-09-10T12:50:21.2634710Z [command]/opt/homebrew/bin/git submodule foreach --recursive git config --local --show-origin --name-only --get-regexp remote.origin.url
2026-09-10T12:50:21.4271270Z Removing credentials config '/Users/runner/work/_temp/git-credentials-a3833bdb-8d4b-4aca-bec1-9161a85a6019.config'
2026-09-10T12:50:21.4272380Z ##[endgroup]
2026-09-10T12:50:21.4720770Z ##[group]Run actions/download-artifact@3e5f45b2cfb9172054b4087a40e8e0b5a5461e7c
2026-09-10T12:50:21.4721250Z with:
2026-09-10T12:50:21.4721450Z   name: godot-ios-host-renderer
2026-09-10T12:50:21.4722030Z   path: godot/qualification/build/renderer
2026-09-10T12:50:21.4731640Z   merge-multiple: false
2026-09-10T12:50:21.4731920Z   repository: Apdelrahman1911/PartyDeck
2026-09-10T12:50:21.4732230Z   run-id: 34478720554
2026-09-10T12:50:21.4732450Z   skip-decompress: false
2026-09-10T12:50:21.4732700Z   digest-mismatch: error
2026-09-10T12:50:21.4732910Z env:
2026-09-10T12:50:21.4733180Z   DEVELOPER_DIR: /Applications/Xcode_26.4.1.app/Contents/Developer
2026-09-10T12:50:21.4733990Z   PARTYDECK_GODOT_AUTHORITY_FRAMEWORK: /Users/runner/work/PartyDeck/PartyDeck/godot/ios-host/build/framework-input/PartyDeckGodotBridge.framework
2026-09-10T12:50:21.4734640Z ##[endgroup]
2026-09-10T12:50:21.7491910Z Downloading single artifact
2026-09-10T12:50:22.0642260Z Preparing to download the following artifacts:
2026-09-10T12:50:22.0642910Z - godot-ios-host-renderer (ID: 10152645921, Size: 1109471, Expected Digest: sha256:c6407b41dd70057b73ebb4c53201a9275fe4ebb58b23eaab3ea98a6c68cd93a2)
2026-09-10T12:50:22.6203480Z Redirecting to blob download url: https://productionresultssa6.blob.core.windows.net/actions-results/1db5a135-f2cf-458b-9423-bff81feb2492/workflow-job-run-d66d2dd3-adf0-51cb-a8ee-4bf79bd48655/artifacts/abe4e4fed53669ad30eb4aad50b1db02c253f23fd16ccb6511ff1de3d43890fc.zip
2026-09-10T12:50:22.6206930Z Starting download of artifact to: /Users/runner/work/PartyDeck/PartyDeck/godot/qualification/build/renderer
2026-09-10T12:50:22.9067500Z (node:1394) [DEP0005] DeprecationWarning: Buffer() is deprecated due to security and usability issues. Please use the Buffer.alloc(), Buffer.allocUnsafe(), or Buffer.from() methods instead.
2026-09-10T12:50:22.9088640Z (Use `node --trace-deprecation ...` to show where the warning was created)
2026-09-10T12:50:23.5225130Z SHA256 digest of downloaded artifact is c6407b41dd70057b73ebb4c53201a9275fe4ebb58b23eaab3ea98a6c68cd93a2
2026-09-10T12:50:23.5225870Z Artifact download completed successfully.
2026-09-10T12:50:23.5226560Z Total of 1 artifact(s) downloaded
2026-09-10T12:50:23.5241700Z Download artifact has finished successfully
2026-09-10T12:50:23.5429960Z ##[group]Run actions/download-artifact@3e5f45b2cfb9172054b4087a40e8e0b5a5461e7c
2026-09-10T12:50:23.5432220Z with:
2026-09-10T12:50:23.5433050Z   name: godot-ios-host-engine
2026-09-10T12:50:23.5433990Z   path: godot/ios-host/build
2026-09-10T12:50:23.5434780Z   merge-multiple: false
2026-09-10T12:50:23.5435600Z   repository: Apdelrahman1911/PartyDeck
2026-09-10T12:50:23.5436480Z   run-id: 34478720554
2026-09-10T12:50:23.5437150Z   skip-decompress: false
2026-09-10T12:50:23.5438060Z   digest-mismatch: error
2026-09-10T12:50:23.5438710Z env:
2026-09-10T12:50:23.5439880Z   DEVELOPER_DIR: /Applications/Xcode_26.4.1.app/Contents/Developer
2026-09-10T12:50:23.5441840Z   PARTYDECK_GODOT_AUTHORITY_FRAMEWORK: /Users/runner/work/PartyDeck/PartyDeck/godot/ios-host/build/framework-input/PartyDeckGodotBridge.framework
2026-09-10T12:50:23.5443380Z ##[endgroup]
2026-09-10T12:50:23.7892870Z Downloading single artifact
2026-09-10T12:50:24.0633430Z Preparing to download the following artifacts:
2026-09-10T12:50:24.0635720Z - godot-ios-host-engine (ID: 10152705871, Size: 54534046, Expected Digest: sha256:294fb8f56755943006e4b2c1919261b559b9b3399912ce5529c738644610e69f)
2026-09-10T12:50:24.6031020Z Redirecting to blob download url: https://productionresultssa6.blob.core.windows.net/actions-results/1db5a135-f2cf-458b-9423-bff81feb2492/workflow-job-run-9626bdd7-e44f-5a9e-b152-a23a565758f2/artifacts/a522ade447722fe30fd7cf7a8ce99130f42ea723166f8d2ed5440f0e4b43c62f.zip
2026-09-10T12:50:24.6033460Z Starting download of artifact to: /Users/runner/work/PartyDeck/PartyDeck/godot/ios-host/build
2026-09-10T12:50:24.9178290Z (node:1399) [DEP0005] DeprecationWarning: Buffer() is deprecated due to security and usability issues. Please use the Buffer.alloc(), Buffer.allocUnsafe(), or Buffer.from() methods instead.
2026-09-10T12:50:24.9272230Z (Use `node --trace-deprecation ...` to show where the warning was created)
2026-09-10T12:50:29.4854950Z SHA256 digest of downloaded artifact is 294fb8f56755943006e4b2c1919261b559b9b3399912ce5529c738644610e69f
2026-09-10T12:50:29.4864640Z Artifact download completed successfully.
2026-09-10T12:50:29.4865950Z Total of 1 artifact(s) downloaded
2026-09-10T12:50:29.4893000Z Download artifact has finished successfully
2026-09-10T12:50:29.5304910Z ##[group]Run actions/download-artifact@3e5f45b2cfb9172054b4087a40e8e0b5a5461e7c
2026-09-10T12:50:29.5305550Z with:
2026-09-10T12:50:29.5319960Z   name: godot-ios-host-framework
2026-09-10T12:50:29.5320320Z   path: godot/ios-host/build
2026-09-10T12:50:29.5320520Z   merge-multiple: false
2026-09-10T12:50:29.5320710Z   repository: Apdelrahman1911/PartyDeck
2026-09-10T12:50:29.5320930Z   run-id: 34478720554
2026-09-10T12:50:29.5321140Z   skip-decompress: false
2026-09-10T12:50:29.5322460Z   digest-mismatch: error
2026-09-10T12:50:29.5323150Z env:
2026-09-10T12:50:29.5323770Z   DEVELOPER_DIR: /Applications/Xcode_26.4.1.app/Contents/Developer
2026-09-10T12:50:29.5325360Z   PARTYDECK_GODOT_AUTHORITY_FRAMEWORK: /Users/runner/work/PartyDeck/PartyDeck/godot/ios-host/build/framework-input/PartyDeckGodotBridge.framework
2026-09-10T12:50:29.5326770Z ##[endgroup]
2026-09-10T12:50:29.8762770Z Downloading single artifact
2026-09-10T12:50:30.1525670Z Preparing to download the following artifacts:
2026-09-10T12:50:30.1526390Z - godot-ios-host-framework (ID: 10152709697, Size: 8511352, Expected Digest: sha256:d9e9ba8ae0238f149f8eeca3a2233094ecc7f5265d47bb10458c2aa08e2a21f1)
2026-09-10T12:50:30.6944120Z Redirecting to blob download url: https://productionresultssa6.blob.core.windows.net/actions-results/1db5a135-f2cf-458b-9423-bff81feb2492/workflow-job-run-84c5b009-1a41-5913-a79b-306fe334e42c/artifacts/98f01df6d1c7dfef617850326596839e8be4758e3b7ca6582b49664ced5ddf6d.zip
2026-09-10T12:50:30.6948060Z Starting download of artifact to: /Users/runner/work/PartyDeck/PartyDeck/godot/ios-host/build
2026-09-10T12:50:31.0157500Z (node:1548) [DEP0005] DeprecationWarning: Buffer() is deprecated due to security and usability issues. Please use the Buffer.alloc(), Buffer.allocUnsafe(), or Buffer.from() methods instead.
2026-09-10T12:50:31.0163470Z (Use `node --trace-deprecation ...` to show where the warning was created)
2026-09-10T12:50:32.5417550Z SHA256 digest of downloaded artifact is d9e9ba8ae0238f149f8eeca3a2233094ecc7f5265d47bb10458c2aa08e2a21f1
2026-09-10T12:50:32.5420940Z Artifact download completed successfully.
2026-09-10T12:50:32.5421760Z Total of 1 artifact(s) downloaded
2026-09-10T12:50:32.5433850Z Download artifact has finished successfully
2026-09-10T12:50:32.5547280Z ##[group]Run python3 -B godot/tools/renderer.py check-pack \
2026-09-10T12:50:32.5547910Z [36;1mpython3 -B godot/tools/renderer.py check-pack \[0m
2026-09-10T12:50:32.5548390Z [36;1m  --pack godot/qualification/build/renderer/partydeck-last-light.pck[0m
2026-09-10T12:50:32.5548800Z [36;1mpython3 - <<'PY'[0m
2026-09-10T12:50:32.5549000Z [36;1mimport hashlib[0m
2026-09-10T12:50:32.5549180Z [36;1mimport json[0m
2026-09-10T12:50:32.5549340Z [36;1mimport os[0m
2026-09-10T12:50:32.5549520Z [36;1mfrom pathlib import Path[0m
2026-09-10T12:50:32.5549720Z [36;1m[0m
2026-09-10T12:50:32.5549880Z [36;1mbuild = Path('godot/ios-host/build')[0m
2026-09-10T12:50:32.5550140Z [36;1mevidence = build / 'evidence'[0m
2026-09-10T12:50:32.5550370Z [36;1martifacts = build / 'artifacts'[0m
2026-09-10T12:50:32.5550710Z [36;1mfor name in ('engine-source-commit.txt', 'authority-source-commit.txt'):[0m
2026-09-10T12:50:32.5551190Z [36;1m    if (evidence / name).read_text().strip() != os.environ['GITHUB_SHA']:[0m
2026-09-10T12:50:32.5551650Z [36;1m        raise SystemExit(f'Downloaded input uses a different source revision: {name}')[0m
2026-09-10T12:50:32.5552000Z [36;1m[0m
2026-09-10T12:50:32.5552150Z [36;1mdef verify(path, receipt):[0m
2026-09-10T12:50:32.5552360Z [36;1m    digest = hashlib.sha256()[0m
2026-09-10T12:50:32.5552590Z [36;1m    with path.open('rb') as stream:[0m
2026-09-10T12:50:32.5552880Z [36;1m        for block in iter(lambda: stream.read(1048576), b''):[0m
2026-09-10T12:50:32.5553170Z [36;1m            digest.update(block)[0m
2026-09-10T12:50:32.5553540Z [36;1m    if path.stat().st_size != receipt['bytes'] or digest.hexdigest() != receipt['sha256']:[0m
2026-09-10T12:50:32.5554200Z [36;1m        raise SystemExit(f'Downloaded input does not match its build receipt: {path}')[0m
2026-09-10T12:50:32.5554690Z [36;1m[0m
2026-09-10T12:50:32.5555380Z [36;1mengine = json.loads((evidence / 'engine-artifact.json').read_text())[0m
2026-09-10T12:50:32.5556010Z [36;1mif engine['engine_commit'] != 'ed1daf0bf001b61586d9930840f2f1394092c079':[0m
2026-09-10T12:50:32.5556590Z [36;1m    raise SystemExit('The engine source differs from the verified pin.')[0m
2026-09-10T12:50:32.5557110Z [36;1mif engine.get('path_overrides_enabled') is not True:[0m
2026-09-10T12:50:32.5565530Z [36;1m    raise SystemExit('The native engine must accept the host-owned resource path.')[0m
2026-09-10T12:50:32.5566000Z [36;1mverify(artifacts / engine['artifact'], engine)[0m
2026-09-10T12:50:32.5566380Z [36;1mfor archive in engine['auxiliary_archives']:[0m
2026-09-10T12:50:32.5566690Z [36;1m    verify(artifacts / archive['artifact'], archive)[0m
2026-09-10T12:50:32.5567110Z [36;1mframework = json.loads((evidence / 'authority-framework-result.json').read_text())[0m
2026-09-10T12:50:32.5567670Z [36;1mverify(artifacts / framework['archive']['name'], framework['archive'])[0m
2026-09-10T12:50:32.5568290Z [36;1mprint('Downloaded engine and framework match their source revision and build receipts.')[0m
2026-09-10T12:50:32.5568670Z [36;1mPY[0m
2026-09-10T12:50:32.5569380Z [36;1mmkdir -p godot/ios-host/build/framework-input[0m
2026-09-10T12:50:32.5570810Z [36;1mtar -xzf godot/ios-host/build/artifacts/PartyDeckGodotBridge-simulator.framework.tar.gz \[0m
2026-09-10T12:50:32.5572040Z [36;1m  -C godot/ios-host/build/framework-input[0m
2026-09-10T12:50:32.5647410Z shell: /bin/bash -e {0}
2026-09-10T12:50:32.5647630Z env:
2026-09-10T12:50:32.5647900Z   DEVELOPER_DIR: /Applications/Xcode_26.4.1.app/Contents/Developer
2026-09-10T12:50:32.5649050Z   PARTYDECK_GODOT_AUTHORITY_FRAMEWORK: /Users/runner/work/PartyDeck/PartyDeck/godot/ios-host/build/framework-input/PartyDeckGodotBridge.framework
2026-09-10T12:50:32.5651050Z ##[endgroup]
2026-09-10T12:50:33.1465990Z PCK checks passed: 136 entries; SHA-256 d6adbba1b5cbd6a1ac3a5754e4294363eae70ae9540af4ba12040cd4cfff44e0
2026-09-10T12:50:33.4558960Z Downloaded engine and framework match their source revision and build receipts.
2026-09-10T12:50:33.5591650Z ##[group]Run bash godot/ios-host/test-authority-host.sh test
2026-09-10T12:50:33.5592090Z [36;1mbash godot/ios-host/test-authority-host.sh test[0m
2026-09-10T12:50:33.5641390Z shell: /bin/bash -e {0}
2026-09-10T12:50:33.5641740Z env:
2026-09-10T12:50:33.5642060Z   DEVELOPER_DIR: /Applications/Xcode_26.4.1.app/Contents/Developer
2026-09-10T12:50:33.5642820Z   PARTYDECK_GODOT_AUTHORITY_FRAMEWORK: /Users/runner/work/PartyDeck/PartyDeck/godot/ios-host/build/framework-input/PartyDeckGodotBridge.framework
2026-09-10T12:50:33.5643460Z ##[endgroup]
2026-09-10T12:50:37.6717900Z PCK checks passed: 136 entries; SHA-256 d6adbba1b5cbd6a1ac3a5754e4294363eae70ae9540af4ba12040cd4cfff44e0
2026-09-10T12:50:37.6873400Z Prepared the real diagnostic scene and verified authority fixture.
2026-09-10T12:50:37.7006030Z Staged the receipt-matched Kotlin framework and verified shared renderer pack.
2026-09-10T12:50:37.7218900Z /Users/runner/work/PartyDeck/PartyDeck/godot/ios-host/AuthorityHost/Info.plist: OK
2026-09-10T12:50:37.7232480Z /Users/runner/work/PartyDeck/PartyDeck/godot/ios-host/AuthorityHost.xcodeproj/project.pbxproj: OK
2026-09-10T12:50:39.3474610Z Command line invocation:
2026-09-10T12:50:39.3478100Z     /Applications/Xcode_26.4.1.app/Contents/Developer/usr/bin/xcodebuild build -project /Users/runner/work/PartyDeck/PartyDeck/godot/ios-host/AuthorityHost.xcodeproj -scheme AuthorityHost -configuration Debug -destination "generic/platform=iOS Simulator" -derivedDataPath /Users/runner/work/PartyDeck/PartyDeck/godot/ios-host/build/AuthorityDerivedData CODE_SIGNING_ALLOWED=NO
2026-09-10T12:50:39.3479950Z 
2026-09-10T12:50:39.3498720Z Build settings from command line:
2026-09-10T12:50:39.3499490Z     CODE_SIGNING_ALLOWED = NO
2026-09-10T12:50:39.3501850Z 
2026-09-10T12:50:47.7707020Z ComputePackagePrebuildTargetDependencyGraph
2026-09-10T12:50:47.9369660Z 
2026-09-10T12:50:47.9472500Z Prepare packages
2026-09-10T12:50:47.9574270Z 
2026-09-10T12:50:47.9675500Z CreateBuildRequest
2026-09-10T12:50:47.9776570Z 
2026-09-10T12:50:47.9877890Z SendProjectDescription
2026-09-10T12:50:47.9979080Z 
2026-09-10T12:50:48.0080400Z CreateBuildOperation
2026-09-10T12:50:48.0080820Z 
2026-09-10T12:50:48.0182740Z ComputeTargetDependencyGraph
2026-09-10T12:50:48.0284340Z note: Building targets in dependency order
2026-09-10T12:50:48.0385730Z note: Target dependency graph (1 target)
2026-09-10T12:50:48.0487600Z     Target 'AuthorityHost' in project 'AuthorityHost' (no dependencies)
2026-09-10T12:50:48.0588540Z 
2026-09-10T12:50:48.0689560Z GatherProvisioningInputs
2026-09-10T12:50:48.0790480Z 
2026-09-10T12:50:48.0893150Z CreateBuildDescription
2026-09-10T12:50:48.0994180Z 
2026-09-10T12:50:48.1096260Z ExecuteExternalTool /Applications/Xcode_26.4.1.app/Contents/Developer/Toolchains/XcodeDefault.xctoolchain/usr/bin/swiftc --version
2026-09-10T12:50:49.1153560Z 
2026-09-10T12:50:49.1157000Z ExecuteExternalTool /Applications/Xcode_26.4.1.app/Contents/Developer/Toolchains/XcodeDefault.xctoolchain/usr/bin/clang -v -E -dM -isysroot /Applications/Xcode_26.4.1.app/Contents/Developer/Platforms/iPhoneSimulator.platform/Developer/SDKs/iPhoneSimulator26.4.sdk -x c -c /dev/null
2026-09-10T12:50:49.1162800Z 
2026-09-10T12:50:49.1272600Z ExecuteExternalTool /Applications/Xcode_26.4.1.app/Contents/Developer/Toolchains/XcodeDefault.xctoolchain/usr/bin/ld -version_details
2026-09-10T12:50:49.3548080Z 
2026-09-10T12:50:49.3742110Z Build description signature: eef77cf23c28c620c2eda98087cd4b8c
2026-09-10T12:50:49.3748870Z Build description path: /Users/runner/work/PartyDeck/PartyDeck/godot/ios-host/build/AuthorityDerivedData/Build/Intermediates.noindex/XCBuildData/eef77cf23c28c620c2eda98087cd4b8c.xcbuilddata
2026-09-10T12:50:49.4159760Z CreateBuildDirectory /Users/runner/work/PartyDeck/PartyDeck/godot/ios-host/build/AuthorityDerivedData/Build/Products
2026-09-10T12:50:49.4264850Z     cd /Users/runner/work/PartyDeck/PartyDeck/godot/ios-host/AuthorityHost.xcodeproj
2026-09-10T12:50:49.4339350Z     builtin-create-build-directory /Users/runner/work/PartyDeck/PartyDeck/godot/ios-host/build/AuthorityDerivedData/Build/Products
2026-09-10T12:50:49.4340000Z 
2026-09-10T12:50:49.4342440Z CreateBuildDirectory /Users/runner/work/PartyDeck/PartyDeck/godot/ios-host/build/AuthorityDerivedData/Build/Intermediates.noindex
2026-09-10T12:50:49.4343350Z     cd /Users/runner/work/PartyDeck/PartyDeck/godot/ios-host/AuthorityHost.xcodeproj
2026-09-10T12:50:49.4344140Z     builtin-create-build-directory /Users/runner/work/PartyDeck/PartyDeck/godot/ios-host/build/AuthorityDerivedData/Build/Intermediates.noindex
2026-09-10T12:50:49.4344650Z 
2026-09-10T12:50:49.4346150Z ClangStatCache /Applications/Xcode_26.4.1.app/Contents/Developer/Toolchains/XcodeDefault.xctoolchain/usr/bin/clang-stat-cache /Applications/Xcode_26.4.1.app/Contents/Developer/Platforms/iPhoneSimulator.platform/Developer/SDKs/iPhoneSimulator26.4.sdk /Users/runner/work/PartyDeck/PartyDeck/godot/ios-host/build/AuthorityDerivedData/SDKStatCaches.noindex/iphonesimulator26.4-23E252-688ef53f1462e2c8f657fdc38a81448f893e4a944e4cdd9af1f5077e1341bc52.sdkstatcache
2026-09-10T12:50:49.4348770Z     cd /Users/runner/work/PartyDeck/PartyDeck/godot/ios-host/AuthorityHost.xcodeproj
2026-09-10T12:50:49.4350550Z     /Applications/Xcode_26.4.1.app/Contents/Developer/Toolchains/XcodeDefault.xctoolchain/usr/bin/clang-stat-cache /Applications/Xcode_26.4.1.app/Contents/Developer/Platforms/iPhoneSimulator.platform/Developer/SDKs/iPhoneSimulator26.4.sdk -o /Users/runner/work/PartyDeck/PartyDeck/godot/ios-host/build/AuthorityDerivedData/SDKStatCaches.noindex/iphonesimulator26.4-23E252-688ef53f1462e2c8f657fdc38a81448f893e4a944e4cdd9af1f5077e1341bc52.sdkstatcache
2026-09-10T12:50:52.8095040Z 
2026-09-10T12:50:52.8098090Z WriteAuxiliaryFile /Users/runner/work/PartyDeck/PartyDeck/godot/ios-host/build/AuthorityDerivedData/Build/Intermediates.noindex/AuthorityHost.build/Debug-iphonesimulator/AuthorityHost-b4c428f7ad649c3791a38bf7cf53b8f0-VFS-iphonesimulator/all-product-headers.yaml
2026-09-10T12:50:52.8100530Z     cd /Users/runner/work/PartyDeck/PartyDeck/godot/ios-host/AuthorityHost.xcodeproj
2026-09-10T12:50:52.8101910Z     write-file /Users/runner/work/PartyDeck/PartyDeck/godot/ios-host/build/AuthorityDerivedData/Build/Intermediates.noindex/AuthorityHost.build/Debug-iphonesimulator/AuthorityHost-b4c428f7ad649c3791a38bf7cf53b8f0-VFS-iphonesimulator/all-product-headers.yaml
2026-09-10T12:50:52.8103450Z 
2026-09-10T12:50:52.8104080Z CreateBuildDirectory /Users/runner/work/PartyDeck/PartyDeck/godot/ios-host/build/AuthorityDerivedData/Build/Products/Debug-iphonesimulator
2026-09-10T12:50:52.8105080Z     cd /Users/runner/work/PartyDeck/PartyDeck/godot/ios-host/AuthorityHost.xcodeproj
2026-09-10T12:50:52.8106090Z     builtin-create-build-directory /Users/runner/work/PartyDeck/PartyDeck/godot/ios-host/build/AuthorityDerivedData/Build/Products/Debug-iphonesimulator
2026-09-10T12:50:52.8106790Z 
2026-09-10T12:50:52.8107390Z CreateBuildDirectory /Users/runner/work/PartyDeck/PartyDeck/godot/ios-host/build/AuthorityDerivedData/Build/Intermediates.noindex/SwiftExplicitPrecompiledModules
2026-09-10T12:50:52.8108360Z     cd /Users/runner/work/PartyDeck/PartyDeck/godot/ios-host/AuthorityHost.xcodeproj
2026-09-10T12:50:52.8109350Z     builtin-create-build-directory /Users/runner/work/PartyDeck/PartyDeck/godot/ios-host/build/AuthorityDerivedData/Build/Intermediates.noindex/SwiftExplicitPrecompiledModules
2026-09-10T12:50:52.8110060Z 
2026-09-10T12:50:52.8110660Z CreateBuildDirectory /Users/runner/work/PartyDeck/PartyDeck/godot/ios-host/build/AuthorityDerivedData/Build/Intermediates.noindex/ExplicitPrecompiledModules
2026-09-10T12:50:52.8111730Z     cd /Users/runner/work/PartyDeck/PartyDeck/godot/ios-host/AuthorityHost.xcodeproj
2026-09-10T12:50:52.8126290Z     builtin-create-build-directory /Users/runner/work/PartyDeck/PartyDeck/godot/ios-host/build/AuthorityDerivedData/Build/Intermediates.noindex/ExplicitPrecompiledModules
2026-09-10T12:50:52.8127170Z 
2026-09-10T12:50:52.8128550Z CreateBuildDirectory /Users/runner/work/PartyDeck/PartyDeck/godot/ios-host/build/AuthorityDerivedData/Build/Intermediates.noindex/EagerLinkingTBDs/Debug-iphonesimulator
2026-09-10T12:50:52.8129540Z     cd /Users/runner/work/PartyDeck/PartyDeck/godot/ios-host/AuthorityHost.xcodeproj
2026-09-10T12:50:52.8133210Z     builtin-create-build-directory /Users/runner/work/PartyDeck/PartyDeck/godot/ios-host/build/AuthorityDerivedData/Build/Intermediates.noindex/EagerLinkingTBDs/Debug-iphonesimulator
2026-09-10T12:50:52.8135300Z 
2026-09-10T12:50:52.8137850Z WriteAuxiliaryFile /Users/runner/work/PartyDeck/PartyDeck/godot/ios-host/build/AuthorityDerivedData/Build/Intermediates.noindex/AuthorityHost.build/Debug-iphonesimulator/AuthorityHost.build/Objects-normal/arm64/AuthorityHost.SwiftFileList (in target 'AuthorityHost' from project 'AuthorityHost')
2026-09-10T12:50:52.8147210Z     cd /Users/runner/work/PartyDeck/PartyDeck/godot/ios-host
2026-09-10T12:50:52.8149500Z     write-file /Users/runner/work/PartyDeck/PartyDeck/godot/ios-host/build/AuthorityDerivedData/Build/Intermediates.noindex/AuthorityHost.build/Debug-iphonesimulator/AuthorityHost.build/Objects-normal/arm64/AuthorityHost.SwiftFileList
2026-09-10T12:50:52.8152640Z 
2026-09-10T12:50:52.8154160Z WriteAuxiliaryFile /Users/runner/work/PartyDeck/PartyDeck/godot/ios-host/build/AuthorityDerivedData/Build/Intermediates.noindex/AuthorityHost.build/Debug-iphonesimulator/AuthorityHost.build/Objects-normal/arm64/AuthorityHost_const_extract_protocols.json (in target 'AuthorityHost' from project 'AuthorityHost')
2026-09-10T12:50:52.8156570Z     cd /Users/runner/work/PartyDeck/PartyDeck/godot/ios-host
2026-09-10T12:50:52.8157770Z     write-file /Users/runner/work/PartyDeck/PartyDeck/godot/ios-host/build/AuthorityDerivedData/Build/Intermediates.noindex/AuthorityHost.build/Debug-iphonesimulator/AuthorityHost.build/Objects-normal/arm64/AuthorityHost_const_extract_protocols.json
2026-09-10T12:50:52.8158630Z 
2026-09-10T12:50:52.8159700Z WriteAuxiliaryFile /Users/runner/work/PartyDeck/PartyDeck/godot/ios-host/build/AuthorityDerivedData/Build/Intermediates.noindex/AuthorityHost.build/Debug-iphonesimulator/AuthorityHost.build/Objects-normal/arm64/AuthorityHost.SwiftConstValuesFileList (in target 'AuthorityHost' from project 'AuthorityHost')
2026-09-10T12:50:52.8162900Z     cd /Users/runner/work/PartyDeck/PartyDeck/godot/ios-host
2026-09-10T12:50:52.8164170Z     write-file /Users/runner/work/PartyDeck/PartyDeck/godot/ios-host/build/AuthorityDerivedData/Build/Intermediates.noindex/AuthorityHost.build/Debug-iphonesimulator/AuthorityHost.build/Objects-normal/arm64/AuthorityHost.SwiftConstValuesFileList
2026-09-10T12:50:52.8165380Z 
2026-09-10T12:50:52.8166480Z WriteAuxiliaryFile /Users/runner/work/PartyDeck/PartyDeck/godot/ios-host/build/AuthorityDerivedData/Build/Intermediates.noindex/AuthorityHost.build/Debug-iphonesimulator/AuthorityHost.build/Objects-normal/arm64/AuthorityHost.LinkFileList (in target 'AuthorityHost' from project 'AuthorityHost')
2026-09-10T12:50:52.8167870Z     cd /Users/runner/work/PartyDeck/PartyDeck/godot/ios-host
2026-09-10T12:50:52.8169330Z     write-file /Users/runner/work/PartyDeck/PartyDeck/godot/ios-host/build/AuthorityDerivedData/Build/Intermediates.noindex/AuthorityHost.build/Debug-iphonesimulator/AuthorityHost.build/Objects-normal/arm64/AuthorityHost.LinkFileList
2026-09-10T12:50:52.8175670Z 
2026-09-10T12:50:52.8179060Z WriteAuxiliaryFile /Users/runner/work/PartyDeck/PartyDeck/godot/ios-host/build/AuthorityDerivedData/Build/Intermediates.noindex/AuthorityHost.build/Debug-iphonesimulator/AuthorityHost.build/Objects-normal/arm64/AuthorityHost-OutputFileMap.json (in target 'AuthorityHost' from project 'AuthorityHost')
2026-09-10T12:50:52.8180820Z     cd /Users/runner/work/PartyDeck/PartyDeck/godot/ios-host
2026-09-10T12:50:52.8182520Z     write-file /Users/runner/work/PartyDeck/PartyDeck/godot/ios-host/build/AuthorityDerivedData/Build/Intermediates.noindex/AuthorityHost.build/Debug-iphonesimulator/AuthorityHost.build/Objects-normal/arm64/AuthorityHost-OutputFileMap.json
2026-09-10T12:50:52.8183670Z 
2026-09-10T12:50:52.8185290Z WriteAuxiliaryFile /Users/runner/work/PartyDeck/PartyDeck/godot/ios-host/build/AuthorityDerivedData/Build/Intermediates.noindex/AuthorityHost.build/Debug-iphonesimulator/AuthorityHost.build/AuthorityHost.hmap (in target 'AuthorityHost' from project 'AuthorityHost')
2026-09-10T12:50:52.8213690Z     cd /Users/runner/work/PartyDeck/PartyDeck/godot/ios-host
2026-09-10T12:50:52.8214930Z     write-file /Users/runner/work/PartyDeck/PartyDeck/godot/ios-host/build/AuthorityDerivedData/Build/Intermediates.noindex/AuthorityHost.build/Debug-iphonesimulator/AuthorityHost.build/AuthorityHost.hmap
2026-09-10T12:50:52.8217270Z 
2026-09-10T12:50:52.8219820Z WriteAuxiliaryFile /Users/runner/work/PartyDeck/PartyDeck/godot/ios-host/build/AuthorityDerivedData/Build/Intermediates.noindex/AuthorityHost.build/Debug-iphonesimulator/AuthorityHost.build/AuthorityHost.DependencyStaticMetadataFileList (in target 'AuthorityHost' from project 'AuthorityHost')
2026-09-10T12:50:52.8223120Z     cd /Users/runner/work/PartyDeck/PartyDeck/godot/ios-host
2026-09-10T12:50:52.8224010Z     write-file /Users/runner/work/PartyDeck/PartyDeck/godot/ios-host/build/AuthorityDerivedData/Build/Intermediates.noindex/AuthorityHost.build/Debug-iphonesimulator/AuthorityHost.build/AuthorityHost.DependencyStaticMetadataFileList
2026-09-10T12:50:52.8224820Z 
2026-09-10T12:50:52.8225950Z WriteAuxiliaryFile /Users/runner/work/PartyDeck/PartyDeck/godot/ios-host/build/AuthorityDerivedData/Build/Intermediates.noindex/AuthorityHost.build/Debug-iphonesimulator/AuthorityHost.build/AuthorityHost.DependencyMetadataFileList (in target 'AuthorityHost' from project 'AuthorityHost')
2026-09-10T12:50:52.8227020Z     cd /Users/runner/work/PartyDeck/PartyDeck/godot/ios-host
2026-09-10T12:50:52.8227880Z     write-file /Users/runner/work/PartyDeck/PartyDeck/godot/ios-host/build/AuthorityDerivedData/Build/Intermediates.noindex/AuthorityHost.build/Debug-iphonesimulator/AuthorityHost.build/AuthorityHost.DependencyMetadataFileList
2026-09-10T12:50:52.8229430Z 
2026-09-10T12:50:52.8232130Z WriteAuxiliaryFile /Users/runner/work/PartyDeck/PartyDeck/godot/ios-host/build/AuthorityDerivedData/Build/Intermediates.noindex/AuthorityHost.build/Debug-iphonesimulator/AuthorityHost.build/AuthorityHost-project-headers.hmap (in target 'AuthorityHost' from project 'AuthorityHost')
2026-09-10T12:50:52.8235100Z     cd /Users/runner/work/PartyDeck/PartyDeck/godot/ios-host
2026-09-10T12:50:52.8237480Z     write-file /Users/runner/work/PartyDeck/PartyDeck/godot/ios-host/build/AuthorityDerivedData/Build/Intermediates.noindex/AuthorityHost.build/Debug-iphonesimulator/AuthorityHost.build/AuthorityHost-project-headers.hmap
2026-09-10T12:50:52.8239750Z 
2026-09-10T12:50:52.8242170Z WriteAuxiliaryFile /Users/runner/work/PartyDeck/PartyDeck/godot/ios-host/build/AuthorityDerivedData/Build/Intermediates.noindex/AuthorityHost.build/Debug-iphonesimulator/AuthorityHost.build/AuthorityHost-own-target-headers.hmap (in target 'AuthorityHost' from project 'AuthorityHost')
2026-09-10T12:50:52.8245240Z     cd /Users/runner/work/PartyDeck/PartyDeck/godot/ios-host
2026-09-10T12:50:52.8247070Z     write-file /Users/runner/work/PartyDeck/PartyDeck/godot/ios-host/build/AuthorityDerivedData/Build/Intermediates.noindex/AuthorityHost.build/Debug-iphonesimulator/AuthorityHost.build/AuthorityHost-own-target-headers.hmap
2026-09-10T12:50:52.8248030Z 
2026-09-10T12:50:52.8249930Z WriteAuxiliaryFile /Users/runner/work/PartyDeck/PartyDeck/godot/ios-host/build/AuthorityDerivedData/Build/Intermediates.noindex/AuthorityHost.build/Debug-iphonesimulator/AuthorityHost.build/AuthorityHost-generated-files.hmap (in target 'AuthorityHost' from project 'AuthorityHost')
2026-09-10T12:50:52.8252440Z     cd /Users/runner/work/PartyDeck/PartyDeck/godot/ios-host
2026-09-10T12:50:52.8255730Z     write-file /Users/runner/work/PartyDeck/PartyDeck/godot/ios-host/build/AuthorityDerivedData/Build/Intermediates.noindex/AuthorityHost.build/Debug-iphonesimulator/AuthorityHost.build/AuthorityHost-generated-files.hmap
2026-09-10T12:50:52.8256950Z 
2026-09-10T12:50:52.8258270Z WriteAuxiliaryFile /Users/runner/work/PartyDeck/PartyDeck/godot/ios-host/build/AuthorityDerivedData/Build/Intermediates.noindex/AuthorityHost.build/Debug-iphonesimulator/AuthorityHost.build/AuthorityHost-all-target-headers.hmap (in target 'AuthorityHost' from project 'AuthorityHost')
2026-09-10T12:50:52.8259370Z     cd /Users/runner/work/PartyDeck/PartyDeck/godot/ios-host
2026-09-10T12:50:52.8261840Z     write-file /Users/runner/work/PartyDeck/PartyDeck/godot/ios-host/build/AuthorityDerivedData/Build/Intermediates.noindex/AuthorityHost.build/Debug-iphonesimulator/AuthorityHost.build/AuthorityHost-all-target-headers.hmap
2026-09-10T12:50:52.8268680Z 
2026-09-10T12:50:52.8270010Z WriteAuxiliaryFile /Users/runner/work/PartyDeck/PartyDeck/godot/ios-host/build/AuthorityDerivedData/Build/Intermediates.noindex/AuthorityHost.build/Debug-iphonesimulator/AuthorityHost.build/AuthorityHost-all-non-framework-target-headers.hmap (in target 'AuthorityHost' from project 'AuthorityHost')
2026-09-10T12:50:52.8271200Z     cd /Users/runner/work/PartyDeck/PartyDeck/godot/ios-host
2026-09-10T12:50:52.8272230Z     write-file /Users/runner/work/PartyDeck/PartyDeck/godot/ios-host/build/AuthorityDerivedData/Build/Intermediates.noindex/AuthorityHost.build/Debug-iphonesimulator/AuthorityHost.build/AuthorityHost-all-non-framework-target-headers.hmap
2026-09-10T12:50:52.8273030Z 
2026-09-10T12:50:52.8273690Z MkDir /Users/runner/work/PartyDeck/PartyDeck/godot/ios-host/build/AuthorityDerivedData/Build/Products/Debug-iphonesimulator/AuthorityHost.app (in target 'AuthorityHost' from project 'AuthorityHost')
2026-09-10T12:50:52.8274500Z     cd /Users/runner/work/PartyDeck/PartyDeck/godot/ios-host
2026-09-10T12:50:52.8275140Z     /bin/mkdir -p /Users/runner/work/PartyDeck/PartyDeck/godot/ios-host/build/AuthorityDerivedData/Build/Products/Debug-iphonesimulator/AuthorityHost.app
2026-09-10T12:50:52.8275670Z 
2026-09-10T12:50:52.8276570Z CpResource /Users/runner/work/PartyDeck/PartyDeck/godot/ios-host/build/AuthorityDerivedData/Build/Products/Debug-iphonesimulator/AuthorityHost.app/ProbeResources /Users/runner/work/PartyDeck/PartyDeck/godot/ios-host/build/host-resources/ProbeResources (in target 'AuthorityHost' from project 'AuthorityHost')
2026-09-10T12:50:52.8277710Z     cd /Users/runner/work/PartyDeck/PartyDeck/godot/ios-host
2026-09-10T12:50:52.8279450Z     builtin-copy -exclude .DS_Store -exclude CVS -exclude .svn -exclude .git -exclude .hg -strip-unsigned-binaries -strip-deterministic -strip-tool /Applications/Xcode_26.4.1.app/Contents/Developer/Toolchains/XcodeDefault.xctoolchain/usr/bin/strip -resolve-src-symlinks /Users/runner/work/PartyDeck/PartyDeck/godot/ios-host/build/host-resources/ProbeResources /Users/runner/work/PartyDeck/PartyDeck/godot/ios-host/build/AuthorityDerivedData/Build/Products/Debug-iphonesimulator/AuthorityHost.app
2026-09-10T12:50:52.8281020Z 
2026-09-10T12:50:52.8281960Z ProcessInfoPlistFile /Users/runner/work/PartyDeck/PartyDeck/godot/ios-host/build/AuthorityDerivedData/Build/Products/Debug-iphonesimulator/AuthorityHost.app/Info.plist /Users/runner/work/PartyDeck/PartyDeck/godot/ios-host/AuthorityHost/Info.plist (in target 'AuthorityHost' from project 'AuthorityHost')
2026-09-10T12:50:52.8285160Z     cd /Users/runner/work/PartyDeck/PartyDeck/godot/ios-host
2026-09-10T12:50:52.8290920Z     builtin-infoPlistUtility /Users/runner/work/PartyDeck/PartyDeck/godot/ios-host/AuthorityHost/Info.plist -producttype com.apple.product-type.application -genpkginfo /Users/runner/work/PartyDeck/PartyDeck/godot/ios-host/build/AuthorityDerivedData/Build/Products/Debug-iphonesimulator/AuthorityHost.app/PkgInfo -expandbuildsettings -format binary -platform iphonesimulator -o /Users/runner/work/PartyDeck/PartyDeck/godot/ios-host/build/AuthorityDerivedData/Build/Products/Debug-iphonesimulator/AuthorityHost.app/Info.plist
2026-09-10T12:50:52.8296330Z 
2026-09-10T12:50:52.8296770Z SwiftDriver AuthorityHost normal arm64 com.apple.xcode.tools.swift.compiler (in target 'AuthorityHost' from project 'AuthorityHost')
2026-09-10T12:50:52.8298160Z     cd /Users/runner/work/PartyDeck/PartyDeck/godot/ios-host
2026-09-10T12:50:52.8319630Z     builtin-SwiftDriver -- /Applications/Xcode_26.4.1.app/Contents/Developer/Toolchains/XcodeDefault.xctoolchain/usr/bin/swiftc -module-name AuthorityHost -Onone @/Users/runner/work/PartyDeck/PartyDeck/godot/ios-host/build/AuthorityDerivedData/Build/Intermediates.noindex/AuthorityHost.build/Debug-iphonesimulator/AuthorityHost.build/Objects-normal/arm64/AuthorityHost.SwiftFileList -enable-experimental-feature DebugDescriptionMacro -sdk /Applications/Xcode_26.4.1.app/Contents/Developer/Platforms/iPhoneSimulator.platform/Developer/SDKs/iPhoneSimulator26.4.sdk -target arm64-apple-ios15.0-simulator -g -module-cache-path /Users/runner/work/PartyDeck/PartyDeck/godot/ios-host/build/AuthorityDerivedData/ModuleCache.noindex -Xfrontend -serialize-debugging-options -enable-testing -index-store-path /Users/runner/work/PartyDeck/PartyDeck/godot/ios-host/build/AuthorityDerivedData/Index.noindex/DataStore -swift-version 6 -I /Users/runner/work/PartyDeck/PartyDeck/godot/ios-host/build/AuthorityDerivedData/Build/Products/Debug-iphonesimulator -F /Users/runner/work/PartyDeck/PartyDeck/godot/ios-host/build/AuthorityDerivedData/Build/Products/Debug-iphonesimulator -F /Users/runner/work/PartyDeck/PartyDeck/godot/ios-host/build/artifacts -c -j3 -enable-batch-mode -incremental -Xcc -ivfsstatcache -Xcc /Users/runner/work/PartyDeck/PartyDeck/godot/ios-host/build/AuthorityDerivedData/SDKStatCaches.noindex/iphonesimulator26.4-23E252-688ef53f1462e2c8f657fdc38a81448f893e4a944e4cdd9af1f5077e1341bc52.sdkstatcache -output-file-map /Users/runner/work/PartyDeck/PartyDeck/godot/ios-host/build/AuthorityDerivedData/Build/Intermediates.noindex/AuthorityHost.build/Debug-iphonesimulator/AuthorityHost.build/Objects-normal/arm64/AuthorityHost-OutputFileMap.json -use-frontend-parseable-output -save-temps -no-color-diagnostics -explicit-module-build -module-cache-path /Users/runner/work/PartyDeck/PartyDeck/godot/ios-host/build/AuthorityDerivedData/Build/Intermediates.noindex/SwiftExplicitPrecompiledModules -clang-scanner-module-cache-path /Users/runner/work/PartyDeck/PartyDeck/godot/ios-host/build/AuthorityDerivedData/ModuleCache.noindex -sdk-module-cache-path /Users/runner/work/PartyDeck/PartyDeck/godot/ios-host/build/AuthorityDerivedData/ModuleCache.noindex -serialize-diagnostics -emit-dependencies -emit-module -emit-module-path /Users/runner/work/PartyDeck/PartyDeck/godot/ios-host/build/AuthorityDerivedData/Build/Intermediates.noindex/AuthorityHost.build/Debug-iphonesimulator/AuthorityHost.build/Objects-normal/arm64/AuthorityHost.swiftmodule -validate-clang-modules-once -clang-build-session-file /Users/runner/work/PartyDeck/PartyDeck/godot/ios-host/build/AuthorityDerivedData/ModuleCache.noindex/Session.modulevalidation -Xcc -I/Users/runner/work/PartyDeck/PartyDeck/godot/ios-host/build/AuthorityDerivedData/Build/Intermediates.noindex/AuthorityHost.build/Debug-iphonesimulator/AuthorityHost.build/swift-overrides.hmap -emit-const-values -Xfrontend -const-gather-protocols-file -Xfrontend /Users/runner/work/PartyDeck/PartyDeck/godot/ios-host/build/AuthorityDerivedData/Build/Intermediates.noindex/AuthorityHost.build/Debug-iphonesimulator/AuthorityHost.build/Objects-normal/arm64/AuthorityHost_const_extract_protocols.json -Xcc -iquote -Xcc /Users/runner/work/PartyDeck/PartyDeck/godot/ios-host/build/AuthorityDerivedData/Build/Intermediates.noindex/AuthorityHost.build/Debug-iphonesimulator/AuthorityHost.build/AuthorityHost-generated-files.hmap -Xcc -I/Users/runner/work/PartyDeck/PartyDeck/godot/ios-host/build/AuthorityDerivedData/Build/Intermediates.noindex/AuthorityHost.build/Debug-iphonesimulator/AuthorityHost.build/AuthorityHost-own-target-headers.hmap -Xcc -I/Users/runner/work/PartyDeck/PartyDeck/godot/ios-host/build/AuthorityDerivedData/Build/Intermediates.noindex/AuthorityHost.build/Debug-iphonesimulator/AuthorityHost.build/AuthorityHost-all-target-headers.hmap -Xcc -iquote -Xcc /Users/runner/work/PartyDeck/PartyDeck/godot/ios-host/build/AuthorityDerivedData/Build/Intermediates.noindex/AuthorityHost.build/Debug-iphonesimulator/AuthorityHost.build/AuthorityHost-project-headers.hmap -Xcc -I/Users/runner/work/PartyDeck/PartyDeck/godot/ios-host/build/AuthorityDerivedData/Build/Products/Debug-iphonesimulator/include -Xcc -I/Users/runner/work/PartyDeck/PartyDeck/godot/ios-host/build/AuthorityDerivedData/Build/Intermediates.noindex/AuthorityHost.build/Debug-iphonesimulator/AuthorityHost.build/DerivedSources-normal/arm64 -Xcc -I/Users/runner/work/PartyDeck/PartyDeck/godot/ios-host/build/AuthorityDerivedData/Build/Intermediates.noindex/AuthorityHost.build/Debug-iphonesimulator/AuthorityHost.build/DerivedSources/arm64 -Xcc -I/Users/runner/work/PartyDeck/PartyDeck/godot/ios-host/build/AuthorityDerivedData/Build/Intermediates.noindex/AuthorityHost.build/Debug-iphonesimulator/AuthorityHost.build/DerivedSources -emit-objc-header -emit-objc-header-path /Users/runner/work/PartyDeck/PartyDeck/godot/ios-host/build/AuthorityDerivedData/Build/Intermediates.noindex/AuthorityHost.build/Debug-iphonesimulator/AuthorityHost.build/Objects-normal/arm64/AuthorityHost-Swift.h -import-objc-header /Users/runner/work/PartyDeck/PartyDeck/godot/ios-host/modules/partydeck_ios_probe/PDGodotRuntime.h -working-directory /Users/runner/work/PartyDeck/PartyDeck/godot/ios-host -experimental-emit-module-separately -disable-cmo
2026-09-10T12:50:54.8997280Z 
2026-09-10T12:50:54.9529280Z SwiftExplicitDependencyGeneratePcm arm64 /Users/runner/work/PartyDeck/PartyDeck/godot/ios-host/build/AuthorityDerivedData/ModuleCache.noindex/DeveloperToolsSupport-E2PWYK8AX1K7ITQOVSUOVEX7G.pcm
2026-09-10T12:50:55.1464440Z 
2026-09-10T12:50:55.1467180Z SwiftExplicitDependencyGeneratePcm arm64 /Users/runner/work/PartyDeck/PartyDeck/godot/ios-host/build/AuthorityDerivedData/ModuleCache.noindex/ptrauth-7N6RZ765HVSSUTP7MLZEQVO2K.pcm
2026-09-10T12:50:55.1472090Z 
2026-09-10T12:50:55.1574040Z SwiftExplicitDependencyGeneratePcm arm64 /Users/runner/work/PartyDeck/PartyDeck/godot/ios-host/build/AuthorityDerivedData/ModuleCache.noindex/_Builtin_stdarg-D0TGYFZZ45D00S53IQCFPC4VI.pcm
2026-09-10T12:50:55.1689130Z 
2026-09-10T12:50:55.1817990Z SwiftExplicitDependencyGeneratePcm arm64 /Users/runner/work/PartyDeck/PartyDeck/godot/ios-host/build/AuthorityDerivedData/ModuleCache.noindex/_Builtin_stddef-4F8IHUK3TNKBIFND2M7PO0ZDC.pcm
2026-09-10T12:50:55.2447940Z 
2026-09-10T12:50:55.2549450Z SwiftExplicitDependencyGeneratePcm arm64 /Users/runner/work/PartyDeck/PartyDeck/godot/ios-host/build/AuthorityDerivedData/ModuleCache.noindex/_Builtin_stdbool-49EYHK4IRC9MP3P6G0FDCV516.pcm
2026-09-10T12:50:55.2657910Z 
2026-09-10T12:50:55.2760510Z SwiftExplicitDependencyGeneratePcm arm64 /Users/runner/work/PartyDeck/PartyDeck/godot/ios-host/build/AuthorityDerivedData/ModuleCache.noindex/ptrcheck-30PP2RUG2M475V9MC4F9HLA4L.pcm
2026-09-10T12:50:55.2916370Z 
2026-09-10T12:50:55.3052330Z SwiftExplicitDependencyGeneratePcm arm64 /Users/runner/work/PartyDeck/PartyDeck/godot/ios-host/build/AuthorityDerivedData/ModuleCache.noindex/_SwiftConcurrencyShims-AEH287OYH6VKW1S8JL1L6FLQT.pcm
2026-09-10T12:50:55.3155620Z 
2026-09-10T12:50:55.3260040Z SwiftExplicitDependencyGeneratePcm arm64 /Users/runner/work/PartyDeck/PartyDeck/godot/ios-host/build/AuthorityDerivedData/ModuleCache.noindex/_AvailabilityInternal-BEBBU1MPKRHBYV8DO4H2AQKE8.pcm
2026-09-10T12:50:55.3358370Z 
2026-09-10T12:50:55.3483530Z SwiftExplicitDependencyGeneratePcm arm64 /Users/runner/work/PartyDeck/PartyDeck/godot/ios-host/build/AuthorityDerivedData/ModuleCache.noindex/_Builtin_float-7R156UBEGENSZ8HXW73EFF5E6.pcm
2026-09-10T12:50:55.3585480Z 
2026-09-10T12:50:55.3687120Z SwiftExplicitDependencyGeneratePcm arm64 /Users/runner/work/PartyDeck/PartyDeck/godot/ios-host/build/AuthorityDerivedData/ModuleCache.noindex/SwiftShims-6FPCAIGS56BT445V6HLT533EM.pcm
2026-09-10T12:50:55.4513660Z 
2026-09-10T12:50:55.4615040Z SwiftExplicitDependencyGeneratePcm arm64 /Users/runner/work/PartyDeck/PartyDeck/godot/ios-host/build/AuthorityDerivedData/ModuleCache.noindex/_DarwinFoundation1-6UAR7F93DJKO0APEKRW1ONJHE.pcm
2026-09-10T12:50:55.4716280Z 
2026-09-10T12:50:55.4820390Z SwiftExplicitDependencyGeneratePcm arm64 /Users/runner/work/PartyDeck/PartyDeck/godot/ios-host/build/AuthorityDerivedData/ModuleCache.noindex/_Builtin_limits-5QG4OKZPFDY0UQ9S9NPFCXG7C.pcm
2026-09-10T12:50:55.5123180Z 
2026-09-10T12:50:55.5224950Z SwiftExplicitDependencyGeneratePcm arm64 /Users/runner/work/PartyDeck/PartyDeck/godot/ios-host/build/AuthorityDerivedData/ModuleCache.noindex/_DarwinFoundation2-EJEV85DO7ZECS56R9VMD8BCK2.pcm
2026-09-10T12:50:55.5840170Z 
2026-09-10T12:50:55.5941590Z SwiftExplicitDependencyGeneratePcm arm64 /Users/runner/work/PartyDeck/PartyDeck/godot/ios-host/build/AuthorityDerivedData/ModuleCache.noindex/sys_types-EGSRRMUG38FJ9RY81GYH7CGC1.pcm
2026-09-10T12:50:55.6462520Z 
2026-09-10T12:50:55.6578150Z SwiftExplicitDependencyGeneratePcm arm64 /Users/runner/work/PartyDeck/PartyDeck/godot/ios-host/build/AuthorityDerivedData/ModuleCache.noindex/_Builtin_stdint-A2VMJWMV550WFXUR14KLUWWE8.pcm
2026-09-10T12:50:55.6679470Z 
2026-09-10T12:50:55.6781190Z SwiftExplicitDependencyGeneratePcm arm64 /Users/runner/work/PartyDeck/PartyDeck/godot/ios-host/build/AuthorityDerivedData/ModuleCache.noindex/_Builtin_tgmath-DBZ32VBZW9O2RYR7NP926WUFS.pcm
2026-09-10T12:50:55.6900360Z 
2026-09-10T12:50:55.7010950Z SwiftExplicitDependencyGeneratePcm arm64 /Users/runner/work/PartyDeck/PartyDeck/godot/ios-host/build/AuthorityDerivedData/ModuleCache.noindex/_Builtin_intrinsics-224BRWN8RQXPURR5PB41HXBFW.pcm
2026-09-10T12:50:55.8969940Z 
2026-09-10T12:50:55.8976600Z SwiftExplicitDependencyGeneratePcm arm64 /Users/runner/work/PartyDeck/PartyDeck/godot/ios-host/build/AuthorityDerivedData/ModuleCache.noindex/_DarwinFoundation3-9337Q35GW8SN953CD1VCRPV5L.pcm
2026-09-10T12:50:55.8990970Z 
2026-09-10T12:50:55.8991840Z SwiftExplicitDependencyGeneratePcm arm64 /Users/runner/work/PartyDeck/PartyDeck/godot/ios-host/build/AuthorityDerivedData/ModuleCache.noindex/_Builtin_stdatomic-8RL8LN6L0YKOK5XFEKTWCYAJV.pcm
2026-09-10T12:50:55.8992560Z 
2026-09-10T12:50:55.8993290Z SwiftExplicitDependencyGeneratePcm arm64 /Users/runner/work/PartyDeck/PartyDeck/godot/ios-host/build/AuthorityDerivedData/ModuleCache.noindex/_Builtin_inttypes-2GELRP7CSWDISV624KUI1ES6V.pcm
2026-09-10T12:50:55.8994080Z 
2026-09-10T12:50:55.8994660Z SwiftExplicitDependencyGeneratePcm arm64 /Users/runner/work/PartyDeck/PartyDeck/godot/ios-host/build/AuthorityDerivedData/ModuleCache.noindex/Darwin-5JE96NVK5NJJA3EXQAY3UX726.pcm
2026-09-10T12:50:56.2220650Z 
2026-09-10T12:50:56.2324280Z SwiftExplicitDependencyGeneratePcm arm64 /Users/runner/work/PartyDeck/PartyDeck/godot/ios-host/build/AuthorityDerivedData/ModuleCache.noindex/simd-5GU4P9FO0I68QGO0B91HWEHJ6.pcm
2026-09-10T12:50:56.4480940Z 
2026-09-10T12:50:56.4484320Z SwiftExplicitDependencyGeneratePcm arm64 /Users/runner/work/PartyDeck/PartyDeck/godot/ios-host/build/AuthorityDerivedData/ModuleCache.noindex/ObjectiveC-D8AUY0V056XHX3V6U4JIGHAWD.pcm
2026-09-10T12:50:56.4486100Z 
2026-09-10T12:50:56.4494680Z SwiftExplicitDependencyGeneratePcm arm64 /Users/runner/work/PartyDeck/PartyDeck/godot/ios-host/build/AuthorityDerivedData/ModuleCache.noindex/MachO-1T9I6HV3RRGV92ME3IWYCM8GB.pcm
2026-09-10T12:50:56.4495630Z 
2026-09-10T12:50:56.4496330Z SwiftExplicitDependencyGeneratePcm arm64 /Users/runner/work/PartyDeck/PartyDeck/godot/ios-host/build/AuthorityDerivedData/ModuleCache.noindex/os_object-7T1KW2JUNEYKF75E9HEP2I1W3.pcm
2026-09-10T12:50:56.4497520Z 
2026-09-10T12:50:56.4498140Z SwiftExplicitDependencyGeneratePcm arm64 /Users/runner/work/PartyDeck/PartyDeck/godot/ios-host/build/AuthorityDerivedData/ModuleCache.noindex/os_workgroup-CG6TWZY3RUIXMHWDLM185PNTX.pcm
2026-09-10T12:50:56.4551880Z 
2026-09-10T12:50:56.4555700Z SwiftExplicitDependencyGeneratePcm arm64 /Users/runner/work/PartyDeck/PartyDeck/godot/ios-host/build/AuthorityDerivedData/ModuleCache.noindex/Spatial-A7FI9U15GUHMRK7HCVK79YMVI.pcm
2026-09-10T12:50:56.6924420Z 
2026-09-10T12:50:56.7034840Z SwiftExplicitDependencyGeneratePcm arm64 /Users/runner/work/PartyDeck/PartyDeck/godot/ios-host/build/AuthorityDerivedData/ModuleCache.noindex/Dispatch-3ZV4BBQOXS61SXJ0OT738O6PE.pcm
2026-09-10T12:50:56.7136430Z 
2026-09-10T12:50:56.7238640Z SwiftExplicitDependencyGeneratePcm arm64 /Users/runner/work/PartyDeck/PartyDeck/godot/ios-host/build/AuthorityDerivedData/ModuleCache.noindex/XPC-BJL4PRU2X4IG4ZGLFWWYWHQO2.pcm
2026-09-10T12:50:56.7339370Z 
2026-09-10T12:50:56.7441220Z SwiftExplicitDependencyGeneratePcm arm64 /Users/runner/work/PartyDeck/PartyDeck/godot/ios-host/build/AuthorityDerivedData/ModuleCache.noindex/CoreFoundation-D2743MYN0R1SQVFY0XCLGB3HK.pcm
2026-09-10T12:50:56.7543760Z 
2026-09-10T12:50:56.7609350Z SwiftExplicitDependencyGeneratePcm arm64 /Users/runner/work/PartyDeck/PartyDeck/godot/ios-host/build/AuthorityDerivedData/ModuleCache.noindex/os-7W7BK4D404SDRD4O5BZGMFDYC.pcm
2026-09-10T12:50:56.7711210Z 
2026-09-10T12:50:56.7812850Z SwiftExplicitDependencyGeneratePcm arm64 /Users/runner/work/PartyDeck/PartyDeck/godot/ios-host/build/AuthorityDerivedData/ModuleCache.noindex/CoreGraphics-A9T86VIOMFH2QC8H9XAHCUXYU.pcm
2026-09-10T12:50:56.8149440Z 
2026-09-10T12:50:56.8220570Z SwiftExplicitDependencyGeneratePcm arm64 /Users/runner/work/PartyDeck/PartyDeck/godot/ios-host/build/AuthorityDerivedData/ModuleCache.noindex/Security-AA0KZRRMHZSUFXSDWAUAFM1CN.pcm
2026-09-10T12:50:56.8303720Z 
2026-09-10T12:50:56.8405320Z SwiftExplicitDependencyGeneratePcm arm64 /Users/runner/work/PartyDeck/PartyDeck/godot/ios-host/build/AuthorityDerivedData/ModuleCache.noindex/CFNetwork-6PD8SU7LN2QFIKWBKAWQ9R3NP.pcm
2026-09-10T12:50:56.8481220Z 
2026-09-10T12:50:56.8523240Z SwiftExplicitDependencyGeneratePcm arm64 /Users/runner/work/PartyDeck/PartyDeck/godot/ios-host/build/AuthorityDerivedData/ModuleCache.noindex/Foundation-BSBKBV2GVWNOWDET44XE2H80V.pcm
2026-09-10T12:50:57.1690840Z 
2026-09-10T12:50:57.1691920Z SwiftExplicitDependencyGeneratePcm arm64 /Users/runner/work/PartyDeck/PartyDeck/godot/ios-host/build/AuthorityDerivedData/ModuleCache.noindex/ImageIO-CFYEU4QNMLPIUO42Q6W3UJHWJ.pcm
2026-09-10T12:50:57.1698690Z 
2026-09-10T12:50:57.1702520Z SwiftExplicitDependencyGeneratePcm arm64 /Users/runner/work/PartyDeck/PartyDeck/godot/ios-host/build/AuthorityDerivedData/ModuleCache.noindex/CoreText-73XGYVKFAQX8RV7S66IZX54NX.pcm
2026-09-10T12:50:57.1704870Z 
2026-09-10T12:50:57.1706670Z SwiftExplicitDependencyGeneratePcm arm64 /Users/runner/work/PartyDeck/PartyDeck/godot/ios-host/build/AuthorityDerivedData/ModuleCache.noindex/CoreTransferable-6SY7TD0INOYYU509ZBGA28K35.pcm
2026-09-10T12:50:57.2328050Z 
2026-09-10T12:50:57.2397490Z SwiftExplicitDependencyGeneratePcm arm64 /Users/runner/work/PartyDeck/PartyDeck/godot/ios-host/build/AuthorityDerivedData/ModuleCache.noindex/OSLog-DF55TYIQV5OVWV2F2X9M2FUBL.pcm
2026-09-10T12:50:57.2431020Z 
2026-09-10T12:50:57.2532740Z SwiftExplicitDependencyGeneratePcm arm64 /Users/runner/work/PartyDeck/PartyDeck/godot/ios-host/build/AuthorityDerivedData/ModuleCache.noindex/UniformTypeIdentifiers-DD2DQ3QHNLWW0HOYVFDKGHX7Y.pcm
2026-09-10T12:50:57.2647500Z 
2026-09-10T12:50:57.2752530Z SwiftExplicitDependencyGeneratePcm arm64 /Users/runner/work/PartyDeck/PartyDeck/godot/ios-host/build/AuthorityDerivedData/ModuleCache.noindex/IOSurface-4R4INYOOM234MVWJRJINN6PQP.pcm
2026-09-10T12:50:57.3075370Z 
2026-09-10T12:50:57.3077370Z SwiftExplicitDependencyGeneratePcm arm64 /Users/runner/work/PartyDeck/PartyDeck/godot/ios-host/build/AuthorityDerivedData/ModuleCache.noindex/UIUtilities-3ICQ8ECVWZ46DE5DASSBC8TBX.pcm
2026-09-10T12:50:57.3078170Z 
2026-09-10T12:50:57.3078840Z SwiftExplicitDependencyGeneratePcm arm64 /Users/runner/work/PartyDeck/PartyDeck/godot/ios-host/build/AuthorityDerivedData/ModuleCache.noindex/DataDetection-CLPYJOPEHAI6CY9IW4CNJ63EN.pcm
2026-09-10T12:50:57.3079480Z 
2026-09-10T12:50:57.3080150Z SwiftExplicitDependencyGeneratePcm arm64 /Users/runner/work/PartyDeck/PartyDeck/godot/ios-host/build/AuthorityDerivedData/ModuleCache.noindex/FileProvider-9PBQ9E1ARGHUUV0K12DQ7YMJ2.pcm
2026-09-10T12:50:57.3924510Z 
2026-09-10T12:50:57.3925620Z SwiftExplicitDependencyGeneratePcm arm64 /Users/runner/work/PartyDeck/PartyDeck/godot/ios-host/build/AuthorityDerivedData/ModuleCache.noindex/OpenGLES-2LQQMGCJ0RFBV4T810GMJHS3N.pcm
2026-09-10T12:50:57.4130130Z 
2026-09-10T12:50:57.4260340Z SwiftExplicitDependencyGeneratePcm arm64 /Users/runner/work/PartyDeck/PartyDeck/godot/ios-host/build/AuthorityDerivedData/Build/Intermediates.noindex/SwiftExplicitPrecompiledModules/PartyDeckGodotBridge-L339C2T1JPH39Z4VSHH9N7GW.pcm
2026-09-10T12:50:57.4371830Z 
2026-09-10T12:50:57.4473610Z SwiftExplicitDependencyGeneratePcm arm64 /Users/runner/work/PartyDeck/PartyDeck/godot/ios-host/build/AuthorityDerivedData/ModuleCache.noindex/UserNotifications-4VLMY777NHP5KTF08N8QY5OJI.pcm
2026-09-10T12:50:57.4855320Z 
2026-09-10T12:50:57.4857150Z SwiftExplicitDependencyGeneratePcm arm64 /Users/runner/work/PartyDeck/PartyDeck/godot/ios-host/build/AuthorityDerivedData/ModuleCache.noindex/Accessibility-8RBOZFC3HCWWQYPY2NXX1PX4S.pcm
2026-09-10T12:50:57.4861690Z 
2026-09-10T12:50:57.4962990Z SwiftExplicitDependencyGeneratePcm arm64 /Users/runner/work/PartyDeck/PartyDeck/godot/ios-host/build/AuthorityDerivedData/ModuleCache.noindex/CoreData-1YEWHLFIM529C77TOFX3HJSN9.pcm
2026-09-10T12:50:57.5437790Z 
2026-09-10T12:50:57.5547090Z SwiftExplicitDependencyGeneratePcm arm64 /Users/runner/work/PartyDeck/PartyDeck/godot/ios-host/build/AuthorityDerivedData/ModuleCache.noindex/Symbols-6KH4Y1YK5Y9N573ZH8IG22ZGD.pcm
2026-09-10T12:50:57.5552540Z 
2026-09-10T12:50:57.5553350Z SwiftExplicitDependencyGeneratePcm arm64 /Users/runner/work/PartyDeck/PartyDeck/godot/ios-host/build/AuthorityDerivedData/ModuleCache.noindex/Metal-8F9DNCZ4AFZFGDZ2ITGPK5D5S.pcm
2026-09-10T12:50:57.6677400Z 
2026-09-10T12:50:57.6679210Z SwiftExplicitDependencyGeneratePcm arm64 /Users/runner/work/PartyDeck/PartyDeck/godot/ios-host/build/AuthorityDerivedData/ModuleCache.noindex/CoreVideo-51O6SXYEBWG89W99LNAITLXFO.pcm
2026-09-10T12:50:57.7692770Z 
2026-09-10T12:50:57.7695020Z SwiftExplicitDependencyGeneratePcm arm64 /Users/runner/work/PartyDeck/PartyDeck/godot/ios-host/build/AuthorityDerivedData/ModuleCache.noindex/QuartzCore-EH9REY27W516LZSS0OQ5PE831.pcm
2026-09-10T12:50:57.8769580Z 
2026-09-10T12:50:57.8772530Z SwiftExplicitDependencyGeneratePcm arm64 /Users/runner/work/PartyDeck/PartyDeck/godot/ios-host/build/AuthorityDerivedData/ModuleCache.noindex/CoreImage-CXZFC378QQIAZL59IX80YXFDE.pcm
2026-09-10T12:50:57.8995940Z 
2026-09-10T12:50:57.8997600Z SwiftExplicitDependencyGeneratePcm arm64 /Users/runner/work/PartyDeck/PartyDeck/godot/ios-host/build/AuthorityDerivedData/ModuleCache.noindex/SwiftUICore-13128GPCZ10L02J8R6YZED93P.pcm
2026-09-10T12:50:57.9396840Z 
2026-09-10T12:50:57.9397750Z SwiftExplicitDependencyGeneratePcm arm64 /Users/runner/work/PartyDeck/PartyDeck/godot/ios-host/build/AuthorityDerivedData/ModuleCache.noindex/UIKit-54JOQQHPIBW5R00EYWH2D9859.pcm
2026-09-10T12:50:58.7691990Z 
2026-09-10T12:50:58.7695050Z SwiftExplicitDependencyGeneratePcm arm64 /Users/runner/work/PartyDeck/PartyDeck/godot/ios-host/build/AuthorityDerivedData/ModuleCache.noindex/SwiftUI-8ZFI2NWCDB8WTDEWH71PBP4K1.pcm
2026-09-10T12:50:58.8508050Z 
2026-09-10T12:50:58.8510990Z SwiftGeneratePch normal arm64 Compiling\ bridging\ header (in target 'AuthorityHost' from project 'AuthorityHost')
2026-09-10T12:50:58.9837030Z 1 warning generated.
2026-09-10T12:50:58.9851160Z /Users/runner/work/PartyDeck/PartyDeck/godot/ios-host/modules/partydeck_ios_probe/PDGodotRuntime.h:1:9: warning: #pragma once in main file
2026-09-10T12:50:58.9852750Z  1 | #pragma once
2026-09-10T12:50:58.9853290Z    |         `- warning: #pragma once in main file
2026-09-10T12:50:58.9854520Z  2 | 
2026-09-10T12:50:58.9854920Z  3 | #import <Foundation/Foundation.h>
2026-09-10T12:50:58.9855370Z 
2026-09-10T12:50:58.9855970Z SwiftDriverJobDiscovery normal arm64 Compiling bridging header (in target 'AuthorityHost' from project 'AuthorityHost')
2026-09-10T12:50:58.9858770Z 
2026-09-10T12:50:58.9864060Z SwiftEmitModule normal arm64 Emitting\ module\ for\ AuthorityHost (in target 'AuthorityHost' from project 'AuthorityHost')
2026-09-10T12:50:59.0552130Z 
2026-09-10T12:50:59.0653500Z EmitSwiftModule normal arm64 (in target 'AuthorityHost' from project 'AuthorityHost')
2026-09-10T12:50:59.0716400Z     cd /Users/runner/work/PartyDeck/PartyDeck/godot/ios-host
2026-09-10T12:50:59.0717130Z     
2026-09-10T12:50:59.7800800Z 
2026-09-10T12:50:59.7993580Z SwiftCompile normal arm64 Compiling\ AuthorityModel.swift /Users/runner/work/PartyDeck/PartyDeck/godot/ios-host/AuthorityHost/AuthorityModel.swift (in target 'AuthorityHost' from project 'AuthorityHost')
2026-09-10T12:50:59.8134000Z SwiftCompile normal arm64 /Users/runner/work/PartyDeck/PartyDeck/godot/ios-host/AuthorityHost/AuthorityModel.swift (in target 'AuthorityHost' from project 'AuthorityHost')
2026-09-10T12:50:59.8236820Z     cd /Users/runner/work/PartyDeck/PartyDeck/godot/ios-host
2026-09-10T12:50:59.8338380Z     
2026-09-10T12:51:02.5554160Z 
2026-09-10T12:51:02.5656140Z SwiftCompile normal arm64 Compiling\ AuthorityHostApp.swift /Users/runner/work/PartyDeck/PartyDeck/godot/ios-host/AuthorityHost/AuthorityHostApp.swift (in target 'AuthorityHost' from project 'AuthorityHost')
2026-09-10T12:51:02.5684930Z SwiftCompile normal arm64 /Users/runner/work/PartyDeck/PartyDeck/godot/ios-host/AuthorityHost/AuthorityHostApp.swift (in target 'AuthorityHost' from project 'AuthorityHost')
2026-09-10T12:51:02.5712310Z     cd /Users/runner/work/PartyDeck/PartyDeck/godot/ios-host
2026-09-10T12:51:02.5713630Z     
2026-09-10T12:51:04.4051440Z 
2026-09-10T12:51:04.4171360Z SwiftDriverJobDiscovery normal arm64 Emitting module for AuthorityHost (in target 'AuthorityHost' from project 'AuthorityHost')
2026-09-10T12:51:04.4174990Z 
2026-09-10T12:51:04.4175680Z SwiftDriver\ Compilation\ Requirements AuthorityHost normal arm64 com.apple.xcode.tools.swift.compiler (in target 'AuthorityHost' from project 'AuthorityHost')
2026-09-10T12:51:04.4176710Z     cd /Users/runner/work/PartyDeck/PartyDeck/godot/ios-host
2026-09-10T12:51:04.4229060Z     builtin-Swift-Compilation-Requirements -- /Applications/Xcode_26.4.1.app/Contents/Developer/Toolchains/XcodeDefault.xctoolchain/usr/bin/swiftc -module-name AuthorityHost -Onone @/Users/runner/work/PartyDeck/PartyDeck/godot/ios-host/build/AuthorityDerivedData/Build/Intermediates.noindex/AuthorityHost.build/Debug-iphonesimulator/AuthorityHost.build/Objects-normal/arm64/AuthorityHost.SwiftFileList -enable-experimental-feature DebugDescriptionMacro -sdk /Applications/Xcode_26.4.1.app/Contents/Developer/Platforms/iPhoneSimulator.platform/Developer/SDKs/iPhoneSimulator26.4.sdk -target arm64-apple-ios15.0-simulator -g -module-cache-path /Users/runner/work/PartyDeck/PartyDeck/godot/ios-host/build/AuthorityDerivedData/ModuleCache.noindex -Xfrontend -serialize-debugging-options -enable-testing -index-store-path /Users/runner/work/PartyDeck/PartyDeck/godot/ios-host/build/AuthorityDerivedData/Index.noindex/DataStore -swift-version 6 -I /Users/runner/work/PartyDeck/PartyDeck/godot/ios-host/build/AuthorityDerivedData/Build/Products/Debug-iphonesimulator -F /Users/runner/work/PartyDeck/PartyDeck/godot/ios-host/build/AuthorityDerivedData/Build/Products/Debug-iphonesimulator -F /Users/runner/work/PartyDeck/PartyDeck/godot/ios-host/build/artifacts -c -j3 -enable-batch-mode -incremental -Xcc -ivfsstatcache -Xcc /Users/runner/work/PartyDeck/PartyDeck/godot/ios-host/build/AuthorityDerivedData/SDKStatCaches.noindex/iphonesimulator26.4-23E252-688ef53f1462e2c8f657fdc38a81448f893e4a944e4cdd9af1f5077e1341bc52.sdkstatcache -output-file-map /Users/runner/work/PartyDeck/PartyDeck/godot/ios-host/build/AuthorityDerivedData/Build/Intermediates.noindex/AuthorityHost.build/Debug-iphonesimulator/AuthorityHost.build/Objects-normal/arm64/AuthorityHost-OutputFileMap.json -use-frontend-parseable-output -save-temps -no-color-diagnostics -explicit-module-build -module-cache-path /Users/runner/work/PartyDeck/PartyDeck/godot/ios-host/build/AuthorityDerivedData/Build/Intermediates.noindex/SwiftExplicitPrecompiledModules -clang-scanner-module-cache-path /Users/runner/work/PartyDeck/PartyDeck/godot/ios-host/build/AuthorityDerivedData/ModuleCache.noindex -sdk-module-cache-path /Users/runner/work/PartyDeck/PartyDeck/godot/ios-host/build/AuthorityDerivedData/ModuleCache.noindex -serialize-diagnostics -emit-dependencies -emit-module -emit-module-path /Users/runner/work/PartyDeck/PartyDeck/godot/ios-host/build/AuthorityDerivedData/Build/Intermediates.noindex/AuthorityHost.build/Debug-iphonesimulator/AuthorityHost.build/Objects-normal/arm64/AuthorityHost.swiftmodule -validate-clang-modules-once -clang-build-session-file /Users/runner/work/PartyDeck/PartyDeck/godot/ios-host/build/AuthorityDerivedData/ModuleCache.noindex/Session.modulevalidation -Xcc -I/Users/runner/work/PartyDeck/PartyDeck/godot/ios-host/build/AuthorityDerivedData/Build/Intermediates.noindex/AuthorityHost.build/Debug-iphonesimulator/AuthorityHost.build/swift-overrides.hmap -emit-const-values -Xfrontend -const-gather-protocols-file -Xfrontend /Users/runner/work/PartyDeck/PartyDeck/godot/ios-host/build/AuthorityDerivedData/Build/Intermediates.noindex/AuthorityHost.build/Debug-iphonesimulator/AuthorityHost.build/Objects-normal/arm64/AuthorityHost_const_extract_protocols.json -Xcc -iquote -Xcc /Users/runner/work/PartyDeck/PartyDeck/godot/ios-host/build/AuthorityDerivedData/Build/Intermediates.noindex/AuthorityHost.build/Debug-iphonesimulator/AuthorityHost.build/AuthorityHost-generated-files.hmap -Xcc -I/Users/runner/work/PartyDeck/PartyDeck/godot/ios-host/build/AuthorityDerivedData/Build/Intermediates.noindex/AuthorityHost.build/Debug-iphonesimulator/AuthorityHost.build/AuthorityHost-own-target-headers.hmap -Xcc -I/Users/runner/work/PartyDeck/PartyDeck/godot/ios-host/build/AuthorityDerivedData/Build/Intermediates.noindex/AuthorityHost.build/Debug-iphonesimulator/AuthorityHost.build/AuthorityHost-all-target-headers.hmap -Xcc -iquote -Xcc /Users/runner/work/PartyDeck/PartyDeck/godot/ios-host/build/AuthorityDerivedData/Build/Intermediates.noindex/AuthorityHost.build/Debug-iphonesimulator/AuthorityHost.build/AuthorityHost-project-headers.hmap -Xcc -I/Users/runner/work/PartyDeck/PartyDeck/godot/ios-host/build/AuthorityDerivedData/Build/Products/Debug-iphonesimulator/include -Xcc -I/Users/runner/work/PartyDeck/PartyDeck/godot/ios-host/build/AuthorityDerivedData/Build/Intermediates.noindex/AuthorityHost.build/Debug-iphonesimulator/AuthorityHost.build/DerivedSources-normal/arm64 -Xcc -I/Users/runner/work/PartyDeck/PartyDeck/godot/ios-host/build/AuthorityDerivedData/Build/Intermediates.noindex/AuthorityHost.build/Debug-iphonesimulator/AuthorityHost.build/DerivedSources/arm64 -Xcc -I/Users/runner/work/PartyDeck/PartyDeck/godot/ios-host/build/AuthorityDerivedData/Build/Intermediates.noindex/AuthorityHost.build/Debug-iphonesimulator/AuthorityHost.build/DerivedSources -emit-objc-header -emit-objc-header-path /Users/runner/work/PartyDeck/PartyDeck/godot/ios-host/build/AuthorityDerivedData/Build/Intermediates.noindex/AuthorityHost.build/Debug-iphonesimulator/AuthorityHost.build/Objects-normal/arm64/AuthorityHost-Swift.h -import-objc-header /Users/runner/work/PartyDeck/PartyDeck/godot/ios-host/modules/partydeck_ios_probe/PDGodotRuntime.h -working-directory /Users/runner/work/PartyDeck/PartyDeck/godot/ios-host -experimental-emit-module-separately -disable-cmo
2026-09-10T12:51:04.4275700Z 
2026-09-10T12:51:04.4280570Z SwiftMergeGeneratedHeaders /Users/runner/work/PartyDeck/PartyDeck/godot/ios-host/build/AuthorityDerivedData/Build/Intermediates.noindex/AuthorityHost.build/Debug-iphonesimulator/AuthorityHost.build/DerivedSources/AuthorityHost-Swift.h /Users/runner/work/PartyDeck/PartyDeck/godot/ios-host/build/AuthorityDerivedData/Build/Intermediates.noindex/AuthorityHost.build/Debug-iphonesimulator/AuthorityHost.build/Objects-normal/arm64/AuthorityHost-Swift.h (in target 'AuthorityHost' from project 'AuthorityHost')
2026-09-10T12:51:04.4285820Z     cd /Users/runner/work/PartyDeck/PartyDeck/godot/ios-host
2026-09-10T12:51:04.4292220Z     builtin-swiftHeaderTool -arch arm64 /Users/runner/work/PartyDeck/PartyDeck/godot/ios-host/build/AuthorityDerivedData/Build/Intermediates.noindex/AuthorityHost.build/Debug-iphonesimulator/AuthorityHost.build/Objects-normal/arm64/AuthorityHost-Swift.h -o /Users/runner/work/PartyDeck/PartyDeck/godot/ios-host/build/AuthorityDerivedData/Build/Intermediates.noindex/AuthorityHost.build/Debug-iphonesimulator/AuthorityHost.build/DerivedSources/AuthorityHost-Swift.h
2026-09-10T12:51:04.4300700Z 
2026-09-10T12:51:04.4302260Z Copy /Users/runner/work/PartyDeck/PartyDeck/godot/ios-host/build/AuthorityDerivedData/Build/Products/Debug-iphonesimulator/AuthorityHost.swiftmodule/arm64-apple-ios-simulator.swiftmodule /Users/runner/work/PartyDeck/PartyDeck/godot/ios-host/build/AuthorityDerivedData/Build/Intermediates.noindex/AuthorityHost.build/Debug-iphonesimulator/AuthorityHost.build/Objects-normal/arm64/AuthorityHost.swiftmodule (in target 'AuthorityHost' from project 'AuthorityHost')
2026-09-10T12:51:04.4304340Z     cd /Users/runner/work/PartyDeck/PartyDeck/godot/ios-host
2026-09-10T12:51:04.4306690Z     builtin-copy -exclude .DS_Store -exclude CVS -exclude .svn -exclude .git -exclude .hg -strip-unsigned-binaries -strip-deterministic -strip-tool /Applications/Xcode_26.4.1.app/Contents/Developer/Toolchains/XcodeDefault.xctoolchain/usr/bin/strip -resolve-src-symlinks -rename /Users/runner/work/PartyDeck/PartyDeck/godot/ios-host/build/AuthorityDerivedData/Build/Intermediates.noindex/AuthorityHost.build/Debug-iphonesimulator/AuthorityHost.build/Objects-normal/arm64/AuthorityHost.swiftmodule /Users/runner/work/PartyDeck/PartyDeck/godot/ios-host/build/AuthorityDerivedData/Build/Products/Debug-iphonesimulator/AuthorityHost.swiftmodule/arm64-apple-ios-simulator.swiftmodule
2026-09-10T12:51:04.4308960Z 
2026-09-10T12:51:04.4310630Z Copy /Users/runner/work/PartyDeck/PartyDeck/godot/ios-host/build/AuthorityDerivedData/Build/Products/Debug-iphonesimulator/AuthorityHost.swiftmodule/arm64-apple-ios-simulator.swiftdoc /Users/runner/work/PartyDeck/PartyDeck/godot/ios-host/build/AuthorityDerivedData/Build/Intermediates.noindex/AuthorityHost.build/Debug-iphonesimulator/AuthorityHost.build/Objects-normal/arm64/AuthorityHost.swiftdoc (in target 'AuthorityHost' from project 'AuthorityHost')
2026-09-10T12:51:04.4312530Z     cd /Users/runner/work/PartyDeck/PartyDeck/godot/ios-host
2026-09-10T12:51:04.4315060Z     builtin-copy -exclude .DS_Store -exclude CVS -exclude .svn -exclude .git -exclude .hg -strip-unsigned-binaries -strip-deterministic -strip-tool /Applications/Xcode_26.4.1.app/Contents/Developer/Toolchains/XcodeDefault.xctoolchain/usr/bin/strip -resolve-src-symlinks -rename /Users/runner/work/PartyDeck/PartyDeck/godot/ios-host/build/AuthorityDerivedData/Build/Intermediates.noindex/AuthorityHost.build/Debug-iphonesimulator/AuthorityHost.build/Objects-normal/arm64/AuthorityHost.swiftdoc /Users/runner/work/PartyDeck/PartyDeck/godot/ios-host/build/AuthorityDerivedData/Build/Products/Debug-iphonesimulator/AuthorityHost.swiftmodule/arm64-apple-ios-simulator.swiftdoc
2026-09-10T12:51:04.4321390Z 
2026-09-10T12:51:04.4322830Z Copy /Users/runner/work/PartyDeck/PartyDeck/godot/ios-host/build/AuthorityDerivedData/Build/Products/Debug-iphonesimulator/AuthorityHost.swiftmodule/arm64-apple-ios-simulator.abi.json /Users/runner/work/PartyDeck/PartyDeck/godot/ios-host/build/AuthorityDerivedData/Build/Intermediates.noindex/AuthorityHost.build/Debug-iphonesimulator/AuthorityHost.build/Objects-normal/arm64/AuthorityHost.abi.json (in target 'AuthorityHost' from project 'AuthorityHost')
2026-09-10T12:51:04.4324520Z     cd /Users/runner/work/PartyDeck/PartyDeck/godot/ios-host
2026-09-10T12:51:04.4326950Z     builtin-copy -exclude .DS_Store -exclude CVS -exclude .svn -exclude .git -exclude .hg -strip-unsigned-binaries -strip-deterministic -strip-tool /Applications/Xcode_26.4.1.app/Contents/Developer/Toolchains/XcodeDefault.xctoolchain/usr/bin/strip -resolve-src-symlinks -rename /Users/runner/work/PartyDeck/PartyDeck/godot/ios-host/build/AuthorityDerivedData/Build/Intermediates.noindex/AuthorityHost.build/Debug-iphonesimulator/AuthorityHost.build/Objects-normal/arm64/AuthorityHost.abi.json /Users/runner/work/PartyDeck/PartyDeck/godot/ios-host/build/AuthorityDerivedData/Build/Products/Debug-iphonesimulator/AuthorityHost.swiftmodule/arm64-apple-ios-simulator.abi.json
2026-09-10T12:51:04.4329510Z 
2026-09-10T12:51:04.4331370Z Copy /Users/runner/work/PartyDeck/PartyDeck/godot/ios-host/build/AuthorityDerivedData/Build/Products/Debug-iphonesimulator/AuthorityHost.swiftmodule/Project/arm64-apple-ios-simulator.swiftsourceinfo /Users/runner/work/PartyDeck/PartyDeck/godot/ios-host/build/AuthorityDerivedData/Build/Intermediates.noindex/AuthorityHost.build/Debug-iphonesimulator/AuthorityHost.build/Objects-normal/arm64/AuthorityHost.swiftsourceinfo (in target 'AuthorityHost' from project 'AuthorityHost')
2026-09-10T12:51:04.4333070Z     cd /Users/runner/work/PartyDeck/PartyDeck/godot/ios-host
2026-09-10T12:51:04.4335670Z     builtin-copy -exclude .DS_Store -exclude CVS -exclude .svn -exclude .git -exclude .hg -strip-unsigned-binaries -strip-deterministic -strip-tool /Applications/Xcode_26.4.1.app/Contents/Developer/Toolchains/XcodeDefault.xctoolchain/usr/bin/strip -resolve-src-symlinks -rename /Users/runner/work/PartyDeck/PartyDeck/godot/ios-host/build/AuthorityDerivedData/Build/Intermediates.noindex/AuthorityHost.build/Debug-iphonesimulator/AuthorityHost.build/Objects-normal/arm64/AuthorityHost.swiftsourceinfo /Users/runner/work/PartyDeck/PartyDeck/godot/ios-host/build/AuthorityDerivedData/Build/Products/Debug-iphonesimulator/AuthorityHost.swiftmodule/Project/arm64-apple-ios-simulator.swiftsourceinfo
2026-09-10T12:51:04.4338000Z 
2026-09-10T12:51:04.4338450Z SwiftDriverJobDiscovery normal arm64 Compiling AuthorityModel.swift (in target 'AuthorityHost' from project 'AuthorityHost')
2026-09-10T12:51:04.4338860Z 
2026-09-10T12:51:04.4339290Z SwiftDriverJobDiscovery normal arm64 Compiling AuthorityHostApp.swift (in target 'AuthorityHost' from project 'AuthorityHost')
2026-09-10T12:51:04.4346060Z 
2026-09-10T12:51:04.4376140Z SwiftDriver\ Compilation AuthorityHost normal arm64 com.apple.xcode.tools.swift.compiler (in target 'AuthorityHost' from project 'AuthorityHost')
2026-09-10T12:51:04.4378810Z     cd /Users/runner/work/PartyDeck/PartyDeck/godot/ios-host
2026-09-10T12:51:04.4423630Z     builtin-Swift-Compilation -- /Applications/Xcode_26.4.1.app/Contents/Developer/Toolchains/XcodeDefault.xctoolchain/usr/bin/swiftc -module-name AuthorityHost -Onone @/Users/runner/work/PartyDeck/PartyDeck/godot/ios-host/build/AuthorityDerivedData/Build/Intermediates.noindex/AuthorityHost.build/Debug-iphonesimulator/AuthorityHost.build/Objects-normal/arm64/AuthorityHost.SwiftFileList -enable-experimental-feature DebugDescriptionMacro -sdk /Applications/Xcode_26.4.1.app/Contents/Developer/Platforms/iPhoneSimulator.platform/Developer/SDKs/iPhoneSimulator26.4.sdk -target arm64-apple-ios15.0-simulator -g -module-cache-path /Users/runner/work/PartyDeck/PartyDeck/godot/ios-host/build/AuthorityDerivedData/ModuleCache.noindex -Xfrontend -serialize-debugging-options -enable-testing -index-store-path /Users/runner/work/PartyDeck/PartyDeck/godot/ios-host/build/AuthorityDerivedData/Index.noindex/DataStore -swift-version 6 -I /Users/runner/work/PartyDeck/PartyDeck/godot/ios-host/build/AuthorityDerivedData/Build/Products/Debug-iphonesimulator -F /Users/runner/work/PartyDeck/PartyDeck/godot/ios-host/build/AuthorityDerivedData/Build/Products/Debug-iphonesimulator -F /Users/runner/work/PartyDeck/PartyDeck/godot/ios-host/build/artifacts -c -j3 -enable-batch-mode -incremental -Xcc -ivfsstatcache -Xcc /Users/runner/work/PartyDeck/PartyDeck/godot/ios-host/build/AuthorityDerivedData/SDKStatCaches.noindex/iphonesimulator26.4-23E252-688ef53f1462e2c8f657fdc38a81448f893e4a944e4cdd9af1f5077e1341bc52.sdkstatcache -output-file-map /Users/runner/work/PartyDeck/PartyDeck/godot/ios-host/build/AuthorityDerivedData/Build/Intermediates.noindex/AuthorityHost.build/Debug-iphonesimulator/AuthorityHost.build/Objects-normal/arm64/AuthorityHost-OutputFileMap.json -use-frontend-parseable-output -save-temps -no-color-diagnostics -explicit-module-build -module-cache-path /Users/runner/work/PartyDeck/PartyDeck/godot/ios-host/build/AuthorityDerivedData/Build/Intermediates.noindex/SwiftExplicitPrecompiledModules -clang-scanner-module-cache-path /Users/runner/work/PartyDeck/PartyDeck/godot/ios-host/build/AuthorityDerivedData/ModuleCache.noindex -sdk-module-cache-path /Users/runner/work/PartyDeck/PartyDeck/godot/ios-host/build/AuthorityDerivedData/ModuleCache.noindex -serialize-diagnostics -emit-dependencies -emit-module -emit-module-path /Users/runner/work/PartyDeck/PartyDeck/godot/ios-host/build/AuthorityDerivedData/Build/Intermediates.noindex/AuthorityHost.build/Debug-iphonesimulator/AuthorityHost.build/Objects-normal/arm64/AuthorityHost.swiftmodule -validate-clang-modules-once -clang-build-session-file /Users/runner/work/PartyDeck/PartyDeck/godot/ios-host/build/AuthorityDerivedData/ModuleCache.noindex/Session.modulevalidation -Xcc -I/Users/runner/work/PartyDeck/PartyDeck/godot/ios-host/build/AuthorityDerivedData/Build/Intermediates.noindex/AuthorityHost.build/Debug-iphonesimulator/AuthorityHost.build/swift-overrides.hmap -emit-const-values -Xfrontend -const-gather-protocols-file -Xfrontend /Users/runner/work/PartyDeck/PartyDeck/godot/ios-host/build/AuthorityDerivedData/Build/Intermediates.noindex/AuthorityHost.build/Debug-iphonesimulator/AuthorityHost.build/Objects-normal/arm64/AuthorityHost_const_extract_protocols.json -Xcc -iquote -Xcc /Users/runner/work/PartyDeck/PartyDeck/godot/ios-host/build/AuthorityDerivedData/Build/Intermediates.noindex/AuthorityHost.build/Debug-iphonesimulator/AuthorityHost.build/AuthorityHost-generated-files.hmap -Xcc -I/Users/runner/work/PartyDeck/PartyDeck/godot/ios-host/build/AuthorityDerivedData/Build/Intermediates.noindex/AuthorityHost.build/Debug-iphonesimulator/AuthorityHost.build/AuthorityHost-own-target-headers.hmap -Xcc -I/Users/runner/work/PartyDeck/PartyDeck/godot/ios-host/build/AuthorityDerivedData/Build/Intermediates.noindex/AuthorityHost.build/Debug-iphonesimulator/AuthorityHost.build/AuthorityHost-all-target-headers.hmap -Xcc -iquote -Xcc /Users/runner/work/PartyDeck/PartyDeck/godot/ios-host/build/AuthorityDerivedData/Build/Intermediates.noindex/AuthorityHost.build/Debug-iphonesimulator/AuthorityHost.build/AuthorityHost-project-headers.hmap -Xcc -I/Users/runner/work/PartyDeck/PartyDeck/godot/ios-host/build/AuthorityDerivedData/Build/Products/Debug-iphonesimulator/include -Xcc -I/Users/runner/work/PartyDeck/PartyDeck/godot/ios-host/build/AuthorityDerivedData/Build/Intermediates.noindex/AuthorityHost.build/Debug-iphonesimulator/AuthorityHost.build/DerivedSources-normal/arm64 -Xcc -I/Users/runner/work/PartyDeck/PartyDeck/godot/ios-host/build/AuthorityDerivedData/Build/Intermediates.noindex/AuthorityHost.build/Debug-iphonesimulator/AuthorityHost.build/DerivedSources/arm64 -Xcc -I/Users/runner/work/PartyDeck/PartyDeck/godot/ios-host/build/AuthorityDerivedData/Build/Intermediates.noindex/AuthorityHost.build/Debug-iphonesimulator/AuthorityHost.build/DerivedSources -emit-objc-header -emit-objc-header-path /Users/runner/work/PartyDeck/PartyDeck/godot/ios-host/build/AuthorityDerivedData/Build/Intermediates.noindex/AuthorityHost.build/Debug-iphonesimulator/AuthorityHost.build/Objects-normal/arm64/AuthorityHost-Swift.h -import-objc-header /Users/runner/work/PartyDeck/PartyDeck/godot/ios-host/modules/partydeck_ios_probe/PDGodotRuntime.h -working-directory /Users/runner/work/PartyDeck/PartyDeck/godot/ios-host -experimental-emit-module-separately -disable-cmo
2026-09-10T12:51:04.4449580Z 
2026-09-10T12:51:04.4450510Z Ld /Users/runner/work/PartyDeck/PartyDeck/godot/ios-host/build/AuthorityDerivedData/Build/Products/Debug-iphonesimulator/AuthorityHost.app/AuthorityHost normal (in target 'AuthorityHost' from project 'AuthorityHost')
2026-09-10T12:51:04.4452790Z     cd /Users/runner/work/PartyDeck/PartyDeck/godot/ios-host
2026-09-10T12:51:04.4477740Z     /Applications/Xcode_26.4.1.app/Contents/Developer/Toolchains/XcodeDefault.xctoolchain/usr/bin/clang -Xlinker -reproducible -target arm64-apple-ios15.0-simulator -isysroot /Applications/Xcode_26.4.1.app/Contents/Developer/Platforms/iPhoneSimulator.platform/Developer/SDKs/iPhoneSimulator26.4.sdk -Os -L/Users/runner/work/PartyDeck/PartyDeck/godot/ios-host/build/AuthorityDerivedData/Build/Intermediates.noindex/EagerLinkingTBDs/Debug-iphonesimulator -L/Users/runner/work/PartyDeck/PartyDeck/godot/ios-host/build/AuthorityDerivedData/Build/Products/Debug-iphonesimulator -L/Users/runner/work/PartyDeck/PartyDeck/godot/ios-host/build/artifacts -F/Users/runner/work/PartyDeck/PartyDeck/godot/ios-host/build/AuthorityDerivedData/Build/Intermediates.noindex/EagerLinkingTBDs/Debug-iphonesimulator -F/Users/runner/work/PartyDeck/PartyDeck/godot/ios-host/build/AuthorityDerivedData/Build/Products/Debug-iphonesimulator -F/Users/runner/work/PartyDeck/PartyDeck/godot/ios-host/build/artifacts -filelist /Users/runner/work/PartyDeck/PartyDeck/godot/ios-host/build/AuthorityDerivedData/Build/Intermediates.noindex/AuthorityHost.build/Debug-iphonesimulator/AuthorityHost.build/Objects-normal/arm64/AuthorityHost.LinkFileList -Xlinker -rpath -Xlinker /usr/lib/swift -Xlinker -rpath -Xlinker @executable_path/Frameworks -Xlinker -map -Xlinker /Users/runner/work/PartyDeck/PartyDeck/godot/ios-host/build/evidence/authority-host-LinkMap-Debug-arm64.txt -Xlinker -dead_strip -Xlinker -object_path_lto -Xlinker /Users/runner/work/PartyDeck/PartyDeck/godot/ios-host/build/AuthorityDerivedData/Build/Intermediates.noindex/AuthorityHost.build/Debug-iphonesimulator/AuthorityHost.build/Objects-normal/arm64/AuthorityHost_lto.o -rdynamic -Xlinker -objc_abi_version -Xlinker 2 -Xlinker -dependency_info -Xlinker /Users/runner/work/PartyDeck/PartyDeck/godot/ios-host/build/AuthorityDerivedData/Build/Intermediates.noindex/AuthorityHost.build/Debug-iphonesimulator/AuthorityHost.build/Objects-normal/arm64/AuthorityHost_dependency_info.dat -fobjc-link-runtime -L/Applications/Xcode_26.4.1.app/Contents/Developer/Toolchains/XcodeDefault.xctoolchain/usr/lib/swift/iphonesimulator -L/usr/lib/swift -Xlinker -add_ast_path -Xlinker /Users/runner/work/PartyDeck/PartyDeck/godot/ios-host/build/AuthorityDerivedData/Build/Intermediates.noindex/AuthorityHost.build/Debug-iphonesimulator/AuthorityHost.build/Objects-normal/arm64/AuthorityHost.swiftmodule @/Users/runner/work/PartyDeck/PartyDeck/godot/ios-host/build/AuthorityDerivedData/Build/Intermediates.noindex/AuthorityHost.build/Debug-iphonesimulator/AuthorityHost.build/Objects-normal/arm64/AuthorityHost-linker-args.resp -lc++ -lz -liconv -framework Security -lpartydeck_godot_ios_probe -lpartydeck_godot_camera -framework PartyDeckGodotBridge -o /Users/runner/work/PartyDeck/PartyDeck/godot/ios-host/build/AuthorityDerivedData/Build/Products/Debug-iphonesimulator/AuthorityHost.app/AuthorityHost
2026-09-10T12:51:09.6965220Z 
2026-09-10T12:51:09.7099840Z ExtractAppIntentsMetadata (in target 'AuthorityHost' from project 'AuthorityHost')
2026-09-10T12:51:09.7139470Z     cd /Users/runner/work/PartyDeck/PartyDeck/godot/ios-host
2026-09-10T12:51:09.7210000Z     /Applications/Xcode_26.4.1.app/Contents/Developer/Toolchains/XcodeDefault.xctoolchain/usr/bin/appintentsmetadataprocessor --toolchain-dir /var/run/com.apple.security.cryptexd/mnt/com.apple.MobileAsset.MetalToolchain-v17.5.188.0.SQl8gn/Metal.xctoolchain --module-name AuthorityHost --sdk-root /Applications/Xcode_26.4.1.app/Contents/Developer/Platforms/iPhoneSimulator.platform/Developer/SDKs/iPhoneSimulator26.4.sdk --xcode-version 17E202 --platform-family iOS --deployment-target 15.0 --bundle-identifier dev.partydeck.godot.iosauthority --output /Users/runner/work/PartyDeck/PartyDeck/godot/ios-host/build/AuthorityDerivedData/Build/Products/Debug-iphonesimulator/AuthorityHost.app --target-triple arm64-apple-ios15.0-simulator --binary-file /Users/runner/work/PartyDeck/PartyDeck/godot/ios-host/build/AuthorityDerivedData/Build/Products/Debug-iphonesimulator/AuthorityHost.app/AuthorityHost --dependency-file /Users/runner/work/PartyDeck/PartyDeck/godot/ios-host/build/AuthorityDerivedData/Build/Intermediates.noindex/AuthorityHost.build/Debug-iphonesimulator/AuthorityHost.build/Objects-normal/arm64/AuthorityHost_dependency_info.dat --stringsdata-file /Users/runner/work/PartyDeck/PartyDeck/godot/ios-host/build/AuthorityDerivedData/Build/Intermediates.noindex/AuthorityHost.build/Debug-iphonesimulator/AuthorityHost.build/Objects-normal/arm64/ExtractedAppShortcutsMetadata.stringsdata --source-file-list /Users/runner/work/PartyDeck/PartyDeck/godot/ios-host/build/AuthorityDerivedData/Build/Intermediates.noindex/AuthorityHost.build/Debug-iphonesimulator/AuthorityHost.build/Objects-normal/arm64/AuthorityHost.SwiftFileList --metadata-file-list /Users/runner/work/PartyDeck/PartyDeck/godot/ios-host/build/AuthorityDerivedData/Build/Intermediates.noindex/AuthorityHost.build/Debug-iphonesimulator/AuthorityHost.build/AuthorityHost.DependencyMetadataFileList --static-metadata-file-list /Users/runner/work/PartyDeck/PartyDeck/godot/ios-host/build/AuthorityDerivedData/Build/Intermediates.noindex/AuthorityHost.build/Debug-iphonesimulator/AuthorityHost.build/AuthorityHost.DependencyStaticMetadataFileList --swift-const-vals-list /Users/runner/work/PartyDeck/PartyDeck/godot/ios-host/build/AuthorityDerivedData/Build/Intermediates.noindex/AuthorityHost.build/Debug-iphonesimulator/AuthorityHost.build/Objects-normal/arm64/AuthorityHost.SwiftConstValuesFileList --compile-time-extraction --deployment-aware-processing --validate-assistant-intents --no-app-shortcuts-localization
2026-09-10T12:51:09.8884930Z 2026-09-10 12:51:09.874 appintentsmetadataprocessor[2168:10318] Starting appintentsmetadataprocessor export
2026-09-10T12:51:09.8888890Z 2026-09-10 12:51:09.885 appintentsmetadataprocessor[2168:10318] warning: Metadata extraction skipped. No AppIntents.framework dependency found.
2026-09-10T12:51:09.8890040Z 
2026-09-10T12:51:09.8891250Z CopySwiftLibs /Users/runner/work/PartyDeck/PartyDeck/godot/ios-host/build/AuthorityDerivedData/Build/Products/Debug-iphonesimulator/AuthorityHost.app (in target 'AuthorityHost' from project 'AuthorityHost')
2026-09-10T12:51:09.8892430Z     cd /Users/runner/work/PartyDeck/PartyDeck/godot/ios-host
2026-09-10T12:51:09.8901350Z     builtin-swiftStdLibTool --copy --verbose --scan-executable /Users/runner/work/PartyDeck/PartyDeck/godot/ios-host/build/AuthorityDerivedData/Build/Products/Debug-iphonesimulator/AuthorityHost.app/AuthorityHost --scan-folder /Users/runner/work/PartyDeck/PartyDeck/godot/ios-host/build/AuthorityDerivedData/Build/Products/Debug-iphonesimulator/AuthorityHost.app/Frameworks --scan-folder /Users/runner/work/PartyDeck/PartyDeck/godot/ios-host/build/AuthorityDerivedData/Build/Products/Debug-iphonesimulator/AuthorityHost.app/PlugIns --scan-folder /Users/runner/work/PartyDeck/PartyDeck/godot/ios-host/build/AuthorityDerivedData/Build/Products/Debug-iphonesimulator/AuthorityHost.app/SystemExtensions --scan-folder /Users/runner/work/PartyDeck/PartyDeck/godot/ios-host/build/AuthorityDerivedData/Build/Products/Debug-iphonesimulator/AuthorityHost.app/Extensions --scan-folder /Users/runner/work/PartyDeck/PartyDeck/godot/ios-host/build/artifacts/PartyDeckGodotBridge.framework --platform iphonesimulator --toolchain /var/run/com.apple.security.cryptexd/mnt/com.apple.MobileAsset.MetalToolchain-v17.5.188.0.SQl8gn/Metal.xctoolchain --toolchain /Applications/Xcode_26.4.1.app/Contents/Developer/Toolchains/XcodeDefault.xctoolchain --destination /Users/runner/work/PartyDeck/PartyDeck/godot/ios-host/build/AuthorityDerivedData/Build/Products/Debug-iphonesimulator/AuthorityHost.app/Frameworks --strip-bitcode --strip-bitcode-tool /Applications/Xcode_26.4.1.app/Contents/Developer/Toolchains/XcodeDefault.xctoolchain/usr/bin/bitcode_strip --emit-dependency-info /Users/runner/work/PartyDeck/PartyDeck/godot/ios-host/build/AuthorityDerivedData/Build/Intermediates.noindex/AuthorityHost.build/Debug-iphonesimulator/AuthorityHost.build/SwiftStdLibToolInputDependencies.dep --filter-for-swift-os --back-deploy-swift-span
2026-09-10T12:51:09.8908700Z Ignoring --strip-bitcode because --sign was not passed
2026-09-10T12:51:09.8909000Z 
2026-09-10T12:51:09.8909260Z AppIntentsSSUTraining (in target 'AuthorityHost' from project 'AuthorityHost')
2026-09-10T12:51:09.8910150Z     cd /Users/runner/work/PartyDeck/PartyDeck/godot/ios-host
2026-09-10T12:51:09.8920140Z     /Applications/Xcode_26.4.1.app/Contents/Developer/Toolchains/XcodeDefault.xctoolchain/usr/bin/appintentsnltrainingprocessor --infoplist-path /Users/runner/work/PartyDeck/PartyDeck/godot/ios-host/build/AuthorityDerivedData/Build/Products/Debug-iphonesimulator/AuthorityHost.app/Info.plist --temp-dir-path /Users/runner/work/PartyDeck/PartyDeck/godot/ios-host/build/AuthorityDerivedData/Build/Intermediates.noindex/AuthorityHost.build/Debug-iphonesimulator/AuthorityHost.build/ssu --bundle-id dev.partydeck.godot.iosauthority --product-path /Users/runner/work/PartyDeck/PartyDeck/godot/ios-host/build/AuthorityDerivedData/Build/Products/Debug-iphonesimulator/AuthorityHost.app --extracted-metadata-path /Users/runner/work/PartyDeck/PartyDeck/godot/ios-host/build/AuthorityDerivedData/Build/Products/Debug-iphonesimulator/AuthorityHost.app/Metadata.appintents --metadata-file-list /Users/runner/work/PartyDeck/PartyDeck/godot/ios-host/build/AuthorityDerivedData/Build/Intermediates.noindex/AuthorityHost.build/Debug-iphonesimulator/AuthorityHost.build/AuthorityHost.DependencyMetadataFileList --source-file /Users/runner/work/PartyDeck/PartyDeck/godot/ios-host/build/AuthorityDerivedData/Build/Products/Debug-iphonesimulator/AuthorityHost.app/Info.plist --archive-ssu-assets
2026-09-10T12:51:09.9491840Z 2026-09-10 12:51:09.927 appintentsnltrainingprocessor[2169:10320] Parsing options for appintentsnltrainingprocessor
2026-09-10T12:51:09.9498650Z 2026-09-10 12:51:09.928 appintentsnltrainingprocessor[2169:10320] Starting AppIntents SSU YAML Generation
2026-09-10T12:51:09.9499920Z 2026-09-10 12:51:09.947 appintentsnltrainingprocessor[2169:10320] No AppShortcuts found - Skipping.
2026-09-10T12:51:09.9500620Z 
2026-09-10T12:51:09.9517750Z RegisterExecutionPolicyException /Users/runner/work/PartyDeck/PartyDeck/godot/ios-host/build/AuthorityDerivedData/Build/Products/Debug-iphonesimulator/AuthorityHost.app (in target 'AuthorityHost' from project 'AuthorityHost')
2026-09-10T12:51:09.9518900Z     cd /Users/runner/work/PartyDeck/PartyDeck/godot/ios-host
2026-09-10T12:51:09.9519720Z     builtin-RegisterExecutionPolicyException /Users/runner/work/PartyDeck/PartyDeck/godot/ios-host/build/AuthorityDerivedData/Build/Products/Debug-iphonesimulator/AuthorityHost.app
2026-09-10T12:51:09.9870350Z 
2026-09-10T12:51:09.9874630Z Validate /Users/runner/work/PartyDeck/PartyDeck/godot/ios-host/build/AuthorityDerivedData/Build/Products/Debug-iphonesimulator/AuthorityHost.app (in target 'AuthorityHost' from project 'AuthorityHost')
2026-09-10T12:51:09.9875860Z     cd /Users/runner/work/PartyDeck/PartyDeck/godot/ios-host
2026-09-10T12:51:09.9877210Z     builtin-validationUtility /Users/runner/work/PartyDeck/PartyDeck/godot/ios-host/build/AuthorityDerivedData/Build/Products/Debug-iphonesimulator/AuthorityHost.app -shallow-bundle -infoplist-subpath Info.plist
2026-09-10T12:51:09.9894340Z 
2026-09-10T12:51:09.9896440Z Touch /Users/runner/work/PartyDeck/PartyDeck/godot/ios-host/build/AuthorityDerivedData/Build/Products/Debug-iphonesimulator/AuthorityHost.app (in target 'AuthorityHost' from project 'AuthorityHost')
2026-09-10T12:51:09.9898780Z     cd /Users/runner/work/PartyDeck/PartyDeck/godot/ios-host
2026-09-10T12:51:09.9900700Z     /usr/bin/touch -c /Users/runner/work/PartyDeck/PartyDeck/godot/ios-host/build/AuthorityDerivedData/Build/Products/Debug-iphonesimulator/AuthorityHost.app
2026-09-10T12:51:09.9945640Z 
2026-09-10T12:51:10.0526210Z ** BUILD SUCCEEDED **
2026-09-10T12:51:10.0541160Z 
2026-09-10T12:51:14.6577030Z Recorded the linked Swift owner.
2026-09-10T12:51:20.2191430Z Using iPhone 17 / iOS 26.4 (6762BD8F-E960-4E21-B8DB-9D43947B47AF)
2026-09-10T12:51:22.0187530Z Monitoring boot status for iPhone 17 (6762BD8F-E960-4E21-B8DB-9D43947B47AF).
2026-09-10T12:51:22.0189450Z Booting device...
2026-09-10T12:51:22.0189990Z [2026-09-10 12:51:22 +0000] Status=0, isTerminal=NO, Elapsed=00:00.
2026-09-10T12:51:22.0191760Z 	Booting
2026-09-10T12:51:22.0191910Z 
2026-09-10T12:51:29.7437760Z [2026-09-10 12:51:29 +0000] Status=1, isTerminal=NO, Elapsed=00:07.
2026-09-10T12:51:29.7439410Z 	Waiting on BackBoard
2026-09-10T12:51:29.9216410Z 
2026-09-10T12:51:34.8003340Z [2026-09-10 12:51:34 +0000] Status=2, isTerminal=NO, Elapsed=00:12.
2026-09-10T12:51:34.8794520Z 	Waiting on Data Migration
2026-09-10T12:51:34.9612840Z 		Reason:(null)
2026-09-10T12:51:35.0429390Z 		Migration Elapsed:00:03 seconds
2026-09-10T12:51:35.1238150Z 
2026-09-10T12:51:36.9291060Z [2026-09-10 12:51:36 +0000] Status=2, isTerminal=NO, Elapsed=00:14.
2026-09-10T12:51:37.1043700Z 	Waiting on Data Migration
2026-09-10T12:51:37.1946120Z 		Reason:Gathering plugins
2026-09-10T12:51:37.4407400Z 		Migration Elapsed:00:05 seconds
2026-09-10T12:51:37.8638610Z 
2026-09-10T12:51:38.8518630Z [2026-09-10 12:51:38 +0000] Status=2, isTerminal=NO, Elapsed=00:16.
2026-09-10T12:51:39.2662780Z 	Waiting on Data Migration
2026-09-10T12:51:39.3489440Z 		Reason:Running plugin com.apple.MobileContainerManager.ContainerMigrator (ContainerMigrator.migrator, user-agnostic)
2026-09-10T12:51:39.4364520Z 		Migration Elapsed:00:06 seconds
2026-09-10T12:51:39.5187280Z 
2026-09-10T12:51:39.6009770Z [2026-09-10 12:51:38 +0000] Status=2, isTerminal=NO, Elapsed=00:16.
2026-09-10T12:51:39.6820750Z 	Waiting on Data Migration
2026-09-10T12:51:39.7642420Z 		Reason:Running plugin com.apple.-0LaunchServicesMigrator (00LaunchServicesMigrator.migrator, user-agnostic)
2026-09-10T12:51:39.8487390Z 		Migration Elapsed:00:07 seconds
2026-09-10T12:51:39.9283790Z 
2026-09-10T12:51:40.0094640Z [2026-09-10 12:51:39 +0000] Status=2, isTerminal=NO, Elapsed=00:17.
2026-09-10T12:51:40.2573760Z 	Waiting on Data Migration
2026-09-10T12:51:40.4241850Z 		Reason:Running plugin com.apple.-0LaunchServicesMigrator (00LaunchServicesMigrator.migrator, user-agnostic)
2026-09-10T12:51:40.5923560Z 		Migration Elapsed:00:08 seconds
2026-09-10T12:51:40.7553440Z 
2026-09-10T12:51:40.8366970Z [2026-09-10 12:51:40 +0000] Status=2, isTerminal=NO, Elapsed=00:18.
2026-09-10T12:51:40.9167000Z 	Waiting on Data Migration
2026-09-10T12:51:41.0025490Z 		Reason:Running plugin com.apple.-0LaunchServicesMigrator (00LaunchServicesMigrator.migrator, user-agnostic)
2026-09-10T12:51:41.1625230Z 		Migration Elapsed:00:09 seconds
2026-09-10T12:51:41.2465510Z 
2026-09-10T12:51:42.1804620Z [2026-09-10 12:51:42 +0000] Status=2, isTerminal=NO, Elapsed=00:20.
2026-09-10T12:51:42.2611980Z 	Waiting on Data Migration
2026-09-10T12:51:42.3427260Z 		Reason:Running plugin com.apple.-0LaunchServicesMigrator (00LaunchServicesMigrator.migrator, user-agnostic)
2026-09-10T12:51:42.4235020Z 		Migration Elapsed:00:10 seconds
2026-09-10T12:51:42.4236940Z 
2026-09-10T12:51:43.2787130Z [2026-09-10 12:51:42 +0000] Status=2, isTerminal=NO, Elapsed=00:20.
2026-09-10T12:51:43.3628260Z 	Waiting on Data Migration
2026-09-10T12:51:43.4432110Z 		Reason:Running plugin com.apple.-0LaunchServicesMigrator (00LaunchServicesMigrator.migrator, user-agnostic)
2026-09-10T12:51:43.5250500Z 		Migration Elapsed:00:11 seconds
2026-09-10T12:51:43.6921610Z 
2026-09-10T12:51:45.8941830Z [2026-09-10 12:51:45 +0000] Status=2, isTerminal=NO, Elapsed=00:23.
2026-09-10T12:51:45.9742900Z 	Waiting on Data Migration
2026-09-10T12:51:46.3017170Z 		Reason:Running plugin com.apple.-0LaunchServicesMigrator (00LaunchServicesMigrator.migrator, user-agnostic)
2026-09-10T12:51:46.3821460Z 		Migration Elapsed:00:12 seconds
2026-09-10T12:51:46.4649670Z 
2026-09-10T12:51:46.5489300Z [2026-09-10 12:51:46 +0000] Status=2, isTerminal=NO, Elapsed=00:24.
2026-09-10T12:51:46.6339760Z 	Waiting on Data Migration
2026-09-10T12:51:46.7148540Z 		Reason:Running plugin com.apple.-0LaunchServicesMigrator (00LaunchServicesMigrator.migrator, user-agnostic)
2026-09-10T12:51:46.7969520Z 		Migration Elapsed:00:14 seconds
2026-09-10T12:51:46.8779110Z 
2026-09-10T12:51:46.9639580Z [2026-09-10 12:51:46 +0000] Status=2, isTerminal=NO, Elapsed=00:24.
2026-09-10T12:51:47.0461910Z 	Waiting on Data Migration
2026-09-10T12:51:47.1271050Z 		Reason:Running plugin com.apple.-0LaunchServicesMigrator (00LaunchServicesMigrator.migrator, user-agnostic)
2026-09-10T12:51:47.4560370Z 		Migration Elapsed:00:15 seconds
2026-09-10T12:51:47.5392490Z 
2026-09-10T12:51:47.7023950Z [2026-09-10 12:51:47 +0000] Status=2, isTerminal=NO, Elapsed=00:25.
2026-09-10T12:51:47.7034770Z 	Waiting on Data Migration
2026-09-10T12:51:47.8650300Z 		Reason:Running plugin com.apple.-0LaunchServicesMigrator (00LaunchServicesMigrator.migrator, user-agnostic)
2026-09-10T12:51:47.9462430Z 		Migration Elapsed:00:16 seconds
2026-09-10T12:51:47.9463250Z 
2026-09-10T12:51:48.7734730Z [2026-09-10 12:51:48 +0000] Status=2, isTerminal=NO, Elapsed=00:26.
2026-09-10T12:51:49.0174070Z 	Waiting on Data Migration
2026-09-10T12:51:49.2622840Z 		Reason:Running plugin com.apple.-0LaunchServicesMigrator (00LaunchServicesMigrator.migrator, user-agnostic)
2026-09-10T12:51:49.5067950Z 		Migration Elapsed:00:17 seconds
2026-09-10T12:51:49.6708220Z 
2026-09-10T12:51:49.8384400Z [2026-09-10 12:51:49 +0000] Status=2, isTerminal=NO, Elapsed=00:27.
2026-09-10T12:51:49.9996210Z 	Waiting on Data Migration
2026-09-10T12:51:50.0816190Z 		Reason:Running plugin com.apple.-0LaunchServicesMigrator (00LaunchServicesMigrator.migrator, user-agnostic)
2026-09-10T12:51:50.1620770Z 		Migration Elapsed:00:18 seconds
2026-09-10T12:51:50.2457590Z 
2026-09-10T12:51:50.7392060Z [2026-09-10 12:51:50 +0000] Status=2, isTerminal=NO, Elapsed=00:28.
2026-09-10T12:51:50.8220160Z 	Waiting on Data Migration
2026-09-10T12:51:50.9024050Z 		Reason:Running plugin com.apple.-0LaunchServicesMigrator (00LaunchServicesMigrator.migrator, user-agnostic)
2026-09-10T12:51:50.9835070Z 		Migration Elapsed:00:19 seconds
2026-09-10T12:51:51.1768520Z 
2026-09-10T12:51:51.5857870Z [2026-09-10 12:51:51 +0000] Status=2, isTerminal=NO, Elapsed=00:29.
2026-09-10T12:51:51.5859880Z 	Waiting on Data Migration
2026-09-10T12:51:51.5861870Z 		Reason:Running plugin com.apple.-0LaunchServicesMigrator (00LaunchServicesMigrator.migrator, user-agnostic)
2026-09-10T12:51:51.5863390Z 		Migration Elapsed:00:20 seconds
2026-09-10T12:51:51.5863950Z 
2026-09-10T12:51:53.1495990Z [2026-09-10 12:51:53 +0000] Status=2, isTerminal=NO, Elapsed=00:31.
2026-09-10T12:51:53.3212840Z 	Waiting on Data Migration
2026-09-10T12:51:53.4880720Z 		Reason:Running plugin com.apple.-0LaunchServicesMigrator (00LaunchServicesMigrator.migrator, user-agnostic)
2026-09-10T12:51:53.5667200Z 		Migration Elapsed:00:21 seconds
2026-09-10T12:51:53.7351620Z 
2026-09-10T12:51:53.8176860Z [2026-09-10 12:51:53 +0000] Status=2, isTerminal=NO, Elapsed=00:31.
2026-09-10T12:51:53.9036660Z 	Waiting on Data Migration
2026-09-10T12:51:53.9843210Z 		Reason:Running plugin com.apple.-0LaunchServicesMigrator (00LaunchServicesMigrator.migrator, user-agnostic)
2026-09-10T12:51:54.0656450Z 		Migration Elapsed:00:22 seconds
2026-09-10T12:51:54.1486200Z 
2026-09-10T12:51:54.4759970Z [2026-09-10 12:51:54 +0000] Status=2, isTerminal=NO, Elapsed=00:32.
2026-09-10T12:51:54.5582550Z 	Waiting on Data Migration
2026-09-10T12:51:54.6381470Z 		Reason:Running plugin com.apple.-0LaunchServicesMigrator (00LaunchServicesMigrator.migrator, user-agnostic)
2026-09-10T12:51:54.7228570Z 		Migration Elapsed:00:23 seconds
2026-09-10T12:51:54.8063780Z 
2026-09-10T12:51:55.4636000Z [2026-09-10 12:51:55 +0000] Status=2, isTerminal=NO, Elapsed=00:33.
2026-09-10T12:51:55.5459660Z 	Waiting on Data Migration
2026-09-10T12:51:55.6275680Z 		Reason:Running plugin com.apple.-0LaunchServicesMigrator (00LaunchServicesMigrator.migrator, user-agnostic)
2026-09-10T12:51:55.7083340Z 		Migration Elapsed:00:24 seconds
2026-09-10T12:51:55.7897980Z 
2026-09-10T12:51:56.3660380Z [2026-09-10 12:51:56 +0000] Status=2, isTerminal=NO, Elapsed=00:34.
2026-09-10T12:51:56.4464050Z 	Waiting on Data Migration
2026-09-10T12:51:56.5283160Z 		Reason:Running plugin com.apple.-0LaunchServicesMigrator (00LaunchServicesMigrator.migrator, user-agnostic)
2026-09-10T12:51:56.6095200Z 		Migration Elapsed:00:25 seconds
2026-09-10T12:51:56.6922880Z 
2026-09-10T12:51:57.7198510Z [2026-09-10 12:51:57 +0000] Status=2, isTerminal=NO, Elapsed=00:35.
2026-09-10T12:51:57.8004740Z 	Waiting on Data Migration
2026-09-10T12:51:57.8005590Z 		Reason:Running plugin com.apple.-0LaunchServicesMigrator (00LaunchServicesMigrator.migrator, user-agnostic)
2026-09-10T12:51:57.8814230Z 		Migration Elapsed:00:26 seconds
2026-09-10T12:51:58.1283080Z 
2026-09-10T12:51:58.6052590Z [2026-09-10 12:51:58 +0000] Status=2, isTerminal=NO, Elapsed=00:36.
2026-09-10T12:51:58.9841910Z 	Waiting on Data Migration
2026-09-10T12:51:59.0280180Z 		Reason:Running plugin com.apple.-0LaunchServicesMigrator (00LaunchServicesMigrator.migrator, user-agnostic)
2026-09-10T12:51:59.0311030Z 		Migration Elapsed:00:27 seconds
2026-09-10T12:51:59.2306430Z 
2026-09-10T12:51:59.4578390Z [2026-09-10 12:51:59 +0000] Status=2, isTerminal=NO, Elapsed=00:37.
2026-09-10T12:51:59.5088830Z 	Waiting on Data Migration
2026-09-10T12:51:59.5570080Z 		Reason:Running plugin com.apple.-0LaunchServicesMigrator (00LaunchServicesMigrator.migrator, user-agnostic)
2026-09-10T12:51:59.7102330Z 		Migration Elapsed:00:28 seconds
2026-09-10T12:51:59.7838410Z 
2026-09-10T12:52:00.3297140Z [2026-09-10 12:52:00 +0000] Status=2, isTerminal=NO, Elapsed=00:38.
2026-09-10T12:52:00.3470420Z 	Waiting on Data Migration
2026-09-10T12:52:00.3623060Z 		Reason:Running plugin com.apple.-0LaunchServicesMigrator (00LaunchServicesMigrator.migrator, user-agnostic)
2026-09-10T12:52:00.4123290Z 		Migration Elapsed:00:29 seconds
2026-09-10T12:52:00.4765740Z 
2026-09-10T12:52:01.6703300Z [2026-09-10 12:52:01 +0000] Status=2, isTerminal=NO, Elapsed=00:39.
2026-09-10T12:52:01.8597930Z 	Waiting on Data Migration
2026-09-10T12:52:01.8971160Z 		Reason:Running plugin com.apple.-0LaunchServicesMigrator (00LaunchServicesMigrator.migrator, user-agnostic)
2026-09-10T12:52:01.9137380Z 		Migration Elapsed:00:30 seconds
2026-09-10T12:52:01.9780890Z 
2026-09-10T12:52:02.5073550Z [2026-09-10 12:52:02 +0000] Status=2, isTerminal=NO, Elapsed=00:40.
2026-09-10T12:52:02.5183000Z 	Waiting on Data Migration
2026-09-10T12:52:02.5540860Z 		Reason:Running plugin com.apple.-0LaunchServicesMigrator (00LaunchServicesMigrator.migrator, user-agnostic)
2026-09-10T12:52:02.6562240Z 		Migration Elapsed:00:31 seconds
2026-09-10T12:52:02.6682460Z 
2026-09-10T12:52:03.3623190Z [2026-09-10 12:52:03 +0000] Status=2, isTerminal=NO, Elapsed=00:41.
2026-09-10T12:52:03.3780970Z 	Waiting on Data Migration
2026-09-10T12:52:03.3969800Z 		Reason:Running plugin com.apple.-0LaunchServicesMigrator (00LaunchServicesMigrator.migrator, user-agnostic)
2026-09-10T12:52:03.4092680Z 		Migration Elapsed:00:32 seconds
2026-09-10T12:52:03.5976280Z 
2026-09-10T12:52:04.3910120Z [2026-09-10 12:52:04 +0000] Status=2, isTerminal=NO, Elapsed=00:42.
2026-09-10T12:52:04.4074150Z 	Waiting on Data Migration
2026-09-10T12:52:04.5725550Z 		Reason:Running plugin com.apple.-0LaunchServicesMigrator (00LaunchServicesMigrator.migrator, user-agnostic)
2026-09-10T12:52:04.7211030Z 		Migration Elapsed:00:33 seconds
2026-09-10T12:52:04.8029320Z 
2026-09-10T12:52:05.3895670Z [2026-09-10 12:52:05 +0000] Status=2, isTerminal=NO, Elapsed=00:43.
2026-09-10T12:52:05.4001740Z 	Waiting on Data Migration
2026-09-10T12:52:05.4141500Z 		Reason:Running plugin com.apple.-0LaunchServicesMigrator (00LaunchServicesMigrator.migrator, user-agnostic)
2026-09-10T12:52:05.4427370Z 		Migration Elapsed:00:34 seconds
2026-09-10T12:52:05.4539800Z 
2026-09-10T12:52:06.5912580Z [2026-09-10 12:52:06 +0000] Status=2, isTerminal=NO, Elapsed=00:44.
2026-09-10T12:52:06.8121690Z 	Waiting on Data Migration
2026-09-10T12:52:06.8710980Z 		Reason:Running plugin com.apple.-0LaunchServicesMigrator (00LaunchServicesMigrator.migrator, user-agnostic)
2026-09-10T12:52:06.9639240Z 		Migration Elapsed:00:35 seconds
2026-09-10T12:52:06.9791640Z 
2026-09-10T12:52:07.4010330Z [2026-09-10 12:52:07 +0000] Status=2, isTerminal=NO, Elapsed=00:45.
2026-09-10T12:52:07.5837200Z 	Waiting on Data Migration
2026-09-10T12:52:07.6355090Z 		Reason:Running plugin com.apple.-0LaunchServicesMigrator (00LaunchServicesMigrator.migrator, user-agnostic)
2026-09-10T12:52:07.6857880Z 		Migration Elapsed:00:36 seconds
2026-09-10T12:52:07.7863010Z 
2026-09-10T12:52:08.5007690Z [2026-09-10 12:52:08 +0000] Status=2, isTerminal=NO, Elapsed=00:46.
2026-09-10T12:52:08.5316250Z 	Waiting on Data Migration
2026-09-10T12:52:08.5551800Z 		Reason:Running plugin com.apple.-0LaunchServicesMigrator (00LaunchServicesMigrator.migrator, user-agnostic)
2026-09-10T12:52:08.5841640Z 		Migration Elapsed:00:37 seconds
2026-09-10T12:52:08.6268660Z 
2026-09-10T12:52:09.4400270Z [2026-09-10 12:52:09 +0000] Status=2, isTerminal=NO, Elapsed=00:47.
2026-09-10T12:52:09.4671020Z 	Waiting on Data Migration
2026-09-10T12:52:09.4845730Z 		Reason:Running plugin com.apple.-0LaunchServicesMigrator (00LaunchServicesMigrator.migrator, user-agnostic)
2026-09-10T12:52:09.4967360Z 		Migration Elapsed:00:38 seconds
2026-09-10T12:52:09.5076210Z 
2026-09-10T12:52:10.9204670Z [2026-09-10 12:52:10 +0000] Status=2, isTerminal=NO, Elapsed=00:48.
2026-09-10T12:52:11.0414580Z 	Waiting on Data Migration
2026-09-10T12:52:11.4501010Z 		Reason:Running plugin com.apple.-0LaunchServicesMigrator (00LaunchServicesMigrator.migrator, user-agnostic)
2026-09-10T12:52:11.7051610Z 		Migration Elapsed:00:39 seconds
2026-09-10T12:52:11.8275020Z 
2026-09-10T12:52:12.0677960Z [2026-09-10 12:52:11 +0000] Status=2, isTerminal=NO, Elapsed=00:49.
2026-09-10T12:52:12.3124810Z 	Waiting on Data Migration
2026-09-10T12:52:12.3551350Z 		Reason:Running plugin com.apple.-0LaunchServicesMigrator (00LaunchServicesMigrator.migrator, user-agnostic)
2026-09-10T12:52:12.3840640Z 		Migration Elapsed:00:40 seconds
2026-09-10T12:52:12.4215950Z 
2026-09-10T12:52:12.4323230Z [2026-09-10 12:52:12 +0000] Status=2, isTerminal=NO, Elapsed=00:50.
2026-09-10T12:52:12.4457230Z 	Waiting on Data Migration
2026-09-10T12:52:12.4709160Z 		Reason:Running plugin com.apple.-0LaunchServicesMigrator (00LaunchServicesMigrator.migrator, user-agnostic)
2026-09-10T12:52:12.5966240Z 		Migration Elapsed:00:41 seconds
2026-09-10T12:52:12.6512360Z 
2026-09-10T12:52:13.7873410Z [2026-09-10 12:52:13 +0000] Status=2, isTerminal=NO, Elapsed=00:51.
2026-09-10T12:52:13.9569160Z 	Waiting on Data Migration
2026-09-10T12:52:14.0381450Z 		Reason:Running plugin com.apple.-0LaunchServicesMigrator (00LaunchServicesMigrator.migrator, user-agnostic)
2026-09-10T12:52:14.1166890Z 		Migration Elapsed:00:42 seconds
2026-09-10T12:52:14.2810390Z 
2026-09-10T12:52:14.6200830Z [2026-09-10 12:52:14 +0000] Status=2, isTerminal=NO, Elapsed=00:52.
2026-09-10T12:52:14.8780880Z 	Waiting on Data Migration
2026-09-10T12:52:15.1311410Z 		Reason:Running plugin com.apple.-0LaunchServicesMigrator (00LaunchServicesMigrator.migrator, user-agnostic)
2026-09-10T12:52:15.3992100Z 		Migration Elapsed:00:43 seconds
2026-09-10T12:52:15.3996340Z 
2026-09-10T12:52:15.4841920Z [2026-09-10 12:52:15 +0000] Status=2, isTerminal=NO, Elapsed=00:53.
2026-09-10T12:52:15.5655720Z 	Waiting on Data Migration
2026-09-10T12:52:15.6466550Z 		Reason:Running plugin com.apple.-0LaunchServicesMigrator (00LaunchServicesMigrator.migrator, user-agnostic)
2026-09-10T12:52:15.7294870Z 		Migration Elapsed:00:44 seconds
2026-09-10T12:52:15.8112550Z 
2026-09-10T12:52:16.4712030Z [2026-09-10 12:52:16 +0000] Status=2, isTerminal=NO, Elapsed=00:54.
2026-09-10T12:52:16.5547360Z 	Waiting on Data Migration
2026-09-10T12:52:16.7197080Z 		Reason:Running plugin com.apple.-0LaunchServicesMigrator (00LaunchServicesMigrator.migrator, user-agnostic)
2026-09-10T12:52:16.7204970Z 		Migration Elapsed:00:45 seconds
2026-09-10T12:52:16.8045040Z 
2026-09-10T12:52:17.5362620Z [2026-09-10 12:52:17 +0000] Status=2, isTerminal=NO, Elapsed=00:55.
2026-09-10T12:52:17.5368290Z 	Waiting on Data Migration
2026-09-10T12:52:17.6173150Z 		Reason:Running plugin com.apple.-0LaunchServicesMigrator (00LaunchServicesMigrator.migrator, user-agnostic)
2026-09-10T12:52:17.7000850Z 		Migration Elapsed:00:46 seconds
2026-09-10T12:52:17.7813040Z 
2026-09-10T12:52:18.6105040Z [2026-09-10 12:52:18 +0000] Status=2, isTerminal=NO, Elapsed=00:56.
2026-09-10T12:52:18.6107200Z 	Waiting on Data Migration
2026-09-10T12:52:18.6968130Z 		Reason:Running plugin com.apple.-0LaunchServicesMigrator (00LaunchServicesMigrator.migrator, user-agnostic)
2026-09-10T12:52:18.9053270Z 		Migration Elapsed:00:47 seconds
2026-09-10T12:52:18.9159490Z 
2026-09-10T12:52:19.6643750Z [2026-09-10 12:52:19 +0000] Status=2, isTerminal=NO, Elapsed=00:57.
2026-09-10T12:52:19.6663930Z 	Waiting on Data Migration
2026-09-10T12:52:19.6664690Z 		Reason:Running plugin com.apple.-0LaunchServicesMigrator (00LaunchServicesMigrator.migrator, user-agnostic)
2026-09-10T12:52:19.6860830Z 		Migration Elapsed:00:48 seconds
2026-09-10T12:52:19.7546940Z 
2026-09-10T12:52:20.3477500Z [2026-09-10 12:52:20 +0000] Status=2, isTerminal=NO, Elapsed=00:58.
2026-09-10T12:52:20.3635400Z 	Waiting on Data Migration
2026-09-10T12:52:20.3767650Z 		Reason:Running plugin com.apple.-0LaunchServicesMigrator (00LaunchServicesMigrator.migrator, user-agnostic)
2026-09-10T12:52:20.3874620Z 		Migration Elapsed:00:49 seconds
2026-09-10T12:52:20.4031480Z 
2026-09-10T12:52:21.4419370Z [2026-09-10 12:52:21 +0000] Status=2, isTerminal=NO, Elapsed=00:59.
2026-09-10T12:52:21.4530420Z 	Waiting on Data Migration
2026-09-10T12:52:21.4647120Z 		Reason:Running plugin com.apple.-0LaunchServicesMigrator (00LaunchServicesMigrator.migrator, user-agnostic)
2026-09-10T12:52:21.4750480Z 		Migration Elapsed:00:50 seconds
2026-09-10T12:52:21.4960300Z 
2026-09-10T12:52:22.4423550Z [2026-09-10 12:52:22 +0000] Status=2, isTerminal=NO, Elapsed=01:00.
2026-09-10T12:52:22.4440790Z 	Waiting on Data Migration
2026-09-10T12:52:22.4543230Z 		Reason:Running plugin com.apple.-0LaunchServicesMigrator (00LaunchServicesMigrator.migrator, user-agnostic)
2026-09-10T12:52:22.4647610Z 		Migration Elapsed:00:51 seconds
2026-09-10T12:52:22.4752020Z 
2026-09-10T12:52:23.3319180Z [2026-09-10 12:52:23 +0000] Status=2, isTerminal=NO, Elapsed=01:01.
2026-09-10T12:52:23.3424770Z 	Waiting on Data Migration
2026-09-10T12:52:23.3528410Z 		Reason:Running plugin com.apple.-0LaunchServicesMigrator (00LaunchServicesMigrator.migrator, user-agnostic)
2026-09-10T12:52:23.3529440Z 		Migration Elapsed:00:52 seconds
2026-09-10T12:52:23.3637860Z 
2026-09-10T12:52:24.3839340Z [2026-09-10 12:52:24 +0000] Status=2, isTerminal=NO, Elapsed=01:02.
2026-09-10T12:52:24.3940840Z 	Waiting on Data Migration
2026-09-10T12:52:24.4046230Z 		Reason:Running plugin com.apple.-0LaunchServicesMigrator (00LaunchServicesMigrator.migrator, user-agnostic)
2026-09-10T12:52:24.4048850Z 		Migration Elapsed:00:53 seconds
2026-09-10T12:52:24.4160100Z 
2026-09-10T12:52:25.3798090Z [2026-09-10 12:52:25 +0000] Status=2, isTerminal=NO, Elapsed=01:03.
2026-09-10T12:52:25.3819660Z 	Waiting on Data Migration
2026-09-10T12:52:25.3930190Z 		Reason:Running plugin com.apple.-0LaunchServicesMigrator (00LaunchServicesMigrator.migrator, user-agnostic)
2026-09-10T12:52:25.4027870Z 		Migration Elapsed:00:54 seconds
2026-09-10T12:52:25.4129880Z 
2026-09-10T12:52:26.3352630Z [2026-09-10 12:52:26 +0000] Status=2, isTerminal=NO, Elapsed=01:04.
2026-09-10T12:52:26.3354990Z 	Waiting on Data Migration
2026-09-10T12:52:26.3355610Z 		Reason:Running plugin com.apple.-0LaunchServicesMigrator (00LaunchServicesMigrator.migrator, user-agnostic)
2026-09-10T12:52:26.3356220Z 		Migration Elapsed:00:55 seconds
2026-09-10T12:52:26.3356470Z 
2026-09-10T12:52:27.3674520Z [2026-09-10 12:52:27 +0000] Status=2, isTerminal=NO, Elapsed=01:05.
2026-09-10T12:52:27.3675630Z 	Waiting on Data Migration
2026-09-10T12:52:27.3676130Z 		Reason:Running plugin com.apple.-0LaunchServicesMigrator (00LaunchServicesMigrator.migrator, user-agnostic)
2026-09-10T12:52:27.3676740Z 		Migration Elapsed:00:56 seconds
2026-09-10T12:52:27.3676950Z 
2026-09-10T12:52:31.3917830Z [2026-09-10 12:52:31 +0000] Status=2, isTerminal=NO, Elapsed=01:09.
2026-09-10T12:52:31.4750570Z 	Waiting on Data Migration
2026-09-10T12:52:31.5543690Z 		Reason:Running plugin com.apple.securityd.KeychainMigrator (KeychainMigrator.migrator, user-agnostic)
2026-09-10T12:52:31.7169040Z 		Migration Elapsed:00:57 seconds
2026-09-10T12:52:31.7177500Z 
2026-09-10T12:52:32.1354060Z [2026-09-10 12:52:32 +0000] Status=2, isTerminal=NO, Elapsed=01:10.
2026-09-10T12:52:32.2195000Z 	Waiting on Data Migration
2026-09-10T12:52:32.3006600Z 		Reason:Running plugin com.apple.managedconfiguration.migrator (MCProfile.migrator, user-agnostic)
2026-09-10T12:52:32.3843590Z 		Migration Elapsed:00:59 seconds
2026-09-10T12:52:32.3867790Z 
2026-09-10T12:52:34.4708160Z [2026-09-10 12:52:34 +0000] Status=2, isTerminal=NO, Elapsed=01:12.
2026-09-10T12:52:34.6502160Z 	Waiting on Data Migration
2026-09-10T12:52:34.7322650Z 		Reason:Running plugin com.apple.managedconfiguration.migrator (MCProfile.migrator, user-agnostic)
2026-09-10T12:52:34.8200890Z 		Migration Elapsed:01:01 seconds
2026-09-10T12:52:34.9018820Z 
2026-09-10T12:52:38.3886880Z [2026-09-10 12:52:38 +0000] Status=2, isTerminal=NO, Elapsed=01:16.
2026-09-10T12:52:38.3887580Z 	Waiting on Data Migration
2026-09-10T12:52:38.4695860Z 		Reason:Running plugin com.apple.managedconfiguration.migrator (MCProfile.migrator, user-agnostic)
2026-09-10T12:52:38.8893160Z 		Migration Elapsed:01:03 seconds
2026-09-10T12:52:39.3615200Z 
2026-09-10T12:52:40.6685140Z [2026-09-10 12:52:40 +0000] Status=2, isTerminal=NO, Elapsed=01:18.
2026-09-10T12:52:40.7487710Z 	Waiting on Data Migration
2026-09-10T12:52:40.8314930Z 		Reason:Running plugin com.apple.managedconfiguration.migrator (MCProfile.migrator, user-agnostic)
2026-09-10T12:52:40.9150890Z 		Migration Elapsed:01:07 seconds
2026-09-10T12:52:40.9981510Z 
2026-09-10T12:52:41.0815680Z [2026-09-10 12:52:40 +0000] Status=2, isTerminal=NO, Elapsed=01:18.
2026-09-10T12:52:41.0818620Z 	Waiting on Data Migration
2026-09-10T12:52:41.1620050Z 		Reason:Running plugin com.apple.managedconfiguration.migrator (MCProfile.migrator, user-agnostic)
2026-09-10T12:52:41.2440070Z 		Migration Elapsed:01:09 seconds
2026-09-10T12:52:41.3264500Z 
2026-09-10T12:52:41.9901340Z [2026-09-10 12:52:41 +0000] Status=2, isTerminal=NO, Elapsed=01:19.
2026-09-10T12:52:42.0722430Z 	Waiting on Data Migration
2026-09-10T12:52:42.1582770Z 		Reason:Running plugin com.apple.addressbook.migrator (AddressBookLegacy.migrator)
2026-09-10T12:52:42.2400100Z 		Migration Elapsed:01:10 seconds
2026-09-10T12:52:42.3198500Z 
2026-09-10T12:52:42.5672210Z [2026-09-10 12:52:42 +0000] Status=2, isTerminal=NO, Elapsed=01:20.
2026-09-10T12:52:42.5672760Z 	Waiting on Data Migration
2026-09-10T12:52:42.5673230Z 		Reason:Running plugin com.apple.locationd.migrator (CoreLocationMigrator.migrator)
2026-09-10T12:52:42.6528220Z 		Migration Elapsed:01:11 seconds
2026-09-10T12:52:42.7369820Z 
2026-09-10T12:52:43.5490630Z [2026-09-10 12:52:43 +0000] Status=2, isTerminal=NO, Elapsed=01:21.
2026-09-10T12:52:43.5491840Z 	Waiting on Data Migration
2026-09-10T12:52:43.6301900Z 		Reason:Running plugin com.apple.locationd.migrator (CoreLocationMigrator.migrator)
2026-09-10T12:52:43.7116140Z 		Migration Elapsed:01:12 seconds
2026-09-10T12:52:43.8753850Z 
2026-09-10T12:52:44.5296430Z [2026-09-10 12:52:44 +0000] Status=2, isTerminal=NO, Elapsed=01:22.
2026-09-10T12:52:44.6124820Z 	Waiting on Data Migration
2026-09-10T12:52:44.6924840Z 		Reason:Running plugin com.apple.locationd.migrator (CoreLocationMigrator.migrator)
2026-09-10T12:52:44.7742200Z 		Migration Elapsed:01:13 seconds
2026-09-10T12:52:44.8558120Z 
2026-09-10T12:52:45.5130300Z [2026-09-10 12:52:45 +0000] Status=2, isTerminal=NO, Elapsed=01:23.
2026-09-10T12:52:45.5130840Z 	Waiting on Data Migration
2026-09-10T12:52:45.5945250Z 		Reason:Running plugin com.apple.locationd.migrator (CoreLocationMigrator.migrator)
2026-09-10T12:52:45.6811990Z 		Migration Elapsed:01:14 seconds
2026-09-10T12:52:45.7619830Z 
2026-09-10T12:52:47.4624860Z [2026-09-10 12:52:47 +0000] Status=2, isTerminal=NO, Elapsed=01:25.
2026-09-10T12:52:47.5453220Z 	Waiting on Data Migration
2026-09-10T12:52:47.6268910Z 		Reason:Running plugin com.apple.locationd.migrator (CoreLocationMigrator.migrator)
2026-09-10T12:52:47.7128860Z 		Migration Elapsed:01:15 seconds
2026-09-10T12:52:47.7956250Z 
2026-09-10T12:52:47.9585140Z [2026-09-10 12:52:47 +0000] Status=2, isTerminal=NO, Elapsed=01:25.
2026-09-10T12:52:47.9604040Z 	Waiting on Data Migration
2026-09-10T12:52:48.0227000Z 		Reason:Running plugin com.apple.locationd.migrator (CoreLocationMigrator.migrator)
2026-09-10T12:52:48.2116230Z 		Migration Elapsed:01:16 seconds
2026-09-10T12:52:48.2915270Z 
2026-09-10T12:52:48.8977450Z [2026-09-10 12:52:48 +0000] Status=2, isTerminal=NO, Elapsed=01:26.
2026-09-10T12:52:48.8978410Z 	Waiting on Data Migration
2026-09-10T12:52:49.0652760Z 		Reason:Running plugin com.apple.locationd.migrator (CoreLocationMigrator.migrator)
2026-09-10T12:52:49.2416190Z 		Migration Elapsed:01:17 seconds
2026-09-10T12:52:49.2926320Z 
2026-09-10T12:52:49.8120430Z [2026-09-10 12:52:49 +0000] Status=2, isTerminal=NO, Elapsed=01:27.
2026-09-10T12:52:49.8121040Z 	Waiting on Data Migration
2026-09-10T12:52:49.9857710Z 		Reason:Running plugin com.apple.locationd.migrator (CoreLocationMigrator.migrator)
2026-09-10T12:52:50.0872470Z 		Migration Elapsed:01:18 seconds
2026-09-10T12:52:50.1718070Z 
2026-09-10T12:52:50.5344790Z [2026-09-10 12:52:50 +0000] Status=2, isTerminal=NO, Elapsed=01:28.
2026-09-10T12:52:50.6160280Z 	Waiting on Data Migration
2026-09-10T12:52:50.6381080Z 		Reason:Running plugin com.apple.locationd.migrator (CoreLocationMigrator.migrator)
2026-09-10T12:52:50.7766720Z 		Migration Elapsed:01:19 seconds
2026-09-10T12:52:50.7932550Z 
2026-09-10T12:52:51.6926890Z [2026-09-10 12:52:51 +0000] Status=2, isTerminal=NO, Elapsed=01:29.
2026-09-10T12:52:51.9107560Z 	Waiting on Data Migration
2026-09-10T12:52:51.9541700Z 		Reason:Running plugin com.apple.locationd.migrator (CoreLocationMigrator.migrator)
2026-09-10T12:52:52.0350340Z 		Migration Elapsed:01:20 seconds
2026-09-10T12:52:52.1319940Z 
2026-09-10T12:52:52.8686210Z [2026-09-10 12:52:52 +0000] Status=2, isTerminal=NO, Elapsed=01:30.
2026-09-10T12:52:52.8700930Z 	Waiting on Data Migration
2026-09-10T12:52:52.8823300Z 		Reason:Running plugin com.apple.locationd.migrator (CoreLocationMigrator.migrator)
2026-09-10T12:52:52.8967460Z 		Migration Elapsed:01:21 seconds
2026-09-10T12:52:52.9079510Z 
2026-09-10T12:52:53.3460290Z [2026-09-10 12:52:53 +0000] Status=2, isTerminal=NO, Elapsed=01:31.
2026-09-10T12:52:53.3561610Z 	Waiting on Data Migration
2026-09-10T12:52:53.3691140Z 		Reason:Running plugin com.apple.locationd.migrator (CoreLocationMigrator.migrator)
2026-09-10T12:52:53.3798950Z 		Migration Elapsed:01:22 seconds
2026-09-10T12:52:53.3900450Z 
2026-09-10T12:52:54.3512890Z [2026-09-10 12:52:54 +0000] Status=2, isTerminal=NO, Elapsed=01:32.
2026-09-10T12:52:54.3536160Z 	Waiting on Data Migration
2026-09-10T12:52:54.3536850Z 		Reason:Running plugin com.apple.locationd.migrator (CoreLocationMigrator.migrator)
2026-09-10T12:52:54.3537620Z 		Migration Elapsed:01:23 seconds
2026-09-10T12:52:54.3585680Z 
2026-09-10T12:52:55.3446930Z [2026-09-10 12:52:55 +0000] Status=2, isTerminal=NO, Elapsed=01:33.
2026-09-10T12:52:55.3466250Z 	Waiting on Data Migration
2026-09-10T12:52:55.3467300Z 		Reason:Running plugin com.apple.locationd.migrator (CoreLocationMigrator.migrator)
2026-09-10T12:52:55.3468470Z 		Migration Elapsed:01:24 seconds
2026-09-10T12:52:55.3473360Z 
2026-09-10T12:52:56.3579660Z [2026-09-10 12:52:56 +0000] Status=2, isTerminal=NO, Elapsed=01:34.
2026-09-10T12:52:56.3622950Z 	Waiting on Data Migration
2026-09-10T12:52:56.3624360Z 		Reason:Running plugin com.apple.locationd.migrator (CoreLocationMigrator.migrator)
2026-09-10T12:52:56.3624980Z 		Migration Elapsed:01:25 seconds
2026-09-10T12:52:56.3625280Z 
2026-09-10T12:52:57.3623610Z [2026-09-10 12:52:57 +0000] Status=2, isTerminal=NO, Elapsed=01:35.
2026-09-10T12:52:57.3624680Z 	Waiting on Data Migration
2026-09-10T12:52:57.3625200Z 		Reason:Running plugin com.apple.locationd.migrator (CoreLocationMigrator.migrator)
2026-09-10T12:52:57.3625830Z 		Migration Elapsed:01:26 seconds
2026-09-10T12:52:57.3626040Z 
2026-09-10T12:52:58.3393690Z [2026-09-10 12:52:58 +0000] Status=2, isTerminal=NO, Elapsed=01:36.
2026-09-10T12:52:58.3395300Z 	Waiting on Data Migration
2026-09-10T12:52:58.3396090Z 		Reason:Running plugin com.apple.locationd.migrator (CoreLocationMigrator.migrator)
2026-09-10T12:52:58.3400980Z 		Migration Elapsed:01:27 seconds
2026-09-10T12:52:58.3401530Z 
2026-09-10T12:52:59.3323700Z [2026-09-10 12:52:59 +0000] Status=2, isTerminal=NO, Elapsed=01:37.
2026-09-10T12:52:59.3324750Z 	Waiting on Data Migration
2026-09-10T12:52:59.3326890Z 		Reason:Running plugin com.apple.locationd.migrator (CoreLocationMigrator.migrator)
2026-09-10T12:52:59.3327880Z 		Migration Elapsed:01:28 seconds
2026-09-10T12:52:59.3328130Z 
2026-09-10T12:53:00.4295280Z [2026-09-10 12:53:00 +0000] Status=2, isTerminal=NO, Elapsed=01:38.
2026-09-10T12:53:00.4296000Z 	Waiting on Data Migration
2026-09-10T12:53:00.4296680Z 		Reason:Running plugin com.apple.locationd.migrator (CoreLocationMigrator.migrator)
2026-09-10T12:53:00.4297160Z 		Migration Elapsed:01:29 seconds
2026-09-10T12:53:00.4298200Z 
2026-09-10T12:53:01.3801120Z [2026-09-10 12:53:01 +0000] Status=2, isTerminal=NO, Elapsed=01:39.
2026-09-10T12:53:01.3801670Z 	Waiting on Data Migration
2026-09-10T12:53:01.3802500Z 		Reason:Running plugin com.apple.locationd.migrator (CoreLocationMigrator.migrator)
2026-09-10T12:53:01.3802920Z 		Migration Elapsed:01:30 seconds
2026-09-10T12:53:01.3803140Z 
2026-09-10T12:53:02.3459250Z [2026-09-10 12:53:02 +0000] Status=2, isTerminal=NO, Elapsed=01:40.
2026-09-10T12:53:02.3460060Z 	Waiting on Data Migration
2026-09-10T12:53:02.3460850Z 		Reason:Running plugin com.apple.locationd.migrator (CoreLocationMigrator.migrator)
2026-09-10T12:53:02.3461650Z 		Migration Elapsed:01:31 seconds
2026-09-10T12:53:02.3462010Z 
2026-09-10T12:53:03.3572110Z [2026-09-10 12:53:03 +0000] Status=2, isTerminal=NO, Elapsed=01:41.
2026-09-10T12:53:03.3572630Z 	Waiting on Data Migration
2026-09-10T12:53:03.3573150Z 		Reason:Running plugin com.apple.locationd.migrator (CoreLocationMigrator.migrator)
2026-09-10T12:53:03.3573670Z 		Migration Elapsed:01:32 seconds
2026-09-10T12:53:03.3573950Z 
2026-09-10T12:53:04.3518640Z [2026-09-10 12:53:04 +0000] Status=2, isTerminal=NO, Elapsed=01:42.
2026-09-10T12:53:04.3519140Z 	Waiting on Data Migration
2026-09-10T12:53:04.3519660Z 		Reason:Running plugin com.apple.locationd.migrator (CoreLocationMigrator.migrator)
2026-09-10T12:53:04.3522590Z 		Migration Elapsed:01:33 seconds
2026-09-10T12:53:04.3533430Z 
2026-09-10T12:53:05.3476920Z [2026-09-10 12:53:05 +0000] Status=2, isTerminal=NO, Elapsed=01:43.
2026-09-10T12:53:05.3626870Z 	Waiting on Data Migration
2026-09-10T12:53:05.3706330Z 		Reason:Running plugin com.apple.locationd.migrator (CoreLocationMigrator.migrator)
2026-09-10T12:53:05.3739460Z 		Migration Elapsed:01:34 seconds
2026-09-10T12:53:05.3756730Z 
2026-09-10T12:53:06.3540810Z [2026-09-10 12:53:06 +0000] Status=2, isTerminal=NO, Elapsed=01:44.
2026-09-10T12:53:06.3549910Z 	Waiting on Data Migration
2026-09-10T12:53:06.3550350Z 		Reason:Running plugin com.apple.locationd.migrator (CoreLocationMigrator.migrator)
2026-09-10T12:53:06.3550960Z 		Migration Elapsed:01:35 seconds
2026-09-10T12:53:06.3551290Z 
2026-09-10T12:53:07.3412930Z [2026-09-10 12:53:07 +0000] Status=2, isTerminal=NO, Elapsed=01:45.
2026-09-10T12:53:07.3470880Z 	Waiting on Data Migration
2026-09-10T12:53:07.3473860Z 		Reason:Running plugin com.apple.locationd.migrator (CoreLocationMigrator.migrator)
2026-09-10T12:53:07.3474630Z 		Migration Elapsed:01:36 seconds
2026-09-10T12:53:07.3474990Z 
2026-09-10T12:53:08.3451570Z [2026-09-10 12:53:08 +0000] Status=2, isTerminal=NO, Elapsed=01:46.
2026-09-10T12:53:08.3453800Z 	Waiting on Data Migration
2026-09-10T12:53:08.3454640Z 		Reason:Running plugin com.apple.locationd.migrator (CoreLocationMigrator.migrator)
2026-09-10T12:53:08.3455510Z 		Migration Elapsed:01:37 seconds
2026-09-10T12:53:08.3455990Z 
2026-09-10T12:53:09.5235850Z [2026-09-10 12:53:09 +0000] Status=2, isTerminal=NO, Elapsed=01:47.
2026-09-10T12:53:09.5337780Z 	Waiting on Data Migration
2026-09-10T12:53:09.5444880Z 		Reason:Running plugin com.apple.locationd.migrator (CoreLocationMigrator.migrator)
2026-09-10T12:53:09.5625900Z 		Migration Elapsed:01:38 seconds
2026-09-10T12:53:09.5675940Z 
2026-09-10T12:53:10.3447840Z [2026-09-10 12:53:10 +0000] Status=2, isTerminal=NO, Elapsed=01:48.
2026-09-10T12:53:10.3448490Z 	Waiting on Data Migration
2026-09-10T12:53:10.3449940Z 		Reason:Running plugin com.apple.locationd.migrator (CoreLocationMigrator.migrator)
2026-09-10T12:53:10.3459530Z 		Migration Elapsed:01:39 seconds
2026-09-10T12:53:10.3459850Z 
2026-09-10T12:53:11.3646320Z [2026-09-10 12:53:11 +0000] Status=2, isTerminal=NO, Elapsed=01:49.
2026-09-10T12:53:11.3673180Z 	Waiting on Data Migration
2026-09-10T12:53:11.3808280Z 		Reason:Running plugin com.apple.locationd.migrator (CoreLocationMigrator.migrator)
2026-09-10T12:53:11.3845990Z 		Migration Elapsed:01:40 seconds
2026-09-10T12:53:11.3847680Z 
2026-09-10T12:53:12.3435480Z [2026-09-10 12:53:12 +0000] Status=2, isTerminal=NO, Elapsed=01:50.
2026-09-10T12:53:12.3535990Z 	Waiting on Data Migration
2026-09-10T12:53:12.3637650Z 		Reason:Running plugin com.apple.locationd.migrator (CoreLocationMigrator.migrator)
2026-09-10T12:53:12.3738720Z 		Migration Elapsed:01:41 seconds
2026-09-10T12:53:12.3838750Z 
2026-09-10T12:53:13.3701270Z [2026-09-10 12:53:13 +0000] Status=2, isTerminal=NO, Elapsed=01:51.
2026-09-10T12:53:13.3703170Z 	Waiting on Data Migration
2026-09-10T12:53:13.3704530Z 		Reason:Running plugin com.apple.locationd.migrator (CoreLocationMigrator.migrator)
2026-09-10T12:53:13.3706000Z 		Migration Elapsed:01:42 seconds
2026-09-10T12:53:13.3716890Z 
2026-09-10T12:53:14.3458970Z [2026-09-10 12:53:14 +0000] Status=2, isTerminal=NO, Elapsed=01:52.
2026-09-10T12:53:14.3460880Z 	Waiting on Data Migration
2026-09-10T12:53:14.3461780Z 		Reason:Running plugin com.apple.locationd.migrator (CoreLocationMigrator.migrator)
2026-09-10T12:53:14.3462600Z 		Migration Elapsed:01:43 seconds
2026-09-10T12:53:14.3462910Z 
2026-09-10T12:53:15.3751380Z [2026-09-10 12:53:15 +0000] Status=2, isTerminal=NO, Elapsed=01:53.
2026-09-10T12:53:15.3770270Z 	Waiting on Data Migration
2026-09-10T12:53:15.3800140Z 		Reason:Running plugin com.apple.locationd.migrator (CoreLocationMigrator.migrator)
2026-09-10T12:53:15.3827260Z 		Migration Elapsed:01:44 seconds
2026-09-10T12:53:15.3835000Z 
2026-09-10T12:53:16.3440810Z [2026-09-10 12:53:16 +0000] Status=2, isTerminal=NO, Elapsed=01:54.
2026-09-10T12:53:16.3441290Z 	Waiting on Data Migration
2026-09-10T12:53:16.3441690Z 		Reason:Running plugin com.apple.locationd.migrator (CoreLocationMigrator.migrator)
2026-09-10T12:53:16.3442180Z 		Migration Elapsed:01:45 seconds
2026-09-10T12:53:16.3442370Z 
2026-09-10T12:53:17.3472800Z [2026-09-10 12:53:17 +0000] Status=2, isTerminal=NO, Elapsed=01:55.
2026-09-10T12:53:17.3473410Z 	Waiting on Data Migration
2026-09-10T12:53:17.3473790Z 		Reason:Running plugin com.apple.locationd.migrator (CoreLocationMigrator.migrator)
2026-09-10T12:53:17.3474300Z 		Migration Elapsed:01:46 seconds
2026-09-10T12:53:17.3474500Z 
2026-09-10T12:53:18.3391950Z [2026-09-10 12:53:18 +0000] Status=2, isTerminal=NO, Elapsed=01:56.
2026-09-10T12:53:18.3392470Z 	Waiting on Data Migration
2026-09-10T12:53:18.3392970Z 		Reason:Running plugin com.apple.locationd.migrator (CoreLocationMigrator.migrator)
2026-09-10T12:53:18.3393500Z 		Migration Elapsed:01:47 seconds
2026-09-10T12:53:18.3393710Z 
2026-09-10T12:53:19.3423790Z [2026-09-10 12:53:19 +0000] Status=2, isTerminal=NO, Elapsed=01:57.
2026-09-10T12:53:19.3424290Z 	Waiting on Data Migration
2026-09-10T12:53:19.3424950Z 		Reason:Running plugin com.apple.locationd.migrator (CoreLocationMigrator.migrator)
2026-09-10T12:53:19.3425560Z 		Migration Elapsed:01:48 seconds
2026-09-10T12:53:19.3425760Z 
2026-09-10T12:53:20.3532150Z [2026-09-10 12:53:20 +0000] Status=2, isTerminal=NO, Elapsed=01:58.
2026-09-10T12:53:20.3532620Z 	Waiting on Data Migration
2026-09-10T12:53:20.3533000Z 		Reason:Running plugin com.apple.locationd.migrator (CoreLocationMigrator.migrator)
2026-09-10T12:53:20.3533460Z 		Migration Elapsed:01:49 seconds
2026-09-10T12:53:20.3533650Z 
2026-09-10T12:53:21.3563420Z [2026-09-10 12:53:21 +0000] Status=2, isTerminal=NO, Elapsed=01:59.
2026-09-10T12:53:21.3572810Z 	Waiting on Data Migration
2026-09-10T12:53:21.3573250Z 		Reason:Running plugin com.apple.locationd.migrator (CoreLocationMigrator.migrator)
2026-09-10T12:53:21.3573860Z 		Migration Elapsed:01:50 seconds
2026-09-10T12:53:21.3574050Z 
2026-09-10T12:53:22.4833850Z [2026-09-10 12:53:22 +0000] Status=2, isTerminal=NO, Elapsed=02:00.
2026-09-10T12:53:22.4835570Z 	Waiting on Data Migration
2026-09-10T12:53:22.4836010Z 		Reason:Running plugin com.apple.locationd.migrator (CoreLocationMigrator.migrator)
2026-09-10T12:53:22.4836450Z 		Migration Elapsed:01:51 seconds
2026-09-10T12:53:22.4838030Z 
2026-09-10T12:53:23.3579640Z [2026-09-10 12:53:23 +0000] Status=2, isTerminal=NO, Elapsed=02:01.
2026-09-10T12:53:23.3580140Z 	Waiting on Data Migration
2026-09-10T12:53:23.3581150Z 		Reason:Running plugin com.apple.locationd.migrator (CoreLocationMigrator.migrator)
2026-09-10T12:53:23.3581590Z 		Migration Elapsed:01:52 seconds
2026-09-10T12:53:23.3581790Z 
2026-09-10T12:53:24.3710250Z [2026-09-10 12:53:24 +0000] Status=2, isTerminal=NO, Elapsed=02:02.
2026-09-10T12:53:24.3711690Z 	Waiting on Data Migration
2026-09-10T12:53:24.3712950Z 		Reason:Running plugin com.apple.locationd.migrator (CoreLocationMigrator.migrator)
2026-09-10T12:53:24.3713550Z 		Migration Elapsed:01:53 seconds
2026-09-10T12:53:24.3714550Z 
2026-09-10T12:53:25.3678400Z [2026-09-10 12:53:25 +0000] Status=2, isTerminal=NO, Elapsed=02:03.
2026-09-10T12:53:25.3785960Z 	Waiting on Data Migration
2026-09-10T12:53:25.3886040Z 		Reason:Running plugin com.apple.locationd.migrator (CoreLocationMigrator.migrator)
2026-09-10T12:53:25.3988010Z 		Migration Elapsed:01:54 seconds
2026-09-10T12:53:25.4049890Z 
2026-09-10T12:53:26.3401140Z [2026-09-10 12:53:26 +0000] Status=2, isTerminal=NO, Elapsed=02:04.
2026-09-10T12:53:26.3401740Z 	Waiting on Data Migration
2026-09-10T12:53:26.3402290Z 		Reason:Running plugin com.apple.locationd.migrator (CoreLocationMigrator.migrator)
2026-09-10T12:53:26.3402820Z 		Migration Elapsed:01:55 seconds
2026-09-10T12:53:26.3403210Z 
2026-09-10T12:53:27.3487890Z [2026-09-10 12:53:27 +0000] Status=2, isTerminal=NO, Elapsed=02:05.
2026-09-10T12:53:27.3488580Z 	Waiting on Data Migration
2026-09-10T12:53:27.3489350Z 		Reason:Running plugin com.apple.locationd.migrator (CoreLocationMigrator.migrator)
2026-09-10T12:53:27.3490310Z 		Migration Elapsed:01:56 seconds
2026-09-10T12:53:27.3498160Z 
2026-09-10T12:53:28.3447280Z [2026-09-10 12:53:28 +0000] Status=2, isTerminal=NO, Elapsed=02:06.
2026-09-10T12:53:28.3448370Z 	Waiting on Data Migration
2026-09-10T12:53:28.3449260Z 		Reason:Running plugin com.apple.locationd.migrator (CoreLocationMigrator.migrator)
2026-09-10T12:53:28.3450510Z 		Migration Elapsed:01:57 seconds
2026-09-10T12:53:28.3450960Z 
2026-09-10T12:53:29.3442880Z [2026-09-10 12:53:29 +0000] Status=2, isTerminal=NO, Elapsed=02:07.
2026-09-10T12:53:29.3444110Z 	Waiting on Data Migration
2026-09-10T12:53:29.3444960Z 		Reason:Running plugin com.apple.locationd.migrator (CoreLocationMigrator.migrator)
2026-09-10T12:53:29.3445670Z 		Migration Elapsed:01:58 seconds
2026-09-10T12:53:29.3446050Z 
2026-09-10T12:53:30.3451450Z [2026-09-10 12:53:30 +0000] Status=2, isTerminal=NO, Elapsed=02:08.
2026-09-10T12:53:30.3452970Z 	Waiting on Data Migration
2026-09-10T12:53:30.3453880Z 		Reason:Running plugin com.apple.locationd.migrator (CoreLocationMigrator.migrator)
2026-09-10T12:53:30.3454810Z 		Migration Elapsed:01:59 seconds
2026-09-10T12:53:30.3455230Z 
2026-09-10T12:53:31.3445620Z [2026-09-10 12:53:31 +0000] Status=2, isTerminal=NO, Elapsed=02:09.
2026-09-10T12:53:31.3447630Z 	Waiting on Data Migration
2026-09-10T12:53:31.3463620Z 		Reason:Running plugin com.apple.locationd.migrator (CoreLocationMigrator.migrator)
2026-09-10T12:53:31.3464400Z 		Migration Elapsed:02:00 seconds
2026-09-10T12:53:31.3465150Z 
2026-09-10T12:53:32.3532990Z [2026-09-10 12:53:32 +0000] Status=2, isTerminal=NO, Elapsed=02:10.
2026-09-10T12:53:32.3634590Z 	Waiting on Data Migration
2026-09-10T12:53:32.3638110Z 		Reason:Running plugin com.apple.locationd.migrator (CoreLocationMigrator.migrator)
2026-09-10T12:53:32.3643940Z 		Migration Elapsed:02:01 seconds
2026-09-10T12:53:32.3644560Z 
2026-09-10T12:53:33.3483080Z [2026-09-10 12:53:33 +0000] Status=2, isTerminal=NO, Elapsed=02:11.
2026-09-10T12:53:33.3483580Z 	Waiting on Data Migration
2026-09-10T12:53:33.3486800Z 		Reason:Running plugin com.apple.locationd.migrator (CoreLocationMigrator.migrator)
2026-09-10T12:53:33.3487510Z 		Migration Elapsed:02:02 seconds
2026-09-10T12:53:33.3487650Z 
2026-09-10T12:53:34.3489770Z [2026-09-10 12:53:34 +0000] Status=2, isTerminal=NO, Elapsed=02:12.
2026-09-10T12:53:34.3590010Z 	Waiting on Data Migration
2026-09-10T12:53:34.3696230Z 		Reason:Running plugin com.apple.locationd.migrator (CoreLocationMigrator.migrator)
2026-09-10T12:53:34.3727360Z 		Migration Elapsed:02:03 seconds
2026-09-10T12:53:34.3734550Z 
2026-09-10T12:53:35.3497570Z [2026-09-10 12:53:35 +0000] Status=2, isTerminal=NO, Elapsed=02:13.
2026-09-10T12:53:35.3498770Z 	Waiting on Data Migration
2026-09-10T12:53:35.3499850Z 		Reason:Running plugin com.apple.locationd.migrator (CoreLocationMigrator.migrator)
2026-09-10T12:53:35.3500300Z 		Migration Elapsed:02:04 seconds
2026-09-10T12:53:35.3500570Z 
2026-09-10T12:53:36.3641710Z [2026-09-10 12:53:36 +0000] Status=2, isTerminal=NO, Elapsed=02:14.
2026-09-10T12:53:36.3642200Z 	Waiting on Data Migration
2026-09-10T12:53:36.3642790Z 		Reason:Running plugin com.apple.locationd.migrator (CoreLocationMigrator.migrator)
2026-09-10T12:53:36.3643380Z 		Migration Elapsed:02:05 seconds
2026-09-10T12:53:36.3643650Z 
2026-09-10T12:53:37.3483240Z [2026-09-10 12:53:37 +0000] Status=2, isTerminal=NO, Elapsed=02:15.
2026-09-10T12:53:37.3490710Z 	Waiting on Data Migration
2026-09-10T12:53:37.3491610Z 		Reason:Running plugin com.apple.locationd.migrator (CoreLocationMigrator.migrator)
2026-09-10T12:53:37.3492120Z 		Migration Elapsed:02:06 seconds
2026-09-10T12:53:37.3492360Z 
2026-09-10T12:53:38.3420390Z [2026-09-10 12:53:38 +0000] Status=2, isTerminal=NO, Elapsed=02:16.
2026-09-10T12:53:38.3421030Z 	Waiting on Data Migration
2026-09-10T12:53:38.3421730Z 		Reason:Running plugin com.apple.locationd.migrator (CoreLocationMigrator.migrator)
2026-09-10T12:53:38.3422410Z 		Migration Elapsed:02:07 seconds
2026-09-10T12:53:38.3422930Z 
2026-09-10T12:53:39.3659370Z [2026-09-10 12:53:39 +0000] Status=2, isTerminal=NO, Elapsed=02:17.
2026-09-10T12:53:39.3661620Z 	Waiting on Data Migration
2026-09-10T12:53:39.3662170Z 		Reason:Running plugin com.apple.locationd.migrator (CoreLocationMigrator.migrator)
2026-09-10T12:53:39.3662610Z 		Migration Elapsed:02:08 seconds
2026-09-10T12:53:39.3662790Z 
2026-09-10T12:53:40.3546160Z [2026-09-10 12:53:40 +0000] Status=2, isTerminal=NO, Elapsed=02:18.
2026-09-10T12:53:40.3546640Z 	Waiting on Data Migration
2026-09-10T12:53:40.3547000Z 		Reason:Running plugin com.apple.locationd.migrator (CoreLocationMigrator.migrator)
2026-09-10T12:53:40.3547380Z 		Migration Elapsed:02:09 seconds
2026-09-10T12:53:40.3547530Z 
2026-09-10T12:53:41.3615790Z [2026-09-10 12:53:41 +0000] Status=2, isTerminal=NO, Elapsed=02:19.
2026-09-10T12:53:41.3616470Z 	Waiting on Data Migration
2026-09-10T12:53:41.3616980Z 		Reason:Running plugin com.apple.locationd.migrator (CoreLocationMigrator.migrator)
2026-09-10T12:53:41.3617500Z 		Migration Elapsed:02:10 seconds
2026-09-10T12:53:41.3617770Z 
2026-09-10T12:53:42.3459000Z [2026-09-10 12:53:42 +0000] Status=2, isTerminal=NO, Elapsed=02:20.
2026-09-10T12:53:42.3459680Z 	Waiting on Data Migration
2026-09-10T12:53:42.3460120Z 		Reason:Running plugin com.apple.locationd.migrator (CoreLocationMigrator.migrator)
2026-09-10T12:53:42.3460600Z 		Migration Elapsed:02:11 seconds
2026-09-10T12:53:42.3460780Z 
2026-09-10T12:53:43.4092530Z [2026-09-10 12:53:43 +0000] Status=2, isTerminal=NO, Elapsed=02:21.
2026-09-10T12:53:43.4181040Z 	Waiting on Data Migration
2026-09-10T12:53:43.4228920Z 		Reason:Running plugin com.apple.locationd.migrator (CoreLocationMigrator.migrator)
2026-09-10T12:53:43.4233400Z 		Migration Elapsed:02:12 seconds
2026-09-10T12:53:43.4234480Z 
2026-09-10T12:53:44.3600200Z [2026-09-10 12:53:44 +0000] Status=2, isTerminal=NO, Elapsed=02:22.
2026-09-10T12:53:44.3701630Z 	Waiting on Data Migration
2026-09-10T12:53:44.3803480Z 		Reason:Running plugin com.apple.locationd.migrator (CoreLocationMigrator.migrator)
2026-09-10T12:53:44.3904180Z 		Migration Elapsed:02:13 seconds
2026-09-10T12:53:44.4006290Z 
2026-09-10T12:53:45.3772530Z [2026-09-10 12:53:45 +0000] Status=2, isTerminal=NO, Elapsed=02:23.
2026-09-10T12:53:45.3773500Z 	Waiting on Data Migration
2026-09-10T12:53:45.3801310Z 		Reason:Running plugin com.apple.locationd.migrator (CoreLocationMigrator.migrator)
2026-09-10T12:53:45.3802260Z 		Migration Elapsed:02:14 seconds
2026-09-10T12:53:45.3802500Z 
2026-09-10T12:53:46.4172450Z [2026-09-10 12:53:46 +0000] Status=2, isTerminal=NO, Elapsed=02:24.
2026-09-10T12:53:46.4173520Z 	Waiting on Data Migration
2026-09-10T12:53:46.4174440Z 		Reason:Running plugin com.apple.locationd.migrator (CoreLocationMigrator.migrator)
2026-09-10T12:53:46.4175580Z 		Migration Elapsed:02:15 seconds
2026-09-10T12:53:46.4176310Z 
2026-09-10T12:53:47.3514000Z [2026-09-10 12:53:47 +0000] Status=2, isTerminal=NO, Elapsed=02:25.
2026-09-10T12:53:47.3515170Z 	Waiting on Data Migration
2026-09-10T12:53:47.3515650Z 		Reason:Running plugin com.apple.locationd.migrator (CoreLocationMigrator.migrator)
2026-09-10T12:53:47.3516230Z 		Migration Elapsed:02:16 seconds
2026-09-10T12:53:47.3516420Z 
2026-09-10T12:53:48.4061830Z [2026-09-10 12:53:48 +0000] Status=2, isTerminal=NO, Elapsed=02:26.
2026-09-10T12:53:48.4070960Z 	Waiting on Data Migration
2026-09-10T12:53:48.4071780Z 		Reason:Running plugin com.apple.locationd.migrator (CoreLocationMigrator.migrator)
2026-09-10T12:53:48.4074380Z 		Migration Elapsed:02:17 seconds
2026-09-10T12:53:48.4075610Z 
2026-09-10T12:53:49.3698760Z [2026-09-10 12:53:49 +0000] Status=2, isTerminal=NO, Elapsed=02:27.
2026-09-10T12:53:49.3699260Z 	Waiting on Data Migration
2026-09-10T12:53:49.3699750Z 		Reason:Running plugin com.apple.locationd.migrator (CoreLocationMigrator.migrator)
2026-09-10T12:53:49.3700530Z 		Migration Elapsed:02:18 seconds
2026-09-10T12:53:49.3700730Z 
2026-09-10T12:53:50.3675640Z [2026-09-10 12:53:50 +0000] Status=2, isTerminal=NO, Elapsed=02:28.
2026-09-10T12:53:50.3686760Z 	Waiting on Data Migration
2026-09-10T12:53:50.3695130Z 		Reason:Running plugin com.apple.locationd.migrator (CoreLocationMigrator.migrator)
2026-09-10T12:53:50.3695960Z 		Migration Elapsed:02:19 seconds
2026-09-10T12:53:50.3696180Z 
2026-09-10T12:53:51.3717430Z [2026-09-10 12:53:51 +0000] Status=2, isTerminal=NO, Elapsed=02:29.
2026-09-10T12:53:51.3718010Z 	Waiting on Data Migration
2026-09-10T12:53:51.3719420Z 		Reason:Running plugin com.apple.locationd.migrator (CoreLocationMigrator.migrator)
2026-09-10T12:53:51.3720330Z 		Migration Elapsed:02:20 seconds
2026-09-10T12:53:51.3720630Z 
2026-09-10T12:53:52.4071730Z [2026-09-10 12:53:52 +0000] Status=2, isTerminal=NO, Elapsed=02:30.
2026-09-10T12:53:52.4074790Z 	Waiting on Data Migration
2026-09-10T12:53:52.4075730Z 		Reason:Running plugin com.apple.locationd.migrator (CoreLocationMigrator.migrator)
2026-09-10T12:53:52.4076450Z 		Migration Elapsed:02:21 seconds
2026-09-10T12:53:52.4076720Z 
2026-09-10T12:53:53.5269500Z [2026-09-10 12:53:53 +0000] Status=2, isTerminal=NO, Elapsed=02:31.
2026-09-10T12:53:53.5594450Z 	Waiting on Data Migration
2026-09-10T12:53:53.5728120Z 		Reason:Running plugin com.apple.locationd.migrator (CoreLocationMigrator.migrator)
2026-09-10T12:53:53.5835340Z 		Migration Elapsed:02:22 seconds
2026-09-10T12:53:53.6044020Z 
2026-09-10T12:53:54.3609040Z [2026-09-10 12:53:54 +0000] Status=2, isTerminal=NO, Elapsed=02:32.
2026-09-10T12:53:54.3634160Z 	Waiting on Data Migration
2026-09-10T12:53:54.3634750Z 		Reason:Running plugin com.apple.locationd.migrator (CoreLocationMigrator.migrator)
2026-09-10T12:53:54.3635680Z 		Migration Elapsed:02:23 seconds
2026-09-10T12:53:54.3636010Z 
2026-09-10T12:53:55.3668430Z [2026-09-10 12:53:55 +0000] Status=2, isTerminal=NO, Elapsed=02:33.
2026-09-10T12:53:55.3673500Z 	Waiting on Data Migration
2026-09-10T12:53:55.3675440Z 		Reason:Running plugin com.apple.locationd.migrator (CoreLocationMigrator.migrator)
2026-09-10T12:53:55.3676100Z 		Migration Elapsed:02:24 seconds
2026-09-10T12:53:55.3676470Z 
2026-09-10T12:53:56.3842730Z [2026-09-10 12:53:56 +0000] Status=2, isTerminal=NO, Elapsed=02:34.
2026-09-10T12:53:56.3952730Z 	Waiting on Data Migration
2026-09-10T12:53:56.3955080Z 		Reason:Running plugin com.apple.locationd.migrator (CoreLocationMigrator.migrator)
2026-09-10T12:53:56.3957020Z 		Migration Elapsed:02:25 seconds
2026-09-10T12:53:56.3957500Z 
2026-09-10T12:53:57.3660270Z [2026-09-10 12:53:57 +0000] Status=2, isTerminal=NO, Elapsed=02:35.
2026-09-10T12:53:57.3666110Z 	Waiting on Data Migration
2026-09-10T12:53:57.3666740Z 		Reason:Running plugin com.apple.locationd.migrator (CoreLocationMigrator.migrator)
2026-09-10T12:53:57.3667340Z 		Migration Elapsed:02:26 seconds
2026-09-10T12:53:57.3667610Z 
2026-09-10T12:53:58.3690740Z [2026-09-10 12:53:58 +0000] Status=2, isTerminal=NO, Elapsed=02:36.
2026-09-10T12:53:58.3694640Z 	Waiting on Data Migration
2026-09-10T12:53:58.3695200Z 		Reason:Running plugin com.apple.locationd.migrator (CoreLocationMigrator.migrator)
2026-09-10T12:53:58.3697540Z 		Migration Elapsed:02:27 seconds
2026-09-10T12:53:58.3698630Z 
2026-09-10T12:53:59.3787540Z [2026-09-10 12:53:59 +0000] Status=2, isTerminal=NO, Elapsed=02:37.
2026-09-10T12:53:59.3793380Z 	Waiting on Data Migration
2026-09-10T12:53:59.3796200Z 		Reason:Running plugin com.apple.locationd.migrator (CoreLocationMigrator.migrator)
2026-09-10T12:53:59.3802040Z 		Migration Elapsed:02:28 seconds
2026-09-10T12:53:59.3820460Z 
2026-09-10T12:54:00.3942860Z [2026-09-10 12:54:00 +0000] Status=2, isTerminal=NO, Elapsed=02:38.
2026-09-10T12:54:00.3943640Z 	Waiting on Data Migration
2026-09-10T12:54:00.3944240Z 		Reason:Running plugin com.apple.locationd.migrator (CoreLocationMigrator.migrator)
2026-09-10T12:54:00.3945030Z 		Migration Elapsed:02:29 seconds
2026-09-10T12:54:00.3945300Z 
2026-09-10T12:54:01.3707800Z [2026-09-10 12:54:01 +0000] Status=2, isTerminal=NO, Elapsed=02:39.
2026-09-10T12:54:01.3708670Z 	Waiting on Data Migration
2026-09-10T12:54:01.3709320Z 		Reason:Running plugin com.apple.locationd.migrator (CoreLocationMigrator.migrator)
2026-09-10T12:54:01.3709860Z 		Migration Elapsed:02:30 seconds
2026-09-10T12:54:01.3710060Z 
2026-09-10T12:54:02.3654690Z [2026-09-10 12:54:02 +0000] Status=2, isTerminal=NO, Elapsed=02:40.
2026-09-10T12:54:02.3657000Z 	Waiting on Data Migration
2026-09-10T12:54:02.3657840Z 		Reason:Running plugin com.apple.locationd.migrator (CoreLocationMigrator.migrator)
2026-09-10T12:54:02.3658670Z 		Migration Elapsed:02:31 seconds
2026-09-10T12:54:02.3659270Z 
2026-09-10T12:54:03.3719520Z [2026-09-10 12:54:03 +0000] Status=2, isTerminal=NO, Elapsed=02:41.
2026-09-10T12:54:03.3720000Z 	Waiting on Data Migration
2026-09-10T12:54:03.3720430Z 		Reason:Running plugin com.apple.locationd.migrator (CoreLocationMigrator.migrator)
2026-09-10T12:54:03.3720900Z 		Migration Elapsed:02:32 seconds
2026-09-10T12:54:03.3721130Z 
2026-09-10T12:54:04.3940970Z [2026-09-10 12:54:04 +0000] Status=2, isTerminal=NO, Elapsed=02:42.
2026-09-10T12:54:04.3946630Z 	Waiting on Data Migration
2026-09-10T12:54:04.3947370Z 		Reason:Running plugin com.apple.locationd.migrator (CoreLocationMigrator.migrator)
2026-09-10T12:54:04.3948280Z 		Migration Elapsed:02:33 seconds
2026-09-10T12:54:04.3948630Z 
2026-09-10T12:54:05.3986100Z [2026-09-10 12:54:05 +0000] Status=2, isTerminal=NO, Elapsed=02:43.
2026-09-10T12:54:05.3991400Z 	Waiting on Data Migration
2026-09-10T12:54:05.4005730Z 		Reason:Running plugin com.apple.locationd.migrator (CoreLocationMigrator.migrator)
2026-09-10T12:54:05.4007150Z 		Migration Elapsed:02:34 seconds
2026-09-10T12:54:05.4010460Z 
2026-09-10T12:54:06.3805040Z [2026-09-10 12:54:06 +0000] Status=2, isTerminal=NO, Elapsed=02:44.
2026-09-10T12:54:06.3805560Z 	Waiting on Data Migration
2026-09-10T12:54:06.3806050Z 		Reason:Running plugin com.apple.locationd.migrator (CoreLocationMigrator.migrator)
2026-09-10T12:54:06.3808710Z 		Migration Elapsed:02:35 seconds
2026-09-10T12:54:06.3809290Z 
2026-09-10T12:54:07.3928910Z [2026-09-10 12:54:07 +0000] Status=2, isTerminal=NO, Elapsed=02:45.
2026-09-10T12:54:07.3934260Z 	Waiting on Data Migration
2026-09-10T12:54:07.3937690Z 		Reason:Running plugin com.apple.locationd.migrator (CoreLocationMigrator.migrator)
2026-09-10T12:54:07.3938610Z 		Migration Elapsed:02:36 seconds
2026-09-10T12:54:07.3939390Z 
2026-09-10T12:54:08.3901900Z [2026-09-10 12:54:08 +0000] Status=2, isTerminal=NO, Elapsed=02:46.
2026-09-10T12:54:08.3923900Z 	Waiting on Data Migration
2026-09-10T12:54:08.3924840Z 		Reason:Running plugin com.apple.locationd.migrator (CoreLocationMigrator.migrator)
2026-09-10T12:54:08.3925610Z 		Migration Elapsed:02:37 seconds
2026-09-10T12:54:08.3925860Z 
2026-09-10T12:54:09.3714730Z [2026-09-10 12:54:09 +0000] Status=2, isTerminal=NO, Elapsed=02:47.
2026-09-10T12:54:09.3815670Z 	Waiting on Data Migration
2026-09-10T12:54:09.3859990Z 		Reason:Running plugin com.apple.locationd.migrator (CoreLocationMigrator.migrator)
2026-09-10T12:54:09.3861000Z 		Migration Elapsed:02:38 seconds
2026-09-10T12:54:09.3861330Z 
2026-09-10T12:54:10.3834690Z [2026-09-10 12:54:10 +0000] Status=2, isTerminal=NO, Elapsed=02:48.
2026-09-10T12:54:10.3840850Z 	Waiting on Data Migration
2026-09-10T12:54:10.3842090Z 		Reason:Running plugin com.apple.locationd.migrator (CoreLocationMigrator.migrator)
2026-09-10T12:54:10.3846280Z 		Migration Elapsed:02:39 seconds
2026-09-10T12:54:10.3846600Z 
2026-09-10T12:54:11.4518960Z [2026-09-10 12:54:11 +0000] Status=2, isTerminal=NO, Elapsed=02:49.
2026-09-10T12:54:11.4520550Z 	Waiting on Data Migration
2026-09-10T12:54:11.4521940Z 		Reason:Running plugin com.apple.locationd.migrator (CoreLocationMigrator.migrator)
2026-09-10T12:54:11.4523180Z 		Migration Elapsed:02:40 seconds
2026-09-10T12:54:11.4523640Z 
2026-09-10T12:54:12.4011900Z [2026-09-10 12:54:12 +0000] Status=2, isTerminal=NO, Elapsed=02:50.
2026-09-10T12:54:12.4012490Z 	Waiting on Data Migration
2026-09-10T12:54:12.4013340Z 		Reason:Running plugin com.apple.locationd.migrator (CoreLocationMigrator.migrator)
2026-09-10T12:54:12.4013960Z 		Migration Elapsed:02:41 seconds
2026-09-10T12:54:12.4014220Z 
2026-09-10T12:54:13.4081770Z [2026-09-10 12:54:13 +0000] Status=2, isTerminal=NO, Elapsed=02:51.
2026-09-10T12:54:13.4082530Z 	Waiting on Data Migration
2026-09-10T12:54:13.4083450Z 		Reason:Running plugin com.apple.locationd.migrator (CoreLocationMigrator.migrator)
2026-09-10T12:54:13.4083900Z 		Migration Elapsed:02:42 seconds
2026-09-10T12:54:13.4084090Z 
2026-09-10T12:54:14.3813230Z [2026-09-10 12:54:14 +0000] Status=2, isTerminal=NO, Elapsed=02:52.
2026-09-10T12:54:14.3813720Z 	Waiting on Data Migration
2026-09-10T12:54:14.3814190Z 		Reason:Running plugin com.apple.locationd.migrator (CoreLocationMigrator.migrator)
2026-09-10T12:54:14.3814660Z 		Migration Elapsed:02:43 seconds
2026-09-10T12:54:14.3814830Z 
2026-09-10T12:54:15.3907610Z [2026-09-10 12:54:15 +0000] Status=2, isTerminal=NO, Elapsed=02:53.
2026-09-10T12:54:15.3921200Z 	Waiting on Data Migration
2026-09-10T12:54:15.3921790Z 		Reason:Running plugin com.apple.locationd.migrator (CoreLocationMigrator.migrator)
2026-09-10T12:54:15.3922260Z 		Migration Elapsed:02:44 seconds
2026-09-10T12:54:15.3922450Z 
2026-09-10T12:54:16.4256710Z [2026-09-10 12:54:16 +0000] Status=2, isTerminal=NO, Elapsed=02:54.
2026-09-10T12:54:16.4257380Z 	Waiting on Data Migration
2026-09-10T12:54:16.4257960Z 		Reason:Running plugin com.apple.locationd.migrator (CoreLocationMigrator.migrator)
2026-09-10T12:54:16.4258480Z 		Migration Elapsed:02:45 seconds
2026-09-10T12:54:16.4258750Z 
2026-09-10T12:54:17.4113310Z [2026-09-10 12:54:17 +0000] Status=2, isTerminal=NO, Elapsed=02:55.
2026-09-10T12:54:17.4115270Z 	Waiting on Data Migration
2026-09-10T12:54:17.4218570Z 		Reason:Running plugin com.apple.locationd.migrator (CoreLocationMigrator.migrator)
2026-09-10T12:54:17.4362300Z 		Migration Elapsed:02:46 seconds
2026-09-10T12:54:17.4471630Z 
2026-09-10T12:54:18.4135990Z [2026-09-10 12:54:18 +0000] Status=2, isTerminal=NO, Elapsed=02:56.
2026-09-10T12:54:18.4244520Z 	Waiting on Data Migration
2026-09-10T12:54:18.4388030Z 		Reason:Running plugin com.apple.locationd.migrator (CoreLocationMigrator.migrator)
2026-09-10T12:54:18.4489240Z 		Migration Elapsed:02:47 seconds
2026-09-10T12:54:18.4611300Z 
2026-09-10T12:54:19.3832660Z [2026-09-10 12:54:19 +0000] Status=2, isTerminal=NO, Elapsed=02:57.
2026-09-10T12:54:19.3839080Z 	Waiting on Data Migration
2026-09-10T12:54:19.3839480Z 		Reason:Running plugin com.apple.locationd.migrator (CoreLocationMigrator.migrator)
2026-09-10T12:54:19.3840020Z 		Migration Elapsed:02:48 seconds
2026-09-10T12:54:19.3840220Z 
2026-09-10T12:54:20.4000860Z [2026-09-10 12:54:20 +0000] Status=2, isTerminal=NO, Elapsed=02:58.
2026-09-10T12:54:20.4102550Z 	Waiting on Data Migration
2026-09-10T12:54:20.4222870Z 		Reason:Running plugin com.apple.locationd.migrator (CoreLocationMigrator.migrator)
2026-09-10T12:54:20.4322230Z 		Migration Elapsed:02:49 seconds
2026-09-10T12:54:20.4425880Z 
2026-09-10T12:54:21.3800990Z [2026-09-10 12:54:21 +0000] Status=2, isTerminal=NO, Elapsed=02:59.
2026-09-10T12:54:21.3867630Z 	Waiting on Data Migration
2026-09-10T12:54:21.3875220Z 		Reason:Running plugin com.apple.locationd.migrator (CoreLocationMigrator.migrator)
2026-09-10T12:54:21.3875810Z 		Migration Elapsed:02:50 seconds
2026-09-10T12:54:21.3876060Z 
2026-09-10T12:54:22.3968190Z [2026-09-10 12:54:22 +0000] Status=2, isTerminal=NO, Elapsed=03:00.
2026-09-10T12:54:22.3971840Z 	Waiting on Data Migration
2026-09-10T12:54:22.3973920Z 		Reason:Running plugin com.apple.locationd.migrator (CoreLocationMigrator.migrator)
2026-09-10T12:54:22.3975500Z 		Migration Elapsed:02:51 seconds
2026-09-10T12:54:22.3975820Z 
2026-09-10T12:54:23.4604820Z [2026-09-10 12:54:23 +0000] Status=2, isTerminal=NO, Elapsed=03:01.
2026-09-10T12:54:23.4605360Z 	Waiting on Data Migration
2026-09-10T12:54:23.4605880Z 		Reason:Running plugin com.apple.locationd.migrator (CoreLocationMigrator.migrator)
2026-09-10T12:54:23.4606350Z 		Migration Elapsed:02:52 seconds
2026-09-10T12:54:23.4606510Z 
2026-09-10T12:54:24.4088140Z [2026-09-10 12:54:24 +0000] Status=2, isTerminal=NO, Elapsed=03:02.
2026-09-10T12:54:24.4094800Z 	Waiting on Data Migration
2026-09-10T12:54:24.4195960Z 		Reason:Running plugin com.apple.locationd.migrator (CoreLocationMigrator.migrator)
2026-09-10T12:54:24.4324380Z 		Migration Elapsed:02:53 seconds
2026-09-10T12:54:24.4425520Z 
2026-09-10T12:54:25.4519510Z [2026-09-10 12:54:25 +0000] Status=2, isTerminal=NO, Elapsed=03:03.
2026-09-10T12:54:25.4631820Z 	Waiting on Data Migration
2026-09-10T12:54:25.4737110Z 		Reason:Running plugin com.apple.locationd.migrator (CoreLocationMigrator.migrator)
2026-09-10T12:54:25.4818900Z 		Migration Elapsed:02:54 seconds
2026-09-10T12:54:25.4860300Z 
2026-09-10T12:54:26.3816380Z [2026-09-10 12:54:26 +0000] Status=2, isTerminal=NO, Elapsed=03:04.
2026-09-10T12:54:26.3822320Z 	Waiting on Data Migration
2026-09-10T12:54:26.3824310Z 		Reason:Running plugin com.apple.locationd.migrator (CoreLocationMigrator.migrator)
2026-09-10T12:54:26.3825180Z 		Migration Elapsed:02:55 seconds
2026-09-10T12:54:26.3825400Z 
2026-09-10T12:54:27.3919590Z [2026-09-10 12:54:27 +0000] Status=2, isTerminal=NO, Elapsed=03:05.
2026-09-10T12:54:27.4023600Z 	Waiting on Data Migration
2026-09-10T12:54:27.4124940Z 		Reason:Running plugin com.apple.locationd.migrator (CoreLocationMigrator.migrator)
2026-09-10T12:54:27.4225830Z 		Migration Elapsed:02:56 seconds
2026-09-10T12:54:27.4269180Z 
2026-09-10T12:54:28.3970790Z [2026-09-10 12:54:28 +0000] Status=2, isTerminal=NO, Elapsed=03:06.
2026-09-10T12:54:28.4071660Z 	Waiting on Data Migration
2026-09-10T12:54:28.4127200Z 		Reason:Running plugin com.apple.locationd.migrator (CoreLocationMigrator.migrator)
2026-09-10T12:54:28.4163910Z 		Migration Elapsed:02:57 seconds
2026-09-10T12:54:28.4164260Z 
2026-09-10T12:54:29.4101490Z [2026-09-10 12:54:29 +0000] Status=2, isTerminal=NO, Elapsed=03:07.
2026-09-10T12:54:29.4102240Z 	Waiting on Data Migration
2026-09-10T12:54:29.4102730Z 		Reason:Running plugin com.apple.locationd.migrator (CoreLocationMigrator.migrator)
2026-09-10T12:54:29.4106140Z 		Migration Elapsed:02:58 seconds
2026-09-10T12:54:29.4106400Z 
2026-09-10T12:54:30.3834050Z [2026-09-10 12:54:30 +0000] Status=2, isTerminal=NO, Elapsed=03:08.
2026-09-10T12:54:30.3834530Z 	Waiting on Data Migration
2026-09-10T12:54:30.3839150Z 		Reason:Running plugin com.apple.locationd.migrator (CoreLocationMigrator.migrator)
2026-09-10T12:54:30.3839830Z 		Migration Elapsed:02:59 seconds
2026-09-10T12:54:30.3840090Z 
2026-09-10T12:54:31.4167160Z [2026-09-10 12:54:31 +0000] Status=2, isTerminal=NO, Elapsed=03:09.
2026-09-10T12:54:31.4168720Z 	Waiting on Data Migration
2026-09-10T12:54:31.4171770Z 		Reason:Running plugin com.apple.locationd.migrator (CoreLocationMigrator.migrator)
2026-09-10T12:54:31.4174870Z 		Migration Elapsed:03:00 seconds
2026-09-10T12:54:31.4175300Z 
2026-09-10T12:54:32.4283920Z [2026-09-10 12:54:32 +0000] Status=2, isTerminal=NO, Elapsed=03:10.
2026-09-10T12:54:32.4344130Z 	Waiting on Data Migration
2026-09-10T12:54:32.4344790Z 		Reason:Running plugin com.apple.locationd.migrator (CoreLocationMigrator.migrator)
2026-09-10T12:54:32.4345460Z 		Migration Elapsed:03:01 seconds
2026-09-10T12:54:32.4345710Z 
2026-09-10T12:54:33.3958270Z [2026-09-10 12:54:33 +0000] Status=2, isTerminal=NO, Elapsed=03:11.
2026-09-10T12:54:33.4071570Z 	Waiting on Data Migration
2026-09-10T12:54:33.4177370Z 		Reason:Running plugin com.apple.locationd.migrator (CoreLocationMigrator.migrator)
2026-09-10T12:54:33.4291290Z 		Migration Elapsed:03:02 seconds
2026-09-10T12:54:33.4394570Z 
2026-09-10T12:54:34.4331950Z [2026-09-10 12:54:34 +0000] Status=2, isTerminal=NO, Elapsed=03:12.
2026-09-10T12:54:34.4434720Z 	Waiting on Data Migration
2026-09-10T12:54:34.4546310Z 		Reason:Running plugin com.apple.locationd.migrator (CoreLocationMigrator.migrator)
2026-09-10T12:54:34.4651060Z 		Migration Elapsed:03:03 seconds
2026-09-10T12:54:34.4754890Z 
2026-09-10T12:54:35.3897260Z [2026-09-10 12:54:35 +0000] Status=2, isTerminal=NO, Elapsed=03:13.
2026-09-10T12:54:35.3898010Z 	Waiting on Data Migration
2026-09-10T12:54:35.3898620Z 		Reason:Running plugin com.apple.locationd.migrator (CoreLocationMigrator.migrator)
2026-09-10T12:54:35.3899210Z 		Migration Elapsed:03:04 seconds
2026-09-10T12:54:35.3899430Z 
2026-09-10T12:54:36.3864280Z [2026-09-10 12:54:36 +0000] Status=2, isTerminal=NO, Elapsed=03:14.
2026-09-10T12:54:36.3866470Z 	Waiting on Data Migration
2026-09-10T12:54:36.3867330Z 		Reason:Running plugin com.apple.locationd.migrator (CoreLocationMigrator.migrator)
2026-09-10T12:54:36.3885700Z 		Migration Elapsed:03:05 seconds
2026-09-10T12:54:36.3886710Z 
2026-09-10T12:54:37.3778980Z [2026-09-10 12:54:37 +0000] Status=2, isTerminal=NO, Elapsed=03:15.
2026-09-10T12:54:37.3879620Z 	Waiting on Data Migration
2026-09-10T12:54:37.3981240Z 		Reason:Running plugin com.apple.locationd.migrator (CoreLocationMigrator.migrator)
2026-09-10T12:54:37.4085650Z 		Migration Elapsed:03:06 seconds
2026-09-10T12:54:37.4185940Z 
2026-09-10T12:54:38.3958070Z [2026-09-10 12:54:38 +0000] Status=2, isTerminal=NO, Elapsed=03:16.
2026-09-10T12:54:38.3971210Z 	Waiting on Data Migration
2026-09-10T12:54:38.3974830Z 		Reason:Running plugin com.apple.locationd.migrator (CoreLocationMigrator.migrator)
2026-09-10T12:54:38.3979620Z 		Migration Elapsed:03:07 seconds
2026-09-10T12:54:38.3979880Z 
2026-09-10T12:54:39.3846750Z [2026-09-10 12:54:39 +0000] Status=2, isTerminal=NO, Elapsed=03:17.
2026-09-10T12:54:39.3959870Z 	Waiting on Data Migration
2026-09-10T12:54:39.4132850Z 		Reason:Running plugin com.apple.locationd.migrator (CoreLocationMigrator.migrator)
2026-09-10T12:54:39.4222420Z 		Migration Elapsed:03:08 seconds
2026-09-10T12:54:39.4223450Z 
2026-09-10T12:54:40.3929720Z [2026-09-10 12:54:40 +0000] Status=2, isTerminal=NO, Elapsed=03:18.
2026-09-10T12:54:40.3931690Z 	Waiting on Data Migration
2026-09-10T12:54:40.3932290Z 		Reason:Running plugin com.apple.locationd.migrator (CoreLocationMigrator.migrator)
2026-09-10T12:54:40.3932810Z 		Migration Elapsed:03:09 seconds
2026-09-10T12:54:40.3933900Z 
2026-09-10T12:54:41.4102330Z [2026-09-10 12:54:41 +0000] Status=2, isTerminal=NO, Elapsed=03:19.
2026-09-10T12:54:41.4150800Z 	Waiting on Data Migration
2026-09-10T12:54:41.4170000Z 		Reason:Running plugin com.apple.locationd.migrator (CoreLocationMigrator.migrator)
2026-09-10T12:54:41.4206630Z 		Migration Elapsed:03:10 seconds
2026-09-10T12:54:41.4207640Z 
2026-09-10T12:54:42.4227410Z [2026-09-10 12:54:42 +0000] Status=2, isTerminal=NO, Elapsed=03:20.
2026-09-10T12:54:42.4279780Z 	Waiting on Data Migration
2026-09-10T12:54:42.4295410Z 		Reason:Running plugin com.apple.locationd.migrator (CoreLocationMigrator.migrator)
2026-09-10T12:54:42.4339730Z 		Migration Elapsed:03:11 seconds
2026-09-10T12:54:42.4342970Z 
2026-09-10T12:54:43.4291520Z [2026-09-10 12:54:43 +0000] Status=2, isTerminal=NO, Elapsed=03:21.
2026-09-10T12:54:43.4394540Z 	Waiting on Data Migration
2026-09-10T12:54:43.4499340Z 		Reason:Running plugin com.apple.locationd.migrator (CoreLocationMigrator.migrator)
2026-09-10T12:54:43.4602840Z 		Migration Elapsed:03:12 seconds
2026-09-10T12:54:43.4702840Z 
2026-09-10T12:54:44.3937680Z [2026-09-10 12:54:44 +0000] Status=2, isTerminal=NO, Elapsed=03:22.
2026-09-10T12:54:44.3940850Z 	Waiting on Data Migration
2026-09-10T12:54:44.3944520Z 		Reason:Running plugin com.apple.locationd.migrator (CoreLocationMigrator.migrator)
2026-09-10T12:54:44.3945440Z 		Migration Elapsed:03:13 seconds
2026-09-10T12:54:44.3945620Z 
2026-09-10T12:54:45.4009050Z [2026-09-10 12:54:45 +0000] Status=2, isTerminal=NO, Elapsed=03:23.
2026-09-10T12:54:45.4114180Z 	Waiting on Data Migration
2026-09-10T12:54:45.4216250Z 		Reason:Running plugin com.apple.locationd.migrator (CoreLocationMigrator.migrator)
2026-09-10T12:54:45.4316990Z 		Migration Elapsed:03:14 seconds
2026-09-10T12:54:45.4417760Z 
2026-09-10T12:54:46.3996850Z [2026-09-10 12:54:46 +0000] Status=2, isTerminal=NO, Elapsed=03:24.
2026-09-10T12:54:46.4001740Z 	Waiting on Data Migration
2026-09-10T12:54:46.4002490Z 		Reason:Running plugin com.apple.locationd.migrator (CoreLocationMigrator.migrator)
2026-09-10T12:54:46.4003030Z 		Migration Elapsed:03:15 seconds
2026-09-10T12:54:46.4003200Z 
2026-09-10T12:54:47.4030110Z [2026-09-10 12:54:47 +0000] Status=2, isTerminal=NO, Elapsed=03:25.
2026-09-10T12:54:47.4131480Z 	Waiting on Data Migration
2026-09-10T12:54:47.4233030Z 		Reason:Running plugin com.apple.locationd.migrator (CoreLocationMigrator.migrator)
2026-09-10T12:54:47.4337870Z 		Migration Elapsed:03:16 seconds
2026-09-10T12:54:47.4438660Z 
2026-09-10T12:54:48.3958490Z [2026-09-10 12:54:48 +0000] Status=2, isTerminal=NO, Elapsed=03:26.
2026-09-10T12:54:48.4059450Z 	Waiting on Data Migration
2026-09-10T12:54:48.4161360Z 		Reason:Running plugin com.apple.locationd.migrator (CoreLocationMigrator.migrator)
2026-09-10T12:54:48.4262060Z 		Migration Elapsed:03:17 seconds
2026-09-10T12:54:48.4363250Z 
2026-09-10T12:54:49.4361130Z [2026-09-10 12:54:49 +0000] Status=2, isTerminal=NO, Elapsed=03:27.
2026-09-10T12:54:49.4366310Z 	Waiting on Data Migration
2026-09-10T12:54:49.4367630Z 		Reason:Running plugin com.apple.locationd.migrator (CoreLocationMigrator.migrator)
2026-09-10T12:54:49.4369260Z 		Migration Elapsed:03:18 seconds
2026-09-10T12:54:49.4369670Z 
2026-09-10T12:54:50.3971440Z [2026-09-10 12:54:50 +0000] Status=2, isTerminal=NO, Elapsed=03:28.
2026-09-10T12:54:50.3975110Z 	Waiting on Data Migration
2026-09-10T12:54:50.3975970Z 		Reason:Running plugin com.apple.locationd.migrator (CoreLocationMigrator.migrator)
2026-09-10T12:54:50.3976670Z 		Migration Elapsed:03:19 seconds
2026-09-10T12:54:50.3976970Z 
2026-09-10T12:54:51.4480500Z [2026-09-10 12:54:51 +0000] Status=2, isTerminal=NO, Elapsed=03:29.
2026-09-10T12:54:51.4481220Z 	Waiting on Data Migration
2026-09-10T12:54:51.4481900Z 		Reason:Running plugin com.apple.locationd.migrator (CoreLocationMigrator.migrator)
2026-09-10T12:54:51.4482480Z 		Migration Elapsed:03:20 seconds
2026-09-10T12:54:51.4482730Z 
2026-09-10T12:54:52.4357800Z [2026-09-10 12:54:52 +0000] Status=2, isTerminal=NO, Elapsed=03:30.
2026-09-10T12:54:52.4372450Z 	Waiting on Data Migration
2026-09-10T12:54:52.4372960Z 		Reason:Running plugin com.apple.locationd.migrator (CoreLocationMigrator.migrator)
2026-09-10T12:54:52.4373390Z 		Migration Elapsed:03:21 seconds
2026-09-10T12:54:52.4373590Z 
2026-09-10T12:54:53.4395230Z [2026-09-10 12:54:53 +0000] Status=2, isTerminal=NO, Elapsed=03:31.
2026-09-10T12:54:53.4395830Z 	Waiting on Data Migration
2026-09-10T12:54:53.4396330Z 		Reason:Running plugin com.apple.locationd.migrator (CoreLocationMigrator.migrator)
2026-09-10T12:54:53.4396910Z 		Migration Elapsed:03:22 seconds
2026-09-10T12:54:53.4397160Z 
2026-09-10T12:54:54.4135770Z [2026-09-10 12:54:54 +0000] Status=2, isTerminal=NO, Elapsed=03:32.
2026-09-10T12:54:54.4136270Z 	Waiting on Data Migration
2026-09-10T12:54:54.4136710Z 		Reason:Running plugin com.apple.locationd.migrator (CoreLocationMigrator.migrator)
2026-09-10T12:54:54.4137310Z 		Migration Elapsed:03:23 seconds
2026-09-10T12:54:54.4137550Z 
2026-09-10T12:54:55.4058340Z [2026-09-10 12:54:55 +0000] Status=2, isTerminal=NO, Elapsed=03:33.
2026-09-10T12:54:55.4059020Z 	Waiting on Data Migration
2026-09-10T12:54:55.4059490Z 		Reason:Running plugin com.apple.locationd.migrator (CoreLocationMigrator.migrator)
2026-09-10T12:54:55.4060030Z 		Migration Elapsed:03:24 seconds
2026-09-10T12:54:55.4060270Z 
2026-09-10T12:54:56.4094920Z [2026-09-10 12:54:56 +0000] Status=2, isTerminal=NO, Elapsed=03:34.
2026-09-10T12:54:56.4095900Z 	Waiting on Data Migration
2026-09-10T12:54:56.4097260Z 		Reason:Running plugin com.apple.locationd.migrator (CoreLocationMigrator.migrator)
2026-09-10T12:54:56.4115100Z 		Migration Elapsed:03:25 seconds
2026-09-10T12:54:56.4115360Z 
2026-09-10T12:54:57.3892030Z [2026-09-10 12:54:57 +0000] Status=2, isTerminal=NO, Elapsed=03:35.
2026-09-10T12:54:57.3892520Z 	Waiting on Data Migration
2026-09-10T12:54:57.3893000Z 		Reason:Running plugin com.apple.locationd.migrator (CoreLocationMigrator.migrator)
2026-09-10T12:54:57.3893560Z 		Migration Elapsed:03:26 seconds
2026-09-10T12:54:57.3893860Z 
2026-09-10T12:54:58.4138800Z [2026-09-10 12:54:58 +0000] Status=2, isTerminal=NO, Elapsed=03:36.
2026-09-10T12:54:58.4238280Z 	Waiting on Data Migration
2026-09-10T12:54:58.4238910Z 		Reason:Running plugin com.apple.locationd.migrator (CoreLocationMigrator.migrator)
2026-09-10T12:54:58.4239370Z 		Migration Elapsed:03:27 seconds
2026-09-10T12:54:58.4239970Z 
2026-09-10T12:54:59.4247220Z [2026-09-10 12:54:59 +0000] Status=2, isTerminal=NO, Elapsed=03:37.
2026-09-10T12:54:59.4266710Z 	Waiting on Data Migration
2026-09-10T12:54:59.4267390Z 		Reason:Running plugin com.apple.locationd.migrator (CoreLocationMigrator.migrator)
2026-09-10T12:54:59.4267980Z 		Migration Elapsed:03:28 seconds
2026-09-10T12:54:59.4268270Z 
2026-09-10T12:55:00.4705640Z [2026-09-10 12:55:00 +0000] Status=2, isTerminal=NO, Elapsed=03:38.
2026-09-10T12:55:00.4935140Z 	Waiting on Data Migration
2026-09-10T12:55:00.5074330Z 		Reason:Running plugin com.apple.locationd.migrator (CoreLocationMigrator.migrator)
2026-09-10T12:55:00.5087540Z 		Migration Elapsed:03:29 seconds
2026-09-10T12:55:00.5088140Z 
2026-09-10T12:55:01.4001850Z [2026-09-10 12:55:01 +0000] Status=2, isTerminal=NO, Elapsed=03:39.
2026-09-10T12:55:01.4002970Z 	Waiting on Data Migration
2026-09-10T12:55:01.4003440Z 		Reason:Running plugin com.apple.locationd.migrator (CoreLocationMigrator.migrator)
2026-09-10T12:55:01.4004050Z 		Migration Elapsed:03:30 seconds
2026-09-10T12:55:01.4004190Z 
2026-09-10T12:55:02.4496660Z [2026-09-10 12:55:02 +0000] Status=2, isTerminal=NO, Elapsed=03:40.
2026-09-10T12:55:02.4597930Z 	Waiting on Data Migration
2026-09-10T12:55:02.4617190Z 		Reason:Running plugin com.apple.locationd.migrator (CoreLocationMigrator.migrator)
2026-09-10T12:55:02.4619560Z 		Migration Elapsed:03:31 seconds
2026-09-10T12:55:02.4622790Z 
2026-09-10T12:55:03.3868100Z [2026-09-10 12:55:03 +0000] Status=2, isTerminal=NO, Elapsed=03:41.
2026-09-10T12:55:03.3868770Z 	Waiting on Data Migration
2026-09-10T12:55:03.3869160Z 		Reason:Running plugin com.apple.locationd.migrator (CoreLocationMigrator.migrator)
2026-09-10T12:55:03.3886520Z 		Migration Elapsed:03:32 seconds
2026-09-10T12:55:03.3886720Z 
2026-09-10T12:55:04.3921930Z [2026-09-10 12:55:04 +0000] Status=2, isTerminal=NO, Elapsed=03:42.
2026-09-10T12:55:04.3924020Z 	Waiting on Data Migration
2026-09-10T12:55:04.3930530Z 		Reason:Running plugin com.apple.locationd.migrator (CoreLocationMigrator.migrator)
2026-09-10T12:55:04.3931620Z 		Migration Elapsed:03:33 seconds
2026-09-10T12:55:04.3931870Z 
2026-09-10T12:55:05.4051270Z [2026-09-10 12:55:05 +0000] Status=2, isTerminal=NO, Elapsed=03:43.
2026-09-10T12:55:05.4052030Z 	Waiting on Data Migration
2026-09-10T12:55:05.4052860Z 		Reason:Running plugin com.apple.locationd.migrator (CoreLocationMigrator.migrator)
2026-09-10T12:55:05.4053550Z 		Migration Elapsed:03:34 seconds
2026-09-10T12:55:05.4053870Z 
2026-09-10T12:55:06.4663920Z [2026-09-10 12:55:06 +0000] Status=2, isTerminal=NO, Elapsed=03:44.
2026-09-10T12:55:06.4664460Z 	Waiting on Data Migration
2026-09-10T12:55:06.4665940Z 		Reason:Running plugin com.apple.locationd.migrator (CoreLocationMigrator.migrator)
2026-09-10T12:55:06.4666470Z 		Migration Elapsed:03:35 seconds
2026-09-10T12:55:06.4666700Z 
2026-09-10T12:55:07.4046920Z [2026-09-10 12:55:07 +0000] Status=2, isTerminal=NO, Elapsed=03:45.
2026-09-10T12:55:07.4149640Z 	Waiting on Data Migration
2026-09-10T12:55:07.4158840Z 		Reason:Running plugin com.apple.locationd.migrator (CoreLocationMigrator.migrator)
2026-09-10T12:55:07.4159620Z 		Migration Elapsed:03:36 seconds
2026-09-10T12:55:07.4160090Z 
2026-09-10T12:55:08.4028900Z [2026-09-10 12:55:08 +0000] Status=2, isTerminal=NO, Elapsed=03:46.
2026-09-10T12:55:08.4031070Z 	Waiting on Data Migration
2026-09-10T12:55:08.4031570Z 		Reason:Running plugin com.apple.locationd.migrator (CoreLocationMigrator.migrator)
2026-09-10T12:55:08.4032200Z 		Migration Elapsed:03:37 seconds
2026-09-10T12:55:08.4032520Z 
2026-09-10T12:55:09.4127620Z [2026-09-10 12:55:09 +0000] Status=2, isTerminal=NO, Elapsed=03:47.
2026-09-10T12:55:09.4143110Z 	Waiting on Data Migration
2026-09-10T12:55:09.4143780Z 		Reason:Running plugin com.apple.locationd.migrator (CoreLocationMigrator.migrator)
2026-09-10T12:55:09.4144410Z 		Migration Elapsed:03:38 seconds
2026-09-10T12:55:09.4144650Z 
2026-09-10T12:55:10.4141230Z [2026-09-10 12:55:10 +0000] Status=2, isTerminal=NO, Elapsed=03:48.
2026-09-10T12:55:10.4144510Z 	Waiting on Data Migration
2026-09-10T12:55:10.4145180Z 		Reason:Running plugin com.apple.locationd.migrator (CoreLocationMigrator.migrator)
2026-09-10T12:55:10.4151630Z 		Migration Elapsed:03:39 seconds
2026-09-10T12:55:10.4152020Z 
2026-09-10T12:55:11.4430970Z [2026-09-10 12:55:11 +0000] Status=2, isTerminal=NO, Elapsed=03:49.
2026-09-10T12:55:11.4431810Z 	Waiting on Data Migration
2026-09-10T12:55:11.4432170Z 		Reason:Running plugin com.apple.locationd.migrator (CoreLocationMigrator.migrator)
2026-09-10T12:55:11.4433240Z 		Migration Elapsed:03:40 seconds
2026-09-10T12:55:11.4433500Z 
2026-09-10T12:55:12.4233360Z [2026-09-10 12:55:12 +0000] Status=2, isTerminal=NO, Elapsed=03:50.
2026-09-10T12:55:12.4241690Z 	Waiting on Data Migration
2026-09-10T12:55:12.4425730Z 		Reason:Running plugin com.apple.locationd.migrator (CoreLocationMigrator.migrator)
2026-09-10T12:55:12.4526890Z 		Migration Elapsed:03:41 seconds
2026-09-10T12:55:12.4527540Z 
2026-09-10T12:55:13.4006730Z [2026-09-10 12:55:13 +0000] Status=2, isTerminal=NO, Elapsed=03:51.
2026-09-10T12:55:13.4007110Z 	Waiting on Data Migration
2026-09-10T12:55:13.4007950Z 		Reason:Running plugin com.apple.locationd.migrator (CoreLocationMigrator.migrator)
2026-09-10T12:55:13.4008490Z 		Migration Elapsed:03:42 seconds
2026-09-10T12:55:13.4008740Z 
2026-09-10T12:55:14.4577940Z [2026-09-10 12:55:14 +0000] Status=2, isTerminal=NO, Elapsed=03:52.
2026-09-10T12:55:14.4682430Z 	Waiting on Data Migration
2026-09-10T12:55:14.4814680Z 		Reason:Running plugin com.apple.locationd.migrator (CoreLocationMigrator.migrator)
2026-09-10T12:55:14.4930140Z 		Migration Elapsed:03:43 seconds
2026-09-10T12:55:14.5106400Z 
2026-09-10T12:55:15.4360010Z [2026-09-10 12:55:15 +0000] Status=2, isTerminal=NO, Elapsed=03:53.
2026-09-10T12:55:15.4464710Z 	Waiting on Data Migration
2026-09-10T12:55:15.4587950Z 		Reason:Running plugin com.apple.locationd.migrator (CoreLocationMigrator.migrator)
2026-09-10T12:55:15.4588520Z 		Migration Elapsed:03:44 seconds
2026-09-10T12:55:15.4689230Z 
2026-09-10T12:55:16.4525430Z [2026-09-10 12:55:16 +0000] Status=2, isTerminal=NO, Elapsed=03:54.
2026-09-10T12:55:16.4651430Z 	Waiting on Data Migration
2026-09-10T12:55:16.4755400Z 		Reason:Running plugin com.apple.locationd.migrator (CoreLocationMigrator.migrator)
2026-09-10T12:55:16.4857520Z 		Migration Elapsed:03:45 seconds
2026-09-10T12:55:16.4857800Z 
2026-09-10T12:55:17.4362060Z [2026-09-10 12:55:17 +0000] Status=2, isTerminal=NO, Elapsed=03:55.
2026-09-10T12:55:17.4376520Z 	Waiting on Data Migration
2026-09-10T12:55:17.4393040Z 		Reason:Running plugin com.apple.locationd.migrator (CoreLocationMigrator.migrator)
2026-09-10T12:55:17.4393510Z 		Migration Elapsed:03:46 seconds
2026-09-10T12:55:17.4393730Z 
2026-09-10T12:55:18.4408530Z [2026-09-10 12:55:18 +0000] Status=2, isTerminal=NO, Elapsed=03:56.
2026-09-10T12:55:18.4509490Z 	Waiting on Data Migration
2026-09-10T12:55:18.4617290Z 		Reason:Running plugin com.apple.locationd.migrator (CoreLocationMigrator.migrator)
2026-09-10T12:55:18.4720490Z 		Migration Elapsed:03:47 seconds
2026-09-10T12:55:18.4821540Z 
2026-09-10T12:55:19.4502640Z [2026-09-10 12:55:19 +0000] Status=2, isTerminal=NO, Elapsed=03:57.
2026-09-10T12:55:19.4611590Z 	Waiting on Data Migration
2026-09-10T12:55:19.4720010Z 		Reason:Running plugin com.apple.locationd.migrator (CoreLocationMigrator.migrator)
2026-09-10T12:55:19.4821660Z 		Migration Elapsed:03:48 seconds
2026-09-10T12:55:19.4978400Z 
2026-09-10T12:55:20.4445890Z [2026-09-10 12:55:20 +0000] Status=2, isTerminal=NO, Elapsed=03:58.
2026-09-10T12:55:20.4458790Z 	Waiting on Data Migration
2026-09-10T12:55:20.4459730Z 		Reason:Running plugin com.apple.locationd.migrator (CoreLocationMigrator.migrator)
2026-09-10T12:55:20.4460310Z 		Migration Elapsed:03:49 seconds
2026-09-10T12:55:20.4460580Z 
2026-09-10T12:55:21.4335740Z [2026-09-10 12:55:21 +0000] Status=2, isTerminal=NO, Elapsed=03:59.
2026-09-10T12:55:21.4336410Z 	Waiting on Data Migration
2026-09-10T12:55:21.4336790Z 		Reason:Running plugin com.apple.locationd.migrator (CoreLocationMigrator.migrator)
2026-09-10T12:55:21.4337280Z 		Migration Elapsed:03:50 seconds
2026-09-10T12:55:21.4337560Z 
2026-09-10T12:55:22.4459690Z [2026-09-10 12:55:22 +0000] Status=2, isTerminal=NO, Elapsed=04:00.
2026-09-10T12:55:22.4460240Z 	Waiting on Data Migration
2026-09-10T12:55:22.4460860Z 		Reason:Running plugin com.apple.locationd.migrator (CoreLocationMigrator.migrator)
2026-09-10T12:55:22.4461490Z 		Migration Elapsed:03:51 seconds
2026-09-10T12:55:22.4461660Z 
2026-09-10T12:55:23.5765480Z [2026-09-10 12:55:23 +0000] Status=2, isTerminal=NO, Elapsed=04:01.
2026-09-10T12:55:23.5766240Z 	Waiting on Data Migration
2026-09-10T12:55:23.5766610Z 		Reason:Running plugin com.apple.locationd.migrator (CoreLocationMigrator.migrator)
2026-09-10T12:55:23.5767100Z 		Migration Elapsed:03:52 seconds
2026-09-10T12:55:23.5767250Z 
2026-09-10T12:55:25.0049910Z [2026-09-10 12:55:24 +0000] Status=2, isTerminal=NO, Elapsed=04:02.
2026-09-10T12:55:25.0428370Z 	Waiting on Data Migration
2026-09-10T12:55:25.0558620Z 		Reason:Running plugin com.apple.locationd.migrator (CoreLocationMigrator.migrator)
2026-09-10T12:55:25.1126960Z 		Migration Elapsed:03:53 seconds
2026-09-10T12:55:25.1704340Z 
2026-09-10T12:55:25.4606040Z [2026-09-10 12:55:25 +0000] Status=2, isTerminal=NO, Elapsed=04:03.
2026-09-10T12:55:25.4617120Z 	Waiting on Data Migration
2026-09-10T12:55:25.4688930Z 		Reason:Running plugin com.apple.locationd.migrator (CoreLocationMigrator.migrator)
2026-09-10T12:55:25.4710170Z 		Migration Elapsed:03:54 seconds
2026-09-10T12:55:25.4711120Z 
2026-09-10T12:55:29.3227530Z [2026-09-10 12:55:29 +0000] Status=2, isTerminal=NO, Elapsed=04:07.
2026-09-10T12:55:29.4043030Z 	Waiting on Data Migration
2026-09-10T12:55:29.4844960Z 		Reason:Running plugin com.apple.locationd.migrator (CoreLocationMigrator.migrator)
2026-09-10T12:55:29.5669980Z 		Migration Elapsed:03:55 seconds
2026-09-10T12:55:29.6507150Z 
2026-09-10T12:55:33.6415440Z [2026-09-10 12:55:33 +0000] Status=2, isTerminal=NO, Elapsed=04:11.
2026-09-10T12:55:33.8059000Z 	Waiting on Data Migration
2026-09-10T12:55:33.8061360Z 		Reason:Running plugin com.apple.preferences.InternationalSupportMigrator (InternationalSupportMigrator.migrator)
2026-09-10T12:55:33.8062060Z 		Migration Elapsed:03:57 seconds
2026-09-10T12:55:33.8062540Z 
2026-09-10T12:55:35.3627540Z [2026-09-10 12:55:35 +0000] Status=4, isTerminal=NO, Elapsed=04:13.
2026-09-10T12:55:35.3629350Z 	Waiting on System App
2026-09-10T12:55:35.4450790Z 
2026-09-10T12:55:36.2677440Z [2026-09-10 12:55:36 +0000] Status=4, isTerminal=NO, Elapsed=04:14.
2026-09-10T12:55:36.2944930Z 	Waiting on System App
2026-09-10T12:55:36.3069500Z 
2026-09-10T12:55:36.3070180Z [2026-09-10 12:55:36 +0000] Status=4, isTerminal=NO, Elapsed=04:14.
2026-09-10T12:55:36.3572870Z 	Waiting on System App
2026-09-10T12:55:36.3678800Z 
2026-09-10T12:55:36.7975940Z [2026-09-10 12:55:36 +0000] Status=4, isTerminal=NO, Elapsed=04:14.
2026-09-10T12:55:36.8013190Z 	Waiting on System App
2026-09-10T12:55:36.8170880Z 
2026-09-10T12:55:37.4753930Z [2026-09-10 12:55:37 +0000] Status=4, isTerminal=NO, Elapsed=04:15.
2026-09-10T12:55:37.4900690Z 	Waiting on System App
2026-09-10T12:55:37.5005840Z 
2026-09-10T12:55:38.4613990Z [2026-09-10 12:55:38 +0000] Status=4, isTerminal=NO, Elapsed=04:16.
2026-09-10T12:55:38.4716130Z 	Waiting on System App
2026-09-10T12:55:38.4817280Z 
2026-09-10T12:55:39.4626750Z [2026-09-10 12:55:39 +0000] Status=4, isTerminal=NO, Elapsed=04:17.
2026-09-10T12:55:39.4629660Z 	Waiting on System App
2026-09-10T12:55:39.4630350Z 
2026-09-10T12:55:40.7731690Z [2026-09-10 12:55:40 +0000] Status=4, isTerminal=NO, Elapsed=04:18.
2026-09-10T12:55:40.7738740Z 	Waiting on System App
2026-09-10T12:55:40.8594590Z 
2026-09-10T12:55:42.5301080Z [2026-09-10 12:55:41 +0000] Status=4, isTerminal=NO, Elapsed=04:19.
2026-09-10T12:55:42.6153550Z 	Waiting on System App
2026-09-10T12:55:42.7904930Z 
2026-09-10T12:55:42.8742270Z [2026-09-10 12:55:42 +0000] Status=4, isTerminal=NO, Elapsed=04:20.
2026-09-10T12:55:42.8939970Z 	Waiting on System App
2026-09-10T12:55:42.9055090Z 
2026-09-10T12:55:43.5509280Z [2026-09-10 12:55:43 +0000] Status=4, isTerminal=NO, Elapsed=04:21.
2026-09-10T12:55:43.5623180Z 	Waiting on System App
2026-09-10T12:55:43.5722010Z 
2026-09-10T12:55:44.5956850Z [2026-09-10 12:55:44 +0000] Status=4, isTerminal=NO, Elapsed=04:22.
2026-09-10T12:55:44.6444630Z 	Waiting on System App
2026-09-10T12:55:44.6445580Z 
2026-09-10T12:55:45.5556810Z [2026-09-10 12:55:45 +0000] Status=4, isTerminal=NO, Elapsed=04:23.
2026-09-10T12:55:45.5559990Z 	Waiting on System App
2026-09-10T12:55:45.5560410Z 
2026-09-10T12:55:48.4672400Z [2026-09-10 12:55:46 +0000] Status=4, isTerminal=NO, Elapsed=04:24.
2026-09-10T12:55:48.7165150Z 	Waiting on System App
2026-09-10T12:55:49.1254900Z 
2026-09-10T12:55:49.7704740Z [2026-09-10 12:55:49 +0000] Status=4, isTerminal=NO, Elapsed=04:27.
2026-09-10T12:55:49.7707640Z 	Waiting on System App
2026-09-10T12:55:49.8699600Z 
2026-09-10T12:55:58.3624630Z [2026-09-10 12:55:58 +0000] Status=4294967295, isTerminal=YES, Elapsed=04:35.
2026-09-10T12:55:59.8133200Z 	Finished
2026-09-10T12:56:00.1454010Z 
2026-09-10T12:56:54.1209260Z Command line invocation:
2026-09-10T12:56:54.1838320Z     /Applications/Xcode_26.4.1.app/Contents/Developer/usr/bin/xcodebuild test -project /Users/runner/work/PartyDeck/PartyDeck/godot/ios-host/AuthorityHost.xcodeproj -scheme AuthorityHost -configuration Debug -destination "platform=iOS Simulator,id=6762BD8F-E960-4E21-B8DB-9D43947B47AF" -derivedDataPath /Users/runner/work/PartyDeck/PartyDeck/godot/ios-host/build/AuthorityDerivedData -resultBundlePath /Users/runner/work/PartyDeck/PartyDeck/godot/ios-host/build/artifacts/AuthorityHost.xcresult -parallel-testing-enabled NO CODE_SIGNING_ALLOWED=NO
2026-09-10T12:56:54.1882380Z 
2026-09-10T12:56:54.2008820Z Build settings from command line:
2026-09-10T12:56:54.2190320Z     CODE_SIGNING_ALLOWED = NO
2026-09-10T12:56:54.2303050Z 
2026-09-10T12:57:04.6289850Z Writing result bundle at path:
2026-09-10T12:57:04.6402700Z 	/Users/runner/work/PartyDeck/PartyDeck/godot/ios-host/build/artifacts/AuthorityHost.xcresult
2026-09-10T12:57:04.6490110Z 
2026-09-10T12:57:10.4871250Z ComputePackagePrebuildTargetDependencyGraph
2026-09-10T12:57:10.6108730Z 
2026-09-10T12:57:10.6211780Z Prepare packages
2026-09-10T12:57:10.6313830Z 
2026-09-10T12:57:10.6414310Z CreateBuildRequest
2026-09-10T12:57:10.6515600Z 
2026-09-10T12:57:10.6679500Z SendProjectDescription
2026-09-10T12:57:10.6844670Z 
2026-09-10T12:57:10.6959910Z CreateBuildOperation
2026-09-10T12:57:10.7079680Z 
2026-09-10T12:57:10.7208720Z ComputeTargetDependencyGraph
2026-09-10T12:57:10.7318620Z note: Building targets in dependency order
2026-09-10T12:57:10.7455530Z note: Target dependency graph (2 targets)
2026-09-10T12:57:10.7591340Z     Target 'AuthorityHostUITests' in project 'AuthorityHost'
2026-09-10T12:57:10.7757550Z         ➜ Explicit dependency on target 'AuthorityHost' in project 'AuthorityHost'
2026-09-10T12:57:10.7758610Z     Target 'AuthorityHost' in project 'AuthorityHost' (no dependencies)
2026-09-10T12:57:10.7866470Z 
2026-09-10T12:57:10.7987920Z GatherProvisioningInputs
2026-09-10T12:57:10.8098480Z 
2026-09-10T12:57:10.8203910Z CreateBuildDescription
2026-09-10T12:57:10.8477590Z 
2026-09-10T12:57:10.8580890Z ExecuteExternalTool /Applications/Xcode_26.4.1.app/Contents/Developer/Toolchains/XcodeDefault.xctoolchain/usr/bin/swiftc --version
2026-09-10T12:57:12.2101800Z 
2026-09-10T12:57:12.2173050Z ExecuteExternalTool /Applications/Xcode_26.4.1.app/Contents/Developer/Toolchains/XcodeDefault.xctoolchain/usr/bin/clang -v -E -dM -isysroot /Applications/Xcode_26.4.1.app/Contents/Developer/Platforms/iPhoneSimulator.platform/Developer/SDKs/iPhoneSimulator26.4.sdk -x c -c /dev/null
2026-09-10T12:57:12.2174270Z 
2026-09-10T12:57:12.2175010Z ExecuteExternalTool /Applications/Xcode_26.4.1.app/Contents/Developer/Toolchains/XcodeDefault.xctoolchain/usr/bin/ld -version_details
2026-09-10T12:57:12.5718010Z 
2026-09-10T12:57:12.7119280Z Build description signature: 268832513566c9f43b6a18fcae34bd28
2026-09-10T12:57:12.7311160Z Build description path: /Users/runner/work/PartyDeck/PartyDeck/godot/ios-host/build/AuthorityDerivedData/Build/Intermediates.noindex/XCBuildData/268832513566c9f43b6a18fcae34bd28.xcbuilddata
2026-09-10T12:57:12.7933430Z ClangStatCache /Applications/Xcode_26.4.1.app/Contents/Developer/Toolchains/XcodeDefault.xctoolchain/usr/bin/clang-stat-cache /Applications/Xcode_26.4.1.app/Contents/Developer/Platforms/iPhoneSimulator.platform/Developer/SDKs/iPhoneSimulator26.4.sdk /Users/runner/work/PartyDeck/PartyDeck/godot/ios-host/build/AuthorityDerivedData/SDKStatCaches.noindex/iphonesimulator26.4-23E252-688ef53f1462e2c8f657fdc38a81448f893e4a944e4cdd9af1f5077e1341bc52.sdkstatcache
2026-09-10T12:57:12.8138020Z     cd /Users/runner/work/PartyDeck/PartyDeck/godot/ios-host/AuthorityHost.xcodeproj
2026-09-10T12:57:12.8321180Z     /Applications/Xcode_26.4.1.app/Contents/Developer/Toolchains/XcodeDefault.xctoolchain/usr/bin/clang-stat-cache /Applications/Xcode_26.4.1.app/Contents/Developer/Platforms/iPhoneSimulator.platform/Developer/SDKs/iPhoneSimulator26.4.sdk -o /Users/runner/work/PartyDeck/PartyDeck/godot/ios-host/build/AuthorityDerivedData/SDKStatCaches.noindex/iphonesimulator26.4-23E252-688ef53f1462e2c8f657fdc38a81448f893e4a944e4cdd9af1f5077e1341bc52.sdkstatcache
2026-09-10T12:57:12.9611080Z 
2026-09-10T12:57:12.9737710Z ProcessInfoPlistFile /Users/runner/work/PartyDeck/PartyDeck/godot/ios-host/build/AuthorityDerivedData/Build/Products/Debug-iphonesimulator/AuthorityHost.app/Info.plist /Users/runner/work/PartyDeck/PartyDeck/godot/ios-host/AuthorityHost/Info.plist (in target 'AuthorityHost' from project 'AuthorityHost')
2026-09-10T12:57:12.9912460Z     cd /Users/runner/work/PartyDeck/PartyDeck/godot/ios-host
2026-09-10T12:57:12.9953420Z     builtin-infoPlistUtility /Users/runner/work/PartyDeck/PartyDeck/godot/ios-host/AuthorityHost/Info.plist -producttype com.apple.product-type.application -genpkginfo /Users/runner/work/PartyDeck/PartyDeck/godot/ios-host/build/AuthorityDerivedData/Build/Products/Debug-iphonesimulator/AuthorityHost.app/PkgInfo -expandbuildsettings -format binary -platform iphonesimulator -o /Users/runner/work/PartyDeck/PartyDeck/godot/ios-host/build/AuthorityDerivedData/Build/Products/Debug-iphonesimulator/AuthorityHost.app/Info.plist
2026-09-10T12:57:13.0060410Z 
2026-09-10T12:57:13.0163840Z WriteAuxiliaryFile /Users/runner/work/PartyDeck/PartyDeck/godot/ios-host/build/AuthorityDerivedData/Build/Intermediates.noindex/AuthorityHost.build/Debug-iphonesimulator/AuthorityHostUITests.build/empty-AuthorityHostUITests.plist (in target 'AuthorityHostUITests' from project 'AuthorityHost')
2026-09-10T12:57:13.0266660Z     cd /Users/runner/work/PartyDeck/PartyDeck/godot/ios-host
2026-09-10T12:57:13.0374590Z     write-file /Users/runner/work/PartyDeck/PartyDeck/godot/ios-host/build/AuthorityDerivedData/Build/Intermediates.noindex/AuthorityHost.build/Debug-iphonesimulator/AuthorityHostUITests.build/empty-AuthorityHostUITests.plist
2026-09-10T12:57:13.0478130Z 
2026-09-10T12:57:13.0638100Z WriteAuxiliaryFile /Users/runner/work/PartyDeck/PartyDeck/godot/ios-host/build/AuthorityDerivedData/Build/Intermediates.noindex/AuthorityHost.build/Debug-iphonesimulator/AuthorityHostUITests.build/ProductTypeInfoPlistAdditions.plist (in target 'AuthorityHostUITests' from project 'AuthorityHost')
2026-09-10T12:57:13.0764660Z     cd /Users/runner/work/PartyDeck/PartyDeck/godot/ios-host
2026-09-10T12:57:13.0912680Z     write-file /Users/runner/work/PartyDeck/PartyDeck/godot/ios-host/build/AuthorityDerivedData/Build/Intermediates.noindex/AuthorityHost.build/Debug-iphonesimulator/AuthorityHostUITests.build/ProductTypeInfoPlistAdditions.plist
2026-09-10T12:57:13.1078840Z 
2026-09-10T12:57:13.1291200Z WriteAuxiliaryFile /Users/runner/work/PartyDeck/PartyDeck/godot/ios-host/build/AuthorityDerivedData/Build/Intermediates.noindex/AuthorityHost.build/Debug-iphonesimulator/AuthorityHostUITests.build/Objects-normal/arm64/AuthorityHostUITests_const_extract_protocols.json (in target 'AuthorityHostUITests' from project 'AuthorityHost')
2026-09-10T12:57:13.1850410Z     cd /Users/runner/work/PartyDeck/PartyDeck/godot/ios-host
2026-09-10T12:57:13.1974050Z     write-file /Users/runner/work/PartyDeck/PartyDeck/godot/ios-host/build/AuthorityDerivedData/Build/Intermediates.noindex/AuthorityHost.build/Debug-iphonesimulator/AuthorityHostUITests.build/Objects-normal/arm64/AuthorityHostUITests_const_extract_protocols.json
2026-09-10T12:57:13.2155640Z 
2026-09-10T12:57:13.2272600Z WriteAuxiliaryFile /Users/runner/work/PartyDeck/PartyDeck/godot/ios-host/build/AuthorityDerivedData/Build/Intermediates.noindex/AuthorityHost.build/Debug-iphonesimulator/AuthorityHostUITests.build/Objects-normal/arm64/AuthorityHostUITests.SwiftFileList (in target 'AuthorityHostUITests' from project 'AuthorityHost')
2026-09-10T12:57:13.2399900Z     cd /Users/runner/work/PartyDeck/PartyDeck/godot/ios-host
2026-09-10T12:57:13.2477140Z     write-file /Users/runner/work/PartyDeck/PartyDeck/godot/ios-host/build/AuthorityDerivedData/Build/Intermediates.noindex/AuthorityHost.build/Debug-iphonesimulator/AuthorityHostUITests.build/Objects-normal/arm64/AuthorityHostUITests.SwiftFileList
2026-09-10T12:57:13.2478790Z 
2026-09-10T12:57:13.2493810Z WriteAuxiliaryFile /Users/runner/work/PartyDeck/PartyDeck/godot/ios-host/build/AuthorityDerivedData/Build/Intermediates.noindex/AuthorityHost.build/Debug-iphonesimulator/AuthorityHostUITests.build/Objects-normal/arm64/AuthorityHostUITests.SwiftConstValuesFileList (in target 'AuthorityHostUITests' from project 'AuthorityHost')
2026-09-10T12:57:13.2501400Z     cd /Users/runner/work/PartyDeck/PartyDeck/godot/ios-host
2026-09-10T12:57:13.3219690Z     write-file /Users/runner/work/PartyDeck/PartyDeck/godot/ios-host/build/AuthorityDerivedData/Build/Intermediates.noindex/AuthorityHost.build/Debug-iphonesimulator/AuthorityHostUITests.build/Objects-normal/arm64/AuthorityHostUITests.SwiftConstValuesFileList
2026-09-10T12:57:13.3347850Z 
2026-09-10T12:57:13.3672340Z WriteAuxiliaryFile /Users/runner/work/PartyDeck/PartyDeck/godot/ios-host/build/AuthorityDerivedData/Build/Intermediates.noindex/AuthorityHost.build/Debug-iphonesimulator/AuthorityHostUITests.build/Objects-normal/arm64/AuthorityHostUITests.LinkFileList (in target 'AuthorityHostUITests' from project 'AuthorityHost')
2026-09-10T12:57:13.3826700Z     cd /Users/runner/work/PartyDeck/PartyDeck/godot/ios-host
2026-09-10T12:57:13.4090660Z     write-file /Users/runner/work/PartyDeck/PartyDeck/godot/ios-host/build/AuthorityDerivedData/Build/Intermediates.noindex/AuthorityHost.build/Debug-iphonesimulator/AuthorityHostUITests.build/Objects-normal/arm64/AuthorityHostUITests.LinkFileList
2026-09-10T12:57:13.4264630Z 
2026-09-10T12:57:13.4477910Z WriteAuxiliaryFile /Users/runner/work/PartyDeck/PartyDeck/godot/ios-host/build/AuthorityDerivedData/Build/Intermediates.noindex/AuthorityHost.build/Debug-iphonesimulator/AuthorityHostUITests.build/Objects-normal/arm64/AuthorityHostUITests-OutputFileMap.json (in target 'AuthorityHostUITests' from project 'AuthorityHost')
2026-09-10T12:57:13.4766970Z     cd /Users/runner/work/PartyDeck/PartyDeck/godot/ios-host
2026-09-10T12:57:13.4980350Z     write-file /Users/runner/work/PartyDeck/PartyDeck/godot/ios-host/build/AuthorityDerivedData/Build/Intermediates.noindex/AuthorityHost.build/Debug-iphonesimulator/AuthorityHostUITests.build/Objects-normal/arm64/AuthorityHostUITests-OutputFileMap.json
2026-09-10T12:57:13.5626170Z 
2026-09-10T12:57:13.5772000Z WriteAuxiliaryFile /Users/runner/work/PartyDeck/PartyDeck/godot/ios-host/build/AuthorityDerivedData/Build/Intermediates.noindex/AuthorityHost.build/Debug-iphonesimulator/AuthorityHostUITests.build/AuthorityHostUITests.hmap (in target 'AuthorityHostUITests' from project 'AuthorityHost')
2026-09-10T12:57:13.6050880Z     cd /Users/runner/work/PartyDeck/PartyDeck/godot/ios-host
2026-09-10T12:57:13.6194810Z     write-file /Users/runner/work/PartyDeck/PartyDeck/godot/ios-host/build/AuthorityDerivedData/Build/Intermediates.noindex/AuthorityHost.build/Debug-iphonesimulator/AuthorityHostUITests.build/AuthorityHostUITests.hmap
2026-09-10T12:57:13.6387310Z 
2026-09-10T12:57:13.6597370Z WriteAuxiliaryFile /Users/runner/work/PartyDeck/PartyDeck/godot/ios-host/build/AuthorityDerivedData/Build/Intermediates.noindex/AuthorityHost.build/Debug-iphonesimulator/AuthorityHostUITests.build/AuthorityHostUITests.DependencyStaticMetadataFileList (in target 'AuthorityHostUITests' from project 'AuthorityHost')
2026-09-10T12:57:13.6755450Z     cd /Users/runner/work/PartyDeck/PartyDeck/godot/ios-host
2026-09-10T12:57:13.6756800Z     write-file /Users/runner/work/PartyDeck/PartyDeck/godot/ios-host/build/AuthorityDerivedData/Build/Intermediates.noindex/AuthorityHost.build/Debug-iphonesimulator/AuthorityHostUITests.build/AuthorityHostUITests.DependencyStaticMetadataFileList
2026-09-10T12:57:13.6757760Z 
2026-09-10T12:57:13.6758950Z WriteAuxiliaryFile /Users/runner/work/PartyDeck/PartyDeck/godot/ios-host/build/AuthorityDerivedData/Build/Intermediates.noindex/AuthorityHost.build/Debug-iphonesimulator/AuthorityHostUITests.build/AuthorityHostUITests.DependencyMetadataFileList (in target 'AuthorityHostUITests' from project 'AuthorityHost')
2026-09-10T12:57:13.6760400Z     cd /Users/runner/work/PartyDeck/PartyDeck/godot/ios-host
2026-09-10T12:57:13.6761590Z     write-file /Users/runner/work/PartyDeck/PartyDeck/godot/ios-host/build/AuthorityDerivedData/Build/Intermediates.noindex/AuthorityHost.build/Debug-iphonesimulator/AuthorityHostUITests.build/AuthorityHostUITests.DependencyMetadataFileList
2026-09-10T12:57:13.6762640Z 
2026-09-10T12:57:13.6763620Z WriteAuxiliaryFile /Users/runner/work/PartyDeck/PartyDeck/godot/ios-host/build/AuthorityDerivedData/Build/Intermediates.noindex/AuthorityHost.build/Debug-iphonesimulator/AuthorityHostUITests.build/AuthorityHostUITests-project-headers.hmap (in target 'AuthorityHostUITests' from project 'AuthorityHost')
2026-09-10T12:57:13.6765800Z     cd /Users/runner/work/PartyDeck/PartyDeck/godot/ios-host
2026-09-10T12:57:13.6767640Z     write-file /Users/runner/work/PartyDeck/PartyDeck/godot/ios-host/build/AuthorityDerivedData/Build/Intermediates.noindex/AuthorityHost.build/Debug-iphonesimulator/AuthorityHostUITests.build/AuthorityHostUITests-project-headers.hmap
2026-09-10T12:57:13.6769080Z 
2026-09-10T12:57:13.6770030Z WriteAuxiliaryFile /Users/runner/work/PartyDeck/PartyDeck/godot/ios-host/build/AuthorityDerivedData/Build/Intermediates.noindex/AuthorityHost.build/Debug-iphonesimulator/AuthorityHostUITests.build/AuthorityHostUITests-own-target-headers.hmap (in target 'AuthorityHostUITests' from project 'AuthorityHost')
2026-09-10T12:57:13.6771280Z     cd /Users/runner/work/PartyDeck/PartyDeck/godot/ios-host
2026-09-10T12:57:13.6772330Z     write-file /Users/runner/work/PartyDeck/PartyDeck/godot/ios-host/build/AuthorityDerivedData/Build/Intermediates.noindex/AuthorityHost.build/Debug-iphonesimulator/AuthorityHostUITests.build/AuthorityHostUITests-own-target-headers.hmap
2026-09-10T12:57:13.6990100Z 
2026-09-10T12:57:13.7361130Z WriteAuxiliaryFile /Users/runner/work/PartyDeck/PartyDeck/godot/ios-host/build/AuthorityDerivedData/Build/Intermediates.noindex/AuthorityHost.build/Debug-iphonesimulator/AuthorityHostUITests.build/AuthorityHostUITests-generated-files.hmap (in target 'AuthorityHostUITests' from project 'AuthorityHost')
2026-09-10T12:57:13.7507760Z     cd /Users/runner/work/PartyDeck/PartyDeck/godot/ios-host
2026-09-10T12:57:13.7673380Z     write-file /Users/runner/work/PartyDeck/PartyDeck/godot/ios-host/build/AuthorityDerivedData/Build/Intermediates.noindex/AuthorityHost.build/Debug-iphonesimulator/AuthorityHostUITests.build/AuthorityHostUITests-generated-files.hmap
2026-09-10T12:57:13.7833540Z 
2026-09-10T12:57:13.7940930Z WriteAuxiliaryFile /Users/runner/work/PartyDeck/PartyDeck/godot/ios-host/build/AuthorityDerivedData/Build/Intermediates.noindex/AuthorityHost.build/Debug-iphonesimulator/AuthorityHostUITests.build/AuthorityHostUITests-all-target-headers.hmap (in target 'AuthorityHostUITests' from project 'AuthorityHost')
2026-09-10T12:57:13.8058480Z     cd /Users/runner/work/PartyDeck/PartyDeck/godot/ios-host
2026-09-10T12:57:13.8192240Z     write-file /Users/runner/work/PartyDeck/PartyDeck/godot/ios-host/build/AuthorityDerivedData/Build/Intermediates.noindex/AuthorityHost.build/Debug-iphonesimulator/AuthorityHostUITests.build/AuthorityHostUITests-all-target-headers.hmap
2026-09-10T12:57:13.8196660Z 
2026-09-10T12:57:13.8308980Z WriteAuxiliaryFile /Users/runner/work/PartyDeck/PartyDeck/godot/ios-host/build/AuthorityDerivedData/Build/Intermediates.noindex/AuthorityHost.build/Debug-iphonesimulator/AuthorityHostUITests.build/AuthorityHostUITests-all-non-framework-target-headers.hmap (in target 'AuthorityHostUITests' from project 'AuthorityHost')
2026-09-10T12:57:13.8460420Z     cd /Users/runner/work/PartyDeck/PartyDeck/godot/ios-host
2026-09-10T12:57:13.8606390Z     write-file /Users/runner/work/PartyDeck/PartyDeck/godot/ios-host/build/AuthorityDerivedData/Build/Intermediates.noindex/AuthorityHost.build/Debug-iphonesimulator/AuthorityHostUITests.build/AuthorityHostUITests-all-non-framework-target-headers.hmap
2026-09-10T12:57:13.8764760Z 
2026-09-10T12:57:13.8845990Z MkDir /Users/runner/work/PartyDeck/PartyDeck/godot/ios-host/build/AuthorityDerivedData/Build/Products/Debug-iphonesimulator/AuthorityHostUITests-Runner.app/PlugIns/AuthorityHostUITests.xctest (in target 'AuthorityHostUITests' from project 'AuthorityHost')
2026-09-10T12:57:13.8864100Z     cd /Users/runner/work/PartyDeck/PartyDeck/godot/ios-host
2026-09-10T12:57:13.8887800Z     /bin/mkdir -p /Users/runner/work/PartyDeck/PartyDeck/godot/ios-host/build/AuthorityDerivedData/Build/Products/Debug-iphonesimulator/AuthorityHostUITests-Runner.app/PlugIns/AuthorityHostUITests.xctest
2026-09-10T12:57:13.8914370Z 
2026-09-10T12:57:13.8915030Z CopySwiftLibs /Users/runner/work/PartyDeck/PartyDeck/godot/ios-host/build/AuthorityDerivedData/Build/Products/Debug-iphonesimulator/AuthorityHost.app (in target 'AuthorityHost' from project 'AuthorityHost')
2026-09-10T12:57:13.8920750Z     cd /Users/runner/work/PartyDeck/PartyDeck/godot/ios-host
2026-09-10T12:57:13.8967760Z     builtin-swiftStdLibTool --copy --verbose --scan-executable /Users/runner/work/PartyDeck/PartyDeck/godot/ios-host/build/AuthorityDerivedData/Build/Products/Debug-iphonesimulator/AuthorityHost.app/AuthorityHost --scan-folder /Users/runner/work/PartyDeck/PartyDeck/godot/ios-host/build/AuthorityDerivedData/Build/Products/Debug-iphonesimulator/AuthorityHost.app/Frameworks --scan-folder /Users/runner/work/PartyDeck/PartyDeck/godot/ios-host/build/AuthorityDerivedData/Build/Products/Debug-iphonesimulator/AuthorityHost.app/PlugIns --scan-folder /Users/runner/work/PartyDeck/PartyDeck/godot/ios-host/build/AuthorityDerivedData/Build/Products/Debug-iphonesimulator/AuthorityHost.app/SystemExtensions --scan-folder /Users/runner/work/PartyDeck/PartyDeck/godot/ios-host/build/AuthorityDerivedData/Build/Products/Debug-iphonesimulator/AuthorityHost.app/Extensions --scan-folder /Users/runner/work/PartyDeck/PartyDeck/godot/ios-host/build/artifacts/PartyDeckGodotBridge.framework --platform iphonesimulator --toolchain /var/run/com.apple.security.cryptexd/mnt/com.apple.MobileAsset.MetalToolchain-v17.5.188.0.SQl8gn/Metal.xctoolchain --toolchain /Applications/Xcode_26.4.1.app/Contents/Developer/Toolchains/XcodeDefault.xctoolchain --destination /Users/runner/work/PartyDeck/PartyDeck/godot/ios-host/build/AuthorityDerivedData/Build/Products/Debug-iphonesimulator/AuthorityHost.app/Frameworks --strip-bitcode --strip-bitcode-tool /Applications/Xcode_26.4.1.app/Contents/Developer/Toolchains/XcodeDefault.xctoolchain/usr/bin/bitcode_strip --emit-dependency-info /Users/runner/work/PartyDeck/PartyDeck/godot/ios-host/build/AuthorityDerivedData/Build/Intermediates.noindex/AuthorityHost.build/Debug-iphonesimulator/AuthorityHost.build/SwiftStdLibToolInputDependencies.dep --filter-for-swift-os
2026-09-10T12:57:14.7116030Z Ignoring --strip-bitcode because --sign was not passed
2026-09-10T12:57:14.8329930Z 
2026-09-10T12:57:14.8554610Z SwiftDriver AuthorityHostUITests normal arm64 com.apple.xcode.tools.swift.compiler (in target 'AuthorityHostUITests' from project 'AuthorityHost')
2026-09-10T12:57:14.8608930Z     cd /Users/runner/work/PartyDeck/PartyDeck/godot/ios-host
2026-09-10T12:57:14.8744950Z     builtin-SwiftDriver -- /Applications/Xcode_26.4.1.app/Contents/Developer/Toolchains/XcodeDefault.xctoolchain/usr/bin/swiftc -module-name AuthorityHostUITests -Onone @/Users/runner/work/PartyDeck/PartyDeck/godot/ios-host/build/AuthorityDerivedData/Build/Intermediates.noindex/AuthorityHost.build/Debug-iphonesimulator/AuthorityHostUITests.build/Objects-normal/arm64/AuthorityHostUITests.SwiftFileList -module-alias Testing\=_Testing_Unavailable -plugin-path /Applications/Xcode_26.4.1.app/Contents/Developer/Toolchains/XcodeDefault.xctoolchain/usr/lib/swift/host/plugins/testing -enable-experimental-feature DebugDescriptionMacro -sdk /Applications/Xcode_26.4.1.app/Contents/Developer/Platforms/iPhoneSimulator.platform/Developer/SDKs/iPhoneSimulator26.4.sdk -target arm64-apple-ios15.0-simulator -g -module-cache-path /Users/runner/work/PartyDeck/PartyDeck/godot/ios-host/build/AuthorityDerivedData/ModuleCache.noindex -Xfrontend -serialize-debugging-options -enable-testing -index-store-path /Users/runner/work/PartyDeck/PartyDeck/godot/ios-host/build/AuthorityDerivedData/Index.noindex/DataStore -swift-version 6 -I /Users/runner/work/PartyDeck/PartyDeck/godot/ios-host/build/AuthorityDerivedData/Build/Products/Debug-iphonesimulator -Isystem /Applications/Xcode_26.4.1.app/Contents/Developer/Platforms/iPhoneSimulator.platform/Developer/usr/lib -F /Users/runner/work/PartyDeck/PartyDeck/godot/ios-host/build/AuthorityDerivedData/Build/Products/Debug-iphonesimulator -F /Applications/Xcode_26.4.1.app/Contents/Developer/Platforms/iPhoneSimulator.platform/Developer/Library/Frameworks -F /Applications/Xcode_26.4.1.app/Contents/Developer/Platforms/iPhoneSimulator.platform/Developer/SDKs/iPhoneSimulator26.4.sdk/Developer/Library/Frameworks -parse-as-library -c -j3 -enable-batch-mode -incremental -Xcc -ivfsstatcache -Xcc /Users/runner/work/PartyDeck/PartyDeck/godot/ios-host/build/AuthorityDerivedData/SDKStatCaches.noindex/iphonesimulator26.4-23E252-688ef53f1462e2c8f657fdc38a81448f893e4a944e4cdd9af1f5077e1341bc52.sdkstatcache -output-file-map /Users/runner/work/PartyDeck/PartyDeck/godot/ios-host/build/AuthorityDerivedData/Build/Intermediates.noindex/AuthorityHost.build/Debug-iphonesimulator/AuthorityHostUITests.build/Objects-normal/arm64/AuthorityHostUITests-OutputFileMap.json -use-frontend-parseable-output -save-temps -no-color-diagnostics -explicit-module-build -module-cache-path /Users/runner/work/PartyDeck/PartyDeck/godot/ios-host/build/AuthorityDerivedData/Build/Intermediates.noindex/SwiftExplicitPrecompiledModules -clang-scanner-module-cache-path /Users/runner/work/PartyDeck/PartyDeck/godot/ios-host/build/AuthorityDerivedData/ModuleCache.noindex -sdk-module-cache-path /Users/runner/work/PartyDeck/PartyDeck/godot/ios-host/build/AuthorityDerivedData/ModuleCache.noindex -serialize-diagnostics -emit-dependencies -emit-module -emit-module-path /Users/runner/work/PartyDeck/PartyDeck/godot/ios-host/build/AuthorityDerivedData/Build/Intermediates.noindex/AuthorityHost.build/Debug-iphonesimulator/AuthorityHostUITests.build/Objects-normal/arm64/AuthorityHostUITests.swiftmodule -validate-clang-modules-once -clang-build-session-file /Users/runner/work/PartyDeck/PartyDeck/godot/ios-host/build/AuthorityDerivedData/ModuleCache.noindex/Session.modulevalidation -Xcc -I/Users/runner/work/PartyDeck/PartyDeck/godot/ios-host/build/AuthorityDerivedData/Build/Intermediates.noindex/AuthorityHost.build/Debug-iphonesimulator/AuthorityHostUITests.build/swift-overrides.hmap -emit-const-values -Xfrontend -const-gather-protocols-file -Xfrontend /Users/runner/work/PartyDeck/PartyDeck/godot/ios-host/build/AuthorityDerivedData/Build/Intermediates.noindex/AuthorityHost.build/Debug-iphonesimulator/AuthorityHostUITests.build/Objects-normal/arm64/AuthorityHostUITests_const_extract_protocols.json -Xcc -iquote -Xcc /Users/runner/work/PartyDeck/PartyDeck/godot/ios-host/build/AuthorityDerivedData/Build/Intermediates.noindex/AuthorityHost.build/Debug-iphonesimulator/AuthorityHostUITests.build/AuthorityHostUITests-generated-files.hmap -Xcc -I/Users/runner/work/PartyDeck/PartyDeck/godot/ios-host/build/AuthorityDerivedData/Build/Intermediates.noindex/AuthorityHost.build/Debug-iphonesimulator/AuthorityHostUITests.build/AuthorityHostUITests-own-target-headers.hmap -Xcc -I/Users/runner/work/PartyDeck/PartyDeck/godot/ios-host/build/AuthorityDerivedData/Build/Intermediates.noindex/AuthorityHost.build/Debug-iphonesimulator/AuthorityHostUITests.build/AuthorityHostUITests-all-target-headers.hmap -Xcc -iquote -Xcc /Users/runner/work/PartyDeck/PartyDeck/godot/ios-host/build/AuthorityDerivedData/Build/Intermediates.noindex/AuthorityHost.build/Debug-iphonesimulator/AuthorityHostUITests.build/AuthorityHostUITests-project-headers.hmap -Xcc -I/Users/runner/work/PartyDeck/PartyDeck/godot/ios-host/build/AuthorityDerivedData/Build/Products/Debug-iphonesimulator/include -Xcc -I/Users/runner/work/PartyDeck/PartyDeck/godot/ios-host/build/AuthorityDerivedData/Build/Intermediates.noindex/AuthorityHost.build/Debug-iphonesimulator/AuthorityHostUITests.build/DerivedSources-normal/arm64 -Xcc -I/Users/runner/work/PartyDeck/PartyDeck/godot/ios-host/build/AuthorityDerivedData/Build/Intermediates.noindex/AuthorityHost.build/Debug-iphonesimulator/AuthorityHostUITests.build/DerivedSources/arm64 -Xcc -I/Users/runner/work/PartyDeck/PartyDeck/godot/ios-host/build/AuthorityDerivedData/Build/Intermediates.noindex/AuthorityHost.build/Debug-iphonesimulator/AuthorityHostUITests.build/DerivedSources -emit-objc-header -emit-objc-header-path /Users/runner/work/PartyDeck/PartyDeck/godot/ios-host/build/AuthorityDerivedData/Build/Intermediates.noindex/AuthorityHost.build/Debug-iphonesimulator/AuthorityHostUITests.build/Objects-normal/arm64/AuthorityHostUITests-Swift.h -working-directory /Users/runner/work/PartyDeck/PartyDeck/godot/ios-host -experimental-emit-module-separately -disable-cmo
2026-09-10T12:57:22.6238930Z 
2026-09-10T12:57:22.6248350Z ProcessInfoPlistFile /Users/runner/work/PartyDeck/PartyDeck/godot/ios-host/build/AuthorityDerivedData/Build/Products/Debug-iphonesimulator/AuthorityHostUITests-Runner.app/PlugIns/AuthorityHostUITests.xctest/Info.plist /Users/runner/work/PartyDeck/PartyDeck/godot/ios-host/build/AuthorityDerivedData/Build/Intermediates.noindex/AuthorityHost.build/Debug-iphonesimulator/AuthorityHostUITests.build/empty-AuthorityHostUITests.plist (in target 'AuthorityHostUITests' from project 'AuthorityHost')
2026-09-10T12:57:22.6256540Z     cd /Users/runner/work/PartyDeck/PartyDeck/godot/ios-host
2026-09-10T12:57:22.6267120Z     builtin-infoPlistUtility /Users/runner/work/PartyDeck/PartyDeck/godot/ios-host/build/AuthorityDerivedData/Build/Intermediates.noindex/AuthorityHost.build/Debug-iphonesimulator/AuthorityHostUITests.build/empty-AuthorityHostUITests.plist -producttype com.apple.product-type.bundle.ui-testing -expandbuildsettings -format binary -platform iphonesimulator -additionalcontentfile /Users/runner/work/PartyDeck/PartyDeck/godot/ios-host/build/AuthorityDerivedData/Build/Intermediates.noindex/AuthorityHost.build/Debug-iphonesimulator/AuthorityHostUITests.build/ProductTypeInfoPlistAdditions.plist -o /Users/runner/work/PartyDeck/PartyDeck/godot/ios-host/build/AuthorityDerivedData/Build/Products/Debug-iphonesimulator/AuthorityHostUITests-Runner.app/PlugIns/AuthorityHostUITests.xctest/Info.plist
2026-09-10T12:57:22.6325880Z 
2026-09-10T12:57:22.6332140Z SwiftExplicitDependencyGeneratePcm arm64 /Users/runner/work/PartyDeck/PartyDeck/godot/ios-host/build/AuthorityDerivedData/Build/Intermediates.noindex/SwiftExplicitPrecompiledModules/XCUIAutomation-DXGLS9980XC8NG8FXUOMDCDC.pcm
2026-09-10T12:57:24.3182640Z 
2026-09-10T12:57:24.3325660Z SwiftExplicitDependencyCompileModuleFromInterface arm64 /Users/runner/work/PartyDeck/PartyDeck/godot/ios-host/build/AuthorityDerivedData/Build/Intermediates.noindex/SwiftExplicitPrecompiledModules/XCUIAutomation-3KB0CIR861DYG.swiftmodule
2026-09-10T12:57:26.1336060Z 
2026-09-10T12:57:26.1341990Z SwiftExplicitDependencyGeneratePcm arm64 /Users/runner/work/PartyDeck/PartyDeck/godot/ios-host/build/AuthorityDerivedData/Build/Intermediates.noindex/SwiftExplicitPrecompiledModules/XCTest-44VDEG2599N0GQ5B6SV5IL26V.pcm
2026-09-10T12:57:26.1344120Z 
2026-09-10T12:57:26.1346140Z SwiftExplicitDependencyCompileModuleFromInterface arm64 /Users/runner/work/PartyDeck/PartyDeck/godot/ios-host/build/AuthorityDerivedData/Build/Intermediates.noindex/SwiftExplicitPrecompiledModules/XCTest-5QCV1YYK5JJM.swiftmodule
2026-09-10T12:57:27.7520720Z 
2026-09-10T12:57:27.7621910Z SwiftEmitModule normal arm64 Emitting\ module\ for\ AuthorityHostUITests (in target 'AuthorityHostUITests' from project 'AuthorityHost')
2026-09-10T12:57:27.8610740Z 
2026-09-10T12:57:27.8720260Z SwiftCompile normal arm64 /Users/runner/work/PartyDeck/PartyDeck/godot/ios-host/AuthorityHostUITests/AuthorityHostUITests.swift (in target 'AuthorityHostUITests' from project 'AuthorityHost')
2026-09-10T12:57:27.8824900Z     cd /Users/runner/work/PartyDeck/PartyDeck/godot/ios-host
2026-09-10T12:57:27.8928630Z     
2026-09-10T12:57:28.3609570Z 
2026-09-10T12:57:28.3725810Z SwiftCompile normal arm64 Compiling\ AuthorityHostUITests.swift /Users/runner/work/PartyDeck/PartyDeck/godot/ios-host/AuthorityHostUITests/AuthorityHostUITests.swift (in target 'AuthorityHostUITests' from project 'AuthorityHost')
2026-09-10T12:57:28.3812160Z SwiftCompile normal arm64 /Users/runner/work/PartyDeck/PartyDeck/godot/ios-host/AuthorityHostUITests/AuthorityHostUITests.swift (in target 'AuthorityHostUITests' from project 'AuthorityHost')
2026-09-10T12:57:28.3922680Z     cd /Users/runner/work/PartyDeck/PartyDeck/godot/ios-host
2026-09-10T12:57:28.4026190Z     
2026-09-10T12:57:44.0769560Z 
2026-09-10T12:57:44.0882530Z SwiftDriverJobDiscovery normal arm64 Emitting module for AuthorityHostUITests (in target 'AuthorityHostUITests' from project 'AuthorityHost')
2026-09-10T12:57:44.1025080Z 
2026-09-10T12:57:44.1132160Z SwiftDriver\ Compilation\ Requirements AuthorityHostUITests normal arm64 com.apple.xcode.tools.swift.compiler (in target 'AuthorityHostUITests' from project 'AuthorityHost')
2026-09-10T12:57:44.1216590Z     cd /Users/runner/work/PartyDeck/PartyDeck/godot/ios-host
2026-09-10T12:57:44.1276230Z     builtin-Swift-Compilation-Requirements -- /Applications/Xcode_26.4.1.app/Contents/Developer/Toolchains/XcodeDefault.xctoolchain/usr/bin/swiftc -module-name AuthorityHostUITests -Onone @/Users/runner/work/PartyDeck/PartyDeck/godot/ios-host/build/AuthorityDerivedData/Build/Intermediates.noindex/AuthorityHost.build/Debug-iphonesimulator/AuthorityHostUITests.build/Objects-normal/arm64/AuthorityHostUITests.SwiftFileList -module-alias Testing\=_Testing_Unavailable -plugin-path /Applications/Xcode_26.4.1.app/Contents/Developer/Toolchains/XcodeDefault.xctoolchain/usr/lib/swift/host/plugins/testing -enable-experimental-feature DebugDescriptionMacro -sdk /Applications/Xcode_26.4.1.app/Contents/Developer/Platforms/iPhoneSimulator.platform/Developer/SDKs/iPhoneSimulator26.4.sdk -target arm64-apple-ios15.0-simulator -g -module-cache-path /Users/runner/work/PartyDeck/PartyDeck/godot/ios-host/build/AuthorityDerivedData/ModuleCache.noindex -Xfrontend -serialize-debugging-options -enable-testing -index-store-path /Users/runner/work/PartyDeck/PartyDeck/godot/ios-host/build/AuthorityDerivedData/Index.noindex/DataStore -swift-version 6 -I /Users/runner/work/PartyDeck/PartyDeck/godot/ios-host/build/AuthorityDerivedData/Build/Products/Debug-iphonesimulator -Isystem /Applications/Xcode_26.4.1.app/Contents/Developer/Platforms/iPhoneSimulator.platform/Developer/usr/lib -F /Users/runner/work/PartyDeck/PartyDeck/godot/ios-host/build/AuthorityDerivedData/Build/Products/Debug-iphonesimulator -F /Applications/Xcode_26.4.1.app/Contents/Developer/Platforms/iPhoneSimulator.platform/Developer/Library/Frameworks -F /Applications/Xcode_26.4.1.app/Contents/Developer/Platforms/iPhoneSimulator.platform/Developer/SDKs/iPhoneSimulator26.4.sdk/Developer/Library/Frameworks -parse-as-library -c -j3 -enable-batch-mode -incremental -Xcc -ivfsstatcache -Xcc /Users/runner/work/PartyDeck/PartyDeck/godot/ios-host/build/AuthorityDerivedData/SDKStatCaches.noindex/iphonesimulator26.4-23E252-688ef53f1462e2c8f657fdc38a81448f893e4a944e4cdd9af1f5077e1341bc52.sdkstatcache -output-file-map /Users/runner/work/PartyDeck/PartyDeck/godot/ios-host/build/AuthorityDerivedData/Build/Intermediates.noindex/AuthorityHost.build/Debug-iphonesimulator/AuthorityHostUITests.build/Objects-normal/arm64/AuthorityHostUITests-OutputFileMap.json -use-frontend-parseable-output -save-temps -no-color-diagnostics -explicit-module-build -module-cache-path /Users/runner/work/PartyDeck/PartyDeck/godot/ios-host/build/AuthorityDerivedData/Build/Intermediates.noindex/SwiftExplicitPrecompiledModules -clang-scanner-module-cache-path /Users/runner/work/PartyDeck/PartyDeck/godot/ios-host/build/AuthorityDerivedData/ModuleCache.noindex -sdk-module-cache-path /Users/runner/work/PartyDeck/PartyDeck/godot/ios-host/build/AuthorityDerivedData/ModuleCache.noindex -serialize-diagnostics -emit-dependencies -emit-module -emit-module-path /Users/runner/work/PartyDeck/PartyDeck/godot/ios-host/build/AuthorityDerivedData/Build/Intermediates.noindex/AuthorityHost.build/Debug-iphonesimulator/AuthorityHostUITests.build/Objects-normal/arm64/AuthorityHostUITests.swiftmodule -validate-clang-modules-once -clang-build-session-file /Users/runner/work/PartyDeck/PartyDeck/godot/ios-host/build/AuthorityDerivedData/ModuleCache.noindex/Session.modulevalidation -Xcc -I/Users/runner/work/PartyDeck/PartyDeck/godot/ios-host/build/AuthorityDerivedData/Build/Intermediates.noindex/AuthorityHost.build/Debug-iphonesimulator/AuthorityHostUITests.build/swift-overrides.hmap -emit-const-values -Xfrontend -const-gather-protocols-file -Xfrontend /Users/runner/work/PartyDeck/PartyDeck/godot/ios-host/build/AuthorityDerivedData/Build/Intermediates.noindex/AuthorityHost.build/Debug-iphonesimulator/AuthorityHostUITests.build/Objects-normal/arm64/AuthorityHostUITests_const_extract_protocols.json -Xcc -iquote -Xcc /Users/runner/work/PartyDeck/PartyDeck/godot/ios-host/build/AuthorityDerivedData/Build/Intermediates.noindex/AuthorityHost.build/Debug-iphonesimulator/AuthorityHostUITests.build/AuthorityHostUITests-generated-files.hmap -Xcc -I/Users/runner/work/PartyDeck/PartyDeck/godot/ios-host/build/AuthorityDerivedData/Build/Intermediates.noindex/AuthorityHost.build/Debug-iphonesimulator/AuthorityHostUITests.build/AuthorityHostUITests-own-target-headers.hmap -Xcc -I/Users/runner/work/PartyDeck/PartyDeck/godot/ios-host/build/AuthorityDerivedData/Build/Intermediates.noindex/AuthorityHost.build/Debug-iphonesimulator/AuthorityHostUITests.build/AuthorityHostUITests-all-target-headers.hmap -Xcc -iquote -Xcc /Users/runner/work/PartyDeck/PartyDeck/godot/ios-host/build/AuthorityDerivedData/Build/Intermediates.noindex/AuthorityHost.build/Debug-iphonesimulator/AuthorityHostUITests.build/AuthorityHostUITests-project-headers.hmap -Xcc -I/Users/runner/work/PartyDeck/PartyDeck/godot/ios-host/build/AuthorityDerivedData/Build/Products/Debug-iphonesimulator/include -Xcc -I/Users/runner/work/PartyDeck/PartyDeck/godot/ios-host/build/AuthorityDerivedData/Build/Intermediates.noindex/AuthorityHost.build/Debug-iphonesimulator/AuthorityHostUITests.build/DerivedSources-normal/arm64 -Xcc -I/Users/runner/work/PartyDeck/PartyDeck/godot/ios-host/build/AuthorityDerivedData/Build/Intermediates.noindex/AuthorityHost.build/Debug-iphonesimulator/AuthorityHostUITests.build/DerivedSources/arm64 -Xcc -I/Users/runner/work/PartyDeck/PartyDeck/godot/ios-host/build/AuthorityDerivedData/Build/Intermediates.noindex/AuthorityHost.build/Debug-iphonesimulator/AuthorityHostUITests.build/DerivedSources -emit-objc-header -emit-objc-header-path /Users/runner/work/PartyDeck/PartyDeck/godot/ios-host/build/AuthorityDerivedData/Build/Intermediates.noindex/AuthorityHost.build/Debug-iphonesimulator/AuthorityHostUITests.build/Objects-normal/arm64/AuthorityHostUITests-Swift.h -working-directory /Users/runner/work/PartyDeck/PartyDeck/godot/ios-host -experimental-emit-module-separately -disable-cmo
2026-09-10T12:57:44.1347930Z 
2026-09-10T12:57:44.1353480Z SwiftMergeGeneratedHeaders /Users/runner/work/PartyDeck/PartyDeck/godot/ios-host/build/AuthorityDerivedData/Build/Intermediates.noindex/AuthorityHost.build/Debug-iphonesimulator/AuthorityHostUITests.build/DerivedSources/AuthorityHostUITests-Swift.h /Users/runner/work/PartyDeck/PartyDeck/godot/ios-host/build/AuthorityDerivedData/Build/Intermediates.noindex/AuthorityHost.build/Debug-iphonesimulator/AuthorityHostUITests.build/Objects-normal/arm64/AuthorityHostUITests-Swift.h (in target 'AuthorityHostUITests' from project 'AuthorityHost')
2026-09-10T12:57:44.1489130Z     cd /Users/runner/work/PartyDeck/PartyDeck/godot/ios-host
2026-09-10T12:57:44.1745210Z     builtin-swiftHeaderTool -arch arm64 /Users/runner/work/PartyDeck/PartyDeck/godot/ios-host/build/AuthorityDerivedData/Build/Intermediates.noindex/AuthorityHost.build/Debug-iphonesimulator/AuthorityHostUITests.build/Objects-normal/arm64/AuthorityHostUITests-Swift.h -o /Users/runner/work/PartyDeck/PartyDeck/godot/ios-host/build/AuthorityDerivedData/Build/Intermediates.noindex/AuthorityHost.build/Debug-iphonesimulator/AuthorityHostUITests.build/DerivedSources/AuthorityHostUITests-Swift.h
2026-09-10T12:57:44.1866600Z 
2026-09-10T12:57:44.2101260Z Copy /Users/runner/work/PartyDeck/PartyDeck/godot/ios-host/build/AuthorityDerivedData/Build/Products/Debug-iphonesimulator/AuthorityHostUITests.swiftmodule/arm64-apple-ios-simulator.swiftmodule /Users/runner/work/PartyDeck/PartyDeck/godot/ios-host/build/AuthorityDerivedData/Build/Intermediates.noindex/AuthorityHost.build/Debug-iphonesimulator/AuthorityHostUITests.build/Objects-normal/arm64/AuthorityHostUITests.swiftmodule (in target 'AuthorityHostUITests' from project 'AuthorityHost')
2026-09-10T12:57:44.2326380Z     cd /Users/runner/work/PartyDeck/PartyDeck/godot/ios-host
2026-09-10T12:57:44.2466270Z     builtin-copy -exclude .DS_Store -exclude CVS -exclude .svn -exclude .git -exclude .hg -strip-unsigned-binaries -strip-deterministic -strip-tool /Applications/Xcode_26.4.1.app/Contents/Developer/Toolchains/XcodeDefault.xctoolchain/usr/bin/strip -resolve-src-symlinks -rename /Users/runner/work/PartyDeck/PartyDeck/godot/ios-host/build/AuthorityDerivedData/Build/Intermediates.noindex/AuthorityHost.build/Debug-iphonesimulator/AuthorityHostUITests.build/Objects-normal/arm64/AuthorityHostUITests.swiftmodule /Users/runner/work/PartyDeck/PartyDeck/godot/ios-host/build/AuthorityDerivedData/Build/Products/Debug-iphonesimulator/AuthorityHostUITests.swiftmodule/arm64-apple-ios-simulator.swiftmodule
2026-09-10T12:57:44.2656440Z 
2026-09-10T12:57:44.2658850Z Copy /Users/runner/work/PartyDeck/PartyDeck/godot/ios-host/build/AuthorityDerivedData/Build/Products/Debug-iphonesimulator/AuthorityHostUITests.swiftmodule/arm64-apple-ios-simulator.swiftdoc /Users/runner/work/PartyDeck/PartyDeck/godot/ios-host/build/AuthorityDerivedData/Build/Intermediates.noindex/AuthorityHost.build/Debug-iphonesimulator/AuthorityHostUITests.build/Objects-normal/arm64/AuthorityHostUITests.swiftdoc (in target 'AuthorityHostUITests' from project 'AuthorityHost')
2026-09-10T12:57:44.2661200Z     cd /Users/runner/work/PartyDeck/PartyDeck/godot/ios-host
2026-09-10T12:57:44.2664450Z     builtin-copy -exclude .DS_Store -exclude CVS -exclude .svn -exclude .git -exclude .hg -strip-unsigned-binaries -strip-deterministic -strip-tool /Applications/Xcode_26.4.1.app/Contents/Developer/Toolchains/XcodeDefault.xctoolchain/usr/bin/strip -resolve-src-symlinks -rename /Users/runner/work/PartyDeck/PartyDeck/godot/ios-host/build/AuthorityDerivedData/Build/Intermediates.noindex/AuthorityHost.build/Debug-iphonesimulator/AuthorityHostUITests.build/Objects-normal/arm64/AuthorityHostUITests.swiftdoc /Users/runner/work/PartyDeck/PartyDeck/godot/ios-host/build/AuthorityDerivedData/Build/Products/Debug-iphonesimulator/AuthorityHostUITests.swiftmodule/arm64-apple-ios-simulator.swiftdoc
2026-09-10T12:57:44.2670390Z 
2026-09-10T12:57:44.2675440Z Copy /Users/runner/work/PartyDeck/PartyDeck/godot/ios-host/build/AuthorityDerivedData/Build/Products/Debug-iphonesimulator/AuthorityHostUITests.swiftmodule/arm64-apple-ios-simulator.abi.json /Users/runner/work/PartyDeck/PartyDeck/godot/ios-host/build/AuthorityDerivedData/Build/Intermediates.noindex/AuthorityHost.build/Debug-iphonesimulator/AuthorityHostUITests.build/Objects-normal/arm64/AuthorityHostUITests.abi.json (in target 'AuthorityHostUITests' from project 'AuthorityHost')
2026-09-10T12:57:44.2683620Z     cd /Users/runner/work/PartyDeck/PartyDeck/godot/ios-host
2026-09-10T12:57:44.2710160Z     builtin-copy -exclude .DS_Store -exclude CVS -exclude .svn -exclude .git -exclude .hg -strip-unsigned-binaries -strip-deterministic -strip-tool /Applications/Xcode_26.4.1.app/Contents/Developer/Toolchains/XcodeDefault.xctoolchain/usr/bin/strip -resolve-src-symlinks -rename /Users/runner/work/PartyDeck/PartyDeck/godot/ios-host/build/AuthorityDerivedData/Build/Intermediates.noindex/AuthorityHost.build/Debug-iphonesimulator/AuthorityHostUITests.build/Objects-normal/arm64/AuthorityHostUITests.abi.json /Users/runner/work/PartyDeck/PartyDeck/godot/ios-host/build/AuthorityDerivedData/Build/Products/Debug-iphonesimulator/AuthorityHostUITests.swiftmodule/arm64-apple-ios-simulator.abi.json
2026-09-10T12:57:44.2808180Z 
2026-09-10T12:57:44.2819220Z Copy /Users/runner/work/PartyDeck/PartyDeck/godot/ios-host/build/AuthorityDerivedData/Build/Products/Debug-iphonesimulator/AuthorityHostUITests.swiftmodule/Project/arm64-apple-ios-simulator.swiftsourceinfo /Users/runner/work/PartyDeck/PartyDeck/godot/ios-host/build/AuthorityDerivedData/Build/Intermediates.noindex/AuthorityHost.build/Debug-iphonesimulator/AuthorityHostUITests.build/Objects-normal/arm64/AuthorityHostUITests.swiftsourceinfo (in target 'AuthorityHostUITests' from project 'AuthorityHost')
2026-09-10T12:57:44.2821800Z     cd /Users/runner/work/PartyDeck/PartyDeck/godot/ios-host
2026-09-10T12:57:44.2889050Z     builtin-copy -exclude .DS_Store -exclude CVS -exclude .svn -exclude .git -exclude .hg -strip-unsigned-binaries -strip-deterministic -strip-tool /Applications/Xcode_26.4.1.app/Contents/Developer/Toolchains/XcodeDefault.xctoolchain/usr/bin/strip -resolve-src-symlinks -rename /Users/runner/work/PartyDeck/PartyDeck/godot/ios-host/build/AuthorityDerivedData/Build/Intermediates.noindex/AuthorityHost.build/Debug-iphonesimulator/AuthorityHostUITests.build/Objects-normal/arm64/AuthorityHostUITests.swiftsourceinfo /Users/runner/work/PartyDeck/PartyDeck/godot/ios-host/build/AuthorityDerivedData/Build/Products/Debug-iphonesimulator/AuthorityHostUITests.swiftmodule/Project/arm64-apple-ios-simulator.swiftsourceinfo
2026-09-10T12:57:44.2894280Z 
2026-09-10T12:57:44.2894820Z SwiftDriverJobDiscovery normal arm64 Compiling AuthorityHostUITests.swift (in target 'AuthorityHostUITests' from project 'AuthorityHost')
2026-09-10T12:57:44.2899340Z 
2026-09-10T12:57:44.2900950Z SwiftDriver\ Compilation AuthorityHostUITests normal arm64 com.apple.xcode.tools.swift.compiler (in target 'AuthorityHostUITests' from project 'AuthorityHost')
2026-09-10T12:57:44.2905070Z     cd /Users/runner/work/PartyDeck/PartyDeck/godot/ios-host
2026-09-10T12:57:44.3050220Z     builtin-Swift-Compilation -- /Applications/Xcode_26.4.1.app/Contents/Developer/Toolchains/XcodeDefault.xctoolchain/usr/bin/swiftc -module-name AuthorityHostUITests -Onone @/Users/runner/work/PartyDeck/PartyDeck/godot/ios-host/build/AuthorityDerivedData/Build/Intermediates.noindex/AuthorityHost.build/Debug-iphonesimulator/AuthorityHostUITests.build/Objects-normal/arm64/AuthorityHostUITests.SwiftFileList -module-alias Testing\=_Testing_Unavailable -plugin-path /Applications/Xcode_26.4.1.app/Contents/Developer/Toolchains/XcodeDefault.xctoolchain/usr/lib/swift/host/plugins/testing -enable-experimental-feature DebugDescriptionMacro -sdk /Applications/Xcode_26.4.1.app/Contents/Developer/Platforms/iPhoneSimulator.platform/Developer/SDKs/iPhoneSimulator26.4.sdk -target arm64-apple-ios15.0-simulator -g -module-cache-path /Users/runner/work/PartyDeck/PartyDeck/godot/ios-host/build/AuthorityDerivedData/ModuleCache.noindex -Xfrontend -serialize-debugging-options -enable-testing -index-store-path /Users/runner/work/PartyDeck/PartyDeck/godot/ios-host/build/AuthorityDerivedData/Index.noindex/DataStore -swift-version 6 -I /Users/runner/work/PartyDeck/PartyDeck/godot/ios-host/build/AuthorityDerivedData/Build/Products/Debug-iphonesimulator -Isystem /Applications/Xcode_26.4.1.app/Contents/Developer/Platforms/iPhoneSimulator.platform/Developer/usr/lib -F /Users/runner/work/PartyDeck/PartyDeck/godot/ios-host/build/AuthorityDerivedData/Build/Products/Debug-iphonesimulator -F /Applications/Xcode_26.4.1.app/Contents/Developer/Platforms/iPhoneSimulator.platform/Developer/Library/Frameworks -F /Applications/Xcode_26.4.1.app/Contents/Developer/Platforms/iPhoneSimulator.platform/Developer/SDKs/iPhoneSimulator26.4.sdk/Developer/Library/Frameworks -parse-as-library -c -j3 -enable-batch-mode -incremental -Xcc -ivfsstatcache -Xcc /Users/runner/work/PartyDeck/PartyDeck/godot/ios-host/build/AuthorityDerivedData/SDKStatCaches.noindex/iphonesimulator26.4-23E252-688ef53f1462e2c8f657fdc38a81448f893e4a944e4cdd9af1f5077e1341bc52.sdkstatcache -output-file-map /Users/runner/work/PartyDeck/PartyDeck/godot/ios-host/build/AuthorityDerivedData/Build/Intermediates.noindex/AuthorityHost.build/Debug-iphonesimulator/AuthorityHostUITests.build/Objects-normal/arm64/AuthorityHostUITests-OutputFileMap.json -use-frontend-parseable-output -save-temps -no-color-diagnostics -explicit-module-build -module-cache-path /Users/runner/work/PartyDeck/PartyDeck/godot/ios-host/build/AuthorityDerivedData/Build/Intermediates.noindex/SwiftExplicitPrecompiledModules -clang-scanner-module-cache-path /Users/runner/work/PartyDeck/PartyDeck/godot/ios-host/build/AuthorityDerivedData/ModuleCache.noindex -sdk-module-cache-path /Users/runner/work/PartyDeck/PartyDeck/godot/ios-host/build/AuthorityDerivedData/ModuleCache.noindex -serialize-diagnostics -emit-dependencies -emit-module -emit-module-path /Users/runner/work/PartyDeck/PartyDeck/godot/ios-host/build/AuthorityDerivedData/Build/Intermediates.noindex/AuthorityHost.build/Debug-iphonesimulator/AuthorityHostUITests.build/Objects-normal/arm64/AuthorityHostUITests.swiftmodule -validate-clang-modules-once -clang-build-session-file /Users/runner/work/PartyDeck/PartyDeck/godot/ios-host/build/AuthorityDerivedData/ModuleCache.noindex/Session.modulevalidation -Xcc -I/Users/runner/work/PartyDeck/PartyDeck/godot/ios-host/build/AuthorityDerivedData/Build/Intermediates.noindex/AuthorityHost.build/Debug-iphonesimulator/AuthorityHostUITests.build/swift-overrides.hmap -emit-const-values -Xfrontend -const-gather-protocols-file -Xfrontend /Users/runner/work/PartyDeck/PartyDeck/godot/ios-host/build/AuthorityDerivedData/Build/Intermediates.noindex/AuthorityHost.build/Debug-iphonesimulator/AuthorityHostUITests.build/Objects-normal/arm64/AuthorityHostUITests_const_extract_protocols.json -Xcc -iquote -Xcc /Users/runner/work/PartyDeck/PartyDeck/godot/ios-host/build/AuthorityDerivedData/Build/Intermediates.noindex/AuthorityHost.build/Debug-iphonesimulator/AuthorityHostUITests.build/AuthorityHostUITests-generated-files.hmap -Xcc -I/Users/runner/work/PartyDeck/PartyDeck/godot/ios-host/build/AuthorityDerivedData/Build/Intermediates.noindex/AuthorityHost.build/Debug-iphonesimulator/AuthorityHostUITests.build/AuthorityHostUITests-own-target-headers.hmap -Xcc -I/Users/runner/work/PartyDeck/PartyDeck/godot/ios-host/build/AuthorityDerivedData/Build/Intermediates.noindex/AuthorityHost.build/Debug-iphonesimulator/AuthorityHostUITests.build/AuthorityHostUITests-all-target-headers.hmap -Xcc -iquote -Xcc /Users/runner/work/PartyDeck/PartyDeck/godot/ios-host/build/AuthorityDerivedData/Build/Intermediates.noindex/AuthorityHost.build/Debug-iphonesimulator/AuthorityHostUITests.build/AuthorityHostUITests-project-headers.hmap -Xcc -I/Users/runner/work/PartyDeck/PartyDeck/godot/ios-host/build/AuthorityDerivedData/Build/Products/Debug-iphonesimulator/include -Xcc -I/Users/runner/work/PartyDeck/PartyDeck/godot/ios-host/build/AuthorityDerivedData/Build/Intermediates.noindex/AuthorityHost.build/Debug-iphonesimulator/AuthorityHostUITests.build/DerivedSources-normal/arm64 -Xcc -I/Users/runner/work/PartyDeck/PartyDeck/godot/ios-host/build/AuthorityDerivedData/Build/Intermediates.noindex/AuthorityHost.build/Debug-iphonesimulator/AuthorityHostUITests.build/DerivedSources/arm64 -Xcc -I/Users/runner/work/PartyDeck/PartyDeck/godot/ios-host/build/AuthorityDerivedData/Build/Intermediates.noindex/AuthorityHost.build/Debug-iphonesimulator/AuthorityHostUITests.build/DerivedSources -emit-objc-header -emit-objc-header-path /Users/runner/work/PartyDeck/PartyDeck/godot/ios-host/build/AuthorityDerivedData/Build/Intermediates.noindex/AuthorityHost.build/Debug-iphonesimulator/AuthorityHostUITests.build/Objects-normal/arm64/AuthorityHostUITests-Swift.h -working-directory /Users/runner/work/PartyDeck/PartyDeck/godot/ios-host -experimental-emit-module-separately -disable-cmo
2026-09-10T12:57:44.3072850Z 
2026-09-10T12:57:44.3073960Z Ld /Users/runner/work/PartyDeck/PartyDeck/godot/ios-host/build/AuthorityDerivedData/Build/Products/Debug-iphonesimulator/AuthorityHostUITests-Runner.app/PlugIns/AuthorityHostUITests.xctest/AuthorityHostUITests normal (in target 'AuthorityHostUITests' from project 'AuthorityHost')
2026-09-10T12:57:44.3075230Z     cd /Users/runner/work/PartyDeck/PartyDeck/godot/ios-host
2026-09-10T12:57:44.3100770Z     /Applications/Xcode_26.4.1.app/Contents/Developer/Toolchains/XcodeDefault.xctoolchain/usr/bin/clang -Xlinker -reproducible -target arm64-apple-ios15.0-simulator -bundle -isysroot /Applications/Xcode_26.4.1.app/Contents/Developer/Platforms/iPhoneSimulator.platform/Developer/SDKs/iPhoneSimulator26.4.sdk -Os -L/Users/runner/work/PartyDeck/PartyDeck/godot/ios-host/build/AuthorityDerivedData/Build/Intermediates.noindex/EagerLinkingTBDs/Debug-iphonesimulator -L/Users/runner/work/PartyDeck/PartyDeck/godot/ios-host/build/AuthorityDerivedData/Build/Products/Debug-iphonesimulator -L/Applications/Xcode_26.4.1.app/Contents/Developer/Platforms/iPhoneSimulator.platform/Developer/usr/lib -F/Users/runner/work/PartyDeck/PartyDeck/godot/ios-host/build/AuthorityDerivedData/Build/Intermediates.noindex/EagerLinkingTBDs/Debug-iphonesimulator -F/Users/runner/work/PartyDeck/PartyDeck/godot/ios-host/build/AuthorityDerivedData/Build/Products/Debug-iphonesimulator -iframework /Applications/Xcode_26.4.1.app/Contents/Developer/Platforms/iPhoneSimulator.platform/Developer/Library/Frameworks -iframework /Applications/Xcode_26.4.1.app/Contents/Developer/Platforms/iPhoneSimulator.platform/Developer/SDKs/iPhoneSimulator26.4.sdk/Developer/Library/Frameworks -filelist /Users/runner/work/PartyDeck/PartyDeck/godot/ios-host/build/AuthorityDerivedData/Build/Intermediates.noindex/AuthorityHost.build/Debug-iphonesimulator/AuthorityHostUITests.build/Objects-normal/arm64/AuthorityHostUITests.LinkFileList -Xlinker -rpath -Xlinker /usr/lib/swift -Xlinker -rpath -Xlinker @loader_path/Frameworks -Xlinker -rpath -Xlinker @executable_path/Frameworks -Xlinker -dead_strip -Xlinker -object_path_lto -Xlinker /Users/runner/work/PartyDeck/PartyDeck/godot/ios-host/build/AuthorityDerivedData/Build/Intermediates.noindex/AuthorityHost.build/Debug-iphonesimulator/AuthorityHostUITests.build/Objects-normal/arm64/AuthorityHostUITests_lto.o -rdynamic -Xlinker -objc_abi_version -Xlinker 2 -Xlinker -dependency_info -Xlinker /Users/runner/work/PartyDeck/PartyDeck/godot/ios-host/build/AuthorityDerivedData/Build/Intermediates.noindex/AuthorityHost.build/Debug-iphonesimulator/AuthorityHostUITests.build/Objects-normal/arm64/AuthorityHostUITests_dependency_info.dat -fobjc-link-runtime -L/Applications/Xcode_26.4.1.app/Contents/Developer/Toolchains/XcodeDefault.xctoolchain/usr/lib/swift/iphonesimulator -L/usr/lib/swift -Xlinker -add_ast_path -Xlinker /Users/runner/work/PartyDeck/PartyDeck/godot/ios-host/build/AuthorityDerivedData/Build/Intermediates.noindex/AuthorityHost.build/Debug-iphonesimulator/AuthorityHostUITests.build/Objects-normal/arm64/AuthorityHostUITests.swiftmodule @/Users/runner/work/PartyDeck/PartyDeck/godot/ios-host/build/AuthorityDerivedData/Build/Intermediates.noindex/AuthorityHost.build/Debug-iphonesimulator/AuthorityHostUITests.build/Objects-normal/arm64/AuthorityHostUITests-linker-args.resp -Xlinker -needed_framework -Xlinker XCTest -framework XCTest -Xlinker -needed-lXCTestSwiftSupport -lXCTestSwiftSupport -o /Users/runner/work/PartyDeck/PartyDeck/godot/ios-host/build/AuthorityDerivedData/Build/Products/Debug-iphonesimulator/AuthorityHostUITests-Runner.app/PlugIns/AuthorityHostUITests.xctest/AuthorityHostUITests
2026-09-10T12:57:48.5827350Z 
2026-09-10T12:57:48.5991750Z CopySwiftLibs /Users/runner/work/PartyDeck/PartyDeck/godot/ios-host/build/AuthorityDerivedData/Build/Products/Debug-iphonesimulator/AuthorityHostUITests-Runner.app/PlugIns/AuthorityHostUITests.xctest (in target 'AuthorityHostUITests' from project 'AuthorityHost')
2026-09-10T12:57:48.6270580Z     cd /Users/runner/work/PartyDeck/PartyDeck/godot/ios-host
2026-09-10T12:57:48.6493860Z     builtin-swiftStdLibTool --copy --verbose --scan-executable /Users/runner/work/PartyDeck/PartyDeck/godot/ios-host/build/AuthorityDerivedData/Build/Products/Debug-iphonesimulator/AuthorityHostUITests-Runner.app/PlugIns/AuthorityHostUITests.xctest/AuthorityHostUITests --scan-folder /Users/runner/work/PartyDeck/PartyDeck/godot/ios-host/build/AuthorityDerivedData/Build/Products/Debug-iphonesimulator/AuthorityHostUITests-Runner.app/PlugIns/AuthorityHostUITests.xctest/Frameworks --scan-folder /Users/runner/work/PartyDeck/PartyDeck/godot/ios-host/build/AuthorityDerivedData/Build/Products/Debug-iphonesimulator/AuthorityHostUITests-Runner.app/PlugIns/AuthorityHostUITests.xctest/PlugIns --scan-folder /Users/runner/work/PartyDeck/PartyDeck/godot/ios-host/build/AuthorityDerivedData/Build/Products/Debug-iphonesimulator/AuthorityHostUITests-Runner.app/PlugIns/AuthorityHostUITests.xctest/SystemExtensions --scan-folder /Users/runner/work/PartyDeck/PartyDeck/godot/ios-host/build/AuthorityDerivedData/Build/Products/Debug-iphonesimulator/AuthorityHostUITests-Runner.app/PlugIns/AuthorityHostUITests.xctest/Extensions --platform iphonesimulator --toolchain /var/run/com.apple.security.cryptexd/mnt/com.apple.MobileAsset.MetalToolchain-v17.5.188.0.SQl8gn/Metal.xctoolchain --toolchain /Applications/Xcode_26.4.1.app/Contents/Developer/Toolchains/XcodeDefault.xctoolchain --destination /Users/runner/work/PartyDeck/PartyDeck/godot/ios-host/build/AuthorityDerivedData/Build/Products/Debug-iphonesimulator/AuthorityHostUITests-Runner.app/PlugIns/AuthorityHostUITests.xctest/Frameworks --strip-bitcode --scan-executable /Applications/Xcode_26.4.1.app/Contents/Developer/Platforms/iPhoneSimulator.platform/Developer/usr/lib/libXCTestSwiftSupport.dylib --strip-bitcode-tool /Applications/Xcode_26.4.1.app/Contents/Developer/Toolchains/XcodeDefault.xctoolchain/usr/bin/bitcode_strip --emit-dependency-info /Users/runner/work/PartyDeck/PartyDeck/godot/ios-host/build/AuthorityDerivedData/Build/Intermediates.noindex/AuthorityHost.build/Debug-iphonesimulator/AuthorityHostUITests.build/SwiftStdLibToolInputDependencies.dep --filter-for-swift-os
2026-09-10T12:57:48.9166730Z Ignoring --strip-bitcode because --sign was not passed
2026-09-10T12:57:48.9268070Z 
2026-09-10T12:57:48.9559850Z ExtractAppIntentsMetadata (in target 'AuthorityHostUITests' from project 'AuthorityHost')
2026-09-10T12:57:48.9665990Z     cd /Users/runner/work/PartyDeck/PartyDeck/godot/ios-host
2026-09-10T12:57:48.9778130Z     /Applications/Xcode_26.4.1.app/Contents/Developer/Toolchains/XcodeDefault.xctoolchain/usr/bin/appintentsmetadataprocessor --toolchain-dir /var/run/com.apple.security.cryptexd/mnt/com.apple.MobileAsset.MetalToolchain-v17.5.188.0.SQl8gn/Metal.xctoolchain --module-name AuthorityHostUITests --sdk-root /Applications/Xcode_26.4.1.app/Contents/Developer/Platforms/iPhoneSimulator.platform/Developer/SDKs/iPhoneSimulator26.4.sdk --xcode-version 17E202 --platform-family iOS --deployment-target 15.0 --bundle-identifier dev.partydeck.godot.iosauthority.UITests --output /Users/runner/work/PartyDeck/PartyDeck/godot/ios-host/build/AuthorityDerivedData/Build/Products/Debug-iphonesimulator/AuthorityHostUITests-Runner.app/PlugIns/AuthorityHostUITests.xctest --target-triple arm64-apple-ios15.0-simulator --binary-file /Users/runner/work/PartyDeck/PartyDeck/godot/ios-host/build/AuthorityDerivedData/Build/Products/Debug-iphonesimulator/AuthorityHostUITests-Runner.app/PlugIns/AuthorityHostUITests.xctest/AuthorityHostUITests --dependency-file /Users/runner/work/PartyDeck/PartyDeck/godot/ios-host/build/AuthorityDerivedData/Build/Intermediates.noindex/AuthorityHost.build/Debug-iphonesimulator/AuthorityHostUITests.build/Objects-normal/arm64/AuthorityHostUITests_dependency_info.dat --stringsdata-file /Users/runner/work/PartyDeck/PartyDeck/godot/ios-host/build/AuthorityDerivedData/Build/Intermediates.noindex/AuthorityHost.build/Debug-iphonesimulator/AuthorityHostUITests.build/Objects-normal/arm64/ExtractedAppShortcutsMetadata.stringsdata --source-file-list /Users/runner/work/PartyDeck/PartyDeck/godot/ios-host/build/AuthorityDerivedData/Build/Intermediates.noindex/AuthorityHost.build/Debug-iphonesimulator/AuthorityHostUITests.build/Objects-normal/arm64/AuthorityHostUITests.SwiftFileList --metadata-file-list /Users/runner/work/PartyDeck/PartyDeck/godot/ios-host/build/AuthorityDerivedData/Build/Intermediates.noindex/AuthorityHost.build/Debug-iphonesimulator/AuthorityHostUITests.build/AuthorityHostUITests.DependencyMetadataFileList --static-metadata-file-list /Users/runner/work/PartyDeck/PartyDeck/godot/ios-host/build/AuthorityDerivedData/Build/Intermediates.noindex/AuthorityHost.build/Debug-iphonesimulator/AuthorityHostUITests.build/AuthorityHostUITests.DependencyStaticMetadataFileList --swift-const-vals-list /Users/runner/work/PartyDeck/PartyDeck/godot/ios-host/build/AuthorityDerivedData/Build/Intermediates.noindex/AuthorityHost.build/Debug-iphonesimulator/AuthorityHostUITests.build/Objects-normal/arm64/AuthorityHostUITests.SwiftConstValuesFileList --compile-time-extraction --deployment-aware-processing --validate-assistant-intents --no-app-shortcuts-localization
2026-09-10T12:57:50.9109060Z 2026-09-10 12:57:50.784 appintentsmetadataprocessor[12538:40894] Starting appintentsmetadataprocessor export
2026-09-10T12:57:50.9129360Z 2026-09-10 12:57:50.896 appintentsmetadataprocessor[12538:40894] warning: Metadata extraction skipped. No AppIntents.framework dependency found.
2026-09-10T12:57:50.9130110Z 
2026-09-10T12:57:50.9130320Z AppIntentsSSUTraining (in target 'AuthorityHostUITests' from project 'AuthorityHost')
2026-09-10T12:57:50.9131110Z     cd /Users/runner/work/PartyDeck/PartyDeck/godot/ios-host
2026-09-10T12:57:50.9137060Z     /Applications/Xcode_26.4.1.app/Contents/Developer/Toolchains/XcodeDefault.xctoolchain/usr/bin/appintentsnltrainingprocessor --infoplist-path /Users/runner/work/PartyDeck/PartyDeck/godot/ios-host/build/AuthorityDerivedData/Build/Products/Debug-iphonesimulator/AuthorityHostUITests-Runner.app/PlugIns/AuthorityHostUITests.xctest/Info.plist --temp-dir-path /Users/runner/work/PartyDeck/PartyDeck/godot/ios-host/build/AuthorityDerivedData/Build/Intermediates.noindex/AuthorityHost.build/Debug-iphonesimulator/AuthorityHostUITests.build/ssu --bundle-id dev.partydeck.godot.iosauthority.UITests --product-path /Users/runner/work/PartyDeck/PartyDeck/godot/ios-host/build/AuthorityDerivedData/Build/Products/Debug-iphonesimulator/AuthorityHostUITests-Runner.app/PlugIns/AuthorityHostUITests.xctest --extracted-metadata-path /Users/runner/work/PartyDeck/PartyDeck/godot/ios-host/build/AuthorityDerivedData/Build/Products/Debug-iphonesimulator/AuthorityHostUITests-Runner.app/PlugIns/AuthorityHostUITests.xctest/Metadata.appintents --metadata-file-list /Users/runner/work/PartyDeck/PartyDeck/godot/ios-host/build/AuthorityDerivedData/Build/Intermediates.noindex/AuthorityHost.build/Debug-iphonesimulator/AuthorityHostUITests.build/AuthorityHostUITests.DependencyMetadataFileList --source-file /Users/runner/work/PartyDeck/PartyDeck/godot/ios-host/build/AuthorityDerivedData/Build/Products/Debug-iphonesimulator/AuthorityHostUITests-Runner.app/PlugIns/AuthorityHostUITests.xctest/Info.plist --archive-ssu-assets
2026-09-10T12:57:51.2022280Z 2026-09-10 12:57:51.178 appintentsnltrainingprocessor[12612:41069] Parsing options for appintentsnltrainingprocessor
2026-09-10T12:57:51.2315190Z 2026-09-10 12:57:51.179 appintentsnltrainingprocessor[12612:41069] Starting AppIntents SSU YAML Generation
2026-09-10T12:57:51.2355800Z 2026-09-10 12:57:51.194 appintentsnltrainingprocessor[12612:41069] No AppShortcuts found - Skipping.
2026-09-10T12:57:51.2462600Z 
2026-09-10T12:57:51.2585660Z MkDir /Users/runner/work/PartyDeck/PartyDeck/godot/ios-host/build/AuthorityDerivedData/Build/Products/Debug-iphonesimulator/AuthorityHostUITests-Runner.app (in target 'AuthorityHostUITests' from project 'AuthorityHost')
2026-09-10T12:57:51.2678910Z     cd /Users/runner/work/PartyDeck/PartyDeck/godot/ios-host
2026-09-10T12:57:51.2683770Z     /bin/mkdir -p /Users/runner/work/PartyDeck/PartyDeck/godot/ios-host/build/AuthorityDerivedData/Build/Products/Debug-iphonesimulator/AuthorityHostUITests-Runner.app
2026-09-10T12:57:51.2688460Z 
2026-09-10T12:57:51.2753680Z CopyPlistFile /Users/runner/work/PartyDeck/PartyDeck/godot/ios-host/build/AuthorityDerivedData/Build/Products/Debug-iphonesimulator/AuthorityHostUITests-Runner.app/Info.plist /Applications/Xcode_26.4.1.app/Contents/Developer/Platforms/iPhoneSimulator.platform/Developer/Library/Xcode/Agents/XCTRunner.app/Info.plist (in target 'AuthorityHostUITests' from project 'AuthorityHost')
2026-09-10T12:57:51.3008400Z     cd /Users/runner/work/PartyDeck/PartyDeck/godot/ios-host
2026-09-10T12:57:51.3141290Z     builtin-copyPlist --validate --convert xml1 --macro-expansion WRAPPEDPRODUCTNAME AuthorityHostUITests-Runner --macro-expansion WRAPPEDPRODUCTBUNDLEIDENTIFIER dev.partydeck.godot.iosauthority.UITests.xctrunner --macro-expansion TESTPRODUCTNAME AuthorityHostUITests --macro-expansion TESTPRODUCTBUNDLEIDENTIFIER dev.partydeck.godot.iosauthority.UITests --copy-value UIDeviceFamily /Users/runner/work/PartyDeck/PartyDeck/godot/ios-host/build/AuthorityDerivedData/Build/Products/Debug-iphonesimulator/AuthorityHostUITests-Runner.app/PlugIns/AuthorityHostUITests.xctest/Info.plist --outdir /Users/runner/work/PartyDeck/PartyDeck/godot/ios-host/build/AuthorityDerivedData/Build/Products/Debug-iphonesimulator/AuthorityHostUITests-Runner.app -- /Applications/Xcode_26.4.1.app/Contents/Developer/Platforms/iPhoneSimulator.platform/Developer/Library/Xcode/Agents/XCTRunner.app/Info.plist
2026-09-10T12:57:51.3152920Z 
2026-09-10T12:57:51.3155630Z CopyAndPreserveArchs /Users/runner/work/PartyDeck/PartyDeck/godot/ios-host/build/AuthorityDerivedData/Build/Products/Debug-iphonesimulator/AuthorityHostUITests-Runner.app/AuthorityHostUITests-Runner (in target 'AuthorityHostUITests' from project 'AuthorityHost')
2026-09-10T12:57:51.3159030Z     cd /Users/runner/work/PartyDeck/PartyDeck/godot/ios-host
2026-09-10T12:57:51.3258630Z     /Applications/Xcode_26.4.1.app/Contents/Developer/Toolchains/XcodeDefault.xctoolchain/usr/bin/lipo /Applications/Xcode_26.4.1.app/Contents/Developer/Platforms/iPhoneSimulator.platform/Developer/Library/Xcode/Agents/XCTRunner.app/XCTRunner -output /Users/runner/work/PartyDeck/PartyDeck/godot/ios-host/build/AuthorityDerivedData/Build/Products/Debug-iphonesimulator/AuthorityHostUITests-Runner.app/AuthorityHostUITests-Runner -extract arm64
2026-09-10T12:57:51.3279280Z 
2026-09-10T12:57:51.3285460Z Copy /Users/runner/work/PartyDeck/PartyDeck/godot/ios-host/build/AuthorityDerivedData/Build/Products/Debug-iphonesimulator/AuthorityHostUITests-Runner.app/PkgInfo /Applications/Xcode_26.4.1.app/Contents/Developer/Platforms/iPhoneSimulator.platform/Developer/Library/Xcode/Agents/XCTRunner.app/PkgInfo (in target 'AuthorityHostUITests' from project 'AuthorityHost')
2026-09-10T12:57:51.3289290Z     cd /Users/runner/work/PartyDeck/PartyDeck/godot/ios-host
2026-09-10T12:57:51.3291600Z     builtin-copy -exclude .DS_Store -exclude CVS -exclude .svn -exclude .git -exclude .hg -strip-unsigned-binaries -strip-deterministic -strip-tool /Applications/Xcode_26.4.1.app/Contents/Developer/Toolchains/XcodeDefault.xctoolchain/usr/bin/strip -resolve-src-symlinks /Applications/Xcode_26.4.1.app/Contents/Developer/Platforms/iPhoneSimulator.platform/Developer/Library/Xcode/Agents/XCTRunner.app/PkgInfo /Users/runner/work/PartyDeck/PartyDeck/godot/ios-host/build/AuthorityDerivedData/Build/Products/Debug-iphonesimulator/AuthorityHostUITests-Runner.app
2026-09-10T12:57:51.3295640Z 
2026-09-10T12:57:51.3301080Z Copy /Users/runner/work/PartyDeck/PartyDeck/godot/ios-host/build/AuthorityDerivedData/Build/Products/Debug-iphonesimulator/AuthorityHostUITests-Runner.app/Frameworks/libXCTestSwiftSupport.dylib /Applications/Xcode_26.4.1.app/Contents/Developer/Platforms/iPhoneSimulator.platform/Developer/usr/lib/libXCTestSwiftSupport.dylib (in target 'AuthorityHostUITests' from project 'AuthorityHost')
2026-09-10T12:57:51.3328280Z     cd /Users/runner/work/PartyDeck/PartyDeck/godot/ios-host
2026-09-10T12:57:51.3331540Z     builtin-copy -exclude .DS_Store -exclude CVS -exclude .svn -exclude .git -exclude .hg -exclude Headers -exclude PrivateHeaders -exclude Modules -exclude \*.tbd -strip-unsigned-binaries -strip-deterministic -strip-tool /Applications/Xcode_26.4.1.app/Contents/Developer/Toolchains/XcodeDefault.xctoolchain/usr/bin/strip -resolve-src-symlinks /Applications/Xcode_26.4.1.app/Contents/Developer/Platforms/iPhoneSimulator.platform/Developer/usr/lib/libXCTestSwiftSupport.dylib /Users/runner/work/PartyDeck/PartyDeck/godot/ios-host/build/AuthorityDerivedData/Build/Products/Debug-iphonesimulator/AuthorityHostUITests-Runner.app/Frameworks
2026-09-10T12:57:52.1792680Z warning: not stripping binary because it is signed: /Applications/Xcode_26.4.1.app/Contents/Developer/Platforms/iPhoneSimulator.platform/Developer/usr/lib/libXCTestSwiftSupport.dylib (in target 'AuthorityHostUITests' from project 'AuthorityHost')
2026-09-10T12:57:52.1899990Z 
2026-09-10T12:57:52.2409570Z Copy /Users/runner/work/PartyDeck/PartyDeck/godot/ios-host/build/AuthorityDerivedData/Build/Products/Debug-iphonesimulator/AuthorityHostUITests-Runner.app/Frameworks/XCUnit.framework /Applications/Xcode_26.4.1.app/Contents/Developer/Platforms/iPhoneSimulator.platform/Developer/Library/PrivateFrameworks/XCUnit.framework (in target 'AuthorityHostUITests' from project 'AuthorityHost')
2026-09-10T12:57:52.2415720Z     cd /Users/runner/work/PartyDeck/PartyDeck/godot/ios-host
2026-09-10T12:57:52.2523050Z     builtin-copy -exclude .DS_Store -exclude CVS -exclude .svn -exclude .git -exclude .hg -exclude Headers -exclude PrivateHeaders -exclude Modules -exclude \*.tbd -strip-unsigned-binaries -strip-deterministic -strip-tool /Applications/Xcode_26.4.1.app/Contents/Developer/Toolchains/XcodeDefault.xctoolchain/usr/bin/strip -resolve-src-symlinks /Applications/Xcode_26.4.1.app/Contents/Developer/Platforms/iPhoneSimulator.platform/Developer/Library/PrivateFrameworks/XCUnit.framework /Users/runner/work/PartyDeck/PartyDeck/godot/ios-host/build/AuthorityDerivedData/Build/Products/Debug-iphonesimulator/AuthorityHostUITests-Runner.app/Frameworks
2026-09-10T12:57:52.2942980Z warning: not stripping binary because it is signed: /Applications/Xcode_26.4.1.app/Contents/Developer/Platforms/iPhoneSimulator.platform/Developer/Library/PrivateFrameworks/XCUnit.framework/XCUnit (in target 'AuthorityHostUITests' from project 'AuthorityHost')
2026-09-10T12:57:52.3119220Z 
2026-09-10T12:57:52.3581480Z Copy /Users/runner/work/PartyDeck/PartyDeck/godot/ios-host/build/AuthorityDerivedData/Build/Products/Debug-iphonesimulator/AuthorityHostUITests-Runner.app/Frameworks/XCUIAutomation.framework /Applications/Xcode_26.4.1.app/Contents/Developer/Platforms/iPhoneSimulator.platform/Developer/Library/Frameworks/XCUIAutomation.framework (in target 'AuthorityHostUITests' from project 'AuthorityHost')
2026-09-10T12:57:52.3585850Z     cd /Users/runner/work/PartyDeck/PartyDeck/godot/ios-host
2026-09-10T12:57:52.3690840Z     builtin-copy -exclude .DS_Store -exclude CVS -exclude .svn -exclude .git -exclude .hg -exclude Headers -exclude PrivateHeaders -exclude Modules -exclude \*.tbd -strip-unsigned-binaries -strip-deterministic -strip-tool /Applications/Xcode_26.4.1.app/Contents/Developer/Toolchains/XcodeDefault.xctoolchain/usr/bin/strip -resolve-src-symlinks /Applications/Xcode_26.4.1.app/Contents/Developer/Platforms/iPhoneSimulator.platform/Developer/Library/Frameworks/XCUIAutomation.framework /Users/runner/work/PartyDeck/PartyDeck/godot/ios-host/build/AuthorityDerivedData/Build/Products/Debug-iphonesimulator/AuthorityHostUITests-Runner.app/Frameworks
2026-09-10T12:57:52.3812880Z warning: not stripping binary because it is signed: /Applications/Xcode_26.4.1.app/Contents/Developer/Platforms/iPhoneSimulator.platform/Developer/Library/Frameworks/XCUIAutomation.framework/XCUIAutomation (in target 'AuthorityHostUITests' from project 'AuthorityHost')
2026-09-10T12:57:52.3915530Z 
2026-09-10T12:57:52.4049690Z Copy /Users/runner/work/PartyDeck/PartyDeck/godot/ios-host/build/AuthorityDerivedData/Build/Products/Debug-iphonesimulator/AuthorityHostUITests-Runner.app/Frameworks/XCTestSupport.framework /Applications/Xcode_26.4.1.app/Contents/Developer/Platforms/iPhoneSimulator.platform/Developer/Library/PrivateFrameworks/XCTestSupport.framework (in target 'AuthorityHostUITests' from project 'AuthorityHost')
2026-09-10T12:57:52.4224330Z     cd /Users/runner/work/PartyDeck/PartyDeck/godot/ios-host
2026-09-10T12:57:52.4405130Z     builtin-copy -exclude .DS_Store -exclude CVS -exclude .svn -exclude .git -exclude .hg -exclude Headers -exclude PrivateHeaders -exclude Modules -exclude \*.tbd -strip-unsigned-binaries -strip-deterministic -strip-tool /Applications/Xcode_26.4.1.app/Contents/Developer/Toolchains/XcodeDefault.xctoolchain/usr/bin/strip -resolve-src-symlinks /Applications/Xcode_26.4.1.app/Contents/Developer/Platforms/iPhoneSimulator.platform/Developer/Library/PrivateFrameworks/XCTestSupport.framework /Users/runner/work/PartyDeck/PartyDeck/godot/ios-host/build/AuthorityDerivedData/Build/Products/Debug-iphonesimulator/AuthorityHostUITests-Runner.app/Frameworks
2026-09-10T12:57:52.4424220Z warning: not stripping binary because it is signed: /Applications/Xcode_26.4.1.app/Contents/Developer/Platforms/iPhoneSimulator.platform/Developer/Library/PrivateFrameworks/XCTestSupport.framework/XCTestSupport (in target 'AuthorityHostUITests' from project 'AuthorityHost')
2026-09-10T12:57:52.4426050Z 
2026-09-10T12:57:52.4427890Z Copy /Users/runner/work/PartyDeck/PartyDeck/godot/ios-host/build/AuthorityDerivedData/Build/Products/Debug-iphonesimulator/AuthorityHostUITests-Runner.app/Frameworks/XCTestCore.framework /Applications/Xcode_26.4.1.app/Contents/Developer/Platforms/iPhoneSimulator.platform/Developer/Library/PrivateFrameworks/XCTestCore.framework (in target 'AuthorityHostUITests' from project 'AuthorityHost')
2026-09-10T12:57:52.4429680Z     cd /Users/runner/work/PartyDeck/PartyDeck/godot/ios-host
2026-09-10T12:57:52.4432370Z     builtin-copy -exclude .DS_Store -exclude CVS -exclude .svn -exclude .git -exclude .hg -exclude Headers -exclude PrivateHeaders -exclude Modules -exclude \*.tbd -strip-unsigned-binaries -strip-deterministic -strip-tool /Applications/Xcode_26.4.1.app/Contents/Developer/Toolchains/XcodeDefault.xctoolchain/usr/bin/strip -resolve-src-symlinks /Applications/Xcode_26.4.1.app/Contents/Developer/Platforms/iPhoneSimulator.platform/Developer/Library/PrivateFrameworks/XCTestCore.framework /Users/runner/work/PartyDeck/PartyDeck/godot/ios-host/build/AuthorityDerivedData/Build/Products/Debug-iphonesimulator/AuthorityHostUITests-Runner.app/Frameworks
2026-09-10T12:57:52.4435750Z warning: not stripping binary because it is signed: /Applications/Xcode_26.4.1.app/Contents/Developer/Platforms/iPhoneSimulator.platform/Developer/Library/PrivateFrameworks/XCTestCore.framework/XCTestCore (in target 'AuthorityHostUITests' from project 'AuthorityHost')
2026-09-10T12:57:52.4436830Z 
2026-09-10T12:57:52.4440220Z Copy /Users/runner/work/PartyDeck/PartyDeck/godot/ios-host/build/AuthorityDerivedData/Build/Products/Debug-iphonesimulator/AuthorityHostUITests-Runner.app/Frameworks/XCTest.framework /Applications/Xcode_26.4.1.app/Contents/Developer/Platforms/iPhoneSimulator.platform/Developer/Library/Frameworks/XCTest.framework (in target 'AuthorityHostUITests' from project 'AuthorityHost')
2026-09-10T12:57:52.4444520Z     cd /Users/runner/work/PartyDeck/PartyDeck/godot/ios-host
2026-09-10T12:57:52.4452650Z     builtin-copy -exclude .DS_Store -exclude CVS -exclude .svn -exclude .git -exclude .hg -exclude Headers -exclude PrivateHeaders -exclude Modules -exclude \*.tbd -strip-unsigned-binaries -strip-deterministic -strip-tool /Applications/Xcode_26.4.1.app/Contents/Developer/Toolchains/XcodeDefault.xctoolchain/usr/bin/strip -resolve-src-symlinks /Applications/Xcode_26.4.1.app/Contents/Developer/Platforms/iPhoneSimulator.platform/Developer/Library/Frameworks/XCTest.framework /Users/runner/work/PartyDeck/PartyDeck/godot/ios-host/build/AuthorityDerivedData/Build/Products/Debug-iphonesimulator/AuthorityHostUITests-Runner.app/Frameworks
2026-09-10T12:57:52.4462620Z warning: not stripping binary because it is signed: /Applications/Xcode_26.4.1.app/Contents/Developer/Platforms/iPhoneSimulator.platform/Developer/Library/Frameworks/XCTest.framework/XCTest (in target 'AuthorityHostUITests' from project 'AuthorityHost')
2026-09-10T12:57:52.4470460Z 
2026-09-10T12:57:52.4479060Z Copy /Users/runner/work/PartyDeck/PartyDeck/godot/ios-host/build/AuthorityDerivedData/Build/Products/Debug-iphonesimulator/AuthorityHostUITests-Runner.app/Frameworks/XCTAutomationSupport.framework /Applications/Xcode_26.4.1.app/Contents/Developer/Platforms/iPhoneSimulator.platform/Developer/Library/PrivateFrameworks/XCTAutomationSupport.framework (in target 'AuthorityHostUITests' from project 'AuthorityHost')
2026-09-10T12:57:52.4483650Z     cd /Users/runner/work/PartyDeck/PartyDeck/godot/ios-host
2026-09-10T12:57:52.4495570Z     builtin-copy -exclude .DS_Store -exclude CVS -exclude .svn -exclude .git -exclude .hg -exclude Headers -exclude PrivateHeaders -exclude Modules -exclude \*.tbd -strip-unsigned-binaries -strip-deterministic -strip-tool /Applications/Xcode_26.4.1.app/Contents/Developer/Toolchains/XcodeDefault.xctoolchain/usr/bin/strip -resolve-src-symlinks /Applications/Xcode_26.4.1.app/Contents/Developer/Platforms/iPhoneSimulator.platform/Developer/Library/PrivateFrameworks/XCTAutomationSupport.framework /Users/runner/work/PartyDeck/PartyDeck/godot/ios-host/build/AuthorityDerivedData/Build/Products/Debug-iphonesimulator/AuthorityHostUITests-Runner.app/Frameworks
2026-09-10T12:57:52.4551140Z warning: not stripping binary because it is signed: /Applications/Xcode_26.4.1.app/Contents/Developer/Platforms/iPhoneSimulator.platform/Developer/Library/PrivateFrameworks/XCTAutomationSupport.framework/XCTAutomationSupport (in target 'AuthorityHostUITests' from project 'AuthorityHost')
2026-09-10T12:57:52.4554860Z 
2026-09-10T12:57:52.4583530Z Copy /Users/runner/work/PartyDeck/PartyDeck/godot/ios-host/build/AuthorityDerivedData/Build/Products/Debug-iphonesimulator/AuthorityHostUITests-Runner.app/Frameworks/Testing.framework /Applications/Xcode_26.4.1.app/Contents/Developer/Platforms/iPhoneSimulator.platform/Developer/Library/Frameworks/Testing.framework (in target 'AuthorityHostUITests' from project 'AuthorityHost')
2026-09-10T12:57:52.4674030Z     cd /Users/runner/work/PartyDeck/PartyDeck/godot/ios-host
2026-09-10T12:57:52.4685060Z     builtin-copy -exclude .DS_Store -exclude CVS -exclude .svn -exclude .git -exclude .hg -exclude Headers -exclude PrivateHeaders -exclude Modules -exclude \*.tbd -strip-unsigned-binaries -strip-deterministic -strip-tool /Applications/Xcode_26.4.1.app/Contents/Developer/Toolchains/XcodeDefault.xctoolchain/usr/bin/strip -resolve-src-symlinks /Applications/Xcode_26.4.1.app/Contents/Developer/Platforms/iPhoneSimulator.platform/Developer/Library/Frameworks/Testing.framework /Users/runner/work/PartyDeck/PartyDeck/godot/ios-host/build/AuthorityDerivedData/Build/Products/Debug-iphonesimulator/AuthorityHostUITests-Runner.app/Frameworks
2026-09-10T12:57:52.4695960Z warning: not stripping binary because it is signed: /Applications/Xcode_26.4.1.app/Contents/Developer/Platforms/iPhoneSimulator.platform/Developer/Library/Frameworks/Testing.framework/Testing (in target 'AuthorityHostUITests' from project 'AuthorityHost')
2026-09-10T12:57:52.5014280Z 
2026-09-10T12:57:52.5040450Z RegisterExecutionPolicyException /Users/runner/work/PartyDeck/PartyDeck/godot/ios-host/build/AuthorityDerivedData/Build/Products/Debug-iphonesimulator/AuthorityHostUITests-Runner.app/PlugIns/AuthorityHostUITests.xctest (in target 'AuthorityHostUITests' from project 'AuthorityHost')
2026-09-10T12:57:52.5043450Z     cd /Users/runner/work/PartyDeck/PartyDeck/godot/ios-host
2026-09-10T12:57:52.5045890Z     builtin-RegisterExecutionPolicyException /Users/runner/work/PartyDeck/PartyDeck/godot/ios-host/build/AuthorityDerivedData/Build/Products/Debug-iphonesimulator/AuthorityHostUITests-Runner.app/PlugIns/AuthorityHostUITests.xctest
2026-09-10T12:57:52.5048060Z 
2026-09-10T12:57:52.5050010Z Touch /Users/runner/work/PartyDeck/PartyDeck/godot/ios-host/build/AuthorityDerivedData/Build/Products/Debug-iphonesimulator/AuthorityHostUITests-Runner.app/PlugIns/AuthorityHostUITests.xctest (in target 'AuthorityHostUITests' from project 'AuthorityHost')
2026-09-10T12:57:52.5052560Z     cd /Users/runner/work/PartyDeck/PartyDeck/godot/ios-host
2026-09-10T12:57:52.5053580Z     /usr/bin/touch -c /Users/runner/work/PartyDeck/PartyDeck/godot/ios-host/build/AuthorityDerivedData/Build/Products/Debug-iphonesimulator/AuthorityHostUITests-Runner.app/PlugIns/AuthorityHostUITests.xctest
2026-09-10T12:57:52.5243380Z 
2026-09-10T12:58:45.3200650Z 2026-09-10 12:58:45.312742+0000 AuthorityHostUITests-Runner[14398:45931] [Default] Running tests...
2026-09-10T12:58:49.6867990Z objc[14398]: Class UIAccessibilityLoaderWebShared is implemented in both /Library/Developer/CoreSimulator/Volumes/iOS_23E254a/Library/Developer/CoreSimulator/Profiles/Runtimes/iOS 26.4.simruntime/Contents/Resources/RuntimeRoot/System/Library/AccessibilityBundles/WebCore.axbundle/WebCore (0x1032f4310) and /Library/Developer/CoreSimulator/Volumes/iOS_23E254a/Library/Developer/CoreSimulator/Profiles/Runtimes/iOS 26.4.simruntime/Contents/Resources/RuntimeRoot/System/Library/AccessibilityBundles/WebKit.axbundle/WebKit (0x107194398). This may cause spurious casting failures and mysterious crashes. One of the duplicates must be removed or renamed.
2026-09-10T12:58:55.3251340Z     t =      nans Interface orientation changed to Portrait
2026-09-10T12:59:04.1496730Z Test Suite 'All tests' started at 2026-09-10 12:58:59.448.
2026-09-10T12:59:04.3942210Z Test Suite 'AuthorityHostUITests.xctest' started at 2026-09-10 12:58:59.454.
2026-09-10T12:59:04.5623680Z Test Suite 'AuthorityHostUITests' started at 2026-09-10 12:58:59.455.
2026-09-10T12:59:04.6464030Z Test Case '-[AuthorityHostUITests.AuthorityHostUITests testReferenceMatchIn2DAt200Percent]' started.
2026-09-10T12:59:04.7676650Z     t =     0.01s Start Test at 2026-09-10 12:58:59.472
2026-09-10T12:59:04.7677540Z     t =     2.66s Set Up
2026-09-10T12:59:04.7679050Z     t =     2.72s Open dev.partydeck.godot.iosauthority
2026-09-10T12:59:04.7681910Z     t =     2.73s     Launch dev.partydeck.godot.iosauthority
2026-09-10T13:00:13.3167670Z 2026-09-10 13:00:12.704 xcodebuild[10145:34995] [MT] IDELaunchParametersSnapshot: The operation couldn’t be completed. (DebuggerLLDB.DebuggerVersionStore.StoreError error 0.)
2026-09-10T13:00:13.3171450Z 2026-09-10 13:00:12.707 xcodebuild[10145:34995] [MT] IDELaunchParametersSnapshot: no debugger version
2026-09-10T13:00:14.8472020Z /Users/runner/work/PartyDeck/PartyDeck/godot/ios-host/AuthorityHostUITests/AuthorityHostUITests.swift:118: error: -[AuthorityHostUITests.AuthorityHostUITests testReferenceMatchIn2DAt200Percent] : Failed to launch <XCUIApplicationImpl: 0x10644e2c0 dev.partydeck.godot.iosauthority at /Users/runner/work/PartyDeck/PartyDeck/godot/ios-host/build/AuthorityDerivedData/Build/Products/Debug-iphonesimulator/AuthorityHost.app> via Xcode: Timed out while launching application via Xcode.
2026-09-10T13:00:22.7406380Z     t =    83.16s         Setting up automation session
2026-09-10T13:00:25.5310650Z     t =    86.04s         Wait for dev.partydeck.godot.iosauthority to idle
2026-09-10T13:00:27.8690140Z     t =    88.33s Waiting 15.0s for "start-2d" Any to exist
2026-09-10T13:00:28.8533370Z     t =    89.38s     Checking `Expect predicate `existsNoRetry == 1` for object "start-2d" Any`
2026-09-10T13:00:28.8640660Z     t =    89.38s         Checking existence of `"start-2d" Any`
2026-09-10T13:00:29.2234560Z     t =    89.68s Tap "start-2d" Any
2026-09-10T13:00:29.2410450Z     t =    89.68s     Wait for dev.partydeck.godot.iosauthority to idle
2026-09-10T13:00:29.3294960Z     t =    89.70s     Find the "start-2d" Any
2026-09-10T13:00:29.6518560Z     t =    90.11s     Check for interrupting elements affecting "start-2d" Button
2026-09-10T13:00:30.5970470Z     t =    91.10s Find the "authority-metrics" StaticText
2026-09-10T13:00:30.9647080Z     t =    91.46s Tear Down
2026-09-10T13:00:31.1489010Z     t =    91.62s     Find the "authority-metrics" StaticText
2026-09-10T13:00:31.5120900Z     t =    91.98s     Find the "authority-metrics" StaticText
2026-09-10T13:00:31.7542430Z Test Case '-[AuthorityHostUITests.AuthorityHostUITests testReferenceMatchIn2DAt200Percent]' failed (92.267 seconds).
2026-09-10T13:00:31.7907030Z 2026-09-10 13:00:31.740511+0000 AuthorityHostUITests-Runner[14398:45931] [Default] Flushing outgoing messages to the IDE with timeout 600.00s
2026-09-10T13:00:32.6124180Z 2026-09-10 13:00:31.745788+0000 AuthorityHostUITests-Runner[14398:48665] [Default] Received confirmation that IDE processed remaining outgoing messages
2026-09-10T13:00:35.0994370Z 2026-09-10 13:00:34.842526+0000 AuthorityHostUITests-Runner[15936:51200] [Default] Running tests...
2026-09-10T13:00:36.0833330Z     t =      nans Interface orientation changed to Portrait
2026-09-10T13:00:37.9931080Z 
2026-09-10T13:00:38.0035730Z Restarting after unexpected exit, crash, or test timeout; summary will include totals from previous launches.
2026-09-10T13:00:38.0036560Z 
2026-09-10T13:00:38.4163230Z Test Suite 'Selected tests' started at 2026-09-10 13:00:38.193.
2026-09-10T13:00:38.4266030Z Test Suite 'AuthorityHostUITests.xctest' started at 2026-09-10 13:00:38.195.
2026-09-10T13:00:38.4386500Z Test Suite 'AuthorityHostUITests' started at 2026-09-10 13:00:38.195.
2026-09-10T13:00:38.4621510Z Test Case '-[AuthorityHostUITests.AuthorityHostUITests testReferenceMatchIn2D]' started.
2026-09-10T13:00:38.4624270Z     t =     0.00s Start Test at 2026-09-10 13:00:38.196
2026-09-10T13:00:38.4729210Z     t =     0.13s Set Up
2026-09-10T13:00:38.4893150Z     t =     0.15s Open dev.partydeck.godot.iosauthority
2026-09-10T13:00:38.6766100Z     t =     0.15s     Launch dev.partydeck.godot.iosauthority
2026-09-10T13:00:38.9508460Z 2026-09-10 13:00:38.479 xcodebuild[10145:34995] [MT] IDELaunchParametersSnapshot: The operation couldn’t be completed. (DebuggerLLDB.DebuggerVersionStore.StoreError error 0.)
2026-09-10T13:00:40.9249800Z 2026-09-10 13:00:38.480 xcodebuild[10145:34995] [MT] IDELaunchParametersSnapshot: no debugger version
2026-09-10T13:00:41.0088200Z objc[15936]: Class UIAccessibilityLoaderWebShared is implemented in both /Library/Developer/CoreSimulator/Volumes/iOS_23E254a/Library/Developer/CoreSimulator/Profiles/Runtimes/iOS 26.4.simruntime/Contents/Resources/RuntimeRoot/System/Library/AccessibilityBundles/WebCore.axbundle/WebCore (0x106df4310) and /Library/Developer/CoreSimulator/Volumes/iOS_23E254a/Library/Developer/CoreSimulator/Profiles/Runtimes/iOS 26.4.simruntime/Contents/Resources/RuntimeRoot/System/Library/AccessibilityBundles/WebKit.axbundle/WebKit (0x107bd4398). This may cause spurious casting failures and mysterious crashes. One of the duplicates must be removed or renamed.
2026-09-10T13:00:41.3662820Z     t =     3.00s         Setting up automation session
2026-09-10T13:00:43.5195560Z     t =     5.22s         Wait for dev.partydeck.godot.iosauthority to idle
2026-09-10T13:00:45.0887540Z     t =     6.86s Waiting 15.0s for "start-2d" Any to exist
2026-09-10T13:00:46.1313370Z     t =     7.91s     Checking `Expect predicate `existsNoRetry == 1` for object "start-2d" Any`
2026-09-10T13:00:46.1421430Z     t =     7.91s         Checking existence of `"start-2d" Any`
2026-09-10T13:00:46.1842030Z     t =     7.98s Tap "start-2d" Any
2026-09-10T13:00:46.1944470Z     t =     7.98s     Wait for dev.partydeck.godot.iosauthority to idle
2026-09-10T13:00:46.2110350Z     t =     7.98s     Find the "start-2d" Any
2026-09-10T13:00:46.2447550Z     t =     8.04s     Check for interrupting elements affecting "start-2d" Button
2026-09-10T13:00:46.3396770Z     t =     8.12s     Synthesize event
2026-09-10T13:00:46.8051370Z     t =     8.59s     Wait for dev.partydeck.godot.iosauthority to idle
2026-09-10T13:00:48.5879320Z     t =    10.28s Find the "authority-metrics" StaticText
2026-09-10T13:00:52.5916480Z     t =    14.32s Find the "authority-metrics" StaticText
2026-09-10T13:00:52.8523390Z     t =    14.64s Find the "authority-metrics" StaticText
2026-09-10T13:00:52.9042780Z     t =    14.70s Find the "godot-surface" Any
2026-09-10T13:00:52.9965330Z     t =    14.79s Find the "godot-surface" Other
2026-09-10T13:00:53.0755110Z     t =    14.86s Find the "godot-surface" Other
2026-09-10T13:00:53.1122910Z     t =    14.91s Find the Target Application 'dev.partydeck.godot.iosauthority'
2026-09-10T13:00:53.1533910Z     t =    14.93s Find the "godot-surface" Other
2026-09-10T13:00:53.2263960Z     t =    15.01s Find the "authority-metrics" StaticText
2026-09-10T13:00:53.2778270Z     t =    15.08s Find the Target Application 'dev.partydeck.godot.iosauthority'
2026-09-10T13:00:53.5684280Z     t =    15.37s Added attachment named '01 concealed 2d text 1'
2026-09-10T13:00:53.5790360Z     t =    15.37s Find the "authority-metrics" StaticText
2026-09-10T13:00:53.6100820Z     t =    15.41s Added attachment named '01 concealed 2d text 1 measurements'
2026-09-10T13:00:53.6202450Z     t =    15.41s Find the "authority-metrics" StaticText
2026-09-10T13:00:53.6659870Z     t =    15.45s Find the "authority-metrics" StaticText
2026-09-10T13:00:53.8789430Z     t =    15.66s Find the "authority-metrics" StaticText
2026-09-10T13:00:53.9144950Z     t =    15.70s Find the "godot-surface" Any
2026-09-10T13:00:53.9947830Z     t =    15.79s Find the "godot-surface" Other
2026-09-10T13:00:54.0788700Z     t =    15.86s Find the "godot-surface" Other
2026-09-10T13:00:54.1384700Z     t =    15.93s Find the Target Application 'dev.partydeck.godot.iosauthority'
2026-09-10T13:00:54.1533150Z     t =    15.95s Find the "godot-surface" Other
2026-09-10T13:00:54.2180600Z     t =    16.00s Added attachment named 'Observed control before input: reveal'
2026-09-10T13:00:54.2295750Z     t =    16.01s Added attachment named 'Measured scroll gesture: reveal'
2026-09-10T13:00:54.2455920Z     t =    16.01s Press "godot-surface" Any[0.50, 0.67] for 0.1 seconds, then drag to "godot-surface" Any[0.50, 0.61] with velocity of 60.00 pixels per second, and then hold for 0.3 seconds 
2026-09-10T13:00:54.2563730Z     t =    16.01s     Wait for dev.partydeck.godot.iosauthority to idle
2026-09-10T13:00:54.2671130Z     t =    16.01s     Find the "godot-surface" Any
2026-09-10T13:00:54.3158200Z     t =    16.06s     Check for interrupting elements affecting "godot-surface" Other
2026-09-10T13:00:54.4628210Z     t =    16.25s     Synthesize event
2026-09-10T13:00:54.5093140Z     t =    16.27s         Find the "godot-surface" Other
2026-09-10T13:00:54.6025180Z     t =    16.40s         Find the "godot-surface" Other
2026-09-10T13:00:54.7231510Z     t =    16.52s         Find the "godot-surface" Other
2026-09-10T13:00:54.7708050Z     t =    16.56s         Find the "godot-surface" Other
2026-09-10T13:00:54.8229340Z     t =    16.60s         Find the "godot-surface" Other
2026-09-10T13:00:56.2796250Z     t =    18.03s     Wait for dev.partydeck.godot.iosauthority to idle
2026-09-10T13:00:56.3515400Z     t =    18.13s Find the "authority-metrics" StaticText
2026-09-10T13:00:56.4259770Z     t =    18.22s Find the "authority-metrics" StaticText
2026-09-10T13:00:56.6596250Z     t =    18.45s Find the "authority-metrics" StaticText
2026-09-10T13:00:56.7960200Z     t =    18.59s Find the "authority-metrics" StaticText
2026-09-10T13:00:57.1571210Z     t =    18.94s Find the "authority-metrics" StaticText
2026-09-10T13:00:57.5004460Z     t =    19.28s Find the "authority-metrics" StaticText
2026-09-10T13:00:57.6305210Z     t =    19.41s Find the "godot-surface" Any
2026-09-10T13:00:58.0304360Z     t =    19.69s Find the "godot-surface" Other
2026-09-10T13:00:58.2917630Z     t =    20.05s Find the "godot-surface" Other
2026-09-10T13:00:58.5323610Z     t =    20.32s Find the Target Application 'dev.partydeck.godot.iosauthority'
2026-09-10T13:00:58.6019710Z     t =    20.34s Find the "godot-surface" Other
2026-09-10T13:00:58.7007710Z     t =    20.50s Added attachment named 'Observed control before input: reveal'
2026-09-10T13:00:58.7162810Z     t =    20.50s Find the "authority-metrics" StaticText
2026-09-10T13:00:58.7683170Z     t =    20.54s Added attachment named 'Actual native touch geometry: reveal'
2026-09-10T13:00:58.7788920Z     t =    20.54s Tap "godot-surface" Any[0.49, 0.74]
2026-09-10T13:00:58.7941430Z     t =    20.54s     Wait for dev.partydeck.godot.iosauthority to idle
2026-09-10T13:00:58.8053600Z     t =    20.55s     Find the "godot-surface" Any
2026-09-10T13:00:58.8554070Z     t =    20.62s     Check for interrupting elements affecting "godot-surface" Other
2026-09-10T13:00:58.8993680Z     t =    20.69s     Synthesize event
2026-09-10T13:00:58.9105590Z     t =    20.70s         Find the "godot-surface" Other
2026-09-10T13:00:58.9862050Z     t =    20.78s         Find the "godot-surface" Other
2026-09-10T13:00:59.0720720Z     t =    20.86s         Find the "godot-surface" Other
2026-09-10T13:00:59.5369350Z     t =    21.29s     Wait for dev.partydeck.godot.iosauthority to idle
2026-09-10T13:01:00.9479920Z     t =    22.03s Find the "authority-metrics" StaticText
2026-09-10T13:01:01.0645240Z     t =    22.83s Find the "authority-metrics" StaticText
2026-09-10T13:01:01.1481080Z     t =    22.93s Find the "authority-metrics" StaticText
2026-09-10T13:01:01.4311150Z     t =    23.21s Find the "authority-metrics" StaticText
2026-09-10T13:01:01.5391460Z     t =    23.31s Find the "godot-surface" Any
2026-09-10T13:01:01.7792570Z     t =    23.56s Find the "godot-surface" Other
2026-09-10T13:01:01.8793230Z     t =    23.66s Find the "godot-surface" Other
2026-09-10T13:01:02.0083260Z     t =    23.80s Find the Target Application 'dev.partydeck.godot.iosauthority'
2026-09-10T13:01:02.0336490Z     t =    23.82s Find the "godot-surface" Other
2026-09-10T13:01:02.1377440Z     t =    23.91s Added attachment named 'Observed control before input: card'
2026-09-10T13:01:02.1479650Z     t =    23.91s Find the "authority-metrics" StaticText
2026-09-10T13:01:02.1906700Z     t =    23.98s Added attachment named 'Actual native touch geometry: card'
2026-09-10T13:01:02.2046580Z     t =    23.98s Tap "godot-surface" Any[0.18, 0.63]
2026-09-10T13:01:02.2148950Z     t =    23.98s     Wait for dev.partydeck.godot.iosauthority to idle
2026-09-10T13:01:02.2250500Z     t =    23.99s     Find the "godot-surface" Any
2026-09-10T13:01:02.3366060Z     t =    24.10s     Check for interrupting elements affecting "godot-surface" Other
2026-09-10T13:01:02.4557250Z     t =    24.24s     Synthesize event
2026-09-10T13:01:02.4664680Z     t =    24.26s         Find the "godot-surface" Other
2026-09-10T13:01:02.5289240Z     t =    24.32s         Find the "godot-surface" Other
2026-09-10T13:01:02.6182590Z     t =    24.38s         Find the "godot-surface" Other
2026-09-10T13:01:03.0993350Z     t =    24.81s     Wait for dev.partydeck.godot.iosauthority to idle
2026-09-10T13:01:03.2294750Z     t =    24.99s Find the "authority-metrics" StaticText
2026-09-10T13:01:03.3774510Z     t =    25.13s Find the Target Application 'dev.partydeck.godot.iosauthority'
2026-09-10T13:01:03.6058710Z     t =    25.40s Added attachment named '02 revealed and selected 2d text 1'
2026-09-10T13:01:03.6215760Z     t =    25.40s Find the "authority-metrics" StaticText
2026-09-10T13:01:03.6875030Z     t =    25.47s Added attachment named '02 revealed and selected 2d text 1 measurements'
2026-09-10T13:01:03.7000650Z     t =    25.47s Find the "authority-metrics" StaticText
2026-09-10T13:01:03.7581820Z     t =    25.55s Find the "authority-metrics" StaticText
2026-09-10T13:01:03.7987780Z     t =    25.60s Find the "godot-surface" Any
2026-09-10T13:01:03.9446400Z     t =    25.73s Find the "godot-surface" Other
2026-09-10T13:01:04.0557130Z     t =    25.84s Find the "godot-surface" Other
2026-09-10T13:01:04.1859850Z     t =    25.96s Find the Target Application 'dev.partydeck.godot.iosauthority'
2026-09-10T13:01:04.1963870Z     t =    25.99s Find the "godot-surface" Other
2026-09-10T13:01:04.2868390Z     t =    26.08s Added attachment named 'Observed control before input: hide'
2026-09-10T13:01:04.2979640Z     t =    26.09s Find the "authority-metrics" StaticText
2026-09-10T13:01:04.3581810Z     t =    26.15s Added attachment named 'Actual native touch geometry: hide'
2026-09-10T13:01:04.3685420Z     t =    26.15s Tap "godot-surface" Any[0.84, 0.06]
2026-09-10T13:01:04.3814170Z     t =    26.15s     Wait for dev.partydeck.godot.iosauthority to idle
2026-09-10T13:01:04.3953210Z     t =    26.16s     Find the "godot-surface" Any
2026-09-10T13:01:04.5120460Z     t =    26.26s     Check for interrupting elements affecting "godot-surface" Other
2026-09-10T13:01:04.6556190Z     t =    26.45s     Synthesize event
2026-09-10T13:01:04.6850440Z     t =    26.46s         Find the "godot-surface" Other
2026-09-10T13:01:04.9076700Z     t =    26.70s         Find the "godot-surface" Other
2026-09-10T13:01:05.1555640Z     t =    26.94s         Find the "godot-surface" Other
2026-09-10T13:01:05.5358060Z     t =    27.33s     Wait for dev.partydeck.godot.iosauthority to idle
2026-09-10T13:01:05.9810610Z     t =    27.54s Find the "authority-metrics" StaticText
2026-09-10T13:01:06.4200570Z     t =    28.21s Find the "authority-metrics" StaticText
2026-09-10T13:01:06.4794400Z     t =    28.27s Find the Target Application 'dev.partydeck.godot.iosauthority'
2026-09-10T13:01:06.7028100Z     t =    28.49s Added attachment named '03 private bindings cleared 2d text 1'
2026-09-10T13:01:06.7132450Z     t =    28.49s Find the "authority-metrics" StaticText
2026-09-10T13:01:06.7708640Z     t =    28.56s Added attachment named '03 private bindings cleared 2d text 1 measurements'
2026-09-10T13:01:06.7837360Z     t =    28.56s Find the "authority-metrics" StaticText
2026-09-10T13:01:06.8295650Z     t =    28.62s Find the "authority-metrics" StaticText
2026-09-10T13:01:07.0218820Z     t =    28.82s Find the "authority-metrics" StaticText
2026-09-10T13:01:07.2356100Z     t =    29.03s Find the "authority-metrics" StaticText
2026-09-10T13:01:07.3083190Z     t =    29.09s Find the "godot-surface" Any
2026-09-10T13:01:07.4426600Z     t =    29.23s Find the "godot-surface" Other
2026-09-10T13:01:07.5291730Z     t =    29.32s Find the "godot-surface" Other
2026-09-10T13:01:07.6086340Z     t =    29.41s Find the Target Application 'dev.partydeck.godot.iosauthority'
2026-09-10T13:01:07.6499880Z     t =    29.44s Find the "godot-surface" Other
2026-09-10T13:01:07.7241630Z     t =    29.51s Added attachment named 'Observed control before input: reveal'
2026-09-10T13:01:07.7343520Z     t =    29.51s Find the "authority-metrics" StaticText
2026-09-10T13:01:07.7970480Z     t =    29.59s Added attachment named 'Actual native touch geometry: reveal'
2026-09-10T13:01:07.8079590Z     t =    29.59s Tap "godot-surface" Any[0.49, 0.68]
2026-09-10T13:01:07.8185190Z     t =    29.59s     Wait for dev.partydeck.godot.iosauthority to idle
2026-09-10T13:01:07.8290320Z     t =    29.59s     Find the "godot-surface" Any
2026-09-10T13:01:07.8671530Z     t =    29.67s     Check for interrupting elements affecting "godot-surface" Other
2026-09-10T13:01:07.9660120Z     t =    29.76s     Synthesize event
2026-09-10T13:01:07.9764430Z     t =    29.77s         Find the "godot-surface" Other
2026-09-10T13:01:08.1092630Z     t =    29.88s         Find the "godot-surface" Other
2026-09-10T13:01:08.1568780Z     t =    29.95s         Find the "godot-surface" Other
2026-09-10T13:01:08.5482550Z     t =    30.32s     Wait for dev.partydeck.godot.iosauthority to idle
2026-09-10T13:01:08.8202280Z     t =    30.61s Find the "authority-metrics" StaticText
2026-09-10T13:01:09.0638090Z     t =    30.86s Find the "authority-metrics" StaticText
2026-09-10T13:01:09.1075390Z     t =    30.90s Find the "authority-metrics" StaticText
2026-09-10T13:01:09.1512240Z     t =    30.95s Find the "authority-metrics" StaticText
2026-09-10T13:01:09.3530030Z     t =    31.14s Find the "authority-metrics" StaticText
2026-09-10T13:01:09.5604930Z     t =    31.35s Find the "authority-metrics" StaticText
2026-09-10T13:01:09.7735600Z     t =    31.57s Find the "authority-metrics" StaticText
2026-09-10T13:01:09.8047180Z     t =    31.60s Find the "godot-surface" Any
2026-09-10T13:01:09.8567350Z     t =    31.65s Find the "godot-surface" Other
2026-09-10T13:01:09.9116930Z     t =    31.70s Find the "godot-surface" Other
2026-09-10T13:01:09.9825700Z     t =    31.78s Find the Target Application 'dev.partydeck.godot.iosauthority'
2026-09-10T13:01:10.0028190Z     t =    31.80s Find the "godot-surface" Other
2026-09-10T13:01:10.0469140Z     t =    31.84s Added attachment named 'Observed control before input: card'
2026-09-10T13:01:10.0579330Z     t =    31.85s Find the "authority-metrics" StaticText
2026-09-10T13:01:10.0827130Z     t =    31.87s Added attachment named 'Actual native touch geometry: card'
2026-09-10T13:01:10.1042070Z     t =    31.88s Tap "godot-surface" Any[0.18, 0.63]
2026-09-10T13:01:10.1142760Z     t =    31.88s     Wait for dev.partydeck.godot.iosauthority to idle
2026-09-10T13:01:10.1248270Z     t =    31.88s     Find the "godot-surface" Any
2026-09-10T13:01:10.1454380Z     t =    31.94s     Check for interrupting elements affecting "godot-surface" Other
2026-09-10T13:01:10.1964210Z     t =    31.98s     Synthesize event
2026-09-10T13:01:10.2080720Z     t =    31.99s         Find the "godot-surface" Other
2026-09-10T13:01:10.2575950Z     t =    32.04s         Find the "godot-surface" Other
2026-09-10T13:01:10.3194070Z     t =    32.11s         Find the "godot-surface" Other
2026-09-10T13:01:10.6922550Z     t =    32.48s     Wait for dev.partydeck.godot.iosauthority to idle
2026-09-10T13:01:10.9218340Z     t =    32.69s Find the "authority-metrics" StaticText
2026-09-10T13:01:10.9969710Z     t =    32.79s Find the "authority-metrics" StaticText
2026-09-10T13:01:11.1024750Z     t =    32.89s Tap "pause-table" Any
2026-09-10T13:01:11.1028450Z     t =    32.89s     Wait for dev.partydeck.godot.iosauthority to idle
2026-09-10T13:01:11.1141250Z     t =    32.90s     Find the "pause-table" Any
2026-09-10T13:01:11.1600800Z     t =    32.95s     Check for interrupting elements affecting "pause-table" Button
2026-09-10T13:01:11.3153580Z     t =    33.11s     Synthesize event
2026-09-10T13:01:11.7229310Z     t =    33.46s     Wait for dev.partydeck.godot.iosauthority to idle
2026-09-10T13:01:11.9148370Z     t =    33.65s Find the "authority-metrics" StaticText
2026-09-10T13:01:12.2113080Z     t =    34.00s Find the "authority-metrics" StaticText
2026-09-10T13:01:12.4146460Z     t =    34.21s Find the "authority-metrics" StaticText
2026-09-10T13:01:13.0506450Z     t =    34.85s Find the "authority-metrics" StaticText
2026-09-10T13:01:13.0709380Z     t =    34.87s Find the Target Application 'dev.partydeck.godot.iosauthority'
2026-09-10T13:01:13.5328110Z     t =    35.08s Added attachment named 'Native cover with paused private bindings cleared'
2026-09-10T13:01:13.5439770Z     t =    35.09s Find the "authority-metrics" StaticText
2026-09-10T13:01:13.8374780Z     t =    35.62s Added attachment named 'Native cover with paused private bindings cleared measurements'
2026-09-10T13:01:13.8570690Z     t =    35.62s Tap "pause-table" Any
2026-09-10T13:01:13.8697310Z     t =    35.62s     Wait for dev.partydeck.godot.iosauthority to idle
2026-09-10T13:01:13.8811970Z     t =    35.62s     Find the "pause-table" Any
2026-09-10T13:01:13.9159110Z     t =    35.71s     Check for interrupting elements affecting "pause-table" Button
2026-09-10T13:01:13.9827540Z     t =    35.78s     Synthesize event
2026-09-10T13:01:14.2990270Z     t =    36.10s     Wait for dev.partydeck.godot.iosauthority to idle
2026-09-10T13:01:14.3667750Z     t =    36.15s Find the "authority-metrics" StaticText
2026-09-10T13:01:14.6227880Z     t =    36.39s Find the "authority-metrics" StaticText
2026-09-10T13:01:14.8421750Z     t =    36.63s Find the "authority-metrics" StaticText
2026-09-10T13:01:14.9098430Z     t =    36.69s Find the "authority-metrics" StaticText
2026-09-10T13:01:15.0520690Z     t =    36.84s Find the "authority-metrics" StaticText
2026-09-10T13:01:15.2830090Z     t =    37.08s Find the "authority-metrics" StaticText
2026-09-10T13:01:15.5207130Z     t =    37.30s Find the "authority-metrics" StaticText
2026-09-10T13:01:15.5536500Z     t =    37.35s Find the "godot-surface" Any
2026-09-10T13:01:15.6433110Z     t =    37.44s Find the "godot-surface" Other
2026-09-10T13:01:15.7218910Z     t =    37.51s Find the "godot-surface" Other
2026-09-10T13:01:15.7660390Z     t =    37.56s Find the Target Application 'dev.partydeck.godot.iosauthority'
2026-09-10T13:01:15.7763760Z     t =    37.57s Find the "godot-surface" Other
2026-09-10T13:01:15.8102220Z     t =    37.61s Added attachment named 'Observed control before input: reveal'
2026-09-10T13:01:15.8220250Z     t =    37.61s Find the "authority-metrics" StaticText
2026-09-10T13:01:15.8676710Z     t =    37.66s Added attachment named 'Actual native touch geometry: reveal'
2026-09-10T13:01:15.8786770Z     t =    37.66s Tap "godot-surface" Any[0.49, 0.68]
2026-09-10T13:01:15.8887480Z     t =    37.66s     Wait for dev.partydeck.godot.iosauthority to idle
2026-09-10T13:01:15.9000580Z     t =    37.67s     Find the "godot-surface" Any
2026-09-10T13:01:15.9127780Z     t =    37.70s     Check for interrupting elements affecting "godot-surface" Other
2026-09-10T13:01:15.9658750Z     t =    37.76s     Synthesize event
2026-09-10T13:01:15.9765450Z     t =    37.76s         Find the "godot-surface" Other
2026-09-10T13:01:16.0305510Z     t =    37.83s         Find the "godot-surface" Other
2026-09-10T13:01:16.0728970Z     t =    37.87s         Find the "godot-surface" Other
2026-09-10T13:01:16.4468320Z     t =    38.20s     Wait for dev.partydeck.godot.iosauthority to idle
2026-09-10T13:01:16.6659710Z     t =    38.45s Find the "authority-metrics" StaticText
2026-09-10T13:01:16.8901330Z     t =    38.66s Find the "authority-metrics" StaticText
2026-09-10T13:01:16.9210160Z     t =    38.71s Find the "authority-metrics" StaticText
2026-09-10T13:01:16.9522870Z     t =    38.75s Find the "authority-metrics" StaticText
2026-09-10T13:01:17.1905840Z     t =    38.97s Find the "authority-metrics" StaticText
2026-09-10T13:01:17.3783040Z     t =    39.17s Find the "authority-metrics" StaticText
2026-09-10T13:01:17.5653070Z     t =    39.36s Find the "authority-metrics" StaticText
2026-09-10T13:01:17.5984700Z     t =    39.39s Find the "godot-surface" Any
2026-09-10T13:01:17.6512600Z     t =    39.44s Find the "godot-surface" Other
2026-09-10T13:01:17.7087760Z     t =    39.51s Find the "godot-surface" Other
2026-09-10T13:01:17.7401200Z     t =    39.53s Find the Target Application 'dev.partydeck.godot.iosauthority'
2026-09-10T13:01:17.7503460Z     t =    39.55s Find the "godot-surface" Other
2026-09-10T13:01:17.7815450Z     t =    39.58s Added attachment named 'Observed control before input: card'
2026-09-10T13:01:17.7924780Z     t =    39.58s Find the "authority-metrics" StaticText
2026-09-10T13:01:17.8035500Z     t =    39.60s Added attachment named 'Actual native touch geometry: card'
2026-09-10T13:01:17.8137730Z     t =    39.60s Tap "godot-surface" Any[0.18, 0.63]
2026-09-10T13:01:17.8205850Z     t =    39.60s     Wait for dev.partydeck.godot.iosauthority to idle
2026-09-10T13:01:17.8320050Z     t =    39.60s     Find the "godot-surface" Any
2026-09-10T13:01:17.8702980Z     t =    39.67s     Check for interrupting elements affecting "godot-surface" Other
2026-09-10T13:01:17.9012410Z     t =    39.69s     Synthesize event
2026-09-10T13:01:17.9113950Z     t =    39.70s         Find the "godot-surface" Other
2026-09-10T13:01:17.9436280Z     t =    39.73s         Find the "godot-surface" Other
2026-09-10T13:01:18.0092540Z     t =    39.80s         Find the "godot-surface" Other
2026-09-10T13:01:18.3667690Z     t =    40.16s     Wait for dev.partydeck.godot.iosauthority to idle
2026-09-10T13:01:18.4215070Z     t =    40.21s Find the "authority-metrics" StaticText
2026-09-10T13:01:18.6170010Z     t =    40.41s Find the "authority-metrics" StaticText
2026-09-10T13:01:18.8039410Z     t =    40.60s Find the "authority-metrics" StaticText
2026-09-10T13:01:18.8165330Z     t =    40.62s Find the "authority-metrics" StaticText
2026-09-10T13:01:18.8352440Z     t =    40.64s Pressing Home button
2026-09-10T13:01:19.6304660Z     t =    41.15s Find the Application 'com.apple.springboard'
2026-09-10T13:01:20.7613730Z     t =    42.04s Checking existence of `"Safari" Icon`
2026-09-10T13:01:21.4620980Z     t =    42.66s Find the "Safari" Icon
2026-09-10T13:01:21.6054730Z     t =    42.90s Find the "Safari" Icon
2026-09-10T13:01:21.6192870Z     t =    43.11s Find the "Safari" Icon
2026-09-10T13:01:21.6501350Z     t =    43.26s Find the "Safari" Icon
2026-09-10T13:01:21.8031280Z     t =    43.38s Checking existence of `"Messages" Icon`
2026-09-10T13:01:21.8149210Z     t =    43.54s Find the "Messages" Icon
2026-09-10T13:01:21.8389020Z     t =    43.62s Find the "Messages" Icon
2026-09-10T13:01:21.9813980Z     t =    43.69s Find the "Messages" Icon
2026-09-10T13:01:22.0022880Z     t =    43.80s Find the "Messages" Icon
2026-09-10T13:01:22.1222190Z     t =    43.91s Get number of matches for: Descendants matching type Alert
2026-09-10T13:01:22.1915540Z     t =    43.97s Requesting snapshot of accessibility hierarchy for app with pid 2247
2026-09-10T13:01:22.9024580Z     t =    44.69s Requesting snapshot of accessibility hierarchy for app with pid 2247
2026-09-10T13:01:22.9943530Z     t =    44.79s Added attachment named 'Actual SpringBoard accessibility hierarchy after Home'
2026-09-10T13:01:23.0045260Z     t =    44.79s Added attachment named 'Actual Home and application state observation'
2026-09-10T13:01:23.3482870Z     t =    45.14s Added attachment named 'Actual Home screen before game reactivation'
2026-09-10T13:01:23.3634020Z     t =    45.15s Open dev.partydeck.godot.iosauthority
2026-09-10T13:01:23.3729440Z     t =    45.15s     Activate dev.partydeck.godot.iosauthority
2026-09-10T13:01:23.4997420Z     t =    45.22s         Wait for dev.partydeck.godot.iosauthority to idle
2026-09-10T13:01:23.5102380Z     t =    45.25s Find the "authority-metrics" StaticText
2026-09-10T13:01:23.8539670Z     t =    45.50s Find the "authority-metrics" StaticText
2026-09-10T13:01:24.3431530Z     t =    46.13s Find the "authority-metrics" StaticText
2026-09-10T13:01:24.5255230Z     t =    46.32s Find the "authority-metrics" StaticText
2026-09-10T13:01:24.5466290Z     t =    46.34s Find the Target Application 'dev.partydeck.godot.iosauthority'
2026-09-10T13:01:24.7278050Z     t =    46.53s Added attachment named 'Same authority resumed with concealed cards'
2026-09-10T13:01:24.7376850Z     t =    46.53s Find the "authority-metrics" StaticText
2026-09-10T13:01:24.7481990Z     t =    46.55s Added attachment named 'Same authority resumed with concealed cards measurements'
2026-09-10T13:01:24.7586120Z     t =    46.55s Find the "authority-metrics" StaticText
2026-09-10T13:01:24.7694080Z     t =    46.57s Find the "authority-metrics" StaticText
2026-09-10T13:01:24.9520610Z     t =    46.75s Find the "authority-metrics" StaticText
2026-09-10T13:01:25.2103440Z     t =    46.94s Find the "authority-metrics" StaticText
2026-09-10T13:01:25.2658670Z     t =    47.06s Find the "godot-surface" Any
2026-09-10T13:01:25.4369710Z     t =    47.24s Find the "godot-surface" Other
2026-09-10T13:01:25.4899970Z     t =    47.29s Find the "godot-surface" Other
2026-09-10T13:01:25.5768880Z     t =    47.37s Find the Target Application 'dev.partydeck.godot.iosauthority'
2026-09-10T13:01:25.5979670Z     t =    47.39s Find the "godot-surface" Other
2026-09-10T13:01:25.6429320Z     t =    47.44s Added attachment named 'Observed control before input: reveal'
2026-09-10T13:01:25.6537370Z     t =    47.44s Find the "authority-metrics" StaticText
2026-09-10T13:01:25.6768970Z     t =    47.47s Added attachment named 'Actual native touch geometry: reveal'
2026-09-10T13:01:25.6876570Z     t =    47.47s Tap "godot-surface" Any[0.49, 0.68]
2026-09-10T13:01:25.7241140Z     t =    47.47s     Wait for dev.partydeck.godot.iosauthority to idle
2026-09-10T13:01:25.7502060Z     t =    47.48s     Find the "godot-surface" Any
2026-09-10T13:01:25.7861200Z     t =    47.57s     Check for interrupting elements affecting "godot-surface" Other
2026-09-10T13:01:25.8182130Z     t =    47.62s     Synthesize event
2026-09-10T13:01:25.8288110Z     t =    47.62s         Find the "godot-surface" Other
2026-09-10T13:01:25.8694390Z     t =    47.66s         Find the "godot-surface" Other
2026-09-10T13:01:25.9547330Z     t =    47.75s         Find the "godot-surface" Other
2026-09-10T13:01:26.3294820Z     t =    48.09s     Wait for dev.partydeck.godot.iosauthority to idle
2026-09-10T13:01:26.4072970Z     t =    48.19s Find the "authority-metrics" StaticText
2026-09-10T13:01:26.4294610Z     t =    48.23s Find the "authority-metrics" StaticText
2026-09-10T13:01:26.4506130Z     t =    48.25s Find the "authority-metrics" StaticText
2026-09-10T13:01:26.6343520Z     t =    48.43s Find the "authority-metrics" StaticText
2026-09-10T13:01:26.8106760Z     t =    48.61s Find the "authority-metrics" StaticText
2026-09-10T13:01:26.9925380Z     t =    48.79s Find the "authority-metrics" StaticText
2026-09-10T13:01:27.2864170Z     t =    49.00s Find the "authority-metrics" StaticText
2026-09-10T13:01:27.2865100Z     t =    49.04s Find the "godot-surface" Any
2026-09-10T13:01:27.3420930Z     t =    49.14s Find the "godot-surface" Other
2026-09-10T13:01:27.5085250Z     t =    49.30s Find the "godot-surface" Other
2026-09-10T13:01:27.5643140Z     t =    49.36s Find the Target Application 'dev.partydeck.godot.iosauthority'
2026-09-10T13:01:27.5745710Z     t =    49.37s Find the "godot-surface" Other
2026-09-10T13:01:27.6488050Z     t =    49.44s Added attachment named 'Observed control before input: card'
2026-09-10T13:01:27.6496540Z     t =    49.44s Find the "authority-metrics" StaticText
2026-09-10T13:01:27.6804740Z     t =    49.47s Added attachment named 'Actual native touch geometry: card'
2026-09-10T13:01:27.6906110Z     t =    49.47s Tap "godot-surface" Any[0.18, 0.63]
2026-09-10T13:01:27.7006310Z     t =    49.47s     Wait for dev.partydeck.godot.iosauthority to idle
2026-09-10T13:01:27.7112520Z     t =    49.48s     Find the "godot-surface" Any
2026-09-10T13:01:27.7214650Z     t =    49.51s     Check for interrupting elements affecting "godot-surface" Other
2026-09-10T13:01:27.7422770Z     t =    49.54s     Synthesize event
2026-09-10T13:01:27.7525260Z     t =    49.54s         Find the "godot-surface" Other
2026-09-10T13:01:27.7939890Z     t =    49.59s         Find the "godot-surface" Other
2026-09-10T13:01:27.8497090Z     t =    49.64s         Find the "godot-surface" Other
2026-09-10T13:01:28.1925490Z     t =    49.97s     Wait for dev.partydeck.godot.iosauthority to idle
2026-09-10T13:01:28.3418150Z     t =    50.14s Find the "authority-metrics" StaticText
2026-09-10T13:01:28.3967510Z     t =    50.19s Find the "authority-metrics" StaticText
2026-09-10T13:01:28.4663590Z     t =    50.26s Find the "authority-metrics" StaticText
2026-09-10T13:01:28.6635490Z     t =    50.46s Find the "authority-metrics" StaticText
2026-09-10T13:01:28.8602820Z     t =    50.65s Find the "authority-metrics" StaticText
2026-09-10T13:01:29.0589090Z     t =    50.85s Find the "authority-metrics" StaticText
2026-09-10T13:01:29.0914890Z     t =    50.89s Find the "godot-surface" Any
2026-09-10T13:01:29.1690480Z     t =    50.97s Find the "godot-surface" Other
2026-09-10T13:01:29.2213940Z     t =    51.01s Find the "godot-surface" Other
2026-09-10T13:01:29.2625730Z     t =    51.05s Find the Target Application 'dev.partydeck.godot.iosauthority'
2026-09-10T13:01:29.2727190Z     t =    51.07s Find the "godot-surface" Other
2026-09-10T13:01:29.3172620Z     t =    51.11s Added attachment named 'Observed control before input: play'
2026-09-10T13:01:29.3328690Z     t =    51.11s Find the "authority-metrics" StaticText
2026-09-10T13:01:29.3643390Z     t =    51.16s Added attachment named 'Actual native touch geometry: play'
2026-09-10T13:01:29.3746680Z     t =    51.16s Tap "godot-surface" Any[0.50, 0.85]
2026-09-10T13:01:29.3850670Z     t =    51.16s     Wait for dev.partydeck.godot.iosauthority to idle
2026-09-10T13:01:29.3966020Z     t =    51.16s     Find the "godot-surface" Any
2026-09-10T13:01:29.4177040Z     t =    51.21s     Check for interrupting elements affecting "godot-surface" Other
2026-09-10T13:01:29.4601900Z     t =    51.25s     Synthesize event
2026-09-10T13:01:29.4706720Z     t =    51.25s         Find the "godot-surface" Other
2026-09-10T13:01:29.4910980Z     t =    51.28s         Find the "godot-surface" Other
2026-09-10T13:01:29.5421450Z     t =    51.33s         Find the "godot-surface" Other
2026-09-10T13:01:29.8865190Z     t =    51.67s     Wait for dev.partydeck.godot.iosauthority to idle
2026-09-10T13:01:30.0966990Z     t =    51.86s Find the "authority-metrics" StaticText
2026-09-10T13:01:30.4324710Z     t =    52.22s Find the "authority-metrics" StaticText
2026-09-10T13:01:30.6416710Z     t =    52.44s Find the "authority-metrics" StaticText
2026-09-10T13:01:30.8346260Z     t =    52.63s Find the "authority-metrics" StaticText
2026-09-10T13:01:31.0305680Z     t =    52.82s Find the "authority-metrics" StaticText
2026-09-10T13:01:31.0608520Z     t =    52.86s Find the Target Application 'dev.partydeck.godot.iosauthority'
2026-09-10T13:01:31.2964020Z     t =    53.10s Added attachment named '04 actual viewer play 2d text 1'
2026-09-10T13:01:31.3072070Z     t =    53.10s Find the "authority-metrics" StaticText
2026-09-10T13:01:31.3406920Z     t =    53.13s Added attachment named '04 actual viewer play 2d text 1 measurements'
2026-09-10T13:01:31.3630110Z     t =    53.13s Find the Target Application 'dev.partydeck.godot.iosauthority'
2026-09-10T13:01:31.5904810Z     t =    53.38s Added attachment named '05 public outcome 2d text 1'
2026-09-10T13:01:31.5920650Z     t =    53.38s Find the "authority-metrics" StaticText
2026-09-10T13:01:31.6130230Z     t =    53.41s Added attachment named '05 public outcome 2d text 1 measurements'
2026-09-10T13:01:31.6234670Z     t =    53.42s Find the "authority-metrics" StaticText
2026-09-10T13:01:31.6645600Z     t =    53.46s Find the "authority-metrics" StaticText
2026-09-10T13:01:31.8551420Z     t =    53.65s Find the "authority-metrics" StaticText
2026-09-10T13:01:32.0450790Z     t =    53.84s Find the "authority-metrics" StaticText
2026-09-10T13:01:32.2384590Z     t =    54.03s Find the "authority-metrics" StaticText
2026-09-10T13:01:32.2695900Z     t =    54.06s Find the "godot-surface" Any
2026-09-10T13:01:32.3531400Z     t =    54.15s Find the "godot-surface" Other
2026-09-10T13:01:32.4189570Z     t =    54.21s Find the "godot-surface" Other
2026-09-10T13:01:32.4766930Z     t =    54.26s Find the Target Application 'dev.partydeck.godot.iosauthority'
2026-09-10T13:01:32.4970630Z     t =    54.29s Find the "godot-surface" Other
2026-09-10T13:01:32.5606480Z     t =    54.36s Added attachment named 'Observed control before input: next_round'
2026-09-10T13:01:32.5711600Z     t =    54.36s Find the "authority-metrics" StaticText
2026-09-10T13:01:32.6222830Z     t =    54.40s Added attachment named 'Actual native touch geometry: next_round'
2026-09-10T13:01:32.6223480Z     t =    54.40s Tap "godot-surface" Any[0.50, 0.94]
2026-09-10T13:01:32.6358250Z     t =    54.40s     Wait for dev.partydeck.godot.iosauthority to idle
2026-09-10T13:01:32.6465360Z     t =    54.40s     Find the "godot-surface" Any
2026-09-10T13:01:32.7752290Z     t =    54.53s     Check for interrupting elements affecting "godot-surface" Other
2026-09-10T13:01:32.8325220Z     t =    54.62s     Synthesize event
2026-09-10T13:01:32.8429850Z     t =    54.63s         Find the "godot-surface" Other
2026-09-10T13:01:32.9062840Z     t =    54.70s         Find the "godot-surface" Other
2026-09-10T13:01:32.9827480Z     t =    54.76s         Find the "godot-surface" Other
2026-09-10T13:01:33.3289360Z     t =    55.12s     Wait for dev.partydeck.godot.iosauthority to idle
2026-09-10T13:01:33.4349220Z     t =    55.22s Find the "authority-metrics" StaticText
2026-09-10T13:01:33.6281820Z     t =    55.43s Find the "authority-metrics" StaticText
2026-09-10T13:01:33.8564330Z     t =    55.65s Find the "authority-metrics" StaticText
2026-09-10T13:01:34.0607970Z     t =    55.84s Find the "authority-metrics" StaticText
2026-09-10T13:01:34.0939750Z     t =    55.88s Find the "authority-metrics" StaticText
2026-09-10T13:01:34.1277510Z     t =    55.93s Find the "authority-metrics" StaticText
2026-09-10T13:01:34.3260580Z     t =    56.12s Find the "authority-metrics" StaticText
2026-09-10T13:01:34.5594560Z     t =    56.33s Find the "authority-metrics" StaticText
2026-09-10T13:01:34.9388740Z     t =    56.74s Find the "authority-metrics" StaticText
2026-09-10T13:01:35.0092860Z     t =    56.79s Find the "godot-surface" Any
2026-09-10T13:01:35.1129090Z     t =    56.91s Find the "godot-surface" Other
2026-09-10T13:01:35.2014470Z     t =    57.00s Find the "godot-surface" Other
2026-09-10T13:01:35.2834930Z     t =    57.08s Find the Target Application 'dev.partydeck.godot.iosauthority'
2026-09-10T13:01:35.3208150Z     t =    57.11s Find the "godot-surface" Other
2026-09-10T13:01:35.3934870Z     t =    57.18s Added attachment named 'Observed control before input: next_round'
2026-09-10T13:01:35.3958730Z     t =    57.19s Find the "authority-metrics" StaticText
2026-09-10T13:01:35.4457420Z     t =    57.24s Added attachment named 'Actual native touch geometry: next_round'
2026-09-10T13:01:35.4461580Z     t =    57.24s Tap "godot-surface" Any[0.50, 0.94]
2026-09-10T13:01:35.4564870Z     t =    57.24s     Wait for dev.partydeck.godot.iosauthority to idle
2026-09-10T13:01:35.4585480Z     t =    57.24s     Find the "godot-surface" Any
2026-09-10T13:01:35.6783080Z     t =    57.40s     Check for interrupting elements affecting "godot-surface" Other
2026-09-10T13:01:35.8800550Z     t =    57.67s     Synthesize event
2026-09-10T13:01:35.8984150Z     t =    57.67s         Find the "godot-surface" Other
2026-09-10T13:01:35.9566960Z     t =    57.75s         Find the "godot-surface" Other
2026-09-10T13:01:36.0621650Z     t =    57.86s         Find the "godot-surface" Other
2026-09-10T13:01:36.4087540Z     t =    58.19s     Wait for dev.partydeck.godot.iosauthority to idle
2026-09-10T13:01:36.4767070Z     t =    58.25s Find the "authority-metrics" StaticText
2026-09-10T13:01:36.8612940Z     t =    58.66s Find the "authority-metrics" StaticText
2026-09-10T13:01:37.1521390Z     t =    58.92s Find the "authority-metrics" StaticText
2026-09-10T13:01:37.4480980Z     t =    59.20s Find the "authority-metrics" StaticText
2026-09-10T13:01:37.6024280Z     t =    59.39s Find the "authority-metrics" StaticText
2026-09-10T13:01:37.7044430Z     t =    59.50s Find the "authority-metrics" StaticText
2026-09-10T13:01:37.9140130Z     t =    59.70s Find the "authority-metrics" StaticText
2026-09-10T13:01:38.0028480Z     t =    59.77s Find the "godot-surface" Any
2026-09-10T13:01:38.2305800Z     t =    60.00s Find the "godot-surface" Other
2026-09-10T13:01:38.3683540Z     t =    60.15s Find the "godot-surface" Other
2026-09-10T13:01:38.5577120Z     t =    60.32s Find the Target Application 'dev.partydeck.godot.iosauthority'
2026-09-10T13:01:38.5687310Z     t =    60.36s Find the "godot-surface" Other
2026-09-10T13:01:38.6877000Z     t =    60.47s Added attachment named 'Observed control before input: next_round'
2026-09-10T13:01:38.7006520Z     t =    60.47s Find the "authority-metrics" StaticText
2026-09-10T13:01:38.7412970Z     t =    60.53s Added attachment named 'Actual native touch geometry: next_round'
2026-09-10T13:01:38.7542000Z     t =    60.53s Tap "godot-surface" Any[0.50, 0.94]
2026-09-10T13:01:38.7608700Z     t =    60.53s     Wait for dev.partydeck.godot.iosauthority to idle
2026-09-10T13:01:38.7622870Z     t =    60.54s     Find the "godot-surface" Any
2026-09-10T13:01:38.8768200Z     t =    60.67s     Check for interrupting elements affecting "godot-surface" Other
2026-09-10T13:01:38.9395620Z     t =    60.72s     Synthesize event
2026-09-10T13:01:38.9524240Z     t =    60.72s         Find the "godot-surface" Other
2026-09-10T13:01:39.0583210Z     t =    60.83s         Find the "godot-surface" Other
2026-09-10T13:01:39.1736720Z     t =    60.96s         Find the "godot-surface" Other
2026-09-10T13:01:39.5838760Z     t =    61.36s     Wait for dev.partydeck.godot.iosauthority to idle
2026-09-10T13:01:39.7061100Z     t =    61.44s Find the "authority-metrics" StaticText
2026-09-10T13:01:40.1522750Z     t =    61.95s Find the "authority-metrics" StaticText
2026-09-10T13:01:40.3541400Z     t =    62.15s Find the "authority-metrics" StaticText
2026-09-10T13:01:40.4210290Z     t =    62.20s Find the "authority-metrics" StaticText
2026-09-10T13:01:40.5230710Z     t =    62.30s Find the "authority-metrics" StaticText
2026-09-10T13:01:40.7127470Z     t =    62.50s Find the "authority-metrics" StaticText
2026-09-10T13:01:40.9412000Z     t =    62.74s Find the "authority-metrics" StaticText
2026-09-10T13:01:41.0331820Z     t =    62.80s Find the "godot-surface" Any
2026-09-10T13:01:41.0956760Z     t =    62.90s Find the "godot-surface" Other
2026-09-10T13:01:41.1626080Z     t =    62.96s Find the "godot-surface" Other
2026-09-10T13:01:41.3056110Z     t =    63.07s Find the Target Application 'dev.partydeck.godot.iosauthority'
2026-09-10T13:01:41.3159550Z     t =    63.11s Find the "godot-surface" Other
2026-09-10T13:01:41.4437800Z     t =    63.23s Added attachment named 'Observed control before input: challenge'
2026-09-10T13:01:41.4560770Z     t =    63.23s Find the "authority-metrics" StaticText
2026-09-10T13:01:41.5220880Z     t =    63.29s Added attachment named 'Actual native touch geometry: challenge'
2026-09-10T13:01:41.5422170Z     t =    63.29s Tap "godot-surface" Any[0.50, 0.94]
2026-09-10T13:01:41.5528110Z     t =    63.29s     Wait for dev.partydeck.godot.iosauthority to idle
2026-09-10T13:01:41.5631400Z     t =    63.31s     Find the "godot-surface" Any
2026-09-10T13:01:41.6470620Z     t =    63.42s     Check for interrupting elements affecting "godot-surface" Other
2026-09-10T13:01:41.7348750Z     t =    63.52s     Synthesize event
2026-09-10T13:01:41.7532570Z     t =    63.53s         Find the "godot-surface" Other
2026-09-10T13:01:41.8409480Z     t =    63.61s         Find the "godot-surface" Other
2026-09-10T13:01:42.1446960Z     t =    63.91s         Find the "godot-surface" Other
2026-09-10T13:01:42.6123510Z     t =    64.37s     Wait for dev.partydeck.godot.iosauthority to idle
2026-09-10T13:01:42.6332460Z     t =    64.40s Find the "authority-metrics" StaticText
2026-09-10T13:01:43.1119680Z     t =    64.90s Find the "authority-metrics" StaticText
2026-09-10T13:01:43.3279650Z     t =    65.11s Find the "authority-metrics" StaticText
2026-09-10T13:01:43.4049860Z     t =    65.19s Find the Target Application 'dev.partydeck.godot.iosauthority'
2026-09-10T13:01:43.6396470Z     t =    65.40s Added attachment named '06 actual viewer challenge 2d text 1'
2026-09-10T13:01:43.6633570Z     t =    65.40s Find the "authority-metrics" StaticText
2026-09-10T13:01:43.7049750Z     t =    65.48s Added attachment named '06 actual viewer challenge 2d text 1 measurements'
2026-09-10T13:01:43.7050430Z     t =    65.48s Find the "authority-metrics" StaticText
2026-09-10T13:01:43.8197490Z     t =    65.61s Find the "authority-metrics" StaticText
2026-09-10T13:01:44.0375320Z     t =    65.83s Find the "authority-metrics" StaticText
2026-09-10T13:01:44.1294630Z     t =    65.91s Find the "godot-surface" Any
2026-09-10T13:01:44.2616440Z     t =    66.03s Find the "godot-surface" Other
2026-09-10T13:01:44.3457580Z     t =    66.14s Find the "godot-surface" Other
2026-09-10T13:01:44.4986210Z     t =    66.27s Find the Target Application 'dev.partydeck.godot.iosauthority'
2026-09-10T13:01:44.5241020Z     t =    66.31s Find the "godot-surface" Other
2026-09-10T13:01:44.6329500Z     t =    66.42s Added attachment named 'Observed control before input: next_round'
2026-09-10T13:01:44.6432560Z     t =    66.42s Find the "authority-metrics" StaticText
2026-09-10T13:01:44.6873100Z     t =    66.48s Added attachment named 'Actual native touch geometry: next_round'
2026-09-10T13:01:44.6987820Z     t =    66.48s Tap "godot-surface" Any[0.50, 0.94]
2026-09-10T13:01:44.7089560Z     t =    66.48s     Wait for dev.partydeck.godot.iosauthority to idle
2026-09-10T13:01:44.7345720Z     t =    66.48s     Find the "godot-surface" Any
2026-09-10T13:01:44.8869340Z     t =    66.66s     Check for interrupting elements affecting "godot-surface" Other
2026-09-10T13:01:44.9885280Z     t =    66.77s     Synthesize event
2026-09-10T13:01:45.0079560Z     t =    66.78s         Find the "godot-surface" Other
2026-09-10T13:01:45.0636850Z     t =    66.84s         Find the "godot-surface" Other
2026-09-10T13:01:45.1627570Z     t =    66.95s         Find the "godot-surface" Other
2026-09-10T13:01:45.5636050Z     t =    67.31s     Wait for dev.partydeck.godot.iosauthority to idle
2026-09-10T13:01:45.7119730Z     t =    67.45s Find the "authority-metrics" StaticText
2026-09-10T13:01:45.9602060Z     t =    67.74s Find the "authority-metrics" StaticText
2026-09-10T13:01:46.0065230Z     t =    67.79s Find the "authority-metrics" StaticText
2026-09-10T13:01:46.0875300Z     t =    67.87s Find the "authority-metrics" StaticText
2026-09-10T13:01:46.2589560Z     t =    68.06s Find the "authority-metrics" StaticText
2026-09-10T13:01:46.4888140Z     t =    68.28s Find the "authority-metrics" StaticText
2026-09-10T13:01:46.7154140Z     t =    68.48s Find the "authority-metrics" StaticText
2026-09-10T13:01:46.8827660Z     t =    68.65s Find the "godot-surface" Any
2026-09-10T13:01:47.0363710Z     t =    68.80s Find the "godot-surface" Other
2026-09-10T13:01:47.1266740Z     t =    68.91s Find the "godot-surface" Other
2026-09-10T13:01:47.2169260Z     t =    68.98s Find the Target Application 'dev.partydeck.godot.iosauthority'
2026-09-10T13:01:47.2276110Z     t =    69.02s Find the "godot-surface" Other
2026-09-10T13:01:47.3761640Z     t =    69.16s Added attachment named 'Observed control before input: reveal'
2026-09-10T13:01:47.3886460Z     t =    69.16s Added attachment named 'Measured scroll gesture: reveal'
2026-09-10T13:01:47.4002980Z     t =    69.16s Press "godot-surface" Any[0.50, 0.67] for 0.1 seconds, then drag to "godot-surface" Any[0.50, 0.61] with velocity of 60.00 pixels per second, and then hold for 0.3 seconds 
2026-09-10T13:01:47.4111410Z     t =    69.16s     Wait for dev.partydeck.godot.iosauthority to idle
2026-09-10T13:01:47.4540560Z     t =    69.17s     Find the "godot-surface" Any
2026-09-10T13:01:47.7107130Z     t =    69.49s     Check for interrupting elements affecting "godot-surface" Other
2026-09-10T13:01:47.7883170Z     t =    69.56s     Synthesize event
2026-09-10T13:01:47.8005920Z     t =    69.57s         Find the "godot-surface" Other
2026-09-10T13:01:47.8555320Z     t =    69.64s         Find the "godot-surface" Other
2026-09-10T13:01:47.9413910Z     t =    69.73s         Find the "godot-surface" Other
2026-09-10T13:01:48.0168000Z     t =    69.80s         Find the "godot-surface" Other
2026-09-10T13:01:48.1024080Z     t =    69.89s         Find the "godot-surface" Other
2026-09-10T13:01:49.5251240Z     t =    71.33s     Wait for dev.partydeck.godot.iosauthority to idle
2026-09-10T13:01:49.5357140Z     t =    71.33s Find the "authority-metrics" StaticText
2026-09-10T13:01:49.5564180Z     t =    71.36s Find the "authority-metrics" StaticText
2026-09-10T13:01:49.7513440Z     t =    71.54s Find the "authority-metrics" StaticText
2026-09-10T13:01:49.9269810Z     t =    71.72s Find the "authority-metrics" StaticText
2026-09-10T13:01:49.9561600Z     t =    71.74s Find the "godot-surface" Any
2026-09-10T13:01:50.0006830Z     t =    71.80s Find the "godot-surface" Other
2026-09-10T13:01:50.0383780Z     t =    71.84s Find the "godot-surface" Other
2026-09-10T13:01:50.0911910Z     t =    71.88s Find the Target Application 'dev.partydeck.godot.iosauthority'
2026-09-10T13:01:50.1019940Z     t =    71.90s Find the "godot-surface" Other
2026-09-10T13:01:50.1345120Z     t =    71.93s Added attachment named 'Observed control before input: reveal'
2026-09-10T13:01:50.1383470Z     t =    71.94s Find the "authority-metrics" StaticText
2026-09-10T13:01:50.1628520Z     t =    71.96s Added attachment named 'Actual native touch geometry: reveal'
2026-09-10T13:01:50.1737660Z     t =    71.96s Tap "godot-surface" Any[0.49, 0.74]
2026-09-10T13:01:50.1858290Z     t =    71.96s     Wait for dev.partydeck.godot.iosauthority to idle
2026-09-10T13:01:50.1977790Z     t =    71.97s     Find the "godot-surface" Any
2026-09-10T13:01:50.2103920Z     t =    72.00s     Check for interrupting elements affecting "godot-surface" Other
2026-09-10T13:01:50.2321210Z     t =    72.03s     Synthesize event
2026-09-10T13:01:50.2486990Z     t =    72.04s         Find the "godot-surface" Other
2026-09-10T13:01:50.2708150Z     t =    72.07s         Find the "godot-surface" Other
2026-09-10T13:01:50.3207610Z     t =    72.11s         Find the "godot-surface" Other
2026-09-10T13:01:50.6657050Z     t =    72.44s     Wait for dev.partydeck.godot.iosauthority to idle
2026-09-10T13:01:50.6743560Z     t =    72.45s Find the "authority-metrics" StaticText
2026-09-10T13:01:50.9610240Z     t =    72.76s Find the "authority-metrics" StaticText
2026-09-10T13:01:51.1567680Z     t =    72.95s Find the "authority-metrics" StaticText
2026-09-10T13:01:51.1879470Z     t =    72.99s Find the "authority-metrics" StaticText
2026-09-10T13:01:51.2138320Z     t =    73.00s Find the "authority-metrics" StaticText
2026-09-10T13:01:51.3861250Z     t =    73.19s Find the "authority-metrics" StaticText
2026-09-10T13:01:51.5754440Z     t =    73.36s Find the "authority-metrics" StaticText
2026-09-10T13:01:51.7377990Z     t =    73.54s Find the "authority-metrics" StaticText
2026-09-10T13:01:51.7702280Z     t =    73.56s Find the "godot-surface" Any
2026-09-10T13:01:51.8501300Z     t =    73.64s Find the "godot-surface" Other
2026-09-10T13:01:51.9152600Z     t =    73.71s Find the "godot-surface" Other
2026-09-10T13:01:51.9621850Z     t =    73.75s Find the Target Application 'dev.partydeck.godot.iosauthority'
2026-09-10T13:01:51.9851790Z     t =    73.78s Find the "godot-surface" Other
2026-09-10T13:01:52.0592580Z     t =    73.84s Added attachment named 'Observed control before input: card'
2026-09-10T13:01:52.0694650Z     t =    73.84s Find the "authority-metrics" StaticText
2026-09-10T13:01:52.1160210Z     t =    73.90s Added attachment named 'Actual native touch geometry: card'
2026-09-10T13:01:52.1299990Z     t =    73.90s Tap "godot-surface" Any[0.18, 0.63]
2026-09-10T13:01:52.1300400Z     t =    73.90s     Wait for dev.partydeck.godot.iosauthority to idle
2026-09-10T13:01:52.1300890Z     t =    73.90s     Find the "godot-surface" Any
2026-09-10T13:01:52.1784190Z     t =    73.97s     Check for interrupting elements affecting "godot-surface" Other
2026-09-10T13:01:52.2087780Z     t =    74.00s     Synthesize event
2026-09-10T13:01:52.2231850Z     t =    74.01s         Find the "godot-surface" Other
2026-09-10T13:01:52.2664210Z     t =    74.06s         Find the "godot-surface" Other
2026-09-10T13:01:52.3289780Z     t =    74.12s         Find the "godot-surface" Other
2026-09-10T13:01:52.8525600Z     t =    74.45s     Wait for dev.partydeck.godot.iosauthority to idle
2026-09-10T13:01:52.8634270Z     t =    74.48s Find the "authority-metrics" StaticText
2026-09-10T13:01:53.0548770Z     t =    74.85s Find the "authority-metrics" StaticText
2026-09-10T13:01:53.2448970Z     t =    75.04s Find the "authority-metrics" StaticText
2026-09-10T13:01:53.2745240Z     t =    75.08s Find the "authority-metrics" StaticText
2026-09-10T13:01:53.3188320Z     t =    75.12s Find the "authority-metrics" StaticText
2026-09-10T13:01:53.4972180Z     t =    75.30s Find the "authority-metrics" StaticText
2026-09-10T13:01:53.6933940Z     t =    75.49s Find the "authority-metrics" StaticText
2026-09-10T13:01:53.8680180Z     t =    75.67s Find the "authority-metrics" StaticText
2026-09-10T13:01:53.8972580Z     t =    75.70s Find the "godot-surface" Any
2026-09-10T13:01:53.9428940Z     t =    75.74s Find the "godot-surface" Other
2026-09-10T13:01:53.9904580Z     t =    75.78s Find the "godot-surface" Other
2026-09-10T13:01:54.0287610Z     t =    75.82s Find the Target Application 'dev.partydeck.godot.iosauthority'
2026-09-10T13:01:54.0374590Z     t =    75.84s Find the "godot-surface" Other
2026-09-10T13:01:54.0787620Z     t =    75.88s Added attachment named 'Observed control before input: play'
2026-09-10T13:01:54.0807890Z     t =    75.88s Find the "authority-metrics" StaticText
2026-09-10T13:01:54.1126370Z     t =    75.91s Added attachment named 'Actual native touch geometry: play'
2026-09-10T13:01:54.1180000Z     t =    75.91s Tap "godot-surface" Any[0.50, 0.85]
2026-09-10T13:01:54.1187400Z     t =    75.91s     Wait for dev.partydeck.godot.iosauthority to idle
2026-09-10T13:01:54.1194170Z     t =    75.92s     Find the "godot-surface" Any
2026-09-10T13:01:54.1527860Z     t =    75.95s     Check for interrupting elements affecting "godot-surface" Other
2026-09-10T13:01:54.1882540Z     t =    75.99s     Synthesize event
2026-09-10T13:01:54.1923320Z     t =    76.00s         Find the "godot-surface" Other
2026-09-10T13:01:54.2428490Z     t =    76.03s         Find the "godot-surface" Other
2026-09-10T13:01:54.2797620Z     t =    76.08s         Find the "godot-surface" Other
2026-09-10T13:01:54.6411910Z     t =    76.41s     Wait for dev.partydeck.godot.iosauthority to idle
2026-09-10T13:01:54.6423750Z     t =    76.44s Find the "authority-metrics" StaticText
2026-09-10T13:01:54.9776770Z     t =    76.77s Find the "authority-metrics" StaticText
2026-09-10T13:01:55.2114560Z     t =    76.98s Find the "authority-metrics" StaticText
2026-09-10T13:01:55.2707480Z     t =    77.06s Find the "authority-metrics" StaticText
2026-09-10T13:01:55.3541910Z     t =    77.14s Find the "authority-metrics" StaticText
2026-09-10T13:01:55.5746110Z     t =    77.36s Find the "authority-metrics" StaticText
2026-09-10T13:01:55.8170000Z     t =    77.59s Find the "authority-metrics" StaticText
2026-09-10T13:01:56.0291110Z     t =    77.82s Find the "authority-metrics" StaticText
2026-09-10T13:01:56.0852320Z     t =    77.89s Find the "godot-surface" Any
2026-09-10T13:01:56.1809840Z     t =    77.97s Find the "godot-surface" Other
2026-09-10T13:01:56.2977870Z     t =    78.09s Find the "godot-surface" Other
2026-09-10T13:01:56.3835570Z     t =    78.16s Find the Target Application 'dev.partydeck.godot.iosauthority'
2026-09-10T13:01:56.4199150Z     t =    78.20s Find the "godot-surface" Other
2026-09-10T13:01:56.5081190Z     t =    78.29s Added attachment named 'Observed control before input: next_round'
2026-09-10T13:01:56.5194160Z     t =    78.30s Find the "authority-metrics" StaticText
2026-09-10T13:01:56.5895960Z     t =    78.38s Added attachment named 'Actual native touch geometry: next_round'
2026-09-10T13:01:56.5897840Z     t =    78.38s Tap "godot-surface" Any[0.50, 0.94]
2026-09-10T13:01:56.5898920Z     t =    78.38s     Wait for dev.partydeck.godot.iosauthority to idle
2026-09-10T13:01:56.5912620Z     t =    78.38s     Find the "godot-surface" Any
2026-09-10T13:01:56.6272050Z     t =    78.43s     Check for interrupting elements affecting "godot-surface" Other
2026-09-10T13:01:56.6840990Z     t =    78.48s     Synthesize event
2026-09-10T13:01:56.6946760Z     t =    78.49s         Find the "godot-surface" Other
2026-09-10T13:01:56.7618220Z     t =    78.56s         Find the "godot-surface" Other
2026-09-10T13:01:56.9470810Z     t =    78.70s         Find the "godot-surface" Other
2026-09-10T13:01:57.4079850Z     t =    79.18s     Wait for dev.partydeck.godot.iosauthority to idle
2026-09-10T13:01:57.4172340Z     t =    79.21s Find the "authority-metrics" StaticText
2026-09-10T13:01:57.7345140Z     t =    79.53s Find the "authority-metrics" StaticText
2026-09-10T13:01:57.9314270Z     t =    79.73s Find the "authority-metrics" StaticText
2026-09-10T13:01:57.9699080Z     t =    79.77s Find the "authority-metrics" StaticText
2026-09-10T13:01:58.0079910Z     t =    79.81s Find the "authority-metrics" StaticText
2026-09-10T13:01:58.1844380Z     t =    79.99s Find the "authority-metrics" StaticText
2026-09-10T13:01:58.3809450Z     t =    80.18s Find the "authority-metrics" StaticText
2026-09-10T13:01:58.5929500Z     t =    80.38s Find the "authority-metrics" StaticText
2026-09-10T13:01:58.7043080Z     t =    80.49s Find the "godot-surface" Any
2026-09-10T13:01:58.8929460Z     t =    80.67s Find the "godot-surface" Other
2026-09-10T13:01:59.0128580Z     t =    80.81s Find the "godot-surface" Other
2026-09-10T13:01:59.1822010Z     t =    80.95s Find the Target Application 'dev.partydeck.godot.iosauthority'
2026-09-10T13:01:59.1960920Z     t =    80.97s Find the "godot-surface" Other
2026-09-10T13:01:59.4254090Z     t =    81.19s Added attachment named 'Observed control before input: next_round'
2026-09-10T13:01:59.4255430Z     t =    81.19s Find the "authority-metrics" StaticText
2026-09-10T13:01:59.5359770Z     t =    81.31s Added attachment named 'Actual native touch geometry: next_round'
2026-09-10T13:01:59.5464820Z     t =    81.31s Tap "godot-surface" Any[0.50, 0.94]
2026-09-10T13:01:59.5661660Z     t =    81.31s     Wait for dev.partydeck.godot.iosauthority to idle
2026-09-10T13:01:59.5662130Z     t =    81.34s     Find the "godot-surface" Any
2026-09-10T13:01:59.6382690Z     t =    81.43s     Check for interrupting elements affecting "godot-surface" Other
2026-09-10T13:01:59.7349970Z     t =    81.53s     Synthesize event
2026-09-10T13:01:59.7456990Z     t =    81.54s         Find the "godot-surface" Other
2026-09-10T13:01:59.8179900Z     t =    81.59s         Find the "godot-surface" Other
2026-09-10T13:01:59.9045690Z     t =    81.69s         Find the "godot-surface" Other
2026-09-10T13:02:00.5405910Z     t =    82.24s     Wait for dev.partydeck.godot.iosauthority to idle
2026-09-10T13:02:00.5951360Z     t =    82.26s Find the "authority-metrics" StaticText
2026-09-10T13:02:00.8717510Z     t =    82.67s Find the "authority-metrics" StaticText
2026-09-10T13:02:01.0827440Z     t =    82.88s Find the "authority-metrics" StaticText
2026-09-10T13:02:01.2861480Z     t =    83.08s Find the "authority-metrics" StaticText
2026-09-10T13:02:01.3627340Z     t =    83.16s Find the "authority-metrics" StaticText
2026-09-10T13:02:01.4163090Z     t =    83.21s Find the "authority-metrics" StaticText
2026-09-10T13:02:01.5976090Z     t =    83.40s Find the "authority-metrics" StaticText
2026-09-10T13:02:01.8678020Z     t =    83.64s Find the "authority-metrics" StaticText
2026-09-10T13:02:01.8992050Z     t =    83.69s Find the "godot-surface" Any
2026-09-10T13:02:01.9851570Z     t =    83.78s Find the "godot-surface" Other
2026-09-10T13:02:02.0817850Z     t =    83.87s Find the "godot-surface" Other
2026-09-10T13:02:02.1513880Z     t =    83.95s Find the Target Application 'dev.partydeck.godot.iosauthority'
2026-09-10T13:02:02.1720440Z     t =    83.97s Find the "godot-surface" Other
2026-09-10T13:02:02.4520680Z     t =    84.24s Added attachment named 'Observed control before input: next_round'
2026-09-10T13:02:02.4629260Z     t =    84.24s Find the "authority-metrics" StaticText
2026-09-10T13:02:02.5183410Z     t =    84.30s Added attachment named 'Actual native touch geometry: next_round'
2026-09-10T13:02:02.5284720Z     t =    84.30s Tap "godot-surface" Any[0.50, 0.94]
2026-09-10T13:02:02.5391070Z     t =    84.31s     Wait for dev.partydeck.godot.iosauthority to idle
2026-09-10T13:02:02.5500060Z     t =    84.31s     Find the "godot-surface" Any
2026-09-10T13:02:02.6172680Z     t =    84.40s     Check for interrupting elements affecting "godot-surface" Other
2026-09-10T13:02:02.6745080Z     t =    84.46s     Synthesize event
2026-09-10T13:02:02.6854030Z     t =    84.47s         Find the "godot-surface" Other
2026-09-10T13:02:02.7997040Z     t =    84.54s         Find the "godot-surface" Other
2026-09-10T13:02:03.1160030Z     t =    84.90s         Find the "godot-surface" Other
2026-09-10T13:02:03.5895100Z     t =    85.29s     Wait for dev.partydeck.godot.iosauthority to idle
2026-09-10T13:02:03.5940910Z     t =    85.32s Find the "authority-metrics" StaticText
2026-09-10T13:02:03.8890640Z     t =    85.67s Find the "authority-metrics" StaticText
2026-09-10T13:02:04.2665870Z     t =    86.06s Find the "authority-metrics" StaticText
2026-09-10T13:02:04.3031160Z     t =    86.10s Find the "authority-metrics" StaticText
2026-09-10T13:02:04.3668390Z     t =    86.16s Find the "authority-metrics" StaticText
2026-09-10T13:02:04.5405600Z     t =    86.34s Find the "authority-metrics" StaticText
2026-09-10T13:02:04.5650550Z     t =    86.36s Find the "godot-surface" Any
2026-09-10T13:02:04.6137050Z     t =    86.41s Find the "godot-surface" Other
2026-09-10T13:02:04.6518460Z     t =    86.45s Find the "godot-surface" Other
2026-09-10T13:02:04.7146910Z     t =    86.51s Find the Target Application 'dev.partydeck.godot.iosauthority'
2026-09-10T13:02:04.7245350Z     t =    86.53s Find the "godot-surface" Other
2026-09-10T13:02:04.7742130Z     t =    86.57s Added attachment named 'Observed control before input: challenge'
2026-09-10T13:02:04.7744120Z     t =    86.57s Find the "authority-metrics" StaticText
2026-09-10T13:02:04.8055830Z     t =    86.60s Added attachment named 'Actual native touch geometry: challenge'
2026-09-10T13:02:04.8075510Z     t =    86.60s Tap "godot-surface" Any[0.50, 0.94]
2026-09-10T13:02:04.8076190Z     t =    86.60s     Wait for dev.partydeck.godot.iosauthority to idle
2026-09-10T13:02:04.8106950Z     t =    86.61s     Find the "godot-surface" Any
2026-09-10T13:02:04.8693220Z     t =    86.64s     Check for interrupting elements affecting "godot-surface" Other
2026-09-10T13:02:04.8992780Z     t =    86.70s     Synthesize event
2026-09-10T13:02:04.9012040Z     t =    86.70s         Find the "godot-surface" Other
2026-09-10T13:02:04.9555000Z     t =    86.75s         Find the "godot-surface" Other
2026-09-10T13:02:05.3196820Z     t =    87.11s         Find the "godot-surface" Other
2026-09-10T13:02:05.7042540Z     t =    87.50s     Wait for dev.partydeck.godot.iosauthority to idle
2026-09-10T13:02:05.8275800Z     t =    87.60s Find the "authority-metrics" StaticText
2026-09-10T13:02:06.1710090Z     t =    87.97s Find the "authority-metrics" StaticText
2026-09-10T13:02:06.3657900Z     t =    88.16s Find the "authority-metrics" StaticText
2026-09-10T13:02:06.6174340Z     t =    88.42s Find the "authority-metrics" StaticText
2026-09-10T13:02:06.6601950Z     t =    88.46s Find the "authority-metrics" StaticText
2026-09-10T13:02:06.7156190Z     t =    88.50s Find the "authority-metrics" StaticText
2026-09-10T13:02:06.9517240Z     t =    88.74s Find the "authority-metrics" StaticText
2026-09-10T13:02:07.1554950Z     t =    88.94s Find the "authority-metrics" StaticText
2026-09-10T13:02:07.3472780Z     t =    89.14s Find the "godot-surface" Any
2026-09-10T13:02:07.4357510Z     t =    89.23s Find the "godot-surface" Other
2026-09-10T13:02:07.5010320Z     t =    89.30s Find the "godot-surface" Other
2026-09-10T13:02:07.5478940Z     t =    89.35s Find the Target Application 'dev.partydeck.godot.iosauthority'
2026-09-10T13:02:07.5609450Z     t =    89.36s Find the "godot-surface" Other
2026-09-10T13:02:07.5982280Z     t =    89.40s Added attachment named 'Observed control before input: next_round'
2026-09-10T13:02:07.6022640Z     t =    89.40s Find the "authority-metrics" StaticText
2026-09-10T13:02:07.6562730Z     t =    89.43s Added attachment named 'Actual native touch geometry: next_round'
2026-09-10T13:02:07.6601380Z     t =    89.44s Tap "godot-surface" Any[0.50, 0.94]
2026-09-10T13:02:07.6608720Z     t =    89.44s     Wait for dev.partydeck.godot.iosauthority to idle
2026-09-10T13:02:07.6626910Z     t =    89.44s     Find the "godot-surface" Any
2026-09-10T13:02:07.7021560Z     t =    89.50s     Check for interrupting elements affecting "godot-surface" Other
2026-09-10T13:02:07.7366590Z     t =    89.54s     Synthesize event
2026-09-10T13:02:07.7481760Z     t =    89.54s         Find the "godot-surface" Other
2026-09-10T13:02:07.8100980Z     t =    89.61s         Find the "godot-surface" Other
2026-09-10T13:02:07.9175780Z     t =    89.69s         Find the "godot-surface" Other
2026-09-10T13:02:08.3337780Z     t =    90.10s     Wait for dev.partydeck.godot.iosauthority to idle
2026-09-10T13:02:08.3441120Z     t =    90.12s Find the "authority-metrics" StaticText
2026-09-10T13:02:08.7995240Z     t =    90.60s Find the "authority-metrics" StaticText
2026-09-10T13:02:08.9982550Z     t =    90.80s Find the "authority-metrics" StaticText
2026-09-10T13:02:09.1936410Z     t =    90.99s Find the "authority-metrics" StaticText
2026-09-10T13:02:09.2798760Z     t =    91.06s Find the "authority-metrics" StaticText
2026-09-10T13:02:09.3096070Z     t =    91.11s Find the "authority-metrics" StaticText
2026-09-10T13:02:09.5351830Z     t =    91.33s Find the "authority-metrics" StaticText
2026-09-10T13:02:09.7308800Z     t =    91.53s Find the "authority-metrics" StaticText
2026-09-10T13:02:09.7643590Z     t =    91.56s Find the "godot-surface" Any
2026-09-10T13:02:09.8183300Z     t =    91.62s Find the "godot-surface" Other
2026-09-10T13:02:09.8893250Z     t =    91.69s Find the "godot-surface" Other
2026-09-10T13:02:09.9299260Z     t =    91.73s Find the Target Application 'dev.partydeck.godot.iosauthority'
2026-09-10T13:02:09.9401600Z     t =    91.74s Find the "godot-surface" Other
2026-09-10T13:02:09.9933970Z     t =    91.78s Added attachment named 'Observed control before input: next_round'
2026-09-10T13:02:10.0000340Z     t =    91.79s Find the "authority-metrics" StaticText
2026-09-10T13:02:10.0250070Z     t =    91.82s Added attachment named 'Actual native touch geometry: next_round'
2026-09-10T13:02:10.0357980Z     t =    91.82s Tap "godot-surface" Any[0.50, 0.94]
2026-09-10T13:02:10.0466540Z     t =    91.82s     Wait for dev.partydeck.godot.iosauthority to idle
2026-09-10T13:02:10.0577690Z     t =    91.82s     Find the "godot-surface" Any
2026-09-10T13:02:10.1375050Z     t =    91.93s     Check for interrupting elements affecting "godot-surface" Other
2026-09-10T13:02:10.2286980Z     t =    92.02s     Synthesize event
2026-09-10T13:02:10.2395120Z     t =    92.03s         Find the "godot-surface" Other
2026-09-10T13:02:10.2710990Z     t =    92.07s         Find the "godot-surface" Other
2026-09-10T13:02:10.3485590Z     t =    92.14s         Find the "godot-surface" Other
2026-09-10T13:02:10.7447300Z     t =    92.54s     Wait for dev.partydeck.godot.iosauthority to idle
2026-09-10T13:02:10.8077500Z     t =    92.60s Find the "authority-metrics" StaticText
2026-09-10T13:02:11.1539260Z     t =    92.96s Find the "authority-metrics" StaticText
2026-09-10T13:02:11.3597140Z     t =    93.15s Find the "authority-metrics" StaticText
2026-09-10T13:02:11.6217530Z     t =    93.37s Find the "authority-metrics" StaticText
2026-09-10T13:02:11.8773380Z     t =    93.66s Find the "authority-metrics" StaticText
2026-09-10T13:02:11.9097780Z     t =    93.70s Find the "authority-metrics" StaticText
2026-09-10T13:02:11.9200290Z     t =    93.72s Find the "authority-metrics" StaticText
2026-09-10T13:02:12.1172880Z     t =    93.91s Find the "authority-metrics" StaticText
2026-09-10T13:02:12.3062020Z     t =    94.11s Find the "authority-metrics" StaticText
2026-09-10T13:02:12.4970450Z     t =    94.30s Find the "authority-metrics" StaticText
2026-09-10T13:02:12.5331270Z     t =    94.33s Find the "godot-surface" Any
2026-09-10T13:02:12.6302540Z     t =    94.42s Find the "godot-surface" Other
2026-09-10T13:02:12.6751450Z     t =    94.48s Find the "godot-surface" Other
2026-09-10T13:02:12.7402870Z     t =    94.53s Find the Target Application 'dev.partydeck.godot.iosauthority'
2026-09-10T13:02:12.7617280Z     t =    94.56s Find the "godot-surface" Other
2026-09-10T13:02:12.8367150Z     t =    94.64s Added attachment named 'Observed control before input: next_round'
2026-09-10T13:02:12.8474520Z     t =    94.64s Find the "authority-metrics" StaticText
2026-09-10T13:02:12.8885030Z     t =    94.68s Added attachment named 'Actual native touch geometry: next_round'
2026-09-10T13:02:12.9001640Z     t =    94.69s Tap "godot-surface" Any[0.50, 0.94]
2026-09-10T13:02:12.9103310Z     t =    94.69s     Wait for dev.partydeck.godot.iosauthority to idle
2026-09-10T13:02:12.9559540Z     t =    94.69s     Find the "godot-surface" Any
2026-09-10T13:02:13.0331400Z     t =    94.81s     Check for interrupting elements affecting "godot-surface" Other
2026-09-10T13:02:13.0908400Z     t =    94.89s     Synthesize event
2026-09-10T13:02:13.1128740Z     t =    94.89s         Find the "godot-surface" Other
2026-09-10T13:02:13.1863370Z     t =    94.99s         Find the "godot-surface" Other
2026-09-10T13:02:13.2420740Z     t =    95.04s         Find the "godot-surface" Other
2026-09-10T13:02:13.7496020Z     t =    95.53s     Wait for dev.partydeck.godot.iosauthority to idle
2026-09-10T13:02:13.9317300Z     t =    95.72s Find the "authority-metrics" StaticText
2026-09-10T13:02:14.3222460Z     t =    96.10s Find the "authority-metrics" StaticText
2026-09-10T13:02:14.5039250Z     t =    96.31s Find the "authority-metrics" StaticText
2026-09-10T13:02:14.5360870Z     t =    96.34s Find the "authority-metrics" StaticText
2026-09-10T13:02:14.5906520Z     t =    96.37s Find the "authority-metrics" StaticText
2026-09-10T13:02:14.7790420Z     t =    96.57s Find the "authority-metrics" StaticText
2026-09-10T13:02:15.0019140Z     t =    96.78s Find the "authority-metrics" StaticText
2026-09-10T13:02:15.0607930Z     t =    96.86s Find the "godot-surface" Any
2026-09-10T13:02:15.1704490Z     t =    96.97s Find the "godot-surface" Other
2026-09-10T13:02:15.2472730Z     t =    97.04s Find the "godot-surface" Other
2026-09-10T13:02:15.2895570Z     t =    97.08s Find the Target Application 'dev.partydeck.godot.iosauthority'
2026-09-10T13:02:15.3710610Z     t =    97.15s Find the "godot-surface" Other
2026-09-10T13:02:15.4574700Z     t =    97.24s Added attachment named 'Observed control before input: next_round'
2026-09-10T13:02:15.4575400Z     t =    97.25s Find the "authority-metrics" StaticText
2026-09-10T13:02:15.5897400Z     t =    97.38s Added attachment named 'Actual native touch geometry: next_round'
2026-09-10T13:02:15.5991800Z     t =    97.38s Tap "godot-surface" Any[0.50, 0.94]
2026-09-10T13:02:15.6120880Z     t =    97.38s     Wait for dev.partydeck.godot.iosauthority to idle
2026-09-10T13:02:15.6227350Z     t =    97.39s     Find the "godot-surface" Any
2026-09-10T13:02:15.7089330Z     t =    97.48s     Check for interrupting elements affecting "godot-surface" Other
2026-09-10T13:02:15.8123420Z     t =    97.60s     Synthesize event
2026-09-10T13:02:15.8234410Z     t =    97.61s         Find the "godot-surface" Other
2026-09-10T13:02:15.8770190Z     t =    97.67s         Find the "godot-surface" Other
2026-09-10T13:02:15.9271800Z     t =    97.72s         Find the "godot-surface" Other
2026-09-10T13:02:16.3042740Z     t =    98.10s     Wait for dev.partydeck.godot.iosauthority to idle
2026-09-10T13:02:16.4510860Z     t =    98.24s Find the "authority-metrics" StaticText
2026-09-10T13:02:16.8296720Z     t =    98.63s Find the "authority-metrics" StaticText
2026-09-10T13:02:17.0301020Z     t =    98.83s Find the "authority-metrics" StaticText
2026-09-10T13:02:17.2476160Z     t =    99.03s Find the "authority-metrics" StaticText
2026-09-10T13:02:17.2950460Z     t =    99.09s Find the "authority-metrics" StaticText
2026-09-10T13:02:17.4175730Z     t =    99.19s Find the "authority-metrics" StaticText
2026-09-10T13:02:17.6255140Z     t =    99.42s Find the "authority-metrics" StaticText
2026-09-10T13:02:17.8501760Z     t =    99.65s Find the "authority-metrics" StaticText
2026-09-10T13:02:17.8946870Z     t =    99.69s Find the "godot-surface" Any
2026-09-10T13:02:17.9760610Z     t =    99.78s Find the "godot-surface" Other
2026-09-10T13:02:18.0385680Z     t =    99.83s Find the "godot-surface" Other
2026-09-10T13:02:18.0997910Z     t =    99.89s Find the Target Application 'dev.partydeck.godot.iosauthority'
2026-09-10T13:02:18.1126910Z     t =    99.90s Find the "godot-surface" Other
2026-09-10T13:02:18.2150760Z     t =   100.01s Added attachment named 'Observed control before input: next_round'
2026-09-10T13:02:18.2254530Z     t =   100.01s Find the "authority-metrics" StaticText
2026-09-10T13:02:18.2614960Z     t =   100.06s Added attachment named 'Actual native touch geometry: next_round'
2026-09-10T13:02:18.2733000Z     t =   100.06s Tap "godot-surface" Any[0.50, 0.94]
2026-09-10T13:02:18.2835430Z     t =   100.06s     Wait for dev.partydeck.godot.iosauthority to idle
2026-09-10T13:02:18.2946660Z     t =   100.06s     Find the "godot-surface" Any
2026-09-10T13:02:18.3809140Z     t =   100.17s     Check for interrupting elements affecting "godot-surface" Other
2026-09-10T13:02:18.4397250Z     t =   100.23s     Synthesize event
2026-09-10T13:02:18.4506920Z     t =   100.24s         Find the "godot-surface" Other
2026-09-10T13:02:18.5026720Z     t =   100.30s         Find the "godot-surface" Other
2026-09-10T13:02:18.5945530Z     t =   100.38s         Find the "godot-surface" Other
2026-09-10T13:02:19.0832160Z     t =   100.84s     Wait for dev.partydeck.godot.iosauthority to idle
2026-09-10T13:02:19.1874180Z     t =   100.99s Find the "authority-metrics" StaticText
2026-09-10T13:02:19.7067380Z     t =   101.48s Find the "authority-metrics" StaticText
2026-09-10T13:02:19.9650300Z     t =   101.73s Find the "authority-metrics" StaticText
2026-09-10T13:02:20.1741510Z     t =   101.96s Find the "authority-metrics" StaticText
2026-09-10T13:02:20.2074100Z     t =   102.00s Find the "authority-metrics" StaticText
2026-09-10T13:02:20.2496990Z     t =   102.05s Find the "authority-metrics" StaticText
2026-09-10T13:02:20.5008820Z     t =   102.29s Find the "authority-metrics" StaticText
2026-09-10T13:02:20.7403380Z     t =   102.53s Find the "authority-metrics" StaticText
2026-09-10T13:02:20.8052770Z     t =   102.60s Find the "godot-surface" Any
2026-09-10T13:02:20.8943370Z     t =   102.69s Find the "godot-surface" Other
2026-09-10T13:02:20.9470020Z     t =   102.74s Find the "godot-surface" Other
2026-09-10T13:02:20.9940590Z     t =   102.79s Find the Target Application 'dev.partydeck.godot.iosauthority'
2026-09-10T13:02:21.0094740Z     t =   102.81s Find the "godot-surface" Other
2026-09-10T13:02:21.0498670Z     t =   102.84s Added attachment named 'Observed control before input: next_round'
2026-09-10T13:02:21.0601050Z     t =   102.84s Find the "authority-metrics" StaticText
2026-09-10T13:02:21.0820240Z     t =   102.87s Added attachment named 'Actual native touch geometry: next_round'
2026-09-10T13:02:21.0923340Z     t =   102.87s Tap "godot-surface" Any[0.50, 0.94]
2026-09-10T13:02:21.1027870Z     t =   102.87s     Wait for dev.partydeck.godot.iosauthority to idle
2026-09-10T13:02:21.1134170Z     t =   102.88s     Find the "godot-surface" Any
2026-09-10T13:02:21.1285680Z     t =   102.92s     Check for interrupting elements affecting "godot-surface" Other
2026-09-10T13:02:21.1739590Z     t =   102.97s     Synthesize event
2026-09-10T13:02:21.1841770Z     t =   102.98s         Find the "godot-surface" Other
2026-09-10T13:02:21.2266730Z     t =   103.02s         Find the "godot-surface" Other
2026-09-10T13:02:21.2795510Z     t =   103.08s         Find the "godot-surface" Other
2026-09-10T13:02:21.6637900Z     t =   103.42s     Wait for dev.partydeck.godot.iosauthority to idle
2026-09-10T13:02:21.8448810Z     t =   103.62s Find the "authority-metrics" StaticText
2026-09-10T13:02:22.0609640Z     t =   103.85s Find the "authority-metrics" StaticText
2026-09-10T13:02:22.2666720Z     t =   104.05s Find the "authority-metrics" StaticText
2026-09-10T13:02:22.4624010Z     t =   104.26s Find the "authority-metrics" StaticText
2026-09-10T13:02:22.6572600Z     t =   104.46s Find the "authority-metrics" StaticText
2026-09-10T13:02:22.8469080Z     t =   104.65s Find the "authority-metrics" StaticText
2026-09-10T13:02:22.8865520Z     t =   104.68s Find the Target Application 'dev.partydeck.godot.iosauthority'
2026-09-10T13:02:23.1100060Z     t =   104.91s Added attachment named '07 real winner 2d text 1'
2026-09-10T13:02:23.1121850Z     t =   104.91s Find the "authority-metrics" StaticText
2026-09-10T13:02:23.1461330Z     t =   104.94s Added attachment named '07 real winner 2d text 1 measurements'
2026-09-10T13:02:23.1573880Z     t =   104.94s Find the "authority-metrics" StaticText
2026-09-10T13:02:23.1880590Z     t =   104.99s Find the "authority-metrics" StaticText
2026-09-10T13:02:23.3747330Z     t =   105.17s Find the "authority-metrics" StaticText
2026-09-10T13:02:23.4086680Z     t =   105.21s Find the "godot-surface" Any
2026-09-10T13:02:23.4625500Z     t =   105.26s Find the "godot-surface" Other
2026-09-10T13:02:23.5074310Z     t =   105.31s Find the "godot-surface" Other
2026-09-10T13:02:23.5885950Z     t =   105.39s Find the Target Application 'dev.partydeck.godot.iosauthority'
2026-09-10T13:02:23.6040830Z     t =   105.40s Find the "godot-surface" Other
2026-09-10T13:02:23.6567680Z     t =   105.46s Added attachment named 'Observed control before input: lobby'
2026-09-10T13:02:23.6592080Z     t =   105.46s Find the "authority-metrics" StaticText
2026-09-10T13:02:23.7336220Z     t =   105.53s Added attachment named 'Actual native touch geometry: lobby'
2026-09-10T13:02:23.7424140Z     t =   105.53s Tap "godot-surface" Any[0.50, 0.94]
2026-09-10T13:02:23.7463460Z     t =   105.53s     Wait for dev.partydeck.godot.iosauthority to idle
2026-09-10T13:02:23.7475850Z     t =   105.53s     Find the "godot-surface" Any
2026-09-10T13:02:23.8027980Z     t =   105.60s     Check for interrupting elements affecting "godot-surface" Other
2026-09-10T13:02:23.8880090Z     t =   105.66s     Synthesize event
2026-09-10T13:02:23.9271440Z     t =   105.67s         Find the "godot-surface" Other
2026-09-10T13:02:24.0082210Z     t =   105.80s         Find the "godot-surface" Other
2026-09-10T13:02:24.1139380Z     t =   105.90s         Find the "godot-surface" Other
2026-09-10T13:02:24.5113880Z     t =   106.29s     Wait for dev.partydeck.godot.iosauthority to idle
2026-09-10T13:02:24.6055160Z     t =   106.40s Find the "authority-metrics" StaticText
2026-09-10T13:02:24.8200290Z     t =   106.61s Find the "authority-metrics" StaticText
2026-09-10T13:02:24.9830310Z     t =   106.77s Tap "host-counter-button" Any
2026-09-10T13:02:24.9933220Z     t =   106.77s     Wait for dev.partydeck.godot.iosauthority to idle
2026-09-10T13:02:25.0047880Z     t =   106.79s     Find the "host-counter-button" Any
2026-09-10T13:02:25.1149490Z     t =   106.88s     Check for interrupting elements affecting "host-counter-button" Button
2026-09-10T13:02:25.1653470Z     t =   106.96s     Synthesize event
2026-09-10T13:02:25.4813010Z     t =   107.28s     Wait for dev.partydeck.godot.iosauthority to idle
2026-09-10T13:02:25.4814120Z     t =   107.28s Find the "authority-metrics" StaticText
2026-09-10T13:02:26.1210270Z     t =   107.92s Find the "authority-metrics" StaticText
2026-09-10T13:02:26.1692690Z     t =   107.96s Find the "authority-metrics" StaticText
2026-09-10T13:02:26.2107290Z     t =   108.01s Find the Target Application 'dev.partydeck.godot.iosauthority'
2026-09-10T13:02:26.4191900Z     t =   108.22s Added attachment named '09 table returned through authority 2d text 1'
2026-09-10T13:02:26.4282150Z     t =   108.22s Find the "authority-metrics" StaticText
2026-09-10T13:02:26.4634200Z     t =   108.26s Added attachment named '09 table returned through authority 2d text 1 measurements'
2026-09-10T13:02:26.4644090Z     t =   108.27s Tear Down
2026-09-10T13:02:26.7484250Z Test Case '-[AuthorityHostUITests.AuthorityHostUITests testReferenceMatchIn2D]' passed (108.527 seconds).
2026-09-10T13:02:26.7541840Z Test Case '-[AuthorityHostUITests.AuthorityHostUITests testReferenceMatchIn3DAt200Percent]' started.
2026-09-10T13:02:26.7574360Z     t =     0.00s Start Test at 2026-09-10 13:02:26.726
2026-09-10T13:02:27.0465160Z     t =     0.05s Set Up
2026-09-10T13:02:27.7077970Z     t =     0.05s Open dev.partydeck.godot.iosauthority
2026-09-10T13:02:27.7230860Z     t =     0.05s     Launch dev.partydeck.godot.iosauthority
2026-09-10T13:02:27.8798140Z     t =     0.05s         Terminate dev.partydeck.godot.iosauthority:16084
2026-09-10T13:02:27.9001900Z 2026-09-10 13:02:27.889 xcodebuild[10145:34995] [MT] IDELaunchParametersSnapshot: The operation couldn’t be completed. (DebuggerLLDB.DebuggerVersionStore.StoreError error 0.)
2026-09-10T13:02:27.9027080Z 2026-09-10 13:02:27.890 xcodebuild[10145:34995] [MT] IDELaunchParametersSnapshot: no debugger version
2026-09-10T13:02:29.1816200Z     t =     2.41s         Setting up automation session
2026-09-10T13:02:32.4925660Z     t =     5.75s         Wait for dev.partydeck.godot.iosauthority to idle
2026-09-10T13:02:34.2736130Z     t =     7.55s Waiting 15.0s for "start-3d" Any to exist
2026-09-10T13:02:35.3164190Z     t =     8.59s     Checking `Expect predicate `existsNoRetry == 1` for object "start-3d" Any`
2026-09-10T13:02:35.3192950Z     t =     8.59s         Checking existence of `"start-3d" Any`
2026-09-10T13:02:35.4717280Z     t =     8.73s Tap "start-3d" Any
2026-09-10T13:02:35.4745950Z     t =     8.73s     Wait for dev.partydeck.godot.iosauthority to idle
2026-09-10T13:02:35.4747690Z     t =     8.74s     Find the "start-3d" Any
2026-09-10T13:02:35.7280020Z     t =     8.96s     Check for interrupting elements affecting "start-3d" Button
2026-09-10T13:02:35.8878120Z     t =     9.10s     Synthesize event
2026-09-10T13:02:36.5181580Z     t =     9.73s     Wait for dev.partydeck.godot.iosauthority to idle
2026-09-10T13:02:37.0860540Z     t =    10.30s Find the "authority-metrics" StaticText
2026-09-10T13:02:58.8342900Z     t =    31.80s Find the "authority-metrics" StaticText
2026-09-10T13:03:00.5222740Z     t =    33.73s Find the "authority-metrics" StaticText
2026-09-10T13:03:00.8571900Z     t =    34.08s Find the "authority-metrics" StaticText
2026-09-10T13:03:01.1160720Z     t =    34.36s Find the "godot-surface" Any
2026-09-10T13:03:01.5607900Z     t =    34.77s Find the "godot-surface" Other
2026-09-10T13:03:01.8872680Z     t =    35.11s Find the "godot-surface" Other
2026-09-10T13:03:02.5349850Z     t =    35.72s Find the Target Application 'dev.partydeck.godot.iosauthority'
2026-09-10T13:03:02.5634620Z     t =    35.81s Find the "godot-surface" Other
2026-09-10T13:03:02.8223290Z     t =    36.04s Find the "authority-metrics" StaticText
2026-09-10T13:03:03.0832530Z     t =    36.32s Find the Target Application 'dev.partydeck.godot.iosauthority'
2026-09-10T13:03:03.3647500Z     t =    36.58s Added attachment named '01 concealed 3d text 2'
2026-09-10T13:03:03.3755680Z     t =    36.58s Find the "authority-metrics" StaticText
2026-09-10T13:03:03.6938050Z     t =    36.89s Added attachment named '01 concealed 3d text 2 measurements'
2026-09-10T13:03:03.7051280Z     t =    36.89s Find the "authority-metrics" StaticText
2026-09-10T13:03:03.9502530Z     t =    37.18s Find the "authority-metrics" StaticText
2026-09-10T13:03:04.2747260Z     t =    37.47s Find the "godot-surface" Any
2026-09-10T13:03:04.6629330Z     t =    37.85s Find the "godot-surface" Other
2026-09-10T13:03:04.8972620Z     t =    38.14s Find the "godot-surface" Other
2026-09-10T13:03:05.6685820Z     t =    38.83s Find the Target Application 'dev.partydeck.godot.iosauthority'
2026-09-10T13:03:05.7926040Z     t =    38.97s Find the "godot-surface" Other
2026-09-10T13:03:06.3065630Z     t =    39.27s Added attachment named 'Observed control before input: reveal'
2026-09-10T13:03:06.3200340Z     t =    39.27s Find the "authority-metrics" StaticText
2026-09-10T13:03:06.6775330Z     t =    39.87s Added attachment named 'Actual native touch geometry: reveal'
2026-09-10T13:03:06.6881630Z     t =    39.87s Tap "godot-surface" Any[0.58, 0.07]
2026-09-10T13:03:06.7303740Z     t =    39.87s     Wait for dev.partydeck.godot.iosauthority to idle
2026-09-10T13:03:07.1832940Z     t =    39.92s     Find the "godot-surface" Any
2026-09-10T13:03:07.5213180Z     t =    40.71s     Check for interrupting elements affecting "godot-surface" Other
2026-09-10T13:03:07.7648980Z     t =    41.03s     Synthesize event
2026-09-10T13:03:07.7771330Z     t =    41.03s         Find the "godot-surface" Other
2026-09-10T13:03:07.9247320Z     t =    41.16s         Find the "godot-surface" Other
2026-09-10T13:03:07.9992680Z     t =    41.26s         Find the "godot-surface" Other
2026-09-10T13:03:09.2263910Z     t =    41.66s     Wait for dev.partydeck.godot.iosauthority to idle
2026-09-10T13:03:23.7553180Z     t =    56.43s Find the "authority-metrics" StaticText
2026-09-10T13:03:25.8005240Z     t =    59.01s Find the "authority-metrics" StaticText
2026-09-10T13:03:26.1858200Z     t =    59.36s Find the "authority-metrics" StaticText
2026-09-10T13:03:26.7455360Z     t =    59.98s Find the "godot-surface" Any
2026-09-10T13:03:27.1422950Z     t =    60.38s Find the "godot-surface" Other
2026-09-10T13:03:27.9330280Z     t =    61.10s Find the "godot-surface" Other
2026-09-10T13:03:28.2466270Z     t =    61.48s Find the Target Application 'dev.partydeck.godot.iosauthority'
2026-09-10T13:03:28.3497290Z     t =    61.55s Find the "godot-surface" Other
2026-09-10T13:03:28.9478210Z     t =    62.14s Added attachment named 'Observed control before input: card'
2026-09-10T13:03:28.9714130Z     t =    62.14s Find the "authority-metrics" StaticText
2026-09-10T13:03:29.2181350Z     t =    62.44s Added attachment named 'Actual native touch geometry: card'
2026-09-10T13:03:29.2511440Z     t =    62.44s Tap "godot-surface" Any[0.49, 0.93]
2026-09-10T13:03:29.2555090Z     t =    62.44s     Wait for dev.partydeck.godot.iosauthority to idle
2026-09-10T13:03:29.2675930Z     t =    62.45s     Find the "godot-surface" Any
2026-09-10T13:03:30.1899180Z     t =    63.38s     Check for interrupting elements affecting "godot-surface" Other
2026-09-10T13:03:30.5437270Z     t =    63.75s     Synthesize event
2026-09-10T13:03:30.5549490Z     t =    63.78s         Find the "godot-surface" Other
2026-09-10T13:03:31.2207280Z     t =    64.45s         Find the "godot-surface" Other
2026-09-10T13:03:31.6389500Z     t =    64.83s         Find the "godot-surface" Other
2026-09-10T13:03:32.7720440Z     t =    65.44s     Wait for dev.partydeck.godot.iosauthority to idle
2026-09-10T13:03:34.1030220Z     t =    67.18s Find the "authority-metrics" StaticText
2026-09-10T13:03:48.4548300Z     t =    81.65s Find the "authority-metrics" StaticText
2026-09-10T13:03:50.1032960Z     t =    83.29s Added attachment named 'Last rejected authority wait observation'
2026-09-10T13:03:50.1720510Z     t =    83.29s Find the Target Application 'dev.partydeck.godot.iosauthority'
2026-09-10T13:03:52.2890330Z     t =    85.52s Added attachment named 'Failed authority wait'
2026-09-10T13:03:52.3062550Z     t =    85.52s Find the "authority-metrics" StaticText
2026-09-10T13:03:52.3371160Z     t =    85.61s Added attachment named 'Failed authority wait measurements'
2026-09-10T13:03:52.6579410Z /Users/runner/work/PartyDeck/PartyDeck/godot/ios-host/AuthorityHostUITests/AuthorityHostUITests.swift:449: error: -[AuthorityHostUITests.AuthorityHostUITests testReferenceMatchIn3DAt200Percent] : failed - The real renderer must report current bounded diagnostics.
2026-09-10T13:03:52.7120300Z     t =    85.94s Tear Down
2026-09-10T13:03:52.7573140Z Test Case '-[AuthorityHostUITests.AuthorityHostUITests testReferenceMatchIn3DAt200Percent]' failed (85.991 seconds).
2026-09-10T13:03:52.7701340Z 2026-09-10 13:03:52.716150+0000 AuthorityHostUITests-Runner[15936:51200] [Default] Flushing outgoing messages to the IDE with timeout 600.00s
2026-09-10T13:03:53.2362500Z 2026-09-10 13:03:52.718862+0000 AuthorityHostUITests-Runner[15936:51268] [Default] Received confirmation that IDE processed remaining outgoing messages
2026-09-10T13:03:56.5773250Z 2026-09-10 13:03:56.497847+0000 AuthorityHostUITests-Runner[21259:65218] [Default] Running tests...
2026-09-10T13:03:57.8490860Z     t =      nans Interface orientation changed to Portrait
2026-09-10T13:03:59.0184650Z 
2026-09-10T13:03:59.0260700Z Restarting after unexpected exit, crash, or test timeout; summary will include totals from previous launches.
2026-09-10T13:03:59.0261460Z 
2026-09-10T13:03:59.1131410Z Test Suite 'Selected tests' started at 2026-09-10 13:03:59.075.
2026-09-10T13:03:59.1146170Z Test Suite 'AuthorityHostUITests.xctest' started at 2026-09-10 13:03:59.076.
2026-09-10T13:03:59.1147070Z Test Suite 'AuthorityHostUITests' started at 2026-09-10 13:03:59.076.
2026-09-10T13:03:59.1236020Z Test Case '-[AuthorityHostUITests.AuthorityHostUITests testReferenceMatchIn3D]' started.
2026-09-10T13:03:59.1240950Z     t =     0.01s Start Test at 2026-09-10 13:03:59.085
2026-09-10T13:03:59.1738620Z     t =     0.06s Set Up
2026-09-10T13:03:59.1754140Z     t =     0.07s Open dev.partydeck.godot.iosauthority
2026-09-10T13:03:59.1889300Z     t =     0.07s     Launch dev.partydeck.godot.iosauthority
2026-09-10T13:03:59.1923930Z 2026-09-10 13:03:59.177 xcodebuild[10145:34995] [MT] IDELaunchParametersSnapshot: The operation couldn’t be completed. (DebuggerLLDB.DebuggerVersionStore.StoreError error 0.)
2026-09-10T13:03:59.2810440Z 2026-09-10 13:03:59.177 xcodebuild[10145:34995] [MT] IDELaunchParametersSnapshot: no debugger version
2026-09-10T13:04:01.0678940Z     t =     1.72s         Setting up automation session
2026-09-10T13:04:01.4432060Z objc[21259]: Class UIAccessibilityLoaderWebShared is implemented in both /Library/Developer/CoreSimulator/Volumes/iOS_23E254a/Library/Developer/CoreSimulator/Profiles/Runtimes/iOS 26.4.simruntime/Contents/Resources/RuntimeRoot/System/Library/AccessibilityBundles/WebCore.axbundle/WebCore (0x107204310) and /Library/Developer/CoreSimulator/Volumes/iOS_23E254a/Library/Developer/CoreSimulator/Profiles/Runtimes/iOS 26.4.simruntime/Contents/Resources/RuntimeRoot/System/Library/AccessibilityBundles/WebKit.axbundle/WebKit (0x106678398). This may cause spurious casting failures and mysterious crashes. One of the duplicates must be removed or renamed.
2026-09-10T13:04:02.8689580Z     t =     3.74s         Wait for dev.partydeck.godot.iosauthority to idle
2026-09-10T13:04:04.5711750Z     t =     5.44s Waiting 15.0s for "start-3d" Any to exist
2026-09-10T13:04:05.5450180Z     t =     6.46s     Checking `Expect predicate `existsNoRetry == 1` for object "start-3d" Any`
2026-09-10T13:04:05.5461010Z     t =     6.46s         Checking existence of `"start-3d" Any`
2026-09-10T13:04:05.7077520Z     t =     6.62s Tap "start-3d" Any
2026-09-10T13:04:05.7101470Z     t =     6.62s     Wait for dev.partydeck.godot.iosauthority to idle
2026-09-10T13:04:05.7150250Z     t =     6.63s     Find the "start-3d" Any
2026-09-10T13:04:05.8874250Z     t =     6.78s     Check for interrupting elements affecting "start-3d" Button
2026-09-10T13:04:06.0152660Z     t =     6.89s     Synthesize event
2026-09-10T13:04:06.3197990Z     t =     7.23s     Wait for dev.partydeck.godot.iosauthority to idle
2026-09-10T13:04:06.9428720Z     t =     7.76s Find the "authority-metrics" StaticText
2026-09-10T13:04:24.8955070Z     t =    25.68s Find the "authority-metrics" StaticText
2026-09-10T13:04:26.6898060Z     t =    27.58s Find the "authority-metrics" StaticText
2026-09-10T13:04:26.9361610Z     t =    27.82s Find the "authority-metrics" StaticText
2026-09-10T13:04:27.0433640Z     t =    27.95s Find the "godot-surface" Any
2026-09-10T13:04:27.2374690Z     t =    28.13s Find the "godot-surface" Other
2026-09-10T13:04:27.4018750Z     t =    28.32s Find the "godot-surface" Other
2026-09-10T13:04:27.5836240Z     t =    28.46s Find the Target Application 'dev.partydeck.godot.iosauthority'
2026-09-10T13:04:27.6177440Z     t =    28.51s Find the "godot-surface" Other
2026-09-10T13:04:27.7650470Z     t =    28.66s Find the "authority-metrics" StaticText
2026-09-10T13:04:27.8254520Z     t =    28.73s Find the Target Application 'dev.partydeck.godot.iosauthority'
2026-09-10T13:04:28.0721280Z     t =    28.98s Added attachment named '01 concealed 3d text 1'
2026-09-10T13:04:28.0830610Z     t =    28.98s Find the "authority-metrics" StaticText
2026-09-10T13:04:28.1421100Z     t =    29.06s Added attachment named '01 concealed 3d text 1 measurements'
2026-09-10T13:04:28.1527760Z     t =    29.06s Find the "authority-metrics" StaticText
2026-09-10T13:04:28.2044390Z     t =    29.11s Find the "authority-metrics" StaticText
2026-09-10T13:04:28.3962070Z     t =    29.31s Find the "authority-metrics" StaticText
2026-09-10T13:04:28.8639960Z     t =    29.73s Find the "authority-metrics" StaticText
2026-09-10T13:04:28.9751160Z     t =    29.89s Find the "godot-surface" Any
2026-09-10T13:04:29.1554450Z     t =    30.03s Find the "godot-surface" Other
2026-09-10T13:04:29.3073040Z     t =    30.19s Find the "godot-surface" Other
2026-09-10T13:04:29.6196280Z     t =    30.50s Find the Target Application 'dev.partydeck.godot.iosauthority'
2026-09-10T13:04:29.6777260Z     t =    30.59s Find the "godot-surface" Other
2026-09-10T13:04:29.8865860Z     t =    30.77s Added attachment named 'Observed control before input: reveal'
2026-09-10T13:04:29.9089270Z     t =    30.78s Find the "authority-metrics" StaticText
2026-09-10T13:04:29.9735960Z     t =    30.85s Added attachment named 'Actual native touch geometry: reveal'
2026-09-10T13:04:29.9736530Z     t =    30.85s Tap "godot-surface" Any[0.58, 0.06]
2026-09-10T13:04:29.9844130Z     t =    30.85s     Wait for dev.partydeck.godot.iosauthority to idle
2026-09-10T13:04:29.9961020Z     t =    30.86s     Find the "godot-surface" Any
2026-09-10T13:04:30.1299970Z     t =    31.00s     Check for interrupting elements affecting "godot-surface" Other
2026-09-10T13:04:30.2265240Z     t =    31.14s     Synthesize event
2026-09-10T13:04:30.2567950Z     t =    31.14s         Find the "godot-surface" Other
2026-09-10T13:04:30.4265060Z     t =    31.31s         Find the "godot-surface" Other
2026-09-10T13:04:30.5379300Z     t =    31.44s         Find the "godot-surface" Other
2026-09-10T13:04:31.0803320Z     t =    31.94s     Wait for dev.partydeck.godot.iosauthority to idle
2026-09-10T13:04:33.2076590Z     t =    33.65s Find the "authority-metrics" StaticText
2026-09-10T13:04:52.0838360Z     t =    52.42s Added attachment named 'Last rejected authority wait observation'
2026-09-10T13:04:52.0971250Z     t =    52.42s Find the Target Application 'dev.partydeck.godot.iosauthority'
2026-09-10T13:04:55.3086080Z     t =    56.21s Added attachment named 'Failed authority wait'
2026-09-10T13:04:55.3156000Z     t =    56.21s Find the "authority-metrics" StaticText
2026-09-10T13:04:55.4884690Z     t =    56.31s Added attachment named 'Failed authority wait measurements'
2026-09-10T13:04:55.5497120Z /Users/runner/work/PartyDeck/PartyDeck/godot/ios-host/AuthorityHostUITests/AuthorityHostUITests.swift:449: error: -[AuthorityHostUITests.AuthorityHostUITests testReferenceMatchIn3D] : failed - The real renderer must report current bounded diagnostics.
2026-09-10T13:04:55.5605750Z     t =    56.45s Tear Down
2026-09-10T13:04:56.0401540Z Test Case '-[AuthorityHostUITests.AuthorityHostUITests testReferenceMatchIn3D]' failed (56.787 seconds).
2026-09-10T13:04:56.0612770Z 2026-09-10 13:04:55.871247+0000 AuthorityHostUITests-Runner[21259:65218] [Default] Flushing outgoing messages to the IDE with timeout 600.00s
2026-09-10T13:04:56.2153310Z 2026-09-10 13:04:55.874214+0000 AuthorityHostUITests-Runner[21259:65320] [Default] Received confirmation that IDE processed remaining outgoing messages
2026-09-10T13:04:58.9967410Z 2026-09-10 13:04:58.976034+0000 AuthorityHostUITests-Runner[22657:68807] [Default] Running tests...
2026-09-10T13:05:00.3468210Z     t =      nans Interface orientation changed to Portrait
2026-09-10T13:05:00.8423390Z 
2026-09-10T13:05:00.8539110Z Restarting after unexpected exit, crash, or test timeout; summary will include totals from previous launches.
2026-09-10T13:05:00.8641290Z 
2026-09-10T13:05:00.9603850Z Test Suite 'Selected tests' started at 2026-09-10 13:05:00.909.
2026-09-10T13:05:00.9709240Z Test Suite 'AuthorityHostUITests.xctest' started at 2026-09-10 13:05:00.910.
2026-09-10T13:05:00.9850180Z Test Suite 'AuthorityHostUITests' started at 2026-09-10 13:05:00.911.
2026-09-10T13:05:00.9987130Z Test Case '-[AuthorityHostUITests.AuthorityHostUITests testSecureTableRendererExit]' started.
2026-09-10T13:05:01.0089620Z     t =     0.02s Start Test at 2026-09-10 13:05:00.926
2026-09-10T13:05:01.0588880Z     t =     0.07s Set Up
2026-09-10T13:05:01.0690880Z     t =     0.08s Open dev.partydeck.godot.iosauthority
2026-09-10T13:05:01.0805030Z     t =     0.08s     Launch dev.partydeck.godot.iosauthority
2026-09-10T13:05:01.1809240Z 2026-09-10 13:05:01.004 xcodebuild[10145:34995] [MT] IDELaunchParametersSnapshot: The operation couldn’t be completed. (DebuggerLLDB.DebuggerVersionStore.StoreError error 0.)
2026-09-10T13:05:01.1817570Z 2026-09-10 13:05:01.004 xcodebuild[10145:34995] [MT] IDELaunchParametersSnapshot: no debugger version
2026-09-10T13:05:01.9189170Z     t =     0.95s         Setting up automation session
2026-09-10T13:05:02.5643560Z objc[22657]: Class UIAccessibilityLoaderWebShared is implemented in both /Library/Developer/CoreSimulator/Volumes/iOS_23E254a/Library/Developer/CoreSimulator/Profiles/Runtimes/iOS 26.4.simruntime/Contents/Resources/RuntimeRoot/System/Library/AccessibilityBundles/WebCore.axbundle/WebCore (0x1052e4310) and /Library/Developer/CoreSimulator/Volumes/iOS_23E254a/Library/Developer/CoreSimulator/Profiles/Runtimes/iOS 26.4.simruntime/Contents/Resources/RuntimeRoot/System/Library/AccessibilityBundles/WebKit.axbundle/WebKit (0x109298398). This may cause spurious casting failures and mysterious crashes. One of the duplicates must be removed or renamed.
2026-09-10T13:05:04.3886160Z     t =     3.45s         Wait for dev.partydeck.godot.iosauthority to idle
2026-09-10T13:05:06.1678650Z     t =     5.25s Waiting 15.0s for "start-2d" Any to exist
2026-09-10T13:05:07.2045750Z     t =     6.29s     Checking `Expect predicate `existsNoRetry == 1` for object "start-2d" Any`
2026-09-10T13:05:07.2052030Z     t =     6.29s         Checking existence of `"start-2d" Any`
2026-09-10T13:05:07.2724380Z     t =     6.36s Tap "start-2d" Any
2026-09-10T13:05:07.2744580Z     t =     6.36s     Wait for dev.partydeck.godot.iosauthority to idle
2026-09-10T13:05:07.2799300Z     t =     6.36s     Find the "start-2d" Any
2026-09-10T13:05:07.3002070Z     t =     6.39s     Check for interrupting elements affecting "start-2d" Button
2026-09-10T13:05:07.3749330Z     t =     6.46s     Synthesize event
2026-09-10T13:05:07.7298090Z     t =     6.79s     Wait for dev.partydeck.godot.iosauthority to idle
2026-09-10T13:05:08.2610940Z     t =     7.29s Find the "authority-metrics" StaticText
2026-09-10T13:05:12.0785540Z     t =    11.04s Find the "authority-metrics" StaticText
2026-09-10T13:05:12.3201480Z     t =    11.39s Find the "authority-metrics" StaticText
2026-09-10T13:05:12.3926690Z     t =    11.47s Find the "godot-surface" Any
2026-09-10T13:05:12.6481430Z     t =    11.73s Find the "godot-surface" Other
2026-09-10T13:05:12.7274060Z     t =    11.80s Find the "godot-surface" Other
2026-09-10T13:05:12.8854480Z     t =    11.96s Find the Target Application 'dev.partydeck.godot.iosauthority'
2026-09-10T13:05:12.9211870Z     t =    12.00s Find the "godot-surface" Other
2026-09-10T13:05:13.0282770Z     t =    12.10s Find the "authority-metrics" StaticText
2026-09-10T13:05:13.1198270Z     t =    12.20s Find the "authority-metrics" StaticText
2026-09-10T13:05:13.1764690Z     t =    12.26s Find the "authority-metrics" StaticText
2026-09-10T13:05:13.3990390Z     t =    12.48s Find the "authority-metrics" StaticText
2026-09-10T13:05:13.4719370Z     t =    12.55s Find the "godot-surface" Any
2026-09-10T13:05:13.6295500Z     t =    12.70s Find the "godot-surface" Other
2026-09-10T13:05:13.7167760Z     t =    12.79s Find the "godot-surface" Other
2026-09-10T13:05:13.7977820Z     t =    12.87s Find the Target Application 'dev.partydeck.godot.iosauthority'
2026-09-10T13:05:13.8183300Z     t =    12.90s Find the "godot-surface" Other
2026-09-10T13:05:13.9331520Z     t =    13.01s Added attachment named 'Observed control before input: exit'
2026-09-10T13:05:13.9436700Z     t =    13.01s Find the "authority-metrics" StaticText
2026-09-10T13:05:13.9688770Z     t =    13.04s Added attachment named 'Actual native touch geometry: exit'
2026-09-10T13:05:13.9793190Z     t =    13.05s Tap "godot-surface" Any[0.15, 0.06]
2026-09-10T13:05:13.9901890Z     t =    13.05s     Wait for dev.partydeck.godot.iosauthority to idle
2026-09-10T13:05:14.0004390Z     t =    13.05s     Find the "godot-surface" Any
2026-09-10T13:05:14.0545630Z     t =    13.13s     Check for interrupting elements affecting "godot-surface" Other
2026-09-10T13:05:14.1197300Z     t =    13.20s     Synthesize event
2026-09-10T13:05:14.1307180Z     t =    13.21s         Find the "godot-surface" Other
2026-09-10T13:05:14.2112470Z     t =    13.27s         Find the "godot-surface" Other
2026-09-10T13:05:14.2932000Z     t =    13.37s         Find the "godot-surface" Other
2026-09-10T13:05:14.9145810Z     t =    13.75s     Wait for dev.partydeck.godot.iosauthority to idle
2026-09-10T13:05:14.9278820Z     t =    13.81s Find the "authority-metrics" StaticText
2026-09-10T13:05:15.4885590Z     t =    14.52s Find the "authority-metrics" StaticText
2026-09-10T13:05:15.5507140Z     t =    14.63s Tap "host-counter-button" Any
2026-09-10T13:05:15.5621740Z     t =    14.63s     Wait for dev.partydeck.godot.iosauthority to idle
2026-09-10T13:05:15.5752070Z     t =    14.63s     Find the "host-counter-button" Any
2026-09-10T13:05:15.6408540Z     t =    14.71s     Check for interrupting elements affecting "host-counter-button" Button
2026-09-10T13:05:15.6972080Z     t =    14.77s     Synthesize event
2026-09-10T13:05:16.0308090Z     t =    15.09s     Wait for dev.partydeck.godot.iosauthority to idle
2026-09-10T13:05:16.0463870Z     t =    15.09s Find the "authority-metrics" StaticText
2026-09-10T13:05:16.7477900Z     t =    15.83s Find the "authority-metrics" StaticText
2026-09-10T13:05:16.7901970Z     t =    15.87s Find the "authority-metrics" StaticText
2026-09-10T13:05:16.8323120Z     t =    15.92s Find the Target Application 'dev.partydeck.godot.iosauthority'
2026-09-10T13:05:17.0339740Z     t =    16.12s Added attachment named 'Secure default table exited through Godot input'
2026-09-10T13:05:17.0451780Z     t =    16.12s Find the "authority-metrics" StaticText
2026-09-10T13:05:17.1500600Z     t =    16.19s Added attachment named 'Secure default table exited through Godot input measurements'
2026-09-10T13:05:17.1502540Z     t =    16.19s Tear Down
2026-09-10T13:05:17.3617500Z Test Case '-[AuthorityHostUITests.AuthorityHostUITests testSecureTableRendererExit]' passed (16.421 seconds).
2026-09-10T13:05:17.3724320Z Test Suite 'AuthorityHostUITests' passed at 2026-09-10 13:05:17.347.
2026-09-10T13:05:17.3850510Z 	 Executed 1 test, with 0 failures (0 unexpected) in 16.421 (16.436) seconds
2026-09-10T13:05:17.3953860Z Test Suite 'AuthorityHostUITests.xctest' passed at 2026-09-10 13:05:17.348.
2026-09-10T13:05:17.4456030Z 	 Executed 1 test, with 0 failures (0 unexpected) in 16.421 (16.437) seconds
2026-09-10T13:05:17.6564340Z Test Suite 'Selected tests' passed at 2026-09-10 13:05:17.348.
2026-09-10T13:05:17.6695430Z 	 Executed 1 test, with 0 failures (0 unexpected) in 16.421 (16.439) seconds
2026-09-10T13:06:06.1420340Z 2026-09-10 13:06:06.112 xcodebuild[10145:34995] [MT] IDETestOperationsObserverDebug: 493.041 elapsed -- Testing started completed.
2026-09-10T13:06:06.1436690Z 2026-09-10 13:06:06.112 xcodebuild[10145:34995] [MT] IDETestOperationsObserverDebug: 0.000 sec, +0.000 sec -- start
2026-09-10T13:06:06.1540290Z 2026-09-10 13:06:06.112 xcodebuild[10145:34995] [MT] IDETestOperationsObserverDebug: 493.041 sec, +493.041 sec -- end
2026-09-10T13:06:06.5250600Z 
2026-09-10T13:06:06.5353170Z Test session results, code coverage, and logs:
2026-09-10T13:06:06.5456670Z 	/Users/runner/work/PartyDeck/PartyDeck/godot/ios-host/build/artifacts/AuthorityHost.xcresult
2026-09-10T13:06:06.5562610Z 
2026-09-10T13:06:06.5666510Z ** TEST FAILED **
2026-09-10T13:06:06.5768260Z 
2026-09-10T13:06:14.3978420Z Testing started
2026-09-10T13:06:19.7092790Z Exported 2 attachments for: AuthorityHostUITests/testReferenceMatchIn2DAt200Percent():
2026-09-10T13:06:19.7110230Z File: 856F498D-90C1-48CC-8225-0A35C78305BA.mp4, suggested name: "Screen Recording 2026-09-10 at 12.59.02 PM.mp4"
2026-09-10T13:06:19.7111860Z File: AF79D284-8E9C-467C-8A1E-0682033E9CE0.txt, suggested name: "Complete Issue Description.txt"
2026-09-10T13:06:19.7112450Z 
2026-09-10T13:06:19.7112790Z Exported 85 attachments for: AuthorityHostUITests/testReferenceMatchIn2D():
2026-09-10T13:06:19.7113680Z File: C22F7501-7D72-4669-B814-6DFCD9FD2465.json, suggested name: "09 table returned through authority 2d text 1 measurements_0_565A663E-DA7B-49EC-A637-7D7901F21EF5.json"
2026-09-10T13:06:19.7119870Z File: 68BD0D43-65E7-49E0-A249-8169EB0038F6.png, suggested name: "09 table returned through authority 2d text 1_0_8E78CA57-5DB8-4F99-B478-0F22D12A3FDD.png"
2026-09-10T13:06:19.7125410Z File: 303C81FE-3C99-4F56-92D1-F43D425E80E4.json, suggested name: "Actual native touch geometry lobby_0_3EF15E80-3DFA-4BAE-B42D-2F4C79E36315.json"
2026-09-10T13:06:19.7127540Z File: 49C5CFC1-7726-4C6A-9BB8-A443BE7F4B91.json, suggested name: "Observed control before input lobby_0_674B73F3-C730-4A4A-881C-364FD046AA6E.json"
2026-09-10T13:06:19.7129810Z File: A77498C1-3ED1-4517-AF8B-A726E88784BD.json, suggested name: "07 real winner 2d text 1 measurements_0_55C1DC3C-5A09-4FB9-AFBA-9EA757FB9D97.json"
2026-09-10T13:06:19.7130840Z File: F169FE8F-6160-471B-B162-655F1542AB69.png, suggested name: "07 real winner 2d text 1_0_A5ED4217-0602-441D-A98E-B0F9349686E8.png"
2026-09-10T13:06:19.7132120Z File: 41D08D65-FEDB-4429-88BF-43B9C631920B.json, suggested name: "Actual native touch geometry next_round_0_2D5D0235-2DBA-4C3C-8B4E-5004857D0FB9.json"
2026-09-10T13:06:19.7133960Z File: 56DF75E1-C11C-4877-A979-646AF1332E5D.json, suggested name: "Observed control before input next_round_0_A88EE8C5-B9FE-4780-ACAA-01FFA89A72FF.json"
2026-09-10T13:06:19.7144680Z File: 1D7249AF-C38F-4429-9FDC-9863F5C19A94.json, suggested name: "Actual native touch geometry next_round_0_C9DDC691-D812-48AB-BE10-1673E9367393.json"
2026-09-10T13:06:19.7164160Z File: 65795F6C-EF26-4762-9DC2-C5E44140B644.json, suggested name: "Observed control before input next_round_0_883F495A-A234-46FB-B418-9A4D565D021A.json"
2026-09-10T13:06:19.7202480Z File: EC047DDA-2774-4A58-98FD-909A6C311EA9.json, suggested name: "Actual native touch geometry next_round_0_E3545F30-B531-4AB8-9E73-419791BE31E4.json"
2026-09-10T13:06:19.7204550Z File: 63AAAC00-F231-4F5B-8985-A7A6F56452CA.json, suggested name: "Observed control before input next_round_0_B67A0A0D-D63A-4020-A6CB-A17500146150.json"
2026-09-10T13:06:19.7213110Z File: 75AF42C3-FAD1-41CC-BF66-678F22A5EC75.json, suggested name: "Actual native touch geometry next_round_0_D689AC3D-E124-40DB-A29C-63C185D023FC.json"
2026-09-10T13:06:19.7248690Z File: 68285A08-AEF4-4ADE-BA2E-9D67FA7D9CF5.json, suggested name: "Observed control before input next_round_0_D62AFCC4-B213-471A-94AB-820765498A7F.json"
2026-09-10T13:06:19.7250750Z File: 669DC2C5-B225-4FB1-B8D9-882F2DF4060C.json, suggested name: "Actual native touch geometry next_round_0_45E7903E-2F86-4786-8F77-1BF41DBB6760.json"
2026-09-10T13:06:19.7253630Z File: 05CE2B7B-7930-4E1F-A98B-6426A6AC873B.json, suggested name: "Observed control before input next_round_0_BBD2E8C7-39A1-4234-A468-5C5064353471.json"
2026-09-10T13:06:19.7256570Z File: 7BB8243C-21B5-4DE0-9196-A24704E4DC41.json, suggested name: "Actual native touch geometry next_round_0_38571A95-8931-401C-BEFF-19BFF55BD8C6.json"
2026-09-10T13:06:19.7261370Z File: A82F9847-9B3E-47D4-87C5-F69C53A1F872.json, suggested name: "Observed control before input next_round_0_012387B8-67E8-4A26-8F7B-3CC0C0AE895A.json"
2026-09-10T13:06:19.7262960Z File: 19A3FDEF-21C1-4312-95A4-40E466A8D9B2.json, suggested name: "Actual native touch geometry challenge_0_59177719-0A32-4F6A-943D-AB5CCA24B069.json"
2026-09-10T13:06:19.7264030Z File: B0B89713-0B72-449F-B37C-E95C041433D1.json, suggested name: "Observed control before input challenge_0_8B38DC22-10DA-4FE8-9D83-654D79FC75EC.json"
2026-09-10T13:06:19.7272010Z File: 35FFA9D9-B80F-4B76-972A-9E2110875C9A.json, suggested name: "Actual native touch geometry next_round_0_F02A1B18-9046-4241-93CB-5CEAB506BA72.json"
2026-09-10T13:06:19.7302310Z File: 132A7B8B-E680-4840-89A6-B69342CFCC14.json, suggested name: "Observed control before input next_round_0_A228DACB-6B33-4256-A007-D3DCAF056D03.json"
2026-09-10T13:06:19.7303390Z File: 339FA2F7-915D-4BCE-B4B4-D1EA698A89AD.json, suggested name: "Actual native touch geometry next_round_0_0CB0F30F-F33A-4E8E-99DF-62749000CCBA.json"
2026-09-10T13:06:19.7304470Z File: E3595D63-C75D-4674-80A2-E1A0A30A0071.json, suggested name: "Observed control before input next_round_0_668D9E42-A321-4EF1-95D4-C811C1E6F751.json"
2026-09-10T13:06:19.7307020Z File: 0D6874A2-2ADF-4F37-99BE-A1714CECC1A7.json, suggested name: "Actual native touch geometry next_round_0_19CCEB9B-5CAC-46A2-94E1-B2BCA6E72A8C.json"
2026-09-10T13:06:19.7308430Z File: 92004566-F918-442A-8919-B79220C23B74.json, suggested name: "Observed control before input next_round_0_AB1FEB9C-5B0E-46D5-A89C-361C2C02C828.json"
2026-09-10T13:06:19.7310130Z File: 98CB514C-89EF-4313-ABDC-229CFF4F3B52.json, suggested name: "Actual native touch geometry play_0_9675CBA5-9FB2-4B1F-B9EB-958F1F9CB633.json"
2026-09-10T13:06:19.7311230Z File: ECF24BCA-57A6-4ED2-9201-44F5B2050558.json, suggested name: "Observed control before input play_0_32446587-2C1F-4117-8E1B-63DD7F583452.json"
2026-09-10T13:06:19.7312380Z File: ACB6FE8C-DDB6-459C-BC95-A9F44DF256A2.json, suggested name: "Actual native touch geometry card_0_D4FDA409-6668-4555-88C3-F4818ACFE7BB.json"
2026-09-10T13:06:19.7313570Z File: 5270890E-0940-4339-BAA6-AD2BDCFB885E.json, suggested name: "Observed control before input card_0_4C3421D1-7916-40A5-B3BD-62E638B133BF.json"
2026-09-10T13:06:19.7320540Z File: 4CB70391-5265-4E94-944B-CA789691A8BF.json, suggested name: "Actual native touch geometry reveal_0_79D8ED13-32D4-4F8E-ACA1-564706726861.json"
2026-09-10T13:06:19.7323040Z File: 1BFA7452-0787-4340-9F11-5C4DAECE1090.json, suggested name: "Observed control before input reveal_0_39E3EDF6-983C-45F5-9DA3-18FACF909845.json"
2026-09-10T13:06:19.7324420Z File: 2DB1110F-14ED-431A-9A24-376E7C8266CA.json, suggested name: "Measured scroll gesture reveal_0_C4D41865-B3A2-4B7C-9486-30B281A8FE43.json"
2026-09-10T13:06:19.7325770Z File: F70BB99E-E343-4776-9B52-2622E074F2A1.json, suggested name: "Observed control before input reveal_0_8A1B325F-021C-4F2B-B8CA-7A0413859C90.json"
2026-09-10T13:06:19.7327310Z File: 0F5D9645-76F7-4F2F-9AEB-4141449CD2BF.json, suggested name: "Actual native touch geometry next_round_0_4AC1B818-B2A3-4506-82F1-C1A384C32280.json"
2026-09-10T13:06:19.7328360Z File: 09D14DB6-E24D-435A-A7EA-FA19639272E3.json, suggested name: "Observed control before input next_round_0_0FDD8C39-69AA-42B1-B2CC-F6FB160C3448.json"
2026-09-10T13:06:19.7329590Z File: 04358227-0D71-4FC6-9B67-9D8EFAE86973.json, suggested name: "06 actual viewer challenge 2d text 1 measurements_0_86891D6C-E2EF-4DFB-BC06-9417C4B36FE9.json"
2026-09-10T13:06:19.7330580Z File: 600DE82D-546D-406D-916D-8C3DDBD2348F.png, suggested name: "06 actual viewer challenge 2d text 1_0_135C1A5C-D4FC-41EF-AD9E-B34DDB0B83A2.png"
2026-09-10T13:06:19.7331590Z File: 2640278C-A80B-409E-BF51-0C875BA71E3F.json, suggested name: "Actual native touch geometry challenge_0_37077218-B24B-4FC6-AE31-381938C82889.json"
2026-09-10T13:06:19.7332710Z File: AFB0015A-6570-4816-87D6-064416F913E0.json, suggested name: "Observed control before input challenge_0_F12CEC53-C525-4FB5-85FE-8B9AF87F24CE.json"
2026-09-10T13:06:19.7333880Z File: A41CFA9B-0AC4-4FCF-83DB-FB8A7F8C5B90.json, suggested name: "Actual native touch geometry next_round_0_6608F9E7-523C-4C37-AA25-230CC438E87C.json"
2026-09-10T13:06:19.7334910Z File: 9B1B7352-AB4F-4911-9415-7BEB0184759A.json, suggested name: "Observed control before input next_round_0_DF7F36C5-8645-4CDA-BA09-D22B0D59BF0A.json"
2026-09-10T13:06:19.7335980Z File: 060A240E-BB43-4A28-879E-95397E49B36B.json, suggested name: "Actual native touch geometry next_round_0_58EE3E1F-164E-40B8-8A15-DCF03085A077.json"
2026-09-10T13:06:19.7336980Z File: DA2239F1-7E9B-47D4-BD05-C71CA3A36A9C.json, suggested name: "Observed control before input next_round_0_2B7B57FE-4EB7-4700-B80B-64536E40C57E.json"
2026-09-10T13:06:19.7338030Z File: 2567E088-2970-4B44-A14F-F3049A714742.json, suggested name: "Actual native touch geometry next_round_0_AAF0C430-5E36-46EC-8A17-8024E4815F8E.json"
2026-09-10T13:06:19.7354940Z File: EEE0588C-A534-4CBE-83CD-291F5A06F0CB.json, suggested name: "Observed control before input next_round_0_212B27BD-3FAF-4785-B456-86CBE5404C30.json"
2026-09-10T13:06:19.7355970Z File: 24DFA923-8580-4452-818D-BD5511BC0A18.json, suggested name: "05 public outcome 2d text 1 measurements_0_02F8A6ED-C381-442C-8A27-1DA69C472F80.json"
2026-09-10T13:06:19.7357170Z File: 9817C2D2-0C0F-412D-81B2-4EB3F95808DC.png, suggested name: "05 public outcome 2d text 1_0_5E042410-4498-4BDD-AAE1-F1C364D6A5D1.png"
2026-09-10T13:06:19.7359620Z File: 77DB6FB5-F5A9-4988-9F23-230A25D832C5.json, suggested name: "04 actual viewer play 2d text 1 measurements_0_F50C863C-B791-4E62-81A3-9F6664595AE0.json"
2026-09-10T13:06:19.7370010Z File: AC1632F9-731E-4E86-ADE9-8B632B6FF511.png, suggested name: "04 actual viewer play 2d text 1_0_AAC8A2E9-8CCE-4F69-8E5A-31FF0AE52989.png"
2026-09-10T13:06:19.7372650Z File: 7C7AC498-9B3E-42FD-8832-B3C8E9E513B5.json, suggested name: "Actual native touch geometry play_0_57B21705-1437-4499-9DBC-10CE8B4F0E3D.json"
2026-09-10T13:06:19.7373570Z File: 135DF2AA-D4FB-4CA5-87D6-EE5CCCB32073.json, suggested name: "Observed control before input play_0_D716E5DE-8709-4C86-B9A7-6BB238738A92.json"
2026-09-10T13:06:19.7374670Z File: F08C260D-9403-48A5-8A4A-23C52406041E.json, suggested name: "Actual native touch geometry card_0_1BBC729F-BCB0-4F58-90E2-2CEEC031D832.json"
2026-09-10T13:06:19.7375740Z File: 8D11056E-5B51-4380-8C49-BB5F49DD82E1.json, suggested name: "Observed control before input card_0_C5C3A8C7-C894-4389-BD08-0C154B32ABF6.json"
2026-09-10T13:06:19.7380940Z File: 0420CE79-8102-4E86-A01E-7F2780FF2557.json, suggested name: "Actual native touch geometry reveal_0_8642879F-F764-4914-B152-BBEC8ED05E25.json"
2026-09-10T13:06:19.7392460Z File: 7BD97E35-0C82-447E-AD1C-5BDDCDEF2C01.json, suggested name: "Observed control before input reveal_0_046549DA-5025-473D-90CE-1EB80874A242.json"
2026-09-10T13:06:19.7397000Z File: 9BEC554E-8393-4B99-9AA5-018CE5866D07.json, suggested name: "Same authority resumed with concealed cards measurements_0_DD8FAB6F-5EB4-42E6-BF30-EDBBD1FC9EA1.json"
2026-09-10T13:06:19.7404850Z File: 74835CAF-790F-4A9E-94EF-F778D8BFB4E4.png, suggested name: "Same authority resumed with concealed cards_0_8CBB919E-59CB-48CE-B726-4649BD9CEAFD.png"
2026-09-10T13:06:19.7421490Z File: 00B8C3C5-D88C-4278-B01F-1358DB8D794F.png, suggested name: "Actual Home screen before game reactivation_0_EDA0FFFA-4A99-4820-A26F-47250830C822.png"
2026-09-10T13:06:19.7422630Z File: 65249E6B-30D2-4920-B672-56481ACE771F.json, suggested name: "Actual Home and application state observation_0_A88C4BC5-0B08-454E-B764-39BA106CB2AF.json"
2026-09-10T13:06:19.7427930Z File: A142BF28-C844-4969-94AF-92D09FE7B39F.txt, suggested name: "Actual SpringBoard accessibility hierarchy after Home_0_CC436097-0036-4C1D-835A-B84D828F2742.txt"
2026-09-10T13:06:19.7429160Z File: 223701F1-443C-4695-BD8B-D915FA05C110.json, suggested name: "Actual native touch geometry card_0_90DD5942-B10E-461C-85C7-3390F7A81801.json"
2026-09-10T13:06:19.7431370Z File: 20BFB507-7033-42C6-9F9D-8FE5F03A6791.json, suggested name: "Observed control before input card_0_9757D019-311A-4DFB-81D9-44E93DBD560C.json"
2026-09-10T13:06:19.7433500Z File: 356E6C2F-5B16-4245-9AC7-F66A5CA1A306.json, suggested name: "Actual native touch geometry reveal_0_995DB7E9-7528-4F17-BD61-75DCE21AFACB.json"
2026-09-10T13:06:19.7435720Z File: 89B7FBF1-941C-438E-9807-7C527A554757.json, suggested name: "Observed control before input reveal_0_F9A17CE0-890E-426F-A8BA-9ADB40D908DC.json"
2026-09-10T13:06:19.7438130Z File: 4C6E9BB6-A640-463D-AB86-7939571BEEB0.json, suggested name: "Native cover with paused private bindings cleared measurements_0_F64722E5-F331-4E7F-8FA9-F62AE52CF286.json"
2026-09-10T13:06:19.7440600Z File: 78CF2DE8-05A7-4A7B-B0C4-85830915AFE8.png, suggested name: "Native cover with paused private bindings cleared_0_8C0142AB-EA5C-48CE-9D8C-50BBE3A60ECA.png"
2026-09-10T13:06:19.7442810Z File: 5355BB70-18DC-4497-8321-5DBD154FDC16.json, suggested name: "Actual native touch geometry card_0_DC6C10B8-B89F-49F6-91FC-3DB907549329.json"
2026-09-10T13:06:19.7445100Z File: CAA0D056-1DB1-480A-BEA4-428EC8EEC6F7.json, suggested name: "Observed control before input card_0_63107C5F-BDE3-4076-8FB2-5C0F7FB83159.json"
2026-09-10T13:06:19.7448710Z File: 63F22A90-CEE1-4C85-B70C-D22E90572EEB.json, suggested name: "Actual native touch geometry reveal_0_FF83EF13-A380-4A39-B583-140537C33ABF.json"
2026-09-10T13:06:19.7451550Z File: E1ACBE28-3006-4465-B60C-EF7DB2E75B39.json, suggested name: "Observed control before input reveal_0_B5C1D21E-0C86-4562-9326-EED4F873F131.json"
2026-09-10T13:06:19.7453780Z File: 8DAB943B-82F0-485A-B17D-A503EAFC6606.json, suggested name: "03 private bindings cleared 2d text 1 measurements_0_A691B86B-0402-4B7A-850A-9BABD7D42348.json"
2026-09-10T13:06:19.7456150Z File: 216F7F0F-D870-4E34-A74B-1E2673268411.png, suggested name: "03 private bindings cleared 2d text 1_0_F9F84CEF-3B4F-46E9-B314-E5018B2619B3.png"
2026-09-10T13:06:19.7458430Z File: 86FEDA1E-4563-469D-B5E7-BB8DB9147AC7.json, suggested name: "Actual native touch geometry hide_0_F7E706CB-BDC6-45C9-838E-9DB31C87038A.json"
2026-09-10T13:06:19.7460770Z File: B8A4522B-9BB1-450F-BC38-1DFBBB88BF24.json, suggested name: "Observed control before input hide_0_9C74940C-1DC5-49B5-BE18-B19375754198.json"
2026-09-10T13:06:19.7463100Z File: C7445DCE-A65A-4E33-98F3-04C3B9BFEC43.json, suggested name: "02 revealed and selected 2d text 1 measurements_0_F46736F5-8C55-40BD-8AF5-3EC9822BBCB2.json"
2026-09-10T13:06:19.7465310Z File: 8F3B3340-42DC-417B-98E6-8AA131D9026B.png, suggested name: "02 revealed and selected 2d text 1_0_66171BC5-2C75-4947-91E2-A98087272531.png"
2026-09-10T13:06:19.7468490Z File: CEF848E6-D800-4DC8-A1A0-8558A0CC213D.json, suggested name: "Actual native touch geometry card_0_7192ADFA-8673-4931-83CA-388368FB351F.json"
2026-09-10T13:06:19.7471000Z File: BC08259A-0123-4EA9-825E-DD3CFE79769E.json, suggested name: "Observed control before input card_0_BE1D4EC6-ED67-4DA5-BB89-972866874359.json"
2026-09-10T13:06:19.7475680Z File: 25D9346D-A3C5-41A0-AA87-46BF29B06A80.json, suggested name: "Actual native touch geometry reveal_0_D526C7D6-85C1-443D-B67C-A459BDBB7CC5.json"
2026-09-10T13:06:19.7477820Z File: 3165EC74-42FA-4EE3-BF13-58F471474849.json, suggested name: "Observed control before input reveal_0_C788BCFE-0ECA-482F-8564-B283B5F8EAB3.json"
2026-09-10T13:06:19.7479900Z File: AEC1C1F8-163D-49CA-ABB6-24039209A29D.json, suggested name: "Measured scroll gesture reveal_0_D7B67D7C-CE1E-4E38-91F2-E12737C68AE6.json"
2026-09-10T13:06:19.7482080Z File: 8A1CCB9D-3B70-43A6-A8D1-680000EFCFCA.json, suggested name: "Observed control before input reveal_0_3FAFDCDB-2842-48AA-BDA3-D075E940EA30.json"
2026-09-10T13:06:19.7484240Z File: AA901419-7004-47AB-B4FF-A371C5868484.json, suggested name: "01 concealed 2d text 1 measurements_0_3E8B878D-E71A-44B4-BBB3-464A8BB6B2B7.json"
2026-09-10T13:06:19.7486210Z File: 878DF658-BE75-4CDE-ABE4-2E37E9C087C0.png, suggested name: "01 concealed 2d text 1_0_ECF390C3-7518-4912-B3D9-79FC0517EBB9.png"
2026-09-10T13:06:19.7487360Z 
2026-09-10T13:06:19.7487920Z Exported 15 attachments for: AuthorityHostUITests/testReferenceMatchIn3DAt200Percent():
2026-09-10T13:06:19.7489640Z File: 3AA280F9-FE59-4676-AFF3-AF91665F1E94.json, suggested name: "Failed authority wait measurements_0_130ADB67-0AAD-4A79-8F5D-FF8FE80BAA0A.json"
2026-09-10T13:06:19.7492730Z File: F84F6B36-3540-4947-B6AE-F4B581508336.png, suggested name: "Failed authority wait_0_980D283B-221B-4FC8-BF0D-E2DBF8A08A23.png"
2026-09-10T13:06:19.7494850Z File: 21E9A419-A371-41D1-9B0C-4164A6A48C72.json, suggested name: "Last rejected authority wait observation_0_26FE965D-7C7D-4A5E-9441-FB8822E3015A.json"
2026-09-10T13:06:19.7496790Z File: 6D9AD9A5-0193-47DD-934E-7FF3DF99191B, suggested name: "UI Snapshot 2026-09-10 at 01.03.30 PM"
2026-09-10T13:06:19.7498240Z File: 63F62AE5-4C11-4994-B793-EAF6CBBFF56D, suggested name: "Synthesized Event 2026-09-10 at 01.03.32 PM"
2026-09-10T13:06:19.7499920Z File: 183DA34E-0ABA-45C6-87C3-CEE396380198.json, suggested name: "Actual native touch geometry card_0_271DDB0D-05EA-48E7-976E-AA4D5E90AAF0.json"
2026-09-10T13:06:19.7502920Z File: 3D6291FD-42C7-4749-B24E-C066A670F6A8.json, suggested name: "Observed control before input card_0_B309A94F-EA74-4EBD-9298-40EEEC751F29.json"
2026-09-10T13:06:19.7504790Z File: 4FD13C34-FA4A-42A3-BE14-7161791E20EA, suggested name: "UI Snapshot 2026-09-10 at 01.03.07 PM"
2026-09-10T13:06:19.7506380Z File: 142B19BE-E728-4D8E-9051-A85FDCE7DA9E, suggested name: "Synthesized Event 2026-09-10 at 01.03.08 PM"
2026-09-10T13:06:19.7508220Z File: E4EA1A60-09AD-4624-968D-D89B295ED3CD.json, suggested name: "Actual native touch geometry reveal_0_D2F09A45-FB34-4982-BDB8-AF5BE8B560DF.json"
2026-09-10T13:06:19.7510400Z File: 0549F8BC-99E1-47C6-BBE1-1E5AAA2DE2B1.json, suggested name: "Observed control before input reveal_0_0B386AF3-8355-4D0A-B759-140026CB0312.json"
2026-09-10T13:06:19.7512510Z File: 45AD27DE-933C-48C1-A963-CB9330F2DD7E.json, suggested name: "01 concealed 3d text 2 measurements_0_FF7E840B-56A9-4E32-8F41-45BDC57FCDE3.json"
2026-09-10T13:06:19.7514480Z File: B45DC249-E1F6-4AAD-9433-8D0DD07DF5DF.png, suggested name: "01 concealed 3d text 2_0_E3C558EC-6516-4EE7-BB65-3F9199EB0658.png"
2026-09-10T13:06:19.7516150Z File: 33341D14-E5C9-4A94-AAA4-13BCA16EFDAC, suggested name: "Synthesized Event 2026-09-10 at 01.02.36 PM"
2026-09-10T13:06:19.7517780Z File: 229BEDDD-260E-4AAE-8E36-53D205CBDF1F.mp4, suggested name: "Screen Recording 2026-09-10 at 01.02.26 PM.mp4"
2026-09-10T13:06:19.7518700Z 
2026-09-10T13:06:19.7519170Z Exported 11 attachments for: AuthorityHostUITests/testReferenceMatchIn3D():
2026-09-10T13:06:19.7520780Z File: CCA006B1-CAED-44C7-8E42-11BF8E8E2920.json, suggested name: "Failed authority wait measurements_0_A6A369BC-61AD-419D-AE2E-612A302B6520.json"
2026-09-10T13:06:19.7525080Z File: 98096A0E-7EF4-406C-9D56-8125A46E2760.png, suggested name: "Failed authority wait_0_D0C3C252-4634-4E15-9D7B-2C67855E9676.png"
2026-09-10T13:06:19.7526380Z File: 9DC14C92-2D62-4F73-812A-4E292DAD8FE2.json, suggested name: "Last rejected authority wait observation_0_958F1C40-AC53-45D9-B02D-11464C0F8032.json"
2026-09-10T13:06:19.7527100Z File: CB769271-D5EF-4551-AA21-15E3CAD00202, suggested name: "UI Snapshot 2026-09-10 at 01.04.30 PM"
2026-09-10T13:06:19.7527670Z File: 64D5EACD-7C54-4313-BF31-51C9CE7FE187, suggested name: "Synthesized Event 2026-09-10 at 01.04.31 PM"
2026-09-10T13:06:19.7528380Z File: 9E570870-841E-42AF-863F-7B3AC1FAD371.json, suggested name: "Actual native touch geometry reveal_0_654C20CF-B088-4C24-A320-07CA5B4F8D67.json"
2026-09-10T13:06:19.7529180Z File: 4D03A905-13AF-4191-BB48-AD63132A83B1.json, suggested name: "Observed control before input reveal_0_12A81735-9155-4D95-825C-0ABB7A660C62.json"
2026-09-10T13:06:19.7529980Z File: F8C32C9D-DC0E-4052-81B3-E1D4DDE51E70.json, suggested name: "01 concealed 3d text 1 measurements_0_982DC5E0-768E-45E4-A193-BA121EA07EEA.json"
2026-09-10T13:06:19.7530730Z File: 347DC8F7-8D8E-46C4-8503-780ADE3688DB.png, suggested name: "01 concealed 3d text 1_0_7E7A7914-FBB9-4247-8AE8-5F3A8B17A906.png"
2026-09-10T13:06:19.7531360Z File: 0EB276EF-E7B6-48C7-9FC7-18388797D3DC, suggested name: "Synthesized Event 2026-09-10 at 01.04.06 PM"
2026-09-10T13:06:19.7531950Z File: E8F11FA3-0296-4F0D-BB0C-CB9FDFAAF3A7.mp4, suggested name: "Screen Recording 2026-09-10 at 01.03.59 PM.mp4"
2026-09-10T13:06:19.7532300Z 
2026-09-10T13:06:19.7532500Z Exported 4 attachments for: AuthorityHostUITests/testSecureTableRendererExit():
2026-09-10T13:06:19.7533550Z File: AACA0431-86C5-4BE5-843C-A0EE193E7F78.json, suggested name: "Secure default table exited through Godot input measurements_0_E7D4718E-70C8-4BDA-A8A7-18DBE4B45E1D.json"
2026-09-10T13:06:19.7541090Z File: 40C03840-3D69-47F5-805D-F0FC56C332E6.png, suggested name: "Secure default table exited through Godot input_0_D60A24F9-A668-4ACA-BCEE-2BBD2130CA99.png"
2026-09-10T13:06:19.7541920Z File: 115F1A8A-87A4-497B-8590-9DB52D40E511.json, suggested name: "Actual native touch geometry exit_0_33148729-384A-40B6-82FD-8CD1183B58F0.json"
2026-09-10T13:06:19.7542710Z File: B7ECCC19-54B8-4588-9C23-E15BC42E692D.json, suggested name: "Observed control before input exit_0_FCFF18C6-2B34-42B7-9183-28851A76C842.json"
2026-09-10T13:06:19.7543190Z 
2026-09-10T13:06:19.7543650Z Generated manifest file with attachment details: /Users/runner/work/PartyDeck/PartyDeck/godot/ios-host/build/artifacts/authority-attachments/manifest.json
2026-09-10T13:06:24.6876830Z ##[error]Process completed with exit code 65.
2026-09-10T13:06:24.9998000Z Prepare all required actions
2026-09-10T13:06:24.9999470Z Getting action download info
2026-09-10T13:06:25.4090050Z Download action repository 'actions/upload-artifact@043fb46d1a93c77aae656e7c1c64a875d1fc6a0a' (SHA:043fb46d1a93c77aae656e7c1c64a875d1fc6a0a)
2026-09-10T13:06:26.3551640Z ##[group]Run ./.github/actions/upload-artifact
2026-09-10T13:06:26.3551980Z with:
2026-09-10T13:06:26.3552180Z   name: godot-ios-authority-gameplay
2026-09-10T13:06:26.3554110Z   path: godot/ios-host/build/evidence/**
godot/ios-host/build/artifacts/AuthorityHost.xcresult/**
godot/ios-host/build/artifacts/AuthorityHost-simulator.app.tar.gz
godot/ios-host/build/artifacts/authority-attachments/**

2026-09-10T13:06:26.3555710Z   if-no-files-found: warn
2026-09-10T13:06:26.3556840Z   retention-days: 14
2026-09-10T13:06:26.3557330Z env:
2026-09-10T13:06:26.3557950Z   DEVELOPER_DIR: /Applications/Xcode_26.4.1.app/Contents/Developer
2026-09-10T13:06:26.3560680Z   PARTYDECK_GODOT_AUTHORITY_FRAMEWORK: /Users/runner/work/PartyDeck/PartyDeck/godot/ios-host/build/framework-input/PartyDeckGodotBridge.framework
2026-09-10T13:06:26.3561860Z ##[endgroup]
2026-09-10T13:06:26.3945210Z ##[start-action display=Upload artifact;id=__self.first]
2026-09-10T13:06:26.4101690Z ##[group]Run actions/upload-artifact@043fb46d1a93c77aae656e7c1c64a875d1fc6a0a
2026-09-10T13:06:26.4102120Z with:
2026-09-10T13:06:26.4102360Z   name: godot-ios-authority-gameplay
2026-09-10T13:06:26.4103310Z   path: godot/ios-host/build/evidence/**
godot/ios-host/build/artifacts/AuthorityHost.xcresult/**
godot/ios-host/build/artifacts/AuthorityHost-simulator.app.tar.gz
godot/ios-host/build/artifacts/authority-attachments/**

2026-09-10T13:06:26.4104250Z   retention-days: 14
2026-09-10T13:06:26.4104470Z   if-no-files-found: warn
2026-09-10T13:06:26.4104680Z   compression-level: 6
2026-09-10T13:06:26.4104890Z   overwrite: false
2026-09-10T13:06:26.4105090Z   include-hidden-files: false
2026-09-10T13:06:26.4105330Z   archive: true
2026-09-10T13:06:26.4105550Z env:
2026-09-10T13:06:26.4105880Z   DEVELOPER_DIR: /Applications/Xcode_26.4.1.app/Contents/Developer
2026-09-10T13:06:26.4106580Z   PARTYDECK_GODOT_AUTHORITY_FRAMEWORK: /Users/runner/work/PartyDeck/PartyDeck/godot/ios-host/build/framework-input/PartyDeckGodotBridge.framework
2026-09-10T13:06:26.4107250Z ##[endgroup]
2026-09-10T13:06:27.9877920Z Multiple search paths detected. Calculating the least common ancestor of all paths
2026-09-10T13:06:27.9879340Z The least common ancestor is /Users/runner/work/PartyDeck/PartyDeck/godot/ios-host/build. This will be the root directory of the artifact
2026-09-10T13:06:27.9880000Z With the provided path, there will be 1720 files uploaded
2026-09-10T13:06:27.9880430Z Artifact name is valid!
2026-09-10T13:06:27.9880650Z Root directory input is valid!
2026-09-10T13:06:28.4762590Z Uploading artifact: godot-ios-authority-gameplay.zip
2026-09-10T13:06:28.4979790Z Beginning upload of artifact content to blob storage
2026-09-10T13:06:31.5112300Z Uploaded bytes 8388608
2026-09-10T13:06:32.5765040Z Uploaded bytes 16777216
2026-09-10T13:06:33.1735400Z Uploaded bytes 25165824
2026-09-10T13:06:33.7999890Z Uploaded bytes 33554432
2026-09-10T13:06:34.2804640Z Uploaded bytes 41943040
2026-09-10T13:06:34.6661410Z Uploaded bytes 50331648
2026-09-10T13:06:35.1039670Z Uploaded bytes 58720256
2026-09-10T13:06:35.6972770Z Uploaded bytes 67108864
2026-09-10T13:06:36.1479090Z Uploaded bytes 75497472
2026-09-10T13:06:37.5320620Z Uploaded bytes 83886080
2026-09-10T13:06:38.0553270Z Uploaded bytes 92274688
2026-09-10T13:06:38.8380720Z Uploaded bytes 100663296
2026-09-10T13:06:39.2779990Z Uploaded bytes 109051904
2026-09-10T13:06:39.7188560Z Uploaded bytes 117440512
2026-09-10T13:06:40.1669790Z Uploaded bytes 125829120
2026-09-10T13:06:40.8067430Z Uploaded bytes 132165766
2026-09-10T13:06:40.8830220Z Finished uploading artifact content to blob storage!
2026-09-10T13:06:40.8872890Z SHA256 digest of uploaded artifact is e804bbef7a02ee66ae22980e147f515000150cf2b0e5f9843f6bca567336efb7
2026-09-10T13:06:40.8878530Z Finalizing artifact upload
2026-09-10T13:06:41.3445170Z Artifact godot-ios-authority-gameplay successfully finalized. Artifact ID 10153390491
2026-09-10T13:06:41.3446330Z Artifact godot-ios-authority-gameplay has been successfully uploaded! Final size is 132165766 bytes. Artifact ID is 10153390491
2026-09-10T13:06:41.3494140Z Artifact download URL: https://github.com/Apdelrahman1911/PartyDeck/actions/runs/34478720554/artifacts/10153390491
2026-09-10T13:06:41.6211100Z ##[end-action id=__self.first;outcome=success;conclusion=success;duration_ms=15218]
2026-09-10T13:06:41.6220120Z ##[start-action display=Wait before the single upload retry;id=__self.__run]
2026-09-10T13:06:41.6255470Z ##[end-action id=__self.__run;outcome=skipped;conclusion=skipped;duration_ms=0]
2026-09-10T13:06:41.6259150Z ##[start-action display=Retry artifact upload;id=__self.retry]
2026-09-10T13:06:41.6270890Z ##[end-action id=__self.retry;outcome=skipped;conclusion=skipped;duration_ms=0]
2026-09-10T13:06:41.6283060Z ##[start-action display=Require a successful upload attempt;id=__self.__run_2]
2026-09-10T13:06:41.6304830Z ##[end-action id=__self.__run_2;outcome=skipped;conclusion=skipped;duration_ms=0]
2026-09-10T13:06:41.6648390Z Post job cleanup.
2026-09-10T13:06:42.0630630Z [command]/opt/homebrew/bin/git version
2026-09-10T13:06:42.2245990Z git version 2.55.0
2026-09-10T13:06:42.2312590Z Copying '/Users/runner/.gitconfig' to '/Users/runner/work/_temp/c83a6f58-af64-4177-bbb1-290d632f1951/.gitconfig'
2026-09-10T13:06:42.2336510Z Temporarily overriding HOME='/Users/runner/work/_temp/c83a6f58-af64-4177-bbb1-290d632f1951' before making global git config changes
2026-09-10T13:06:42.2345930Z Adding repository directory to the temporary git global config as a safe directory
2026-09-10T13:06:42.2352070Z [command]/opt/homebrew/bin/git config --global --add safe.directory /Users/runner/work/PartyDeck/PartyDeck
2026-09-10T13:06:42.3031400Z Removing SSH command configuration
2026-09-10T13:06:42.3087680Z [command]/opt/homebrew/bin/git config --local --name-only --get-regexp core\.sshCommand
2026-09-10T13:06:42.3138440Z [command]/opt/homebrew/bin/git submodule foreach --recursive sh -c "git config --local --name-only --get-regexp 'core\.sshCommand' && git config --local --unset-all 'core.sshCommand' || :"
2026-09-10T13:06:42.5955950Z Removing HTTP extra header
2026-09-10T13:06:42.5962610Z [command]/opt/homebrew/bin/git config --local --name-only --get-regexp http\.https\:\/\/github\.com\/\.extraheader
2026-09-10T13:06:42.6045230Z [command]/opt/homebrew/bin/git submodule foreach --recursive sh -c "git config --local --name-only --get-regexp 'http\.https\:\/\/github\.com\/\.extraheader' && git config --local --unset-all 'http.https://github.com/.extraheader' || :"
2026-09-10T13:06:42.8322280Z Removing includeIf entries pointing to credentials config files
2026-09-10T13:06:42.8327850Z [command]/opt/homebrew/bin/git config --local --name-only --get-regexp ^includeIf\.gitdir:
2026-09-10T13:06:42.8369400Z [command]/opt/homebrew/bin/git submodule foreach --recursive git config --local --show-origin --name-only --get-regexp remote.origin.url
2026-09-10T13:06:43.1575630Z Cleaning up orphan processes
2026-09-10T13:06:46.7848840Z Terminate orphan process: pid (14433) (DTServiceHub)
