sha256	bytes	source	staged	destination
0675bec9341daeb7440d76a1e846c94fe9812264cad4a56f5a8e251a2c75b5ee	42555	/root/projects/PartyDeck/artifacts/evidence-storage/34485033488/android-adaptive-api36-debug-font-1.0-34485033488-1/godot-adaptive/runtime/godot-adaptive-result.json	/root/projects/PartyDeck/artifacts/screenshot-queue-34485033488-34485028785-v1/payload/docs/screenshots/godot-android-adaptive-34485033488/android-adaptive-api36-debug-font-1.0-34485033488-1/godot-adaptive/runtime/godot-adaptive-result.json	docs/screenshots/godot-android-adaptive-34485033488/android-adaptive-api36-debug-font-1.0-34485033488-1/godot-adaptive/runtime/godot-adaptive-result.json
e96d4777eadaa3ea3e8ec2e29024f70b095714b5965d580ae272d86456c15a94	129669	/root/projects/PartyDeck/artifacts/evidence-storage/34485033488/android-adaptive-api36-debug-font-1.0-34485033488-1/godot-adaptive/runtime/captures/home-cold.png	/root/projects/PartyDeck/artifacts/screenshot-queue-34485033488-34485028785-v1/payload/docs/screenshots/godot-android-adaptive-34485033488/android-adaptive-api36-debug-font-1.0-34485033488-1/godot-adaptive/runtime/captures/home-cold.png	docs/screenshots/godot-android-adaptive-34485033488/android-adaptive-api36-debug-font-1.0-34485033488-1/godot-adaptive/runtime/captures/home-cold.png
51ccf336b9506663d15597c9f0a1a6af3e9e66ef82b3063e77d00c111a9019dc	13571	/root/projects/PartyDeck/artifacts/evidence-storage/34485033488/android-adaptive-api36-debug-font-1.0-34485033488-1/godot-adaptive/runtime/captures/home-cold.xml	/root/projects/PartyDeck/artifacts/screenshot-queue-34485033488-34485028785-v1/payload/docs/screenshots/godot-android-adaptive-34485033488/android-adaptive-api36-debug-font-1.0-34485033488-1/godot-adaptive/runtime/captures/home-cold.xml	docs/screenshots/godot-android-adaptive-34485033488/android-adaptive-api36-debug-font-1.0-34485033488-1/godot-adaptive/runtime/captures/home-cold.xml
7ebd2433d79ebd1a4e5b1712ca53910cae83510513f8c595d65c71dd4ffdea07	9414	/root/projects/PartyDeck/artifacts/evidence-storage/34485033488/android-adaptive-api36-debug-font-1.0-34485033488-1/godot-adaptive/runtime/captures/home-cold.json	/root/projects/PartyDeck/artifacts/screenshot-queue-34485033488-34485028785-v1/payload/docs/screenshots/godot-android-adaptive-34485033488/android-adaptive-api36-debug-font-1.0-34485033488-1/godot-adaptive/runtime/captures/home-cold.json	docs/screenshots/godot-android-adaptive-34485033488/android-adaptive-api36-debug-font-1.0-34485033488-1/godot-adaptive/runtime/captures/home-cold.json
99fe820df23a68da7923aca0da355b050541f9dceb2723c4620b9e7521060d64	103119	/root/projects/PartyDeck/artifacts/evidence-storage/34485033488/android-adaptive-api36-debug-font-1.0-34485033488-1/godot-adaptive/runtime/captures/final-diagnostic.png	/root/projects/PartyDeck/artifacts/screenshot-queue-34485033488-34485028785-v1/payload/docs/screenshots/godot-android-adaptive-34485033488/android-adaptive-api36-debug-font-1.0-34485033488-1/godot-adaptive/runtime/captures/final-diagnostic.png	docs/screenshots/godot-android-adaptive-34485033488/android-adaptive-api36-debug-font-1.0-34485033488-1/godot-adaptive/runtime/captures/final-diagnostic.png
12e54aaadcb882965368ceecd8ef30de0870066ecfb9606dc2f23c41e51b1d41	17205	/root/projects/PartyDeck/artifacts/evidence-storage/34485033488/android-adaptive-api36-debug-font-1.0-34485033488-1/godot-adaptive/runtime/captures/final-diagnostic.xml	/root/projects/PartyDeck/artifacts/screenshot-queue-34485033488-34485028785-v1/payload/docs/screenshots/godot-android-adaptive-34485033488/android-adaptive-api36-debug-font-1.0-34485033488-1/godot-adaptive/runtime/captures/final-diagnostic.xml	docs/screenshots/godot-android-adaptive-34485033488/android-adaptive-api36-debug-font-1.0-34485033488-1/godot-adaptive/runtime/captures/final-diagnostic.xml
55951d81258b6dcdf30b30ffb4995d9e67fafc480a41fd3dbe0371fabc0040c4	9448	/root/projects/PartyDeck/artifacts/evidence-storage/34485033488/android-adaptive-api36-debug-font-1.0-34485033488-1/godot-adaptive/runtime/captures/final-diagnostic.json	/root/projects/PartyDeck/artifacts/screenshot-queue-34485033488-34485028785-v1/payload/docs/screenshots/godot-android-adaptive-34485033488/android-adaptive-api36-debug-font-1.0-34485033488-1/godot-adaptive/runtime/captures/final-diagnostic.json	docs/screenshots/godot-android-adaptive-34485033488/android-adaptive-api36-debug-font-1.0-34485033488-1/godot-adaptive/runtime/captures/final-diagnostic.json
2b02d093abdd1546ebc92868a517fb0084c47ffff5f41327bd80e14987b23742	235326	/root/projects/PartyDeck/artifacts/evidence-storage/34485033488/android-adaptive-api36-debug-font-2.0-34485033488-1/godot-adaptive/runtime/godot-adaptive-result.json	/root/projects/PartyDeck/artifacts/screenshot-queue-34485033488-34485028785-v1/payload/docs/screenshots/godot-android-adaptive-34485033488/android-adaptive-api36-debug-font-2.0-34485033488-1/godot-adaptive/runtime/godot-adaptive-result.json	docs/screenshots/godot-android-adaptive-34485033488/android-adaptive-api36-debug-font-2.0-34485033488-1/godot-adaptive/runtime/godot-adaptive-result.json
0da9e750c8651e8aab8bd720cd2381dbe9b90373ee234bc893967b2499f3f053	80058	/root/projects/PartyDeck/artifacts/evidence-storage/34485033488/android-adaptive-api36-debug-font-2.0-34485033488-1/godot-adaptive/runtime/captures/home-cold.png	/root/projects/PartyDeck/artifacts/screenshot-queue-34485033488-34485028785-v1/payload/docs/screenshots/godot-android-adaptive-34485033488/android-adaptive-api36-debug-font-2.0-34485033488-1/godot-adaptive/runtime/captures/home-cold.png	docs/screenshots/godot-android-adaptive-34485033488/android-adaptive-api36-debug-font-2.0-34485033488-1/godot-adaptive/runtime/captures/home-cold.png
cbce6867a6c4d1e8bf8a685137f8aad7afd3db387bbf1c1beaf9e4d20fe1f661	9353	/root/projects/PartyDeck/artifacts/evidence-storage/34485033488/android-adaptive-api36-debug-font-2.0-34485033488-1/godot-adaptive/runtime/captures/home-cold.xml	/root/projects/PartyDeck/artifacts/screenshot-queue-34485033488-34485028785-v1/payload/docs/screenshots/godot-android-adaptive-34485033488/android-adaptive-api36-debug-font-2.0-34485033488-1/godot-adaptive/runtime/captures/home-cold.xml	docs/screenshots/godot-android-adaptive-34485033488/android-adaptive-api36-debug-font-2.0-34485033488-1/godot-adaptive/runtime/captures/home-cold.xml
d7ee2a9625a59c256bc401d3802abf496ecb7469fc942a3975849c2b3ef6d99f	9418	/root/projects/PartyDeck/artifacts/evidence-storage/34485033488/android-adaptive-api36-debug-font-2.0-34485033488-1/godot-adaptive/runtime/captures/home-cold.json	/root/projects/PartyDeck/artifacts/screenshot-queue-34485033488-34485028785-v1/payload/docs/screenshots/godot-android-adaptive-34485033488/android-adaptive-api36-debug-font-2.0-34485033488-1/godot-adaptive/runtime/captures/home-cold.json	docs/screenshots/godot-android-adaptive-34485033488/android-adaptive-api36-debug-font-2.0-34485033488-1/godot-adaptive/runtime/captures/home-cold.json
f46db3fc43ebb7c0d608b5f4d375b46ba0f143260ae88f3497ff0582fa79e5f9	64710	/root/projects/PartyDeck/artifacts/evidence-storage/34485033488/android-adaptive-api36-debug-font-2.0-34485033488-1/godot-adaptive/runtime/captures/2d-landscape-baseline-public.png	/root/projects/PartyDeck/artifacts/screenshot-queue-34485033488-34485028785-v1/payload/docs/screenshots/godot-android-adaptive-34485033488/android-adaptive-api36-debug-font-2.0-34485033488-1/godot-adaptive/runtime/captures/2d-landscape-baseline-public.png	docs/screenshots/godot-android-adaptive-34485033488/android-adaptive-api36-debug-font-2.0-34485033488-1/godot-adaptive/runtime/captures/2d-landscape-baseline-public.png
ce57b1a927744f726b6218357c72de6f12e20563574af14ed143e5e3060b3ddc	10728	/root/projects/PartyDeck/artifacts/evidence-storage/34485033488/android-adaptive-api36-debug-font-2.0-34485033488-1/godot-adaptive/runtime/captures/2d-landscape-baseline-public.xml	/root/projects/PartyDeck/artifacts/screenshot-queue-34485033488-34485028785-v1/payload/docs/screenshots/godot-android-adaptive-34485033488/android-adaptive-api36-debug-font-2.0-34485033488-1/godot-adaptive/runtime/captures/2d-landscape-baseline-public.xml	docs/screenshots/godot-android-adaptive-34485033488/android-adaptive-api36-debug-font-2.0-34485033488-1/godot-adaptive/runtime/captures/2d-landscape-baseline-public.xml
8bf7709d016a89817e1e42bef27667567232db363d5ddd2c2c6ab5228b20d724	9488	/root/projects/PartyDeck/artifacts/evidence-storage/34485033488/android-adaptive-api36-debug-font-2.0-34485033488-1/godot-adaptive/runtime/captures/2d-landscape-baseline-public.json	/root/projects/PartyDeck/artifacts/screenshot-queue-34485033488-34485028785-v1/payload/docs/screenshots/godot-android-adaptive-34485033488/android-adaptive-api36-debug-font-2.0-34485033488-1/godot-adaptive/runtime/captures/2d-landscape-baseline-public.json	docs/screenshots/godot-android-adaptive-34485033488/android-adaptive-api36-debug-font-2.0-34485033488-1/godot-adaptive/runtime/captures/2d-landscape-baseline-public.json
01105e933d7f912a9d6b3262f345549016d669f88a7b74f8261784c72cb87395	44032	/root/projects/PartyDeck/artifacts/evidence-storage/34485033488/android-adaptive-api36-debug-font-2.0-34485033488-1/godot-adaptive/runtime/captures/2d-landscape-baseline-first-card.png	/root/projects/PartyDeck/artifacts/screenshot-queue-34485033488-34485028785-v1/payload/docs/screenshots/godot-android-adaptive-34485033488/android-adaptive-api36-debug-font-2.0-34485033488-1/godot-adaptive/runtime/captures/2d-landscape-baseline-first-card.png	docs/screenshots/godot-android-adaptive-34485033488/android-adaptive-api36-debug-font-2.0-34485033488-1/godot-adaptive/runtime/captures/2d-landscape-baseline-first-card.png
a9685673d1aafa12ba8c31e1254f5b473435017e06d86e0fa3d2305570f6d392	12810	/root/projects/PartyDeck/artifacts/evidence-storage/34485033488/android-adaptive-api36-debug-font-2.0-34485033488-1/godot-adaptive/runtime/captures/2d-landscape-baseline-first-card.xml	/root/projects/PartyDeck/artifacts/screenshot-queue-34485033488-34485028785-v1/payload/docs/screenshots/godot-android-adaptive-34485033488/android-adaptive-api36-debug-font-2.0-34485033488-1/godot-adaptive/runtime/captures/2d-landscape-baseline-first-card.xml	docs/screenshots/godot-android-adaptive-34485033488/android-adaptive-api36-debug-font-2.0-34485033488-1/godot-adaptive/runtime/captures/2d-landscape-baseline-first-card.xml
6553a53f3af02ce6e61d1f4eb43b2f47022f1bf9182c684ec2e36af869d573fe	9500	/root/projects/PartyDeck/artifacts/evidence-storage/34485033488/android-adaptive-api36-debug-font-2.0-34485033488-1/godot-adaptive/runtime/captures/2d-landscape-baseline-first-card.json	/root/projects/PartyDeck/artifacts/screenshot-queue-34485033488-34485028785-v1/payload/docs/screenshots/godot-android-adaptive-34485033488/android-adaptive-api36-debug-font-2.0-34485033488-1/godot-adaptive/runtime/captures/2d-landscape-baseline-first-card.json	docs/screenshots/godot-android-adaptive-34485033488/android-adaptive-api36-debug-font-2.0-34485033488-1/godot-adaptive/runtime/captures/2d-landscape-baseline-first-card.json
6da4cea7d32f65131ef2fd73d79b7fa153fa98c29a2cca3456de993450b84540	47219	/root/projects/PartyDeck/artifacts/evidence-storage/34485033488/android-adaptive-api36-debug-font-2.0-34485033488-1/godot-adaptive/runtime/captures/2d-landscape-baseline-selected.png	/root/projects/PartyDeck/artifacts/screenshot-queue-34485033488-34485028785-v1/payload/docs/screenshots/godot-android-adaptive-34485033488/android-adaptive-api36-debug-font-2.0-34485033488-1/godot-adaptive/runtime/captures/2d-landscape-baseline-selected.png	docs/screenshots/godot-android-adaptive-34485033488/android-adaptive-api36-debug-font-2.0-34485033488-1/godot-adaptive/runtime/captures/2d-landscape-baseline-selected.png
ba318d2e92b8ed464a8cebc90fb4dfebacd94b151b133c2637aa37b872028118	11769	/root/projects/PartyDeck/artifacts/evidence-storage/34485033488/android-adaptive-api36-debug-font-2.0-34485033488-1/godot-adaptive/runtime/captures/2d-landscape-baseline-selected.xml	/root/projects/PartyDeck/artifacts/screenshot-queue-34485033488-34485028785-v1/payload/docs/screenshots/godot-android-adaptive-34485033488/android-adaptive-api36-debug-font-2.0-34485033488-1/godot-adaptive/runtime/captures/2d-landscape-baseline-selected.xml	docs/screenshots/godot-android-adaptive-34485033488/android-adaptive-api36-debug-font-2.0-34485033488-1/godot-adaptive/runtime/captures/2d-landscape-baseline-selected.xml
1fffc299d67a19719fa4377e212034d78991cbe7b6c325442c009c3d74a451a5	9494	/root/projects/PartyDeck/artifacts/evidence-storage/34485033488/android-adaptive-api36-debug-font-2.0-34485033488-1/godot-adaptive/runtime/captures/2d-landscape-baseline-selected.json	/root/projects/PartyDeck/artifacts/screenshot-queue-34485033488-34485028785-v1/payload/docs/screenshots/godot-android-adaptive-34485033488/android-adaptive-api36-debug-font-2.0-34485033488-1/godot-adaptive/runtime/captures/2d-landscape-baseline-selected.json	docs/screenshots/godot-android-adaptive-34485033488/android-adaptive-api36-debug-font-2.0-34485033488-1/godot-adaptive/runtime/captures/2d-landscape-baseline-selected.json
64a44fe164e063f0bd0caa676856190cd2a1d8b196b8ce2eb40b0b7033bbdb31	50550	/root/projects/PartyDeck/artifacts/evidence-storage/34485033488/android-adaptive-api36-debug-font-2.0-34485033488-1/godot-adaptive/runtime/captures/2d-landscape-initial-selector.png	/root/projects/PartyDeck/artifacts/screenshot-queue-34485033488-34485028785-v1/payload/docs/screenshots/godot-android-adaptive-34485033488/android-adaptive-api36-debug-font-2.0-34485033488-1/godot-adaptive/runtime/captures/2d-landscape-initial-selector.png	docs/screenshots/godot-android-adaptive-34485033488/android-adaptive-api36-debug-font-2.0-34485033488-1/godot-adaptive/runtime/captures/2d-landscape-initial-selector.png
272c96ca6525b63a3685bc7b83ac41def1c8b81c5f3113f685e38058508e070e	7575	/root/projects/PartyDeck/artifacts/evidence-storage/34485033488/android-adaptive-api36-debug-font-2.0-34485033488-1/godot-adaptive/runtime/captures/2d-landscape-initial-selector.xml	/root/projects/PartyDeck/artifacts/screenshot-queue-34485033488-34485028785-v1/payload/docs/screenshots/godot-android-adaptive-34485033488/android-adaptive-api36-debug-font-2.0-34485033488-1/godot-adaptive/runtime/captures/2d-landscape-initial-selector.xml	docs/screenshots/godot-android-adaptive-34485033488/android-adaptive-api36-debug-font-2.0-34485033488-1/godot-adaptive/runtime/captures/2d-landscape-initial-selector.xml
d6a1d739caafeb40697b8fc7cfe69a64447df113f985120a9ad671af47a0b89c	9483	/root/projects/PartyDeck/artifacts/evidence-storage/34485033488/android-adaptive-api36-debug-font-2.0-34485033488-1/godot-adaptive/runtime/captures/2d-landscape-initial-selector.json	/root/projects/PartyDeck/artifacts/screenshot-queue-34485033488-34485028785-v1/payload/docs/screenshots/godot-android-adaptive-34485033488/android-adaptive-api36-debug-font-2.0-34485033488-1/godot-adaptive/runtime/captures/2d-landscape-initial-selector.json	docs/screenshots/godot-android-adaptive-34485033488/android-adaptive-api36-debug-font-2.0-34485033488-1/godot-adaptive/runtime/captures/2d-landscape-initial-selector.json
527cd627c92519167b0f16ed5d051d8e8bf6f11375dc6e2da1775133fffae240	56434	/root/projects/PartyDeck/artifacts/evidence-storage/34485033488/android-adaptive-api36-debug-font-2.0-34485033488-1/godot-adaptive/runtime/captures/final-diagnostic.png	/root/projects/PartyDeck/artifacts/screenshot-queue-34485033488-34485028785-v1/payload/docs/screenshots/godot-android-adaptive-34485033488/android-adaptive-api36-debug-font-2.0-34485033488-1/godot-adaptive/runtime/captures/final-diagnostic.png	docs/screenshots/godot-android-adaptive-34485033488/android-adaptive-api36-debug-font-2.0-34485033488-1/godot-adaptive/runtime/captures/final-diagnostic.png
e00ac5115648be821316588f144d208038b745e4f8f9b4706adcb68338e02d65	10713	/root/projects/PartyDeck/artifacts/evidence-storage/34485033488/android-adaptive-api36-debug-font-2.0-34485033488-1/godot-adaptive/runtime/captures/final-diagnostic.xml	/root/projects/PartyDeck/artifacts/screenshot-queue-34485033488-34485028785-v1/payload/docs/screenshots/godot-android-adaptive-34485033488/android-adaptive-api36-debug-font-2.0-34485033488-1/godot-adaptive/runtime/captures/final-diagnostic.xml	docs/screenshots/godot-android-adaptive-34485033488/android-adaptive-api36-debug-font-2.0-34485033488-1/godot-adaptive/runtime/captures/final-diagnostic.xml
bbb2c4d7007d7ea1bc3c54aa7c156b4d82c134a8edaa6c88c9d058b132c8637a	9452	/root/projects/PartyDeck/artifacts/evidence-storage/34485033488/android-adaptive-api36-debug-font-2.0-34485033488-1/godot-adaptive/runtime/captures/final-diagnostic.json	/root/projects/PartyDeck/artifacts/screenshot-queue-34485033488-34485028785-v1/payload/docs/screenshots/godot-android-adaptive-34485033488/android-adaptive-api36-debug-font-2.0-34485033488-1/godot-adaptive/runtime/captures/final-diagnostic.json	docs/screenshots/godot-android-adaptive-34485033488/android-adaptive-api36-debug-font-2.0-34485033488-1/godot-adaptive/runtime/captures/final-diagnostic.json
5e627a3076e6cf6acea277165bf5219492b092de73092efafb99cac44bebffa3	42565	/root/projects/PartyDeck/artifacts/evidence-storage/34485033488/android-adaptive-api36-optimized-test-signed-font-1.0-34485033488-1/godot-adaptive/runtime/godot-adaptive-result.json	/root/projects/PartyDeck/artifacts/screenshot-queue-34485033488-34485028785-v1/payload/docs/screenshots/godot-android-adaptive-34485033488/android-adaptive-api36-optimized-test-signed-font-1.0-34485033488-1/godot-adaptive/runtime/godot-adaptive-result.json	docs/screenshots/godot-android-adaptive-34485033488/android-adaptive-api36-optimized-test-signed-font-1.0-34485033488-1/godot-adaptive/runtime/godot-adaptive-result.json
4fa53194cd8b5dea3f6144fe7e5d4a48b7a461c0f0f0477d671af7bdf6828dcf	132067	/root/projects/PartyDeck/artifacts/evidence-storage/34485033488/android-adaptive-api36-optimized-test-signed-font-1.0-34485033488-1/godot-adaptive/runtime/captures/home-cold.png	/root/projects/PartyDeck/artifacts/screenshot-queue-34485033488-34485028785-v1/payload/docs/screenshots/godot-android-adaptive-34485033488/android-adaptive-api36-optimized-test-signed-font-1.0-34485033488-1/godot-adaptive/runtime/captures/home-cold.png	docs/screenshots/godot-android-adaptive-34485033488/android-adaptive-api36-optimized-test-signed-font-1.0-34485033488-1/godot-adaptive/runtime/captures/home-cold.png
8f76d1c98776dfc37ca9fe83409a4ad9a7a4479818852377943144b94945c002	13534	/root/projects/PartyDeck/artifacts/evidence-storage/34485033488/android-adaptive-api36-optimized-test-signed-font-1.0-34485033488-1/godot-adaptive/runtime/captures/home-cold.xml	/root/projects/PartyDeck/artifacts/screenshot-queue-34485033488-34485028785-v1/payload/docs/screenshots/godot-android-adaptive-34485033488/android-adaptive-api36-optimized-test-signed-font-1.0-34485033488-1/godot-adaptive/runtime/captures/home-cold.xml	docs/screenshots/godot-android-adaptive-34485033488/android-adaptive-api36-optimized-test-signed-font-1.0-34485033488-1/godot-adaptive/runtime/captures/home-cold.xml
1942d17b7495eafed7255baaf12a2f022ca362974647ee150e0641abc57e6400	9418	/root/projects/PartyDeck/artifacts/evidence-storage/34485033488/android-adaptive-api36-optimized-test-signed-font-1.0-34485033488-1/godot-adaptive/runtime/captures/home-cold.json	/root/projects/PartyDeck/artifacts/screenshot-queue-34485033488-34485028785-v1/payload/docs/screenshots/godot-android-adaptive-34485033488/android-adaptive-api36-optimized-test-signed-font-1.0-34485033488-1/godot-adaptive/runtime/captures/home-cold.json	docs/screenshots/godot-android-adaptive-34485033488/android-adaptive-api36-optimized-test-signed-font-1.0-34485033488-1/godot-adaptive/runtime/captures/home-cold.json
c87b6b8459bf27ac6a29b30b7801711db9a1934cc3fcf9d5971b1eea60424b21	100790	/root/projects/PartyDeck/artifacts/evidence-storage/34485033488/android-adaptive-api36-optimized-test-signed-font-1.0-34485033488-1/godot-adaptive/runtime/captures/final-diagnostic.png	/root/projects/PartyDeck/artifacts/screenshot-queue-34485033488-34485028785-v1/payload/docs/screenshots/godot-android-adaptive-34485033488/android-adaptive-api36-optimized-test-signed-font-1.0-34485033488-1/godot-adaptive/runtime/captures/final-diagnostic.png	docs/screenshots/godot-android-adaptive-34485033488/android-adaptive-api36-optimized-test-signed-font-1.0-34485033488-1/godot-adaptive/runtime/captures/final-diagnostic.png
f6349943d95f06b2383bb4e9205ca7347a420497033c9da26d5f11e0a60d0f40	17170	/root/projects/PartyDeck/artifacts/evidence-storage/34485033488/android-adaptive-api36-optimized-test-signed-font-1.0-34485033488-1/godot-adaptive/runtime/captures/final-diagnostic.xml	/root/projects/PartyDeck/artifacts/screenshot-queue-34485033488-34485028785-v1/payload/docs/screenshots/godot-android-adaptive-34485033488/android-adaptive-api36-optimized-test-signed-font-1.0-34485033488-1/godot-adaptive/runtime/captures/final-diagnostic.xml	docs/screenshots/godot-android-adaptive-34485033488/android-adaptive-api36-optimized-test-signed-font-1.0-34485033488-1/godot-adaptive/runtime/captures/final-diagnostic.xml
215df7984c51b936c550b8cbd5fc2ec440e0f9e83bded878ca7495efdc203152	9452	/root/projects/PartyDeck/artifacts/evidence-storage/34485033488/android-adaptive-api36-optimized-test-signed-font-1.0-34485033488-1/godot-adaptive/runtime/captures/final-diagnostic.json	/root/projects/PartyDeck/artifacts/screenshot-queue-34485033488-34485028785-v1/payload/docs/screenshots/godot-android-adaptive-34485033488/android-adaptive-api36-optimized-test-signed-font-1.0-34485033488-1/godot-adaptive/runtime/captures/final-diagnostic.json	docs/screenshots/godot-android-adaptive-34485033488/android-adaptive-api36-optimized-test-signed-font-1.0-34485033488-1/godot-adaptive/runtime/captures/final-diagnostic.json
1601f32172a7dd6ac6d9a5c4529b68e05b7503402f0299e32e00a7cd723edccb	239894	/root/projects/PartyDeck/artifacts/evidence-storage/34485033488/android-adaptive-api36-optimized-test-signed-font-2.0-34485033488-1/godot-adaptive/runtime/godot-adaptive-result.json	/root/projects/PartyDeck/artifacts/screenshot-queue-34485033488-34485028785-v1/payload/docs/screenshots/godot-android-adaptive-34485033488/android-adaptive-api36-optimized-test-signed-font-2.0-34485033488-1/godot-adaptive/runtime/godot-adaptive-result.json	docs/screenshots/godot-android-adaptive-34485033488/android-adaptive-api36-optimized-test-signed-font-2.0-34485033488-1/godot-adaptive/runtime/godot-adaptive-result.json
0da9e750c8651e8aab8bd720cd2381dbe9b90373ee234bc893967b2499f3f053	80058	/root/projects/PartyDeck/artifacts/evidence-storage/34485033488/android-adaptive-api36-optimized-test-signed-font-2.0-34485033488-1/godot-adaptive/runtime/captures/home-cold.png	/root/projects/PartyDeck/artifacts/screenshot-queue-34485033488-34485028785-v1/payload/docs/screenshots/godot-android-adaptive-34485033488/android-adaptive-api36-optimized-test-signed-font-2.0-34485033488-1/godot-adaptive/runtime/captures/home-cold.png	docs/screenshots/godot-android-adaptive-34485033488/android-adaptive-api36-optimized-test-signed-font-2.0-34485033488-1/godot-adaptive/runtime/captures/home-cold.png
440917bfc492bb12499b0d037d85c42a576db2570e2c4a38c8a9bcf74b20886e	9316	/root/projects/PartyDeck/artifacts/evidence-storage/34485033488/android-adaptive-api36-optimized-test-signed-font-2.0-34485033488-1/godot-adaptive/runtime/captures/home-cold.xml	/root/projects/PartyDeck/artifacts/screenshot-queue-34485033488-34485028785-v1/payload/docs/screenshots/godot-android-adaptive-34485033488/android-adaptive-api36-optimized-test-signed-font-2.0-34485033488-1/godot-adaptive/runtime/captures/home-cold.xml	docs/screenshots/godot-android-adaptive-34485033488/android-adaptive-api36-optimized-test-signed-font-2.0-34485033488-1/godot-adaptive/runtime/captures/home-cold.xml
efb8d2fc1aae09b3ce75ba1e0cbd1ae618baf88948d8ab455875a3abbdd52ddd	9418	/root/projects/PartyDeck/artifacts/evidence-storage/34485033488/android-adaptive-api36-optimized-test-signed-font-2.0-34485033488-1/godot-adaptive/runtime/captures/home-cold.json	/root/projects/PartyDeck/artifacts/screenshot-queue-34485033488-34485028785-v1/payload/docs/screenshots/godot-android-adaptive-34485033488/android-adaptive-api36-optimized-test-signed-font-2.0-34485033488-1/godot-adaptive/runtime/captures/home-cold.json	docs/screenshots/godot-android-adaptive-34485033488/android-adaptive-api36-optimized-test-signed-font-2.0-34485033488-1/godot-adaptive/runtime/captures/home-cold.json
1e7c5b0ccc4640a82b0f85e3c96aa80d29f30badcb751f138aae4c2ebef9e0b5	74637	/root/projects/PartyDeck/artifacts/evidence-storage/34485033488/android-adaptive-api36-optimized-test-signed-font-2.0-34485033488-1/godot-adaptive/runtime/captures/2d-landscape-baseline-public.png	/root/projects/PartyDeck/artifacts/screenshot-queue-34485033488-34485028785-v1/payload/docs/screenshots/godot-android-adaptive-34485033488/android-adaptive-api36-optimized-test-signed-font-2.0-34485033488-1/godot-adaptive/runtime/captures/2d-landscape-baseline-public.png	docs/screenshots/godot-android-adaptive-34485033488/android-adaptive-api36-optimized-test-signed-font-2.0-34485033488-1/godot-adaptive/runtime/captures/2d-landscape-baseline-public.png
7a8d1fa8c7aeeb525e8b8171bb46606c70655c1d35aa3dd15944456e2a0a95de	9998	/root/projects/PartyDeck/artifacts/evidence-storage/34485033488/android-adaptive-api36-optimized-test-signed-font-2.0-34485033488-1/godot-adaptive/runtime/captures/2d-landscape-baseline-public.xml	/root/projects/PartyDeck/artifacts/screenshot-queue-34485033488-34485028785-v1/payload/docs/screenshots/godot-android-adaptive-34485033488/android-adaptive-api36-optimized-test-signed-font-2.0-34485033488-1/godot-adaptive/runtime/captures/2d-landscape-baseline-public.xml	docs/screenshots/godot-android-adaptive-34485033488/android-adaptive-api36-optimized-test-signed-font-2.0-34485033488-1/godot-adaptive/runtime/captures/2d-landscape-baseline-public.xml
f033a5dbe233e485f9e5aad5e5f49d8a9f06e5c94aed15e1326fdc5480e8bbfe	9488	/root/projects/PartyDeck/artifacts/evidence-storage/34485033488/android-adaptive-api36-optimized-test-signed-font-2.0-34485033488-1/godot-adaptive/runtime/captures/2d-landscape-baseline-public.json	/root/projects/PartyDeck/artifacts/screenshot-queue-34485033488-34485028785-v1/payload/docs/screenshots/godot-android-adaptive-34485033488/android-adaptive-api36-optimized-test-signed-font-2.0-34485033488-1/godot-adaptive/runtime/captures/2d-landscape-baseline-public.json	docs/screenshots/godot-android-adaptive-34485033488/android-adaptive-api36-optimized-test-signed-font-2.0-34485033488-1/godot-adaptive/runtime/captures/2d-landscape-baseline-public.json
65caf50dba5e429e9febe2f14aa50194c7343deecf49ef0ec691cf5e4dd098b6	47307	/root/projects/PartyDeck/artifacts/evidence-storage/34485033488/android-adaptive-api36-optimized-test-signed-font-2.0-34485033488-1/godot-adaptive/runtime/captures/2d-landscape-baseline-first-card.png	/root/projects/PartyDeck/artifacts/screenshot-queue-34485033488-34485028785-v1/payload/docs/screenshots/godot-android-adaptive-34485033488/android-adaptive-api36-optimized-test-signed-font-2.0-34485033488-1/godot-adaptive/runtime/captures/2d-landscape-baseline-first-card.png	docs/screenshots/godot-android-adaptive-34485033488/android-adaptive-api36-optimized-test-signed-font-2.0-34485033488-1/godot-adaptive/runtime/captures/2d-landscape-baseline-first-card.png
b860313cc4a70624eec2fe555c60ed3f9db69fddc3cea182c55be09090cad476	13116	/root/projects/PartyDeck/artifacts/evidence-storage/34485033488/android-adaptive-api36-optimized-test-signed-font-2.0-34485033488-1/godot-adaptive/runtime/captures/2d-landscape-baseline-first-card.xml	/root/projects/PartyDeck/artifacts/screenshot-queue-34485033488-34485028785-v1/payload/docs/screenshots/godot-android-adaptive-34485033488/android-adaptive-api36-optimized-test-signed-font-2.0-34485033488-1/godot-adaptive/runtime/captures/2d-landscape-baseline-first-card.xml	docs/screenshots/godot-android-adaptive-34485033488/android-adaptive-api36-optimized-test-signed-font-2.0-34485033488-1/godot-adaptive/runtime/captures/2d-landscape-baseline-first-card.xml
c9016bd40ae15e684ae46497db6274961e5d7e10c022ab956c11fbeae81be39b	9500	/root/projects/PartyDeck/artifacts/evidence-storage/34485033488/android-adaptive-api36-optimized-test-signed-font-2.0-34485033488-1/godot-adaptive/runtime/captures/2d-landscape-baseline-first-card.json	/root/projects/PartyDeck/artifacts/screenshot-queue-34485033488-34485028785-v1/payload/docs/screenshots/godot-android-adaptive-34485033488/android-adaptive-api36-optimized-test-signed-font-2.0-34485033488-1/godot-adaptive/runtime/captures/2d-landscape-baseline-first-card.json	docs/screenshots/godot-android-adaptive-34485033488/android-adaptive-api36-optimized-test-signed-font-2.0-34485033488-1/godot-adaptive/runtime/captures/2d-landscape-baseline-first-card.json
8cd453e1c1a2f956fe926d5d342be1ffc0d72b5ea57d224fbb2b2ec263223edc	52590	/root/projects/PartyDeck/artifacts/evidence-storage/34485033488/android-adaptive-api36-optimized-test-signed-font-2.0-34485033488-1/godot-adaptive/runtime/captures/2d-landscape-baseline-selected.png	/root/projects/PartyDeck/artifacts/screenshot-queue-34485033488-34485028785-v1/payload/docs/screenshots/godot-android-adaptive-34485033488/android-adaptive-api36-optimized-test-signed-font-2.0-34485033488-1/godot-adaptive/runtime/captures/2d-landscape-baseline-selected.png	docs/screenshots/godot-android-adaptive-34485033488/android-adaptive-api36-optimized-test-signed-font-2.0-34485033488-1/godot-adaptive/runtime/captures/2d-landscape-baseline-selected.png
ab721f44873b812b76cf1dcd191fc08b3bc66121d15eb0e7224a979e10024c02	11737	/root/projects/PartyDeck/artifacts/evidence-storage/34485033488/android-adaptive-api36-optimized-test-signed-font-2.0-34485033488-1/godot-adaptive/runtime/captures/2d-landscape-baseline-selected.xml	/root/projects/PartyDeck/artifacts/screenshot-queue-34485033488-34485028785-v1/payload/docs/screenshots/godot-android-adaptive-34485033488/android-adaptive-api36-optimized-test-signed-font-2.0-34485033488-1/godot-adaptive/runtime/captures/2d-landscape-baseline-selected.xml	docs/screenshots/godot-android-adaptive-34485033488/android-adaptive-api36-optimized-test-signed-font-2.0-34485033488-1/godot-adaptive/runtime/captures/2d-landscape-baseline-selected.xml
0ff8bfabf54b63364c350f382e6e358beb8a7d4b760050b80ffaea61201c7e56	9494	/root/projects/PartyDeck/artifacts/evidence-storage/34485033488/android-adaptive-api36-optimized-test-signed-font-2.0-34485033488-1/godot-adaptive/runtime/captures/2d-landscape-baseline-selected.json	/root/projects/PartyDeck/artifacts/screenshot-queue-34485033488-34485028785-v1/payload/docs/screenshots/godot-android-adaptive-34485033488/android-adaptive-api36-optimized-test-signed-font-2.0-34485033488-1/godot-adaptive/runtime/captures/2d-landscape-baseline-selected.json	docs/screenshots/godot-android-adaptive-34485033488/android-adaptive-api36-optimized-test-signed-font-2.0-34485033488-1/godot-adaptive/runtime/captures/2d-landscape-baseline-selected.json
cad3b6bad696d5175a06ba4c66f26938c0d5ee1ab9d86f4e1cf669ce149d559a	48162	/root/projects/PartyDeck/artifacts/evidence-storage/34485033488/android-adaptive-api36-optimized-test-signed-font-2.0-34485033488-1/godot-adaptive/runtime/captures/2d-landscape-initial-selector.png	/root/projects/PartyDeck/artifacts/screenshot-queue-34485033488-34485028785-v1/payload/docs/screenshots/godot-android-adaptive-34485033488/android-adaptive-api36-optimized-test-signed-font-2.0-34485033488-1/godot-adaptive/runtime/captures/2d-landscape-initial-selector.png	docs/screenshots/godot-android-adaptive-34485033488/android-adaptive-api36-optimized-test-signed-font-2.0-34485033488-1/godot-adaptive/runtime/captures/2d-landscape-initial-selector.png
875831dcaa69611dddf64ea89a55236b9eb852b76b93af64c90bdb8d9458a3f7	8628	/root/projects/PartyDeck/artifacts/evidence-storage/34485033488/android-adaptive-api36-optimized-test-signed-font-2.0-34485033488-1/godot-adaptive/runtime/captures/2d-landscape-initial-selector.xml	/root/projects/PartyDeck/artifacts/screenshot-queue-34485033488-34485028785-v1/payload/docs/screenshots/godot-android-adaptive-34485033488/android-adaptive-api36-optimized-test-signed-font-2.0-34485033488-1/godot-adaptive/runtime/captures/2d-landscape-initial-selector.xml	docs/screenshots/godot-android-adaptive-34485033488/android-adaptive-api36-optimized-test-signed-font-2.0-34485033488-1/godot-adaptive/runtime/captures/2d-landscape-initial-selector.xml
d95685bc197582e00f9b749a1dd0721cb5e725cc9a9d04be4ea55218220c485f	9491	/root/projects/PartyDeck/artifacts/evidence-storage/34485033488/android-adaptive-api36-optimized-test-signed-font-2.0-34485033488-1/godot-adaptive/runtime/captures/2d-landscape-initial-selector.json	/root/projects/PartyDeck/artifacts/screenshot-queue-34485033488-34485028785-v1/payload/docs/screenshots/godot-android-adaptive-34485033488/android-adaptive-api36-optimized-test-signed-font-2.0-34485033488-1/godot-adaptive/runtime/captures/2d-landscape-initial-selector.json	docs/screenshots/godot-android-adaptive-34485033488/android-adaptive-api36-optimized-test-signed-font-2.0-34485033488-1/godot-adaptive/runtime/captures/2d-landscape-initial-selector.json
c5aa40065f54454ef7ae730f136613b3dbfa5a0e75d12c971f73c1d9697632a8	57400	/root/projects/PartyDeck/artifacts/evidence-storage/34485033488/android-adaptive-api36-optimized-test-signed-font-2.0-34485033488-1/godot-adaptive/runtime/captures/final-diagnostic.png	/root/projects/PartyDeck/artifacts/screenshot-queue-34485033488-34485028785-v1/payload/docs/screenshots/godot-android-adaptive-34485033488/android-adaptive-api36-optimized-test-signed-font-2.0-34485033488-1/godot-adaptive/runtime/captures/final-diagnostic.png	docs/screenshots/godot-android-adaptive-34485033488/android-adaptive-api36-optimized-test-signed-font-2.0-34485033488-1/godot-adaptive/runtime/captures/final-diagnostic.png
3c0cd32dfe9e1f282347d2d24aa7a24cfb979d82abd2cba3bc4079c49b9001e0	11390	/root/projects/PartyDeck/artifacts/evidence-storage/34485033488/android-adaptive-api36-optimized-test-signed-font-2.0-34485033488-1/godot-adaptive/runtime/captures/final-diagnostic.xml	/root/projects/PartyDeck/artifacts/screenshot-queue-34485033488-34485028785-v1/payload/docs/screenshots/godot-android-adaptive-34485033488/android-adaptive-api36-optimized-test-signed-font-2.0-34485033488-1/godot-adaptive/runtime/captures/final-diagnostic.xml	docs/screenshots/godot-android-adaptive-34485033488/android-adaptive-api36-optimized-test-signed-font-2.0-34485033488-1/godot-adaptive/runtime/captures/final-diagnostic.xml
97b2cbbf314f80c9b40b6b23034895f2533f44233f1417576cb76fa63771725c	9452	/root/projects/PartyDeck/artifacts/evidence-storage/34485033488/android-adaptive-api36-optimized-test-signed-font-2.0-34485033488-1/godot-adaptive/runtime/captures/final-diagnostic.json	/root/projects/PartyDeck/artifacts/screenshot-queue-34485033488-34485028785-v1/payload/docs/screenshots/godot-android-adaptive-34485033488/android-adaptive-api36-optimized-test-signed-font-2.0-34485033488-1/godot-adaptive/runtime/captures/final-diagnostic.json	docs/screenshots/godot-android-adaptive-34485033488/android-adaptive-api36-optimized-test-signed-font-2.0-34485033488-1/godot-adaptive/runtime/captures/final-diagnostic.json
f1a6e08dc085e6530f0a1229f899424de164a97c07e1736d2d93652dbb4f7672	10104	/root/projects/PartyDeck/artifacts/evidence-storage/34485033488/evidence-freeze.json	/root/projects/PartyDeck/artifacts/screenshot-queue-34485033488-34485028785-v1/payload/docs/screenshots/godot-android-adaptive-34485033488/provenance/evidence-freeze.json	docs/screenshots/godot-android-adaptive-34485033488/provenance/evidence-freeze.json
b99566fd5c2f84b0463703e9f0cb294b3fb0a93c4f9377db381f301f8ea0da37	2797	/root/projects/PartyDeck/artifacts/evidence-storage/34485033488/RESULT.md	/root/projects/PartyDeck/artifacts/screenshot-queue-34485033488-34485028785-v1/payload/docs/screenshots/godot-android-adaptive-34485033488/provenance/RESULT.md	docs/screenshots/godot-android-adaptive-34485033488/provenance/RESULT.md
cf0efe92d43d94a77a4a2c90ddc4f0b720d167259d9ca3f9648f07f0df7fe582	1622	/root/projects/PartyDeck/artifacts/evidence-storage/34485033488/audit-v1/audit-result.json	/root/projects/PartyDeck/artifacts/screenshot-queue-34485033488-34485028785-v1/payload/docs/screenshots/godot-android-adaptive-34485033488/provenance/audit-result.json	docs/screenshots/godot-android-adaptive-34485033488/provenance/audit-result.json
5e06498e96c490a314e52998d6165ed751fee14ace310bcf9741a08dbfc51dca	1025	/root/projects/PartyDeck/artifacts/evidence-storage/34485033488/audit-v1/case-audit-result.json	/root/projects/PartyDeck/artifacts/screenshot-queue-34485033488-34485028785-v1/payload/docs/screenshots/godot-android-adaptive-34485033488/provenance/case-audit-result.json	docs/screenshots/godot-android-adaptive-34485033488/provenance/case-audit-result.json
3e165f55de05f82fe9e83a7cd60ee5a849548006c31bc21967d434ff9d77ef6f	1969	/root/projects/PartyDeck/artifacts/evidence-storage/34485033488/audit-v1/still-review.json	/root/projects/PartyDeck/artifacts/screenshot-queue-34485033488-34485028785-v1/payload/docs/screenshots/godot-android-adaptive-34485033488/provenance/still-review.json	docs/screenshots/godot-android-adaptive-34485033488/provenance/still-review.json
54f646322dadd3aaa472ed48ef96762c16c2e1dada53231c85493813bda4e9e2	164362	/root/projects/PartyDeck/artifacts/evidence-storage/34485033488/audit-v1/debug-font-1.0-original-stills-overview.png	/root/projects/PartyDeck/artifacts/screenshot-queue-34485033488-34485028785-v1/payload/docs/screenshots/supplemental/android-adaptive-34485033488-review-sheets/debug-font-1.0-original-stills-overview.png	docs/screenshots/supplemental/android-adaptive-34485033488-review-sheets/debug-font-1.0-original-stills-overview.png
6ce1a929cb4f7e34c3855ca589d909b2b52393ad7f34fafc5b7e508aca873a11	275402	/root/projects/PartyDeck/artifacts/evidence-storage/34485033488/audit-v1/debug-font-2.0-original-stills-overview.png	/root/projects/PartyDeck/artifacts/screenshot-queue-34485033488-34485028785-v1/payload/docs/screenshots/supplemental/android-adaptive-34485033488-review-sheets/debug-font-2.0-original-stills-overview.png	docs/screenshots/supplemental/android-adaptive-34485033488-review-sheets/debug-font-2.0-original-stills-overview.png
215dab2aec39820f2569f93bfbd41f64216ec4cf9c7aade9dbf4b8e28f110e12	169188	/root/projects/PartyDeck/artifacts/evidence-storage/34485033488/audit-v1/optimized-test-signed-font-1.0-original-stills-overview.png	/root/projects/PartyDeck/artifacts/screenshot-queue-34485033488-34485028785-v1/payload/docs/screenshots/supplemental/android-adaptive-34485033488-review-sheets/optimized-test-signed-font-1.0-original-stills-overview.png	docs/screenshots/supplemental/android-adaptive-34485033488-review-sheets/optimized-test-signed-font-1.0-original-stills-overview.png
3dd88637fae6f4abfda497f5d09fcbc6392e0845c106899ad9acbf9a6fb6fa71	286805	/root/projects/PartyDeck/artifacts/evidence-storage/34485033488/audit-v1/optimized-test-signed-font-2.0-original-stills-overview.png	/root/projects/PartyDeck/artifacts/screenshot-queue-34485033488-34485028785-v1/payload/docs/screenshots/supplemental/android-adaptive-34485033488-review-sheets/optimized-test-signed-font-2.0-original-stills-overview.png	docs/screenshots/supplemental/android-adaptive-34485033488-review-sheets/optimized-test-signed-font-2.0-original-stills-overview.png
0da87c7e4a5cd6370369bd276a753ab89bf4e27b4f1f873f71f58c5b8ce78c4f	15307	/root/projects/PartyDeck/artifacts/evidence-storage/34485033488/audit-v1/still-overviews.json	/root/projects/PartyDeck/artifacts/screenshot-queue-34485033488-34485028785-v1/payload/docs/screenshots/supplemental/android-adaptive-34485033488-review-sheets/still-overviews.json	docs/screenshots/supplemental/android-adaptive-34485033488-review-sheets/still-overviews.json
f75227436db6818b8e376d64e7f1d22d53d75b9c632210f3a6d6cad9d26ae63a	7092	/root/projects/PartyDeck/artifacts/evidence-storage/34485028785/android-jvm-reports/build/ci/android/debug/smoke-result.json	/root/projects/PartyDeck/artifacts/screenshot-queue-34485033488-34485028785-v1/payload/docs/screenshots/android-34485028785/debug/smoke-result.json	docs/screenshots/android-34485028785/debug/smoke-result.json
19fbfad8d0d5b93b9ee06d5edc246d2a3967e90bec62ed63bfd63020b0671c7c	129561	/root/projects/PartyDeck/artifacts/evidence-storage/34485028785/android-jvm-reports/build/ci/android/debug/home.png	/root/projects/PartyDeck/artifacts/screenshot-queue-34485033488-34485028785-v1/payload/docs/screenshots/android-34485028785/debug/home.png	docs/screenshots/android-34485028785/debug/home.png
035b6df440c5a044f9cfc89bc6626f754d004d33bc190a8323bf905a7b3cdc8e	12578	/root/projects/PartyDeck/artifacts/evidence-storage/34485028785/android-jvm-reports/build/ci/android/debug/home.xml	/root/projects/PartyDeck/artifacts/screenshot-queue-34485033488-34485028785-v1/payload/docs/screenshots/android-34485028785/debug/home.xml	docs/screenshots/android-34485028785/debug/home.xml
f653c9b7e52c935e1993adeb056a6fb613b32572d0254b3486d36245adf059b1	148019	/root/projects/PartyDeck/artifacts/evidence-storage/34485028785/android-jvm-reports/build/ci/android/debug/rules-intro.png	/root/projects/PartyDeck/artifacts/screenshot-queue-34485033488-34485028785-v1/payload/docs/screenshots/android-34485028785/debug/rules-intro.png	docs/screenshots/android-34485028785/debug/rules-intro.png
ec4426cab9208f499326e969e9f0649747734465a687ed6c58bece34f7474919	10503	/root/projects/PartyDeck/artifacts/evidence-storage/34485028785/android-jvm-reports/build/ci/android/debug/rules-intro.xml	/root/projects/PartyDeck/artifacts/screenshot-queue-34485033488-34485028785-v1/payload/docs/screenshots/android-34485028785/debug/rules-intro.xml	docs/screenshots/android-34485028785/debug/rules-intro.xml
014fb3d0da6f3f8ca679ffd0f99a3d0f49bff0797fe120ccd7337ec9bca19057	140860	/root/projects/PartyDeck/artifacts/evidence-storage/34485028785/android-jvm-reports/build/ci/android/debug/rules-last-step.png	/root/projects/PartyDeck/artifacts/screenshot-queue-34485033488-34485028785-v1/payload/docs/screenshots/android-34485028785/debug/rules-last-step.png	docs/screenshots/android-34485028785/debug/rules-last-step.png
dbc9855d98dbc4a19d728b41e4d008756fde7923af3ae327ace03b5b636276f1	9888	/root/projects/PartyDeck/artifacts/evidence-storage/34485028785/android-jvm-reports/build/ci/android/debug/rules-last-step.xml	/root/projects/PartyDeck/artifacts/screenshot-queue-34485033488-34485028785-v1/payload/docs/screenshots/android-34485028785/debug/rules-last-step.xml	docs/screenshots/android-34485028785/debug/rules-last-step.xml
014fb3d0da6f3f8ca679ffd0f99a3d0f49bff0797fe120ccd7337ec9bca19057	140860	/root/projects/PartyDeck/artifacts/evidence-storage/34485028785/android-jvm-reports/build/ci/android/debug/rules-practice-action.png	/root/projects/PartyDeck/artifacts/screenshot-queue-34485033488-34485028785-v1/payload/docs/screenshots/android-34485028785/debug/rules-practice-action.png	docs/screenshots/android-34485028785/debug/rules-practice-action.png
dbc9855d98dbc4a19d728b41e4d008756fde7923af3ae327ace03b5b636276f1	9888	/root/projects/PartyDeck/artifacts/evidence-storage/34485028785/android-jvm-reports/build/ci/android/debug/rules-practice-action.xml	/root/projects/PartyDeck/artifacts/screenshot-queue-34485033488-34485028785-v1/payload/docs/screenshots/android-34485028785/debug/rules-practice-action.xml	docs/screenshots/android-34485028785/debug/rules-practice-action.xml
4d02e9eeca3519cefb72e6e8e72dbfa2f4d5a549433623a5ff6c96defbca2ceb	105815	/root/projects/PartyDeck/artifacts/evidence-storage/34485028785/android-jvm-reports/build/ci/android/debug/rules-practice-entered.png	/root/projects/PartyDeck/artifacts/screenshot-queue-34485033488-34485028785-v1/payload/docs/screenshots/android-34485028785/debug/rules-practice-entered.png	docs/screenshots/android-34485028785/debug/rules-practice-entered.png
0ddaff96d09a385388e4c8203f8f3cc95523a2a05f4cb2e4626ec27acd45c033	15628	/root/projects/PartyDeck/artifacts/evidence-storage/34485028785/android-jvm-reports/build/ci/android/debug/rules-practice-entered.xml	/root/projects/PartyDeck/artifacts/screenshot-queue-34485033488-34485028785-v1/payload/docs/screenshots/android-34485028785/debug/rules-practice-entered.xml	docs/screenshots/android-34485028785/debug/rules-practice-entered.xml
19fbfad8d0d5b93b9ee06d5edc246d2a3967e90bec62ed63bfd63020b0671c7c	129561	/root/projects/PartyDeck/artifacts/evidence-storage/34485028785/android-jvm-reports/build/ci/android/debug/rules-returned-home.png	/root/projects/PartyDeck/artifacts/screenshot-queue-34485033488-34485028785-v1/payload/docs/screenshots/android-34485028785/debug/rules-returned-home.png	docs/screenshots/android-34485028785/debug/rules-returned-home.png
035b6df440c5a044f9cfc89bc6626f754d004d33bc190a8323bf905a7b3cdc8e	12578	/root/projects/PartyDeck/artifacts/evidence-storage/34485028785/android-jvm-reports/build/ci/android/debug/rules-returned-home.xml	/root/projects/PartyDeck/artifacts/screenshot-queue-34485033488-34485028785-v1/payload/docs/screenshots/android-34485028785/debug/rules-returned-home.xml	docs/screenshots/android-34485028785/debug/rules-returned-home.xml
312d72f0b7e2f74c2181dddfa0bdca4b2de0dc5c886248d53f07ce4de824aeb1	116803	/root/projects/PartyDeck/artifacts/evidence-storage/34485028785/android-jvm-reports/build/ci/android/debug/settings-changed.png	/root/projects/PartyDeck/artifacts/screenshot-queue-34485033488-34485028785-v1/payload/docs/screenshots/android-34485028785/debug/settings-changed.png	docs/screenshots/android-34485028785/debug/settings-changed.png
1fa25e44dcea814ed6788e8d2e9f6db220b37da6104146947b5c12675be1c109	13214	/root/projects/PartyDeck/artifacts/evidence-storage/34485028785/android-jvm-reports/build/ci/android/debug/settings-changed.xml	/root/projects/PartyDeck/artifacts/screenshot-queue-34485033488-34485028785-v1/payload/docs/screenshots/android-34485028785/debug/settings-changed.xml	docs/screenshots/android-34485028785/debug/settings-changed.xml
19fbfad8d0d5b93b9ee06d5edc246d2a3967e90bec62ed63bfd63020b0671c7c	129561	/root/projects/PartyDeck/artifacts/evidence-storage/34485028785/android-jvm-reports/build/ci/android/debug/settings-return-home.png	/root/projects/PartyDeck/artifacts/screenshot-queue-34485033488-34485028785-v1/payload/docs/screenshots/android-34485028785/debug/settings-return-home.png	docs/screenshots/android-34485028785/debug/settings-return-home.png
035b6df440c5a044f9cfc89bc6626f754d004d33bc190a8323bf905a7b3cdc8e	12578	/root/projects/PartyDeck/artifacts/evidence-storage/34485028785/android-jvm-reports/build/ci/android/debug/settings-return-home.xml	/root/projects/PartyDeck/artifacts/screenshot-queue-34485033488-34485028785-v1/payload/docs/screenshots/android-34485028785/debug/settings-return-home.xml	docs/screenshots/android-34485028785/debug/settings-return-home.xml
312d72f0b7e2f74c2181dddfa0bdca4b2de0dc5c886248d53f07ce4de824aeb1	116803	/root/projects/PartyDeck/artifacts/evidence-storage/34485028785/android-jvm-reports/build/ci/android/debug/settings-persisted.png	/root/projects/PartyDeck/artifacts/screenshot-queue-34485033488-34485028785-v1/payload/docs/screenshots/android-34485028785/debug/settings-persisted.png	docs/screenshots/android-34485028785/debug/settings-persisted.png
1fa25e44dcea814ed6788e8d2e9f6db220b37da6104146947b5c12675be1c109	13214	/root/projects/PartyDeck/artifacts/evidence-storage/34485028785/android-jvm-reports/build/ci/android/debug/settings-persisted.xml	/root/projects/PartyDeck/artifacts/screenshot-queue-34485033488-34485028785-v1/payload/docs/screenshots/android-34485028785/debug/settings-persisted.xml	docs/screenshots/android-34485028785/debug/settings-persisted.xml
637790ee9ed044a00b2c8c150cb80416214474302177d2b4dd55aa23b55910e3	126435	/root/projects/PartyDeck/artifacts/evidence-storage/34485028785/android-jvm-reports/build/ci/android/debug/practice-concealed.png	/root/projects/PartyDeck/artifacts/screenshot-queue-34485033488-34485028785-v1/payload/docs/screenshots/android-34485028785/debug/practice-concealed.png	docs/screenshots/android-34485028785/debug/practice-concealed.png
41e8ee74199925056e971d425c96263fd7501e3f4843a93021b5ffa4a63c7d5d	17932	/root/projects/PartyDeck/artifacts/evidence-storage/34485028785/android-jvm-reports/build/ci/android/debug/practice-concealed.xml	/root/projects/PartyDeck/artifacts/screenshot-queue-34485033488-34485028785-v1/payload/docs/screenshots/android-34485028785/debug/practice-concealed.xml	docs/screenshots/android-34485028785/debug/practice-concealed.xml
1c054da0dae2869a04b77a2d70b3742f3a2d95d8b0f8a71167f44dec916ef31c	122812	/root/projects/PartyDeck/artifacts/evidence-storage/34485028785/android-jvm-reports/build/ci/android/debug/practice-selected.png	/root/projects/PartyDeck/artifacts/screenshot-queue-34485033488-34485028785-v1/payload/docs/screenshots/android-34485028785/debug/practice-selected.png	docs/screenshots/android-34485028785/debug/practice-selected.png
1b5dbfaff1a53f57483235abc780b30f370de5af66c42b8e143c4174ddaf7c0b	23137	/root/projects/PartyDeck/artifacts/evidence-storage/34485028785/android-jvm-reports/build/ci/android/debug/practice-selected.xml	/root/projects/PartyDeck/artifacts/screenshot-queue-34485033488-34485028785-v1/payload/docs/screenshots/android-34485028785/debug/practice-selected.xml	docs/screenshots/android-34485028785/debug/practice-selected.xml
637790ee9ed044a00b2c8c150cb80416214474302177d2b4dd55aa23b55910e3	126435	/root/projects/PartyDeck/artifacts/evidence-storage/34485028785/android-jvm-reports/build/ci/android/debug/practice-resumed-concealed.png	/root/projects/PartyDeck/artifacts/screenshot-queue-34485033488-34485028785-v1/payload/docs/screenshots/android-34485028785/debug/practice-resumed-concealed.png	docs/screenshots/android-34485028785/debug/practice-resumed-concealed.png
41e8ee74199925056e971d425c96263fd7501e3f4843a93021b5ffa4a63c7d5d	17932	/root/projects/PartyDeck/artifacts/evidence-storage/34485028785/android-jvm-reports/build/ci/android/debug/practice-resumed-concealed.xml	/root/projects/PartyDeck/artifacts/screenshot-queue-34485033488-34485028785-v1/payload/docs/screenshots/android-34485028785/debug/practice-resumed-concealed.xml	docs/screenshots/android-34485028785/debug/practice-resumed-concealed.xml
ff1ad3c29b55fe89a1038c49bde14dd5cae9bba7e94816d6c397cc3c0bb6f4ca	123751	/root/projects/PartyDeck/artifacts/evidence-storage/34485028785/android-jvm-reports/build/ci/android/debug/practice-after-play.png	/root/projects/PartyDeck/artifacts/screenshot-queue-34485033488-34485028785-v1/payload/docs/screenshots/android-34485028785/debug/practice-after-play.png	docs/screenshots/android-34485028785/debug/practice-after-play.png
d7335d895cb2e1cc3062d2f75df52d8413bfba53738aa4fefe38fd9c7db51636	21833	/root/projects/PartyDeck/artifacts/evidence-storage/34485028785/android-jvm-reports/build/ci/android/debug/practice-after-play.xml	/root/projects/PartyDeck/artifacts/screenshot-queue-34485033488-34485028785-v1/payload/docs/screenshots/android-34485028785/debug/practice-after-play.xml	docs/screenshots/android-34485028785/debug/practice-after-play.xml
19fbfad8d0d5b93b9ee06d5edc246d2a3967e90bec62ed63bfd63020b0671c7c	129561	/root/projects/PartyDeck/artifacts/evidence-storage/34485028785/android-jvm-reports/build/ci/android/debug/practice-returned-home.png	/root/projects/PartyDeck/artifacts/screenshot-queue-34485033488-34485028785-v1/payload/docs/screenshots/android-34485028785/debug/practice-returned-home.png	docs/screenshots/android-34485028785/debug/practice-returned-home.png
035b6df440c5a044f9cfc89bc6626f754d004d33bc190a8323bf905a7b3cdc8e	12578	/root/projects/PartyDeck/artifacts/evidence-storage/34485028785/android-jvm-reports/build/ci/android/debug/practice-returned-home.xml	/root/projects/PartyDeck/artifacts/screenshot-queue-34485033488-34485028785-v1/payload/docs/screenshots/android-34485028785/debug/practice-returned-home.xml	docs/screenshots/android-34485028785/debug/practice-returned-home.xml
26ba3084fdb294dd94d7784e1394c842a8b8f5ca7f9d24d92c095c437b5493d2	99104	/root/projects/PartyDeck/artifacts/evidence-storage/34485028785/android-jvm-reports/build/ci/android/debug/host-lobby.png	/root/projects/PartyDeck/artifacts/screenshot-queue-34485033488-34485028785-v1/payload/docs/screenshots/android-34485028785/debug/host-lobby.png	docs/screenshots/android-34485028785/debug/host-lobby.png
93e361128f88d528bbe354f4751816eec0afaaa7c96cb543bfe071fb171b3cb2	12400	/root/projects/PartyDeck/artifacts/evidence-storage/34485028785/android-jvm-reports/build/ci/android/debug/host-lobby.xml	/root/projects/PartyDeck/artifacts/screenshot-queue-34485033488-34485028785-v1/payload/docs/screenshots/android-34485028785/debug/host-lobby.xml	docs/screenshots/android-34485028785/debug/host-lobby.xml
26ba3084fdb294dd94d7784e1394c842a8b8f5ca7f9d24d92c095c437b5493d2	99104	/root/projects/PartyDeck/artifacts/evidence-storage/34485028785/android-jvm-reports/build/ci/android/debug/host-after-share.png	/root/projects/PartyDeck/artifacts/screenshot-queue-34485033488-34485028785-v1/payload/docs/screenshots/android-34485028785/debug/host-after-share.png	docs/screenshots/android-34485028785/debug/host-after-share.png
93e361128f88d528bbe354f4751816eec0afaaa7c96cb543bfe071fb171b3cb2	12400	/root/projects/PartyDeck/artifacts/evidence-storage/34485028785/android-jvm-reports/build/ci/android/debug/host-after-share.xml	/root/projects/PartyDeck/artifacts/screenshot-queue-34485033488-34485028785-v1/payload/docs/screenshots/android-34485028785/debug/host-after-share.xml	docs/screenshots/android-34485028785/debug/host-after-share.xml
19fbfad8d0d5b93b9ee06d5edc246d2a3967e90bec62ed63bfd63020b0671c7c	129561	/root/projects/PartyDeck/artifacts/evidence-storage/34485028785/android-jvm-reports/build/ci/android/debug/host-returned-home.png	/root/projects/PartyDeck/artifacts/screenshot-queue-34485033488-34485028785-v1/payload/docs/screenshots/android-34485028785/debug/host-returned-home.png	docs/screenshots/android-34485028785/debug/host-returned-home.png
035b6df440c5a044f9cfc89bc6626f754d004d33bc190a8323bf905a7b3cdc8e	12578	/root/projects/PartyDeck/artifacts/evidence-storage/34485028785/android-jvm-reports/build/ci/android/debug/host-returned-home.xml	/root/projects/PartyDeck/artifacts/screenshot-queue-34485033488-34485028785-v1/payload/docs/screenshots/android-34485028785/debug/host-returned-home.xml	docs/screenshots/android-34485028785/debug/host-returned-home.xml
21ddcba0deaee49cfa5d20df198c3fe77bc46a9bc3b436ac3a9d58be8718ee87	98336	/root/projects/PartyDeck/artifacts/evidence-storage/34485028785/android-jvm-reports/build/ci/android/debug/join-name-soft-ime.png	/root/projects/PartyDeck/artifacts/screenshot-queue-34485033488-34485028785-v1/payload/docs/screenshots/android-34485028785/debug/join-name-soft-ime.png	docs/screenshots/android-34485028785/debug/join-name-soft-ime.png
dc3afdf58984082ce49f48ce657236b9deb4922efd24162df81308ccdd6f8f5f	8725	/root/projects/PartyDeck/artifacts/evidence-storage/34485028785/android-jvm-reports/build/ci/android/debug/join-name-soft-ime.xml	/root/projects/PartyDeck/artifacts/screenshot-queue-34485033488-34485028785-v1/payload/docs/screenshots/android-34485028785/debug/join-name-soft-ime.xml	docs/screenshots/android-34485028785/debug/join-name-soft-ime.xml
34465ad4e7fd80c856e310b8529a0df9afcc5557bfc4de071e2704bfe8ec3a7f	93385	/root/projects/PartyDeck/artifacts/evidence-storage/34485028785/android-jvm-reports/build/ci/android/debug/join-invalid.png	/root/projects/PartyDeck/artifacts/screenshot-queue-34485033488-34485028785-v1/payload/docs/screenshots/android-34485028785/debug/join-invalid.png	docs/screenshots/android-34485028785/debug/join-invalid.png
c9868fd32d8ff15ff4111afba7db5a1e54c838fce4fb93f637aa2c118a48d032	10506	/root/projects/PartyDeck/artifacts/evidence-storage/34485028785/android-jvm-reports/build/ci/android/debug/join-invalid.xml	/root/projects/PartyDeck/artifacts/screenshot-queue-34485033488-34485028785-v1/payload/docs/screenshots/android-34485028785/debug/join-invalid.xml	docs/screenshots/android-34485028785/debug/join-invalid.xml
0740611ef27695bc553560b22503e13e8035845ee716da1376ac45dfbe678554	81875	/root/projects/PartyDeck/artifacts/evidence-storage/34485028785/android-jvm-reports/build/ci/android/debug/large-text-home-actions.png	/root/projects/PartyDeck/artifacts/screenshot-queue-34485033488-34485028785-v1/payload/docs/screenshots/android-34485028785/debug/large-text-home-actions.png	docs/screenshots/android-34485028785/debug/large-text-home-actions.png
efa29a00c04019e5749aadc733c853c8435b3124937c7db89455e3d28fc28740	8676	/root/projects/PartyDeck/artifacts/evidence-storage/34485028785/android-jvm-reports/build/ci/android/debug/large-text-home-actions.xml	/root/projects/PartyDeck/artifacts/screenshot-queue-34485033488-34485028785-v1/payload/docs/screenshots/android-34485028785/debug/large-text-home-actions.xml	docs/screenshots/android-34485028785/debug/large-text-home-actions.xml
5bf00c38d09549dfa11ddcbeeb5cad501767feb887ebaa9aadca6b83acb9e49f	135889	/root/projects/PartyDeck/artifacts/evidence-storage/34485028785/android-jvm-reports/build/ci/android/debug/large-text-rules-intro.png	/root/projects/PartyDeck/artifacts/screenshot-queue-34485033488-34485028785-v1/payload/docs/screenshots/android-34485028785/debug/large-text-rules-intro.png	docs/screenshots/android-34485028785/debug/large-text-rules-intro.png
31102e58d21ff56900f35bf637b7cbfbfeeda37184b76250ab4906b380e6616b	7187	/root/projects/PartyDeck/artifacts/evidence-storage/34485028785/android-jvm-reports/build/ci/android/debug/large-text-rules-intro.xml	/root/projects/PartyDeck/artifacts/screenshot-queue-34485033488-34485028785-v1/payload/docs/screenshots/android-34485028785/debug/large-text-rules-intro.xml	docs/screenshots/android-34485028785/debug/large-text-rules-intro.xml
cb20731c17783ac5de0f84580ba275153843ef457ea566a32e8f8fcd69ab1a9b	138224	/root/projects/PartyDeck/artifacts/evidence-storage/34485028785/android-jvm-reports/build/ci/android/debug/large-text-rules-last-step.png	/root/projects/PartyDeck/artifacts/screenshot-queue-34485033488-34485028785-v1/payload/docs/screenshots/android-34485028785/debug/large-text-rules-last-step.png	docs/screenshots/android-34485028785/debug/large-text-rules-last-step.png
8806d5fa6efc55ad3415130daf07d468dd3ef791addfc58587d15c3f947ed960	5076	/root/projects/PartyDeck/artifacts/evidence-storage/34485028785/android-jvm-reports/build/ci/android/debug/large-text-rules-last-step.xml	/root/projects/PartyDeck/artifacts/screenshot-queue-34485033488-34485028785-v1/payload/docs/screenshots/android-34485028785/debug/large-text-rules-last-step.xml	docs/screenshots/android-34485028785/debug/large-text-rules-last-step.xml
56b27d703481d1b6cb92549bd2e48135188f7abb51cac3c214fc548a6fd88259	124358	/root/projects/PartyDeck/artifacts/evidence-storage/34485028785/android-jvm-reports/build/ci/android/debug/large-text-rules-practice-action.png	/root/projects/PartyDeck/artifacts/screenshot-queue-34485033488-34485028785-v1/payload/docs/screenshots/android-34485028785/debug/large-text-rules-practice-action.png	docs/screenshots/android-34485028785/debug/large-text-rules-practice-action.png
10fb37069bf6d38072e5e11845bdd1ee0ef1eaca9bea0f094a8c75c033863197	5597	/root/projects/PartyDeck/artifacts/evidence-storage/34485028785/android-jvm-reports/build/ci/android/debug/large-text-rules-practice-action.xml	/root/projects/PartyDeck/artifacts/screenshot-queue-34485033488-34485028785-v1/payload/docs/screenshots/android-34485028785/debug/large-text-rules-practice-action.xml	docs/screenshots/android-34485028785/debug/large-text-rules-practice-action.xml
f46e5f6033c7ad7f90e1957e4a07fb4f228501a55d6acd13b97e8d71362a8ce0	115470	/root/projects/PartyDeck/artifacts/evidence-storage/34485028785/android-jvm-reports/build/ci/android/debug/large-text-rules-practice-entered.png	/root/projects/PartyDeck/artifacts/screenshot-queue-34485033488-34485028785-v1/payload/docs/screenshots/android-34485028785/debug/large-text-rules-practice-entered.png	docs/screenshots/android-34485028785/debug/large-text-rules-practice-entered.png
b1e01eb167a60e8fbc85528a1bff7569285c0f982e056b2db710cf58c4777cea	9992	/root/projects/PartyDeck/artifacts/evidence-storage/34485028785/android-jvm-reports/build/ci/android/debug/large-text-rules-practice-entered.xml	/root/projects/PartyDeck/artifacts/screenshot-queue-34485033488-34485028785-v1/payload/docs/screenshots/android-34485028785/debug/large-text-rules-practice-entered.xml	docs/screenshots/android-34485028785/debug/large-text-rules-practice-entered.xml
44d12765306b10d461f694f28e2bf631b3f429c72974193152b50258f040b0f1	80137	/root/projects/PartyDeck/artifacts/evidence-storage/34485028785/android-jvm-reports/build/ci/android/debug/large-text-rules-returned-home.png	/root/projects/PartyDeck/artifacts/screenshot-queue-34485033488-34485028785-v1/payload/docs/screenshots/android-34485028785/debug/large-text-rules-returned-home.png	docs/screenshots/android-34485028785/debug/large-text-rules-returned-home.png
68db4d663dd22c9ac8f4b2932574bcd7b513c5c8c02ed9f17e6030889d887947	8677	/root/projects/PartyDeck/artifacts/evidence-storage/34485028785/android-jvm-reports/build/ci/android/debug/large-text-rules-returned-home.xml	/root/projects/PartyDeck/artifacts/screenshot-queue-34485033488-34485028785-v1/payload/docs/screenshots/android-34485028785/debug/large-text-rules-returned-home.xml	docs/screenshots/android-34485028785/debug/large-text-rules-returned-home.xml
282a9a64e36f6644f97d1033e3f8969da815d1143a8831895c267bcf877229f2	121928	/root/projects/PartyDeck/artifacts/evidence-storage/34485028785/android-jvm-reports/build/ci/android/debug/large-text-settings.png	/root/projects/PartyDeck/artifacts/screenshot-queue-34485033488-34485028785-v1/payload/docs/screenshots/android-34485028785/debug/large-text-settings.png	docs/screenshots/android-34485028785/debug/large-text-settings.png
413cc54dc855619a6f9a7961121c6d4be4b58ffb458f346f9a971d036eeeedda	10787	/root/projects/PartyDeck/artifacts/evidence-storage/34485028785/android-jvm-reports/build/ci/android/debug/large-text-settings.xml	/root/projects/PartyDeck/artifacts/screenshot-queue-34485033488-34485028785-v1/payload/docs/screenshots/android-34485028785/debug/large-text-settings.xml	docs/screenshots/android-34485028785/debug/large-text-settings.xml
a42abddd53aced224b7500838dc468855e96127d49ed36274e3bd280461721f0	123972	/root/projects/PartyDeck/artifacts/evidence-storage/34485028785/android-jvm-reports/build/ci/android/debug/large-text-join-name-soft-ime.png	/root/projects/PartyDeck/artifacts/screenshot-queue-34485033488-34485028785-v1/payload/docs/screenshots/android-34485028785/debug/large-text-join-name-soft-ime.png	docs/screenshots/android-34485028785/debug/large-text-join-name-soft-ime.png
b5facd986c97d1fc8fe5e3255513e1e2842eaa3aafb0879e2225d3b7c14265c8	5130	/root/projects/PartyDeck/artifacts/evidence-storage/34485028785/android-jvm-reports/build/ci/android/debug/large-text-join-name-soft-ime.xml	/root/projects/PartyDeck/artifacts/screenshot-queue-34485033488-34485028785-v1/payload/docs/screenshots/android-34485028785/debug/large-text-join-name-soft-ime.xml	docs/screenshots/android-34485028785/debug/large-text-join-name-soft-ime.xml
dbe281429c57ed795027c62df73d049f9077791d4658b3c568f5fb2bef3ea4d7	114929	/root/projects/PartyDeck/artifacts/evidence-storage/34485028785/android-jvm-reports/build/ci/android/debug/large-text-join-invalid.png	/root/projects/PartyDeck/artifacts/screenshot-queue-34485033488-34485028785-v1/payload/docs/screenshots/android-34485028785/debug/large-text-join-invalid.png	docs/screenshots/android-34485028785/debug/large-text-join-invalid.png
961fd641b8d0e31bea82e85eb41bde1b39006aa51a2e4457640df84ee5e193bd	8134	/root/projects/PartyDeck/artifacts/evidence-storage/34485028785/android-jvm-reports/build/ci/android/debug/large-text-join-invalid.xml	/root/projects/PartyDeck/artifacts/screenshot-queue-34485033488-34485028785-v1/payload/docs/screenshots/android-34485028785/debug/large-text-join-invalid.xml	docs/screenshots/android-34485028785/debug/large-text-join-invalid.xml
c2a2ba0d417729062070ba7c89e85de463333fe90c67ed248c8eab8c52b7ce0a	87548	/root/projects/PartyDeck/artifacts/evidence-storage/34485028785/android-jvm-reports/build/ci/android/debug/large-text-private-hand.png	/root/projects/PartyDeck/artifacts/screenshot-queue-34485033488-34485028785-v1/payload/docs/screenshots/android-34485028785/debug/large-text-private-hand.png	docs/screenshots/android-34485028785/debug/large-text-private-hand.png
62e5b6af6fe37a42996eea5d2be5b6ff075cda405455ac2f8121b6f8ea6231d2	15809	/root/projects/PartyDeck/artifacts/evidence-storage/34485028785/android-jvm-reports/build/ci/android/debug/large-text-private-hand.xml	/root/projects/PartyDeck/artifacts/screenshot-queue-34485033488-34485028785-v1/payload/docs/screenshots/android-34485028785/debug/large-text-private-hand.xml	docs/screenshots/android-34485028785/debug/large-text-private-hand.xml
6332cc75a16171a8bc02b6431d9011873a1dd9ac275afe88641d290ddfe51101	78935	/root/projects/PartyDeck/artifacts/evidence-storage/34485028785/android-jvm-reports/build/ci/android/debug/large-text-play-action.png	/root/projects/PartyDeck/artifacts/screenshot-queue-34485033488-34485028785-v1/payload/docs/screenshots/android-34485028785/debug/large-text-play-action.png	docs/screenshots/android-34485028785/debug/large-text-play-action.png
8c825ec4c6045c1f7b9913669ed8123b31469972c349199191ee69c3344f0fbd	16418	/root/projects/PartyDeck/artifacts/evidence-storage/34485028785/android-jvm-reports/build/ci/android/debug/large-text-play-action.xml	/root/projects/PartyDeck/artifacts/screenshot-queue-34485033488-34485028785-v1/payload/docs/screenshots/android-34485028785/debug/large-text-play-action.xml	docs/screenshots/android-34485028785/debug/large-text-play-action.xml
47b04751c5fb4248341c3e96a3bd5584f9ccef8a2a5d60f46426844b26b8e309	80448	/root/projects/PartyDeck/artifacts/evidence-storage/34485028785/android-jvm-reports/build/ci/android/debug/final-screen.png	/root/projects/PartyDeck/artifacts/screenshot-queue-34485033488-34485028785-v1/payload/docs/screenshots/android-34485028785/debug/final-screen.png	docs/screenshots/android-34485028785/debug/final-screen.png
7833f47e758686efe8e92344c70fe5f6c254fe5c03d8a1f39c61f24ae027c991	6995	/root/projects/PartyDeck/artifacts/evidence-storage/34485028785/android-jvm-reports/build/ci/android/optimized-test-signed/smoke-result.json	/root/projects/PartyDeck/artifacts/screenshot-queue-34485033488-34485028785-v1/payload/docs/screenshots/android-34485028785/optimized-test-signed/smoke-result.json	docs/screenshots/android-34485028785/optimized-test-signed/smoke-result.json
816ccd1788992a459e2d12999835f4cbec87f538b3af14d897191c35b8845d8b	132418	/root/projects/PartyDeck/artifacts/evidence-storage/34485028785/android-jvm-reports/build/ci/android/optimized-test-signed/home.png	/root/projects/PartyDeck/artifacts/screenshot-queue-34485033488-34485028785-v1/payload/docs/screenshots/android-34485028785/optimized-test-signed/home.png	docs/screenshots/android-34485028785/optimized-test-signed/home.png
55e5edcbd8e91cd50fa9b2f46ab6bd62a9988170a9f47e17b68d84bb6e3a8a3b	12541	/root/projects/PartyDeck/artifacts/evidence-storage/34485028785/android-jvm-reports/build/ci/android/optimized-test-signed/home.xml	/root/projects/PartyDeck/artifacts/screenshot-queue-34485033488-34485028785-v1/payload/docs/screenshots/android-34485028785/optimized-test-signed/home.xml	docs/screenshots/android-34485028785/optimized-test-signed/home.xml
ec038f5780b59a01a2c24199f66d4a7d2b9f2a6e9e62fafc95e66921bac3bd52	151097	/root/projects/PartyDeck/artifacts/evidence-storage/34485028785/android-jvm-reports/build/ci/android/optimized-test-signed/rules-intro.png	/root/projects/PartyDeck/artifacts/screenshot-queue-34485033488-34485028785-v1/payload/docs/screenshots/android-34485028785/optimized-test-signed/rules-intro.png	docs/screenshots/android-34485028785/optimized-test-signed/rules-intro.png
573f8e2d326aa986d01b5368dabb977f9d17a0a60599d6f8bbe16526802d426e	10466	/root/projects/PartyDeck/artifacts/evidence-storage/34485028785/android-jvm-reports/build/ci/android/optimized-test-signed/rules-intro.xml	/root/projects/PartyDeck/artifacts/screenshot-queue-34485033488-34485028785-v1/payload/docs/screenshots/android-34485028785/optimized-test-signed/rules-intro.xml	docs/screenshots/android-34485028785/optimized-test-signed/rules-intro.xml
80302ce0b1989c8d9a5cf3a78bc98d1bf809f16f0e1662b98259551514fc2098	143827	/root/projects/PartyDeck/artifacts/evidence-storage/34485028785/android-jvm-reports/build/ci/android/optimized-test-signed/rules-last-step.png	/root/projects/PartyDeck/artifacts/screenshot-queue-34485033488-34485028785-v1/payload/docs/screenshots/android-34485028785/optimized-test-signed/rules-last-step.png	docs/screenshots/android-34485028785/optimized-test-signed/rules-last-step.png
ae5b066313cc806ca10f8fc67062a8c752296fe6583317a9042c780cc3b76f3a	9851	/root/projects/PartyDeck/artifacts/evidence-storage/34485028785/android-jvm-reports/build/ci/android/optimized-test-signed/rules-last-step.xml	/root/projects/PartyDeck/artifacts/screenshot-queue-34485033488-34485028785-v1/payload/docs/screenshots/android-34485028785/optimized-test-signed/rules-last-step.xml	docs/screenshots/android-34485028785/optimized-test-signed/rules-last-step.xml
1d570fa818c4db164c9ce687d60578ea25359bbbc190a688384a8b0e99683736	143578	/root/projects/PartyDeck/artifacts/evidence-storage/34485028785/android-jvm-reports/build/ci/android/optimized-test-signed/rules-practice-action.png	/root/projects/PartyDeck/artifacts/screenshot-queue-34485033488-34485028785-v1/payload/docs/screenshots/android-34485028785/optimized-test-signed/rules-practice-action.png	docs/screenshots/android-34485028785/optimized-test-signed/rules-practice-action.png
ae5b066313cc806ca10f8fc67062a8c752296fe6583317a9042c780cc3b76f3a	9851	/root/projects/PartyDeck/artifacts/evidence-storage/34485028785/android-jvm-reports/build/ci/android/optimized-test-signed/rules-practice-action.xml	/root/projects/PartyDeck/artifacts/screenshot-queue-34485033488-34485028785-v1/payload/docs/screenshots/android-34485028785/optimized-test-signed/rules-practice-action.xml	docs/screenshots/android-34485028785/optimized-test-signed/rules-practice-action.xml
eca0d8c64bdcc82a6409898f9ecd74465469b2b42ea56143093c172fb07e4cf9	129453	/root/projects/PartyDeck/artifacts/evidence-storage/34485028785/android-jvm-reports/build/ci/android/optimized-test-signed/rules-practice-entered.png	/root/projects/PartyDeck/artifacts/screenshot-queue-34485033488-34485028785-v1/payload/docs/screenshots/android-34485028785/optimized-test-signed/rules-practice-entered.png	docs/screenshots/android-34485028785/optimized-test-signed/rules-practice-entered.png
4ed349779634794267a95d244300e3059056ca75ab71b8265b3a2bf9541a3e3e	16926	/root/projects/PartyDeck/artifacts/evidence-storage/34485028785/android-jvm-reports/build/ci/android/optimized-test-signed/rules-practice-entered.xml	/root/projects/PartyDeck/artifacts/screenshot-queue-34485033488-34485028785-v1/payload/docs/screenshots/android-34485028785/optimized-test-signed/rules-practice-entered.xml	docs/screenshots/android-34485028785/optimized-test-signed/rules-practice-entered.xml
628f067b6f3d507e9ba767c9b58a0f7df81a3813b17f3acc65429c28fb5887ad	132029	/root/projects/PartyDeck/artifacts/evidence-storage/34485028785/android-jvm-reports/build/ci/android/optimized-test-signed/rules-returned-home.png	/root/projects/PartyDeck/artifacts/screenshot-queue-34485033488-34485028785-v1/payload/docs/screenshots/android-34485028785/optimized-test-signed/rules-returned-home.png	docs/screenshots/android-34485028785/optimized-test-signed/rules-returned-home.png
55e5edcbd8e91cd50fa9b2f46ab6bd62a9988170a9f47e17b68d84bb6e3a8a3b	12541	/root/projects/PartyDeck/artifacts/evidence-storage/34485028785/android-jvm-reports/build/ci/android/optimized-test-signed/rules-returned-home.xml	/root/projects/PartyDeck/artifacts/screenshot-queue-34485033488-34485028785-v1/payload/docs/screenshots/android-34485028785/optimized-test-signed/rules-returned-home.xml	docs/screenshots/android-34485028785/optimized-test-signed/rules-returned-home.xml
d0fb46b400f92b886e97fb9275061ff14a399cd58b57b66d67a190755a33d4e7	119496	/root/projects/PartyDeck/artifacts/evidence-storage/34485028785/android-jvm-reports/build/ci/android/optimized-test-signed/settings-changed.png	/root/projects/PartyDeck/artifacts/screenshot-queue-34485033488-34485028785-v1/payload/docs/screenshots/android-34485028785/optimized-test-signed/settings-changed.png	docs/screenshots/android-34485028785/optimized-test-signed/settings-changed.png
686976e59566e5d9a98e9e198d5d2444800981c4d3bc9c7004ccec30d93cc264	13177	/root/projects/PartyDeck/artifacts/evidence-storage/34485028785/android-jvm-reports/build/ci/android/optimized-test-signed/settings-changed.xml	/root/projects/PartyDeck/artifacts/screenshot-queue-34485033488-34485028785-v1/payload/docs/screenshots/android-34485028785/optimized-test-signed/settings-changed.xml	docs/screenshots/android-34485028785/optimized-test-signed/settings-changed.xml
628f067b6f3d507e9ba767c9b58a0f7df81a3813b17f3acc65429c28fb5887ad	132029	/root/projects/PartyDeck/artifacts/evidence-storage/34485028785/android-jvm-reports/build/ci/android/optimized-test-signed/settings-return-home.png	/root/projects/PartyDeck/artifacts/screenshot-queue-34485033488-34485028785-v1/payload/docs/screenshots/android-34485028785/optimized-test-signed/settings-return-home.png	docs/screenshots/android-34485028785/optimized-test-signed/settings-return-home.png
55e5edcbd8e91cd50fa9b2f46ab6bd62a9988170a9f47e17b68d84bb6e3a8a3b	12541	/root/projects/PartyDeck/artifacts/evidence-storage/34485028785/android-jvm-reports/build/ci/android/optimized-test-signed/settings-return-home.xml	/root/projects/PartyDeck/artifacts/screenshot-queue-34485033488-34485028785-v1/payload/docs/screenshots/android-34485028785/optimized-test-signed/settings-return-home.xml	docs/screenshots/android-34485028785/optimized-test-signed/settings-return-home.xml
d0fb46b400f92b886e97fb9275061ff14a399cd58b57b66d67a190755a33d4e7	119496	/root/projects/PartyDeck/artifacts/evidence-storage/34485028785/android-jvm-reports/build/ci/android/optimized-test-signed/settings-persisted.png	/root/projects/PartyDeck/artifacts/screenshot-queue-34485033488-34485028785-v1/payload/docs/screenshots/android-34485028785/optimized-test-signed/settings-persisted.png	docs/screenshots/android-34485028785/optimized-test-signed/settings-persisted.png
686976e59566e5d9a98e9e198d5d2444800981c4d3bc9c7004ccec30d93cc264	13177	/root/projects/PartyDeck/artifacts/evidence-storage/34485028785/android-jvm-reports/build/ci/android/optimized-test-signed/settings-persisted.xml	/root/projects/PartyDeck/artifacts/screenshot-queue-34485033488-34485028785-v1/payload/docs/screenshots/android-34485028785/optimized-test-signed/settings-persisted.xml	docs/screenshots/android-34485028785/optimized-test-signed/settings-persisted.xml
3b3dba690bfa53e7a617b40f783947c7f90492d95be7c29ab0224509fa0ef439	128762	/root/projects/PartyDeck/artifacts/evidence-storage/34485028785/android-jvm-reports/build/ci/android/optimized-test-signed/practice-concealed.png	/root/projects/PartyDeck/artifacts/screenshot-queue-34485033488-34485028785-v1/payload/docs/screenshots/android-34485028785/optimized-test-signed/practice-concealed.png	docs/screenshots/android-34485028785/optimized-test-signed/practice-concealed.png
1ace490d1921bbeae9876290acb65dd711ac6e8205cf7c1516f28673a9e02df1	16924	/root/projects/PartyDeck/artifacts/evidence-storage/34485028785/android-jvm-reports/build/ci/android/optimized-test-signed/practice-concealed.xml	/root/projects/PartyDeck/artifacts/screenshot-queue-34485033488-34485028785-v1/payload/docs/screenshots/android-34485028785/optimized-test-signed/practice-concealed.xml	docs/screenshots/android-34485028785/optimized-test-signed/practice-concealed.xml
a038f002d0f54cbe5e580556fcb763448331dc83b7d6cbb6566c148b3c9e77b3	124989	/root/projects/PartyDeck/artifacts/evidence-storage/34485028785/android-jvm-reports/build/ci/android/optimized-test-signed/practice-selected.png	/root/projects/PartyDeck/artifacts/screenshot-queue-34485033488-34485028785-v1/payload/docs/screenshots/android-34485028785/optimized-test-signed/practice-selected.png	docs/screenshots/android-34485028785/optimized-test-signed/practice-selected.png
6602cf61fdc6842f954e56bff56b8ec57532a260e6c7bf41a7aaee1bcd2b8648	22126	/root/projects/PartyDeck/artifacts/evidence-storage/34485028785/android-jvm-reports/build/ci/android/optimized-test-signed/practice-selected.xml	/root/projects/PartyDeck/artifacts/screenshot-queue-34485033488-34485028785-v1/payload/docs/screenshots/android-34485028785/optimized-test-signed/practice-selected.xml	docs/screenshots/android-34485028785/optimized-test-signed/practice-selected.xml
3b3dba690bfa53e7a617b40f783947c7f90492d95be7c29ab0224509fa0ef439	128762	/root/projects/PartyDeck/artifacts/evidence-storage/34485028785/android-jvm-reports/build/ci/android/optimized-test-signed/practice-resumed-concealed.png	/root/projects/PartyDeck/artifacts/screenshot-queue-34485033488-34485028785-v1/payload/docs/screenshots/android-34485028785/optimized-test-signed/practice-resumed-concealed.png	docs/screenshots/android-34485028785/optimized-test-signed/practice-resumed-concealed.png
1ace490d1921bbeae9876290acb65dd711ac6e8205cf7c1516f28673a9e02df1	16924	/root/projects/PartyDeck/artifacts/evidence-storage/34485028785/android-jvm-reports/build/ci/android/optimized-test-signed/practice-resumed-concealed.xml	/root/projects/PartyDeck/artifacts/screenshot-queue-34485033488-34485028785-v1/payload/docs/screenshots/android-34485028785/optimized-test-signed/practice-resumed-concealed.xml	docs/screenshots/android-34485028785/optimized-test-signed/practice-resumed-concealed.xml
5f4a2106f7d897b31972fa52653d4d932ce8ade76dbc0c228e20728c6eebe561	92950	/root/projects/PartyDeck/artifacts/evidence-storage/34485028785/android-jvm-reports/build/ci/android/optimized-test-signed/practice-after-play.png	/root/projects/PartyDeck/artifacts/screenshot-queue-34485033488-34485028785-v1/payload/docs/screenshots/android-34485028785/optimized-test-signed/practice-after-play.png	docs/screenshots/android-34485028785/optimized-test-signed/practice-after-play.png
5d73d0211f1aa63279746f7d957b9782083d0979d6c5b37673a3fffc9db6721e	13632	/root/projects/PartyDeck/artifacts/evidence-storage/34485028785/android-jvm-reports/build/ci/android/optimized-test-signed/practice-after-play.xml	/root/projects/PartyDeck/artifacts/screenshot-queue-34485033488-34485028785-v1/payload/docs/screenshots/android-34485028785/optimized-test-signed/practice-after-play.xml	docs/screenshots/android-34485028785/optimized-test-signed/practice-after-play.xml
de5f31f2128e50fc8b06baa8157d39b4d272fb7f4f316cb8cf78598abfd98d35	132412	/root/projects/PartyDeck/artifacts/evidence-storage/34485028785/android-jvm-reports/build/ci/android/optimized-test-signed/practice-returned-home.png	/root/projects/PartyDeck/artifacts/screenshot-queue-34485033488-34485028785-v1/payload/docs/screenshots/android-34485028785/optimized-test-signed/practice-returned-home.png	docs/screenshots/android-34485028785/optimized-test-signed/practice-returned-home.png
55e5edcbd8e91cd50fa9b2f46ab6bd62a9988170a9f47e17b68d84bb6e3a8a3b	12541	/root/projects/PartyDeck/artifacts/evidence-storage/34485028785/android-jvm-reports/build/ci/android/optimized-test-signed/practice-returned-home.xml	/root/projects/PartyDeck/artifacts/screenshot-queue-34485033488-34485028785-v1/payload/docs/screenshots/android-34485028785/optimized-test-signed/practice-returned-home.xml	docs/screenshots/android-34485028785/optimized-test-signed/practice-returned-home.xml
8c349d8c71229c511d8b588f45443223bb02b17448bd47ed0e107484317f051f	101977	/root/projects/PartyDeck/artifacts/evidence-storage/34485028785/android-jvm-reports/build/ci/android/optimized-test-signed/host-lobby.png	/root/projects/PartyDeck/artifacts/screenshot-queue-34485033488-34485028785-v1/payload/docs/screenshots/android-34485028785/optimized-test-signed/host-lobby.png	docs/screenshots/android-34485028785/optimized-test-signed/host-lobby.png
5eb953a1e1a241f4d44630b0fec9a4472454cafe978bc6be1dd49515e2f2c510	12363	/root/projects/PartyDeck/artifacts/evidence-storage/34485028785/android-jvm-reports/build/ci/android/optimized-test-signed/host-lobby.xml	/root/projects/PartyDeck/artifacts/screenshot-queue-34485033488-34485028785-v1/payload/docs/screenshots/android-34485028785/optimized-test-signed/host-lobby.xml	docs/screenshots/android-34485028785/optimized-test-signed/host-lobby.xml
8c349d8c71229c511d8b588f45443223bb02b17448bd47ed0e107484317f051f	101977	/root/projects/PartyDeck/artifacts/evidence-storage/34485028785/android-jvm-reports/build/ci/android/optimized-test-signed/host-after-share.png	/root/projects/PartyDeck/artifacts/screenshot-queue-34485033488-34485028785-v1/payload/docs/screenshots/android-34485028785/optimized-test-signed/host-after-share.png	docs/screenshots/android-34485028785/optimized-test-signed/host-after-share.png
5eb953a1e1a241f4d44630b0fec9a4472454cafe978bc6be1dd49515e2f2c510	12363	/root/projects/PartyDeck/artifacts/evidence-storage/34485028785/android-jvm-reports/build/ci/android/optimized-test-signed/host-after-share.xml	/root/projects/PartyDeck/artifacts/screenshot-queue-34485033488-34485028785-v1/payload/docs/screenshots/android-34485028785/optimized-test-signed/host-after-share.xml	docs/screenshots/android-34485028785/optimized-test-signed/host-after-share.xml
c9d189c617935f3c9831a10b50abe99a1484ec0ec3498103fec6ceeb99469e31	132258	/root/projects/PartyDeck/artifacts/evidence-storage/34485028785/android-jvm-reports/build/ci/android/optimized-test-signed/host-returned-home.png	/root/projects/PartyDeck/artifacts/screenshot-queue-34485033488-34485028785-v1/payload/docs/screenshots/android-34485028785/optimized-test-signed/host-returned-home.png	docs/screenshots/android-34485028785/optimized-test-signed/host-returned-home.png
55e5edcbd8e91cd50fa9b2f46ab6bd62a9988170a9f47e17b68d84bb6e3a8a3b	12541	/root/projects/PartyDeck/artifacts/evidence-storage/34485028785/android-jvm-reports/build/ci/android/optimized-test-signed/host-returned-home.xml	/root/projects/PartyDeck/artifacts/screenshot-queue-34485033488-34485028785-v1/payload/docs/screenshots/android-34485028785/optimized-test-signed/host-returned-home.xml	docs/screenshots/android-34485028785/optimized-test-signed/host-returned-home.xml
86566d8b2291519bccf3d1cc20d4f978e1ed2f8fdf055d32b1437945fbaaccb6	100934	/root/projects/PartyDeck/artifacts/evidence-storage/34485028785/android-jvm-reports/build/ci/android/optimized-test-signed/join-name-soft-ime.png	/root/projects/PartyDeck/artifacts/screenshot-queue-34485033488-34485028785-v1/payload/docs/screenshots/android-34485028785/optimized-test-signed/join-name-soft-ime.png	docs/screenshots/android-34485028785/optimized-test-signed/join-name-soft-ime.png
c73cbf8ca26999ebd0e3f40fd7b0a77ae854ade5f73a64d864ed50a24d74eb1b	8688	/root/projects/PartyDeck/artifacts/evidence-storage/34485028785/android-jvm-reports/build/ci/android/optimized-test-signed/join-name-soft-ime.xml	/root/projects/PartyDeck/artifacts/screenshot-queue-34485033488-34485028785-v1/payload/docs/screenshots/android-34485028785/optimized-test-signed/join-name-soft-ime.xml	docs/screenshots/android-34485028785/optimized-test-signed/join-name-soft-ime.xml
cf979cc9a17e3bbf77591e611fe3a8e2c0adfabdea296abf73a16dc298566225	95661	/root/projects/PartyDeck/artifacts/evidence-storage/34485028785/android-jvm-reports/build/ci/android/optimized-test-signed/join-invalid.png	/root/projects/PartyDeck/artifacts/screenshot-queue-34485033488-34485028785-v1/payload/docs/screenshots/android-34485028785/optimized-test-signed/join-invalid.png	docs/screenshots/android-34485028785/optimized-test-signed/join-invalid.png
c448155331e732fbc0e4f7b3b6be4f37c18c0ad44201e642e50a8f79acda97b0	10469	/root/projects/PartyDeck/artifacts/evidence-storage/34485028785/android-jvm-reports/build/ci/android/optimized-test-signed/join-invalid.xml	/root/projects/PartyDeck/artifacts/screenshot-queue-34485033488-34485028785-v1/payload/docs/screenshots/android-34485028785/optimized-test-signed/join-invalid.xml	docs/screenshots/android-34485028785/optimized-test-signed/join-invalid.xml
9bc096f18f64ca53a2aedff5cfa8bb6121f7a8152d10addd41aa98cda4280a20	81102	/root/projects/PartyDeck/artifacts/evidence-storage/34485028785/android-jvm-reports/build/ci/android/optimized-test-signed/large-text-home-actions.png	/root/projects/PartyDeck/artifacts/screenshot-queue-34485033488-34485028785-v1/payload/docs/screenshots/android-34485028785/optimized-test-signed/large-text-home-actions.png	docs/screenshots/android-34485028785/optimized-test-signed/large-text-home-actions.png
81bd969414da46001b9d2b6b64ab42d8da20a58fed644150d81766f9b405e422	8639	/root/projects/PartyDeck/artifacts/evidence-storage/34485028785/android-jvm-reports/build/ci/android/optimized-test-signed/large-text-home-actions.xml	/root/projects/PartyDeck/artifacts/screenshot-queue-34485033488-34485028785-v1/payload/docs/screenshots/android-34485028785/optimized-test-signed/large-text-home-actions.xml	docs/screenshots/android-34485028785/optimized-test-signed/large-text-home-actions.xml
27575a7e525a8ee705765699f136811584a96bef1098d5fd0a5b2a2fa2b8b4f7	135067	/root/projects/PartyDeck/artifacts/evidence-storage/34485028785/android-jvm-reports/build/ci/android/optimized-test-signed/large-text-rules-intro.png	/root/projects/PartyDeck/artifacts/screenshot-queue-34485033488-34485028785-v1/payload/docs/screenshots/android-34485028785/optimized-test-signed/large-text-rules-intro.png	docs/screenshots/android-34485028785/optimized-test-signed/large-text-rules-intro.png
287fbd2ce4438994719769ed6834aa172c68fe1e1ee84df70326956d0e0a702f	7150	/root/projects/PartyDeck/artifacts/evidence-storage/34485028785/android-jvm-reports/build/ci/android/optimized-test-signed/large-text-rules-intro.xml	/root/projects/PartyDeck/artifacts/screenshot-queue-34485033488-34485028785-v1/payload/docs/screenshots/android-34485028785/optimized-test-signed/large-text-rules-intro.xml	docs/screenshots/android-34485028785/optimized-test-signed/large-text-rules-intro.xml
261dbe48c0bb887b9ec98d780963f780fe699c59d6d2217c40b8ab4630897cc2	148687	/root/projects/PartyDeck/artifacts/evidence-storage/34485028785/android-jvm-reports/build/ci/android/optimized-test-signed/large-text-rules-last-step.png	/root/projects/PartyDeck/artifacts/screenshot-queue-34485033488-34485028785-v1/payload/docs/screenshots/android-34485028785/optimized-test-signed/large-text-rules-last-step.png	docs/screenshots/android-34485028785/optimized-test-signed/large-text-rules-last-step.png
d52e5caf3f11209217ff84c5c1f97c23bad94fd64fcbe27519937506ec8718a9	5662	/root/projects/PartyDeck/artifacts/evidence-storage/34485028785/android-jvm-reports/build/ci/android/optimized-test-signed/large-text-rules-last-step.xml	/root/projects/PartyDeck/artifacts/screenshot-queue-34485033488-34485028785-v1/payload/docs/screenshots/android-34485028785/optimized-test-signed/large-text-rules-last-step.xml	docs/screenshots/android-34485028785/optimized-test-signed/large-text-rules-last-step.xml
b2b37408a4a9c087a77aad81c036c6fcc7e7043519088d4773810605f383ef0d	123687	/root/projects/PartyDeck/artifacts/evidence-storage/34485028785/android-jvm-reports/build/ci/android/optimized-test-signed/large-text-rules-practice-action.png	/root/projects/PartyDeck/artifacts/screenshot-queue-34485033488-34485028785-v1/payload/docs/screenshots/android-34485028785/optimized-test-signed/large-text-rules-practice-action.png	docs/screenshots/android-34485028785/optimized-test-signed/large-text-rules-practice-action.png
6f6a5336d96499535fb55f623835cf157a539011219f0257cbc8d1e24cda3204	5560	/root/projects/PartyDeck/artifacts/evidence-storage/34485028785/android-jvm-reports/build/ci/android/optimized-test-signed/large-text-rules-practice-action.xml	/root/projects/PartyDeck/artifacts/screenshot-queue-34485033488-34485028785-v1/payload/docs/screenshots/android-34485028785/optimized-test-signed/large-text-rules-practice-action.xml	docs/screenshots/android-34485028785/optimized-test-signed/large-text-rules-practice-action.xml
b366c6b260b9b2d446409990e277f44b7b39b4126afbe6b8d0c06bf4bb6aee6c	117307	/root/projects/PartyDeck/artifacts/evidence-storage/34485028785/android-jvm-reports/build/ci/android/optimized-test-signed/large-text-rules-practice-entered.png	/root/projects/PartyDeck/artifacts/screenshot-queue-34485033488-34485028785-v1/payload/docs/screenshots/android-34485028785/optimized-test-signed/large-text-rules-practice-entered.png	docs/screenshots/android-34485028785/optimized-test-signed/large-text-rules-practice-entered.png
b6f6d32ca5bc7271103c25463f4bf881bd0b7248b87adecaaa75cc378da0234f	12585	/root/projects/PartyDeck/artifacts/evidence-storage/34485028785/android-jvm-reports/build/ci/android/optimized-test-signed/large-text-rules-practice-entered.xml	/root/projects/PartyDeck/artifacts/screenshot-queue-34485033488-34485028785-v1/payload/docs/screenshots/android-34485028785/optimized-test-signed/large-text-rules-practice-entered.xml	docs/screenshots/android-34485028785/optimized-test-signed/large-text-rules-practice-entered.xml
6a9ff7b31b875d5591bd19742429b8daa57875f0f2b0817eb1994794f5a4c368	79203	/root/projects/PartyDeck/artifacts/evidence-storage/34485028785/android-jvm-reports/build/ci/android/optimized-test-signed/large-text-rules-returned-home.png	/root/projects/PartyDeck/artifacts/screenshot-queue-34485033488-34485028785-v1/payload/docs/screenshots/android-34485028785/optimized-test-signed/large-text-rules-returned-home.png	docs/screenshots/android-34485028785/optimized-test-signed/large-text-rules-returned-home.png
5ebe67f78012ec1f0b9913aefe28e1132a46850f78992dd9ee8cf6c4163fa3a4	8640	/root/projects/PartyDeck/artifacts/evidence-storage/34485028785/android-jvm-reports/build/ci/android/optimized-test-signed/large-text-rules-returned-home.xml	/root/projects/PartyDeck/artifacts/screenshot-queue-34485033488-34485028785-v1/payload/docs/screenshots/android-34485028785/optimized-test-signed/large-text-rules-returned-home.xml	docs/screenshots/android-34485028785/optimized-test-signed/large-text-rules-returned-home.xml
120e6dd7bc8c9efb5264c691dd19f00dadc8e8553500c34f45d7c5db13d8038d	121104	/root/projects/PartyDeck/artifacts/evidence-storage/34485028785/android-jvm-reports/build/ci/android/optimized-test-signed/large-text-settings.png	/root/projects/PartyDeck/artifacts/screenshot-queue-34485033488-34485028785-v1/payload/docs/screenshots/android-34485028785/optimized-test-signed/large-text-settings.png	docs/screenshots/android-34485028785/optimized-test-signed/large-text-settings.png
b1b35cfac5af8a3992387f96476b28b00fc518e9cc7ac1f8c555a591b65d0c57	10750	/root/projects/PartyDeck/artifacts/evidence-storage/34485028785/android-jvm-reports/build/ci/android/optimized-test-signed/large-text-settings.xml	/root/projects/PartyDeck/artifacts/screenshot-queue-34485033488-34485028785-v1/payload/docs/screenshots/android-34485028785/optimized-test-signed/large-text-settings.xml	docs/screenshots/android-34485028785/optimized-test-signed/large-text-settings.xml
0be4c3e6d37032aa1230b350a0da1d1af8756325add8027b3d04b77a7fc17615	122340	/root/projects/PartyDeck/artifacts/evidence-storage/34485028785/android-jvm-reports/build/ci/android/optimized-test-signed/large-text-join-name-soft-ime.png	/root/projects/PartyDeck/artifacts/screenshot-queue-34485033488-34485028785-v1/payload/docs/screenshots/android-34485028785/optimized-test-signed/large-text-join-name-soft-ime.png	docs/screenshots/android-34485028785/optimized-test-signed/large-text-join-name-soft-ime.png
786507915f34f846ef76cf3f30ad0597c29771e755e359395e789c746fa8ab19	5093	/root/projects/PartyDeck/artifacts/evidence-storage/34485028785/android-jvm-reports/build/ci/android/optimized-test-signed/large-text-join-name-soft-ime.xml	/root/projects/PartyDeck/artifacts/screenshot-queue-34485033488-34485028785-v1/payload/docs/screenshots/android-34485028785/optimized-test-signed/large-text-join-name-soft-ime.xml	docs/screenshots/android-34485028785/optimized-test-signed/large-text-join-name-soft-ime.xml
68f9ad4a44344723d60c426be51ebf8abe8e1912c170b694fe8de2676b70f062	115189	/root/projects/PartyDeck/artifacts/evidence-storage/34485028785/android-jvm-reports/build/ci/android/optimized-test-signed/large-text-join-invalid.png	/root/projects/PartyDeck/artifacts/screenshot-queue-34485033488-34485028785-v1/payload/docs/screenshots/android-34485028785/optimized-test-signed/large-text-join-invalid.png	docs/screenshots/android-34485028785/optimized-test-signed/large-text-join-invalid.png
4aa3f6a04f4046e185978ab59a3efed5b1020ad8d2b0ad676b8bb31114a8bdf3	8481	/root/projects/PartyDeck/artifacts/evidence-storage/34485028785/android-jvm-reports/build/ci/android/optimized-test-signed/large-text-join-invalid.xml	/root/projects/PartyDeck/artifacts/screenshot-queue-34485033488-34485028785-v1/payload/docs/screenshots/android-34485028785/optimized-test-signed/large-text-join-invalid.xml	docs/screenshots/android-34485028785/optimized-test-signed/large-text-join-invalid.xml
64ff3a0f0e41f54e9092a1c38e3dffc6e707244e570d8f4ad8c3529839517df3	79810	/root/projects/PartyDeck/artifacts/evidence-storage/34485028785/android-jvm-reports/build/ci/android/optimized-test-signed/large-text-private-hand.png	/root/projects/PartyDeck/artifacts/screenshot-queue-34485033488-34485028785-v1/payload/docs/screenshots/android-34485028785/optimized-test-signed/large-text-private-hand.png	docs/screenshots/android-34485028785/optimized-test-signed/large-text-private-hand.png
93465e008e0f62996ee6049497419a4f4e6cd07a8e0d64a04e024abdcb45e778	16728	/root/projects/PartyDeck/artifacts/evidence-storage/34485028785/android-jvm-reports/build/ci/android/optimized-test-signed/large-text-private-hand.xml	/root/projects/PartyDeck/artifacts/screenshot-queue-34485033488-34485028785-v1/payload/docs/screenshots/android-34485028785/optimized-test-signed/large-text-private-hand.xml	docs/screenshots/android-34485028785/optimized-test-signed/large-text-private-hand.xml
93c055a71f614e62ca451d22ae2f7bf0afbe328643e286d373df00758b5120f8	82627	/root/projects/PartyDeck/artifacts/evidence-storage/34485028785/android-jvm-reports/build/ci/android/optimized-test-signed/large-text-play-action.png	/root/projects/PartyDeck/artifacts/screenshot-queue-34485033488-34485028785-v1/payload/docs/screenshots/android-34485028785/optimized-test-signed/large-text-play-action.png	docs/screenshots/android-34485028785/optimized-test-signed/large-text-play-action.png
e7cc947ee00bdabca0f47f7e1929a0301878195ae555aad1e813cf9c153eca49	16050	/root/projects/PartyDeck/artifacts/evidence-storage/34485028785/android-jvm-reports/build/ci/android/optimized-test-signed/large-text-play-action.xml	/root/projects/PartyDeck/artifacts/screenshot-queue-34485033488-34485028785-v1/payload/docs/screenshots/android-34485028785/optimized-test-signed/large-text-play-action.xml	docs/screenshots/android-34485028785/optimized-test-signed/large-text-play-action.xml
3e4df3e00ee70bb42a429afda2900ee75866517a7f974d06a3d90678464f5d18	80410	/root/projects/PartyDeck/artifacts/evidence-storage/34485028785/android-jvm-reports/build/ci/android/optimized-test-signed/final-screen.png	/root/projects/PartyDeck/artifacts/screenshot-queue-34485033488-34485028785-v1/payload/docs/screenshots/android-34485028785/optimized-test-signed/final-screen.png	docs/screenshots/android-34485028785/optimized-test-signed/final-screen.png
5590cc7454e23d0df727b914442a12af2f6953f60575e69c8527a6e07e744474	95600	/root/projects/PartyDeck/artifacts/evidence-storage/34485028785/android-jvm-reports/build/ci/android/godot-session/debug/runtime/godot-session-result.json	/root/projects/PartyDeck/artifacts/screenshot-queue-34485033488-34485028785-v1/payload/docs/screenshots/android-34485028785/godot-session/debug/runtime/godot-session-result.json	docs/screenshots/android-34485028785/godot-session/debug/runtime/godot-session-result.json
92f5e13514b7725224f25fb5a2177f24c50041b2a09945235e900c858cd9c6eb	132385	/root/projects/PartyDeck/artifacts/evidence-storage/34485028785/android-jvm-reports/build/ci/android/godot-session/debug/runtime/captures/home-cold.png	/root/projects/PartyDeck/artifacts/screenshot-queue-34485033488-34485028785-v1/payload/docs/screenshots/android-34485028785/godot-session/debug/runtime/captures/home-cold.png	docs/screenshots/android-34485028785/godot-session/debug/runtime/captures/home-cold.png
035b6df440c5a044f9cfc89bc6626f754d004d33bc190a8323bf905a7b3cdc8e	12578	/root/projects/PartyDeck/artifacts/evidence-storage/34485028785/android-jvm-reports/build/ci/android/godot-session/debug/runtime/captures/home-cold.xml	/root/projects/PartyDeck/artifacts/screenshot-queue-34485033488-34485028785-v1/payload/docs/screenshots/android-34485028785/godot-session/debug/runtime/captures/home-cold.xml	docs/screenshots/android-34485028785/godot-session/debug/runtime/captures/home-cold.xml
b3ae0ec564e5b859e5d9351f2003ec3cb3773e69f8fc7c72cb1a587dc15a70e6	1850	/root/projects/PartyDeck/artifacts/evidence-storage/34485028785/android-jvm-reports/build/ci/android/godot-session/debug/runtime/captures/home-cold.json	/root/projects/PartyDeck/artifacts/screenshot-queue-34485033488-34485028785-v1/payload/docs/screenshots/android-34485028785/godot-session/debug/runtime/captures/home-cold.json	docs/screenshots/android-34485028785/godot-session/debug/runtime/captures/home-cold.json
ea62cf8d4206441da79bfc3a7c113caf75f307093c798e7cb1ed084c01d4285a	126599	/root/projects/PartyDeck/artifacts/evidence-storage/34485028785/android-jvm-reports/build/ci/android/godot-session/debug/runtime/captures/2d-baseline-public.png	/root/projects/PartyDeck/artifacts/screenshot-queue-34485033488-34485028785-v1/payload/docs/screenshots/android-34485028785/godot-session/debug/runtime/captures/2d-baseline-public.png	docs/screenshots/android-34485028785/godot-session/debug/runtime/captures/2d-baseline-public.png
1cc1fcb8a0ebe3641c9c94e38bbecae4b0a20e71feb11336a30c793febba9bce	16961	/root/projects/PartyDeck/artifacts/evidence-storage/34485028785/android-jvm-reports/build/ci/android/godot-session/debug/runtime/captures/2d-baseline-public.xml	/root/projects/PartyDeck/artifacts/screenshot-queue-34485033488-34485028785-v1/payload/docs/screenshots/android-34485028785/godot-session/debug/runtime/captures/2d-baseline-public.xml	docs/screenshots/android-34485028785/godot-session/debug/runtime/captures/2d-baseline-public.xml
13c66193141f62eb9cf7cb1cf3c8b7aa1917eee5ecf4b0838bb2cec2af4ffd1e	1880	/root/projects/PartyDeck/artifacts/evidence-storage/34485028785/android-jvm-reports/build/ci/android/godot-session/debug/runtime/captures/2d-baseline-public.json	/root/projects/PartyDeck/artifacts/screenshot-queue-34485033488-34485028785-v1/payload/docs/screenshots/android-34485028785/godot-session/debug/runtime/captures/2d-baseline-public.json	docs/screenshots/android-34485028785/godot-session/debug/runtime/captures/2d-baseline-public.json
7fb063a3faf1102c3e28d69ad6a89b597600c14b4ee98d5054bbb092c0713365	119887	/root/projects/PartyDeck/artifacts/evidence-storage/34485028785/android-jvm-reports/build/ci/android/godot-session/debug/runtime/captures/2d-baseline-first-card.png	/root/projects/PartyDeck/artifacts/screenshot-queue-34485033488-34485028785-v1/payload/docs/screenshots/android-34485028785/godot-session/debug/runtime/captures/2d-baseline-first-card.png	docs/screenshots/android-34485028785/godot-session/debug/runtime/captures/2d-baseline-first-card.png
16ea7c6cc7f98d27bb5096166bec41b291439d92dcfa8c0cbca5edc004420ee7	22171	/root/projects/PartyDeck/artifacts/evidence-storage/34485028785/android-jvm-reports/build/ci/android/godot-session/debug/runtime/captures/2d-baseline-first-card.xml	/root/projects/PartyDeck/artifacts/screenshot-queue-34485033488-34485028785-v1/payload/docs/screenshots/android-34485028785/godot-session/debug/runtime/captures/2d-baseline-first-card.xml	docs/screenshots/android-34485028785/godot-session/debug/runtime/captures/2d-baseline-first-card.xml
316ac130548aed840d680ecc88dcf67bc3f5a5bc6c33fb6923e7df641984d9c8	1892	/root/projects/PartyDeck/artifacts/evidence-storage/34485028785/android-jvm-reports/build/ci/android/godot-session/debug/runtime/captures/2d-baseline-first-card.json	/root/projects/PartyDeck/artifacts/screenshot-queue-34485033488-34485028785-v1/payload/docs/screenshots/android-34485028785/godot-session/debug/runtime/captures/2d-baseline-first-card.json	docs/screenshots/android-34485028785/godot-session/debug/runtime/captures/2d-baseline-first-card.json
c5c02674ae46fde4efc0dc7ac70aeaaa4bb1fe8c416739289d5b2930e60485ff	119527	/root/projects/PartyDeck/artifacts/evidence-storage/34485028785/android-jvm-reports/build/ci/android/godot-session/debug/runtime/captures/2d-baseline-selected.png	/root/projects/PartyDeck/artifacts/screenshot-queue-34485033488-34485028785-v1/payload/docs/screenshots/android-34485028785/godot-session/debug/runtime/captures/2d-baseline-selected.png	docs/screenshots/android-34485028785/godot-session/debug/runtime/captures/2d-baseline-selected.png
d0f5e3e97b6e5d082dd6c0456c68999b9178845524901569633f845f2e33c658	22165	/root/projects/PartyDeck/artifacts/evidence-storage/34485028785/android-jvm-reports/build/ci/android/godot-session/debug/runtime/captures/2d-baseline-selected.xml	/root/projects/PartyDeck/artifacts/screenshot-queue-34485033488-34485028785-v1/payload/docs/screenshots/android-34485028785/godot-session/debug/runtime/captures/2d-baseline-selected.xml	docs/screenshots/android-34485028785/godot-session/debug/runtime/captures/2d-baseline-selected.xml
06cdbf504d719677d703a8d5f79c5ed7138849276c825f9e6ba6e8caf4a45ad4	1886	/root/projects/PartyDeck/artifacts/evidence-storage/34485028785/android-jvm-reports/build/ci/android/godot-session/debug/runtime/captures/2d-baseline-selected.json	/root/projects/PartyDeck/artifacts/screenshot-queue-34485033488-34485028785-v1/payload/docs/screenshots/android-34485028785/godot-session/debug/runtime/captures/2d-baseline-selected.json	docs/screenshots/android-34485028785/godot-session/debug/runtime/captures/2d-baseline-selected.json
6d67876580c8ed91c869a29b510a4704c66a625c53508d48788b70b140fea873	58498	/root/projects/PartyDeck/artifacts/evidence-storage/34485028785/android-jvm-reports/build/ci/android/godot-session/debug/runtime/captures/2d-entry-selector.png	/root/projects/PartyDeck/artifacts/screenshot-queue-34485033488-34485028785-v1/payload/docs/screenshots/android-34485028785/godot-session/debug/runtime/captures/2d-entry-selector.png	docs/screenshots/android-34485028785/godot-session/debug/runtime/captures/2d-entry-selector.png
a63cdeb42eb34c60fba2bcdc6f20e0583bf97e0db23a12cbb9b7b90ba2cb6f7e	8370	/root/projects/PartyDeck/artifacts/evidence-storage/34485028785/android-jvm-reports/build/ci/android/godot-session/debug/runtime/captures/2d-entry-selector.xml	/root/projects/PartyDeck/artifacts/screenshot-queue-34485033488-34485028785-v1/payload/docs/screenshots/android-34485028785/godot-session/debug/runtime/captures/2d-entry-selector.xml	docs/screenshots/android-34485028785/godot-session/debug/runtime/captures/2d-entry-selector.xml
4df64549a6c09f06580c4ac44f31294aa7385a56e3a20e851efa7e2e92918dbd	1872	/root/projects/PartyDeck/artifacts/evidence-storage/34485028785/android-jvm-reports/build/ci/android/godot-session/debug/runtime/captures/2d-entry-selector.json	/root/projects/PartyDeck/artifacts/screenshot-queue-34485033488-34485028785-v1/payload/docs/screenshots/android-34485028785/godot-session/debug/runtime/captures/2d-entry-selector.json	docs/screenshots/android-34485028785/godot-session/debug/runtime/captures/2d-entry-selector.json
6d517ccf55a9fcb06b8aa08d17ceda70f5d1b116d4a02fec27ee830d3aab2e99	126630	/root/projects/PartyDeck/artifacts/evidence-storage/34485028785/android-jvm-reports/build/ci/android/godot-session/debug/runtime/captures/final-diagnostic.png	/root/projects/PartyDeck/artifacts/screenshot-queue-34485033488-34485028785-v1/payload/docs/screenshots/android-34485028785/godot-session/debug/runtime/captures/final-diagnostic.png	docs/screenshots/android-34485028785/godot-session/debug/runtime/captures/final-diagnostic.png
1cc1fcb8a0ebe3641c9c94e38bbecae4b0a20e71feb11336a30c793febba9bce	16961	/root/projects/PartyDeck/artifacts/evidence-storage/34485028785/android-jvm-reports/build/ci/android/godot-session/debug/runtime/captures/final-diagnostic.xml	/root/projects/PartyDeck/artifacts/screenshot-queue-34485033488-34485028785-v1/payload/docs/screenshots/android-34485028785/godot-session/debug/runtime/captures/final-diagnostic.xml	docs/screenshots/android-34485028785/godot-session/debug/runtime/captures/final-diagnostic.xml
2cdfc1c2485ff7fc8c58b5e37e8ebafa5753855f86f294391ea56adafa933c4f	1869	/root/projects/PartyDeck/artifacts/evidence-storage/34485028785/android-jvm-reports/build/ci/android/godot-session/debug/runtime/captures/final-diagnostic.json	/root/projects/PartyDeck/artifacts/screenshot-queue-34485033488-34485028785-v1/payload/docs/screenshots/android-34485028785/godot-session/debug/runtime/captures/final-diagnostic.json	docs/screenshots/android-34485028785/godot-session/debug/runtime/captures/final-diagnostic.json
c1547b4e53f8a5d9655dcd005d7de72365e2ca568d0a73b8b619c2bfb13acc16	95503	/root/projects/PartyDeck/artifacts/evidence-storage/34485028785/android-jvm-reports/build/ci/android/godot-session/optimized-test-signed/runtime/godot-session-result.json	/root/projects/PartyDeck/artifacts/screenshot-queue-34485033488-34485028785-v1/payload/docs/screenshots/android-34485028785/godot-session/optimized-test-signed/runtime/godot-session-result.json	docs/screenshots/android-34485028785/godot-session/optimized-test-signed/runtime/godot-session-result.json
da95dd57814feef6af4afb0822e7b226ff5877431abf2e5c14486c4f5027e59f	131722	/root/projects/PartyDeck/artifacts/evidence-storage/34485028785/android-jvm-reports/build/ci/android/godot-session/optimized-test-signed/runtime/captures/home-cold.png	/root/projects/PartyDeck/artifacts/screenshot-queue-34485033488-34485028785-v1/payload/docs/screenshots/android-34485028785/godot-session/optimized-test-signed/runtime/captures/home-cold.png	docs/screenshots/android-34485028785/godot-session/optimized-test-signed/runtime/captures/home-cold.png
55e5edcbd8e91cd50fa9b2f46ab6bd62a9988170a9f47e17b68d84bb6e3a8a3b	12541	/root/projects/PartyDeck/artifacts/evidence-storage/34485028785/android-jvm-reports/build/ci/android/godot-session/optimized-test-signed/runtime/captures/home-cold.xml	/root/projects/PartyDeck/artifacts/screenshot-queue-34485033488-34485028785-v1/payload/docs/screenshots/android-34485028785/godot-session/optimized-test-signed/runtime/captures/home-cold.xml	docs/screenshots/android-34485028785/godot-session/optimized-test-signed/runtime/captures/home-cold.xml
89c71477ba5ea2b99d23d8129781088a486d9afbb90abcb69c2b2aa0c6b5e198	1854	/root/projects/PartyDeck/artifacts/evidence-storage/34485028785/android-jvm-reports/build/ci/android/godot-session/optimized-test-signed/runtime/captures/home-cold.json	/root/projects/PartyDeck/artifacts/screenshot-queue-34485033488-34485028785-v1/payload/docs/screenshots/android-34485028785/godot-session/optimized-test-signed/runtime/captures/home-cold.json	docs/screenshots/android-34485028785/godot-session/optimized-test-signed/runtime/captures/home-cold.json
8dd4bbacf26a18774a9d41ef884096e73335653042e8f3d3627bf92a040776b5	127518	/root/projects/PartyDeck/artifacts/evidence-storage/34485028785/android-jvm-reports/build/ci/android/godot-session/optimized-test-signed/runtime/captures/2d-baseline-public.png	/root/projects/PartyDeck/artifacts/screenshot-queue-34485033488-34485028785-v1/payload/docs/screenshots/android-34485028785/godot-session/optimized-test-signed/runtime/captures/2d-baseline-public.png	docs/screenshots/android-34485028785/godot-session/optimized-test-signed/runtime/captures/2d-baseline-public.png
9f32d2ca4056f857f1550d7d023672d1206709698377c96a24066762239356a3	16924	/root/projects/PartyDeck/artifacts/evidence-storage/34485028785/android-jvm-reports/build/ci/android/godot-session/optimized-test-signed/runtime/captures/2d-baseline-public.xml	/root/projects/PartyDeck/artifacts/screenshot-queue-34485033488-34485028785-v1/payload/docs/screenshots/android-34485028785/godot-session/optimized-test-signed/runtime/captures/2d-baseline-public.xml	docs/screenshots/android-34485028785/godot-session/optimized-test-signed/runtime/captures/2d-baseline-public.xml
be91fcf8928c2ea3e755ff45e87103a6cfe0d781fbff93b96f9ecbb514979a00	1884	/root/projects/PartyDeck/artifacts/evidence-storage/34485028785/android-jvm-reports/build/ci/android/godot-session/optimized-test-signed/runtime/captures/2d-baseline-public.json	/root/projects/PartyDeck/artifacts/screenshot-queue-34485033488-34485028785-v1/payload/docs/screenshots/android-34485028785/godot-session/optimized-test-signed/runtime/captures/2d-baseline-public.json	docs/screenshots/android-34485028785/godot-session/optimized-test-signed/runtime/captures/2d-baseline-public.json
b4d1651f89356637be29dcf716a9e19ea88c0105c44e831e9c37a1509f6a1d28	125903	/root/projects/PartyDeck/artifacts/evidence-storage/34485028785/android-jvm-reports/build/ci/android/godot-session/optimized-test-signed/runtime/captures/2d-baseline-first-card.png	/root/projects/PartyDeck/artifacts/screenshot-queue-34485033488-34485028785-v1/payload/docs/screenshots/android-34485028785/godot-session/optimized-test-signed/runtime/captures/2d-baseline-first-card.png	docs/screenshots/android-34485028785/godot-session/optimized-test-signed/runtime/captures/2d-baseline-first-card.png
5fb1117304d86245093b3aa3a5de20ef23e76111da48caa137171c875ed6d08c	22133	/root/projects/PartyDeck/artifacts/evidence-storage/34485028785/android-jvm-reports/build/ci/android/godot-session/optimized-test-signed/runtime/captures/2d-baseline-first-card.xml	/root/projects/PartyDeck/artifacts/screenshot-queue-34485033488-34485028785-v1/payload/docs/screenshots/android-34485028785/godot-session/optimized-test-signed/runtime/captures/2d-baseline-first-card.xml	docs/screenshots/android-34485028785/godot-session/optimized-test-signed/runtime/captures/2d-baseline-first-card.xml
a09c131900e538e882aafcb095846e109d119a4a1fe6fb041614d1d57ea66ca2	1896	/root/projects/PartyDeck/artifacts/evidence-storage/34485028785/android-jvm-reports/build/ci/android/godot-session/optimized-test-signed/runtime/captures/2d-baseline-first-card.json	/root/projects/PartyDeck/artifacts/screenshot-queue-34485033488-34485028785-v1/payload/docs/screenshots/android-34485028785/godot-session/optimized-test-signed/runtime/captures/2d-baseline-first-card.json	docs/screenshots/android-34485028785/godot-session/optimized-test-signed/runtime/captures/2d-baseline-first-card.json
2456ac0dfaa63c71a8deeae6a0ad029a6d81d91dacbe2bcc43613b0c4517e400	125381	/root/projects/PartyDeck/artifacts/evidence-storage/34485028785/android-jvm-reports/build/ci/android/godot-session/optimized-test-signed/runtime/captures/2d-baseline-selected.png	/root/projects/PartyDeck/artifacts/screenshot-queue-34485033488-34485028785-v1/payload/docs/screenshots/android-34485028785/godot-session/optimized-test-signed/runtime/captures/2d-baseline-selected.png	docs/screenshots/android-34485028785/godot-session/optimized-test-signed/runtime/captures/2d-baseline-selected.png
b2160743ddb8ada35987101c928627357e3803ae2969f1bae3a117e32a20192f	22127	/root/projects/PartyDeck/artifacts/evidence-storage/34485028785/android-jvm-reports/build/ci/android/godot-session/optimized-test-signed/runtime/captures/2d-baseline-selected.xml	/root/projects/PartyDeck/artifacts/screenshot-queue-34485033488-34485028785-v1/payload/docs/screenshots/android-34485028785/godot-session/optimized-test-signed/runtime/captures/2d-baseline-selected.xml	docs/screenshots/android-34485028785/godot-session/optimized-test-signed/runtime/captures/2d-baseline-selected.xml
c5d00a86ac3d5bb5a3971e3b3e15d59807da6288580d421cc63aad044d7e8eed	1890	/root/projects/PartyDeck/artifacts/evidence-storage/34485028785/android-jvm-reports/build/ci/android/godot-session/optimized-test-signed/runtime/captures/2d-baseline-selected.json	/root/projects/PartyDeck/artifacts/screenshot-queue-34485033488-34485028785-v1/payload/docs/screenshots/android-34485028785/godot-session/optimized-test-signed/runtime/captures/2d-baseline-selected.json	docs/screenshots/android-34485028785/godot-session/optimized-test-signed/runtime/captures/2d-baseline-selected.json
eeb7c81839d218fc95da2f20b44c6f007636d963b5df823d3097b9353a4db83b	57894	/root/projects/PartyDeck/artifacts/evidence-storage/34485028785/android-jvm-reports/build/ci/android/godot-session/optimized-test-signed/runtime/captures/2d-entry-selector.png	/root/projects/PartyDeck/artifacts/screenshot-queue-34485033488-34485028785-v1/payload/docs/screenshots/android-34485028785/godot-session/optimized-test-signed/runtime/captures/2d-entry-selector.png	docs/screenshots/android-34485028785/godot-session/optimized-test-signed/runtime/captures/2d-entry-selector.png
a63cdeb42eb34c60fba2bcdc6f20e0583bf97e0db23a12cbb9b7b90ba2cb6f7e	8370	/root/projects/PartyDeck/artifacts/evidence-storage/34485028785/android-jvm-reports/build/ci/android/godot-session/optimized-test-signed/runtime/captures/2d-entry-selector.xml	/root/projects/PartyDeck/artifacts/screenshot-queue-34485033488-34485028785-v1/payload/docs/screenshots/android-34485028785/godot-session/optimized-test-signed/runtime/captures/2d-entry-selector.xml	docs/screenshots/android-34485028785/godot-session/optimized-test-signed/runtime/captures/2d-entry-selector.xml
9a3a6e3202ae4a208ac98016f92945f2bc55ea968bb76b2938881083116e851a	1876	/root/projects/PartyDeck/artifacts/evidence-storage/34485028785/android-jvm-reports/build/ci/android/godot-session/optimized-test-signed/runtime/captures/2d-entry-selector.json	/root/projects/PartyDeck/artifacts/screenshot-queue-34485033488-34485028785-v1/payload/docs/screenshots/android-34485028785/godot-session/optimized-test-signed/runtime/captures/2d-entry-selector.json	docs/screenshots/android-34485028785/godot-session/optimized-test-signed/runtime/captures/2d-entry-selector.json
5fad0e59c80d57406699b2a449939aa2c45f6de09255ebcd154ba6d83decdeb8	127909	/root/projects/PartyDeck/artifacts/evidence-storage/34485028785/android-jvm-reports/build/ci/android/godot-session/optimized-test-signed/runtime/captures/final-diagnostic.png	/root/projects/PartyDeck/artifacts/screenshot-queue-34485033488-34485028785-v1/payload/docs/screenshots/android-34485028785/godot-session/optimized-test-signed/runtime/captures/final-diagnostic.png	docs/screenshots/android-34485028785/godot-session/optimized-test-signed/runtime/captures/final-diagnostic.png
9f32d2ca4056f857f1550d7d023672d1206709698377c96a24066762239356a3	16924	/root/projects/PartyDeck/artifacts/evidence-storage/34485028785/android-jvm-reports/build/ci/android/godot-session/optimized-test-signed/runtime/captures/final-diagnostic.xml	/root/projects/PartyDeck/artifacts/screenshot-queue-34485033488-34485028785-v1/payload/docs/screenshots/android-34485028785/godot-session/optimized-test-signed/runtime/captures/final-diagnostic.xml	docs/screenshots/android-34485028785/godot-session/optimized-test-signed/runtime/captures/final-diagnostic.xml
7e5c126778a280f484ec1243ae738e4de2eeb8c41465f00b6184c94d8aa949c1	1873	/root/projects/PartyDeck/artifacts/evidence-storage/34485028785/android-jvm-reports/build/ci/android/godot-session/optimized-test-signed/runtime/captures/final-diagnostic.json	/root/projects/PartyDeck/artifacts/screenshot-queue-34485033488-34485028785-v1/payload/docs/screenshots/android-34485028785/godot-session/optimized-test-signed/runtime/captures/final-diagnostic.json	docs/screenshots/android-34485028785/godot-session/optimized-test-signed/runtime/captures/final-diagnostic.json
4580c57a7d42b7c524b1948162bd75f74c6e4c5ff03c85e26d05213323132de8	15930	/root/projects/PartyDeck/artifacts/evidence-storage/34485028785/collection-frozen.json	/root/projects/PartyDeck/artifacts/screenshot-queue-34485033488-34485028785-v1/payload/docs/screenshots/android-34485028785/provenance/collection-frozen.json	docs/screenshots/android-34485028785/provenance/collection-frozen.json
62735d02e852d3384ae544ce6fa26bb68ff13125148244b733ca9b0d9b6e9565	402361	/root/projects/PartyDeck/artifacts/evidence-storage/34485028785/review/runtime-evidence-audit-v2.json	/root/projects/PartyDeck/artifacts/screenshot-queue-34485033488-34485028785-v1/payload/docs/screenshots/android-34485028785/provenance/runtime-evidence-audit-v2.json	docs/screenshots/android-34485028785/provenance/runtime-evidence-audit-v2.json
c0013b4112242c8403bb56381d65bf5892e064b4d94bf7ad7f586694e621051c	27273	/root/projects/PartyDeck/artifacts/evidence-storage/34485028785/review/picker-to-native-failure-audit.json	/root/projects/PartyDeck/artifacts/screenshot-queue-34485033488-34485028785-v1/payload/docs/screenshots/android-34485028785/provenance/picker-to-native-failure-audit.json	docs/screenshots/android-34485028785/provenance/picker-to-native-failure-audit.json
a7aeda4e2f12b0cf3520e2ae028901bc38c588cbc4eee41d7d97c160aeafeb87	6456	/root/projects/PartyDeck/artifacts/evidence-storage/34485028785/review/RESULT.md	/root/projects/PartyDeck/artifacts/screenshot-queue-34485033488-34485028785-v1/payload/docs/screenshots/android-34485028785/provenance/RESULT.md	docs/screenshots/android-34485028785/provenance/RESULT.md
