sha256	bytes	source	staged	destination
e3b9fa16fffd1370aacb6c23b4f750f9e9f22d0b4a7db8cedc0b272e629dfe0c	15124	/root/projects/PartyDeck/artifacts/evidence-storage/34488350932/collection-evidence-frozen.json	/root/projects/PartyDeck/artifacts/screenshot-queue-ios-34488350932-34496252392-v1/payload/docs/screenshots/godot-ios-native-34488350932/provenance/collection-evidence-frozen.json	docs/screenshots/godot-ios-native-34488350932/provenance/collection-evidence-frozen.json
a2b732c42fa264b2ed4436f764fdb5390c430304ddf7eb8c5b43aae768bc3136	78746	/root/projects/PartyDeck/artifacts/evidence-storage/34488350932/collection-evidence-summary.json	/root/projects/PartyDeck/artifacts/screenshot-queue-ios-34488350932-34496252392-v1/payload/docs/screenshots/godot-ios-native-34488350932/provenance/collection-evidence-summary.json	docs/screenshots/godot-ios-native-34488350932/provenance/collection-evidence-summary.json
65ab98a558e5bdfb9c84af6a28f8f5496283e1c8a9bf3194a786d778a3af9f90	491491	/root/projects/PartyDeck/artifacts/evidence-storage/34488350932/external-supplements/gallery-source-map-v1/mapping.json	/root/projects/PartyDeck/artifacts/screenshot-queue-ios-34488350932-34496252392-v1/payload/docs/screenshots/godot-ios-native-34488350932/provenance/source-map/mapping.json	docs/screenshots/godot-ios-native-34488350932/provenance/source-map/mapping.json
e43182b6b4dbb32d01502243d0d1e99dca51cad62c0bf5c3a1074f4784e7e454	1084	/root/projects/PartyDeck/artifacts/evidence-storage/34488350932/external-supplements/gallery-source-map-v1/receipt.json	/root/projects/PartyDeck/artifacts/screenshot-queue-ios-34488350932-34496252392-v1/payload/docs/screenshots/godot-ios-native-34488350932/provenance/source-map/receipt.json	docs/screenshots/godot-ios-native-34488350932/provenance/source-map/receipt.json
1e8ea2317cddda349e36a624ec4f5fb74b6db90d1d4d6f8d2c28e1b1089706fe	44756	/root/projects/PartyDeck/artifacts/evidence-storage/ios-validate-34496252392/retained-original-capture-mapping.json	/root/projects/PartyDeck/artifacts/screenshot-queue-ios-34488350932-34496252392-v1/payload/docs/screenshots/ios-34496252392/provenance/retained-original-capture-mapping.json	docs/screenshots/ios-34496252392/provenance/retained-original-capture-mapping.json
15ef59e3fbf07b598dc0a50e93b9777ba7cc3048d3777951cd69c0a1dfdfa227	8540	/root/projects/PartyDeck/artifacts/evidence-storage/ios-validate-34496252392/collection-complete.json	/root/projects/PartyDeck/artifacts/screenshot-queue-ios-34488350932-34496252392-v1/payload/docs/screenshots/ios-34496252392/provenance/collection-complete.json	docs/screenshots/ios-34496252392/provenance/collection-complete.json
8dd76928ffddd13713383c3eefb7fcdb88fef8b210f723ffc7afb9db474d0514	2511	/root/projects/PartyDeck/artifacts/evidence-storage/ios-validate-34496252392/viewed-images.json	/root/projects/PartyDeck/artifacts/screenshot-queue-ios-34488350932-34496252392-v1/payload/docs/screenshots/ios-34496252392/provenance/viewed-images.json	docs/screenshots/ios-34496252392/provenance/viewed-images.json
6cf1f5b40ff0bf6d5dbcc3bf1803a1809c94fa4fc9c567dfd9ff3da71f2f050a	3086	/root/projects/PartyDeck/artifacts/evidence-storage/ios-validate-34496252392/ordinary-native-layout-scope.json	/root/projects/PartyDeck/artifacts/screenshot-queue-ios-34488350932-34496252392-v1/payload/docs/screenshots/ios-34496252392/provenance/ordinary-native-layout-scope.json	docs/screenshots/ios-34496252392/provenance/ordinary-native-layout-scope.json
d7f58dd6406c6d48b626584bfe34b1298c1141912c9c629350380cdeaa5b1273	8428	/root/projects/PartyDeck/artifacts/evidence-storage/ios-validate-34496252392/ordinary-xctest-results.json	/root/projects/PartyDeck/artifacts/screenshot-queue-ios-34488350932-34496252392-v1/payload/docs/screenshots/ios-34496252392/provenance/ordinary-xctest-results.json	docs/screenshots/ios-34496252392/provenance/ordinary-xctest-results.json
acdc30645de1bdbe4b4d47ffe3ca0a24be26fab0ec0159cc6ff55b16948963aa	3992	/root/projects/PartyDeck/artifacts/evidence-storage/ios-validate-34496252392/live-errors/standard-audit-attachments/receipt.json	/root/projects/PartyDeck/artifacts/screenshot-queue-ios-34488350932-34496252392-v1/payload/docs/screenshots/ios-34496252392/provenance/live-errors/standard-audit-attachments/receipt.json	docs/screenshots/ios-34496252392/provenance/live-errors/standard-audit-attachments/receipt.json
644800f9e8c3e54cd1f7d51fd712783feff969a490c25cc2eceedccd54494d8a	73764	/tmp/partydeck-gallery-after-2013-native-visual-review.json	/root/projects/PartyDeck/artifacts/screenshot-queue-ios-34488350932-34496252392-v1/payload/docs/screenshots/godot-ios-native-34488350932/provenance/native-visual-review.json	docs/screenshots/godot-ios-native-34488350932/provenance/native-visual-review.json
d0eea8cf0675ba53a2729186c8206d7632f9014146e1a7308df09002313799dd	1352	/tmp/partydeck-gallery-after-2013-ios-production-observations.json	/root/projects/PartyDeck/artifacts/screenshot-queue-ios-34488350932-34496252392-v1/payload/docs/screenshots/ios-34496252392/provenance/review-design-visual-observations.json	docs/screenshots/ios-34496252392/provenance/review-design-visual-observations.json
6876969f4dea79228e2bd8398c55cbef30a73f5f7fa0401dda514b8c315ee895	18962	/tmp/partydeck-engine-ci/34488350932/godot-ios-retained-host-test-attempt-1/retained-host-test/artifacts/attachments/6103EA79-DF29-4028-BA6D-AE3C1AB96D5B.json	/root/projects/PartyDeck/artifacts/screenshot-queue-ios-34488350932-34496252392-v1/payload/docs/screenshots/godot-ios-native-34488350932/retained/attachments/6103EA79-DF29-4028-BA6D-AE3C1AB96D5B.json	docs/screenshots/godot-ios-native-34488350932/retained/attachments/6103EA79-DF29-4028-BA6D-AE3C1AB96D5B.json
f1ba3f4f9db540c079e17b3733c0d6f45a2a441bcc5fd536ee52775e8d0fd973	18967	/tmp/partydeck-engine-ci/34488350932/godot-ios-retained-host-test-attempt-1/retained-host-test/artifacts/attachments/904CF9E1-CCB9-40FA-8FFC-3E936FE5ED76.json	/root/projects/PartyDeck/artifacts/screenshot-queue-ios-34488350932-34496252392-v1/payload/docs/screenshots/godot-ios-native-34488350932/retained/attachments/904CF9E1-CCB9-40FA-8FFC-3E936FE5ED76.json	docs/screenshots/godot-ios-native-34488350932/retained/attachments/904CF9E1-CCB9-40FA-8FFC-3E936FE5ED76.json
52ef5db7881764cc2c1b1224d72fca208f7ed5016f9ad655c3fc9da373f962cf	21069	/tmp/partydeck-engine-ci/34488350932/godot-ios-retained-host-test-attempt-1/retained-host-test/artifacts/attachments/7EF60204-5872-48B4-AA15-C400F1D3E8EB.json	/root/projects/PartyDeck/artifacts/screenshot-queue-ios-34488350932-34496252392-v1/payload/docs/screenshots/godot-ios-native-34488350932/retained/attachments/7EF60204-5872-48B4-AA15-C400F1D3E8EB.json	docs/screenshots/godot-ios-native-34488350932/retained/attachments/7EF60204-5872-48B4-AA15-C400F1D3E8EB.json
95341a3b6c430362d7f93d75a5ca072719fe49a85865f69475f12908cb29702c	245071	/tmp/partydeck-engine-ci/34488350932/godot-ios-retained-host-test-attempt-1/retained-host-test/artifacts/attachments/CFDDE82F-81CF-417A-9E0F-F832F9BBCC9D.png	/root/projects/PartyDeck/artifacts/screenshot-queue-ios-34488350932-34496252392-v1/payload/docs/screenshots/godot-ios-native-34488350932/retained/attachments/CFDDE82F-81CF-417A-9E0F-F832F9BBCC9D.png	docs/screenshots/godot-ios-native-34488350932/retained/attachments/CFDDE82F-81CF-417A-9E0F-F832F9BBCC9D.png
271e1eac0cf1661af3506c71eea8b6c78783422ec2449a05d0d53e6f7d787edd	19325	/tmp/partydeck-engine-ci/34488350932/godot-ios-retained-host-test-attempt-1/retained-host-test/artifacts/attachments/755FB2EC-F1BD-4BB4-A848-50D734539470.json	/root/projects/PartyDeck/artifacts/screenshot-queue-ios-34488350932-34496252392-v1/payload/docs/screenshots/godot-ios-native-34488350932/retained/attachments/755FB2EC-F1BD-4BB4-A848-50D734539470.json	docs/screenshots/godot-ios-native-34488350932/retained/attachments/755FB2EC-F1BD-4BB4-A848-50D734539470.json
85911e3a9c92fef8ea53d3e59289d8ea8c3c13cf562eb05e35aa9a58fef0729b	270543	/tmp/partydeck-engine-ci/34488350932/godot-ios-retained-host-test-attempt-1/retained-host-test/artifacts/attachments/BB3046A9-5E84-4497-97D0-5F0CF6D2E01F.png	/root/projects/PartyDeck/artifacts/screenshot-queue-ios-34488350932-34496252392-v1/payload/docs/screenshots/godot-ios-native-34488350932/retained/attachments/BB3046A9-5E84-4497-97D0-5F0CF6D2E01F.png	docs/screenshots/godot-ios-native-34488350932/retained/attachments/BB3046A9-5E84-4497-97D0-5F0CF6D2E01F.png
bdc8c023eaac9ffd6b43a3563c7ea0b0460d794d9e76afa5bfc2cf28939ae17e	17419	/tmp/partydeck-engine-ci/34488350932/godot-ios-retained-host-test-attempt-1/retained-host-test/artifacts/attachments/5D2B8FEA-4F3C-4A8C-9276-A0879ABB1EAD.json	/root/projects/PartyDeck/artifacts/screenshot-queue-ios-34488350932-34496252392-v1/payload/docs/screenshots/godot-ios-native-34488350932/retained/attachments/5D2B8FEA-4F3C-4A8C-9276-A0879ABB1EAD.json	docs/screenshots/godot-ios-native-34488350932/retained/attachments/5D2B8FEA-4F3C-4A8C-9276-A0879ABB1EAD.json
a4617fb80b7466187fef429682c344b4ce1c414bbdcad89cf464b3b0a3a79314	18966	/tmp/partydeck-engine-ci/34488350932/godot-ios-retained-host-test-attempt-1/retained-host-test/artifacts/attachments/D9423C1A-DEB6-44C9-A2F7-E7A5B79CD4FE.json	/root/projects/PartyDeck/artifacts/screenshot-queue-ios-34488350932-34496252392-v1/payload/docs/screenshots/godot-ios-native-34488350932/retained/attachments/D9423C1A-DEB6-44C9-A2F7-E7A5B79CD4FE.json	docs/screenshots/godot-ios-native-34488350932/retained/attachments/D9423C1A-DEB6-44C9-A2F7-E7A5B79CD4FE.json
3da10bb636ab921ea3ced919f7cb6c235214c3428f1306da0652e9a552630576	21099	/tmp/partydeck-engine-ci/34488350932/godot-ios-retained-host-test-attempt-1/retained-host-test/artifacts/attachments/5AEFF31D-8E7A-4730-B9A6-0E8F0220C9C0.json	/root/projects/PartyDeck/artifacts/screenshot-queue-ios-34488350932-34496252392-v1/payload/docs/screenshots/godot-ios-native-34488350932/retained/attachments/5AEFF31D-8E7A-4730-B9A6-0E8F0220C9C0.json	docs/screenshots/godot-ios-native-34488350932/retained/attachments/5AEFF31D-8E7A-4730-B9A6-0E8F0220C9C0.json
95341a3b6c430362d7f93d75a5ca072719fe49a85865f69475f12908cb29702c	245071	/tmp/partydeck-engine-ci/34488350932/godot-ios-retained-host-test-attempt-1/retained-host-test/artifacts/attachments/382525B2-6B8C-4E32-84EF-CE9BA0F7CE49.png	/root/projects/PartyDeck/artifacts/screenshot-queue-ios-34488350932-34496252392-v1/payload/docs/screenshots/godot-ios-native-34488350932/retained/attachments/382525B2-6B8C-4E32-84EF-CE9BA0F7CE49.png	docs/screenshots/godot-ios-native-34488350932/retained/attachments/382525B2-6B8C-4E32-84EF-CE9BA0F7CE49.png
804a1bd468a74b7263881f0fb3b3c883964005993a6beac306461bfffb32adf3	19325	/tmp/partydeck-engine-ci/34488350932/godot-ios-retained-host-test-attempt-1/retained-host-test/artifacts/attachments/50CE24C3-CDF5-4F76-AB11-8DB98BDC9C9C.json	/root/projects/PartyDeck/artifacts/screenshot-queue-ios-34488350932-34496252392-v1/payload/docs/screenshots/godot-ios-native-34488350932/retained/attachments/50CE24C3-CDF5-4F76-AB11-8DB98BDC9C9C.json	docs/screenshots/godot-ios-native-34488350932/retained/attachments/50CE24C3-CDF5-4F76-AB11-8DB98BDC9C9C.json
6fe61778bbf1279c943fe9c4ffa493b7268cc3392b5b6f64a386de2d25080f92	18978	/tmp/partydeck-engine-ci/34488350932/godot-ios-retained-host-test-attempt-1/retained-host-test/artifacts/attachments/9894BC60-2057-4778-A316-D486DC2528F7.json	/root/projects/PartyDeck/artifacts/screenshot-queue-ios-34488350932-34496252392-v1/payload/docs/screenshots/godot-ios-native-34488350932/retained/attachments/9894BC60-2057-4778-A316-D486DC2528F7.json	docs/screenshots/godot-ios-native-34488350932/retained/attachments/9894BC60-2057-4778-A316-D486DC2528F7.json
3a26dc75b26ca7960526a9fb429c04f951efe018511cb2d11a773d802f2a8c7e	21070	/tmp/partydeck-engine-ci/34488350932/godot-ios-retained-host-test-attempt-1/retained-host-test/artifacts/attachments/94CB7693-7A6E-4D34-945A-7FB6F562EFD5.json	/root/projects/PartyDeck/artifacts/screenshot-queue-ios-34488350932-34496252392-v1/payload/docs/screenshots/godot-ios-native-34488350932/retained/attachments/94CB7693-7A6E-4D34-945A-7FB6F562EFD5.json	docs/screenshots/godot-ios-native-34488350932/retained/attachments/94CB7693-7A6E-4D34-945A-7FB6F562EFD5.json
95341a3b6c430362d7f93d75a5ca072719fe49a85865f69475f12908cb29702c	245071	/tmp/partydeck-engine-ci/34488350932/godot-ios-retained-host-test-attempt-1/retained-host-test/artifacts/attachments/3B521895-B01F-4882-A192-3CCEB450C7D2.png	/root/projects/PartyDeck/artifacts/screenshot-queue-ios-34488350932-34496252392-v1/payload/docs/screenshots/godot-ios-native-34488350932/retained/attachments/3B521895-B01F-4882-A192-3CCEB450C7D2.png	docs/screenshots/godot-ios-native-34488350932/retained/attachments/3B521895-B01F-4882-A192-3CCEB450C7D2.png
4f5cf246cc18c41a611772d1acbd064b669f908c85c6d9fde40b718832d45b75	19328	/tmp/partydeck-engine-ci/34488350932/godot-ios-retained-host-test-attempt-1/retained-host-test/artifacts/attachments/2522886F-E767-49D1-A986-24D31996A55F.json	/root/projects/PartyDeck/artifacts/screenshot-queue-ios-34488350932-34496252392-v1/payload/docs/screenshots/godot-ios-native-34488350932/retained/attachments/2522886F-E767-49D1-A986-24D31996A55F.json	docs/screenshots/godot-ios-native-34488350932/retained/attachments/2522886F-E767-49D1-A986-24D31996A55F.json
d6d9b447b95286e27321efc9c9dd7d96775f5c873de3b93a6f44b0c2561264da	393	/tmp/partydeck-engine-ci/34488350932/godot-ios-retained-host-test-attempt-1/retained-host-test/artifacts/attachments/2211717F-1BE4-4848-9D04-C64B30DF23CC.json	/root/projects/PartyDeck/artifacts/screenshot-queue-ios-34488350932-34496252392-v1/payload/docs/screenshots/godot-ios-native-34488350932/retained/attachments/2211717F-1BE4-4848-9D04-C64B30DF23CC.json	docs/screenshots/godot-ios-native-34488350932/retained/attachments/2211717F-1BE4-4848-9D04-C64B30DF23CC.json
c4922ee40f5ccc2b1d1c090ce9dc2b2f0a54e257bf5eb1bd47920f4f0d05f509	15274	/tmp/partydeck-engine-ci/34488350932/godot-ios-retained-host-test-attempt-1/retained-host-test/artifacts/attachments/09EE2B21-6A8D-49B3-BDFF-D53BE19FDACE.txt	/root/projects/PartyDeck/artifacts/screenshot-queue-ios-34488350932-34496252392-v1/payload/docs/screenshots/godot-ios-native-34488350932/retained/attachments/09EE2B21-6A8D-49B3-BDFF-D53BE19FDACE.txt	docs/screenshots/godot-ios-native-34488350932/retained/attachments/09EE2B21-6A8D-49B3-BDFF-D53BE19FDACE.txt
c51cc7d61d002aab6e69385c36cfd7cfbf64d8222ab44e6f2c0f0d8cc7b74736	2804707	/tmp/partydeck-engine-ci/34488350932/godot-ios-retained-host-test-attempt-1/retained-host-test/artifacts/attachments/64CCCB44-CBBC-4033-AE03-7CA8F87EF3F9.png	/root/projects/PartyDeck/artifacts/screenshot-queue-ios-34488350932-34496252392-v1/payload/docs/screenshots/godot-ios-native-34488350932/retained/attachments/64CCCB44-CBBC-4033-AE03-7CA8F87EF3F9.png	docs/screenshots/godot-ios-native-34488350932/retained/attachments/64CCCB44-CBBC-4033-AE03-7CA8F87EF3F9.png
79ae64856dc1f22cb0032323a0de75b4d327ac5a087be8516556dfebbe2ac283	269585	/tmp/partydeck-engine-ci/34488350932/godot-ios-retained-host-test-attempt-1/retained-host-test/artifacts/attachments/BC329A5A-37C6-4588-9F76-FBBC460D1453.png	/root/projects/PartyDeck/artifacts/screenshot-queue-ios-34488350932-34496252392-v1/payload/docs/screenshots/godot-ios-native-34488350932/retained/attachments/BC329A5A-37C6-4588-9F76-FBBC460D1453.png	docs/screenshots/godot-ios-native-34488350932/retained/attachments/BC329A5A-37C6-4588-9F76-FBBC460D1453.png
9ec9ad0e629b27cda8e89fedda5cecb299c5ffe087b5ef91ed9b3aa1241771a9	17417	/tmp/partydeck-engine-ci/34488350932/godot-ios-retained-host-test-attempt-1/retained-host-test/artifacts/attachments/FECAB39B-0095-43B3-9B29-469ACBD7D9FC.json	/root/projects/PartyDeck/artifacts/screenshot-queue-ios-34488350932-34496252392-v1/payload/docs/screenshots/godot-ios-native-34488350932/retained/attachments/FECAB39B-0095-43B3-9B29-469ACBD7D9FC.json	docs/screenshots/godot-ios-native-34488350932/retained/attachments/FECAB39B-0095-43B3-9B29-469ACBD7D9FC.json
b2480051afc5b4686eaa0ea93306746f51625d322be9d8d4862f92bae75600fc	18972	/tmp/partydeck-engine-ci/34488350932/godot-ios-retained-host-test-attempt-1/retained-host-test/artifacts/attachments/593D30F5-9848-49C6-9752-562841D96422.json	/root/projects/PartyDeck/artifacts/screenshot-queue-ios-34488350932-34496252392-v1/payload/docs/screenshots/godot-ios-native-34488350932/retained/attachments/593D30F5-9848-49C6-9752-562841D96422.json	docs/screenshots/godot-ios-native-34488350932/retained/attachments/593D30F5-9848-49C6-9752-562841D96422.json
dd15fecffef47e4afc1ca7ff73cd8ea3a3e97bc01a87d4bcb135f03b48aba744	99253	/tmp/partydeck-engine-ci/34488350932/godot-ios-retained-host-test-attempt-1/retained-host-test/artifacts/attachments/7A0356F2-0B0E-49EF-97FE-DD011A3BFC38.png	/root/projects/PartyDeck/artifacts/screenshot-queue-ios-34488350932-34496252392-v1/payload/docs/screenshots/godot-ios-native-34488350932/retained/attachments/7A0356F2-0B0E-49EF-97FE-DD011A3BFC38.png	docs/screenshots/godot-ios-native-34488350932/retained/attachments/7A0356F2-0B0E-49EF-97FE-DD011A3BFC38.png
693a26836a8ef2fea8e4c1a43d07a54f4cc24f671572f0059b1f10a09bd0a4fc	24225	/tmp/partydeck-engine-ci/34488350932/godot-ios-retained-host-test-attempt-1/retained-host-test/artifacts/attachments/D6AA77F8-4C91-4D3A-84FD-F2775A798DBF.json	/root/projects/PartyDeck/artifacts/screenshot-queue-ios-34488350932-34496252392-v1/payload/docs/screenshots/godot-ios-native-34488350932/retained/attachments/D6AA77F8-4C91-4D3A-84FD-F2775A798DBF.json	docs/screenshots/godot-ios-native-34488350932/retained/attachments/D6AA77F8-4C91-4D3A-84FD-F2775A798DBF.json
134c398b813f833a63be8dfcadd2bf1da79ca548cc5ffd915fb0dddb351d144d	51410	/tmp/partydeck-engine-ci/34488350932/godot-ios-retained-host-test-attempt-1/retained-host-test/artifacts/attachments/F240D268-7B98-4E8F-BCA3-14A1B7C00C34.json	/root/projects/PartyDeck/artifacts/screenshot-queue-ios-34488350932-34496252392-v1/payload/docs/screenshots/godot-ios-native-34488350932/retained/attachments/F240D268-7B98-4E8F-BCA3-14A1B7C00C34.json	docs/screenshots/godot-ios-native-34488350932/retained/attachments/F240D268-7B98-4E8F-BCA3-14A1B7C00C34.json
347c0f1899533f71fbde996b195120501cb3034a3e7f2a4e19fe2dea2bc86295	393	/tmp/partydeck-engine-ci/34488350932/godot-ios-retained-host-test-attempt-1/retained-host-test/artifacts/attachments/54E3D7B5-FD54-443A-B5BC-601E56E2DF4D.json	/root/projects/PartyDeck/artifacts/screenshot-queue-ios-34488350932-34496252392-v1/payload/docs/screenshots/godot-ios-native-34488350932/retained/attachments/54E3D7B5-FD54-443A-B5BC-601E56E2DF4D.json	docs/screenshots/godot-ios-native-34488350932/retained/attachments/54E3D7B5-FD54-443A-B5BC-601E56E2DF4D.json
d88153230e37e40de538b96f3c2c808154159b99488fd971ba94557aa17093d8	15274	/tmp/partydeck-engine-ci/34488350932/godot-ios-retained-host-test-attempt-1/retained-host-test/artifacts/attachments/2209699B-8954-45B0-9B7C-5EBC64875957.txt	/root/projects/PartyDeck/artifacts/screenshot-queue-ios-34488350932-34496252392-v1/payload/docs/screenshots/godot-ios-native-34488350932/retained/attachments/2209699B-8954-45B0-9B7C-5EBC64875957.txt	docs/screenshots/godot-ios-native-34488350932/retained/attachments/2209699B-8954-45B0-9B7C-5EBC64875957.txt
c4b197c0f8a450e69c1090c7172ace87d249cec399ce5e9967403bfff3ea74ef	2804699	/tmp/partydeck-engine-ci/34488350932/godot-ios-retained-host-test-attempt-1/retained-host-test/artifacts/attachments/16FAC7D9-E61C-445E-9653-15F69849C830.png	/root/projects/PartyDeck/artifacts/screenshot-queue-ios-34488350932-34496252392-v1/payload/docs/screenshots/godot-ios-native-34488350932/retained/attachments/16FAC7D9-E61C-445E-9653-15F69849C830.png	docs/screenshots/godot-ios-native-34488350932/retained/attachments/16FAC7D9-E61C-445E-9653-15F69849C830.png
e9661d73bd9f5157384d0ea414bb788404c2a4a0e8a2fd6db734b029566bf547	24224	/tmp/partydeck-engine-ci/34488350932/godot-ios-retained-host-test-attempt-1/retained-host-test/artifacts/attachments/8B7778C6-1D0E-464A-8DF7-065DD04B0D93.json	/root/projects/PartyDeck/artifacts/screenshot-queue-ios-34488350932-34496252392-v1/payload/docs/screenshots/godot-ios-native-34488350932/retained/attachments/8B7778C6-1D0E-464A-8DF7-065DD04B0D93.json	docs/screenshots/godot-ios-native-34488350932/retained/attachments/8B7778C6-1D0E-464A-8DF7-065DD04B0D93.json
0e3de186c2b5e99ebbb37510727771a3df642cbde73a1f0e1a4463b29b589f24	51408	/tmp/partydeck-engine-ci/34488350932/godot-ios-retained-host-test-attempt-1/retained-host-test/artifacts/attachments/ACDA6E6C-B524-48F5-AE06-5080783B88B0.json	/root/projects/PartyDeck/artifacts/screenshot-queue-ios-34488350932-34496252392-v1/payload/docs/screenshots/godot-ios-native-34488350932/retained/attachments/ACDA6E6C-B524-48F5-AE06-5080783B88B0.json	docs/screenshots/godot-ios-native-34488350932/retained/attachments/ACDA6E6C-B524-48F5-AE06-5080783B88B0.json
63e01b6493694bede1f54e61ce31e200140020b123afb2fe8285c0ba30132a03	35572	/tmp/partydeck-engine-ci/34488350932/godot-ios-retained-host-test-attempt-1/retained-host-test/artifacts/attachments/D2DF2914-1999-415C-B69B-F8C7836AD9A3.json	/root/projects/PartyDeck/artifacts/screenshot-queue-ios-34488350932-34496252392-v1/payload/docs/screenshots/godot-ios-native-34488350932/retained/attachments/D2DF2914-1999-415C-B69B-F8C7836AD9A3.json	docs/screenshots/godot-ios-native-34488350932/retained/attachments/D2DF2914-1999-415C-B69B-F8C7836AD9A3.json
139e32a4d2b4437da1405ca7f450f47f4bd7433408588856438152f9b0759565	98111	/tmp/partydeck-engine-ci/34488350932/godot-ios-retained-host-test-attempt-1/retained-host-test/artifacts/attachments/827A98EA-AC8B-4C6E-9DA8-92E11368B5FC.png	/root/projects/PartyDeck/artifacts/screenshot-queue-ios-34488350932-34496252392-v1/payload/docs/screenshots/godot-ios-native-34488350932/retained/attachments/827A98EA-AC8B-4C6E-9DA8-92E11368B5FC.png	docs/screenshots/godot-ios-native-34488350932/retained/attachments/827A98EA-AC8B-4C6E-9DA8-92E11368B5FC.png
b0e2ec0937e8df85512a2d147c060d64771f2534c7661dec59dcc99b5f446878	24242	/tmp/partydeck-engine-ci/34488350932/godot-ios-retained-host-test-attempt-1/retained-host-test/artifacts/attachments/C97E9986-3E5C-457D-AD19-CB8ED1DE0DAF.json	/root/projects/PartyDeck/artifacts/screenshot-queue-ios-34488350932-34496252392-v1/payload/docs/screenshots/godot-ios-native-34488350932/retained/attachments/C97E9986-3E5C-457D-AD19-CB8ED1DE0DAF.json	docs/screenshots/godot-ios-native-34488350932/retained/attachments/C97E9986-3E5C-457D-AD19-CB8ED1DE0DAF.json
139e32a4d2b4437da1405ca7f450f47f4bd7433408588856438152f9b0759565	98111	/tmp/partydeck-engine-ci/34488350932/godot-ios-retained-host-test-attempt-1/retained-host-test/artifacts/attachments/0663CF6D-3611-4F6E-89EA-60E7F4BD1739.png	/root/projects/PartyDeck/artifacts/screenshot-queue-ios-34488350932-34496252392-v1/payload/docs/screenshots/godot-ios-native-34488350932/retained/attachments/0663CF6D-3611-4F6E-89EA-60E7F4BD1739.png	docs/screenshots/godot-ios-native-34488350932/retained/attachments/0663CF6D-3611-4F6E-89EA-60E7F4BD1739.png
b5bc726df6eaf1fd6f9842ff8996427263dc01d34ee6d562455561a5f67588c8	24243	/tmp/partydeck-engine-ci/34488350932/godot-ios-retained-host-test-attempt-1/retained-host-test/artifacts/attachments/3F162F95-1C7E-4343-89CE-3E0039B5B972.json	/root/projects/PartyDeck/artifacts/screenshot-queue-ios-34488350932-34496252392-v1/payload/docs/screenshots/godot-ios-native-34488350932/retained/attachments/3F162F95-1C7E-4343-89CE-3E0039B5B972.json	docs/screenshots/godot-ios-native-34488350932/retained/attachments/3F162F95-1C7E-4343-89CE-3E0039B5B972.json
708d57263280ae8617a0fb0ac6481d4ec37ca737e679b11ff853b7228b63f30a	271265	/tmp/partydeck-engine-ci/34488350932/godot-ios-retained-host-test-attempt-1/retained-host-test/artifacts/attachments/1BC7D5A6-713B-4B2E-BF56-33BD8F785695.png	/root/projects/PartyDeck/artifacts/screenshot-queue-ios-34488350932-34496252392-v1/payload/docs/screenshots/godot-ios-native-34488350932/retained/attachments/1BC7D5A6-713B-4B2E-BF56-33BD8F785695.png	docs/screenshots/godot-ios-native-34488350932/retained/attachments/1BC7D5A6-713B-4B2E-BF56-33BD8F785695.png
3fd1e4c031a5044c8173a96a3bea2c010f6c73a00f5cbf65c6c3750278c4e621	17407	/tmp/partydeck-engine-ci/34488350932/godot-ios-retained-host-test-attempt-1/retained-host-test/artifacts/attachments/81820A85-7CA3-4AD3-9B49-51FC5BC456D3.json	/root/projects/PartyDeck/artifacts/screenshot-queue-ios-34488350932-34496252392-v1/payload/docs/screenshots/godot-ios-native-34488350932/retained/attachments/81820A85-7CA3-4AD3-9B49-51FC5BC456D3.json	docs/screenshots/godot-ios-native-34488350932/retained/attachments/81820A85-7CA3-4AD3-9B49-51FC5BC456D3.json
f28f5a134cb1e3e75b041352e564fe9443074e8bfff8682147efef1bd4fb26e7	18991	/tmp/partydeck-engine-ci/34488350932/godot-ios-retained-host-test-attempt-1/retained-host-test/artifacts/attachments/EE1F161D-CDCD-41FF-A141-B772EFB3C6B7.json	/root/projects/PartyDeck/artifacts/screenshot-queue-ios-34488350932-34496252392-v1/payload/docs/screenshots/godot-ios-native-34488350932/retained/attachments/EE1F161D-CDCD-41FF-A141-B772EFB3C6B7.json	docs/screenshots/godot-ios-native-34488350932/retained/attachments/EE1F161D-CDCD-41FF-A141-B772EFB3C6B7.json
67609f735196d90742969d2f121e569d4483a210db40f3c6b62d64e9d35f14d5	18972	/tmp/partydeck-engine-ci/34488350932/godot-ios-retained-host-test-attempt-1/retained-host-test/artifacts/attachments/6B4FECC7-2C98-40EC-BACD-F1B38FE2047B.json	/root/projects/PartyDeck/artifacts/screenshot-queue-ios-34488350932-34496252392-v1/payload/docs/screenshots/godot-ios-native-34488350932/retained/attachments/6B4FECC7-2C98-40EC-BACD-F1B38FE2047B.json	docs/screenshots/godot-ios-native-34488350932/retained/attachments/6B4FECC7-2C98-40EC-BACD-F1B38FE2047B.json
8ac07e3f8d884459269c02029a3b4e91bfc9206b9d7eb7dc9efb95386ea406b1	21100	/tmp/partydeck-engine-ci/34488350932/godot-ios-retained-host-test-attempt-1/retained-host-test/artifacts/attachments/8D7A5DB3-95CF-4296-9583-FE2D301C5BC0.json	/root/projects/PartyDeck/artifacts/screenshot-queue-ios-34488350932-34496252392-v1/payload/docs/screenshots/godot-ios-native-34488350932/retained/attachments/8D7A5DB3-95CF-4296-9583-FE2D301C5BC0.json	docs/screenshots/godot-ios-native-34488350932/retained/attachments/8D7A5DB3-95CF-4296-9583-FE2D301C5BC0.json
f02c23261d6e30154dcbed6cd511f1f3c5dada9ebc2745158e4a2f6aba6f22d1	243800	/tmp/partydeck-engine-ci/34488350932/godot-ios-retained-host-test-attempt-1/retained-host-test/artifacts/attachments/B25978A6-7D0E-41CE-A80C-B71D55501348.png	/root/projects/PartyDeck/artifacts/screenshot-queue-ios-34488350932-34496252392-v1/payload/docs/screenshots/godot-ios-native-34488350932/retained/attachments/B25978A6-7D0E-41CE-A80C-B71D55501348.png	docs/screenshots/godot-ios-native-34488350932/retained/attachments/B25978A6-7D0E-41CE-A80C-B71D55501348.png
b39cba727ccffeefdafc43244552058f45e10bfc53892f89a5c2d77e1663adcc	19323	/tmp/partydeck-engine-ci/34488350932/godot-ios-retained-host-test-attempt-1/retained-host-test/artifacts/attachments/E3A10319-EB3D-457A-B147-E7BE6164EE85.json	/root/projects/PartyDeck/artifacts/screenshot-queue-ios-34488350932-34496252392-v1/payload/docs/screenshots/godot-ios-native-34488350932/retained/attachments/E3A10319-EB3D-457A-B147-E7BE6164EE85.json	docs/screenshots/godot-ios-native-34488350932/retained/attachments/E3A10319-EB3D-457A-B147-E7BE6164EE85.json
6dfbefba41069a80644ac9041f35422af3d52041025da252155655d87b89cb67	21094	/tmp/partydeck-engine-ci/34488350932/godot-ios-retained-host-test-attempt-1/retained-host-test/artifacts/attachments/EAD1A953-5164-41B5-8D10-EF2C0650832B.json	/root/projects/PartyDeck/artifacts/screenshot-queue-ios-34488350932-34496252392-v1/payload/docs/screenshots/godot-ios-native-34488350932/retained/attachments/EAD1A953-5164-41B5-8D10-EF2C0650832B.json	docs/screenshots/godot-ios-native-34488350932/retained/attachments/EAD1A953-5164-41B5-8D10-EF2C0650832B.json
ec7aedc8787beaaac1e1679302a7c0adbee13020f4abb3e2dbe20c3a95b518af	267087	/tmp/partydeck-engine-ci/34488350932/godot-ios-retained-host-test-attempt-1/retained-host-test/artifacts/attachments/63F813CC-4FA7-4C30-BC8B-9F2F2A8FB30D.png	/root/projects/PartyDeck/artifacts/screenshot-queue-ios-34488350932-34496252392-v1/payload/docs/screenshots/godot-ios-native-34488350932/retained/attachments/63F813CC-4FA7-4C30-BC8B-9F2F2A8FB30D.png	docs/screenshots/godot-ios-native-34488350932/retained/attachments/63F813CC-4FA7-4C30-BC8B-9F2F2A8FB30D.png
c77f745a5d5d13ba15b3515b79ca318db8ca90f9fc59530758c9a99091a56b7d	17427	/tmp/partydeck-engine-ci/34488350932/godot-ios-retained-host-test-attempt-1/retained-host-test/artifacts/attachments/063C7186-B7CD-4FD7-9369-A035601D0E7F.json	/root/projects/PartyDeck/artifacts/screenshot-queue-ios-34488350932-34496252392-v1/payload/docs/screenshots/godot-ios-native-34488350932/retained/attachments/063C7186-B7CD-4FD7-9369-A035601D0E7F.json	docs/screenshots/godot-ios-native-34488350932/retained/attachments/063C7186-B7CD-4FD7-9369-A035601D0E7F.json
393edf0ab434fe0b65bf757fcc5d7b7c27371b9b7dfa516e7bf542c040642708	18976	/tmp/partydeck-engine-ci/34488350932/godot-ios-retained-host-test-attempt-1/retained-host-test/artifacts/attachments/CF7B9C97-59F3-4BF6-AFDF-ED07E0CC98F0.json	/root/projects/PartyDeck/artifacts/screenshot-queue-ios-34488350932-34496252392-v1/payload/docs/screenshots/godot-ios-native-34488350932/retained/attachments/CF7B9C97-59F3-4BF6-AFDF-ED07E0CC98F0.json	docs/screenshots/godot-ios-native-34488350932/retained/attachments/CF7B9C97-59F3-4BF6-AFDF-ED07E0CC98F0.json
c8ccc4b79484d1cf4b80591ad79a657caa0dfc13a01855107526dcec1718f125	98127	/tmp/partydeck-engine-ci/34488350932/godot-ios-retained-host-test-attempt-1/retained-host-test/artifacts/attachments/94B908BF-AFA2-4D1A-B95A-AAC3EE0573AA.png	/root/projects/PartyDeck/artifacts/screenshot-queue-ios-34488350932-34496252392-v1/payload/docs/screenshots/godot-ios-native-34488350932/retained/attachments/94B908BF-AFA2-4D1A-B95A-AAC3EE0573AA.png	docs/screenshots/godot-ios-native-34488350932/retained/attachments/94B908BF-AFA2-4D1A-B95A-AAC3EE0573AA.png
57557afe56cee275342f9b84b70fba92ce435205e60f0c7e2033bfc2bb734da0	24214	/tmp/partydeck-engine-ci/34488350932/godot-ios-retained-host-test-attempt-1/retained-host-test/artifacts/attachments/97751CAD-7A56-4D97-A849-72AF2992C49B.json	/root/projects/PartyDeck/artifacts/screenshot-queue-ios-34488350932-34496252392-v1/payload/docs/screenshots/godot-ios-native-34488350932/retained/attachments/97751CAD-7A56-4D97-A849-72AF2992C49B.json	docs/screenshots/godot-ios-native-34488350932/retained/attachments/97751CAD-7A56-4D97-A849-72AF2992C49B.json
e93b27451eea191c5b82ff2d61e9a00ebae95acb5c2fe963b73f3f775a4eceed	51388	/tmp/partydeck-engine-ci/34488350932/godot-ios-retained-host-test-attempt-1/retained-host-test/artifacts/attachments/9687F1F6-B439-43F8-8F78-9B73450B1E8D.json	/root/projects/PartyDeck/artifacts/screenshot-queue-ios-34488350932-34496252392-v1/payload/docs/screenshots/godot-ios-native-34488350932/retained/attachments/9687F1F6-B439-43F8-8F78-9B73450B1E8D.json	docs/screenshots/godot-ios-native-34488350932/retained/attachments/9687F1F6-B439-43F8-8F78-9B73450B1E8D.json
7a269d8b40829b4fd98c1c8d622df93f950fd5bbb2f38f3014a71c1c7805a4ed	364862	/tmp/partydeck-engine-ci/34488350932/godot-ios-retained-host-test-attempt-1/retained-host-test/artifacts/attachments/9185F0DC-622A-480D-822E-5C791EE026DB.png	/root/projects/PartyDeck/artifacts/screenshot-queue-ios-34488350932-34496252392-v1/payload/docs/screenshots/godot-ios-native-34488350932/retained/attachments/9185F0DC-622A-480D-822E-5C791EE026DB.png	docs/screenshots/godot-ios-native-34488350932/retained/attachments/9185F0DC-622A-480D-822E-5C791EE026DB.png
b530dd4a37d998319f5de4d5e058d18db46a82fd385fe59b8712dd4490ca24a0	33191	/tmp/partydeck-engine-ci/34488350932/godot-ios-retained-host-test-attempt-1/retained-host-test/artifacts/attachments/BCAB9454-A4C4-41EE-BC47-26AE596C12DC.json	/root/projects/PartyDeck/artifacts/screenshot-queue-ios-34488350932-34496252392-v1/payload/docs/screenshots/godot-ios-native-34488350932/retained/attachments/BCAB9454-A4C4-41EE-BC47-26AE596C12DC.json	docs/screenshots/godot-ios-native-34488350932/retained/attachments/BCAB9454-A4C4-41EE-BC47-26AE596C12DC.json
180940a98c4990c5770512c66502ce06c3cbcb253fedec1670d2718aed34f941	35574	/tmp/partydeck-engine-ci/34488350932/godot-ios-retained-host-test-attempt-1/retained-host-test/artifacts/attachments/57BC5C88-A16D-4EAC-84AE-ECB920CBEE35.json	/root/projects/PartyDeck/artifacts/screenshot-queue-ios-34488350932-34496252392-v1/payload/docs/screenshots/godot-ios-native-34488350932/retained/attachments/57BC5C88-A16D-4EAC-84AE-ECB920CBEE35.json	docs/screenshots/godot-ios-native-34488350932/retained/attachments/57BC5C88-A16D-4EAC-84AE-ECB920CBEE35.json
3ff7a6d23cf6fd8cd42262bcde18b7d4b9817b58a6dfd1a6e95901411e26fc46	38010	/tmp/partydeck-engine-ci/34488350932/godot-ios-retained-host-test-attempt-1/retained-host-test/artifacts/attachments/F663E3CA-2091-4D15-B7DB-3C0FED2C35BC.json	/root/projects/PartyDeck/artifacts/screenshot-queue-ios-34488350932-34496252392-v1/payload/docs/screenshots/godot-ios-native-34488350932/retained/attachments/F663E3CA-2091-4D15-B7DB-3C0FED2C35BC.json	docs/screenshots/godot-ios-native-34488350932/retained/attachments/F663E3CA-2091-4D15-B7DB-3C0FED2C35BC.json
43628aeb4fdb848897a6417c94d6b71d7e440e1fe2c1cbeaf75fbbb67c7f00bf	324859	/tmp/partydeck-engine-ci/34488350932/godot-ios-retained-host-test-attempt-1/retained-host-test/artifacts/attachments/5EA48281-2595-49FA-814A-612BB25C9EA5.png	/root/projects/PartyDeck/artifacts/screenshot-queue-ios-34488350932-34496252392-v1/payload/docs/screenshots/godot-ios-native-34488350932/retained/attachments/5EA48281-2595-49FA-814A-612BB25C9EA5.png	docs/screenshots/godot-ios-native-34488350932/retained/attachments/5EA48281-2595-49FA-814A-612BB25C9EA5.png
7161dab7464d6b2c9e33b3d435701bb8d31dafd1207aa9c4778bc7588402f798	35383	/tmp/partydeck-engine-ci/34488350932/godot-ios-retained-host-test-attempt-1/retained-host-test/artifacts/attachments/D2C4342F-726D-4040-B702-33EAF488605D.json	/root/projects/PartyDeck/artifacts/screenshot-queue-ios-34488350932-34496252392-v1/payload/docs/screenshots/godot-ios-native-34488350932/retained/attachments/D2C4342F-726D-4040-B702-33EAF488605D.json	docs/screenshots/godot-ios-native-34488350932/retained/attachments/D2C4342F-726D-4040-B702-33EAF488605D.json
d55f2b93eb95d9f80f71314670e3f4a54c696d5f2dfe2219801b16350827039a	37955	/tmp/partydeck-engine-ci/34488350932/godot-ios-retained-host-test-attempt-1/retained-host-test/artifacts/attachments/AFCF60C5-6D04-4C9B-AB9D-ADF5E0739A6B.json	/root/projects/PartyDeck/artifacts/screenshot-queue-ios-34488350932-34496252392-v1/payload/docs/screenshots/godot-ios-native-34488350932/retained/attachments/AFCF60C5-6D04-4C9B-AB9D-ADF5E0739A6B.json	docs/screenshots/godot-ios-native-34488350932/retained/attachments/AFCF60C5-6D04-4C9B-AB9D-ADF5E0739A6B.json
2d5fdc23b059d7bb8a38de1cb50507f1ac787b34fb5d60a99dfe4d8eb513b2c6	234877	/tmp/partydeck-engine-ci/34488350932/godot-ios-retained-host-test-attempt-1/retained-host-test/artifacts/attachments/96395ECA-9093-458E-8AC3-B0DCAA1E7DBF.png	/root/projects/PartyDeck/artifacts/screenshot-queue-ios-34488350932-34496252392-v1/payload/docs/screenshots/godot-ios-native-34488350932/retained/attachments/96395ECA-9093-458E-8AC3-B0DCAA1E7DBF.png	docs/screenshots/godot-ios-native-34488350932/retained/attachments/96395ECA-9093-458E-8AC3-B0DCAA1E7DBF.png
203f39511fa3653c526cf150e073bfa45ec1267e3fb675b3ba4f9ca4a5b7cbb2	32854	/tmp/partydeck-engine-ci/34488350932/godot-ios-retained-host-test-attempt-1/retained-host-test/artifacts/attachments/42686F1B-64BC-41DF-8645-2B1C1A209DB9.json	/root/projects/PartyDeck/artifacts/screenshot-queue-ios-34488350932-34496252392-v1/payload/docs/screenshots/godot-ios-native-34488350932/retained/attachments/42686F1B-64BC-41DF-8645-2B1C1A209DB9.json	docs/screenshots/godot-ios-native-34488350932/retained/attachments/42686F1B-64BC-41DF-8645-2B1C1A209DB9.json
cb59810dbc6c084cc8011eb1eb7ccc0306ee838d696e17a499dd91132495958a	35159	/tmp/partydeck-engine-ci/34488350932/godot-ios-retained-host-test-attempt-1/retained-host-test/artifacts/attachments/A48F386D-5E09-4E8D-B448-F939ADAF392E.json	/root/projects/PartyDeck/artifacts/screenshot-queue-ios-34488350932-34496252392-v1/payload/docs/screenshots/godot-ios-native-34488350932/retained/attachments/A48F386D-5E09-4E8D-B448-F939ADAF392E.json	docs/screenshots/godot-ios-native-34488350932/retained/attachments/A48F386D-5E09-4E8D-B448-F939ADAF392E.json
0b97047db5582f1f80a95a1707187795ca4668d794624246ae3c5f6cd97dd4ac	98046	/tmp/partydeck-engine-ci/34488350932/godot-ios-retained-host-test-attempt-1/retained-host-test/artifacts/attachments/70944E92-DCFA-4B78-B2FE-4F78190486DD.png	/root/projects/PartyDeck/artifacts/screenshot-queue-ios-34488350932-34496252392-v1/payload/docs/screenshots/godot-ios-native-34488350932/retained/attachments/70944E92-DCFA-4B78-B2FE-4F78190486DD.png	docs/screenshots/godot-ios-native-34488350932/retained/attachments/70944E92-DCFA-4B78-B2FE-4F78190486DD.png
87030bca94002f0f2092ad523a9da373b6e4e0dbf968e83f0850f0394ea6fb7f	24244	/tmp/partydeck-engine-ci/34488350932/godot-ios-retained-host-test-attempt-1/retained-host-test/artifacts/attachments/BB22FF01-EF7E-4B99-AA5F-C78B2913EB44.json	/root/projects/PartyDeck/artifacts/screenshot-queue-ios-34488350932-34496252392-v1/payload/docs/screenshots/godot-ios-native-34488350932/retained/attachments/BB22FF01-EF7E-4B99-AA5F-C78B2913EB44.json	docs/screenshots/godot-ios-native-34488350932/retained/attachments/BB22FF01-EF7E-4B99-AA5F-C78B2913EB44.json
20905328048f54f5ce2a27ed4d65d0d350b60d231474a331b1f59a06159939a3	51448	/tmp/partydeck-engine-ci/34488350932/godot-ios-retained-host-test-attempt-1/retained-host-test/artifacts/attachments/8A1C865E-D28C-4714-B7A8-4FB6A5467591.json	/root/projects/PartyDeck/artifacts/screenshot-queue-ios-34488350932-34496252392-v1/payload/docs/screenshots/godot-ios-native-34488350932/retained/attachments/8A1C865E-D28C-4714-B7A8-4FB6A5467591.json	docs/screenshots/godot-ios-native-34488350932/retained/attachments/8A1C865E-D28C-4714-B7A8-4FB6A5467591.json
5d4b4b159a3da5d8152a34259cfc6fcf5cbadca604a65aa2f8f2009fcd0da0b4	276683	/tmp/partydeck-engine-ci/34488350932/godot-ios-retained-host-test-attempt-1/retained-host-test/artifacts/attachments/451C630B-07BD-449E-B46F-88670CBD6D14.png	/root/projects/PartyDeck/artifacts/screenshot-queue-ios-34488350932-34496252392-v1/payload/docs/screenshots/godot-ios-native-34488350932/retained/attachments/451C630B-07BD-449E-B46F-88670CBD6D14.png	docs/screenshots/godot-ios-native-34488350932/retained/attachments/451C630B-07BD-449E-B46F-88670CBD6D14.png
78871eb67d127f1d8a9c0c6d1bdcf314e7a08985b7e6d795c4ab17cd0a6059ba	34748	/tmp/partydeck-engine-ci/34488350932/godot-ios-retained-host-test-attempt-1/retained-host-test/artifacts/attachments/D6477A4A-703F-4A88-A294-099B8E782314.json	/root/projects/PartyDeck/artifacts/screenshot-queue-ios-34488350932-34496252392-v1/payload/docs/screenshots/godot-ios-native-34488350932/retained/attachments/D6477A4A-703F-4A88-A294-099B8E782314.json	docs/screenshots/godot-ios-native-34488350932/retained/attachments/D6477A4A-703F-4A88-A294-099B8E782314.json
edba1c2ec6cfc65009ff16cac85dc8f8c554b4afdfbb5b7ceb4aab3ecfe3bda9	37285	/tmp/partydeck-engine-ci/34488350932/godot-ios-retained-host-test-attempt-1/retained-host-test/artifacts/attachments/F46F0DA7-D3E4-4D55-9113-D092381F5B3C.json	/root/projects/PartyDeck/artifacts/screenshot-queue-ios-34488350932-34496252392-v1/payload/docs/screenshots/godot-ios-native-34488350932/retained/attachments/F46F0DA7-D3E4-4D55-9113-D092381F5B3C.json	docs/screenshots/godot-ios-native-34488350932/retained/attachments/F46F0DA7-D3E4-4D55-9113-D092381F5B3C.json
7590cc88c0a206312b960044342e9ec2ff852f9ac14708f84bbef1be6e3902f1	37293	/tmp/partydeck-engine-ci/34488350932/godot-ios-retained-host-test-attempt-1/retained-host-test/artifacts/attachments/3BD2EC9C-868D-45EE-A8E4-A1D3D01EBF38.json	/root/projects/PartyDeck/artifacts/screenshot-queue-ios-34488350932-34496252392-v1/payload/docs/screenshots/godot-ios-native-34488350932/retained/attachments/3BD2EC9C-868D-45EE-A8E4-A1D3D01EBF38.json	docs/screenshots/godot-ios-native-34488350932/retained/attachments/3BD2EC9C-868D-45EE-A8E4-A1D3D01EBF38.json
e222e6ef827da880ed6066983afc54b57a44006518ae40c4ebdf6fd0c4118287	39373	/tmp/partydeck-engine-ci/34488350932/godot-ios-retained-host-test-attempt-1/retained-host-test/artifacts/attachments/958D2735-09A8-4801-AC87-78F78394F663.json	/root/projects/PartyDeck/artifacts/screenshot-queue-ios-34488350932-34496252392-v1/payload/docs/screenshots/godot-ios-native-34488350932/retained/attachments/958D2735-09A8-4801-AC87-78F78394F663.json	docs/screenshots/godot-ios-native-34488350932/retained/attachments/958D2735-09A8-4801-AC87-78F78394F663.json
31e8444d2290b527c47716bed02ba454f585738f65fed13665361a5c2021f322	248934	/tmp/partydeck-engine-ci/34488350932/godot-ios-retained-host-test-attempt-1/retained-host-test/artifacts/attachments/E6257ADA-B3BB-4A3D-A07D-C52B551C7931.png	/root/projects/PartyDeck/artifacts/screenshot-queue-ios-34488350932-34496252392-v1/payload/docs/screenshots/godot-ios-native-34488350932/retained/attachments/E6257ADA-B3BB-4A3D-A07D-C52B551C7931.png	docs/screenshots/godot-ios-native-34488350932/retained/attachments/E6257ADA-B3BB-4A3D-A07D-C52B551C7931.png
3787136ef4e4f4e5596fd283f46a97d8ccb13a30ce3eeabb83521306cc601039	36648	/tmp/partydeck-engine-ci/34488350932/godot-ios-retained-host-test-attempt-1/retained-host-test/artifacts/attachments/4E02E632-67ED-4FCE-936A-19A26CFD1E8D.json	/root/projects/PartyDeck/artifacts/screenshot-queue-ios-34488350932-34496252392-v1/payload/docs/screenshots/godot-ios-native-34488350932/retained/attachments/4E02E632-67ED-4FCE-936A-19A26CFD1E8D.json	docs/screenshots/godot-ios-native-34488350932/retained/attachments/4E02E632-67ED-4FCE-936A-19A26CFD1E8D.json
78a3fc6d2d63f3749c5ef4f3e266470d4ff5a2e4f21fbdf790c6eccfd5a97535	39413	/tmp/partydeck-engine-ci/34488350932/godot-ios-retained-host-test-attempt-1/retained-host-test/artifacts/attachments/17D192C5-F813-4029-99E0-7A2CBDB65718.json	/root/projects/PartyDeck/artifacts/screenshot-queue-ios-34488350932-34496252392-v1/payload/docs/screenshots/godot-ios-native-34488350932/retained/attachments/17D192C5-F813-4029-99E0-7A2CBDB65718.json	docs/screenshots/godot-ios-native-34488350932/retained/attachments/17D192C5-F813-4029-99E0-7A2CBDB65718.json
2c4c190ec1758bdab705514cf838a821774533676c6cc298b14e432cacd6b5a8	272088	/tmp/partydeck-engine-ci/34488350932/godot-ios-retained-host-test-attempt-1/retained-host-test/artifacts/attachments/76FA5310-A118-48CC-ADEC-F656129AA288.png	/root/projects/PartyDeck/artifacts/screenshot-queue-ios-34488350932-34496252392-v1/payload/docs/screenshots/godot-ios-native-34488350932/retained/attachments/76FA5310-A118-48CC-ADEC-F656129AA288.png	docs/screenshots/godot-ios-native-34488350932/retained/attachments/76FA5310-A118-48CC-ADEC-F656129AA288.png
6375bc39fbfcbc9890d589ef7432b5bd3f1f4ffc5ec5389575f3dcb9b97b1e2c	34801	/tmp/partydeck-engine-ci/34488350932/godot-ios-retained-host-test-attempt-1/retained-host-test/artifacts/attachments/5AF6E5E7-8057-4806-B6C8-CC3DBBD6E1E4.json	/root/projects/PartyDeck/artifacts/screenshot-queue-ios-34488350932-34496252392-v1/payload/docs/screenshots/godot-ios-native-34488350932/retained/attachments/5AF6E5E7-8057-4806-B6C8-CC3DBBD6E1E4.json	docs/screenshots/godot-ios-native-34488350932/retained/attachments/5AF6E5E7-8057-4806-B6C8-CC3DBBD6E1E4.json
400e1ce06ebc9ab74a6ed144c164d81c8655b058f354f013a0d419c5cc0b648b	37330	/tmp/partydeck-engine-ci/34488350932/godot-ios-retained-host-test-attempt-1/retained-host-test/artifacts/attachments/E2182E0E-9B24-46A5-8AD9-103784834F3B.json	/root/projects/PartyDeck/artifacts/screenshot-queue-ios-34488350932-34496252392-v1/payload/docs/screenshots/godot-ios-native-34488350932/retained/attachments/E2182E0E-9B24-46A5-8AD9-103784834F3B.json	docs/screenshots/godot-ios-native-34488350932/retained/attachments/E2182E0E-9B24-46A5-8AD9-103784834F3B.json
0b97047db5582f1f80a95a1707187795ca4668d794624246ae3c5f6cd97dd4ac	98046	/tmp/partydeck-engine-ci/34488350932/godot-ios-retained-host-test-attempt-1/retained-host-test/artifacts/attachments/0D01F069-AB3C-4E6A-A1A0-37FF93587478.png	/root/projects/PartyDeck/artifacts/screenshot-queue-ios-34488350932-34496252392-v1/payload/docs/screenshots/godot-ios-native-34488350932/retained/attachments/0D01F069-AB3C-4E6A-A1A0-37FF93587478.png	docs/screenshots/godot-ios-native-34488350932/retained/attachments/0D01F069-AB3C-4E6A-A1A0-37FF93587478.png
1d4090bea6335eb0ac6c6f21fe91f7edf53aa6b2dd48eac26fd5558f978ea82d	24234	/tmp/partydeck-engine-ci/34488350932/godot-ios-retained-host-test-attempt-1/retained-host-test/artifacts/attachments/53381C49-2B0F-4548-A0C2-05B33A6407A3.json	/root/projects/PartyDeck/artifacts/screenshot-queue-ios-34488350932-34496252392-v1/payload/docs/screenshots/godot-ios-native-34488350932/retained/attachments/53381C49-2B0F-4548-A0C2-05B33A6407A3.json	docs/screenshots/godot-ios-native-34488350932/retained/attachments/53381C49-2B0F-4548-A0C2-05B33A6407A3.json
3e5517c4db2536c93cbb07058b2bc4b1e1dd1601a73cce770de139655d29ad63	51422	/tmp/partydeck-engine-ci/34488350932/godot-ios-retained-host-test-attempt-1/retained-host-test/artifacts/attachments/B9278F52-5E2D-430C-9D9A-CCA90999DB3E.json	/root/projects/PartyDeck/artifacts/screenshot-queue-ios-34488350932-34496252392-v1/payload/docs/screenshots/godot-ios-native-34488350932/retained/attachments/B9278F52-5E2D-430C-9D9A-CCA90999DB3E.json	docs/screenshots/godot-ios-native-34488350932/retained/attachments/B9278F52-5E2D-430C-9D9A-CCA90999DB3E.json
85a69df7db5b43e458ea8ca5c9422dd65609ee8751ba9618861c688919fa8c6d	364772	/tmp/partydeck-engine-ci/34488350932/godot-ios-retained-host-test-attempt-1/retained-host-test/artifacts/attachments/C093E1FC-CFB9-47FD-84F3-FF19741876BC.png	/root/projects/PartyDeck/artifacts/screenshot-queue-ios-34488350932-34496252392-v1/payload/docs/screenshots/godot-ios-native-34488350932/retained/attachments/C093E1FC-CFB9-47FD-84F3-FF19741876BC.png	docs/screenshots/godot-ios-native-34488350932/retained/attachments/C093E1FC-CFB9-47FD-84F3-FF19741876BC.png
9e430354459ad48652664c404e9fd098841c69c9d631ef4a89836f78c8338692	33190	/tmp/partydeck-engine-ci/34488350932/godot-ios-retained-host-test-attempt-1/retained-host-test/artifacts/attachments/9C4D8799-A376-4C62-BE2A-3790C65FA523.json	/root/projects/PartyDeck/artifacts/screenshot-queue-ios-34488350932-34496252392-v1/payload/docs/screenshots/godot-ios-native-34488350932/retained/attachments/9C4D8799-A376-4C62-BE2A-3790C65FA523.json	docs/screenshots/godot-ios-native-34488350932/retained/attachments/9C4D8799-A376-4C62-BE2A-3790C65FA523.json
334617f988e3d98e4aafeb35846fd072e1e6f66772bbb6f63b030f5c51399b80	35593	/tmp/partydeck-engine-ci/34488350932/godot-ios-retained-host-test-attempt-1/retained-host-test/artifacts/attachments/98A5D4EF-24D6-486B-8003-D6AE288836FF.json	/root/projects/PartyDeck/artifacts/screenshot-queue-ios-34488350932-34496252392-v1/payload/docs/screenshots/godot-ios-native-34488350932/retained/attachments/98A5D4EF-24D6-486B-8003-D6AE288836FF.json	docs/screenshots/godot-ios-native-34488350932/retained/attachments/98A5D4EF-24D6-486B-8003-D6AE288836FF.json
ea49ee2f1cc1dfcf098f22fee2788be978130f223488c09ebe0e6369b67a7748	38054	/tmp/partydeck-engine-ci/34488350932/godot-ios-retained-host-test-attempt-1/retained-host-test/artifacts/attachments/28BCAF6B-D274-4198-948A-02CE1855CC8C.json	/root/projects/PartyDeck/artifacts/screenshot-queue-ios-34488350932-34496252392-v1/payload/docs/screenshots/godot-ios-native-34488350932/retained/attachments/28BCAF6B-D274-4198-948A-02CE1855CC8C.json	docs/screenshots/godot-ios-native-34488350932/retained/attachments/28BCAF6B-D274-4198-948A-02CE1855CC8C.json
63a6fd6e660036b6d85e00e2129e6dac7f54f8e94bf60923eec4ba840cc1a0a1	324630	/tmp/partydeck-engine-ci/34488350932/godot-ios-retained-host-test-attempt-1/retained-host-test/artifacts/attachments/37F726A0-2D19-41F4-98EF-BABAAA8912C8.png	/root/projects/PartyDeck/artifacts/screenshot-queue-ios-34488350932-34496252392-v1/payload/docs/screenshots/godot-ios-native-34488350932/retained/attachments/37F726A0-2D19-41F4-98EF-BABAAA8912C8.png	docs/screenshots/godot-ios-native-34488350932/retained/attachments/37F726A0-2D19-41F4-98EF-BABAAA8912C8.png
fc0af0ec9f2e98692dd4c5c4b7cee195beb0084ad8b85456bf868201f62cef15	35427	/tmp/partydeck-engine-ci/34488350932/godot-ios-retained-host-test-attempt-1/retained-host-test/artifacts/attachments/92013FEE-AEDB-49B5-932C-65A468376D27.json	/root/projects/PartyDeck/artifacts/screenshot-queue-ios-34488350932-34496252392-v1/payload/docs/screenshots/godot-ios-native-34488350932/retained/attachments/92013FEE-AEDB-49B5-932C-65A468376D27.json	docs/screenshots/godot-ios-native-34488350932/retained/attachments/92013FEE-AEDB-49B5-932C-65A468376D27.json
6641065855061fe6eb3b3c6b4fc9992495fdc2ced05b8f7ad2ffb467ed0e9987	37977	/tmp/partydeck-engine-ci/34488350932/godot-ios-retained-host-test-attempt-1/retained-host-test/artifacts/attachments/B97BCC7F-1AE2-4C7F-9220-BF8B03A11517.json	/root/projects/PartyDeck/artifacts/screenshot-queue-ios-34488350932-34496252392-v1/payload/docs/screenshots/godot-ios-native-34488350932/retained/attachments/B97BCC7F-1AE2-4C7F-9220-BF8B03A11517.json	docs/screenshots/godot-ios-native-34488350932/retained/attachments/B97BCC7F-1AE2-4C7F-9220-BF8B03A11517.json
9a9b912a889646b5f5233720c642c2b412cefd091ded0a19d6fd5d32e9e964f1	234703	/tmp/partydeck-engine-ci/34488350932/godot-ios-retained-host-test-attempt-1/retained-host-test/artifacts/attachments/AC0F1A71-4724-4B8E-B546-80E3B6B0DA4E.png	/root/projects/PartyDeck/artifacts/screenshot-queue-ios-34488350932-34496252392-v1/payload/docs/screenshots/godot-ios-native-34488350932/retained/attachments/AC0F1A71-4724-4B8E-B546-80E3B6B0DA4E.png	docs/screenshots/godot-ios-native-34488350932/retained/attachments/AC0F1A71-4724-4B8E-B546-80E3B6B0DA4E.png
00c6af35b1c7a6ff586df90ed07e94f7d1b438ea2c6875e09e35e7feae496230	32830	/tmp/partydeck-engine-ci/34488350932/godot-ios-retained-host-test-attempt-1/retained-host-test/artifacts/attachments/085A794B-9C3B-49D3-A8C4-C859EDE70E67.json	/root/projects/PartyDeck/artifacts/screenshot-queue-ios-34488350932-34496252392-v1/payload/docs/screenshots/godot-ios-native-34488350932/retained/attachments/085A794B-9C3B-49D3-A8C4-C859EDE70E67.json	docs/screenshots/godot-ios-native-34488350932/retained/attachments/085A794B-9C3B-49D3-A8C4-C859EDE70E67.json
d7960e9795c7946cb3b4ffb5a6d5af9b39a1674b1a4836e038f516186d19b505	35215	/tmp/partydeck-engine-ci/34488350932/godot-ios-retained-host-test-attempt-1/retained-host-test/artifacts/attachments/9ABC2F65-7E5C-4D9A-86D8-23E90F851C82.json	/root/projects/PartyDeck/artifacts/screenshot-queue-ios-34488350932-34496252392-v1/payload/docs/screenshots/godot-ios-native-34488350932/retained/attachments/9ABC2F65-7E5C-4D9A-86D8-23E90F851C82.json	docs/screenshots/godot-ios-native-34488350932/retained/attachments/9ABC2F65-7E5C-4D9A-86D8-23E90F851C82.json
b6780cdc607bae8fee92f6f9eaad4fabe638f44a2fe722d3a74547700465230e	98645	/tmp/partydeck-engine-ci/34488350932/godot-ios-retained-host-test-attempt-1/retained-host-test/artifacts/attachments/DFCD5D60-7F51-495D-A6F3-D971BF41140D.png	/root/projects/PartyDeck/artifacts/screenshot-queue-ios-34488350932-34496252392-v1/payload/docs/screenshots/godot-ios-native-34488350932/retained/attachments/DFCD5D60-7F51-495D-A6F3-D971BF41140D.png	docs/screenshots/godot-ios-native-34488350932/retained/attachments/DFCD5D60-7F51-495D-A6F3-D971BF41140D.png
f1bcb87226b11fa8aa0a815d32975b08565b03fb960f2953e995755014188222	24274	/tmp/partydeck-engine-ci/34488350932/godot-ios-retained-host-test-attempt-1/retained-host-test/artifacts/attachments/F47520F9-0D23-4F37-9C05-8E40A8EF14D4.json	/root/projects/PartyDeck/artifacts/screenshot-queue-ios-34488350932-34496252392-v1/payload/docs/screenshots/godot-ios-native-34488350932/retained/attachments/F47520F9-0D23-4F37-9C05-8E40A8EF14D4.json	docs/screenshots/godot-ios-native-34488350932/retained/attachments/F47520F9-0D23-4F37-9C05-8E40A8EF14D4.json
f7ed24c2fd4fae6890c11a7b5d4a39caddcdcc849d39366c09a71408f46e3ef4	51501	/tmp/partydeck-engine-ci/34488350932/godot-ios-retained-host-test-attempt-1/retained-host-test/artifacts/attachments/59AFB4CF-DE5A-445B-85CA-C3F736956C57.json	/root/projects/PartyDeck/artifacts/screenshot-queue-ios-34488350932-34496252392-v1/payload/docs/screenshots/godot-ios-native-34488350932/retained/attachments/59AFB4CF-DE5A-445B-85CA-C3F736956C57.json	docs/screenshots/godot-ios-native-34488350932/retained/attachments/59AFB4CF-DE5A-445B-85CA-C3F736956C57.json
b6780cdc607bae8fee92f6f9eaad4fabe638f44a2fe722d3a74547700465230e	98645	/tmp/partydeck-engine-ci/34488350932/godot-ios-retained-host-test-attempt-1/retained-host-test/artifacts/attachments/7F9389FD-5405-4350-AAAF-37AF478412ED.png	/root/projects/PartyDeck/artifacts/screenshot-queue-ios-34488350932-34496252392-v1/payload/docs/screenshots/godot-ios-native-34488350932/retained/attachments/7F9389FD-5405-4350-AAAF-37AF478412ED.png	docs/screenshots/godot-ios-native-34488350932/retained/attachments/7F9389FD-5405-4350-AAAF-37AF478412ED.png
176677929a6cdad6c86813b4364334f981f413933b9168610661576f955efd1f	24274	/tmp/partydeck-engine-ci/34488350932/godot-ios-retained-host-test-attempt-1/retained-host-test/artifacts/attachments/02F5E063-CD1B-45F0-87AC-37DB4136CBE2.json	/root/projects/PartyDeck/artifacts/screenshot-queue-ios-34488350932-34496252392-v1/payload/docs/screenshots/godot-ios-native-34488350932/retained/attachments/02F5E063-CD1B-45F0-87AC-37DB4136CBE2.json	docs/screenshots/godot-ios-native-34488350932/retained/attachments/02F5E063-CD1B-45F0-87AC-37DB4136CBE2.json
ef9b0a9d84b1ca6ddeb7143ff8245a0404f735590c706fd81f32d330bdf6f328	53027	/tmp/partydeck-engine-ci/34488350932/godot-ios-retained-host-test-attempt-1/retained-host-test/artifacts/attachments/41C9B95E-3E13-4351-9499-B78C12DE7761.json	/root/projects/PartyDeck/artifacts/screenshot-queue-ios-34488350932-34496252392-v1/payload/docs/screenshots/godot-ios-native-34488350932/retained/attachments/41C9B95E-3E13-4351-9499-B78C12DE7761.json	docs/screenshots/godot-ios-native-34488350932/retained/attachments/41C9B95E-3E13-4351-9499-B78C12DE7761.json
2100a200df0dbc5f856ccbd2316e7bc02295dd0cbb09b410cc1c6cfc3525d169	365959	/tmp/partydeck-engine-ci/34488350932/godot-ios-retained-host-test-attempt-1/retained-host-test/artifacts/attachments/D52E7232-7A25-4216-9FFE-B7A6252B0E65.png	/root/projects/PartyDeck/artifacts/screenshot-queue-ios-34488350932-34496252392-v1/payload/docs/screenshots/godot-ios-native-34488350932/retained/attachments/D52E7232-7A25-4216-9FFE-B7A6252B0E65.png	docs/screenshots/godot-ios-native-34488350932/retained/attachments/D52E7232-7A25-4216-9FFE-B7A6252B0E65.png
b866a56d4fad18b72d966a3a479f40b0e76ada21d377f0ea9bcb396286d99b19	51518	/tmp/partydeck-engine-ci/34488350932/godot-ios-retained-host-test-attempt-1/retained-host-test/artifacts/attachments/62DB6FB2-97B3-4492-B312-D0ED25DD1E13.json	/root/projects/PartyDeck/artifacts/screenshot-queue-ios-34488350932-34496252392-v1/payload/docs/screenshots/godot-ios-native-34488350932/retained/attachments/62DB6FB2-97B3-4492-B312-D0ED25DD1E13.json	docs/screenshots/godot-ios-native-34488350932/retained/attachments/62DB6FB2-97B3-4492-B312-D0ED25DD1E13.json
e61e12945501c74a3f3db70c29babbef1bb4ea264f32d97eb2f230d426a38a8f	207124	/tmp/partydeck-engine-ci/34488350932/godot-ios-authority-gameplay/artifacts/authority-attachments/F5FA927D-9E3F-4B12-ADC7-B0B73DF06C00.png	/root/projects/PartyDeck/artifacts/screenshot-queue-ios-34488350932-34496252392-v1/payload/docs/screenshots/godot-ios-native-34488350932/authority/attachments/F5FA927D-9E3F-4B12-ADC7-B0B73DF06C00.png	docs/screenshots/godot-ios-native-34488350932/authority/attachments/F5FA927D-9E3F-4B12-ADC7-B0B73DF06C00.png
51c0175227fcbff4a8a826aafaf5d43c878475062defe7fb293bed8a5fbd81ba	7858	/tmp/partydeck-engine-ci/34488350932/godot-ios-authority-gameplay/artifacts/authority-attachments/93C2A040-3A67-4E26-B60A-D977253CA104.json	/root/projects/PartyDeck/artifacts/screenshot-queue-ios-34488350932-34496252392-v1/payload/docs/screenshots/godot-ios-native-34488350932/authority/attachments/93C2A040-3A67-4E26-B60A-D977253CA104.json	docs/screenshots/godot-ios-native-34488350932/authority/attachments/93C2A040-3A67-4E26-B60A-D977253CA104.json
8c297b81676fd9807407468bffb381e8423486dfcb5c3e1eb14aa1f0cc113461	8804	/tmp/partydeck-engine-ci/34488350932/godot-ios-authority-gameplay/artifacts/authority-attachments/026A7DD8-3184-4F39-AFC3-A45C47438F5F.json	/root/projects/PartyDeck/artifacts/screenshot-queue-ios-34488350932-34496252392-v1/payload/docs/screenshots/godot-ios-native-34488350932/authority/attachments/026A7DD8-3184-4F39-AFC3-A45C47438F5F.json	docs/screenshots/godot-ios-native-34488350932/authority/attachments/026A7DD8-3184-4F39-AFC3-A45C47438F5F.json
64a69db71c9ff0d03f5fe63e7e605150df1672569bd446b074ac754bf5a6da62	480	/tmp/partydeck-engine-ci/34488350932/godot-ios-authority-gameplay/artifacts/authority-attachments/646A39C5-9413-482F-95CC-C55B307F7209.json	/root/projects/PartyDeck/artifacts/screenshot-queue-ios-34488350932-34496252392-v1/payload/docs/screenshots/godot-ios-native-34488350932/authority/attachments/646A39C5-9413-482F-95CC-C55B307F7209.json	docs/screenshots/godot-ios-native-34488350932/authority/attachments/646A39C5-9413-482F-95CC-C55B307F7209.json
d549ab29a9165a02dedbfc7d5680df15de458eeaeb8c592d5b26334f9fda0615	10892	/tmp/partydeck-engine-ci/34488350932/godot-ios-authority-gameplay/artifacts/authority-attachments/28E4B94E-4691-4A2A-877E-E9241A4C6BCA.json	/root/projects/PartyDeck/artifacts/screenshot-queue-ios-34488350932-34496252392-v1/payload/docs/screenshots/godot-ios-native-34488350932/authority/attachments/28E4B94E-4691-4A2A-877E-E9241A4C6BCA.json	docs/screenshots/godot-ios-native-34488350932/authority/attachments/28E4B94E-4691-4A2A-877E-E9241A4C6BCA.json
29a866088a7128e965b0e1e3b402c1c8e5e22e81f3a45792426a6e544229b64d	474	/tmp/partydeck-engine-ci/34488350932/godot-ios-authority-gameplay/artifacts/authority-attachments/98BA995F-5D5A-49BF-A22C-3F3028FD33FB.json	/root/projects/PartyDeck/artifacts/screenshot-queue-ios-34488350932-34496252392-v1/payload/docs/screenshots/godot-ios-native-34488350932/authority/attachments/98BA995F-5D5A-49BF-A22C-3F3028FD33FB.json	docs/screenshots/godot-ios-native-34488350932/authority/attachments/98BA995F-5D5A-49BF-A22C-3F3028FD33FB.json
d0a153ea513f4396bdffc3f88a1b359bca159b9e4a55c5e5f3cad46102a2046d	192109	/tmp/partydeck-engine-ci/34488350932/godot-ios-authority-gameplay/artifacts/authority-attachments/F804FE36-18BF-495A-82B5-D7FA8DF218B3.png	/root/projects/PartyDeck/artifacts/screenshot-queue-ios-34488350932-34496252392-v1/payload/docs/screenshots/godot-ios-native-34488350932/authority/attachments/F804FE36-18BF-495A-82B5-D7FA8DF218B3.png	docs/screenshots/godot-ios-native-34488350932/authority/attachments/F804FE36-18BF-495A-82B5-D7FA8DF218B3.png
a6753e5cd487f66e9f190ea855b14d0a6b407be69bf6d58efab4c73ee906d0f7	9770	/tmp/partydeck-engine-ci/34488350932/godot-ios-authority-gameplay/artifacts/authority-attachments/0B65D654-143B-4FA3-9A99-984C890B29D9.json	/root/projects/PartyDeck/artifacts/screenshot-queue-ios-34488350932-34496252392-v1/payload/docs/screenshots/godot-ios-native-34488350932/authority/attachments/0B65D654-143B-4FA3-9A99-984C890B29D9.json	docs/screenshots/godot-ios-native-34488350932/authority/attachments/0B65D654-143B-4FA3-9A99-984C890B29D9.json
6dc3f329275a73c13d80432ad27649c9cc812f8cc62064d2c746ccac46ce9f01	10898	/tmp/partydeck-engine-ci/34488350932/godot-ios-authority-gameplay/artifacts/authority-attachments/88B931D7-BDA0-4D70-962C-0EE1598F6B67.json	/root/projects/PartyDeck/artifacts/screenshot-queue-ios-34488350932-34496252392-v1/payload/docs/screenshots/godot-ios-native-34488350932/authority/attachments/88B931D7-BDA0-4D70-962C-0EE1598F6B67.json	docs/screenshots/godot-ios-native-34488350932/authority/attachments/88B931D7-BDA0-4D70-962C-0EE1598F6B67.json
77e00a8e3cf7d4784a4583b40f3d30ed66c26d03922aea42d1cc843f47d694e8	473	/tmp/partydeck-engine-ci/34488350932/godot-ios-authority-gameplay/artifacts/authority-attachments/8C231032-A68A-4B33-8900-477CAAB11EAB.json	/root/projects/PartyDeck/artifacts/screenshot-queue-ios-34488350932-34496252392-v1/payload/docs/screenshots/godot-ios-native-34488350932/authority/attachments/8C231032-A68A-4B33-8900-477CAAB11EAB.json	docs/screenshots/godot-ios-native-34488350932/authority/attachments/8C231032-A68A-4B33-8900-477CAAB11EAB.json
e6d620e0dde35207d0af0fc2201d3dfc0ad98bb01e86da33dc7dc3d10b1798b6	199407	/tmp/partydeck-engine-ci/34488350932/godot-ios-authority-gameplay/artifacts/authority-attachments/CC45677A-13F0-490B-B56A-9432DEFE3ABA.png	/root/projects/PartyDeck/artifacts/screenshot-queue-ios-34488350932-34496252392-v1/payload/docs/screenshots/godot-ios-native-34488350932/authority/attachments/CC45677A-13F0-490B-B56A-9432DEFE3ABA.png	docs/screenshots/godot-ios-native-34488350932/authority/attachments/CC45677A-13F0-490B-B56A-9432DEFE3ABA.png
2c640df8be25acad554a965ec27caeb94b0665afed047bc3f90cf1dbd733bd85	7870	/tmp/partydeck-engine-ci/34488350932/godot-ios-authority-gameplay/artifacts/authority-attachments/16479D03-7115-432C-87E0-4F1A07D75AEC.json	/root/projects/PartyDeck/artifacts/screenshot-queue-ios-34488350932-34496252392-v1/payload/docs/screenshots/godot-ios-native-34488350932/authority/attachments/16479D03-7115-432C-87E0-4F1A07D75AEC.json	docs/screenshots/godot-ios-native-34488350932/authority/attachments/16479D03-7115-432C-87E0-4F1A07D75AEC.json
e83efa73471bd56adede90191b305ce5a9c1f5e9fd996a52458e0fe89a8b5152	8811	/tmp/partydeck-engine-ci/34488350932/godot-ios-authority-gameplay/artifacts/authority-attachments/555E1E19-14DF-468C-B9C9-1AB8E4DD764D.json	/root/projects/PartyDeck/artifacts/screenshot-queue-ios-34488350932-34496252392-v1/payload/docs/screenshots/godot-ios-native-34488350932/authority/attachments/555E1E19-14DF-468C-B9C9-1AB8E4DD764D.json	docs/screenshots/godot-ios-native-34488350932/authority/attachments/555E1E19-14DF-468C-B9C9-1AB8E4DD764D.json
947f6d1628be619e5b08ab4a6c1440e2ff12e438d3c9e7c75ef1e8b53b2b43d3	480	/tmp/partydeck-engine-ci/34488350932/godot-ios-authority-gameplay/artifacts/authority-attachments/465DCBA3-1E62-4412-A8DB-ACE854784544.json	/root/projects/PartyDeck/artifacts/screenshot-queue-ios-34488350932-34496252392-v1/payload/docs/screenshots/godot-ios-native-34488350932/authority/attachments/465DCBA3-1E62-4412-A8DB-ACE854784544.json	docs/screenshots/godot-ios-native-34488350932/authority/attachments/465DCBA3-1E62-4412-A8DB-ACE854784544.json
04a334016649cb2bec4adaf4efaa28d187673e3e3104cfd1c063726af068b761	10910	/tmp/partydeck-engine-ci/34488350932/godot-ios-authority-gameplay/artifacts/authority-attachments/F0D67E6C-F76B-436C-80EB-5BD803CE55DC.json	/root/projects/PartyDeck/artifacts/screenshot-queue-ios-34488350932-34496252392-v1/payload/docs/screenshots/godot-ios-native-34488350932/authority/attachments/F0D67E6C-F76B-436C-80EB-5BD803CE55DC.json	docs/screenshots/godot-ios-native-34488350932/authority/attachments/F0D67E6C-F76B-436C-80EB-5BD803CE55DC.json
933c0c0399bcb7b2424f919c564fe4a84d516b078129ddf2eb24d08dc5905283	475	/tmp/partydeck-engine-ci/34488350932/godot-ios-authority-gameplay/artifacts/authority-attachments/3886A4FF-B658-4D7D-B800-7E3A8F6E75C5.json	/root/projects/PartyDeck/artifacts/screenshot-queue-ios-34488350932-34496252392-v1/payload/docs/screenshots/godot-ios-native-34488350932/authority/attachments/3886A4FF-B658-4D7D-B800-7E3A8F6E75C5.json	docs/screenshots/godot-ios-native-34488350932/authority/attachments/3886A4FF-B658-4D7D-B800-7E3A8F6E75C5.json
ab9c5f8e2a6435702a1f2e34cce71ca2deb834ec8af9dfeb36acac73ece1ddfa	76818	/tmp/partydeck-engine-ci/34488350932/godot-ios-authority-gameplay/artifacts/authority-attachments/EF525AFE-B394-400C-B2C0-83B74B807F4E.png	/root/projects/PartyDeck/artifacts/screenshot-queue-ios-34488350932-34496252392-v1/payload/docs/screenshots/godot-ios-native-34488350932/authority/attachments/EF525AFE-B394-400C-B2C0-83B74B807F4E.png	docs/screenshots/godot-ios-native-34488350932/authority/attachments/EF525AFE-B394-400C-B2C0-83B74B807F4E.png
b01c786101fb37a0f630b81cd703201cb5c267417818be9233fa0fa88f6f4146	7880	/tmp/partydeck-engine-ci/34488350932/godot-ios-authority-gameplay/artifacts/authority-attachments/B3088F20-6F9B-4D2E-B371-1C5D9CE4FC2C.json	/root/projects/PartyDeck/artifacts/screenshot-queue-ios-34488350932-34496252392-v1/payload/docs/screenshots/godot-ios-native-34488350932/authority/attachments/B3088F20-6F9B-4D2E-B371-1C5D9CE4FC2C.json	docs/screenshots/godot-ios-native-34488350932/authority/attachments/B3088F20-6F9B-4D2E-B371-1C5D9CE4FC2C.json
c83b1d3e7cdfca0724dae5b16a99e88552ec8c1033aead3e50539119a2abfffe	8825	/tmp/partydeck-engine-ci/34488350932/godot-ios-authority-gameplay/artifacts/authority-attachments/4EE3B994-2FBE-4AB3-A218-592DDE852217.json	/root/projects/PartyDeck/artifacts/screenshot-queue-ios-34488350932-34496252392-v1/payload/docs/screenshots/godot-ios-native-34488350932/authority/attachments/4EE3B994-2FBE-4AB3-A218-592DDE852217.json	docs/screenshots/godot-ios-native-34488350932/authority/attachments/4EE3B994-2FBE-4AB3-A218-592DDE852217.json
e94ca45f2fe785a3d94bf6b188bbec8915984f1c16ab07366e3df9392edb0d87	481	/tmp/partydeck-engine-ci/34488350932/godot-ios-authority-gameplay/artifacts/authority-attachments/9C99D690-59BF-4411-9B5D-B3C23274D58E.json	/root/projects/PartyDeck/artifacts/screenshot-queue-ios-34488350932-34496252392-v1/payload/docs/screenshots/godot-ios-native-34488350932/authority/attachments/9C99D690-59BF-4411-9B5D-B3C23274D58E.json	docs/screenshots/godot-ios-native-34488350932/authority/attachments/9C99D690-59BF-4411-9B5D-B3C23274D58E.json
32a85e707f46c360cc399fbf3c2501fdf72c0ff4ece3a24e066a2764f534e0f0	10911	/tmp/partydeck-engine-ci/34488350932/godot-ios-authority-gameplay/artifacts/authority-attachments/3AA693F0-590E-456A-B934-B1943463765A.json	/root/projects/PartyDeck/artifacts/screenshot-queue-ios-34488350932-34496252392-v1/payload/docs/screenshots/godot-ios-native-34488350932/authority/attachments/3AA693F0-590E-456A-B934-B1943463765A.json	docs/screenshots/godot-ios-native-34488350932/authority/attachments/3AA693F0-590E-456A-B934-B1943463765A.json
f0b3c71d2be88a4b5a0cddbdddcbcf108b07665a2d0619f10fa209bbb18d3648	475	/tmp/partydeck-engine-ci/34488350932/godot-ios-authority-gameplay/artifacts/authority-attachments/02702007-C5B0-415C-A5C4-5CADC6D30324.json	/root/projects/PartyDeck/artifacts/screenshot-queue-ios-34488350932-34496252392-v1/payload/docs/screenshots/godot-ios-native-34488350932/authority/attachments/02702007-C5B0-415C-A5C4-5CADC6D30324.json	docs/screenshots/godot-ios-native-34488350932/authority/attachments/02702007-C5B0-415C-A5C4-5CADC6D30324.json
20559a935516b306dc0df362c262dc5207aa70a7a89a99d22aa5268158a3f415	15280	/tmp/partydeck-engine-ci/34488350932/godot-ios-authority-gameplay/artifacts/authority-attachments/00D46EC6-6435-4018-827E-68E669292D92.txt	/root/projects/PartyDeck/artifacts/screenshot-queue-ios-34488350932-34496252392-v1/payload/docs/screenshots/godot-ios-native-34488350932/authority/attachments/00D46EC6-6435-4018-827E-68E669292D92.txt	docs/screenshots/godot-ios-native-34488350932/authority/attachments/00D46EC6-6435-4018-827E-68E669292D92.txt
44a1d9b9e049b1173c9fcc2c21ac7198324f3fdcf82c38b9418d865ef7f466e9	1329	/tmp/partydeck-engine-ci/34488350932/godot-ios-authority-gameplay/artifacts/authority-attachments/22508CCE-148D-4D26-AF4F-639B1B217EE4.json	/root/projects/PartyDeck/artifacts/screenshot-queue-ios-34488350932-34496252392-v1/payload/docs/screenshots/godot-ios-native-34488350932/authority/attachments/22508CCE-148D-4D26-AF4F-639B1B217EE4.json	docs/screenshots/godot-ios-native-34488350932/authority/attachments/22508CCE-148D-4D26-AF4F-639B1B217EE4.json
cf210bd83f63e95f99338acfc8c821b77204a6179ecc93a45e9a5a5451b758ab	2805160	/tmp/partydeck-engine-ci/34488350932/godot-ios-authority-gameplay/artifacts/authority-attachments/AF54E76B-B61E-43F5-ADE4-475CDE3C0663.png	/root/projects/PartyDeck/artifacts/screenshot-queue-ios-34488350932-34496252392-v1/payload/docs/screenshots/godot-ios-native-34488350932/authority/attachments/AF54E76B-B61E-43F5-ADE4-475CDE3C0663.png	docs/screenshots/godot-ios-native-34488350932/authority/attachments/AF54E76B-B61E-43F5-ADE4-475CDE3C0663.png
9a270b632acb528c48bd63a46b0a7422fcea9da490731771e2091bc8fff0fee8	200836	/tmp/partydeck-engine-ci/34488350932/godot-ios-authority-gameplay/artifacts/authority-attachments/8342AE12-AEB3-4079-9617-0419652840BE.png	/root/projects/PartyDeck/artifacts/screenshot-queue-ios-34488350932-34496252392-v1/payload/docs/screenshots/godot-ios-native-34488350932/authority/attachments/8342AE12-AEB3-4079-9617-0419652840BE.png	docs/screenshots/godot-ios-native-34488350932/authority/attachments/8342AE12-AEB3-4079-9617-0419652840BE.png
4c50c69df26501901ef3fb7e8d4a626a9c20ebafd88ac58b821d16725219cf90	7876	/tmp/partydeck-engine-ci/34488350932/godot-ios-authority-gameplay/artifacts/authority-attachments/BB94D3BA-17EE-451C-A3A2-CCDD444B548F.json	/root/projects/PartyDeck/artifacts/screenshot-queue-ios-34488350932-34496252392-v1/payload/docs/screenshots/godot-ios-native-34488350932/authority/attachments/BB94D3BA-17EE-451C-A3A2-CCDD444B548F.json	docs/screenshots/godot-ios-native-34488350932/authority/attachments/BB94D3BA-17EE-451C-A3A2-CCDD444B548F.json
646cb030b6d5eb24156d837d88e9f036c6c2a5ba0e81e312e9fcd5e7ebd8d366	8813	/tmp/partydeck-engine-ci/34488350932/godot-ios-authority-gameplay/artifacts/authority-attachments/C2EAF654-69EC-4487-B7B1-943B145DA9AD.json	/root/projects/PartyDeck/artifacts/screenshot-queue-ios-34488350932-34496252392-v1/payload/docs/screenshots/godot-ios-native-34488350932/authority/attachments/C2EAF654-69EC-4487-B7B1-943B145DA9AD.json	docs/screenshots/godot-ios-native-34488350932/authority/attachments/C2EAF654-69EC-4487-B7B1-943B145DA9AD.json
00a78ca361857b0597ae79cfb52a548568323c3359588d1b83a035eabe4b4dc9	481	/tmp/partydeck-engine-ci/34488350932/godot-ios-authority-gameplay/artifacts/authority-attachments/AC3DC530-D896-40E7-A358-DD5D69911311.json	/root/projects/PartyDeck/artifacts/screenshot-queue-ios-34488350932-34496252392-v1/payload/docs/screenshots/godot-ios-native-34488350932/authority/attachments/AC3DC530-D896-40E7-A358-DD5D69911311.json	docs/screenshots/godot-ios-native-34488350932/authority/attachments/AC3DC530-D896-40E7-A358-DD5D69911311.json
1a9d649eee96891df07f6c9ce4c09ad7218a04916b482621e502b4e15d6df81e	10913	/tmp/partydeck-engine-ci/34488350932/godot-ios-authority-gameplay/artifacts/authority-attachments/F88CF885-5A6F-47B7-99E3-C50646E2EA02.json	/root/projects/PartyDeck/artifacts/screenshot-queue-ios-34488350932-34496252392-v1/payload/docs/screenshots/godot-ios-native-34488350932/authority/attachments/F88CF885-5A6F-47B7-99E3-C50646E2EA02.json	docs/screenshots/godot-ios-native-34488350932/authority/attachments/F88CF885-5A6F-47B7-99E3-C50646E2EA02.json
9cfdda7c8dec6bea3dad4f4d79a69a8b311a058717986139648cc30f2a39ff69	475	/tmp/partydeck-engine-ci/34488350932/godot-ios-authority-gameplay/artifacts/authority-attachments/8F508F9F-A5A2-4D00-AFD1-17FFDC5BCE2A.json	/root/projects/PartyDeck/artifacts/screenshot-queue-ios-34488350932-34496252392-v1/payload/docs/screenshots/godot-ios-native-34488350932/authority/attachments/8F508F9F-A5A2-4D00-AFD1-17FFDC5BCE2A.json	docs/screenshots/godot-ios-native-34488350932/authority/attachments/8F508F9F-A5A2-4D00-AFD1-17FFDC5BCE2A.json
3dadb0f199f4dabfb3a9405939d828d6419443d9b4915cef27b750be8fe09244	10914	/tmp/partydeck-engine-ci/34488350932/godot-ios-authority-gameplay/artifacts/authority-attachments/F7DE475B-7320-4CA3-8E69-DC3462CF401E.json	/root/projects/PartyDeck/artifacts/screenshot-queue-ios-34488350932-34496252392-v1/payload/docs/screenshots/godot-ios-native-34488350932/authority/attachments/F7DE475B-7320-4CA3-8E69-DC3462CF401E.json	docs/screenshots/godot-ios-native-34488350932/authority/attachments/F7DE475B-7320-4CA3-8E69-DC3462CF401E.json
16b019c856d896d363c91a70d0eac753e25efb288b20724976171f935168ae71	10862	/tmp/partydeck-engine-ci/34488350932/godot-ios-authority-gameplay/artifacts/authority-attachments/9930499A-9712-4135-8CE4-ACB7CE10477C.json	/root/projects/PartyDeck/artifacts/screenshot-queue-ios-34488350932-34496252392-v1/payload/docs/screenshots/godot-ios-native-34488350932/authority/attachments/9930499A-9712-4135-8CE4-ACB7CE10477C.json	docs/screenshots/godot-ios-native-34488350932/authority/attachments/9930499A-9712-4135-8CE4-ACB7CE10477C.json
c094b060ae1a867da67481e55a6fe67824f7afd07edb53dc3514b9c01c32d450	10903	/tmp/partydeck-engine-ci/34488350932/godot-ios-authority-gameplay/artifacts/authority-attachments/FCE916CF-7CE4-4602-B106-BE9C1E35046D.json	/root/projects/PartyDeck/artifacts/screenshot-queue-ios-34488350932-34496252392-v1/payload/docs/screenshots/godot-ios-native-34488350932/authority/attachments/FCE916CF-7CE4-4602-B106-BE9C1E35046D.json	docs/screenshots/godot-ios-native-34488350932/authority/attachments/FCE916CF-7CE4-4602-B106-BE9C1E35046D.json
7a77184b642077f65918fdce8c28e8fa83d3cf48fe8ad3847f310ea44917eaaf	477	/tmp/partydeck-engine-ci/34488350932/godot-ios-authority-gameplay/artifacts/authority-attachments/69E10163-1F9C-4C29-93CF-1E65BCA6C5BD.json	/root/projects/PartyDeck/artifacts/screenshot-queue-ios-34488350932-34496252392-v1/payload/docs/screenshots/godot-ios-native-34488350932/authority/attachments/69E10163-1F9C-4C29-93CF-1E65BCA6C5BD.json	docs/screenshots/godot-ios-native-34488350932/authority/attachments/69E10163-1F9C-4C29-93CF-1E65BCA6C5BD.json
7a5318419f9def3fa9b58a75a29388adcad83cf7c558b099e7b5be398bdaca14	209462	/tmp/partydeck-engine-ci/34488350932/godot-ios-authority-gameplay/artifacts/authority-attachments/F4E39829-FECF-46A5-B786-D96509A17529.png	/root/projects/PartyDeck/artifacts/screenshot-queue-ios-34488350932-34496252392-v1/payload/docs/screenshots/godot-ios-native-34488350932/authority/attachments/F4E39829-FECF-46A5-B786-D96509A17529.png	docs/screenshots/godot-ios-native-34488350932/authority/attachments/F4E39829-FECF-46A5-B786-D96509A17529.png
ae9fdeff68163b8992c1de1a763d2ce8b27ca88eea968f141230a89713dc6412	7888	/tmp/partydeck-engine-ci/34488350932/godot-ios-authority-gameplay/artifacts/authority-attachments/FCACB996-7837-47C3-A240-5FB1AFF7D18C.json	/root/projects/PartyDeck/artifacts/screenshot-queue-ios-34488350932-34496252392-v1/payload/docs/screenshots/godot-ios-native-34488350932/authority/attachments/FCACB996-7837-47C3-A240-5FB1AFF7D18C.json	docs/screenshots/godot-ios-native-34488350932/authority/attachments/FCACB996-7837-47C3-A240-5FB1AFF7D18C.json
7a5318419f9def3fa9b58a75a29388adcad83cf7c558b099e7b5be398bdaca14	209462	/tmp/partydeck-engine-ci/34488350932/godot-ios-authority-gameplay/artifacts/authority-attachments/575290F2-27F0-4CBD-94A6-C928C7AB0940.png	/root/projects/PartyDeck/artifacts/screenshot-queue-ios-34488350932-34496252392-v1/payload/docs/screenshots/godot-ios-native-34488350932/authority/attachments/575290F2-27F0-4CBD-94A6-C928C7AB0940.png	docs/screenshots/godot-ios-native-34488350932/authority/attachments/575290F2-27F0-4CBD-94A6-C928C7AB0940.png
68662010132ee57b90662f1b62fbf7c7697eae3067bf0509b53ad4b0f4408b67	7888	/tmp/partydeck-engine-ci/34488350932/godot-ios-authority-gameplay/artifacts/authority-attachments/08A95E2E-A687-4C74-AA9E-68D80EB871C4.json	/root/projects/PartyDeck/artifacts/screenshot-queue-ios-34488350932-34496252392-v1/payload/docs/screenshots/godot-ios-native-34488350932/authority/attachments/08A95E2E-A687-4C74-AA9E-68D80EB871C4.json	docs/screenshots/godot-ios-native-34488350932/authority/attachments/08A95E2E-A687-4C74-AA9E-68D80EB871C4.json
5bf366355537aca790106379e84bd8ea793aa21f1c9140d890625de1f59d0b9f	8839	/tmp/partydeck-engine-ci/34488350932/godot-ios-authority-gameplay/artifacts/authority-attachments/D42420B4-A93C-44E5-8C0A-5F1DBF87D18E.json	/root/projects/PartyDeck/artifacts/screenshot-queue-ios-34488350932-34496252392-v1/payload/docs/screenshots/godot-ios-native-34488350932/authority/attachments/D42420B4-A93C-44E5-8C0A-5F1DBF87D18E.json	docs/screenshots/godot-ios-native-34488350932/authority/attachments/D42420B4-A93C-44E5-8C0A-5F1DBF87D18E.json
10b54833839b16e37163210198a0bbd6f815459c5ea6dc011d6757d8dac6fe1f	8796	/tmp/partydeck-engine-ci/34488350932/godot-ios-authority-gameplay/artifacts/authority-attachments/2424DE5A-F4BF-4E8D-A7D0-B184F070868C.json	/root/projects/PartyDeck/artifacts/screenshot-queue-ios-34488350932-34496252392-v1/payload/docs/screenshots/godot-ios-native-34488350932/authority/attachments/2424DE5A-F4BF-4E8D-A7D0-B184F070868C.json	docs/screenshots/godot-ios-native-34488350932/authority/attachments/2424DE5A-F4BF-4E8D-A7D0-B184F070868C.json
8551f9fa512121b5900932d9844ac9f9b41935d16ad23fa42c23f58fe2b59a77	8839	/tmp/partydeck-engine-ci/34488350932/godot-ios-authority-gameplay/artifacts/authority-attachments/D4F364F2-0516-4A1B-8B17-63AAED93765D.json	/root/projects/PartyDeck/artifacts/screenshot-queue-ios-34488350932-34496252392-v1/payload/docs/screenshots/godot-ios-native-34488350932/authority/attachments/D4F364F2-0516-4A1B-8B17-63AAED93765D.json	docs/screenshots/godot-ios-native-34488350932/authority/attachments/D4F364F2-0516-4A1B-8B17-63AAED93765D.json
ad2faa37c10d666eb68c426908a609b443453cb782c64714d499f8bd9ccdcf76	489	/tmp/partydeck-engine-ci/34488350932/godot-ios-authority-gameplay/artifacts/authority-attachments/C55028A0-1C6D-400C-A8A2-25F68B57BC9F.json	/root/projects/PartyDeck/artifacts/screenshot-queue-ios-34488350932-34496252392-v1/payload/docs/screenshots/godot-ios-native-34488350932/authority/attachments/C55028A0-1C6D-400C-A8A2-25F68B57BC9F.json	docs/screenshots/godot-ios-native-34488350932/authority/attachments/C55028A0-1C6D-400C-A8A2-25F68B57BC9F.json
6b6ae39e4bf32ddd47e2c7d72559d28c03999837f795b8b4d78f6036eedd1b03	8876	/tmp/partydeck-engine-ci/34488350932/godot-ios-authority-gameplay/artifacts/authority-attachments/A9ABC5AA-AF6C-4B6B-8E2F-4BE00BC025E4.json	/root/projects/PartyDeck/artifacts/screenshot-queue-ios-34488350932-34496252392-v1/payload/docs/screenshots/godot-ios-native-34488350932/authority/attachments/A9ABC5AA-AF6C-4B6B-8E2F-4BE00BC025E4.json	docs/screenshots/godot-ios-native-34488350932/authority/attachments/A9ABC5AA-AF6C-4B6B-8E2F-4BE00BC025E4.json
0e67b4da20b42f0bc83a63bb89a8bd1407d3596b3f4d5295ccf375c3752a4cf1	8817	/tmp/partydeck-engine-ci/34488350932/godot-ios-authority-gameplay/artifacts/authority-attachments/905ED832-E200-47E8-9AC5-2E91A566ED8B.json	/root/projects/PartyDeck/artifacts/screenshot-queue-ios-34488350932-34496252392-v1/payload/docs/screenshots/godot-ios-native-34488350932/authority/attachments/905ED832-E200-47E8-9AC5-2E91A566ED8B.json	docs/screenshots/godot-ios-native-34488350932/authority/attachments/905ED832-E200-47E8-9AC5-2E91A566ED8B.json
bcc36f2e2aa899f14a1d5e6ce9046b2a0aec3e203e6ad26fc83a32879b92119d	8841	/tmp/partydeck-engine-ci/34488350932/godot-ios-authority-gameplay/artifacts/authority-attachments/F27F4529-D2EC-4CB0-AD18-66DE38FE03F2.json	/root/projects/PartyDeck/artifacts/screenshot-queue-ios-34488350932-34496252392-v1/payload/docs/screenshots/godot-ios-native-34488350932/authority/attachments/F27F4529-D2EC-4CB0-AD18-66DE38FE03F2.json	docs/screenshots/godot-ios-native-34488350932/authority/attachments/F27F4529-D2EC-4CB0-AD18-66DE38FE03F2.json
cc1cf9280a4d60e4c62ac562f97363ce1adcee6f0b67f98157818da20248b857	489	/tmp/partydeck-engine-ci/34488350932/godot-ios-authority-gameplay/artifacts/authority-attachments/9E9DEFDA-A7FE-44EF-9128-52805F218780.json	/root/projects/PartyDeck/artifacts/screenshot-queue-ios-34488350932-34496252392-v1/payload/docs/screenshots/godot-ios-native-34488350932/authority/attachments/9E9DEFDA-A7FE-44EF-9128-52805F218780.json	docs/screenshots/godot-ios-native-34488350932/authority/attachments/9E9DEFDA-A7FE-44EF-9128-52805F218780.json
a29876bd808dbf75d28a07370ac66b820c3efc985dd3d9d7c89167b901bf98c0	8832	/tmp/partydeck-engine-ci/34488350932/godot-ios-authority-gameplay/artifacts/authority-attachments/8C2DC07E-63E1-4F6C-ADE5-66F59EE291DA.json	/root/projects/PartyDeck/artifacts/screenshot-queue-ios-34488350932-34496252392-v1/payload/docs/screenshots/godot-ios-native-34488350932/authority/attachments/8C2DC07E-63E1-4F6C-ADE5-66F59EE291DA.json	docs/screenshots/godot-ios-native-34488350932/authority/attachments/8C2DC07E-63E1-4F6C-ADE5-66F59EE291DA.json
ca3931357bf7f883f712a5c75c68b1920863a11e393f5266edd2b333a66c4cad	489	/tmp/partydeck-engine-ci/34488350932/godot-ios-authority-gameplay/artifacts/authority-attachments/DFB2DF31-9B3E-4C76-92D9-45F40C3255D9.json	/root/projects/PartyDeck/artifacts/screenshot-queue-ios-34488350932-34496252392-v1/payload/docs/screenshots/godot-ios-native-34488350932/authority/attachments/DFB2DF31-9B3E-4C76-92D9-45F40C3255D9.json	docs/screenshots/godot-ios-native-34488350932/authority/attachments/DFB2DF31-9B3E-4C76-92D9-45F40C3255D9.json
acc2596ebb0de79b09ee18a1f295748b4546ec0108e1204d59ee0c97f76c4211	8830	/tmp/partydeck-engine-ci/34488350932/godot-ios-authority-gameplay/artifacts/authority-attachments/F5D5828F-C768-4737-871C-BFE671F694EA.json	/root/projects/PartyDeck/artifacts/screenshot-queue-ios-34488350932-34496252392-v1/payload/docs/screenshots/godot-ios-native-34488350932/authority/attachments/F5D5828F-C768-4737-871C-BFE671F694EA.json	docs/screenshots/godot-ios-native-34488350932/authority/attachments/F5D5828F-C768-4737-871C-BFE671F694EA.json
fd0cc23a9ebbe11898624f910c0aafb9372c02a9e2a46ee7516226a9a1b7b3d7	8788	/tmp/partydeck-engine-ci/34488350932/godot-ios-authority-gameplay/artifacts/authority-attachments/6A877833-C996-44F2-A45F-7FA1AB93A2DA.json	/root/projects/PartyDeck/artifacts/screenshot-queue-ios-34488350932-34496252392-v1/payload/docs/screenshots/godot-ios-native-34488350932/authority/attachments/6A877833-C996-44F2-A45F-7FA1AB93A2DA.json	docs/screenshots/godot-ios-native-34488350932/authority/attachments/6A877833-C996-44F2-A45F-7FA1AB93A2DA.json
0f54f5ebc983e8205dddc77a0b1ab8deb7fa028fdf76c970af5a39f66f53f657	8827	/tmp/partydeck-engine-ci/34488350932/godot-ios-authority-gameplay/artifacts/authority-attachments/AB2D189A-01C3-49A0-87CE-29814ED4C58B.json	/root/projects/PartyDeck/artifacts/screenshot-queue-ios-34488350932-34496252392-v1/payload/docs/screenshots/godot-ios-native-34488350932/authority/attachments/AB2D189A-01C3-49A0-87CE-29814ED4C58B.json	docs/screenshots/godot-ios-native-34488350932/authority/attachments/AB2D189A-01C3-49A0-87CE-29814ED4C58B.json
cf65afb0712d627d1899347dd2fedf3be9e16770fa149c068f8d89ed036cfc6c	8768	/tmp/partydeck-engine-ci/34488350932/godot-ios-authority-gameplay/artifacts/authority-attachments/BF2EABD4-6098-46F5-8CB9-FCDFCFF51A90.json	/root/projects/PartyDeck/artifacts/screenshot-queue-ios-34488350932-34496252392-v1/payload/docs/screenshots/godot-ios-native-34488350932/authority/attachments/BF2EABD4-6098-46F5-8CB9-FCDFCFF51A90.json	docs/screenshots/godot-ios-native-34488350932/authority/attachments/BF2EABD4-6098-46F5-8CB9-FCDFCFF51A90.json
93de1dab51c8c2d0a072df7bffc25e22e2cd6edd9bac733eb9bc315a98763b1d	8829	/tmp/partydeck-engine-ci/34488350932/godot-ios-authority-gameplay/artifacts/authority-attachments/1B37AE50-0583-41D4-A1C4-622197296848.json	/root/projects/PartyDeck/artifacts/screenshot-queue-ios-34488350932-34496252392-v1/payload/docs/screenshots/godot-ios-native-34488350932/authority/attachments/1B37AE50-0583-41D4-A1C4-622197296848.json	docs/screenshots/godot-ios-native-34488350932/authority/attachments/1B37AE50-0583-41D4-A1C4-622197296848.json
47816c59cf2b6b23cf7560d8cd72f17068377359e52be2eb4fdf61391d6d271f	488	/tmp/partydeck-engine-ci/34488350932/godot-ios-authority-gameplay/artifacts/authority-attachments/D29FEFAF-83D4-4931-B83F-1B9A2B9E247D.json	/root/projects/PartyDeck/artifacts/screenshot-queue-ios-34488350932-34496252392-v1/payload/docs/screenshots/godot-ios-native-34488350932/authority/attachments/D29FEFAF-83D4-4931-B83F-1B9A2B9E247D.json	docs/screenshots/godot-ios-native-34488350932/authority/attachments/D29FEFAF-83D4-4931-B83F-1B9A2B9E247D.json
51244d60d872668e224719a22a5b8cbbe3cbd119a0493c7dcc1462ac1ab7675a	212102	/tmp/partydeck-engine-ci/34488350932/godot-ios-authority-gameplay/artifacts/authority-attachments/FB1CF026-4BAD-4837-B392-757345B0E8EE.png	/root/projects/PartyDeck/artifacts/screenshot-queue-ios-34488350932-34496252392-v1/payload/docs/screenshots/godot-ios-native-34488350932/authority/attachments/FB1CF026-4BAD-4837-B392-757345B0E8EE.png	docs/screenshots/godot-ios-native-34488350932/authority/attachments/FB1CF026-4BAD-4837-B392-757345B0E8EE.png
3c8d31021e82aea6431ab6fa7d116f5036517c07bed1785c6b3381acec56564e	7896	/tmp/partydeck-engine-ci/34488350932/godot-ios-authority-gameplay/artifacts/authority-attachments/C6F5B041-B3CA-4ACB-ADEE-7488662B4F33.json	/root/projects/PartyDeck/artifacts/screenshot-queue-ios-34488350932-34496252392-v1/payload/docs/screenshots/godot-ios-native-34488350932/authority/attachments/C6F5B041-B3CA-4ACB-ADEE-7488662B4F33.json	docs/screenshots/godot-ios-native-34488350932/authority/attachments/C6F5B041-B3CA-4ACB-ADEE-7488662B4F33.json
45270da643b672b380f3164cdec77fe5c1c32a6e22dfab5666e4a39d7cd6517d	8837	/tmp/partydeck-engine-ci/34488350932/godot-ios-authority-gameplay/artifacts/authority-attachments/25A86666-1625-46C4-A3D4-D722230AF843.json	/root/projects/PartyDeck/artifacts/screenshot-queue-ios-34488350932-34496252392-v1/payload/docs/screenshots/godot-ios-native-34488350932/authority/attachments/25A86666-1625-46C4-A3D4-D722230AF843.json	docs/screenshots/godot-ios-native-34488350932/authority/attachments/25A86666-1625-46C4-A3D4-D722230AF843.json
eeee1b54611c7abae96325330931b73453db40bfabb0c4eb6aacde37fa613c92	8794	/tmp/partydeck-engine-ci/34488350932/godot-ios-authority-gameplay/artifacts/authority-attachments/4688A3CC-CADB-42E9-A06A-4C4C5351ECD5.json	/root/projects/PartyDeck/artifacts/screenshot-queue-ios-34488350932-34496252392-v1/payload/docs/screenshots/godot-ios-native-34488350932/authority/attachments/4688A3CC-CADB-42E9-A06A-4C4C5351ECD5.json	docs/screenshots/godot-ios-native-34488350932/authority/attachments/4688A3CC-CADB-42E9-A06A-4C4C5351ECD5.json
acc37a8149359ad18ec741d5447433110e21a87796a031ef49e7794bb175f4a7	8844	/tmp/partydeck-engine-ci/34488350932/godot-ios-authority-gameplay/artifacts/authority-attachments/1F21E8CC-EFCF-4880-9A73-5B5FCFA74425.json	/root/projects/PartyDeck/artifacts/screenshot-queue-ios-34488350932-34496252392-v1/payload/docs/screenshots/godot-ios-native-34488350932/authority/attachments/1F21E8CC-EFCF-4880-9A73-5B5FCFA74425.json	docs/screenshots/godot-ios-native-34488350932/authority/attachments/1F21E8CC-EFCF-4880-9A73-5B5FCFA74425.json
a47aab53f87627196975365a480d97c9a935ada2fa81fba1cb8136a18e23abd5	8784	/tmp/partydeck-engine-ci/34488350932/godot-ios-authority-gameplay/artifacts/authority-attachments/C6A9AEE7-9A36-49CD-9B48-1A0CC4594E7D.json	/root/projects/PartyDeck/artifacts/screenshot-queue-ios-34488350932-34496252392-v1/payload/docs/screenshots/godot-ios-native-34488350932/authority/attachments/C6A9AEE7-9A36-49CD-9B48-1A0CC4594E7D.json	docs/screenshots/godot-ios-native-34488350932/authority/attachments/C6A9AEE7-9A36-49CD-9B48-1A0CC4594E7D.json
e8ca968f7e2c300641866fd942ef7c5ff5bce6628f7c5264457379e0c6509736	8845	/tmp/partydeck-engine-ci/34488350932/godot-ios-authority-gameplay/artifacts/authority-attachments/2B1FE984-7111-4FEE-BAD3-7717915CA10D.json	/root/projects/PartyDeck/artifacts/screenshot-queue-ios-34488350932-34496252392-v1/payload/docs/screenshots/godot-ios-native-34488350932/authority/attachments/2B1FE984-7111-4FEE-BAD3-7717915CA10D.json	docs/screenshots/godot-ios-native-34488350932/authority/attachments/2B1FE984-7111-4FEE-BAD3-7717915CA10D.json
a57ab3fa6c44ded3e5acf428f1173350f11f3fec92f5ce2d42c735e64bdd054e	491	/tmp/partydeck-engine-ci/34488350932/godot-ios-authority-gameplay/artifacts/authority-attachments/8FFD82AD-70EF-4F96-91F8-3763130BFBAD.json	/root/projects/PartyDeck/artifacts/screenshot-queue-ios-34488350932-34496252392-v1/payload/docs/screenshots/godot-ios-native-34488350932/authority/attachments/8FFD82AD-70EF-4F96-91F8-3763130BFBAD.json	docs/screenshots/godot-ios-native-34488350932/authority/attachments/8FFD82AD-70EF-4F96-91F8-3763130BFBAD.json
a38b1ad728a6397a285f5ed3885015357a83bbca3f7392d1d7c0fffcfcbbb58f	8825	/tmp/partydeck-engine-ci/34488350932/godot-ios-authority-gameplay/artifacts/authority-attachments/947B5110-4D50-48DE-8359-2B14E9C33CF7.json	/root/projects/PartyDeck/artifacts/screenshot-queue-ios-34488350932-34496252392-v1/payload/docs/screenshots/godot-ios-native-34488350932/authority/attachments/947B5110-4D50-48DE-8359-2B14E9C33CF7.json	docs/screenshots/godot-ios-native-34488350932/authority/attachments/947B5110-4D50-48DE-8359-2B14E9C33CF7.json
12679051db8dad7dd8ec0f329a6905ad65ecfc2bfb82ca6917b188b5f4978281	483	/tmp/partydeck-engine-ci/34488350932/godot-ios-authority-gameplay/artifacts/authority-attachments/CED3DF24-FEE8-42CE-99C8-6CBD084CDC0E.json	/root/projects/PartyDeck/artifacts/screenshot-queue-ios-34488350932-34496252392-v1/payload/docs/screenshots/godot-ios-native-34488350932/authority/attachments/CED3DF24-FEE8-42CE-99C8-6CBD084CDC0E.json	docs/screenshots/godot-ios-native-34488350932/authority/attachments/CED3DF24-FEE8-42CE-99C8-6CBD084CDC0E.json
74c6d3306142a69614a355ef38654e5a8ec58f0e3e495f375c8a78d0d88afbb5	10924	/tmp/partydeck-engine-ci/34488350932/godot-ios-authority-gameplay/artifacts/authority-attachments/617CBBB3-BA61-488B-952E-B2A620C0FD88.json	/root/projects/PartyDeck/artifacts/screenshot-queue-ios-34488350932-34496252392-v1/payload/docs/screenshots/godot-ios-native-34488350932/authority/attachments/617CBBB3-BA61-488B-952E-B2A620C0FD88.json	docs/screenshots/godot-ios-native-34488350932/authority/attachments/617CBBB3-BA61-488B-952E-B2A620C0FD88.json
7253f14a233e0c2529480b560ef1fdf957eef3b0304d060b75fa2cfc96fd3373	477	/tmp/partydeck-engine-ci/34488350932/godot-ios-authority-gameplay/artifacts/authority-attachments/ECE4F53B-1BBE-4151-AF05-2AD86CEAE579.json	/root/projects/PartyDeck/artifacts/screenshot-queue-ios-34488350932-34496252392-v1/payload/docs/screenshots/godot-ios-native-34488350932/authority/attachments/ECE4F53B-1BBE-4151-AF05-2AD86CEAE579.json	docs/screenshots/godot-ios-native-34488350932/authority/attachments/ECE4F53B-1BBE-4151-AF05-2AD86CEAE579.json
f235aedea9e3d510afa35233b526bc61948238675350ca644be79ab2b7b467a1	10873	/tmp/partydeck-engine-ci/34488350932/godot-ios-authority-gameplay/artifacts/authority-attachments/3730A763-5D47-443F-B8D1-F95D9CBDBCD2.json	/root/projects/PartyDeck/artifacts/screenshot-queue-ios-34488350932-34496252392-v1/payload/docs/screenshots/godot-ios-native-34488350932/authority/attachments/3730A763-5D47-443F-B8D1-F95D9CBDBCD2.json	docs/screenshots/godot-ios-native-34488350932/authority/attachments/3730A763-5D47-443F-B8D1-F95D9CBDBCD2.json
37c90b72fddc20904bcfa6eb8b984961b8d491db0a2ec554954522fe1c58bdb3	10925	/tmp/partydeck-engine-ci/34488350932/godot-ios-authority-gameplay/artifacts/authority-attachments/885862F7-01B2-4641-942C-6AE915E3E22E.json	/root/projects/PartyDeck/artifacts/screenshot-queue-ios-34488350932-34496252392-v1/payload/docs/screenshots/godot-ios-native-34488350932/authority/attachments/885862F7-01B2-4641-942C-6AE915E3E22E.json	docs/screenshots/godot-ios-native-34488350932/authority/attachments/885862F7-01B2-4641-942C-6AE915E3E22E.json
259f3a1efdd3dab00a6297b6c101b8c8534d2a1cd43620f46b2ed493be119242	10920	/tmp/partydeck-engine-ci/34488350932/godot-ios-authority-gameplay/artifacts/authority-attachments/4D68A623-8966-40DE-B1B6-D750DC5A07AE.json	/root/projects/PartyDeck/artifacts/screenshot-queue-ios-34488350932-34496252392-v1/payload/docs/screenshots/godot-ios-native-34488350932/authority/attachments/4D68A623-8966-40DE-B1B6-D750DC5A07AE.json	docs/screenshots/godot-ios-native-34488350932/authority/attachments/4D68A623-8966-40DE-B1B6-D750DC5A07AE.json
90a2ad3b71e3720f2b18528487ca43c253b1431958fe6858c7f9d573c358ecec	479	/tmp/partydeck-engine-ci/34488350932/godot-ios-authority-gameplay/artifacts/authority-attachments/2F5ED7B5-9B70-4FC8-B086-4C27E056321B.json	/root/projects/PartyDeck/artifacts/screenshot-queue-ios-34488350932-34496252392-v1/payload/docs/screenshots/godot-ios-native-34488350932/authority/attachments/2F5ED7B5-9B70-4FC8-B086-4C27E056321B.json	docs/screenshots/godot-ios-native-34488350932/authority/attachments/2F5ED7B5-9B70-4FC8-B086-4C27E056321B.json
e24bd9426b18896403c708dd485749a379d99ca9290c1310099ecd0810ce7b55	8846	/tmp/partydeck-engine-ci/34488350932/godot-ios-authority-gameplay/artifacts/authority-attachments/12DD2B68-9081-4E0D-A761-1081CC52302A.json	/root/projects/PartyDeck/artifacts/screenshot-queue-ios-34488350932-34496252392-v1/payload/docs/screenshots/godot-ios-native-34488350932/authority/attachments/12DD2B68-9081-4E0D-A761-1081CC52302A.json	docs/screenshots/godot-ios-native-34488350932/authority/attachments/12DD2B68-9081-4E0D-A761-1081CC52302A.json
345aaef8c11ac6351e716bc523042f24bd4f6f0f8ea2f271ce0e34c629b9bd00	8803	/tmp/partydeck-engine-ci/34488350932/godot-ios-authority-gameplay/artifacts/authority-attachments/0D8ABC21-D5AE-4DA3-8426-3FDC7497DFE5.json	/root/projects/PartyDeck/artifacts/screenshot-queue-ios-34488350932-34496252392-v1/payload/docs/screenshots/godot-ios-native-34488350932/authority/attachments/0D8ABC21-D5AE-4DA3-8426-3FDC7497DFE5.json	docs/screenshots/godot-ios-native-34488350932/authority/attachments/0D8ABC21-D5AE-4DA3-8426-3FDC7497DFE5.json
fe2ed6743e6b85d9b4b375f9d0c2c4ccf05d6c163d318ca3e500e01e180a0f72	8841	/tmp/partydeck-engine-ci/34488350932/godot-ios-authority-gameplay/artifacts/authority-attachments/94C45A68-F530-4A58-A3A2-27D50FB1BF65.json	/root/projects/PartyDeck/artifacts/screenshot-queue-ios-34488350932-34496252392-v1/payload/docs/screenshots/godot-ios-native-34488350932/authority/attachments/94C45A68-F530-4A58-A3A2-27D50FB1BF65.json	docs/screenshots/godot-ios-native-34488350932/authority/attachments/94C45A68-F530-4A58-A3A2-27D50FB1BF65.json
08b540775358591978003c5c850e171b95e1d05bd089171b2668275affaf8a19	8781	/tmp/partydeck-engine-ci/34488350932/godot-ios-authority-gameplay/artifacts/authority-attachments/FDB01E88-43E8-4FD1-90DF-4C0922BBBAC8.json	/root/projects/PartyDeck/artifacts/screenshot-queue-ios-34488350932-34496252392-v1/payload/docs/screenshots/godot-ios-native-34488350932/authority/attachments/FDB01E88-43E8-4FD1-90DF-4C0922BBBAC8.json	docs/screenshots/godot-ios-native-34488350932/authority/attachments/FDB01E88-43E8-4FD1-90DF-4C0922BBBAC8.json
26c92ab49f0c4731f3f89e667d3c0d178bcdce11ebb564093f17410195a2069b	8839	/tmp/partydeck-engine-ci/34488350932/godot-ios-authority-gameplay/artifacts/authority-attachments/3CFFAB66-4377-474D-ACF3-5E6EE9B8D70D.json	/root/projects/PartyDeck/artifacts/screenshot-queue-ios-34488350932-34496252392-v1/payload/docs/screenshots/godot-ios-native-34488350932/authority/attachments/3CFFAB66-4377-474D-ACF3-5E6EE9B8D70D.json	docs/screenshots/godot-ios-native-34488350932/authority/attachments/3CFFAB66-4377-474D-ACF3-5E6EE9B8D70D.json
aa99e864e097275b13888b2f7fbf2e595fb7c3278d9f7eea8cbdae2b84686325	491	/tmp/partydeck-engine-ci/34488350932/godot-ios-authority-gameplay/artifacts/authority-attachments/7C1F115D-46CD-4569-886E-1B96EB0BD7E9.json	/root/projects/PartyDeck/artifacts/screenshot-queue-ios-34488350932-34496252392-v1/payload/docs/screenshots/godot-ios-native-34488350932/authority/attachments/7C1F115D-46CD-4569-886E-1B96EB0BD7E9.json	docs/screenshots/godot-ios-native-34488350932/authority/attachments/7C1F115D-46CD-4569-886E-1B96EB0BD7E9.json
81f662ce3c2232ff707b2cb2ff1da30e948e7f945d62852c17ba753924cfd8ee	8845	/tmp/partydeck-engine-ci/34488350932/godot-ios-authority-gameplay/artifacts/authority-attachments/1D5834DD-3609-4135-B90F-DAD28733A23E.json	/root/projects/PartyDeck/artifacts/screenshot-queue-ios-34488350932-34496252392-v1/payload/docs/screenshots/godot-ios-native-34488350932/authority/attachments/1D5834DD-3609-4135-B90F-DAD28733A23E.json	docs/screenshots/godot-ios-native-34488350932/authority/attachments/1D5834DD-3609-4135-B90F-DAD28733A23E.json
469079a462037e07608853e9e479e06add64e99cfcc33434d7da5087ba834f61	8785	/tmp/partydeck-engine-ci/34488350932/godot-ios-authority-gameplay/artifacts/authority-attachments/429367D9-BDF7-471D-B8CA-6220A17E7C45.json	/root/projects/PartyDeck/artifacts/screenshot-queue-ios-34488350932-34496252392-v1/payload/docs/screenshots/godot-ios-native-34488350932/authority/attachments/429367D9-BDF7-471D-B8CA-6220A17E7C45.json	docs/screenshots/godot-ios-native-34488350932/authority/attachments/429367D9-BDF7-471D-B8CA-6220A17E7C45.json
9024481271579b6e102f5e4cf2ab838ee5d3cd0db594f1e60bae20b81edbaaec	8846	/tmp/partydeck-engine-ci/34488350932/godot-ios-authority-gameplay/artifacts/authority-attachments/D8F0570A-7C12-47DC-9A68-6ACCCE335F96.json	/root/projects/PartyDeck/artifacts/screenshot-queue-ios-34488350932-34496252392-v1/payload/docs/screenshots/godot-ios-native-34488350932/authority/attachments/D8F0570A-7C12-47DC-9A68-6ACCCE335F96.json	docs/screenshots/godot-ios-native-34488350932/authority/attachments/D8F0570A-7C12-47DC-9A68-6ACCCE335F96.json
c8d524b38bdd17a6ba00d5c0a4e64b4924bc64c4f589c8c275d082d0faa7ecde	491	/tmp/partydeck-engine-ci/34488350932/godot-ios-authority-gameplay/artifacts/authority-attachments/FBAF40C8-4CD2-4E40-962D-93435080E9E8.json	/root/projects/PartyDeck/artifacts/screenshot-queue-ios-34488350932-34496252392-v1/payload/docs/screenshots/godot-ios-native-34488350932/authority/attachments/FBAF40C8-4CD2-4E40-962D-93435080E9E8.json	docs/screenshots/godot-ios-native-34488350932/authority/attachments/FBAF40C8-4CD2-4E40-962D-93435080E9E8.json
2ac5769b34ce89dffa86d6a542c6c2aa0864ef27538c61ed258496fd4be3bb20	8841	/tmp/partydeck-engine-ci/34488350932/godot-ios-authority-gameplay/artifacts/authority-attachments/BD9CBA8E-45B6-4EEA-92DA-1B45176C13DB.json	/root/projects/PartyDeck/artifacts/screenshot-queue-ios-34488350932-34496252392-v1/payload/docs/screenshots/godot-ios-native-34488350932/authority/attachments/BD9CBA8E-45B6-4EEA-92DA-1B45176C13DB.json	docs/screenshots/godot-ios-native-34488350932/authority/attachments/BD9CBA8E-45B6-4EEA-92DA-1B45176C13DB.json
113f2e034af2ab31ec0010c11da3928cb05504764d51ce8571473ad4d445dbcf	491	/tmp/partydeck-engine-ci/34488350932/godot-ios-authority-gameplay/artifacts/authority-attachments/183D8AD1-6121-4B43-8DA7-7B250FC5F1AF.json	/root/projects/PartyDeck/artifacts/screenshot-queue-ios-34488350932-34496252392-v1/payload/docs/screenshots/godot-ios-native-34488350932/authority/attachments/183D8AD1-6121-4B43-8DA7-7B250FC5F1AF.json	docs/screenshots/godot-ios-native-34488350932/authority/attachments/183D8AD1-6121-4B43-8DA7-7B250FC5F1AF.json
e390d5a70caf5029c8366b7b4256ec6dbd70d6d7fe52c4fb0ee84d61b1ed6772	8835	/tmp/partydeck-engine-ci/34488350932/godot-ios-authority-gameplay/artifacts/authority-attachments/67B23964-FF6A-4D41-87C5-C398EC6C1CE6.json	/root/projects/PartyDeck/artifacts/screenshot-queue-ios-34488350932-34496252392-v1/payload/docs/screenshots/godot-ios-native-34488350932/authority/attachments/67B23964-FF6A-4D41-87C5-C398EC6C1CE6.json	docs/screenshots/godot-ios-native-34488350932/authority/attachments/67B23964-FF6A-4D41-87C5-C398EC6C1CE6.json
e7e2d4d6fdedadc6039a88d829038b417ada8350ce55464e1f2507bdb0d432ff	8793	/tmp/partydeck-engine-ci/34488350932/godot-ios-authority-gameplay/artifacts/authority-attachments/904C1214-7707-45E5-BFB8-9F2A73811A6E.json	/root/projects/PartyDeck/artifacts/screenshot-queue-ios-34488350932-34496252392-v1/payload/docs/screenshots/godot-ios-native-34488350932/authority/attachments/904C1214-7707-45E5-BFB8-9F2A73811A6E.json	docs/screenshots/godot-ios-native-34488350932/authority/attachments/904C1214-7707-45E5-BFB8-9F2A73811A6E.json
891f13c68b312f2bb89e847f17e78203ae33b500137b4fbb8f6239ce47e31154	8835	/tmp/partydeck-engine-ci/34488350932/godot-ios-authority-gameplay/artifacts/authority-attachments/98925C5E-BABF-45CC-AC05-1FC329C3378E.json	/root/projects/PartyDeck/artifacts/screenshot-queue-ios-34488350932-34496252392-v1/payload/docs/screenshots/godot-ios-native-34488350932/authority/attachments/98925C5E-BABF-45CC-AC05-1FC329C3378E.json	docs/screenshots/godot-ios-native-34488350932/authority/attachments/98925C5E-BABF-45CC-AC05-1FC329C3378E.json
ef87e2312e28a3daa30a0682ebbd013897b35eda29e118dee8f47d3d0cb329fa	489	/tmp/partydeck-engine-ci/34488350932/godot-ios-authority-gameplay/artifacts/authority-attachments/A5D57FE6-54CA-48A0-A6CF-839D037A980A.json	/root/projects/PartyDeck/artifacts/screenshot-queue-ios-34488350932-34496252392-v1/payload/docs/screenshots/godot-ios-native-34488350932/authority/attachments/A5D57FE6-54CA-48A0-A6CF-839D037A980A.json	docs/screenshots/godot-ios-native-34488350932/authority/attachments/A5D57FE6-54CA-48A0-A6CF-839D037A980A.json
df354a83f6778b4f640e9d0b976eb5c127189a3771333ef72e4cacf33050a079	8847	/tmp/partydeck-engine-ci/34488350932/godot-ios-authority-gameplay/artifacts/authority-attachments/2BB97753-CEBE-44D1-A5FA-7B7EAF866297.json	/root/projects/PartyDeck/artifacts/screenshot-queue-ios-34488350932-34496252392-v1/payload/docs/screenshots/godot-ios-native-34488350932/authority/attachments/2BB97753-CEBE-44D1-A5FA-7B7EAF866297.json	docs/screenshots/godot-ios-native-34488350932/authority/attachments/2BB97753-CEBE-44D1-A5FA-7B7EAF866297.json
6977f5abf45ad00858f5c0584056210bebba314fd7181b6f28a80a33b69d5ea2	8804	/tmp/partydeck-engine-ci/34488350932/godot-ios-authority-gameplay/artifacts/authority-attachments/E6556605-8AD1-4879-84A0-9967A81283EF.json	/root/projects/PartyDeck/artifacts/screenshot-queue-ios-34488350932-34496252392-v1/payload/docs/screenshots/godot-ios-native-34488350932/authority/attachments/E6556605-8AD1-4879-84A0-9967A81283EF.json	docs/screenshots/godot-ios-native-34488350932/authority/attachments/E6556605-8AD1-4879-84A0-9967A81283EF.json
4ab290d04bf04fb6219ea803003dda326a3f332a12ce9ff24383314f318b7b36	8846	/tmp/partydeck-engine-ci/34488350932/godot-ios-authority-gameplay/artifacts/authority-attachments/E86A084E-CE40-4692-8224-5FF5095E16F2.json	/root/projects/PartyDeck/artifacts/screenshot-queue-ios-34488350932-34496252392-v1/payload/docs/screenshots/godot-ios-native-34488350932/authority/attachments/E86A084E-CE40-4692-8224-5FF5095E16F2.json	docs/screenshots/godot-ios-native-34488350932/authority/attachments/E86A084E-CE40-4692-8224-5FF5095E16F2.json
6fda32087475c210bb3acc90af62df07e0ef27d18ddf899c69f2b5b3cdf8d44e	8786	/tmp/partydeck-engine-ci/34488350932/godot-ios-authority-gameplay/artifacts/authority-attachments/FE68636C-5B29-48A1-8087-27F111FEFDC6.json	/root/projects/PartyDeck/artifacts/screenshot-queue-ios-34488350932-34496252392-v1/payload/docs/screenshots/godot-ios-native-34488350932/authority/attachments/FE68636C-5B29-48A1-8087-27F111FEFDC6.json	docs/screenshots/godot-ios-native-34488350932/authority/attachments/FE68636C-5B29-48A1-8087-27F111FEFDC6.json
e11c15675aa597ba9dc9e4f604f1f2481f027cec32c8303a5682d69b01cf647f	8883	/tmp/partydeck-engine-ci/34488350932/godot-ios-authority-gameplay/artifacts/authority-attachments/EC3252D1-7A76-4D4B-8C71-FBFCB9BCA47D.json	/root/projects/PartyDeck/artifacts/screenshot-queue-ios-34488350932-34496252392-v1/payload/docs/screenshots/godot-ios-native-34488350932/authority/attachments/EC3252D1-7A76-4D4B-8C71-FBFCB9BCA47D.json	docs/screenshots/godot-ios-native-34488350932/authority/attachments/EC3252D1-7A76-4D4B-8C71-FBFCB9BCA47D.json
d94a74d7f7b1cc50aa100fe2051c1d6922d59904694431c0455961a8a1661c80	491	/tmp/partydeck-engine-ci/34488350932/godot-ios-authority-gameplay/artifacts/authority-attachments/809C2B3F-0536-4A09-A990-DD7BB1285FCC.json	/root/projects/PartyDeck/artifacts/screenshot-queue-ios-34488350932-34496252392-v1/payload/docs/screenshots/godot-ios-native-34488350932/authority/attachments/809C2B3F-0536-4A09-A990-DD7BB1285FCC.json	docs/screenshots/godot-ios-native-34488350932/authority/attachments/809C2B3F-0536-4A09-A990-DD7BB1285FCC.json
f8930ab4bc4a5e27bd06e6c12fc58abfd19df82f0bac8007d90fdbaa66bc2c6b	8847	/tmp/partydeck-engine-ci/34488350932/godot-ios-authority-gameplay/artifacts/authority-attachments/A4D5F260-70D2-414F-92B7-576A56040A36.json	/root/projects/PartyDeck/artifacts/screenshot-queue-ios-34488350932-34496252392-v1/payload/docs/screenshots/godot-ios-native-34488350932/authority/attachments/A4D5F260-70D2-414F-92B7-576A56040A36.json	docs/screenshots/godot-ios-native-34488350932/authority/attachments/A4D5F260-70D2-414F-92B7-576A56040A36.json
824604602fd1089c06b7e0cb8eba0a72beb3e69ead641334ee01a0f4b05ef653	491	/tmp/partydeck-engine-ci/34488350932/godot-ios-authority-gameplay/artifacts/authority-attachments/1A3F6354-002B-4890-8084-0BAE5250D325.json	/root/projects/PartyDeck/artifacts/screenshot-queue-ios-34488350932-34496252392-v1/payload/docs/screenshots/godot-ios-native-34488350932/authority/attachments/1A3F6354-002B-4890-8084-0BAE5250D325.json	docs/screenshots/godot-ios-native-34488350932/authority/attachments/1A3F6354-002B-4890-8084-0BAE5250D325.json
d83ef46d46f55b18f1cbb9e56caaeb5f38123bb6c67ec806945263ac97981219	8842	/tmp/partydeck-engine-ci/34488350932/godot-ios-authority-gameplay/artifacts/authority-attachments/A72D47B2-5E8B-427C-8686-A16161289FDC.json	/root/projects/PartyDeck/artifacts/screenshot-queue-ios-34488350932-34496252392-v1/payload/docs/screenshots/godot-ios-native-34488350932/authority/attachments/A72D47B2-5E8B-427C-8686-A16161289FDC.json	docs/screenshots/godot-ios-native-34488350932/authority/attachments/A72D47B2-5E8B-427C-8686-A16161289FDC.json
a64cb1e9ea73786852279beb6844373ebdca4eed31f3fd142b8268c3d44845dd	491	/tmp/partydeck-engine-ci/34488350932/godot-ios-authority-gameplay/artifacts/authority-attachments/EE3EE8C4-B75A-486C-BDC6-8A769FBC7CEF.json	/root/projects/PartyDeck/artifacts/screenshot-queue-ios-34488350932-34496252392-v1/payload/docs/screenshots/godot-ios-native-34488350932/authority/attachments/EE3EE8C4-B75A-486C-BDC6-8A769FBC7CEF.json	docs/screenshots/godot-ios-native-34488350932/authority/attachments/EE3EE8C4-B75A-486C-BDC6-8A769FBC7CEF.json
374be5c03e334bc95ffd601ace965bbcdc5ea648cc0c7791fc0308b5b2ae7531	8849	/tmp/partydeck-engine-ci/34488350932/godot-ios-authority-gameplay/artifacts/authority-attachments/744130A4-AD69-4745-8BB5-D94FC9445D32.json	/root/projects/PartyDeck/artifacts/screenshot-queue-ios-34488350932-34496252392-v1/payload/docs/screenshots/godot-ios-native-34488350932/authority/attachments/744130A4-AD69-4745-8BB5-D94FC9445D32.json	docs/screenshots/godot-ios-native-34488350932/authority/attachments/744130A4-AD69-4745-8BB5-D94FC9445D32.json
9029afb6071969370016787a084c7aa01ef5d8e9918973bdf8ce07150fe42a3e	491	/tmp/partydeck-engine-ci/34488350932/godot-ios-authority-gameplay/artifacts/authority-attachments/F4302AF6-232B-4DAA-A22B-BC9730EE6C3C.json	/root/projects/PartyDeck/artifacts/screenshot-queue-ios-34488350932-34496252392-v1/payload/docs/screenshots/godot-ios-native-34488350932/authority/attachments/F4302AF6-232B-4DAA-A22B-BC9730EE6C3C.json	docs/screenshots/godot-ios-native-34488350932/authority/attachments/F4302AF6-232B-4DAA-A22B-BC9730EE6C3C.json
4a272741f2dacadca51a73d08af35315295f61371b7f5f1c02f9671339b4b0a1	8844	/tmp/partydeck-engine-ci/34488350932/godot-ios-authority-gameplay/artifacts/authority-attachments/3FAE94FA-27A2-4931-9C0F-C08748452D3B.json	/root/projects/PartyDeck/artifacts/screenshot-queue-ios-34488350932-34496252392-v1/payload/docs/screenshots/godot-ios-native-34488350932/authority/attachments/3FAE94FA-27A2-4931-9C0F-C08748452D3B.json	docs/screenshots/godot-ios-native-34488350932/authority/attachments/3FAE94FA-27A2-4931-9C0F-C08748452D3B.json
47c6fdd849b2f24a1e308cf5acecdee60581858e59cf47f7533dd4fe90c85bd0	8784	/tmp/partydeck-engine-ci/34488350932/godot-ios-authority-gameplay/artifacts/authority-attachments/6C9DBBC4-5A7C-43F9-8C49-AC231895CE2B.json	/root/projects/PartyDeck/artifacts/screenshot-queue-ios-34488350932-34496252392-v1/payload/docs/screenshots/godot-ios-native-34488350932/authority/attachments/6C9DBBC4-5A7C-43F9-8C49-AC231895CE2B.json	docs/screenshots/godot-ios-native-34488350932/authority/attachments/6C9DBBC4-5A7C-43F9-8C49-AC231895CE2B.json
e4d007fd73e8fe949ab9daf2876b4bfe58c6488f9531067e02216d7a95c26b9a	8848	/tmp/partydeck-engine-ci/34488350932/godot-ios-authority-gameplay/artifacts/authority-attachments/4C5B0550-4C0D-45B9-96DE-1777CED34E3B.json	/root/projects/PartyDeck/artifacts/screenshot-queue-ios-34488350932-34496252392-v1/payload/docs/screenshots/godot-ios-native-34488350932/authority/attachments/4C5B0550-4C0D-45B9-96DE-1777CED34E3B.json	docs/screenshots/godot-ios-native-34488350932/authority/attachments/4C5B0550-4C0D-45B9-96DE-1777CED34E3B.json
19edb0972edeb0ddb4da05c066686c36afc780129ff15d75d1ab7c81aaf1b59f	491	/tmp/partydeck-engine-ci/34488350932/godot-ios-authority-gameplay/artifacts/authority-attachments/76702341-3B87-4980-AC21-0AE2BE56BB4F.json	/root/projects/PartyDeck/artifacts/screenshot-queue-ios-34488350932-34496252392-v1/payload/docs/screenshots/godot-ios-native-34488350932/authority/attachments/76702341-3B87-4980-AC21-0AE2BE56BB4F.json	docs/screenshots/godot-ios-native-34488350932/authority/attachments/76702341-3B87-4980-AC21-0AE2BE56BB4F.json
4ac87a390f61b84e80c7d971c10ec8560c9c2185f58ce2fad3443005873e4fcb	8830	/tmp/partydeck-engine-ci/34488350932/godot-ios-authority-gameplay/artifacts/authority-attachments/F4F6C2CA-2FF7-4627-89A8-E4381BDB03FA.json	/root/projects/PartyDeck/artifacts/screenshot-queue-ios-34488350932-34496252392-v1/payload/docs/screenshots/godot-ios-native-34488350932/authority/attachments/F4F6C2CA-2FF7-4627-89A8-E4381BDB03FA.json	docs/screenshots/godot-ios-native-34488350932/authority/attachments/F4F6C2CA-2FF7-4627-89A8-E4381BDB03FA.json
938f41fe317778118cba852c4f81b290a7bc2e998f860ac0a5d4517a6a67aac0	491	/tmp/partydeck-engine-ci/34488350932/godot-ios-authority-gameplay/artifacts/authority-attachments/9EE66206-4050-4EA1-9BC3-B3E54A682F0E.json	/root/projects/PartyDeck/artifacts/screenshot-queue-ios-34488350932-34496252392-v1/payload/docs/screenshots/godot-ios-native-34488350932/authority/attachments/9EE66206-4050-4EA1-9BC3-B3E54A682F0E.json	docs/screenshots/godot-ios-native-34488350932/authority/attachments/9EE66206-4050-4EA1-9BC3-B3E54A682F0E.json
b2b218d3b1fd6f5085ba9e1b70df1ceaa31e765a8e9007c2e9d5be365d93b7a7	204433	/tmp/partydeck-engine-ci/34488350932/godot-ios-authority-gameplay/artifacts/authority-attachments/3FA6238D-D82D-4C28-9EBF-302879A70E39.png	/root/projects/PartyDeck/artifacts/screenshot-queue-ios-34488350932-34496252392-v1/payload/docs/screenshots/godot-ios-native-34488350932/authority/attachments/3FA6238D-D82D-4C28-9EBF-302879A70E39.png	docs/screenshots/godot-ios-native-34488350932/authority/attachments/3FA6238D-D82D-4C28-9EBF-302879A70E39.png
a9210cd586a67a58e258e2caa3357c59fe522326d4532ac0fa3307657c0245bb	7901	/tmp/partydeck-engine-ci/34488350932/godot-ios-authority-gameplay/artifacts/authority-attachments/A75CC53A-11DE-4BEB-870D-9623F6F7680B.json	/root/projects/PartyDeck/artifacts/screenshot-queue-ios-34488350932-34496252392-v1/payload/docs/screenshots/godot-ios-native-34488350932/authority/attachments/A75CC53A-11DE-4BEB-870D-9623F6F7680B.json	docs/screenshots/godot-ios-native-34488350932/authority/attachments/A75CC53A-11DE-4BEB-870D-9623F6F7680B.json
a1a6b32ca86e69f48e912dd00a35d835acaa41ad343b8e917957c7815fa7659f	8844	/tmp/partydeck-engine-ci/34488350932/godot-ios-authority-gameplay/artifacts/authority-attachments/2EA58E2C-7A9F-416D-85E4-853F86285D81.json	/root/projects/PartyDeck/artifacts/screenshot-queue-ios-34488350932-34496252392-v1/payload/docs/screenshots/godot-ios-native-34488350932/authority/attachments/2EA58E2C-7A9F-416D-85E4-853F86285D81.json	docs/screenshots/godot-ios-native-34488350932/authority/attachments/2EA58E2C-7A9F-416D-85E4-853F86285D81.json
9223594ea8f7d7fc3a55474ce526d969908f9cc96e8e7d13c4b8c7a8ac433545	8806	/tmp/partydeck-engine-ci/34488350932/godot-ios-authority-gameplay/artifacts/authority-attachments/21FBA2D9-9668-42E7-AB5B-24FFA65B6BD2.json	/root/projects/PartyDeck/artifacts/screenshot-queue-ios-34488350932-34496252392-v1/payload/docs/screenshots/godot-ios-native-34488350932/authority/attachments/21FBA2D9-9668-42E7-AB5B-24FFA65B6BD2.json	docs/screenshots/godot-ios-native-34488350932/authority/attachments/21FBA2D9-9668-42E7-AB5B-24FFA65B6BD2.json
20e474839bfd615dc2220970ad4a673747e226202a9842ee4bec681aefa0d850	8834	/tmp/partydeck-engine-ci/34488350932/godot-ios-authority-gameplay/artifacts/authority-attachments/591C03C1-0F58-42D2-8427-B00A3422CFEA.json	/root/projects/PartyDeck/artifacts/screenshot-queue-ios-34488350932-34496252392-v1/payload/docs/screenshots/godot-ios-native-34488350932/authority/attachments/591C03C1-0F58-42D2-8427-B00A3422CFEA.json	docs/screenshots/godot-ios-native-34488350932/authority/attachments/591C03C1-0F58-42D2-8427-B00A3422CFEA.json
d25e79d8106d1a4a62440c3332a88fffb8215f374a87a9dfbd641e4ff9e317a2	8779	/tmp/partydeck-engine-ci/34488350932/godot-ios-authority-gameplay/artifacts/authority-attachments/0670BB1A-D254-48C4-9172-84EAD0785FF7.json	/root/projects/PartyDeck/artifacts/screenshot-queue-ios-34488350932-34496252392-v1/payload/docs/screenshots/godot-ios-native-34488350932/authority/attachments/0670BB1A-D254-48C4-9172-84EAD0785FF7.json	docs/screenshots/godot-ios-native-34488350932/authority/attachments/0670BB1A-D254-48C4-9172-84EAD0785FF7.json
823114137e62a00f9fec8cebd95b38ce740cdb0ed4057bfc70990b9d2af53f21	8840	/tmp/partydeck-engine-ci/34488350932/godot-ios-authority-gameplay/artifacts/authority-attachments/BFDDF56C-1552-465D-82A6-241C254313F3.json	/root/projects/PartyDeck/artifacts/screenshot-queue-ios-34488350932-34496252392-v1/payload/docs/screenshots/godot-ios-native-34488350932/authority/attachments/BFDDF56C-1552-465D-82A6-241C254313F3.json	docs/screenshots/godot-ios-native-34488350932/authority/attachments/BFDDF56C-1552-465D-82A6-241C254313F3.json
1282a6677a39aa3466da93aa040b9f8316032c723aff575854d4e14002979ec8	481	/tmp/partydeck-engine-ci/34488350932/godot-ios-authority-gameplay/artifacts/authority-attachments/92A7AF82-B6B4-41E1-94FE-D3240CAD3F52.json	/root/projects/PartyDeck/artifacts/screenshot-queue-ios-34488350932-34496252392-v1/payload/docs/screenshots/godot-ios-native-34488350932/authority/attachments/92A7AF82-B6B4-41E1-94FE-D3240CAD3F52.json	docs/screenshots/godot-ios-native-34488350932/authority/attachments/92A7AF82-B6B4-41E1-94FE-D3240CAD3F52.json
1dc09e9ed69b66ff14a9c199a7ff1b044688e66ef9e5ba88f7e7f75cdb366b2c	96137	/tmp/partydeck-engine-ci/34488350932/godot-ios-authority-gameplay/artifacts/authority-attachments/E155D19F-8BC5-4599-B20C-42E3FD19793A.png	/root/projects/PartyDeck/artifacts/screenshot-queue-ios-34488350932-34496252392-v1/payload/docs/screenshots/godot-ios-native-34488350932/authority/attachments/E155D19F-8BC5-4599-B20C-42E3FD19793A.png	docs/screenshots/godot-ios-native-34488350932/authority/attachments/E155D19F-8BC5-4599-B20C-42E3FD19793A.png
1d1a79253616a11e1ffc6d74a2ed6803689dca77e5260ad2eae00a850a4cd473	4724	/tmp/partydeck-engine-ci/34488350932/godot-ios-authority-gameplay/artifacts/authority-attachments/8C15EA63-CC47-4F15-BE7A-D67213CD55FB.json	/root/projects/PartyDeck/artifacts/screenshot-queue-ios-34488350932-34496252392-v1/payload/docs/screenshots/godot-ios-native-34488350932/authority/attachments/8C15EA63-CC47-4F15-BE7A-D67213CD55FB.json	docs/screenshots/godot-ios-native-34488350932/authority/attachments/8C15EA63-CC47-4F15-BE7A-D67213CD55FB.json
7b2b8279445d2e690cdea2771a3b017041bbc91f4edb0b2ced4db7b325af3956	271138	/tmp/partydeck-engine-ci/34488350932/godot-ios-authority-gameplay/artifacts/authority-attachments/E8188697-7492-4ABE-902D-89D260EF09A0.png	/root/projects/PartyDeck/artifacts/screenshot-queue-ios-34488350932-34496252392-v1/payload/docs/screenshots/godot-ios-native-34488350932/authority/attachments/E8188697-7492-4ABE-902D-89D260EF09A0.png	docs/screenshots/godot-ios-native-34488350932/authority/attachments/E8188697-7492-4ABE-902D-89D260EF09A0.png
c1c917846744cfac7181dd9c6de7977882a7a7083c9835a767eeb7a3e5defee6	7892	/tmp/partydeck-engine-ci/34488350932/godot-ios-authority-gameplay/artifacts/authority-attachments/657E3EA2-1893-4E9D-AC50-4DC062835C55.json	/root/projects/PartyDeck/artifacts/screenshot-queue-ios-34488350932-34496252392-v1/payload/docs/screenshots/godot-ios-native-34488350932/authority/attachments/657E3EA2-1893-4E9D-AC50-4DC062835C55.json	docs/screenshots/godot-ios-native-34488350932/authority/attachments/657E3EA2-1893-4E9D-AC50-4DC062835C55.json
f87dee60d653fe1b02c2f833ce41b9001d54537626ed65b6d8adde95859b3bbc	8741	/tmp/partydeck-engine-ci/34488350932/godot-ios-authority-gameplay/artifacts/authority-attachments/3C862A24-469F-4298-9615-00DCD3428FB9.json	/root/projects/PartyDeck/artifacts/screenshot-queue-ios-34488350932-34496252392-v1/payload/docs/screenshots/godot-ios-native-34488350932/authority/attachments/3C862A24-469F-4298-9615-00DCD3428FB9.json	docs/screenshots/godot-ios-native-34488350932/authority/attachments/3C862A24-469F-4298-9615-00DCD3428FB9.json
f5b22ff79e34b70de0739c6e99269a6c545872aa2d3861c20c679e8102c821ba	8797	/tmp/partydeck-engine-ci/34488350932/godot-ios-authority-gameplay/artifacts/authority-attachments/287AFDD6-121A-4933-8764-BCB21C78789C.json	/root/projects/PartyDeck/artifacts/screenshot-queue-ios-34488350932-34496252392-v1/payload/docs/screenshots/godot-ios-native-34488350932/authority/attachments/287AFDD6-121A-4933-8764-BCB21C78789C.json	docs/screenshots/godot-ios-native-34488350932/authority/attachments/287AFDD6-121A-4933-8764-BCB21C78789C.json
57fa6aa822e8253858a9fedfe5fa2f257dc44cb79dc518ea18d1244aea6cd4f6	8803	/tmp/partydeck-engine-ci/34488350932/godot-ios-authority-gameplay/artifacts/authority-attachments/83F50BCA-1EB0-4E37-B3F0-BD5F5C406681.json	/root/projects/PartyDeck/artifacts/screenshot-queue-ios-34488350932-34496252392-v1/payload/docs/screenshots/godot-ios-native-34488350932/authority/attachments/83F50BCA-1EB0-4E37-B3F0-BD5F5C406681.json	docs/screenshots/godot-ios-native-34488350932/authority/attachments/83F50BCA-1EB0-4E37-B3F0-BD5F5C406681.json
018a0f7378d24281584d66685cc788715885d33f2bde4f2331902c933be9b4fa	480	/tmp/partydeck-engine-ci/34488350932/godot-ios-authority-gameplay/artifacts/authority-attachments/1E7C5DF9-1D61-46F1-9BC0-1A3691F25383.json	/root/projects/PartyDeck/artifacts/screenshot-queue-ios-34488350932-34496252392-v1/payload/docs/screenshots/godot-ios-native-34488350932/authority/attachments/1E7C5DF9-1D61-46F1-9BC0-1A3691F25383.json	docs/screenshots/godot-ios-native-34488350932/authority/attachments/1E7C5DF9-1D61-46F1-9BC0-1A3691F25383.json
e1d4de1977bc87a01a28b4a10f260f25304676cba60a533e3f7c7c928e07ea1d	10889	/tmp/partydeck-engine-ci/34488350932/godot-ios-authority-gameplay/artifacts/authority-attachments/B2F267CB-C198-4A6D-AB30-81AEC9DF4675.json	/root/projects/PartyDeck/artifacts/screenshot-queue-ios-34488350932-34496252392-v1/payload/docs/screenshots/godot-ios-native-34488350932/authority/attachments/B2F267CB-C198-4A6D-AB30-81AEC9DF4675.json	docs/screenshots/godot-ios-native-34488350932/authority/attachments/B2F267CB-C198-4A6D-AB30-81AEC9DF4675.json
b9180c4de5a3d6c416aecbca48d7d64cb733870d945e24da3e1bcdd5abee33cf	474	/tmp/partydeck-engine-ci/34488350932/godot-ios-authority-gameplay/artifacts/authority-attachments/2099E8BC-1870-4164-A0C5-15CDA07B02B3.json	/root/projects/PartyDeck/artifacts/screenshot-queue-ios-34488350932-34496252392-v1/payload/docs/screenshots/godot-ios-native-34488350932/authority/attachments/2099E8BC-1870-4164-A0C5-15CDA07B02B3.json	docs/screenshots/godot-ios-native-34488350932/authority/attachments/2099E8BC-1870-4164-A0C5-15CDA07B02B3.json
f04292e3bc84b11bb8385ffe13e9f5b8de86cb3863f1f09ccdde330a2b21eea9	239298	/tmp/partydeck-engine-ci/34488350932/godot-ios-authority-gameplay/artifacts/authority-attachments/DCF80BE5-8876-40C3-BF1E-D7DEEE3F2DEE.png	/root/projects/PartyDeck/artifacts/screenshot-queue-ios-34488350932-34496252392-v1/payload/docs/screenshots/godot-ios-native-34488350932/authority/attachments/DCF80BE5-8876-40C3-BF1E-D7DEEE3F2DEE.png	docs/screenshots/godot-ios-native-34488350932/authority/attachments/DCF80BE5-8876-40C3-BF1E-D7DEEE3F2DEE.png
29d5be045738771a40fd177a633ea9c80b7bbed67d9d60e05d9029ddcaee9b61	9775	/tmp/partydeck-engine-ci/34488350932/godot-ios-authority-gameplay/artifacts/authority-attachments/8B1707C9-C416-464E-BE88-4DA95B9C68E9.json	/root/projects/PartyDeck/artifacts/screenshot-queue-ios-34488350932-34496252392-v1/payload/docs/screenshots/godot-ios-native-34488350932/authority/attachments/8B1707C9-C416-464E-BE88-4DA95B9C68E9.json	docs/screenshots/godot-ios-native-34488350932/authority/attachments/8B1707C9-C416-464E-BE88-4DA95B9C68E9.json
7a2631fece81a4081c693e0fbd3a859c9ce66f6908b1396c6c55445de9dda4e2	10894	/tmp/partydeck-engine-ci/34488350932/godot-ios-authority-gameplay/artifacts/authority-attachments/876D02D9-A1B9-441A-929F-6A73C89DF1DE.json	/root/projects/PartyDeck/artifacts/screenshot-queue-ios-34488350932-34496252392-v1/payload/docs/screenshots/godot-ios-native-34488350932/authority/attachments/876D02D9-A1B9-441A-929F-6A73C89DF1DE.json	docs/screenshots/godot-ios-native-34488350932/authority/attachments/876D02D9-A1B9-441A-929F-6A73C89DF1DE.json
04b4e6ebdc971d7d0aaa77a5db3f5f7f0b76dc8f96a5e23ab34b150505d907d9	473	/tmp/partydeck-engine-ci/34488350932/godot-ios-authority-gameplay/artifacts/authority-attachments/E6CA3277-E0A5-4849-8DE2-35FA87E015EF.json	/root/projects/PartyDeck/artifacts/screenshot-queue-ios-34488350932-34496252392-v1/payload/docs/screenshots/godot-ios-native-34488350932/authority/attachments/E6CA3277-E0A5-4849-8DE2-35FA87E015EF.json	docs/screenshots/godot-ios-native-34488350932/authority/attachments/E6CA3277-E0A5-4849-8DE2-35FA87E015EF.json
98927516513edb4cb87894a9fe0d49a3d891873666239e911234808814ce71de	262753	/tmp/partydeck-engine-ci/34488350932/godot-ios-authority-gameplay/artifacts/authority-attachments/554C6A34-5E85-40B7-949F-0979FE6A92C7.png	/root/projects/PartyDeck/artifacts/screenshot-queue-ios-34488350932-34496252392-v1/payload/docs/screenshots/godot-ios-native-34488350932/authority/attachments/554C6A34-5E85-40B7-949F-0979FE6A92C7.png	docs/screenshots/godot-ios-native-34488350932/authority/attachments/554C6A34-5E85-40B7-949F-0979FE6A92C7.png
f3a46b021e0b84d6f08d527571fdafb3f163380b1d2203bdff93533dece731be	7871	/tmp/partydeck-engine-ci/34488350932/godot-ios-authority-gameplay/artifacts/authority-attachments/96AC71BE-F5D1-4627-B2BA-D3F8CB228C37.json	/root/projects/PartyDeck/artifacts/screenshot-queue-ios-34488350932-34496252392-v1/payload/docs/screenshots/godot-ios-native-34488350932/authority/attachments/96AC71BE-F5D1-4627-B2BA-D3F8CB228C37.json	docs/screenshots/godot-ios-native-34488350932/authority/attachments/96AC71BE-F5D1-4627-B2BA-D3F8CB228C37.json
d0eae89c695ab9c1078d2272e6261a4e5adef7616efeca7bbb0d680d4fc98181	8805	/tmp/partydeck-engine-ci/34488350932/godot-ios-authority-gameplay/artifacts/authority-attachments/4651CB08-F63C-499E-801C-C82D73F8C37E.json	/root/projects/PartyDeck/artifacts/screenshot-queue-ios-34488350932-34496252392-v1/payload/docs/screenshots/godot-ios-native-34488350932/authority/attachments/4651CB08-F63C-499E-801C-C82D73F8C37E.json	docs/screenshots/godot-ios-native-34488350932/authority/attachments/4651CB08-F63C-499E-801C-C82D73F8C37E.json
864ebab362216a0b07c90fd978dd3565139d78370e05c259f804e945f1fe29ae	481	/tmp/partydeck-engine-ci/34488350932/godot-ios-authority-gameplay/artifacts/authority-attachments/62B3231D-4CF5-4B0B-AEEC-E7FE81B1D6F7.json	/root/projects/PartyDeck/artifacts/screenshot-queue-ios-34488350932-34496252392-v1/payload/docs/screenshots/godot-ios-native-34488350932/authority/attachments/62B3231D-4CF5-4B0B-AEEC-E7FE81B1D6F7.json	docs/screenshots/godot-ios-native-34488350932/authority/attachments/62B3231D-4CF5-4B0B-AEEC-E7FE81B1D6F7.json
bb4d6976e4eb328f480e91a26d6b5c1a4ac64e96a2caaa688017cf86487ebdf5	10901	/tmp/partydeck-engine-ci/34488350932/godot-ios-authority-gameplay/artifacts/authority-attachments/72FDF57E-A37A-408E-A9AC-2D291B7F22DD.json	/root/projects/PartyDeck/artifacts/screenshot-queue-ios-34488350932-34496252392-v1/payload/docs/screenshots/godot-ios-native-34488350932/authority/attachments/72FDF57E-A37A-408E-A9AC-2D291B7F22DD.json	docs/screenshots/godot-ios-native-34488350932/authority/attachments/72FDF57E-A37A-408E-A9AC-2D291B7F22DD.json
e5a5b8e2d05c5cea8609b2e8fb03416e9c7b5b8a5b88c3f834686d2934e1ed38	475	/tmp/partydeck-engine-ci/34488350932/godot-ios-authority-gameplay/artifacts/authority-attachments/14873E2E-87DB-49C4-9509-6CB4AB195D02.json	/root/projects/PartyDeck/artifacts/screenshot-queue-ios-34488350932-34496252392-v1/payload/docs/screenshots/godot-ios-native-34488350932/authority/attachments/14873E2E-87DB-49C4-9509-6CB4AB195D02.json	docs/screenshots/godot-ios-native-34488350932/authority/attachments/14873E2E-87DB-49C4-9509-6CB4AB195D02.json
0b820bdf80675e8ddaa607f81a1ccfca090d555f97417daf72a6c5953b2e21a4	77274	/tmp/partydeck-engine-ci/34488350932/godot-ios-authority-gameplay/artifacts/authority-attachments/1C164056-29BF-45D0-B3FC-28362547902D.png	/root/projects/PartyDeck/artifacts/screenshot-queue-ios-34488350932-34496252392-v1/payload/docs/screenshots/godot-ios-native-34488350932/authority/attachments/1C164056-29BF-45D0-B3FC-28362547902D.png	docs/screenshots/godot-ios-native-34488350932/authority/attachments/1C164056-29BF-45D0-B3FC-28362547902D.png
bde049ce00bfef85b0a4744025c83d3a12561a348b3b9afb5e731da55153674d	7872	/tmp/partydeck-engine-ci/34488350932/godot-ios-authority-gameplay/artifacts/authority-attachments/80C405F5-5AF7-47F9-9BEC-89774215411B.json	/root/projects/PartyDeck/artifacts/screenshot-queue-ios-34488350932-34496252392-v1/payload/docs/screenshots/godot-ios-native-34488350932/authority/attachments/80C405F5-5AF7-47F9-9BEC-89774215411B.json	docs/screenshots/godot-ios-native-34488350932/authority/attachments/80C405F5-5AF7-47F9-9BEC-89774215411B.json
e99650ad64499f05bdb9a298efac929b4fe11dac60bc3240095fbd2b15420cea	8816	/tmp/partydeck-engine-ci/34488350932/godot-ios-authority-gameplay/artifacts/authority-attachments/3E3C2DE7-9D74-4E23-A1C1-4608B0DFD16E.json	/root/projects/PartyDeck/artifacts/screenshot-queue-ios-34488350932-34496252392-v1/payload/docs/screenshots/godot-ios-native-34488350932/authority/attachments/3E3C2DE7-9D74-4E23-A1C1-4608B0DFD16E.json	docs/screenshots/godot-ios-native-34488350932/authority/attachments/3E3C2DE7-9D74-4E23-A1C1-4608B0DFD16E.json
170e21fbd11a194f2d3a8e3eed2b6264c6c7b9f65c8d9a8dd3142de12ec80875	481	/tmp/partydeck-engine-ci/34488350932/godot-ios-authority-gameplay/artifacts/authority-attachments/0A55DD66-E038-4429-9E75-9927FADD0627.json	/root/projects/PartyDeck/artifacts/screenshot-queue-ios-34488350932-34496252392-v1/payload/docs/screenshots/godot-ios-native-34488350932/authority/attachments/0A55DD66-E038-4429-9E75-9927FADD0627.json	docs/screenshots/godot-ios-native-34488350932/authority/attachments/0A55DD66-E038-4429-9E75-9927FADD0627.json
92da5c11e15ca5f2c1b243b59139c308e8d6462d8765e17be816d710be793089	10902	/tmp/partydeck-engine-ci/34488350932/godot-ios-authority-gameplay/artifacts/authority-attachments/86AD640A-A7F0-4D94-B3F9-282AD0D835FC.json	/root/projects/PartyDeck/artifacts/screenshot-queue-ios-34488350932-34496252392-v1/payload/docs/screenshots/godot-ios-native-34488350932/authority/attachments/86AD640A-A7F0-4D94-B3F9-282AD0D835FC.json	docs/screenshots/godot-ios-native-34488350932/authority/attachments/86AD640A-A7F0-4D94-B3F9-282AD0D835FC.json
0aee7c5ff0c92ab5d6d4171ac289e811b6fc59037b982d9eb9abde2bdad7761a	475	/tmp/partydeck-engine-ci/34488350932/godot-ios-authority-gameplay/artifacts/authority-attachments/F355F2DD-CAE6-4F54-81D6-030C0A6A49F1.json	/root/projects/PartyDeck/artifacts/screenshot-queue-ios-34488350932-34496252392-v1/payload/docs/screenshots/godot-ios-native-34488350932/authority/attachments/F355F2DD-CAE6-4F54-81D6-030C0A6A49F1.json	docs/screenshots/godot-ios-native-34488350932/authority/attachments/F355F2DD-CAE6-4F54-81D6-030C0A6A49F1.json
e5cdc1e39ddc877474bfb857a5cb193e684e2dc4295ae3ace6400fb72c08f0c6	15280	/tmp/partydeck-engine-ci/34488350932/godot-ios-authority-gameplay/artifacts/authority-attachments/C6181C7B-F2E1-4A05-9DDD-4BC49DBEB4AB.txt	/root/projects/PartyDeck/artifacts/screenshot-queue-ios-34488350932-34496252392-v1/payload/docs/screenshots/godot-ios-native-34488350932/authority/attachments/C6181C7B-F2E1-4A05-9DDD-4BC49DBEB4AB.txt	docs/screenshots/godot-ios-native-34488350932/authority/attachments/C6181C7B-F2E1-4A05-9DDD-4BC49DBEB4AB.txt
0cbcb17fbdf61ab362f82466473cf32311bbe5082dfd76b4defc9b23b9c0c5f4	1331	/tmp/partydeck-engine-ci/34488350932/godot-ios-authority-gameplay/artifacts/authority-attachments/2B50F8F2-E90B-4C8C-9330-B296BA4223E0.json	/root/projects/PartyDeck/artifacts/screenshot-queue-ios-34488350932-34496252392-v1/payload/docs/screenshots/godot-ios-native-34488350932/authority/attachments/2B50F8F2-E90B-4C8C-9330-B296BA4223E0.json	docs/screenshots/godot-ios-native-34488350932/authority/attachments/2B50F8F2-E90B-4C8C-9330-B296BA4223E0.json
bc3089f795c2ef49396b1e0bfcae56443829f99c20cff9456be003bc7a2549a9	2805392	/tmp/partydeck-engine-ci/34488350932/godot-ios-authority-gameplay/artifacts/authority-attachments/90CA163E-1EA4-4EB0-BDCC-2A3892B55B7F.png	/root/projects/PartyDeck/artifacts/screenshot-queue-ios-34488350932-34496252392-v1/payload/docs/screenshots/godot-ios-native-34488350932/authority/attachments/90CA163E-1EA4-4EB0-BDCC-2A3892B55B7F.png	docs/screenshots/godot-ios-native-34488350932/authority/attachments/90CA163E-1EA4-4EB0-BDCC-2A3892B55B7F.png
f366d5f0992f847a9cbdebba50459f41f75c0ceb67577fafbfd8952f4dce864c	264189	/tmp/partydeck-engine-ci/34488350932/godot-ios-authority-gameplay/artifacts/authority-attachments/2E2C91DB-0031-492C-A9D6-DAA2CFB3A3DD.png	/root/projects/PartyDeck/artifacts/screenshot-queue-ios-34488350932-34496252392-v1/payload/docs/screenshots/godot-ios-native-34488350932/authority/attachments/2E2C91DB-0031-492C-A9D6-DAA2CFB3A3DD.png	docs/screenshots/godot-ios-native-34488350932/authority/attachments/2E2C91DB-0031-492C-A9D6-DAA2CFB3A3DD.png
56ce21b667adf6d75046cb3b29dd0ad60af7039ba334ffcd1b0c6d866dcb6e54	7873	/tmp/partydeck-engine-ci/34488350932/godot-ios-authority-gameplay/artifacts/authority-attachments/4ED7EEA9-C664-4876-AC65-F620509E1A29.json	/root/projects/PartyDeck/artifacts/screenshot-queue-ios-34488350932-34496252392-v1/payload/docs/screenshots/godot-ios-native-34488350932/authority/attachments/4ED7EEA9-C664-4876-AC65-F620509E1A29.json	docs/screenshots/godot-ios-native-34488350932/authority/attachments/4ED7EEA9-C664-4876-AC65-F620509E1A29.json
6680d20bb2026a402eb85701017f2a8271032c23ffc1d2f2b15be4752697eb53	8849	/tmp/partydeck-engine-ci/34488350932/godot-ios-authority-gameplay/artifacts/authority-attachments/BB74A34A-4D15-4EF3-9057-662E148D4504.json	/root/projects/PartyDeck/artifacts/screenshot-queue-ios-34488350932-34496252392-v1/payload/docs/screenshots/godot-ios-native-34488350932/authority/attachments/BB74A34A-4D15-4EF3-9057-662E148D4504.json	docs/screenshots/godot-ios-native-34488350932/authority/attachments/BB74A34A-4D15-4EF3-9057-662E148D4504.json
a547334c382bfb434e64a18e8cfb1052545f10d32b36cb1e2d9821d3fbe9840a	481	/tmp/partydeck-engine-ci/34488350932/godot-ios-authority-gameplay/artifacts/authority-attachments/A1A3E898-B0D6-4B75-9F0A-E5C2A3D69B2C.json	/root/projects/PartyDeck/artifacts/screenshot-queue-ios-34488350932-34496252392-v1/payload/docs/screenshots/godot-ios-native-34488350932/authority/attachments/A1A3E898-B0D6-4B75-9F0A-E5C2A3D69B2C.json	docs/screenshots/godot-ios-native-34488350932/authority/attachments/A1A3E898-B0D6-4B75-9F0A-E5C2A3D69B2C.json
b548d01b90324aab7b20f68313382c44bb5c4eabcbea521ef31affb3a09ca874	10906	/tmp/partydeck-engine-ci/34488350932/godot-ios-authority-gameplay/artifacts/authority-attachments/86C3E9A3-AFB9-4054-BC40-2009348FC8CF.json	/root/projects/PartyDeck/artifacts/screenshot-queue-ios-34488350932-34496252392-v1/payload/docs/screenshots/godot-ios-native-34488350932/authority/attachments/86C3E9A3-AFB9-4054-BC40-2009348FC8CF.json	docs/screenshots/godot-ios-native-34488350932/authority/attachments/86C3E9A3-AFB9-4054-BC40-2009348FC8CF.json
73c68eb38ab6dcd6185fdb4399b51bd54c43eebbb740c8f3c8e8b677973befa1	475	/tmp/partydeck-engine-ci/34488350932/godot-ios-authority-gameplay/artifacts/authority-attachments/B5AA9E9F-F666-429B-A569-4CD44E5922F1.json	/root/projects/PartyDeck/artifacts/screenshot-queue-ios-34488350932-34496252392-v1/payload/docs/screenshots/godot-ios-native-34488350932/authority/attachments/B5AA9E9F-F666-429B-A569-4CD44E5922F1.json	docs/screenshots/godot-ios-native-34488350932/authority/attachments/B5AA9E9F-F666-429B-A569-4CD44E5922F1.json
b307977c90719be5e979cb74a7b73debe1c79ea55748d08072bd731581092696	10899	/tmp/partydeck-engine-ci/34488350932/godot-ios-authority-gameplay/artifacts/authority-attachments/66F364F4-309F-4765-B3C3-FC57BC95F42D.json	/root/projects/PartyDeck/artifacts/screenshot-queue-ios-34488350932-34496252392-v1/payload/docs/screenshots/godot-ios-native-34488350932/authority/attachments/66F364F4-309F-4765-B3C3-FC57BC95F42D.json	docs/screenshots/godot-ios-native-34488350932/authority/attachments/66F364F4-309F-4765-B3C3-FC57BC95F42D.json
bf3608ee391d882ccf482db69149e7beb0efd89ce66370b0d51cefc3e6e48170	474	/tmp/partydeck-engine-ci/34488350932/godot-ios-authority-gameplay/artifacts/authority-attachments/9F14672D-DCFC-47B1-BB54-71CC4B78A57A.json	/root/projects/PartyDeck/artifacts/screenshot-queue-ios-34488350932-34496252392-v1/payload/docs/screenshots/godot-ios-native-34488350932/authority/attachments/9F14672D-DCFC-47B1-BB54-71CC4B78A57A.json	docs/screenshots/godot-ios-native-34488350932/authority/attachments/9F14672D-DCFC-47B1-BB54-71CC4B78A57A.json
8818f6eebe42b2cf244861f5a6d1a9e692eb642c5abebfb563beda144a9e1d18	261522	/tmp/partydeck-engine-ci/34488350932/godot-ios-authority-gameplay/artifacts/authority-attachments/A5E3C7D6-3501-49D8-89B8-A46E88750529.png	/root/projects/PartyDeck/artifacts/screenshot-queue-ios-34488350932-34496252392-v1/payload/docs/screenshots/godot-ios-native-34488350932/authority/attachments/A5E3C7D6-3501-49D8-89B8-A46E88750529.png	docs/screenshots/godot-ios-native-34488350932/authority/attachments/A5E3C7D6-3501-49D8-89B8-A46E88750529.png
263d46e6f4da941f32ee20376255b91dbbf78e5668d70d80b100ac8d47343633	7892	/tmp/partydeck-engine-ci/34488350932/godot-ios-authority-gameplay/artifacts/authority-attachments/CEF01792-C66E-4128-B012-FB7DD54E5569.json	/root/projects/PartyDeck/artifacts/screenshot-queue-ios-34488350932-34496252392-v1/payload/docs/screenshots/godot-ios-native-34488350932/authority/attachments/CEF01792-C66E-4128-B012-FB7DD54E5569.json	docs/screenshots/godot-ios-native-34488350932/authority/attachments/CEF01792-C66E-4128-B012-FB7DD54E5569.json
8818f6eebe42b2cf244861f5a6d1a9e692eb642c5abebfb563beda144a9e1d18	261522	/tmp/partydeck-engine-ci/34488350932/godot-ios-authority-gameplay/artifacts/authority-attachments/69BA0E82-33AE-4B65-9F31-66BEBB27D330.png	/root/projects/PartyDeck/artifacts/screenshot-queue-ios-34488350932-34496252392-v1/payload/docs/screenshots/godot-ios-native-34488350932/authority/attachments/69BA0E82-33AE-4B65-9F31-66BEBB27D330.png	docs/screenshots/godot-ios-native-34488350932/authority/attachments/69BA0E82-33AE-4B65-9F31-66BEBB27D330.png
1b15197fd13268ac43ebd08c34044fe5b7834552fc464183db6c5619cd174b2f	7892	/tmp/partydeck-engine-ci/34488350932/godot-ios-authority-gameplay/artifacts/authority-attachments/90EDF12E-457E-4306-BFFA-2779FB12D44B.json	/root/projects/PartyDeck/artifacts/screenshot-queue-ios-34488350932-34496252392-v1/payload/docs/screenshots/godot-ios-native-34488350932/authority/attachments/90EDF12E-457E-4306-BFFA-2779FB12D44B.json	docs/screenshots/godot-ios-native-34488350932/authority/attachments/90EDF12E-457E-4306-BFFA-2779FB12D44B.json
ae912e5cf470aa3b30c629599fabb9b4406da71302713b84b903e3f4726eb497	8835	/tmp/partydeck-engine-ci/34488350932/godot-ios-authority-gameplay/artifacts/authority-attachments/16E4ECC2-2BE4-490A-A02E-6CB8081B7AA1.json	/root/projects/PartyDeck/artifacts/screenshot-queue-ios-34488350932-34496252392-v1/payload/docs/screenshots/godot-ios-native-34488350932/authority/attachments/16E4ECC2-2BE4-490A-A02E-6CB8081B7AA1.json	docs/screenshots/godot-ios-native-34488350932/authority/attachments/16E4ECC2-2BE4-490A-A02E-6CB8081B7AA1.json
4ff98ed74d4f3cc756e60f83bd8e3873ae2bbc4c0bc315838eddcf3870454a8a	486	/tmp/partydeck-engine-ci/34488350932/godot-ios-authority-gameplay/artifacts/authority-attachments/629D3979-FD9A-4B5F-82F9-8D11A70FDFF3.json	/root/projects/PartyDeck/artifacts/screenshot-queue-ios-34488350932-34496252392-v1/payload/docs/screenshots/godot-ios-native-34488350932/authority/attachments/629D3979-FD9A-4B5F-82F9-8D11A70FDFF3.json	docs/screenshots/godot-ios-native-34488350932/authority/attachments/629D3979-FD9A-4B5F-82F9-8D11A70FDFF3.json
a2ea37885f6f492ce2c04fe996b348d4034289da4b73d50158da202c6f41ce19	8832	/tmp/partydeck-engine-ci/34488350932/godot-ios-authority-gameplay/artifacts/authority-attachments/3C08602F-CDEA-4966-9C39-90AA4587E37D.json	/root/projects/PartyDeck/artifacts/screenshot-queue-ios-34488350932-34496252392-v1/payload/docs/screenshots/godot-ios-native-34488350932/authority/attachments/3C08602F-CDEA-4966-9C39-90AA4587E37D.json	docs/screenshots/godot-ios-native-34488350932/authority/attachments/3C08602F-CDEA-4966-9C39-90AA4587E37D.json
b9deeecadcaeafe9e0e96cb996b09399bba532b8c7900de179b740f8fd38b3d5	486	/tmp/partydeck-engine-ci/34488350932/godot-ios-authority-gameplay/artifacts/authority-attachments/5415E494-F6A7-4478-BC76-C811D9F8F816.json	/root/projects/PartyDeck/artifacts/screenshot-queue-ios-34488350932-34496252392-v1/payload/docs/screenshots/godot-ios-native-34488350932/authority/attachments/5415E494-F6A7-4478-BC76-C811D9F8F816.json	docs/screenshots/godot-ios-native-34488350932/authority/attachments/5415E494-F6A7-4478-BC76-C811D9F8F816.json
047d3861ffc293bbf3d2002394b9f760e712b8957cbe5568cbba8d9f09cb8189	8833	/tmp/partydeck-engine-ci/34488350932/godot-ios-authority-gameplay/artifacts/authority-attachments/D148AEDF-4BEE-46B5-94D4-1042BFF64D25.json	/root/projects/PartyDeck/artifacts/screenshot-queue-ios-34488350932-34496252392-v1/payload/docs/screenshots/godot-ios-native-34488350932/authority/attachments/D148AEDF-4BEE-46B5-94D4-1042BFF64D25.json	docs/screenshots/godot-ios-native-34488350932/authority/attachments/D148AEDF-4BEE-46B5-94D4-1042BFF64D25.json
e07ba85da1aaf1e567af3fe66a3469fe22c1c0a48a1185fd789a92270cceef3b	486	/tmp/partydeck-engine-ci/34488350932/godot-ios-authority-gameplay/artifacts/authority-attachments/1088FE78-03F7-4DE8-AD96-E79DAAD29C21.json	/root/projects/PartyDeck/artifacts/screenshot-queue-ios-34488350932-34496252392-v1/payload/docs/screenshots/godot-ios-native-34488350932/authority/attachments/1088FE78-03F7-4DE8-AD96-E79DAAD29C21.json	docs/screenshots/godot-ios-native-34488350932/authority/attachments/1088FE78-03F7-4DE8-AD96-E79DAAD29C21.json
6713d5ed60b09b12088b67895be8cae7b70ed75ae5f14b5598360ff82a605fb7	8826	/tmp/partydeck-engine-ci/34488350932/godot-ios-authority-gameplay/artifacts/authority-attachments/009FA98A-1A9C-47FA-8256-D508C8417AA7.json	/root/projects/PartyDeck/artifacts/screenshot-queue-ios-34488350932-34496252392-v1/payload/docs/screenshots/godot-ios-native-34488350932/authority/attachments/009FA98A-1A9C-47FA-8256-D508C8417AA7.json	docs/screenshots/godot-ios-native-34488350932/authority/attachments/009FA98A-1A9C-47FA-8256-D508C8417AA7.json
583b028f64dafc1a2e650683f195942a63b7dedb6bafccdc1aa8e77bf5cade1c	485	/tmp/partydeck-engine-ci/34488350932/godot-ios-authority-gameplay/artifacts/authority-attachments/0EE9C05C-70C7-4257-B6FE-643D06238C07.json	/root/projects/PartyDeck/artifacts/screenshot-queue-ios-34488350932-34496252392-v1/payload/docs/screenshots/godot-ios-native-34488350932/authority/attachments/0EE9C05C-70C7-4257-B6FE-643D06238C07.json	docs/screenshots/godot-ios-native-34488350932/authority/attachments/0EE9C05C-70C7-4257-B6FE-643D06238C07.json
8a3de6606dac70a583d8748c4751df99340cd26aa99c728c62fcbaf64898dc99	253280	/tmp/partydeck-engine-ci/34488350932/godot-ios-authority-gameplay/artifacts/authority-attachments/6AFBBD54-8EAA-4851-99E7-A93FBB210F48.png	/root/projects/PartyDeck/artifacts/screenshot-queue-ios-34488350932-34496252392-v1/payload/docs/screenshots/godot-ios-native-34488350932/authority/attachments/6AFBBD54-8EAA-4851-99E7-A93FBB210F48.png	docs/screenshots/godot-ios-native-34488350932/authority/attachments/6AFBBD54-8EAA-4851-99E7-A93FBB210F48.png
afbd1f2f4613973e7c2f10e30bde25e7b77f46062bb3d865d4618c0c97956e5d	7887	/tmp/partydeck-engine-ci/34488350932/godot-ios-authority-gameplay/artifacts/authority-attachments/F5646CA6-E8CD-46BF-940E-04DE862C2EA4.json	/root/projects/PartyDeck/artifacts/screenshot-queue-ios-34488350932-34496252392-v1/payload/docs/screenshots/godot-ios-native-34488350932/authority/attachments/F5646CA6-E8CD-46BF-940E-04DE862C2EA4.json	docs/screenshots/godot-ios-native-34488350932/authority/attachments/F5646CA6-E8CD-46BF-940E-04DE862C2EA4.json
b71d5a58c544435a32cb092e2d20deb3cfb4927a737b56d037dc9801256291a1	8828	/tmp/partydeck-engine-ci/34488350932/godot-ios-authority-gameplay/artifacts/authority-attachments/DAEEE8EE-EA86-443F-B419-C055D293F066.json	/root/projects/PartyDeck/artifacts/screenshot-queue-ios-34488350932-34496252392-v1/payload/docs/screenshots/godot-ios-native-34488350932/authority/attachments/DAEEE8EE-EA86-443F-B419-C055D293F066.json	docs/screenshots/godot-ios-native-34488350932/authority/attachments/DAEEE8EE-EA86-443F-B419-C055D293F066.json
939de29d92a380ffc8914756bb6cd6e05e5cc13d8e7ae0aaa95773c20675d385	487	/tmp/partydeck-engine-ci/34488350932/godot-ios-authority-gameplay/artifacts/authority-attachments/0672A1B6-390B-4C27-95CC-A8F0E2CCC2C9.json	/root/projects/PartyDeck/artifacts/screenshot-queue-ios-34488350932-34496252392-v1/payload/docs/screenshots/godot-ios-native-34488350932/authority/attachments/0672A1B6-390B-4C27-95CC-A8F0E2CCC2C9.json	docs/screenshots/godot-ios-native-34488350932/authority/attachments/0672A1B6-390B-4C27-95CC-A8F0E2CCC2C9.json
3eee7d6557dc3a6315ca4ce8d9b131f886270b54768e1f89f685d2ef71811b90	8853	/tmp/partydeck-engine-ci/34488350932/godot-ios-authority-gameplay/artifacts/authority-attachments/0C077ABA-C36F-4E7A-BFF0-A3F0E1A004ED.json	/root/projects/PartyDeck/artifacts/screenshot-queue-ios-34488350932-34496252392-v1/payload/docs/screenshots/godot-ios-native-34488350932/authority/attachments/0C077ABA-C36F-4E7A-BFF0-A3F0E1A004ED.json	docs/screenshots/godot-ios-native-34488350932/authority/attachments/0C077ABA-C36F-4E7A-BFF0-A3F0E1A004ED.json
131b895e94e852402b8c7be027811867890f521e286841d40abe5197c70aef15	8797	/tmp/partydeck-engine-ci/34488350932/godot-ios-authority-gameplay/artifacts/authority-attachments/55493274-6E47-4BF2-AA8D-8FC4783760B9.json	/root/projects/PartyDeck/artifacts/screenshot-queue-ios-34488350932-34496252392-v1/payload/docs/screenshots/godot-ios-native-34488350932/authority/attachments/55493274-6E47-4BF2-AA8D-8FC4783760B9.json	docs/screenshots/godot-ios-native-34488350932/authority/attachments/55493274-6E47-4BF2-AA8D-8FC4783760B9.json
69b3057b8b529d88ebc6117c9d4375e4881f956bced9993723c84768d38aa6a7	8818	/tmp/partydeck-engine-ci/34488350932/godot-ios-authority-gameplay/artifacts/authority-attachments/BD877164-FDED-4504-9CDD-1946B6F2DB92.json	/root/projects/PartyDeck/artifacts/screenshot-queue-ios-34488350932-34496252392-v1/payload/docs/screenshots/godot-ios-native-34488350932/authority/attachments/BD877164-FDED-4504-9CDD-1946B6F2DB92.json	docs/screenshots/godot-ios-native-34488350932/authority/attachments/BD877164-FDED-4504-9CDD-1946B6F2DB92.json
984e7a20bc6840453cef1c180212d7fad1b4cbabc3b42893de9ad1ddb40313a4	482	/tmp/partydeck-engine-ci/34488350932/godot-ios-authority-gameplay/artifacts/authority-attachments/173D292F-D41C-4FC0-AEF8-05CFDEC25AEE.json	/root/projects/PartyDeck/artifacts/screenshot-queue-ios-34488350932-34496252392-v1/payload/docs/screenshots/godot-ios-native-34488350932/authority/attachments/173D292F-D41C-4FC0-AEF8-05CFDEC25AEE.json	docs/screenshots/godot-ios-native-34488350932/authority/attachments/173D292F-D41C-4FC0-AEF8-05CFDEC25AEE.json
15e238906a17a2e877b4257f0e20c5c392b4887788280434e6c1aed6f4ec8c64	10910	/tmp/partydeck-engine-ci/34488350932/godot-ios-authority-gameplay/artifacts/authority-attachments/49E50B27-183A-454E-ABE0-D04AB133C48E.json	/root/projects/PartyDeck/artifacts/screenshot-queue-ios-34488350932-34496252392-v1/payload/docs/screenshots/godot-ios-native-34488350932/authority/attachments/49E50B27-183A-454E-ABE0-D04AB133C48E.json	docs/screenshots/godot-ios-native-34488350932/authority/attachments/49E50B27-183A-454E-ABE0-D04AB133C48E.json
0e28f01a403c9a7812cdc95cef83c286eab757217fac6bd669b7d65b187df42c	476	/tmp/partydeck-engine-ci/34488350932/godot-ios-authority-gameplay/artifacts/authority-attachments/1BBA43D7-ECCC-4AB4-A39C-A1B1EC314028.json	/root/projects/PartyDeck/artifacts/screenshot-queue-ios-34488350932-34496252392-v1/payload/docs/screenshots/godot-ios-native-34488350932/authority/attachments/1BBA43D7-ECCC-4AB4-A39C-A1B1EC314028.json	docs/screenshots/godot-ios-native-34488350932/authority/attachments/1BBA43D7-ECCC-4AB4-A39C-A1B1EC314028.json
daf56b949add046d0cac6be3d3ad7c9bfcdd5509769496ef1309d680c6f9cb50	10907	/tmp/partydeck-engine-ci/34488350932/godot-ios-authority-gameplay/artifacts/authority-attachments/1ACB4A43-A7DA-49FA-A065-A5A0D32C43B0.json	/root/projects/PartyDeck/artifacts/screenshot-queue-ios-34488350932-34496252392-v1/payload/docs/screenshots/godot-ios-native-34488350932/authority/attachments/1ACB4A43-A7DA-49FA-A065-A5A0D32C43B0.json	docs/screenshots/godot-ios-native-34488350932/authority/attachments/1ACB4A43-A7DA-49FA-A065-A5A0D32C43B0.json
f636fac6c08bf1be0e0bf30f52b969b4a942cb0e275bced1fa5b2ce5d4c361d8	475	/tmp/partydeck-engine-ci/34488350932/godot-ios-authority-gameplay/artifacts/authority-attachments/5A2CCAD5-FB99-4924-8E05-148D1D8E5A2A.json	/root/projects/PartyDeck/artifacts/screenshot-queue-ios-34488350932-34496252392-v1/payload/docs/screenshots/godot-ios-native-34488350932/authority/attachments/5A2CCAD5-FB99-4924-8E05-148D1D8E5A2A.json	docs/screenshots/godot-ios-native-34488350932/authority/attachments/5A2CCAD5-FB99-4924-8E05-148D1D8E5A2A.json
42181ab2be648a36d3a60444b19d19ebb5a6fc4849eb30c66b7756d177b6f7f3	8831	/tmp/partydeck-engine-ci/34488350932/godot-ios-authority-gameplay/artifacts/authority-attachments/22F137FE-90F2-474A-A529-8813CAE1AEF6.json	/root/projects/PartyDeck/artifacts/screenshot-queue-ios-34488350932-34496252392-v1/payload/docs/screenshots/godot-ios-native-34488350932/authority/attachments/22F137FE-90F2-474A-A529-8813CAE1AEF6.json	docs/screenshots/godot-ios-native-34488350932/authority/attachments/22F137FE-90F2-474A-A529-8813CAE1AEF6.json
529dc057210e86023cb20949fe74871096adaf02442e80e906a7d73d7e1f7c29	487	/tmp/partydeck-engine-ci/34488350932/godot-ios-authority-gameplay/artifacts/authority-attachments/C168A0C8-F230-47E0-947F-ABFDCFC2126E.json	/root/projects/PartyDeck/artifacts/screenshot-queue-ios-34488350932-34496252392-v1/payload/docs/screenshots/godot-ios-native-34488350932/authority/attachments/C168A0C8-F230-47E0-947F-ABFDCFC2126E.json	docs/screenshots/godot-ios-native-34488350932/authority/attachments/C168A0C8-F230-47E0-947F-ABFDCFC2126E.json
709e0600d6a3108cf606ff72fb82804a90e238db960f60af398115aafc3b5f5e	8831	/tmp/partydeck-engine-ci/34488350932/godot-ios-authority-gameplay/artifacts/authority-attachments/6F2D8068-FF9D-4731-B469-8690C80AEC9C.json	/root/projects/PartyDeck/artifacts/screenshot-queue-ios-34488350932-34496252392-v1/payload/docs/screenshots/godot-ios-native-34488350932/authority/attachments/6F2D8068-FF9D-4731-B469-8690C80AEC9C.json	docs/screenshots/godot-ios-native-34488350932/authority/attachments/6F2D8068-FF9D-4731-B469-8690C80AEC9C.json
6760dccd63c34016e944bcfebd87ff7340f4248362beabc8161fd2776f1306c7	487	/tmp/partydeck-engine-ci/34488350932/godot-ios-authority-gameplay/artifacts/authority-attachments/904BD8B3-F32D-4B80-9639-0FD67779B999.json	/root/projects/PartyDeck/artifacts/screenshot-queue-ios-34488350932-34496252392-v1/payload/docs/screenshots/godot-ios-native-34488350932/authority/attachments/904BD8B3-F32D-4B80-9639-0FD67779B999.json	docs/screenshots/godot-ios-native-34488350932/authority/attachments/904BD8B3-F32D-4B80-9639-0FD67779B999.json
c614fef443ab079d3edf13e60663730ec56520c93853e82441deb9d051acfbb8	8834	/tmp/partydeck-engine-ci/34488350932/godot-ios-authority-gameplay/artifacts/authority-attachments/601AF46A-89C7-4485-9B20-5555281BBE05.json	/root/projects/PartyDeck/artifacts/screenshot-queue-ios-34488350932-34496252392-v1/payload/docs/screenshots/godot-ios-native-34488350932/authority/attachments/601AF46A-89C7-4485-9B20-5555281BBE05.json	docs/screenshots/godot-ios-native-34488350932/authority/attachments/601AF46A-89C7-4485-9B20-5555281BBE05.json
d30ba968bd8ccccf7990d0d7220864dbb9ed9ab555187c572405bbbd7b0bd8d2	487	/tmp/partydeck-engine-ci/34488350932/godot-ios-authority-gameplay/artifacts/authority-attachments/7031567F-B86B-4104-AC9D-43079CB2C4D5.json	/root/projects/PartyDeck/artifacts/screenshot-queue-ios-34488350932-34496252392-v1/payload/docs/screenshots/godot-ios-native-34488350932/authority/attachments/7031567F-B86B-4104-AC9D-43079CB2C4D5.json	docs/screenshots/godot-ios-native-34488350932/authority/attachments/7031567F-B86B-4104-AC9D-43079CB2C4D5.json
ab7fd3b828562b18f7ee0201c670e330339d55302d0aaf1ac3fd5782511c0b94	8822	/tmp/partydeck-engine-ci/34488350932/godot-ios-authority-gameplay/artifacts/authority-attachments/D2FCF718-3287-42F5-AA1B-552FA3E854E1.json	/root/projects/PartyDeck/artifacts/screenshot-queue-ios-34488350932-34496252392-v1/payload/docs/screenshots/godot-ios-native-34488350932/authority/attachments/D2FCF718-3287-42F5-AA1B-552FA3E854E1.json	docs/screenshots/godot-ios-native-34488350932/authority/attachments/D2FCF718-3287-42F5-AA1B-552FA3E854E1.json
bcb54588cd43424824f6105f230d931901c4c3a5e7ce8445ded20557258de29e	485	/tmp/partydeck-engine-ci/34488350932/godot-ios-authority-gameplay/artifacts/authority-attachments/77C1007E-7154-4C49-9A9D-6B90FA353FE4.json	/root/projects/PartyDeck/artifacts/screenshot-queue-ios-34488350932-34496252392-v1/payload/docs/screenshots/godot-ios-native-34488350932/authority/attachments/77C1007E-7154-4C49-9A9D-6B90FA353FE4.json	docs/screenshots/godot-ios-native-34488350932/authority/attachments/77C1007E-7154-4C49-9A9D-6B90FA353FE4.json
a47316a656514fce859c58beabdcfef4f3f5362f87f1cf8a025f37396bd757bc	8834	/tmp/partydeck-engine-ci/34488350932/godot-ios-authority-gameplay/artifacts/authority-attachments/A6C659D8-8D53-4CB9-872F-9282ED191B4B.json	/root/projects/PartyDeck/artifacts/screenshot-queue-ios-34488350932-34496252392-v1/payload/docs/screenshots/godot-ios-native-34488350932/authority/attachments/A6C659D8-8D53-4CB9-872F-9282ED191B4B.json	docs/screenshots/godot-ios-native-34488350932/authority/attachments/A6C659D8-8D53-4CB9-872F-9282ED191B4B.json
bdd3dba1ca6947ca1d597adc0f091a332e432819e8dc21bda43731ceb913ace4	487	/tmp/partydeck-engine-ci/34488350932/godot-ios-authority-gameplay/artifacts/authority-attachments/020395AC-E6FC-44B8-9C9F-CF9ED3DEE54E.json	/root/projects/PartyDeck/artifacts/screenshot-queue-ios-34488350932-34496252392-v1/payload/docs/screenshots/godot-ios-native-34488350932/authority/attachments/020395AC-E6FC-44B8-9C9F-CF9ED3DEE54E.json	docs/screenshots/godot-ios-native-34488350932/authority/attachments/020395AC-E6FC-44B8-9C9F-CF9ED3DEE54E.json
b67967748dbee90bc534136e4a44dc5ff4c3ba3275857b366489bc46cc3b0489	8833	/tmp/partydeck-engine-ci/34488350932/godot-ios-authority-gameplay/artifacts/authority-attachments/B57C51E7-F6FF-42E3-973D-9F028F8461AF.json	/root/projects/PartyDeck/artifacts/screenshot-queue-ios-34488350932-34496252392-v1/payload/docs/screenshots/godot-ios-native-34488350932/authority/attachments/B57C51E7-F6FF-42E3-973D-9F028F8461AF.json	docs/screenshots/godot-ios-native-34488350932/authority/attachments/B57C51E7-F6FF-42E3-973D-9F028F8461AF.json
e0f7e0e3fa887839ca8178e5d181269ebbb1a62285882ba5f3ccc55bb30a8aa6	487	/tmp/partydeck-engine-ci/34488350932/godot-ios-authority-gameplay/artifacts/authority-attachments/7A76849E-6FF7-4A84-B8F9-3F270B5C1FB5.json	/root/projects/PartyDeck/artifacts/screenshot-queue-ios-34488350932-34496252392-v1/payload/docs/screenshots/godot-ios-native-34488350932/authority/attachments/7A76849E-6FF7-4A84-B8F9-3F270B5C1FB5.json	docs/screenshots/godot-ios-native-34488350932/authority/attachments/7A76849E-6FF7-4A84-B8F9-3F270B5C1FB5.json
4a5bfc529fa99bcd8d0b08bd85723d4a83380d2aadff4162c76c714b60236b2a	8835	/tmp/partydeck-engine-ci/34488350932/godot-ios-authority-gameplay/artifacts/authority-attachments/AB908F8C-276E-4A80-B992-F6EADE4E25C0.json	/root/projects/PartyDeck/artifacts/screenshot-queue-ios-34488350932-34496252392-v1/payload/docs/screenshots/godot-ios-native-34488350932/authority/attachments/AB908F8C-276E-4A80-B992-F6EADE4E25C0.json	docs/screenshots/godot-ios-native-34488350932/authority/attachments/AB908F8C-276E-4A80-B992-F6EADE4E25C0.json
73831ff0d56d928cac6254682af9c882f83fdb758f89796b6f1d2d06486b5e66	487	/tmp/partydeck-engine-ci/34488350932/godot-ios-authority-gameplay/artifacts/authority-attachments/DB4DDF44-D0C8-4158-98D1-7324ED8789CB.json	/root/projects/PartyDeck/artifacts/screenshot-queue-ios-34488350932-34496252392-v1/payload/docs/screenshots/godot-ios-native-34488350932/authority/attachments/DB4DDF44-D0C8-4158-98D1-7324ED8789CB.json	docs/screenshots/godot-ios-native-34488350932/authority/attachments/DB4DDF44-D0C8-4158-98D1-7324ED8789CB.json
966dd31a15972de04fee0857902d127848f43f0cea51681863deb0f791e956bb	8830	/tmp/partydeck-engine-ci/34488350932/godot-ios-authority-gameplay/artifacts/authority-attachments/909CC96A-9573-475A-B091-FB5CBCAE18C2.json	/root/projects/PartyDeck/artifacts/screenshot-queue-ios-34488350932-34496252392-v1/payload/docs/screenshots/godot-ios-native-34488350932/authority/attachments/909CC96A-9573-475A-B091-FB5CBCAE18C2.json	docs/screenshots/godot-ios-native-34488350932/authority/attachments/909CC96A-9573-475A-B091-FB5CBCAE18C2.json
1f8de62a443ab73342ee7c9f0791b1ee880c88fe5d7e646f08c6d05748da3c74	487	/tmp/partydeck-engine-ci/34488350932/godot-ios-authority-gameplay/artifacts/authority-attachments/888C4B86-5886-4D1A-9237-A6872FDC768B.json	/root/projects/PartyDeck/artifacts/screenshot-queue-ios-34488350932-34496252392-v1/payload/docs/screenshots/godot-ios-native-34488350932/authority/attachments/888C4B86-5886-4D1A-9237-A6872FDC768B.json	docs/screenshots/godot-ios-native-34488350932/authority/attachments/888C4B86-5886-4D1A-9237-A6872FDC768B.json
a819db4544bb9ab245172b58f2f0305a18d9a1305623b6076e8c4f38db2ff37b	8837	/tmp/partydeck-engine-ci/34488350932/godot-ios-authority-gameplay/artifacts/authority-attachments/5996333A-6EEF-465E-83C1-6F8F7E80BFF1.json	/root/projects/PartyDeck/artifacts/screenshot-queue-ios-34488350932-34496252392-v1/payload/docs/screenshots/godot-ios-native-34488350932/authority/attachments/5996333A-6EEF-465E-83C1-6F8F7E80BFF1.json	docs/screenshots/godot-ios-native-34488350932/authority/attachments/5996333A-6EEF-465E-83C1-6F8F7E80BFF1.json
3eda3233dc62c6408330d81bdcaf41db52bea6fe9bf2311827c3a594585e352e	487	/tmp/partydeck-engine-ci/34488350932/godot-ios-authority-gameplay/artifacts/authority-attachments/82043E76-CD9A-4BDD-B737-239F9A311D65.json	/root/projects/PartyDeck/artifacts/screenshot-queue-ios-34488350932-34496252392-v1/payload/docs/screenshots/godot-ios-native-34488350932/authority/attachments/82043E76-CD9A-4BDD-B737-239F9A311D65.json	docs/screenshots/godot-ios-native-34488350932/authority/attachments/82043E76-CD9A-4BDD-B737-239F9A311D65.json
29100dd3d428858fa061d74f22de13a1cf8e839dd360affae37d056b1e838c82	8837	/tmp/partydeck-engine-ci/34488350932/godot-ios-authority-gameplay/artifacts/authority-attachments/93E32465-43C1-45AA-AED2-2FCCC83A962D.json	/root/projects/PartyDeck/artifacts/screenshot-queue-ios-34488350932-34496252392-v1/payload/docs/screenshots/godot-ios-native-34488350932/authority/attachments/93E32465-43C1-45AA-AED2-2FCCC83A962D.json	docs/screenshots/godot-ios-native-34488350932/authority/attachments/93E32465-43C1-45AA-AED2-2FCCC83A962D.json
b778f7b76c832ae1133bb892997e0d8ae1034511935796952f46a764a4322e03	487	/tmp/partydeck-engine-ci/34488350932/godot-ios-authority-gameplay/artifacts/authority-attachments/991DB7A3-8B28-487E-941E-F6EF31F334E7.json	/root/projects/PartyDeck/artifacts/screenshot-queue-ios-34488350932-34496252392-v1/payload/docs/screenshots/godot-ios-native-34488350932/authority/attachments/991DB7A3-8B28-487E-941E-F6EF31F334E7.json	docs/screenshots/godot-ios-native-34488350932/authority/attachments/991DB7A3-8B28-487E-941E-F6EF31F334E7.json
0271f57dee300f65622560f47822d2b2de6d04ca9998a42fcfd4e9e91aa6a00d	256774	/tmp/partydeck-engine-ci/34488350932/godot-ios-authority-gameplay/artifacts/authority-attachments/8FC44A2A-CDB9-4810-BBE9-1757E71561A7.png	/root/projects/PartyDeck/artifacts/screenshot-queue-ios-34488350932-34496252392-v1/payload/docs/screenshots/godot-ios-native-34488350932/authority/attachments/8FC44A2A-CDB9-4810-BBE9-1757E71561A7.png	docs/screenshots/godot-ios-native-34488350932/authority/attachments/8FC44A2A-CDB9-4810-BBE9-1757E71561A7.png
1da1ad389212da10734e4084c4cb4b64c9e9b2ca4be345ddaa2baccc04782805	7899	/tmp/partydeck-engine-ci/34488350932/godot-ios-authority-gameplay/artifacts/authority-attachments/1547DD84-39DE-4FB7-97A7-90E4448FFF04.json	/root/projects/PartyDeck/artifacts/screenshot-queue-ios-34488350932-34496252392-v1/payload/docs/screenshots/godot-ios-native-34488350932/authority/attachments/1547DD84-39DE-4FB7-97A7-90E4448FFF04.json	docs/screenshots/godot-ios-native-34488350932/authority/attachments/1547DD84-39DE-4FB7-97A7-90E4448FFF04.json
5f4ab22c8d6cd108eaaf6f3267fa86bff094166203c82f9b1d7dc66b72337b3d	8830	/tmp/partydeck-engine-ci/34488350932/godot-ios-authority-gameplay/artifacts/authority-attachments/E0C8F525-8007-43DB-88FC-6E33CCA84BF4.json	/root/projects/PartyDeck/artifacts/screenshot-queue-ios-34488350932-34496252392-v1/payload/docs/screenshots/godot-ios-native-34488350932/authority/attachments/E0C8F525-8007-43DB-88FC-6E33CCA84BF4.json	docs/screenshots/godot-ios-native-34488350932/authority/attachments/E0C8F525-8007-43DB-88FC-6E33CCA84BF4.json
382632cfbbe501098e5d7600341f76c5ac8c6584370839bd32ab9ff64dd25300	478	/tmp/partydeck-engine-ci/34488350932/godot-ios-authority-gameplay/artifacts/authority-attachments/BF7C41F0-630E-4F4C-9786-083E7AB32E86.json	/root/projects/PartyDeck/artifacts/screenshot-queue-ios-34488350932-34496252392-v1/payload/docs/screenshots/godot-ios-native-34488350932/authority/attachments/BF7C41F0-630E-4F4C-9786-083E7AB32E86.json	docs/screenshots/godot-ios-native-34488350932/authority/attachments/BF7C41F0-630E-4F4C-9786-083E7AB32E86.json
8250c64fe8a7dc57a8205e4f13b3d2f342d74398182bd00325ff728b51edc94b	95539	/tmp/partydeck-engine-ci/34488350932/godot-ios-authority-gameplay/artifacts/authority-attachments/BAE51245-FDAB-4CBA-BA4E-84DED7DD7F46.png	/root/projects/PartyDeck/artifacts/screenshot-queue-ios-34488350932-34496252392-v1/payload/docs/screenshots/godot-ios-native-34488350932/authority/attachments/BAE51245-FDAB-4CBA-BA4E-84DED7DD7F46.png	docs/screenshots/godot-ios-native-34488350932/authority/attachments/BAE51245-FDAB-4CBA-BA4E-84DED7DD7F46.png
3c145e8f52c875b802261d024cdf26f4a849618e698995bb1f2919f6c1b02b5d	4739	/tmp/partydeck-engine-ci/34488350932/godot-ios-authority-gameplay/artifacts/authority-attachments/570B4C86-C91E-4A93-AEDB-8AEF8CF87AEE.json	/root/projects/PartyDeck/artifacts/screenshot-queue-ios-34488350932-34496252392-v1/payload/docs/screenshots/godot-ios-native-34488350932/authority/attachments/570B4C86-C91E-4A93-AEDB-8AEF8CF87AEE.json	docs/screenshots/godot-ios-native-34488350932/authority/attachments/570B4C86-C91E-4A93-AEDB-8AEF8CF87AEE.json
6e6c225b307ec985c1fade81fb861928d4fb9a2dad06257246e84853c268858d	221737	/tmp/partydeck-engine-ci/34488350932/godot-ios-authority-gameplay/artifacts/authority-attachments/61822678-E67D-499A-8DA4-BCC4CA664238.png	/root/projects/PartyDeck/artifacts/screenshot-queue-ios-34488350932-34496252392-v1/payload/docs/screenshots/godot-ios-native-34488350932/authority/attachments/61822678-E67D-499A-8DA4-BCC4CA664238.png	docs/screenshots/godot-ios-native-34488350932/authority/attachments/61822678-E67D-499A-8DA4-BCC4CA664238.png
b2463ec3182fc4056f0703e7ff6565ef7f4fd450182f9aef697b8ed9d5c3aa46	6363	/tmp/partydeck-engine-ci/34488350932/godot-ios-authority-gameplay/artifacts/authority-attachments/93BBAD2A-468A-4B37-B262-D52B5BCD2F67.json	/root/projects/PartyDeck/artifacts/screenshot-queue-ios-34488350932-34496252392-v1/payload/docs/screenshots/godot-ios-native-34488350932/authority/attachments/93BBAD2A-468A-4B37-B262-D52B5BCD2F67.json	docs/screenshots/godot-ios-native-34488350932/authority/attachments/93BBAD2A-468A-4B37-B262-D52B5BCD2F67.json
9e7419d9e9c07cacdb9ed8fa4552862ab6f130304dfc930e6b296bdda11b3578	7102	/tmp/partydeck-engine-ci/34488350932/godot-ios-authority-gameplay/artifacts/authority-attachments/EBAD13DE-47C3-45A3-A607-3070D760EEC2.json	/root/projects/PartyDeck/artifacts/screenshot-queue-ios-34488350932-34496252392-v1/payload/docs/screenshots/godot-ios-native-34488350932/authority/attachments/EBAD13DE-47C3-45A3-A607-3070D760EEC2.json	docs/screenshots/godot-ios-native-34488350932/authority/attachments/EBAD13DE-47C3-45A3-A607-3070D760EEC2.json
0674932f4f807ff3001efcc65981f029cfdc17f900c11c4c9af02e0f881874a5	476	/tmp/partydeck-engine-ci/34488350932/godot-ios-authority-gameplay/artifacts/authority-attachments/4F81CFEB-C38B-4F5D-AA24-ABA73D0E4399.json	/root/projects/PartyDeck/artifacts/screenshot-queue-ios-34488350932-34496252392-v1/payload/docs/screenshots/godot-ios-native-34488350932/authority/attachments/4F81CFEB-C38B-4F5D-AA24-ABA73D0E4399.json	docs/screenshots/godot-ios-native-34488350932/authority/attachments/4F81CFEB-C38B-4F5D-AA24-ABA73D0E4399.json
116d08dd83add59a91c8b73f66f1c304b4f84221ff7656d8c42f26a9b17c35c6	9206	/tmp/partydeck-engine-ci/34488350932/godot-ios-authority-gameplay/artifacts/authority-attachments/ABD497F5-0A0F-4E9F-A37F-265F3453553C.json	/root/projects/PartyDeck/artifacts/screenshot-queue-ios-34488350932-34496252392-v1/payload/docs/screenshots/godot-ios-native-34488350932/authority/attachments/ABD497F5-0A0F-4E9F-A37F-265F3453553C.json	docs/screenshots/godot-ios-native-34488350932/authority/attachments/ABD497F5-0A0F-4E9F-A37F-265F3453553C.json
035a640007ce71cda32e537b8b96be1bc0a9a4081dc0ee401b4be2a077422bd5	473	/tmp/partydeck-engine-ci/34488350932/godot-ios-authority-gameplay/artifacts/authority-attachments/FF59E800-FAE7-44C5-A460-3C48B2E9BE01.json	/root/projects/PartyDeck/artifacts/screenshot-queue-ios-34488350932-34496252392-v1/payload/docs/screenshots/godot-ios-native-34488350932/authority/attachments/FF59E800-FAE7-44C5-A460-3C48B2E9BE01.json	docs/screenshots/godot-ios-native-34488350932/authority/attachments/FF59E800-FAE7-44C5-A460-3C48B2E9BE01.json
45dc753fc1e243a707cbfb688db754667e2b4827a55d34adabf662d270912360	281780	/tmp/partydeck-engine-ci/34488350932/godot-ios-authority-gameplay/artifacts/authority-attachments/D3500B3D-9221-4BDD-A4D8-D51AA534B37D.png	/root/projects/PartyDeck/artifacts/screenshot-queue-ios-34488350932-34496252392-v1/payload/docs/screenshots/godot-ios-native-34488350932/authority/attachments/D3500B3D-9221-4BDD-A4D8-D51AA534B37D.png	docs/screenshots/godot-ios-native-34488350932/authority/attachments/D3500B3D-9221-4BDD-A4D8-D51AA534B37D.png
73a493eaa24f067531f90685643cea35c808202896a6a128ba3454f8a0b39ab3	8230	/tmp/partydeck-engine-ci/34488350932/godot-ios-authority-gameplay/artifacts/authority-attachments/6EB2D032-F459-45C3-A504-692A0F0F46B5.json	/root/projects/PartyDeck/artifacts/screenshot-queue-ios-34488350932-34496252392-v1/payload/docs/screenshots/godot-ios-native-34488350932/authority/attachments/6EB2D032-F459-45C3-A504-692A0F0F46B5.json	docs/screenshots/godot-ios-native-34488350932/authority/attachments/6EB2D032-F459-45C3-A504-692A0F0F46B5.json
2162761d26187870ae0134a6bee53926810729102d5011e4397a453dac935851	9228	/tmp/partydeck-engine-ci/34488350932/godot-ios-authority-gameplay/artifacts/authority-attachments/24F8C3DD-4FDF-42B5-998F-47E6678ABD97.json	/root/projects/PartyDeck/artifacts/screenshot-queue-ios-34488350932-34496252392-v1/payload/docs/screenshots/godot-ios-native-34488350932/authority/attachments/24F8C3DD-4FDF-42B5-998F-47E6678ABD97.json	docs/screenshots/godot-ios-native-34488350932/authority/attachments/24F8C3DD-4FDF-42B5-998F-47E6678ABD97.json
685bd252ab95c105dc4cb20e475667e4817229d3c04f555ed4e30daa9cb9b4af	473	/tmp/partydeck-engine-ci/34488350932/godot-ios-authority-gameplay/artifacts/authority-attachments/5DF84E41-EDAE-48EF-A41B-B0BAC1BE649C.json	/root/projects/PartyDeck/artifacts/screenshot-queue-ios-34488350932-34496252392-v1/payload/docs/screenshots/godot-ios-native-34488350932/authority/attachments/5DF84E41-EDAE-48EF-A41B-B0BAC1BE649C.json	docs/screenshots/godot-ios-native-34488350932/authority/attachments/5DF84E41-EDAE-48EF-A41B-B0BAC1BE649C.json
9fe819252f3409e371117fc21133dab35f49a19584a07e06124debc8d6880615	332938	/tmp/partydeck-engine-ci/34488350932/godot-ios-authority-gameplay/artifacts/authority-attachments/829B1818-D120-4DC1-9F22-18D8BCA717A9.png	/root/projects/PartyDeck/artifacts/screenshot-queue-ios-34488350932-34496252392-v1/payload/docs/screenshots/godot-ios-native-34488350932/authority/attachments/829B1818-D120-4DC1-9F22-18D8BCA717A9.png	docs/screenshots/godot-ios-native-34488350932/authority/attachments/829B1818-D120-4DC1-9F22-18D8BCA717A9.png
4e17314af26e3760874d5dcef284e6eeac4c4adf06e1ab730f390dc5256141c1	6329	/tmp/partydeck-engine-ci/34488350932/godot-ios-authority-gameplay/artifacts/authority-attachments/AB9100CF-3F2C-4DCB-A9E8-76F9F2F08768.json	/root/projects/PartyDeck/artifacts/screenshot-queue-ios-34488350932-34496252392-v1/payload/docs/screenshots/godot-ios-native-34488350932/authority/attachments/AB9100CF-3F2C-4DCB-A9E8-76F9F2F08768.json	docs/screenshots/godot-ios-native-34488350932/authority/attachments/AB9100CF-3F2C-4DCB-A9E8-76F9F2F08768.json
9f93fd965a5e012c476ffc99e76dccb2036b6deb7740f43f91722a3886bef278	7124	/tmp/partydeck-engine-ci/34488350932/godot-ios-authority-gameplay/artifacts/authority-attachments/1203587E-D32D-4D25-981F-039A44C7A320.json	/root/projects/PartyDeck/artifacts/screenshot-queue-ios-34488350932-34496252392-v1/payload/docs/screenshots/godot-ios-native-34488350932/authority/attachments/1203587E-D32D-4D25-981F-039A44C7A320.json	docs/screenshots/godot-ios-native-34488350932/authority/attachments/1203587E-D32D-4D25-981F-039A44C7A320.json
66424fdec9aa3cf2150ffd5ffca357294cc251bdd9eb1c4253bd54d4a2a5ae46	477	/tmp/partydeck-engine-ci/34488350932/godot-ios-authority-gameplay/artifacts/authority-attachments/93C95037-E6B1-4FD5-AE84-C418673C1BE0.json	/root/projects/PartyDeck/artifacts/screenshot-queue-ios-34488350932-34496252392-v1/payload/docs/screenshots/godot-ios-native-34488350932/authority/attachments/93C95037-E6B1-4FD5-AE84-C418673C1BE0.json	docs/screenshots/godot-ios-native-34488350932/authority/attachments/93C95037-E6B1-4FD5-AE84-C418673C1BE0.json
b1acc3a547824bac73aefd3acbbaf9c002bbc055c8e3a7d403e36b3293b54e6a	9200	/tmp/partydeck-engine-ci/34488350932/godot-ios-authority-gameplay/artifacts/authority-attachments/FB6F7C4F-763C-45BB-A991-92683B1E52F6.json	/root/projects/PartyDeck/artifacts/screenshot-queue-ios-34488350932-34496252392-v1/payload/docs/screenshots/godot-ios-native-34488350932/authority/attachments/FB6F7C4F-763C-45BB-A991-92683B1E52F6.json	docs/screenshots/godot-ios-native-34488350932/authority/attachments/FB6F7C4F-763C-45BB-A991-92683B1E52F6.json
b351ab5e92e70f6ed2e6b44d373e8b45b01ada85aae458b339ce391c452f975b	474	/tmp/partydeck-engine-ci/34488350932/godot-ios-authority-gameplay/artifacts/authority-attachments/B40494C9-4FA6-4327-AE3E-1BB949D2D642.json	/root/projects/PartyDeck/artifacts/screenshot-queue-ios-34488350932-34496252392-v1/payload/docs/screenshots/godot-ios-native-34488350932/authority/attachments/B40494C9-4FA6-4327-AE3E-1BB949D2D642.json	docs/screenshots/godot-ios-native-34488350932/authority/attachments/B40494C9-4FA6-4327-AE3E-1BB949D2D642.json
359b79fd62437d06396b74a92a70b07ffbb73f016e3188ddf9b3b948b0dac790	76882	/tmp/partydeck-engine-ci/34488350932/godot-ios-authority-gameplay/artifacts/authority-attachments/06886A56-7E8F-41CE-9EE7-DED4B04EDE54.png	/root/projects/PartyDeck/artifacts/screenshot-queue-ios-34488350932-34496252392-v1/payload/docs/screenshots/godot-ios-native-34488350932/authority/attachments/06886A56-7E8F-41CE-9EE7-DED4B04EDE54.png	docs/screenshots/godot-ios-native-34488350932/authority/attachments/06886A56-7E8F-41CE-9EE7-DED4B04EDE54.png
73fb19e9e1c663554b6eeacbd63f3286913e07a3010b8f51a9a901c3c491a3cb	6326	/tmp/partydeck-engine-ci/34488350932/godot-ios-authority-gameplay/artifacts/authority-attachments/DDA6B18E-E1E0-4F2F-AA26-07AFFD2905C8.json	/root/projects/PartyDeck/artifacts/screenshot-queue-ios-34488350932-34496252392-v1/payload/docs/screenshots/godot-ios-native-34488350932/authority/attachments/DDA6B18E-E1E0-4F2F-AA26-07AFFD2905C8.json	docs/screenshots/godot-ios-native-34488350932/authority/attachments/DDA6B18E-E1E0-4F2F-AA26-07AFFD2905C8.json
5becbc68e5551e0370d66d659402edffcd61f8d9ba2cd3952bee68e272c05e8c	7121	/tmp/partydeck-engine-ci/34488350932/godot-ios-authority-gameplay/artifacts/authority-attachments/2FE14E24-C2EB-488D-8E4A-A41232703DA7.json	/root/projects/PartyDeck/artifacts/screenshot-queue-ios-34488350932-34496252392-v1/payload/docs/screenshots/godot-ios-native-34488350932/authority/attachments/2FE14E24-C2EB-488D-8E4A-A41232703DA7.json	docs/screenshots/godot-ios-native-34488350932/authority/attachments/2FE14E24-C2EB-488D-8E4A-A41232703DA7.json
6b1e7851f90c5b9d60830f8a170f392d9d61771188daf1e02ede762256787193	477	/tmp/partydeck-engine-ci/34488350932/godot-ios-authority-gameplay/artifacts/authority-attachments/F982673E-5EFF-413E-ABC4-0C7FE21E14AD.json	/root/projects/PartyDeck/artifacts/screenshot-queue-ios-34488350932-34496252392-v1/payload/docs/screenshots/godot-ios-native-34488350932/authority/attachments/F982673E-5EFF-413E-ABC4-0C7FE21E14AD.json	docs/screenshots/godot-ios-native-34488350932/authority/attachments/F982673E-5EFF-413E-ABC4-0C7FE21E14AD.json
3f6a18e52c22084a38603a302943252445d7d3e85e9d55c5b9d2e43e9b6722cb	9206	/tmp/partydeck-engine-ci/34488350932/godot-ios-authority-gameplay/artifacts/authority-attachments/8910E304-CEA6-4221-B2E3-3E2B59E8DE22.json	/root/projects/PartyDeck/artifacts/screenshot-queue-ios-34488350932-34496252392-v1/payload/docs/screenshots/godot-ios-native-34488350932/authority/attachments/8910E304-CEA6-4221-B2E3-3E2B59E8DE22.json	docs/screenshots/godot-ios-native-34488350932/authority/attachments/8910E304-CEA6-4221-B2E3-3E2B59E8DE22.json
e34d3e3d21db709824ccc5ccf9fc9852510e75e374dbb38f3296a2bf162f8b98	474	/tmp/partydeck-engine-ci/34488350932/godot-ios-authority-gameplay/artifacts/authority-attachments/2F8933BD-0D6B-4BEE-BBFB-B532288C744B.json	/root/projects/PartyDeck/artifacts/screenshot-queue-ios-34488350932-34496252392-v1/payload/docs/screenshots/godot-ios-native-34488350932/authority/attachments/2F8933BD-0D6B-4BEE-BBFB-B532288C744B.json	docs/screenshots/godot-ios-native-34488350932/authority/attachments/2F8933BD-0D6B-4BEE-BBFB-B532288C744B.json
7c7898352c8b526b5ffdd6d746572009c8012d541bc4ea5ad51d262647f55cdf	1329	/tmp/partydeck-engine-ci/34488350932/godot-ios-authority-gameplay/artifacts/authority-attachments/0FE32DD1-F91E-49AD-A80D-6210CB13758C.json	/root/projects/PartyDeck/artifacts/screenshot-queue-ios-34488350932-34496252392-v1/payload/docs/screenshots/godot-ios-native-34488350932/authority/attachments/0FE32DD1-F91E-49AD-A80D-6210CB13758C.json	docs/screenshots/godot-ios-native-34488350932/authority/attachments/0FE32DD1-F91E-49AD-A80D-6210CB13758C.json
8853162fb3e783ea57f1e5ac6c702c6c61c45d25bb06274888eda85e8df1546b	15280	/tmp/partydeck-engine-ci/34488350932/godot-ios-authority-gameplay/artifacts/authority-attachments/894F4D1A-79F9-4160-85C2-48658A147F11.txt	/root/projects/PartyDeck/artifacts/screenshot-queue-ios-34488350932-34496252392-v1/payload/docs/screenshots/godot-ios-native-34488350932/authority/attachments/894F4D1A-79F9-4160-85C2-48658A147F11.txt	docs/screenshots/godot-ios-native-34488350932/authority/attachments/894F4D1A-79F9-4160-85C2-48658A147F11.txt
a37bd2ec24ecceb2709298cb6f3d6fcfd54f3c9a231293b737bbdc68f0e15af3	2805240	/tmp/partydeck-engine-ci/34488350932/godot-ios-authority-gameplay/artifacts/authority-attachments/BB14F89E-329C-42F0-B948-0FB655C2AE5F.png	/root/projects/PartyDeck/artifacts/screenshot-queue-ios-34488350932-34496252392-v1/payload/docs/screenshots/godot-ios-native-34488350932/authority/attachments/BB14F89E-329C-42F0-B948-0FB655C2AE5F.png	docs/screenshots/godot-ios-native-34488350932/authority/attachments/BB14F89E-329C-42F0-B948-0FB655C2AE5F.png
4b1b082c6d51519c8a538eae43978712fc84341b0657f0f0bf543c670787d983	332946	/tmp/partydeck-engine-ci/34488350932/godot-ios-authority-gameplay/artifacts/authority-attachments/DCB2E667-CB8B-49F3-BB35-296DE150DE02.png	/root/projects/PartyDeck/artifacts/screenshot-queue-ios-34488350932-34496252392-v1/payload/docs/screenshots/godot-ios-native-34488350932/authority/attachments/DCB2E667-CB8B-49F3-BB35-296DE150DE02.png	docs/screenshots/godot-ios-native-34488350932/authority/attachments/DCB2E667-CB8B-49F3-BB35-296DE150DE02.png
736f9a072c90896b1dc6ee3f93502f235c623eb41c98ce5df6f59e405f242bc3	6354	/tmp/partydeck-engine-ci/34488350932/godot-ios-authority-gameplay/artifacts/authority-attachments/230FE9F9-93CF-43BE-8D06-BF32125D8EEC.json	/root/projects/PartyDeck/artifacts/screenshot-queue-ios-34488350932-34496252392-v1/payload/docs/screenshots/godot-ios-native-34488350932/authority/attachments/230FE9F9-93CF-43BE-8D06-BF32125D8EEC.json	docs/screenshots/godot-ios-native-34488350932/authority/attachments/230FE9F9-93CF-43BE-8D06-BF32125D8EEC.json
17a6333e2aaf50e6e706765d0352ac78a9733c2e504c6efef1c5a9ac4d653ab1	7120	/tmp/partydeck-engine-ci/34488350932/godot-ios-authority-gameplay/artifacts/authority-attachments/DD56F790-7C0F-4E1C-9D38-03C3A9ABD7AA.json	/root/projects/PartyDeck/artifacts/screenshot-queue-ios-34488350932-34496252392-v1/payload/docs/screenshots/godot-ios-native-34488350932/authority/attachments/DD56F790-7C0F-4E1C-9D38-03C3A9ABD7AA.json	docs/screenshots/godot-ios-native-34488350932/authority/attachments/DD56F790-7C0F-4E1C-9D38-03C3A9ABD7AA.json
6e9feb821bf86f3c1219eb8863b927245e83f444147e71e13d9dcb67afcf31bf	477	/tmp/partydeck-engine-ci/34488350932/godot-ios-authority-gameplay/artifacts/authority-attachments/1CA1261E-5FEA-43DC-834C-9E91392740D5.json	/root/projects/PartyDeck/artifacts/screenshot-queue-ios-34488350932-34496252392-v1/payload/docs/screenshots/godot-ios-native-34488350932/authority/attachments/1CA1261E-5FEA-43DC-834C-9E91392740D5.json	docs/screenshots/godot-ios-native-34488350932/authority/attachments/1CA1261E-5FEA-43DC-834C-9E91392740D5.json
b63bfaa15ea2ec04df13723cbafaae247d0eeddc15502cbb3bcf601e62e341df	9191	/tmp/partydeck-engine-ci/34488350932/godot-ios-authority-gameplay/artifacts/authority-attachments/F3FD5C98-7FAF-447F-AFF4-54EC81D98FC4.json	/root/projects/PartyDeck/artifacts/screenshot-queue-ios-34488350932-34496252392-v1/payload/docs/screenshots/godot-ios-native-34488350932/authority/attachments/F3FD5C98-7FAF-447F-AFF4-54EC81D98FC4.json	docs/screenshots/godot-ios-native-34488350932/authority/attachments/F3FD5C98-7FAF-447F-AFF4-54EC81D98FC4.json
dde6a2fab8a7ce9d12d28393c1239581022e475a9b1f43361db6ee173367875b	474	/tmp/partydeck-engine-ci/34488350932/godot-ios-authority-gameplay/artifacts/authority-attachments/816E9B22-DEE1-4B21-81BF-D4697060EC8D.json	/root/projects/PartyDeck/artifacts/screenshot-queue-ios-34488350932-34496252392-v1/payload/docs/screenshots/godot-ios-native-34488350932/authority/attachments/816E9B22-DEE1-4B21-81BF-D4697060EC8D.json	docs/screenshots/godot-ios-native-34488350932/authority/attachments/816E9B22-DEE1-4B21-81BF-D4697060EC8D.json
825cb01387d6003811fe080a86b9bfbfddd0e57ead743f93e2db767a914c1f70	9200	/tmp/partydeck-engine-ci/34488350932/godot-ios-authority-gameplay/artifacts/authority-attachments/39DF79BE-02F6-489E-9567-CEE96CCC51D0.json	/root/projects/PartyDeck/artifacts/screenshot-queue-ios-34488350932-34496252392-v1/payload/docs/screenshots/godot-ios-native-34488350932/authority/attachments/39DF79BE-02F6-489E-9567-CEE96CCC51D0.json	docs/screenshots/godot-ios-native-34488350932/authority/attachments/39DF79BE-02F6-489E-9567-CEE96CCC51D0.json
f3e4c2c4c5bf061e2fe0a5f42d320c941dcc346870e8252b65851e04b9de81b4	477	/tmp/partydeck-engine-ci/34488350932/godot-ios-authority-gameplay/artifacts/authority-attachments/F2677AB1-AA28-4375-B04D-5CF1DD5A46DC.json	/root/projects/PartyDeck/artifacts/screenshot-queue-ios-34488350932-34496252392-v1/payload/docs/screenshots/godot-ios-native-34488350932/authority/attachments/F2677AB1-AA28-4375-B04D-5CF1DD5A46DC.json	docs/screenshots/godot-ios-native-34488350932/authority/attachments/F2677AB1-AA28-4375-B04D-5CF1DD5A46DC.json
39fa0520c3f5a2c8647bb8d30b7027746b903ce23b288a9b764ea4dff8efd37c	217599	/tmp/partydeck-engine-ci/34488350932/godot-ios-authority-gameplay/artifacts/authority-attachments/5C151EA5-C595-4FAE-887A-BAD26E82C623.png	/root/projects/PartyDeck/artifacts/screenshot-queue-ios-34488350932-34496252392-v1/payload/docs/screenshots/godot-ios-native-34488350932/authority/attachments/5C151EA5-C595-4FAE-887A-BAD26E82C623.png	docs/screenshots/godot-ios-native-34488350932/authority/attachments/5C151EA5-C595-4FAE-887A-BAD26E82C623.png
2d6af75f228af457a47451459359b9e97cf0cfd37cc3810742806f4748dfe3ea	5957	/tmp/partydeck-engine-ci/34488350932/godot-ios-authority-gameplay/artifacts/authority-attachments/7A914C7F-63E3-41E8-B43D-903EBFB74F91.json	/root/projects/PartyDeck/artifacts/screenshot-queue-ios-34488350932-34496252392-v1/payload/docs/screenshots/godot-ios-native-34488350932/authority/attachments/7A914C7F-63E3-41E8-B43D-903EBFB74F91.json	docs/screenshots/godot-ios-native-34488350932/authority/attachments/7A914C7F-63E3-41E8-B43D-903EBFB74F91.json
39fa0520c3f5a2c8647bb8d30b7027746b903ce23b288a9b764ea4dff8efd37c	217599	/tmp/partydeck-engine-ci/34488350932/godot-ios-authority-gameplay/artifacts/authority-attachments/8CD8B6F0-C74B-450B-BABF-00288F60782F.png	/root/projects/PartyDeck/artifacts/screenshot-queue-ios-34488350932-34496252392-v1/payload/docs/screenshots/godot-ios-native-34488350932/authority/attachments/8CD8B6F0-C74B-450B-BABF-00288F60782F.png	docs/screenshots/godot-ios-native-34488350932/authority/attachments/8CD8B6F0-C74B-450B-BABF-00288F60782F.png
37b1711500557209a94bea0bf4d5a035ae9799b1e0ed284427e100dabe6748d1	5966	/tmp/partydeck-engine-ci/34488350932/godot-ios-authority-gameplay/artifacts/authority-attachments/4200146F-F3B5-487D-B261-E43BC890083A.json	/root/projects/PartyDeck/artifacts/screenshot-queue-ios-34488350932-34496252392-v1/payload/docs/screenshots/godot-ios-native-34488350932/authority/attachments/4200146F-F3B5-487D-B261-E43BC890083A.json	docs/screenshots/godot-ios-native-34488350932/authority/attachments/4200146F-F3B5-487D-B261-E43BC890083A.json
372288d2e818a5d021fe267c7cd6b4bff1c23a009bfac0d5ef3627a2df1a5626	6665	/tmp/partydeck-engine-ci/34488350932/godot-ios-authority-gameplay/artifacts/authority-attachments/9632B936-3BE8-4ACD-AB0D-48E5435CF63D.json	/root/projects/PartyDeck/artifacts/screenshot-queue-ios-34488350932-34496252392-v1/payload/docs/screenshots/godot-ios-native-34488350932/authority/attachments/9632B936-3BE8-4ACD-AB0D-48E5435CF63D.json	docs/screenshots/godot-ios-native-34488350932/authority/attachments/9632B936-3BE8-4ACD-AB0D-48E5435CF63D.json
b406ca6c63008f79f28711e9a276e13430032340c8a863e73b58bec88a83ab77	6722	/tmp/partydeck-engine-ci/34488350932/godot-ios-authority-gameplay/artifacts/authority-attachments/AC66714D-B50A-4D29-9F87-6FA5ED45E43D.json	/root/projects/PartyDeck/artifacts/screenshot-queue-ios-34488350932-34496252392-v1/payload/docs/screenshots/godot-ios-native-34488350932/authority/attachments/AC66714D-B50A-4D29-9F87-6FA5ED45E43D.json	docs/screenshots/godot-ios-native-34488350932/authority/attachments/AC66714D-B50A-4D29-9F87-6FA5ED45E43D.json
dce92432e5ea9f8942047371348bc14d266d8ebffaff56e5690c93a234041e47	6755	/tmp/partydeck-engine-ci/34488350932/godot-ios-authority-gameplay/artifacts/authority-attachments/DEB06E1E-BAA4-447C-BC26-0F84EE392461.json	/root/projects/PartyDeck/artifacts/screenshot-queue-ios-34488350932-34496252392-v1/payload/docs/screenshots/godot-ios-native-34488350932/authority/attachments/DEB06E1E-BAA4-447C-BC26-0F84EE392461.json	docs/screenshots/godot-ios-native-34488350932/authority/attachments/DEB06E1E-BAA4-447C-BC26-0F84EE392461.json
7cb9642fa14a7d36de36016c0ad2b94e69bc88602d7be0f3365b205c153c0a7f	488	/tmp/partydeck-engine-ci/34488350932/godot-ios-authority-gameplay/artifacts/authority-attachments/5AEAE178-D457-4190-81B4-F97F57653AB3.json	/root/projects/PartyDeck/artifacts/screenshot-queue-ios-34488350932-34496252392-v1/payload/docs/screenshots/godot-ios-native-34488350932/authority/attachments/5AEAE178-D457-4190-81B4-F97F57653AB3.json	docs/screenshots/godot-ios-native-34488350932/authority/attachments/5AEAE178-D457-4190-81B4-F97F57653AB3.json
692168de781f1ce2a02da2a54591fe69b9134b1b33a1939106797ed9816ea41e	6671	/tmp/partydeck-engine-ci/34488350932/godot-ios-authority-gameplay/artifacts/authority-attachments/F487D182-051B-48B2-B099-CB90358CCEAA.json	/root/projects/PartyDeck/artifacts/screenshot-queue-ios-34488350932-34496252392-v1/payload/docs/screenshots/godot-ios-native-34488350932/authority/attachments/F487D182-051B-48B2-B099-CB90358CCEAA.json	docs/screenshots/godot-ios-native-34488350932/authority/attachments/F487D182-051B-48B2-B099-CB90358CCEAA.json
8ff63266f15d8864f2c96eb112a0e676ca514d6b4e793a536b847cfd8bb158b9	6728	/tmp/partydeck-engine-ci/34488350932/godot-ios-authority-gameplay/artifacts/authority-attachments/C09DBA14-2BC9-4FA0-8066-B0946D5E75E8.json	/root/projects/PartyDeck/artifacts/screenshot-queue-ios-34488350932-34496252392-v1/payload/docs/screenshots/godot-ios-native-34488350932/authority/attachments/C09DBA14-2BC9-4FA0-8066-B0946D5E75E8.json	docs/screenshots/godot-ios-native-34488350932/authority/attachments/C09DBA14-2BC9-4FA0-8066-B0946D5E75E8.json
6ef58bf80f132259602f0ad5c5fd8c8b5fa7e0f5a0a600956b9373e0d02e02c7	6757	/tmp/partydeck-engine-ci/34488350932/godot-ios-authority-gameplay/artifacts/authority-attachments/858A2BDF-8856-4342-A08C-1B9144382654.json	/root/projects/PartyDeck/artifacts/screenshot-queue-ios-34488350932-34496252392-v1/payload/docs/screenshots/godot-ios-native-34488350932/authority/attachments/858A2BDF-8856-4342-A08C-1B9144382654.json	docs/screenshots/godot-ios-native-34488350932/authority/attachments/858A2BDF-8856-4342-A08C-1B9144382654.json
38de8affb3e7550b3488aa2df29754e72bff872099025ab1b0fb088dd400b8c2	488	/tmp/partydeck-engine-ci/34488350932/godot-ios-authority-gameplay/artifacts/authority-attachments/6DE8BB05-9D7B-41C1-96FC-4E660BF2C8AA.json	/root/projects/PartyDeck/artifacts/screenshot-queue-ios-34488350932-34496252392-v1/payload/docs/screenshots/godot-ios-native-34488350932/authority/attachments/6DE8BB05-9D7B-41C1-96FC-4E660BF2C8AA.json	docs/screenshots/godot-ios-native-34488350932/authority/attachments/6DE8BB05-9D7B-41C1-96FC-4E660BF2C8AA.json
788f3d7d2fe497c1410b8e828b1211071f8ba0596db8fe3eba93fc7636e378ab	6727	/tmp/partydeck-engine-ci/34488350932/godot-ios-authority-gameplay/artifacts/authority-attachments/94694CF6-167E-4459-8ECF-D8F2C27BE5CA.json	/root/projects/PartyDeck/artifacts/screenshot-queue-ios-34488350932-34496252392-v1/payload/docs/screenshots/godot-ios-native-34488350932/authority/attachments/94694CF6-167E-4459-8ECF-D8F2C27BE5CA.json	docs/screenshots/godot-ios-native-34488350932/authority/attachments/94694CF6-167E-4459-8ECF-D8F2C27BE5CA.json
600f58a9b5dafe5ce6c65a83d788aff13b703da6ad777ac6a8e97c1cbadba1ef	6670	/tmp/partydeck-engine-ci/34488350932/godot-ios-authority-gameplay/artifacts/authority-attachments/261DF67D-9F01-4A9D-8E77-2F08F10CF17F.json	/root/projects/PartyDeck/artifacts/screenshot-queue-ios-34488350932-34496252392-v1/payload/docs/screenshots/godot-ios-native-34488350932/authority/attachments/261DF67D-9F01-4A9D-8E77-2F08F10CF17F.json	docs/screenshots/godot-ios-native-34488350932/authority/attachments/261DF67D-9F01-4A9D-8E77-2F08F10CF17F.json
1621d36dd187d8c4a596579251af58a64f9f807403509ebc3788b6f2ca671926	6723	/tmp/partydeck-engine-ci/34488350932/godot-ios-authority-gameplay/artifacts/authority-attachments/2A67F721-9ECD-49A5-A2D3-D9A57B3CAB9B.json	/root/projects/PartyDeck/artifacts/screenshot-queue-ios-34488350932-34496252392-v1/payload/docs/screenshots/godot-ios-native-34488350932/authority/attachments/2A67F721-9ECD-49A5-A2D3-D9A57B3CAB9B.json	docs/screenshots/godot-ios-native-34488350932/authority/attachments/2A67F721-9ECD-49A5-A2D3-D9A57B3CAB9B.json
2cb46584fb99bfe0d9a04be234827036fc628dc065feb06832754810e2cc8bf0	488	/tmp/partydeck-engine-ci/34488350932/godot-ios-authority-gameplay/artifacts/authority-attachments/8301B1D5-F5E7-4898-AF13-DFDA235E2677.json	/root/projects/PartyDeck/artifacts/screenshot-queue-ios-34488350932-34496252392-v1/payload/docs/screenshots/godot-ios-native-34488350932/authority/attachments/8301B1D5-F5E7-4898-AF13-DFDA235E2677.json	docs/screenshots/godot-ios-native-34488350932/authority/attachments/8301B1D5-F5E7-4898-AF13-DFDA235E2677.json
6c03d2a183dbc3028fa99872ea1c16773e146b8791ae000e0430f4796a5f2866	7569	/tmp/partydeck-engine-ci/34488350932/godot-ios-authority-gameplay/artifacts/authority-attachments/56FD7681-A07F-49CE-8D4C-EF049BD031A9.json	/root/projects/PartyDeck/artifacts/screenshot-queue-ios-34488350932-34496252392-v1/payload/docs/screenshots/godot-ios-native-34488350932/authority/attachments/56FD7681-A07F-49CE-8D4C-EF049BD031A9.json	docs/screenshots/godot-ios-native-34488350932/authority/attachments/56FD7681-A07F-49CE-8D4C-EF049BD031A9.json
efa54cf80c6d11601351b8da772e6218725992c0e13991d1826da6cc3246e985	7527	/tmp/partydeck-engine-ci/34488350932/godot-ios-authority-gameplay/artifacts/authority-attachments/85B05CE1-0560-4CF0-8100-C07E7D4E3FAE.json	/root/projects/PartyDeck/artifacts/screenshot-queue-ios-34488350932-34496252392-v1/payload/docs/screenshots/godot-ios-native-34488350932/authority/attachments/85B05CE1-0560-4CF0-8100-C07E7D4E3FAE.json	docs/screenshots/godot-ios-native-34488350932/authority/attachments/85B05CE1-0560-4CF0-8100-C07E7D4E3FAE.json
828ff8ec49e1c46db3019d07128f8ab8782c8d9e04616951cc9dc46e0137d760	7600	/tmp/partydeck-engine-ci/34488350932/godot-ios-authority-gameplay/artifacts/authority-attachments/AC197551-5146-4588-B40F-23B007C2CAD0.json	/root/projects/PartyDeck/artifacts/screenshot-queue-ios-34488350932-34496252392-v1/payload/docs/screenshots/godot-ios-native-34488350932/authority/attachments/AC197551-5146-4588-B40F-23B007C2CAD0.json	docs/screenshots/godot-ios-native-34488350932/authority/attachments/AC197551-5146-4588-B40F-23B007C2CAD0.json
0e57139b7e7731aa6b16f0a2e8a0e0ef1d5ea674235ceb7dc489f939b571b625	7543	/tmp/partydeck-engine-ci/34488350932/godot-ios-authority-gameplay/artifacts/authority-attachments/2E7096BE-D44D-479E-A175-F03A66851C75.json	/root/projects/PartyDeck/artifacts/screenshot-queue-ios-34488350932-34496252392-v1/payload/docs/screenshots/godot-ios-native-34488350932/authority/attachments/2E7096BE-D44D-479E-A175-F03A66851C75.json	docs/screenshots/godot-ios-native-34488350932/authority/attachments/2E7096BE-D44D-479E-A175-F03A66851C75.json
23a86426e1652cca743283d0cbf643b3cf4d8bb4b537654d61b40b30f717debd	7570	/tmp/partydeck-engine-ci/34488350932/godot-ios-authority-gameplay/artifacts/authority-attachments/DF17D4B8-9305-4E2F-B699-87D8CE2365EB.json	/root/projects/PartyDeck/artifacts/screenshot-queue-ios-34488350932-34496252392-v1/payload/docs/screenshots/godot-ios-native-34488350932/authority/attachments/DF17D4B8-9305-4E2F-B699-87D8CE2365EB.json	docs/screenshots/godot-ios-native-34488350932/authority/attachments/DF17D4B8-9305-4E2F-B699-87D8CE2365EB.json
b2b1cf05db0c3aa68c460e8ed6a5b4554e34a9187733bc1d2b72a3fcb53ecd92	488	/tmp/partydeck-engine-ci/34488350932/godot-ios-authority-gameplay/artifacts/authority-attachments/48834549-C450-4F51-B239-3405DAAB9229.json	/root/projects/PartyDeck/artifacts/screenshot-queue-ios-34488350932-34496252392-v1/payload/docs/screenshots/godot-ios-native-34488350932/authority/attachments/48834549-C450-4F51-B239-3405DAAB9229.json	docs/screenshots/godot-ios-native-34488350932/authority/attachments/48834549-C450-4F51-B239-3405DAAB9229.json
abb5a8e4696ab8e6579b235397a0066ac5ea63fe86f662a35c602ddc19710091	224269	/tmp/partydeck-engine-ci/34488350932/godot-ios-authority-gameplay/artifacts/authority-attachments/64CB214B-A5AE-4BEF-91A1-4589980F6BDB.png	/root/projects/PartyDeck/artifacts/screenshot-queue-ios-34488350932-34496252392-v1/payload/docs/screenshots/godot-ios-native-34488350932/authority/attachments/64CB214B-A5AE-4BEF-91A1-4589980F6BDB.png	docs/screenshots/godot-ios-native-34488350932/authority/attachments/64CB214B-A5AE-4BEF-91A1-4589980F6BDB.png
a7cb26a615ee5740f188676432216b949c54de766287fb9c8a3f31abe94d4004	5985	/tmp/partydeck-engine-ci/34488350932/godot-ios-authority-gameplay/artifacts/authority-attachments/57A59979-D14F-4F48-9ACB-2CCBCCA2CE3B.json	/root/projects/PartyDeck/artifacts/screenshot-queue-ios-34488350932-34496252392-v1/payload/docs/screenshots/godot-ios-native-34488350932/authority/attachments/57A59979-D14F-4F48-9ACB-2CCBCCA2CE3B.json	docs/screenshots/godot-ios-native-34488350932/authority/attachments/57A59979-D14F-4F48-9ACB-2CCBCCA2CE3B.json
6bf4dc851cc56c86176214834a34852f9516bfc026dc9ed2c87cdad297044673	6683	/tmp/partydeck-engine-ci/34488350932/godot-ios-authority-gameplay/artifacts/authority-attachments/61F880C2-F100-4C5A-B55C-30018270ECD2.json	/root/projects/PartyDeck/artifacts/screenshot-queue-ios-34488350932-34496252392-v1/payload/docs/screenshots/godot-ios-native-34488350932/authority/attachments/61F880C2-F100-4C5A-B55C-30018270ECD2.json	docs/screenshots/godot-ios-native-34488350932/authority/attachments/61F880C2-F100-4C5A-B55C-30018270ECD2.json
9c6251de62a4c1c8effdceeb6d5237698aca3e3dce28e0b9365fa9022f41beb7	6740	/tmp/partydeck-engine-ci/34488350932/godot-ios-authority-gameplay/artifacts/authority-attachments/20E91872-1139-4E3D-A697-8155C7B04935.json	/root/projects/PartyDeck/artifacts/screenshot-queue-ios-34488350932-34496252392-v1/payload/docs/screenshots/godot-ios-native-34488350932/authority/attachments/20E91872-1139-4E3D-A697-8155C7B04935.json	docs/screenshots/godot-ios-native-34488350932/authority/attachments/20E91872-1139-4E3D-A697-8155C7B04935.json
00cf4a7c361fc2f37be34e3650e652a41dff7525e79cdfd01c6a46ea07cba36f	6738	/tmp/partydeck-engine-ci/34488350932/godot-ios-authority-gameplay/artifacts/authority-attachments/9588F49E-DB96-4DAF-BDE9-FF7AA185ECC2.json	/root/projects/PartyDeck/artifacts/screenshot-queue-ios-34488350932-34496252392-v1/payload/docs/screenshots/godot-ios-native-34488350932/authority/attachments/9588F49E-DB96-4DAF-BDE9-FF7AA185ECC2.json	docs/screenshots/godot-ios-native-34488350932/authority/attachments/9588F49E-DB96-4DAF-BDE9-FF7AA185ECC2.json
81972a9ff82183f7cf45d11b4311bba6afad3c949fbd58e20d77d0fe9086cbb7	490	/tmp/partydeck-engine-ci/34488350932/godot-ios-authority-gameplay/artifacts/authority-attachments/19C0D128-DF5D-492D-9736-854B21D42216.json	/root/projects/PartyDeck/artifacts/screenshot-queue-ios-34488350932-34496252392-v1/payload/docs/screenshots/godot-ios-native-34488350932/authority/attachments/19C0D128-DF5D-492D-9736-854B21D42216.json	docs/screenshots/godot-ios-native-34488350932/authority/attachments/19C0D128-DF5D-492D-9736-854B21D42216.json
535181a66df7e986803b0ad1b82e1dd492344ff2a0a01c3292ef32cabbf302af	7134	/tmp/partydeck-engine-ci/34488350932/godot-ios-authority-gameplay/artifacts/authority-attachments/7224D854-A66B-4AA3-91C1-230256E6F10D.json	/root/projects/PartyDeck/artifacts/screenshot-queue-ios-34488350932-34496252392-v1/payload/docs/screenshots/godot-ios-native-34488350932/authority/attachments/7224D854-A66B-4AA3-91C1-230256E6F10D.json	docs/screenshots/godot-ios-native-34488350932/authority/attachments/7224D854-A66B-4AA3-91C1-230256E6F10D.json
0515b1b01f06be558acf7820999a1e0f4ded20480584def5cf00c0dde3fe8a39	479	/tmp/partydeck-engine-ci/34488350932/godot-ios-authority-gameplay/artifacts/authority-attachments/C312682D-19CF-476A-8348-1DF476BAB7DA.json	/root/projects/PartyDeck/artifacts/screenshot-queue-ios-34488350932-34496252392-v1/payload/docs/screenshots/godot-ios-native-34488350932/authority/attachments/C312682D-19CF-476A-8348-1DF476BAB7DA.json	docs/screenshots/godot-ios-native-34488350932/authority/attachments/C312682D-19CF-476A-8348-1DF476BAB7DA.json
0fdfacf028f6ebe9b6ece654273d82dc5ca9f604b6fcc3b75b7ba18770389a95	9225	/tmp/partydeck-engine-ci/34488350932/godot-ios-authority-gameplay/artifacts/authority-attachments/97F95567-E626-45FB-AF6F-E36EA9A4776E.json	/root/projects/PartyDeck/artifacts/screenshot-queue-ios-34488350932-34496252392-v1/payload/docs/screenshots/godot-ios-native-34488350932/authority/attachments/97F95567-E626-45FB-AF6F-E36EA9A4776E.json	docs/screenshots/godot-ios-native-34488350932/authority/attachments/97F95567-E626-45FB-AF6F-E36EA9A4776E.json
25da3747867058536b812efa07c55f2f0f1c0cae0448792beac8296073c9fb58	476	/tmp/partydeck-engine-ci/34488350932/godot-ios-authority-gameplay/artifacts/authority-attachments/75186B1C-8429-4EDD-BA1D-A3C2BB2FF2AB.json	/root/projects/PartyDeck/artifacts/screenshot-queue-ios-34488350932-34496252392-v1/payload/docs/screenshots/godot-ios-native-34488350932/authority/attachments/75186B1C-8429-4EDD-BA1D-A3C2BB2FF2AB.json	docs/screenshots/godot-ios-native-34488350932/authority/attachments/75186B1C-8429-4EDD-BA1D-A3C2BB2FF2AB.json
7386fde11e1f94633c52218d0272aad6018777b1fba7122e1509d8567cb8f194	9220	/tmp/partydeck-engine-ci/34488350932/godot-ios-authority-gameplay/artifacts/authority-attachments/B5E506E0-282F-4EEC-9B88-D7A5B5567810.json	/root/projects/PartyDeck/artifacts/screenshot-queue-ios-34488350932-34496252392-v1/payload/docs/screenshots/godot-ios-native-34488350932/authority/attachments/B5E506E0-282F-4EEC-9B88-D7A5B5567810.json	docs/screenshots/godot-ios-native-34488350932/authority/attachments/B5E506E0-282F-4EEC-9B88-D7A5B5567810.json
6091b4fe1addffa7cbc2292358aac53ccff0e16c2dd2eec81bd6d1882f35a9c9	9166	/tmp/partydeck-engine-ci/34488350932/godot-ios-authority-gameplay/artifacts/authority-attachments/9BAB6F7C-4A6A-4CB8-925F-C52290B507D6.json	/root/projects/PartyDeck/artifacts/screenshot-queue-ios-34488350932-34496252392-v1/payload/docs/screenshots/godot-ios-native-34488350932/authority/attachments/9BAB6F7C-4A6A-4CB8-925F-C52290B507D6.json	docs/screenshots/godot-ios-native-34488350932/authority/attachments/9BAB6F7C-4A6A-4CB8-925F-C52290B507D6.json
e7663346a98927d1e9dc0bbebe1f9caf779790a36f55e9b6cc029fb740b645c3	9216	/tmp/partydeck-engine-ci/34488350932/godot-ios-authority-gameplay/artifacts/authority-attachments/2F321D68-5982-4D23-AAC8-3B23E7D53F11.json	/root/projects/PartyDeck/artifacts/screenshot-queue-ios-34488350932-34496252392-v1/payload/docs/screenshots/godot-ios-native-34488350932/authority/attachments/2F321D68-5982-4D23-AAC8-3B23E7D53F11.json	docs/screenshots/godot-ios-native-34488350932/authority/attachments/2F321D68-5982-4D23-AAC8-3B23E7D53F11.json
54fa5e7355375f497f9775b820ae421c222c60f1bd6b80cbee75499d04f2e0e9	479	/tmp/partydeck-engine-ci/34488350932/godot-ios-authority-gameplay/artifacts/authority-attachments/C8C649F4-0E87-4BF3-A8CB-0E3975CE1B00.json	/root/projects/PartyDeck/artifacts/screenshot-queue-ios-34488350932-34496252392-v1/payload/docs/screenshots/godot-ios-native-34488350932/authority/attachments/C8C649F4-0E87-4BF3-A8CB-0E3975CE1B00.json	docs/screenshots/godot-ios-native-34488350932/authority/attachments/C8C649F4-0E87-4BF3-A8CB-0E3975CE1B00.json
e127ad9896fdcd750243fb4324e90eff7a5524d2a8b13fdd37882f840be88397	6740	/tmp/partydeck-engine-ci/34488350932/godot-ios-authority-gameplay/artifacts/authority-attachments/D20BD760-EDA6-4DFA-9157-1B1B2144C3C3.json	/root/projects/PartyDeck/artifacts/screenshot-queue-ios-34488350932-34496252392-v1/payload/docs/screenshots/godot-ios-native-34488350932/authority/attachments/D20BD760-EDA6-4DFA-9157-1B1B2144C3C3.json	docs/screenshots/godot-ios-native-34488350932/authority/attachments/D20BD760-EDA6-4DFA-9157-1B1B2144C3C3.json
5eafdcda345734b71359699ca31aa6a192f1abcf0af4594fddd6878ad21d09b3	6683	/tmp/partydeck-engine-ci/34488350932/godot-ios-authority-gameplay/artifacts/authority-attachments/8F837169-A231-4625-B323-1AC45293E33E.json	/root/projects/PartyDeck/artifacts/screenshot-queue-ios-34488350932-34496252392-v1/payload/docs/screenshots/godot-ios-native-34488350932/authority/attachments/8F837169-A231-4625-B323-1AC45293E33E.json	docs/screenshots/godot-ios-native-34488350932/authority/attachments/8F837169-A231-4625-B323-1AC45293E33E.json
672be42657d82abedebf87fb3a7d05de17805cd0fee02c91879ac39eeb70e3b5	6739	/tmp/partydeck-engine-ci/34488350932/godot-ios-authority-gameplay/artifacts/authority-attachments/BC5697C0-00ED-4233-AD7E-F206810C2946.json	/root/projects/PartyDeck/artifacts/screenshot-queue-ios-34488350932-34496252392-v1/payload/docs/screenshots/godot-ios-native-34488350932/authority/attachments/BC5697C0-00ED-4233-AD7E-F206810C2946.json	docs/screenshots/godot-ios-native-34488350932/authority/attachments/BC5697C0-00ED-4233-AD7E-F206810C2946.json
0df68bad48fb3e0d9a0b61c137b6d195a63a418e3a9f78dc1f0fa80d640104c1	490	/tmp/partydeck-engine-ci/34488350932/godot-ios-authority-gameplay/artifacts/authority-attachments/833DC430-0A81-49C4-89A7-EF2DEDC5F2A4.json	/root/projects/PartyDeck/artifacts/screenshot-queue-ios-34488350932-34496252392-v1/payload/docs/screenshots/godot-ios-native-34488350932/authority/attachments/833DC430-0A81-49C4-89A7-EF2DEDC5F2A4.json	docs/screenshots/godot-ios-native-34488350932/authority/attachments/833DC430-0A81-49C4-89A7-EF2DEDC5F2A4.json
4a94bc8f60a5d8954ac385a3809961d06f3a0b6d0d987c036a80c8fa7dd20949	6735	/tmp/partydeck-engine-ci/34488350932/godot-ios-authority-gameplay/artifacts/authority-attachments/1AFCC5FB-E787-4AED-B5F3-FD161D17399C.json	/root/projects/PartyDeck/artifacts/screenshot-queue-ios-34488350932-34496252392-v1/payload/docs/screenshots/godot-ios-native-34488350932/authority/attachments/1AFCC5FB-E787-4AED-B5F3-FD161D17399C.json	docs/screenshots/godot-ios-native-34488350932/authority/attachments/1AFCC5FB-E787-4AED-B5F3-FD161D17399C.json
9630701669ca2d5f26138e3b098edb782db5a06096a22699a1349da8c04576fb	6678	/tmp/partydeck-engine-ci/34488350932/godot-ios-authority-gameplay/artifacts/authority-attachments/F08584FA-12BD-4C6A-9002-E49AB0D60BED.json	/root/projects/PartyDeck/artifacts/screenshot-queue-ios-34488350932-34496252392-v1/payload/docs/screenshots/godot-ios-native-34488350932/authority/attachments/F08584FA-12BD-4C6A-9002-E49AB0D60BED.json	docs/screenshots/godot-ios-native-34488350932/authority/attachments/F08584FA-12BD-4C6A-9002-E49AB0D60BED.json
0dc42edd5b5efc25641d7c453fae51add425def2541ef3f81bd30c16164c2b9c	6738	/tmp/partydeck-engine-ci/34488350932/godot-ios-authority-gameplay/artifacts/authority-attachments/28230C5C-F945-4838-B241-2C54891D64A2.json	/root/projects/PartyDeck/artifacts/screenshot-queue-ios-34488350932-34496252392-v1/payload/docs/screenshots/godot-ios-native-34488350932/authority/attachments/28230C5C-F945-4838-B241-2C54891D64A2.json	docs/screenshots/godot-ios-native-34488350932/authority/attachments/28230C5C-F945-4838-B241-2C54891D64A2.json
69bb83d0dc4fe056404860faad638967588cdc9747a2cb717a12fd4ad210b97d	490	/tmp/partydeck-engine-ci/34488350932/godot-ios-authority-gameplay/artifacts/authority-attachments/F87CD8F6-EF7F-498D-AE09-E1D3DA381313.json	/root/projects/PartyDeck/artifacts/screenshot-queue-ios-34488350932-34496252392-v1/payload/docs/screenshots/godot-ios-native-34488350932/authority/attachments/F87CD8F6-EF7F-498D-AE09-E1D3DA381313.json	docs/screenshots/godot-ios-native-34488350932/authority/attachments/F87CD8F6-EF7F-498D-AE09-E1D3DA381313.json
8754edad1486e71a394bff119c2db6e3bcd06b8902380c01d7b23c6007b38d3a	6739	/tmp/partydeck-engine-ci/34488350932/godot-ios-authority-gameplay/artifacts/authority-attachments/92B216D1-3D2A-48EA-92DB-3BE3DFF3EDDA.json	/root/projects/PartyDeck/artifacts/screenshot-queue-ios-34488350932-34496252392-v1/payload/docs/screenshots/godot-ios-native-34488350932/authority/attachments/92B216D1-3D2A-48EA-92DB-3BE3DFF3EDDA.json	docs/screenshots/godot-ios-native-34488350932/authority/attachments/92B216D1-3D2A-48EA-92DB-3BE3DFF3EDDA.json
3f76b620d4212b9172e499a2d5c5cd0668dc5beb5bbe7023955a79af1de49846	6682	/tmp/partydeck-engine-ci/34488350932/godot-ios-authority-gameplay/artifacts/authority-attachments/34E71E69-5C5C-4A9C-9AFE-059C339A3092.json	/root/projects/PartyDeck/artifacts/screenshot-queue-ios-34488350932-34496252392-v1/payload/docs/screenshots/godot-ios-native-34488350932/authority/attachments/34E71E69-5C5C-4A9C-9AFE-059C339A3092.json	docs/screenshots/godot-ios-native-34488350932/authority/attachments/34E71E69-5C5C-4A9C-9AFE-059C339A3092.json
4722aecac469bb7ad49e94fbff5ccb30392811b416b118a6ad0ea3eb7ba817b1	6741	/tmp/partydeck-engine-ci/34488350932/godot-ios-authority-gameplay/artifacts/authority-attachments/1A1A0625-7C24-4D9B-96D8-CC9A1402EDA3.json	/root/projects/PartyDeck/artifacts/screenshot-queue-ios-34488350932-34496252392-v1/payload/docs/screenshots/godot-ios-native-34488350932/authority/attachments/1A1A0625-7C24-4D9B-96D8-CC9A1402EDA3.json	docs/screenshots/godot-ios-native-34488350932/authority/attachments/1A1A0625-7C24-4D9B-96D8-CC9A1402EDA3.json
1f0bddb66f833ee61409685f89a56624febb8bfb27060883e8fcb6e00fda7665	490	/tmp/partydeck-engine-ci/34488350932/godot-ios-authority-gameplay/artifacts/authority-attachments/4BBD7B14-0C69-4723-AE53-A2AC1231D4CB.json	/root/projects/PartyDeck/artifacts/screenshot-queue-ios-34488350932-34496252392-v1/payload/docs/screenshots/godot-ios-native-34488350932/authority/attachments/4BBD7B14-0C69-4723-AE53-A2AC1231D4CB.json	docs/screenshots/godot-ios-native-34488350932/authority/attachments/4BBD7B14-0C69-4723-AE53-A2AC1231D4CB.json
7dff4efa8c0e1ae14b4cff091118a0ded4028e1faa72c30ccd83d36a02227d9b	7536	/tmp/partydeck-engine-ci/34488350932/godot-ios-authority-gameplay/artifacts/authority-attachments/F5EA6961-66DA-46E8-A5E4-5828E20F58B0.json	/root/projects/PartyDeck/artifacts/screenshot-queue-ios-34488350932-34496252392-v1/payload/docs/screenshots/godot-ios-native-34488350932/authority/attachments/F5EA6961-66DA-46E8-A5E4-5828E20F58B0.json	docs/screenshots/godot-ios-native-34488350932/authority/attachments/F5EA6961-66DA-46E8-A5E4-5828E20F58B0.json
4258c38147cd5c57ef15b7943a8236acbf5fff9ceb5c693dcd4e8ca1e53d323f	7578	/tmp/partydeck-engine-ci/34488350932/godot-ios-authority-gameplay/artifacts/authority-attachments/2DC3590D-6143-4C21-A012-73317EF3C358.json	/root/projects/PartyDeck/artifacts/screenshot-queue-ios-34488350932-34496252392-v1/payload/docs/screenshots/godot-ios-native-34488350932/authority/attachments/2DC3590D-6143-4C21-A012-73317EF3C358.json	docs/screenshots/godot-ios-native-34488350932/authority/attachments/2DC3590D-6143-4C21-A012-73317EF3C358.json
600638672a91d4169134050340875f8322f7c18a23ecf0b4fd16b3466cf5c3ea	7554	/tmp/partydeck-engine-ci/34488350932/godot-ios-authority-gameplay/artifacts/authority-attachments/E044289D-746E-4B55-895D-6DEBE82595F2.json	/root/projects/PartyDeck/artifacts/screenshot-queue-ios-34488350932-34496252392-v1/payload/docs/screenshots/godot-ios-native-34488350932/authority/attachments/E044289D-746E-4B55-895D-6DEBE82595F2.json	docs/screenshots/godot-ios-native-34488350932/authority/attachments/E044289D-746E-4B55-895D-6DEBE82595F2.json
ea20f91d9f9b6377c76ae56a16a4ebf5bb3926fc13e916e61ac3aa6624c13adb	7611	/tmp/partydeck-engine-ci/34488350932/godot-ios-authority-gameplay/artifacts/authority-attachments/6D9F02FF-4415-49C3-ABD0-40729C01BFC5.json	/root/projects/PartyDeck/artifacts/screenshot-queue-ios-34488350932-34496252392-v1/payload/docs/screenshots/godot-ios-native-34488350932/authority/attachments/6D9F02FF-4415-49C3-ABD0-40729C01BFC5.json	docs/screenshots/godot-ios-native-34488350932/authority/attachments/6D9F02FF-4415-49C3-ABD0-40729C01BFC5.json
7f5eba4381d6a54c8264c831a6c86f8713b727f436c4b13a8954e82cc5f72252	7577	/tmp/partydeck-engine-ci/34488350932/godot-ios-authority-gameplay/artifacts/authority-attachments/47D9904C-0719-45F0-8F84-57C5EE43FC82.json	/root/projects/PartyDeck/artifacts/screenshot-queue-ios-34488350932-34496252392-v1/payload/docs/screenshots/godot-ios-native-34488350932/authority/attachments/47D9904C-0719-45F0-8F84-57C5EE43FC82.json	docs/screenshots/godot-ios-native-34488350932/authority/attachments/47D9904C-0719-45F0-8F84-57C5EE43FC82.json
b09e8281c6722c7216a282581bbf1436586ca48701763c81d75e7f9fa16544e4	489	/tmp/partydeck-engine-ci/34488350932/godot-ios-authority-gameplay/artifacts/authority-attachments/643CEA34-9A37-4B1D-ACF4-F4B7F12A96C2.json	/root/projects/PartyDeck/artifacts/screenshot-queue-ios-34488350932-34496252392-v1/payload/docs/screenshots/godot-ios-native-34488350932/authority/attachments/643CEA34-9A37-4B1D-ACF4-F4B7F12A96C2.json	docs/screenshots/godot-ios-native-34488350932/authority/attachments/643CEA34-9A37-4B1D-ACF4-F4B7F12A96C2.json
a2cfb688817692b913ce68cd1871be016a25b778f77fb5b244c1d383d9570fe4	6687	/tmp/partydeck-engine-ci/34488350932/godot-ios-authority-gameplay/artifacts/authority-attachments/3097C0E0-F4B3-4CB6-9F82-ECE72CE8BE7E.json	/root/projects/PartyDeck/artifacts/screenshot-queue-ios-34488350932-34496252392-v1/payload/docs/screenshots/godot-ios-native-34488350932/authority/attachments/3097C0E0-F4B3-4CB6-9F82-ECE72CE8BE7E.json	docs/screenshots/godot-ios-native-34488350932/authority/attachments/3097C0E0-F4B3-4CB6-9F82-ECE72CE8BE7E.json
ae4204899c4301c3824a14b1d83a05bd3b66d130629f135c3ef5cca2ebdb965d	6744	/tmp/partydeck-engine-ci/34488350932/godot-ios-authority-gameplay/artifacts/authority-attachments/56022724-047F-42D8-B438-25EAAB4CCC1A.json	/root/projects/PartyDeck/artifacts/screenshot-queue-ios-34488350932-34496252392-v1/payload/docs/screenshots/godot-ios-native-34488350932/authority/attachments/56022724-047F-42D8-B438-25EAAB4CCC1A.json	docs/screenshots/godot-ios-native-34488350932/authority/attachments/56022724-047F-42D8-B438-25EAAB4CCC1A.json
117276d02f2eabdb650aee17b83ddb290b75f4ac17edf55a398dba983ef3475a	6742	/tmp/partydeck-engine-ci/34488350932/godot-ios-authority-gameplay/artifacts/authority-attachments/91B9F093-92DB-41F6-844C-D7341D63E394.json	/root/projects/PartyDeck/artifacts/screenshot-queue-ios-34488350932-34496252392-v1/payload/docs/screenshots/godot-ios-native-34488350932/authority/attachments/91B9F093-92DB-41F6-844C-D7341D63E394.json	docs/screenshots/godot-ios-native-34488350932/authority/attachments/91B9F093-92DB-41F6-844C-D7341D63E394.json
79c830da2397ca12848f6ff835843d4b25d522d0ce41848983f519e99d0a4042	490	/tmp/partydeck-engine-ci/34488350932/godot-ios-authority-gameplay/artifacts/authority-attachments/E34C94B8-837B-4F36-BC21-E2A848539A36.json	/root/projects/PartyDeck/artifacts/screenshot-queue-ios-34488350932-34496252392-v1/payload/docs/screenshots/godot-ios-native-34488350932/authority/attachments/E34C94B8-837B-4F36-BC21-E2A848539A36.json	docs/screenshots/godot-ios-native-34488350932/authority/attachments/E34C94B8-837B-4F36-BC21-E2A848539A36.json
5afd1773f212936a4ef6c9be22e87b8fcc483ebffdfc290e003fc5d1f01bf5c6	6778	/tmp/partydeck-engine-ci/34488350932/godot-ios-authority-gameplay/artifacts/authority-attachments/3EBA812A-951B-4FFA-8685-25B833903FCE.json	/root/projects/PartyDeck/artifacts/screenshot-queue-ios-34488350932-34496252392-v1/payload/docs/screenshots/godot-ios-native-34488350932/authority/attachments/3EBA812A-951B-4FFA-8685-25B833903FCE.json	docs/screenshots/godot-ios-native-34488350932/authority/attachments/3EBA812A-951B-4FFA-8685-25B833903FCE.json
56606b479f5d6df80716336df1bd67bf0452b64023b52ea1b2b64e45f8fd21a4	6721	/tmp/partydeck-engine-ci/34488350932/godot-ios-authority-gameplay/artifacts/authority-attachments/2535C6DC-CF05-4139-8997-AA7983318B2D.json	/root/projects/PartyDeck/artifacts/screenshot-queue-ios-34488350932-34496252392-v1/payload/docs/screenshots/godot-ios-native-34488350932/authority/attachments/2535C6DC-CF05-4139-8997-AA7983318B2D.json	docs/screenshots/godot-ios-native-34488350932/authority/attachments/2535C6DC-CF05-4139-8997-AA7983318B2D.json
012fa4a226fc2f95ec0f44ef042e5c6c702710121465bf5e68da707b9bd693ba	6740	/tmp/partydeck-engine-ci/34488350932/godot-ios-authority-gameplay/artifacts/authority-attachments/B82103B7-C907-4A67-8441-D8BC99C6155D.json	/root/projects/PartyDeck/artifacts/screenshot-queue-ios-34488350932-34496252392-v1/payload/docs/screenshots/godot-ios-native-34488350932/authority/attachments/B82103B7-C907-4A67-8441-D8BC99C6155D.json	docs/screenshots/godot-ios-native-34488350932/authority/attachments/B82103B7-C907-4A67-8441-D8BC99C6155D.json
70ec8d870ede160eb4394f59da7cc8dd6c56fdbd646a09d017ab670a50b3174f	490	/tmp/partydeck-engine-ci/34488350932/godot-ios-authority-gameplay/artifacts/authority-attachments/ADC55D39-48FB-4441-B56D-3142AAEAAAC6.json	/root/projects/PartyDeck/artifacts/screenshot-queue-ios-34488350932-34496252392-v1/payload/docs/screenshots/godot-ios-native-34488350932/authority/attachments/ADC55D39-48FB-4441-B56D-3142AAEAAAC6.json	docs/screenshots/godot-ios-native-34488350932/authority/attachments/ADC55D39-48FB-4441-B56D-3142AAEAAAC6.json
f24c7c3ead20b3640e6cc4ce418ba10ceeef84a4978f7948c9596a1a538a02de	6743	/tmp/partydeck-engine-ci/34488350932/godot-ios-authority-gameplay/artifacts/authority-attachments/62014D07-E7CD-49BF-9F7C-1C1A2DFE9DF6.json	/root/projects/PartyDeck/artifacts/screenshot-queue-ios-34488350932-34496252392-v1/payload/docs/screenshots/godot-ios-native-34488350932/authority/attachments/62014D07-E7CD-49BF-9F7C-1C1A2DFE9DF6.json	docs/screenshots/godot-ios-native-34488350932/authority/attachments/62014D07-E7CD-49BF-9F7C-1C1A2DFE9DF6.json
3459c817ed10ccdbccec10417387cc8b6914a0ebcd4fb74c905bb035f016fa0e	6686	/tmp/partydeck-engine-ci/34488350932/godot-ios-authority-gameplay/artifacts/authority-attachments/3225847E-DA8A-428F-9FCD-A2778A4B3041.json	/root/projects/PartyDeck/artifacts/screenshot-queue-ios-34488350932-34496252392-v1/payload/docs/screenshots/godot-ios-native-34488350932/authority/attachments/3225847E-DA8A-428F-9FCD-A2778A4B3041.json	docs/screenshots/godot-ios-native-34488350932/authority/attachments/3225847E-DA8A-428F-9FCD-A2778A4B3041.json
6f326646fb0445679b3b089fec90583ab20b4b962423dcb4e83d9586490e9ff6	6742	/tmp/partydeck-engine-ci/34488350932/godot-ios-authority-gameplay/artifacts/authority-attachments/9A36C09F-744B-41E7-8741-933A6F908CC8.json	/root/projects/PartyDeck/artifacts/screenshot-queue-ios-34488350932-34496252392-v1/payload/docs/screenshots/godot-ios-native-34488350932/authority/attachments/9A36C09F-744B-41E7-8741-933A6F908CC8.json	docs/screenshots/godot-ios-native-34488350932/authority/attachments/9A36C09F-744B-41E7-8741-933A6F908CC8.json
7024c8a78553c7a48b0f8df2a7b0bc28f60c151683ecceb5ef196ee621ac3340	490	/tmp/partydeck-engine-ci/34488350932/godot-ios-authority-gameplay/artifacts/authority-attachments/384D43B8-B8EB-45D5-ABC4-B2ADE8AE3268.json	/root/projects/PartyDeck/artifacts/screenshot-queue-ios-34488350932-34496252392-v1/payload/docs/screenshots/godot-ios-native-34488350932/authority/attachments/384D43B8-B8EB-45D5-ABC4-B2ADE8AE3268.json	docs/screenshots/godot-ios-native-34488350932/authority/attachments/384D43B8-B8EB-45D5-ABC4-B2ADE8AE3268.json
0b0478c0e338dea2ee3d11625f8262ed93925fbda3542e4f82f9a0097e8dcbc4	6745	/tmp/partydeck-engine-ci/34488350932/godot-ios-authority-gameplay/artifacts/authority-attachments/16425A95-547F-4CEF-B7D4-F8FD06760CF6.json	/root/projects/PartyDeck/artifacts/screenshot-queue-ios-34488350932-34496252392-v1/payload/docs/screenshots/godot-ios-native-34488350932/authority/attachments/16425A95-547F-4CEF-B7D4-F8FD06760CF6.json	docs/screenshots/godot-ios-native-34488350932/authority/attachments/16425A95-547F-4CEF-B7D4-F8FD06760CF6.json
989eb1e27c853dd5d1b1f1a684d8609d4845247a1b60ccab3e70d12787cb04af	6688	/tmp/partydeck-engine-ci/34488350932/godot-ios-authority-gameplay/artifacts/authority-attachments/A723AB01-066E-4034-ABEC-533DD36D3B28.json	/root/projects/PartyDeck/artifacts/screenshot-queue-ios-34488350932-34496252392-v1/payload/docs/screenshots/godot-ios-native-34488350932/authority/attachments/A723AB01-066E-4034-ABEC-533DD36D3B28.json	docs/screenshots/godot-ios-native-34488350932/authority/attachments/A723AB01-066E-4034-ABEC-533DD36D3B28.json
2785062b37101fa388dc0fe4f904997403ae6acda61d5250e034dad848b83ffc	6743	/tmp/partydeck-engine-ci/34488350932/godot-ios-authority-gameplay/artifacts/authority-attachments/73AF4C36-69F2-4705-966E-88FD7ECED5B7.json	/root/projects/PartyDeck/artifacts/screenshot-queue-ios-34488350932-34496252392-v1/payload/docs/screenshots/godot-ios-native-34488350932/authority/attachments/73AF4C36-69F2-4705-966E-88FD7ECED5B7.json	docs/screenshots/godot-ios-native-34488350932/authority/attachments/73AF4C36-69F2-4705-966E-88FD7ECED5B7.json
48cd4fd2bd3c6df17c2aff83b70ff1f0c268b3cca10e4f355f1c0c050a3048d7	490	/tmp/partydeck-engine-ci/34488350932/godot-ios-authority-gameplay/artifacts/authority-attachments/78228DE9-F420-4688-89CB-FEEB9DED3DDB.json	/root/projects/PartyDeck/artifacts/screenshot-queue-ios-34488350932-34496252392-v1/payload/docs/screenshots/godot-ios-native-34488350932/authority/attachments/78228DE9-F420-4688-89CB-FEEB9DED3DDB.json	docs/screenshots/godot-ios-native-34488350932/authority/attachments/78228DE9-F420-4688-89CB-FEEB9DED3DDB.json
bbe97ce1f2d6951b12b0b3802868fd9568b5fa01fd76ffe10f715db12c822f90	6688	/tmp/partydeck-engine-ci/34488350932/godot-ios-authority-gameplay/artifacts/authority-attachments/E3867A66-D079-42FF-B31B-14DA35BE3267.json	/root/projects/PartyDeck/artifacts/screenshot-queue-ios-34488350932-34496252392-v1/payload/docs/screenshots/godot-ios-native-34488350932/authority/attachments/E3867A66-D079-42FF-B31B-14DA35BE3267.json	docs/screenshots/godot-ios-native-34488350932/authority/attachments/E3867A66-D079-42FF-B31B-14DA35BE3267.json
ba01deebaae867c6dcffab39152fa78f164914bad8dee668cf32848bfec773a6	6745	/tmp/partydeck-engine-ci/34488350932/godot-ios-authority-gameplay/artifacts/authority-attachments/B7F9B3B1-3E69-407B-8BD7-D2A5EF9B6388.json	/root/projects/PartyDeck/artifacts/screenshot-queue-ios-34488350932-34496252392-v1/payload/docs/screenshots/godot-ios-native-34488350932/authority/attachments/B7F9B3B1-3E69-407B-8BD7-D2A5EF9B6388.json	docs/screenshots/godot-ios-native-34488350932/authority/attachments/B7F9B3B1-3E69-407B-8BD7-D2A5EF9B6388.json
fd44a6d903eebdc81b5f892633fd902e2d7ab008299e74cbdcbe6381ccb380a7	6773	/tmp/partydeck-engine-ci/34488350932/godot-ios-authority-gameplay/artifacts/authority-attachments/A2EC4F17-7977-48DB-8B7C-5F8A9E368AED.json	/root/projects/PartyDeck/artifacts/screenshot-queue-ios-34488350932-34496252392-v1/payload/docs/screenshots/godot-ios-native-34488350932/authority/attachments/A2EC4F17-7977-48DB-8B7C-5F8A9E368AED.json	docs/screenshots/godot-ios-native-34488350932/authority/attachments/A2EC4F17-7977-48DB-8B7C-5F8A9E368AED.json
9301701134090093ae7979b6a0290284de6c2f61ba32b55abb70d6f5b89df753	490	/tmp/partydeck-engine-ci/34488350932/godot-ios-authority-gameplay/artifacts/authority-attachments/06352659-7B43-4BA0-9CD8-CFB4ABFEC920.json	/root/projects/PartyDeck/artifacts/screenshot-queue-ios-34488350932-34496252392-v1/payload/docs/screenshots/godot-ios-native-34488350932/authority/attachments/06352659-7B43-4BA0-9CD8-CFB4ABFEC920.json	docs/screenshots/godot-ios-native-34488350932/authority/attachments/06352659-7B43-4BA0-9CD8-CFB4ABFEC920.json
d6b3c9f17633fde2257c81968e74ca003ca5bbd85dbf9093ddb3a8262ab1f65d	6746	/tmp/partydeck-engine-ci/34488350932/godot-ios-authority-gameplay/artifacts/authority-attachments/22B2C08A-7F7E-4D54-9E5B-6D6C7068932E.json	/root/projects/PartyDeck/artifacts/screenshot-queue-ios-34488350932-34496252392-v1/payload/docs/screenshots/godot-ios-native-34488350932/authority/attachments/22B2C08A-7F7E-4D54-9E5B-6D6C7068932E.json	docs/screenshots/godot-ios-native-34488350932/authority/attachments/22B2C08A-7F7E-4D54-9E5B-6D6C7068932E.json
aeb5004b9cca5047667c634ce1708ac18bf361e87fe30f32a8a4d9cd878af600	6689	/tmp/partydeck-engine-ci/34488350932/godot-ios-authority-gameplay/artifacts/authority-attachments/63C33C5F-1DC7-44B3-9F4A-C64FFD179B4A.json	/root/projects/PartyDeck/artifacts/screenshot-queue-ios-34488350932-34496252392-v1/payload/docs/screenshots/godot-ios-native-34488350932/authority/attachments/63C33C5F-1DC7-44B3-9F4A-C64FFD179B4A.json	docs/screenshots/godot-ios-native-34488350932/authority/attachments/63C33C5F-1DC7-44B3-9F4A-C64FFD179B4A.json
68ad3180343062a7da949271d08b2cdf384a702dca96862b8f3dcdd2321d6478	6745	/tmp/partydeck-engine-ci/34488350932/godot-ios-authority-gameplay/artifacts/authority-attachments/B56AB1A9-CCCC-4083-A121-3FE2F6CD22F7.json	/root/projects/PartyDeck/artifacts/screenshot-queue-ios-34488350932-34496252392-v1/payload/docs/screenshots/godot-ios-native-34488350932/authority/attachments/B56AB1A9-CCCC-4083-A121-3FE2F6CD22F7.json	docs/screenshots/godot-ios-native-34488350932/authority/attachments/B56AB1A9-CCCC-4083-A121-3FE2F6CD22F7.json
454f9c515ca85c432a77fc0caa5e572a8c87aef8ae03ee4253340d91507fed40	490	/tmp/partydeck-engine-ci/34488350932/godot-ios-authority-gameplay/artifacts/authority-attachments/879C695E-2B14-4CC6-8C04-6837FC9A6333.json	/root/projects/PartyDeck/artifacts/screenshot-queue-ios-34488350932-34496252392-v1/payload/docs/screenshots/godot-ios-native-34488350932/authority/attachments/879C695E-2B14-4CC6-8C04-6837FC9A6333.json	docs/screenshots/godot-ios-native-34488350932/authority/attachments/879C695E-2B14-4CC6-8C04-6837FC9A6333.json
f5c2eb511430520d6dafff6c3cc73463185578df1bf0c27e424ffde05e650f74	246814	/tmp/partydeck-engine-ci/34488350932/godot-ios-authority-gameplay/artifacts/authority-attachments/04B0797C-33C8-4D70-AE9A-4DF15A1E3600.png	/root/projects/PartyDeck/artifacts/screenshot-queue-ios-34488350932-34496252392-v1/payload/docs/screenshots/godot-ios-native-34488350932/authority/attachments/04B0797C-33C8-4D70-AE9A-4DF15A1E3600.png	docs/screenshots/godot-ios-native-34488350932/authority/attachments/04B0797C-33C8-4D70-AE9A-4DF15A1E3600.png
6273006853dabbf4ec0784cfc871bcded5a3622a25e3143d0bb0ba8d7df8711e	5983	/tmp/partydeck-engine-ci/34488350932/godot-ios-authority-gameplay/artifacts/authority-attachments/034CD4E7-DEA4-4B35-97E3-E20698AF3468.json	/root/projects/PartyDeck/artifacts/screenshot-queue-ios-34488350932-34496252392-v1/payload/docs/screenshots/godot-ios-native-34488350932/authority/attachments/034CD4E7-DEA4-4B35-97E3-E20698AF3468.json	docs/screenshots/godot-ios-native-34488350932/authority/attachments/034CD4E7-DEA4-4B35-97E3-E20698AF3468.json
22e266a4ab0b39a339db2230439a647d1038b24164ed6452afc64ef2bbd14825	6733	/tmp/partydeck-engine-ci/34488350932/godot-ios-authority-gameplay/artifacts/authority-attachments/73A05FF2-ABF3-425D-865A-EA39D4F61A09.json	/root/projects/PartyDeck/artifacts/screenshot-queue-ios-34488350932-34496252392-v1/payload/docs/screenshots/godot-ios-native-34488350932/authority/attachments/73A05FF2-ABF3-425D-865A-EA39D4F61A09.json	docs/screenshots/godot-ios-native-34488350932/authority/attachments/73A05FF2-ABF3-425D-865A-EA39D4F61A09.json
61a81b0246b86e84741d92e08f4d95f85e682d2eff1597cee0f6a5d88875d27e	6696	/tmp/partydeck-engine-ci/34488350932/godot-ios-authority-gameplay/artifacts/authority-attachments/D3B940D5-57D8-4D43-A7AA-E62D119CFFC6.json	/root/projects/PartyDeck/artifacts/screenshot-queue-ios-34488350932-34496252392-v1/payload/docs/screenshots/godot-ios-native-34488350932/authority/attachments/D3B940D5-57D8-4D43-A7AA-E62D119CFFC6.json	docs/screenshots/godot-ios-native-34488350932/authority/attachments/D3B940D5-57D8-4D43-A7AA-E62D119CFFC6.json
f089c38607f723b7f8f0969c64a88bcf2a4869ed53224a84bd15ca178a4e0596	6725	/tmp/partydeck-engine-ci/34488350932/godot-ios-authority-gameplay/artifacts/authority-attachments/8B87FFDE-35F7-49EC-A6A8-6A5E8BD7F690.json	/root/projects/PartyDeck/artifacts/screenshot-queue-ios-34488350932-34496252392-v1/payload/docs/screenshots/godot-ios-native-34488350932/authority/attachments/8B87FFDE-35F7-49EC-A6A8-6A5E8BD7F690.json	docs/screenshots/godot-ios-native-34488350932/authority/attachments/8B87FFDE-35F7-49EC-A6A8-6A5E8BD7F690.json
ace368a55ecf1f991857397b37cce7030125630702c9b319b6167f37cd171a77	6670	/tmp/partydeck-engine-ci/34488350932/godot-ios-authority-gameplay/artifacts/authority-attachments/CBE0EE07-987E-4721-AFB3-CE496DEEEE09.json	/root/projects/PartyDeck/artifacts/screenshot-queue-ios-34488350932-34496252392-v1/payload/docs/screenshots/godot-ios-native-34488350932/authority/attachments/CBE0EE07-987E-4721-AFB3-CE496DEEEE09.json	docs/screenshots/godot-ios-native-34488350932/authority/attachments/CBE0EE07-987E-4721-AFB3-CE496DEEEE09.json
c1ea0f53ff89809ae5705c33c13c7d92066cf3ac514a0666ad33d83ae2e04f73	6732	/tmp/partydeck-engine-ci/34488350932/godot-ios-authority-gameplay/artifacts/authority-attachments/70BF39F1-B1C6-42D0-949A-042F05C78773.json	/root/projects/PartyDeck/artifacts/screenshot-queue-ios-34488350932-34496252392-v1/payload/docs/screenshots/godot-ios-native-34488350932/authority/attachments/70BF39F1-B1C6-42D0-949A-042F05C78773.json	docs/screenshots/godot-ios-native-34488350932/authority/attachments/70BF39F1-B1C6-42D0-949A-042F05C78773.json
837265029805c228f539e3dc24a1db0370f53ddc4e036c2531864340202014a7	480	/tmp/partydeck-engine-ci/34488350932/godot-ios-authority-gameplay/artifacts/authority-attachments/3D5240B5-E57D-4575-B118-9DCBCD1E9D65.json	/root/projects/PartyDeck/artifacts/screenshot-queue-ios-34488350932-34496252392-v1/payload/docs/screenshots/godot-ios-native-34488350932/authority/attachments/3D5240B5-E57D-4575-B118-9DCBCD1E9D65.json	docs/screenshots/godot-ios-native-34488350932/authority/attachments/3D5240B5-E57D-4575-B118-9DCBCD1E9D65.json
f4559798425a6ec14c183010e6f496e3e60d4f7719ace9d27d241503f9946ef8	94513	/tmp/partydeck-engine-ci/34488350932/godot-ios-authority-gameplay/artifacts/authority-attachments/37CF95F8-F7FA-4077-A965-90749773A68C.png	/root/projects/PartyDeck/artifacts/screenshot-queue-ios-34488350932-34496252392-v1/payload/docs/screenshots/godot-ios-native-34488350932/authority/attachments/37CF95F8-F7FA-4077-A965-90749773A68C.png	docs/screenshots/godot-ios-native-34488350932/authority/attachments/37CF95F8-F7FA-4077-A965-90749773A68C.png
aebc3853475f64b5bdacbc739afef298db4447bdc35c330c46886d48c6ef2aa7	4734	/tmp/partydeck-engine-ci/34488350932/godot-ios-authority-gameplay/artifacts/authority-attachments/F5AC5FA4-CA76-418A-AE54-41158CE0725E.json	/root/projects/PartyDeck/artifacts/screenshot-queue-ios-34488350932-34496252392-v1/payload/docs/screenshots/godot-ios-native-34488350932/authority/attachments/F5AC5FA4-CA76-418A-AE54-41158CE0725E.json	docs/screenshots/godot-ios-native-34488350932/authority/attachments/F5AC5FA4-CA76-418A-AE54-41158CE0725E.json
b74720dcb8c9f779d226ab0b98490d6d5c502a5cf11e2709bbe2486c8bb85419	351230	/tmp/partydeck-engine-ci/34488350932/godot-ios-authority-gameplay/artifacts/authority-attachments/315FC0B5-1CD0-45B3-8686-ED1D3D4CDD93.png	/root/projects/PartyDeck/artifacts/screenshot-queue-ios-34488350932-34496252392-v1/payload/docs/screenshots/godot-ios-native-34488350932/authority/attachments/315FC0B5-1CD0-45B3-8686-ED1D3D4CDD93.png	docs/screenshots/godot-ios-native-34488350932/authority/attachments/315FC0B5-1CD0-45B3-8686-ED1D3D4CDD93.png
ae542a469af86933023283d90d91d293bc4467493cfddedfe075a16aae09bbf5	6351	/tmp/partydeck-engine-ci/34488350932/godot-ios-authority-gameplay/artifacts/authority-attachments/60728644-4B17-45CA-81B5-49A7717B0B90.json	/root/projects/PartyDeck/artifacts/screenshot-queue-ios-34488350932-34496252392-v1/payload/docs/screenshots/godot-ios-native-34488350932/authority/attachments/60728644-4B17-45CA-81B5-49A7717B0B90.json	docs/screenshots/godot-ios-native-34488350932/authority/attachments/60728644-4B17-45CA-81B5-49A7717B0B90.json
7d782eb9bc4964ac9b7d887355da0ebcbd6ffba21e4bc299ea151c2a0183168f	7107	/tmp/partydeck-engine-ci/34488350932/godot-ios-authority-gameplay/artifacts/authority-attachments/8249FC61-160F-492A-A02B-1A092F6F37D1.json	/root/projects/PartyDeck/artifacts/screenshot-queue-ios-34488350932-34496252392-v1/payload/docs/screenshots/godot-ios-native-34488350932/authority/attachments/8249FC61-160F-492A-A02B-1A092F6F37D1.json	docs/screenshots/godot-ios-native-34488350932/authority/attachments/8249FC61-160F-492A-A02B-1A092F6F37D1.json
f7c64b3424fe95b2c3665c81d6cc6718092a346afc6fd6ca7448c4237e632cfe	476	/tmp/partydeck-engine-ci/34488350932/godot-ios-authority-gameplay/artifacts/authority-attachments/DD86343E-11C4-4893-8C5A-2092726CF4BB.json	/root/projects/PartyDeck/artifacts/screenshot-queue-ios-34488350932-34496252392-v1/payload/docs/screenshots/godot-ios-native-34488350932/authority/attachments/DD86343E-11C4-4893-8C5A-2092726CF4BB.json	docs/screenshots/godot-ios-native-34488350932/authority/attachments/DD86343E-11C4-4893-8C5A-2092726CF4BB.json
88ee5e9beee3bacbf4ae6c7c7e450f47d7dbbe5ad3a3e3c19974c9ce9d50f77a	9578	/tmp/partydeck-engine-ci/34488350932/godot-ios-authority-gameplay/artifacts/authority-attachments/709F0C1E-697C-45CE-91C7-08F76E823D4B.json	/root/projects/PartyDeck/artifacts/screenshot-queue-ios-34488350932-34496252392-v1/payload/docs/screenshots/godot-ios-native-34488350932/authority/attachments/709F0C1E-697C-45CE-91C7-08F76E823D4B.json	docs/screenshots/godot-ios-native-34488350932/authority/attachments/709F0C1E-697C-45CE-91C7-08F76E823D4B.json
f10feeb35a8e37904718a2f3414d93bc4c1542afdc5d4527ee9005558a2a3105	531	/tmp/partydeck-engine-ci/34488350932/godot-ios-authority-gameplay/artifacts/authority-attachments/0E4D8898-18F4-42F3-93BA-E1605EC6A983.json	/root/projects/PartyDeck/artifacts/screenshot-queue-ios-34488350932-34496252392-v1/payload/docs/screenshots/godot-ios-native-34488350932/authority/attachments/0E4D8898-18F4-42F3-93BA-E1605EC6A983.json	docs/screenshots/godot-ios-native-34488350932/authority/attachments/0E4D8898-18F4-42F3-93BA-E1605EC6A983.json
6a901eda01f57b147351a198c0a7d835012adc866bad7ede4a3e6ffec1163728	309799	/tmp/partydeck-engine-ci/34488350932/godot-ios-authority-gameplay/artifacts/authority-attachments/0E8ED525-6561-4AE2-A223-C6839FD92DF8.png	/root/projects/PartyDeck/artifacts/screenshot-queue-ios-34488350932-34496252392-v1/payload/docs/screenshots/godot-ios-native-34488350932/authority/attachments/0E8ED525-6561-4AE2-A223-C6839FD92DF8.png	docs/screenshots/godot-ios-native-34488350932/authority/attachments/0E8ED525-6561-4AE2-A223-C6839FD92DF8.png
95d828240d44803063b58f9102aa2acef3652a2eb11bd4f853b93cf4cf114945	8514	/tmp/partydeck-engine-ci/34488350932/godot-ios-authority-gameplay/artifacts/authority-attachments/1842B6B3-28B9-4CCD-B570-F1F5C695228B.json	/root/projects/PartyDeck/artifacts/screenshot-queue-ios-34488350932-34496252392-v1/payload/docs/screenshots/godot-ios-native-34488350932/authority/attachments/1842B6B3-28B9-4CCD-B570-F1F5C695228B.json	docs/screenshots/godot-ios-native-34488350932/authority/attachments/1842B6B3-28B9-4CCD-B570-F1F5C695228B.json
3fc4afc8af1812a5aea094f792bfc408283bce34ecf8dd557b43cf44beb4e929	9496	/tmp/partydeck-engine-ci/34488350932/godot-ios-authority-gameplay/artifacts/authority-attachments/78BA8BE2-4056-4642-A814-1682E5FB6499.json	/root/projects/PartyDeck/artifacts/screenshot-queue-ios-34488350932-34496252392-v1/payload/docs/screenshots/godot-ios-native-34488350932/authority/attachments/78BA8BE2-4056-4642-A814-1682E5FB6499.json	docs/screenshots/godot-ios-native-34488350932/authority/attachments/78BA8BE2-4056-4642-A814-1682E5FB6499.json
ad9fb80850a7eff99a26eafb783fa072fcd01cfc67bd73fc938c0a5e4fa556fb	473	/tmp/partydeck-engine-ci/34488350932/godot-ios-authority-gameplay/artifacts/authority-attachments/474EB0CA-AC3C-4338-A0A7-8414BAB5420F.json	/root/projects/PartyDeck/artifacts/screenshot-queue-ios-34488350932-34496252392-v1/payload/docs/screenshots/godot-ios-native-34488350932/authority/attachments/474EB0CA-AC3C-4338-A0A7-8414BAB5420F.json	docs/screenshots/godot-ios-native-34488350932/authority/attachments/474EB0CA-AC3C-4338-A0A7-8414BAB5420F.json
285f7c1de682d2407cc3a670507296b762febe04e5986c4c26813275d320bc1b	353341	/tmp/partydeck-engine-ci/34488350932/godot-ios-authority-gameplay/artifacts/authority-attachments/3F690D8F-BD76-4C9D-8573-2C869C096E28.png	/root/projects/PartyDeck/artifacts/screenshot-queue-ios-34488350932-34496252392-v1/payload/docs/screenshots/godot-ios-native-34488350932/authority/attachments/3F690D8F-BD76-4C9D-8573-2C869C096E28.png	docs/screenshots/godot-ios-native-34488350932/authority/attachments/3F690D8F-BD76-4C9D-8573-2C869C096E28.png
034820beec35bfa2b4fa568c55e0ecd1e99708f040914685ebc920d4a56d8e55	6332	/tmp/partydeck-engine-ci/34488350932/godot-ios-authority-gameplay/artifacts/authority-attachments/173D7409-DEB2-4FB0-8AF6-744E81039F63.json	/root/projects/PartyDeck/artifacts/screenshot-queue-ios-34488350932-34496252392-v1/payload/docs/screenshots/godot-ios-native-34488350932/authority/attachments/173D7409-DEB2-4FB0-8AF6-744E81039F63.json	docs/screenshots/godot-ios-native-34488350932/authority/attachments/173D7409-DEB2-4FB0-8AF6-744E81039F63.json
972408b2a72f774d3d56510bdcde4c554b7a8dfb6fa1bc2e0c890f1eb5e3186c	7126	/tmp/partydeck-engine-ci/34488350932/godot-ios-authority-gameplay/artifacts/authority-attachments/405B2175-3D35-4FED-9C0B-14AE3B423470.json	/root/projects/PartyDeck/artifacts/screenshot-queue-ios-34488350932-34496252392-v1/payload/docs/screenshots/godot-ios-native-34488350932/authority/attachments/405B2175-3D35-4FED-9C0B-14AE3B423470.json	docs/screenshots/godot-ios-native-34488350932/authority/attachments/405B2175-3D35-4FED-9C0B-14AE3B423470.json
d66599ab87a9ca88af4e1441424b63c10582d13e57fcc0d693233b6dc978c556	477	/tmp/partydeck-engine-ci/34488350932/godot-ios-authority-gameplay/artifacts/authority-attachments/242FE28E-7416-443E-8BFA-4FE942398FF5.json	/root/projects/PartyDeck/artifacts/screenshot-queue-ios-34488350932-34496252392-v1/payload/docs/screenshots/godot-ios-native-34488350932/authority/attachments/242FE28E-7416-443E-8BFA-4FE942398FF5.json	docs/screenshots/godot-ios-native-34488350932/authority/attachments/242FE28E-7416-443E-8BFA-4FE942398FF5.json
58f97d38d6de08ef2c66641bd15e0f046d8d59fe02ef5c13e649b06aa701b8c4	9559	/tmp/partydeck-engine-ci/34488350932/godot-ios-authority-gameplay/artifacts/authority-attachments/1AE35BA4-EDC1-4FC8-876B-1D35E688D6D5.json	/root/projects/PartyDeck/artifacts/screenshot-queue-ios-34488350932-34496252392-v1/payload/docs/screenshots/godot-ios-native-34488350932/authority/attachments/1AE35BA4-EDC1-4FC8-876B-1D35E688D6D5.json	docs/screenshots/godot-ios-native-34488350932/authority/attachments/1AE35BA4-EDC1-4FC8-876B-1D35E688D6D5.json
7ee973f5862a578e1103f65e9638bb25edbad94dafeabc1b158fdc23c072adb1	532	/tmp/partydeck-engine-ci/34488350932/godot-ios-authority-gameplay/artifacts/authority-attachments/7E5EC845-4F15-4437-B601-34C5F78295AA.json	/root/projects/PartyDeck/artifacts/screenshot-queue-ios-34488350932-34496252392-v1/payload/docs/screenshots/godot-ios-native-34488350932/authority/attachments/7E5EC845-4F15-4437-B601-34C5F78295AA.json	docs/screenshots/godot-ios-native-34488350932/authority/attachments/7E5EC845-4F15-4437-B601-34C5F78295AA.json
cbe5bf3b06bb60c074d0d494d2d690f495db07e0d044a72eb6a9af03752408ae	77535	/tmp/partydeck-engine-ci/34488350932/godot-ios-authority-gameplay/artifacts/authority-attachments/8C7908B2-6062-4B76-8F50-5F763F41E3B5.png	/root/projects/PartyDeck/artifacts/screenshot-queue-ios-34488350932-34496252392-v1/payload/docs/screenshots/godot-ios-native-34488350932/authority/attachments/8C7908B2-6062-4B76-8F50-5F763F41E3B5.png	docs/screenshots/godot-ios-native-34488350932/authority/attachments/8C7908B2-6062-4B76-8F50-5F763F41E3B5.png
788113cc002fbf0e2b0b1391662c4b78888a1729fdaa159f0b13cf5be178fa89	6336	/tmp/partydeck-engine-ci/34488350932/godot-ios-authority-gameplay/artifacts/authority-attachments/2DD583E9-485E-435E-A4C0-5A51B3FCE7FE.json	/root/projects/PartyDeck/artifacts/screenshot-queue-ios-34488350932-34496252392-v1/payload/docs/screenshots/godot-ios-native-34488350932/authority/attachments/2DD583E9-485E-435E-A4C0-5A51B3FCE7FE.json	docs/screenshots/godot-ios-native-34488350932/authority/attachments/2DD583E9-485E-435E-A4C0-5A51B3FCE7FE.json
35e1f62698c64c91edf2c86ccc753b56fa1ffed123e04122b24c294cd3993b0f	7119	/tmp/partydeck-engine-ci/34488350932/godot-ios-authority-gameplay/artifacts/authority-attachments/B3AA5A7A-BE4B-4B3F-AF00-D864F0B64927.json	/root/projects/PartyDeck/artifacts/screenshot-queue-ios-34488350932-34496252392-v1/payload/docs/screenshots/godot-ios-native-34488350932/authority/attachments/B3AA5A7A-BE4B-4B3F-AF00-D864F0B64927.json	docs/screenshots/godot-ios-native-34488350932/authority/attachments/B3AA5A7A-BE4B-4B3F-AF00-D864F0B64927.json
966e6945e5a1d03cf65e32623fdc37ff51af0464d65caedb9f0678f003752e00	477	/tmp/partydeck-engine-ci/34488350932/godot-ios-authority-gameplay/artifacts/authority-attachments/3257ACD7-796C-497C-A0A9-8AEFF8742887.json	/root/projects/PartyDeck/artifacts/screenshot-queue-ios-34488350932-34496252392-v1/payload/docs/screenshots/godot-ios-native-34488350932/authority/attachments/3257ACD7-796C-497C-A0A9-8AEFF8742887.json	docs/screenshots/godot-ios-native-34488350932/authority/attachments/3257ACD7-796C-497C-A0A9-8AEFF8742887.json
b7acd9fe8dd41659396551badbefdae12fd1b432a70851fb74f6610bc9e9f156	9558	/tmp/partydeck-engine-ci/34488350932/godot-ios-authority-gameplay/artifacts/authority-attachments/1C4349C7-F9CA-4881-A3BD-A10FBC47EF9C.json	/root/projects/PartyDeck/artifacts/screenshot-queue-ios-34488350932-34496252392-v1/payload/docs/screenshots/godot-ios-native-34488350932/authority/attachments/1C4349C7-F9CA-4881-A3BD-A10FBC47EF9C.json	docs/screenshots/godot-ios-native-34488350932/authority/attachments/1C4349C7-F9CA-4881-A3BD-A10FBC47EF9C.json
874f5af05d1b4727aed2cae765adc7d8ffa9e8d06bf3f14d8f2b6e3b02e0901a	532	/tmp/partydeck-engine-ci/34488350932/godot-ios-authority-gameplay/artifacts/authority-attachments/25676124-CAEC-428C-970C-F85D153F6912.json	/root/projects/PartyDeck/artifacts/screenshot-queue-ios-34488350932-34496252392-v1/payload/docs/screenshots/godot-ios-native-34488350932/authority/attachments/25676124-CAEC-428C-970C-F85D153F6912.json	docs/screenshots/godot-ios-native-34488350932/authority/attachments/25676124-CAEC-428C-970C-F85D153F6912.json
a109fc101e463fbb592d184dbe65abc5f55c69e635f78f1a7801d6e6d82ea0b4	15280	/tmp/partydeck-engine-ci/34488350932/godot-ios-authority-gameplay/artifacts/authority-attachments/CAE708AA-77B3-4A08-ADA0-B056FBAF2D8E.txt	/root/projects/PartyDeck/artifacts/screenshot-queue-ios-34488350932-34496252392-v1/payload/docs/screenshots/godot-ios-native-34488350932/authority/attachments/CAE708AA-77B3-4A08-ADA0-B056FBAF2D8E.txt	docs/screenshots/godot-ios-native-34488350932/authority/attachments/CAE708AA-77B3-4A08-ADA0-B056FBAF2D8E.txt
fbfc350688c2a96e28947dc28b820950220bb6bf1d49ceb52880510fd230ae8a	1331	/tmp/partydeck-engine-ci/34488350932/godot-ios-authority-gameplay/artifacts/authority-attachments/29601790-1865-439B-8B94-2C2FBD7BC685.json	/root/projects/PartyDeck/artifacts/screenshot-queue-ios-34488350932-34496252392-v1/payload/docs/screenshots/godot-ios-native-34488350932/authority/attachments/29601790-1865-439B-8B94-2C2FBD7BC685.json	docs/screenshots/godot-ios-native-34488350932/authority/attachments/29601790-1865-439B-8B94-2C2FBD7BC685.json
afeb1f956cb87463b7d8759921ae7806ba4a8374a82985d8a86ab2a65b1bd77b	2805478	/tmp/partydeck-engine-ci/34488350932/godot-ios-authority-gameplay/artifacts/authority-attachments/670CAA0C-5DC3-4B43-9264-C93422DCB5A9.png	/root/projects/PartyDeck/artifacts/screenshot-queue-ios-34488350932-34496252392-v1/payload/docs/screenshots/godot-ios-native-34488350932/authority/attachments/670CAA0C-5DC3-4B43-9264-C93422DCB5A9.png	docs/screenshots/godot-ios-native-34488350932/authority/attachments/670CAA0C-5DC3-4B43-9264-C93422DCB5A9.png
6bb76e5c3284b8c7bf208639f8c094767275fc09704b007deccd16fffc9ffbd3	352103	/tmp/partydeck-engine-ci/34488350932/godot-ios-authority-gameplay/artifacts/authority-attachments/C1B01AC6-BB94-4CA9-AB17-90546C353328.png	/root/projects/PartyDeck/artifacts/screenshot-queue-ios-34488350932-34496252392-v1/payload/docs/screenshots/godot-ios-native-34488350932/authority/attachments/C1B01AC6-BB94-4CA9-AB17-90546C353328.png	docs/screenshots/godot-ios-native-34488350932/authority/attachments/C1B01AC6-BB94-4CA9-AB17-90546C353328.png
6c9a6601d611843adf4ea23fceddd2270d302dea19358588ec5543471fc9cc60	6335	/tmp/partydeck-engine-ci/34488350932/godot-ios-authority-gameplay/artifacts/authority-attachments/270E67E6-56A4-4815-9F92-A8F79278DDB2.json	/root/projects/PartyDeck/artifacts/screenshot-queue-ios-34488350932-34496252392-v1/payload/docs/screenshots/godot-ios-native-34488350932/authority/attachments/270E67E6-56A4-4815-9F92-A8F79278DDB2.json	docs/screenshots/godot-ios-native-34488350932/authority/attachments/270E67E6-56A4-4815-9F92-A8F79278DDB2.json
9eeaed63b51b7e8e627e2d23701257b4bcbf3a427fdfac4ac03161a4dbaeda9b	7121	/tmp/partydeck-engine-ci/34488350932/godot-ios-authority-gameplay/artifacts/authority-attachments/F8E04B0C-F17C-4694-94CE-76EB282B4D8D.json	/root/projects/PartyDeck/artifacts/screenshot-queue-ios-34488350932-34496252392-v1/payload/docs/screenshots/godot-ios-native-34488350932/authority/attachments/F8E04B0C-F17C-4694-94CE-76EB282B4D8D.json	docs/screenshots/godot-ios-native-34488350932/authority/attachments/F8E04B0C-F17C-4694-94CE-76EB282B4D8D.json
5f1f7e93c678899785ef6deaf947e1896c9de584fafa5ce8400a29c5ed270d22	477	/tmp/partydeck-engine-ci/34488350932/godot-ios-authority-gameplay/artifacts/authority-attachments/9C73E334-7A7D-4B29-8F57-0D5B45AD6D83.json	/root/projects/PartyDeck/artifacts/screenshot-queue-ios-34488350932-34496252392-v1/payload/docs/screenshots/godot-ios-native-34488350932/authority/attachments/9C73E334-7A7D-4B29-8F57-0D5B45AD6D83.json	docs/screenshots/godot-ios-native-34488350932/authority/attachments/9C73E334-7A7D-4B29-8F57-0D5B45AD6D83.json
c2a9d6dc47954f1a1946fbce1b81cc5daeb4906c773c60b59248da15aa65e8e2	9553	/tmp/partydeck-engine-ci/34488350932/godot-ios-authority-gameplay/artifacts/authority-attachments/38DA5356-6868-4C0F-B9D3-5E73CE04C857.json	/root/projects/PartyDeck/artifacts/screenshot-queue-ios-34488350932-34496252392-v1/payload/docs/screenshots/godot-ios-native-34488350932/authority/attachments/38DA5356-6868-4C0F-B9D3-5E73CE04C857.json	docs/screenshots/godot-ios-native-34488350932/authority/attachments/38DA5356-6868-4C0F-B9D3-5E73CE04C857.json
39600c8ea89eaee6f0218fa558c639afaf7b00c41e27e8a09d3ed1fb2569f96a	532	/tmp/partydeck-engine-ci/34488350932/godot-ios-authority-gameplay/artifacts/authority-attachments/7BE17627-1369-4323-8180-9566DD9C3325.json	/root/projects/PartyDeck/artifacts/screenshot-queue-ios-34488350932-34496252392-v1/payload/docs/screenshots/godot-ios-native-34488350932/authority/attachments/7BE17627-1369-4323-8180-9566DD9C3325.json	docs/screenshots/godot-ios-native-34488350932/authority/attachments/7BE17627-1369-4323-8180-9566DD9C3325.json
86e74d710c9c43495c264da368b4b7d4557e56f04bc19150873c6e051ede1a7c	9492	/tmp/partydeck-engine-ci/34488350932/godot-ios-authority-gameplay/artifacts/authority-attachments/3E663490-CB0E-4E1D-8B44-B60096D61D3E.json	/root/projects/PartyDeck/artifacts/screenshot-queue-ios-34488350932-34496252392-v1/payload/docs/screenshots/godot-ios-native-34488350932/authority/attachments/3E663490-CB0E-4E1D-8B44-B60096D61D3E.json	docs/screenshots/godot-ios-native-34488350932/authority/attachments/3E663490-CB0E-4E1D-8B44-B60096D61D3E.json
51ac68a7c86465ed96d470788211525c982cce20d620aa726fbce986756dd65f	477	/tmp/partydeck-engine-ci/34488350932/godot-ios-authority-gameplay/artifacts/authority-attachments/BA4C778C-7563-4CC1-8B90-E023F24CCAE2.json	/root/projects/PartyDeck/artifacts/screenshot-queue-ios-34488350932-34496252392-v1/payload/docs/screenshots/godot-ios-native-34488350932/authority/attachments/BA4C778C-7563-4CC1-8B90-E023F24CCAE2.json	docs/screenshots/godot-ios-native-34488350932/authority/attachments/BA4C778C-7563-4CC1-8B90-E023F24CCAE2.json
b512d857df45f9f3cea492ea5ab3f1524de03083d55937cac2bb53c4b8ec72a3	218752	/tmp/partydeck-engine-ci/34488350932/godot-ios-authority-gameplay/artifacts/authority-attachments/44A408B9-20EA-4EA2-9797-8FB3219CC14F.png	/root/projects/PartyDeck/artifacts/screenshot-queue-ios-34488350932-34496252392-v1/payload/docs/screenshots/godot-ios-native-34488350932/authority/attachments/44A408B9-20EA-4EA2-9797-8FB3219CC14F.png	docs/screenshots/godot-ios-native-34488350932/authority/attachments/44A408B9-20EA-4EA2-9797-8FB3219CC14F.png
d03c5a41b02135815dcedf06521187d173629242bae7fc65584eb4d5c255da50	5967	/tmp/partydeck-engine-ci/34488350932/godot-ios-authority-gameplay/artifacts/authority-attachments/2DF91307-9468-4049-8CE5-50371D1EE4BB.json	/root/projects/PartyDeck/artifacts/screenshot-queue-ios-34488350932-34496252392-v1/payload/docs/screenshots/godot-ios-native-34488350932/authority/attachments/2DF91307-9468-4049-8CE5-50371D1EE4BB.json	docs/screenshots/godot-ios-native-34488350932/authority/attachments/2DF91307-9468-4049-8CE5-50371D1EE4BB.json
b512d857df45f9f3cea492ea5ab3f1524de03083d55937cac2bb53c4b8ec72a3	218752	/tmp/partydeck-engine-ci/34488350932/godot-ios-authority-gameplay/artifacts/authority-attachments/F79DB5C0-0B46-4FF8-9255-BE6AB5A18203.png	/root/projects/PartyDeck/artifacts/screenshot-queue-ios-34488350932-34496252392-v1/payload/docs/screenshots/godot-ios-native-34488350932/authority/attachments/F79DB5C0-0B46-4FF8-9255-BE6AB5A18203.png	docs/screenshots/godot-ios-native-34488350932/authority/attachments/F79DB5C0-0B46-4FF8-9255-BE6AB5A18203.png
d11e88159da4f1abe7e27ec751d32fa1b0997c8dc77f00edb5c55e681e8f5f5a	5967	/tmp/partydeck-engine-ci/34488350932/godot-ios-authority-gameplay/artifacts/authority-attachments/A1CCC47F-CD82-4870-8195-16D482580B0D.json	/root/projects/PartyDeck/artifacts/screenshot-queue-ios-34488350932-34496252392-v1/payload/docs/screenshots/godot-ios-native-34488350932/authority/attachments/A1CCC47F-CD82-4870-8195-16D482580B0D.json	docs/screenshots/godot-ios-native-34488350932/authority/attachments/A1CCC47F-CD82-4870-8195-16D482580B0D.json
967285015f7d4144d20367572ab78d3ab30a3ed7b4db9b0151294f2bb49cb697	6721	/tmp/partydeck-engine-ci/34488350932/godot-ios-authority-gameplay/artifacts/authority-attachments/069EF20A-A3CA-4BF9-9D4C-38FA46841741.json	/root/projects/PartyDeck/artifacts/screenshot-queue-ios-34488350932-34496252392-v1/payload/docs/screenshots/godot-ios-native-34488350932/authority/attachments/069EF20A-A3CA-4BF9-9D4C-38FA46841741.json	docs/screenshots/godot-ios-native-34488350932/authority/attachments/069EF20A-A3CA-4BF9-9D4C-38FA46841741.json
cd005af99dc637b87829dc2b2bd528972a07ae591865b4c20bd11e9ee07e6aab	488	/tmp/partydeck-engine-ci/34488350932/godot-ios-authority-gameplay/artifacts/authority-attachments/793C6E21-43F3-45E5-83AD-F972BCE2BB23.json	/root/projects/PartyDeck/artifacts/screenshot-queue-ios-34488350932-34496252392-v1/payload/docs/screenshots/godot-ios-native-34488350932/authority/attachments/793C6E21-43F3-45E5-83AD-F972BCE2BB23.json	docs/screenshots/godot-ios-native-34488350932/authority/attachments/793C6E21-43F3-45E5-83AD-F972BCE2BB23.json
259ec43da3689111b0c9cf535e6f95ad1cd1e312ec7d031e82915026cf575f41	6718	/tmp/partydeck-engine-ci/34488350932/godot-ios-authority-gameplay/artifacts/authority-attachments/11CF6DCC-B0EB-46D0-B4F4-B9E8649C9358.json	/root/projects/PartyDeck/artifacts/screenshot-queue-ios-34488350932-34496252392-v1/payload/docs/screenshots/godot-ios-native-34488350932/authority/attachments/11CF6DCC-B0EB-46D0-B4F4-B9E8649C9358.json	docs/screenshots/godot-ios-native-34488350932/authority/attachments/11CF6DCC-B0EB-46D0-B4F4-B9E8649C9358.json
f64ddf1e7ded8f206d8ad24ac0cc067fe35aaca7b8d7817e16d17de9b8435091	488	/tmp/partydeck-engine-ci/34488350932/godot-ios-authority-gameplay/artifacts/authority-attachments/E0DAC827-230F-4377-BC4D-3B1D953F32B3.json	/root/projects/PartyDeck/artifacts/screenshot-queue-ios-34488350932-34496252392-v1/payload/docs/screenshots/godot-ios-native-34488350932/authority/attachments/E0DAC827-230F-4377-BC4D-3B1D953F32B3.json	docs/screenshots/godot-ios-native-34488350932/authority/attachments/E0DAC827-230F-4377-BC4D-3B1D953F32B3.json
82b2160cfac90dfbfac21741ab43a78f88eee58f2d7a11b8b73883fa7955e465	6718	/tmp/partydeck-engine-ci/34488350932/godot-ios-authority-gameplay/artifacts/authority-attachments/9755A221-BCEF-4589-9BBE-7BE910398CCD.json	/root/projects/PartyDeck/artifacts/screenshot-queue-ios-34488350932-34496252392-v1/payload/docs/screenshots/godot-ios-native-34488350932/authority/attachments/9755A221-BCEF-4589-9BBE-7BE910398CCD.json	docs/screenshots/godot-ios-native-34488350932/authority/attachments/9755A221-BCEF-4589-9BBE-7BE910398CCD.json
d51a38cac674a3d390908720dfe93366a9e96c1a11221746d4026b6caa925b7e	488	/tmp/partydeck-engine-ci/34488350932/godot-ios-authority-gameplay/artifacts/authority-attachments/D96E1BEC-9498-4CAD-8890-337422AD19FF.json	/root/projects/PartyDeck/artifacts/screenshot-queue-ios-34488350932-34496252392-v1/payload/docs/screenshots/godot-ios-native-34488350932/authority/attachments/D96E1BEC-9498-4CAD-8890-337422AD19FF.json	docs/screenshots/godot-ios-native-34488350932/authority/attachments/D96E1BEC-9498-4CAD-8890-337422AD19FF.json
3c6f20fc7a736a3d4cda8c5d050e276bc99e771fad12f74ee42c9778b0218749	7591	/tmp/partydeck-engine-ci/34488350932/godot-ios-authority-gameplay/artifacts/authority-attachments/3DE4E9B4-3B26-48C3-A3B9-FAE91FDE8EA3.json	/root/projects/PartyDeck/artifacts/screenshot-queue-ios-34488350932-34496252392-v1/payload/docs/screenshots/godot-ios-native-34488350932/authority/attachments/3DE4E9B4-3B26-48C3-A3B9-FAE91FDE8EA3.json	docs/screenshots/godot-ios-native-34488350932/authority/attachments/3DE4E9B4-3B26-48C3-A3B9-FAE91FDE8EA3.json
9fb9f5a356a69a55b5adce47836733f62a224d28ba82b66a436759c897cff216	489	/tmp/partydeck-engine-ci/34488350932/godot-ios-authority-gameplay/artifacts/authority-attachments/61505087-2FDB-474F-B17A-CC743E19ABBF.json	/root/projects/PartyDeck/artifacts/screenshot-queue-ios-34488350932-34496252392-v1/payload/docs/screenshots/godot-ios-native-34488350932/authority/attachments/61505087-2FDB-474F-B17A-CC743E19ABBF.json	docs/screenshots/godot-ios-native-34488350932/authority/attachments/61505087-2FDB-474F-B17A-CC743E19ABBF.json
596cea74f01e8967e608ffaa185afc619e26029c07bfb7f3ede77b5138f5e086	220437	/tmp/partydeck-engine-ci/34488350932/godot-ios-authority-gameplay/artifacts/authority-attachments/3F494449-095F-4F65-ACF5-422E5151E05A.png	/root/projects/PartyDeck/artifacts/screenshot-queue-ios-34488350932-34496252392-v1/payload/docs/screenshots/godot-ios-native-34488350932/authority/attachments/3F494449-095F-4F65-ACF5-422E5151E05A.png	docs/screenshots/godot-ios-native-34488350932/authority/attachments/3F494449-095F-4F65-ACF5-422E5151E05A.png
1cfb53f298ec29ccd1b2237daed4a54f7f532d3f7352f37209131797dcf9761e	5965	/tmp/partydeck-engine-ci/34488350932/godot-ios-authority-gameplay/artifacts/authority-attachments/09DB32DF-C1F1-4632-987B-C12FB97886D9.json	/root/projects/PartyDeck/artifacts/screenshot-queue-ios-34488350932-34496252392-v1/payload/docs/screenshots/godot-ios-native-34488350932/authority/attachments/09DB32DF-C1F1-4632-987B-C12FB97886D9.json	docs/screenshots/godot-ios-native-34488350932/authority/attachments/09DB32DF-C1F1-4632-987B-C12FB97886D9.json
92e27dca742a27b9c1f8856cc1eb184ec1f2425f94d7dae8528fca12dc55ad31	6715	/tmp/partydeck-engine-ci/34488350932/godot-ios-authority-gameplay/artifacts/authority-attachments/0D4D3105-DC87-4B78-AFBB-9DDD98574152.json	/root/projects/PartyDeck/artifacts/screenshot-queue-ios-34488350932-34496252392-v1/payload/docs/screenshots/godot-ios-native-34488350932/authority/attachments/0D4D3105-DC87-4B78-AFBB-9DDD98574152.json	docs/screenshots/godot-ios-native-34488350932/authority/attachments/0D4D3105-DC87-4B78-AFBB-9DDD98574152.json
c40fafb23c1521414a9d1525f024cab3e24f56729c125bdffdc19e8ac3b46114	489	/tmp/partydeck-engine-ci/34488350932/godot-ios-authority-gameplay/artifacts/authority-attachments/6538111C-13BA-472B-B120-766A64FEE67C.json	/root/projects/PartyDeck/artifacts/screenshot-queue-ios-34488350932-34496252392-v1/payload/docs/screenshots/godot-ios-native-34488350932/authority/attachments/6538111C-13BA-472B-B120-766A64FEE67C.json	docs/screenshots/godot-ios-native-34488350932/authority/attachments/6538111C-13BA-472B-B120-766A64FEE67C.json
14caac77b92440832c610654e26f855031baf29c7b6f1939dfd9c1a900d9660d	7118	/tmp/partydeck-engine-ci/34488350932/godot-ios-authority-gameplay/artifacts/authority-attachments/C486A546-2F3D-48B9-951D-EDE4818E632A.json	/root/projects/PartyDeck/artifacts/screenshot-queue-ios-34488350932-34496252392-v1/payload/docs/screenshots/godot-ios-native-34488350932/authority/attachments/C486A546-2F3D-48B9-951D-EDE4818E632A.json	docs/screenshots/godot-ios-native-34488350932/authority/attachments/C486A546-2F3D-48B9-951D-EDE4818E632A.json
8c59aba7c7cbcb20c958c50d5d6993f7af109e552f36f69b965ff9b8425f0a39	478	/tmp/partydeck-engine-ci/34488350932/godot-ios-authority-gameplay/artifacts/authority-attachments/EC94C95D-2BE2-47D8-839C-F69122AC478A.json	/root/projects/PartyDeck/artifacts/screenshot-queue-ios-34488350932-34496252392-v1/payload/docs/screenshots/godot-ios-native-34488350932/authority/attachments/EC94C95D-2BE2-47D8-839C-F69122AC478A.json	docs/screenshots/godot-ios-native-34488350932/authority/attachments/EC94C95D-2BE2-47D8-839C-F69122AC478A.json
199912b3a07ebc58e223c40ea423e5e3ae0c44f5d789f5a6e46a77f61f78bd86	9552	/tmp/partydeck-engine-ci/34488350932/godot-ios-authority-gameplay/artifacts/authority-attachments/066C84DA-360D-4137-9DF8-CDF12B0E1355.json	/root/projects/PartyDeck/artifacts/screenshot-queue-ios-34488350932-34496252392-v1/payload/docs/screenshots/godot-ios-native-34488350932/authority/attachments/066C84DA-360D-4137-9DF8-CDF12B0E1355.json	docs/screenshots/godot-ios-native-34488350932/authority/attachments/066C84DA-360D-4137-9DF8-CDF12B0E1355.json
8c0cb77318419d88ce478cc52205b64de84a256ace867c5375e77693cb2b871a	533	/tmp/partydeck-engine-ci/34488350932/godot-ios-authority-gameplay/artifacts/authority-attachments/2256B3B7-CF42-4CA3-8311-8643A861CE84.json	/root/projects/PartyDeck/artifacts/screenshot-queue-ios-34488350932-34496252392-v1/payload/docs/screenshots/godot-ios-native-34488350932/authority/attachments/2256B3B7-CF42-4CA3-8311-8643A861CE84.json	docs/screenshots/godot-ios-native-34488350932/authority/attachments/2256B3B7-CF42-4CA3-8311-8643A861CE84.json
43e774729c8ad970ebf2985778e41b63b02630e7a7d98898f0e7d65d117b668a	9502	/tmp/partydeck-engine-ci/34488350932/godot-ios-authority-gameplay/artifacts/authority-attachments/2177DD0A-108F-40F2-939E-CFEBFE89556D.json	/root/projects/PartyDeck/artifacts/screenshot-queue-ios-34488350932-34496252392-v1/payload/docs/screenshots/godot-ios-native-34488350932/authority/attachments/2177DD0A-108F-40F2-939E-CFEBFE89556D.json	docs/screenshots/godot-ios-native-34488350932/authority/attachments/2177DD0A-108F-40F2-939E-CFEBFE89556D.json
2e54cacb754627f4ab7792a2b97cc2d2fa21ef56550229de8fa75bd62131384c	478	/tmp/partydeck-engine-ci/34488350932/godot-ios-authority-gameplay/artifacts/authority-attachments/4ECC375D-CB76-4813-BDCC-3236179415B8.json	/root/projects/PartyDeck/artifacts/screenshot-queue-ios-34488350932-34496252392-v1/payload/docs/screenshots/godot-ios-native-34488350932/authority/attachments/4ECC375D-CB76-4813-BDCC-3236179415B8.json	docs/screenshots/godot-ios-native-34488350932/authority/attachments/4ECC375D-CB76-4813-BDCC-3236179415B8.json
07388e98de98b237c12cb4087a1900a782bb231d05b91c58cf313dc608ab14cc	6722	/tmp/partydeck-engine-ci/34488350932/godot-ios-authority-gameplay/artifacts/authority-attachments/FEE197B7-6C42-410C-BCD1-83406058E0FC.json	/root/projects/PartyDeck/artifacts/screenshot-queue-ios-34488350932-34496252392-v1/payload/docs/screenshots/godot-ios-native-34488350932/authority/attachments/FEE197B7-6C42-410C-BCD1-83406058E0FC.json	docs/screenshots/godot-ios-native-34488350932/authority/attachments/FEE197B7-6C42-410C-BCD1-83406058E0FC.json
9522d2911b734d3b179dd45da5492bef4b6b22fa2d4491ee54632ff0c780cb25	489	/tmp/partydeck-engine-ci/34488350932/godot-ios-authority-gameplay/artifacts/authority-attachments/39DCC12B-010C-46DB-B29A-E4AA8FCAAA7E.json	/root/projects/PartyDeck/artifacts/screenshot-queue-ios-34488350932-34496252392-v1/payload/docs/screenshots/godot-ios-native-34488350932/authority/attachments/39DCC12B-010C-46DB-B29A-E4AA8FCAAA7E.json	docs/screenshots/godot-ios-native-34488350932/authority/attachments/39DCC12B-010C-46DB-B29A-E4AA8FCAAA7E.json
8a78ef54e9b2c03729cc685bd9bf5d4c2728a27e5a7be957ae962a8febd37330	6733	/tmp/partydeck-engine-ci/34488350932/godot-ios-authority-gameplay/artifacts/authority-attachments/216366C7-D2DF-4E54-85FC-8D9A220764A7.json	/root/projects/PartyDeck/artifacts/screenshot-queue-ios-34488350932-34496252392-v1/payload/docs/screenshots/godot-ios-native-34488350932/authority/attachments/216366C7-D2DF-4E54-85FC-8D9A220764A7.json	docs/screenshots/godot-ios-native-34488350932/authority/attachments/216366C7-D2DF-4E54-85FC-8D9A220764A7.json
7298c2c6154299233f53ae148104f03c4edcc5396b7316ac8d88b28d212b4d90	489	/tmp/partydeck-engine-ci/34488350932/godot-ios-authority-gameplay/artifacts/authority-attachments/FE84808B-833B-483B-A82E-9CF34A4FEFD9.json	/root/projects/PartyDeck/artifacts/screenshot-queue-ios-34488350932-34496252392-v1/payload/docs/screenshots/godot-ios-native-34488350932/authority/attachments/FE84808B-833B-483B-A82E-9CF34A4FEFD9.json	docs/screenshots/godot-ios-native-34488350932/authority/attachments/FE84808B-833B-483B-A82E-9CF34A4FEFD9.json
503d598b6c14cc4a7b0690361bb4f38770d7874d3734c0ac1b4d1e4ff9a55d61	6762	/tmp/partydeck-engine-ci/34488350932/godot-ios-authority-gameplay/artifacts/authority-attachments/4ACF5EC2-400C-40E0-BD68-EA4504EA78B0.json	/root/projects/PartyDeck/artifacts/screenshot-queue-ios-34488350932-34496252392-v1/payload/docs/screenshots/godot-ios-native-34488350932/authority/attachments/4ACF5EC2-400C-40E0-BD68-EA4504EA78B0.json	docs/screenshots/godot-ios-native-34488350932/authority/attachments/4ACF5EC2-400C-40E0-BD68-EA4504EA78B0.json
46ac1b35c9f26b683902bad773896362fab77abde9476293d47a0e39a951d40d	489	/tmp/partydeck-engine-ci/34488350932/godot-ios-authority-gameplay/artifacts/authority-attachments/5301E8E6-7201-4A7D-846F-DC474095FAAF.json	/root/projects/PartyDeck/artifacts/screenshot-queue-ios-34488350932-34496252392-v1/payload/docs/screenshots/godot-ios-native-34488350932/authority/attachments/5301E8E6-7201-4A7D-846F-DC474095FAAF.json	docs/screenshots/godot-ios-native-34488350932/authority/attachments/5301E8E6-7201-4A7D-846F-DC474095FAAF.json
d1ad5ead14daa5277399d900d7d121dde7f7fe7f04a5df288b80f156ec068165	7568	/tmp/partydeck-engine-ci/34488350932/godot-ios-authority-gameplay/artifacts/authority-attachments/9BCA2B09-C4EA-49D7-AB0B-2E7B28C76823.json	/root/projects/PartyDeck/artifacts/screenshot-queue-ios-34488350932-34496252392-v1/payload/docs/screenshots/godot-ios-native-34488350932/authority/attachments/9BCA2B09-C4EA-49D7-AB0B-2E7B28C76823.json	docs/screenshots/godot-ios-native-34488350932/authority/attachments/9BCA2B09-C4EA-49D7-AB0B-2E7B28C76823.json
46a18b5ce018abbd383ae3180b3689937a3ada2500549d275f5370beb88ca290	489	/tmp/partydeck-engine-ci/34488350932/godot-ios-authority-gameplay/artifacts/authority-attachments/C96F8CE6-7A1A-4B1A-B9EB-902A325A7830.json	/root/projects/PartyDeck/artifacts/screenshot-queue-ios-34488350932-34496252392-v1/payload/docs/screenshots/godot-ios-native-34488350932/authority/attachments/C96F8CE6-7A1A-4B1A-B9EB-902A325A7830.json	docs/screenshots/godot-ios-native-34488350932/authority/attachments/C96F8CE6-7A1A-4B1A-B9EB-902A325A7830.json
e63975d38085b69edf8c7f7f8ebf712657020a002c8579330dfa0ef62cc2e60c	6735	/tmp/partydeck-engine-ci/34488350932/godot-ios-authority-gameplay/artifacts/authority-attachments/DB2ED3B0-9FB0-4615-B7E0-A447C3088FC6.json	/root/projects/PartyDeck/artifacts/screenshot-queue-ios-34488350932-34496252392-v1/payload/docs/screenshots/godot-ios-native-34488350932/authority/attachments/DB2ED3B0-9FB0-4615-B7E0-A447C3088FC6.json	docs/screenshots/godot-ios-native-34488350932/authority/attachments/DB2ED3B0-9FB0-4615-B7E0-A447C3088FC6.json
681507fd76b098b1939a7ccd14317128f53385f369c31ffc5e5f742abfa386ef	489	/tmp/partydeck-engine-ci/34488350932/godot-ios-authority-gameplay/artifacts/authority-attachments/10DA6EAA-A786-466D-89C6-9704C557EE30.json	/root/projects/PartyDeck/artifacts/screenshot-queue-ios-34488350932-34496252392-v1/payload/docs/screenshots/godot-ios-native-34488350932/authority/attachments/10DA6EAA-A786-466D-89C6-9704C557EE30.json	docs/screenshots/godot-ios-native-34488350932/authority/attachments/10DA6EAA-A786-466D-89C6-9704C557EE30.json
6ff37c9856006ab656a3e53f5a23bd7353ff3a5342672cc478d3f506c1630049	6771	/tmp/partydeck-engine-ci/34488350932/godot-ios-authority-gameplay/artifacts/authority-attachments/8E6D691B-64AF-46E1-A738-8CE320D6DF76.json	/root/projects/PartyDeck/artifacts/screenshot-queue-ios-34488350932-34496252392-v1/payload/docs/screenshots/godot-ios-native-34488350932/authority/attachments/8E6D691B-64AF-46E1-A738-8CE320D6DF76.json	docs/screenshots/godot-ios-native-34488350932/authority/attachments/8E6D691B-64AF-46E1-A738-8CE320D6DF76.json
025b8a24fdb4818697e049eb81d7699f26a5d2855895ed8c7c52f8ac2704771d	489	/tmp/partydeck-engine-ci/34488350932/godot-ios-authority-gameplay/artifacts/authority-attachments/0E38FC01-B5CC-4547-B343-672099A52BFB.json	/root/projects/PartyDeck/artifacts/screenshot-queue-ios-34488350932-34496252392-v1/payload/docs/screenshots/godot-ios-native-34488350932/authority/attachments/0E38FC01-B5CC-4547-B343-672099A52BFB.json	docs/screenshots/godot-ios-native-34488350932/authority/attachments/0E38FC01-B5CC-4547-B343-672099A52BFB.json
a4e6e8c25918062c9a14c5e90ddc5f3a5aa9bfb05a97f0c031079f39962f0cd5	6743	/tmp/partydeck-engine-ci/34488350932/godot-ios-authority-gameplay/artifacts/authority-attachments/F2D45271-890E-40F1-8D6D-5310A44B7565.json	/root/projects/PartyDeck/artifacts/screenshot-queue-ios-34488350932-34496252392-v1/payload/docs/screenshots/godot-ios-native-34488350932/authority/attachments/F2D45271-890E-40F1-8D6D-5310A44B7565.json	docs/screenshots/godot-ios-native-34488350932/authority/attachments/F2D45271-890E-40F1-8D6D-5310A44B7565.json
f5cba4a5b8be0ff94479a3c377933a67871cc807b16a4747930078a7e4b4ac9d	490	/tmp/partydeck-engine-ci/34488350932/godot-ios-authority-gameplay/artifacts/authority-attachments/B2BBE899-3325-494A-9C83-01CC69BDEF53.json	/root/projects/PartyDeck/artifacts/screenshot-queue-ios-34488350932-34496252392-v1/payload/docs/screenshots/godot-ios-native-34488350932/authority/attachments/B2BBE899-3325-494A-9C83-01CC69BDEF53.json	docs/screenshots/godot-ios-native-34488350932/authority/attachments/B2BBE899-3325-494A-9C83-01CC69BDEF53.json
04ef94e72800e0209ef031ebdf2d2acb39f93fe14f9cc75f389589f2e3326817	6744	/tmp/partydeck-engine-ci/34488350932/godot-ios-authority-gameplay/artifacts/authority-attachments/5CC90C0F-58E3-4BF1-ABED-ACC4964D04E5.json	/root/projects/PartyDeck/artifacts/screenshot-queue-ios-34488350932-34496252392-v1/payload/docs/screenshots/godot-ios-native-34488350932/authority/attachments/5CC90C0F-58E3-4BF1-ABED-ACC4964D04E5.json	docs/screenshots/godot-ios-native-34488350932/authority/attachments/5CC90C0F-58E3-4BF1-ABED-ACC4964D04E5.json
14a0310362355f9758fac381c3d972bd8100a4cde0da4e80959a7ab249093d98	490	/tmp/partydeck-engine-ci/34488350932/godot-ios-authority-gameplay/artifacts/authority-attachments/32516076-B778-4D1D-BA85-4CDDCF57C51A.json	/root/projects/PartyDeck/artifacts/screenshot-queue-ios-34488350932-34496252392-v1/payload/docs/screenshots/godot-ios-native-34488350932/authority/attachments/32516076-B778-4D1D-BA85-4CDDCF57C51A.json	docs/screenshots/godot-ios-native-34488350932/authority/attachments/32516076-B778-4D1D-BA85-4CDDCF57C51A.json
be96c1b2fcdddea06c23e7e0d247c35b35d0436661248a2e19d10c38e8ac201f	6744	/tmp/partydeck-engine-ci/34488350932/godot-ios-authority-gameplay/artifacts/authority-attachments/C8067F04-4F3C-4F86-961F-8F72B180EABC.json	/root/projects/PartyDeck/artifacts/screenshot-queue-ios-34488350932-34496252392-v1/payload/docs/screenshots/godot-ios-native-34488350932/authority/attachments/C8067F04-4F3C-4F86-961F-8F72B180EABC.json	docs/screenshots/godot-ios-native-34488350932/authority/attachments/C8067F04-4F3C-4F86-961F-8F72B180EABC.json
a2bb04a0ba805c827e168add33aac853340a4412f2389df5a82b64269d067d3d	490	/tmp/partydeck-engine-ci/34488350932/godot-ios-authority-gameplay/artifacts/authority-attachments/1627F439-2617-4BC4-A728-B335DDFF0B76.json	/root/projects/PartyDeck/artifacts/screenshot-queue-ios-34488350932-34496252392-v1/payload/docs/screenshots/godot-ios-native-34488350932/authority/attachments/1627F439-2617-4BC4-A728-B335DDFF0B76.json	docs/screenshots/godot-ios-native-34488350932/authority/attachments/1627F439-2617-4BC4-A728-B335DDFF0B76.json
38cebc7a953faf12934d95fb11b8c22a1124894297894faefd0bdb2371695ef6	6744	/tmp/partydeck-engine-ci/34488350932/godot-ios-authority-gameplay/artifacts/authority-attachments/6B035BB1-433E-4F45-9653-17D8D52D79B5.json	/root/projects/PartyDeck/artifacts/screenshot-queue-ios-34488350932-34496252392-v1/payload/docs/screenshots/godot-ios-native-34488350932/authority/attachments/6B035BB1-433E-4F45-9653-17D8D52D79B5.json	docs/screenshots/godot-ios-native-34488350932/authority/attachments/6B035BB1-433E-4F45-9653-17D8D52D79B5.json
85512db0fbeb47539ea3b42c41837bde842821b4a0d85c876d206f2a883eadab	490	/tmp/partydeck-engine-ci/34488350932/godot-ios-authority-gameplay/artifacts/authority-attachments/4602F9FC-1EC3-4433-8773-5117BFF12B54.json	/root/projects/PartyDeck/artifacts/screenshot-queue-ios-34488350932-34496252392-v1/payload/docs/screenshots/godot-ios-native-34488350932/authority/attachments/4602F9FC-1EC3-4433-8773-5117BFF12B54.json	docs/screenshots/godot-ios-native-34488350932/authority/attachments/4602F9FC-1EC3-4433-8773-5117BFF12B54.json
c95fb197c6c2e5fac9ebbeca8774c981bc6d1b0509f2ad7c75f85f64cc113896	261060	/tmp/partydeck-engine-ci/34488350932/godot-ios-authority-gameplay/artifacts/authority-attachments/86B9762A-7CD1-4A56-81A8-3EB7816C34FC.png	/root/projects/PartyDeck/artifacts/screenshot-queue-ios-34488350932-34496252392-v1/payload/docs/screenshots/godot-ios-native-34488350932/authority/attachments/86B9762A-7CD1-4A56-81A8-3EB7816C34FC.png	docs/screenshots/godot-ios-native-34488350932/authority/attachments/86B9762A-7CD1-4A56-81A8-3EB7816C34FC.png
8cf9a3a16f344707e92efef5ba7222b5593a355425fd4b1efc419ada3184f865	5983	/tmp/partydeck-engine-ci/34488350932/godot-ios-authority-gameplay/artifacts/authority-attachments/12029DA3-6677-4538-B60E-6C60451646FA.json	/root/projects/PartyDeck/artifacts/screenshot-queue-ios-34488350932-34496252392-v1/payload/docs/screenshots/godot-ios-native-34488350932/authority/attachments/12029DA3-6677-4538-B60E-6C60451646FA.json	docs/screenshots/godot-ios-native-34488350932/authority/attachments/12029DA3-6677-4538-B60E-6C60451646FA.json
8672a09b1038c8d3ed7a102a7bbf72279ed9a14f4cf29b3855933df4d901edfa	6720	/tmp/partydeck-engine-ci/34488350932/godot-ios-authority-gameplay/artifacts/authority-attachments/0D1C519B-2C12-4725-A9E6-22AA9F048A87.json	/root/projects/PartyDeck/artifacts/screenshot-queue-ios-34488350932-34496252392-v1/payload/docs/screenshots/godot-ios-native-34488350932/authority/attachments/0D1C519B-2C12-4725-A9E6-22AA9F048A87.json	docs/screenshots/godot-ios-native-34488350932/authority/attachments/0D1C519B-2C12-4725-A9E6-22AA9F048A87.json
656677046902185c49602fb9bb3a9aae5a39f44e8cc12cf7bad92123b72f6670	480	/tmp/partydeck-engine-ci/34488350932/godot-ios-authority-gameplay/artifacts/authority-attachments/DE36DAB4-99B4-443F-B628-D13D70A84CB0.json	/root/projects/PartyDeck/artifacts/screenshot-queue-ios-34488350932-34496252392-v1/payload/docs/screenshots/godot-ios-native-34488350932/authority/attachments/DE36DAB4-99B4-443F-B628-D13D70A84CB0.json	docs/screenshots/godot-ios-native-34488350932/authority/attachments/DE36DAB4-99B4-443F-B628-D13D70A84CB0.json
6a382dcb885a548ca75d97e998e2cc9e15bc7a38eb93ab88d14751d9de002276	94705	/tmp/partydeck-engine-ci/34488350932/godot-ios-authority-gameplay/artifacts/authority-attachments/E427C1E7-71F3-4A74-B295-0F5CB4162F19.png	/root/projects/PartyDeck/artifacts/screenshot-queue-ios-34488350932-34496252392-v1/payload/docs/screenshots/godot-ios-native-34488350932/authority/attachments/E427C1E7-71F3-4A74-B295-0F5CB4162F19.png	docs/screenshots/godot-ios-native-34488350932/authority/attachments/E427C1E7-71F3-4A74-B295-0F5CB4162F19.png
9ad1521b479f8699be244677ab73a37ac40c83d35660f3c9a9f0ffd8effc8799	4720	/tmp/partydeck-engine-ci/34488350932/godot-ios-authority-gameplay/artifacts/authority-attachments/1AC407F4-0F56-460A-8C2E-F3B6010D440E.json	/root/projects/PartyDeck/artifacts/screenshot-queue-ios-34488350932-34496252392-v1/payload/docs/screenshots/godot-ios-native-34488350932/authority/attachments/1AC407F4-0F56-460A-8C2E-F3B6010D440E.json	docs/screenshots/godot-ios-native-34488350932/authority/attachments/1AC407F4-0F56-460A-8C2E-F3B6010D440E.json
9a7a86856e6357d8203b608d3bb3d44a6af6cad02590d8b8589c98f90719a175	8793	/tmp/partydeck-engine-ci/34488350932/godot-ios-authority-gameplay/artifacts/authority-attachments/26866F5A-E1EC-41FE-ABDF-B8A96AF7EFDF.json	/root/projects/PartyDeck/artifacts/screenshot-queue-ios-34488350932-34496252392-v1/payload/docs/screenshots/godot-ios-native-34488350932/authority/attachments/26866F5A-E1EC-41FE-ABDF-B8A96AF7EFDF.json	docs/screenshots/godot-ios-native-34488350932/authority/attachments/26866F5A-E1EC-41FE-ABDF-B8A96AF7EFDF.json
673087c2a7c4e42da54e272e11284e87a280c962e0543a629a6647e9c4ac5c4f	471	/tmp/partydeck-engine-ci/34488350932/godot-ios-authority-gameplay/artifacts/authority-attachments/8E9DDF3B-4A25-44FF-B079-91777E03402C.json	/root/projects/PartyDeck/artifacts/screenshot-queue-ios-34488350932-34496252392-v1/payload/docs/screenshots/godot-ios-native-34488350932/authority/attachments/8E9DDF3B-4A25-44FF-B079-91777E03402C.json	docs/screenshots/godot-ios-native-34488350932/authority/attachments/8E9DDF3B-4A25-44FF-B079-91777E03402C.json
1b51e939183903006876dd103fda5e911c24aad7a6570519c5782bbe857e8973	96272	/tmp/partydeck-engine-ci/34488350932/godot-ios-authority-gameplay/artifacts/authority-attachments/BE12CB9E-17D2-442E-8497-7A80C871C6C6.png	/root/projects/PartyDeck/artifacts/screenshot-queue-ios-34488350932-34496252392-v1/payload/docs/screenshots/godot-ios-native-34488350932/authority/attachments/BE12CB9E-17D2-442E-8497-7A80C871C6C6.png	docs/screenshots/godot-ios-native-34488350932/authority/attachments/BE12CB9E-17D2-442E-8497-7A80C871C6C6.png
e0a33c47e43fbfacafa5146728689b24f73c404fcd931e5d3a7d856f8fafb794	4699	/tmp/partydeck-engine-ci/34488350932/godot-ios-authority-gameplay/artifacts/authority-attachments/A5373880-9580-4292-AE29-9F656A571B7A.json	/root/projects/PartyDeck/artifacts/screenshot-queue-ios-34488350932-34496252392-v1/payload/docs/screenshots/godot-ios-native-34488350932/authority/attachments/A5373880-9580-4292-AE29-9F656A571B7A.json	docs/screenshots/godot-ios-native-34488350932/authority/attachments/A5373880-9580-4292-AE29-9F656A571B7A.json
23e77e4c9b5ac58efa9d28379ffa652ab4f6e9227ca96f622af32b8e06bf88ff	288231	/root/projects/PartyDeck/artifacts/evidence-storage/ios-validate-34496252392/ios-reports-and-simulator-app/build/ci/ios/PartyDeck.xcresult/Data/data.0~UsOlAVTBbSlOv3_5ARirUAoEPXlFYFBXvvOCZDN3E8Mt0mY9jazSQbD-D4fuU9Er2i-uZuQHER4byT-O38VK1w==	/root/projects/PartyDeck/artifacts/screenshot-queue-ios-34488350932-34496252392-v1/payload/docs/screenshots/ios-34496252392/attachments/Settings_0_44D273DE-0429-40E4-9526-D0257712606C.png	docs/screenshots/ios-34496252392/attachments/Settings_0_44D273DE-0429-40E4-9526-D0257712606C.png
f2be4757adace4f11a7b8e143da2627810a80b1451ac9c3613690b3aac336b23	224601	/root/projects/PartyDeck/artifacts/evidence-storage/ios-validate-34496252392/ios-reports-and-simulator-app/build/ci/ios/PartyDeck.xcresult/Data/data.0~ZvFSiMypA2GTcbi4grctz3-dLeQq76hWKTd1uhJJ2fmAoKSPq0IJxK3-KGKgT1oxjSEdmBCZH1iaOel74lIlQA==	/root/projects/PartyDeck/artifacts/screenshot-queue-ios-34488350932-34496252392-v1/payload/docs/screenshots/ios-34496252392/attachments/Native host lobby_0_D326A407-718B-44B0-922F-4C0AB4B9B507.png	docs/screenshots/ios-34496252392/attachments/Native host lobby_0_D326A407-718B-44B0-922F-4C0AB4B9B507.png
f2be4757adace4f11a7b8e143da2627810a80b1451ac9c3613690b3aac336b23	224601	/root/projects/PartyDeck/artifacts/evidence-storage/ios-validate-34496252392/ios-reports-and-simulator-app/build/ci/ios/PartyDeck.xcresult/Data/data.0~ZvFSiMypA2GTcbi4grctz3-dLeQq76hWKTd1uhJJ2fmAoKSPq0IJxK3-KGKgT1oxjSEdmBCZH1iaOel74lIlQA==	/root/projects/PartyDeck/artifacts/screenshot-queue-ios-34488350932-34496252392-v1/payload/docs/screenshots/ios-34496252392/attachments/Native host invitation closed_0_F2B8D67F-CF53-47BB-89C3-139C1BBB0514.png	docs/screenshots/ios-34496252392/attachments/Native host invitation closed_0_F2B8D67F-CF53-47BB-89C3-139C1BBB0514.png
0d769e0bdc4ad35a5669087eec2c5a211352d6f56702f8db762c260d59d1b106	298530	/root/projects/PartyDeck/artifacts/evidence-storage/ios-validate-34496252392/ios-reports-and-simulator-app/build/ci/ios/PartyDeck.xcresult/Data/data.0~o7BEY9ckb9vDx5TkuAc5AhyXBorOxXXFLn5TSoGZBhChneMYv_lZEj5hwpQoQXajbe4MIYo3JGDMUQx4yoqz7w==	/root/projects/PartyDeck/artifacts/screenshot-queue-ios-34488350932-34496252392-v1/payload/docs/screenshots/ios-34496252392/attachments/Home_0_1375A16D-1E61-43F7-93C4-4C00924A187C.png	docs/screenshots/ios-34496252392/attachments/Home_0_1375A16D-1E61-43F7-93C4-4C00924A187C.png
ec2cc1eb3794ae9eef90c927cf9ac82e1710464d1c4ceae312cbe5b80aead3b6	285043	/root/projects/PartyDeck/artifacts/evidence-storage/ios-validate-34496252392/ios-reports-and-simulator-app/build/ci/ios/PartyDeck.xcresult/Data/data.0~XO1PZ7_zfux7-4QGeEnCzbUy2CLrZWQNyUn3_esLhRMxMS09GQpTxMbmdkYGFi7RmhJXCZlVMKqqzg683g1ecw==	/root/projects/PartyDeck/artifacts/screenshot-queue-ios-34488350932-34496252392-v1/payload/docs/screenshots/ios-34496252392/attachments/Practice Standard concealed_0_35CD52CB-A37D-435C-8E30-BAB1BF463716.png	docs/screenshots/ios-34496252392/attachments/Practice Standard concealed_0_35CD52CB-A37D-435C-8E30-BAB1BF463716.png
6b3d802d28ca8fe4e8a7689ffa2b309e810ceba5e1ddd66b9868b5b28eff4dbf	258966	/root/projects/PartyDeck/artifacts/evidence-storage/ios-validate-34496252392/ios-reports-and-simulator-app/build/ci/ios/PartyDeck.xcresult/Data/data.0~Q38iiDgigxQouuD6LgYkfrSWnWV5FQxV-oabTg0POM9GtYErI2B3ZmmMJxnUzGC-afnE-l3OrKibJkBILrpFnQ==	/root/projects/PartyDeck/artifacts/screenshot-queue-ios-34488350932-34496252392-v1/payload/docs/screenshots/ios-34496252392/attachments/Practice Standard all five native card descriptions_0_892BB876-6325-4DB6-8A87-E998E4D95090.png	docs/screenshots/ios-34496252392/attachments/Practice Standard all five native card descriptions_0_892BB876-6325-4DB6-8A87-E998E4D95090.png
b891cee1145818a571550ce13b7c1e535689d888e09c08575f8c09233715e7da	275920	/root/projects/PartyDeck/artifacts/evidence-storage/ios-validate-34496252392/ios-reports-and-simulator-app/build/ci/ios/PartyDeck.xcresult/Data/data.0~Uanp3bhWZ6J-d_dQ-CaL8VnSjSjj4OiccNLK3bz5nIValj0Wr7euEt_J_rWvQdlpOxHi8b9KFRD2AyDnKedjUw==	/root/projects/PartyDeck/artifacts/screenshot-queue-ios-34488350932-34496252392-v1/payload/docs/screenshots/ios-34496252392/attachments/Practice Standard maximum selection and count-only feedback_0_7E11A12A-FD0A-443A-A94A-96B26F66156B.png	docs/screenshots/ios-34496252392/attachments/Practice Standard maximum selection and count-only feedback_0_7E11A12A-FD0A-443A-A94A-96B26F66156B.png
b891cee1145818a571550ce13b7c1e535689d888e09c08575f8c09233715e7da	275920	/root/projects/PartyDeck/artifacts/evidence-storage/ios-validate-34496252392/ios-reports-and-simulator-app/build/ci/ios/PartyDeck.xcresult/Data/data.0~Uanp3bhWZ6J-d_dQ-CaL8VnSjSjj4OiccNLK3bz5nIValj0Wr7euEt_J_rWvQdlpOxHi8b9KFRD2AyDnKedjUw==	/root/projects/PartyDeck/artifacts/screenshot-queue-ios-34488350932-34496252392-v1/payload/docs/screenshots/ios-34496252392/attachments/App Screenshot_0_DB2AFFD0-2BEA-4EF4-86B9-3A7FCE0CB3C2.png	docs/screenshots/ios-34496252392/attachments/App Screenshot_0_DB2AFFD0-2BEA-4EF4-86B9-3A7FCE0CB3C2.png
162fad2bf7147dade17481f54400490b2710c46e9dfc6fd591edeb1099edd9c1	9606	/root/projects/PartyDeck/artifacts/evidence-storage/ios-validate-34496252392/ios-reports-and-simulator-app/build/ci/ios/PartyDeck.xcresult/Data/data.0~NQq_98EQriprk3x5iv7SntSdSW3md49sxw5dlx7RWpEhpTNqFNMsqDieH9q2TMuFoJHwNgqqPwRlP8WsYsoEow==	/root/projects/PartyDeck/artifacts/screenshot-queue-ios-34488350932-34496252392-v1/payload/docs/screenshots/ios-34496252392/attachments/Element Screenshot_1_1472CFD1-B7EE-4B72-A5C9-6C6E0618DA2F.png	docs/screenshots/ios-34496252392/attachments/Element Screenshot_1_1472CFD1-B7EE-4B72-A5C9-6C6E0618DA2F.png
