--------- beginning of events
09-10 07:35:04.901   162   162 I snet_event_log: [121035042,-1,]
09-10 07:35:04.905   162   162 I auditd  : SELinux: Loaded service context from:
09-10 07:35:04.906   162   162 I auditd  : 		/system/etc/selinux/plat_service_contexts
09-10 07:34:59.433   160   160 I auditd  : type=2000 audit(0.0:1): state=initialized audit_enabled=0 res=1
09-10 07:35:04.257   160   160 I auditd  : type=1403 audit(0.0:2): auid=4294967295 ses=4294967295 lsm=selinux res=1
09-10 07:35:04.257   160   160 I auditd  : type=1404 audit(0.0:3): enforcing=1 old_enforcing=0 auid=4294967295 ses=4294967295 enabled=1 old-enabled=1 lsm=selinux res=1
09-10 07:35:04.297     1     1 I auditd  : type=1107 audit(0.0:4): uid=0 auid=4294967295 ses=4294967295 subj=u:r:init:s0 msg='avc:  denied  { set } for property=persist.sys.usb.config pid=1 uid=0 gid=0 scontext=u:r:vendor_init:s0 tcontext=u:object_r:system_prop:s0 tclass=property_service permissive=0'
09-10 07:35:04.908   162   162 I auditd  : 		/system_ext/etc/selinux/system_ext_service_contexts
09-10 07:35:04.910   162   162 I auditd  : 		/vendor/etc/selinux/vendor_service_contexts
09-10 07:35:05.299   186   186 I auditd  : SELinux: Loaded keystore2 context from:
09-10 07:35:05.299   186   186 I auditd  : 		/system/etc/selinux/plat_keystore2_key_contexts
09-10 07:35:05.299   186   186 I auditd  : 		/system_ext/etc/selinux/system_ext_keystore2_key_contexts
09-10 07:35:05.299   186   186 I auditd  : 		/vendor/etc/selinux/vendor_keystore2_key_contexts
09-10 07:35:06.155   232   232 I auditd  : SELinux: Loaded file context from:
09-10 07:35:06.156   232   232 I auditd  : 		/system/etc/selinux/plat_file_contexts
09-10 07:35:06.157   232   232 I auditd  : 		/system_ext/etc/selinux/system_ext_file_contexts
09-10 07:35:06.158   232   232 I auditd  : 		/vendor/etc/selinux/vendor_file_contexts
09-10 07:35:09.113     1     1 I auditd  : type=1400 audit(0.0:5): avc:  denied  { write } for  comm="init" name="error_report_end" dev="tracefs" ino=5031 scontext=u:r:init:s0 tcontext=u:object_r:debugfs_bootreceiver_tracing:s0 tclass=dir permissive=0
09-10 07:35:09.791   366   366 I boot_progress_start: 10709
09-10 07:35:10.476   366   366 I snet_event_log: [200284993,-1,]
09-10 07:35:10.687   366   366 I boot_progress_preload_start: 11606
09-10 07:35:11.449   366   366 I boot_progress_preload_end: 12367
09-10 07:35:11.875   565   565 I system_server_start: [1,12793,12793]
09-10 07:35:11.876   565   565 I boot_progress_system_run: 12794
09-10 07:35:12.262   565   600 I commit_sys_config_file: [batterystats,2]
09-10 07:35:12.267   565   600 I commit_sys_config_file: [batterystats,2]
09-10 07:35:12.387   565   600 I commit_sys_config_file: [display-state,11]
09-10 07:35:12.387   565   565 I boot_progress_pms_start: 13306
09-10 07:35:12.421   565   565 I pm_critical_info: No package manager settings file
09-10 07:35:12.424   565   565 I boot_progress_pms_system_scan_start: 13343
09-10 07:35:12.465   565   565 I liblog  : 25
09-10 07:35:12.465   565   565 I liblog  : 3
09-10 07:35:12.465   565   565 I liblog  : 1
09-10 07:35:12.468   565   565 I liblog  : 1
09-10 07:35:12.829   565   565 I service_manager_stats: [100,31,13747]
09-10 07:35:12.940   565   565 I pm_critical_info: Adding duplicate shared id: 1000 name=android
09-10 07:35:13.035   565   565 I pm_critical_info: Adding duplicate app id: 10065 name=com.android.providers.contacts
09-10 07:35:13.055   565   565 I pm_critical_info: Adding duplicate shared id: 1000 name=com.android.location.fused
09-10 07:35:13.095   565   565 I pm_critical_info: Adding duplicate app id: 10074 name=com.android.providers.downloads.ui
09-10 07:35:13.097   565   565 I pm_critical_info: Adding duplicate shared id: 1001 name=com.android.ons
09-10 07:35:13.113   565   565 I pm_critical_info: Adding duplicate app id: 10065 name=com.android.providers.blockednumber
09-10 07:35:13.132   565   565 I pm_critical_info: Adding duplicate app id: 10065 name=com.android.providers.userdictionary
09-10 07:35:13.141   565   565 I pm_critical_info: Adding duplicate shared id: 1001 name=com.android.phone
09-10 07:35:13.148   565   565 I pm_critical_info: Adding duplicate shared id: 1000 name=com.android.DeviceAsWebcam
09-10 07:35:13.154   565   565 I pm_critical_info: Adding duplicate app id: 10074 name=com.android.mtp
09-10 07:35:13.160   565   565 I pm_critical_info: Adding duplicate shared id: 2000 name=com.android.shell
09-10 07:35:13.179   565   565 I pm_critical_info: Adding duplicate app id: 10065 name=com.android.calllogbackup
09-10 07:35:13.189   565   565 I pm_critical_info: Adding duplicate shared id: 1000 name=com.android.dynsystem
09-10 07:35:13.195   565   565 I pm_critical_info: Adding duplicate shared id: 1000 name=com.android.providers.settings
09-10 07:35:13.204   565   565 I pm_critical_info: Adding duplicate app id: 10065 name=com.android.providers.contactkeys
09-10 07:35:13.209   565   565 I pm_critical_info: Adding duplicate shared id: 1000 name=com.android.inputdevices
09-10 07:35:13.215   565   565 I pm_critical_info: Adding duplicate shared id: 1073 name=com.android.networkstack
09-10 07:35:13.217   565   565 I pm_critical_info: Adding duplicate shared id: 1001 name=com.android.mms.service
09-10 07:35:13.219   565   565 I pm_critical_info: Adding duplicate app id: 10079 name=com.android.providers.calendar
09-10 07:35:13.221   565   565 I pm_critical_info: Adding duplicate shared id: 1001 name=com.android.providers.telephony
09-10 07:35:13.223   565   565 I pm_critical_info: Adding duplicate app id: 10074 name=com.android.providers.media
09-10 07:35:13.225   565   565 I pm_critical_info: Adding duplicate app id: 10074 name=com.android.soundpicker
09-10 07:35:13.230   565   565 I pm_critical_info: Adding duplicate shared id: 1000 name=com.android.localtransport
09-10 07:35:13.235   565   565 I pm_critical_info: Adding duplicate shared id: 1000 name=com.android.server.telecom
09-10 07:35:13.236   565   565 I pm_critical_info: Adding duplicate app id: 10074 name=com.android.providers.downloads
09-10 07:35:13.261   565   565 I pm_critical_info: Adding duplicate shared id: 1068 name=com.android.se
09-10 07:35:13.293   565   565 I pm_critical_info: Adding duplicate shared id: 1001 name=com.android.stk
09-10 07:35:13.313   565   565 I pm_critical_info: Adding duplicate shared id: 1000 name=com.android.keychain
09-10 07:35:13.537   565   565 I pm_critical_info: Adding duplicate app id: 10119 name=com.android.emergency
09-10 07:35:13.543   565   565 I pm_critical_info: Adding duplicate shared id: 1000 name=com.android.emulator.multidisplay
09-10 07:35:13.550   565   565 I pm_critical_info: Adding duplicate app id: 10120 name=com.android.systemui
09-10 07:35:13.590   565   565 I pm_critical_info: Adding duplicate shared id: 1000 name=com.android.settings
09-10 07:35:13.615   565   565 I pm_critical_info: Adding duplicate shared id: 1073 name=com.android.networkstack.tethering
09-10 07:35:13.623   565   565 I pm_critical_info: Adding duplicate shared id: 1073 name=com.android.cellbroadcastservice
09-10 07:35:13.949   565   565 I pm_critical_info: Adding duplicate shared id: 1027 name=com.android.nfc
09-10 07:35:13.991   565   565 I pm_critical_info: Adding duplicate shared id: 1002 name=com.android.bluetooth
09-10 07:35:14.042   565   565 I pm_critical_info: Adding duplicate app id: 10143 name=com.android.cts.ctsshim
09-10 07:35:14.073   565   565 I boot_progress_pms_data_scan_start: 14992
09-10 07:35:14.076   565   565 I boot_progress_pms_scan_end: 14995
09-10 07:35:14.172   565   565 I commit_sys_config_file: [package,19]
09-10 07:35:14.172   565   565 I boot_progress_pms_ready: 15090
09-10 07:35:14.183   565   622 I commit_sys_config_file: [package-user-0,12]
09-10 07:35:14.191   565   565 I am_uid_running: 1000
09-10 07:35:14.198   565   565 I am_uid_active: 1000
09-10 07:35:14.331   565   565 I commit_sys_config_file: [overlays,6]
09-10 07:35:14.345   565   585 I battery_status: [2,2,1,1,Li-ion]
09-10 07:35:14.346   565   585 I battery_level: [100,5000,250]
09-10 07:35:14.456   565   666 I commit_sys_config_file: [settings-1-0,3]
09-10 07:35:14.458   565   666 I commit_sys_config_file: [settings-0-0,1]
09-10 07:35:14.459   565   666 I commit_sys_config_file: [settings-2-0,1]
09-10 07:35:14.462   565   666 I commit_sys_config_file: [settings-1-0,4]
09-10 07:35:14.546   565   565 I wm_task_created: 1
09-10 07:35:14.549   565   592 I sysui_multi_action: [757,1594,758,4,759,1,806,NULL]
09-10 07:35:14.562   565   565 I commit_sys_config_file: [net-watchlist,1]
09-10 07:35:14.574   565   601 I am_wtf  : [0,565,system_server,-1,SystemServiceRegistry,No service published for: jobscheduler]
09-10 07:35:14.574   565   601 I am_wtf  : [0,565,system_server,-1,SystemServiceRegistry,Manager wrapper not available: jobscheduler]
09-10 07:35:14.592   565   565 I configuration_changed: 536894968
09-10 07:35:14.594   565   565 I sysui_multi_action: [757,1659,758,4,759,1,1660,0]
09-10 07:35:14.615   565   591 I am_uid_running: 10127
09-10 07:35:14.778   565   666 I commit_sys_config_file: [settings-0-0,15]
09-10 07:35:16.640   565   565 I sysui_multi_action: [757,804,799,opt_dialog_num_dexopted,801,18,802,1]
09-10 07:35:16.640   565   565 I sysui_multi_action: [757,804,799,opt_dialog_num_skipped,801,95,802,1]
09-10 07:35:16.640   565   565 I sysui_multi_action: [757,804,799,opt_dialog_num_failed,801,0,802,1]
09-10 07:35:16.640   565   565 I sysui_multi_action: [757,804,799,opt_dialog_num_total,801,113,802,1]
09-10 07:35:16.640   565   565 I sysui_multi_action: [757,804,799,opt_dialog_time_s,801,2,802,1]
09-10 07:35:16.666   565   565 I device_idle: [0,boot]
09-10 07:35:16.666   565   565 I device_idle_light: [0,boot]
09-10 07:35:16.795   565   601 I am_wtf  : [0,565,system_server,-1,SystemServiceRegistry,No service published for: jobscheduler]
09-10 07:35:16.795   565   601 I am_wtf  : [0,565,system_server,-1,SystemServiceRegistry,Manager wrapper not available: jobscheduler]
09-10 07:35:16.798   565   565 I sysui_multi_action: [757,856,758,1,806,android,857,PHYSICAL_KEYBOARD,858,2]
09-10 07:35:16.798   565   565 I sysui_multi_action: [757,856,758,1,806,android,857,SECURITY,858,2]
09-10 07:35:16.798   565   565 I sysui_multi_action: [757,856,758,1,806,android,857,CAR_MODE,858,2]
09-10 07:35:16.798   565   565 I sysui_multi_action: [757,856,758,1,806,android,857,ACCOUNT,858,2]
09-10 07:35:16.798   565   565 I sysui_multi_action: [757,856,758,1,806,android,857,DEVELOPER,858,2]
09-10 07:35:16.798   565   565 I sysui_multi_action: [757,856,758,1,806,android,857,DEVELOPER_IMPORTANT,858,4]
09-10 07:35:16.798   565   565 I sysui_multi_action: [757,856,758,1,806,android,857,UPDATES,858,2]
09-10 07:35:16.798   565   565 I sysui_multi_action: [757,856,758,1,806,android,857,NETWORK_STATUS,858,2]
09-10 07:35:16.798   565   565 I sysui_multi_action: [757,856,758,1,806,android,857,NETWORK_ALERTS,858,4]
09-10 07:35:16.798   565   565 I sysui_multi_action: [757,856,758,1,806,android,857,NETWORK_AVAILABLE,858,2]
09-10 07:35:16.798   565   565 I sysui_multi_action: [757,856,758,1,806,android,857,VPN,858,2]
09-10 07:35:16.798   565   565 I sysui_multi_action: [757,856,758,1,806,android,857,DEVICE_ADMIN_ALERTS,858,4]
09-10 07:35:16.798   565   565 I sysui_multi_action: [757,856,758,1,806,android,857,ALERTS,858,3]
09-10 07:35:16.798   565   565 I sysui_multi_action: [757,856,758,1,806,android,857,RETAIL_MODE,858,2]
09-10 07:35:16.798   565   565 I sysui_multi_action: [757,856,758,1,806,android,857,USB,858,1]
09-10 07:35:16.798   565   565 I sysui_multi_action: [757,856,758,1,806,android,857,FOREGROUND_SERVICE,858,2]
09-10 07:35:16.798   565   565 I sysui_multi_action: [757,856,758,1,806,android,857,HEAVY_WEIGHT_APP,858,3]
09-10 07:35:16.798   565   565 I sysui_multi_action: [757,856,758,1,806,android,857,SYSTEM_CHANGES_ALERTS,858,3]
09-10 07:35:16.798   565   565 I sysui_multi_action: [757,856,758,1,806,android,857,DO_NOT_DISTURB,858,2]
09-10 07:35:16.798   565   565 I sysui_multi_action: [757,856,758,1,806,android,857,ACCESSIBILITY_MAGNIFICATION,858,4]
09-10 07:35:16.798   565   565 I sysui_multi_action: [757,856,758,1,806,android,857,ACCESSIBILITY_SECURITY_POLICY,858,2]
09-10 07:35:16.798   565   565 I sysui_multi_action: [757,856,758,1,806,android,857,ABUSIVE_BACKGROUND_APPS,858,2]
09-10 07:35:16.800   565   861 I storage_state: [41217664-9172-527a-b3d5-edabb50a7d69,0,0,5814636544,6228115456]
09-10 07:35:16.801   565   601 I am_wtf  : [0,565,system_server,-1,SystemServiceRegistry,No service published for: jobscheduler]
09-10 07:35:16.801   565   601 I am_wtf  : [0,565,system_server,-1,SystemServiceRegistry,Manager wrapper not available: jobscheduler]
09-10 07:35:16.801   565   601 I am_wtf  : [0,565,system_server,-1,SystemServiceRegistry,No service published for: jobscheduler]
09-10 07:35:16.801   565   601 I am_wtf  : [0,565,system_server,-1,SystemServiceRegistry,Manager wrapper not available: jobscheduler]
09-10 07:35:16.841   565   601 I am_wtf  : [0,565,system_server,-1,SystemServiceRegistry,No service published for: jobscheduler]
09-10 07:35:16.841   565   601 I am_wtf  : [0,565,system_server,-1,SystemServiceRegistry,Manager wrapper not available: jobscheduler]
09-10 07:35:16.872   565   867 I stream_devices_changed: [4,0,2]
09-10 07:35:16.873   565   867 I stream_devices_changed: [6,0,2]
09-10 07:35:16.875   565   867 I stream_devices_changed: [3,0,2]
09-10 07:35:16.875   565   867 I stream_devices_changed: [5,0,2]
09-10 07:35:16.875   565   867 I stream_devices_changed: [2,0,2]
09-10 07:35:16.876   565   867 I stream_devices_changed: [0,0,2]
09-10 07:35:16.997   565   666 I commit_sys_config_file: [settings-2-0,4]
09-10 07:35:17.006   565   666 I commit_sys_config_file: [settings-0-0,9]
09-10 07:35:17.045   565   591 I commit_sys_config_file: [notification-policy,1]
09-10 07:35:17.046   565   666 I commit_sys_config_file: [settings-1-0,4]
09-10 07:35:17.087   565   565 I configuration_changed: 512
09-10 07:35:17.103   565   843 I sysui_multi_action: [757,856,758,1,806,android,857,APM_ALERTS,858,4]
09-10 07:35:17.122   565   565 I commit_sys_config_file: [package-session,2]
09-10 07:35:17.142   565   565 I sysui_multi_action: [757,1243,758,4,806,com.android.dynsystem,1241,android.permission.POST_NOTIFICATIONS]
09-10 07:35:17.142   565   565 I sysui_multi_action: [757,1243,758,4,806,com.android.server.telecom,1241,android.permission.READ_CALL_LOG]
09-10 07:35:17.142   565   565 I sysui_multi_action: [757,1243,758,4,806,com.android.settings,1241,android.permission.ACCESS_FINE_LOCATION]
09-10 07:35:17.142   565   565 I sysui_multi_action: [757,1243,758,4,806,com.android.settings,1241,android.permission.READ_PHONE_NUMBERS]
09-10 07:35:17.142   565   565 I sysui_multi_action: [757,1243,758,4,806,com.android.settings,1241,android.permission.READ_MEDIA_VISUAL_USER_SELECTED]
09-10 07:35:17.142   565   565 I sysui_multi_action: [757,1243,758,4,806,com.android.settings,1241,android.permission.BLUETOOTH_CONNECT]
09-10 07:35:17.143   565   565 I sysui_multi_action: [757,1243,758,4,806,com.android.server.telecom,1241,android.permission.READ_EXTERNAL_STORAGE]
09-10 07:35:17.143   565   565 I sysui_multi_action: [757,1243,758,4,806,com.android.settings,1241,android.permission.ACCESS_COARSE_LOCATION]
09-10 07:35:17.143   565   565 I sysui_multi_action: [757,1243,758,4,806,com.android.settings,1241,android.permission.READ_PHONE_STATE]
09-10 07:35:17.143   565   565 I sysui_multi_action: [757,1243,758,4,806,com.android.server.telecom,1241,android.permission.SEND_SMS]
09-10 07:35:17.143   565   565 I sysui_multi_action: [757,1243,758,4,806,com.android.settings,1241,android.permission.CALL_PHONE]
09-10 07:35:17.143   565   565 I sysui_multi_action: [757,1243,758,4,806,com.android.settings,1241,android.permission.READ_MEDIA_IMAGES]
09-10 07:35:17.144   565   565 I sysui_multi_action: [757,1243,758,4,806,com.android.settings,1241,android.permission.WRITE_CONTACTS]
09-10 07:35:17.144   565   565 I sysui_multi_action: [757,1243,758,4,806,com.android.DeviceAsWebcam,1241,android.permission.CAMERA]
09-10 07:35:17.144   565   565 I sysui_multi_action: [757,1243,758,4,806,com.android.server.telecom,1241,android.permission.WRITE_CALL_LOG]
09-10 07:35:17.144   565   565 I sysui_multi_action: [757,1243,758,4,806,com.android.settings,1241,android.permission.READ_MEDIA_AUDIO]
09-10 07:35:17.144   565   565 I sysui_multi_action: [757,1243,758,4,806,com.android.settings,1241,android.permission.READ_MEDIA_VIDEO]
09-10 07:35:17.144   565   565 I sysui_multi_action: [757,1243,758,4,806,com.android.settings,1241,android.permission.BLUETOOTH_ADVERTISE]
09-10 07:35:17.144   565   565 I sysui_multi_action: [757,1243,758,4,806,android,1241,android.permission.GET_ACCOUNTS]
09-10 07:35:17.144   565   565 I sysui_multi_action: [757,1243,758,4,806,com.android.settings,1241,android.permission.WRITE_EXTERNAL_STORAGE]
09-10 07:35:17.144   565   565 I sysui_multi_action: [757,1243,758,4,806,android,1241,android.permission.READ_CONTACTS]
09-10 07:35:17.145   565   565 I sysui_multi_action: [757,1243,758,4,806,com.android.location.fused,1241,android.permission.ACCESS_BACKGROUND_LOCATION]
09-10 07:35:17.145   565   565 I sysui_multi_action: [757,1243,758,4,806,com.android.settings,1241,android.permission.BLUETOOTH_SCAN]
09-10 07:35:17.145   565   565 I sysui_multi_action: [757,1243,758,4,806,com.android.mms.service,1241,android.permission.READ_SMS]
09-10 07:35:17.145   565   565 I sysui_multi_action: [757,1243,758,4,806,com.android.stk,1241,android.permission.POST_NOTIFICATIONS]
09-10 07:35:17.146   565   565 I sysui_multi_action: [757,1243,758,4,806,com.android.phone,1241,android.permission.READ_CALL_LOG]
09-10 07:35:17.146   565   565 I sysui_multi_action: [757,1243,758,4,806,com.android.phone,1241,android.permission.ACCESS_FINE_LOCATION]
09-10 07:35:17.146   565   565 I sysui_multi_action: [757,1243,758,4,806,com.android.providers.telephony,1241,android.permission.RECEIVE_SMS]
09-10 07:35:17.147   565   565 I sysui_multi_action: [757,1243,758,4,806,com.android.phone,1241,android.permission.BLUETOOTH_CONNECT]
09-10 07:35:17.147   565   565 I sysui_multi_action: [757,1243,758,4,806,com.android.providers.telephony,1241,android.permission.READ_EXTERNAL_STORAGE]
09-10 07:35:17.147   565   565 I sysui_multi_action: [757,1243,758,4,806,com.android.phone,1241,android.permission.ACCESS_COARSE_LOCATION]
09-10 07:35:17.147   565   565 I sysui_multi_action: [757,1243,758,4,806,com.android.mms.service,1241,android.permission.READ_PHONE_STATE]
09-10 07:35:17.147   565   565 I sysui_multi_action: [757,1243,758,4,806,com.android.phone,1241,android.permission.SEND_SMS]
09-10 07:35:17.148   565   565 I sysui_multi_action: [757,1243,758,4,806,com.android.phone,1241,android.permission.CALL_PHONE]
09-10 07:35:17.148   565   565 I sysui_multi_action: [757,1243,758,4,806,com.android.phone,1241,android.permission.WRITE_CONTACTS]
09-10 07:35:17.148   565   565 I sysui_multi_action: [757,1243,758,4,806,com.android.phone,1241,android.permission.WRITE_CALL_LOG]
09-10 07:35:17.148   565   565 I sysui_multi_action: [757,1243,758,4,806,com.android.phone,1241,android.permission.USE_SIP]
09-10 07:35:17.148   565   565 I sysui_multi_action: [757,1243,758,4,806,com.android.phone,1241,android.permission.GET_ACCOUNTS]
09-10 07:35:17.149   565   565 I sysui_multi_action: [757,1243,758,4,806,com.android.providers.telephony,1241,android.permission.WRITE_EXTERNAL_STORAGE]
09-10 07:35:17.149   565   565 I sysui_multi_action: [757,1243,758,4,806,com.android.phone,1241,android.permission.RECORD_AUDIO]
09-10 07:35:17.149   565   565 I sysui_multi_action: [757,1243,758,4,806,com.android.phone,1241,android.permission.READ_CONTACTS]
09-10 07:35:17.149   565   565 I sysui_multi_action: [757,1243,758,4,806,com.android.phone,1241,android.permission.BLUETOOTH_SCAN]
09-10 07:35:17.149   565   565 I sysui_multi_action: [757,1243,758,4,806,com.android.phone,1241,com.android.voicemail.permission.ADD_VOICEMAIL]
09-10 07:35:17.150   565   565 I sysui_multi_action: [757,1243,758,4,806,com.android.bluetooth,1241,android.permission.READ_SMS]
09-10 07:35:17.150   565   565 I sysui_multi_action: [757,1243,758,4,806,com.android.bluetooth,1241,android.permission.POST_NOTIFICATIONS]
09-10 07:35:17.150   565   565 I sysui_multi_action: [757,1243,758,4,806,com.android.bluetooth,1241,android.permission.READ_CALL_LOG]
09-10 07:35:17.150   565   565 I sysui_multi_action: [757,1243,758,4,806,com.android.bluetooth,1241,android.permission.ACCESS_FINE_LOCATION]
09-10 07:35:17.150   565   565 I sysui_multi_action: [757,1243,758,4,806,com.android.bluetooth,1241,android.permission.RECEIVE_SMS]
09-10 07:35:17.150   565   565 I sysui_multi_action: [757,1243,758,4,806,com.android.bluetooth,1241,android.permission.BLUETOOTH_CONNECT]
09-10 07:35:17.150   565   565 I sysui_multi_action: [757,1243,758,4,806,com.android.bluetooth,1241,android.permission.READ_EXTERNAL_STORAGE]
09-10 07:35:17.150   565   565 I sysui_multi_action: [757,1243,758,4,806,com.android.bluetooth,1241,android.permission.ACCESS_COARSE_LOCATION]
09-10 07:35:17.150   565   565 I sysui_multi_action: [757,1243,758,4,806,com.android.bluetooth,1241,android.permission.SEND_SMS]
09-10 07:35:17.151   565   565 I sysui_multi_action: [757,1243,758,4,806,com.android.bluetooth,1241,android.permission.WRITE_CONTACTS]
09-10 07:35:17.151   565   565 I sysui_multi_action: [757,1243,758,4,806,com.android.bluetooth,1241,android.permission.WRITE_CALL_LOG]
09-10 07:35:17.151   565   565 I sysui_multi_action: [757,1243,758,4,806,com.android.bluetooth,1241,android.permission.BLUETOOTH_ADVERTISE]
09-10 07:35:17.151   565   565 I sysui_multi_action: [757,1243,758,4,806,com.android.bluetooth,1241,android.permission.GET_ACCOUNTS]
09-10 07:35:17.151   565   565 I sysui_multi_action: [757,1243,758,4,806,com.android.bluetooth,1241,android.permission.WRITE_EXTERNAL_STORAGE]
09-10 07:35:17.151   565   565 I sysui_multi_action: [757,1243,758,4,806,com.android.bluetooth,1241,android.permission.READ_CONTACTS]
09-10 07:35:17.151   565   565 I sysui_multi_action: [757,1243,758,4,806,com.android.bluetooth,1241,android.permission.BLUETOOTH_SCAN]
09-10 07:35:17.151   565   565 I sysui_multi_action: [757,1243,758,4,806,com.android.nfc,1241,android.permission.POST_NOTIFICATIONS]
09-10 07:35:17.151   565   565 I sysui_multi_action: [757,1243,758,4,806,com.android.nfc,1241,android.permission.BLUETOOTH_CONNECT]
09-10 07:35:17.151   565   565 I sysui_multi_action: [757,1243,758,4,806,com.android.nfc,1241,android.permission.READ_EXTERNAL_STORAGE]
09-10 07:35:17.151   565   565 I sysui_multi_action: [757,1243,758,4,806,com.android.nfc,1241,android.permission.WRITE_EXTERNAL_STORAGE]
09-10 07:35:17.151   565   565 I sysui_multi_action: [757,1243,758,4,806,com.android.nfc,1241,android.permission.READ_CONTACTS]
09-10 07:35:17.151   565   565 I sysui_multi_action: [757,1243,758,4,806,com.android.nfc,1241,android.permission.BLUETOOTH_SCAN]
09-10 07:35:17.151   565   565 I sysui_multi_action: [757,1243,758,4,806,com.android.networkstack.tethering,1241,android.permission.POST_NOTIFICATIONS]
09-10 07:35:17.152   565   565 I sysui_multi_action: [757,1243,758,4,806,com.android.networkstack,1241,android.permission.ACCESS_FINE_LOCATION]
09-10 07:35:17.152   565   565 I sysui_multi_action: [757,1243,758,4,806,com.android.cellbroadcastservice,1241,android.permission.RECEIVE_SMS]
09-10 07:35:17.152   565   565 I sysui_multi_action: [757,1243,758,4,806,com.android.networkstack.tethering,1241,android.permission.BLUETOOTH_CONNECT]
09-10 07:35:17.152   565   565 I sysui_multi_action: [757,1243,758,4,806,com.android.networkstack,1241,android.permission.ACCESS_COARSE_LOCATION]
09-10 07:35:17.152   565   565 I sysui_multi_action: [757,1243,758,4,806,com.android.networkstack.tethering,1241,android.permission.READ_PHONE_STATE]
09-10 07:35:17.152   565   565 I sysui_multi_action: [757,1243,758,4,806,com.android.cellbroadcastservice,1241,android.permission.READ_CELL_BROADCASTS]
09-10 07:35:17.152   565   565 I sysui_multi_action: [757,1243,758,4,806,com.android.shell,1241,android.permission.READ_SMS]
09-10 07:35:17.152   565   565 I sysui_multi_action: [757,1243,758,4,806,com.android.shell,1241,android.permission.READ_CALENDAR]
09-10 07:35:17.152   565   565 I sysui_multi_action: [757,1243,758,4,806,com.android.shell,1241,android.permission.POST_NOTIFICATIONS]
09-10 07:35:17.153   565   565 I sysui_multi_action: [757,1243,758,4,806,com.android.shell,1241,android.permission.READ_CALL_LOG]
09-10 07:35:17.154   565   565 I sysui_multi_action: [757,1243,758,4,806,com.android.shell,1241,android.permission.ACCESS_FINE_LOCATION]
09-10 07:35:17.154   565   565 I sysui_multi_action: [757,1243,758,4,806,com.android.shell,1241,android.permission.ANSWER_PHONE_CALLS]
09-10 07:35:17.154   565   565 I sysui_multi_action: [757,1243,758,4,806,com.android.shell,1241,android.permission.RECEIVE_WAP_PUSH]
09-10 07:35:17.154   565   565 I sysui_multi_action: [757,1243,758,4,806,com.android.shell,1241,android.permission.BODY_SENSORS]
09-10 07:35:17.154   565   565 I sysui_multi_action: [757,1243,758,4,806,com.android.shell,1241,android.permission.READ_PHONE_NUMBERS]
09-10 07:35:17.154   565   565 I sysui_multi_action: [757,1243,758,4,806,com.android.shell,1241,android.permission.READ_MEDIA_VISUAL_USER_SELECTED]
09-10 07:35:17.154   565   565 I sysui_multi_action: [757,1243,758,4,806,com.android.shell,1241,android.permission.NEARBY_WIFI_DEVICES]
09-10 07:35:17.155   565   565 I sysui_multi_action: [757,1243,758,4,806,com.android.shell,1241,android.permission.RECEIVE_MMS]
09-10 07:35:17.155   565   565 I sysui_multi_action: [757,1243,758,4,806,com.android.shell,1241,android.permission.RECEIVE_SMS]
09-10 07:35:17.155   565   565 I sysui_multi_action: [757,1243,758,4,806,com.android.shell,1241,android.permission.BLUETOOTH_CONNECT]
09-10 07:35:17.155   565   565 I sysui_multi_action: [757,1243,758,4,806,com.android.shell,1241,android.permission.READ_EXTERNAL_STORAGE]
09-10 07:35:17.155   565   565 I sysui_multi_action: [757,1243,758,4,806,com.android.shell,1241,android.permission.ACCESS_COARSE_LOCATION]
09-10 07:35:17.155   565   565 I sysui_multi_action: [757,1243,758,4,806,com.android.shell,1241,android.permission.READ_PHONE_STATE]
09-10 07:35:17.156   565   565 I sysui_multi_action: [757,1243,758,4,806,com.android.shell,1241,android.permission.SEND_SMS]
09-10 07:35:17.156   565   565 I sysui_multi_action: [757,1243,758,4,806,com.android.shell,1241,android.permission.CALL_PHONE]
09-10 07:35:17.156   565   565 I sysui_multi_action: [757,1243,758,4,806,com.android.shell,1241,android.permission.WRITE_CONTACTS]
09-10 07:35:17.156   565   565 I sysui_multi_action: [757,1243,758,4,806,com.android.shell,1241,android.permission.ACCEPT_HANDOVER]
09-10 07:35:17.156   565   565 I sysui_multi_action: [757,1243,758,4,806,com.android.shell,1241,android.permission.CAMERA]
09-10 07:35:17.156   565   565 I sysui_multi_action: [757,1243,758,4,806,com.android.shell,1241,android.permission.WRITE_CALENDAR]
09-10 07:35:17.156   565   565 I sysui_multi_action: [757,1243,758,4,806,com.android.shell,1241,android.permission.WRITE_CALL_LOG]
09-10 07:35:17.157   565   565 I sysui_multi_action: [757,1243,758,4,806,com.android.shell,1241,android.permission.USE_SIP]
09-10 07:35:17.157   565   565 I sysui_multi_action: [757,1243,758,4,806,com.android.shell,1241,android.permission.PROCESS_OUTGOING_CALLS]
09-10 07:35:17.157   565   565 I sysui_multi_action: [757,1243,758,4,806,com.android.shell,1241,android.permission.READ_CELL_BROADCASTS]
09-10 07:35:17.157   565   565 I sysui_multi_action: [757,1243,758,4,806,com.android.shell,1241,android.permission.BLUETOOTH_ADVERTISE]
09-10 07:35:17.157   565   565 I sysui_multi_action: [757,1243,758,4,806,com.android.shell,1241,android.permission.GET_ACCOUNTS]
09-10 07:35:17.157   565   565 I sysui_multi_action: [757,1243,758,4,806,com.android.shell,1241,android.permission.WRITE_EXTERNAL_STORAGE]
09-10 07:35:17.158   565   565 I sysui_multi_action: [757,1243,758,4,806,com.android.shell,1241,android.permission.UWB_RANGING]
09-10 07:35:17.158   565   565 I sysui_multi_action: [757,1243,758,4,806,com.android.shell,1241,android.permission.ACTIVITY_RECOGNITION]
09-10 07:35:17.158   565   565 I sysui_multi_action: [757,1243,758,4,806,com.android.shell,1241,android.permission.RECORD_AUDIO]
09-10 07:35:17.158   565   565 I sysui_multi_action: [757,1243,758,4,806,com.android.shell,1241,android.permission.READ_CONTACTS]
09-10 07:35:17.158   565   565 I sysui_multi_action: [757,1243,758,4,806,com.android.shell,1241,android.permission.ACCESS_BACKGROUND_LOCATION]
09-10 07:35:17.158   565   565 I sysui_multi_action: [757,1243,758,4,806,com.android.shell,1241,android.permission.BLUETOOTH_SCAN]
09-10 07:35:17.158   565   565 I sysui_multi_action: [757,1243,758,4,806,com.android.shell,1241,android.permission.ACCESS_MEDIA_LOCATION]
09-10 07:35:17.159   565   565 I sysui_multi_action: [757,1243,758,4,806,com.android.shell,1241,com.android.voicemail.permission.ADD_VOICEMAIL]
09-10 07:35:17.159   565   565 I sysui_multi_action: [757,1243,758,4,806,com.android.packageinstaller,1241,android.permission.POST_NOTIFICATIONS]
09-10 07:35:17.159   565   565 I sysui_multi_action: [757,1243,758,4,806,com.android.documentsui,1241,android.permission.POST_NOTIFICATIONS]
09-10 07:35:17.159   565   565 I sysui_multi_action: [757,1243,758,4,806,com.android.externalstorage,1241,android.permission.READ_EXTERNAL_STORAGE]
09-10 07:35:17.159   565   565 I sysui_multi_action: [757,1243,758,4,806,com.android.externalstorage,1241,android.permission.WRITE_EXTERNAL_STORAGE]
09-10 07:35:17.159   565   565 I sysui_multi_action: [757,1243,758,4,806,com.android.providers.contacts,1241,android.permission.READ_CALL_LOG]
09-10 07:35:17.159   565   565 I sysui_multi_action: [757,1243,758,4,806,com.android.providers.contacts,1241,android.permission.READ_PHONE_STATE]
09-10 07:35:17.159   565   565 I sysui_multi_action: [757,1243,758,4,806,com.android.providers.contacts,1241,android.permission.WRITE_CONTACTS]
09-10 07:35:17.160   565   565 I sysui_multi_action: [757,1243,758,4,806,com.android.providers.contacts,1241,android.permission.WRITE_CALL_LOG]
09-10 07:35:17.160   565   565 I sysui_multi_action: [757,1243,758,4,806,com.android.providers.contacts,1241,android.permission.GET_ACCOUNTS]
09-10 07:35:17.160   565   565 I sysui_multi_action: [757,1243,758,4,806,com.android.providers.contacts,1241,android.permission.READ_CONTACTS]
09-10 07:35:17.160   565   565 I sysui_multi_action: [757,1243,758,4,806,com.android.managedprovisioning,1241,android.permission.POST_NOTIFICATIONS]
09-10 07:35:17.160   565   565 I sysui_multi_action: [757,1243,758,4,806,com.android.sharedstoragebackup,1241,android.permission.READ_EXTERNAL_STORAGE]
09-10 07:35:17.160   565   565 I sysui_multi_action: [757,1243,758,4,806,com.android.sharedstoragebackup,1241,android.permission.WRITE_EXTERNAL_STORAGE]
09-10 07:35:17.160   565   565 I sysui_multi_action: [757,1243,758,4,806,com.android.bips,1241,android.permission.POST_NOTIFICATIONS]
09-10 07:35:17.160   565   565 I sysui_multi_action: [757,1243,758,4,806,com.android.providers.downloads,1241,android.permission.POST_NOTIFICATIONS]
09-10 07:35:17.161   565   565 I sysui_multi_action: [757,1243,758,4,806,com.android.providers.downloads,1241,android.permission.READ_EXTERNAL_STORAGE]
09-10 07:35:17.161   565   565 I sysui_multi_action: [757,1243,758,4,806,com.android.providers.downloads,1241,android.permission.WRITE_EXTERNAL_STORAGE]
09-10 07:35:17.161   565   565 I sysui_multi_action: [757,1243,758,4,806,com.android.apps.tag,1241,android.permission.CALL_PHONE]
09-10 07:35:17.161   565   565 I sysui_multi_action: [757,1243,758,4,806,com.android.apps.tag,1241,android.permission.READ_CONTACTS]
09-10 07:35:17.161   565   565 I sysui_multi_action: [757,1243,758,4,806,com.android.statementservice,1241,android.permission.POST_NOTIFICATIONS]
09-10 07:35:17.161   565   565 I sysui_multi_action: [757,1243,758,4,806,com.android.providers.calendar,1241,android.permission.READ_CALENDAR]
09-10 07:35:17.161   565   565 I sysui_multi_action: [757,1243,758,4,806,com.android.providers.calendar,1241,android.permission.READ_EXTERNAL_STORAGE]
09-10 07:35:17.161   565   565 I sysui_multi_action: [757,1243,758,4,806,com.android.providers.calendar,1241,android.permission.WRITE_CALENDAR]
09-10 07:35:17.161   565   565 I sysui_multi_action: [757,1243,758,4,806,com.android.providers.calendar,1241,android.permission.GET_ACCOUNTS]
09-10 07:35:17.165   565   565 I sysui_multi_action: [757,1243,758,4,806,com.android.providers.calendar,1241,android.permission.WRITE_EXTERNAL_STORAGE]
09-10 07:35:17.165   565   565 I sysui_multi_action: [757,1243,758,4,806,com.android.printspooler,1241,android.permission.POST_NOTIFICATIONS]
09-10 07:35:17.165   565   565 I sysui_multi_action: [757,1243,758,4,806,com.android.printspooler,1241,android.permission.ACCESS_FINE_LOCATION]
09-10 07:35:17.165   565   565 I sysui_multi_action: [757,1243,758,4,806,com.android.printspooler,1241,android.permission.ACCESS_COARSE_LOCATION]
09-10 07:35:17.166   565   565 I sysui_multi_action: [757,1243,758,4,806,com.android.egg,1241,android.permission.POST_NOTIFICATIONS]
09-10 07:35:17.166   565   565 I sysui_multi_action: [757,1243,758,4,806,com.android.carrierdefaultapp,1241,android.permission.POST_NOTIFICATIONS]
09-10 07:35:17.166   565   565 I sysui_multi_action: [757,1243,758,4,806,com.android.bluetoothmidiservice,1241,android.permission.BLUETOOTH_CONNECT]
09-10 07:35:17.166   565   565 I sysui_multi_action: [757,1243,758,4,806,com.android.bluetoothmidiservice,1241,android.permission.BLUETOOTH_ADVERTISE]
09-10 07:35:17.166   565   565 I sysui_multi_action: [757,1243,758,4,806,com.android.bluetoothmidiservice,1241,android.permission.BLUETOOTH_SCAN]
09-10 07:35:17.166   565   565 I sysui_multi_action: [757,1243,758,4,806,com.android.captiveportallogin,1241,android.permission.POST_NOTIFICATIONS]
09-10 07:35:17.166   565   565 I sysui_multi_action: [757,1243,758,4,806,com.android.traceur,1241,android.permission.POST_NOTIFICATIONS]
09-10 07:35:17.166   565   565 I sysui_multi_action: [757,1243,758,4,806,com.android.companiondevicemanager,1241,android.permission.ACCESS_FINE_LOCATION]
09-10 07:35:17.166   565   565 I sysui_multi_action: [757,1243,758,4,806,com.android.companiondevicemanager,1241,android.permission.BLUETOOTH_CONNECT]
09-10 07:35:17.166   565   565 I sysui_multi_action: [757,1243,758,4,806,com.android.companiondevicemanager,1241,android.permission.ACCESS_COARSE_LOCATION]
09-10 07:35:17.166   565   565 I sysui_multi_action: [757,1243,758,4,806,com.android.companiondevicemanager,1241,android.permission.BLUETOOTH_ADVERTISE]
09-10 07:35:17.167   565   565 I sysui_multi_action: [757,1243,758,4,806,com.android.companiondevicemanager,1241,android.permission.ACCESS_BACKGROUND_LOCATION]
09-10 07:35:17.167   565   565 I sysui_multi_action: [757,1243,758,4,806,com.android.companiondevicemanager,1241,android.permission.BLUETOOTH_SCAN]
09-10 07:35:17.167   565   565 I sysui_multi_action: [757,1243,758,4,806,com.android.dialer,1241,android.permission.POST_NOTIFICATIONS]
09-10 07:35:17.167   565   565 I sysui_multi_action: [757,1243,758,4,806,com.android.dialer,1241,android.permission.READ_CALL_LOG]
09-10 07:35:17.167   565   565 I sysui_multi_action: [757,1243,758,4,806,com.android.dialer,1241,android.permission.READ_PHONE_STATE]
09-10 07:35:17.167   565   565 I sysui_multi_action: [757,1243,758,4,806,com.android.dialer,1241,android.permission.SEND_SMS]
09-10 07:35:17.167   565   565 I sysui_multi_action: [757,1243,758,4,806,com.android.dialer,1241,android.permission.CALL_PHONE]
09-10 07:35:17.167   565   565 I sysui_multi_action: [757,1243,758,4,806,com.android.dialer,1241,android.permission.WRITE_CONTACTS]
09-10 07:35:17.167   565   565 I sysui_multi_action: [757,1243,758,4,806,com.android.dialer,1241,android.permission.CAMERA]
09-10 07:35:17.167   565   565 I sysui_multi_action: [757,1243,758,4,806,com.android.dialer,1241,android.permission.WRITE_CALL_LOG]
09-10 07:35:17.168   565   565 I sysui_multi_action: [757,1243,758,4,806,com.android.dialer,1241,android.permission.PROCESS_OUTGOING_CALLS]
09-10 07:35:17.168   565   565 I sysui_multi_action: [757,1243,758,4,806,com.android.dialer,1241,android.permission.GET_ACCOUNTS]
09-10 07:35:17.168   565   565 I sysui_multi_action: [757,1243,758,4,806,com.android.dialer,1241,android.permission.READ_CONTACTS]
09-10 07:35:17.168   565   565 I sysui_multi_action: [757,1243,758,4,806,com.android.dialer,1241,com.android.voicemail.permission.ADD_VOICEMAIL]
09-10 07:35:17.168   565   565 I sysui_multi_action: [757,1243,758,4,806,com.android.contacts,1241,android.permission.READ_CALL_LOG]
09-10 07:35:17.169   565   565 I sysui_multi_action: [757,1243,758,4,806,com.android.contacts,1241,android.permission.READ_PHONE_STATE]
09-10 07:35:17.169   565   565 I sysui_multi_action: [757,1243,758,4,806,com.android.contacts,1241,android.permission.CALL_PHONE]
09-10 07:35:17.169   565   565 I sysui_multi_action: [757,1243,758,4,806,com.android.contacts,1241,android.permission.WRITE_CONTACTS]
09-10 07:35:17.169   565   565 I sysui_multi_action: [757,1243,758,4,806,com.android.contacts,1241,android.permission.GET_ACCOUNTS]
09-10 07:35:17.169   565   565 I sysui_multi_action: [757,1243,758,4,806,com.android.contacts,1241,android.permission.READ_CONTACTS]
09-10 07:35:17.169   565   565 I sysui_multi_action: [757,1243,758,4,806,com.android.music,1241,android.permission.READ_MEDIA_VISUAL_USER_SELECTED]
09-10 07:35:17.169   565   565 I sysui_multi_action: [757,1243,758,4,806,com.android.music,1241,android.permission.READ_EXTERNAL_STORAGE]
09-10 07:35:17.169   565   565 I sysui_multi_action: [757,1243,758,4,806,com.android.music,1241,android.permission.READ_MEDIA_IMAGES]
09-10 07:35:17.169   565   565 I sysui_multi_action: [757,1243,758,4,806,com.android.music,1241,android.permission.READ_MEDIA_AUDIO]
09-10 07:35:17.169   565   565 I sysui_multi_action: [757,1243,758,4,806,com.android.music,1241,android.permission.READ_MEDIA_VIDEO]
09-10 07:35:17.170   565   565 I sysui_multi_action: [757,1243,758,4,806,com.android.camera2,1241,android.permission.CAMERA]
09-10 07:35:17.170   565   565 I sysui_multi_action: [757,1243,758,4,806,com.android.camera2,1241,android.permission.RECORD_AUDIO]
09-10 07:35:17.170   565   565 I sysui_multi_action: [757,1243,758,4,806,com.android.calendar,1241,android.permission.READ_CALENDAR]
09-10 07:35:17.170   565   565 I sysui_multi_action: [757,1243,758,4,806,com.android.calendar,1241,android.permission.POST_NOTIFICATIONS]
09-10 07:35:17.170   565   565 I sysui_multi_action: [757,1243,758,4,806,com.android.calendar,1241,android.permission.WRITE_CALENDAR]
09-10 07:35:17.170   565   565 I sysui_multi_action: [757,1243,758,4,806,com.android.calendar,1241,android.permission.GET_ACCOUNTS]
09-10 07:35:17.170   565   565 I sysui_multi_action: [757,1243,758,4,806,com.android.calendar,1241,android.permission.READ_CONTACTS]
09-10 07:35:17.170   565   565 I sysui_multi_action: [757,1243,758,4,806,com.android.messaging,1241,android.permission.READ_SMS]
09-10 07:35:17.170   565   565 I sysui_multi_action: [757,1243,758,4,806,com.android.messaging,1241,android.permission.POST_NOTIFICATIONS]
09-10 07:35:17.171   565   565 I sysui_multi_action: [757,1243,758,4,806,com.android.messaging,1241,android.permission.READ_MEDIA_VISUAL_USER_SELECTED]
09-10 07:35:17.171   565   565 I sysui_multi_action: [757,1243,758,4,806,com.android.messaging,1241,android.permission.RECEIVE_MMS]
09-10 07:35:17.171   565   565 I sysui_multi_action: [757,1243,758,4,806,com.android.messaging,1241,android.permission.RECEIVE_SMS]
09-10 07:35:17.171   565   565 I sysui_multi_action: [757,1243,758,4,806,com.android.messaging,1241,android.permission.READ_EXTERNAL_STORAGE]
09-10 07:35:17.171   565   565 I sysui_multi_action: [757,1243,758,4,806,com.android.messaging,1241,android.permission.READ_PHONE_STATE]
09-10 07:35:17.171   565   565 I sysui_multi_action: [757,1243,758,4,806,com.android.messaging,1241,android.permission.SEND_SMS]
09-10 07:35:17.171   565   565 I sysui_multi_action: [757,1243,758,4,806,com.android.messaging,1241,android.permission.CALL_PHONE]
09-10 07:35:17.171   565   565 I sysui_multi_action: [757,1243,758,4,806,com.android.messaging,1241,android.permission.READ_MEDIA_IMAGES]
09-10 07:35:17.171   565   565 I sysui_multi_action: [757,1243,758,4,806,com.android.messaging,1241,android.permission.WRITE_CONTACTS]
09-10 07:35:17.171   565   565 I sysui_multi_action: [757,1243,758,4,806,com.android.messaging,1241,android.permission.CAMERA]
09-10 07:35:17.172   565   565 I sysui_multi_action: [757,1243,758,4,806,com.android.messaging,1241,android.permission.READ_MEDIA_AUDIO]
09-10 07:35:17.172   565   565 I sysui_multi_action: [757,1243,758,4,806,com.android.messaging,1241,android.permission.READ_MEDIA_VIDEO]
09-10 07:35:17.172   565   565 I sysui_multi_action: [757,1243,758,4,806,com.android.messaging,1241,android.permission.WRITE_EXTERNAL_STORAGE]
09-10 07:35:17.172   565   565 I sysui_multi_action: [757,1243,758,4,806,com.android.messaging,1241,android.permission.RECORD_AUDIO]
09-10 07:35:17.172   565   565 I sysui_multi_action: [757,1243,758,4,806,com.android.messaging,1241,android.permission.READ_CONTACTS]
09-10 07:35:17.172   565   565 I sysui_multi_action: [757,1243,758,4,806,com.android.messaging,1241,android.permission.ACCESS_MEDIA_LOCATION]
09-10 07:35:17.172   565   565 I sysui_multi_action: [757,1243,758,4,806,com.android.emergency,1241,android.permission.READ_PHONE_STATE]
09-10 07:35:17.172   565   565 I sysui_multi_action: [757,1243,758,4,806,com.android.emergency,1241,android.permission.CALL_PHONE]
09-10 07:35:17.172   565   565 I sysui_multi_action: [757,1243,758,4,806,com.android.emergency,1241,android.permission.READ_CONTACTS]
09-10 07:35:17.172   565   565 I sysui_multi_action: [757,1243,758,4,806,com.android.systemui,1241,android.permission.POST_NOTIFICATIONS]
09-10 07:35:17.173   565   565 I sysui_multi_action: [757,1243,758,4,806,com.android.systemui,1241,android.permission.BLUETOOTH_CONNECT]
09-10 07:35:17.173   565   565 I sysui_multi_action: [757,1243,758,4,806,com.android.systemui,1241,android.permission.READ_EXTERNAL_STORAGE]
09-10 07:35:17.173   565   565 I sysui_multi_action: [757,1243,758,4,806,com.android.systemui,1241,android.permission.CAMERA]
09-10 07:35:17.173   565   565 I sysui_multi_action: [757,1243,758,4,806,com.android.systemui,1241,android.permission.BLUETOOTH_ADVERTISE]
09-10 07:35:17.173   565   565 I sysui_multi_action: [757,1243,758,4,806,com.android.systemui,1241,android.permission.GET_ACCOUNTS]
09-10 07:35:17.174   565   565 I sysui_multi_action: [757,1243,758,4,806,com.android.systemui,1241,android.permission.RECORD_AUDIO]
09-10 07:35:17.174   565   565 I sysui_multi_action: [757,1243,758,4,806,com.android.systemui,1241,android.permission.READ_CONTACTS]
09-10 07:35:17.174   565   565 I sysui_multi_action: [757,1243,758,4,806,com.android.systemui,1241,android.permission.BLUETOOTH_SCAN]
09-10 07:35:17.174   565   565 I sysui_multi_action: [757,1243,758,4,806,com.android.launcher3,1241,android.permission.POST_NOTIFICATIONS]
09-10 07:35:17.174   565   565 I sysui_multi_action: [757,1243,758,4,806,com.android.storagemanager,1241,android.permission.POST_NOTIFICATIONS]
09-10 07:35:17.174   565   565 I sysui_multi_action: [757,1243,758,4,806,com.android.storagemanager,1241,android.permission.READ_EXTERNAL_STORAGE]
09-10 07:35:17.174   565   565 I sysui_multi_action: [757,1243,758,4,806,com.android.storagemanager,1241,android.permission.WRITE_EXTERNAL_STORAGE]
09-10 07:35:17.174   565   565 I sysui_multi_action: [757,1243,758,4,806,com.android.cellbroadcastreceiver.module,1241,android.permission.READ_SMS]
09-10 07:35:17.174   565   565 I sysui_multi_action: [757,1243,758,4,806,com.android.cellbroadcastreceiver.module,1241,android.permission.POST_NOTIFICATIONS]
09-10 07:35:17.174   565   565 I sysui_multi_action: [757,1243,758,4,806,com.android.cellbroadcastreceiver.module,1241,android.permission.RECEIVE_SMS]
09-10 07:35:17.175   565   565 I sysui_multi_action: [757,1243,758,4,806,com.android.cellbroadcastreceiver.module,1241,android.permission.BLUETOOTH_CONNECT]
09-10 07:35:17.175   565   565 I sysui_multi_action: [757,1243,758,4,806,com.android.cellbroadcastreceiver.module,1241,android.permission.READ_CELL_BROADCASTS]
09-10 07:35:17.175   565   565 I sysui_multi_action: [757,1243,758,4,806,android.ext.services,1241,android.permission.ACCESS_COARSE_LOCATION]
09-10 07:35:17.175   565   565 I sysui_multi_action: [757,1243,758,4,806,com.android.providers.media.module,1241,android.permission.POST_NOTIFICATIONS]
09-10 07:35:17.175   565   565 I sysui_multi_action: [757,1243,758,4,806,com.android.providers.media.module,1241,android.permission.READ_EXTERNAL_STORAGE]
09-10 07:35:17.175   565   565 I sysui_multi_action: [757,1243,758,4,806,com.android.providers.media.module,1241,android.permission.WRITE_EXTERNAL_STORAGE]
09-10 07:35:17.175   565   565 I sysui_multi_action: [757,1243,758,4,806,com.android.devicelockcontroller,1241,android.permission.POST_NOTIFICATIONS]
09-10 07:35:17.175   565   565 I sysui_multi_action: [757,1243,758,4,806,com.android.permissioncontroller,1241,android.permission.POST_NOTIFICATIONS]
09-10 07:35:17.185   565   565 I rescue_note: [0,1,18103]
09-10 07:35:17.285   565   565 I boot_progress_ams_ready: 18203
09-10 07:35:17.288   565   565 I configuration_changed: 268468224
09-10 07:35:17.298   565   666 I commit_sys_config_file: [settings-0-0,3]
09-10 07:35:17.299   565   565 I thermal_changed: [test temperature sensor,3,30.799999,0,0]
09-10 07:35:17.311   565   666 I commit_sys_config_file: [settings-2-0,3]
09-10 07:35:17.353   565   565 I am_uid_running: 10120
09-10 07:35:17.361   565   591 I commit_sys_config_file: [notification-policy,6]
09-10 07:35:17.368   565   602 I am_proc_start: [0,929,10120,com.android.systemui,service,{com.android.systemui/com.android.systemui.wallpapers.ImageWallpaper}]
09-10 07:35:17.375   565   917 I am_uid_running: 10141
09-10 07:35:17.383   565   602 I am_proc_start: [0,937,10141,com.android.permissioncontroller,service,{com.android.permissioncontroller/com.android.permissioncontroller.permission.service.PermissionControllerServiceImpl}]
09-10 07:35:17.385   565   584 I am_proc_bound: [0,929,com.android.systemui]
09-10 07:35:17.390   565   584 I am_uid_active: 10120
09-10 07:35:17.402   565   836 I am_proc_bound: [0,937,com.android.permissioncontroller]
09-10 07:35:17.408   565   636 I am_uid_running: 1037
09-10 07:35:17.414   565   841 I commit_sys_config_file: [net-policy,8]
09-10 07:35:17.431   565   602 I am_proc_start: [0,960,1037,WebViewLoader-x86_64,,]
09-10 07:35:17.439   565   584 I am_proc_bound: [0,960,WebViewLoader-x86_64]
09-10 07:35:17.439   565   584 I am_uid_active: 1037
09-10 07:35:17.455   565   839 I netstats_mobile_sample: [0,0,0,0,0,0,0,0,1789025717454]
09-10 07:35:17.455   565   839 I netstats_wifi_sample: [0,0,0,0,0,0,0,0,1789025717454]
09-10 07:35:17.459   565   839 I netstats_mobile_sample: [0,0,0,0,0,0,0,0,1789025717459]
09-10 07:35:17.459   565   839 I netstats_wifi_sample: [0,0,0,0,0,0,0,0,1789025717459]
09-10 07:35:17.467   565   585 I am_uid_active: 10141
09-10 07:35:17.554   565   584 I am_proc_died: [0,960,WebViewLoader-x86_64,-700,0]
09-10 07:35:17.555   565   584 I am_uid_stopped: 1037
09-10 07:35:17.555   565   584 I am_low_memory: 3
09-10 07:35:17.560   565   584 I wm_task_created: 2
09-10 07:35:17.562   565   666 I commit_sys_config_file: [settings-0-0,4]
09-10 07:35:17.563   565   584 I wm_task_created: 3
09-10 07:35:17.565   565   585 I wm_task_created: 4
09-10 07:35:17.617   565  1025 I wm_task_removed: [3,3,0,reParentTask:sanitizeAndApplyHierarchyOp]
09-10 07:35:17.617   565  1025 I wm_task_moved: [3,2,0,1,2147483647]
09-10 07:35:17.617   565  1025 I wm_task_removed: [4,4,0,reParentTask:sanitizeAndApplyHierarchyOp]
09-10 07:35:17.618   565  1025 I wm_task_moved: [4,2,0,1,2147483647]
09-10 07:35:17.620   565   565 I am_uid_running: 1073
09-10 07:35:17.626   929   972 I viewroot_draw_event: [VRI[ShellDropTarget],Not drawing due to not visible. Reason=View.INVISIBLE]
09-10 07:35:17.636   565   602 I am_proc_start: [0,1039,1073,com.android.networkstack.process,service,{com.android.networkstack/com.android.server.NetworkStackService}]
09-10 07:35:17.659   565   565 I ssm_user_starting: 0
09-10 07:35:17.662   565   592 I commit_sys_config_file: [input-state,4]
09-10 07:35:17.667   565   600 I service_manager_slow: [13,time_detector]
09-10 07:35:17.672   565  1025 I am_proc_bound: [0,1039,com.android.networkstack.process]
09-10 07:35:17.679   565  1025 I am_uid_active: 1073
09-10 07:35:17.687   565   600 I netstats_mobile_sample: [0,0,0,0,0,0,0,0,1789025717687]
09-10 07:35:17.687   565   600 I netstats_wifi_sample: [0,0,0,0,0,0,0,0,1789025717687]
09-10 07:35:17.690   565   666 I commit_sys_config_file: [settings-2-0,2]
09-10 07:35:17.723   565  1069 I sysui_multi_action: [757,1243,758,4,806,com.android.settings.intelligence,1241,android.permission.POST_NOTIFICATIONS]
09-10 07:35:17.731   565   591 I commit_sys_config_file: [notification-policy,4]
09-10 07:35:17.734   565  1069 I sysui_multi_action: [757,1243,758,4,806,com.android.gallery3d,1241,android.permission.ACCESS_MEDIA_LOCATION]
09-10 07:35:17.735   565  1069 I sysui_multi_action: [757,1243,758,4,806,com.android.gallery3d,1241,android.permission.WRITE_EXTERNAL_STORAGE]
09-10 07:35:17.735   565  1069 I sysui_multi_action: [757,1243,758,4,806,com.android.gallery3d,1241,android.permission.READ_MEDIA_VIDEO]
09-10 07:35:17.735   565  1069 I sysui_multi_action: [757,1243,758,4,806,com.android.gallery3d,1241,android.permission.READ_MEDIA_AUDIO]
09-10 07:35:17.736   565  1069 I sysui_multi_action: [757,1243,758,4,806,com.android.gallery3d,1241,android.permission.READ_MEDIA_IMAGES]
09-10 07:35:17.736   565  1069 I sysui_multi_action: [757,1243,758,4,806,com.android.gallery3d,1241,android.permission.READ_EXTERNAL_STORAGE]
09-10 07:35:17.737   565  1069 I sysui_multi_action: [757,1243,758,4,806,com.android.gallery3d,1241,android.permission.READ_MEDIA_VISUAL_USER_SELECTED]
09-10 07:35:17.747   565   600 I netstats_mobile_sample: [0,0,0,0,0,0,0,0,1789025717746]
09-10 07:35:17.747   565   600 I netstats_wifi_sample: [0,0,0,0,0,0,0,0,1789025717746]
09-10 07:35:17.789   565  1034 I sysui_multi_action: [757,856,758,1,806,com.android.networkstack,857,connected_note_loud,858,4]
09-10 07:35:17.789   565  1034 I sysui_multi_action: [757,856,758,1,806,com.android.networkstack,857,connected_note,858,3]
09-10 07:35:17.797   565   600 I service_manager_slow: [14,time_detector]
09-10 07:35:17.797   565  1069 I sysui_multi_action: [757,1243,758,4,806,org.chromium.webview_shell,1241,android.permission.ACCESS_FINE_LOCATION]
09-10 07:35:17.797   565   600 I netstats_mobile_sample: [0,0,0,0,0,0,0,0,1789025717797]
09-10 07:35:17.797   565   600 I netstats_wifi_sample: [0,0,0,0,0,0,0,0,1789025717797]
09-10 07:35:17.816   565  1025 I sysui_multi_action: [757,856,758,1,806,com.android.networkstack.tethering,857,TETHERING_STATUS,858,2]
09-10 07:35:17.820   565   683 I am_uid_running: 1002
09-10 07:35:17.828   565   602 I am_proc_start: [0,1089,1002,com.android.bluetooth,service,{com.android.bluetooth/com.android.bluetooth.btservice.AdapterService}]
09-10 07:35:17.831   565   565 I service_manager_stats: [464,247,5002]
09-10 07:35:17.837   565   565 I um_user_visibility_changed: [0,1]
09-10 07:35:17.840   565   565 I am_uid_running: 1068
09-10 07:35:17.842   565   565 I am_uid_running: 1001
09-10 07:35:17.849   565  1034 I am_wtf  : [0,1039,com.android.networkstack.process,680050253,SystemServiceRegistry,No service published for: ethernet]
09-10 07:35:17.861   565   600 I netstats_mobile_sample: [0,0,0,0,0,0,0,0,1789025717860]
09-10 07:35:17.861   565   600 I netstats_wifi_sample: [0,0,0,0,0,0,0,0,1789025717860]
09-10 07:35:17.857  1039  1039 I auditd  : type=1400 audit(0.0:6): avc:  granted  { read } for  comm="rkstack.process" name="psched" dev="proc" ino=4026532021 scontext=u:r:network_stack:s0 tcontext=u:object_r:proc_net:s0 tclass=file
09-10 07:35:17.864   565   600 I netstats_mobile_sample: [0,0,0,0,0,0,0,0,1789025717864]
09-10 07:35:17.864   565   600 I netstats_wifi_sample: [0,0,0,0,0,0,0,0,1789025717864]
09-10 07:35:17.864   565   565 I wm_task_created: 5
09-10 07:35:17.868   565   565 I wm_task_moved: [5,1,0,1,2147483647]
09-10 07:35:17.869   565   600 I netstats_mobile_sample: [0,0,0,0,0,0,0,0,1789025717869]
09-10 07:35:17.869   565   600 I netstats_wifi_sample: [0,0,0,0,0,0,0,0,1789025717869]
09-10 07:35:17.870   565   565 I wm_task_moved: [1,1,0,1,1]
09-10 07:35:17.870   565   565 I wm_create_task: [0,5,1,0]
09-10 07:35:17.870   565   565 I wm_create_activity: [0,47925708,5,com.android.settings/.FallbackHome,android.intent.action.MAIN,NULL,NULL,276824320]
09-10 07:35:17.870   565   565 I wm_task_moved: [1,1,0,1,1]
09-10 07:35:17.871   565   565 I wm_task_moved: [5,1,0,1,2147483647]
09-10 07:35:17.871   565   565 I wm_task_to_front: [0,5,0]
09-10 07:35:17.861  1039  1039 I auditd  : type=1400 audit(0.0:7): avc:  granted  { read open } for  comm="rkstack.process" path="/proc/1039/net/psched" dev="proc" ino=4026532021 scontext=u:r:network_stack:s0 tcontext=u:object_r:proc_net:s0 tclass=file
09-10 07:35:17.872   565   565 I uc_send_user_broadcast: [0,android.intent.action.USER_STARTED]
09-10 07:35:17.873   565   565 I uc_send_user_broadcast: [0,android.intent.action.USER_STARTING]
09-10 07:35:17.865  1039  1039 I auditd  : type=1400 audit(0.0:8): avc:  granted  { getattr } for  comm="rkstack.process" path="/proc/1039/net/psched" dev="proc" ino=4026532021 scontext=u:r:network_stack:s0 tcontext=u:object_r:proc_net:s0 tclass=file
09-10 07:35:17.876   565   565 I uc_send_user_broadcast: [0,android.intent.action.USER_FOREGROUND]
09-10 07:35:17.877   565   565 I uc_send_user_broadcast: [0,android.intent.action.USER_SWITCHED]
09-10 07:35:17.877   565  1036 I am_proc_bound: [0,1089,com.android.bluetooth]
09-10 07:35:17.881   565   602 I am_proc_start: [0,1099,1068,com.android.se,added application,com.android.se]
09-10 07:35:17.883   565  1025 I am_proc_bound: [0,1099,com.android.se]
09-10 07:35:17.884   565  1025 I am_uid_active: 1068
09-10 07:35:17.890   565   666 I commit_sys_config_file: [settings-0-0,4]
09-10 07:35:17.890   565   602 I am_proc_start: [0,1111,1001,com.android.phone,added application,com.android.phone]
09-10 07:35:17.897   565   602 I am_proc_start: [0,1122,1000,com.android.settings,top-activity,{com.android.settings/com.android.settings.FallbackHome}]
09-10 07:35:17.910   565  1036 I am_proc_bound: [0,1111,com.android.phone]
09-10 07:35:17.911   565  1036 I am_uid_active: 1001
09-10 07:35:17.915   565  1036 I am_proc_bound: [0,1122,com.android.settings]
09-10 07:35:17.934   565  1025 I am_uid_active: 1002
09-10 07:35:17.963   565   666 I commit_sys_config_file: [settings-2-0,1]
09-10 07:35:17.974   565   565 I notification_cancel_all: [1000,565,android,0,0,0,20,NULL]
09-10 07:35:17.974   565   565 I notification_cancel_all: [1000,565,android,0,0,0,20,NULL]
09-10 07:35:17.974   565   565 I notification_cancel_all: [1000,565,android,0,0,0,20,NULL]
09-10 07:35:18.061   565   591 I commit_sys_config_file: [notification-policy,11]
09-10 07:35:18.094   565  1034 I wm_restart_activity: [0,47925708,5,com.android.settings/.FallbackHome]
09-10 07:35:18.097   565  1034 I wm_set_resumed_activity: [0,com.android.settings/.FallbackHome,realStartActivityLocked - onActivityStateChanged]
09-10 07:35:18.103   565   565 I notification_enqueue: [1000,565,android,19,NULL,-1,Notification(channel=PHYSICAL_KEYBOARD shortcut=null contentView=null vibrate=null sound=null defaults=0 flags=AUTO_CANCEL|CAN_COLORIZE color=0x00000000 vis=PRIVATE),0]
09-10 07:35:18.145   565   565 I sysui_multi_action: [757,856,758,1,806,com.android.server.telecom,857,TelecomMissedCalls,858,3]
09-10 07:35:18.145   565   565 I sysui_multi_action: [757,856,758,1,806,com.android.server.telecom,857,TelecomIncomingCalls,858,5]
09-10 07:35:18.145   565   565 I sysui_multi_action: [757,856,758,1,806,com.android.server.telecom,857,TelecomCallBlocking,858,2]
09-10 07:35:18.145   565   565 I sysui_multi_action: [757,856,758,1,806,com.android.server.telecom,857,TelecomBackgroundAudioProcessing,858,2]
09-10 07:35:18.145   565   565 I sysui_multi_action: [757,856,758,1,806,com.android.server.telecom,857,TelecomDisconnectedCalls,858,3]
09-10 07:35:18.146   565   565 I sysui_multi_action: [757,856,758,1,806,com.android.server.telecom,857,TelecomInCallServiceCrash,858,3]
09-10 07:35:18.146   565   565 I sysui_multi_action: [757,856,758,1,806,com.android.server.telecom,857,TelecomCallStreaming,858,3]
09-10 07:35:18.159  1122  1122 I wm_on_create_called: [47925708,com.android.settings.FallbackHome,performCreate,39]
09-10 07:35:18.160  1122  1122 I wm_on_start_called: [47925708,com.android.settings.FallbackHome,handleStartActivity,0]
09-10 07:35:18.160  1122  1122 I wm_on_resume_called: [47925708,com.android.settings.FallbackHome,RESUME_ACTIVITY,0]
09-10 07:35:18.166  1122  1122 I wm_on_top_resumed_gained_called: [47925708,com.android.settings.FallbackHome,topStateChangedWhenResumed]
09-10 07:35:18.184   565   593 I input_focus: [Focus request dfcd866 com.android.settings/com.android.settings.FallbackHome,reason=UpdateInputWindows]
09-10 07:35:18.202   565   565 I sysui_multi_action: [757,1501,758,1,793,538,794,0,795,538,796,19,806,android,857,PHYSICAL_KEYBOARD,858,2,947,0,1500,0]
09-10 07:35:18.202   565   565 I sysui_multi_action: [757,804,799,note_interruptive,801,0,802,1]
09-10 07:35:18.211   565   565 I sysui_multi_action: [757,859,758,6,806,android,860,safety_center_channels]
09-10 07:35:18.211   565   565 I sysui_multi_action: [757,856,758,1,806,android,857,safety_center_information,858,2]
09-10 07:35:18.211   565   565 I sysui_multi_action: [757,856,758,1,806,android,857,safety_center_recommendation,858,3]
09-10 07:35:18.211   565   565 I sysui_multi_action: [757,856,758,1,806,android,857,safety_center_critical_warning,858,4]
09-10 07:35:18.283  1122  1122 I viewroot_draw_event: [VRI[FallbackHome],reportDrawFinished seqId=0]
09-10 07:35:18.298   565   839 I netstats_mobile_sample: [0,0,0,0,0,0,0,0,1789025718297]
09-10 07:35:18.298   565   839 I netstats_wifi_sample: [0,0,0,0,0,0,0,0,1789025718297]
09-10 07:35:18.319   565  1035 I service_manager_slow: [19,user]
09-10 07:35:18.323   565   589 I sysui_multi_action: [319,441,322,439,325,18,757,761,758,7,759,2,806,com.android.settings,871,com.android.settings.FallbackHome,905,0,945,67,1320,4,1321,23]
09-10 07:35:18.335   565   589 I wm_activity_launch_time: [0,47925708,com.android.settings/.FallbackHome,439]
09-10 07:35:18.351   565   592 I boot_progress_enable_screen: 19270
09-10 07:35:18.351   565   592 I screen_toggled: 1
09-10 07:35:18.398   565  1034 I am_uid_running: 10121
09-10 07:35:18.403   565   666 I commit_sys_config_file: [settings-2-0,43]
09-10 07:35:18.409   565   591 I commit_sys_config_file: [notification-policy,11]
09-10 07:35:18.422   565   602 I am_proc_start: [0,1205,10121,com.android.launcher3,service,{com.android.launcher3/com.android.quickstep.TouchInteractionService}]
09-10 07:35:18.441   565  1034 I am_proc_bound: [0,1205,com.android.launcher3]
09-10 07:35:18.544   565   601 I am_wtf  : [0,565,system_server,-1,Binder,Outgoing transactions from this process must be FLAG_ONEWAY]
09-10 07:35:18.548   565   640 I am_uid_active: 10121
09-10 07:35:18.553  1205  1225 I jank_cuj_events_cancel_request: [-1,1789025718544095000,19462474761,19462474888]
09-10 07:35:18.706   565   622 I commit_sys_config_file: [package-user-0,19]
09-10 07:35:18.721   929  1204 I viewroot_draw_event: [VRI[ScreenDecorOverlay],Not drawing due to not visible. Reason=View.INVISIBLE]
09-10 07:35:18.724   929  1204 I viewroot_draw_event: [VRI[ScreenDecorOverlayBottom],Not drawing due to not visible. Reason=View.INVISIBLE]
09-10 07:35:18.730   565   666 I commit_sys_config_file: [settings-2-0,7]
09-10 07:35:18.744   565  1025 I sysui_multi_action: [757,856,758,1,806,com.android.bluetooth,857,opp_notification_channel,858,4]
09-10 07:35:18.748   565   622 I commit_sys_config_file: [package-user-0,40]
09-10 07:35:18.755   565   622 I commit_sys_config_file: [package-user-0,45]
09-10 07:35:18.761   565   666 I commit_sys_config_file: [settings-0-0,3]
09-10 07:35:18.763   565   622 I commit_sys_config_file: [package-user-0,30]
09-10 07:35:18.766   565   622 I commit_sys_config_file: [package-user-0,32]
09-10 07:35:18.771   565   622 I commit_sys_config_file: [package-user-0,35]
09-10 07:35:18.780   565   622 I commit_sys_config_file: [package-user-0,43]
09-10 07:35:18.784   565   622 I commit_sys_config_file: [package-user-0,45]
09-10 07:35:18.787   565   622 I commit_sys_config_file: [package-user-0,47]
09-10 07:35:18.792   565   622 I commit_sys_config_file: [package-user-0,34]
09-10 07:35:18.950   565   601 I am_uid_running: 10126
09-10 07:35:18.961   565   602 I am_proc_start: [0,1273,10126,com.android.cellbroadcastreceiver.module,broadcast,{com.android.cellbroadcastreceiver.module/com.android.cellbroadcastreceiver.CellBroadcastReceiver}]
09-10 07:35:18.966   929  1269 I sysui_multi_action: [757,213,758,4,759,-1]
09-10 07:35:18.979   565  1030 I am_proc_bound: [0,1273,com.android.cellbroadcastreceiver.module]
09-10 07:35:19.003   565   591 I commit_sys_config_file: [notification-policy,8]
09-10 07:35:19.023   565   836 I am_uid_running: 10069
09-10 07:35:19.037   565   602 I am_proc_start: [0,1294,10069,com.android.cellbroadcastreceiver,content provider,{com.android.cellbroadcastreceiver/com.android.cellbroadcastreceiver.LegacyCellBroadcastContentProvider}]
09-10 07:35:19.061   565  1034 I am_proc_bound: [0,1294,com.android.cellbroadcastreceiver]
09-10 07:35:19.099   565   591 I commit_sys_config_file: [jobs,4]
09-10 07:35:19.116   565  1030 I sysui_multi_action: [757,127,758,2]
09-10 07:35:19.116   565  1030 I notification_panel_hidden: 
09-10 07:35:19.126   565   666 I commit_sys_config_file: [settings-2-0,2]
09-10 07:35:19.234   565  1035 I sysui_multi_action: [757,856,758,1,806,com.android.phone,857,sms,858,4]
09-10 07:35:19.234   565  1035 I sysui_multi_action: [757,856,758,1,806,com.android.phone,857,wfc,858,2]
09-10 07:35:19.234   565  1035 I sysui_multi_action: [757,856,758,1,806,com.android.phone,857,simHighPriority,858,4]
09-10 07:35:19.234   565  1035 I sysui_multi_action: [757,856,758,1,806,com.android.phone,857,alert,858,3]
09-10 07:35:19.234   565  1035 I sysui_multi_action: [757,856,758,1,806,com.android.phone,857,mobileDataAlertNew,858,2]
09-10 07:35:19.234   565  1035 I sysui_multi_action: [757,856,758,1,806,com.android.phone,857,sim,858,2]
09-10 07:35:19.234   565  1035 I sysui_multi_action: [757,856,758,1,806,com.android.phone,857,callForwardNew,858,3]
09-10 07:35:19.242  1111  1258 I dvm_lock_sample: [com.android.phone,0,DeviceStateHelperThread,450,PhoneFactory.java,382,com.android.internal.telephony.Phone[] com.android.internal.telephony.PhoneFactory.getPhones(),-,486,com.android.internal.telephony.CommandsInterface[] com.android.internal.telephony.PhoneFactory.getCommandsInterfaces(),90]
09-10 07:35:19.318   565  1035 I sysui_multi_action: [757,856,758,1,806,com.android.systemui,857,ALR,858,4]
09-10 07:35:19.318   565  1035 I sysui_multi_action: [757,856,758,1,806,com.android.systemui,857,INS,858,1]
09-10 07:35:19.318   565  1035 I sysui_multi_action: [757,856,758,1,806,com.android.systemui,857,STP,858,3]
09-10 07:35:19.318   565  1035 I sysui_multi_action: [757,856,758,1,806,com.android.systemui,857,DSK,858,2]
09-10 07:35:19.318   565  1035 I sysui_multi_action: [757,856,758,1,806,com.android.systemui,857,SCN_HEADSUP,858,4]
09-10 07:35:19.318   565  1035 I sysui_multi_action: [757,856,758,1,806,com.android.systemui,857,BAT,858,5]
09-10 07:35:19.318   565  1035 I sysui_multi_action: [757,856,758,1,806,com.android.systemui,857,HNT,858,3]
09-10 07:35:19.320   565   565 I notification_cancel_all: [1000,565,com.android.systemui,0,0,0,20,NULL]
09-10 07:35:19.344   565   640 I commit_sys_config_file: [overlays,9]
09-10 07:35:19.354   565   589 I configuration_changed: -2147483648
09-10 07:35:19.360   565   589 I wm_relaunch_resume_activity: [0,47925708,5,com.android.settings/.FallbackHome,80000000]
09-10 07:35:19.363  1122  1122 I wm_on_top_resumed_lost_called: [47925708,com.android.settings.FallbackHome,pausing]
09-10 07:35:19.363  1122  1122 I wm_on_paused_called: [47925708,com.android.settings.FallbackHome,performPause,0]
09-10 07:35:19.365  1122  1122 I wm_on_stop_called: [47925708,com.android.settings.FallbackHome,handleRelaunchActivity,0]
09-10 07:35:19.366  1122  1122 I wm_on_destroy_called: [47925708,com.android.settings.FallbackHome,performDestroy,0]
09-10 07:35:19.372   565   593 I input_focus: [Requesting to set focus to null window,reason=UpdateInputWindows]
09-10 07:35:19.375   435   456 I sf_stop_bootanim: 20294
09-10 07:35:19.376   565  1034 I am_wtf  : [0,1039,com.android.networkstack.process,680050253,SystemServiceRegistry,No service published for: ethernet]
09-10 07:35:19.376   565   592 I wm_boot_animation_done: 20295
09-10 07:35:19.386  1122  1122 I wm_on_create_called: [47925708,com.android.settings.FallbackHome,performCreate,8]
09-10 07:35:19.391  1122  1122 I wm_on_start_called: [47925708,com.android.settings.FallbackHome,handleStartActivity,0]
09-10 07:35:19.392  1122  1122 I wm_on_resume_called: [47925708,com.android.settings.FallbackHome,RESUME_ACTIVITY,0]
09-10 07:35:19.392  1122  1122 I wm_on_top_resumed_gained_called: [47925708,com.android.settings.FallbackHome,topWhenResuming]
09-10 07:35:19.393  1122  1343 I jank_cuj_events_cancel_request: [81,1789025719370311000,20288689939,20288690032]
09-10 07:35:19.393  1122  1343 I jank_cuj_events_end_request: [81,1789025719370334000,20288711806,20288711857]
09-10 07:35:19.409   565   593 I input_focus: [Focus request 123457b com.android.settings/com.android.settings.FallbackHome,reason=UpdateInputWindows]
09-10 07:35:19.438  1122  1122 I viewroot_draw_event: [VRI[FallbackHome],reportDrawFinished seqId=0]
09-10 07:35:19.495   565   591 I commit_sys_config_file: [notification-policy,10]
09-10 07:35:19.546   565   592 I uc_finish_user_boot: 0
09-10 07:35:19.546   565   592 I am_user_state_changed: [0,1]
09-10 07:35:19.547   565   592 I uc_send_user_broadcast: [0,android.intent.action.LOCKED_BOOT_COMPLETED]
09-10 07:35:19.550   565   592 I uc_finish_user_unlocking: 0
09-10 07:35:19.562   565   565 I notification_enqueue: [1000,565,android,55,NULL,-1,Notification(channel=DEVELOPER shortcut=null contentView=null vibrate=null sound=null tick defaults=0 flags=ONGOING_EVENT|CAN_COLORIZE color=0x00000000 vis=PUBLIC),0]
09-10 07:35:19.563   565   565 I sysui_multi_action: [757,1501,758,1,793,10,794,0,795,10,796,55,806,android,857,DEVELOPER,858,2,947,0,1500,0]
09-10 07:35:19.563   565   565 I sysui_multi_action: [757,804,799,note_interruptive,801,0,802,1]
09-10 07:35:19.584   565   602 I am_proc_start: [0,1364,10127,android.ext.services,on-hold,]
09-10 07:35:19.612   435   435 I sf_frame_dur: [com.android.settings/com.android.settings.FallbackHome#57,0,0,0,0,0,0,1]
09-10 07:35:19.616   565   679 I input_focus: [Focus entering 123457b com.android.settings/com.android.settings.FallbackHome (server),reason=Window became focusable. Previous reason: NOT_VISIBLE]
09-10 07:35:19.642   565   687 I am_uid_running: 10109
09-10 07:35:19.647   565   666 I commit_sys_config_file: [settings-0-0,11]
09-10 07:35:19.661   565   640 I am_proc_bound: [0,1364,android.ext.services]
09-10 07:35:19.707   565   666 I commit_sys_config_file: [settings-2-0,5]
09-10 07:35:19.720   565   565 I notification_autogrouped: -1|android|55|null|1000
09-10 07:35:19.720   565   565 I notification_autogrouped: -1|android|19|null|1000
09-10 07:35:19.732   565   602 I am_proc_start: [0,1383,10109,com.android.inputmethod.latin,service,{com.android.inputmethod.latin/com.android.inputmethod.latin.LatinIME}]
09-10 07:35:19.760   565   565 I notification_enqueue: [1000,565,android,2147483647,ranker_group,-1,Notification(channel=DEVELOPER shortcut=null contentView=null vibrate=null sound=null defaults=0 flags=ONGOING_EVENT|LOCAL_ONLY|GROUP_SUMMARY|AUTOGROUP_SUMMARY color=0x00000000 groupKey=ranker_group vis=PUBLIC),0]
09-10 07:35:19.761   565   859 I notification_adjusted: [-1|android|55|null|1000,key_group_key,ranker_group]
09-10 07:35:19.761   565   859 I notification_adjusted: [-1|android|19|null|1000,key_group_key,ranker_group]
09-10 07:35:19.781   565   640 I am_uid_active: 10127
09-10 07:35:19.769     1     1 I auditd  : type=1400 audit(0.0:9): avc:  denied  { write } for  comm="init" name="cfg80211_gtk_rekey_notify" dev="tracefs" ino=16390 scontext=u:r:init:s0 tcontext=u:object_r:debugfs_wifi_tracing:s0 tclass=dir permissive=0
09-10 07:35:19.769     1     1 I auditd  : type=1400 audit(0.0:10): avc:  denied  { write } for  comm="init" name="rdev_add_key" dev="tracefs" ino=16393 scontext=u:r:init:s0 tcontext=u:object_r:debugfs_wifi_tracing:s0 tclass=dir permissive=0
09-10 07:35:19.804   565   640 I am_proc_bound: [0,1383,com.android.inputmethod.latin]
09-10 07:35:19.769     1     1 I auditd  : type=1400 audit(0.0:11): avc:  denied  { write } for  comm="init" name="rdev_assoc" dev="tracefs" ino=16396 scontext=u:r:init:s0 tcontext=u:object_r:debugfs_wifi_tracing:s0 tclass=dir permissive=0
09-10 07:35:19.808   565   591 I commit_sys_config_file: [notification-policy,12]
09-10 07:35:19.769     1     1 I auditd  : type=1400 audit(0.0:12): avc:  denied  { write } for  comm="init" name="rdev_auth" dev="tracefs" ino=16399 scontext=u:r:init:s0 tcontext=u:object_r:debugfs_wifi_tracing:s0 tclass=dir permissive=0
09-10 07:35:19.769     1     1 I auditd  : type=1400 audit(0.0:13): avc:  denied  { write } for  comm="init" name="rdev_connect" dev="tracefs" ino=16402 scontext=u:r:init:s0 tcontext=u:object_r:debugfs_wifi_tracing:s0 tclass=dir permissive=0
09-10 07:35:19.769     1     1 I auditd  : type=1400 audit(0.0:14): avc:  denied  { write } for  comm="init" name="rdev_set_default_key" dev="tracefs" ino=16406 scontext=u:r:init:s0 tcontext=u:object_r:debugfs_wifi_tracing:s0 tclass=dir permissive=0
09-10 07:35:19.777     1     1 I auditd  : type=1400 audit(0.0:15): avc:  denied  { write } for  comm="init" name="rdev_set_default_mgmt_key" dev="tracefs" ino=16409 scontext=u:r:init:s0 tcontext=u:object_r:debugfs_wifi_tracing:s0 tclass=dir permissive=0
09-10 07:35:19.777     1     1 I auditd  : type=1400 audit(0.0:16): avc:  denied  { write } for  comm="init" name="rdev_set_rekey_data" dev="tracefs" ino=16412 scontext=u:r:init:s0 tcontext=u:object_r:debugfs_wifi_tracing:s0 tclass=dir permissive=0
09-10 07:35:19.777     1     1 I auditd  : type=1400 audit(0.0:17): avc:  denied  { write } for  comm="init" name="net" dev="tracefs" ino=16415 scontext=u:r:init:s0 tcontext=u:object_r:debugfs_wifi_tracing:s0 tclass=dir permissive=0
09-10 07:35:19.841   565   901 I dvm_lock_sample: [system_server,0,SliceManagerService,32,ContentProviderHelper.java,180,android.app.ContentProviderHolder com.android.server.am.ContentProviderHelper.getContentProviderImpl(android.app.IApplicationThread, java.lang.String, android.os.IBinder, int, java.lang.String, java.lang.String, boolean, int),ActivityManagerService.java,4925,void com.android.server.am.ActivityManagerService.attachApplication(android.app.IApplicationThread, long),6]
09-10 07:35:19.896   565   640 I am_uid_active: 10109
09-10 07:35:19.936   565   589 I am_user_state_changed: [0,2]
09-10 07:35:19.953   565   836 I am_proc_died: [0,1383,com.android.inputmethod.latin,0,7]
09-10 07:35:19.954   565   836 I am_schedule_service_restart: [0,com.android.inputmethod.latin/.LatinIME,1000]
09-10 07:35:19.954   565   836 I am_uid_stopped: 10109
09-10 07:35:19.958   565   601 I ssm_user_unlocking: 0
09-10 07:35:19.959   565   585 I am_mem_factor: [3,0]
09-10 07:35:19.997   565   600 I am_schedule_service_restart: [0,com.android.inputmethod.latin/.LatinIME,29957]
09-10 07:35:20.016   565   691 I am_uid_running: 10135
09-10 07:35:20.042   565   679 I input_interaction: Interaction with: 123457b com.android.settings/com.android.settings.FallbackHome (server), PointerEventDispatcher0 (server), 
09-10 07:35:20.043   565   602 I am_proc_start: [0,1447,10135,com.android.providers.media.module,service,{com.android.providers.media.module/com.android.providers.media.fuse.ExternalStorageServiceImpl}]
09-10 07:35:20.045  1122  1122 I menu_opened: 0
09-10 07:35:20.046   565   601 I uc_finish_user_unlocked: 0
09-10 07:35:20.046   565   601 I am_user_state_changed: [0,3]
09-10 07:35:20.049   565  1034 I am_proc_bound: [0,1447,com.android.providers.media.module]
09-10 07:35:20.067   565   601 I uc_send_user_broadcast: [0,android.intent.action.USER_UNLOCKED]
09-10 07:35:20.076   565   601 I uc_send_user_broadcast: [0,android.intent.action.PRE_BOOT_COMPLETED]
09-10 07:35:20.076   565   601 I am_pre_boot: [0,com.android.documentsui]
09-10 07:35:20.085   565   602 I am_proc_start: [0,1464,1000,com.android.emulator.multidisplay,added application,com.android.emulator.multidisplay]
09-10 07:35:20.087   565   565 I notification_enqueue: [1000,565,android,13,PreBootBroadcaster,0,Notification(channel=UPDATES shortcut=null contentView=null vibrate=null sound=null tick defaults=0 flags=ONGOING_EVENT|CAN_COLORIZE color=0x00000000 vis=PUBLIC),0]
09-10 07:35:20.092   565   601 I am_uid_running: 10063
09-10 07:35:20.095   565   585 I wm_finish_activity: [0,47925708,5,com.android.settings/.FallbackHome,app-request]
09-10 07:35:20.096   565   585 I wm_pause_activity: [0,47925708,com.android.settings/.FallbackHome,userLeaving=false,finish]
09-10 07:35:20.100  1122  1122 I wm_on_top_resumed_lost_called: [47925708,com.android.settings.FallbackHome,topStateChangedWhenResumed]
09-10 07:35:20.101  1122  1122 I wm_on_paused_called: [47925708,com.android.settings.FallbackHome,performPause,0]
09-10 07:35:20.142   565   666 I commit_sys_config_file: [settings-1-0,46]
09-10 07:35:20.143   565  1025 I wm_task_created: 6
09-10 07:35:20.149   565  1025 I wm_task_moved: [6,1,0,1,2147483647]
09-10 07:35:20.150   565  1025 I wm_task_moved: [1,1,0,1,1]
09-10 07:35:20.150   565  1025 I wm_create_task: [0,6,1,0]
09-10 07:35:20.150   565  1025 I wm_create_activity: [0,113372331,6,com.android.sdksetup/.DefaultActivity,android.intent.action.MAIN,NULL,NULL,276824320]
09-10 07:35:20.151   565  1025 I wm_task_moved: [1,1,0,1,1]
09-10 07:35:20.151   565  1025 I wm_task_moved: [6,1,0,1,2147483647]
09-10 07:35:20.151   565  1025 I wm_task_to_front: [0,6,0]
09-10 07:35:20.154   565   589 I sysui_multi_action: [757,803,799,window_time_0,802,8]
09-10 07:35:20.158   565  1034 I am_uid_running: 10105
09-10 07:35:20.170   565   592 I am_uid_running: 10115
09-10 07:35:20.173   565   679 I input_focus: [Focus leaving 123457b com.android.settings/com.android.settings.FallbackHome (server),reason=NO_WINDOW]
09-10 07:35:20.178   565  1025 I am_proc_bound: [0,1464,com.android.emulator.multidisplay]
09-10 07:35:20.196  1111  1111 I gsm_service_state_change: [1,1,3,1]
09-10 07:35:20.196   565   666 I commit_sys_config_file: [settings-2-0,11]
09-10 07:35:20.197   565   602 I am_proc_start: [0,1476,10063,com.android.documentsui,broadcast,{com.android.documentsui/com.android.documentsui.PreBootReceiver}]
09-10 07:35:20.197   565  1344 I am_proc_bound: [0,1476,com.android.documentsui]
09-10 07:35:20.202   929   929 I viewroot_draw_event: [VRI[NotificationShade],Not drawing due to not visible. Reason=View.INVISIBLE]
09-10 07:35:20.257   565   600 I am_uid_running: 10083
09-10 07:35:20.277   565   602 I am_proc_start: [0,1507,10105,com.android.music,service,{com.android.music/com.android.music.MediaPlaybackService}]
09-10 07:35:20.331   565   602 I am_proc_start: [0,1528,10115,com.android.sdksetup,top-activity,{com.android.sdksetup/com.android.sdksetup.DefaultActivity}]
09-10 07:35:20.363   565   585 I am_proc_bound: [0,1507,com.android.music]
09-10 07:35:20.368   565  1030 I am_proc_bound: [0,1528,com.android.sdksetup]
09-10 07:35:20.370   565  1030 I am_uid_active: 10115
09-10 07:35:20.393   565   666 I commit_sys_config_file: [settings-0-0,17]
09-10 07:35:20.402   565   836 I wm_restart_activity: [0,113372331,6,com.android.sdksetup/.DefaultActivity]
09-10 07:35:20.404   565   836 I wm_set_resumed_activity: [0,com.android.sdksetup/.DefaultActivity,realStartActivityLocked - onActivityStateChanged]
09-10 07:35:20.411   565   602 I am_proc_start: [0,1552,10083,com.android.printspooler,service,{com.android.printspooler/com.android.printspooler.model.PrintSpoolerService}]
09-10 07:35:20.423   565   565 I sysui_multi_action: [757,1501,758,1,793,337,794,0,795,337,796,13,797,PreBootBroadcaster,806,android,857,UPDATES,858,2,947,0,1500,0,1688,1]
09-10 07:35:20.423   565   565 I sysui_multi_action: [757,804,799,note_interruptive,801,0,802,1]
09-10 07:35:20.455   565   836 I sysui_multi_action: [757,856,758,1,806,com.android.providers.media.module,857,native_transcode_alert_channel,858,4]
09-10 07:35:20.458   565   836 I sysui_multi_action: [757,856,758,1,806,com.android.providers.media.module,857,native_transcode_progress_channel,858,2]
09-10 07:35:20.463   565  1036 I am_proc_bound: [0,1552,com.android.printspooler]
09-10 07:35:20.484   929   929 I viewroot_draw_event: [VRI[StatusBar],reportDrawFinished seqId=0]
09-10 07:35:20.489   565   585 I am_uid_active: 10105
09-10 07:35:20.570   565   585 I dvm_lock_sample: [system_server,1,binder:565_2,14,PackageManagerService.java,1196,com.android.server.pm.Computer com.android.server.pm.PackageManagerService.snapshotComputer(boolean),-,1222,com.android.server.pm.Computer com.android.server.pm.PackageManagerService.snapshotComputer(boolean),2]
09-10 07:35:20.598   565  1036 I am_uid_running: 10074
09-10 07:35:20.608   565   602 I am_proc_start: [0,1622,10074,android.process.media,content provider,{com.android.mtp/com.android.mtp.MtpDocumentsProvider}]
09-10 07:35:20.632   565   584 I am_uid_active: 10083
09-10 07:35:20.635   565   666 I commit_sys_config_file: [settings-0-0,18]
09-10 07:35:20.666   565  1344 I sysui_multi_action: [757,856,758,1,806,com.android.printspooler,857,PRINT_PROGRESS,858,2]
09-10 07:35:20.667   565  1344 I sysui_multi_action: [757,856,758,1,806,com.android.printspooler,857,PRINT_FAILURES,858,3]
09-10 07:35:20.690   565   836 I am_uid_active: 10063
09-10 07:35:20.703   565   589 I am_pre_boot: [0,com.android.managedprovisioning]
09-10 07:35:20.704   565   836 I am_mem_factor: [2,3]
09-10 07:35:20.709   565   601 I am_uid_running: 10066
09-10 07:35:20.711   565   591 I commit_sys_config_file: [notification-policy,5]
09-10 07:35:20.725   565   666 I commit_sys_config_file: [settings-1-0,5]
09-10 07:35:20.725   565   602 I am_proc_start: [0,1648,10066,com.android.managedprovisioning,broadcast,{com.android.managedprovisioning/com.android.managedprovisioning.ota.PreBootListener}]
09-10 07:35:20.726   565   565 I notification_enqueue: [1000,565,android,13,PreBootBroadcaster,0,Notification(channel=UPDATES shortcut=null contentView=null vibrate=null sound=null tick defaults=0 flags=ONGOING_EVENT|CAN_COLORIZE color=0x00000000 vis=PUBLIC),1]
09-10 07:35:20.730   565  1030 I am_proc_bound: [0,1622,android.process.media]
09-10 07:35:20.741   565   602 I am_proc_start: [0,1653,1000,com.android.keychain,service,{com.android.keychain/com.android.keychain.KeyChainService}]
09-10 07:35:20.795   565  1344 I wm_finish_activity: [0,113372331,6,com.android.sdksetup/.DefaultActivity,app-request]
09-10 07:35:20.797   565   640 I am_uid_active: 10135
09-10 07:35:20.799   565  1344 I wm_pause_activity: [0,113372331,com.android.sdksetup/.DefaultActivity,userLeaving=false,finish]
09-10 07:35:20.800   565   592 I sysui_multi_action: [757,1144,758,7,806,com.android.sdksetup,871,com.android.sdksetup.DefaultActivity]
09-10 07:35:20.800   565  1443 I am_uid_running: 10065
09-10 07:35:20.801  1528  1528 I wm_on_create_called: [113372331,com.android.sdksetup.DefaultActivity,performCreate,359]
09-10 07:35:20.813   565   602 I am_proc_start: [0,1690,10065,android.process.acore,content provider,{com.android.providers.contacts/com.android.providers.contacts.ContactsProvider2}]
09-10 07:35:20.823   565   584 I am_proc_bound: [0,1648,com.android.managedprovisioning]
09-10 07:35:20.832   565  1344 I wm_task_created: 7
09-10 07:35:20.833   565  1344 I wm_task_moved: [7,1,0,1,2147483647]
09-10 07:35:20.834   565  1344 I wm_task_moved: [1,1,0,1,1]
09-10 07:35:20.834   565  1344 I wm_create_task: [0,7,1,0]
09-10 07:35:20.834   565  1344 I wm_create_activity: [0,237798981,7,com.android.launcher3/.uioverrides.QuickstepLauncher,android.intent.action.MAIN,NULL,NULL,268435712]
09-10 07:35:20.834   565  1344 I wm_task_moved: [1,1,0,1,1]
09-10 07:35:20.834   565  1344 I wm_task_moved: [7,1,0,1,2147483647]
09-10 07:35:20.834   565  1344 I wm_task_to_front: [0,7,0]
09-10 07:35:20.835   565   666 I commit_sys_config_file: [settings-2-0,15]
09-10 07:35:20.837   565  1344 I wm_restart_activity: [0,237798981,7,com.android.launcher3/.uioverrides.QuickstepLauncher]
09-10 07:35:20.838   565  1344 I wm_set_resumed_activity: [0,com.android.launcher3/.uioverrides.QuickstepLauncher,realStartActivityLocked - onActivityStateChanged]
09-10 07:35:20.839   565   589 I sysui_multi_action: [757,803,799,window_time_0,802,0]
09-10 07:35:20.841   565   666 I commit_sys_config_file: [settings-0-0,5]
09-10 07:35:20.856   565  1030 I sysui_multi_action: [757,856,758,1,806,com.android.mtp,857,device_notification_channel,858,2]
09-10 07:35:20.870   565   585 I am_proc_bound: [0,1653,com.android.keychain]
09-10 07:35:20.882   565   565 I dvm_lock_sample: [system_server,0,main,41,ActivityManagerService.java,16310,int com.android.server.am.ActivityManagerService.broadcastIntentWithFeature(android.app.IApplicationThread, java.lang.String, android.content.Intent, java.lang.String, android.content.IIntentReceiver, int, java.lang.String, android.os.Bundle, java.lang.String[], java.lang.String[], java.lang.String[], int, android.os.Bundle, boolean, boolean, int),,0,null,8]
09-10 07:35:20.886   565   640 I dvm_lock_sample: [system_server,1,binder:565_4,25,ActivityManagerService.java,15024,void com.android.server.am.ActivityManagerService.unregisterReceiverTraced(android.content.IIntentReceiver),,0,null,5]
09-10 07:35:20.894   565  1344 I am_proc_bound: [0,1690,android.process.acore]
09-10 07:35:20.962   565   666 I commit_sys_config_file: [settings-1-0,17]
09-10 07:35:20.994   565  1344 I dvm_lock_sample: [system_server,1,binder:565_B,64,ActivityManagerService.java,-1,void com.android.server.am.ActivityManagerService.registerStrictModeCallback(android.os.IBinder),,0,null,12]
09-10 07:35:21.003   565   584 I am_uid_active: 10066
09-10 07:35:21.017   565   601 I am_uid_running: 10137
09-10 07:35:21.065   565   602 I am_proc_start: [0,1723,10137,com.android.devicelockcontroller,broadcast,{com.android.devicelockcontroller/com.android.devicelockcontroller.receivers.RecordBootTimestampReceiver}]
09-10 07:35:21.076   565   639 I am_proc_bound: [0,1723,com.android.devicelockcontroller]
09-10 07:35:21.090   565   640 I am_uid_active: 10074
09-10 07:35:21.094  1476  1614 I dvm_lock_sample: [com.android.documentsui,0,pool-3-thread-2,503,ProvidersCache.java,645,void com.android.documentsui.roots.ProvidersCache$MultiProviderUpdateTask.handleDocumentsProvider(android.content.pm.ProviderInfo, com.android.documentsui.base.UserId),-,648,void com.android.documentsui.roots.ProvidersCache$MultiProviderUpdateTask.handleDocumentsProvider(android.content.pm.ProviderInfo, com.android.documentsui.base.UserId),100]
09-10 07:35:21.098   565   639 I am_uid_running: 10064
09-10 07:35:21.112   565   602 I am_proc_start: [0,1742,10064,com.android.externalstorage,content provider,{com.android.externalstorage/com.android.externalstorage.ExternalStorageProvider}]
09-10 07:35:21.113   565   591 I commit_sys_config_file: [notification-policy,3]
09-10 07:35:21.113   565   666 I commit_sys_config_file: [settings-2-0,19]
09-10 07:35:21.132   565   843 I service_manager_slow: [20,time_detector]
09-10 07:35:21.133   565   600 I am_schedule_service_restart: [0,com.android.inputmethod.latin/.LatinIME,18821]
09-10 07:35:21.177   565  1025 I am_proc_bound: [0,1742,com.android.externalstorage]
09-10 07:35:21.202   565  1345 I am_mem_factor: [1,2]
09-10 07:35:21.203   565   589 I am_pre_boot: [0,com.android.providers.calendar]
09-10 07:35:21.205   565  1344 I am_uid_active: 10137
09-10 07:35:21.212   565   565 I notification_enqueue: [1000,565,android,13,PreBootBroadcaster,0,Notification(channel=UPDATES shortcut=null contentView=null vibrate=null sound=null tick defaults=0 flags=ONGOING_EVENT|CAN_COLORIZE color=0x00000000 vis=PUBLIC),1]
09-10 07:35:21.222   565   601 I am_uid_running: 10103
09-10 07:35:21.233   565   600 I am_schedule_service_restart: [0,com.android.inputmethod.latin/.LatinIME,8721]
09-10 07:35:21.242   565   602 I am_proc_start: [0,1776,10103,com.android.quicksearchbox,broadcast,{com.android.quicksearchbox/com.android.quicksearchbox.SearchWidgetProvider}]
09-10 07:35:21.244  1111  1111 I gsm_service_state_change: [3,1,0,0]
09-10 07:35:21.244  1111  1111 I gsm_rat_switched_new: [47108,0,14]
09-10 07:35:21.266  1205  1205 I wm_on_create_called: [237798981,com.android.launcher3.uioverrides.QuickstepLauncher,performCreate,407]
09-10 07:35:21.267  1205  1205 I wm_on_start_called: [237798981,com.android.launcher3.uioverrides.QuickstepLauncher,handleStartActivity,0]
09-10 07:35:21.268  1476  1616 I dvm_lock_sample: [com.android.documentsui,0,pool-3-thread-4,677,ProvidersCache.java,645,void com.android.documentsui.roots.ProvidersCache$MultiProviderUpdateTask.handleDocumentsProvider(android.content.pm.ProviderInfo, com.android.documentsui.base.UserId),-,648,void com.android.documentsui.roots.ProvidersCache$MultiProviderUpdateTask.handleDocumentsProvider(android.content.pm.ProviderInfo, com.android.documentsui.base.UserId),100]
09-10 07:35:21.268  1205  1205 I wm_on_resume_called: [237798981,com.android.launcher3.uioverrides.QuickstepLauncher,RESUME_ACTIVITY,0]
09-10 07:35:21.273   565   639 I am_proc_bound: [0,1776,com.android.quicksearchbox]
09-10 07:35:21.274  1205  1205 I wm_on_top_resumed_gained_called: [237798981,com.android.launcher3.uioverrides.QuickstepLauncher,topStateChangedWhenResumed]
09-10 07:35:21.282  1476  1617 I dvm_lock_sample: [com.android.documentsui,0,pool-3-thread-5,692,ProvidersCache.java,645,void com.android.documentsui.roots.ProvidersCache$MultiProviderUpdateTask.handleDocumentsProvider(android.content.pm.ProviderInfo, com.android.documentsui.base.UserId),-,648,void com.android.documentsui.roots.ProvidersCache$MultiProviderUpdateTask.handleDocumentsProvider(android.content.pm.ProviderInfo, com.android.documentsui.base.UserId),100]
09-10 07:35:21.296   565  1344 I dvm_lock_sample: [system_server,1,binder:565_B,5,ContentProviderHelper.java,180,android.app.ContentProviderHolder com.android.server.am.ContentProviderHelper.getContentProviderImpl(android.app.IApplicationThread, java.lang.String, android.os.IBinder, int, java.lang.String, java.lang.String, boolean, int),,0,null,1]
09-10 07:35:21.380   565   601 I am_uid_running: 10079
09-10 07:35:21.388   565  1344 I am_uid_active: 10065
09-10 07:35:21.402   565   602 I am_proc_start: [0,1799,10079,com.android.providers.calendar,broadcast,{com.android.providers.calendar/com.android.providers.calendar.CalendarUpgradeReceiver}]
09-10 07:35:21.409   565   591 I commit_sys_config_file: [jobs,6]
09-10 07:35:21.413   565  1737 I sysui_multi_action: [757,856,758,1,806,com.android.providers.downloads,857,active,858,1]
09-10 07:35:21.413   565  1035 I sysui_multi_action: [757,856,758,1,806,com.android.providers.downloads,857,waiting,858,3]
09-10 07:35:21.413   565  1035 I sysui_multi_action: [757,856,758,1,806,com.android.providers.downloads,857,complete,858,3]
09-10 07:35:21.421   565  1737 I am_proc_bound: [0,1799,com.android.providers.calendar]
09-10 07:35:21.440   565   666 I commit_sys_config_file: [settings-1-0,14]
09-10 07:35:21.480   565  1035 I am_mem_factor: [0,1]
09-10 07:35:21.486   565   600 I am_schedule_service_restart: [0,com.android.inputmethod.latin/.LatinIME,0]
09-10 07:35:21.487   565   601 I am_uid_running: 10109
09-10 07:35:21.500   565   602 I am_proc_start: [0,1816,10109,com.android.inputmethod.latin,service,{com.android.inputmethod.latin/com.android.inputmethod.latin.LatinIME}]
09-10 07:35:21.525   565  1025 I am_uid_active: 10079
09-10 07:35:21.545  1799  1799 I calendar_upgrade_receiver: 4
09-10 07:35:21.545   565   589 I am_pre_boot: [0,com.android.providers.contacts]
09-10 07:35:21.554   565   565 I notification_enqueue: [1000,565,android,13,PreBootBroadcaster,0,Notification(channel=UPDATES shortcut=null contentView=null vibrate=null sound=null tick defaults=0 flags=ONGOING_EVENT|CAN_COLORIZE color=0x00000000 vis=PUBLIC),1]
09-10 07:35:21.579   565   841 I service_manager_slow: [38,time_detector]
09-10 07:35:21.580   565   841 I commit_sys_config_file: [net-policy,1]
09-10 07:35:21.638   565  1035 I am_proc_bound: [0,1816,com.android.inputmethod.latin]
09-10 07:35:21.677  1690  1690 I contacts_upgrade_receiver: 100
09-10 07:35:21.680   565   589 I am_pre_boot: [0,com.android.providers.media.module]
09-10 07:35:21.695   565   666 I commit_sys_config_file: [settings-2-0,19]
09-10 07:35:21.697   565   565 I notification_enqueue: [1000,565,android,13,PreBootBroadcaster,0,Notification(channel=UPDATES shortcut=null contentView=null vibrate=null sound=null tick defaults=0 flags=ONGOING_EVENT|CAN_COLORIZE color=0x00000000 vis=PUBLIC),1]
09-10 07:35:21.711   565  1035 I am_uid_running: 10102
09-10 07:35:21.719   565   589 I am_pre_boot: [0,com.android.settings]
09-10 07:35:21.723   565   836 I am_uid_active: 10109
09-10 07:35:21.727   565   602 I am_proc_start: [0,1842,10102,com.android.contacts,content provider,{com.android.contacts/com.android.contacts.sdn.SdnProvider}]
09-10 07:35:21.731   565   565 I notification_enqueue: [1000,565,android,13,PreBootBroadcaster,0,Notification(channel=UPDATES shortcut=null contentView=null vibrate=null sound=null tick defaults=0 flags=ONGOING_EVENT|CAN_COLORIZE color=0x00000000 vis=PUBLIC),1]
09-10 07:35:21.754   565   591 I commit_sys_config_file: [notification-policy,79]
09-10 07:35:21.777   565   589 I am_pre_boot: [0,com.android.settings]
09-10 07:35:21.783   565   639 I wm_set_requested_orientation: [5,com.android.launcher3/.uioverrides.QuickstepLauncher]
09-10 07:35:21.796   565   589 I uc_finish_user_unlocked_completed: 0
09-10 07:35:21.796   565   601 I ssm_user_unlocked: 0
09-10 07:35:21.802   565   565 I notification_enqueue: [1000,565,android,13,PreBootBroadcaster,0,Notification(channel=UPDATES shortcut=null contentView=null vibrate=null sound=null tick defaults=0 flags=ONGOING_EVENT|CAN_COLORIZE color=0x00000000 vis=PUBLIC),1]
09-10 07:35:21.803   565   565 I sysui_multi_action: [757,128,758,5,759,8,793,1717,794,0,795,256,796,13,797,PreBootBroadcaster,806,android,857,UPDATES,858,2,947,0,1500,256,1688,1]
09-10 07:35:21.803   565   565 I notification_canceled: [0|android|13|PreBootBroadcaster|1000,8,1717,256,0,-1,-1,NULL]
09-10 07:35:21.806   565   593 I input_focus: [Focus request e121457 com.android.launcher3/com.android.launcher3.uioverrides.QuickstepLauncher,reason=UpdateInputWindows]
09-10 07:35:21.825   565   923 I commit_sys_config_file: [input-subtypes,2]
09-10 07:35:21.839   565   601 I am_uid_running: 10078
09-10 07:35:21.859  1205  1205 I viewroot_draw_event: [VRI[QuickstepLauncher],Canceling draw. cancelDueToPreDrawListener=true cancelDueToSync=false]
09-10 07:35:21.861   565  1035 I am_proc_bound: [0,1842,com.android.contacts]
09-10 07:35:21.871   565   602 I am_proc_start: [0,1863,10078,com.android.statementservice,broadcast,{com.android.statementservice/com.android.statementservice.domain.DomainVerificationReceiverV1}]
09-10 07:35:21.979  1205  1205 I viewroot_draw_event: [VRI[Taskbar],reportDrawFinished seqId=0]
09-10 07:35:21.984   565   589 I uc_send_user_broadcast: [0,android.intent.action.BOOT_COMPLETED]
09-10 07:35:21.990   565   601 I dvm_lock_sample: [system_server,1,ActivityManager,104,BroadcastQueueModernImpl.java,343,boolean com.android.server.am.BroadcastQueueModernImpl.lambda$new$0(android.os.Message),,0,null,20]
09-10 07:35:22.005   565  1025 I am_proc_bound: [0,1863,com.android.statementservice]
09-10 07:35:22.008   565  1025 I am_uid_active: 10078
09-10 07:35:22.009   565  1034 I dvm_lock_sample: [system_server,1,binder:565_8,99,ActivityManagerService.java,14230,int com.android.server.am.ActivityManagerService.bindServiceInstance(android.app.IApplicationThread, android.os.IBinder, android.content.Intent, java.lang.String, android.app.IServiceConnection, long, java.lang.String, boolean, int, java.lang.String, android.app.IApplicationThread, java.lang.String, int),,0,null,19]
09-10 07:35:22.011   565  1034 I am_uid_running: 10118
09-10 07:35:22.038   565   602 I am_proc_start: [0,1888,10118,com.android.carrierconfig,service,{com.android.carrierconfig/com.android.carrierconfig.DefaultCarrierConfigService}]
09-10 07:35:22.053  1111  1111 I service_manager_slow: [11,ions]
09-10 07:35:22.058  1816  1816 I viewroot_draw_event: [VRI[InputMethod],Not drawing due to not visible. Reason=View.INVISIBLE]
09-10 07:35:22.074  1205  1205 I viewroot_draw_event: [VRI[Taskbar],reportDrawFinished seqId=0]
09-10 07:35:22.102   565  1345 I am_proc_bound: [0,1888,com.android.carrierconfig]
09-10 07:35:22.133   565  1034 I am_uid_active: 10102
09-10 07:35:22.202   565  1035 I dvm_lock_sample: [system_server,1,binder:565_9,28,ActivityManagerService.java,-1,void com.android.server.am.ActivityManagerService.registerStrictModeCallback(android.os.IBinder),-,14231,int com.android.server.am.ActivityManagerService.bindServiceInstance(android.app.IApplicationThread, android.os.IBinder, android.content.Intent, java.lang.String, android.app.IServiceConnection, long, java.lang.String, boolean, int, java.lang.String, android.app.IApplicationThread, java.lang.String, int),5]
09-10 07:35:22.220   565   590 I wm_new_intent: [0,237798981,7,com.android.launcher3/.uioverrides.QuickstepLauncher,android.intent.action.MAIN,NULL,NULL,268435712]
09-10 07:35:22.220   565   590 I wm_task_moved: [1,1,0,1,1]
09-10 07:35:22.228   565  1345 I sysui_multi_action: [757,856,758,1,806,com.android.phone,857,voiceMail,858,3]
09-10 07:35:22.229  1205  1205 I wm_on_top_resumed_lost_called: [237798981,com.android.launcher3.uioverrides.QuickstepLauncher,pausing]
09-10 07:35:22.229  1205  1205 I wm_on_paused_called: [237798981,com.android.launcher3.uioverrides.QuickstepLauncher,performPause,1]
09-10 07:35:22.230  1205  1205 I wm_on_resume_called: [237798981,com.android.launcher3.uioverrides.QuickstepLauncher,LIFECYCLER_RESUME_ACTIVITY,0]
09-10 07:35:22.230  1205  1205 I wm_on_top_resumed_gained_called: [237798981,com.android.launcher3.uioverrides.QuickstepLauncher,topWhenResuming]
09-10 07:35:22.232   565  1025 I configuration_changed: 3
09-10 07:35:22.311   565  1345 I dvm_lock_sample: [system_server,1,binder:565_C,66,ActivityTaskManagerService.java,6697,boolean com.android.server.wm.ActivityTaskManagerService$LocalService.attachApplication(com.android.server.wm.WindowProcessController),-,3898,boolean com.android.server.wm.ActivityTaskManagerService.updateConfiguration(android.content.res.Configuration),13]
09-10 07:35:22.311   565  1345 I am_uid_active: 10118
09-10 07:35:22.314   565   592 I dvm_lock_sample: [system_server,1,android.display,56,ActivityManagerService.java,19345,void com.android.server.am.ActivityManagerService$LocalService.broadcastGlobalConfigurationChanged(int, boolean),-,5051,void com.android.server.am.ActivityManagerService.finishAttachApplicationInner(long, int, int),11]
09-10 07:35:22.362   565   601 I am_uid_running: 10097
09-10 07:35:22.407   565   602 I am_proc_start: [0,1930,10097,com.android.traceur,broadcast,{com.android.traceur/com.android.traceur.Receiver}]
09-10 07:35:22.427   565  1035 I am_wtf  : [0,1039,com.android.networkstack.process,680050253,SystemServiceRegistry,No service published for: ethernet]
09-10 07:35:22.492   565   591 I commit_sys_config_file: [notification-policy,12]
09-10 07:35:22.562   565   836 I am_proc_bound: [0,1930,com.android.traceur]
09-10 07:35:22.600   565   666 I commit_sys_config_file: [settings-0-0,32]
09-10 07:35:22.607  1205  1225 I jank_cuj_events_end_request: [80,1789025722606608000,23524987006,23524987092]
09-10 07:35:22.641  1111  1329 I service_manager_slow: [19,carrier_config]
09-10 07:35:22.760   565  1035 I am_uid_active: 10097
09-10 07:35:22.767   565  1345 I sysui_multi_action: [757,856,758,1,806,com.android.traceur,857,trace-is-being-recorded,858,4]
09-10 07:35:22.768   565  1345 I sysui_multi_action: [757,856,758,1,806,com.android.traceur,857,system-tracing,858,4]
09-10 07:35:22.789   929   974 I jank_cuj_events_end_request: [55,1789025722787006000,23705385476,23705385603]
09-10 07:35:22.794   565   666 I commit_sys_config_file: [settings-2-0,2]
09-10 07:35:22.800   565   601 I am_uid_running: 10113
09-10 07:35:22.803   565  1966 I commit_sys_config_file: [log-files,1]
09-10 07:35:22.903   565  1345 I service_manager_stats: [228,342,5073]
09-10 07:35:22.914   565   602 I am_proc_start: [0,1967,10113,com.android.calendar,broadcast,{com.android.calendar/com.android.calendar.UpgradeReceiver}]
09-10 07:35:22.922   565  1736 I am_proc_bound: [0,1967,com.android.calendar]
09-10 07:35:22.943   565   601 I am_uid_active: 10126
09-10 07:35:22.963  1205  1205 I viewroot_draw_event: [VRI[QuickstepLauncher],Draw frame after cancel]
09-10 07:35:22.979   565  1736 I sysui_multi_action: [757,856,758,1,806,com.android.contacts,857,DEFAULT_CHANNEL,858,2]
09-10 07:35:22.982   565   624 I am_uid_stopped: 10127
09-10 07:35:22.985   565   624 I am_kill : [0,1364,android.ext.services,0,change android.ext.services,118704]
09-10 07:35:22.986   565   624 I am_schedule_service_restart: [0,android.ext.services/.notification.Assistant,1000]
09-10 07:35:22.986   565   624 I am_schedule_service_restart: [0,android.ext.services/.autofill.InlineSuggestionRenderServiceImpl,11000]
09-10 07:35:23.021   565   591 I commit_sys_config_file: [notification-policy,3]
09-10 07:35:23.026   565  1345 I am_uid_active: 10113
09-10 07:35:23.056  1205  1205 I viewroot_draw_event: [VRI[QuickstepLauncher],reportDrawFinished seqId=0]
09-10 07:35:23.083   565   592 I wm_destroy_activity: [0,47925708,5,com.android.settings/.FallbackHome,finish-transit]
09-10 07:35:23.084   565   592 I wm_destroy_activity: [0,113372331,6,com.android.sdksetup/.DefaultActivity,finish-transit]
09-10 07:35:23.089   565   593 I wm_wallpaper_surface: [0,1,Window{e121457 u0 com.android.launcher3/com.android.launcher3.uioverrides.QuickstepLauncher}]
09-10 07:35:23.090  1528  1528 I wm_on_destroy_called: [113372331,com.android.sdksetup.DefaultActivity,performDestroy,0]
09-10 07:35:23.103   565   589 I sysui_multi_action: [319,2250,322,2230,325,21,757,761,758,8,759,2,806,com.android.launcher3,871,com.android.launcher3.uioverrides.QuickstepLauncher,905,0,1320,4,1321,23]
09-10 07:35:23.104   565  1025 I wm_task_removed: [6,1,0,removeChild, last child = ActivityRecord{6c1ecab u0 com.android.sdksetup/.DefaultActivity t-1 f}} in Task{df00f08 #6 type=home A=10115:com.android.sdksetup}]
09-10 07:35:23.110   565   601 I am_uid_running: 10127
09-10 07:35:23.119   565   589 I wm_activity_launch_time: [0,237798981,com.android.launcher3/.uioverrides.QuickstepLauncher,2230]
09-10 07:35:23.148   565   679 I input_focus: [Focus entering e121457 com.android.launcher3/com.android.launcher3.uioverrides.QuickstepLauncher (server),reason=Window became focusable. Previous reason: NOT_VISIBLE]
09-10 07:35:23.170   565   602 I am_proc_start: [0,1987,10127,.adservices,broadcast,{android.ext.services/com.android.adservices.service.common.AdExtBootCompletedReceiver}]
09-10 07:35:23.273   565  1438 I backup_transport_lifecycle: [com.android.localtransport/.LocalTransportService,1]
09-10 07:35:23.284  1122  1122 I wm_on_stop_called: [47925708,com.android.settings.FallbackHome,LIFECYCLER_STOP_ACTIVITY,0]
09-10 07:35:23.297  1122  1122 I wm_on_destroy_called: [47925708,com.android.settings.FallbackHome,performDestroy,10]
09-10 07:35:23.392   565  1736 I am_proc_bound: [0,1987,.adservices]
09-10 07:35:23.394   565  1736 I am_uid_active: 10127
09-10 07:35:23.437   565   602 I am_proc_start: [0,2016,1000,com.android.localtransport,service,{com.android.localtransport/com.android.localtransport.LocalTransportService}]
09-10 07:35:23.476   565   601 I am_uid_running: 10107
09-10 07:35:23.493   565  1737 I am_proc_bound: [0,2016,com.android.localtransport]
09-10 07:35:23.495   565   666 I commit_sys_config_file: [settings-0-0,364]
09-10 07:35:23.533   565  1025 I commit_sys_config_file: [overlays,154]
09-10 07:35:23.539   565   666 I commit_sys_config_file: [settings-2-0,44]
09-10 07:35:23.568   565  1036 I wm_task_removed: [5,1,0,removeChild, last child = ActivityRecord{2db49cc u0 com.android.settings/.FallbackHome t-1 f}} in Task{54a132a #5 type=home A=1000:com.android.settings.FallbackHome}]
09-10 07:35:23.638   565   589 I configuration_changed: -2147483648
09-10 07:35:23.730   565  1344 I commit_sys_config_file: [overlays,170]
09-10 07:35:23.741   565   640 I dvm_lock_sample: [system_server,0,binder:565_4,352,OverlayManagerService.java,737,boolean com.android.server.om.OverlayManagerService$1.setEnabledExclusiveInCategory(java.lang.String, int),,0,null,70]
09-10 07:35:23.807   565   589 I wm_relaunch_resume_activity: [0,237798981,7,com.android.launcher3/.uioverrides.QuickstepLauncher,80000000]
09-10 07:35:23.813   565   584 I dvm_lock_sample: [system_server,0,binder:565_1,421,OverlayManagerService.java,737,boolean com.android.server.om.OverlayManagerService$1.setEnabledExclusiveInCategory(java.lang.String, int),,0,null,84]
09-10 07:35:23.832   565   602 I dvm_lock_sample: [system_server,1,ActivityManager:procStart,327,ProcessList.java,2200,void com.android.server.am.ProcessList.lambda$handleProcessStart$1(com.android.server.am.ProcessRecord, java.lang.String, int[], int, int, int, java.lang.String, java.lang.String, java.lang.String, long),ActivityManagerService.java,16433,void com.android.server.am.ActivityManagerService.finishReceiver(android.os.IBinder, int, java.lang.String, android.os.Bundle, boolean, int),65]
09-10 07:35:23.832   565   602 I am_proc_start: [0,2046,10107,com.android.camera2,broadcast,{com.android.camera2/com.android.camera.SetActivitiesCameraReceiver}]
09-10 07:35:23.850   565  1736 I dvm_lock_sample: [system_server,0,binder:565_F,438,OverlayManagerService.java,737,boolean com.android.server.om.OverlayManagerService$1.setEnabledExclusiveInCategory(java.lang.String, int),,0,null,87]
09-10 07:35:23.861   565   639 I dvm_lock_sample: [system_server,1,binder:565_3,189,ActivityManagerService.java,3991,void com.android.server.am.ActivityManagerService.addPackageDependency(java.lang.String),,0,null,37]
09-10 07:35:23.869   565   901 I dvm_lock_sample: [system_server,0,SliceManagerService,102,ContentProviderHelper.java,180,android.app.ContentProviderHolder com.android.server.am.ContentProviderHelper.getContentProviderImpl(android.app.IApplicationThread, java.lang.String, android.os.IBinder, int, java.lang.String, java.lang.String, boolean, int),,0,null,20]
09-10 07:35:23.871   565  2081 I am_proc_bound: [0,2046,com.android.camera2]
09-10 07:35:23.891   565  1735 I dvm_lock_sample: [system_server,0,binder:565_E,442,OverlayManagerService.java,737,boolean com.android.server.om.OverlayManagerService$1.setEnabledExclusiveInCategory(java.lang.String, int),,0,null,88]
09-10 07:35:23.906   565   592 I dvm_lock_sample: [system_server,1,android.display,339,ProcessRecord.java,1590,void com.android.server.am.ProcessRecord.updateProcessInfo(boolean, boolean, boolean),,0,null,67]
09-10 07:35:23.918   565  1034 I dvm_lock_sample: [system_server,0,binder:565_8,463,OverlayManagerService.java,737,boolean com.android.server.om.OverlayManagerService$1.setEnabledExclusiveInCategory(java.lang.String, int),,0,null,92]
09-10 07:35:23.940   565  1429 I dvm_lock_sample: [system_server,0,binder:565_D,405,OverlayManagerService.java,737,boolean com.android.server.om.OverlayManagerService$1.setEnabledExclusiveInCategory(java.lang.String, int),,0,null,81]
09-10 07:35:23.943   565   836 I dvm_lock_sample: [system_server,0,binder:565_5,577,OverlayManagerService.java,737,boolean com.android.server.om.OverlayManagerService$1.setEnabledExclusiveInCategory(java.lang.String, int),,0,null,100]
09-10 07:35:24.009   565   602 I am_proc_start: [0,2097,10127,android.ext.services,service,{android.ext.services/android.ext.services.notification.Assistant}]
09-10 07:35:24.014   565   565 I notification_cancel_all: [10107,2046,com.android.camera2,0,0,32832,9,NULL]
09-10 07:35:24.020   565   585 I am_uid_active: 10107
09-10 07:35:24.033   565  1034 I am_wtf  : [0,1039,com.android.networkstack.process,680050253,SystemServiceRegistry,No service published for: ethernet]
09-10 07:35:24.069   565   836 I service_manager_slow: [53,user]
09-10 07:35:24.074   565   565 I backup_transport_connection: [com.android.localtransport/.LocalTransportService,1]
09-10 07:35:24.084   565   602 I am_proc_start: [0,2108,1000,com.android.dynsystem,broadcast,{com.android.dynsystem/com.android.dynsystem.BootCompletedReceiver}]
09-10 07:35:24.104   565   921 I dvm_lock_sample: [system_server,0,com.android.server.healthconnect.jarjar.modules.utils.BackgroundThread,70,PackageManagerService.java,1196,com.android.server.pm.Computer com.android.server.pm.PackageManagerService.snapshotComputer(boolean),-,1222,com.android.server.pm.Computer com.android.server.pm.PackageManagerService.snapshotComputer(boolean),14]
09-10 07:35:24.106   565   659 I dvm_lock_sample: [system_server,0,appscheduling.default,72,PackageManagerService.java,1196,com.android.server.pm.Computer com.android.server.pm.PackageManagerService.snapshotComputer(boolean),-,1222,com.android.server.pm.Computer com.android.server.pm.PackageManagerService.snapshotComputer(boolean),14]
09-10 07:35:24.110   565  1036 I dvm_lock_sample: [system_server,1,binder:565_A,76,PackageManagerService.java,1196,com.android.server.pm.Computer com.android.server.pm.PackageManagerService.snapshotComputer(boolean),-,1222,com.android.server.pm.Computer com.android.server.pm.PackageManagerService.snapshotComputer(boolean),15]
09-10 07:35:24.136   565  1036 I am_proc_bound: [0,2097,android.ext.services]
09-10 07:35:24.146   565   585 I am_proc_bound: [0,2108,com.android.dynsystem]
09-10 07:35:24.226   565   624 I commit_sys_config_file: [package,44]
09-10 07:35:24.232   565  2118 I dvm_lock_sample: [system_server,1,pool-39-thread-1,46,PackageManagerService.java,1196,com.android.server.pm.Computer com.android.server.pm.PackageManagerService.snapshotComputer(boolean),-,1222,com.android.server.pm.Computer com.android.server.pm.PackageManagerService.snapshotComputer(boolean),9]
09-10 07:35:24.237   565  1735 I dvm_lock_sample: [system_server,1,binder:565_E,50,ActivityManagerService.java,-1,void com.android.server.am.ActivityManagerService.registerStrictModeCallback(android.os.IBinder),,0,null,10]
09-10 07:35:24.241   565   622 I commit_sys_config_file: [package-user-0,15]
09-10 07:35:24.292   565  1438 I backup_transport_lifecycle: [com.android.localtransport/.LocalTransportService,0]
09-10 07:35:24.296   929  1204 I viewroot_draw_event: [VRI[ScreenDecorOverlay],Start draw after previous draw not visible]
09-10 07:35:24.357   565  1438 I backup_transport_connection: [com.android.localtransport/.LocalTransportService,0]
09-10 07:35:24.363   929  1204 I viewroot_draw_event: [VRI[ScreenDecorOverlay],reportDrawFinished seqId=0]
09-10 07:35:24.372  1205  1205 I wm_on_top_resumed_lost_called: [237798981,com.android.launcher3.uioverrides.QuickstepLauncher,pausing]
09-10 07:35:24.372  1205  1205 I wm_on_paused_called: [237798981,com.android.launcher3.uioverrides.QuickstepLauncher,performPause,0]
09-10 07:35:24.373  1205  1205 I wm_on_stop_called: [237798981,com.android.launcher3.uioverrides.QuickstepLauncher,handleRelaunchActivity,1]
09-10 07:35:24.391  1039  1087 I service_manager_slow: [10,ethernet]
09-10 07:35:24.392   565  1030 I am_wtf  : [0,1039,com.android.networkstack.process,680050253,SystemServiceRegistry,No service published for: ethernet]
09-10 07:35:24.403  1111  1111 I service_manager_stats: [100,106,25321]
09-10 07:35:24.409   929  1204 I viewroot_draw_event: [VRI[ScreenDecorOverlayBottom],Start draw after previous draw not visible]
09-10 07:35:24.428   929  1204 I viewroot_draw_event: [VRI[ScreenDecorOverlayBottom],reportDrawFinished seqId=0]
09-10 07:35:24.442   565   601 I am_uid_running: 10100
09-10 07:35:24.446  1205  1205 I wm_on_destroy_called: [237798981,com.android.launcher3.uioverrides.QuickstepLauncher,performDestroy,71]
09-10 07:35:24.449   565   602 I am_proc_start: [0,2141,1000,com.android.dynsystem:dynsystem,service,{com.android.dynsystem/com.android.dynsystem.DynamicSystemInstallationService}]
09-10 07:35:24.471   565   602 I am_proc_start: [0,2142,10100,com.android.imsserviceentitlement,broadcast,{com.android.imsserviceentitlement/com.android.imsserviceentitlement.ImsEntitlementReceiver}]
09-10 07:35:24.475   565   593 I input_focus: [Requesting to set focus to null window,reason=UpdateInputWindows]
09-10 07:35:24.529   565  1035 I am_proc_bound: [0,2141,com.android.dynsystem:dynsystem]
09-10 07:35:24.537   565   639 I am_proc_bound: [0,2142,com.android.imsserviceentitlement]
09-10 07:35:24.588   565  1035 I wm_set_requested_orientation: [5,com.android.launcher3/.uioverrides.QuickstepLauncher]
09-10 07:35:24.588  1205  1205 I wm_on_create_called: [237798981,com.android.launcher3.uioverrides.QuickstepLauncher,performCreate,107]
09-10 07:35:24.589  1205  1205 I wm_on_start_called: [237798981,com.android.launcher3.uioverrides.QuickstepLauncher,handleStartActivity,0]
09-10 07:35:24.590  1205  1205 I wm_on_resume_called: [237798981,com.android.launcher3.uioverrides.QuickstepLauncher,RESUME_ACTIVITY,0]
09-10 07:35:24.590  1205  1205 I wm_on_top_resumed_gained_called: [237798981,com.android.launcher3.uioverrides.QuickstepLauncher,topWhenResuming]
09-10 07:35:24.627   565  1036 I sysui_multi_action: [757,856,758,1,806,com.android.dynsystem,857,com.android.dynsystem,858,2]
09-10 07:35:24.630   565   601 I am_uid_running: 10139
09-10 07:35:24.636  1205  1205 I viewroot_draw_event: [VRI[Taskbar],reportDrawFinished seqId=0]
09-10 07:35:24.642   565  1036 I am_uid_active: 10100
09-10 07:35:24.643   565   602 I am_proc_start: [0,2171,10139,com.android.federatedcompute.services,broadcast,{com.android.federatedcompute.services/com.android.federatedcompute.services.FederatedComputeBroadcastReceiver}]
09-10 07:35:24.662  1111  1111 I gsm_service_state_change: [0,0,1,1]
09-10 07:35:24.662  1111  1111 I gsm_rat_switched_new: [-1,14,0]
09-10 07:35:24.666   565   593 I input_focus: [Focus request 399cadf com.android.launcher3/com.android.launcher3.uioverrides.QuickstepLauncher,reason=UpdateInputWindows]
09-10 07:35:24.685  1205  1205 I viewroot_draw_event: [VRI[QuickstepLauncher],Canceling draw. cancelDueToPreDrawListener=true cancelDueToSync=false]
09-10 07:35:24.718   565  1735 I am_proc_bound: [0,2171,com.android.federatedcompute.services]
09-10 07:35:24.737   929   929 I viewroot_draw_event: [VRI[StatusBar],reportDrawFinished seqId=0]
09-10 07:35:24.797   565  1036 I am_uid_active: 10139
09-10 07:35:24.797   565   601 I am_uid_running: 10132
09-10 07:35:24.806   565   602 I am_proc_start: [0,2187,10132,com.android.healthconnect.controller,broadcast,{com.android.healthconnect.controller/com.android.healthconnect.controller.safetycenter.SafetySourceBroadcastReceiver}]
09-10 07:35:24.846   565   895 I sysui_multi_action: [757,1717,758,1,759,0]
09-10 07:35:24.846   565   895 I sysui_multi_action: [757,1717,758,2,759,0]
09-10 07:35:24.846   565   895 I sysui_multi_action: [757,1717,758,3,759,0]
09-10 07:35:24.852   929  1204 I viewroot_draw_event: [VRI[ScreenDecorOverlay],reportDrawFinished seqId=0]
09-10 07:35:24.901   565   836 I am_proc_bound: [0,2187,com.android.healthconnect.controller]
09-10 07:35:24.915   565   591 I commit_sys_config_file: [notification-policy,34]
09-10 07:35:24.926   929   929 I viewroot_draw_event: [VRI[StatusBar],reportDrawFinished seqId=0]
09-10 07:35:24.980   565   591 I commit_sys_config_file: [jobs,5]
09-10 07:35:24.981   565   591 I commit_sys_config_file: [jobs,1]
09-10 07:35:24.989   565   836 I am_uid_active: 10132
09-10 07:35:24.992   565   601 I am_uid_running: 10114
09-10 07:35:25.010   565   624 I am_uid_stopped: 10132
09-10 07:35:25.011   565   624 I am_kill : [0,2187,com.android.healthconnect.controller,0,change com.android.healthconnect.controller,106932]
09-10 07:35:25.027   565   602 I am_proc_start: [0,2203,10114,com.android.messaging,broadcast,{com.android.messaging/com.android.messaging.receiver.BootAndPackageReplacedReceiver}]
09-10 07:35:25.059   929   929 I viewroot_draw_event: [VRI[StatusBar],reportDrawFinished seqId=0]
09-10 07:35:25.069   565  1036 I am_proc_bound: [0,2203,com.android.messaging]
09-10 07:35:25.207   565   852 I netstats_mobile_sample: [0,0,0,0,0,0,0,0,1789025725207]
09-10 07:35:25.207   565   852 I netstats_wifi_sample: [0,0,0,0,0,0,0,0,1789025725207]
09-10 07:35:25.254   565   639 I am_uid_active: 10114
09-10 07:35:25.258   565   601 I am_uid_running: 1027
09-10 07:35:25.277   565   602 I am_proc_start: [0,2224,1027,com.android.nfc,broadcast,{com.android.nfc/com.android.nfc.NfcBootCompletedReceiver}]
09-10 07:35:25.303   565  1025 I am_proc_bound: [0,2224,com.android.nfc]
09-10 07:35:25.308   565   852 I netstats_mobile_sample: [0,0,0,0,0,0,0,0,1789025725308]
09-10 07:35:25.308   565   852 I netstats_wifi_sample: [0,0,0,0,0,0,0,0,1789025725308]
09-10 07:35:25.335   565   590 I dvm_lock_sample: [system_server,1,android.ui,12,MessageQueue.java,348,android.os.Message android.os.MessageQueue.next(),-,695,boolean android.os.MessageQueue.enqueueMessage(android.os.Message, long),2]
09-10 07:35:25.362   565   852 I netstats_mobile_sample: [0,0,0,0,0,0,0,0,1789025725362]
09-10 07:35:25.362   565   852 I netstats_wifi_sample: [0,175,0,3,0,135,0,2,1789025725362]
09-10 07:35:25.431   565  1025 I am_uid_active: 1027
09-10 07:35:25.433   565   601 I am_uid_running: 10138
09-10 07:35:25.436   565   624 I am_uid_stopped: 1027
09-10 07:35:25.436   565   624 I am_kill : [0,2224,com.android.nfc,905,change com.android.nfc,102452]
09-10 07:35:25.446   565   602 I am_proc_start: [0,2248,10138,com.android.ondevicepersonalization.services,broadcast,{com.android.ondevicepersonalization.services/com.android.ondevicepersonalization.services.OnDevicePersonalizationBroadcastReceiver}]
09-10 07:35:25.449   565   565 I notification_cancel_all: [1000,565,com.android.nfc,0,0,0,5,NULL]
09-10 07:35:25.474  1111  1824 I service_manager_slow: [29,permission_checker]
09-10 07:35:25.493   565   624 I am_uid_stopped: 10137
09-10 07:35:25.494   565   624 I am_kill : [0,1723,com.android.devicelockcontroller,100,change com.android.devicelockcontroller,119092]
09-10 07:35:25.498   565   624 I am_schedule_service_restart: [0,com.android.devicelockcontroller/.DeviceLockControllerService,1000]
09-10 07:35:25.519   565  1030 I am_proc_bound: [0,2248,com.android.ondevicepersonalization.services]
09-10 07:35:25.526   565   565 I notification_cancel_all: [1000,565,com.android.devicelockcontroller,0,0,0,5,NULL]
09-10 07:35:25.567   565  1735 I am_uid_active: 10138
09-10 07:35:25.574   565   601 I am_uid_running: 10062
09-10 07:35:25.582   565   666 I commit_sys_config_file: [settings-2-0,3]
09-10 07:35:25.593   565   602 I am_proc_start: [0,2267,10062,com.android.packageinstaller,broadcast,{com.android.packageinstaller/com.android.packageinstaller.common.TemporaryFileManager}]
09-10 07:35:25.627   565  1344 I am_proc_bound: [0,2267,com.android.packageinstaller]
09-10 07:35:25.689  1205  1866 I viewroot_draw_event: [VRI[Taskbar],reportDrawFinished seqId=0]
09-10 07:35:25.707   565  1344 I am_uid_active: 10062
09-10 07:35:25.713   565   601 I am_uid_running: 10147
09-10 07:35:25.716  1111  1111 I gsm_service_state_change: [1,1,0,0]
09-10 07:35:25.716  1111  1111 I gsm_rat_switched_new: [47108,0,11]
09-10 07:35:25.746   565   602 I am_proc_start: [0,2281,10147,com.android.rkpdapp,broadcast,{com.android.rkpdapp/com.android.rkpdapp.BootReceiver}]
09-10 07:35:25.791  1205  1866 I viewroot_draw_event: [VRI[Taskbar],reportDrawFinished seqId=0]
09-10 07:35:25.818   565  2074 I am_proc_bound: [0,2281,com.android.rkpdapp]
09-10 07:35:25.829   565   593 I wm_wallpaper_surface: [0,0,null]
09-10 07:35:25.856   565   839 I netstats_mobile_sample: [0,0,0,0,0,0,0,0,1789025725856]
09-10 07:35:25.856   565   839 I netstats_wifi_sample: [835,1293,6,13,1022,823,7,9,1789025725856]
09-10 07:35:25.891  1205  1205 I viewroot_draw_event: [VRI[QuickstepLauncher],Draw frame after cancel]
09-10 07:35:25.896   565  2074 I am_uid_active: 10147
09-10 07:35:25.897   565   601 I am_uid_running: 2000
09-10 07:35:25.908   565   602 I am_proc_start: [0,2303,2000,com.android.shell,broadcast,{com.android.shell/com.android.shell.HeapDumpReceiver}]
09-10 07:35:25.916  1205  1205 I viewroot_draw_event: [VRI[QuickstepLauncher],reportDrawFinished seqId=0]
09-10 07:35:25.929   565   593 I wm_wallpaper_surface: [0,1,Window{399cadf u0 com.android.launcher3/com.android.launcher3.uioverrides.QuickstepLauncher}]
09-10 07:35:25.955   565   679 I input_focus: [Focus entering 399cadf com.android.launcher3/com.android.launcher3.uioverrides.QuickstepLauncher (server),reason=Window became focusable. Previous reason: NOT_VISIBLE]
09-10 07:35:25.974   565  2074 I am_proc_bound: [0,2303,com.android.shell]
09-10 07:35:26.003   565  1036 I am_uid_active: 2000
09-10 07:35:26.004   565   601 I am_uid_running: 10087
09-10 07:35:26.033   565   602 I am_proc_start: [0,2318,10087,com.android.carrierdefaultapp,broadcast,{com.android.carrierdefaultapp/com.android.carrierdefaultapp.CarrierDefaultBroadcastReceiver}]
09-10 07:35:26.080   565  2074 I am_proc_bound: [0,2318,com.android.carrierdefaultapp]
09-10 07:35:26.105   565   666 I commit_sys_config_file: [settings-2-0,2]
09-10 07:35:26.107   565   666 I commit_sys_config_file: [settings-1-0,2]
09-10 07:35:26.109   565   565 I notification_cancel_all: [10087,2318,com.android.carrierdefaultapp,0,0,32832,9,NULL]
09-10 07:35:26.284   565   879 I ntp_success: [time.android.com/216.239.35.8,497,-97]
09-10 07:35:26.487   565  1344 I am_wtf  : [0,1039,com.android.networkstack.process,680050253,SystemServiceRegistry,No service published for: ethernet]
09-10 07:35:26.496   565   841 I commit_sys_config_file: [net-policy,2]
09-10 07:35:26.822   565   601 I ssm_user_completed_event: [0,2]
09-10 07:35:26.831   565  2356 I liblog  : 63
09-10 07:35:26.831   565  2356 I liblog  : 1
09-10 07:35:26.906   565   666 I commit_sys_config_file: [settings-0-0,23]
09-10 07:35:27.183  2351  2351 I service_manager_slow: [10,window]
09-10 07:35:27.211   565   640 I am_wtf  : [0,1039,com.android.networkstack.process,680050253,SystemServiceRegistry,No service published for: ethernet]
09-10 07:35:27.213  2203  2333 I dvm_lock_sample: [com.android.messaging,0,AsyncTask #6,101,go/retraceme 0f6d98da91b3c4853d6f803be8640fde018056ba9fcaa4b712230220755a1ca7,3,void com.android.messaging.sms.MmsConfig.load(),-,97,void com.android.messaging.sms.MmsConfig.load(),20]
09-10 07:35:27.231   565   839 I netstats_mobile_sample: [0,0,0,0,0,0,0,0,1789025727134]
09-10 07:35:27.232   565   839 I netstats_wifi_sample: [8626,7333,34,54,9615,4895,38,40,1789025727134]
09-10 07:35:27.391   565   666 I commit_sys_config_file: [settings-2-0,3]
09-10 07:35:27.559   565   610 I dvm_lock_sample: [system_server,0,bgres-controller,8,ActivityManagerService.java,19626,boolean com.android.server.am.ActivityManagerService$LocalService.isProfileOwner(int),BroadcastQueueModernImpl.java,450,void com.android.server.am.BroadcastQueueModernImpl.updateRunningList(),1]
09-10 07:35:27.793   565   958 I commit_sys_config_file: [appops_accesses,8]
09-10 07:35:27.930   565   852 I service_manager_stats: [205,371,5026]
09-10 07:35:27.975   565   852 I netstats_mobile_sample: [0,0,0,0,0,0,0,0,1789025727877]
09-10 07:35:27.975   565   852 I netstats_wifi_sample: [10676,10915,47,73,12093,7333,52,52,1789025727877]
09-10 07:35:28.018   565   852 I netstats_mobile_sample: [0,0,0,0,0,0,0,0,1789025727921]
09-10 07:35:28.018   565   852 I netstats_wifi_sample: [10676,10915,47,73,12093,7333,52,52,1789025727921]
09-10 07:35:28.065   565   839 I netstats_mobile_sample: [801,1913,8,12,279,135,2,2,1789025727967]
09-10 07:35:28.065   565   839 I netstats_wifi_sample: [11166,11895,49,77,12093,7333,52,52,1789025727967]
09-10 07:35:28.098   565   839 I netstats_mobile_sample: [2354,2555,18,20,1608,1639,14,12,1789025728000]
09-10 07:35:28.098   565   839 I netstats_wifi_sample: [11166,11895,49,77,13328,7823,57,54,1789025728000]
09-10 07:35:28.105  1039  1039 I auditd  : type=1400 audit(0.0:22): avc:  granted  { read } for  comm="NetworkMonitor/" name="psched" dev="proc" ino=4026532021 scontext=u:r:network_stack:s0 tcontext=u:object_r:proc_net:s0 tclass=file
09-10 07:35:28.105  1039  1039 I auditd  : type=1400 audit(0.0:23): avc:  granted  { read open } for  comm="NetworkMonitor/" path="/proc/1039/net/psched" dev="proc" ino=4026532021 scontext=u:r:network_stack:s0 tcontext=u:object_r:proc_net:s0 tclass=file
09-10 07:35:28.105  1039  1039 I auditd  : type=1400 audit(0.0:24): avc:  granted  { getattr } for  comm="NetworkMonitor/" path="/proc/1039/net/psched" dev="proc" ino=4026532021 scontext=u:r:network_stack:s0 tcontext=u:object_r:proc_net:s0 tclass=file
09-10 07:35:28.128   565   839 I netstats_mobile_sample: [2394,2619,19,21,2935,2265,22,19,1789025728030]
09-10 07:35:28.128   565   839 I netstats_wifi_sample: [11166,11935,49,78,13328,7823,57,54,1789025728030]
09-10 07:35:28.129   565   565 I notification_cancel_all: [10087,2318,com.android.carrierdefaultapp,0,0,32832,9,NULL]
09-10 07:35:28.134   565   565 I notification_cancel_all: [10087,2318,com.android.carrierdefaultapp,0,0,32832,9,NULL]
09-10 07:35:28.171   565  2074 I am_wtf  : [0,1039,com.android.networkstack.process,680050253,SystemServiceRegistry,No service published for: ethernet]
09-10 07:35:28.214   565   841 I commit_sys_config_file: [net-policy,2]
09-10 07:35:28.315   565   601 I am_wtf  : [0,565,system_server,-1,Binder,Outgoing transactions from this process must be FLAG_ONEWAY]
09-10 07:35:28.515   565   666 I commit_sys_config_file: [settings-1-0,1]
09-10 07:35:28.925   565   666 I commit_sys_config_file: [settings-2-0,11]
09-10 07:35:30.101   565   666 I commit_sys_config_file: [settings-2-0,1]
09-10 07:35:30.504   565   667 I am_freeze: [1507,com.android.music]
09-10 07:35:30.517   565   667 I am_compact: [1507,com.android.music,ANON,103220,51712,50868,0,-3072,0,-3072,3200,12,SOME,0,999,19,20,-2644]
09-10 07:35:31.131   565   666 I commit_sys_config_file: [settings-2-0,15]
